INFO-FLOW: Workspace /home/ykim131_588fa26/Desktop/ECE588/ECE588_fa2026_Lab03/part2/vitis.prj/solution1 opened at Wed Oct 07 16:45:45 CDT 2026
Execute       send_msg_by_id INFO @200-1505@%s%s default  vivado 
INFO: [HLS 200-1505] Using default flow_target 'vivado'
Execute       send_msg_by_id INFO @200-435@%s%s 'open_solution -flow_target vivado' config_interface -m_axi_latency=0 
INFO: [HLS 200-435] Setting 'open_solution -flow_target vivado' configuration: config_interface -m_axi_latency=0
Execute       config_interface -m_axi_latency=0 
Command     open_solution done; 0.11 sec.
Execute     set_part xc7z020clg400-1 
INFO: [HLS 200-1510] Running: set_part xc7z020clg400-1 
Execute       create_platform xc7z020clg400-1 -board  
DBG:HLSDevice: Trying to load device library: /apps/Xilinx/Vitis_HLS/2022.2/lib/lnx64.o/libxv_hlsvwrap.so
DBG:HLSDevice: first parts/arch.xml in RDI_DATADIR: /apps/Xilinx/Vivado/2022.2/data/parts/arch.xml
DBG:HLSDevice: init success
INFO: [HLS 200-1611] Setting target device to 'xc7z020-clg400-1'
Command       create_platform done; 0.6 sec.
Execute       source /apps/Xilinx/Vitis_HLS/2022.2/common/technology/xilinx/common/xilinx.gen 
Execute         source /apps/Xilinx/Vitis_HLS/2022.2/common/technology/xilinx/interface/plb46.gen 
Execute         source /apps/Xilinx/Vitis_HLS/2022.2/common/technology/xilinx/interface/axi4.gen 
Execute         source /apps/Xilinx/Vitis_HLS/2022.2/common/technology/xilinx/interface/nativeAXI4.gen 
Execute           source /apps/Xilinx/Vitis_HLS/2022.2/common/technology/xilinx/interface/saxilite.gen 
Execute         source /apps/Xilinx/Vitis_HLS/2022.2/common/technology/xilinx/scripts/xilinxcoregen.gen 
Execute         source /apps/Xilinx/Vitis_HLS/2022.2/common/technology/xilinx/interface/XilEDKCoreGen.gen 
Execute         source /apps/Xilinx/Vitis_HLS/2022.2/common/technology/xilinx/ip/dds_compiler.gen 
Execute         source /apps/Xilinx/Vitis_HLS/2022.2/common/technology/xilinx/ip/util.gen 
Execute         source /apps/Xilinx/Vitis_HLS/2022.2/common/technology/xilinx/ip/xfft.gen 
Execute         source /apps/Xilinx/Vitis_HLS/2022.2/common/technology/xilinx/ip/xfir.gen 
Execute         source /apps/Xilinx/Vitis_HLS/2022.2/common/technology/xilinx/DSP48/dsp48.gen 
Command       ap_source done; 0.12 sec.
Execute       ap_part_info -name xc7z020-clg400-1 -data info 
Execute       config_compile -quiet -complex-mul-dsp=0 
Command     set_part done; 0.73 sec.
Execute     create_clock -period 10 -name default 
INFO: [HLS 200-1510] Running: create_clock -period 10 -name default 
Execute       ap_set_clock -name default -period 10 -default=false 
INFO: [SYN 201-201] Setting up clock 'default' with a period of 10ns.
Execute     config_interface -m_axi_latency 64 
INFO: [HLS 200-1510] Running: config_interface -m_axi_latency 64 
Execute     csynth_design 
INFO: [HLS 200-1510] Running: csynth_design 
Execute       elaborate -effort=medium -skip_syncheck=0 -keep_printf=0 -skip_cdt=0 -skip_transform=0 -ng=0 -g=0 -opt_fp=0 -from_csynth_design=1 
INFO: [HLS 200-111] Finished File checks and directory preparation: CPU user time: 0.01 seconds. CPU system time: 0.01 seconds. Elapsed time: 10.02 seconds; current allocated memory: 281.535 MB.
INFO: [HLS 200-10] Analyzing design file 'conv.cpp' ... 
INFO-FLOW: Compiling one TU...
INFO-FLOW: Handling conv.cpp as C++
Execute         ap_part_info -name xc7z020-clg400-1 -data info 
INFO-FLOW: Running: GCC PP 39
INFO-FLOW: Source preprocessing
Execute         ap_eval exec -ignorestderr /apps/Xilinx/Vitis_HLS/2022.2/lnx64/tools/clang-3.9-csynth/bin/clang conv.cpp -foptimization-record-file=/home/ykim131_588fa26/Desktop/ECE588/ECE588_fa2026_Lab03/part2/vitis.prj/solution1/.autopilot/db/conv.cpp.clang.diag.yml -mllvm -pass-remarks-missed=reflow|pasta|unroll -mllvm -pass-remarks=reflow|pasta|unroll|inline -fno-limit-debug-info -gcc-toolchain /apps/Xilinx/Vitis_HLS/2022.2/tps/lnx64/gcc-8.3.0 -fhls -fno-exceptions -E -fno-math-errno -c -emit-llvm -mllvm -disable-llvm-optzns -Werror=implicit-function-declaration -Werror=implicit-hls-streams -Werror=return-type -Wpragmas -Wunused-parameter -Wdump-hls-pragmas -Wno-error=dump-hls-pragmas -fno-threadsafe-statics -fno-use-cxa-atexit -std=gnu++14 -target fpga64-xilinx-linux-gnu -fno-threadsafe-statics -fno-use-cxa-atexit -D__VITIS_HLS__ -DAESL_SYN -D__SYNTHESIS__ -D__HLS_SYN__ -I /apps/Xilinx/Vitis_HLS/2022.2/common/technology/autopilot -I /apps/Xilinx/Vitis_HLS/2022.2/common/technology/autopilot/ap_sysc -include etc/autopilot_ssdm_op.h -D__DSP48E1__ -I /usr/include/x86_64-linux-gnu -o /home/ykim131_588fa26/Desktop/ECE588/ECE588_fa2026_Lab03/part2/vitis.prj/solution1/.autopilot/db/conv.pp.0.cpp -hls-platform-db-name=/apps/Xilinx/Vitis_HLS/2022.2/common/technology/xilinx/common/platform.db -hls-platform-name=zynq_slow -device-resource-info=BRAM_280.000000_DSP_220.000000_FF_106400.000000_LUT_53200.000000_SLICE_13300.000000_URAM_0.000000 -device-name-info=xc7z020clg400-1 > /home/ykim131_588fa26/Desktop/ECE588/ECE588_fa2026_Lab03/part2/vitis.prj/solution1/.autopilot/db/conv.cpp.clang.out.log 2> /home/ykim131_588fa26/Desktop/ECE588/ECE588_fa2026_Lab03/part2/vitis.prj/solution1/.autopilot/db/conv.cpp.clang.err.log 
Command         ap_eval done; 0.22 sec.
INFO-FLOW: Done: GCC PP 39 time: 0.2 seconds per iteration
Execute         set_directive_top conv -name=conv 
Execute         source /apps/Xilinx/Vitis_HLS/2022.2/tps/tcl/tcllib1.11.1/yaml/huddle.tcl 
Execute         source /apps/Xilinx/Vitis_HLS/2022.2/tps/tcl/tcllib1.11.1/yaml/json2huddle.tcl 
INFO-FLOW: Source syntax check for synthesis
Execute         ap_eval exec -ignorestderr /apps/Xilinx/Vitis_HLS/2022.2/lnx64/tools/clang-3.9-csynth/bin/clang -foptimization-record-file=/home/ykim131_588fa26/Desktop/ECE588/ECE588_fa2026_Lab03/part2/vitis.prj/solution1/.autopilot/db/clang.diag.yml -mllvm -pass-remarks-missed=reflow|pasta|unroll -mllvm -pass-remarks=reflow|pasta|unroll|inline -fsyntax-only -fhls -target fpga64-xilinx-linux-gnu /home/ykim131_588fa26/Desktop/ECE588/ECE588_fa2026_Lab03/part2/vitis.prj/solution1/.autopilot/db/conv.pp.0.cpp -hls-platform-db-name=/apps/Xilinx/Vitis_HLS/2022.2/common/technology/xilinx/common/platform.db -hls-platform-name=zynq_slow -device-resource-info=BRAM_280.000000_DSP_220.000000_FF_106400.000000_LUT_53200.000000_SLICE_13300.000000_URAM_0.000000 -device-name-info=xc7z020clg400-1 > /home/ykim131_588fa26/Desktop/ECE588/ECE588_fa2026_Lab03/part2/vitis.prj/solution1/.autopilot/db/clang.out.log 2> /home/ykim131_588fa26/Desktop/ECE588/ECE588_fa2026_Lab03/part2/vitis.prj/solution1/.autopilot/db/clang.err.log 
Command         ap_eval done; 0.22 sec.
Execute         clang_tidy xilinx-systemc-detector -desc systemc-detector /home/ykim131_588fa26/Desktop/ECE588/ECE588_fa2026_Lab03/part2/vitis.prj/solution1/.autopilot/db/conv.pp.0.cpp std=gnu++14 -target fpga  -directive=/home/ykim131_588fa26/Desktop/ECE588/ECE588_fa2026_Lab03/part2/vitis.prj/solution1/.autopilot/db/.systemc_flag 
INFO-FLOW: exec /apps/Xilinx/Vitis_HLS/2022.2/lnx64/tools/clang-3.9-csynth/bin/clang-tidy -header-filter=.* --checks=-*,xilinx-systemc-detector -import-directive=/home/ykim131_588fa26/Desktop/ECE588/ECE588_fa2026_Lab03/part2/vitis.prj/solution1/.autopilot/db/.systemc_flag -fix-errors /home/ykim131_588fa26/Desktop/ECE588/ECE588_fa2026_Lab03/part2/vitis.prj/solution1/.autopilot/db/conv.pp.0.cpp -- -std=gnu++14 -target fpga -fhls -ferror-limit=0
INFO-FLOW: Running: clang-tidy CDT preprocess 39
Execute         clang_tidy xilinx-directive2pragma -desc directive2pragma /home/ykim131_588fa26/Desktop/ECE588/ECE588_fa2026_Lab03/part2/vitis.prj/solution1/.autopilot/db/conv.pp.0.cpp std=gnu++14 -target fpga  -directive=/home/ykim131_588fa26/Desktop/ECE588/ECE588_fa2026_Lab03/part2/vitis.prj/solution1/.autopilot/db/all.directive.json 
INFO-FLOW: exec /apps/Xilinx/Vitis_HLS/2022.2/lnx64/tools/clang-3.9-csynth/bin/clang-tidy -header-filter=.* --checks=-*,xilinx-directive2pragma -import-directive=/home/ykim131_588fa26/Desktop/ECE588/ECE588_fa2026_Lab03/part2/vitis.prj/solution1/.autopilot/db/all.directive.json -fix-errors /home/ykim131_588fa26/Desktop/ECE588/ECE588_fa2026_Lab03/part2/vitis.prj/solution1/.autopilot/db/conv.pp.0.cpp -- -std=gnu++14 -target fpga -fhls -ferror-limit=0
Execute         clang_tidy xilinx-remove-assert -desc remove-assert /home/ykim131_588fa26/Desktop/ECE588/ECE588_fa2026_Lab03/part2/vitis.prj/solution1/.autopilot/db/conv.pp.0.cpp std=gnu++14 -target fpga  
INFO-FLOW: exec /apps/Xilinx/Vitis_HLS/2022.2/lnx64/tools/clang-3.9-csynth/bin/clang-tidy -header-filter=.* --checks=-*,xilinx-remove-assert -fix-errors /home/ykim131_588fa26/Desktop/ECE588/ECE588_fa2026_Lab03/part2/vitis.prj/solution1/.autopilot/db/conv.pp.0.cpp -- -std=gnu++14 -target fpga -fhls -ferror-limit=0
INFO-FLOW: Done: clang-tidy CDT preprocess 39 time: 0.1 seconds per iteration
INFO-FLOW: Calling xilinx-label-all-loops ... 
INFO-FLOW: Calling xilinx-aggregate-on-hls-vector ... 
Execute         clang_tidy -errorcheck -desc loop-label xilinx-label-all-loops,xilinx-aggregate-on-hls-vector,,xilinx-warn-mayneed-no-ctor-attribute /home/ykim131_588fa26/Desktop/ECE588/ECE588_fa2026_Lab03/part2/vitis.prj/solution1/.autopilot/db/conv.pp.0.cpp std=gnu++14 -target fpga  
Execute           ap_eval exec -ignorestderr /apps/Xilinx/Vitis_HLS/2022.2/lnx64/tools/clang-3.9-csynth/bin/clang-tidy -export-fixes=/home/ykim131_588fa26/Desktop/ECE588/ECE588_fa2026_Lab03/part2/vitis.prj/solution1/.autopilot/db/conv.pp.0.cpp.clang-tidy.loop-label.diag.yml -header-filter=.* --checks=-*,xilinx-label-all-loops,xilinx-aggregate-on-hls-vector,,xilinx-warn-mayneed-no-ctor-attribute -fix-errors /home/ykim131_588fa26/Desktop/ECE588/ECE588_fa2026_Lab03/part2/vitis.prj/solution1/.autopilot/db/conv.pp.0.cpp -- -std=gnu++14 -target fpga -fhls -ferror-limit=0 > /home/ykim131_588fa26/Desktop/ECE588/ECE588_fa2026_Lab03/part2/vitis.prj/solution1/.autopilot/db/conv.pp.0.cpp.clang-tidy.loop-label.out.log 2> /home/ykim131_588fa26/Desktop/ECE588/ECE588_fa2026_Lab03/part2/vitis.prj/solution1/.autopilot/db/conv.pp.0.cpp.clang-tidy.loop-label.err.log 
Execute           source /apps/Xilinx/Vitis_HLS/2022.2/tps/tcl/tcllib1.11.1/yaml/yaml.tcl 
Execute         ap_eval exec -ignorestderr /apps/Xilinx/Vitis_HLS/2022.2/lnx64/tools/clang-3.9-csynth/bin/xilinx-dataflow-lawyer -export-fixes=/home/ykim131_588fa26/Desktop/ECE588/ECE588_fa2026_Lab03/part2/vitis.prj/solution1/.autopilot/db/conv.pp.0.cpp.xilinx-dataflow-lawyer.diag.yml /home/ykim131_588fa26/Desktop/ECE588/ECE588_fa2026_Lab03/part2/vitis.prj/solution1/.autopilot/db/conv.pp.0.cpp -- -std=gnu++14 -target fpga -fhls -ferror-limit=0 -fstrict-dataflow > /home/ykim131_588fa26/Desktop/ECE588/ECE588_fa2026_Lab03/part2/vitis.prj/solution1/.autopilot/db/conv.pp.0.cpp.xilinx-dataflow-lawyer.out.log 2> /home/ykim131_588fa26/Desktop/ECE588/ECE588_fa2026_Lab03/part2/vitis.prj/solution1/.autopilot/db/conv.pp.0.cpp.xilinx-dataflow-lawyer.err.log 
Execute         ap_part_info -name xc7z020-clg400-1 -data info 
INFO-FLOW: compiling source code to llvm bc
Execute         ap_eval exec -ignorestderr /apps/Xilinx/Vitis_HLS/2022.2/lnx64/tools/clang-3.9-csynth/bin/clang -foptimization-record-file=/home/ykim131_588fa26/Desktop/ECE588/ECE588_fa2026_Lab03/part2/vitis.prj/solution1/.autopilot/db/conv.pp.0.cpp.clang.diag.yml -mllvm -pass-remarks-missed=reflow|pasta|unroll -mllvm -pass-remarks=reflow|pasta|unroll|inline -fno-limit-debug-info -fhls -flto -fno-exceptions -Wno-error=c++11-narrowing /home/ykim131_588fa26/Desktop/ECE588/ECE588_fa2026_Lab03/part2/vitis.prj/solution1/.autopilot/db/conv.pp.0.cpp -fno-math-errno -c -emit-llvm -mllvm -disable-llvm-optzns -Werror=implicit-function-declaration -Werror=implicit-hls-streams -Werror=return-type -Wpragmas -Wunused-parameter -Wdump-hls-pragmas -Wno-error=dump-hls-pragmas -fno-threadsafe-statics -fno-use-cxa-atexit -std=gnu++14 -target fpga64-xilinx-linux-gnu -D__VITIS_HLS__ -DAESL_SYN -D__SYNTHESIS__ -D__HLS_SYN__ -I /apps/Xilinx/Vitis_HLS/2022.2/common/technology/autopilot -I /apps/Xilinx/Vitis_HLS/2022.2/common/technology/autopilot/ap_sysc -include etc/autopilot_ssdm_op.h -D__DSP48E1__ -g -o /home/ykim131_588fa26/Desktop/ECE588/ECE588_fa2026_Lab03/part2/vitis.prj/solution1/.autopilot/db/conv.bc -hls-platform-db-name=/apps/Xilinx/Vitis_HLS/2022.2/common/technology/xilinx/common/platform.db -hls-platform-name=zynq_slow -device-resource-info=BRAM_280.000000_DSP_220.000000_FF_106400.000000_LUT_53200.000000_SLICE_13300.000000_URAM_0.000000 -device-name-info=xc7z020clg400-1 > /home/ykim131_588fa26/Desktop/ECE588/ECE588_fa2026_Lab03/part2/vitis.prj/solution1/.autopilot/db/conv.pp.0.cpp.clang.out.log 2> /home/ykim131_588fa26/Desktop/ECE588/ECE588_fa2026_Lab03/part2/vitis.prj/solution1/.autopilot/db/conv.pp.0.cpp.clang.err.log 
Command         ap_eval done; 0.22 sec.
INFO: [HLS 200-111] Finished Source Code Analysis and Preprocessing: CPU user time: 0.49 seconds. CPU system time: 0.44 seconds. Elapsed time: 0.92 seconds; current allocated memory: 281.535 MB.
INFO-FLOW: Linking Debug ...
INFO-FLOW: Linking dut bc code.
Execute         run_link_or_opt -out /home/ykim131_588fa26/Desktop/ECE588/ECE588_fa2026_Lab03/part2/vitis.prj/solution1/.autopilot/db/a.g.ld.0.bc -args  "/home/ykim131_588fa26/Desktop/ECE588/ECE588_fa2026_Lab03/part2/vitis.prj/solution1/.autopilot/db/conv.g.bc"  
Execute           ap_eval exec -ignorestderr /apps/Xilinx/Vitis_HLS/2022.2/lnx64/tools/clang-3.9-csynth/bin/llvm-link /home/ykim131_588fa26/Desktop/ECE588/ECE588_fa2026_Lab03/part2/vitis.prj/solution1/.autopilot/db/conv.g.bc -o /home/ykim131_588fa26/Desktop/ECE588/ECE588_fa2026_Lab03/part2/vitis.prj/solution1/.autopilot/db/a.g.ld.0.bc > /home/ykim131_588fa26/Desktop/ECE588/ECE588_fa2026_Lab03/part2/vitis.prj/solution1/.autopilot/db/a.g.ld.0.bc.llvm-link.out.log 2> /home/ykim131_588fa26/Desktop/ECE588/ECE588_fa2026_Lab03/part2/vitis.prj/solution1/.autopilot/db/a.g.ld.0.bc.llvm-link.err.log 
INFO-FLOW: 
Execute         run_link_or_opt -opt -out /home/ykim131_588fa26/Desktop/ECE588/ECE588_fa2026_Lab03/part2/vitis.prj/solution1/.autopilot/db/a.g.ld.1.lower.bc -args /home/ykim131_588fa26/Desktop/ECE588/ECE588_fa2026_Lab03/part2/vitis.prj/solution1/.autopilot/db/a.g.ld.0.bc -reflow-lower-math-intrinsics 
Execute           ap_eval exec -ignorestderr /apps/Xilinx/Vitis_HLS/2022.2/lnx64/tools/clang-3.9-csynth/bin/opt -pass-remarks-missed=reflow|pasta|unroll -pass-remarks=reflow|pasta|unroll|inline -pass-remarks-output=/home/ykim131_588fa26/Desktop/ECE588/ECE588_fa2026_Lab03/part2/vitis.prj/solution1/.autopilot/db/a.g.ld.1.lower.bc.opt.diag.yml /home/ykim131_588fa26/Desktop/ECE588/ECE588_fa2026_Lab03/part2/vitis.prj/solution1/.autopilot/db/a.g.ld.0.bc -reflow-lower-math-intrinsics -o /home/ykim131_588fa26/Desktop/ECE588/ECE588_fa2026_Lab03/part2/vitis.prj/solution1/.autopilot/db/a.g.ld.1.lower.bc > /home/ykim131_588fa26/Desktop/ECE588/ECE588_fa2026_Lab03/part2/vitis.prj/solution1/.autopilot/db/a.g.ld.1.lower.bc.opt.out.log 2> /home/ykim131_588fa26/Desktop/ECE588/ECE588_fa2026_Lab03/part2/vitis.prj/solution1/.autopilot/db/a.g.ld.1.lower.bc.opt.err.log 
INFO-FLOW: 
INFO-FLOW: Linking math bc lib
Execute         run_link_or_opt -out /home/ykim131_588fa26/Desktop/ECE588/ECE588_fa2026_Lab03/part2/vitis.prj/solution1/.autopilot/db/a.g.ld.2.m1.bc -args /home/ykim131_588fa26/Desktop/ECE588/ECE588_fa2026_Lab03/part2/vitis.prj/solution1/.autopilot/db/a.g.ld.1.lower.bc -only-needed /apps/Xilinx/Vitis_HLS/2022.2/lnx64/lib/libhlsm_39.bc /apps/Xilinx/Vitis_HLS/2022.2/lnx64/lib/libhlsmc++_39.bc 
Execute           ap_eval exec -ignorestderr /apps/Xilinx/Vitis_HLS/2022.2/lnx64/tools/clang-3.9-csynth/bin/llvm-link /home/ykim131_588fa26/Desktop/ECE588/ECE588_fa2026_Lab03/part2/vitis.prj/solution1/.autopilot/db/a.g.ld.1.lower.bc -only-needed /apps/Xilinx/Vitis_HLS/2022.2/lnx64/lib/libhlsm_39.bc /apps/Xilinx/Vitis_HLS/2022.2/lnx64/lib/libhlsmc++_39.bc -o /home/ykim131_588fa26/Desktop/ECE588/ECE588_fa2026_Lab03/part2/vitis.prj/solution1/.autopilot/db/a.g.ld.2.m1.bc > /home/ykim131_588fa26/Desktop/ECE588/ECE588_fa2026_Lab03/part2/vitis.prj/solution1/.autopilot/db/a.g.ld.2.m1.bc.llvm-link.out.log 2> /home/ykim131_588fa26/Desktop/ECE588/ECE588_fa2026_Lab03/part2/vitis.prj/solution1/.autopilot/db/a.g.ld.2.m1.bc.llvm-link.err.log 
Command           ap_eval done; 3.32 sec.
INFO-FLOW: 
Command         run_link_or_opt done; 3.32 sec.
Execute         run_link_or_opt -opt -out /home/ykim131_588fa26/Desktop/ECE588/ECE588_fa2026_Lab03/part2/vitis.prj/solution1/.autopilot/db/a.g.ld.3.fpc.bc -args /home/ykim131_588fa26/Desktop/ECE588/ECE588_fa2026_Lab03/part2/vitis.prj/solution1/.autopilot/db/a.g.ld.2.m1.bc -reflow-globaldce -hls-top-function-name=conv -reflow-float-conversion 
Execute           ap_eval exec -ignorestderr /apps/Xilinx/Vitis_HLS/2022.2/lnx64/tools/clang-3.9-csynth/bin/opt -pass-remarks-missed=reflow|pasta|unroll -pass-remarks=reflow|pasta|unroll|inline -pass-remarks-output=/home/ykim131_588fa26/Desktop/ECE588/ECE588_fa2026_Lab03/part2/vitis.prj/solution1/.autopilot/db/a.g.ld.3.fpc.bc.opt.diag.yml /home/ykim131_588fa26/Desktop/ECE588/ECE588_fa2026_Lab03/part2/vitis.prj/solution1/.autopilot/db/a.g.ld.2.m1.bc -reflow-globaldce -hls-top-function-name=conv -reflow-float-conversion -o /home/ykim131_588fa26/Desktop/ECE588/ECE588_fa2026_Lab03/part2/vitis.prj/solution1/.autopilot/db/a.g.ld.3.fpc.bc > /home/ykim131_588fa26/Desktop/ECE588/ECE588_fa2026_Lab03/part2/vitis.prj/solution1/.autopilot/db/a.g.ld.3.fpc.bc.opt.out.log 2> /home/ykim131_588fa26/Desktop/ECE588/ECE588_fa2026_Lab03/part2/vitis.prj/solution1/.autopilot/db/a.g.ld.3.fpc.bc.opt.err.log 
Command           ap_eval done; 1.2 sec.
INFO-FLOW: 
Command         run_link_or_opt done; 1.2 sec.
Execute         run_link_or_opt -out /home/ykim131_588fa26/Desktop/ECE588/ECE588_fa2026_Lab03/part2/vitis.prj/solution1/.autopilot/db/a.g.ld.4.m2.bc -args /home/ykim131_588fa26/Desktop/ECE588/ECE588_fa2026_Lab03/part2/vitis.prj/solution1/.autopilot/db/a.g.ld.3.fpc.bc -only-needed /apps/Xilinx/Vitis_HLS/2022.2/lnx64/lib/libfloatconversion_39.bc 
Execute           ap_eval exec -ignorestderr /apps/Xilinx/Vitis_HLS/2022.2/lnx64/tools/clang-3.9-csynth/bin/llvm-link /home/ykim131_588fa26/Desktop/ECE588/ECE588_fa2026_Lab03/part2/vitis.prj/solution1/.autopilot/db/a.g.ld.3.fpc.bc -only-needed /apps/Xilinx/Vitis_HLS/2022.2/lnx64/lib/libfloatconversion_39.bc -o /home/ykim131_588fa26/Desktop/ECE588/ECE588_fa2026_Lab03/part2/vitis.prj/solution1/.autopilot/db/a.g.ld.4.m2.bc > /home/ykim131_588fa26/Desktop/ECE588/ECE588_fa2026_Lab03/part2/vitis.prj/solution1/.autopilot/db/a.g.ld.4.m2.bc.llvm-link.out.log 2> /home/ykim131_588fa26/Desktop/ECE588/ECE588_fa2026_Lab03/part2/vitis.prj/solution1/.autopilot/db/a.g.ld.4.m2.bc.llvm-link.err.log 
INFO-FLOW: 
Execute         run_link_or_opt -opt -out /home/ykim131_588fa26/Desktop/ECE588/ECE588_fa2026_Lab03/part2/vitis.prj/solution1/.autopilot/db/a.g.ld.5.gdce.bc -args /home/ykim131_588fa26/Desktop/ECE588/ECE588_fa2026_Lab03/part2/vitis.prj/solution1/.autopilot/db/a.g.ld.4.m2.bc -reflow-globaldce -hls-top-function-name=conv 
Execute           ap_eval exec -ignorestderr /apps/Xilinx/Vitis_HLS/2022.2/lnx64/tools/clang-3.9-csynth/bin/opt -pass-remarks-missed=reflow|pasta|unroll -pass-remarks=reflow|pasta|unroll|inline -pass-remarks-output=/home/ykim131_588fa26/Desktop/ECE588/ECE588_fa2026_Lab03/part2/vitis.prj/solution1/.autopilot/db/a.g.ld.5.gdce.bc.opt.diag.yml /home/ykim131_588fa26/Desktop/ECE588/ECE588_fa2026_Lab03/part2/vitis.prj/solution1/.autopilot/db/a.g.ld.4.m2.bc -reflow-globaldce -hls-top-function-name=conv -o /home/ykim131_588fa26/Desktop/ECE588/ECE588_fa2026_Lab03/part2/vitis.prj/solution1/.autopilot/db/a.g.ld.5.gdce.bc > /home/ykim131_588fa26/Desktop/ECE588/ECE588_fa2026_Lab03/part2/vitis.prj/solution1/.autopilot/db/a.g.ld.5.gdce.bc.opt.out.log 2> /home/ykim131_588fa26/Desktop/ECE588/ECE588_fa2026_Lab03/part2/vitis.prj/solution1/.autopilot/db/a.g.ld.5.gdce.bc.opt.err.log 
INFO-FLOW: 
Execute         send_msg_by_id INFO @200-777@%s Vivado 
INFO: [HLS 200-777] Using interface defaults for 'Vivado' flow target.
Execute         is_m_axi_addr64 
INFO-FLOW: Doing LTO.
Execute         ap_eval exec -ignorestderr /apps/Xilinx/Vitis_HLS/2022.2/lnx64/tools/clang-3.9-csynth/bin/clang -foptimization-record-file=/home/ykim131_588fa26/Desktop/ECE588/ECE588_fa2026_Lab03/part2/vitis.prj/solution1/.autopilot/db/a.g.ld.0.bc.clang.diag.yml -mllvm -pass-remarks-missed=reflow|pasta|unroll -mllvm -pass-remarks=reflow|pasta|unroll|inline -fhls -mllvm -hls-top-function-name=conv -mllvm -hls-db-dir -mllvm /home/ykim131_588fa26/Desktop/ECE588/ECE588_fa2026_Lab03/part2/vitis.prj/solution1/.autopilot/db -emit-llvm -c -target fpga64-xilinx-none -mllvm -xcl-xmlinfo=/home/ykim131_588fa26/Desktop/ECE588/ECE588_fa2026_Lab03/part2/vitis.prj/solution1/.autopilot/db/kernel.internal.xml -mllvm -top-io-mapping-info=/home/ykim131_588fa26/Desktop/ECE588/ECE588_fa2026_Lab03/part2/vitis.prj/solution1/.autopilot/db/top-io-fe.xml -mllvm -hls-bitcode-version=3.1 -mllvm -reflow-enable-slave-interface-default-setting=true -mllvm -gen-kernel-xml=false -mllvm -default-maxi-offset=slave -mllvm -maxi-latency=64 -mllvm -hls-maxi-data-size-in-bits=8 -mllvm -hls-maxi-max-data-size-in-bits=1024 -mllvm -hls-max-widen-size-in-bits=0 -mllvm -xcl-kernel-max-mem-ports=0 -mllvm -maxi-read-trans=16 -mllvm -maxi-write-trans=16 -mllvm -maxi-read-burst-len=16 -mllvm -maxi-write-burst-len=16 -mllvm -reflow-enable-saxi-64bits=0 -mllvm -reflow-basic-block-instr-threshold=200000 -mllvm -reflow-auto-pipeline-threshold=64 -mllvm -reflow-enable-maxi-auto-id-channel=0 -mllvm -assume-maxi-align=1 -mllvm -reflow-pipeline-style-llvm-setting=2 -mllvm -reflow-enable-dataflow-strict-mode-checking=1 -mllvm -reflow-auto-array-partition-mode=default -mllvm -reflow-enable-auto-array-partition=true -mllvm -reflow-enable-auto-parallel-performance-driven=true -mllvm -reflow-enable-partition-for-automation=true -mllvm -reflow-aggregate-bitwidth-threshold=4096 -mllvm -reflow-assume-no-address-wrap=true -mllvm -hls -mllvm -disable-inlined-alloca-merging=true -mllvm -default-clock-period=10 -x ir /home/ykim131_588fa26/Desktop/ECE588/ECE588_fa2026_Lab03/part2/vitis.prj/solution1/.autopilot/db/a.g.ld.5.gdce.bc -o /home/ykim131_588fa26/Desktop/ECE588/ECE588_fa2026_Lab03/part2/vitis.prj/solution1/.autopilot/db/a.g.lto.bc -hls-platform-db-name=/apps/Xilinx/Vitis_HLS/2022.2/common/technology/xilinx/common/platform.db -hls-platform-name=zynq_slow -device-resource-info=BRAM_280.000000_DSP_220.000000_FF_106400.000000_LUT_53200.000000_SLICE_13300.000000_URAM_0.000000 -device-name-info=xc7z020clg400-1 > /home/ykim131_588fa26/Desktop/ECE588/ECE588_fa2026_Lab03/part2/vitis.prj/solution1/.autopilot/db/a.g.ld.0.bc.clang.out.log 2> /home/ykim131_588fa26/Desktop/ECE588/ECE588_fa2026_Lab03/part2/vitis.prj/solution1/.autopilot/db/a.g.ld.0.bc.clang.err.log 
Command         ap_eval done; 0.41 sec.
INFO: [HLS 214-115] Multiple burst writes of length 193600 and bit width 32 in loop 'VITIS_LOOP_28_1'(conv.cpp:28:22) has been inferred on bundle 'mem1'. These burst requests might be further partitioned into multiple requests during RTL generation, based on max_read_burst_length or max_write_burst_length settings. (conv.cpp:28:22)
INFO: [HLS 214-115] Multiple burst reads of length 64 and bit width 32 in loop 'VITIS_LOOP_28_1'(conv.cpp:28:22) has been inferred on bundle 'mem2'. These burst requests might be further partitioned into multiple requests during RTL generation, based on max_read_burst_length or max_write_burst_length settings. (conv.cpp:28:22)
INFO-FLOW: DBG:PUTS: copy_raw_kernel_xml ap_link_39: kernel.xml not generated: /home/ykim131_588fa26/Desktop/ECE588/ECE588_fa2026_Lab03/part2/vitis.prj/solution1/.autopilot/db/kernel.internal.xml
INFO: [HLS 200-111] Finished Compiling Optimization and Transform: CPU user time: 4.63 seconds. CPU system time: 0.63 seconds. Elapsed time: 5.26 seconds; current allocated memory: 281.535 MB.
INFO: [HLS 200-111] Finished Checking Pragmas: CPU user time: 0 seconds. CPU system time: 0 seconds. Elapsed time: 0.01 seconds; current allocated memory: 281.535 MB.
Execute         opt_and_import_c a -opt_level=2 -skip_syncheck=0 -ng=0 -keep_printf=0 
Execute           cleanup_all_models 
INFO: [HLS 200-10] Starting code transformations ...
INFO-FLOW: Running Standard Transforms...
Execute           transform -hls -share-std-xform -demangle-name -inline-byval-memcpy -always-inline -promote-dbg-pointer -interface-preproc -mem2reg -scalarrepl -mem2reg -keep-read-access -instcombine -dce -promote-dbg-pointer -bitop-raise -loop-simplify -indvarspre -indvars -loop-simplify -xunroll -constprop -instcombine -simplifycfg -indvars -simplifycfg -dce -globaldce -basicaa -simplifycfg -mem2reg -globalopt -global-constprop -deadargelim -instcombine -simplifycfg -scalarrepl -instcombine -reassociate -licm -simplifycfg -loop-simplify -indvars -instcombine -simplifycfg -mem2reg -loop-simplify -indvars -instcombine -gvn -gvn -instcombine -adce -break-crit-edges -simplifycfg -loop-delete -global-array-opt -dce -dse -adce -find-syn-modules -top conv -deadargelim -mem2reg -instcombine -dce -presyn-prepare -auto-rom-infer -interface-preproc -syn-check -check-rec-only -find-region -simplifycfg -func-extr -function-inline -globaldce -mem2reg -instcombine -dce -gvn -globaldce -adce -adse -constprop -instcombine -bit-constprop -instcombine -dce -simplifycfg -bitop-raise -simplifycfg -dce -loop-delete -reassociate -globalopt -global-privatize -mem2reg -dce -global-constprop -pointer-simplify -constprop -dce -auto-shift-reg-idiom -promote-dbg-pointer -norm-name /home/ykim131_588fa26/Desktop/ECE588/ECE588_fa2026_Lab03/part2/vitis.prj/solution1/.autopilot/db/a.g.0.bc -o /home/ykim131_588fa26/Desktop/ECE588/ECE588_fa2026_Lab03/part2/vitis.prj/solution1/.autopilot/db/a.g.1.bc -f -phase std-opt 
INFO: [HLS 200-111] Finished Standard Transforms: CPU user time: 0.04 seconds. CPU system time: 0 seconds. Elapsed time: 0.04 seconds; current allocated memory: 281.535 MB.
INFO: [HLS 200-10] Checking synthesizability ...
INFO-FLOW: Checking Synthesizability 1/2..
Execute           transform -hls -syn-check -check-rec-only -scalarrepl -norm-name -dce -mem2reg -instcombine -directive-preproc -mem2reg -dse -dce -auto-rom-infer -dce -pag -array-normalize -instcombine -dce -array-seg-normalize -instcombine -dce -data-pack -instcombine -dce -inst-simplify -array-flatten -instcombine -dce -array-burst -dce -deadargelim -promote-global-argument -simplifycfg -mem2reg -globaldce -dce -deadargelim -dce -instcombine -function-inline -globaldce -dce -doublePtrSimplify -doublePtrElim -dce -doublePtrSimplify -promote-dbg-pointer -dce -scalarrepl -dse -adse -instcombine -ptrLegalization -simplifycfg -dce -instcombine -pointer-simplify -ptrArgReplace -dce -instcombine -resolve-double-ptr -scalarrepl -norm-name -dce -mem2reg -instcombine -ptrLegalization -simplifycfg -deadargelim -instcombine -dce -inst-simplify -directive-preproc -mem2reg -dse -dce -globaldce /home/ykim131_588fa26/Desktop/ECE588/ECE588_fa2026_Lab03/part2/vitis.prj/solution1/.autopilot/db/a.g.1.bc -o /home/ykim131_588fa26/Desktop/ECE588/ECE588_fa2026_Lab03/part2/vitis.prj/solution1/.autopilot/db/a.g.2.prechk.bc -f 
INFO-FLOW: Checking Synthesizability 2/2..
Execute           transform -syn-check /home/ykim131_588fa26/Desktop/ECE588/ECE588_fa2026_Lab03/part2/vitis.prj/solution1/.autopilot/db/a.g.2.prechk.bc -o /home/ykim131_588fa26/Desktop/ECE588/ECE588_fa2026_Lab03/part2/vitis.prj/solution1/.autopilot/db/a.g.2.bc -f -phase syn-check 
INFO: [HLS 200-111] Finished Checking Synthesizability: CPU user time: 0.02 seconds. CPU system time: 0 seconds. Elapsed time: 0.03 seconds; current allocated memory: 281.535 MB.
INFO-FLOW: Compiler optimizing ...
INFO-FLOW: Share syncheck's 1.bc for syn flow: copy /home/ykim131_588fa26/Desktop/ECE588/ECE588_fa2026_Lab03/part2/vitis.prj/solution1/.autopilot/db/a.g.1.bc to /home/ykim131_588fa26/Desktop/ECE588/ECE588_fa2026_Lab03/part2/vitis.prj/solution1/.autopilot/db/a.o.1.bc
INFO-FLOW: Presyn 1...
Execute           transform -hls -tmp /home/ykim131_588fa26/Desktop/ECE588/ECE588_fa2026_Lab03/part2/vitis.prj/solution1/.autopilot/db -interface-port-rename -directive-preproc -mem2reg -dse -dce -scalarrepl -norm-name -deadargelim -mem2reg -instcombine -dce -simplifycfg -auto-rom-infer -dce -resource-proc -clib-intrinsic-prepare -dce -func-buffer -dce -pag -array-normalize -func-legal -instcombine -gvn -constprop -dce -simplifycfg -mem2reg -globaldce -resolve-double-ptr -dce -deadargelim -dce -instcombine -ptrArgReplace -mem2reg -dce -array-seg-normalize -deadargelim -instcombine -dce -directive-preproc -mem2reg -dse -dce -pointer-simplify -dce -port-alignment -dce -interface-preproc -data-pack -instcombine -dce -basicaa -aggr-aa -aggrmodref-aa -aggr-aa -gvn -gvn -basicaa -aggr-aa -aggrmodref-aa -aggr-aa -dse -adse -adce -loop-simplify -indvars -instcombine -gvn -loop-simplify -mem2reg -dce -find-region -instcombine -auto-loop-pipeline -inst-simplify -interface-preproc -cfgopt -instcombine -indvars -auto-loop-unroll -loop-simplify -loop-bound -xunroll -constprop -instcombine -simplifycfg -indvars -simplifycfg -dce -globaldce -clean-region -attach-range -gvn -inst-simplify -constprop -simplifycfg -dce -pointer-simplify -dce -globalopt -constprop -dce -array-promote -scalar-auto-dep-elim -constprop -dce -ptrArgReplace -mem2reg -simplifycfg -dce -instcombine -dce -array-transform-check -array-reshape -instcombine -simplifycfg -dce -ptrArgReplace -deadargelim -mem2reg -instcombine -simplifycfg -dce -indvars -loop-simplify -loop-bound -xunroll -constprop -instcombine -simplifycfg -indvars -simplifycfg -dce -globaldce -basicaa -aggr-aa -aggrmodref-aa -aggr-aa -dse -duplicate-dataflow-processes -globaldce -instcombine -array-partition -prepare-dynamic-array-partition -instcombine -simplifycfg -dce -ptrArgReplace -global-constprop -deadargelim -mem2reg -func-legal -dce -global-constprop -deadargelim -mem2reg -simplifycfg -dce -merge-param -deadargelim -globalopt -constprop -dce -array-promote -scalar-auto-dep-elim -constprop -dce -ptrArgReplace -mem2reg -simplifycfg -dce -mem-intrinsic-preproc -dce -global-internalize -global-privatize -mem2reg -globaldce -promote-global-argument -ptrArgReplace -mem2reg -dce -globalopt -mergereturn -simplify-global-access -mem2reg -dce -pointer-simplify -dce -functionattrs -basicaa -aggr-aa -aggrmodref-aa -aggr-aa -gvn -gvn -basicaa -aggr-aa -aggrmodref-aa -aggr-aa -dse -adse -adce -dce -norm-name -basicaa -aggr-aa -aggrmodref-aa -aggr-aa -accesses-merge -function-inline -complex-op-raise -inst-simplify -globaldce -func-legal -dce -loop-bound -arraycheck -bitwidthmin2 -bitwidthmin2 -on-by-dataflow -loop-delete -instcombine -simplifycfg -globaldce -dce -gvn -deadargelim -dce -loop-simplify -clean-region -simplifycfg -propagate-stable-arguments -loop-stream -instcombine -simplifycfg -dce -globaldce -duplicate-dataflow-processes -stream-intrinsic-preproc -dce -check-ap-stream -loop-simplify -eliminate-keepreads -extract-dataflow-in-loop -loop-simplify -dce -gvn -deadargelim -dse -duplicate-dataflow-processes -check-dataflow-syntax -legalize-stream-variable -globaldce -legalize-global -extract-subproc -dce -dead-channel-elimination -canonicalize-gep -globaldce -dce -gvn -hls-dead-arg-elim -deadargelim -directive-preproc -canonicalize-dataflow -dce -globaldce -scalar-preprocessing -scalar-propagation2 -deadargelim -globaldce -mem2reg -check-dataflow-channels -function-stream -dce -globaldce -prop-fifo-spec -internal-stream-gen -canonicalize-gep -globaldce -dce -gvn -deadargelim -mergereturn -indvars -loop-simplify -instcombine -array-stream -array-seg-normalize -array-partition -func-legal -instcombine -simplifycfg -dce -bundle-memfifo-ops -deadargelim -directive-preproc -mem2reg -dse -dce -group-axi-access -licm -simplifycfg -dce -loop-delete -hls-display -norm-name /home/ykim131_588fa26/Desktop/ECE588/ECE588_fa2026_Lab03/part2/vitis.prj/solution1/.autopilot/db/a.o.1.bc -o /home/ykim131_588fa26/Desktop/ECE588/ECE588_fa2026_Lab03/part2/vitis.prj/solution1/.autopilot/db/a.o.1.tmp.bc -f 
INFO: [XFORM 203-510] Pipelining loop 'VITIS_LOOP_30_3' (conv.cpp:27) in function 'conv' automatically.
INFO: [XFORM 203-510] Pipelining loop 'VITIS_LOOP_47_9' (conv.cpp:37) in function 'conv' automatically.
INFO: [XFORM 203-510] Pipelining loop 'VITIS_LOOP_64_12' (conv.cpp:27) in function 'conv' automatically.
INFO-FLOW: Presyn 2...
Execute           transform -hls -keep-callgraph -scalarrepl -mem2reg -port-alignment -attach-range -dce -pipe-mux-gen -indvars -loop-bound -inst-simplify -instcombine -dce -merge-array-access -mem2reg -dce -clean-region -mergereturn -if-conv -instcombine -dce -constprop -basicaa -aggr-aa -aggrmodref-aa -aggr-aa -gvn -gvn -basicaa -aggr-aa -aggrmodref-aa -aggr-aa -dse -adse -adce -scalarrepl -mem2reg -global-constprop -deadargelim -deadargelim -instcombine -dce -simplifycfg -ptrArgReplace -mem2reg -function-inline -globaldce -mem2reg -instcombine -dce -expr-balance -instcombine -dce -bitwidthmin2 -bitwidthmin2 -interface-preproc -directive-preproc -inst-rectify -instcombine -dce -functionattrs -constprop -instcombine -bit-constprop -simplify-global-access -globalopt -globaldce -inst-simplify -instcombine -elimdeaddata -dce -loop-delete -simplifycfg -loop-simplify -barrier -norm-name /home/ykim131_588fa26/Desktop/ECE588/ECE588_fa2026_Lab03/part2/vitis.prj/solution1/.autopilot/db/a.o.1.tmp.bc -o /home/ykim131_588fa26/Desktop/ECE588/ECE588_fa2026_Lab03/part2/vitis.prj/solution1/.autopilot/db/a.o.2.bc -f -phase presyn 
INFO: [XFORM 203-11] Balancing expressions in function 'conv' (conv.cpp:5)...14 expression(s) balanced.
INFO: [HLS 200-111] Finished Loop, function and other optimizations: CPU user time: 0.12 seconds. CPU system time: 0.02 seconds. Elapsed time: 0.13 seconds; current allocated memory: 345.535 MB.
INFO-FLOW: Building ssdm...
Execute           transform -hls -auto-function-inline -globaldce -ptrArgReplace -mem2reg -dce -reset-lda -loop-simplify -indvars -aggr-aa -licm -loop-dep -loop-bound -licm -loop-simplify -loop-sink-hoist -flattenloopnest -array-flatten -gvn -instcombine -dce -array-map -dce -func-legal -gvn -adce -instcombine -cfgopt -simplifycfg -loop-simplify -array-burst -promote-global-argument -dce -array-seg-normalize -basicaa -aggrmodref-aa -globalsmodref-aa -aggr-aa -gvn -gvn -basicaa -aggrmodref-aa -globalsmodref-aa -aggr-aa -dse -adse -adce -licm -inst-simplify -dce -globaldce -instcombine -array-stream -eliminate-keepreads -instcombine -dce -deadargelim -doublePtrSimplify -doublePtrElim -dce -doublePtrSimplify -promote-dbg-pointer -dce -scalarrepl -mem2reg -norm-name -mem2reg -instcombine -dse -adse -adce -ptrLegalization -dce -auto-rom-infer -array-flatten -dce -instcombine -check-doubleptr -loop-rot -constprop -cfgopt -simplifycfg -loop-simplify -indvars -pointer-simplify -dce -loop-bound -loop-simplify -loop-preproc -constprop -global-constprop -gvn -mem2reg -instcombine -dce -loop-bound -loop-merge -dce -deadargelim -dce -canonicalize-dataflow -dce -deadargelim -globaldce -mem2reg -bram-byte-enable -load-elim -read-loop-dep -loop-simplify -loop-extract-inner -directive-preproc -bitwidthmin2 -bitwidthmin2 -read-loop-dep -interface-preproc -directive-preproc -interface-gen -bram-byte-enable-spec-prop -deadargelim -inst-simplify -dce -gvn -mem2reg -instcombine -dce -adse -loop-bound -instcombine -cfgopt -simplifycfg -loop-simplify -clean-region -io-protocol -find-region -mem2reg -bitop-raise -complex-op-raise -inst-simplify -inst-rectify -instcombine -adce -deadargelim -float-op-raise -loop-simplify -phi-opt -bitop-raise -cfgopt -simplifycfg -strip-dead-prototypes -interface-lower -bitop-lower -intrinsic-lower -auto-function-inline -basicaa -aggrmodref-aa -globalsmodref-aa -aggr-aa -inst-simplify -simplifycfg -loop-simplify -mergereturn -inst-simplify -inst-rectify -dce -load-elim -bitop-lower -float-op-raise -fma-raise -loop-rewind -pointer-simplify -dce -cfgopt -dce -loop-bound -loop-dep -read-loop-dep -dce -dyn-mem-reuse -dce -recurrence-min -dce -share-scalar-alloca -deadargelim -dce -check-stream -norm-name -legalize -validate-dataflow -inst-clarity -bitwidth -dump-loop-dep-to-ir -check-all-ssdm -cdfg-build /home/ykim131_588fa26/Desktop/ECE588/ECE588_fa2026_Lab03/part2/vitis.prj/solution1/.autopilot/db/a.o.2.bc -o /home/ykim131_588fa26/Desktop/ECE588/ECE588_fa2026_Lab03/part2/vitis.prj/solution1/.autopilot/db/a.o.3.bc -f -phase build-ssdm 
INFO: [XFORM 203-541] Flattening a loop nest 'VITIS_LOOP_29_2' (conv.cpp:27:12) in function 'conv'.
WARNING: [HLS 200-960] Cannot flatten loop 'VITIS_LOOP_28_1' (conv.cpp:27:9) in function 'conv' the outer loop is not a perfect loop.
INFO: [XFORM 203-541] Flattening a loop nest 'VITIS_LOOP_46_8' (conv.cpp:37:21) in function 'conv'.
INFO: [XFORM 203-541] Flattening a loop nest 'VITIS_LOOP_42_7' (conv.cpp:37:18) in function 'conv'.
INFO: [XFORM 203-541] Flattening a loop nest 'VITIS_LOOP_40_6' (conv.cpp:37:15) in function 'conv'.
INFO: [XFORM 203-541] Flattening a loop nest 'VITIS_LOOP_39_5' (conv.cpp:37:12) in function 'conv'.
INFO: [XFORM 203-541] Flattening a loop nest 'VITIS_LOOP_38_4' (conv.cpp:37:9) in function 'conv'.
INFO: [XFORM 203-541] Flattening a loop nest 'VITIS_LOOP_63_11' (conv.cpp:27:12) in function 'conv'.
INFO: [XFORM 203-541] Flattening a loop nest 'VITIS_LOOP_62_10' (conv.cpp:27:9) in function 'conv'.
Command           transform done; 0.14 sec.
INFO: [HLS 200-111] Finished Architecture Synthesis: CPU user time: 0.13 seconds. CPU system time: 0.01 seconds. Elapsed time: 0.14 seconds; current allocated memory: 345.535 MB.
INFO-FLOW: Finish building internal data model.
Command         opt_and_import_c done; 0.34 sec.
Command       elaborate done; 6.53 sec.
Execute       ap_eval exec zip -j /home/ykim131_588fa26/Desktop/ECE588/ECE588_fa2026_Lab03/part2/vitis.prj/solution1/.autopilot/db/dut.hcp $dbDir/a.o.3.bc $dbDir/${topname}.rtl_wrap.cfg.tcl $dbDir/apatb_${topname}.cpp $dbDir/apatb_${topname}_util.cpp $dbDir/apatb_${topname}_ir.ll $dbDir/mapper_${topname}.cpp $dbDir/top-io-fe.xml $dbDir/kernel.internal.xml $workdir/../hls.app 
Execute       autosyn -from_csynth_design=1 
INFO: [HLS 200-10] Starting hardware synthesis ...
INFO-FLOW: Synthesizing C/C++ design ...
INFO: [HLS 200-10] Synthesizing 'conv' ...
Execute         ap_set_top_model conv 
Execute         get_model_list conv -filter all-wo-channel -topdown 
Execute         preproc_iomode -model conv 
Execute         preproc_iomode -model conv_Pipeline_VITIS_LOOP_62_10_VITIS_LOOP_63_11_VITIS_LOOP_64_12 
Execute         preproc_iomode -model conv_Pipeline_VITIS_LOOP_38_4_VITIS_LOOP_40_6_VITIS_LOOP_46_8_VITIS_LOOP_47_9 
Execute         preproc_iomode -model conv_Pipeline_VITIS_LOOP_29_2_VITIS_LOOP_30_3 
Execute         get_model_list conv -filter all-wo-channel 
INFO-FLOW: Model list for configure: conv_Pipeline_VITIS_LOOP_29_2_VITIS_LOOP_30_3 conv_Pipeline_VITIS_LOOP_38_4_VITIS_LOOP_40_6_VITIS_LOOP_46_8_VITIS_LOOP_47_9 conv_Pipeline_VITIS_LOOP_62_10_VITIS_LOOP_63_11_VITIS_LOOP_64_12 conv
INFO-FLOW: Configuring Module : conv_Pipeline_VITIS_LOOP_29_2_VITIS_LOOP_30_3 ...
Execute         set_default_model conv_Pipeline_VITIS_LOOP_29_2_VITIS_LOOP_30_3 
Execute         apply_spec_resource_limit conv_Pipeline_VITIS_LOOP_29_2_VITIS_LOOP_30_3 
INFO-FLOW: Configuring Module : conv_Pipeline_VITIS_LOOP_38_4_VITIS_LOOP_40_6_VITIS_LOOP_46_8_VITIS_LOOP_47_9 ...
Execute         set_default_model conv_Pipeline_VITIS_LOOP_38_4_VITIS_LOOP_40_6_VITIS_LOOP_46_8_VITIS_LOOP_47_9 
Execute         apply_spec_resource_limit conv_Pipeline_VITIS_LOOP_38_4_VITIS_LOOP_40_6_VITIS_LOOP_46_8_VITIS_LOOP_47_9 
INFO-FLOW: Configuring Module : conv_Pipeline_VITIS_LOOP_62_10_VITIS_LOOP_63_11_VITIS_LOOP_64_12 ...
Execute         set_default_model conv_Pipeline_VITIS_LOOP_62_10_VITIS_LOOP_63_11_VITIS_LOOP_64_12 
Execute         apply_spec_resource_limit conv_Pipeline_VITIS_LOOP_62_10_VITIS_LOOP_63_11_VITIS_LOOP_64_12 
INFO-FLOW: Configuring Module : conv ...
Execute         set_default_model conv 
Execute         apply_spec_resource_limit conv 
INFO-FLOW: Model list for preprocess: conv_Pipeline_VITIS_LOOP_29_2_VITIS_LOOP_30_3 conv_Pipeline_VITIS_LOOP_38_4_VITIS_LOOP_40_6_VITIS_LOOP_46_8_VITIS_LOOP_47_9 conv_Pipeline_VITIS_LOOP_62_10_VITIS_LOOP_63_11_VITIS_LOOP_64_12 conv
INFO-FLOW: Preprocessing Module: conv_Pipeline_VITIS_LOOP_29_2_VITIS_LOOP_30_3 ...
Execute         set_default_model conv_Pipeline_VITIS_LOOP_29_2_VITIS_LOOP_30_3 
Execute         cdfg_preprocess -model conv_Pipeline_VITIS_LOOP_29_2_VITIS_LOOP_30_3 
Execute         rtl_gen_preprocess conv_Pipeline_VITIS_LOOP_29_2_VITIS_LOOP_30_3 
INFO-FLOW: Preprocessing Module: conv_Pipeline_VITIS_LOOP_38_4_VITIS_LOOP_40_6_VITIS_LOOP_46_8_VITIS_LOOP_47_9 ...
Execute         set_default_model conv_Pipeline_VITIS_LOOP_38_4_VITIS_LOOP_40_6_VITIS_LOOP_46_8_VITIS_LOOP_47_9 
Execute         cdfg_preprocess -model conv_Pipeline_VITIS_LOOP_38_4_VITIS_LOOP_40_6_VITIS_LOOP_46_8_VITIS_LOOP_47_9 
Execute         rtl_gen_preprocess conv_Pipeline_VITIS_LOOP_38_4_VITIS_LOOP_40_6_VITIS_LOOP_46_8_VITIS_LOOP_47_9 
INFO-FLOW: Preprocessing Module: conv_Pipeline_VITIS_LOOP_62_10_VITIS_LOOP_63_11_VITIS_LOOP_64_12 ...
Execute         set_default_model conv_Pipeline_VITIS_LOOP_62_10_VITIS_LOOP_63_11_VITIS_LOOP_64_12 
Execute         cdfg_preprocess -model conv_Pipeline_VITIS_LOOP_62_10_VITIS_LOOP_63_11_VITIS_LOOP_64_12 
Execute         rtl_gen_preprocess conv_Pipeline_VITIS_LOOP_62_10_VITIS_LOOP_63_11_VITIS_LOOP_64_12 
INFO-FLOW: Preprocessing Module: conv ...
Execute         set_default_model conv 
Execute         cdfg_preprocess -model conv 
Execute         rtl_gen_preprocess conv 
INFO-FLOW: Model list for synthesis: conv_Pipeline_VITIS_LOOP_29_2_VITIS_LOOP_30_3 conv_Pipeline_VITIS_LOOP_38_4_VITIS_LOOP_40_6_VITIS_LOOP_46_8_VITIS_LOOP_47_9 conv_Pipeline_VITIS_LOOP_62_10_VITIS_LOOP_63_11_VITIS_LOOP_64_12 conv
INFO: [HLS 200-10] ----------------------------------------------------------------
INFO: [HLS 200-42] -- Implementing module 'conv_Pipeline_VITIS_LOOP_29_2_VITIS_LOOP_30_3' 
INFO: [HLS 200-10] ----------------------------------------------------------------
Execute         set_default_model conv_Pipeline_VITIS_LOOP_29_2_VITIS_LOOP_30_3 
Execute         schedule -model conv_Pipeline_VITIS_LOOP_29_2_VITIS_LOOP_30_3 
INFO: [SCHED 204-11] Starting scheduling ...
INFO: [SCHED 204-61] Pipelining loop 'VITIS_LOOP_29_2_VITIS_LOOP_30_3'.
INFO: [HLS 200-1470] Pipelining result : Target II = NA, Final II = 1, Depth = 2, loop 'VITIS_LOOP_29_2_VITIS_LOOP_30_3'
INFO: [SCHED 204-11] Finished scheduling.
INFO: [HLS 200-111] Finished Scheduling: CPU user time: 0.04 seconds. CPU system time: 0.02 seconds. Elapsed time: 0.06 seconds; current allocated memory: 345.535 MB.
Execute         syn_report -verbosereport -o /home/ykim131_588fa26/Desktop/ECE588/ECE588_fa2026_Lab03/part2/vitis.prj/solution1/.autopilot/db/conv_Pipeline_VITIS_LOOP_29_2_VITIS_LOOP_30_3.verbose.sched.rpt 
Execute           AP::get_flow_target_display_name
Execute         db_write -o /home/ykim131_588fa26/Desktop/ECE588/ECE588_fa2026_Lab03/part2/vitis.prj/solution1/.autopilot/db/conv_Pipeline_VITIS_LOOP_29_2_VITIS_LOOP_30_3.sched.adb -f 
INFO-FLOW: Finish scheduling conv_Pipeline_VITIS_LOOP_29_2_VITIS_LOOP_30_3.
Execute         set_default_model conv_Pipeline_VITIS_LOOP_29_2_VITIS_LOOP_30_3 
Execute         bind -model conv_Pipeline_VITIS_LOOP_29_2_VITIS_LOOP_30_3 
INFO: [BIND 205-100] Starting micro-architecture generation ...
INFO: [BIND 205-101] Performing variable lifetime analysis.
INFO: [BIND 205-101] Exploring resource sharing.
INFO: [BIND 205-101] Binding ...
INFO: [BIND 205-100] Finished micro-architecture generation.
INFO: [HLS 200-111] Finished Binding: CPU user time: 0.02 seconds. CPU system time: 0 seconds. Elapsed time: 0.02 seconds; current allocated memory: 345.535 MB.
Execute         syn_report -verbosereport -o /home/ykim131_588fa26/Desktop/ECE588/ECE588_fa2026_Lab03/part2/vitis.prj/solution1/.autopilot/db/conv_Pipeline_VITIS_LOOP_29_2_VITIS_LOOP_30_3.verbose.bind.rpt 
Execute           AP::get_flow_target_display_name
Execute         db_write -o /home/ykim131_588fa26/Desktop/ECE588/ECE588_fa2026_Lab03/part2/vitis.prj/solution1/.autopilot/db/conv_Pipeline_VITIS_LOOP_29_2_VITIS_LOOP_30_3.bind.adb -f 
INFO-FLOW: Finish binding conv_Pipeline_VITIS_LOOP_29_2_VITIS_LOOP_30_3.
INFO: [HLS 200-10] ----------------------------------------------------------------
INFO: [HLS 200-42] -- Implementing module 'conv_Pipeline_VITIS_LOOP_38_4_VITIS_LOOP_40_6_VITIS_LOOP_46_8_VITIS_LOOP_47_9' 
INFO: [HLS 200-10] ----------------------------------------------------------------
Execute         set_default_model conv_Pipeline_VITIS_LOOP_38_4_VITIS_LOOP_40_6_VITIS_LOOP_46_8_VITIS_LOOP_47_9 
Execute         schedule -model conv_Pipeline_VITIS_LOOP_38_4_VITIS_LOOP_40_6_VITIS_LOOP_46_8_VITIS_LOOP_47_9 
INFO: [SCHED 204-11] Starting scheduling ...
INFO: [HLS 200-486] Changing DSP latency (root=mul_ln53_3) to 3 in order to utilize available DSP registers.
INFO: [HLS 200-486] Changing DSP latency (root=empty) to 3 in order to utilize available DSP registers.
INFO: [HLS 200-486] Changing DSP latency (root=mul_ln53_7) to 3 in order to utilize available DSP registers.
INFO: [HLS 200-486] Changing DSP latency (root=mul_ln37) to 3 in order to utilize available DSP registers.
INFO: [HLS 200-486] Changing DSP latency (root=mul_ln40) to 3 in order to utilize available DSP registers.
INFO: [HLS 200-486] Changing DSP latency (root=mul_ln38) to 3 in order to utilize available DSP registers.
INFO: [HLS 200-486] Changing DSP latency (root=p_mid1205) to 3 in order to utilize available DSP registers.
INFO: [SCHED 204-61] Pipelining loop 'VITIS_LOOP_38_4_VITIS_LOOP_40_6_VITIS_LOOP_46_8_VITIS_LOOP_47_9'.
WARNING: [HLS 200-880] The II Violation in module 'conv_Pipeline_VITIS_LOOP_38_4_VITIS_LOOP_40_6_VITIS_LOOP_46_8_VITIS_LOOP_47_9' (loop 'VITIS_LOOP_38_4_VITIS_LOOP_40_6_VITIS_LOOP_46_8_VITIS_LOOP_47_9'): Unable to enforce a carried dependence constraint (II = 1, distance = 1, offset = 1) between bus response operation ('mem1_addr_3_resp', conv.cpp:53) on port 'mem1' (conv.cpp:53) and bus request operation ('mem1_load_2_req', conv.cpp:53) on port 'mem1' (conv.cpp:53).
WARNING: [HLS 200-880] The II Violation in module 'conv_Pipeline_VITIS_LOOP_38_4_VITIS_LOOP_40_6_VITIS_LOOP_46_8_VITIS_LOOP_47_9' (loop 'VITIS_LOOP_38_4_VITIS_LOOP_40_6_VITIS_LOOP_46_8_VITIS_LOOP_47_9'): Unable to enforce a carried dependence constraint (II = 2, distance = 1, offset = 1) between bus response operation ('mem1_addr_3_resp', conv.cpp:53) on port 'mem1' (conv.cpp:53) and bus request operation ('mem1_load_2_req', conv.cpp:53) on port 'mem1' (conv.cpp:53).
WARNING: [HLS 200-880] The II Violation in module 'conv_Pipeline_VITIS_LOOP_38_4_VITIS_LOOP_40_6_VITIS_LOOP_46_8_VITIS_LOOP_47_9' (loop 'VITIS_LOOP_38_4_VITIS_LOOP_40_6_VITIS_LOOP_46_8_VITIS_LOOP_47_9'): Unable to enforce a carried dependence constraint (II = 3, distance = 1, offset = 1) between bus response operation ('mem1_addr_3_resp', conv.cpp:53) on port 'mem1' (conv.cpp:53) and bus request operation ('mem1_load_2_req', conv.cpp:53) on port 'mem1' (conv.cpp:53).
WARNING: [HLS 200-880] The II Violation in module 'conv_Pipeline_VITIS_LOOP_38_4_VITIS_LOOP_40_6_VITIS_LOOP_46_8_VITIS_LOOP_47_9' (loop 'VITIS_LOOP_38_4_VITIS_LOOP_40_6_VITIS_LOOP_46_8_VITIS_LOOP_47_9'): Unable to enforce a carried dependence constraint (II = 4, distance = 1, offset = 1) between bus response operation ('mem1_addr_3_resp', conv.cpp:53) on port 'mem1' (conv.cpp:53) and bus request operation ('mem1_load_2_req', conv.cpp:53) on port 'mem1' (conv.cpp:53).
WARNING: [HLS 200-880] The II Violation in module 'conv_Pipeline_VITIS_LOOP_38_4_VITIS_LOOP_40_6_VITIS_LOOP_46_8_VITIS_LOOP_47_9' (loop 'VITIS_LOOP_38_4_VITIS_LOOP_40_6_VITIS_LOOP_46_8_VITIS_LOOP_47_9'): Unable to enforce a carried dependence constraint (II = 130, distance = 1, offset = 1) between bus response operation ('mem1_addr_3_resp', conv.cpp:53) on port 'mem1' (conv.cpp:53) and bus request operation ('mem1_load_2_req', conv.cpp:53) on port 'mem1' (conv.cpp:53).
WARNING: [HLS 200-880] The II Violation in module 'conv_Pipeline_VITIS_LOOP_38_4_VITIS_LOOP_40_6_VITIS_LOOP_46_8_VITIS_LOOP_47_9' (loop 'VITIS_LOOP_38_4_VITIS_LOOP_40_6_VITIS_LOOP_46_8_VITIS_LOOP_47_9'): Unable to enforce a carried dependence constraint (II = 137, distance = 1, offset = 1) between bus response operation ('mem1_addr_3_resp', conv.cpp:53) on port 'mem1' (conv.cpp:53) and bus request operation ('mem1_load_2_req', conv.cpp:53) on port 'mem1' (conv.cpp:53).
WARNING: [HLS 200-880] The II Violation in module 'conv_Pipeline_VITIS_LOOP_38_4_VITIS_LOOP_40_6_VITIS_LOOP_46_8_VITIS_LOOP_47_9' (loop 'VITIS_LOOP_38_4_VITIS_LOOP_40_6_VITIS_LOOP_46_8_VITIS_LOOP_47_9'): Unable to enforce a carried dependence constraint (II = 141, distance = 1, offset = 1) between bus response operation ('mem1_addr_3_resp', conv.cpp:53) on port 'mem1' (conv.cpp:53) and bus request operation ('mem1_load_2_req', conv.cpp:53) on port 'mem1' (conv.cpp:53).
WARNING: [HLS 200-880] The II Violation in module 'conv_Pipeline_VITIS_LOOP_38_4_VITIS_LOOP_40_6_VITIS_LOOP_46_8_VITIS_LOOP_47_9' (loop 'VITIS_LOOP_38_4_VITIS_LOOP_40_6_VITIS_LOOP_46_8_VITIS_LOOP_47_9'): Unable to enforce a carried dependence constraint (II = 143, distance = 1, offset = 1) between bus response operation ('mem1_addr_3_resp', conv.cpp:53) on port 'mem1' (conv.cpp:53) and bus request operation ('mem1_load_2_req', conv.cpp:53) on port 'mem1' (conv.cpp:53).
WARNING: [HLS 200-880] The II Violation in module 'conv_Pipeline_VITIS_LOOP_38_4_VITIS_LOOP_40_6_VITIS_LOOP_46_8_VITIS_LOOP_47_9' (loop 'VITIS_LOOP_38_4_VITIS_LOOP_40_6_VITIS_LOOP_46_8_VITIS_LOOP_47_9'): Unable to enforce a carried dependence constraint (II = 144, distance = 1, offset = 1) between bus response operation ('mem1_addr_3_resp', conv.cpp:53) on port 'mem1' (conv.cpp:53) and bus request operation ('mem1_load_2_req', conv.cpp:53) on port 'mem1' (conv.cpp:53).
INFO: [HLS 200-1470] Pipelining result : Target II = NA, Final II = 145, Depth = 159, loop 'VITIS_LOOP_38_4_VITIS_LOOP_40_6_VITIS_LOOP_46_8_VITIS_LOOP_47_9'
INFO: [SCHED 204-11] Finished scheduling.
Command         schedule done; 0.8 sec.
INFO: [HLS 200-111] Finished Scheduling: CPU user time: 0.79 seconds. CPU system time: 0.02 seconds. Elapsed time: 0.82 seconds; current allocated memory: 345.535 MB.
Execute         syn_report -verbosereport -o /home/ykim131_588fa26/Desktop/ECE588/ECE588_fa2026_Lab03/part2/vitis.prj/solution1/.autopilot/db/conv_Pipeline_VITIS_LOOP_38_4_VITIS_LOOP_40_6_VITIS_LOOP_46_8_VITIS_LOOP_47_9.verbose.sched.rpt 
Execute           AP::get_flow_target_display_name
Command         syn_report done; 0.56 sec.
Execute         db_write -o /home/ykim131_588fa26/Desktop/ECE588/ECE588_fa2026_Lab03/part2/vitis.prj/solution1/.autopilot/db/conv_Pipeline_VITIS_LOOP_38_4_VITIS_LOOP_40_6_VITIS_LOOP_46_8_VITIS_LOOP_47_9.sched.adb -f 
INFO-FLOW: Finish scheduling conv_Pipeline_VITIS_LOOP_38_4_VITIS_LOOP_40_6_VITIS_LOOP_46_8_VITIS_LOOP_47_9.
Execute         set_default_model conv_Pipeline_VITIS_LOOP_38_4_VITIS_LOOP_40_6_VITIS_LOOP_46_8_VITIS_LOOP_47_9 
Execute         bind -model conv_Pipeline_VITIS_LOOP_38_4_VITIS_LOOP_40_6_VITIS_LOOP_46_8_VITIS_LOOP_47_9 
INFO: [BIND 205-100] Starting micro-architecture generation ...
INFO: [BIND 205-101] Performing variable lifetime analysis.
INFO: [BIND 205-101] Exploring resource sharing.
INFO: [BIND 205-101] Binding ...
INFO: [BIND 205-100] Finished micro-architecture generation.
Command         bind done; 0.42 sec.
INFO: [HLS 200-111] Finished Binding: CPU user time: 1 seconds. CPU system time: 0.01 seconds. Elapsed time: 1 seconds; current allocated memory: 345.535 MB.
Execute         syn_report -verbosereport -o /home/ykim131_588fa26/Desktop/ECE588/ECE588_fa2026_Lab03/part2/vitis.prj/solution1/.autopilot/db/conv_Pipeline_VITIS_LOOP_38_4_VITIS_LOOP_40_6_VITIS_LOOP_46_8_VITIS_LOOP_47_9.verbose.bind.rpt 
Execute           AP::get_flow_target_display_name
Command         syn_report done; 0.57 sec.
Execute         db_write -o /home/ykim131_588fa26/Desktop/ECE588/ECE588_fa2026_Lab03/part2/vitis.prj/solution1/.autopilot/db/conv_Pipeline_VITIS_LOOP_38_4_VITIS_LOOP_40_6_VITIS_LOOP_46_8_VITIS_LOOP_47_9.bind.adb -f 
INFO-FLOW: Finish binding conv_Pipeline_VITIS_LOOP_38_4_VITIS_LOOP_40_6_VITIS_LOOP_46_8_VITIS_LOOP_47_9.
INFO: [HLS 200-10] ----------------------------------------------------------------
INFO: [HLS 200-42] -- Implementing module 'conv_Pipeline_VITIS_LOOP_62_10_VITIS_LOOP_63_11_VITIS_LOOP_64_12' 
INFO: [HLS 200-10] ----------------------------------------------------------------
Execute         set_default_model conv_Pipeline_VITIS_LOOP_62_10_VITIS_LOOP_63_11_VITIS_LOOP_64_12 
Execute         schedule -model conv_Pipeline_VITIS_LOOP_62_10_VITIS_LOOP_63_11_VITIS_LOOP_64_12 
INFO: [SCHED 204-11] Starting scheduling ...
INFO: [HLS 200-486] Changing DSP latency (root=mul_ln62) to 3 in order to utilize available DSP registers.
INFO: [SCHED 204-61] Pipelining loop 'VITIS_LOOP_62_10_VITIS_LOOP_63_11_VITIS_LOOP_64_12'.
INFO: [HLS 200-1470] Pipelining result : Target II = NA, Final II = 1, Depth = 149, loop 'VITIS_LOOP_62_10_VITIS_LOOP_63_11_VITIS_LOOP_64_12'
INFO: [SCHED 204-11] Finished scheduling.
Command         schedule done; 0.33 sec.
INFO: [HLS 200-111] Finished Scheduling: CPU user time: 0.93 seconds. CPU system time: 0.01 seconds. Elapsed time: 0.94 seconds; current allocated memory: 345.535 MB.
Execute         syn_report -verbosereport -o /home/ykim131_588fa26/Desktop/ECE588/ECE588_fa2026_Lab03/part2/vitis.prj/solution1/.autopilot/db/conv_Pipeline_VITIS_LOOP_62_10_VITIS_LOOP_63_11_VITIS_LOOP_64_12.verbose.sched.rpt 
Execute           AP::get_flow_target_display_name
Command         syn_report done; 0.45 sec.
Execute         db_write -o /home/ykim131_588fa26/Desktop/ECE588/ECE588_fa2026_Lab03/part2/vitis.prj/solution1/.autopilot/db/conv_Pipeline_VITIS_LOOP_62_10_VITIS_LOOP_63_11_VITIS_LOOP_64_12.sched.adb -f 
INFO-FLOW: Finish scheduling conv_Pipeline_VITIS_LOOP_62_10_VITIS_LOOP_63_11_VITIS_LOOP_64_12.
Execute         set_default_model conv_Pipeline_VITIS_LOOP_62_10_VITIS_LOOP_63_11_VITIS_LOOP_64_12 
Execute         bind -model conv_Pipeline_VITIS_LOOP_62_10_VITIS_LOOP_63_11_VITIS_LOOP_64_12 
INFO: [BIND 205-100] Starting micro-architecture generation ...
INFO: [BIND 205-101] Performing variable lifetime analysis.
INFO: [BIND 205-101] Exploring resource sharing.
INFO: [BIND 205-101] Binding ...
INFO: [BIND 205-100] Finished micro-architecture generation.
Command         bind done; 0.3 sec.
INFO: [HLS 200-111] Finished Binding: CPU user time: 0.75 seconds. CPU system time: 0 seconds. Elapsed time: 0.75 seconds; current allocated memory: 345.535 MB.
Execute         syn_report -verbosereport -o /home/ykim131_588fa26/Desktop/ECE588/ECE588_fa2026_Lab03/part2/vitis.prj/solution1/.autopilot/db/conv_Pipeline_VITIS_LOOP_62_10_VITIS_LOOP_63_11_VITIS_LOOP_64_12.verbose.bind.rpt 
Execute           AP::get_flow_target_display_name
Command         syn_report done; 0.2 sec.
Execute         db_write -o /home/ykim131_588fa26/Desktop/ECE588/ECE588_fa2026_Lab03/part2/vitis.prj/solution1/.autopilot/db/conv_Pipeline_VITIS_LOOP_62_10_VITIS_LOOP_63_11_VITIS_LOOP_64_12.bind.adb -f 
INFO-FLOW: Finish binding conv_Pipeline_VITIS_LOOP_62_10_VITIS_LOOP_63_11_VITIS_LOOP_64_12.
INFO: [HLS 200-10] ----------------------------------------------------------------
INFO: [HLS 200-42] -- Implementing module 'conv' 
INFO: [HLS 200-10] ----------------------------------------------------------------
Execute         set_default_model conv 
Execute         schedule -model conv 
INFO: [SCHED 204-11] Starting scheduling ...
INFO: [SCHED 204-11] Finished scheduling.
Command         schedule done; 0.27 sec.
INFO: [HLS 200-111] Finished Scheduling: CPU user time: 0.48 seconds. CPU system time: 0 seconds. Elapsed time: 0.49 seconds; current allocated memory: 345.535 MB.
Execute         syn_report -verbosereport -o /home/ykim131_588fa26/Desktop/ECE588/ECE588_fa2026_Lab03/part2/vitis.prj/solution1/.autopilot/db/conv.verbose.sched.rpt 
Execute           AP::get_flow_target_display_name
Command         syn_report done; 0.43 sec.
Execute         db_write -o /home/ykim131_588fa26/Desktop/ECE588/ECE588_fa2026_Lab03/part2/vitis.prj/solution1/.autopilot/db/conv.sched.adb -f 
INFO-FLOW: Finish scheduling conv.
Execute         set_default_model conv 
Execute         bind -model conv 
INFO: [BIND 205-100] Starting micro-architecture generation ...
INFO: [BIND 205-101] Performing variable lifetime analysis.
INFO: [BIND 205-101] Exploring resource sharing.
INFO: [BIND 205-101] Binding ...
INFO: [BIND 205-100] Finished micro-architecture generation.
Command         bind done; 0.43 sec.
INFO: [HLS 200-111] Finished Binding: CPU user time: 0.85 seconds. CPU system time: 0.01 seconds. Elapsed time: 0.86 seconds; current allocated memory: 345.535 MB.
Execute         syn_report -verbosereport -o /home/ykim131_588fa26/Desktop/ECE588/ECE588_fa2026_Lab03/part2/vitis.prj/solution1/.autopilot/db/conv.verbose.bind.rpt 
Execute           AP::get_flow_target_display_name
Command         syn_report done; 0.56 sec.
Execute         db_write -o /home/ykim131_588fa26/Desktop/ECE588/ECE588_fa2026_Lab03/part2/vitis.prj/solution1/.autopilot/db/conv.bind.adb -f 
INFO-FLOW: Finish binding conv.
Execute         get_model_list conv -filter all-wo-channel 
INFO-FLOW: Preprocessing for RTLGen ...
Execute         rtl_gen_preprocess conv_Pipeline_VITIS_LOOP_29_2_VITIS_LOOP_30_3 
Execute         rtl_gen_preprocess conv_Pipeline_VITIS_LOOP_38_4_VITIS_LOOP_40_6_VITIS_LOOP_46_8_VITIS_LOOP_47_9 
Execute         rtl_gen_preprocess conv_Pipeline_VITIS_LOOP_62_10_VITIS_LOOP_63_11_VITIS_LOOP_64_12 
Execute         rtl_gen_preprocess conv 
INFO-FLOW: Model list for RTL generation: conv_Pipeline_VITIS_LOOP_29_2_VITIS_LOOP_30_3 conv_Pipeline_VITIS_LOOP_38_4_VITIS_LOOP_40_6_VITIS_LOOP_46_8_VITIS_LOOP_47_9 conv_Pipeline_VITIS_LOOP_62_10_VITIS_LOOP_63_11_VITIS_LOOP_64_12 conv
INFO: [HLS 200-10] ----------------------------------------------------------------
INFO: [HLS 200-10] -- Generating RTL for module 'conv_Pipeline_VITIS_LOOP_29_2_VITIS_LOOP_30_3' 
INFO: [HLS 200-10] ----------------------------------------------------------------
Execute         create_rtl_model conv_Pipeline_VITIS_LOOP_29_2_VITIS_LOOP_30_3 -top_prefix conv_ -sub_prefix conv_ -mg_file /home/ykim131_588fa26/Desktop/ECE588/ECE588_fa2026_Lab03/part2/vitis.prj/solution1/.autopilot/db/conv_Pipeline_VITIS_LOOP_29_2_VITIS_LOOP_30_3.compgen.tcl 
INFO: [HLS 200-1030] Apply Unified Pipeline Control on module 'conv_Pipeline_VITIS_LOOP_29_2_VITIS_LOOP_30_3' pipeline 'VITIS_LOOP_29_2_VITIS_LOOP_30_3' pipeline type 'loop pipeline'
WARNING: [RTGEN 206-101] Setting dangling out port 'conv_Pipeline_VITIS_LOOP_29_2_VITIS_LOOP_30_3/m_axi_mem1_AWVALID' to 0.
WARNING: [RTGEN 206-101] Setting dangling out port 'conv_Pipeline_VITIS_LOOP_29_2_VITIS_LOOP_30_3/m_axi_mem1_AWADDR' to 0.
WARNING: [RTGEN 206-101] Setting dangling out port 'conv_Pipeline_VITIS_LOOP_29_2_VITIS_LOOP_30_3/m_axi_mem1_AWID' to 0.
WARNING: [RTGEN 206-101] Setting dangling out port 'conv_Pipeline_VITIS_LOOP_29_2_VITIS_LOOP_30_3/m_axi_mem1_AWLEN' to 0.
WARNING: [RTGEN 206-101] Setting dangling out port 'conv_Pipeline_VITIS_LOOP_29_2_VITIS_LOOP_30_3/m_axi_mem1_AWSIZE' to 0.
WARNING: [RTGEN 206-101] Setting dangling out port 'conv_Pipeline_VITIS_LOOP_29_2_VITIS_LOOP_30_3/m_axi_mem1_AWBURST' to 0.
WARNING: [RTGEN 206-101] Setting dangling out port 'conv_Pipeline_VITIS_LOOP_29_2_VITIS_LOOP_30_3/m_axi_mem1_AWLOCK' to 0.
WARNING: [RTGEN 206-101] Setting dangling out port 'conv_Pipeline_VITIS_LOOP_29_2_VITIS_LOOP_30_3/m_axi_mem1_AWCACHE' to 0.
WARNING: [RTGEN 206-101] Setting dangling out port 'conv_Pipeline_VITIS_LOOP_29_2_VITIS_LOOP_30_3/m_axi_mem1_AWPROT' to 0.
WARNING: [RTGEN 206-101] Setting dangling out port 'conv_Pipeline_VITIS_LOOP_29_2_VITIS_LOOP_30_3/m_axi_mem1_AWQOS' to 0.
WARNING: [RTGEN 206-101] Setting dangling out port 'conv_Pipeline_VITIS_LOOP_29_2_VITIS_LOOP_30_3/m_axi_mem1_AWREGION' to 0.
WARNING: [RTGEN 206-101] Setting dangling out port 'conv_Pipeline_VITIS_LOOP_29_2_VITIS_LOOP_30_3/m_axi_mem1_AWUSER' to 0.
WARNING: [RTGEN 206-101] Setting dangling out port 'conv_Pipeline_VITIS_LOOP_29_2_VITIS_LOOP_30_3/m_axi_mem1_BREADY' to 0.
INFO: [RTGEN 206-100] Finished creating RTL model for 'conv_Pipeline_VITIS_LOOP_29_2_VITIS_LOOP_30_3'.
INFO: [HLS 200-111] Finished Creating RTL model: CPU user time: 0.6 seconds. CPU system time: 0.01 seconds. Elapsed time: 0.61 seconds; current allocated memory: 345.535 MB.
Execute         source /home/ykim131_588fa26/Desktop/ECE588/ECE588_fa2026_Lab03/part2/vitis.prj/solution1/.autopilot/db/conv.rtl_wrap.cfg.tcl 
Execute         gen_rtl conv_Pipeline_VITIS_LOOP_29_2_VITIS_LOOP_30_3 -style xilinx -f -lang vhdl -o /home/ykim131_588fa26/Desktop/ECE588/ECE588_fa2026_Lab03/part2/vitis.prj/solution1/syn/vhdl/conv_conv_Pipeline_VITIS_LOOP_29_2_VITIS_LOOP_30_3 
Execute         gen_rtl conv_Pipeline_VITIS_LOOP_29_2_VITIS_LOOP_30_3 -style xilinx -f -lang vlog -o /home/ykim131_588fa26/Desktop/ECE588/ECE588_fa2026_Lab03/part2/vitis.prj/solution1/syn/verilog/conv_conv_Pipeline_VITIS_LOOP_29_2_VITIS_LOOP_30_3 
Execute         syn_report -csynth -model conv_Pipeline_VITIS_LOOP_29_2_VITIS_LOOP_30_3 -o /home/ykim131_588fa26/Desktop/ECE588/ECE588_fa2026_Lab03/part2/vitis.prj/solution1/syn/report/conv_Pipeline_VITIS_LOOP_29_2_VITIS_LOOP_30_3_csynth.rpt 
Execute           AP::get_flow_target_display_name
Execute         syn_report -rtlxml -model conv_Pipeline_VITIS_LOOP_29_2_VITIS_LOOP_30_3 -o /home/ykim131_588fa26/Desktop/ECE588/ECE588_fa2026_Lab03/part2/vitis.prj/solution1/syn/report/conv_Pipeline_VITIS_LOOP_29_2_VITIS_LOOP_30_3_csynth.xml 
Execute         syn_report -verbosereport -model conv_Pipeline_VITIS_LOOP_29_2_VITIS_LOOP_30_3 -o /home/ykim131_588fa26/Desktop/ECE588/ECE588_fa2026_Lab03/part2/vitis.prj/solution1/.autopilot/db/conv_Pipeline_VITIS_LOOP_29_2_VITIS_LOOP_30_3.verbose.rpt 
Execute           AP::get_flow_target_display_name
Execute         db_write -model conv_Pipeline_VITIS_LOOP_29_2_VITIS_LOOP_30_3 -f -o /home/ykim131_588fa26/Desktop/ECE588/ECE588_fa2026_Lab03/part2/vitis.prj/solution1/.autopilot/db/conv_Pipeline_VITIS_LOOP_29_2_VITIS_LOOP_30_3.adb 
Execute         db_write -model conv_Pipeline_VITIS_LOOP_29_2_VITIS_LOOP_30_3 -bindview -o /home/ykim131_588fa26/Desktop/ECE588/ECE588_fa2026_Lab03/part2/vitis.prj/solution1/.autopilot/db/design.bindinfo.xml 
Execute         gen_tb_info conv_Pipeline_VITIS_LOOP_29_2_VITIS_LOOP_30_3 -p /home/ykim131_588fa26/Desktop/ECE588/ECE588_fa2026_Lab03/part2/vitis.prj/solution1/.autopilot/db -o /home/ykim131_588fa26/Desktop/ECE588/ECE588_fa2026_Lab03/part2/vitis.prj/solution1/.autopilot/db/conv_Pipeline_VITIS_LOOP_29_2_VITIS_LOOP_30_3 
INFO: [HLS 200-10] ----------------------------------------------------------------
INFO: [HLS 200-10] -- Generating RTL for module 'conv_Pipeline_VITIS_LOOP_38_4_VITIS_LOOP_40_6_VITIS_LOOP_46_8_VITIS_LOOP_47_9' 
INFO: [HLS 200-10] ----------------------------------------------------------------
Execute         create_rtl_model conv_Pipeline_VITIS_LOOP_38_4_VITIS_LOOP_40_6_VITIS_LOOP_46_8_VITIS_LOOP_47_9 -top_prefix conv_ -sub_prefix conv_ -mg_file /home/ykim131_588fa26/Desktop/ECE588/ECE588_fa2026_Lab03/part2/vitis.prj/solution1/.autopilot/db/conv_Pipeline_VITIS_LOOP_38_4_VITIS_LOOP_40_6_VITIS_LOOP_46_8_VITIS_LOOP_47_9.compgen.tcl 
INFO: [HLS 200-1030] Apply Unified Pipeline Control on module 'conv_Pipeline_VITIS_LOOP_38_4_VITIS_LOOP_40_6_VITIS_LOOP_46_8_VITIS_LOOP_47_9' pipeline 'VITIS_LOOP_38_4_VITIS_LOOP_40_6_VITIS_LOOP_46_8_VITIS_LOOP_47_9' pipeline type 'loop pipeline'
INFO: [RTGEN 206-100] Generating core module 'fadd_32ns_32ns_32_5_full_dsp_1': 1 instance(s).
INFO: [RTGEN 206-100] Generating core module 'fmul_32ns_32ns_32_4_max_dsp_1': 1 instance(s).
INFO: [RTGEN 206-100] Generating core module 'mul_2ns_10ns_11_1_1': 2 instance(s).
INFO: [RTGEN 206-100] Generating core module 'mul_2ns_19ns_20_1_1': 2 instance(s).
INFO: [RTGEN 206-100] Generating core module 'mul_4ns_7ns_9_1_1': 2 instance(s).
INFO: [RTGEN 206-100] Generating core module 'mul_6ns_9ns_14_1_1': 2 instance(s).
INFO: [RTGEN 206-100] Generating core module 'mul_mul_7ns_11ns_18_4_1': 1 instance(s).
INFO: [RTGEN 206-100] Generating core module 'mul_mul_7ns_14ns_21_4_1': 2 instance(s).
INFO: [RTGEN 206-100] Generating core module 'mul_mul_9s_10ns_19_4_1': 4 instance(s).
INFO: [RTGEN 206-100] Finished creating RTL model for 'conv_Pipeline_VITIS_LOOP_38_4_VITIS_LOOP_40_6_VITIS_LOOP_46_8_VITIS_LOOP_47_9'.
Command         create_rtl_model done; 0.15 sec.
INFO: [HLS 200-111] Finished Creating RTL model: CPU user time: 0.18 seconds. CPU system time: 0.03 seconds. Elapsed time: 0.21 seconds; current allocated memory: 345.535 MB.
Execute         source /home/ykim131_588fa26/Desktop/ECE588/ECE588_fa2026_Lab03/part2/vitis.prj/solution1/.autopilot/db/conv.rtl_wrap.cfg.tcl 
Execute         gen_rtl conv_Pipeline_VITIS_LOOP_38_4_VITIS_LOOP_40_6_VITIS_LOOP_46_8_VITIS_LOOP_47_9 -style xilinx -f -lang vhdl -o /home/ykim131_588fa26/Desktop/ECE588/ECE588_fa2026_Lab03/part2/vitis.prj/solution1/syn/vhdl/conv_conv_Pipeline_VITIS_LOOP_38_4_VITIS_LOOP_40_6_VITIS_LOOP_46_8_VITIS_LOOP_47_9 
Execute         gen_rtl conv_Pipeline_VITIS_LOOP_38_4_VITIS_LOOP_40_6_VITIS_LOOP_46_8_VITIS_LOOP_47_9 -style xilinx -f -lang vlog -o /home/ykim131_588fa26/Desktop/ECE588/ECE588_fa2026_Lab03/part2/vitis.prj/solution1/syn/verilog/conv_conv_Pipeline_VITIS_LOOP_38_4_VITIS_LOOP_40_6_VITIS_LOOP_46_8_VITIS_LOOP_47_9 
Execute         syn_report -csynth -model conv_Pipeline_VITIS_LOOP_38_4_VITIS_LOOP_40_6_VITIS_LOOP_46_8_VITIS_LOOP_47_9 -o /home/ykim131_588fa26/Desktop/ECE588/ECE588_fa2026_Lab03/part2/vitis.prj/solution1/syn/report/conv_Pipeline_VITIS_LOOP_38_4_VITIS_LOOP_40_6_VITIS_LOOP_46_8_VITIS_LOOP_47_9_csynth.rpt 
Execute           AP::get_flow_target_display_name
Command         syn_report done; 0.35 sec.
Execute         syn_report -rtlxml -model conv_Pipeline_VITIS_LOOP_38_4_VITIS_LOOP_40_6_VITIS_LOOP_46_8_VITIS_LOOP_47_9 -o /home/ykim131_588fa26/Desktop/ECE588/ECE588_fa2026_Lab03/part2/vitis.prj/solution1/syn/report/conv_Pipeline_VITIS_LOOP_38_4_VITIS_LOOP_40_6_VITIS_LOOP_46_8_VITIS_LOOP_47_9_csynth.xml 
Command         syn_report done; 0.16 sec.
Execute         syn_report -verbosereport -model conv_Pipeline_VITIS_LOOP_38_4_VITIS_LOOP_40_6_VITIS_LOOP_46_8_VITIS_LOOP_47_9 -o /home/ykim131_588fa26/Desktop/ECE588/ECE588_fa2026_Lab03/part2/vitis.prj/solution1/.autopilot/db/conv_Pipeline_VITIS_LOOP_38_4_VITIS_LOOP_40_6_VITIS_LOOP_46_8_VITIS_LOOP_47_9.verbose.rpt 
Execute           AP::get_flow_target_display_name
Command         syn_report done; 0.74 sec.
Execute         db_write -model conv_Pipeline_VITIS_LOOP_38_4_VITIS_LOOP_40_6_VITIS_LOOP_46_8_VITIS_LOOP_47_9 -f -o /home/ykim131_588fa26/Desktop/ECE588/ECE588_fa2026_Lab03/part2/vitis.prj/solution1/.autopilot/db/conv_Pipeline_VITIS_LOOP_38_4_VITIS_LOOP_40_6_VITIS_LOOP_46_8_VITIS_LOOP_47_9.adb 
Command         db_write done; 0.23 sec.
Execute         db_write -model conv_Pipeline_VITIS_LOOP_38_4_VITIS_LOOP_40_6_VITIS_LOOP_46_8_VITIS_LOOP_47_9 -bindview -o /home/ykim131_588fa26/Desktop/ECE588/ECE588_fa2026_Lab03/part2/vitis.prj/solution1/.autopilot/db/design.bindinfo.xml 
Execute         gen_tb_info conv_Pipeline_VITIS_LOOP_38_4_VITIS_LOOP_40_6_VITIS_LOOP_46_8_VITIS_LOOP_47_9 -p /home/ykim131_588fa26/Desktop/ECE588/ECE588_fa2026_Lab03/part2/vitis.prj/solution1/.autopilot/db -o /home/ykim131_588fa26/Desktop/ECE588/ECE588_fa2026_Lab03/part2/vitis.prj/solution1/.autopilot/db/conv_Pipeline_VITIS_LOOP_38_4_VITIS_LOOP_40_6_VITIS_LOOP_46_8_VITIS_LOOP_47_9 
INFO: [HLS 200-10] ----------------------------------------------------------------
INFO: [HLS 200-10] -- Generating RTL for module 'conv_Pipeline_VITIS_LOOP_62_10_VITIS_LOOP_63_11_VITIS_LOOP_64_12' 
INFO: [HLS 200-10] ----------------------------------------------------------------
Execute         create_rtl_model conv_Pipeline_VITIS_LOOP_62_10_VITIS_LOOP_63_11_VITIS_LOOP_64_12 -top_prefix conv_ -sub_prefix conv_ -mg_file /home/ykim131_588fa26/Desktop/ECE588/ECE588_fa2026_Lab03/part2/vitis.prj/solution1/.autopilot/db/conv_Pipeline_VITIS_LOOP_62_10_VITIS_LOOP_63_11_VITIS_LOOP_64_12.compgen.tcl 
INFO: [HLS 200-1030] Apply Unified Pipeline Control on module 'conv_Pipeline_VITIS_LOOP_62_10_VITIS_LOOP_63_11_VITIS_LOOP_64_12' pipeline 'VITIS_LOOP_62_10_VITIS_LOOP_63_11_VITIS_LOOP_64_12' pipeline type 'loop pipeline'
INFO: [RTGEN 206-104] Estimated max fanout for 'conv_Pipeline_VITIS_LOOP_62_10_VITIS_LOOP_63_11_VITIS_LOOP_64_12' is 5038 from HDL expression: (1'b0 == ap_block_pp0_stage0_11001)
INFO: [RTGEN 206-100] Generating core module 'fcmp_32ns_32ns_1_2_no_dsp_1': 1 instance(s).
INFO: [RTGEN 206-100] Generating core module 'mul_6ns_9ns_14_1_1': 2 instance(s).
INFO: [RTGEN 206-100] Generating core module 'mul_mul_7ns_14ns_21_4_1': 1 instance(s).
INFO: [RTGEN 206-100] Finished creating RTL model for 'conv_Pipeline_VITIS_LOOP_62_10_VITIS_LOOP_63_11_VITIS_LOOP_64_12'.
Command         create_rtl_model done; 0.14 sec.
INFO: [HLS 200-111] Finished Creating RTL model: CPU user time: 1.73 seconds. CPU system time: 0.02 seconds. Elapsed time: 1.76 seconds; current allocated memory: 345.535 MB.
Execute         source /home/ykim131_588fa26/Desktop/ECE588/ECE588_fa2026_Lab03/part2/vitis.prj/solution1/.autopilot/db/conv.rtl_wrap.cfg.tcl 
Execute         gen_rtl conv_Pipeline_VITIS_LOOP_62_10_VITIS_LOOP_63_11_VITIS_LOOP_64_12 -style xilinx -f -lang vhdl -o /home/ykim131_588fa26/Desktop/ECE588/ECE588_fa2026_Lab03/part2/vitis.prj/solution1/syn/vhdl/conv_conv_Pipeline_VITIS_LOOP_62_10_VITIS_LOOP_63_11_VITIS_LOOP_64_12 
Execute         gen_rtl conv_Pipeline_VITIS_LOOP_62_10_VITIS_LOOP_63_11_VITIS_LOOP_64_12 -style xilinx -f -lang vlog -o /home/ykim131_588fa26/Desktop/ECE588/ECE588_fa2026_Lab03/part2/vitis.prj/solution1/syn/verilog/conv_conv_Pipeline_VITIS_LOOP_62_10_VITIS_LOOP_63_11_VITIS_LOOP_64_12 
Execute         syn_report -csynth -model conv_Pipeline_VITIS_LOOP_62_10_VITIS_LOOP_63_11_VITIS_LOOP_64_12 -o /home/ykim131_588fa26/Desktop/ECE588/ECE588_fa2026_Lab03/part2/vitis.prj/solution1/syn/report/conv_Pipeline_VITIS_LOOP_62_10_VITIS_LOOP_63_11_VITIS_LOOP_64_12_csynth.rpt 
Execute           AP::get_flow_target_display_name
Command         syn_report done; 0.11 sec.
Execute         syn_report -rtlxml -model conv_Pipeline_VITIS_LOOP_62_10_VITIS_LOOP_63_11_VITIS_LOOP_64_12 -o /home/ykim131_588fa26/Desktop/ECE588/ECE588_fa2026_Lab03/part2/vitis.prj/solution1/syn/report/conv_Pipeline_VITIS_LOOP_62_10_VITIS_LOOP_63_11_VITIS_LOOP_64_12_csynth.xml 
Execute         syn_report -verbosereport -model conv_Pipeline_VITIS_LOOP_62_10_VITIS_LOOP_63_11_VITIS_LOOP_64_12 -o /home/ykim131_588fa26/Desktop/ECE588/ECE588_fa2026_Lab03/part2/vitis.prj/solution1/.autopilot/db/conv_Pipeline_VITIS_LOOP_62_10_VITIS_LOOP_63_11_VITIS_LOOP_64_12.verbose.rpt 
Execute           AP::get_flow_target_display_name
Command         syn_report done; 0.25 sec.
Execute         db_write -model conv_Pipeline_VITIS_LOOP_62_10_VITIS_LOOP_63_11_VITIS_LOOP_64_12 -f -o /home/ykim131_588fa26/Desktop/ECE588/ECE588_fa2026_Lab03/part2/vitis.prj/solution1/.autopilot/db/conv_Pipeline_VITIS_LOOP_62_10_VITIS_LOOP_63_11_VITIS_LOOP_64_12.adb 
Execute         db_write -model conv_Pipeline_VITIS_LOOP_62_10_VITIS_LOOP_63_11_VITIS_LOOP_64_12 -bindview -o /home/ykim131_588fa26/Desktop/ECE588/ECE588_fa2026_Lab03/part2/vitis.prj/solution1/.autopilot/db/design.bindinfo.xml 
Execute         gen_tb_info conv_Pipeline_VITIS_LOOP_62_10_VITIS_LOOP_63_11_VITIS_LOOP_64_12 -p /home/ykim131_588fa26/Desktop/ECE588/ECE588_fa2026_Lab03/part2/vitis.prj/solution1/.autopilot/db -o /home/ykim131_588fa26/Desktop/ECE588/ECE588_fa2026_Lab03/part2/vitis.prj/solution1/.autopilot/db/conv_Pipeline_VITIS_LOOP_62_10_VITIS_LOOP_63_11_VITIS_LOOP_64_12 
INFO: [HLS 200-10] ----------------------------------------------------------------
INFO: [HLS 200-10] -- Generating RTL for module 'conv' 
INFO: [HLS 200-10] ----------------------------------------------------------------
Execute         create_rtl_model conv -top_prefix  -sub_prefix conv_ -mg_file /home/ykim131_588fa26/Desktop/ECE588/ECE588_fa2026_Lab03/part2/vitis.prj/solution1/.autopilot/db/conv.compgen.tcl 
WARNING: [RTGEN 206-101] Design contains AXI ports. Reset is fixed to synchronous and active low.
INFO: [RTGEN 206-500] Setting interface mode on port 'conv/mem1' to 'm_axi'.
INFO: [RTGEN 206-500] Setting interface mode on port 'conv/mem2' to 'm_axi'.
INFO: [RTGEN 206-500] Setting interface mode on port 'conv/input_fm' to 's_axilite & ap_none'.
INFO: [RTGEN 206-500] Setting interface mode on port 'conv/weights' to 's_axilite & ap_none'.
INFO: [RTGEN 206-500] Setting interface mode on port 'conv/biases' to 's_axilite & ap_none'.
INFO: [RTGEN 206-500] Setting interface mode on port 'conv/output_fm' to 's_axilite & ap_none'.
INFO: [RTGEN 206-500] Setting interface mode on function 'conv' to 's_axilite & ap_ctrl_hs'.
INFO: [RTGEN 206-100] Bundling port 'input_fm', 'weights', 'biases', 'output_fm' to AXI-Lite port control.
INFO: [RTGEN 206-100] Finished creating RTL model for 'conv'.
INFO: [HLS 200-111] Finished Creating RTL model: CPU user time: 0.6 seconds. CPU system time: 0.02 seconds. Elapsed time: 0.62 seconds; current allocated memory: 345.535 MB.
Execute         source /home/ykim131_588fa26/Desktop/ECE588/ECE588_fa2026_Lab03/part2/vitis.prj/solution1/.autopilot/db/conv.rtl_wrap.cfg.tcl 
Execute         gen_rtl conv -istop -style xilinx -f -lang vhdl -o /home/ykim131_588fa26/Desktop/ECE588/ECE588_fa2026_Lab03/part2/vitis.prj/solution1/syn/vhdl/conv 
Execute         gen_rtl conv -istop -style xilinx -f -lang vlog -o /home/ykim131_588fa26/Desktop/ECE588/ECE588_fa2026_Lab03/part2/vitis.prj/solution1/syn/verilog/conv 
Execute         syn_report -csynth -model conv -o /home/ykim131_588fa26/Desktop/ECE588/ECE588_fa2026_Lab03/part2/vitis.prj/solution1/syn/report/conv_csynth.rpt 
Execute           AP::get_flow_target_display_name
Execute         syn_report -rtlxml -model conv -o /home/ykim131_588fa26/Desktop/ECE588/ECE588_fa2026_Lab03/part2/vitis.prj/solution1/syn/report/conv_csynth.xml 
Execute         syn_report -verbosereport -model conv -o /home/ykim131_588fa26/Desktop/ECE588/ECE588_fa2026_Lab03/part2/vitis.prj/solution1/.autopilot/db/conv.verbose.rpt 
Execute           AP::get_flow_target_display_name
Command         syn_report done; 0.57 sec.
Execute         db_write -model conv -f -o /home/ykim131_588fa26/Desktop/ECE588/ECE588_fa2026_Lab03/part2/vitis.prj/solution1/.autopilot/db/conv.adb 
Execute         db_write -model conv -bindview -o /home/ykim131_588fa26/Desktop/ECE588/ECE588_fa2026_Lab03/part2/vitis.prj/solution1/.autopilot/db/design.bindinfo.xml 
Execute         gen_tb_info conv -p /home/ykim131_588fa26/Desktop/ECE588/ECE588_fa2026_Lab03/part2/vitis.prj/solution1/.autopilot/db -o /home/ykim131_588fa26/Desktop/ECE588/ECE588_fa2026_Lab03/part2/vitis.prj/solution1/.autopilot/db/conv 
Execute         export_constraint_db -f -tool general -o /home/ykim131_588fa26/Desktop/ECE588/ECE588_fa2026_Lab03/part2/vitis.prj/solution1/.autopilot/db/conv.constraint.tcl 
Execute         syn_report -designview -model conv -o /home/ykim131_588fa26/Desktop/ECE588/ECE588_fa2026_Lab03/part2/vitis.prj/solution1/.autopilot/db/conv.design.xml 
Command         syn_report done; 0.52 sec.
Execute         syn_report -csynthDesign -model conv -o /home/ykim131_588fa26/Desktop/ECE588/ECE588_fa2026_Lab03/part2/vitis.prj/solution1/syn/report/csynth.rpt 
Execute           AP::get_flow_target_display_name
Execute         syn_report -wcfg -model conv -o /home/ykim131_588fa26/Desktop/ECE588/ECE588_fa2026_Lab03/part2/vitis.prj/solution1/.autopilot/db/conv_dataflow_ana.wcfg 
Execute         syn_report -protoinst -model conv -o /home/ykim131_588fa26/Desktop/ECE588/ECE588_fa2026_Lab03/part2/vitis.prj/solution1/.autopilot/db/conv.protoinst 
Execute         sc_get_clocks conv 
Execute         sc_get_portdomain conv 
INFO-FLOW: Model list for RTL component generation: conv_Pipeline_VITIS_LOOP_29_2_VITIS_LOOP_30_3 conv_Pipeline_VITIS_LOOP_38_4_VITIS_LOOP_40_6_VITIS_LOOP_46_8_VITIS_LOOP_47_9 conv_Pipeline_VITIS_LOOP_62_10_VITIS_LOOP_63_11_VITIS_LOOP_64_12 conv
INFO-FLOW: Handling components in module [conv_Pipeline_VITIS_LOOP_29_2_VITIS_LOOP_30_3] ... 
Execute         source /home/ykim131_588fa26/Desktop/ECE588/ECE588_fa2026_Lab03/part2/vitis.prj/solution1/.autopilot/db/conv_Pipeline_VITIS_LOOP_29_2_VITIS_LOOP_30_3.compgen.tcl 
INFO-FLOW: Found component conv_flow_control_loop_pipe_sequential_init.
INFO-FLOW: Append model conv_flow_control_loop_pipe_sequential_init
INFO-FLOW: Handling components in module [conv_Pipeline_VITIS_LOOP_38_4_VITIS_LOOP_40_6_VITIS_LOOP_46_8_VITIS_LOOP_47_9] ... 
Execute         source /home/ykim131_588fa26/Desktop/ECE588/ECE588_fa2026_Lab03/part2/vitis.prj/solution1/.autopilot/db/conv_Pipeline_VITIS_LOOP_38_4_VITIS_LOOP_40_6_VITIS_LOOP_46_8_VITIS_LOOP_47_9.compgen.tcl 
INFO-FLOW: Found component conv_fadd_32ns_32ns_32_5_full_dsp_1.
INFO-FLOW: Append model conv_fadd_32ns_32ns_32_5_full_dsp_1
INFO-FLOW: Found component conv_fmul_32ns_32ns_32_4_max_dsp_1.
INFO-FLOW: Append model conv_fmul_32ns_32ns_32_4_max_dsp_1
INFO-FLOW: Found component conv_mul_2ns_19ns_20_1_1.
INFO-FLOW: Append model conv_mul_2ns_19ns_20_1_1
INFO-FLOW: Found component conv_mul_2ns_10ns_11_1_1.
INFO-FLOW: Append model conv_mul_2ns_10ns_11_1_1
INFO-FLOW: Found component conv_mul_4ns_7ns_9_1_1.
INFO-FLOW: Append model conv_mul_4ns_7ns_9_1_1
INFO-FLOW: Found component conv_mul_6ns_9ns_14_1_1.
INFO-FLOW: Append model conv_mul_6ns_9ns_14_1_1
INFO-FLOW: Found component conv_mul_mul_9s_10ns_19_4_1.
INFO-FLOW: Append model conv_mul_mul_9s_10ns_19_4_1
INFO-FLOW: Found component conv_mul_mul_7ns_11ns_18_4_1.
INFO-FLOW: Append model conv_mul_mul_7ns_11ns_18_4_1
INFO-FLOW: Found component conv_mul_mul_7ns_14ns_21_4_1.
INFO-FLOW: Append model conv_mul_mul_7ns_14ns_21_4_1
INFO-FLOW: Found component conv_flow_control_loop_pipe_sequential_init.
INFO-FLOW: Append model conv_flow_control_loop_pipe_sequential_init
INFO-FLOW: Handling components in module [conv_Pipeline_VITIS_LOOP_62_10_VITIS_LOOP_63_11_VITIS_LOOP_64_12] ... 
Execute         source /home/ykim131_588fa26/Desktop/ECE588/ECE588_fa2026_Lab03/part2/vitis.prj/solution1/.autopilot/db/conv_Pipeline_VITIS_LOOP_62_10_VITIS_LOOP_63_11_VITIS_LOOP_64_12.compgen.tcl 
INFO-FLOW: Found component conv_fcmp_32ns_32ns_1_2_no_dsp_1.
INFO-FLOW: Append model conv_fcmp_32ns_32ns_1_2_no_dsp_1
INFO-FLOW: Found component conv_flow_control_loop_pipe_sequential_init.
INFO-FLOW: Append model conv_flow_control_loop_pipe_sequential_init
INFO-FLOW: Handling components in module [conv] ... 
Execute         source /home/ykim131_588fa26/Desktop/ECE588/ECE588_fa2026_Lab03/part2/vitis.prj/solution1/.autopilot/db/conv.compgen.tcl 
INFO-FLOW: Found component conv_mem1_m_axi.
INFO-FLOW: Append model conv_mem1_m_axi
INFO-FLOW: Found component conv_mem2_m_axi.
INFO-FLOW: Append model conv_mem2_m_axi
INFO-FLOW: Found component conv_control_s_axi.
INFO-FLOW: Append model conv_control_s_axi
INFO-FLOW: Append model conv_Pipeline_VITIS_LOOP_29_2_VITIS_LOOP_30_3
INFO-FLOW: Append model conv_Pipeline_VITIS_LOOP_38_4_VITIS_LOOP_40_6_VITIS_LOOP_46_8_VITIS_LOOP_47_9
INFO-FLOW: Append model conv_Pipeline_VITIS_LOOP_62_10_VITIS_LOOP_63_11_VITIS_LOOP_64_12
INFO-FLOW: Append model conv
INFO-FLOW: Generating RTL model list ...
INFO-FLOW: All models in this session: conv_flow_control_loop_pipe_sequential_init conv_fadd_32ns_32ns_32_5_full_dsp_1 conv_fmul_32ns_32ns_32_4_max_dsp_1 conv_mul_2ns_19ns_20_1_1 conv_mul_2ns_10ns_11_1_1 conv_mul_4ns_7ns_9_1_1 conv_mul_6ns_9ns_14_1_1 conv_mul_mul_9s_10ns_19_4_1 conv_mul_mul_7ns_11ns_18_4_1 conv_mul_mul_7ns_14ns_21_4_1 conv_flow_control_loop_pipe_sequential_init conv_fcmp_32ns_32ns_1_2_no_dsp_1 conv_flow_control_loop_pipe_sequential_init conv_mem1_m_axi conv_mem2_m_axi conv_control_s_axi conv_Pipeline_VITIS_LOOP_29_2_VITIS_LOOP_30_3 conv_Pipeline_VITIS_LOOP_38_4_VITIS_LOOP_40_6_VITIS_LOOP_46_8_VITIS_LOOP_47_9 conv_Pipeline_VITIS_LOOP_62_10_VITIS_LOOP_63_11_VITIS_LOOP_64_12 conv
INFO-FLOW: Generating /home/ykim131_588fa26/Desktop/ECE588/ECE588_fa2026_Lab03/part2/vitis.prj/solution1/.autopilot/db/autopilot.rtl.models.txt file...
INFO-FLOW: To file: write model conv_flow_control_loop_pipe_sequential_init
INFO-FLOW: To file: write model conv_fadd_32ns_32ns_32_5_full_dsp_1
INFO-FLOW: To file: write model conv_fmul_32ns_32ns_32_4_max_dsp_1
INFO-FLOW: To file: write model conv_mul_2ns_19ns_20_1_1
INFO-FLOW: To file: write model conv_mul_2ns_10ns_11_1_1
INFO-FLOW: To file: write model conv_mul_4ns_7ns_9_1_1
INFO-FLOW: To file: write model conv_mul_6ns_9ns_14_1_1
INFO-FLOW: To file: write model conv_mul_mul_9s_10ns_19_4_1
INFO-FLOW: To file: write model conv_mul_mul_7ns_11ns_18_4_1
INFO-FLOW: To file: write model conv_mul_mul_7ns_14ns_21_4_1
INFO-FLOW: To file: write model conv_flow_control_loop_pipe_sequential_init
INFO-FLOW: To file: write model conv_fcmp_32ns_32ns_1_2_no_dsp_1
INFO-FLOW: To file: write model conv_flow_control_loop_pipe_sequential_init
INFO-FLOW: To file: write model conv_mem1_m_axi
INFO-FLOW: To file: write model conv_mem2_m_axi
INFO-FLOW: To file: write model conv_control_s_axi
INFO-FLOW: To file: write model conv_Pipeline_VITIS_LOOP_29_2_VITIS_LOOP_30_3
INFO-FLOW: To file: write model conv_Pipeline_VITIS_LOOP_38_4_VITIS_LOOP_40_6_VITIS_LOOP_46_8_VITIS_LOOP_47_9
INFO-FLOW: To file: write model conv_Pipeline_VITIS_LOOP_62_10_VITIS_LOOP_63_11_VITIS_LOOP_64_12
INFO-FLOW: To file: write model conv
INFO-FLOW: Generating /home/ykim131_588fa26/Desktop/ECE588/ECE588_fa2026_Lab03/part2/vitis.prj/solution1/.autopilot/db/autopilot.rtl.models.tcl file...
INFO-FLOW: Finished generating RTL model list.


INFO-FLOW: RTL Generation done.
INFO-FLOW: CAS Generation done.
INFO-FLOW: CBC Generation done.
INFO-FLOW: DBG:PROC: ::AESL_AUTOMG::auto_generate_csynth_design
INFO-FLOW: DBG:PUTS: read_platform_lib /home/ykim131_588fa26/Desktop/ECE588/ECE588_fa2026_Lab03/part2/vitis.prj/solution1/.autopilot/db/global.setting.tcl
Execute         source /apps/Xilinx/Vitis_HLS/2022.2/common/technology/generic/autopilot/common.gen 
Execute           source /apps/Xilinx/Vitis_HLS/2022.2/common/technology/generic/autopilot/APCoreGen.gen 
Execute         source /apps/Xilinx/Vitis_HLS/2022.2/common/technology/generic/autopilot/op.gen 
Execute         source /apps/Xilinx/Vitis_HLS/2022.2/common/technology/generic/autopilot/op_simcore.gen 
Execute         source /apps/Xilinx/Vitis_HLS/2022.2/common/technology/generic/autopilot/interface.gen 
Execute         source /home/ykim131_588fa26/Desktop/ECE588/ECE588_fa2026_Lab03/part2/vitis.prj/solution1/.autopilot/db/global.setting.tcl 
Execute         source /apps/Xilinx/Vitis_HLS/2022.2/common/technology/xilinx/common/xilinx.gen 
Execute           source /apps/Xilinx/Vitis_HLS/2022.2/common/technology/xilinx/interface/plb46.gen 
Execute           source /apps/Xilinx/Vitis_HLS/2022.2/common/technology/xilinx/interface/axi4.gen 
Execute           source /apps/Xilinx/Vitis_HLS/2022.2/common/technology/xilinx/interface/nativeAXI4.gen 
Execute             source /apps/Xilinx/Vitis_HLS/2022.2/common/technology/xilinx/interface/saxilite.gen 
Execute           source /apps/Xilinx/Vitis_HLS/2022.2/common/technology/xilinx/scripts/xilinxcoregen.gen 
Execute           source /apps/Xilinx/Vitis_HLS/2022.2/common/technology/xilinx/interface/XilEDKCoreGen.gen 
Execute           source /apps/Xilinx/Vitis_HLS/2022.2/common/technology/xilinx/ip/dds_compiler.gen 
Execute           source /apps/Xilinx/Vitis_HLS/2022.2/common/technology/xilinx/ip/util.gen 
Execute           source /apps/Xilinx/Vitis_HLS/2022.2/common/technology/xilinx/ip/xfft.gen 
Execute           source /apps/Xilinx/Vitis_HLS/2022.2/common/technology/xilinx/ip/xfir.gen 
Execute           source /apps/Xilinx/Vitis_HLS/2022.2/common/technology/xilinx/DSP48/dsp48.gen 
Command         ap_source done; 0.12 sec.
INFO-FLOW: DBG:PUTS:   using AESL_AUTOCG::g_clock_period=10.000 (was NA)
INFO-FLOW: DBG:PROC: ::AESL_AUTOMG::generate_ip_cores gen_sim_model='1' gen_fp_models='0' gen_for_export='0' dstSCDir='' dstVhdlDir='/home/ykim131_588fa26/Desktop/ECE588/ECE588_fa2026_Lab03/part2/vitis.prj/solution1/.autopilot/db/vhdl' dstVlogDir='/home/ykim131_588fa26/Desktop/ECE588/ECE588_fa2026_Lab03/part2/vitis.prj/solution1/.autopilot/db/vlog' tclDir='/home/ykim131_588fa26/Desktop/ECE588/ECE588_fa2026_Lab03/part2/vitis.prj/solution1/.autopilot/db' modelList='conv_flow_control_loop_pipe_sequential_init
conv_fadd_32ns_32ns_32_5_full_dsp_1
conv_fmul_32ns_32ns_32_4_max_dsp_1
conv_mul_2ns_19ns_20_1_1
conv_mul_2ns_10ns_11_1_1
conv_mul_4ns_7ns_9_1_1
conv_mul_6ns_9ns_14_1_1
conv_mul_mul_9s_10ns_19_4_1
conv_mul_mul_7ns_11ns_18_4_1
conv_mul_mul_7ns_14ns_21_4_1
conv_flow_control_loop_pipe_sequential_init
conv_fcmp_32ns_32ns_1_2_no_dsp_1
conv_flow_control_loop_pipe_sequential_init
conv_mem1_m_axi
conv_mem2_m_axi
conv_control_s_axi
conv_Pipeline_VITIS_LOOP_29_2_VITIS_LOOP_30_3
conv_Pipeline_VITIS_LOOP_38_4_VITIS_LOOP_40_6_VITIS_LOOP_46_8_VITIS_LOOP_47_9
conv_Pipeline_VITIS_LOOP_62_10_VITIS_LOOP_63_11_VITIS_LOOP_64_12
conv
' expOnly='0'
Execute         source /home/ykim131_588fa26/Desktop/ECE588/ECE588_fa2026_Lab03/part2/vitis.prj/solution1/.autopilot/db/global.setting.tcl 
Execute         ap_part_info -name xc7z020-clg400-1 -data names -quiet 
Execute         ap_part_info -name xc7z020-clg400-1 -data info -quiet 
Execute         source /home/ykim131_588fa26/Desktop/ECE588/ECE588_fa2026_Lab03/part2/vitis.prj/solution1/.autopilot/db/global.setting.tcl 
Execute         source /home/ykim131_588fa26/Desktop/ECE588/ECE588_fa2026_Lab03/part2/vitis.prj/solution1/.autopilot/db/global.setting.tcl 
Execute         source /home/ykim131_588fa26/Desktop/ECE588/ECE588_fa2026_Lab03/part2/vitis.prj/solution1/.autopilot/db/conv_Pipeline_VITIS_LOOP_29_2_VITIS_LOOP_30_3.compgen.tcl 
Execute         source /home/ykim131_588fa26/Desktop/ECE588/ECE588_fa2026_Lab03/part2/vitis.prj/solution1/.autopilot/db/conv_Pipeline_VITIS_LOOP_38_4_VITIS_LOOP_40_6_VITIS_LOOP_46_8_VITIS_LOOP_47_9.compgen.tcl 
Execute           ap_part_info -name xc7z020-clg400-1 -data names -quiet 
Execute           ap_part_info -name xc7z020-clg400-1 -data info -quiet 
Execute           ap_part_info -name xc7z020-clg400-1 -data names -quiet 
Execute           ap_part_info -name xc7z020-clg400-1 -data info -quiet 
Execute           ap_part_info -name xc7z020-clg400-1 -data names -quiet 
Execute           ap_part_info -name xc7z020-clg400-1 -data info -quiet 
Execute         source /home/ykim131_588fa26/Desktop/ECE588/ECE588_fa2026_Lab03/part2/vitis.prj/solution1/.autopilot/db/conv_Pipeline_VITIS_LOOP_62_10_VITIS_LOOP_63_11_VITIS_LOOP_64_12.compgen.tcl 
Execute         source /home/ykim131_588fa26/Desktop/ECE588/ECE588_fa2026_Lab03/part2/vitis.prj/solution1/.autopilot/db/conv.compgen.tcl 
Execute           source ./control.slave.tcl 
INFO: [HLS 200-111] Finished Generating all RTL models: CPU user time: 1.41 seconds. CPU system time: 0.08 seconds. Elapsed time: 1.48 seconds; current allocated memory: 409.535 MB.
INFO-FLOW: DBG:PROC: ::HLSREPORTS::create_csynth_xml bind_info_var='bind_info' RtlSubPrefix='conv_' outfile=''
INFO-FLOW: Running: create_csynth_xml read xml data
INFO-FLOW: Done: create_csynth_xml read xml data time: 0 seconds per iteration
INFO-FLOW: Running: create_csynth_xml bind info
INFO-FLOW: Done: create_csynth_xml bind info time: 0 seconds per iteration
INFO-FLOW: Running: create_csynth_xml config info
INFO-FLOW: Done: create_csynth_xml config info time: 0.1 seconds per iteration
INFO-FLOW: Running: create_csynth_xml write xml
INFO-FLOW: Done: create_csynth_xml write xml time: 0 seconds per iteration
INFO-FLOW: DBG:PUTS:      create_csynth_xml wrote csynth_xml=/home/ykim131_588fa26/Desktop/ECE588/ECE588_fa2026_Lab03/part2/vitis.prj/solution1/syn/report/csynth.xml
INFO-FLOW: DBG:PROC: ::AP::DESIGN_DATA::generate_json generate_bd_files='0' generate_xo_files='0' modelList='conv_flow_control_loop_pipe_sequential_init
conv_fadd_32ns_32ns_32_5_full_dsp_1
conv_fmul_32ns_32ns_32_4_max_dsp_1
conv_mul_2ns_19ns_20_1_1
conv_mul_2ns_10ns_11_1_1
conv_mul_4ns_7ns_9_1_1
conv_mul_6ns_9ns_14_1_1
conv_mul_mul_9s_10ns_19_4_1
conv_mul_mul_7ns_11ns_18_4_1
conv_mul_mul_7ns_14ns_21_4_1
conv_flow_control_loop_pipe_sequential_init
conv_fcmp_32ns_32ns_1_2_no_dsp_1
conv_flow_control_loop_pipe_sequential_init
conv_mem1_m_axi
conv_mem2_m_axi
conv_control_s_axi
conv_Pipeline_VITIS_LOOP_29_2_VITIS_LOOP_30_3
conv_Pipeline_VITIS_LOOP_38_4_VITIS_LOOP_40_6_VITIS_LOOP_46_8_VITIS_LOOP_47_9
conv_Pipeline_VITIS_LOOP_62_10_VITIS_LOOP_63_11_VITIS_LOOP_64_12
conv
' rtl_lang='both' bootstrap_tcl='false' outdir='' outfilename=''
Execute         source /home/ykim131_588fa26/Desktop/ECE588/ECE588_fa2026_Lab03/part2/vitis.prj/solution1/.autopilot/db/global.setting.tcl 
Execute         source /home/ykim131_588fa26/Desktop/ECE588/ECE588_fa2026_Lab03/part2/vitis.prj/solution1/.autopilot/db/global.setting.tcl 
Execute         source /home/ykim131_588fa26/Desktop/ECE588/ECE588_fa2026_Lab03/part2/vitis.prj/solution1/.autopilot/db/top-io-be.tcl 
Execute         source /home/ykim131_588fa26/Desktop/ECE588/ECE588_fa2026_Lab03/part2/vitis.prj/solution1/.autopilot/db/conv.tbgen.tcl 
Execute         source /home/ykim131_588fa26/Desktop/ECE588/ECE588_fa2026_Lab03/part2/vitis.prj/solution1/.autopilot/db/conv.compgen.dataonly.tcl 
Execute         source /home/ykim131_588fa26/Desktop/ECE588/ECE588_fa2026_Lab03/part2/vitis.prj/solution1/.autopilot/db/conv.compgen.dataonly.tcl 
Execute         source /home/ykim131_588fa26/Desktop/ECE588/ECE588_fa2026_Lab03/part2/vitis.prj/solution1/.autopilot/db/conv.rtl_wrap.cfg.tcl 
Execute         source /home/ykim131_588fa26/Desktop/ECE588/ECE588_fa2026_Lab03/part2/vitis.prj/solution1/.autopilot/db/conv.compgen.dataonly.tcl 
Execute         source /home/ykim131_588fa26/Desktop/ECE588/ECE588_fa2026_Lab03/part2/vitis.prj/solution1/.autopilot/db/conv_Pipeline_VITIS_LOOP_29_2_VITIS_LOOP_30_3.tbgen.tcl 
Execute         source /home/ykim131_588fa26/Desktop/ECE588/ECE588_fa2026_Lab03/part2/vitis.prj/solution1/.autopilot/db/conv_Pipeline_VITIS_LOOP_38_4_VITIS_LOOP_40_6_VITIS_LOOP_46_8_VITIS_LOOP_47_9.tbgen.tcl 
Execute         source /home/ykim131_588fa26/Desktop/ECE588/ECE588_fa2026_Lab03/part2/vitis.prj/solution1/.autopilot/db/conv_Pipeline_VITIS_LOOP_62_10_VITIS_LOOP_63_11_VITIS_LOOP_64_12.tbgen.tcl 
Execute         source /home/ykim131_588fa26/Desktop/ECE588/ECE588_fa2026_Lab03/part2/vitis.prj/solution1/.autopilot/db/conv.tbgen.tcl 
Execute         source /home/ykim131_588fa26/Desktop/ECE588/ECE588_fa2026_Lab03/part2/vitis.prj/solution1/.autopilot/db/global.setting.tcl 
Execute         ap_part_info -name xc7z020-clg400-1 -data names -quiet 
Execute         ap_part_info -name xc7z020-clg400-1 -data info -quiet 
Execute         source /home/ykim131_588fa26/Desktop/ECE588/ECE588_fa2026_Lab03/part2/vitis.prj/solution1/.autopilot/db/conv.constraint.tcl 
Execute         sc_get_clocks conv 
Execute         source /home/ykim131_588fa26/Desktop/ECE588/ECE588_fa2026_Lab03/part2/vitis.prj/solution1/.autopilot/db/global.setting.tcl 
Execute         source /home/ykim131_588fa26/Desktop/ECE588/ECE588_fa2026_Lab03/part2/vitis.prj/solution1/impl/misc/conv_fadd_32ns_32ns_32_5_full_dsp_1_ip.tcl 
Execute         source /home/ykim131_588fa26/Desktop/ECE588/ECE588_fa2026_Lab03/part2/vitis.prj/solution1/impl/misc/conv_fcmp_32ns_32ns_1_2_no_dsp_1_ip.tcl 
Execute         source /home/ykim131_588fa26/Desktop/ECE588/ECE588_fa2026_Lab03/part2/vitis.prj/solution1/impl/misc/conv_fmul_32ns_32ns_32_4_max_dsp_1_ip.tcl 
INFO-FLOW: DBG:PROC: ::HLSREPORTS::add_csynth_report_sections bind_info_dict='adapter_nodes {{BINDTYPE adapter DISPLAY {bind_adapter axilite} ID {} IMPL {} LATENCY {} OPTYPE {} PRAGMA yes RTLNAME control_s_axi_U SOURCE {} VARIABLE {} MODULE conv LOOP {} BUNDLEDNAME control DSP 0 BRAM 0 URAM 0} {BINDTYPE adapter DISPLAY {bind_adapter axi_master} ID {} IMPL {} LATENCY {} OPTYPE {} PRAGMA yes RTLNAME mem1_m_axi_U SOURCE {} VARIABLE {} MODULE conv LOOP {} BUNDLEDNAME mem1 DSP 0 BRAM 0 URAM 0} {BINDTYPE adapter DISPLAY {bind_adapter axi_master} ID {} IMPL {} LATENCY {} OPTYPE {} PRAGMA yes RTLNAME mem2_m_axi_U SOURCE {} VARIABLE {} MODULE conv LOOP {} BUNDLEDNAME mem2 DSP 0 BRAM 0 URAM 0}} report_dict {TOPINST conv MODULE2INSTS {conv conv conv_Pipeline_VITIS_LOOP_29_2_VITIS_LOOP_30_3 grp_conv_Pipeline_VITIS_LOOP_29_2_VITIS_LOOP_30_3_fu_146 conv_Pipeline_VITIS_LOOP_38_4_VITIS_LOOP_40_6_VITIS_LOOP_46_8_VITIS_LOOP_47_9 grp_conv_Pipeline_VITIS_LOOP_38_4_VITIS_LOOP_40_6_VITIS_LOOP_46_8_VITIS_LOOP_47_9_fu_155 conv_Pipeline_VITIS_LOOP_62_10_VITIS_LOOP_63_11_VITIS_LOOP_64_12 grp_conv_Pipeline_VITIS_LOOP_62_10_VITIS_LOOP_63_11_VITIS_LOOP_64_12_fu_166} INST2MODULE {conv conv grp_conv_Pipeline_VITIS_LOOP_29_2_VITIS_LOOP_30_3_fu_146 conv_Pipeline_VITIS_LOOP_29_2_VITIS_LOOP_30_3 grp_conv_Pipeline_VITIS_LOOP_38_4_VITIS_LOOP_40_6_VITIS_LOOP_46_8_VITIS_LOOP_47_9_fu_155 conv_Pipeline_VITIS_LOOP_38_4_VITIS_LOOP_40_6_VITIS_LOOP_46_8_VITIS_LOOP_47_9 grp_conv_Pipeline_VITIS_LOOP_62_10_VITIS_LOOP_63_11_VITIS_LOOP_64_12_fu_166 conv_Pipeline_VITIS_LOOP_62_10_VITIS_LOOP_63_11_VITIS_LOOP_64_12} INSTDATA {conv {DEPTH 1 CHILDREN {grp_conv_Pipeline_VITIS_LOOP_29_2_VITIS_LOOP_30_3_fu_146 grp_conv_Pipeline_VITIS_LOOP_38_4_VITIS_LOOP_40_6_VITIS_LOOP_46_8_VITIS_LOOP_47_9_fu_155 grp_conv_Pipeline_VITIS_LOOP_62_10_VITIS_LOOP_63_11_VITIS_LOOP_64_12_fu_166}} grp_conv_Pipeline_VITIS_LOOP_29_2_VITIS_LOOP_30_3_fu_146 {DEPTH 2 CHILDREN {}} grp_conv_Pipeline_VITIS_LOOP_38_4_VITIS_LOOP_40_6_VITIS_LOOP_46_8_VITIS_LOOP_47_9_fu_155 {DEPTH 2 CHILDREN {}} grp_conv_Pipeline_VITIS_LOOP_62_10_VITIS_LOOP_63_11_VITIS_LOOP_64_12_fu_166 {DEPTH 2 CHILDREN {}}} MODULEDATA {conv_Pipeline_VITIS_LOOP_29_2_VITIS_LOOP_30_3 {BINDINFO {{BINDTYPE op ID {} IMPL fabric LATENCY 0 OPTYPE add PRAGMA {} RTLNAME add_ln29_fu_106_p2 SOURCE conv.cpp:29 VARIABLE add_ln29 LOOP VITIS_LOOP_29_2_VITIS_LOOP_30_3 BUNDLEDNAME {} DSP 0 BRAM 0 URAM 0 DISPNAME {bind_op add}}} AREA {DSP 0 BRAM 0 URAM 0}} conv_Pipeline_VITIS_LOOP_38_4_VITIS_LOOP_40_6_VITIS_LOOP_46_8_VITIS_LOOP_47_9 {BINDINFO {{BINDTYPE op ID {} IMPL dsp48 LATENCY 3 OPTYPE mul PRAGMA {} RTLNAME mul_mul_7ns_14ns_21_4_1_U19 SOURCE conv.cpp:38 VARIABLE empty LOOP VITIS_LOOP_38_4_VITIS_LOOP_40_6_VITIS_LOOP_46_8_VITIS_LOOP_47_9 BUNDLEDNAME {} DSP 1 BRAM 0 URAM 0 DISPNAME {bind_op mul}} {BINDTYPE op ID {} IMPL fabric LATENCY 0 OPTYPE add PRAGMA {} RTLNAME tmp_fu_1128_p2 SOURCE conv.cpp:53 VARIABLE tmp LOOP VITIS_LOOP_38_4_VITIS_LOOP_40_6_VITIS_LOOP_46_8_VITIS_LOOP_47_9 BUNDLEDNAME {} DSP 0 BRAM 0 URAM 0 DISPNAME {bind_op add}} {BINDTYPE op ID {} IMPL auto LATENCY 0 OPTYPE mul PRAGMA {} RTLNAME mul_2ns_10ns_11_1_1_U8 SOURCE conv.cpp:53 VARIABLE mul_ln53 LOOP VITIS_LOOP_38_4_VITIS_LOOP_40_6_VITIS_LOOP_46_8_VITIS_LOOP_47_9 BUNDLEDNAME {} DSP 0 BRAM 0 URAM 0 DISPNAME {bind_op mul}} {BINDTYPE op ID {} IMPL auto LATENCY 0 OPTYPE mul PRAGMA {} RTLNAME mul_2ns_19ns_20_1_1_U6 SOURCE conv.cpp:53 VARIABLE mul_ln53_1 LOOP VITIS_LOOP_38_4_VITIS_LOOP_40_6_VITIS_LOOP_46_8_VITIS_LOOP_47_9 BUNDLEDNAME {} DSP 0 BRAM 0 URAM 0 DISPNAME {bind_op mul}} {BINDTYPE op ID {} IMPL fabric LATENCY 0 OPTYPE add PRAGMA {} RTLNAME add_ln53_fu_614_p2 SOURCE conv.cpp:53 VARIABLE add_ln53 LOOP VITIS_LOOP_38_4_VITIS_LOOP_40_6_VITIS_LOOP_46_8_VITIS_LOOP_47_9 BUNDLEDNAME {} DSP 0 BRAM 0 URAM 0 DISPNAME {bind_op add}} {BINDTYPE op ID {} IMPL fabric LATENCY 0 OPTYPE add PRAGMA {} RTLNAME add_ln41_fu_619_p2 SOURCE conv.cpp:41 VARIABLE add_ln41 LOOP VITIS_LOOP_38_4_VITIS_LOOP_40_6_VITIS_LOOP_46_8_VITIS_LOOP_47_9 BUNDLEDNAME {} DSP 0 BRAM 0 URAM 0 DISPNAME {bind_op add}} {BINDTYPE op ID {} IMPL auto LATENCY 0 OPTYPE mul PRAGMA {} RTLNAME mul_6ns_9ns_14_1_1_U12 SOURCE conv.cpp:41 VARIABLE empty_26 LOOP VITIS_LOOP_38_4_VITIS_LOOP_40_6_VITIS_LOOP_46_8_VITIS_LOOP_47_9 BUNDLEDNAME {} DSP 0 BRAM 0 URAM 0 DISPNAME {bind_op mul}} {BINDTYPE op ID {} IMPL fabric LATENCY 0 OPTYPE add PRAGMA {} RTLNAME tmp2_fu_1133_p2 SOURCE {} VARIABLE tmp2 LOOP VITIS_LOOP_38_4_VITIS_LOOP_40_6_VITIS_LOOP_46_8_VITIS_LOOP_47_9 BUNDLEDNAME {} DSP 0 BRAM 0 URAM 0 DISPNAME {bind_op add}} {BINDTYPE op ID {} IMPL fabric LATENCY 0 OPTYPE add PRAGMA {} RTLNAME tmp1_fu_1141_p2 SOURCE conv.cpp:41 VARIABLE tmp1 LOOP VITIS_LOOP_38_4_VITIS_LOOP_40_6_VITIS_LOOP_46_8_VITIS_LOOP_47_9 BUNDLEDNAME {} DSP 0 BRAM 0 URAM 0 DISPNAME {bind_op add}} {BINDTYPE op ID {} IMPL fabric LATENCY 0 OPTYPE add PRAGMA {} RTLNAME empty_27_fu_1150_p2 SOURCE conv.cpp:41 VARIABLE empty_27 LOOP VITIS_LOOP_38_4_VITIS_LOOP_40_6_VITIS_LOOP_46_8_VITIS_LOOP_47_9 BUNDLEDNAME {} DSP 0 BRAM 0 URAM 0 DISPNAME {bind_op add}} {BINDTYPE op ID {} IMPL fabric LATENCY 0 OPTYPE add PRAGMA {} RTLNAME tmp3_fu_373_p2 SOURCE {} VARIABLE tmp3 LOOP VITIS_LOOP_38_4_VITIS_LOOP_40_6_VITIS_LOOP_46_8_VITIS_LOOP_47_9 BUNDLEDNAME {} DSP 0 BRAM 0 URAM 0 DISPNAME {bind_op add}} {BINDTYPE op ID {} IMPL fabric LATENCY 0 OPTYPE add PRAGMA {} RTLNAME empty_28_fu_383_p2 SOURCE conv.cpp:40 VARIABLE empty_28 LOOP VITIS_LOOP_38_4_VITIS_LOOP_40_6_VITIS_LOOP_46_8_VITIS_LOOP_47_9 BUNDLEDNAME {} DSP 0 BRAM 0 URAM 0 DISPNAME {bind_op add}} {BINDTYPE op ID {} IMPL auto LATENCY 0 OPTYPE mul PRAGMA {} RTLNAME mul_4ns_7ns_9_1_1_U9 SOURCE conv.cpp:53 VARIABLE mul_ln53_2 LOOP VITIS_LOOP_38_4_VITIS_LOOP_40_6_VITIS_LOOP_46_8_VITIS_LOOP_47_9 BUNDLEDNAME {} DSP 0 BRAM 0 URAM 0 DISPNAME {bind_op mul}} {BINDTYPE op ID {} IMPL dsp48 LATENCY 3 OPTYPE mul PRAGMA {} RTLNAME mul_mul_9s_10ns_19_4_1_U14 SOURCE conv.cpp:40 VARIABLE mul_ln53_3 LOOP VITIS_LOOP_38_4_VITIS_LOOP_40_6_VITIS_LOOP_46_8_VITIS_LOOP_47_9 BUNDLEDNAME {} DSP 1 BRAM 0 URAM 0 DISPNAME {bind_op mul}} {BINDTYPE op ID {} IMPL fabric LATENCY 0 OPTYPE add PRAGMA {} RTLNAME add_ln38_fu_407_p2 SOURCE conv.cpp:38 VARIABLE add_ln38 LOOP VITIS_LOOP_38_4_VITIS_LOOP_40_6_VITIS_LOOP_46_8_VITIS_LOOP_47_9 BUNDLEDNAME {} DSP 0 BRAM 0 URAM 0 DISPNAME {bind_op add}} {BINDTYPE op ID {} IMPL fabric LATENCY 0 OPTYPE add PRAGMA {} RTLNAME add_ln38_2_fu_457_p2 SOURCE conv.cpp:38 VARIABLE add_ln38_2 LOOP VITIS_LOOP_38_4_VITIS_LOOP_40_6_VITIS_LOOP_46_8_VITIS_LOOP_47_9 BUNDLEDNAME {} DSP 0 BRAM 0 URAM 0 DISPNAME {bind_op add}} {BINDTYPE op ID {} IMPL dsp48 LATENCY 3 OPTYPE mul PRAGMA {} RTLNAME mul_mul_7ns_14ns_21_4_1_U20 SOURCE conv.cpp:38 VARIABLE p_mid1205 LOOP VITIS_LOOP_38_4_VITIS_LOOP_40_6_VITIS_LOOP_46_8_VITIS_LOOP_47_9 BUNDLEDNAME {} DSP 1 BRAM 0 URAM 0 DISPNAME {bind_op mul}} {BINDTYPE op ID {} IMPL fabric LATENCY 0 OPTYPE add PRAGMA {} RTLNAME tmp_mid1_fu_1158_p2 SOURCE conv.cpp:53 VARIABLE tmp_mid1 LOOP VITIS_LOOP_38_4_VITIS_LOOP_40_6_VITIS_LOOP_46_8_VITIS_LOOP_47_9 BUNDLEDNAME {} DSP 0 BRAM 0 URAM 0 DISPNAME {bind_op add}} {BINDTYPE op ID {} IMPL dsp48 LATENCY 3 OPTYPE mul PRAGMA {} RTLNAME mul_mul_7ns_11ns_18_4_1_U15 SOURCE conv.cpp:38 VARIABLE mul_ln38 LOOP VITIS_LOOP_38_4_VITIS_LOOP_40_6_VITIS_LOOP_46_8_VITIS_LOOP_47_9 BUNDLEDNAME {} DSP 1 BRAM 0 URAM 0 DISPNAME {bind_op mul}} {BINDTYPE op ID {} IMPL fabric LATENCY 0 OPTYPE add PRAGMA {} RTLNAME add_ln38_1_fu_921_p2 SOURCE conv.cpp:38 VARIABLE add_ln38_1 LOOP VITIS_LOOP_38_4_VITIS_LOOP_40_6_VITIS_LOOP_46_8_VITIS_LOOP_47_9 BUNDLEDNAME {} DSP 0 BRAM 0 URAM 0 DISPNAME {bind_op add}} {BINDTYPE op ID {} IMPL fabric LATENCY 0 OPTYPE add PRAGMA {} RTLNAME add_ln39_fu_502_p2 SOURCE conv.cpp:39 VARIABLE add_ln39 LOOP VITIS_LOOP_38_4_VITIS_LOOP_40_6_VITIS_LOOP_46_8_VITIS_LOOP_47_9 BUNDLEDNAME {} DSP 0 BRAM 0 URAM 0 DISPNAME {bind_op add}} {BINDTYPE op ID {} IMPL auto LATENCY 0 OPTYPE mul PRAGMA {} RTLNAME mul_2ns_10ns_11_1_1_U10 SOURCE conv.cpp:53 VARIABLE mul_ln53_4 LOOP VITIS_LOOP_38_4_VITIS_LOOP_40_6_VITIS_LOOP_46_8_VITIS_LOOP_47_9 BUNDLEDNAME {} DSP 0 BRAM 0 URAM 0 DISPNAME {bind_op mul}} {BINDTYPE op ID {} IMPL auto LATENCY 0 OPTYPE mul PRAGMA {} RTLNAME mul_2ns_19ns_20_1_1_U7 SOURCE conv.cpp:53 VARIABLE mul_ln53_5 LOOP VITIS_LOOP_38_4_VITIS_LOOP_40_6_VITIS_LOOP_46_8_VITIS_LOOP_47_9 BUNDLEDNAME {} DSP 0 BRAM 0 URAM 0 DISPNAME {bind_op mul}} {BINDTYPE op ID {} IMPL fabric LATENCY 0 OPTYPE add PRAGMA {} RTLNAME add_ln53_4_fu_659_p2 SOURCE conv.cpp:53 VARIABLE add_ln53_4 LOOP VITIS_LOOP_38_4_VITIS_LOOP_40_6_VITIS_LOOP_46_8_VITIS_LOOP_47_9 BUNDLEDNAME {} DSP 0 BRAM 0 URAM 0 DISPNAME {bind_op add}} {BINDTYPE op ID {} IMPL fabric LATENCY 0 OPTYPE add PRAGMA {} RTLNAME add_ln40_fu_676_p2 SOURCE conv.cpp:40 VARIABLE add_ln40 LOOP VITIS_LOOP_38_4_VITIS_LOOP_40_6_VITIS_LOOP_46_8_VITIS_LOOP_47_9 BUNDLEDNAME {} DSP 0 BRAM 0 URAM 0 DISPNAME {bind_op add}} {BINDTYPE op ID {} IMPL auto LATENCY 0 OPTYPE mul PRAGMA {} RTLNAME mul_6ns_9ns_14_1_1_U13 SOURCE conv.cpp:39 VARIABLE p_mid164 LOOP VITIS_LOOP_38_4_VITIS_LOOP_40_6_VITIS_LOOP_46_8_VITIS_LOOP_47_9 BUNDLEDNAME {} DSP 0 BRAM 0 URAM 0 DISPNAME {bind_op mul}} {BINDTYPE op ID {} IMPL fabric LATENCY 0 OPTYPE add PRAGMA {} RTLNAME p_mid174_fu_1237_p2 SOURCE conv.cpp:39 VARIABLE p_mid174 LOOP VITIS_LOOP_38_4_VITIS_LOOP_40_6_VITIS_LOOP_46_8_VITIS_LOOP_47_9 BUNDLEDNAME {} DSP 0 BRAM 0 URAM 0 DISPNAME {bind_op add}} {BINDTYPE op ID {} IMPL fabric LATENCY 0 OPTYPE add PRAGMA {} RTLNAME p_mid194_fu_713_p2 SOURCE conv.cpp:40 VARIABLE p_mid194 LOOP VITIS_LOOP_38_4_VITIS_LOOP_40_6_VITIS_LOOP_46_8_VITIS_LOOP_47_9 BUNDLEDNAME {} DSP 0 BRAM 0 URAM 0 DISPNAME {bind_op add}} {BINDTYPE op ID {} IMPL dsp48 LATENCY 3 OPTYPE mul PRAGMA {} RTLNAME mul_mul_9s_10ns_19_4_1_U16 SOURCE conv.cpp:40 VARIABLE mul_ln40 LOOP VITIS_LOOP_38_4_VITIS_LOOP_40_6_VITIS_LOOP_46_8_VITIS_LOOP_47_9 BUNDLEDNAME {} DSP 1 BRAM 0 URAM 0 DISPNAME {bind_op mul}} {BINDTYPE op ID {} IMPL fabric LATENCY 0 OPTYPE add PRAGMA {} RTLNAME add_ln42_fu_744_p2 SOURCE conv.cpp:42 VARIABLE add_ln42 LOOP VITIS_LOOP_38_4_VITIS_LOOP_40_6_VITIS_LOOP_46_8_VITIS_LOOP_47_9 BUNDLEDNAME {} DSP 0 BRAM 0 URAM 0 DISPNAME {bind_op add}} {BINDTYPE op ID {} IMPL fabric LATENCY 0 OPTYPE add PRAGMA {} RTLNAME tmp1_mid1_fu_1184_p2 SOURCE conv.cpp:40 VARIABLE tmp1_mid1 LOOP VITIS_LOOP_38_4_VITIS_LOOP_40_6_VITIS_LOOP_46_8_VITIS_LOOP_47_9 BUNDLEDNAME {} DSP 0 BRAM 0 URAM 0 DISPNAME {bind_op add}} {BINDTYPE op ID {} IMPL fabric LATENCY 0 OPTYPE add PRAGMA {} RTLNAME p_mid126_fu_1245_p2 SOURCE conv.cpp:40 VARIABLE p_mid126 LOOP VITIS_LOOP_38_4_VITIS_LOOP_40_6_VITIS_LOOP_46_8_VITIS_LOOP_47_9 BUNDLEDNAME {} DSP 0 BRAM 0 URAM 0 DISPNAME {bind_op add}} {BINDTYPE op ID {} IMPL fabric LATENCY 0 OPTYPE add PRAGMA {} RTLNAME p_mid134_fu_814_p2 SOURCE conv.cpp:40 VARIABLE p_mid134 LOOP VITIS_LOOP_38_4_VITIS_LOOP_40_6_VITIS_LOOP_46_8_VITIS_LOOP_47_9 BUNDLEDNAME {} DSP 0 BRAM 0 URAM 0 DISPNAME {bind_op add}} {BINDTYPE op ID {} IMPL dsp48 LATENCY 3 OPTYPE mul PRAGMA {} RTLNAME mul_mul_9s_10ns_19_4_1_U17 SOURCE conv.cpp:37 VARIABLE mul_ln37 LOOP VITIS_LOOP_38_4_VITIS_LOOP_40_6_VITIS_LOOP_46_8_VITIS_LOOP_47_9 BUNDLEDNAME {} DSP 1 BRAM 0 URAM 0 DISPNAME {bind_op mul}} {BINDTYPE op ID {} IMPL fabric LATENCY 0 OPTYPE add PRAGMA {} RTLNAME add_ln46_fu_960_p2 SOURCE conv.cpp:46 VARIABLE add_ln46 LOOP VITIS_LOOP_38_4_VITIS_LOOP_40_6_VITIS_LOOP_46_8_VITIS_LOOP_47_9 BUNDLEDNAME {} DSP 0 BRAM 0 URAM 0 DISPNAME {bind_op add}} {BINDTYPE op ID {} IMPL fabric LATENCY 0 OPTYPE add PRAGMA {} RTLNAME tmp3_mid1_fu_844_p2 SOURCE conv.cpp:37 VARIABLE tmp3_mid1 LOOP VITIS_LOOP_38_4_VITIS_LOOP_40_6_VITIS_LOOP_46_8_VITIS_LOOP_47_9 BUNDLEDNAME {} DSP 0 BRAM 0 URAM 0 DISPNAME {bind_op add}} {BINDTYPE op ID {} IMPL fabric LATENCY 0 OPTYPE add PRAGMA {} RTLNAME p_mid1_fu_854_p2 SOURCE conv.cpp:37 VARIABLE p_mid1 LOOP VITIS_LOOP_38_4_VITIS_LOOP_40_6_VITIS_LOOP_46_8_VITIS_LOOP_47_9 BUNDLEDNAME {} DSP 0 BRAM 0 URAM 0 DISPNAME {bind_op add}} {BINDTYPE op ID {} IMPL auto LATENCY 0 OPTYPE mul PRAGMA {} RTLNAME mul_4ns_7ns_9_1_1_U11 SOURCE conv.cpp:53 VARIABLE mul_ln53_6 LOOP VITIS_LOOP_38_4_VITIS_LOOP_40_6_VITIS_LOOP_46_8_VITIS_LOOP_47_9 BUNDLEDNAME {} DSP 0 BRAM 0 URAM 0 DISPNAME {bind_op mul}} {BINDTYPE op ID {} IMPL dsp48 LATENCY 3 OPTYPE mul PRAGMA {} RTLNAME mul_mul_9s_10ns_19_4_1_U18 SOURCE conv.cpp:53 VARIABLE mul_ln53_7 LOOP VITIS_LOOP_38_4_VITIS_LOOP_40_6_VITIS_LOOP_46_8_VITIS_LOOP_47_9 BUNDLEDNAME {} DSP 1 BRAM 0 URAM 0 DISPNAME {bind_op mul}} {BINDTYPE op ID {} IMPL fabric LATENCY 0 OPTYPE add PRAGMA {} RTLNAME add_ln52_1_fu_881_p2 SOURCE conv.cpp:52 VARIABLE add_ln52_1 LOOP VITIS_LOOP_38_4_VITIS_LOOP_40_6_VITIS_LOOP_46_8_VITIS_LOOP_47_9 BUNDLEDNAME {} DSP 0 BRAM 0 URAM 0 DISPNAME {bind_op add}} {BINDTYPE op ID {} IMPL fabric LATENCY 0 OPTYPE add PRAGMA {} RTLNAME add_ln52_fu_890_p2 SOURCE conv.cpp:52 VARIABLE add_ln52 LOOP VITIS_LOOP_38_4_VITIS_LOOP_40_6_VITIS_LOOP_46_8_VITIS_LOOP_47_9 BUNDLEDNAME {} DSP 0 BRAM 0 URAM 0 DISPNAME {bind_op add}} {BINDTYPE op ID {} IMPL fabric LATENCY 0 OPTYPE add PRAGMA {} RTLNAME add_ln53_1_fu_1023_p2 SOURCE conv.cpp:53 VARIABLE add_ln53_1 LOOP VITIS_LOOP_38_4_VITIS_LOOP_40_6_VITIS_LOOP_46_8_VITIS_LOOP_47_9 BUNDLEDNAME {} DSP 0 BRAM 0 URAM 0 DISPNAME {bind_op add}} {BINDTYPE op ID {} IMPL fabric LATENCY 0 OPTYPE add PRAGMA {} RTLNAME add_ln53_2_fu_1032_p2 SOURCE conv.cpp:53 VARIABLE add_ln53_2 LOOP VITIS_LOOP_38_4_VITIS_LOOP_40_6_VITIS_LOOP_46_8_VITIS_LOOP_47_9 BUNDLEDNAME {} DSP 0 BRAM 0 URAM 0 DISPNAME {bind_op add}} {BINDTYPE op ID {} IMPL fabric LATENCY 0 OPTYPE add PRAGMA {} RTLNAME add_ln53_3_fu_1041_p2 SOURCE conv.cpp:53 VARIABLE add_ln53_3 LOOP VITIS_LOOP_38_4_VITIS_LOOP_40_6_VITIS_LOOP_46_8_VITIS_LOOP_47_9 BUNDLEDNAME {} DSP 0 BRAM 0 URAM 0 DISPNAME {bind_op add}} {BINDTYPE op ID {} IMPL fabric LATENCY 0 OPTYPE add PRAGMA {} RTLNAME add_ln53_5_fu_1091_p2 SOURCE conv.cpp:53 VARIABLE add_ln53_5 LOOP VITIS_LOOP_38_4_VITIS_LOOP_40_6_VITIS_LOOP_46_8_VITIS_LOOP_47_9 BUNDLEDNAME {} DSP 0 BRAM 0 URAM 0 DISPNAME {bind_op add}} {BINDTYPE op ID {} IMPL fabric LATENCY 0 OPTYPE add PRAGMA {} RTLNAME add_ln53_6_fu_1100_p2 SOURCE conv.cpp:53 VARIABLE add_ln53_6 LOOP VITIS_LOOP_38_4_VITIS_LOOP_40_6_VITIS_LOOP_46_8_VITIS_LOOP_47_9 BUNDLEDNAME {} DSP 0 BRAM 0 URAM 0 DISPNAME {bind_op add}} {BINDTYPE op ID {} IMPL maxdsp LATENCY 3 OPTYPE fmul PRAGMA {} RTLNAME fmul_32ns_32ns_32_4_max_dsp_1_U5 SOURCE conv.cpp:53 VARIABLE mul LOOP VITIS_LOOP_38_4_VITIS_LOOP_40_6_VITIS_LOOP_46_8_VITIS_LOOP_47_9 BUNDLEDNAME {} DSP 3 BRAM 0 URAM 0 DISPNAME {bind_op fmul}} {BINDTYPE op ID {} IMPL fulldsp LATENCY 4 OPTYPE fadd PRAGMA {} RTLNAME fadd_32ns_32ns_32_5_full_dsp_1_U4 SOURCE conv.cpp:53 VARIABLE add LOOP VITIS_LOOP_38_4_VITIS_LOOP_40_6_VITIS_LOOP_46_8_VITIS_LOOP_47_9 BUNDLEDNAME {} DSP 2 BRAM 0 URAM 0 DISPNAME {bind_op fadd}} {BINDTYPE op ID {} IMPL fabric LATENCY 0 OPTYPE add PRAGMA {} RTLNAME add_ln47_fu_1310_p2 SOURCE conv.cpp:47 VARIABLE add_ln47 LOOP VITIS_LOOP_38_4_VITIS_LOOP_40_6_VITIS_LOOP_46_8_VITIS_LOOP_47_9 BUNDLEDNAME {} DSP 0 BRAM 0 URAM 0 DISPNAME {bind_op add}} {BINDTYPE op ID {} IMPL fabric LATENCY 0 OPTYPE add PRAGMA {} RTLNAME add_ln46_1_fu_1315_p2 SOURCE conv.cpp:46 VARIABLE add_ln46_1 LOOP VITIS_LOOP_38_4_VITIS_LOOP_40_6_VITIS_LOOP_46_8_VITIS_LOOP_47_9 BUNDLEDNAME {} DSP 0 BRAM 0 URAM 0 DISPNAME {bind_op add}} {BINDTYPE op ID {} IMPL fabric LATENCY 0 OPTYPE add PRAGMA {} RTLNAME add_ln42_1_fu_1351_p2 SOURCE conv.cpp:42 VARIABLE add_ln42_1 LOOP VITIS_LOOP_38_4_VITIS_LOOP_40_6_VITIS_LOOP_46_8_VITIS_LOOP_47_9 BUNDLEDNAME {} DSP 0 BRAM 0 URAM 0 DISPNAME {bind_op add}} {BINDTYPE op ID {} IMPL fabric LATENCY 0 OPTYPE add PRAGMA {} RTLNAME add_ln40_1_fu_1363_p2 SOURCE conv.cpp:40 VARIABLE add_ln40_1 LOOP VITIS_LOOP_38_4_VITIS_LOOP_40_6_VITIS_LOOP_46_8_VITIS_LOOP_47_9 BUNDLEDNAME {} DSP 0 BRAM 0 URAM 0 DISPNAME {bind_op add}} {BINDTYPE op ID {} IMPL fabric LATENCY 0 OPTYPE add PRAGMA {} RTLNAME add_ln39_1_fu_1375_p2 SOURCE conv.cpp:39 VARIABLE add_ln39_1 LOOP VITIS_LOOP_38_4_VITIS_LOOP_40_6_VITIS_LOOP_46_8_VITIS_LOOP_47_9 BUNDLEDNAME {} DSP 0 BRAM 0 URAM 0 DISPNAME {bind_op add}}} AREA {DSP 12 BRAM 0 URAM 0}} conv_Pipeline_VITIS_LOOP_62_10_VITIS_LOOP_63_11_VITIS_LOOP_64_12 {BINDINFO {{BINDTYPE op ID {} IMPL auto LATENCY 0 OPTYPE mul PRAGMA {} RTLNAME mul_6ns_9ns_14_1_1_U36 SOURCE conv.cpp:66 VARIABLE mul_ln66 LOOP VITIS_LOOP_62_10_VITIS_LOOP_63_11_VITIS_LOOP_64_12 BUNDLEDNAME {} DSP 0 BRAM 0 URAM 0 DISPNAME {bind_op mul}} {BINDTYPE op ID {} IMPL fabric LATENCY 0 OPTYPE add PRAGMA {} RTLNAME add_ln62_fu_201_p2 SOURCE conv.cpp:62 VARIABLE add_ln62 LOOP VITIS_LOOP_62_10_VITIS_LOOP_63_11_VITIS_LOOP_64_12 BUNDLEDNAME {} DSP 0 BRAM 0 URAM 0 DISPNAME {bind_op add}} {BINDTYPE op ID {} IMPL fabric LATENCY 0 OPTYPE add PRAGMA {} RTLNAME add_ln62_2_fu_216_p2 SOURCE conv.cpp:62 VARIABLE add_ln62_2 LOOP VITIS_LOOP_62_10_VITIS_LOOP_63_11_VITIS_LOOP_64_12 BUNDLEDNAME {} DSP 0 BRAM 0 URAM 0 DISPNAME {bind_op add}} {BINDTYPE op ID {} IMPL dsp48 LATENCY 3 OPTYPE mul PRAGMA {} RTLNAME mul_mul_7ns_14ns_21_4_1_U38 SOURCE conv.cpp:62 VARIABLE mul_ln62 LOOP VITIS_LOOP_62_10_VITIS_LOOP_63_11_VITIS_LOOP_64_12 BUNDLEDNAME {} DSP 1 BRAM 0 URAM 0 DISPNAME {bind_op mul}} {BINDTYPE op ID {} IMPL fabric LATENCY 0 OPTYPE add PRAGMA {} RTLNAME add_ln63_fu_293_p2 SOURCE conv.cpp:63 VARIABLE add_ln63 LOOP VITIS_LOOP_62_10_VITIS_LOOP_63_11_VITIS_LOOP_64_12 BUNDLEDNAME {} DSP 0 BRAM 0 URAM 0 DISPNAME {bind_op add}} {BINDTYPE op ID {} IMPL auto LATENCY 0 OPTYPE mul PRAGMA {} RTLNAME mul_6ns_9ns_14_1_1_U37 SOURCE conv.cpp:66 VARIABLE mul_ln66_1 LOOP VITIS_LOOP_62_10_VITIS_LOOP_63_11_VITIS_LOOP_64_12 BUNDLEDNAME {} DSP 0 BRAM 0 URAM 0 DISPNAME {bind_op mul}} {BINDTYPE op ID {} IMPL fabric LATENCY 0 OPTYPE add PRAGMA {} RTLNAME add_ln66_fu_379_p2 SOURCE conv.cpp:66 VARIABLE add_ln66 LOOP VITIS_LOOP_62_10_VITIS_LOOP_63_11_VITIS_LOOP_64_12 BUNDLEDNAME {} DSP 0 BRAM 0 URAM 0 DISPNAME {bind_op add}} {BINDTYPE op ID {} IMPL fabric LATENCY 0 OPTYPE add PRAGMA {} RTLNAME add_ln64_fu_320_p2 SOURCE conv.cpp:64 VARIABLE add_ln64 LOOP VITIS_LOOP_62_10_VITIS_LOOP_63_11_VITIS_LOOP_64_12 BUNDLEDNAME {} DSP 0 BRAM 0 URAM 0 DISPNAME {bind_op add}} {BINDTYPE op ID {} IMPL fabric LATENCY 0 OPTYPE add PRAGMA {} RTLNAME add_ln63_1_fu_234_p2 SOURCE conv.cpp:63 VARIABLE add_ln63_1 LOOP VITIS_LOOP_62_10_VITIS_LOOP_63_11_VITIS_LOOP_64_12 BUNDLEDNAME {} DSP 0 BRAM 0 URAM 0 DISPNAME {bind_op add}}} AREA {DSP 1 BRAM 0 URAM 0}} conv {BINDINFO {{BINDTYPE op ID {} IMPL fabric LATENCY 0 OPTYPE add PRAGMA {} RTLNAME add_ln28_fu_227_p2 SOURCE conv.cpp:28 VARIABLE add_ln28 LOOP VITIS_LOOP_28_1 BUNDLEDNAME {} DSP 0 BRAM 0 URAM 0 DISPNAME {bind_op add}}} AREA {DSP 13 BRAM 0 URAM 0}}}}'
INFO-FLOW: DBG:PUTS:      update_csynth_reports json2rpt_hw_sw_interfaces
Execute         send_msg_by_id INFO @200-1603@%s  and missed bursts 
INFO: [HLS 200-1603] Design has inferred MAXI bursts and missed bursts, see Vitis HLS GUI synthesis summary report for detailed information.
INFO-FLOW: Running: gen_csynth_sec_pragma
INFO-FLOW: Done: gen_csynth_sec_pragma time: 0 seconds per iteration
INFO-FLOW: DBG:PUTS:      update_csynth_reports wrote xml
INFO-FLOW: DBG:PUTS:      update_csynth_reports appended to csynth rpt file
INFO: [HLS 200-111] Finished Updating report files: CPU user time: 0.86 seconds. CPU system time: 0.04 seconds. Elapsed time: 0.9 seconds; current allocated memory: 409.535 MB.
INFO: [VHDL 208-304] Generating VHDL RTL for conv.
INFO: [VLOG 209-307] Generating Verilog RTL for conv.
Execute         syn_report -model conv -printsummary 
INFO: [HLS 200-790] **** Loop Constraint Status: All loop constraints were NOT satisfied.
INFO: [HLS 200-789] **** Estimated Fmax: 136.99 MHz
Command       autosyn done; 10.53 sec.
Command     csynth_design done; 17.09 sec.
INFO: [HLS 200-111] Finished Command csynth_design CPU user time: 15.72 seconds. CPU system time: 1.37 seconds. Elapsed time: 17.09 seconds; current allocated memory: 128.000 MB.
Execute     export_design -format ip_catalog 
INFO: [HLS 200-1510] Running: export_design -format ip_catalog 
Execute       config_export -format=ip_catalog 
INFO-FLOW: DBG:PUTS: export_design_wrap: -format ip_catalog -rtl verilog
Execute       source /home/ykim131_588fa26/Desktop/ECE588/ECE588_fa2026_Lab03/part2/vitis.prj/solution1/.autopilot/db/global.setting.tcl 
INFO-FLOW: DBG:PUTS:   auto_impl: pack: -export -rtl verilog
INFO-FLOW: DBG:PROC: ::AESL_AUTOIMPL::auto_impl args='-export -rtl verilog'
Execute       source /home/ykim131_588fa26/Desktop/ECE588/ECE588_fa2026_Lab03/part2/vitis.prj/solution1/.autopilot/db/global.setting.tcl 
INFO: [IMPL 213-8] Exporting RTL as a Vivado IP.
Execute       source /home/ykim131_588fa26/Desktop/ECE588/ECE588_fa2026_Lab03/part2/vitis.prj/solution1/.autopilot/db/global.setting.tcl 
INFO-FLOW: DBG:PUTS: automg_wrap -export -pcore_version 1.00.a -rtl vlog -tool Vivado -impltomg_flag
INFO-FLOW: DBG:PROC: ::AESL_AUTOMG::auto_generate args='-export -pcore_version 1.00.a -rtl vlog -tool Vivado -impltomg_flag'
INFO-FLOW: DBG:PUTS:     auto_generate -export -pcore_version 1.00.a -rtl vlog -tool Vivado -impltomg_flag
Execute       source /home/ykim131_588fa26/Desktop/ECE588/ECE588_fa2026_Lab03/part2/vitis.prj/solution1/.autopilot/db/global.setting.tcl 
INFO-FLOW: DBG:PUTS: read_platform_lib /home/ykim131_588fa26/Desktop/ECE588/ECE588_fa2026_Lab03/part2/vitis.prj/solution1/.autopilot/db/global.setting.tcl
Execute       source /apps/Xilinx/Vitis_HLS/2022.2/common/technology/generic/autopilot/common.gen 
Execute         source /apps/Xilinx/Vitis_HLS/2022.2/common/technology/generic/autopilot/APCoreGen.gen 
Execute       source /apps/Xilinx/Vitis_HLS/2022.2/common/technology/generic/autopilot/op.gen 
Execute       source /apps/Xilinx/Vitis_HLS/2022.2/common/technology/generic/autopilot/op_simcore.gen 
Execute       source /apps/Xilinx/Vitis_HLS/2022.2/common/technology/generic/autopilot/interface.gen 
Execute       source /home/ykim131_588fa26/Desktop/ECE588/ECE588_fa2026_Lab03/part2/vitis.prj/solution1/.autopilot/db/global.setting.tcl 
Execute       source /apps/Xilinx/Vitis_HLS/2022.2/common/technology/xilinx/common/xilinx.gen 
Execute         source /apps/Xilinx/Vitis_HLS/2022.2/common/technology/xilinx/interface/plb46.gen 
Execute         source /apps/Xilinx/Vitis_HLS/2022.2/common/technology/xilinx/interface/axi4.gen 
Execute         source /apps/Xilinx/Vitis_HLS/2022.2/common/technology/xilinx/interface/nativeAXI4.gen 
Execute           source /apps/Xilinx/Vitis_HLS/2022.2/common/technology/xilinx/interface/saxilite.gen 
Execute         source /apps/Xilinx/Vitis_HLS/2022.2/common/technology/xilinx/scripts/xilinxcoregen.gen 
Execute         source /apps/Xilinx/Vitis_HLS/2022.2/common/technology/xilinx/interface/XilEDKCoreGen.gen 
Execute         source /apps/Xilinx/Vitis_HLS/2022.2/common/technology/xilinx/ip/dds_compiler.gen 
Execute         source /apps/Xilinx/Vitis_HLS/2022.2/common/technology/xilinx/ip/util.gen 
Execute         source /apps/Xilinx/Vitis_HLS/2022.2/common/technology/xilinx/ip/xfft.gen 
Execute         source /apps/Xilinx/Vitis_HLS/2022.2/common/technology/xilinx/ip/xfir.gen 
Execute         source /apps/Xilinx/Vitis_HLS/2022.2/common/technology/xilinx/DSP48/dsp48.gen 
Command       ap_source done; 0.13 sec.
INFO-FLOW: DBG:PUTS:       initCTypeInfo top_module=conv xml_exists=0
Execute       source /home/ykim131_588fa26/Desktop/ECE588/ECE588_fa2026_Lab03/part2/vitis.prj/solution1/.autopilot/db/conv.rtl_wrap.cfg.tcl 
Execute       source /home/ykim131_588fa26/Desktop/ECE588/ECE588_fa2026_Lab03/part2/vitis.prj/solution1/.autopilot/db/conv.rtl_wrap.cfg.tcl 
Execute       source /home/ykim131_588fa26/Desktop/ECE588/ECE588_fa2026_Lab03/part2/vitis.prj/solution1/.autopilot/db/conv.rtl_wrap.cfg.tcl 
Execute       source /home/ykim131_588fa26/Desktop/ECE588/ECE588_fa2026_Lab03/part2/vitis.prj/solution1/.autopilot/db/conv.tbgen.tcl 
Execute       source /home/ykim131_588fa26/Desktop/ECE588/ECE588_fa2026_Lab03/part2/vitis.prj/solution1/.autopilot/db/conv.tbgen.tcl 
Execute       source /home/ykim131_588fa26/Desktop/ECE588/ECE588_fa2026_Lab03/part2/vitis.prj/solution1/.autopilot/db/global.setting.tcl 
Execute       source /home/ykim131_588fa26/Desktop/ECE588/ECE588_fa2026_Lab03/part2/vitis.prj/solution1/.autopilot/db/conv.tbgen.tcl 
INFO-FLOW: DBG:PUTS:       cosim_export_main adding deadlock detection to conv
INFO-FLOW: DBG:PUTS: Skipping loadAnalyze_DB, #g_database=6
INFO-FLOW: DBG:PUTS:       generate_json generate_bd_files=0 generate_xo_files=false #modelList=20 #gSsdmPorts=0
INFO-FLOW: DBG:PROC: ::AP::DESIGN_DATA::generate_json generate_bd_files='0' generate_xo_files='false' modelList='conv_flow_control_loop_pipe_sequential_init
conv_fadd_32ns_32ns_32_5_full_dsp_1
conv_fmul_32ns_32ns_32_4_max_dsp_1
conv_mul_2ns_19ns_20_1_1
conv_mul_2ns_10ns_11_1_1
conv_mul_4ns_7ns_9_1_1
conv_mul_6ns_9ns_14_1_1
conv_mul_mul_9s_10ns_19_4_1
conv_mul_mul_7ns_11ns_18_4_1
conv_mul_mul_7ns_14ns_21_4_1
conv_flow_control_loop_pipe_sequential_init
conv_fcmp_32ns_32ns_1_2_no_dsp_1
conv_flow_control_loop_pipe_sequential_init
conv_mem1_m_axi
conv_mem2_m_axi
conv_control_s_axi
conv_Pipeline_VITIS_LOOP_29_2_VITIS_LOOP_30_3
conv_Pipeline_VITIS_LOOP_38_4_VITIS_LOOP_40_6_VITIS_LOOP_46_8_VITIS_LOOP_47_9
conv_Pipeline_VITIS_LOOP_62_10_VITIS_LOOP_63_11_VITIS_LOOP_64_12
conv
' rtl_lang='vlog' bootstrap_tcl='false' outdir='' outfilename=''
Execute       source /home/ykim131_588fa26/Desktop/ECE588/ECE588_fa2026_Lab03/part2/vitis.prj/solution1/.autopilot/db/global.setting.tcl 
Execute       source /home/ykim131_588fa26/Desktop/ECE588/ECE588_fa2026_Lab03/part2/vitis.prj/solution1/.autopilot/db/global.setting.tcl 
Execute       source /home/ykim131_588fa26/Desktop/ECE588/ECE588_fa2026_Lab03/part2/vitis.prj/solution1/.autopilot/db/top-io-be.tcl 
Execute       source /home/ykim131_588fa26/Desktop/ECE588/ECE588_fa2026_Lab03/part2/vitis.prj/solution1/.autopilot/db/conv.tbgen.tcl 
Execute       source /home/ykim131_588fa26/Desktop/ECE588/ECE588_fa2026_Lab03/part2/vitis.prj/solution1/.autopilot/db/conv.compgen.dataonly.tcl 
Execute       source /home/ykim131_588fa26/Desktop/ECE588/ECE588_fa2026_Lab03/part2/vitis.prj/solution1/.autopilot/db/conv.compgen.dataonly.tcl 
Execute       source /home/ykim131_588fa26/Desktop/ECE588/ECE588_fa2026_Lab03/part2/vitis.prj/solution1/.autopilot/db/conv.rtl_wrap.cfg.tcl 
Execute       source /home/ykim131_588fa26/Desktop/ECE588/ECE588_fa2026_Lab03/part2/vitis.prj/solution1/.autopilot/db/conv.compgen.dataonly.tcl 
Execute       source /home/ykim131_588fa26/Desktop/ECE588/ECE588_fa2026_Lab03/part2/vitis.prj/solution1/.autopilot/db/conv_Pipeline_VITIS_LOOP_29_2_VITIS_LOOP_30_3.tbgen.tcl 
Execute       source /home/ykim131_588fa26/Desktop/ECE588/ECE588_fa2026_Lab03/part2/vitis.prj/solution1/.autopilot/db/conv_Pipeline_VITIS_LOOP_38_4_VITIS_LOOP_40_6_VITIS_LOOP_46_8_VITIS_LOOP_47_9.tbgen.tcl 
Execute       source /home/ykim131_588fa26/Desktop/ECE588/ECE588_fa2026_Lab03/part2/vitis.prj/solution1/.autopilot/db/conv_Pipeline_VITIS_LOOP_62_10_VITIS_LOOP_63_11_VITIS_LOOP_64_12.tbgen.tcl 
Execute       source /home/ykim131_588fa26/Desktop/ECE588/ECE588_fa2026_Lab03/part2/vitis.prj/solution1/.autopilot/db/conv.tbgen.tcl 
Execute       source /home/ykim131_588fa26/Desktop/ECE588/ECE588_fa2026_Lab03/part2/vitis.prj/solution1/.autopilot/db/global.setting.tcl 
Execute       ap_part_info -name xc7z020-clg400-1 -data names -quiet 
Execute       ap_part_info -name xc7z020-clg400-1 -data info -quiet 
Execute       source /home/ykim131_588fa26/Desktop/ECE588/ECE588_fa2026_Lab03/part2/vitis.prj/solution1/.autopilot/db/conv.constraint.tcl 
Execute       sc_get_clocks conv 
Execute       source /home/ykim131_588fa26/Desktop/ECE588/ECE588_fa2026_Lab03/part2/vitis.prj/solution1/.autopilot/db/global.setting.tcl 
Execute       source /home/ykim131_588fa26/Desktop/ECE588/ECE588_fa2026_Lab03/part2/vitis.prj/solution1/impl/misc/conv_fadd_32ns_32ns_32_5_full_dsp_1_ip.tcl 
Execute       source /home/ykim131_588fa26/Desktop/ECE588/ECE588_fa2026_Lab03/part2/vitis.prj/solution1/impl/misc/conv_fcmp_32ns_32ns_1_2_no_dsp_1_ip.tcl 
Execute       source /home/ykim131_588fa26/Desktop/ECE588/ECE588_fa2026_Lab03/part2/vitis.prj/solution1/impl/misc/conv_fmul_32ns_32ns_32_4_max_dsp_1_ip.tcl 
Execute       source /home/ykim131_588fa26/Desktop/ECE588/ECE588_fa2026_Lab03/part2/vitis.prj/solution1/.autopilot/db/global.setting.tcl 
Execute       source /home/ykim131_588fa26/Desktop/ECE588/ECE588_fa2026_Lab03/part2/vitis.prj/solution1/.autopilot/db/conv.tbgen.tcl 
INFO-FLOW: DBG:PUTS:       cosim_export_main adding deadlock detection to conv
INFO-FLOW: DBG:PUTS:       copy ip_driver_dir 1_0 /home/ykim131_588fa26/Desktop/ECE588/ECE588_fa2026_Lab03/part2/vitis.prj/solution1/.autopilot/db/driver
INFO-FLOW: DBG:PUTS:       generate_ip_script #gSsdmPorts=0 g_lang=vlog is_sdaccel=false is_sdsoc=true xo_file=
Execute       ap_part_info -name xc7z020-clg400-1 -data names -quiet 
Execute       ap_part_info -name xc7z020-clg400-1 -data info -quiet 
Execute       ap_part_info -name xc7z020-clg400-1 -data names -quiet 
Execute       ap_part_info -name xc7z020-clg400-1 -data info -quiet 
Execute       source /home/ykim131_588fa26/Desktop/ECE588/ECE588_fa2026_Lab03/part2/vitis.prj/solution1/.autopilot/db/conv.tbgen.tcl 
Execute       source /home/ykim131_588fa26/Desktop/ECE588/ECE588_fa2026_Lab03/part2/vitis.prj/solution1/.autopilot/db/conv.compgen.dataonly.tcl 
Execute       source /home/ykim131_588fa26/Desktop/ECE588/ECE588_fa2026_Lab03/part2/vitis.prj/solution1/.autopilot/db/conv.compgen.dataonly.tcl 
Execute       source /home/ykim131_588fa26/Desktop/ECE588/ECE588_fa2026_Lab03/part2/vitis.prj/solution1/.autopilot/db/global.setting.tcl 
INFO-FLOW: DBG:PUTS:       generate_top_info
INFO-FLOW: DBG:PUTS:       prepArgInfo -> loadAnalyze_DB top_module=conv
Execute       source /home/ykim131_588fa26/Desktop/ECE588/ECE588_fa2026_Lab03/part2/vitis.prj/solution1/.autopilot/db/conv.rtl_wrap.cfg.tcl 
Execute       source /home/ykim131_588fa26/Desktop/ECE588/ECE588_fa2026_Lab03/part2/vitis.prj/solution1/.autopilot/db/conv.rtl_wrap.cfg.tcl 
Execute       source /home/ykim131_588fa26/Desktop/ECE588/ECE588_fa2026_Lab03/part2/vitis.prj/solution1/.autopilot/db/conv.rtl_wrap.cfg.tcl 
Execute       source /home/ykim131_588fa26/Desktop/ECE588/ECE588_fa2026_Lab03/part2/vitis.prj/solution1/.autopilot/db/conv.tbgen.tcl 
Execute       source /home/ykim131_588fa26/Desktop/ECE588/ECE588_fa2026_Lab03/part2/vitis.prj/solution1/.autopilot/db/conv.tbgen.tcl 
Execute       ap_part_info -name xc7z020-clg400-1 -data names -quiet 
Execute       ap_part_info -name xc7z020-clg400-1 -data info -quiet 
Execute       source /home/ykim131_588fa26/Desktop/ECE588/ECE588_fa2026_Lab03/part2/vitis.prj/solution1/.autopilot/db/global.setting.tcl 
Execute       ap_part_info -name xc7z020-clg400-1 -data names -quiet 
Execute       ap_part_info -name xc7z020-clg400-1 -data info -quiet 
Execute       ap_part_info -name xc7z020-clg400-1 -data names -quiet 
Execute       ap_part_info -name xc7z020-clg400-1 -data info -quiet 
Execute       source /home/ykim131_588fa26/Desktop/ECE588/ECE588_fa2026_Lab03/part2/vitis.prj/solution1/.autopilot/db/conv.tbgen.tcl 
Execute       source /home/ykim131_588fa26/Desktop/ECE588/ECE588_fa2026_Lab03/part2/vitis.prj/solution1/.autopilot/db/global.setting.tcl 
Execute       source /home/ykim131_588fa26/Desktop/ECE588/ECE588_fa2026_Lab03/part2/vitis.prj/solution1/.autopilot/db/conv.constraint.tcl 
INFO-FLOW: DBG:PUTS:       generate_ipi_example_script
Execute       ap_part_info -name xc7z020-clg400-1 -data names -quiet 
Execute       ap_part_info -name xc7z020-clg400-1 -data info -quiet 
Execute       ap_part_info -name xc7z020-clg400-1 -data names -quiet 
Execute       ap_part_info -name xc7z020-clg400-1 -data info -quiet 
INFO-FLOW: DBG:PUTS:       generate_syn_sh
Execute       ap_part_info -name xc7z020-clg400-1 -data names -quiet 
Execute       ap_part_info -name xc7z020-clg400-1 -data info -quiet 
Execute       source /home/ykim131_588fa26/Desktop/ECE588/ECE588_fa2026_Lab03/part2/vitis.prj/solution1/.autopilot/db/global.setting.tcl 
INFO-FLOW: DBG:PUTS:       generate_imp_constraints
Execute       ap_part_info -name xc7z020-clg400-1 -data names -quiet 
Execute       ap_part_info -name xc7z020-clg400-1 -data info -quiet 
Execute       source /home/ykim131_588fa26/Desktop/ECE588/ECE588_fa2026_Lab03/part2/vitis.prj/solution1/.autopilot/db/conv.constraint.tcl 
Execute       source /home/ykim131_588fa26/Desktop/ECE588/ECE588_fa2026_Lab03/part2/vitis.prj/solution1/.autopilot/db/conv.tbgen.tcl 
INFO-FLOW: DBG:PUTS:       delete-temp-dirs (skipped for debug)
Execute       ap_part_info -name xc7z020-clg400-1 -data names -quiet 
Execute       ap_part_info -name xc7z020-clg400-1 -data info -quiet 
INFO-FLOW: DBG:PUTS: read_platform_lib /home/ykim131_588fa26/Desktop/ECE588/ECE588_fa2026_Lab03/part2/vitis.prj/solution1/.autopilot/db/global.setting.tcl
Execute       source /apps/Xilinx/Vitis_HLS/2022.2/common/technology/generic/autopilot/common.gen 
Execute         source /apps/Xilinx/Vitis_HLS/2022.2/common/technology/generic/autopilot/APCoreGen.gen 
Execute       source /apps/Xilinx/Vitis_HLS/2022.2/common/technology/generic/autopilot/op.gen 
Execute       source /apps/Xilinx/Vitis_HLS/2022.2/common/technology/generic/autopilot/op_simcore.gen 
Execute       source /apps/Xilinx/Vitis_HLS/2022.2/common/technology/generic/autopilot/interface.gen 
Execute       source /home/ykim131_588fa26/Desktop/ECE588/ECE588_fa2026_Lab03/part2/vitis.prj/solution1/.autopilot/db/global.setting.tcl 
Execute       source /apps/Xilinx/Vitis_HLS/2022.2/common/technology/xilinx/common/xilinx.gen 
Execute         source /apps/Xilinx/Vitis_HLS/2022.2/common/technology/xilinx/interface/plb46.gen 
Execute         source /apps/Xilinx/Vitis_HLS/2022.2/common/technology/xilinx/interface/axi4.gen 
Execute         source /apps/Xilinx/Vitis_HLS/2022.2/common/technology/xilinx/interface/nativeAXI4.gen 
Execute           source /apps/Xilinx/Vitis_HLS/2022.2/common/technology/xilinx/interface/saxilite.gen 
Execute         source /apps/Xilinx/Vitis_HLS/2022.2/common/technology/xilinx/scripts/xilinxcoregen.gen 
Execute         source /apps/Xilinx/Vitis_HLS/2022.2/common/technology/xilinx/interface/XilEDKCoreGen.gen 
Execute         source /apps/Xilinx/Vitis_HLS/2022.2/common/technology/xilinx/ip/dds_compiler.gen 
Execute         source /apps/Xilinx/Vitis_HLS/2022.2/common/technology/xilinx/ip/util.gen 
Execute         source /apps/Xilinx/Vitis_HLS/2022.2/common/technology/xilinx/ip/xfft.gen 
Execute         source /apps/Xilinx/Vitis_HLS/2022.2/common/technology/xilinx/ip/xfir.gen 
Execute         source /apps/Xilinx/Vitis_HLS/2022.2/common/technology/xilinx/DSP48/dsp48.gen 
Command       ap_source done; 0.13 sec.
INFO-FLOW: DBG:PUTS:     IP package: exec /home/ykim131_588fa26/Desktop/ECE588/ECE588_fa2026_Lab03/part2/vitis.prj/solution1/impl/ip/pack.sh
INFO-FLOW: DBG:PUTS:     IP package: success /home/ykim131_588fa26/Desktop/ECE588/ECE588_fa2026_Lab03/part2/vitis.prj/solution1/impl/ip/pack.sh
Execute       send_msg_by_id INFO @200-802@%s vitis.prj/solution1/impl/export.zip 
INFO: [HLS 200-802] Generated output file vitis.prj/solution1/impl/export.zip
Command     export_design done; 36.47 sec.
INFO: [HLS 200-111] Finished Command export_design CPU user time: 26.18 seconds. CPU system time: 1.62 seconds. Elapsed time: 36.47 seconds; current allocated memory: 0.000 MB.
Execute     cleanup_all 
