

================================================================
== Vitis HLS Report for 'matmul_Pipeline_VITIS_LOOP_61_9'
================================================================
* Date:           Tue Oct  6 17:16:02 2026

* Version:        2022.2 (Build 3670227 on Oct 13 2022)
* Project:        vitis.prj
* Solution:       solution1 (Vivado IP Flow Target)
* Product family: zynq
* Target device:  xc7z020-clg400-1


================================================================
== Performance Estimates
================================================================
+ Timing: 
    * Summary: 
    +--------+----------+----------+------------+
    |  Clock |  Target  | Estimated| Uncertainty|
    +--------+----------+----------+------------+
    |ap_clk  |  10.00 ns|  6.277 ns|     2.70 ns|
    +--------+----------+----------+------------+

+ Latency: 
    * Summary: 
    +---------+---------+----------+----------+-----+-----+---------+
    |  Latency (cycles) |  Latency (absolute) |  Interval | Pipeline|
    |   min   |   max   |    min   |    max   | min | max |   Type  |
    +---------+---------+----------+----------+-----+-----+---------+
    |       18|       18|  0.180 us|  0.180 us|   18|   18|       no|
    +---------+---------+----------+----------+-----+-----+---------+

    + Detail: 
        * Instance: 
        N/A

        * Loop: 
        +-------------------+---------+---------+----------+-----------+-----------+------+----------+
        |                   |  Latency (cycles) | Iteration|  Initiation Interval  | Trip |          |
        |     Loop Name     |   min   |   max   |  Latency |  achieved |   target  | Count| Pipelined|
        +-------------------+---------+---------+----------+-----------+-----------+------+----------+
        |- VITIS_LOOP_61_9  |       16|       16|         8|          1|          1|    10|       yes|
        +-------------------+---------+---------+----------+-----------+-----------+------+----------+



================================================================
== Utilization Estimates
================================================================
* Summary: 
+-----------------+---------+-----+--------+-------+-----+
|       Name      | BRAM_18K| DSP |   FF   |  LUT  | URAM|
+-----------------+---------+-----+--------+-------+-----+
|DSP              |        -|   15|       -|      -|    -|
|Expression       |        -|    -|       0|    162|    -|
|FIFO             |        -|    -|       -|      -|    -|
|Instance         |        -|    -|       0|  10905|    -|
|Memory           |        -|    -|       -|      -|    -|
|Multiplexer      |        -|    -|       -|     63|    -|
|Register         |        -|    -|     816|    192|    -|
+-----------------+---------+-----+--------+-------+-----+
|Total            |        0|   15|     816|  11322|    0|
+-----------------+---------+-----+--------+-------+-----+
|Available        |      280|  220|  106400|  53200|    0|
+-----------------+---------+-----+--------+-------+-----+
|Utilization (%)  |        0|    6|      ~0|     21|    0|
+-----------------+---------+-----+--------+-------+-----+

+ Detail: 
    * Instance: 
    +----------------------+-----------------+---------+----+---+-----+-----+
    |       Instance       |      Module     | BRAM_18K| DSP| FF| LUT | URAM|
    +----------------------+-----------------+---------+----+---+-----+-----+
    |mux_1368_16_1_1_U177  |mux_1368_16_1_1  |        0|   0|  0|  727|    0|
    |mux_1368_16_1_1_U178  |mux_1368_16_1_1  |        0|   0|  0|  727|    0|
    |mux_1368_16_1_1_U179  |mux_1368_16_1_1  |        0|   0|  0|  727|    0|
    |mux_1368_16_1_1_U180  |mux_1368_16_1_1  |        0|   0|  0|  727|    0|
    |mux_1368_16_1_1_U181  |mux_1368_16_1_1  |        0|   0|  0|  727|    0|
    |mux_1368_16_1_1_U182  |mux_1368_16_1_1  |        0|   0|  0|  727|    0|
    |mux_1368_16_1_1_U183  |mux_1368_16_1_1  |        0|   0|  0|  727|    0|
    |mux_1368_16_1_1_U184  |mux_1368_16_1_1  |        0|   0|  0|  727|    0|
    |mux_1368_16_1_1_U185  |mux_1368_16_1_1  |        0|   0|  0|  727|    0|
    |mux_1368_16_1_1_U186  |mux_1368_16_1_1  |        0|   0|  0|  727|    0|
    |mux_1368_16_1_1_U187  |mux_1368_16_1_1  |        0|   0|  0|  727|    0|
    |mux_1368_16_1_1_U188  |mux_1368_16_1_1  |        0|   0|  0|  727|    0|
    |mux_1368_16_1_1_U189  |mux_1368_16_1_1  |        0|   0|  0|  727|    0|
    |mux_1368_16_1_1_U190  |mux_1368_16_1_1  |        0|   0|  0|  727|    0|
    |mux_1368_16_1_1_U191  |mux_1368_16_1_1  |        0|   0|  0|  727|    0|
    +----------------------+-----------------+---------+----+---+-----+-----+
    |Total                 |                 |        0|   0|  0|10905|    0|
    +----------------------+-----------------+---------+----+---+-----+-----+

    * DSP: 
    +-------------------------------------+--------------------------------+--------------+
    |               Instance              |             Module             |  Expression  |
    +-------------------------------------+--------------------------------+--------------+
    |mac_muladd_16s_16s_16ns_16_4_1_U196  |mac_muladd_16s_16s_16ns_16_4_1  |  i0 + i1 * i2|
    |mac_muladd_16s_16s_16ns_16_4_1_U199  |mac_muladd_16s_16s_16ns_16_4_1  |  i0 + i1 * i2|
    |mac_muladd_16s_16s_16ns_16_4_1_U200  |mac_muladd_16s_16s_16ns_16_4_1  |  i0 + i1 * i2|
    |mac_muladd_16s_16s_16ns_16_4_1_U201  |mac_muladd_16s_16s_16ns_16_4_1  |  i0 + i1 * i2|
    |mac_muladd_16s_16s_16ns_16_4_1_U202  |mac_muladd_16s_16s_16ns_16_4_1  |  i0 + i1 * i2|
    |mac_muladd_16s_16s_16ns_16_4_1_U203  |mac_muladd_16s_16s_16ns_16_4_1  |  i0 + i1 * i2|
    |mac_muladd_16s_16s_16ns_16_4_1_U204  |mac_muladd_16s_16s_16ns_16_4_1  |  i0 + i1 * i2|
    |mac_muladd_16s_16s_16ns_16_4_1_U205  |mac_muladd_16s_16s_16ns_16_4_1  |  i0 + i1 * i2|
    |mac_muladd_16s_16s_16ns_16_4_1_U206  |mac_muladd_16s_16s_16ns_16_4_1  |  i0 + i1 * i2|
    |mul_mul_16s_16s_16_4_1_U192          |mul_mul_16s_16s_16_4_1          |       i0 * i1|
    |mul_mul_16s_16s_16_4_1_U193          |mul_mul_16s_16s_16_4_1          |       i0 * i1|
    |mul_mul_16s_16s_16_4_1_U194          |mul_mul_16s_16s_16_4_1          |       i0 * i1|
    |mul_mul_16s_16s_16_4_1_U195          |mul_mul_16s_16s_16_4_1          |       i0 * i1|
    |mul_mul_16s_16s_16_4_1_U197          |mul_mul_16s_16s_16_4_1          |       i0 * i1|
    |mul_mul_16s_16s_16_4_1_U198          |mul_mul_16s_16s_16_4_1          |       i0 * i1|
    +-------------------------------------+--------------------------------+--------------+

    * Memory: 
    N/A

    * FIFO: 
    N/A

    * Expression: 
    +-------------------------+----------+----+---+----+------------+------------+
    |      Variable Name      | Operation| DSP| FF| LUT| Bitwidth P0| Bitwidth P1|
    +-------------------------+----------+----+---+----+------------+------------+
    |add_ln186_1_fu_1535_p2   |         +|   0|  0|  13|          10|          10|
    |add_ln61_1_fu_1522_p2    |         +|   0|  0|  13|           4|           1|
    |add_ln61_fu_5719_p2      |         +|   0|  0|  15|           8|           4|
    |add_ln840_12_fu_5748_p2  |         +|   0|  0|  23|          16|          16|
    |add_ln840_13_fu_5755_p2  |         +|   0|  0|  16|          16|          16|
    |add_ln840_14_fu_5759_p2  |         +|   0|  0|  16|          16|          16|
    |add_ln840_4_fu_5739_p2   |         +|   0|  0|  16|          16|          16|
    |add_ln840_5_fu_5743_p2   |         +|   0|  0|  16|          16|          16|
    |grp_fu_5866_p2           |         +|   0|  0|  23|          16|          16|
    |icmp_ln61_fu_1516_p2     |      icmp|   0|  0|   9|           4|           4|
    |ap_enable_pp0            |       xor|   0|  0|   2|           1|           2|
    +-------------------------+----------+----+---+----+------------+------------+
    |Total                    |          |   0|  0| 162|         123|         117|
    +-------------------------+----------+----+---+----+------------+------------+

    * Multiplexer: 
    +----------------------------------+----+-----------+-----+-----------+
    |               Name               | LUT| Input Size| Bits| Total Bits|
    +----------------------------------+----+-----------+-----+-----------+
    |ap_done_int                       |   9|          2|    1|          2|
    |ap_enable_reg_pp0_iter1           |   9|          2|    1|          2|
    |ap_sig_allocacmp_dot_load         |   9|          2|    8|         16|
    |ap_sig_allocacmp_indvars_iv_load  |   9|          2|    4|          8|
    |conv3_i_1488_fu_372               |   9|          2|   16|         32|
    |dot_fu_376                        |   9|          2|    8|         16|
    |indvars_iv_fu_380                 |   9|          2|    4|          8|
    +----------------------------------+----+-----------+-----+-----------+
    |Total                             |  63|         14|   42|         84|
    +----------------------------------+----+-----------+-----+-----------+

    * Register: 
    +-------------------------------------+----+----+-----+-----------+
    |                 Name                | FF | LUT| Bits| Const Bits|
    +-------------------------------------+----+----+-----+-----------+
    |add_ln840_12_reg_6190                |  16|   0|   16|          0|
    |add_ln840_5_reg_6185                 |  16|   0|   16|          0|
    |ap_CS_fsm                            |   1|   0|    1|          0|
    |ap_done_reg                          |   1|   0|    1|          0|
    |ap_enable_reg_pp0_iter1              |   1|   0|    1|          0|
    |ap_enable_reg_pp0_iter2              |   1|   0|    1|          0|
    |ap_enable_reg_pp0_iter3              |   1|   0|    1|          0|
    |ap_enable_reg_pp0_iter4              |   1|   0|    1|          0|
    |ap_enable_reg_pp0_iter5              |   1|   0|    1|          0|
    |ap_enable_reg_pp0_iter6              |   1|   0|    1|          0|
    |ap_enable_reg_pp0_iter7              |   1|   0|    1|          0|
    |ap_loop_exit_ready_pp0_iter1_reg     |   1|   0|    1|          0|
    |ap_loop_exit_ready_pp0_iter2_reg     |   1|   0|    1|          0|
    |ap_loop_exit_ready_pp0_iter3_reg     |   1|   0|    1|          0|
    |ap_loop_exit_ready_pp0_iter4_reg     |   1|   0|    1|          0|
    |ap_loop_exit_ready_pp0_iter5_reg     |   1|   0|    1|          0|
    |ap_loop_exit_ready_pp0_iter6_reg     |   1|   0|    1|          0|
    |conv3_i_1488_fu_372                  |  16|   0|   16|          0|
    |dot_fu_376                           |   8|   0|    8|          0|
    |icmp_ln61_reg_5896                   |   1|   0|    1|          0|
    |indvars_iv_fu_380                    |   4|   0|    4|          0|
    |tmp_10_reg_5985                      |  16|   0|   16|          0|
    |tmp_11_reg_5990                      |  16|   0|   16|          0|
    |tmp_11_reg_5990_pp0_iter1_reg        |  16|   0|   16|          0|
    |tmp_12_reg_5995                      |  16|   0|   16|          0|
    |tmp_13_reg_6000                      |  16|   0|   16|          0|
    |tmp_14_reg_6005                      |  16|   0|   16|          0|
    |tmp_1_reg_5935                       |  16|   0|   16|          0|
    |tmp_2_reg_5965                       |  16|   0|   16|          0|
    |tmp_3_reg_5940                       |  16|   0|   16|          0|
    |tmp_4_reg_5970                       |  16|   0|   16|          0|
    |tmp_5_reg_5945                       |  16|   0|   16|          0|
    |tmp_5_reg_5945_pp0_iter1_reg         |  16|   0|   16|          0|
    |tmp_6_reg_5975                       |  16|   0|   16|          0|
    |tmp_6_reg_5975_pp0_iter1_reg         |  16|   0|   16|          0|
    |tmp_7_reg_5950                       |  16|   0|   16|          0|
    |tmp_7_reg_5950_pp0_iter1_reg         |  16|   0|   16|          0|
    |tmp_8_reg_5980                       |  16|   0|   16|          0|
    |tmp_8_reg_5980_pp0_iter1_reg         |  16|   0|   16|          0|
    |tmp_9_reg_5955                       |  16|   0|   16|          0|
    |tmp_s_reg_5960                       |  16|   0|   16|          0|
    |tmp_s_reg_5960_pp0_iter1_reg         |  16|   0|   16|          0|
    |zext_ln186_1_reg_5900                |  10|   0|   64|         54|
    |zext_ln186_1_reg_5900_pp0_iter1_reg  |  10|   0|   64|         54|
    |icmp_ln61_reg_5896                   |  64|  32|    1|          0|
    |tmp_13_reg_6000                      |  64|  32|   16|          0|
    |tmp_14_reg_6005                      |  64|  32|   16|          0|
    |tmp_1_reg_5935                       |  64|  32|   16|          0|
    |tmp_2_reg_5965                       |  64|  32|   16|          0|
    |tmp_9_reg_5955                       |  64|  32|   16|          0|
    +-------------------------------------+----+----+-----+-----------+
    |Total                                | 816| 192|  621|        108|
    +-------------------------------------+----+----+-----+-----------+



================================================================
== Interface
================================================================
* Summary: 
+-----------------------------+-----+-----+------------+---------------------------------+--------------+
|          RTL Ports          | Dir | Bits|  Protocol  |          Source Object          |    C Type    |
+-----------------------------+-----+-----+------------+---------------------------------+--------------+
|ap_clk                       |   in|    1|  ap_ctrl_hs|  matmul_Pipeline_VITIS_LOOP_61_9|  return value|
|ap_rst                       |   in|    1|  ap_ctrl_hs|  matmul_Pipeline_VITIS_LOOP_61_9|  return value|
|ap_start                     |   in|    1|  ap_ctrl_hs|  matmul_Pipeline_VITIS_LOOP_61_9|  return value|
|ap_done                      |  out|    1|  ap_ctrl_hs|  matmul_Pipeline_VITIS_LOOP_61_9|  return value|
|ap_idle                      |  out|    1|  ap_ctrl_hs|  matmul_Pipeline_VITIS_LOOP_61_9|  return value|
|ap_ready                     |  out|    1|  ap_ctrl_hs|  matmul_Pipeline_VITIS_LOOP_61_9|  return value|
|Matrix_C_BRAM_V_load         |   in|   16|     ap_none|             Matrix_C_BRAM_V_load|        scalar|
|add_ln186                    |   in|   10|     ap_none|                        add_ln186|        scalar|
|Matrix_A_BRAM_V_address0     |  out|   10|   ap_memory|                  Matrix_A_BRAM_V|         array|
|Matrix_A_BRAM_V_ce0          |  out|    1|   ap_memory|                  Matrix_A_BRAM_V|         array|
|Matrix_A_BRAM_V_q0           |   in|   16|   ap_memory|                  Matrix_A_BRAM_V|         array|
|Matrix_A_BRAM_V_1_address0   |  out|   10|   ap_memory|                Matrix_A_BRAM_V_1|         array|
|Matrix_A_BRAM_V_1_ce0        |  out|    1|   ap_memory|                Matrix_A_BRAM_V_1|         array|
|Matrix_A_BRAM_V_1_q0         |   in|   16|   ap_memory|                Matrix_A_BRAM_V_1|         array|
|Matrix_A_BRAM_V_2_address0   |  out|   10|   ap_memory|                Matrix_A_BRAM_V_2|         array|
|Matrix_A_BRAM_V_2_ce0        |  out|    1|   ap_memory|                Matrix_A_BRAM_V_2|         array|
|Matrix_A_BRAM_V_2_q0         |   in|   16|   ap_memory|                Matrix_A_BRAM_V_2|         array|
|Matrix_A_BRAM_V_3_address0   |  out|   10|   ap_memory|                Matrix_A_BRAM_V_3|         array|
|Matrix_A_BRAM_V_3_ce0        |  out|    1|   ap_memory|                Matrix_A_BRAM_V_3|         array|
|Matrix_A_BRAM_V_3_q0         |   in|   16|   ap_memory|                Matrix_A_BRAM_V_3|         array|
|Matrix_A_BRAM_V_4_address0   |  out|   10|   ap_memory|                Matrix_A_BRAM_V_4|         array|
|Matrix_A_BRAM_V_4_ce0        |  out|    1|   ap_memory|                Matrix_A_BRAM_V_4|         array|
|Matrix_A_BRAM_V_4_q0         |   in|   16|   ap_memory|                Matrix_A_BRAM_V_4|         array|
|Matrix_A_BRAM_V_5_address0   |  out|   10|   ap_memory|                Matrix_A_BRAM_V_5|         array|
|Matrix_A_BRAM_V_5_ce0        |  out|    1|   ap_memory|                Matrix_A_BRAM_V_5|         array|
|Matrix_A_BRAM_V_5_q0         |   in|   16|   ap_memory|                Matrix_A_BRAM_V_5|         array|
|Matrix_A_BRAM_V_6_address0   |  out|   10|   ap_memory|                Matrix_A_BRAM_V_6|         array|
|Matrix_A_BRAM_V_6_ce0        |  out|    1|   ap_memory|                Matrix_A_BRAM_V_6|         array|
|Matrix_A_BRAM_V_6_q0         |   in|   16|   ap_memory|                Matrix_A_BRAM_V_6|         array|
|Matrix_A_BRAM_V_7_address0   |  out|   10|   ap_memory|                Matrix_A_BRAM_V_7|         array|
|Matrix_A_BRAM_V_7_ce0        |  out|    1|   ap_memory|                Matrix_A_BRAM_V_7|         array|
|Matrix_A_BRAM_V_7_q0         |   in|   16|   ap_memory|                Matrix_A_BRAM_V_7|         array|
|Matrix_A_BRAM_V_8_address0   |  out|   10|   ap_memory|                Matrix_A_BRAM_V_8|         array|
|Matrix_A_BRAM_V_8_ce0        |  out|    1|   ap_memory|                Matrix_A_BRAM_V_8|         array|
|Matrix_A_BRAM_V_8_q0         |   in|   16|   ap_memory|                Matrix_A_BRAM_V_8|         array|
|Matrix_A_BRAM_V_9_address0   |  out|   10|   ap_memory|                Matrix_A_BRAM_V_9|         array|
|Matrix_A_BRAM_V_9_ce0        |  out|    1|   ap_memory|                Matrix_A_BRAM_V_9|         array|
|Matrix_A_BRAM_V_9_q0         |   in|   16|   ap_memory|                Matrix_A_BRAM_V_9|         array|
|Matrix_A_BRAM_V_10_address0  |  out|   10|   ap_memory|               Matrix_A_BRAM_V_10|         array|
|Matrix_A_BRAM_V_10_ce0       |  out|    1|   ap_memory|               Matrix_A_BRAM_V_10|         array|
|Matrix_A_BRAM_V_10_q0        |   in|   16|   ap_memory|               Matrix_A_BRAM_V_10|         array|
|Matrix_A_BRAM_V_11_address0  |  out|   10|   ap_memory|               Matrix_A_BRAM_V_11|         array|
|Matrix_A_BRAM_V_11_ce0       |  out|    1|   ap_memory|               Matrix_A_BRAM_V_11|         array|
|Matrix_A_BRAM_V_11_q0        |   in|   16|   ap_memory|               Matrix_A_BRAM_V_11|         array|
|Matrix_A_BRAM_V_12_address0  |  out|   10|   ap_memory|               Matrix_A_BRAM_V_12|         array|
|Matrix_A_BRAM_V_12_ce0       |  out|    1|   ap_memory|               Matrix_A_BRAM_V_12|         array|
|Matrix_A_BRAM_V_12_q0        |   in|   16|   ap_memory|               Matrix_A_BRAM_V_12|         array|
|Matrix_A_BRAM_V_13_address0  |  out|   10|   ap_memory|               Matrix_A_BRAM_V_13|         array|
|Matrix_A_BRAM_V_13_ce0       |  out|    1|   ap_memory|               Matrix_A_BRAM_V_13|         array|
|Matrix_A_BRAM_V_13_q0        |   in|   16|   ap_memory|               Matrix_A_BRAM_V_13|         array|
|Matrix_A_BRAM_V_14_address0  |  out|   10|   ap_memory|               Matrix_A_BRAM_V_14|         array|
|Matrix_A_BRAM_V_14_ce0       |  out|    1|   ap_memory|               Matrix_A_BRAM_V_14|         array|
|Matrix_A_BRAM_V_14_q0        |   in|   16|   ap_memory|               Matrix_A_BRAM_V_14|         array|
|Matrix_B_BRAM_V_load         |   in|   16|     ap_none|             Matrix_B_BRAM_V_load|        scalar|
|Matrix_B_BRAM_V_1_load       |   in|   16|     ap_none|           Matrix_B_BRAM_V_1_load|        scalar|
|Matrix_B_BRAM_V_2_load       |   in|   16|     ap_none|           Matrix_B_BRAM_V_2_load|        scalar|
|Matrix_B_BRAM_V_3_load       |   in|   16|     ap_none|           Matrix_B_BRAM_V_3_load|        scalar|
|Matrix_B_BRAM_V_4_load       |   in|   16|     ap_none|           Matrix_B_BRAM_V_4_load|        scalar|
|Matrix_B_BRAM_V_5_load       |   in|   16|     ap_none|           Matrix_B_BRAM_V_5_load|        scalar|
|Matrix_B_BRAM_V_6_load       |   in|   16|     ap_none|           Matrix_B_BRAM_V_6_load|        scalar|
|Matrix_B_BRAM_V_7_load       |   in|   16|     ap_none|           Matrix_B_BRAM_V_7_load|        scalar|
|Matrix_B_BRAM_V_8_load       |   in|   16|     ap_none|           Matrix_B_BRAM_V_8_load|        scalar|
|Matrix_B_BRAM_V_9_load       |   in|   16|     ap_none|           Matrix_B_BRAM_V_9_load|        scalar|
|Matrix_B_BRAM_V_10_load      |   in|   16|     ap_none|          Matrix_B_BRAM_V_10_load|        scalar|
|Matrix_B_BRAM_V_11_load      |   in|   16|     ap_none|          Matrix_B_BRAM_V_11_load|        scalar|
|Matrix_B_BRAM_V_12_load      |   in|   16|     ap_none|          Matrix_B_BRAM_V_12_load|        scalar|
|Matrix_B_BRAM_V_13_load      |   in|   16|     ap_none|          Matrix_B_BRAM_V_13_load|        scalar|
|Matrix_B_BRAM_V_14_load      |   in|   16|     ap_none|          Matrix_B_BRAM_V_14_load|        scalar|
|Matrix_B_BRAM_V_15_load      |   in|   16|     ap_none|          Matrix_B_BRAM_V_15_load|        scalar|
|Matrix_B_BRAM_V_16_load      |   in|   16|     ap_none|          Matrix_B_BRAM_V_16_load|        scalar|
|Matrix_B_BRAM_V_17_load      |   in|   16|     ap_none|          Matrix_B_BRAM_V_17_load|        scalar|
|Matrix_B_BRAM_V_18_load      |   in|   16|     ap_none|          Matrix_B_BRAM_V_18_load|        scalar|
|Matrix_B_BRAM_V_19_load      |   in|   16|     ap_none|          Matrix_B_BRAM_V_19_load|        scalar|
|Matrix_B_BRAM_V_20_load      |   in|   16|     ap_none|          Matrix_B_BRAM_V_20_load|        scalar|
|Matrix_B_BRAM_V_21_load      |   in|   16|     ap_none|          Matrix_B_BRAM_V_21_load|        scalar|
|Matrix_B_BRAM_V_22_load      |   in|   16|     ap_none|          Matrix_B_BRAM_V_22_load|        scalar|
|Matrix_B_BRAM_V_23_load      |   in|   16|     ap_none|          Matrix_B_BRAM_V_23_load|        scalar|
|Matrix_B_BRAM_V_24_load      |   in|   16|     ap_none|          Matrix_B_BRAM_V_24_load|        scalar|
|Matrix_B_BRAM_V_25_load      |   in|   16|     ap_none|          Matrix_B_BRAM_V_25_load|        scalar|
|Matrix_B_BRAM_V_26_load      |   in|   16|     ap_none|          Matrix_B_BRAM_V_26_load|        scalar|
|Matrix_B_BRAM_V_27_load      |   in|   16|     ap_none|          Matrix_B_BRAM_V_27_load|        scalar|
|Matrix_B_BRAM_V_28_load      |   in|   16|     ap_none|          Matrix_B_BRAM_V_28_load|        scalar|
|Matrix_B_BRAM_V_29_load      |   in|   16|     ap_none|          Matrix_B_BRAM_V_29_load|        scalar|
|Matrix_B_BRAM_V_30_load      |   in|   16|     ap_none|          Matrix_B_BRAM_V_30_load|        scalar|
|Matrix_B_BRAM_V_31_load      |   in|   16|     ap_none|          Matrix_B_BRAM_V_31_load|        scalar|
|Matrix_B_BRAM_V_32_load      |   in|   16|     ap_none|          Matrix_B_BRAM_V_32_load|        scalar|
|Matrix_B_BRAM_V_33_load      |   in|   16|     ap_none|          Matrix_B_BRAM_V_33_load|        scalar|
|Matrix_B_BRAM_V_34_load      |   in|   16|     ap_none|          Matrix_B_BRAM_V_34_load|        scalar|
|Matrix_B_BRAM_V_35_load      |   in|   16|     ap_none|          Matrix_B_BRAM_V_35_load|        scalar|
|Matrix_B_BRAM_V_36_load      |   in|   16|     ap_none|          Matrix_B_BRAM_V_36_load|        scalar|
|Matrix_B_BRAM_V_37_load      |   in|   16|     ap_none|          Matrix_B_BRAM_V_37_load|        scalar|
|Matrix_B_BRAM_V_38_load      |   in|   16|     ap_none|          Matrix_B_BRAM_V_38_load|        scalar|
|Matrix_B_BRAM_V_39_load      |   in|   16|     ap_none|          Matrix_B_BRAM_V_39_load|        scalar|
|Matrix_B_BRAM_V_40_load      |   in|   16|     ap_none|          Matrix_B_BRAM_V_40_load|        scalar|
|Matrix_B_BRAM_V_41_load      |   in|   16|     ap_none|          Matrix_B_BRAM_V_41_load|        scalar|
|Matrix_B_BRAM_V_42_load      |   in|   16|     ap_none|          Matrix_B_BRAM_V_42_load|        scalar|
|Matrix_B_BRAM_V_43_load      |   in|   16|     ap_none|          Matrix_B_BRAM_V_43_load|        scalar|
|Matrix_B_BRAM_V_44_load      |   in|   16|     ap_none|          Matrix_B_BRAM_V_44_load|        scalar|
|Matrix_B_BRAM_V_45_load      |   in|   16|     ap_none|          Matrix_B_BRAM_V_45_load|        scalar|
|Matrix_B_BRAM_V_46_load      |   in|   16|     ap_none|          Matrix_B_BRAM_V_46_load|        scalar|
|Matrix_B_BRAM_V_47_load      |   in|   16|     ap_none|          Matrix_B_BRAM_V_47_load|        scalar|
|Matrix_B_BRAM_V_48_load      |   in|   16|     ap_none|          Matrix_B_BRAM_V_48_load|        scalar|
|Matrix_B_BRAM_V_49_load      |   in|   16|     ap_none|          Matrix_B_BRAM_V_49_load|        scalar|
|Matrix_B_BRAM_V_50_load      |   in|   16|     ap_none|          Matrix_B_BRAM_V_50_load|        scalar|
|Matrix_B_BRAM_V_51_load      |   in|   16|     ap_none|          Matrix_B_BRAM_V_51_load|        scalar|
|Matrix_B_BRAM_V_52_load      |   in|   16|     ap_none|          Matrix_B_BRAM_V_52_load|        scalar|
|Matrix_B_BRAM_V_53_load      |   in|   16|     ap_none|          Matrix_B_BRAM_V_53_load|        scalar|
|Matrix_B_BRAM_V_54_load      |   in|   16|     ap_none|          Matrix_B_BRAM_V_54_load|        scalar|
|Matrix_B_BRAM_V_55_load      |   in|   16|     ap_none|          Matrix_B_BRAM_V_55_load|        scalar|
|Matrix_B_BRAM_V_56_load      |   in|   16|     ap_none|          Matrix_B_BRAM_V_56_load|        scalar|
|Matrix_B_BRAM_V_57_load      |   in|   16|     ap_none|          Matrix_B_BRAM_V_57_load|        scalar|
|Matrix_B_BRAM_V_58_load      |   in|   16|     ap_none|          Matrix_B_BRAM_V_58_load|        scalar|
|Matrix_B_BRAM_V_59_load      |   in|   16|     ap_none|          Matrix_B_BRAM_V_59_load|        scalar|
|Matrix_B_BRAM_V_60_load      |   in|   16|     ap_none|          Matrix_B_BRAM_V_60_load|        scalar|
|Matrix_B_BRAM_V_61_load      |   in|   16|     ap_none|          Matrix_B_BRAM_V_61_load|        scalar|
|Matrix_B_BRAM_V_62_load      |   in|   16|     ap_none|          Matrix_B_BRAM_V_62_load|        scalar|
|Matrix_B_BRAM_V_63_load      |   in|   16|     ap_none|          Matrix_B_BRAM_V_63_load|        scalar|
|Matrix_B_BRAM_V_64_load      |   in|   16|     ap_none|          Matrix_B_BRAM_V_64_load|        scalar|
|Matrix_B_BRAM_V_65_load      |   in|   16|     ap_none|          Matrix_B_BRAM_V_65_load|        scalar|
|Matrix_B_BRAM_V_66_load      |   in|   16|     ap_none|          Matrix_B_BRAM_V_66_load|        scalar|
|Matrix_B_BRAM_V_67_load      |   in|   16|     ap_none|          Matrix_B_BRAM_V_67_load|        scalar|
|Matrix_B_BRAM_V_68_load      |   in|   16|     ap_none|          Matrix_B_BRAM_V_68_load|        scalar|
|Matrix_B_BRAM_V_69_load      |   in|   16|     ap_none|          Matrix_B_BRAM_V_69_load|        scalar|
|Matrix_B_BRAM_V_70_load      |   in|   16|     ap_none|          Matrix_B_BRAM_V_70_load|        scalar|
|Matrix_B_BRAM_V_71_load      |   in|   16|     ap_none|          Matrix_B_BRAM_V_71_load|        scalar|
|Matrix_B_BRAM_V_72_load      |   in|   16|     ap_none|          Matrix_B_BRAM_V_72_load|        scalar|
|Matrix_B_BRAM_V_73_load      |   in|   16|     ap_none|          Matrix_B_BRAM_V_73_load|        scalar|
|Matrix_B_BRAM_V_74_load      |   in|   16|     ap_none|          Matrix_B_BRAM_V_74_load|        scalar|
|Matrix_B_BRAM_V_75_load      |   in|   16|     ap_none|          Matrix_B_BRAM_V_75_load|        scalar|
|Matrix_B_BRAM_V_76_load      |   in|   16|     ap_none|          Matrix_B_BRAM_V_76_load|        scalar|
|Matrix_B_BRAM_V_77_load      |   in|   16|     ap_none|          Matrix_B_BRAM_V_77_load|        scalar|
|Matrix_B_BRAM_V_78_load      |   in|   16|     ap_none|          Matrix_B_BRAM_V_78_load|        scalar|
|Matrix_B_BRAM_V_79_load      |   in|   16|     ap_none|          Matrix_B_BRAM_V_79_load|        scalar|
|Matrix_B_BRAM_V_80_load      |   in|   16|     ap_none|          Matrix_B_BRAM_V_80_load|        scalar|
|Matrix_B_BRAM_V_81_load      |   in|   16|     ap_none|          Matrix_B_BRAM_V_81_load|        scalar|
|Matrix_B_BRAM_V_82_load      |   in|   16|     ap_none|          Matrix_B_BRAM_V_82_load|        scalar|
|Matrix_B_BRAM_V_83_load      |   in|   16|     ap_none|          Matrix_B_BRAM_V_83_load|        scalar|
|Matrix_B_BRAM_V_84_load      |   in|   16|     ap_none|          Matrix_B_BRAM_V_84_load|        scalar|
|Matrix_B_BRAM_V_85_load      |   in|   16|     ap_none|          Matrix_B_BRAM_V_85_load|        scalar|
|Matrix_B_BRAM_V_86_load      |   in|   16|     ap_none|          Matrix_B_BRAM_V_86_load|        scalar|
|Matrix_B_BRAM_V_87_load      |   in|   16|     ap_none|          Matrix_B_BRAM_V_87_load|        scalar|
|Matrix_B_BRAM_V_88_load      |   in|   16|     ap_none|          Matrix_B_BRAM_V_88_load|        scalar|
|Matrix_B_BRAM_V_89_load      |   in|   16|     ap_none|          Matrix_B_BRAM_V_89_load|        scalar|
|Matrix_B_BRAM_V_90_load      |   in|   16|     ap_none|          Matrix_B_BRAM_V_90_load|        scalar|
|Matrix_B_BRAM_V_91_load      |   in|   16|     ap_none|          Matrix_B_BRAM_V_91_load|        scalar|
|Matrix_B_BRAM_V_92_load      |   in|   16|     ap_none|          Matrix_B_BRAM_V_92_load|        scalar|
|Matrix_B_BRAM_V_93_load      |   in|   16|     ap_none|          Matrix_B_BRAM_V_93_load|        scalar|
|Matrix_B_BRAM_V_94_load      |   in|   16|     ap_none|          Matrix_B_BRAM_V_94_load|        scalar|
|Matrix_B_BRAM_V_95_load      |   in|   16|     ap_none|          Matrix_B_BRAM_V_95_load|        scalar|
|Matrix_B_BRAM_V_96_load      |   in|   16|     ap_none|          Matrix_B_BRAM_V_96_load|        scalar|
|Matrix_B_BRAM_V_97_load      |   in|   16|     ap_none|          Matrix_B_BRAM_V_97_load|        scalar|
|Matrix_B_BRAM_V_98_load      |   in|   16|     ap_none|          Matrix_B_BRAM_V_98_load|        scalar|
|Matrix_B_BRAM_V_99_load      |   in|   16|     ap_none|          Matrix_B_BRAM_V_99_load|        scalar|
|Matrix_B_BRAM_V_100_load     |   in|   16|     ap_none|         Matrix_B_BRAM_V_100_load|        scalar|
|Matrix_B_BRAM_V_101_load     |   in|   16|     ap_none|         Matrix_B_BRAM_V_101_load|        scalar|
|Matrix_B_BRAM_V_102_load     |   in|   16|     ap_none|         Matrix_B_BRAM_V_102_load|        scalar|
|Matrix_B_BRAM_V_103_load     |   in|   16|     ap_none|         Matrix_B_BRAM_V_103_load|        scalar|
|Matrix_B_BRAM_V_104_load     |   in|   16|     ap_none|         Matrix_B_BRAM_V_104_load|        scalar|
|Matrix_B_BRAM_V_105_load     |   in|   16|     ap_none|         Matrix_B_BRAM_V_105_load|        scalar|
|Matrix_B_BRAM_V_106_load     |   in|   16|     ap_none|         Matrix_B_BRAM_V_106_load|        scalar|
|Matrix_B_BRAM_V_107_load     |   in|   16|     ap_none|         Matrix_B_BRAM_V_107_load|        scalar|
|Matrix_B_BRAM_V_108_load     |   in|   16|     ap_none|         Matrix_B_BRAM_V_108_load|        scalar|
|Matrix_B_BRAM_V_109_load     |   in|   16|     ap_none|         Matrix_B_BRAM_V_109_load|        scalar|
|Matrix_B_BRAM_V_110_load     |   in|   16|     ap_none|         Matrix_B_BRAM_V_110_load|        scalar|
|Matrix_B_BRAM_V_111_load     |   in|   16|     ap_none|         Matrix_B_BRAM_V_111_load|        scalar|
|Matrix_B_BRAM_V_112_load     |   in|   16|     ap_none|         Matrix_B_BRAM_V_112_load|        scalar|
|Matrix_B_BRAM_V_113_load     |   in|   16|     ap_none|         Matrix_B_BRAM_V_113_load|        scalar|
|Matrix_B_BRAM_V_114_load     |   in|   16|     ap_none|         Matrix_B_BRAM_V_114_load|        scalar|
|Matrix_B_BRAM_V_115_load     |   in|   16|     ap_none|         Matrix_B_BRAM_V_115_load|        scalar|
|Matrix_B_BRAM_V_116_load     |   in|   16|     ap_none|         Matrix_B_BRAM_V_116_load|        scalar|
|Matrix_B_BRAM_V_117_load     |   in|   16|     ap_none|         Matrix_B_BRAM_V_117_load|        scalar|
|Matrix_B_BRAM_V_118_load     |   in|   16|     ap_none|         Matrix_B_BRAM_V_118_load|        scalar|
|Matrix_B_BRAM_V_119_load     |   in|   16|     ap_none|         Matrix_B_BRAM_V_119_load|        scalar|
|Matrix_B_BRAM_V_120_load     |   in|   16|     ap_none|         Matrix_B_BRAM_V_120_load|        scalar|
|Matrix_B_BRAM_V_121_load     |   in|   16|     ap_none|         Matrix_B_BRAM_V_121_load|        scalar|
|Matrix_B_BRAM_V_122_load     |   in|   16|     ap_none|         Matrix_B_BRAM_V_122_load|        scalar|
|Matrix_B_BRAM_V_123_load     |   in|   16|     ap_none|         Matrix_B_BRAM_V_123_load|        scalar|
|Matrix_B_BRAM_V_124_load     |   in|   16|     ap_none|         Matrix_B_BRAM_V_124_load|        scalar|
|Matrix_B_BRAM_V_125_load     |   in|   16|     ap_none|         Matrix_B_BRAM_V_125_load|        scalar|
|Matrix_B_BRAM_V_126_load     |   in|   16|     ap_none|         Matrix_B_BRAM_V_126_load|        scalar|
|Matrix_B_BRAM_V_127_load     |   in|   16|     ap_none|         Matrix_B_BRAM_V_127_load|        scalar|
|Matrix_B_BRAM_V_128_load     |   in|   16|     ap_none|         Matrix_B_BRAM_V_128_load|        scalar|
|Matrix_B_BRAM_V_129_load     |   in|   16|     ap_none|         Matrix_B_BRAM_V_129_load|        scalar|
|Matrix_B_BRAM_V_130_load     |   in|   16|     ap_none|         Matrix_B_BRAM_V_130_load|        scalar|
|Matrix_B_BRAM_V_131_load     |   in|   16|     ap_none|         Matrix_B_BRAM_V_131_load|        scalar|
|Matrix_B_BRAM_V_132_load     |   in|   16|     ap_none|         Matrix_B_BRAM_V_132_load|        scalar|
|Matrix_B_BRAM_V_133_load     |   in|   16|     ap_none|         Matrix_B_BRAM_V_133_load|        scalar|
|Matrix_B_BRAM_V_134_load     |   in|   16|     ap_none|         Matrix_B_BRAM_V_134_load|        scalar|
|Matrix_B_BRAM_V_135_load     |   in|   16|     ap_none|         Matrix_B_BRAM_V_135_load|        scalar|
|Matrix_B_BRAM_V_136_load     |   in|   16|     ap_none|         Matrix_B_BRAM_V_136_load|        scalar|
|Matrix_B_BRAM_V_137_load     |   in|   16|     ap_none|         Matrix_B_BRAM_V_137_load|        scalar|
|Matrix_B_BRAM_V_138_load     |   in|   16|     ap_none|         Matrix_B_BRAM_V_138_load|        scalar|
|Matrix_B_BRAM_V_139_load     |   in|   16|     ap_none|         Matrix_B_BRAM_V_139_load|        scalar|
|Matrix_B_BRAM_V_140_load     |   in|   16|     ap_none|         Matrix_B_BRAM_V_140_load|        scalar|
|Matrix_B_BRAM_V_141_load     |   in|   16|     ap_none|         Matrix_B_BRAM_V_141_load|        scalar|
|Matrix_B_BRAM_V_142_load     |   in|   16|     ap_none|         Matrix_B_BRAM_V_142_load|        scalar|
|Matrix_B_BRAM_V_143_load     |   in|   16|     ap_none|         Matrix_B_BRAM_V_143_load|        scalar|
|Matrix_B_BRAM_V_144_load     |   in|   16|     ap_none|         Matrix_B_BRAM_V_144_load|        scalar|
|Matrix_B_BRAM_V_145_load     |   in|   16|     ap_none|         Matrix_B_BRAM_V_145_load|        scalar|
|Matrix_B_BRAM_V_146_load     |   in|   16|     ap_none|         Matrix_B_BRAM_V_146_load|        scalar|
|Matrix_B_BRAM_V_147_load     |   in|   16|     ap_none|         Matrix_B_BRAM_V_147_load|        scalar|
|Matrix_B_BRAM_V_148_load     |   in|   16|     ap_none|         Matrix_B_BRAM_V_148_load|        scalar|
|Matrix_B_BRAM_V_149_load     |   in|   16|     ap_none|         Matrix_B_BRAM_V_149_load|        scalar|
|conv3_i_1488_out             |  out|   16|      ap_vld|                 conv3_i_1488_out|       pointer|
|conv3_i_1488_out_ap_vld      |  out|    1|      ap_vld|                 conv3_i_1488_out|       pointer|
+-----------------------------+-----+-----+------------+---------------------------------+--------------+

============================================================
+ Verbose Summary: Synthesis Manager
============================================================
InlineROM: 1
ExposeGlobal: 0
============================================================
+ Verbose Summary: CDFG Model
============================================================
IsTopModel: 0
ResetActiveHigh: 1
IsCombinational: 2
IsDatapathOnly: 2
HasWiredReturn: 1
HasMFsm: 2
HasVarLatency: 1
IsPipeline: 0
IsRtlPipelined: 0
IsInstanceOverlapped: 0
IsDontTouch: 0
HasImplIP: 0
IsGatedGlobalClock: 0

+ Individual pipeline summary: 
  * Pipeline-0: initiation interval (II) = 1, depth = 8


============================================================
+ Verbose Summary: Schedule
============================================================
* Number of FSM states : 8
* Pipeline : 1
  Pipeline-0 : II = 1, D = 8, States = { 1 2 3 4 5 6 7 8 }
* Dataflow Pipeline: 0

* FSM state transitions: 
1 --> 2 
2 --> 3 
3 --> 4 
4 --> 5 
5 --> 6 
6 --> 7 
7 --> 8 
8 --> 

* FSM state operations: 

State 1 <SV = 0> <Delay = 4.98>
ST_1 : Operation 11 [1/1] (0.00ns)   --->   "%conv3_i_1488 = alloca i32 1"   --->   Operation 11 'alloca' 'conv3_i_1488' <Predicate = true> <Delay = 0.00>
ST_1 : Operation 12 [1/1] (0.00ns)   --->   "%dot = alloca i32 1"   --->   Operation 12 'alloca' 'dot' <Predicate = true> <Delay = 0.00>
ST_1 : Operation 13 [1/1] (0.00ns)   --->   "%indvars_iv = alloca i32 1"   --->   Operation 13 'alloca' 'indvars_iv' <Predicate = true> <Delay = 0.00>
ST_1 : Operation 14 [1/1] (0.00ns)   --->   "%Matrix_B_BRAM_V_149_load_read = read i16 @_ssdm_op_Read.ap_auto.i16, i16 %Matrix_B_BRAM_V_149_load"   --->   Operation 14 'read' 'Matrix_B_BRAM_V_149_load_read' <Predicate = true> <Delay = 0.00>
ST_1 : Operation 15 [1/1] (0.00ns)   --->   "%Matrix_B_BRAM_V_148_load_read = read i16 @_ssdm_op_Read.ap_auto.i16, i16 %Matrix_B_BRAM_V_148_load"   --->   Operation 15 'read' 'Matrix_B_BRAM_V_148_load_read' <Predicate = true> <Delay = 0.00>
ST_1 : Operation 16 [1/1] (0.00ns)   --->   "%Matrix_B_BRAM_V_147_load_read = read i16 @_ssdm_op_Read.ap_auto.i16, i16 %Matrix_B_BRAM_V_147_load"   --->   Operation 16 'read' 'Matrix_B_BRAM_V_147_load_read' <Predicate = true> <Delay = 0.00>
ST_1 : Operation 17 [1/1] (0.00ns)   --->   "%Matrix_B_BRAM_V_146_load_read = read i16 @_ssdm_op_Read.ap_auto.i16, i16 %Matrix_B_BRAM_V_146_load"   --->   Operation 17 'read' 'Matrix_B_BRAM_V_146_load_read' <Predicate = true> <Delay = 0.00>
ST_1 : Operation 18 [1/1] (0.00ns)   --->   "%Matrix_B_BRAM_V_145_load_read = read i16 @_ssdm_op_Read.ap_auto.i16, i16 %Matrix_B_BRAM_V_145_load"   --->   Operation 18 'read' 'Matrix_B_BRAM_V_145_load_read' <Predicate = true> <Delay = 0.00>
ST_1 : Operation 19 [1/1] (0.00ns)   --->   "%Matrix_B_BRAM_V_144_load_read = read i16 @_ssdm_op_Read.ap_auto.i16, i16 %Matrix_B_BRAM_V_144_load"   --->   Operation 19 'read' 'Matrix_B_BRAM_V_144_load_read' <Predicate = true> <Delay = 0.00>
ST_1 : Operation 20 [1/1] (0.00ns)   --->   "%Matrix_B_BRAM_V_143_load_read = read i16 @_ssdm_op_Read.ap_auto.i16, i16 %Matrix_B_BRAM_V_143_load"   --->   Operation 20 'read' 'Matrix_B_BRAM_V_143_load_read' <Predicate = true> <Delay = 0.00>
ST_1 : Operation 21 [1/1] (0.00ns)   --->   "%Matrix_B_BRAM_V_142_load_read = read i16 @_ssdm_op_Read.ap_auto.i16, i16 %Matrix_B_BRAM_V_142_load"   --->   Operation 21 'read' 'Matrix_B_BRAM_V_142_load_read' <Predicate = true> <Delay = 0.00>
ST_1 : Operation 22 [1/1] (0.00ns)   --->   "%Matrix_B_BRAM_V_141_load_read = read i16 @_ssdm_op_Read.ap_auto.i16, i16 %Matrix_B_BRAM_V_141_load"   --->   Operation 22 'read' 'Matrix_B_BRAM_V_141_load_read' <Predicate = true> <Delay = 0.00>
ST_1 : Operation 23 [1/1] (0.00ns)   --->   "%Matrix_B_BRAM_V_140_load_read = read i16 @_ssdm_op_Read.ap_auto.i16, i16 %Matrix_B_BRAM_V_140_load"   --->   Operation 23 'read' 'Matrix_B_BRAM_V_140_load_read' <Predicate = true> <Delay = 0.00>
ST_1 : Operation 24 [1/1] (0.00ns)   --->   "%Matrix_B_BRAM_V_139_load_read = read i16 @_ssdm_op_Read.ap_auto.i16, i16 %Matrix_B_BRAM_V_139_load"   --->   Operation 24 'read' 'Matrix_B_BRAM_V_139_load_read' <Predicate = true> <Delay = 0.00>
ST_1 : Operation 25 [1/1] (0.00ns)   --->   "%Matrix_B_BRAM_V_138_load_read = read i16 @_ssdm_op_Read.ap_auto.i16, i16 %Matrix_B_BRAM_V_138_load"   --->   Operation 25 'read' 'Matrix_B_BRAM_V_138_load_read' <Predicate = true> <Delay = 0.00>
ST_1 : Operation 26 [1/1] (0.00ns)   --->   "%Matrix_B_BRAM_V_137_load_read = read i16 @_ssdm_op_Read.ap_auto.i16, i16 %Matrix_B_BRAM_V_137_load"   --->   Operation 26 'read' 'Matrix_B_BRAM_V_137_load_read' <Predicate = true> <Delay = 0.00>
ST_1 : Operation 27 [1/1] (0.00ns)   --->   "%Matrix_B_BRAM_V_136_load_read = read i16 @_ssdm_op_Read.ap_auto.i16, i16 %Matrix_B_BRAM_V_136_load"   --->   Operation 27 'read' 'Matrix_B_BRAM_V_136_load_read' <Predicate = true> <Delay = 0.00>
ST_1 : Operation 28 [1/1] (0.00ns)   --->   "%Matrix_B_BRAM_V_135_load_read = read i16 @_ssdm_op_Read.ap_auto.i16, i16 %Matrix_B_BRAM_V_135_load"   --->   Operation 28 'read' 'Matrix_B_BRAM_V_135_load_read' <Predicate = true> <Delay = 0.00>
ST_1 : Operation 29 [1/1] (0.00ns)   --->   "%Matrix_B_BRAM_V_134_load_read = read i16 @_ssdm_op_Read.ap_auto.i16, i16 %Matrix_B_BRAM_V_134_load"   --->   Operation 29 'read' 'Matrix_B_BRAM_V_134_load_read' <Predicate = true> <Delay = 0.00>
ST_1 : Operation 30 [1/1] (0.00ns)   --->   "%Matrix_B_BRAM_V_133_load_read = read i16 @_ssdm_op_Read.ap_auto.i16, i16 %Matrix_B_BRAM_V_133_load"   --->   Operation 30 'read' 'Matrix_B_BRAM_V_133_load_read' <Predicate = true> <Delay = 0.00>
ST_1 : Operation 31 [1/1] (0.00ns)   --->   "%Matrix_B_BRAM_V_132_load_read = read i16 @_ssdm_op_Read.ap_auto.i16, i16 %Matrix_B_BRAM_V_132_load"   --->   Operation 31 'read' 'Matrix_B_BRAM_V_132_load_read' <Predicate = true> <Delay = 0.00>
ST_1 : Operation 32 [1/1] (0.00ns)   --->   "%Matrix_B_BRAM_V_131_load_read = read i16 @_ssdm_op_Read.ap_auto.i16, i16 %Matrix_B_BRAM_V_131_load"   --->   Operation 32 'read' 'Matrix_B_BRAM_V_131_load_read' <Predicate = true> <Delay = 0.00>
ST_1 : Operation 33 [1/1] (0.00ns)   --->   "%Matrix_B_BRAM_V_130_load_read = read i16 @_ssdm_op_Read.ap_auto.i16, i16 %Matrix_B_BRAM_V_130_load"   --->   Operation 33 'read' 'Matrix_B_BRAM_V_130_load_read' <Predicate = true> <Delay = 0.00>
ST_1 : Operation 34 [1/1] (0.00ns)   --->   "%Matrix_B_BRAM_V_129_load_read = read i16 @_ssdm_op_Read.ap_auto.i16, i16 %Matrix_B_BRAM_V_129_load"   --->   Operation 34 'read' 'Matrix_B_BRAM_V_129_load_read' <Predicate = true> <Delay = 0.00>
ST_1 : Operation 35 [1/1] (0.00ns)   --->   "%Matrix_B_BRAM_V_128_load_read = read i16 @_ssdm_op_Read.ap_auto.i16, i16 %Matrix_B_BRAM_V_128_load"   --->   Operation 35 'read' 'Matrix_B_BRAM_V_128_load_read' <Predicate = true> <Delay = 0.00>
ST_1 : Operation 36 [1/1] (0.00ns)   --->   "%Matrix_B_BRAM_V_127_load_read = read i16 @_ssdm_op_Read.ap_auto.i16, i16 %Matrix_B_BRAM_V_127_load"   --->   Operation 36 'read' 'Matrix_B_BRAM_V_127_load_read' <Predicate = true> <Delay = 0.00>
ST_1 : Operation 37 [1/1] (0.00ns)   --->   "%Matrix_B_BRAM_V_126_load_read = read i16 @_ssdm_op_Read.ap_auto.i16, i16 %Matrix_B_BRAM_V_126_load"   --->   Operation 37 'read' 'Matrix_B_BRAM_V_126_load_read' <Predicate = true> <Delay = 0.00>
ST_1 : Operation 38 [1/1] (0.00ns)   --->   "%Matrix_B_BRAM_V_125_load_read = read i16 @_ssdm_op_Read.ap_auto.i16, i16 %Matrix_B_BRAM_V_125_load"   --->   Operation 38 'read' 'Matrix_B_BRAM_V_125_load_read' <Predicate = true> <Delay = 0.00>
ST_1 : Operation 39 [1/1] (0.00ns)   --->   "%Matrix_B_BRAM_V_124_load_read = read i16 @_ssdm_op_Read.ap_auto.i16, i16 %Matrix_B_BRAM_V_124_load"   --->   Operation 39 'read' 'Matrix_B_BRAM_V_124_load_read' <Predicate = true> <Delay = 0.00>
ST_1 : Operation 40 [1/1] (0.00ns)   --->   "%Matrix_B_BRAM_V_123_load_read = read i16 @_ssdm_op_Read.ap_auto.i16, i16 %Matrix_B_BRAM_V_123_load"   --->   Operation 40 'read' 'Matrix_B_BRAM_V_123_load_read' <Predicate = true> <Delay = 0.00>
ST_1 : Operation 41 [1/1] (0.00ns)   --->   "%Matrix_B_BRAM_V_122_load_read = read i16 @_ssdm_op_Read.ap_auto.i16, i16 %Matrix_B_BRAM_V_122_load"   --->   Operation 41 'read' 'Matrix_B_BRAM_V_122_load_read' <Predicate = true> <Delay = 0.00>
ST_1 : Operation 42 [1/1] (0.00ns)   --->   "%Matrix_B_BRAM_V_121_load_read = read i16 @_ssdm_op_Read.ap_auto.i16, i16 %Matrix_B_BRAM_V_121_load"   --->   Operation 42 'read' 'Matrix_B_BRAM_V_121_load_read' <Predicate = true> <Delay = 0.00>
ST_1 : Operation 43 [1/1] (0.00ns)   --->   "%Matrix_B_BRAM_V_120_load_read = read i16 @_ssdm_op_Read.ap_auto.i16, i16 %Matrix_B_BRAM_V_120_load"   --->   Operation 43 'read' 'Matrix_B_BRAM_V_120_load_read' <Predicate = true> <Delay = 0.00>
ST_1 : Operation 44 [1/1] (0.00ns)   --->   "%Matrix_B_BRAM_V_119_load_read = read i16 @_ssdm_op_Read.ap_auto.i16, i16 %Matrix_B_BRAM_V_119_load"   --->   Operation 44 'read' 'Matrix_B_BRAM_V_119_load_read' <Predicate = true> <Delay = 0.00>
ST_1 : Operation 45 [1/1] (0.00ns)   --->   "%Matrix_B_BRAM_V_118_load_read = read i16 @_ssdm_op_Read.ap_auto.i16, i16 %Matrix_B_BRAM_V_118_load"   --->   Operation 45 'read' 'Matrix_B_BRAM_V_118_load_read' <Predicate = true> <Delay = 0.00>
ST_1 : Operation 46 [1/1] (0.00ns)   --->   "%Matrix_B_BRAM_V_117_load_read = read i16 @_ssdm_op_Read.ap_auto.i16, i16 %Matrix_B_BRAM_V_117_load"   --->   Operation 46 'read' 'Matrix_B_BRAM_V_117_load_read' <Predicate = true> <Delay = 0.00>
ST_1 : Operation 47 [1/1] (0.00ns)   --->   "%Matrix_B_BRAM_V_116_load_read = read i16 @_ssdm_op_Read.ap_auto.i16, i16 %Matrix_B_BRAM_V_116_load"   --->   Operation 47 'read' 'Matrix_B_BRAM_V_116_load_read' <Predicate = true> <Delay = 0.00>
ST_1 : Operation 48 [1/1] (0.00ns)   --->   "%Matrix_B_BRAM_V_115_load_read = read i16 @_ssdm_op_Read.ap_auto.i16, i16 %Matrix_B_BRAM_V_115_load"   --->   Operation 48 'read' 'Matrix_B_BRAM_V_115_load_read' <Predicate = true> <Delay = 0.00>
ST_1 : Operation 49 [1/1] (0.00ns)   --->   "%Matrix_B_BRAM_V_114_load_read = read i16 @_ssdm_op_Read.ap_auto.i16, i16 %Matrix_B_BRAM_V_114_load"   --->   Operation 49 'read' 'Matrix_B_BRAM_V_114_load_read' <Predicate = true> <Delay = 0.00>
ST_1 : Operation 50 [1/1] (0.00ns)   --->   "%Matrix_B_BRAM_V_113_load_read = read i16 @_ssdm_op_Read.ap_auto.i16, i16 %Matrix_B_BRAM_V_113_load"   --->   Operation 50 'read' 'Matrix_B_BRAM_V_113_load_read' <Predicate = true> <Delay = 0.00>
ST_1 : Operation 51 [1/1] (0.00ns)   --->   "%Matrix_B_BRAM_V_112_load_read = read i16 @_ssdm_op_Read.ap_auto.i16, i16 %Matrix_B_BRAM_V_112_load"   --->   Operation 51 'read' 'Matrix_B_BRAM_V_112_load_read' <Predicate = true> <Delay = 0.00>
ST_1 : Operation 52 [1/1] (0.00ns)   --->   "%Matrix_B_BRAM_V_111_load_read = read i16 @_ssdm_op_Read.ap_auto.i16, i16 %Matrix_B_BRAM_V_111_load"   --->   Operation 52 'read' 'Matrix_B_BRAM_V_111_load_read' <Predicate = true> <Delay = 0.00>
ST_1 : Operation 53 [1/1] (0.00ns)   --->   "%Matrix_B_BRAM_V_110_load_read = read i16 @_ssdm_op_Read.ap_auto.i16, i16 %Matrix_B_BRAM_V_110_load"   --->   Operation 53 'read' 'Matrix_B_BRAM_V_110_load_read' <Predicate = true> <Delay = 0.00>
ST_1 : Operation 54 [1/1] (0.00ns)   --->   "%Matrix_B_BRAM_V_109_load_read = read i16 @_ssdm_op_Read.ap_auto.i16, i16 %Matrix_B_BRAM_V_109_load"   --->   Operation 54 'read' 'Matrix_B_BRAM_V_109_load_read' <Predicate = true> <Delay = 0.00>
ST_1 : Operation 55 [1/1] (0.00ns)   --->   "%Matrix_B_BRAM_V_108_load_read = read i16 @_ssdm_op_Read.ap_auto.i16, i16 %Matrix_B_BRAM_V_108_load"   --->   Operation 55 'read' 'Matrix_B_BRAM_V_108_load_read' <Predicate = true> <Delay = 0.00>
ST_1 : Operation 56 [1/1] (0.00ns)   --->   "%Matrix_B_BRAM_V_107_load_read = read i16 @_ssdm_op_Read.ap_auto.i16, i16 %Matrix_B_BRAM_V_107_load"   --->   Operation 56 'read' 'Matrix_B_BRAM_V_107_load_read' <Predicate = true> <Delay = 0.00>
ST_1 : Operation 57 [1/1] (0.00ns)   --->   "%Matrix_B_BRAM_V_106_load_read = read i16 @_ssdm_op_Read.ap_auto.i16, i16 %Matrix_B_BRAM_V_106_load"   --->   Operation 57 'read' 'Matrix_B_BRAM_V_106_load_read' <Predicate = true> <Delay = 0.00>
ST_1 : Operation 58 [1/1] (0.00ns)   --->   "%Matrix_B_BRAM_V_105_load_read = read i16 @_ssdm_op_Read.ap_auto.i16, i16 %Matrix_B_BRAM_V_105_load"   --->   Operation 58 'read' 'Matrix_B_BRAM_V_105_load_read' <Predicate = true> <Delay = 0.00>
ST_1 : Operation 59 [1/1] (0.00ns)   --->   "%Matrix_B_BRAM_V_104_load_read = read i16 @_ssdm_op_Read.ap_auto.i16, i16 %Matrix_B_BRAM_V_104_load"   --->   Operation 59 'read' 'Matrix_B_BRAM_V_104_load_read' <Predicate = true> <Delay = 0.00>
ST_1 : Operation 60 [1/1] (0.00ns)   --->   "%Matrix_B_BRAM_V_103_load_read = read i16 @_ssdm_op_Read.ap_auto.i16, i16 %Matrix_B_BRAM_V_103_load"   --->   Operation 60 'read' 'Matrix_B_BRAM_V_103_load_read' <Predicate = true> <Delay = 0.00>
ST_1 : Operation 61 [1/1] (0.00ns)   --->   "%Matrix_B_BRAM_V_102_load_read = read i16 @_ssdm_op_Read.ap_auto.i16, i16 %Matrix_B_BRAM_V_102_load"   --->   Operation 61 'read' 'Matrix_B_BRAM_V_102_load_read' <Predicate = true> <Delay = 0.00>
ST_1 : Operation 62 [1/1] (0.00ns)   --->   "%Matrix_B_BRAM_V_101_load_read = read i16 @_ssdm_op_Read.ap_auto.i16, i16 %Matrix_B_BRAM_V_101_load"   --->   Operation 62 'read' 'Matrix_B_BRAM_V_101_load_read' <Predicate = true> <Delay = 0.00>
ST_1 : Operation 63 [1/1] (0.00ns)   --->   "%Matrix_B_BRAM_V_100_load_read = read i16 @_ssdm_op_Read.ap_auto.i16, i16 %Matrix_B_BRAM_V_100_load"   --->   Operation 63 'read' 'Matrix_B_BRAM_V_100_load_read' <Predicate = true> <Delay = 0.00>
ST_1 : Operation 64 [1/1] (0.00ns)   --->   "%Matrix_B_BRAM_V_99_load_read = read i16 @_ssdm_op_Read.ap_auto.i16, i16 %Matrix_B_BRAM_V_99_load"   --->   Operation 64 'read' 'Matrix_B_BRAM_V_99_load_read' <Predicate = true> <Delay = 0.00>
ST_1 : Operation 65 [1/1] (0.00ns)   --->   "%Matrix_B_BRAM_V_98_load_read = read i16 @_ssdm_op_Read.ap_auto.i16, i16 %Matrix_B_BRAM_V_98_load"   --->   Operation 65 'read' 'Matrix_B_BRAM_V_98_load_read' <Predicate = true> <Delay = 0.00>
ST_1 : Operation 66 [1/1] (0.00ns)   --->   "%Matrix_B_BRAM_V_97_load_read = read i16 @_ssdm_op_Read.ap_auto.i16, i16 %Matrix_B_BRAM_V_97_load"   --->   Operation 66 'read' 'Matrix_B_BRAM_V_97_load_read' <Predicate = true> <Delay = 0.00>
ST_1 : Operation 67 [1/1] (0.00ns)   --->   "%Matrix_B_BRAM_V_96_load_read = read i16 @_ssdm_op_Read.ap_auto.i16, i16 %Matrix_B_BRAM_V_96_load"   --->   Operation 67 'read' 'Matrix_B_BRAM_V_96_load_read' <Predicate = true> <Delay = 0.00>
ST_1 : Operation 68 [1/1] (0.00ns)   --->   "%Matrix_B_BRAM_V_95_load_read = read i16 @_ssdm_op_Read.ap_auto.i16, i16 %Matrix_B_BRAM_V_95_load"   --->   Operation 68 'read' 'Matrix_B_BRAM_V_95_load_read' <Predicate = true> <Delay = 0.00>
ST_1 : Operation 69 [1/1] (0.00ns)   --->   "%Matrix_B_BRAM_V_94_load_read = read i16 @_ssdm_op_Read.ap_auto.i16, i16 %Matrix_B_BRAM_V_94_load"   --->   Operation 69 'read' 'Matrix_B_BRAM_V_94_load_read' <Predicate = true> <Delay = 0.00>
ST_1 : Operation 70 [1/1] (0.00ns)   --->   "%Matrix_B_BRAM_V_93_load_read = read i16 @_ssdm_op_Read.ap_auto.i16, i16 %Matrix_B_BRAM_V_93_load"   --->   Operation 70 'read' 'Matrix_B_BRAM_V_93_load_read' <Predicate = true> <Delay = 0.00>
ST_1 : Operation 71 [1/1] (0.00ns)   --->   "%Matrix_B_BRAM_V_92_load_read = read i16 @_ssdm_op_Read.ap_auto.i16, i16 %Matrix_B_BRAM_V_92_load"   --->   Operation 71 'read' 'Matrix_B_BRAM_V_92_load_read' <Predicate = true> <Delay = 0.00>
ST_1 : Operation 72 [1/1] (0.00ns)   --->   "%Matrix_B_BRAM_V_91_load_read = read i16 @_ssdm_op_Read.ap_auto.i16, i16 %Matrix_B_BRAM_V_91_load"   --->   Operation 72 'read' 'Matrix_B_BRAM_V_91_load_read' <Predicate = true> <Delay = 0.00>
ST_1 : Operation 73 [1/1] (0.00ns)   --->   "%Matrix_B_BRAM_V_90_load_read = read i16 @_ssdm_op_Read.ap_auto.i16, i16 %Matrix_B_BRAM_V_90_load"   --->   Operation 73 'read' 'Matrix_B_BRAM_V_90_load_read' <Predicate = true> <Delay = 0.00>
ST_1 : Operation 74 [1/1] (0.00ns)   --->   "%Matrix_B_BRAM_V_89_load_read = read i16 @_ssdm_op_Read.ap_auto.i16, i16 %Matrix_B_BRAM_V_89_load"   --->   Operation 74 'read' 'Matrix_B_BRAM_V_89_load_read' <Predicate = true> <Delay = 0.00>
ST_1 : Operation 75 [1/1] (0.00ns)   --->   "%Matrix_B_BRAM_V_88_load_read = read i16 @_ssdm_op_Read.ap_auto.i16, i16 %Matrix_B_BRAM_V_88_load"   --->   Operation 75 'read' 'Matrix_B_BRAM_V_88_load_read' <Predicate = true> <Delay = 0.00>
ST_1 : Operation 76 [1/1] (0.00ns)   --->   "%Matrix_B_BRAM_V_87_load_read = read i16 @_ssdm_op_Read.ap_auto.i16, i16 %Matrix_B_BRAM_V_87_load"   --->   Operation 76 'read' 'Matrix_B_BRAM_V_87_load_read' <Predicate = true> <Delay = 0.00>
ST_1 : Operation 77 [1/1] (0.00ns)   --->   "%Matrix_B_BRAM_V_86_load_read = read i16 @_ssdm_op_Read.ap_auto.i16, i16 %Matrix_B_BRAM_V_86_load"   --->   Operation 77 'read' 'Matrix_B_BRAM_V_86_load_read' <Predicate = true> <Delay = 0.00>
ST_1 : Operation 78 [1/1] (0.00ns)   --->   "%Matrix_B_BRAM_V_85_load_read = read i16 @_ssdm_op_Read.ap_auto.i16, i16 %Matrix_B_BRAM_V_85_load"   --->   Operation 78 'read' 'Matrix_B_BRAM_V_85_load_read' <Predicate = true> <Delay = 0.00>
ST_1 : Operation 79 [1/1] (0.00ns)   --->   "%Matrix_B_BRAM_V_84_load_read = read i16 @_ssdm_op_Read.ap_auto.i16, i16 %Matrix_B_BRAM_V_84_load"   --->   Operation 79 'read' 'Matrix_B_BRAM_V_84_load_read' <Predicate = true> <Delay = 0.00>
ST_1 : Operation 80 [1/1] (0.00ns)   --->   "%Matrix_B_BRAM_V_83_load_read = read i16 @_ssdm_op_Read.ap_auto.i16, i16 %Matrix_B_BRAM_V_83_load"   --->   Operation 80 'read' 'Matrix_B_BRAM_V_83_load_read' <Predicate = true> <Delay = 0.00>
ST_1 : Operation 81 [1/1] (0.00ns)   --->   "%Matrix_B_BRAM_V_82_load_read = read i16 @_ssdm_op_Read.ap_auto.i16, i16 %Matrix_B_BRAM_V_82_load"   --->   Operation 81 'read' 'Matrix_B_BRAM_V_82_load_read' <Predicate = true> <Delay = 0.00>
ST_1 : Operation 82 [1/1] (0.00ns)   --->   "%Matrix_B_BRAM_V_81_load_read = read i16 @_ssdm_op_Read.ap_auto.i16, i16 %Matrix_B_BRAM_V_81_load"   --->   Operation 82 'read' 'Matrix_B_BRAM_V_81_load_read' <Predicate = true> <Delay = 0.00>
ST_1 : Operation 83 [1/1] (0.00ns)   --->   "%Matrix_B_BRAM_V_80_load_read = read i16 @_ssdm_op_Read.ap_auto.i16, i16 %Matrix_B_BRAM_V_80_load"   --->   Operation 83 'read' 'Matrix_B_BRAM_V_80_load_read' <Predicate = true> <Delay = 0.00>
ST_1 : Operation 84 [1/1] (0.00ns)   --->   "%Matrix_B_BRAM_V_79_load_read = read i16 @_ssdm_op_Read.ap_auto.i16, i16 %Matrix_B_BRAM_V_79_load"   --->   Operation 84 'read' 'Matrix_B_BRAM_V_79_load_read' <Predicate = true> <Delay = 0.00>
ST_1 : Operation 85 [1/1] (0.00ns)   --->   "%Matrix_B_BRAM_V_78_load_read = read i16 @_ssdm_op_Read.ap_auto.i16, i16 %Matrix_B_BRAM_V_78_load"   --->   Operation 85 'read' 'Matrix_B_BRAM_V_78_load_read' <Predicate = true> <Delay = 0.00>
ST_1 : Operation 86 [1/1] (0.00ns)   --->   "%Matrix_B_BRAM_V_77_load_read = read i16 @_ssdm_op_Read.ap_auto.i16, i16 %Matrix_B_BRAM_V_77_load"   --->   Operation 86 'read' 'Matrix_B_BRAM_V_77_load_read' <Predicate = true> <Delay = 0.00>
ST_1 : Operation 87 [1/1] (0.00ns)   --->   "%Matrix_B_BRAM_V_76_load_read = read i16 @_ssdm_op_Read.ap_auto.i16, i16 %Matrix_B_BRAM_V_76_load"   --->   Operation 87 'read' 'Matrix_B_BRAM_V_76_load_read' <Predicate = true> <Delay = 0.00>
ST_1 : Operation 88 [1/1] (0.00ns)   --->   "%Matrix_B_BRAM_V_75_load_read = read i16 @_ssdm_op_Read.ap_auto.i16, i16 %Matrix_B_BRAM_V_75_load"   --->   Operation 88 'read' 'Matrix_B_BRAM_V_75_load_read' <Predicate = true> <Delay = 0.00>
ST_1 : Operation 89 [1/1] (0.00ns)   --->   "%Matrix_B_BRAM_V_74_load_read = read i16 @_ssdm_op_Read.ap_auto.i16, i16 %Matrix_B_BRAM_V_74_load"   --->   Operation 89 'read' 'Matrix_B_BRAM_V_74_load_read' <Predicate = true> <Delay = 0.00>
ST_1 : Operation 90 [1/1] (0.00ns)   --->   "%Matrix_B_BRAM_V_73_load_read = read i16 @_ssdm_op_Read.ap_auto.i16, i16 %Matrix_B_BRAM_V_73_load"   --->   Operation 90 'read' 'Matrix_B_BRAM_V_73_load_read' <Predicate = true> <Delay = 0.00>
ST_1 : Operation 91 [1/1] (0.00ns)   --->   "%Matrix_B_BRAM_V_72_load_read = read i16 @_ssdm_op_Read.ap_auto.i16, i16 %Matrix_B_BRAM_V_72_load"   --->   Operation 91 'read' 'Matrix_B_BRAM_V_72_load_read' <Predicate = true> <Delay = 0.00>
ST_1 : Operation 92 [1/1] (0.00ns)   --->   "%Matrix_B_BRAM_V_71_load_read = read i16 @_ssdm_op_Read.ap_auto.i16, i16 %Matrix_B_BRAM_V_71_load"   --->   Operation 92 'read' 'Matrix_B_BRAM_V_71_load_read' <Predicate = true> <Delay = 0.00>
ST_1 : Operation 93 [1/1] (0.00ns)   --->   "%Matrix_B_BRAM_V_70_load_read = read i16 @_ssdm_op_Read.ap_auto.i16, i16 %Matrix_B_BRAM_V_70_load"   --->   Operation 93 'read' 'Matrix_B_BRAM_V_70_load_read' <Predicate = true> <Delay = 0.00>
ST_1 : Operation 94 [1/1] (0.00ns)   --->   "%Matrix_B_BRAM_V_69_load_read = read i16 @_ssdm_op_Read.ap_auto.i16, i16 %Matrix_B_BRAM_V_69_load"   --->   Operation 94 'read' 'Matrix_B_BRAM_V_69_load_read' <Predicate = true> <Delay = 0.00>
ST_1 : Operation 95 [1/1] (0.00ns)   --->   "%Matrix_B_BRAM_V_68_load_read = read i16 @_ssdm_op_Read.ap_auto.i16, i16 %Matrix_B_BRAM_V_68_load"   --->   Operation 95 'read' 'Matrix_B_BRAM_V_68_load_read' <Predicate = true> <Delay = 0.00>
ST_1 : Operation 96 [1/1] (0.00ns)   --->   "%Matrix_B_BRAM_V_67_load_read = read i16 @_ssdm_op_Read.ap_auto.i16, i16 %Matrix_B_BRAM_V_67_load"   --->   Operation 96 'read' 'Matrix_B_BRAM_V_67_load_read' <Predicate = true> <Delay = 0.00>
ST_1 : Operation 97 [1/1] (0.00ns)   --->   "%Matrix_B_BRAM_V_66_load_read = read i16 @_ssdm_op_Read.ap_auto.i16, i16 %Matrix_B_BRAM_V_66_load"   --->   Operation 97 'read' 'Matrix_B_BRAM_V_66_load_read' <Predicate = true> <Delay = 0.00>
ST_1 : Operation 98 [1/1] (0.00ns)   --->   "%Matrix_B_BRAM_V_65_load_read = read i16 @_ssdm_op_Read.ap_auto.i16, i16 %Matrix_B_BRAM_V_65_load"   --->   Operation 98 'read' 'Matrix_B_BRAM_V_65_load_read' <Predicate = true> <Delay = 0.00>
ST_1 : Operation 99 [1/1] (0.00ns)   --->   "%Matrix_B_BRAM_V_64_load_read = read i16 @_ssdm_op_Read.ap_auto.i16, i16 %Matrix_B_BRAM_V_64_load"   --->   Operation 99 'read' 'Matrix_B_BRAM_V_64_load_read' <Predicate = true> <Delay = 0.00>
ST_1 : Operation 100 [1/1] (0.00ns)   --->   "%Matrix_B_BRAM_V_63_load_read = read i16 @_ssdm_op_Read.ap_auto.i16, i16 %Matrix_B_BRAM_V_63_load"   --->   Operation 100 'read' 'Matrix_B_BRAM_V_63_load_read' <Predicate = true> <Delay = 0.00>
ST_1 : Operation 101 [1/1] (0.00ns)   --->   "%Matrix_B_BRAM_V_62_load_read = read i16 @_ssdm_op_Read.ap_auto.i16, i16 %Matrix_B_BRAM_V_62_load"   --->   Operation 101 'read' 'Matrix_B_BRAM_V_62_load_read' <Predicate = true> <Delay = 0.00>
ST_1 : Operation 102 [1/1] (0.00ns)   --->   "%Matrix_B_BRAM_V_61_load_read = read i16 @_ssdm_op_Read.ap_auto.i16, i16 %Matrix_B_BRAM_V_61_load"   --->   Operation 102 'read' 'Matrix_B_BRAM_V_61_load_read' <Predicate = true> <Delay = 0.00>
ST_1 : Operation 103 [1/1] (0.00ns)   --->   "%Matrix_B_BRAM_V_60_load_read = read i16 @_ssdm_op_Read.ap_auto.i16, i16 %Matrix_B_BRAM_V_60_load"   --->   Operation 103 'read' 'Matrix_B_BRAM_V_60_load_read' <Predicate = true> <Delay = 0.00>
ST_1 : Operation 104 [1/1] (0.00ns)   --->   "%Matrix_B_BRAM_V_59_load_read = read i16 @_ssdm_op_Read.ap_auto.i16, i16 %Matrix_B_BRAM_V_59_load"   --->   Operation 104 'read' 'Matrix_B_BRAM_V_59_load_read' <Predicate = true> <Delay = 0.00>
ST_1 : Operation 105 [1/1] (0.00ns)   --->   "%Matrix_B_BRAM_V_58_load_read = read i16 @_ssdm_op_Read.ap_auto.i16, i16 %Matrix_B_BRAM_V_58_load"   --->   Operation 105 'read' 'Matrix_B_BRAM_V_58_load_read' <Predicate = true> <Delay = 0.00>
ST_1 : Operation 106 [1/1] (0.00ns)   --->   "%Matrix_B_BRAM_V_57_load_read = read i16 @_ssdm_op_Read.ap_auto.i16, i16 %Matrix_B_BRAM_V_57_load"   --->   Operation 106 'read' 'Matrix_B_BRAM_V_57_load_read' <Predicate = true> <Delay = 0.00>
ST_1 : Operation 107 [1/1] (0.00ns)   --->   "%Matrix_B_BRAM_V_56_load_read = read i16 @_ssdm_op_Read.ap_auto.i16, i16 %Matrix_B_BRAM_V_56_load"   --->   Operation 107 'read' 'Matrix_B_BRAM_V_56_load_read' <Predicate = true> <Delay = 0.00>
ST_1 : Operation 108 [1/1] (0.00ns)   --->   "%Matrix_B_BRAM_V_55_load_read = read i16 @_ssdm_op_Read.ap_auto.i16, i16 %Matrix_B_BRAM_V_55_load"   --->   Operation 108 'read' 'Matrix_B_BRAM_V_55_load_read' <Predicate = true> <Delay = 0.00>
ST_1 : Operation 109 [1/1] (0.00ns)   --->   "%Matrix_B_BRAM_V_54_load_read = read i16 @_ssdm_op_Read.ap_auto.i16, i16 %Matrix_B_BRAM_V_54_load"   --->   Operation 109 'read' 'Matrix_B_BRAM_V_54_load_read' <Predicate = true> <Delay = 0.00>
ST_1 : Operation 110 [1/1] (0.00ns)   --->   "%Matrix_B_BRAM_V_53_load_read = read i16 @_ssdm_op_Read.ap_auto.i16, i16 %Matrix_B_BRAM_V_53_load"   --->   Operation 110 'read' 'Matrix_B_BRAM_V_53_load_read' <Predicate = true> <Delay = 0.00>
ST_1 : Operation 111 [1/1] (0.00ns)   --->   "%Matrix_B_BRAM_V_52_load_read = read i16 @_ssdm_op_Read.ap_auto.i16, i16 %Matrix_B_BRAM_V_52_load"   --->   Operation 111 'read' 'Matrix_B_BRAM_V_52_load_read' <Predicate = true> <Delay = 0.00>
ST_1 : Operation 112 [1/1] (0.00ns)   --->   "%Matrix_B_BRAM_V_51_load_read = read i16 @_ssdm_op_Read.ap_auto.i16, i16 %Matrix_B_BRAM_V_51_load"   --->   Operation 112 'read' 'Matrix_B_BRAM_V_51_load_read' <Predicate = true> <Delay = 0.00>
ST_1 : Operation 113 [1/1] (0.00ns)   --->   "%Matrix_B_BRAM_V_50_load_read = read i16 @_ssdm_op_Read.ap_auto.i16, i16 %Matrix_B_BRAM_V_50_load"   --->   Operation 113 'read' 'Matrix_B_BRAM_V_50_load_read' <Predicate = true> <Delay = 0.00>
ST_1 : Operation 114 [1/1] (0.00ns)   --->   "%Matrix_B_BRAM_V_49_load_read = read i16 @_ssdm_op_Read.ap_auto.i16, i16 %Matrix_B_BRAM_V_49_load"   --->   Operation 114 'read' 'Matrix_B_BRAM_V_49_load_read' <Predicate = true> <Delay = 0.00>
ST_1 : Operation 115 [1/1] (0.00ns)   --->   "%Matrix_B_BRAM_V_48_load_read = read i16 @_ssdm_op_Read.ap_auto.i16, i16 %Matrix_B_BRAM_V_48_load"   --->   Operation 115 'read' 'Matrix_B_BRAM_V_48_load_read' <Predicate = true> <Delay = 0.00>
ST_1 : Operation 116 [1/1] (0.00ns)   --->   "%Matrix_B_BRAM_V_47_load_read = read i16 @_ssdm_op_Read.ap_auto.i16, i16 %Matrix_B_BRAM_V_47_load"   --->   Operation 116 'read' 'Matrix_B_BRAM_V_47_load_read' <Predicate = true> <Delay = 0.00>
ST_1 : Operation 117 [1/1] (0.00ns)   --->   "%Matrix_B_BRAM_V_46_load_read = read i16 @_ssdm_op_Read.ap_auto.i16, i16 %Matrix_B_BRAM_V_46_load"   --->   Operation 117 'read' 'Matrix_B_BRAM_V_46_load_read' <Predicate = true> <Delay = 0.00>
ST_1 : Operation 118 [1/1] (0.00ns)   --->   "%Matrix_B_BRAM_V_45_load_read = read i16 @_ssdm_op_Read.ap_auto.i16, i16 %Matrix_B_BRAM_V_45_load"   --->   Operation 118 'read' 'Matrix_B_BRAM_V_45_load_read' <Predicate = true> <Delay = 0.00>
ST_1 : Operation 119 [1/1] (0.00ns)   --->   "%Matrix_B_BRAM_V_44_load_read = read i16 @_ssdm_op_Read.ap_auto.i16, i16 %Matrix_B_BRAM_V_44_load"   --->   Operation 119 'read' 'Matrix_B_BRAM_V_44_load_read' <Predicate = true> <Delay = 0.00>
ST_1 : Operation 120 [1/1] (0.00ns)   --->   "%Matrix_B_BRAM_V_43_load_read = read i16 @_ssdm_op_Read.ap_auto.i16, i16 %Matrix_B_BRAM_V_43_load"   --->   Operation 120 'read' 'Matrix_B_BRAM_V_43_load_read' <Predicate = true> <Delay = 0.00>
ST_1 : Operation 121 [1/1] (0.00ns)   --->   "%Matrix_B_BRAM_V_42_load_read = read i16 @_ssdm_op_Read.ap_auto.i16, i16 %Matrix_B_BRAM_V_42_load"   --->   Operation 121 'read' 'Matrix_B_BRAM_V_42_load_read' <Predicate = true> <Delay = 0.00>
ST_1 : Operation 122 [1/1] (0.00ns)   --->   "%Matrix_B_BRAM_V_41_load_read = read i16 @_ssdm_op_Read.ap_auto.i16, i16 %Matrix_B_BRAM_V_41_load"   --->   Operation 122 'read' 'Matrix_B_BRAM_V_41_load_read' <Predicate = true> <Delay = 0.00>
ST_1 : Operation 123 [1/1] (0.00ns)   --->   "%Matrix_B_BRAM_V_40_load_read = read i16 @_ssdm_op_Read.ap_auto.i16, i16 %Matrix_B_BRAM_V_40_load"   --->   Operation 123 'read' 'Matrix_B_BRAM_V_40_load_read' <Predicate = true> <Delay = 0.00>
ST_1 : Operation 124 [1/1] (0.00ns)   --->   "%Matrix_B_BRAM_V_39_load_read = read i16 @_ssdm_op_Read.ap_auto.i16, i16 %Matrix_B_BRAM_V_39_load"   --->   Operation 124 'read' 'Matrix_B_BRAM_V_39_load_read' <Predicate = true> <Delay = 0.00>
ST_1 : Operation 125 [1/1] (0.00ns)   --->   "%Matrix_B_BRAM_V_38_load_read = read i16 @_ssdm_op_Read.ap_auto.i16, i16 %Matrix_B_BRAM_V_38_load"   --->   Operation 125 'read' 'Matrix_B_BRAM_V_38_load_read' <Predicate = true> <Delay = 0.00>
ST_1 : Operation 126 [1/1] (0.00ns)   --->   "%Matrix_B_BRAM_V_37_load_read = read i16 @_ssdm_op_Read.ap_auto.i16, i16 %Matrix_B_BRAM_V_37_load"   --->   Operation 126 'read' 'Matrix_B_BRAM_V_37_load_read' <Predicate = true> <Delay = 0.00>
ST_1 : Operation 127 [1/1] (0.00ns)   --->   "%Matrix_B_BRAM_V_36_load_read = read i16 @_ssdm_op_Read.ap_auto.i16, i16 %Matrix_B_BRAM_V_36_load"   --->   Operation 127 'read' 'Matrix_B_BRAM_V_36_load_read' <Predicate = true> <Delay = 0.00>
ST_1 : Operation 128 [1/1] (0.00ns)   --->   "%Matrix_B_BRAM_V_35_load_read = read i16 @_ssdm_op_Read.ap_auto.i16, i16 %Matrix_B_BRAM_V_35_load"   --->   Operation 128 'read' 'Matrix_B_BRAM_V_35_load_read' <Predicate = true> <Delay = 0.00>
ST_1 : Operation 129 [1/1] (0.00ns)   --->   "%Matrix_B_BRAM_V_34_load_read = read i16 @_ssdm_op_Read.ap_auto.i16, i16 %Matrix_B_BRAM_V_34_load"   --->   Operation 129 'read' 'Matrix_B_BRAM_V_34_load_read' <Predicate = true> <Delay = 0.00>
ST_1 : Operation 130 [1/1] (0.00ns)   --->   "%Matrix_B_BRAM_V_33_load_read = read i16 @_ssdm_op_Read.ap_auto.i16, i16 %Matrix_B_BRAM_V_33_load"   --->   Operation 130 'read' 'Matrix_B_BRAM_V_33_load_read' <Predicate = true> <Delay = 0.00>
ST_1 : Operation 131 [1/1] (0.00ns)   --->   "%Matrix_B_BRAM_V_32_load_read = read i16 @_ssdm_op_Read.ap_auto.i16, i16 %Matrix_B_BRAM_V_32_load"   --->   Operation 131 'read' 'Matrix_B_BRAM_V_32_load_read' <Predicate = true> <Delay = 0.00>
ST_1 : Operation 132 [1/1] (0.00ns)   --->   "%Matrix_B_BRAM_V_31_load_read = read i16 @_ssdm_op_Read.ap_auto.i16, i16 %Matrix_B_BRAM_V_31_load"   --->   Operation 132 'read' 'Matrix_B_BRAM_V_31_load_read' <Predicate = true> <Delay = 0.00>
ST_1 : Operation 133 [1/1] (0.00ns)   --->   "%Matrix_B_BRAM_V_30_load_read = read i16 @_ssdm_op_Read.ap_auto.i16, i16 %Matrix_B_BRAM_V_30_load"   --->   Operation 133 'read' 'Matrix_B_BRAM_V_30_load_read' <Predicate = true> <Delay = 0.00>
ST_1 : Operation 134 [1/1] (0.00ns)   --->   "%Matrix_B_BRAM_V_29_load_read = read i16 @_ssdm_op_Read.ap_auto.i16, i16 %Matrix_B_BRAM_V_29_load"   --->   Operation 134 'read' 'Matrix_B_BRAM_V_29_load_read' <Predicate = true> <Delay = 0.00>
ST_1 : Operation 135 [1/1] (0.00ns)   --->   "%Matrix_B_BRAM_V_28_load_read = read i16 @_ssdm_op_Read.ap_auto.i16, i16 %Matrix_B_BRAM_V_28_load"   --->   Operation 135 'read' 'Matrix_B_BRAM_V_28_load_read' <Predicate = true> <Delay = 0.00>
ST_1 : Operation 136 [1/1] (0.00ns)   --->   "%Matrix_B_BRAM_V_27_load_read = read i16 @_ssdm_op_Read.ap_auto.i16, i16 %Matrix_B_BRAM_V_27_load"   --->   Operation 136 'read' 'Matrix_B_BRAM_V_27_load_read' <Predicate = true> <Delay = 0.00>
ST_1 : Operation 137 [1/1] (0.00ns)   --->   "%Matrix_B_BRAM_V_26_load_read = read i16 @_ssdm_op_Read.ap_auto.i16, i16 %Matrix_B_BRAM_V_26_load"   --->   Operation 137 'read' 'Matrix_B_BRAM_V_26_load_read' <Predicate = true> <Delay = 0.00>
ST_1 : Operation 138 [1/1] (0.00ns)   --->   "%Matrix_B_BRAM_V_25_load_read = read i16 @_ssdm_op_Read.ap_auto.i16, i16 %Matrix_B_BRAM_V_25_load"   --->   Operation 138 'read' 'Matrix_B_BRAM_V_25_load_read' <Predicate = true> <Delay = 0.00>
ST_1 : Operation 139 [1/1] (0.00ns)   --->   "%Matrix_B_BRAM_V_24_load_read = read i16 @_ssdm_op_Read.ap_auto.i16, i16 %Matrix_B_BRAM_V_24_load"   --->   Operation 139 'read' 'Matrix_B_BRAM_V_24_load_read' <Predicate = true> <Delay = 0.00>
ST_1 : Operation 140 [1/1] (0.00ns)   --->   "%Matrix_B_BRAM_V_23_load_read = read i16 @_ssdm_op_Read.ap_auto.i16, i16 %Matrix_B_BRAM_V_23_load"   --->   Operation 140 'read' 'Matrix_B_BRAM_V_23_load_read' <Predicate = true> <Delay = 0.00>
ST_1 : Operation 141 [1/1] (0.00ns)   --->   "%Matrix_B_BRAM_V_22_load_read = read i16 @_ssdm_op_Read.ap_auto.i16, i16 %Matrix_B_BRAM_V_22_load"   --->   Operation 141 'read' 'Matrix_B_BRAM_V_22_load_read' <Predicate = true> <Delay = 0.00>
ST_1 : Operation 142 [1/1] (0.00ns)   --->   "%Matrix_B_BRAM_V_21_load_read = read i16 @_ssdm_op_Read.ap_auto.i16, i16 %Matrix_B_BRAM_V_21_load"   --->   Operation 142 'read' 'Matrix_B_BRAM_V_21_load_read' <Predicate = true> <Delay = 0.00>
ST_1 : Operation 143 [1/1] (0.00ns)   --->   "%Matrix_B_BRAM_V_20_load_read = read i16 @_ssdm_op_Read.ap_auto.i16, i16 %Matrix_B_BRAM_V_20_load"   --->   Operation 143 'read' 'Matrix_B_BRAM_V_20_load_read' <Predicate = true> <Delay = 0.00>
ST_1 : Operation 144 [1/1] (0.00ns)   --->   "%Matrix_B_BRAM_V_19_load_read = read i16 @_ssdm_op_Read.ap_auto.i16, i16 %Matrix_B_BRAM_V_19_load"   --->   Operation 144 'read' 'Matrix_B_BRAM_V_19_load_read' <Predicate = true> <Delay = 0.00>
ST_1 : Operation 145 [1/1] (0.00ns)   --->   "%Matrix_B_BRAM_V_18_load_read = read i16 @_ssdm_op_Read.ap_auto.i16, i16 %Matrix_B_BRAM_V_18_load"   --->   Operation 145 'read' 'Matrix_B_BRAM_V_18_load_read' <Predicate = true> <Delay = 0.00>
ST_1 : Operation 146 [1/1] (0.00ns)   --->   "%Matrix_B_BRAM_V_17_load_read = read i16 @_ssdm_op_Read.ap_auto.i16, i16 %Matrix_B_BRAM_V_17_load"   --->   Operation 146 'read' 'Matrix_B_BRAM_V_17_load_read' <Predicate = true> <Delay = 0.00>
ST_1 : Operation 147 [1/1] (0.00ns)   --->   "%Matrix_B_BRAM_V_16_load_read = read i16 @_ssdm_op_Read.ap_auto.i16, i16 %Matrix_B_BRAM_V_16_load"   --->   Operation 147 'read' 'Matrix_B_BRAM_V_16_load_read' <Predicate = true> <Delay = 0.00>
ST_1 : Operation 148 [1/1] (0.00ns)   --->   "%Matrix_B_BRAM_V_15_load_read = read i16 @_ssdm_op_Read.ap_auto.i16, i16 %Matrix_B_BRAM_V_15_load"   --->   Operation 148 'read' 'Matrix_B_BRAM_V_15_load_read' <Predicate = true> <Delay = 0.00>
ST_1 : Operation 149 [1/1] (0.00ns)   --->   "%Matrix_B_BRAM_V_14_load_read = read i16 @_ssdm_op_Read.ap_auto.i16, i16 %Matrix_B_BRAM_V_14_load"   --->   Operation 149 'read' 'Matrix_B_BRAM_V_14_load_read' <Predicate = true> <Delay = 0.00>
ST_1 : Operation 150 [1/1] (0.00ns)   --->   "%Matrix_B_BRAM_V_13_load_read = read i16 @_ssdm_op_Read.ap_auto.i16, i16 %Matrix_B_BRAM_V_13_load"   --->   Operation 150 'read' 'Matrix_B_BRAM_V_13_load_read' <Predicate = true> <Delay = 0.00>
ST_1 : Operation 151 [1/1] (0.00ns)   --->   "%Matrix_B_BRAM_V_12_load_read = read i16 @_ssdm_op_Read.ap_auto.i16, i16 %Matrix_B_BRAM_V_12_load"   --->   Operation 151 'read' 'Matrix_B_BRAM_V_12_load_read' <Predicate = true> <Delay = 0.00>
ST_1 : Operation 152 [1/1] (0.00ns)   --->   "%Matrix_B_BRAM_V_11_load_read = read i16 @_ssdm_op_Read.ap_auto.i16, i16 %Matrix_B_BRAM_V_11_load"   --->   Operation 152 'read' 'Matrix_B_BRAM_V_11_load_read' <Predicate = true> <Delay = 0.00>
ST_1 : Operation 153 [1/1] (0.00ns)   --->   "%Matrix_B_BRAM_V_10_load_read = read i16 @_ssdm_op_Read.ap_auto.i16, i16 %Matrix_B_BRAM_V_10_load"   --->   Operation 153 'read' 'Matrix_B_BRAM_V_10_load_read' <Predicate = true> <Delay = 0.00>
ST_1 : Operation 154 [1/1] (0.00ns)   --->   "%Matrix_B_BRAM_V_9_load_read = read i16 @_ssdm_op_Read.ap_auto.i16, i16 %Matrix_B_BRAM_V_9_load"   --->   Operation 154 'read' 'Matrix_B_BRAM_V_9_load_read' <Predicate = true> <Delay = 0.00>
ST_1 : Operation 155 [1/1] (0.00ns)   --->   "%Matrix_B_BRAM_V_8_load_read = read i16 @_ssdm_op_Read.ap_auto.i16, i16 %Matrix_B_BRAM_V_8_load"   --->   Operation 155 'read' 'Matrix_B_BRAM_V_8_load_read' <Predicate = true> <Delay = 0.00>
ST_1 : Operation 156 [1/1] (0.00ns)   --->   "%Matrix_B_BRAM_V_7_load_read = read i16 @_ssdm_op_Read.ap_auto.i16, i16 %Matrix_B_BRAM_V_7_load"   --->   Operation 156 'read' 'Matrix_B_BRAM_V_7_load_read' <Predicate = true> <Delay = 0.00>
ST_1 : Operation 157 [1/1] (0.00ns)   --->   "%Matrix_B_BRAM_V_6_load_read = read i16 @_ssdm_op_Read.ap_auto.i16, i16 %Matrix_B_BRAM_V_6_load"   --->   Operation 157 'read' 'Matrix_B_BRAM_V_6_load_read' <Predicate = true> <Delay = 0.00>
ST_1 : Operation 158 [1/1] (0.00ns)   --->   "%Matrix_B_BRAM_V_5_load_read = read i16 @_ssdm_op_Read.ap_auto.i16, i16 %Matrix_B_BRAM_V_5_load"   --->   Operation 158 'read' 'Matrix_B_BRAM_V_5_load_read' <Predicate = true> <Delay = 0.00>
ST_1 : Operation 159 [1/1] (0.00ns)   --->   "%Matrix_B_BRAM_V_4_load_read = read i16 @_ssdm_op_Read.ap_auto.i16, i16 %Matrix_B_BRAM_V_4_load"   --->   Operation 159 'read' 'Matrix_B_BRAM_V_4_load_read' <Predicate = true> <Delay = 0.00>
ST_1 : Operation 160 [1/1] (0.00ns)   --->   "%Matrix_B_BRAM_V_3_load_read = read i16 @_ssdm_op_Read.ap_auto.i16, i16 %Matrix_B_BRAM_V_3_load"   --->   Operation 160 'read' 'Matrix_B_BRAM_V_3_load_read' <Predicate = true> <Delay = 0.00>
ST_1 : Operation 161 [1/1] (0.00ns)   --->   "%Matrix_B_BRAM_V_2_load_read = read i16 @_ssdm_op_Read.ap_auto.i16, i16 %Matrix_B_BRAM_V_2_load"   --->   Operation 161 'read' 'Matrix_B_BRAM_V_2_load_read' <Predicate = true> <Delay = 0.00>
ST_1 : Operation 162 [1/1] (0.00ns)   --->   "%Matrix_B_BRAM_V_1_load_read = read i16 @_ssdm_op_Read.ap_auto.i16, i16 %Matrix_B_BRAM_V_1_load"   --->   Operation 162 'read' 'Matrix_B_BRAM_V_1_load_read' <Predicate = true> <Delay = 0.00>
ST_1 : Operation 163 [1/1] (0.00ns)   --->   "%Matrix_B_BRAM_V_load_read = read i16 @_ssdm_op_Read.ap_auto.i16, i16 %Matrix_B_BRAM_V_load"   --->   Operation 163 'read' 'Matrix_B_BRAM_V_load_read' <Predicate = true> <Delay = 0.00>
ST_1 : Operation 164 [1/1] (0.00ns)   --->   "%add_ln186_read = read i10 @_ssdm_op_Read.ap_auto.i10, i10 %add_ln186"   --->   Operation 164 'read' 'add_ln186_read' <Predicate = true> <Delay = 0.00>
ST_1 : Operation 165 [1/1] (0.00ns)   --->   "%Matrix_C_BRAM_V_load_read = read i16 @_ssdm_op_Read.ap_auto.i16, i16 %Matrix_C_BRAM_V_load"   --->   Operation 165 'read' 'Matrix_C_BRAM_V_load_read' <Predicate = true> <Delay = 0.00>
ST_1 : Operation 166 [1/1] (1.58ns)   --->   "%store_ln0 = store i4 0, i4 %indvars_iv"   --->   Operation 166 'store' 'store_ln0' <Predicate = true> <Delay = 1.58>
ST_1 : Operation 167 [1/1] (1.58ns)   --->   "%store_ln0 = store i8 0, i8 %dot"   --->   Operation 167 'store' 'store_ln0' <Predicate = true> <Delay = 1.58>
ST_1 : Operation 168 [1/1] (1.58ns)   --->   "%store_ln0 = store i16 %Matrix_C_BRAM_V_load_read, i16 %conv3_i_1488"   --->   Operation 168 'store' 'store_ln0' <Predicate = true> <Delay = 1.58>
ST_1 : Operation 169 [1/1] (0.00ns)   --->   "%br_ln0 = br void %for.inc119"   --->   Operation 169 'br' 'br_ln0' <Predicate = true> <Delay = 0.00>
ST_1 : Operation 170 [1/1] (0.00ns)   --->   "%indvars_iv_load = load i4 %indvars_iv" [matmul.cpp:61]   --->   Operation 170 'load' 'indvars_iv_load' <Predicate = true> <Delay = 0.00>
ST_1 : Operation 171 [1/1] (0.00ns)   --->   "%empty = speclooptripcount i32 @_ssdm_op_SpecLoopTripCount, i64 10, i64 10, i64 10"   --->   Operation 171 'speclooptripcount' 'empty' <Predicate = true> <Delay = 0.00>
ST_1 : Operation 172 [1/1] (1.30ns)   --->   "%icmp_ln61 = icmp_eq  i4 %indvars_iv_load, i4 10" [matmul.cpp:61]   --->   Operation 172 'icmp' 'icmp_ln61' <Predicate = true> <Delay = 1.30> <CoreInst = "Cmp">   --->   Core 9 'Cmp' <Latency = 0> <II = 1> <Delay = 1.30> <FuncUnit> <Opcode : 'icmp'> <InPorts = 2> <OutPorts = 1>
ST_1 : Operation 173 [1/1] (1.73ns)   --->   "%add_ln61_1 = add i4 %indvars_iv_load, i4 1" [matmul.cpp:61]   --->   Operation 173 'add' 'add_ln61_1' <Predicate = true> <Delay = 1.73> <CoreInst = "Adder">   --->   Core 1 'Adder' <Latency = 0> <II = 1> <Delay = 1.73> <FuncUnit> <Opcode : 'add' 'sub'> <InPorts = 2> <OutPorts = 1>
ST_1 : Operation 174 [1/1] (0.00ns)   --->   "%br_ln61 = br i1 %icmp_ln61, void %for.inc119.split, void %for.inc122.exitStub" [matmul.cpp:61]   --->   Operation 174 'br' 'br_ln61' <Predicate = true> <Delay = 0.00>
ST_1 : Operation 175 [1/1] (0.00ns)   --->   "%dot_load = load i8 %dot" [matmul.cpp:61]   --->   Operation 175 'load' 'dot_load' <Predicate = (!icmp_ln61)> <Delay = 0.00>
ST_1 : Operation 176 [1/1] (0.00ns)   --->   "%zext_ln186 = zext i4 %indvars_iv_load"   --->   Operation 176 'zext' 'zext_ln186' <Predicate = (!icmp_ln61)> <Delay = 0.00>
ST_1 : Operation 177 [1/1] (1.73ns)   --->   "%add_ln186_1 = add i10 %add_ln186_read, i10 %zext_ln186"   --->   Operation 177 'add' 'add_ln186_1' <Predicate = (!icmp_ln61)> <Delay = 1.73> <CoreInst = "Adder">   --->   Core 1 'Adder' <Latency = 0> <II = 1> <Delay = 1.73> <FuncUnit> <Opcode : 'add' 'sub'> <InPorts = 2> <OutPorts = 1>
ST_1 : Operation 178 [1/1] (0.00ns)   --->   "%zext_ln186_1 = zext i10 %add_ln186_1"   --->   Operation 178 'zext' 'zext_ln186_1' <Predicate = (!icmp_ln61)> <Delay = 0.00>
ST_1 : Operation 179 [1/1] (0.00ns)   --->   "%Matrix_A_BRAM_V_1_addr = getelementptr i16 %Matrix_A_BRAM_V_1, i64 0, i64 %zext_ln186_1"   --->   Operation 179 'getelementptr' 'Matrix_A_BRAM_V_1_addr' <Predicate = (!icmp_ln61)> <Delay = 0.00>
ST_1 : Operation 180 [1/1] (0.00ns)   --->   "%Matrix_A_BRAM_V_7_addr = getelementptr i16 %Matrix_A_BRAM_V_7, i64 0, i64 %zext_ln186_1"   --->   Operation 180 'getelementptr' 'Matrix_A_BRAM_V_7_addr' <Predicate = (!icmp_ln61)> <Delay = 0.00>
ST_1 : Operation 181 [1/1] (0.00ns)   --->   "%Matrix_A_BRAM_V_10_addr = getelementptr i16 %Matrix_A_BRAM_V_10, i64 0, i64 %zext_ln186_1"   --->   Operation 181 'getelementptr' 'Matrix_A_BRAM_V_10_addr' <Predicate = (!icmp_ln61)> <Delay = 0.00>
ST_1 : Operation 182 [1/1] (0.00ns)   --->   "%Matrix_A_BRAM_V_12_addr = getelementptr i16 %Matrix_A_BRAM_V_12, i64 0, i64 %zext_ln186_1"   --->   Operation 182 'getelementptr' 'Matrix_A_BRAM_V_12_addr' <Predicate = (!icmp_ln61)> <Delay = 0.00>
ST_1 : Operation 183 [1/1] (4.32ns)   --->   "%tmp_1 = mux i16 @_ssdm_op_Mux.ap_auto.136i16.i8, i16 %Matrix_B_BRAM_V_load_read, i16 %Matrix_B_BRAM_V_1_load_read, i16 %Matrix_B_BRAM_V_2_load_read, i16 %Matrix_B_BRAM_V_3_load_read, i16 %Matrix_B_BRAM_V_4_load_read, i16 %Matrix_B_BRAM_V_5_load_read, i16 %Matrix_B_BRAM_V_6_load_read, i16 %Matrix_B_BRAM_V_7_load_read, i16 %Matrix_B_BRAM_V_8_load_read, i16 %Matrix_B_BRAM_V_9_load_read, i16 %Matrix_B_BRAM_V_10_load_read, i16 %Matrix_B_BRAM_V_11_load_read, i16 %Matrix_B_BRAM_V_12_load_read, i16 %Matrix_B_BRAM_V_13_load_read, i16 %Matrix_B_BRAM_V_14_load_read, i16 %Matrix_B_BRAM_V_15_load_read, i16 %Matrix_B_BRAM_V_16_load_read, i16 %Matrix_B_BRAM_V_17_load_read, i16 %Matrix_B_BRAM_V_18_load_read, i16 %Matrix_B_BRAM_V_19_load_read, i16 %Matrix_B_BRAM_V_20_load_read, i16 %Matrix_B_BRAM_V_21_load_read, i16 %Matrix_B_BRAM_V_22_load_read, i16 %Matrix_B_BRAM_V_23_load_read, i16 %Matrix_B_BRAM_V_24_load_read, i16 %Matrix_B_BRAM_V_25_load_read, i16 %Matrix_B_BRAM_V_26_load_read, i16 %Matrix_B_BRAM_V_27_load_read, i16 %Matrix_B_BRAM_V_28_load_read, i16 %Matrix_B_BRAM_V_29_load_read, i16 %Matrix_B_BRAM_V_30_load_read, i16 %Matrix_B_BRAM_V_31_load_read, i16 %Matrix_B_BRAM_V_32_load_read, i16 %Matrix_B_BRAM_V_33_load_read, i16 %Matrix_B_BRAM_V_34_load_read, i16 %Matrix_B_BRAM_V_35_load_read, i16 %Matrix_B_BRAM_V_36_load_read, i16 %Matrix_B_BRAM_V_37_load_read, i16 %Matrix_B_BRAM_V_38_load_read, i16 %Matrix_B_BRAM_V_39_load_read, i16 %Matrix_B_BRAM_V_40_load_read, i16 %Matrix_B_BRAM_V_41_load_read, i16 %Matrix_B_BRAM_V_42_load_read, i16 %Matrix_B_BRAM_V_43_load_read, i16 %Matrix_B_BRAM_V_44_load_read, i16 %Matrix_B_BRAM_V_45_load_read, i16 %Matrix_B_BRAM_V_46_load_read, i16 %Matrix_B_BRAM_V_47_load_read, i16 %Matrix_B_BRAM_V_48_load_read, i16 %Matrix_B_BRAM_V_49_load_read, i16 %Matrix_B_BRAM_V_50_load_read, i16 %Matrix_B_BRAM_V_51_load_read, i16 %Matrix_B_BRAM_V_52_load_read, i16 %Matrix_B_BRAM_V_53_load_read, i16 %Matrix_B_BRAM_V_54_load_read, i16 %Matrix_B_BRAM_V_55_load_read, i16 %Matrix_B_BRAM_V_56_load_read, i16 %Matrix_B_BRAM_V_57_load_read, i16 %Matrix_B_BRAM_V_58_load_read, i16 %Matrix_B_BRAM_V_59_load_read, i16 %Matrix_B_BRAM_V_60_load_read, i16 %Matrix_B_BRAM_V_61_load_read, i16 %Matrix_B_BRAM_V_62_load_read, i16 %Matrix_B_BRAM_V_63_load_read, i16 %Matrix_B_BRAM_V_64_load_read, i16 %Matrix_B_BRAM_V_65_load_read, i16 %Matrix_B_BRAM_V_66_load_read, i16 %Matrix_B_BRAM_V_67_load_read, i16 %Matrix_B_BRAM_V_68_load_read, i16 %Matrix_B_BRAM_V_69_load_read, i16 %Matrix_B_BRAM_V_70_load_read, i16 %Matrix_B_BRAM_V_71_load_read, i16 %Matrix_B_BRAM_V_72_load_read, i16 %Matrix_B_BRAM_V_73_load_read, i16 %Matrix_B_BRAM_V_74_load_read, i16 %Matrix_B_BRAM_V_75_load_read, i16 %Matrix_B_BRAM_V_76_load_read, i16 %Matrix_B_BRAM_V_77_load_read, i16 %Matrix_B_BRAM_V_78_load_read, i16 %Matrix_B_BRAM_V_79_load_read, i16 %Matrix_B_BRAM_V_80_load_read, i16 %Matrix_B_BRAM_V_81_load_read, i16 %Matrix_B_BRAM_V_82_load_read, i16 %Matrix_B_BRAM_V_83_load_read, i16 %Matrix_B_BRAM_V_84_load_read, i16 %Matrix_B_BRAM_V_85_load_read, i16 %Matrix_B_BRAM_V_86_load_read, i16 %Matrix_B_BRAM_V_87_load_read, i16 %Matrix_B_BRAM_V_88_load_read, i16 %Matrix_B_BRAM_V_89_load_read, i16 %Matrix_B_BRAM_V_90_load_read, i16 %Matrix_B_BRAM_V_91_load_read, i16 %Matrix_B_BRAM_V_92_load_read, i16 %Matrix_B_BRAM_V_93_load_read, i16 %Matrix_B_BRAM_V_94_load_read, i16 %Matrix_B_BRAM_V_95_load_read, i16 %Matrix_B_BRAM_V_96_load_read, i16 %Matrix_B_BRAM_V_97_load_read, i16 %Matrix_B_BRAM_V_98_load_read, i16 %Matrix_B_BRAM_V_99_load_read, i16 %Matrix_B_BRAM_V_100_load_read, i16 %Matrix_B_BRAM_V_101_load_read, i16 %Matrix_B_BRAM_V_102_load_read, i16 %Matrix_B_BRAM_V_103_load_read, i16 %Matrix_B_BRAM_V_104_load_read, i16 %Matrix_B_BRAM_V_105_load_read, i16 %Matrix_B_BRAM_V_106_load_read, i16 %Matrix_B_BRAM_V_107_load_read, i16 %Matrix_B_BRAM_V_108_load_read, i16 %Matrix_B_BRAM_V_109_load_read, i16 %Matrix_B_BRAM_V_110_load_read, i16 %Matrix_B_BRAM_V_111_load_read, i16 %Matrix_B_BRAM_V_112_load_read, i16 %Matrix_B_BRAM_V_113_load_read, i16 %Matrix_B_BRAM_V_114_load_read, i16 %Matrix_B_BRAM_V_115_load_read, i16 %Matrix_B_BRAM_V_116_load_read, i16 %Matrix_B_BRAM_V_117_load_read, i16 %Matrix_B_BRAM_V_118_load_read, i16 %Matrix_B_BRAM_V_119_load_read, i16 %Matrix_B_BRAM_V_120_load_read, i16 %Matrix_B_BRAM_V_121_load_read, i16 %Matrix_B_BRAM_V_122_load_read, i16 %Matrix_B_BRAM_V_123_load_read, i16 %Matrix_B_BRAM_V_124_load_read, i16 %Matrix_B_BRAM_V_125_load_read, i16 %Matrix_B_BRAM_V_126_load_read, i16 %Matrix_B_BRAM_V_127_load_read, i16 %Matrix_B_BRAM_V_128_load_read, i16 %Matrix_B_BRAM_V_129_load_read, i16 %Matrix_B_BRAM_V_130_load_read, i16 %Matrix_B_BRAM_V_131_load_read, i16 %Matrix_B_BRAM_V_132_load_read, i16 %Matrix_B_BRAM_V_133_load_read, i16 %Matrix_B_BRAM_V_134_load_read, i16 %Matrix_B_BRAM_V_135_load_read, i8 %dot_load"   --->   Operation 183 'mux' 'tmp_1' <Predicate = (!icmp_ln61)> <Delay = 4.32> <CoreInst = "Multiplexer">   --->   Core 76 'Multiplexer' <Latency = 0> <II = 1> <Delay = 4.32> <FuncUnit> <Opcode : 'mux'> <InPorts = 2> <OutPorts = 1>
ST_1 : Operation 184 [2/2] (3.25ns)   --->   "%Matrix_A_BRAM_V_1_load = load i10 %Matrix_A_BRAM_V_1_addr"   --->   Operation 184 'load' 'Matrix_A_BRAM_V_1_load' <Predicate = (!icmp_ln61)> <Delay = 3.25> <CoreInst = "RAM">   --->   Core 82 'RAM' <Latency = 1> <II = 1> <Delay = 3.25> <Storage> <Opcode : 'load' 'store'> <Ports = 2> <Width = 16> <Depth = 1000> <RAM>
ST_1 : Operation 185 [1/1] (4.32ns)   --->   "%tmp_3 = mux i16 @_ssdm_op_Mux.ap_auto.136i16.i8, i16 %Matrix_B_BRAM_V_1_load_read, i16 %Matrix_B_BRAM_V_2_load_read, i16 %Matrix_B_BRAM_V_3_load_read, i16 %Matrix_B_BRAM_V_4_load_read, i16 %Matrix_B_BRAM_V_5_load_read, i16 %Matrix_B_BRAM_V_6_load_read, i16 %Matrix_B_BRAM_V_7_load_read, i16 %Matrix_B_BRAM_V_8_load_read, i16 %Matrix_B_BRAM_V_9_load_read, i16 %Matrix_B_BRAM_V_10_load_read, i16 %Matrix_B_BRAM_V_11_load_read, i16 %Matrix_B_BRAM_V_12_load_read, i16 %Matrix_B_BRAM_V_13_load_read, i16 %Matrix_B_BRAM_V_14_load_read, i16 %Matrix_B_BRAM_V_15_load_read, i16 %Matrix_B_BRAM_V_16_load_read, i16 %Matrix_B_BRAM_V_17_load_read, i16 %Matrix_B_BRAM_V_18_load_read, i16 %Matrix_B_BRAM_V_19_load_read, i16 %Matrix_B_BRAM_V_20_load_read, i16 %Matrix_B_BRAM_V_21_load_read, i16 %Matrix_B_BRAM_V_22_load_read, i16 %Matrix_B_BRAM_V_23_load_read, i16 %Matrix_B_BRAM_V_24_load_read, i16 %Matrix_B_BRAM_V_25_load_read, i16 %Matrix_B_BRAM_V_26_load_read, i16 %Matrix_B_BRAM_V_27_load_read, i16 %Matrix_B_BRAM_V_28_load_read, i16 %Matrix_B_BRAM_V_29_load_read, i16 %Matrix_B_BRAM_V_30_load_read, i16 %Matrix_B_BRAM_V_31_load_read, i16 %Matrix_B_BRAM_V_32_load_read, i16 %Matrix_B_BRAM_V_33_load_read, i16 %Matrix_B_BRAM_V_34_load_read, i16 %Matrix_B_BRAM_V_35_load_read, i16 %Matrix_B_BRAM_V_36_load_read, i16 %Matrix_B_BRAM_V_37_load_read, i16 %Matrix_B_BRAM_V_38_load_read, i16 %Matrix_B_BRAM_V_39_load_read, i16 %Matrix_B_BRAM_V_40_load_read, i16 %Matrix_B_BRAM_V_41_load_read, i16 %Matrix_B_BRAM_V_42_load_read, i16 %Matrix_B_BRAM_V_43_load_read, i16 %Matrix_B_BRAM_V_44_load_read, i16 %Matrix_B_BRAM_V_45_load_read, i16 %Matrix_B_BRAM_V_46_load_read, i16 %Matrix_B_BRAM_V_47_load_read, i16 %Matrix_B_BRAM_V_48_load_read, i16 %Matrix_B_BRAM_V_49_load_read, i16 %Matrix_B_BRAM_V_50_load_read, i16 %Matrix_B_BRAM_V_51_load_read, i16 %Matrix_B_BRAM_V_52_load_read, i16 %Matrix_B_BRAM_V_53_load_read, i16 %Matrix_B_BRAM_V_54_load_read, i16 %Matrix_B_BRAM_V_55_load_read, i16 %Matrix_B_BRAM_V_56_load_read, i16 %Matrix_B_BRAM_V_57_load_read, i16 %Matrix_B_BRAM_V_58_load_read, i16 %Matrix_B_BRAM_V_59_load_read, i16 %Matrix_B_BRAM_V_60_load_read, i16 %Matrix_B_BRAM_V_61_load_read, i16 %Matrix_B_BRAM_V_62_load_read, i16 %Matrix_B_BRAM_V_63_load_read, i16 %Matrix_B_BRAM_V_64_load_read, i16 %Matrix_B_BRAM_V_65_load_read, i16 %Matrix_B_BRAM_V_66_load_read, i16 %Matrix_B_BRAM_V_67_load_read, i16 %Matrix_B_BRAM_V_68_load_read, i16 %Matrix_B_BRAM_V_69_load_read, i16 %Matrix_B_BRAM_V_70_load_read, i16 %Matrix_B_BRAM_V_71_load_read, i16 %Matrix_B_BRAM_V_72_load_read, i16 %Matrix_B_BRAM_V_73_load_read, i16 %Matrix_B_BRAM_V_74_load_read, i16 %Matrix_B_BRAM_V_75_load_read, i16 %Matrix_B_BRAM_V_76_load_read, i16 %Matrix_B_BRAM_V_77_load_read, i16 %Matrix_B_BRAM_V_78_load_read, i16 %Matrix_B_BRAM_V_79_load_read, i16 %Matrix_B_BRAM_V_80_load_read, i16 %Matrix_B_BRAM_V_81_load_read, i16 %Matrix_B_BRAM_V_82_load_read, i16 %Matrix_B_BRAM_V_83_load_read, i16 %Matrix_B_BRAM_V_84_load_read, i16 %Matrix_B_BRAM_V_85_load_read, i16 %Matrix_B_BRAM_V_86_load_read, i16 %Matrix_B_BRAM_V_87_load_read, i16 %Matrix_B_BRAM_V_88_load_read, i16 %Matrix_B_BRAM_V_89_load_read, i16 %Matrix_B_BRAM_V_90_load_read, i16 %Matrix_B_BRAM_V_91_load_read, i16 %Matrix_B_BRAM_V_92_load_read, i16 %Matrix_B_BRAM_V_93_load_read, i16 %Matrix_B_BRAM_V_94_load_read, i16 %Matrix_B_BRAM_V_95_load_read, i16 %Matrix_B_BRAM_V_96_load_read, i16 %Matrix_B_BRAM_V_97_load_read, i16 %Matrix_B_BRAM_V_98_load_read, i16 %Matrix_B_BRAM_V_99_load_read, i16 %Matrix_B_BRAM_V_100_load_read, i16 %Matrix_B_BRAM_V_101_load_read, i16 %Matrix_B_BRAM_V_102_load_read, i16 %Matrix_B_BRAM_V_103_load_read, i16 %Matrix_B_BRAM_V_104_load_read, i16 %Matrix_B_BRAM_V_105_load_read, i16 %Matrix_B_BRAM_V_106_load_read, i16 %Matrix_B_BRAM_V_107_load_read, i16 %Matrix_B_BRAM_V_108_load_read, i16 %Matrix_B_BRAM_V_109_load_read, i16 %Matrix_B_BRAM_V_110_load_read, i16 %Matrix_B_BRAM_V_111_load_read, i16 %Matrix_B_BRAM_V_112_load_read, i16 %Matrix_B_BRAM_V_113_load_read, i16 %Matrix_B_BRAM_V_114_load_read, i16 %Matrix_B_BRAM_V_115_load_read, i16 %Matrix_B_BRAM_V_116_load_read, i16 %Matrix_B_BRAM_V_117_load_read, i16 %Matrix_B_BRAM_V_118_load_read, i16 %Matrix_B_BRAM_V_119_load_read, i16 %Matrix_B_BRAM_V_120_load_read, i16 %Matrix_B_BRAM_V_121_load_read, i16 %Matrix_B_BRAM_V_122_load_read, i16 %Matrix_B_BRAM_V_123_load_read, i16 %Matrix_B_BRAM_V_124_load_read, i16 %Matrix_B_BRAM_V_125_load_read, i16 %Matrix_B_BRAM_V_126_load_read, i16 %Matrix_B_BRAM_V_127_load_read, i16 %Matrix_B_BRAM_V_128_load_read, i16 %Matrix_B_BRAM_V_129_load_read, i16 %Matrix_B_BRAM_V_130_load_read, i16 %Matrix_B_BRAM_V_131_load_read, i16 %Matrix_B_BRAM_V_132_load_read, i16 %Matrix_B_BRAM_V_133_load_read, i16 %Matrix_B_BRAM_V_134_load_read, i16 %Matrix_B_BRAM_V_135_load_read, i16 %Matrix_B_BRAM_V_136_load_read, i8 %dot_load"   --->   Operation 185 'mux' 'tmp_3' <Predicate = (!icmp_ln61)> <Delay = 4.32> <CoreInst = "Multiplexer">   --->   Core 76 'Multiplexer' <Latency = 0> <II = 1> <Delay = 4.32> <FuncUnit> <Opcode : 'mux'> <InPorts = 2> <OutPorts = 1>
ST_1 : Operation 186 [1/1] (4.32ns)   --->   "%tmp_5 = mux i16 @_ssdm_op_Mux.ap_auto.136i16.i8, i16 %Matrix_B_BRAM_V_2_load_read, i16 %Matrix_B_BRAM_V_3_load_read, i16 %Matrix_B_BRAM_V_4_load_read, i16 %Matrix_B_BRAM_V_5_load_read, i16 %Matrix_B_BRAM_V_6_load_read, i16 %Matrix_B_BRAM_V_7_load_read, i16 %Matrix_B_BRAM_V_8_load_read, i16 %Matrix_B_BRAM_V_9_load_read, i16 %Matrix_B_BRAM_V_10_load_read, i16 %Matrix_B_BRAM_V_11_load_read, i16 %Matrix_B_BRAM_V_12_load_read, i16 %Matrix_B_BRAM_V_13_load_read, i16 %Matrix_B_BRAM_V_14_load_read, i16 %Matrix_B_BRAM_V_15_load_read, i16 %Matrix_B_BRAM_V_16_load_read, i16 %Matrix_B_BRAM_V_17_load_read, i16 %Matrix_B_BRAM_V_18_load_read, i16 %Matrix_B_BRAM_V_19_load_read, i16 %Matrix_B_BRAM_V_20_load_read, i16 %Matrix_B_BRAM_V_21_load_read, i16 %Matrix_B_BRAM_V_22_load_read, i16 %Matrix_B_BRAM_V_23_load_read, i16 %Matrix_B_BRAM_V_24_load_read, i16 %Matrix_B_BRAM_V_25_load_read, i16 %Matrix_B_BRAM_V_26_load_read, i16 %Matrix_B_BRAM_V_27_load_read, i16 %Matrix_B_BRAM_V_28_load_read, i16 %Matrix_B_BRAM_V_29_load_read, i16 %Matrix_B_BRAM_V_30_load_read, i16 %Matrix_B_BRAM_V_31_load_read, i16 %Matrix_B_BRAM_V_32_load_read, i16 %Matrix_B_BRAM_V_33_load_read, i16 %Matrix_B_BRAM_V_34_load_read, i16 %Matrix_B_BRAM_V_35_load_read, i16 %Matrix_B_BRAM_V_36_load_read, i16 %Matrix_B_BRAM_V_37_load_read, i16 %Matrix_B_BRAM_V_38_load_read, i16 %Matrix_B_BRAM_V_39_load_read, i16 %Matrix_B_BRAM_V_40_load_read, i16 %Matrix_B_BRAM_V_41_load_read, i16 %Matrix_B_BRAM_V_42_load_read, i16 %Matrix_B_BRAM_V_43_load_read, i16 %Matrix_B_BRAM_V_44_load_read, i16 %Matrix_B_BRAM_V_45_load_read, i16 %Matrix_B_BRAM_V_46_load_read, i16 %Matrix_B_BRAM_V_47_load_read, i16 %Matrix_B_BRAM_V_48_load_read, i16 %Matrix_B_BRAM_V_49_load_read, i16 %Matrix_B_BRAM_V_50_load_read, i16 %Matrix_B_BRAM_V_51_load_read, i16 %Matrix_B_BRAM_V_52_load_read, i16 %Matrix_B_BRAM_V_53_load_read, i16 %Matrix_B_BRAM_V_54_load_read, i16 %Matrix_B_BRAM_V_55_load_read, i16 %Matrix_B_BRAM_V_56_load_read, i16 %Matrix_B_BRAM_V_57_load_read, i16 %Matrix_B_BRAM_V_58_load_read, i16 %Matrix_B_BRAM_V_59_load_read, i16 %Matrix_B_BRAM_V_60_load_read, i16 %Matrix_B_BRAM_V_61_load_read, i16 %Matrix_B_BRAM_V_62_load_read, i16 %Matrix_B_BRAM_V_63_load_read, i16 %Matrix_B_BRAM_V_64_load_read, i16 %Matrix_B_BRAM_V_65_load_read, i16 %Matrix_B_BRAM_V_66_load_read, i16 %Matrix_B_BRAM_V_67_load_read, i16 %Matrix_B_BRAM_V_68_load_read, i16 %Matrix_B_BRAM_V_69_load_read, i16 %Matrix_B_BRAM_V_70_load_read, i16 %Matrix_B_BRAM_V_71_load_read, i16 %Matrix_B_BRAM_V_72_load_read, i16 %Matrix_B_BRAM_V_73_load_read, i16 %Matrix_B_BRAM_V_74_load_read, i16 %Matrix_B_BRAM_V_75_load_read, i16 %Matrix_B_BRAM_V_76_load_read, i16 %Matrix_B_BRAM_V_77_load_read, i16 %Matrix_B_BRAM_V_78_load_read, i16 %Matrix_B_BRAM_V_79_load_read, i16 %Matrix_B_BRAM_V_80_load_read, i16 %Matrix_B_BRAM_V_81_load_read, i16 %Matrix_B_BRAM_V_82_load_read, i16 %Matrix_B_BRAM_V_83_load_read, i16 %Matrix_B_BRAM_V_84_load_read, i16 %Matrix_B_BRAM_V_85_load_read, i16 %Matrix_B_BRAM_V_86_load_read, i16 %Matrix_B_BRAM_V_87_load_read, i16 %Matrix_B_BRAM_V_88_load_read, i16 %Matrix_B_BRAM_V_89_load_read, i16 %Matrix_B_BRAM_V_90_load_read, i16 %Matrix_B_BRAM_V_91_load_read, i16 %Matrix_B_BRAM_V_92_load_read, i16 %Matrix_B_BRAM_V_93_load_read, i16 %Matrix_B_BRAM_V_94_load_read, i16 %Matrix_B_BRAM_V_95_load_read, i16 %Matrix_B_BRAM_V_96_load_read, i16 %Matrix_B_BRAM_V_97_load_read, i16 %Matrix_B_BRAM_V_98_load_read, i16 %Matrix_B_BRAM_V_99_load_read, i16 %Matrix_B_BRAM_V_100_load_read, i16 %Matrix_B_BRAM_V_101_load_read, i16 %Matrix_B_BRAM_V_102_load_read, i16 %Matrix_B_BRAM_V_103_load_read, i16 %Matrix_B_BRAM_V_104_load_read, i16 %Matrix_B_BRAM_V_105_load_read, i16 %Matrix_B_BRAM_V_106_load_read, i16 %Matrix_B_BRAM_V_107_load_read, i16 %Matrix_B_BRAM_V_108_load_read, i16 %Matrix_B_BRAM_V_109_load_read, i16 %Matrix_B_BRAM_V_110_load_read, i16 %Matrix_B_BRAM_V_111_load_read, i16 %Matrix_B_BRAM_V_112_load_read, i16 %Matrix_B_BRAM_V_113_load_read, i16 %Matrix_B_BRAM_V_114_load_read, i16 %Matrix_B_BRAM_V_115_load_read, i16 %Matrix_B_BRAM_V_116_load_read, i16 %Matrix_B_BRAM_V_117_load_read, i16 %Matrix_B_BRAM_V_118_load_read, i16 %Matrix_B_BRAM_V_119_load_read, i16 %Matrix_B_BRAM_V_120_load_read, i16 %Matrix_B_BRAM_V_121_load_read, i16 %Matrix_B_BRAM_V_122_load_read, i16 %Matrix_B_BRAM_V_123_load_read, i16 %Matrix_B_BRAM_V_124_load_read, i16 %Matrix_B_BRAM_V_125_load_read, i16 %Matrix_B_BRAM_V_126_load_read, i16 %Matrix_B_BRAM_V_127_load_read, i16 %Matrix_B_BRAM_V_128_load_read, i16 %Matrix_B_BRAM_V_129_load_read, i16 %Matrix_B_BRAM_V_130_load_read, i16 %Matrix_B_BRAM_V_131_load_read, i16 %Matrix_B_BRAM_V_132_load_read, i16 %Matrix_B_BRAM_V_133_load_read, i16 %Matrix_B_BRAM_V_134_load_read, i16 %Matrix_B_BRAM_V_135_load_read, i16 %Matrix_B_BRAM_V_136_load_read, i16 %Matrix_B_BRAM_V_137_load_read, i8 %dot_load"   --->   Operation 186 'mux' 'tmp_5' <Predicate = (!icmp_ln61)> <Delay = 4.32> <CoreInst = "Multiplexer">   --->   Core 76 'Multiplexer' <Latency = 0> <II = 1> <Delay = 4.32> <FuncUnit> <Opcode : 'mux'> <InPorts = 2> <OutPorts = 1>
ST_1 : Operation 187 [1/1] (4.32ns)   --->   "%tmp_7 = mux i16 @_ssdm_op_Mux.ap_auto.136i16.i8, i16 %Matrix_B_BRAM_V_3_load_read, i16 %Matrix_B_BRAM_V_4_load_read, i16 %Matrix_B_BRAM_V_5_load_read, i16 %Matrix_B_BRAM_V_6_load_read, i16 %Matrix_B_BRAM_V_7_load_read, i16 %Matrix_B_BRAM_V_8_load_read, i16 %Matrix_B_BRAM_V_9_load_read, i16 %Matrix_B_BRAM_V_10_load_read, i16 %Matrix_B_BRAM_V_11_load_read, i16 %Matrix_B_BRAM_V_12_load_read, i16 %Matrix_B_BRAM_V_13_load_read, i16 %Matrix_B_BRAM_V_14_load_read, i16 %Matrix_B_BRAM_V_15_load_read, i16 %Matrix_B_BRAM_V_16_load_read, i16 %Matrix_B_BRAM_V_17_load_read, i16 %Matrix_B_BRAM_V_18_load_read, i16 %Matrix_B_BRAM_V_19_load_read, i16 %Matrix_B_BRAM_V_20_load_read, i16 %Matrix_B_BRAM_V_21_load_read, i16 %Matrix_B_BRAM_V_22_load_read, i16 %Matrix_B_BRAM_V_23_load_read, i16 %Matrix_B_BRAM_V_24_load_read, i16 %Matrix_B_BRAM_V_25_load_read, i16 %Matrix_B_BRAM_V_26_load_read, i16 %Matrix_B_BRAM_V_27_load_read, i16 %Matrix_B_BRAM_V_28_load_read, i16 %Matrix_B_BRAM_V_29_load_read, i16 %Matrix_B_BRAM_V_30_load_read, i16 %Matrix_B_BRAM_V_31_load_read, i16 %Matrix_B_BRAM_V_32_load_read, i16 %Matrix_B_BRAM_V_33_load_read, i16 %Matrix_B_BRAM_V_34_load_read, i16 %Matrix_B_BRAM_V_35_load_read, i16 %Matrix_B_BRAM_V_36_load_read, i16 %Matrix_B_BRAM_V_37_load_read, i16 %Matrix_B_BRAM_V_38_load_read, i16 %Matrix_B_BRAM_V_39_load_read, i16 %Matrix_B_BRAM_V_40_load_read, i16 %Matrix_B_BRAM_V_41_load_read, i16 %Matrix_B_BRAM_V_42_load_read, i16 %Matrix_B_BRAM_V_43_load_read, i16 %Matrix_B_BRAM_V_44_load_read, i16 %Matrix_B_BRAM_V_45_load_read, i16 %Matrix_B_BRAM_V_46_load_read, i16 %Matrix_B_BRAM_V_47_load_read, i16 %Matrix_B_BRAM_V_48_load_read, i16 %Matrix_B_BRAM_V_49_load_read, i16 %Matrix_B_BRAM_V_50_load_read, i16 %Matrix_B_BRAM_V_51_load_read, i16 %Matrix_B_BRAM_V_52_load_read, i16 %Matrix_B_BRAM_V_53_load_read, i16 %Matrix_B_BRAM_V_54_load_read, i16 %Matrix_B_BRAM_V_55_load_read, i16 %Matrix_B_BRAM_V_56_load_read, i16 %Matrix_B_BRAM_V_57_load_read, i16 %Matrix_B_BRAM_V_58_load_read, i16 %Matrix_B_BRAM_V_59_load_read, i16 %Matrix_B_BRAM_V_60_load_read, i16 %Matrix_B_BRAM_V_61_load_read, i16 %Matrix_B_BRAM_V_62_load_read, i16 %Matrix_B_BRAM_V_63_load_read, i16 %Matrix_B_BRAM_V_64_load_read, i16 %Matrix_B_BRAM_V_65_load_read, i16 %Matrix_B_BRAM_V_66_load_read, i16 %Matrix_B_BRAM_V_67_load_read, i16 %Matrix_B_BRAM_V_68_load_read, i16 %Matrix_B_BRAM_V_69_load_read, i16 %Matrix_B_BRAM_V_70_load_read, i16 %Matrix_B_BRAM_V_71_load_read, i16 %Matrix_B_BRAM_V_72_load_read, i16 %Matrix_B_BRAM_V_73_load_read, i16 %Matrix_B_BRAM_V_74_load_read, i16 %Matrix_B_BRAM_V_75_load_read, i16 %Matrix_B_BRAM_V_76_load_read, i16 %Matrix_B_BRAM_V_77_load_read, i16 %Matrix_B_BRAM_V_78_load_read, i16 %Matrix_B_BRAM_V_79_load_read, i16 %Matrix_B_BRAM_V_80_load_read, i16 %Matrix_B_BRAM_V_81_load_read, i16 %Matrix_B_BRAM_V_82_load_read, i16 %Matrix_B_BRAM_V_83_load_read, i16 %Matrix_B_BRAM_V_84_load_read, i16 %Matrix_B_BRAM_V_85_load_read, i16 %Matrix_B_BRAM_V_86_load_read, i16 %Matrix_B_BRAM_V_87_load_read, i16 %Matrix_B_BRAM_V_88_load_read, i16 %Matrix_B_BRAM_V_89_load_read, i16 %Matrix_B_BRAM_V_90_load_read, i16 %Matrix_B_BRAM_V_91_load_read, i16 %Matrix_B_BRAM_V_92_load_read, i16 %Matrix_B_BRAM_V_93_load_read, i16 %Matrix_B_BRAM_V_94_load_read, i16 %Matrix_B_BRAM_V_95_load_read, i16 %Matrix_B_BRAM_V_96_load_read, i16 %Matrix_B_BRAM_V_97_load_read, i16 %Matrix_B_BRAM_V_98_load_read, i16 %Matrix_B_BRAM_V_99_load_read, i16 %Matrix_B_BRAM_V_100_load_read, i16 %Matrix_B_BRAM_V_101_load_read, i16 %Matrix_B_BRAM_V_102_load_read, i16 %Matrix_B_BRAM_V_103_load_read, i16 %Matrix_B_BRAM_V_104_load_read, i16 %Matrix_B_BRAM_V_105_load_read, i16 %Matrix_B_BRAM_V_106_load_read, i16 %Matrix_B_BRAM_V_107_load_read, i16 %Matrix_B_BRAM_V_108_load_read, i16 %Matrix_B_BRAM_V_109_load_read, i16 %Matrix_B_BRAM_V_110_load_read, i16 %Matrix_B_BRAM_V_111_load_read, i16 %Matrix_B_BRAM_V_112_load_read, i16 %Matrix_B_BRAM_V_113_load_read, i16 %Matrix_B_BRAM_V_114_load_read, i16 %Matrix_B_BRAM_V_115_load_read, i16 %Matrix_B_BRAM_V_116_load_read, i16 %Matrix_B_BRAM_V_117_load_read, i16 %Matrix_B_BRAM_V_118_load_read, i16 %Matrix_B_BRAM_V_119_load_read, i16 %Matrix_B_BRAM_V_120_load_read, i16 %Matrix_B_BRAM_V_121_load_read, i16 %Matrix_B_BRAM_V_122_load_read, i16 %Matrix_B_BRAM_V_123_load_read, i16 %Matrix_B_BRAM_V_124_load_read, i16 %Matrix_B_BRAM_V_125_load_read, i16 %Matrix_B_BRAM_V_126_load_read, i16 %Matrix_B_BRAM_V_127_load_read, i16 %Matrix_B_BRAM_V_128_load_read, i16 %Matrix_B_BRAM_V_129_load_read, i16 %Matrix_B_BRAM_V_130_load_read, i16 %Matrix_B_BRAM_V_131_load_read, i16 %Matrix_B_BRAM_V_132_load_read, i16 %Matrix_B_BRAM_V_133_load_read, i16 %Matrix_B_BRAM_V_134_load_read, i16 %Matrix_B_BRAM_V_135_load_read, i16 %Matrix_B_BRAM_V_136_load_read, i16 %Matrix_B_BRAM_V_137_load_read, i16 %Matrix_B_BRAM_V_138_load_read, i8 %dot_load"   --->   Operation 187 'mux' 'tmp_7' <Predicate = (!icmp_ln61)> <Delay = 4.32> <CoreInst = "Multiplexer">   --->   Core 76 'Multiplexer' <Latency = 0> <II = 1> <Delay = 4.32> <FuncUnit> <Opcode : 'mux'> <InPorts = 2> <OutPorts = 1>
ST_1 : Operation 188 [1/1] (4.32ns)   --->   "%tmp_9 = mux i16 @_ssdm_op_Mux.ap_auto.136i16.i8, i16 %Matrix_B_BRAM_V_4_load_read, i16 %Matrix_B_BRAM_V_5_load_read, i16 %Matrix_B_BRAM_V_6_load_read, i16 %Matrix_B_BRAM_V_7_load_read, i16 %Matrix_B_BRAM_V_8_load_read, i16 %Matrix_B_BRAM_V_9_load_read, i16 %Matrix_B_BRAM_V_10_load_read, i16 %Matrix_B_BRAM_V_11_load_read, i16 %Matrix_B_BRAM_V_12_load_read, i16 %Matrix_B_BRAM_V_13_load_read, i16 %Matrix_B_BRAM_V_14_load_read, i16 %Matrix_B_BRAM_V_15_load_read, i16 %Matrix_B_BRAM_V_16_load_read, i16 %Matrix_B_BRAM_V_17_load_read, i16 %Matrix_B_BRAM_V_18_load_read, i16 %Matrix_B_BRAM_V_19_load_read, i16 %Matrix_B_BRAM_V_20_load_read, i16 %Matrix_B_BRAM_V_21_load_read, i16 %Matrix_B_BRAM_V_22_load_read, i16 %Matrix_B_BRAM_V_23_load_read, i16 %Matrix_B_BRAM_V_24_load_read, i16 %Matrix_B_BRAM_V_25_load_read, i16 %Matrix_B_BRAM_V_26_load_read, i16 %Matrix_B_BRAM_V_27_load_read, i16 %Matrix_B_BRAM_V_28_load_read, i16 %Matrix_B_BRAM_V_29_load_read, i16 %Matrix_B_BRAM_V_30_load_read, i16 %Matrix_B_BRAM_V_31_load_read, i16 %Matrix_B_BRAM_V_32_load_read, i16 %Matrix_B_BRAM_V_33_load_read, i16 %Matrix_B_BRAM_V_34_load_read, i16 %Matrix_B_BRAM_V_35_load_read, i16 %Matrix_B_BRAM_V_36_load_read, i16 %Matrix_B_BRAM_V_37_load_read, i16 %Matrix_B_BRAM_V_38_load_read, i16 %Matrix_B_BRAM_V_39_load_read, i16 %Matrix_B_BRAM_V_40_load_read, i16 %Matrix_B_BRAM_V_41_load_read, i16 %Matrix_B_BRAM_V_42_load_read, i16 %Matrix_B_BRAM_V_43_load_read, i16 %Matrix_B_BRAM_V_44_load_read, i16 %Matrix_B_BRAM_V_45_load_read, i16 %Matrix_B_BRAM_V_46_load_read, i16 %Matrix_B_BRAM_V_47_load_read, i16 %Matrix_B_BRAM_V_48_load_read, i16 %Matrix_B_BRAM_V_49_load_read, i16 %Matrix_B_BRAM_V_50_load_read, i16 %Matrix_B_BRAM_V_51_load_read, i16 %Matrix_B_BRAM_V_52_load_read, i16 %Matrix_B_BRAM_V_53_load_read, i16 %Matrix_B_BRAM_V_54_load_read, i16 %Matrix_B_BRAM_V_55_load_read, i16 %Matrix_B_BRAM_V_56_load_read, i16 %Matrix_B_BRAM_V_57_load_read, i16 %Matrix_B_BRAM_V_58_load_read, i16 %Matrix_B_BRAM_V_59_load_read, i16 %Matrix_B_BRAM_V_60_load_read, i16 %Matrix_B_BRAM_V_61_load_read, i16 %Matrix_B_BRAM_V_62_load_read, i16 %Matrix_B_BRAM_V_63_load_read, i16 %Matrix_B_BRAM_V_64_load_read, i16 %Matrix_B_BRAM_V_65_load_read, i16 %Matrix_B_BRAM_V_66_load_read, i16 %Matrix_B_BRAM_V_67_load_read, i16 %Matrix_B_BRAM_V_68_load_read, i16 %Matrix_B_BRAM_V_69_load_read, i16 %Matrix_B_BRAM_V_70_load_read, i16 %Matrix_B_BRAM_V_71_load_read, i16 %Matrix_B_BRAM_V_72_load_read, i16 %Matrix_B_BRAM_V_73_load_read, i16 %Matrix_B_BRAM_V_74_load_read, i16 %Matrix_B_BRAM_V_75_load_read, i16 %Matrix_B_BRAM_V_76_load_read, i16 %Matrix_B_BRAM_V_77_load_read, i16 %Matrix_B_BRAM_V_78_load_read, i16 %Matrix_B_BRAM_V_79_load_read, i16 %Matrix_B_BRAM_V_80_load_read, i16 %Matrix_B_BRAM_V_81_load_read, i16 %Matrix_B_BRAM_V_82_load_read, i16 %Matrix_B_BRAM_V_83_load_read, i16 %Matrix_B_BRAM_V_84_load_read, i16 %Matrix_B_BRAM_V_85_load_read, i16 %Matrix_B_BRAM_V_86_load_read, i16 %Matrix_B_BRAM_V_87_load_read, i16 %Matrix_B_BRAM_V_88_load_read, i16 %Matrix_B_BRAM_V_89_load_read, i16 %Matrix_B_BRAM_V_90_load_read, i16 %Matrix_B_BRAM_V_91_load_read, i16 %Matrix_B_BRAM_V_92_load_read, i16 %Matrix_B_BRAM_V_93_load_read, i16 %Matrix_B_BRAM_V_94_load_read, i16 %Matrix_B_BRAM_V_95_load_read, i16 %Matrix_B_BRAM_V_96_load_read, i16 %Matrix_B_BRAM_V_97_load_read, i16 %Matrix_B_BRAM_V_98_load_read, i16 %Matrix_B_BRAM_V_99_load_read, i16 %Matrix_B_BRAM_V_100_load_read, i16 %Matrix_B_BRAM_V_101_load_read, i16 %Matrix_B_BRAM_V_102_load_read, i16 %Matrix_B_BRAM_V_103_load_read, i16 %Matrix_B_BRAM_V_104_load_read, i16 %Matrix_B_BRAM_V_105_load_read, i16 %Matrix_B_BRAM_V_106_load_read, i16 %Matrix_B_BRAM_V_107_load_read, i16 %Matrix_B_BRAM_V_108_load_read, i16 %Matrix_B_BRAM_V_109_load_read, i16 %Matrix_B_BRAM_V_110_load_read, i16 %Matrix_B_BRAM_V_111_load_read, i16 %Matrix_B_BRAM_V_112_load_read, i16 %Matrix_B_BRAM_V_113_load_read, i16 %Matrix_B_BRAM_V_114_load_read, i16 %Matrix_B_BRAM_V_115_load_read, i16 %Matrix_B_BRAM_V_116_load_read, i16 %Matrix_B_BRAM_V_117_load_read, i16 %Matrix_B_BRAM_V_118_load_read, i16 %Matrix_B_BRAM_V_119_load_read, i16 %Matrix_B_BRAM_V_120_load_read, i16 %Matrix_B_BRAM_V_121_load_read, i16 %Matrix_B_BRAM_V_122_load_read, i16 %Matrix_B_BRAM_V_123_load_read, i16 %Matrix_B_BRAM_V_124_load_read, i16 %Matrix_B_BRAM_V_125_load_read, i16 %Matrix_B_BRAM_V_126_load_read, i16 %Matrix_B_BRAM_V_127_load_read, i16 %Matrix_B_BRAM_V_128_load_read, i16 %Matrix_B_BRAM_V_129_load_read, i16 %Matrix_B_BRAM_V_130_load_read, i16 %Matrix_B_BRAM_V_131_load_read, i16 %Matrix_B_BRAM_V_132_load_read, i16 %Matrix_B_BRAM_V_133_load_read, i16 %Matrix_B_BRAM_V_134_load_read, i16 %Matrix_B_BRAM_V_135_load_read, i16 %Matrix_B_BRAM_V_136_load_read, i16 %Matrix_B_BRAM_V_137_load_read, i16 %Matrix_B_BRAM_V_138_load_read, i16 %Matrix_B_BRAM_V_139_load_read, i8 %dot_load"   --->   Operation 188 'mux' 'tmp_9' <Predicate = (!icmp_ln61)> <Delay = 4.32> <CoreInst = "Multiplexer">   --->   Core 76 'Multiplexer' <Latency = 0> <II = 1> <Delay = 4.32> <FuncUnit> <Opcode : 'mux'> <InPorts = 2> <OutPorts = 1>
ST_1 : Operation 189 [1/1] (4.32ns)   --->   "%tmp_s = mux i16 @_ssdm_op_Mux.ap_auto.136i16.i8, i16 %Matrix_B_BRAM_V_5_load_read, i16 %Matrix_B_BRAM_V_6_load_read, i16 %Matrix_B_BRAM_V_7_load_read, i16 %Matrix_B_BRAM_V_8_load_read, i16 %Matrix_B_BRAM_V_9_load_read, i16 %Matrix_B_BRAM_V_10_load_read, i16 %Matrix_B_BRAM_V_11_load_read, i16 %Matrix_B_BRAM_V_12_load_read, i16 %Matrix_B_BRAM_V_13_load_read, i16 %Matrix_B_BRAM_V_14_load_read, i16 %Matrix_B_BRAM_V_15_load_read, i16 %Matrix_B_BRAM_V_16_load_read, i16 %Matrix_B_BRAM_V_17_load_read, i16 %Matrix_B_BRAM_V_18_load_read, i16 %Matrix_B_BRAM_V_19_load_read, i16 %Matrix_B_BRAM_V_20_load_read, i16 %Matrix_B_BRAM_V_21_load_read, i16 %Matrix_B_BRAM_V_22_load_read, i16 %Matrix_B_BRAM_V_23_load_read, i16 %Matrix_B_BRAM_V_24_load_read, i16 %Matrix_B_BRAM_V_25_load_read, i16 %Matrix_B_BRAM_V_26_load_read, i16 %Matrix_B_BRAM_V_27_load_read, i16 %Matrix_B_BRAM_V_28_load_read, i16 %Matrix_B_BRAM_V_29_load_read, i16 %Matrix_B_BRAM_V_30_load_read, i16 %Matrix_B_BRAM_V_31_load_read, i16 %Matrix_B_BRAM_V_32_load_read, i16 %Matrix_B_BRAM_V_33_load_read, i16 %Matrix_B_BRAM_V_34_load_read, i16 %Matrix_B_BRAM_V_35_load_read, i16 %Matrix_B_BRAM_V_36_load_read, i16 %Matrix_B_BRAM_V_37_load_read, i16 %Matrix_B_BRAM_V_38_load_read, i16 %Matrix_B_BRAM_V_39_load_read, i16 %Matrix_B_BRAM_V_40_load_read, i16 %Matrix_B_BRAM_V_41_load_read, i16 %Matrix_B_BRAM_V_42_load_read, i16 %Matrix_B_BRAM_V_43_load_read, i16 %Matrix_B_BRAM_V_44_load_read, i16 %Matrix_B_BRAM_V_45_load_read, i16 %Matrix_B_BRAM_V_46_load_read, i16 %Matrix_B_BRAM_V_47_load_read, i16 %Matrix_B_BRAM_V_48_load_read, i16 %Matrix_B_BRAM_V_49_load_read, i16 %Matrix_B_BRAM_V_50_load_read, i16 %Matrix_B_BRAM_V_51_load_read, i16 %Matrix_B_BRAM_V_52_load_read, i16 %Matrix_B_BRAM_V_53_load_read, i16 %Matrix_B_BRAM_V_54_load_read, i16 %Matrix_B_BRAM_V_55_load_read, i16 %Matrix_B_BRAM_V_56_load_read, i16 %Matrix_B_BRAM_V_57_load_read, i16 %Matrix_B_BRAM_V_58_load_read, i16 %Matrix_B_BRAM_V_59_load_read, i16 %Matrix_B_BRAM_V_60_load_read, i16 %Matrix_B_BRAM_V_61_load_read, i16 %Matrix_B_BRAM_V_62_load_read, i16 %Matrix_B_BRAM_V_63_load_read, i16 %Matrix_B_BRAM_V_64_load_read, i16 %Matrix_B_BRAM_V_65_load_read, i16 %Matrix_B_BRAM_V_66_load_read, i16 %Matrix_B_BRAM_V_67_load_read, i16 %Matrix_B_BRAM_V_68_load_read, i16 %Matrix_B_BRAM_V_69_load_read, i16 %Matrix_B_BRAM_V_70_load_read, i16 %Matrix_B_BRAM_V_71_load_read, i16 %Matrix_B_BRAM_V_72_load_read, i16 %Matrix_B_BRAM_V_73_load_read, i16 %Matrix_B_BRAM_V_74_load_read, i16 %Matrix_B_BRAM_V_75_load_read, i16 %Matrix_B_BRAM_V_76_load_read, i16 %Matrix_B_BRAM_V_77_load_read, i16 %Matrix_B_BRAM_V_78_load_read, i16 %Matrix_B_BRAM_V_79_load_read, i16 %Matrix_B_BRAM_V_80_load_read, i16 %Matrix_B_BRAM_V_81_load_read, i16 %Matrix_B_BRAM_V_82_load_read, i16 %Matrix_B_BRAM_V_83_load_read, i16 %Matrix_B_BRAM_V_84_load_read, i16 %Matrix_B_BRAM_V_85_load_read, i16 %Matrix_B_BRAM_V_86_load_read, i16 %Matrix_B_BRAM_V_87_load_read, i16 %Matrix_B_BRAM_V_88_load_read, i16 %Matrix_B_BRAM_V_89_load_read, i16 %Matrix_B_BRAM_V_90_load_read, i16 %Matrix_B_BRAM_V_91_load_read, i16 %Matrix_B_BRAM_V_92_load_read, i16 %Matrix_B_BRAM_V_93_load_read, i16 %Matrix_B_BRAM_V_94_load_read, i16 %Matrix_B_BRAM_V_95_load_read, i16 %Matrix_B_BRAM_V_96_load_read, i16 %Matrix_B_BRAM_V_97_load_read, i16 %Matrix_B_BRAM_V_98_load_read, i16 %Matrix_B_BRAM_V_99_load_read, i16 %Matrix_B_BRAM_V_100_load_read, i16 %Matrix_B_BRAM_V_101_load_read, i16 %Matrix_B_BRAM_V_102_load_read, i16 %Matrix_B_BRAM_V_103_load_read, i16 %Matrix_B_BRAM_V_104_load_read, i16 %Matrix_B_BRAM_V_105_load_read, i16 %Matrix_B_BRAM_V_106_load_read, i16 %Matrix_B_BRAM_V_107_load_read, i16 %Matrix_B_BRAM_V_108_load_read, i16 %Matrix_B_BRAM_V_109_load_read, i16 %Matrix_B_BRAM_V_110_load_read, i16 %Matrix_B_BRAM_V_111_load_read, i16 %Matrix_B_BRAM_V_112_load_read, i16 %Matrix_B_BRAM_V_113_load_read, i16 %Matrix_B_BRAM_V_114_load_read, i16 %Matrix_B_BRAM_V_115_load_read, i16 %Matrix_B_BRAM_V_116_load_read, i16 %Matrix_B_BRAM_V_117_load_read, i16 %Matrix_B_BRAM_V_118_load_read, i16 %Matrix_B_BRAM_V_119_load_read, i16 %Matrix_B_BRAM_V_120_load_read, i16 %Matrix_B_BRAM_V_121_load_read, i16 %Matrix_B_BRAM_V_122_load_read, i16 %Matrix_B_BRAM_V_123_load_read, i16 %Matrix_B_BRAM_V_124_load_read, i16 %Matrix_B_BRAM_V_125_load_read, i16 %Matrix_B_BRAM_V_126_load_read, i16 %Matrix_B_BRAM_V_127_load_read, i16 %Matrix_B_BRAM_V_128_load_read, i16 %Matrix_B_BRAM_V_129_load_read, i16 %Matrix_B_BRAM_V_130_load_read, i16 %Matrix_B_BRAM_V_131_load_read, i16 %Matrix_B_BRAM_V_132_load_read, i16 %Matrix_B_BRAM_V_133_load_read, i16 %Matrix_B_BRAM_V_134_load_read, i16 %Matrix_B_BRAM_V_135_load_read, i16 %Matrix_B_BRAM_V_136_load_read, i16 %Matrix_B_BRAM_V_137_load_read, i16 %Matrix_B_BRAM_V_138_load_read, i16 %Matrix_B_BRAM_V_139_load_read, i16 %Matrix_B_BRAM_V_140_load_read, i8 %dot_load"   --->   Operation 189 'mux' 'tmp_s' <Predicate = (!icmp_ln61)> <Delay = 4.32> <CoreInst = "Multiplexer">   --->   Core 76 'Multiplexer' <Latency = 0> <II = 1> <Delay = 4.32> <FuncUnit> <Opcode : 'mux'> <InPorts = 2> <OutPorts = 1>
ST_1 : Operation 190 [1/1] (4.32ns)   --->   "%tmp_2 = mux i16 @_ssdm_op_Mux.ap_auto.136i16.i8, i16 %Matrix_B_BRAM_V_6_load_read, i16 %Matrix_B_BRAM_V_7_load_read, i16 %Matrix_B_BRAM_V_8_load_read, i16 %Matrix_B_BRAM_V_9_load_read, i16 %Matrix_B_BRAM_V_10_load_read, i16 %Matrix_B_BRAM_V_11_load_read, i16 %Matrix_B_BRAM_V_12_load_read, i16 %Matrix_B_BRAM_V_13_load_read, i16 %Matrix_B_BRAM_V_14_load_read, i16 %Matrix_B_BRAM_V_15_load_read, i16 %Matrix_B_BRAM_V_16_load_read, i16 %Matrix_B_BRAM_V_17_load_read, i16 %Matrix_B_BRAM_V_18_load_read, i16 %Matrix_B_BRAM_V_19_load_read, i16 %Matrix_B_BRAM_V_20_load_read, i16 %Matrix_B_BRAM_V_21_load_read, i16 %Matrix_B_BRAM_V_22_load_read, i16 %Matrix_B_BRAM_V_23_load_read, i16 %Matrix_B_BRAM_V_24_load_read, i16 %Matrix_B_BRAM_V_25_load_read, i16 %Matrix_B_BRAM_V_26_load_read, i16 %Matrix_B_BRAM_V_27_load_read, i16 %Matrix_B_BRAM_V_28_load_read, i16 %Matrix_B_BRAM_V_29_load_read, i16 %Matrix_B_BRAM_V_30_load_read, i16 %Matrix_B_BRAM_V_31_load_read, i16 %Matrix_B_BRAM_V_32_load_read, i16 %Matrix_B_BRAM_V_33_load_read, i16 %Matrix_B_BRAM_V_34_load_read, i16 %Matrix_B_BRAM_V_35_load_read, i16 %Matrix_B_BRAM_V_36_load_read, i16 %Matrix_B_BRAM_V_37_load_read, i16 %Matrix_B_BRAM_V_38_load_read, i16 %Matrix_B_BRAM_V_39_load_read, i16 %Matrix_B_BRAM_V_40_load_read, i16 %Matrix_B_BRAM_V_41_load_read, i16 %Matrix_B_BRAM_V_42_load_read, i16 %Matrix_B_BRAM_V_43_load_read, i16 %Matrix_B_BRAM_V_44_load_read, i16 %Matrix_B_BRAM_V_45_load_read, i16 %Matrix_B_BRAM_V_46_load_read, i16 %Matrix_B_BRAM_V_47_load_read, i16 %Matrix_B_BRAM_V_48_load_read, i16 %Matrix_B_BRAM_V_49_load_read, i16 %Matrix_B_BRAM_V_50_load_read, i16 %Matrix_B_BRAM_V_51_load_read, i16 %Matrix_B_BRAM_V_52_load_read, i16 %Matrix_B_BRAM_V_53_load_read, i16 %Matrix_B_BRAM_V_54_load_read, i16 %Matrix_B_BRAM_V_55_load_read, i16 %Matrix_B_BRAM_V_56_load_read, i16 %Matrix_B_BRAM_V_57_load_read, i16 %Matrix_B_BRAM_V_58_load_read, i16 %Matrix_B_BRAM_V_59_load_read, i16 %Matrix_B_BRAM_V_60_load_read, i16 %Matrix_B_BRAM_V_61_load_read, i16 %Matrix_B_BRAM_V_62_load_read, i16 %Matrix_B_BRAM_V_63_load_read, i16 %Matrix_B_BRAM_V_64_load_read, i16 %Matrix_B_BRAM_V_65_load_read, i16 %Matrix_B_BRAM_V_66_load_read, i16 %Matrix_B_BRAM_V_67_load_read, i16 %Matrix_B_BRAM_V_68_load_read, i16 %Matrix_B_BRAM_V_69_load_read, i16 %Matrix_B_BRAM_V_70_load_read, i16 %Matrix_B_BRAM_V_71_load_read, i16 %Matrix_B_BRAM_V_72_load_read, i16 %Matrix_B_BRAM_V_73_load_read, i16 %Matrix_B_BRAM_V_74_load_read, i16 %Matrix_B_BRAM_V_75_load_read, i16 %Matrix_B_BRAM_V_76_load_read, i16 %Matrix_B_BRAM_V_77_load_read, i16 %Matrix_B_BRAM_V_78_load_read, i16 %Matrix_B_BRAM_V_79_load_read, i16 %Matrix_B_BRAM_V_80_load_read, i16 %Matrix_B_BRAM_V_81_load_read, i16 %Matrix_B_BRAM_V_82_load_read, i16 %Matrix_B_BRAM_V_83_load_read, i16 %Matrix_B_BRAM_V_84_load_read, i16 %Matrix_B_BRAM_V_85_load_read, i16 %Matrix_B_BRAM_V_86_load_read, i16 %Matrix_B_BRAM_V_87_load_read, i16 %Matrix_B_BRAM_V_88_load_read, i16 %Matrix_B_BRAM_V_89_load_read, i16 %Matrix_B_BRAM_V_90_load_read, i16 %Matrix_B_BRAM_V_91_load_read, i16 %Matrix_B_BRAM_V_92_load_read, i16 %Matrix_B_BRAM_V_93_load_read, i16 %Matrix_B_BRAM_V_94_load_read, i16 %Matrix_B_BRAM_V_95_load_read, i16 %Matrix_B_BRAM_V_96_load_read, i16 %Matrix_B_BRAM_V_97_load_read, i16 %Matrix_B_BRAM_V_98_load_read, i16 %Matrix_B_BRAM_V_99_load_read, i16 %Matrix_B_BRAM_V_100_load_read, i16 %Matrix_B_BRAM_V_101_load_read, i16 %Matrix_B_BRAM_V_102_load_read, i16 %Matrix_B_BRAM_V_103_load_read, i16 %Matrix_B_BRAM_V_104_load_read, i16 %Matrix_B_BRAM_V_105_load_read, i16 %Matrix_B_BRAM_V_106_load_read, i16 %Matrix_B_BRAM_V_107_load_read, i16 %Matrix_B_BRAM_V_108_load_read, i16 %Matrix_B_BRAM_V_109_load_read, i16 %Matrix_B_BRAM_V_110_load_read, i16 %Matrix_B_BRAM_V_111_load_read, i16 %Matrix_B_BRAM_V_112_load_read, i16 %Matrix_B_BRAM_V_113_load_read, i16 %Matrix_B_BRAM_V_114_load_read, i16 %Matrix_B_BRAM_V_115_load_read, i16 %Matrix_B_BRAM_V_116_load_read, i16 %Matrix_B_BRAM_V_117_load_read, i16 %Matrix_B_BRAM_V_118_load_read, i16 %Matrix_B_BRAM_V_119_load_read, i16 %Matrix_B_BRAM_V_120_load_read, i16 %Matrix_B_BRAM_V_121_load_read, i16 %Matrix_B_BRAM_V_122_load_read, i16 %Matrix_B_BRAM_V_123_load_read, i16 %Matrix_B_BRAM_V_124_load_read, i16 %Matrix_B_BRAM_V_125_load_read, i16 %Matrix_B_BRAM_V_126_load_read, i16 %Matrix_B_BRAM_V_127_load_read, i16 %Matrix_B_BRAM_V_128_load_read, i16 %Matrix_B_BRAM_V_129_load_read, i16 %Matrix_B_BRAM_V_130_load_read, i16 %Matrix_B_BRAM_V_131_load_read, i16 %Matrix_B_BRAM_V_132_load_read, i16 %Matrix_B_BRAM_V_133_load_read, i16 %Matrix_B_BRAM_V_134_load_read, i16 %Matrix_B_BRAM_V_135_load_read, i16 %Matrix_B_BRAM_V_136_load_read, i16 %Matrix_B_BRAM_V_137_load_read, i16 %Matrix_B_BRAM_V_138_load_read, i16 %Matrix_B_BRAM_V_139_load_read, i16 %Matrix_B_BRAM_V_140_load_read, i16 %Matrix_B_BRAM_V_141_load_read, i8 %dot_load"   --->   Operation 190 'mux' 'tmp_2' <Predicate = (!icmp_ln61)> <Delay = 4.32> <CoreInst = "Multiplexer">   --->   Core 76 'Multiplexer' <Latency = 0> <II = 1> <Delay = 4.32> <FuncUnit> <Opcode : 'mux'> <InPorts = 2> <OutPorts = 1>
ST_1 : Operation 191 [2/2] (3.25ns)   --->   "%Matrix_A_BRAM_V_7_load = load i10 %Matrix_A_BRAM_V_7_addr"   --->   Operation 191 'load' 'Matrix_A_BRAM_V_7_load' <Predicate = (!icmp_ln61)> <Delay = 3.25> <CoreInst = "RAM">   --->   Core 82 'RAM' <Latency = 1> <II = 1> <Delay = 3.25> <Storage> <Opcode : 'load' 'store'> <Ports = 2> <Width = 16> <Depth = 1000> <RAM>
ST_1 : Operation 192 [1/1] (4.32ns)   --->   "%tmp_4 = mux i16 @_ssdm_op_Mux.ap_auto.136i16.i8, i16 %Matrix_B_BRAM_V_7_load_read, i16 %Matrix_B_BRAM_V_8_load_read, i16 %Matrix_B_BRAM_V_9_load_read, i16 %Matrix_B_BRAM_V_10_load_read, i16 %Matrix_B_BRAM_V_11_load_read, i16 %Matrix_B_BRAM_V_12_load_read, i16 %Matrix_B_BRAM_V_13_load_read, i16 %Matrix_B_BRAM_V_14_load_read, i16 %Matrix_B_BRAM_V_15_load_read, i16 %Matrix_B_BRAM_V_16_load_read, i16 %Matrix_B_BRAM_V_17_load_read, i16 %Matrix_B_BRAM_V_18_load_read, i16 %Matrix_B_BRAM_V_19_load_read, i16 %Matrix_B_BRAM_V_20_load_read, i16 %Matrix_B_BRAM_V_21_load_read, i16 %Matrix_B_BRAM_V_22_load_read, i16 %Matrix_B_BRAM_V_23_load_read, i16 %Matrix_B_BRAM_V_24_load_read, i16 %Matrix_B_BRAM_V_25_load_read, i16 %Matrix_B_BRAM_V_26_load_read, i16 %Matrix_B_BRAM_V_27_load_read, i16 %Matrix_B_BRAM_V_28_load_read, i16 %Matrix_B_BRAM_V_29_load_read, i16 %Matrix_B_BRAM_V_30_load_read, i16 %Matrix_B_BRAM_V_31_load_read, i16 %Matrix_B_BRAM_V_32_load_read, i16 %Matrix_B_BRAM_V_33_load_read, i16 %Matrix_B_BRAM_V_34_load_read, i16 %Matrix_B_BRAM_V_35_load_read, i16 %Matrix_B_BRAM_V_36_load_read, i16 %Matrix_B_BRAM_V_37_load_read, i16 %Matrix_B_BRAM_V_38_load_read, i16 %Matrix_B_BRAM_V_39_load_read, i16 %Matrix_B_BRAM_V_40_load_read, i16 %Matrix_B_BRAM_V_41_load_read, i16 %Matrix_B_BRAM_V_42_load_read, i16 %Matrix_B_BRAM_V_43_load_read, i16 %Matrix_B_BRAM_V_44_load_read, i16 %Matrix_B_BRAM_V_45_load_read, i16 %Matrix_B_BRAM_V_46_load_read, i16 %Matrix_B_BRAM_V_47_load_read, i16 %Matrix_B_BRAM_V_48_load_read, i16 %Matrix_B_BRAM_V_49_load_read, i16 %Matrix_B_BRAM_V_50_load_read, i16 %Matrix_B_BRAM_V_51_load_read, i16 %Matrix_B_BRAM_V_52_load_read, i16 %Matrix_B_BRAM_V_53_load_read, i16 %Matrix_B_BRAM_V_54_load_read, i16 %Matrix_B_BRAM_V_55_load_read, i16 %Matrix_B_BRAM_V_56_load_read, i16 %Matrix_B_BRAM_V_57_load_read, i16 %Matrix_B_BRAM_V_58_load_read, i16 %Matrix_B_BRAM_V_59_load_read, i16 %Matrix_B_BRAM_V_60_load_read, i16 %Matrix_B_BRAM_V_61_load_read, i16 %Matrix_B_BRAM_V_62_load_read, i16 %Matrix_B_BRAM_V_63_load_read, i16 %Matrix_B_BRAM_V_64_load_read, i16 %Matrix_B_BRAM_V_65_load_read, i16 %Matrix_B_BRAM_V_66_load_read, i16 %Matrix_B_BRAM_V_67_load_read, i16 %Matrix_B_BRAM_V_68_load_read, i16 %Matrix_B_BRAM_V_69_load_read, i16 %Matrix_B_BRAM_V_70_load_read, i16 %Matrix_B_BRAM_V_71_load_read, i16 %Matrix_B_BRAM_V_72_load_read, i16 %Matrix_B_BRAM_V_73_load_read, i16 %Matrix_B_BRAM_V_74_load_read, i16 %Matrix_B_BRAM_V_75_load_read, i16 %Matrix_B_BRAM_V_76_load_read, i16 %Matrix_B_BRAM_V_77_load_read, i16 %Matrix_B_BRAM_V_78_load_read, i16 %Matrix_B_BRAM_V_79_load_read, i16 %Matrix_B_BRAM_V_80_load_read, i16 %Matrix_B_BRAM_V_81_load_read, i16 %Matrix_B_BRAM_V_82_load_read, i16 %Matrix_B_BRAM_V_83_load_read, i16 %Matrix_B_BRAM_V_84_load_read, i16 %Matrix_B_BRAM_V_85_load_read, i16 %Matrix_B_BRAM_V_86_load_read, i16 %Matrix_B_BRAM_V_87_load_read, i16 %Matrix_B_BRAM_V_88_load_read, i16 %Matrix_B_BRAM_V_89_load_read, i16 %Matrix_B_BRAM_V_90_load_read, i16 %Matrix_B_BRAM_V_91_load_read, i16 %Matrix_B_BRAM_V_92_load_read, i16 %Matrix_B_BRAM_V_93_load_read, i16 %Matrix_B_BRAM_V_94_load_read, i16 %Matrix_B_BRAM_V_95_load_read, i16 %Matrix_B_BRAM_V_96_load_read, i16 %Matrix_B_BRAM_V_97_load_read, i16 %Matrix_B_BRAM_V_98_load_read, i16 %Matrix_B_BRAM_V_99_load_read, i16 %Matrix_B_BRAM_V_100_load_read, i16 %Matrix_B_BRAM_V_101_load_read, i16 %Matrix_B_BRAM_V_102_load_read, i16 %Matrix_B_BRAM_V_103_load_read, i16 %Matrix_B_BRAM_V_104_load_read, i16 %Matrix_B_BRAM_V_105_load_read, i16 %Matrix_B_BRAM_V_106_load_read, i16 %Matrix_B_BRAM_V_107_load_read, i16 %Matrix_B_BRAM_V_108_load_read, i16 %Matrix_B_BRAM_V_109_load_read, i16 %Matrix_B_BRAM_V_110_load_read, i16 %Matrix_B_BRAM_V_111_load_read, i16 %Matrix_B_BRAM_V_112_load_read, i16 %Matrix_B_BRAM_V_113_load_read, i16 %Matrix_B_BRAM_V_114_load_read, i16 %Matrix_B_BRAM_V_115_load_read, i16 %Matrix_B_BRAM_V_116_load_read, i16 %Matrix_B_BRAM_V_117_load_read, i16 %Matrix_B_BRAM_V_118_load_read, i16 %Matrix_B_BRAM_V_119_load_read, i16 %Matrix_B_BRAM_V_120_load_read, i16 %Matrix_B_BRAM_V_121_load_read, i16 %Matrix_B_BRAM_V_122_load_read, i16 %Matrix_B_BRAM_V_123_load_read, i16 %Matrix_B_BRAM_V_124_load_read, i16 %Matrix_B_BRAM_V_125_load_read, i16 %Matrix_B_BRAM_V_126_load_read, i16 %Matrix_B_BRAM_V_127_load_read, i16 %Matrix_B_BRAM_V_128_load_read, i16 %Matrix_B_BRAM_V_129_load_read, i16 %Matrix_B_BRAM_V_130_load_read, i16 %Matrix_B_BRAM_V_131_load_read, i16 %Matrix_B_BRAM_V_132_load_read, i16 %Matrix_B_BRAM_V_133_load_read, i16 %Matrix_B_BRAM_V_134_load_read, i16 %Matrix_B_BRAM_V_135_load_read, i16 %Matrix_B_BRAM_V_136_load_read, i16 %Matrix_B_BRAM_V_137_load_read, i16 %Matrix_B_BRAM_V_138_load_read, i16 %Matrix_B_BRAM_V_139_load_read, i16 %Matrix_B_BRAM_V_140_load_read, i16 %Matrix_B_BRAM_V_141_load_read, i16 %Matrix_B_BRAM_V_142_load_read, i8 %dot_load"   --->   Operation 192 'mux' 'tmp_4' <Predicate = (!icmp_ln61)> <Delay = 4.32> <CoreInst = "Multiplexer">   --->   Core 76 'Multiplexer' <Latency = 0> <II = 1> <Delay = 4.32> <FuncUnit> <Opcode : 'mux'> <InPorts = 2> <OutPorts = 1>
ST_1 : Operation 193 [1/1] (4.32ns)   --->   "%tmp_6 = mux i16 @_ssdm_op_Mux.ap_auto.136i16.i8, i16 %Matrix_B_BRAM_V_8_load_read, i16 %Matrix_B_BRAM_V_9_load_read, i16 %Matrix_B_BRAM_V_10_load_read, i16 %Matrix_B_BRAM_V_11_load_read, i16 %Matrix_B_BRAM_V_12_load_read, i16 %Matrix_B_BRAM_V_13_load_read, i16 %Matrix_B_BRAM_V_14_load_read, i16 %Matrix_B_BRAM_V_15_load_read, i16 %Matrix_B_BRAM_V_16_load_read, i16 %Matrix_B_BRAM_V_17_load_read, i16 %Matrix_B_BRAM_V_18_load_read, i16 %Matrix_B_BRAM_V_19_load_read, i16 %Matrix_B_BRAM_V_20_load_read, i16 %Matrix_B_BRAM_V_21_load_read, i16 %Matrix_B_BRAM_V_22_load_read, i16 %Matrix_B_BRAM_V_23_load_read, i16 %Matrix_B_BRAM_V_24_load_read, i16 %Matrix_B_BRAM_V_25_load_read, i16 %Matrix_B_BRAM_V_26_load_read, i16 %Matrix_B_BRAM_V_27_load_read, i16 %Matrix_B_BRAM_V_28_load_read, i16 %Matrix_B_BRAM_V_29_load_read, i16 %Matrix_B_BRAM_V_30_load_read, i16 %Matrix_B_BRAM_V_31_load_read, i16 %Matrix_B_BRAM_V_32_load_read, i16 %Matrix_B_BRAM_V_33_load_read, i16 %Matrix_B_BRAM_V_34_load_read, i16 %Matrix_B_BRAM_V_35_load_read, i16 %Matrix_B_BRAM_V_36_load_read, i16 %Matrix_B_BRAM_V_37_load_read, i16 %Matrix_B_BRAM_V_38_load_read, i16 %Matrix_B_BRAM_V_39_load_read, i16 %Matrix_B_BRAM_V_40_load_read, i16 %Matrix_B_BRAM_V_41_load_read, i16 %Matrix_B_BRAM_V_42_load_read, i16 %Matrix_B_BRAM_V_43_load_read, i16 %Matrix_B_BRAM_V_44_load_read, i16 %Matrix_B_BRAM_V_45_load_read, i16 %Matrix_B_BRAM_V_46_load_read, i16 %Matrix_B_BRAM_V_47_load_read, i16 %Matrix_B_BRAM_V_48_load_read, i16 %Matrix_B_BRAM_V_49_load_read, i16 %Matrix_B_BRAM_V_50_load_read, i16 %Matrix_B_BRAM_V_51_load_read, i16 %Matrix_B_BRAM_V_52_load_read, i16 %Matrix_B_BRAM_V_53_load_read, i16 %Matrix_B_BRAM_V_54_load_read, i16 %Matrix_B_BRAM_V_55_load_read, i16 %Matrix_B_BRAM_V_56_load_read, i16 %Matrix_B_BRAM_V_57_load_read, i16 %Matrix_B_BRAM_V_58_load_read, i16 %Matrix_B_BRAM_V_59_load_read, i16 %Matrix_B_BRAM_V_60_load_read, i16 %Matrix_B_BRAM_V_61_load_read, i16 %Matrix_B_BRAM_V_62_load_read, i16 %Matrix_B_BRAM_V_63_load_read, i16 %Matrix_B_BRAM_V_64_load_read, i16 %Matrix_B_BRAM_V_65_load_read, i16 %Matrix_B_BRAM_V_66_load_read, i16 %Matrix_B_BRAM_V_67_load_read, i16 %Matrix_B_BRAM_V_68_load_read, i16 %Matrix_B_BRAM_V_69_load_read, i16 %Matrix_B_BRAM_V_70_load_read, i16 %Matrix_B_BRAM_V_71_load_read, i16 %Matrix_B_BRAM_V_72_load_read, i16 %Matrix_B_BRAM_V_73_load_read, i16 %Matrix_B_BRAM_V_74_load_read, i16 %Matrix_B_BRAM_V_75_load_read, i16 %Matrix_B_BRAM_V_76_load_read, i16 %Matrix_B_BRAM_V_77_load_read, i16 %Matrix_B_BRAM_V_78_load_read, i16 %Matrix_B_BRAM_V_79_load_read, i16 %Matrix_B_BRAM_V_80_load_read, i16 %Matrix_B_BRAM_V_81_load_read, i16 %Matrix_B_BRAM_V_82_load_read, i16 %Matrix_B_BRAM_V_83_load_read, i16 %Matrix_B_BRAM_V_84_load_read, i16 %Matrix_B_BRAM_V_85_load_read, i16 %Matrix_B_BRAM_V_86_load_read, i16 %Matrix_B_BRAM_V_87_load_read, i16 %Matrix_B_BRAM_V_88_load_read, i16 %Matrix_B_BRAM_V_89_load_read, i16 %Matrix_B_BRAM_V_90_load_read, i16 %Matrix_B_BRAM_V_91_load_read, i16 %Matrix_B_BRAM_V_92_load_read, i16 %Matrix_B_BRAM_V_93_load_read, i16 %Matrix_B_BRAM_V_94_load_read, i16 %Matrix_B_BRAM_V_95_load_read, i16 %Matrix_B_BRAM_V_96_load_read, i16 %Matrix_B_BRAM_V_97_load_read, i16 %Matrix_B_BRAM_V_98_load_read, i16 %Matrix_B_BRAM_V_99_load_read, i16 %Matrix_B_BRAM_V_100_load_read, i16 %Matrix_B_BRAM_V_101_load_read, i16 %Matrix_B_BRAM_V_102_load_read, i16 %Matrix_B_BRAM_V_103_load_read, i16 %Matrix_B_BRAM_V_104_load_read, i16 %Matrix_B_BRAM_V_105_load_read, i16 %Matrix_B_BRAM_V_106_load_read, i16 %Matrix_B_BRAM_V_107_load_read, i16 %Matrix_B_BRAM_V_108_load_read, i16 %Matrix_B_BRAM_V_109_load_read, i16 %Matrix_B_BRAM_V_110_load_read, i16 %Matrix_B_BRAM_V_111_load_read, i16 %Matrix_B_BRAM_V_112_load_read, i16 %Matrix_B_BRAM_V_113_load_read, i16 %Matrix_B_BRAM_V_114_load_read, i16 %Matrix_B_BRAM_V_115_load_read, i16 %Matrix_B_BRAM_V_116_load_read, i16 %Matrix_B_BRAM_V_117_load_read, i16 %Matrix_B_BRAM_V_118_load_read, i16 %Matrix_B_BRAM_V_119_load_read, i16 %Matrix_B_BRAM_V_120_load_read, i16 %Matrix_B_BRAM_V_121_load_read, i16 %Matrix_B_BRAM_V_122_load_read, i16 %Matrix_B_BRAM_V_123_load_read, i16 %Matrix_B_BRAM_V_124_load_read, i16 %Matrix_B_BRAM_V_125_load_read, i16 %Matrix_B_BRAM_V_126_load_read, i16 %Matrix_B_BRAM_V_127_load_read, i16 %Matrix_B_BRAM_V_128_load_read, i16 %Matrix_B_BRAM_V_129_load_read, i16 %Matrix_B_BRAM_V_130_load_read, i16 %Matrix_B_BRAM_V_131_load_read, i16 %Matrix_B_BRAM_V_132_load_read, i16 %Matrix_B_BRAM_V_133_load_read, i16 %Matrix_B_BRAM_V_134_load_read, i16 %Matrix_B_BRAM_V_135_load_read, i16 %Matrix_B_BRAM_V_136_load_read, i16 %Matrix_B_BRAM_V_137_load_read, i16 %Matrix_B_BRAM_V_138_load_read, i16 %Matrix_B_BRAM_V_139_load_read, i16 %Matrix_B_BRAM_V_140_load_read, i16 %Matrix_B_BRAM_V_141_load_read, i16 %Matrix_B_BRAM_V_142_load_read, i16 %Matrix_B_BRAM_V_143_load_read, i8 %dot_load"   --->   Operation 193 'mux' 'tmp_6' <Predicate = (!icmp_ln61)> <Delay = 4.32> <CoreInst = "Multiplexer">   --->   Core 76 'Multiplexer' <Latency = 0> <II = 1> <Delay = 4.32> <FuncUnit> <Opcode : 'mux'> <InPorts = 2> <OutPorts = 1>
ST_1 : Operation 194 [1/1] (4.32ns)   --->   "%tmp_8 = mux i16 @_ssdm_op_Mux.ap_auto.136i16.i8, i16 %Matrix_B_BRAM_V_9_load_read, i16 %Matrix_B_BRAM_V_10_load_read, i16 %Matrix_B_BRAM_V_11_load_read, i16 %Matrix_B_BRAM_V_12_load_read, i16 %Matrix_B_BRAM_V_13_load_read, i16 %Matrix_B_BRAM_V_14_load_read, i16 %Matrix_B_BRAM_V_15_load_read, i16 %Matrix_B_BRAM_V_16_load_read, i16 %Matrix_B_BRAM_V_17_load_read, i16 %Matrix_B_BRAM_V_18_load_read, i16 %Matrix_B_BRAM_V_19_load_read, i16 %Matrix_B_BRAM_V_20_load_read, i16 %Matrix_B_BRAM_V_21_load_read, i16 %Matrix_B_BRAM_V_22_load_read, i16 %Matrix_B_BRAM_V_23_load_read, i16 %Matrix_B_BRAM_V_24_load_read, i16 %Matrix_B_BRAM_V_25_load_read, i16 %Matrix_B_BRAM_V_26_load_read, i16 %Matrix_B_BRAM_V_27_load_read, i16 %Matrix_B_BRAM_V_28_load_read, i16 %Matrix_B_BRAM_V_29_load_read, i16 %Matrix_B_BRAM_V_30_load_read, i16 %Matrix_B_BRAM_V_31_load_read, i16 %Matrix_B_BRAM_V_32_load_read, i16 %Matrix_B_BRAM_V_33_load_read, i16 %Matrix_B_BRAM_V_34_load_read, i16 %Matrix_B_BRAM_V_35_load_read, i16 %Matrix_B_BRAM_V_36_load_read, i16 %Matrix_B_BRAM_V_37_load_read, i16 %Matrix_B_BRAM_V_38_load_read, i16 %Matrix_B_BRAM_V_39_load_read, i16 %Matrix_B_BRAM_V_40_load_read, i16 %Matrix_B_BRAM_V_41_load_read, i16 %Matrix_B_BRAM_V_42_load_read, i16 %Matrix_B_BRAM_V_43_load_read, i16 %Matrix_B_BRAM_V_44_load_read, i16 %Matrix_B_BRAM_V_45_load_read, i16 %Matrix_B_BRAM_V_46_load_read, i16 %Matrix_B_BRAM_V_47_load_read, i16 %Matrix_B_BRAM_V_48_load_read, i16 %Matrix_B_BRAM_V_49_load_read, i16 %Matrix_B_BRAM_V_50_load_read, i16 %Matrix_B_BRAM_V_51_load_read, i16 %Matrix_B_BRAM_V_52_load_read, i16 %Matrix_B_BRAM_V_53_load_read, i16 %Matrix_B_BRAM_V_54_load_read, i16 %Matrix_B_BRAM_V_55_load_read, i16 %Matrix_B_BRAM_V_56_load_read, i16 %Matrix_B_BRAM_V_57_load_read, i16 %Matrix_B_BRAM_V_58_load_read, i16 %Matrix_B_BRAM_V_59_load_read, i16 %Matrix_B_BRAM_V_60_load_read, i16 %Matrix_B_BRAM_V_61_load_read, i16 %Matrix_B_BRAM_V_62_load_read, i16 %Matrix_B_BRAM_V_63_load_read, i16 %Matrix_B_BRAM_V_64_load_read, i16 %Matrix_B_BRAM_V_65_load_read, i16 %Matrix_B_BRAM_V_66_load_read, i16 %Matrix_B_BRAM_V_67_load_read, i16 %Matrix_B_BRAM_V_68_load_read, i16 %Matrix_B_BRAM_V_69_load_read, i16 %Matrix_B_BRAM_V_70_load_read, i16 %Matrix_B_BRAM_V_71_load_read, i16 %Matrix_B_BRAM_V_72_load_read, i16 %Matrix_B_BRAM_V_73_load_read, i16 %Matrix_B_BRAM_V_74_load_read, i16 %Matrix_B_BRAM_V_75_load_read, i16 %Matrix_B_BRAM_V_76_load_read, i16 %Matrix_B_BRAM_V_77_load_read, i16 %Matrix_B_BRAM_V_78_load_read, i16 %Matrix_B_BRAM_V_79_load_read, i16 %Matrix_B_BRAM_V_80_load_read, i16 %Matrix_B_BRAM_V_81_load_read, i16 %Matrix_B_BRAM_V_82_load_read, i16 %Matrix_B_BRAM_V_83_load_read, i16 %Matrix_B_BRAM_V_84_load_read, i16 %Matrix_B_BRAM_V_85_load_read, i16 %Matrix_B_BRAM_V_86_load_read, i16 %Matrix_B_BRAM_V_87_load_read, i16 %Matrix_B_BRAM_V_88_load_read, i16 %Matrix_B_BRAM_V_89_load_read, i16 %Matrix_B_BRAM_V_90_load_read, i16 %Matrix_B_BRAM_V_91_load_read, i16 %Matrix_B_BRAM_V_92_load_read, i16 %Matrix_B_BRAM_V_93_load_read, i16 %Matrix_B_BRAM_V_94_load_read, i16 %Matrix_B_BRAM_V_95_load_read, i16 %Matrix_B_BRAM_V_96_load_read, i16 %Matrix_B_BRAM_V_97_load_read, i16 %Matrix_B_BRAM_V_98_load_read, i16 %Matrix_B_BRAM_V_99_load_read, i16 %Matrix_B_BRAM_V_100_load_read, i16 %Matrix_B_BRAM_V_101_load_read, i16 %Matrix_B_BRAM_V_102_load_read, i16 %Matrix_B_BRAM_V_103_load_read, i16 %Matrix_B_BRAM_V_104_load_read, i16 %Matrix_B_BRAM_V_105_load_read, i16 %Matrix_B_BRAM_V_106_load_read, i16 %Matrix_B_BRAM_V_107_load_read, i16 %Matrix_B_BRAM_V_108_load_read, i16 %Matrix_B_BRAM_V_109_load_read, i16 %Matrix_B_BRAM_V_110_load_read, i16 %Matrix_B_BRAM_V_111_load_read, i16 %Matrix_B_BRAM_V_112_load_read, i16 %Matrix_B_BRAM_V_113_load_read, i16 %Matrix_B_BRAM_V_114_load_read, i16 %Matrix_B_BRAM_V_115_load_read, i16 %Matrix_B_BRAM_V_116_load_read, i16 %Matrix_B_BRAM_V_117_load_read, i16 %Matrix_B_BRAM_V_118_load_read, i16 %Matrix_B_BRAM_V_119_load_read, i16 %Matrix_B_BRAM_V_120_load_read, i16 %Matrix_B_BRAM_V_121_load_read, i16 %Matrix_B_BRAM_V_122_load_read, i16 %Matrix_B_BRAM_V_123_load_read, i16 %Matrix_B_BRAM_V_124_load_read, i16 %Matrix_B_BRAM_V_125_load_read, i16 %Matrix_B_BRAM_V_126_load_read, i16 %Matrix_B_BRAM_V_127_load_read, i16 %Matrix_B_BRAM_V_128_load_read, i16 %Matrix_B_BRAM_V_129_load_read, i16 %Matrix_B_BRAM_V_130_load_read, i16 %Matrix_B_BRAM_V_131_load_read, i16 %Matrix_B_BRAM_V_132_load_read, i16 %Matrix_B_BRAM_V_133_load_read, i16 %Matrix_B_BRAM_V_134_load_read, i16 %Matrix_B_BRAM_V_135_load_read, i16 %Matrix_B_BRAM_V_136_load_read, i16 %Matrix_B_BRAM_V_137_load_read, i16 %Matrix_B_BRAM_V_138_load_read, i16 %Matrix_B_BRAM_V_139_load_read, i16 %Matrix_B_BRAM_V_140_load_read, i16 %Matrix_B_BRAM_V_141_load_read, i16 %Matrix_B_BRAM_V_142_load_read, i16 %Matrix_B_BRAM_V_143_load_read, i16 %Matrix_B_BRAM_V_144_load_read, i8 %dot_load"   --->   Operation 194 'mux' 'tmp_8' <Predicate = (!icmp_ln61)> <Delay = 4.32> <CoreInst = "Multiplexer">   --->   Core 76 'Multiplexer' <Latency = 0> <II = 1> <Delay = 4.32> <FuncUnit> <Opcode : 'mux'> <InPorts = 2> <OutPorts = 1>
ST_1 : Operation 195 [2/2] (3.25ns)   --->   "%Matrix_A_BRAM_V_10_load = load i10 %Matrix_A_BRAM_V_10_addr"   --->   Operation 195 'load' 'Matrix_A_BRAM_V_10_load' <Predicate = (!icmp_ln61)> <Delay = 3.25> <CoreInst = "RAM">   --->   Core 82 'RAM' <Latency = 1> <II = 1> <Delay = 3.25> <Storage> <Opcode : 'load' 'store'> <Ports = 2> <Width = 16> <Depth = 1000> <RAM>
ST_1 : Operation 196 [1/1] (4.32ns)   --->   "%tmp_10 = mux i16 @_ssdm_op_Mux.ap_auto.136i16.i8, i16 %Matrix_B_BRAM_V_10_load_read, i16 %Matrix_B_BRAM_V_11_load_read, i16 %Matrix_B_BRAM_V_12_load_read, i16 %Matrix_B_BRAM_V_13_load_read, i16 %Matrix_B_BRAM_V_14_load_read, i16 %Matrix_B_BRAM_V_15_load_read, i16 %Matrix_B_BRAM_V_16_load_read, i16 %Matrix_B_BRAM_V_17_load_read, i16 %Matrix_B_BRAM_V_18_load_read, i16 %Matrix_B_BRAM_V_19_load_read, i16 %Matrix_B_BRAM_V_20_load_read, i16 %Matrix_B_BRAM_V_21_load_read, i16 %Matrix_B_BRAM_V_22_load_read, i16 %Matrix_B_BRAM_V_23_load_read, i16 %Matrix_B_BRAM_V_24_load_read, i16 %Matrix_B_BRAM_V_25_load_read, i16 %Matrix_B_BRAM_V_26_load_read, i16 %Matrix_B_BRAM_V_27_load_read, i16 %Matrix_B_BRAM_V_28_load_read, i16 %Matrix_B_BRAM_V_29_load_read, i16 %Matrix_B_BRAM_V_30_load_read, i16 %Matrix_B_BRAM_V_31_load_read, i16 %Matrix_B_BRAM_V_32_load_read, i16 %Matrix_B_BRAM_V_33_load_read, i16 %Matrix_B_BRAM_V_34_load_read, i16 %Matrix_B_BRAM_V_35_load_read, i16 %Matrix_B_BRAM_V_36_load_read, i16 %Matrix_B_BRAM_V_37_load_read, i16 %Matrix_B_BRAM_V_38_load_read, i16 %Matrix_B_BRAM_V_39_load_read, i16 %Matrix_B_BRAM_V_40_load_read, i16 %Matrix_B_BRAM_V_41_load_read, i16 %Matrix_B_BRAM_V_42_load_read, i16 %Matrix_B_BRAM_V_43_load_read, i16 %Matrix_B_BRAM_V_44_load_read, i16 %Matrix_B_BRAM_V_45_load_read, i16 %Matrix_B_BRAM_V_46_load_read, i16 %Matrix_B_BRAM_V_47_load_read, i16 %Matrix_B_BRAM_V_48_load_read, i16 %Matrix_B_BRAM_V_49_load_read, i16 %Matrix_B_BRAM_V_50_load_read, i16 %Matrix_B_BRAM_V_51_load_read, i16 %Matrix_B_BRAM_V_52_load_read, i16 %Matrix_B_BRAM_V_53_load_read, i16 %Matrix_B_BRAM_V_54_load_read, i16 %Matrix_B_BRAM_V_55_load_read, i16 %Matrix_B_BRAM_V_56_load_read, i16 %Matrix_B_BRAM_V_57_load_read, i16 %Matrix_B_BRAM_V_58_load_read, i16 %Matrix_B_BRAM_V_59_load_read, i16 %Matrix_B_BRAM_V_60_load_read, i16 %Matrix_B_BRAM_V_61_load_read, i16 %Matrix_B_BRAM_V_62_load_read, i16 %Matrix_B_BRAM_V_63_load_read, i16 %Matrix_B_BRAM_V_64_load_read, i16 %Matrix_B_BRAM_V_65_load_read, i16 %Matrix_B_BRAM_V_66_load_read, i16 %Matrix_B_BRAM_V_67_load_read, i16 %Matrix_B_BRAM_V_68_load_read, i16 %Matrix_B_BRAM_V_69_load_read, i16 %Matrix_B_BRAM_V_70_load_read, i16 %Matrix_B_BRAM_V_71_load_read, i16 %Matrix_B_BRAM_V_72_load_read, i16 %Matrix_B_BRAM_V_73_load_read, i16 %Matrix_B_BRAM_V_74_load_read, i16 %Matrix_B_BRAM_V_75_load_read, i16 %Matrix_B_BRAM_V_76_load_read, i16 %Matrix_B_BRAM_V_77_load_read, i16 %Matrix_B_BRAM_V_78_load_read, i16 %Matrix_B_BRAM_V_79_load_read, i16 %Matrix_B_BRAM_V_80_load_read, i16 %Matrix_B_BRAM_V_81_load_read, i16 %Matrix_B_BRAM_V_82_load_read, i16 %Matrix_B_BRAM_V_83_load_read, i16 %Matrix_B_BRAM_V_84_load_read, i16 %Matrix_B_BRAM_V_85_load_read, i16 %Matrix_B_BRAM_V_86_load_read, i16 %Matrix_B_BRAM_V_87_load_read, i16 %Matrix_B_BRAM_V_88_load_read, i16 %Matrix_B_BRAM_V_89_load_read, i16 %Matrix_B_BRAM_V_90_load_read, i16 %Matrix_B_BRAM_V_91_load_read, i16 %Matrix_B_BRAM_V_92_load_read, i16 %Matrix_B_BRAM_V_93_load_read, i16 %Matrix_B_BRAM_V_94_load_read, i16 %Matrix_B_BRAM_V_95_load_read, i16 %Matrix_B_BRAM_V_96_load_read, i16 %Matrix_B_BRAM_V_97_load_read, i16 %Matrix_B_BRAM_V_98_load_read, i16 %Matrix_B_BRAM_V_99_load_read, i16 %Matrix_B_BRAM_V_100_load_read, i16 %Matrix_B_BRAM_V_101_load_read, i16 %Matrix_B_BRAM_V_102_load_read, i16 %Matrix_B_BRAM_V_103_load_read, i16 %Matrix_B_BRAM_V_104_load_read, i16 %Matrix_B_BRAM_V_105_load_read, i16 %Matrix_B_BRAM_V_106_load_read, i16 %Matrix_B_BRAM_V_107_load_read, i16 %Matrix_B_BRAM_V_108_load_read, i16 %Matrix_B_BRAM_V_109_load_read, i16 %Matrix_B_BRAM_V_110_load_read, i16 %Matrix_B_BRAM_V_111_load_read, i16 %Matrix_B_BRAM_V_112_load_read, i16 %Matrix_B_BRAM_V_113_load_read, i16 %Matrix_B_BRAM_V_114_load_read, i16 %Matrix_B_BRAM_V_115_load_read, i16 %Matrix_B_BRAM_V_116_load_read, i16 %Matrix_B_BRAM_V_117_load_read, i16 %Matrix_B_BRAM_V_118_load_read, i16 %Matrix_B_BRAM_V_119_load_read, i16 %Matrix_B_BRAM_V_120_load_read, i16 %Matrix_B_BRAM_V_121_load_read, i16 %Matrix_B_BRAM_V_122_load_read, i16 %Matrix_B_BRAM_V_123_load_read, i16 %Matrix_B_BRAM_V_124_load_read, i16 %Matrix_B_BRAM_V_125_load_read, i16 %Matrix_B_BRAM_V_126_load_read, i16 %Matrix_B_BRAM_V_127_load_read, i16 %Matrix_B_BRAM_V_128_load_read, i16 %Matrix_B_BRAM_V_129_load_read, i16 %Matrix_B_BRAM_V_130_load_read, i16 %Matrix_B_BRAM_V_131_load_read, i16 %Matrix_B_BRAM_V_132_load_read, i16 %Matrix_B_BRAM_V_133_load_read, i16 %Matrix_B_BRAM_V_134_load_read, i16 %Matrix_B_BRAM_V_135_load_read, i16 %Matrix_B_BRAM_V_136_load_read, i16 %Matrix_B_BRAM_V_137_load_read, i16 %Matrix_B_BRAM_V_138_load_read, i16 %Matrix_B_BRAM_V_139_load_read, i16 %Matrix_B_BRAM_V_140_load_read, i16 %Matrix_B_BRAM_V_141_load_read, i16 %Matrix_B_BRAM_V_142_load_read, i16 %Matrix_B_BRAM_V_143_load_read, i16 %Matrix_B_BRAM_V_144_load_read, i16 %Matrix_B_BRAM_V_145_load_read, i8 %dot_load"   --->   Operation 196 'mux' 'tmp_10' <Predicate = (!icmp_ln61)> <Delay = 4.32> <CoreInst = "Multiplexer">   --->   Core 76 'Multiplexer' <Latency = 0> <II = 1> <Delay = 4.32> <FuncUnit> <Opcode : 'mux'> <InPorts = 2> <OutPorts = 1>
ST_1 : Operation 197 [1/1] (4.32ns)   --->   "%tmp_11 = mux i16 @_ssdm_op_Mux.ap_auto.136i16.i8, i16 %Matrix_B_BRAM_V_11_load_read, i16 %Matrix_B_BRAM_V_12_load_read, i16 %Matrix_B_BRAM_V_13_load_read, i16 %Matrix_B_BRAM_V_14_load_read, i16 %Matrix_B_BRAM_V_15_load_read, i16 %Matrix_B_BRAM_V_16_load_read, i16 %Matrix_B_BRAM_V_17_load_read, i16 %Matrix_B_BRAM_V_18_load_read, i16 %Matrix_B_BRAM_V_19_load_read, i16 %Matrix_B_BRAM_V_20_load_read, i16 %Matrix_B_BRAM_V_21_load_read, i16 %Matrix_B_BRAM_V_22_load_read, i16 %Matrix_B_BRAM_V_23_load_read, i16 %Matrix_B_BRAM_V_24_load_read, i16 %Matrix_B_BRAM_V_25_load_read, i16 %Matrix_B_BRAM_V_26_load_read, i16 %Matrix_B_BRAM_V_27_load_read, i16 %Matrix_B_BRAM_V_28_load_read, i16 %Matrix_B_BRAM_V_29_load_read, i16 %Matrix_B_BRAM_V_30_load_read, i16 %Matrix_B_BRAM_V_31_load_read, i16 %Matrix_B_BRAM_V_32_load_read, i16 %Matrix_B_BRAM_V_33_load_read, i16 %Matrix_B_BRAM_V_34_load_read, i16 %Matrix_B_BRAM_V_35_load_read, i16 %Matrix_B_BRAM_V_36_load_read, i16 %Matrix_B_BRAM_V_37_load_read, i16 %Matrix_B_BRAM_V_38_load_read, i16 %Matrix_B_BRAM_V_39_load_read, i16 %Matrix_B_BRAM_V_40_load_read, i16 %Matrix_B_BRAM_V_41_load_read, i16 %Matrix_B_BRAM_V_42_load_read, i16 %Matrix_B_BRAM_V_43_load_read, i16 %Matrix_B_BRAM_V_44_load_read, i16 %Matrix_B_BRAM_V_45_load_read, i16 %Matrix_B_BRAM_V_46_load_read, i16 %Matrix_B_BRAM_V_47_load_read, i16 %Matrix_B_BRAM_V_48_load_read, i16 %Matrix_B_BRAM_V_49_load_read, i16 %Matrix_B_BRAM_V_50_load_read, i16 %Matrix_B_BRAM_V_51_load_read, i16 %Matrix_B_BRAM_V_52_load_read, i16 %Matrix_B_BRAM_V_53_load_read, i16 %Matrix_B_BRAM_V_54_load_read, i16 %Matrix_B_BRAM_V_55_load_read, i16 %Matrix_B_BRAM_V_56_load_read, i16 %Matrix_B_BRAM_V_57_load_read, i16 %Matrix_B_BRAM_V_58_load_read, i16 %Matrix_B_BRAM_V_59_load_read, i16 %Matrix_B_BRAM_V_60_load_read, i16 %Matrix_B_BRAM_V_61_load_read, i16 %Matrix_B_BRAM_V_62_load_read, i16 %Matrix_B_BRAM_V_63_load_read, i16 %Matrix_B_BRAM_V_64_load_read, i16 %Matrix_B_BRAM_V_65_load_read, i16 %Matrix_B_BRAM_V_66_load_read, i16 %Matrix_B_BRAM_V_67_load_read, i16 %Matrix_B_BRAM_V_68_load_read, i16 %Matrix_B_BRAM_V_69_load_read, i16 %Matrix_B_BRAM_V_70_load_read, i16 %Matrix_B_BRAM_V_71_load_read, i16 %Matrix_B_BRAM_V_72_load_read, i16 %Matrix_B_BRAM_V_73_load_read, i16 %Matrix_B_BRAM_V_74_load_read, i16 %Matrix_B_BRAM_V_75_load_read, i16 %Matrix_B_BRAM_V_76_load_read, i16 %Matrix_B_BRAM_V_77_load_read, i16 %Matrix_B_BRAM_V_78_load_read, i16 %Matrix_B_BRAM_V_79_load_read, i16 %Matrix_B_BRAM_V_80_load_read, i16 %Matrix_B_BRAM_V_81_load_read, i16 %Matrix_B_BRAM_V_82_load_read, i16 %Matrix_B_BRAM_V_83_load_read, i16 %Matrix_B_BRAM_V_84_load_read, i16 %Matrix_B_BRAM_V_85_load_read, i16 %Matrix_B_BRAM_V_86_load_read, i16 %Matrix_B_BRAM_V_87_load_read, i16 %Matrix_B_BRAM_V_88_load_read, i16 %Matrix_B_BRAM_V_89_load_read, i16 %Matrix_B_BRAM_V_90_load_read, i16 %Matrix_B_BRAM_V_91_load_read, i16 %Matrix_B_BRAM_V_92_load_read, i16 %Matrix_B_BRAM_V_93_load_read, i16 %Matrix_B_BRAM_V_94_load_read, i16 %Matrix_B_BRAM_V_95_load_read, i16 %Matrix_B_BRAM_V_96_load_read, i16 %Matrix_B_BRAM_V_97_load_read, i16 %Matrix_B_BRAM_V_98_load_read, i16 %Matrix_B_BRAM_V_99_load_read, i16 %Matrix_B_BRAM_V_100_load_read, i16 %Matrix_B_BRAM_V_101_load_read, i16 %Matrix_B_BRAM_V_102_load_read, i16 %Matrix_B_BRAM_V_103_load_read, i16 %Matrix_B_BRAM_V_104_load_read, i16 %Matrix_B_BRAM_V_105_load_read, i16 %Matrix_B_BRAM_V_106_load_read, i16 %Matrix_B_BRAM_V_107_load_read, i16 %Matrix_B_BRAM_V_108_load_read, i16 %Matrix_B_BRAM_V_109_load_read, i16 %Matrix_B_BRAM_V_110_load_read, i16 %Matrix_B_BRAM_V_111_load_read, i16 %Matrix_B_BRAM_V_112_load_read, i16 %Matrix_B_BRAM_V_113_load_read, i16 %Matrix_B_BRAM_V_114_load_read, i16 %Matrix_B_BRAM_V_115_load_read, i16 %Matrix_B_BRAM_V_116_load_read, i16 %Matrix_B_BRAM_V_117_load_read, i16 %Matrix_B_BRAM_V_118_load_read, i16 %Matrix_B_BRAM_V_119_load_read, i16 %Matrix_B_BRAM_V_120_load_read, i16 %Matrix_B_BRAM_V_121_load_read, i16 %Matrix_B_BRAM_V_122_load_read, i16 %Matrix_B_BRAM_V_123_load_read, i16 %Matrix_B_BRAM_V_124_load_read, i16 %Matrix_B_BRAM_V_125_load_read, i16 %Matrix_B_BRAM_V_126_load_read, i16 %Matrix_B_BRAM_V_127_load_read, i16 %Matrix_B_BRAM_V_128_load_read, i16 %Matrix_B_BRAM_V_129_load_read, i16 %Matrix_B_BRAM_V_130_load_read, i16 %Matrix_B_BRAM_V_131_load_read, i16 %Matrix_B_BRAM_V_132_load_read, i16 %Matrix_B_BRAM_V_133_load_read, i16 %Matrix_B_BRAM_V_134_load_read, i16 %Matrix_B_BRAM_V_135_load_read, i16 %Matrix_B_BRAM_V_136_load_read, i16 %Matrix_B_BRAM_V_137_load_read, i16 %Matrix_B_BRAM_V_138_load_read, i16 %Matrix_B_BRAM_V_139_load_read, i16 %Matrix_B_BRAM_V_140_load_read, i16 %Matrix_B_BRAM_V_141_load_read, i16 %Matrix_B_BRAM_V_142_load_read, i16 %Matrix_B_BRAM_V_143_load_read, i16 %Matrix_B_BRAM_V_144_load_read, i16 %Matrix_B_BRAM_V_145_load_read, i16 %Matrix_B_BRAM_V_146_load_read, i8 %dot_load"   --->   Operation 197 'mux' 'tmp_11' <Predicate = (!icmp_ln61)> <Delay = 4.32> <CoreInst = "Multiplexer">   --->   Core 76 'Multiplexer' <Latency = 0> <II = 1> <Delay = 4.32> <FuncUnit> <Opcode : 'mux'> <InPorts = 2> <OutPorts = 1>
ST_1 : Operation 198 [2/2] (3.25ns)   --->   "%Matrix_A_BRAM_V_12_load = load i10 %Matrix_A_BRAM_V_12_addr"   --->   Operation 198 'load' 'Matrix_A_BRAM_V_12_load' <Predicate = (!icmp_ln61)> <Delay = 3.25> <CoreInst = "RAM">   --->   Core 82 'RAM' <Latency = 1> <II = 1> <Delay = 3.25> <Storage> <Opcode : 'load' 'store'> <Ports = 2> <Width = 16> <Depth = 1000> <RAM>
ST_1 : Operation 199 [1/1] (4.32ns)   --->   "%tmp_12 = mux i16 @_ssdm_op_Mux.ap_auto.136i16.i8, i16 %Matrix_B_BRAM_V_12_load_read, i16 %Matrix_B_BRAM_V_13_load_read, i16 %Matrix_B_BRAM_V_14_load_read, i16 %Matrix_B_BRAM_V_15_load_read, i16 %Matrix_B_BRAM_V_16_load_read, i16 %Matrix_B_BRAM_V_17_load_read, i16 %Matrix_B_BRAM_V_18_load_read, i16 %Matrix_B_BRAM_V_19_load_read, i16 %Matrix_B_BRAM_V_20_load_read, i16 %Matrix_B_BRAM_V_21_load_read, i16 %Matrix_B_BRAM_V_22_load_read, i16 %Matrix_B_BRAM_V_23_load_read, i16 %Matrix_B_BRAM_V_24_load_read, i16 %Matrix_B_BRAM_V_25_load_read, i16 %Matrix_B_BRAM_V_26_load_read, i16 %Matrix_B_BRAM_V_27_load_read, i16 %Matrix_B_BRAM_V_28_load_read, i16 %Matrix_B_BRAM_V_29_load_read, i16 %Matrix_B_BRAM_V_30_load_read, i16 %Matrix_B_BRAM_V_31_load_read, i16 %Matrix_B_BRAM_V_32_load_read, i16 %Matrix_B_BRAM_V_33_load_read, i16 %Matrix_B_BRAM_V_34_load_read, i16 %Matrix_B_BRAM_V_35_load_read, i16 %Matrix_B_BRAM_V_36_load_read, i16 %Matrix_B_BRAM_V_37_load_read, i16 %Matrix_B_BRAM_V_38_load_read, i16 %Matrix_B_BRAM_V_39_load_read, i16 %Matrix_B_BRAM_V_40_load_read, i16 %Matrix_B_BRAM_V_41_load_read, i16 %Matrix_B_BRAM_V_42_load_read, i16 %Matrix_B_BRAM_V_43_load_read, i16 %Matrix_B_BRAM_V_44_load_read, i16 %Matrix_B_BRAM_V_45_load_read, i16 %Matrix_B_BRAM_V_46_load_read, i16 %Matrix_B_BRAM_V_47_load_read, i16 %Matrix_B_BRAM_V_48_load_read, i16 %Matrix_B_BRAM_V_49_load_read, i16 %Matrix_B_BRAM_V_50_load_read, i16 %Matrix_B_BRAM_V_51_load_read, i16 %Matrix_B_BRAM_V_52_load_read, i16 %Matrix_B_BRAM_V_53_load_read, i16 %Matrix_B_BRAM_V_54_load_read, i16 %Matrix_B_BRAM_V_55_load_read, i16 %Matrix_B_BRAM_V_56_load_read, i16 %Matrix_B_BRAM_V_57_load_read, i16 %Matrix_B_BRAM_V_58_load_read, i16 %Matrix_B_BRAM_V_59_load_read, i16 %Matrix_B_BRAM_V_60_load_read, i16 %Matrix_B_BRAM_V_61_load_read, i16 %Matrix_B_BRAM_V_62_load_read, i16 %Matrix_B_BRAM_V_63_load_read, i16 %Matrix_B_BRAM_V_64_load_read, i16 %Matrix_B_BRAM_V_65_load_read, i16 %Matrix_B_BRAM_V_66_load_read, i16 %Matrix_B_BRAM_V_67_load_read, i16 %Matrix_B_BRAM_V_68_load_read, i16 %Matrix_B_BRAM_V_69_load_read, i16 %Matrix_B_BRAM_V_70_load_read, i16 %Matrix_B_BRAM_V_71_load_read, i16 %Matrix_B_BRAM_V_72_load_read, i16 %Matrix_B_BRAM_V_73_load_read, i16 %Matrix_B_BRAM_V_74_load_read, i16 %Matrix_B_BRAM_V_75_load_read, i16 %Matrix_B_BRAM_V_76_load_read, i16 %Matrix_B_BRAM_V_77_load_read, i16 %Matrix_B_BRAM_V_78_load_read, i16 %Matrix_B_BRAM_V_79_load_read, i16 %Matrix_B_BRAM_V_80_load_read, i16 %Matrix_B_BRAM_V_81_load_read, i16 %Matrix_B_BRAM_V_82_load_read, i16 %Matrix_B_BRAM_V_83_load_read, i16 %Matrix_B_BRAM_V_84_load_read, i16 %Matrix_B_BRAM_V_85_load_read, i16 %Matrix_B_BRAM_V_86_load_read, i16 %Matrix_B_BRAM_V_87_load_read, i16 %Matrix_B_BRAM_V_88_load_read, i16 %Matrix_B_BRAM_V_89_load_read, i16 %Matrix_B_BRAM_V_90_load_read, i16 %Matrix_B_BRAM_V_91_load_read, i16 %Matrix_B_BRAM_V_92_load_read, i16 %Matrix_B_BRAM_V_93_load_read, i16 %Matrix_B_BRAM_V_94_load_read, i16 %Matrix_B_BRAM_V_95_load_read, i16 %Matrix_B_BRAM_V_96_load_read, i16 %Matrix_B_BRAM_V_97_load_read, i16 %Matrix_B_BRAM_V_98_load_read, i16 %Matrix_B_BRAM_V_99_load_read, i16 %Matrix_B_BRAM_V_100_load_read, i16 %Matrix_B_BRAM_V_101_load_read, i16 %Matrix_B_BRAM_V_102_load_read, i16 %Matrix_B_BRAM_V_103_load_read, i16 %Matrix_B_BRAM_V_104_load_read, i16 %Matrix_B_BRAM_V_105_load_read, i16 %Matrix_B_BRAM_V_106_load_read, i16 %Matrix_B_BRAM_V_107_load_read, i16 %Matrix_B_BRAM_V_108_load_read, i16 %Matrix_B_BRAM_V_109_load_read, i16 %Matrix_B_BRAM_V_110_load_read, i16 %Matrix_B_BRAM_V_111_load_read, i16 %Matrix_B_BRAM_V_112_load_read, i16 %Matrix_B_BRAM_V_113_load_read, i16 %Matrix_B_BRAM_V_114_load_read, i16 %Matrix_B_BRAM_V_115_load_read, i16 %Matrix_B_BRAM_V_116_load_read, i16 %Matrix_B_BRAM_V_117_load_read, i16 %Matrix_B_BRAM_V_118_load_read, i16 %Matrix_B_BRAM_V_119_load_read, i16 %Matrix_B_BRAM_V_120_load_read, i16 %Matrix_B_BRAM_V_121_load_read, i16 %Matrix_B_BRAM_V_122_load_read, i16 %Matrix_B_BRAM_V_123_load_read, i16 %Matrix_B_BRAM_V_124_load_read, i16 %Matrix_B_BRAM_V_125_load_read, i16 %Matrix_B_BRAM_V_126_load_read, i16 %Matrix_B_BRAM_V_127_load_read, i16 %Matrix_B_BRAM_V_128_load_read, i16 %Matrix_B_BRAM_V_129_load_read, i16 %Matrix_B_BRAM_V_130_load_read, i16 %Matrix_B_BRAM_V_131_load_read, i16 %Matrix_B_BRAM_V_132_load_read, i16 %Matrix_B_BRAM_V_133_load_read, i16 %Matrix_B_BRAM_V_134_load_read, i16 %Matrix_B_BRAM_V_135_load_read, i16 %Matrix_B_BRAM_V_136_load_read, i16 %Matrix_B_BRAM_V_137_load_read, i16 %Matrix_B_BRAM_V_138_load_read, i16 %Matrix_B_BRAM_V_139_load_read, i16 %Matrix_B_BRAM_V_140_load_read, i16 %Matrix_B_BRAM_V_141_load_read, i16 %Matrix_B_BRAM_V_142_load_read, i16 %Matrix_B_BRAM_V_143_load_read, i16 %Matrix_B_BRAM_V_144_load_read, i16 %Matrix_B_BRAM_V_145_load_read, i16 %Matrix_B_BRAM_V_146_load_read, i16 %Matrix_B_BRAM_V_147_load_read, i8 %dot_load"   --->   Operation 199 'mux' 'tmp_12' <Predicate = (!icmp_ln61)> <Delay = 4.32> <CoreInst = "Multiplexer">   --->   Core 76 'Multiplexer' <Latency = 0> <II = 1> <Delay = 4.32> <FuncUnit> <Opcode : 'mux'> <InPorts = 2> <OutPorts = 1>
ST_1 : Operation 200 [1/1] (4.32ns)   --->   "%tmp_13 = mux i16 @_ssdm_op_Mux.ap_auto.136i16.i8, i16 %Matrix_B_BRAM_V_13_load_read, i16 %Matrix_B_BRAM_V_14_load_read, i16 %Matrix_B_BRAM_V_15_load_read, i16 %Matrix_B_BRAM_V_16_load_read, i16 %Matrix_B_BRAM_V_17_load_read, i16 %Matrix_B_BRAM_V_18_load_read, i16 %Matrix_B_BRAM_V_19_load_read, i16 %Matrix_B_BRAM_V_20_load_read, i16 %Matrix_B_BRAM_V_21_load_read, i16 %Matrix_B_BRAM_V_22_load_read, i16 %Matrix_B_BRAM_V_23_load_read, i16 %Matrix_B_BRAM_V_24_load_read, i16 %Matrix_B_BRAM_V_25_load_read, i16 %Matrix_B_BRAM_V_26_load_read, i16 %Matrix_B_BRAM_V_27_load_read, i16 %Matrix_B_BRAM_V_28_load_read, i16 %Matrix_B_BRAM_V_29_load_read, i16 %Matrix_B_BRAM_V_30_load_read, i16 %Matrix_B_BRAM_V_31_load_read, i16 %Matrix_B_BRAM_V_32_load_read, i16 %Matrix_B_BRAM_V_33_load_read, i16 %Matrix_B_BRAM_V_34_load_read, i16 %Matrix_B_BRAM_V_35_load_read, i16 %Matrix_B_BRAM_V_36_load_read, i16 %Matrix_B_BRAM_V_37_load_read, i16 %Matrix_B_BRAM_V_38_load_read, i16 %Matrix_B_BRAM_V_39_load_read, i16 %Matrix_B_BRAM_V_40_load_read, i16 %Matrix_B_BRAM_V_41_load_read, i16 %Matrix_B_BRAM_V_42_load_read, i16 %Matrix_B_BRAM_V_43_load_read, i16 %Matrix_B_BRAM_V_44_load_read, i16 %Matrix_B_BRAM_V_45_load_read, i16 %Matrix_B_BRAM_V_46_load_read, i16 %Matrix_B_BRAM_V_47_load_read, i16 %Matrix_B_BRAM_V_48_load_read, i16 %Matrix_B_BRAM_V_49_load_read, i16 %Matrix_B_BRAM_V_50_load_read, i16 %Matrix_B_BRAM_V_51_load_read, i16 %Matrix_B_BRAM_V_52_load_read, i16 %Matrix_B_BRAM_V_53_load_read, i16 %Matrix_B_BRAM_V_54_load_read, i16 %Matrix_B_BRAM_V_55_load_read, i16 %Matrix_B_BRAM_V_56_load_read, i16 %Matrix_B_BRAM_V_57_load_read, i16 %Matrix_B_BRAM_V_58_load_read, i16 %Matrix_B_BRAM_V_59_load_read, i16 %Matrix_B_BRAM_V_60_load_read, i16 %Matrix_B_BRAM_V_61_load_read, i16 %Matrix_B_BRAM_V_62_load_read, i16 %Matrix_B_BRAM_V_63_load_read, i16 %Matrix_B_BRAM_V_64_load_read, i16 %Matrix_B_BRAM_V_65_load_read, i16 %Matrix_B_BRAM_V_66_load_read, i16 %Matrix_B_BRAM_V_67_load_read, i16 %Matrix_B_BRAM_V_68_load_read, i16 %Matrix_B_BRAM_V_69_load_read, i16 %Matrix_B_BRAM_V_70_load_read, i16 %Matrix_B_BRAM_V_71_load_read, i16 %Matrix_B_BRAM_V_72_load_read, i16 %Matrix_B_BRAM_V_73_load_read, i16 %Matrix_B_BRAM_V_74_load_read, i16 %Matrix_B_BRAM_V_75_load_read, i16 %Matrix_B_BRAM_V_76_load_read, i16 %Matrix_B_BRAM_V_77_load_read, i16 %Matrix_B_BRAM_V_78_load_read, i16 %Matrix_B_BRAM_V_79_load_read, i16 %Matrix_B_BRAM_V_80_load_read, i16 %Matrix_B_BRAM_V_81_load_read, i16 %Matrix_B_BRAM_V_82_load_read, i16 %Matrix_B_BRAM_V_83_load_read, i16 %Matrix_B_BRAM_V_84_load_read, i16 %Matrix_B_BRAM_V_85_load_read, i16 %Matrix_B_BRAM_V_86_load_read, i16 %Matrix_B_BRAM_V_87_load_read, i16 %Matrix_B_BRAM_V_88_load_read, i16 %Matrix_B_BRAM_V_89_load_read, i16 %Matrix_B_BRAM_V_90_load_read, i16 %Matrix_B_BRAM_V_91_load_read, i16 %Matrix_B_BRAM_V_92_load_read, i16 %Matrix_B_BRAM_V_93_load_read, i16 %Matrix_B_BRAM_V_94_load_read, i16 %Matrix_B_BRAM_V_95_load_read, i16 %Matrix_B_BRAM_V_96_load_read, i16 %Matrix_B_BRAM_V_97_load_read, i16 %Matrix_B_BRAM_V_98_load_read, i16 %Matrix_B_BRAM_V_99_load_read, i16 %Matrix_B_BRAM_V_100_load_read, i16 %Matrix_B_BRAM_V_101_load_read, i16 %Matrix_B_BRAM_V_102_load_read, i16 %Matrix_B_BRAM_V_103_load_read, i16 %Matrix_B_BRAM_V_104_load_read, i16 %Matrix_B_BRAM_V_105_load_read, i16 %Matrix_B_BRAM_V_106_load_read, i16 %Matrix_B_BRAM_V_107_load_read, i16 %Matrix_B_BRAM_V_108_load_read, i16 %Matrix_B_BRAM_V_109_load_read, i16 %Matrix_B_BRAM_V_110_load_read, i16 %Matrix_B_BRAM_V_111_load_read, i16 %Matrix_B_BRAM_V_112_load_read, i16 %Matrix_B_BRAM_V_113_load_read, i16 %Matrix_B_BRAM_V_114_load_read, i16 %Matrix_B_BRAM_V_115_load_read, i16 %Matrix_B_BRAM_V_116_load_read, i16 %Matrix_B_BRAM_V_117_load_read, i16 %Matrix_B_BRAM_V_118_load_read, i16 %Matrix_B_BRAM_V_119_load_read, i16 %Matrix_B_BRAM_V_120_load_read, i16 %Matrix_B_BRAM_V_121_load_read, i16 %Matrix_B_BRAM_V_122_load_read, i16 %Matrix_B_BRAM_V_123_load_read, i16 %Matrix_B_BRAM_V_124_load_read, i16 %Matrix_B_BRAM_V_125_load_read, i16 %Matrix_B_BRAM_V_126_load_read, i16 %Matrix_B_BRAM_V_127_load_read, i16 %Matrix_B_BRAM_V_128_load_read, i16 %Matrix_B_BRAM_V_129_load_read, i16 %Matrix_B_BRAM_V_130_load_read, i16 %Matrix_B_BRAM_V_131_load_read, i16 %Matrix_B_BRAM_V_132_load_read, i16 %Matrix_B_BRAM_V_133_load_read, i16 %Matrix_B_BRAM_V_134_load_read, i16 %Matrix_B_BRAM_V_135_load_read, i16 %Matrix_B_BRAM_V_136_load_read, i16 %Matrix_B_BRAM_V_137_load_read, i16 %Matrix_B_BRAM_V_138_load_read, i16 %Matrix_B_BRAM_V_139_load_read, i16 %Matrix_B_BRAM_V_140_load_read, i16 %Matrix_B_BRAM_V_141_load_read, i16 %Matrix_B_BRAM_V_142_load_read, i16 %Matrix_B_BRAM_V_143_load_read, i16 %Matrix_B_BRAM_V_144_load_read, i16 %Matrix_B_BRAM_V_145_load_read, i16 %Matrix_B_BRAM_V_146_load_read, i16 %Matrix_B_BRAM_V_147_load_read, i16 %Matrix_B_BRAM_V_148_load_read, i8 %dot_load"   --->   Operation 200 'mux' 'tmp_13' <Predicate = (!icmp_ln61)> <Delay = 4.32> <CoreInst = "Multiplexer">   --->   Core 76 'Multiplexer' <Latency = 0> <II = 1> <Delay = 4.32> <FuncUnit> <Opcode : 'mux'> <InPorts = 2> <OutPorts = 1>
ST_1 : Operation 201 [1/1] (4.32ns)   --->   "%tmp_14 = mux i16 @_ssdm_op_Mux.ap_auto.136i16.i8, i16 %Matrix_B_BRAM_V_14_load_read, i16 %Matrix_B_BRAM_V_15_load_read, i16 %Matrix_B_BRAM_V_16_load_read, i16 %Matrix_B_BRAM_V_17_load_read, i16 %Matrix_B_BRAM_V_18_load_read, i16 %Matrix_B_BRAM_V_19_load_read, i16 %Matrix_B_BRAM_V_20_load_read, i16 %Matrix_B_BRAM_V_21_load_read, i16 %Matrix_B_BRAM_V_22_load_read, i16 %Matrix_B_BRAM_V_23_load_read, i16 %Matrix_B_BRAM_V_24_load_read, i16 %Matrix_B_BRAM_V_25_load_read, i16 %Matrix_B_BRAM_V_26_load_read, i16 %Matrix_B_BRAM_V_27_load_read, i16 %Matrix_B_BRAM_V_28_load_read, i16 %Matrix_B_BRAM_V_29_load_read, i16 %Matrix_B_BRAM_V_30_load_read, i16 %Matrix_B_BRAM_V_31_load_read, i16 %Matrix_B_BRAM_V_32_load_read, i16 %Matrix_B_BRAM_V_33_load_read, i16 %Matrix_B_BRAM_V_34_load_read, i16 %Matrix_B_BRAM_V_35_load_read, i16 %Matrix_B_BRAM_V_36_load_read, i16 %Matrix_B_BRAM_V_37_load_read, i16 %Matrix_B_BRAM_V_38_load_read, i16 %Matrix_B_BRAM_V_39_load_read, i16 %Matrix_B_BRAM_V_40_load_read, i16 %Matrix_B_BRAM_V_41_load_read, i16 %Matrix_B_BRAM_V_42_load_read, i16 %Matrix_B_BRAM_V_43_load_read, i16 %Matrix_B_BRAM_V_44_load_read, i16 %Matrix_B_BRAM_V_45_load_read, i16 %Matrix_B_BRAM_V_46_load_read, i16 %Matrix_B_BRAM_V_47_load_read, i16 %Matrix_B_BRAM_V_48_load_read, i16 %Matrix_B_BRAM_V_49_load_read, i16 %Matrix_B_BRAM_V_50_load_read, i16 %Matrix_B_BRAM_V_51_load_read, i16 %Matrix_B_BRAM_V_52_load_read, i16 %Matrix_B_BRAM_V_53_load_read, i16 %Matrix_B_BRAM_V_54_load_read, i16 %Matrix_B_BRAM_V_55_load_read, i16 %Matrix_B_BRAM_V_56_load_read, i16 %Matrix_B_BRAM_V_57_load_read, i16 %Matrix_B_BRAM_V_58_load_read, i16 %Matrix_B_BRAM_V_59_load_read, i16 %Matrix_B_BRAM_V_60_load_read, i16 %Matrix_B_BRAM_V_61_load_read, i16 %Matrix_B_BRAM_V_62_load_read, i16 %Matrix_B_BRAM_V_63_load_read, i16 %Matrix_B_BRAM_V_64_load_read, i16 %Matrix_B_BRAM_V_65_load_read, i16 %Matrix_B_BRAM_V_66_load_read, i16 %Matrix_B_BRAM_V_67_load_read, i16 %Matrix_B_BRAM_V_68_load_read, i16 %Matrix_B_BRAM_V_69_load_read, i16 %Matrix_B_BRAM_V_70_load_read, i16 %Matrix_B_BRAM_V_71_load_read, i16 %Matrix_B_BRAM_V_72_load_read, i16 %Matrix_B_BRAM_V_73_load_read, i16 %Matrix_B_BRAM_V_74_load_read, i16 %Matrix_B_BRAM_V_75_load_read, i16 %Matrix_B_BRAM_V_76_load_read, i16 %Matrix_B_BRAM_V_77_load_read, i16 %Matrix_B_BRAM_V_78_load_read, i16 %Matrix_B_BRAM_V_79_load_read, i16 %Matrix_B_BRAM_V_80_load_read, i16 %Matrix_B_BRAM_V_81_load_read, i16 %Matrix_B_BRAM_V_82_load_read, i16 %Matrix_B_BRAM_V_83_load_read, i16 %Matrix_B_BRAM_V_84_load_read, i16 %Matrix_B_BRAM_V_85_load_read, i16 %Matrix_B_BRAM_V_86_load_read, i16 %Matrix_B_BRAM_V_87_load_read, i16 %Matrix_B_BRAM_V_88_load_read, i16 %Matrix_B_BRAM_V_89_load_read, i16 %Matrix_B_BRAM_V_90_load_read, i16 %Matrix_B_BRAM_V_91_load_read, i16 %Matrix_B_BRAM_V_92_load_read, i16 %Matrix_B_BRAM_V_93_load_read, i16 %Matrix_B_BRAM_V_94_load_read, i16 %Matrix_B_BRAM_V_95_load_read, i16 %Matrix_B_BRAM_V_96_load_read, i16 %Matrix_B_BRAM_V_97_load_read, i16 %Matrix_B_BRAM_V_98_load_read, i16 %Matrix_B_BRAM_V_99_load_read, i16 %Matrix_B_BRAM_V_100_load_read, i16 %Matrix_B_BRAM_V_101_load_read, i16 %Matrix_B_BRAM_V_102_load_read, i16 %Matrix_B_BRAM_V_103_load_read, i16 %Matrix_B_BRAM_V_104_load_read, i16 %Matrix_B_BRAM_V_105_load_read, i16 %Matrix_B_BRAM_V_106_load_read, i16 %Matrix_B_BRAM_V_107_load_read, i16 %Matrix_B_BRAM_V_108_load_read, i16 %Matrix_B_BRAM_V_109_load_read, i16 %Matrix_B_BRAM_V_110_load_read, i16 %Matrix_B_BRAM_V_111_load_read, i16 %Matrix_B_BRAM_V_112_load_read, i16 %Matrix_B_BRAM_V_113_load_read, i16 %Matrix_B_BRAM_V_114_load_read, i16 %Matrix_B_BRAM_V_115_load_read, i16 %Matrix_B_BRAM_V_116_load_read, i16 %Matrix_B_BRAM_V_117_load_read, i16 %Matrix_B_BRAM_V_118_load_read, i16 %Matrix_B_BRAM_V_119_load_read, i16 %Matrix_B_BRAM_V_120_load_read, i16 %Matrix_B_BRAM_V_121_load_read, i16 %Matrix_B_BRAM_V_122_load_read, i16 %Matrix_B_BRAM_V_123_load_read, i16 %Matrix_B_BRAM_V_124_load_read, i16 %Matrix_B_BRAM_V_125_load_read, i16 %Matrix_B_BRAM_V_126_load_read, i16 %Matrix_B_BRAM_V_127_load_read, i16 %Matrix_B_BRAM_V_128_load_read, i16 %Matrix_B_BRAM_V_129_load_read, i16 %Matrix_B_BRAM_V_130_load_read, i16 %Matrix_B_BRAM_V_131_load_read, i16 %Matrix_B_BRAM_V_132_load_read, i16 %Matrix_B_BRAM_V_133_load_read, i16 %Matrix_B_BRAM_V_134_load_read, i16 %Matrix_B_BRAM_V_135_load_read, i16 %Matrix_B_BRAM_V_136_load_read, i16 %Matrix_B_BRAM_V_137_load_read, i16 %Matrix_B_BRAM_V_138_load_read, i16 %Matrix_B_BRAM_V_139_load_read, i16 %Matrix_B_BRAM_V_140_load_read, i16 %Matrix_B_BRAM_V_141_load_read, i16 %Matrix_B_BRAM_V_142_load_read, i16 %Matrix_B_BRAM_V_143_load_read, i16 %Matrix_B_BRAM_V_144_load_read, i16 %Matrix_B_BRAM_V_145_load_read, i16 %Matrix_B_BRAM_V_146_load_read, i16 %Matrix_B_BRAM_V_147_load_read, i16 %Matrix_B_BRAM_V_148_load_read, i16 %Matrix_B_BRAM_V_149_load_read, i8 %dot_load"   --->   Operation 201 'mux' 'tmp_14' <Predicate = (!icmp_ln61)> <Delay = 4.32> <CoreInst = "Multiplexer">   --->   Core 76 'Multiplexer' <Latency = 0> <II = 1> <Delay = 4.32> <FuncUnit> <Opcode : 'mux'> <InPorts = 2> <OutPorts = 1>
ST_1 : Operation 202 [1/1] (1.91ns)   --->   "%add_ln61 = add i8 %dot_load, i8 15" [matmul.cpp:61]   --->   Operation 202 'add' 'add_ln61' <Predicate = (!icmp_ln61)> <Delay = 1.91> <CoreInst = "Adder">   --->   Core 1 'Adder' <Latency = 0> <II = 1> <Delay = 1.91> <FuncUnit> <Opcode : 'add' 'sub'> <InPorts = 2> <OutPorts = 1>
ST_1 : Operation 203 [1/1] (1.58ns)   --->   "%store_ln61 = store i4 %add_ln61_1, i4 %indvars_iv" [matmul.cpp:61]   --->   Operation 203 'store' 'store_ln61' <Predicate = (!icmp_ln61)> <Delay = 1.58>
ST_1 : Operation 204 [1/1] (1.58ns)   --->   "%store_ln61 = store i8 %add_ln61, i8 %dot" [matmul.cpp:61]   --->   Operation 204 'store' 'store_ln61' <Predicate = (!icmp_ln61)> <Delay = 1.58>

State 2 <SV = 1> <Delay = 5.40>
ST_2 : Operation 205 [1/1] (0.00ns)   --->   "%Matrix_A_BRAM_V_2_addr = getelementptr i16 %Matrix_A_BRAM_V_2, i64 0, i64 %zext_ln186_1"   --->   Operation 205 'getelementptr' 'Matrix_A_BRAM_V_2_addr' <Predicate = true> <Delay = 0.00>
ST_2 : Operation 206 [1/1] (0.00ns)   --->   "%Matrix_A_BRAM_V_3_addr = getelementptr i16 %Matrix_A_BRAM_V_3, i64 0, i64 %zext_ln186_1"   --->   Operation 206 'getelementptr' 'Matrix_A_BRAM_V_3_addr' <Predicate = true> <Delay = 0.00>
ST_2 : Operation 207 [1/1] (0.00ns)   --->   "%Matrix_A_BRAM_V_5_addr = getelementptr i16 %Matrix_A_BRAM_V_5, i64 0, i64 %zext_ln186_1"   --->   Operation 207 'getelementptr' 'Matrix_A_BRAM_V_5_addr' <Predicate = true> <Delay = 0.00>
ST_2 : Operation 208 [1/1] (0.00ns)   --->   "%Matrix_A_BRAM_V_8_addr = getelementptr i16 %Matrix_A_BRAM_V_8, i64 0, i64 %zext_ln186_1"   --->   Operation 208 'getelementptr' 'Matrix_A_BRAM_V_8_addr' <Predicate = true> <Delay = 0.00>
ST_2 : Operation 209 [1/1] (0.00ns)   --->   "%Matrix_A_BRAM_V_9_addr = getelementptr i16 %Matrix_A_BRAM_V_9, i64 0, i64 %zext_ln186_1"   --->   Operation 209 'getelementptr' 'Matrix_A_BRAM_V_9_addr' <Predicate = true> <Delay = 0.00>
ST_2 : Operation 210 [1/1] (0.00ns)   --->   "%Matrix_A_BRAM_V_11_addr = getelementptr i16 %Matrix_A_BRAM_V_11, i64 0, i64 %zext_ln186_1"   --->   Operation 210 'getelementptr' 'Matrix_A_BRAM_V_11_addr' <Predicate = true> <Delay = 0.00>
ST_2 : Operation 211 [1/2] (3.25ns)   --->   "%Matrix_A_BRAM_V_1_load = load i10 %Matrix_A_BRAM_V_1_addr"   --->   Operation 211 'load' 'Matrix_A_BRAM_V_1_load' <Predicate = true> <Delay = 3.25> <CoreInst = "RAM">   --->   Core 82 'RAM' <Latency = 1> <II = 1> <Delay = 3.25> <Storage> <Opcode : 'load' 'store'> <Ports = 2> <Width = 16> <Depth = 1000> <RAM>
ST_2 : Operation 212 [4/4] (2.15ns) (root node of the DSP)   --->   "%mul_ln840_1 = mul i16 %Matrix_A_BRAM_V_1_load, i16 %tmp_3"   --->   Operation 212 'mul' 'mul_ln840_1' <Predicate = true> <Delay = 2.15> <CoreInst = "DSP48">   --->   Core 119 'DSP48' <Latency = 3> <II = 1> <Delay = 2.15> <IPBlock> <Opcode : 'mul' 'add' 'sub' 'select'> <InPorts = 0> <OutPorts = 1> <Sync> <CReg>
ST_2 : Operation 213 [2/2] (3.25ns)   --->   "%Matrix_A_BRAM_V_2_load = load i10 %Matrix_A_BRAM_V_2_addr"   --->   Operation 213 'load' 'Matrix_A_BRAM_V_2_load' <Predicate = true> <Delay = 3.25> <CoreInst = "RAM">   --->   Core 82 'RAM' <Latency = 1> <II = 1> <Delay = 3.25> <Storage> <Opcode : 'load' 'store'> <Ports = 2> <Width = 16> <Depth = 1000> <RAM>
ST_2 : Operation 214 [2/2] (3.25ns)   --->   "%Matrix_A_BRAM_V_3_load = load i10 %Matrix_A_BRAM_V_3_addr"   --->   Operation 214 'load' 'Matrix_A_BRAM_V_3_load' <Predicate = true> <Delay = 3.25> <CoreInst = "RAM">   --->   Core 82 'RAM' <Latency = 1> <II = 1> <Delay = 3.25> <Storage> <Opcode : 'load' 'store'> <Ports = 2> <Width = 16> <Depth = 1000> <RAM>
ST_2 : Operation 215 [2/2] (3.25ns)   --->   "%Matrix_A_BRAM_V_5_load = load i10 %Matrix_A_BRAM_V_5_addr"   --->   Operation 215 'load' 'Matrix_A_BRAM_V_5_load' <Predicate = true> <Delay = 3.25> <CoreInst = "RAM">   --->   Core 82 'RAM' <Latency = 1> <II = 1> <Delay = 3.25> <Storage> <Opcode : 'load' 'store'> <Ports = 2> <Width = 16> <Depth = 1000> <RAM>
ST_2 : Operation 216 [1/2] (3.25ns)   --->   "%Matrix_A_BRAM_V_7_load = load i10 %Matrix_A_BRAM_V_7_addr"   --->   Operation 216 'load' 'Matrix_A_BRAM_V_7_load' <Predicate = true> <Delay = 3.25> <CoreInst = "RAM">   --->   Core 82 'RAM' <Latency = 1> <II = 1> <Delay = 3.25> <Storage> <Opcode : 'load' 'store'> <Ports = 2> <Width = 16> <Depth = 1000> <RAM>
ST_2 : Operation 217 [4/4] (2.15ns) (root node of the DSP)   --->   "%mul_ln840_7 = mul i16 %Matrix_A_BRAM_V_7_load, i16 %tmp_4"   --->   Operation 217 'mul' 'mul_ln840_7' <Predicate = true> <Delay = 2.15> <CoreInst = "DSP48">   --->   Core 119 'DSP48' <Latency = 3> <II = 1> <Delay = 2.15> <IPBlock> <Opcode : 'mul' 'add' 'sub' 'select'> <InPorts = 0> <OutPorts = 1> <Sync> <CReg>
ST_2 : Operation 218 [2/2] (3.25ns)   --->   "%Matrix_A_BRAM_V_8_load = load i10 %Matrix_A_BRAM_V_8_addr"   --->   Operation 218 'load' 'Matrix_A_BRAM_V_8_load' <Predicate = true> <Delay = 3.25> <CoreInst = "RAM">   --->   Core 82 'RAM' <Latency = 1> <II = 1> <Delay = 3.25> <Storage> <Opcode : 'load' 'store'> <Ports = 2> <Width = 16> <Depth = 1000> <RAM>
ST_2 : Operation 219 [2/2] (3.25ns)   --->   "%Matrix_A_BRAM_V_9_load = load i10 %Matrix_A_BRAM_V_9_addr"   --->   Operation 219 'load' 'Matrix_A_BRAM_V_9_load' <Predicate = true> <Delay = 3.25> <CoreInst = "RAM">   --->   Core 82 'RAM' <Latency = 1> <II = 1> <Delay = 3.25> <Storage> <Opcode : 'load' 'store'> <Ports = 2> <Width = 16> <Depth = 1000> <RAM>
ST_2 : Operation 220 [1/2] (3.25ns)   --->   "%Matrix_A_BRAM_V_10_load = load i10 %Matrix_A_BRAM_V_10_addr"   --->   Operation 220 'load' 'Matrix_A_BRAM_V_10_load' <Predicate = true> <Delay = 3.25> <CoreInst = "RAM">   --->   Core 82 'RAM' <Latency = 1> <II = 1> <Delay = 3.25> <Storage> <Opcode : 'load' 'store'> <Ports = 2> <Width = 16> <Depth = 1000> <RAM>
ST_2 : Operation 221 [4/4] (2.15ns) (root node of the DSP)   --->   "%mul_ln840_10 = mul i16 %Matrix_A_BRAM_V_10_load, i16 %tmp_10"   --->   Operation 221 'mul' 'mul_ln840_10' <Predicate = true> <Delay = 2.15> <CoreInst = "DSP48">   --->   Core 119 'DSP48' <Latency = 3> <II = 1> <Delay = 2.15> <IPBlock> <Opcode : 'mul' 'add' 'sub' 'select'> <InPorts = 0> <OutPorts = 1> <Sync> <CReg>
ST_2 : Operation 222 [2/2] (3.25ns)   --->   "%Matrix_A_BRAM_V_11_load = load i10 %Matrix_A_BRAM_V_11_addr"   --->   Operation 222 'load' 'Matrix_A_BRAM_V_11_load' <Predicate = true> <Delay = 3.25> <CoreInst = "RAM">   --->   Core 82 'RAM' <Latency = 1> <II = 1> <Delay = 3.25> <Storage> <Opcode : 'load' 'store'> <Ports = 2> <Width = 16> <Depth = 1000> <RAM>
ST_2 : Operation 223 [1/2] (3.25ns)   --->   "%Matrix_A_BRAM_V_12_load = load i10 %Matrix_A_BRAM_V_12_addr"   --->   Operation 223 'load' 'Matrix_A_BRAM_V_12_load' <Predicate = true> <Delay = 3.25> <CoreInst = "RAM">   --->   Core 82 'RAM' <Latency = 1> <II = 1> <Delay = 3.25> <Storage> <Opcode : 'load' 'store'> <Ports = 2> <Width = 16> <Depth = 1000> <RAM>
ST_2 : Operation 224 [4/4] (2.15ns) (root node of the DSP)   --->   "%mul_ln840_12 = mul i16 %Matrix_A_BRAM_V_12_load, i16 %tmp_12"   --->   Operation 224 'mul' 'mul_ln840_12' <Predicate = true> <Delay = 2.15> <CoreInst = "DSP48">   --->   Core 119 'DSP48' <Latency = 3> <II = 1> <Delay = 2.15> <IPBlock> <Opcode : 'mul' 'add' 'sub' 'select'> <InPorts = 0> <OutPorts = 1> <Sync> <CReg>

State 3 <SV = 2> <Delay = 5.40>
ST_3 : Operation 225 [1/1] (0.00ns)   --->   "%Matrix_A_BRAM_V_addr = getelementptr i16 %Matrix_A_BRAM_V, i64 0, i64 %zext_ln186_1"   --->   Operation 225 'getelementptr' 'Matrix_A_BRAM_V_addr' <Predicate = true> <Delay = 0.00>
ST_3 : Operation 226 [1/1] (0.00ns)   --->   "%Matrix_A_BRAM_V_4_addr = getelementptr i16 %Matrix_A_BRAM_V_4, i64 0, i64 %zext_ln186_1"   --->   Operation 226 'getelementptr' 'Matrix_A_BRAM_V_4_addr' <Predicate = true> <Delay = 0.00>
ST_3 : Operation 227 [1/1] (0.00ns)   --->   "%Matrix_A_BRAM_V_6_addr = getelementptr i16 %Matrix_A_BRAM_V_6, i64 0, i64 %zext_ln186_1"   --->   Operation 227 'getelementptr' 'Matrix_A_BRAM_V_6_addr' <Predicate = true> <Delay = 0.00>
ST_3 : Operation 228 [1/1] (0.00ns)   --->   "%Matrix_A_BRAM_V_13_addr = getelementptr i16 %Matrix_A_BRAM_V_13, i64 0, i64 %zext_ln186_1"   --->   Operation 228 'getelementptr' 'Matrix_A_BRAM_V_13_addr' <Predicate = true> <Delay = 0.00>
ST_3 : Operation 229 [1/1] (0.00ns)   --->   "%Matrix_A_BRAM_V_14_addr = getelementptr i16 %Matrix_A_BRAM_V_14, i64 0, i64 %zext_ln186_1"   --->   Operation 229 'getelementptr' 'Matrix_A_BRAM_V_14_addr' <Predicate = true> <Delay = 0.00>
ST_3 : Operation 230 [2/2] (3.25ns)   --->   "%Matrix_A_BRAM_V_load = load i10 %Matrix_A_BRAM_V_addr"   --->   Operation 230 'load' 'Matrix_A_BRAM_V_load' <Predicate = true> <Delay = 3.25> <CoreInst = "RAM">   --->   Core 82 'RAM' <Latency = 1> <II = 1> <Delay = 3.25> <Storage> <Opcode : 'load' 'store'> <Ports = 2> <Width = 16> <Depth = 1000> <RAM>
ST_3 : Operation 231 [3/4] (2.15ns) (root node of the DSP)   --->   "%mul_ln840_1 = mul i16 %Matrix_A_BRAM_V_1_load, i16 %tmp_3"   --->   Operation 231 'mul' 'mul_ln840_1' <Predicate = true> <Delay = 2.15> <CoreInst = "DSP48">   --->   Core 119 'DSP48' <Latency = 3> <II = 1> <Delay = 2.15> <IPBlock> <Opcode : 'mul' 'add' 'sub' 'select'> <InPorts = 0> <OutPorts = 1> <Sync> <CReg>
ST_3 : Operation 232 [1/2] (3.25ns)   --->   "%Matrix_A_BRAM_V_2_load = load i10 %Matrix_A_BRAM_V_2_addr"   --->   Operation 232 'load' 'Matrix_A_BRAM_V_2_load' <Predicate = true> <Delay = 3.25> <CoreInst = "RAM">   --->   Core 82 'RAM' <Latency = 1> <II = 1> <Delay = 3.25> <Storage> <Opcode : 'load' 'store'> <Ports = 2> <Width = 16> <Depth = 1000> <RAM>
ST_3 : Operation 233 [3/3] (1.05ns) (grouped into DSP with root node add_ln840)   --->   "%mul_ln840_2 = mul i16 %Matrix_A_BRAM_V_2_load, i16 %tmp_5"   --->   Operation 233 'mul' 'mul_ln840_2' <Predicate = true> <Delay = 1.05> <CoreInst = "DSP48">   --->   Core 119 'DSP48' <Latency = 3> <II = 1> <Delay = 2.15> <IPBlock> <Opcode : 'mul' 'add' 'sub' 'select'> <InPorts = 0> <OutPorts = 1> <Sync> <CReg>
ST_3 : Operation 234 [1/2] (3.25ns)   --->   "%Matrix_A_BRAM_V_3_load = load i10 %Matrix_A_BRAM_V_3_addr"   --->   Operation 234 'load' 'Matrix_A_BRAM_V_3_load' <Predicate = true> <Delay = 3.25> <CoreInst = "RAM">   --->   Core 82 'RAM' <Latency = 1> <II = 1> <Delay = 3.25> <Storage> <Opcode : 'load' 'store'> <Ports = 2> <Width = 16> <Depth = 1000> <RAM>
ST_3 : Operation 235 [4/4] (2.15ns) (root node of the DSP)   --->   "%mul_ln840_3 = mul i16 %Matrix_A_BRAM_V_3_load, i16 %tmp_7"   --->   Operation 235 'mul' 'mul_ln840_3' <Predicate = true> <Delay = 2.15> <CoreInst = "DSP48">   --->   Core 119 'DSP48' <Latency = 3> <II = 1> <Delay = 2.15> <IPBlock> <Opcode : 'mul' 'add' 'sub' 'select'> <InPorts = 0> <OutPorts = 1> <Sync> <CReg>
ST_3 : Operation 236 [2/2] (3.25ns)   --->   "%Matrix_A_BRAM_V_4_load = load i10 %Matrix_A_BRAM_V_4_addr"   --->   Operation 236 'load' 'Matrix_A_BRAM_V_4_load' <Predicate = true> <Delay = 3.25> <CoreInst = "RAM">   --->   Core 82 'RAM' <Latency = 1> <II = 1> <Delay = 3.25> <Storage> <Opcode : 'load' 'store'> <Ports = 2> <Width = 16> <Depth = 1000> <RAM>
ST_3 : Operation 237 [1/2] (3.25ns)   --->   "%Matrix_A_BRAM_V_5_load = load i10 %Matrix_A_BRAM_V_5_addr"   --->   Operation 237 'load' 'Matrix_A_BRAM_V_5_load' <Predicate = true> <Delay = 3.25> <CoreInst = "RAM">   --->   Core 82 'RAM' <Latency = 1> <II = 1> <Delay = 3.25> <Storage> <Opcode : 'load' 'store'> <Ports = 2> <Width = 16> <Depth = 1000> <RAM>
ST_3 : Operation 238 [4/4] (2.15ns) (root node of the DSP)   --->   "%mul_ln840_5 = mul i16 %Matrix_A_BRAM_V_5_load, i16 %tmp_s"   --->   Operation 238 'mul' 'mul_ln840_5' <Predicate = true> <Delay = 2.15> <CoreInst = "DSP48">   --->   Core 119 'DSP48' <Latency = 3> <II = 1> <Delay = 2.15> <IPBlock> <Opcode : 'mul' 'add' 'sub' 'select'> <InPorts = 0> <OutPorts = 1> <Sync> <CReg>
ST_3 : Operation 239 [2/2] (3.25ns)   --->   "%Matrix_A_BRAM_V_6_load = load i10 %Matrix_A_BRAM_V_6_addr"   --->   Operation 239 'load' 'Matrix_A_BRAM_V_6_load' <Predicate = true> <Delay = 3.25> <CoreInst = "RAM">   --->   Core 82 'RAM' <Latency = 1> <II = 1> <Delay = 3.25> <Storage> <Opcode : 'load' 'store'> <Ports = 2> <Width = 16> <Depth = 1000> <RAM>
ST_3 : Operation 240 [3/4] (2.15ns) (root node of the DSP)   --->   "%mul_ln840_7 = mul i16 %Matrix_A_BRAM_V_7_load, i16 %tmp_4"   --->   Operation 240 'mul' 'mul_ln840_7' <Predicate = true> <Delay = 2.15> <CoreInst = "DSP48">   --->   Core 119 'DSP48' <Latency = 3> <II = 1> <Delay = 2.15> <IPBlock> <Opcode : 'mul' 'add' 'sub' 'select'> <InPorts = 0> <OutPorts = 1> <Sync> <CReg>
ST_3 : Operation 241 [1/2] (3.25ns)   --->   "%Matrix_A_BRAM_V_8_load = load i10 %Matrix_A_BRAM_V_8_addr"   --->   Operation 241 'load' 'Matrix_A_BRAM_V_8_load' <Predicate = true> <Delay = 3.25> <CoreInst = "RAM">   --->   Core 82 'RAM' <Latency = 1> <II = 1> <Delay = 3.25> <Storage> <Opcode : 'load' 'store'> <Ports = 2> <Width = 16> <Depth = 1000> <RAM>
ST_3 : Operation 242 [3/3] (1.05ns) (grouped into DSP with root node add_ln840_6)   --->   "%mul_ln840_8 = mul i16 %Matrix_A_BRAM_V_8_load, i16 %tmp_6"   --->   Operation 242 'mul' 'mul_ln840_8' <Predicate = true> <Delay = 1.05> <CoreInst = "DSP48">   --->   Core 119 'DSP48' <Latency = 3> <II = 1> <Delay = 2.15> <IPBlock> <Opcode : 'mul' 'add' 'sub' 'select'> <InPorts = 0> <OutPorts = 1> <Sync> <CReg>
ST_3 : Operation 243 [1/2] (3.25ns)   --->   "%Matrix_A_BRAM_V_9_load = load i10 %Matrix_A_BRAM_V_9_addr"   --->   Operation 243 'load' 'Matrix_A_BRAM_V_9_load' <Predicate = true> <Delay = 3.25> <CoreInst = "RAM">   --->   Core 82 'RAM' <Latency = 1> <II = 1> <Delay = 3.25> <Storage> <Opcode : 'load' 'store'> <Ports = 2> <Width = 16> <Depth = 1000> <RAM>
ST_3 : Operation 244 [3/3] (1.05ns) (grouped into DSP with root node add_ln840_7)   --->   "%mul_ln840_9 = mul i16 %Matrix_A_BRAM_V_9_load, i16 %tmp_8"   --->   Operation 244 'mul' 'mul_ln840_9' <Predicate = true> <Delay = 1.05> <CoreInst = "DSP48">   --->   Core 119 'DSP48' <Latency = 3> <II = 1> <Delay = 2.15> <IPBlock> <Opcode : 'mul' 'add' 'sub' 'select'> <InPorts = 0> <OutPorts = 1> <Sync> <CReg>
ST_3 : Operation 245 [3/4] (2.15ns) (root node of the DSP)   --->   "%mul_ln840_10 = mul i16 %Matrix_A_BRAM_V_10_load, i16 %tmp_10"   --->   Operation 245 'mul' 'mul_ln840_10' <Predicate = true> <Delay = 2.15> <CoreInst = "DSP48">   --->   Core 119 'DSP48' <Latency = 3> <II = 1> <Delay = 2.15> <IPBlock> <Opcode : 'mul' 'add' 'sub' 'select'> <InPorts = 0> <OutPorts = 1> <Sync> <CReg>
ST_3 : Operation 246 [1/2] (3.25ns)   --->   "%Matrix_A_BRAM_V_11_load = load i10 %Matrix_A_BRAM_V_11_addr"   --->   Operation 246 'load' 'Matrix_A_BRAM_V_11_load' <Predicate = true> <Delay = 3.25> <CoreInst = "RAM">   --->   Core 82 'RAM' <Latency = 1> <II = 1> <Delay = 3.25> <Storage> <Opcode : 'load' 'store'> <Ports = 2> <Width = 16> <Depth = 1000> <RAM>
ST_3 : Operation 247 [3/3] (1.05ns) (grouped into DSP with root node add_ln840_9)   --->   "%mul_ln840_11 = mul i16 %Matrix_A_BRAM_V_11_load, i16 %tmp_11"   --->   Operation 247 'mul' 'mul_ln840_11' <Predicate = true> <Delay = 1.05> <CoreInst = "DSP48">   --->   Core 119 'DSP48' <Latency = 3> <II = 1> <Delay = 2.15> <IPBlock> <Opcode : 'mul' 'add' 'sub' 'select'> <InPorts = 0> <OutPorts = 1> <Sync> <CReg>
ST_3 : Operation 248 [3/4] (2.15ns) (root node of the DSP)   --->   "%mul_ln840_12 = mul i16 %Matrix_A_BRAM_V_12_load, i16 %tmp_12"   --->   Operation 248 'mul' 'mul_ln840_12' <Predicate = true> <Delay = 2.15> <CoreInst = "DSP48">   --->   Core 119 'DSP48' <Latency = 3> <II = 1> <Delay = 2.15> <IPBlock> <Opcode : 'mul' 'add' 'sub' 'select'> <InPorts = 0> <OutPorts = 1> <Sync> <CReg>
ST_3 : Operation 249 [2/2] (3.25ns)   --->   "%Matrix_A_BRAM_V_13_load = load i10 %Matrix_A_BRAM_V_13_addr"   --->   Operation 249 'load' 'Matrix_A_BRAM_V_13_load' <Predicate = true> <Delay = 3.25> <CoreInst = "RAM">   --->   Core 82 'RAM' <Latency = 1> <II = 1> <Delay = 3.25> <Storage> <Opcode : 'load' 'store'> <Ports = 2> <Width = 16> <Depth = 1000> <RAM>
ST_3 : Operation 250 [2/2] (3.25ns)   --->   "%Matrix_A_BRAM_V_14_load = load i10 %Matrix_A_BRAM_V_14_addr"   --->   Operation 250 'load' 'Matrix_A_BRAM_V_14_load' <Predicate = true> <Delay = 3.25> <CoreInst = "RAM">   --->   Core 82 'RAM' <Latency = 1> <II = 1> <Delay = 3.25> <Storage> <Opcode : 'load' 'store'> <Ports = 2> <Width = 16> <Depth = 1000> <RAM>

State 4 <SV = 3> <Delay = 4.30>
ST_4 : Operation 251 [1/2] (3.25ns)   --->   "%Matrix_A_BRAM_V_load = load i10 %Matrix_A_BRAM_V_addr"   --->   Operation 251 'load' 'Matrix_A_BRAM_V_load' <Predicate = true> <Delay = 3.25> <CoreInst = "RAM">   --->   Core 82 'RAM' <Latency = 1> <II = 1> <Delay = 3.25> <Storage> <Opcode : 'load' 'store'> <Ports = 2> <Width = 16> <Depth = 1000> <RAM>
ST_4 : Operation 252 [3/3] (1.05ns) (grouped into DSP with root node add_ln840_1)   --->   "%mul_ln840 = mul i16 %Matrix_A_BRAM_V_load, i16 %tmp_1"   --->   Operation 252 'mul' 'mul_ln840' <Predicate = true> <Delay = 1.05> <CoreInst = "DSP48">   --->   Core 119 'DSP48' <Latency = 3> <II = 1> <Delay = 2.15> <IPBlock> <Opcode : 'mul' 'add' 'sub' 'select'> <InPorts = 0> <OutPorts = 1> <Sync> <CReg>
ST_4 : Operation 253 [2/4] (2.15ns) (root node of the DSP)   --->   "%mul_ln840_1 = mul i16 %Matrix_A_BRAM_V_1_load, i16 %tmp_3"   --->   Operation 253 'mul' 'mul_ln840_1' <Predicate = true> <Delay = 2.15> <CoreInst = "DSP48">   --->   Core 119 'DSP48' <Latency = 3> <II = 1> <Delay = 2.15> <IPBlock> <Opcode : 'mul' 'add' 'sub' 'select'> <InPorts = 0> <OutPorts = 1> <Sync> <CReg>
ST_4 : Operation 254 [2/3] (1.05ns) (grouped into DSP with root node add_ln840)   --->   "%mul_ln840_2 = mul i16 %Matrix_A_BRAM_V_2_load, i16 %tmp_5"   --->   Operation 254 'mul' 'mul_ln840_2' <Predicate = true> <Delay = 1.05> <CoreInst = "DSP48">   --->   Core 119 'DSP48' <Latency = 3> <II = 1> <Delay = 2.15> <IPBlock> <Opcode : 'mul' 'add' 'sub' 'select'> <InPorts = 0> <OutPorts = 1> <Sync> <CReg>
ST_4 : Operation 255 [3/4] (2.15ns) (root node of the DSP)   --->   "%mul_ln840_3 = mul i16 %Matrix_A_BRAM_V_3_load, i16 %tmp_7"   --->   Operation 255 'mul' 'mul_ln840_3' <Predicate = true> <Delay = 2.15> <CoreInst = "DSP48">   --->   Core 119 'DSP48' <Latency = 3> <II = 1> <Delay = 2.15> <IPBlock> <Opcode : 'mul' 'add' 'sub' 'select'> <InPorts = 0> <OutPorts = 1> <Sync> <CReg>
ST_4 : Operation 256 [1/2] (3.25ns)   --->   "%Matrix_A_BRAM_V_4_load = load i10 %Matrix_A_BRAM_V_4_addr"   --->   Operation 256 'load' 'Matrix_A_BRAM_V_4_load' <Predicate = true> <Delay = 3.25> <CoreInst = "RAM">   --->   Core 82 'RAM' <Latency = 1> <II = 1> <Delay = 3.25> <Storage> <Opcode : 'load' 'store'> <Ports = 2> <Width = 16> <Depth = 1000> <RAM>
ST_4 : Operation 257 [3/3] (1.05ns) (grouped into DSP with root node add_ln840_2)   --->   "%mul_ln840_4 = mul i16 %Matrix_A_BRAM_V_4_load, i16 %tmp_9"   --->   Operation 257 'mul' 'mul_ln840_4' <Predicate = true> <Delay = 1.05> <CoreInst = "DSP48">   --->   Core 119 'DSP48' <Latency = 3> <II = 1> <Delay = 2.15> <IPBlock> <Opcode : 'mul' 'add' 'sub' 'select'> <InPorts = 0> <OutPorts = 1> <Sync> <CReg>
ST_4 : Operation 258 [3/4] (2.15ns) (root node of the DSP)   --->   "%mul_ln840_5 = mul i16 %Matrix_A_BRAM_V_5_load, i16 %tmp_s"   --->   Operation 258 'mul' 'mul_ln840_5' <Predicate = true> <Delay = 2.15> <CoreInst = "DSP48">   --->   Core 119 'DSP48' <Latency = 3> <II = 1> <Delay = 2.15> <IPBlock> <Opcode : 'mul' 'add' 'sub' 'select'> <InPorts = 0> <OutPorts = 1> <Sync> <CReg>
ST_4 : Operation 259 [1/2] (3.25ns)   --->   "%Matrix_A_BRAM_V_6_load = load i10 %Matrix_A_BRAM_V_6_addr"   --->   Operation 259 'load' 'Matrix_A_BRAM_V_6_load' <Predicate = true> <Delay = 3.25> <CoreInst = "RAM">   --->   Core 82 'RAM' <Latency = 1> <II = 1> <Delay = 3.25> <Storage> <Opcode : 'load' 'store'> <Ports = 2> <Width = 16> <Depth = 1000> <RAM>
ST_4 : Operation 260 [3/3] (1.05ns) (grouped into DSP with root node add_ln840_3)   --->   "%mul_ln840_6 = mul i16 %Matrix_A_BRAM_V_6_load, i16 %tmp_2"   --->   Operation 260 'mul' 'mul_ln840_6' <Predicate = true> <Delay = 1.05> <CoreInst = "DSP48">   --->   Core 119 'DSP48' <Latency = 3> <II = 1> <Delay = 2.15> <IPBlock> <Opcode : 'mul' 'add' 'sub' 'select'> <InPorts = 0> <OutPorts = 1> <Sync> <CReg>
ST_4 : Operation 261 [2/4] (2.15ns) (root node of the DSP)   --->   "%mul_ln840_7 = mul i16 %Matrix_A_BRAM_V_7_load, i16 %tmp_4"   --->   Operation 261 'mul' 'mul_ln840_7' <Predicate = true> <Delay = 2.15> <CoreInst = "DSP48">   --->   Core 119 'DSP48' <Latency = 3> <II = 1> <Delay = 2.15> <IPBlock> <Opcode : 'mul' 'add' 'sub' 'select'> <InPorts = 0> <OutPorts = 1> <Sync> <CReg>
ST_4 : Operation 262 [2/3] (1.05ns) (grouped into DSP with root node add_ln840_6)   --->   "%mul_ln840_8 = mul i16 %Matrix_A_BRAM_V_8_load, i16 %tmp_6"   --->   Operation 262 'mul' 'mul_ln840_8' <Predicate = true> <Delay = 1.05> <CoreInst = "DSP48">   --->   Core 119 'DSP48' <Latency = 3> <II = 1> <Delay = 2.15> <IPBlock> <Opcode : 'mul' 'add' 'sub' 'select'> <InPorts = 0> <OutPorts = 1> <Sync> <CReg>
ST_4 : Operation 263 [2/3] (1.05ns) (grouped into DSP with root node add_ln840_7)   --->   "%mul_ln840_9 = mul i16 %Matrix_A_BRAM_V_9_load, i16 %tmp_8"   --->   Operation 263 'mul' 'mul_ln840_9' <Predicate = true> <Delay = 1.05> <CoreInst = "DSP48">   --->   Core 119 'DSP48' <Latency = 3> <II = 1> <Delay = 2.15> <IPBlock> <Opcode : 'mul' 'add' 'sub' 'select'> <InPorts = 0> <OutPorts = 1> <Sync> <CReg>
ST_4 : Operation 264 [2/4] (2.15ns) (root node of the DSP)   --->   "%mul_ln840_10 = mul i16 %Matrix_A_BRAM_V_10_load, i16 %tmp_10"   --->   Operation 264 'mul' 'mul_ln840_10' <Predicate = true> <Delay = 2.15> <CoreInst = "DSP48">   --->   Core 119 'DSP48' <Latency = 3> <II = 1> <Delay = 2.15> <IPBlock> <Opcode : 'mul' 'add' 'sub' 'select'> <InPorts = 0> <OutPorts = 1> <Sync> <CReg>
ST_4 : Operation 265 [2/3] (1.05ns) (grouped into DSP with root node add_ln840_9)   --->   "%mul_ln840_11 = mul i16 %Matrix_A_BRAM_V_11_load, i16 %tmp_11"   --->   Operation 265 'mul' 'mul_ln840_11' <Predicate = true> <Delay = 1.05> <CoreInst = "DSP48">   --->   Core 119 'DSP48' <Latency = 3> <II = 1> <Delay = 2.15> <IPBlock> <Opcode : 'mul' 'add' 'sub' 'select'> <InPorts = 0> <OutPorts = 1> <Sync> <CReg>
ST_4 : Operation 266 [2/4] (2.15ns) (root node of the DSP)   --->   "%mul_ln840_12 = mul i16 %Matrix_A_BRAM_V_12_load, i16 %tmp_12"   --->   Operation 266 'mul' 'mul_ln840_12' <Predicate = true> <Delay = 2.15> <CoreInst = "DSP48">   --->   Core 119 'DSP48' <Latency = 3> <II = 1> <Delay = 2.15> <IPBlock> <Opcode : 'mul' 'add' 'sub' 'select'> <InPorts = 0> <OutPorts = 1> <Sync> <CReg>
ST_4 : Operation 267 [1/2] (3.25ns)   --->   "%Matrix_A_BRAM_V_13_load = load i10 %Matrix_A_BRAM_V_13_addr"   --->   Operation 267 'load' 'Matrix_A_BRAM_V_13_load' <Predicate = true> <Delay = 3.25> <CoreInst = "RAM">   --->   Core 82 'RAM' <Latency = 1> <II = 1> <Delay = 3.25> <Storage> <Opcode : 'load' 'store'> <Ports = 2> <Width = 16> <Depth = 1000> <RAM>
ST_4 : Operation 268 [3/3] (1.05ns) (grouped into DSP with root node add_ln840_10)   --->   "%mul_ln840_13 = mul i16 %Matrix_A_BRAM_V_13_load, i16 %tmp_13"   --->   Operation 268 'mul' 'mul_ln840_13' <Predicate = true> <Delay = 1.05> <CoreInst = "DSP48">   --->   Core 119 'DSP48' <Latency = 3> <II = 1> <Delay = 2.15> <IPBlock> <Opcode : 'mul' 'add' 'sub' 'select'> <InPorts = 0> <OutPorts = 1> <Sync> <CReg>
ST_4 : Operation 269 [1/2] (3.25ns)   --->   "%Matrix_A_BRAM_V_14_load = load i10 %Matrix_A_BRAM_V_14_addr"   --->   Operation 269 'load' 'Matrix_A_BRAM_V_14_load' <Predicate = true> <Delay = 3.25> <CoreInst = "RAM">   --->   Core 82 'RAM' <Latency = 1> <II = 1> <Delay = 3.25> <Storage> <Opcode : 'load' 'store'> <Ports = 2> <Width = 16> <Depth = 1000> <RAM>
ST_4 : Operation 270 [3/3] (1.05ns) (grouped into DSP with root node add_ln840_11)   --->   "%mul_ln840_14 = mul i16 %Matrix_A_BRAM_V_14_load, i16 %tmp_14"   --->   Operation 270 'mul' 'mul_ln840_14' <Predicate = true> <Delay = 1.05> <CoreInst = "DSP48">   --->   Core 119 'DSP48' <Latency = 3> <II = 1> <Delay = 2.15> <IPBlock> <Opcode : 'mul' 'add' 'sub' 'select'> <InPorts = 0> <OutPorts = 1> <Sync> <CReg>

State 5 <SV = 4> <Delay = 2.15>
ST_5 : Operation 271 [2/3] (1.05ns) (grouped into DSP with root node add_ln840_1)   --->   "%mul_ln840 = mul i16 %Matrix_A_BRAM_V_load, i16 %tmp_1"   --->   Operation 271 'mul' 'mul_ln840' <Predicate = true> <Delay = 1.05> <CoreInst = "DSP48">   --->   Core 119 'DSP48' <Latency = 3> <II = 1> <Delay = 2.15> <IPBlock> <Opcode : 'mul' 'add' 'sub' 'select'> <InPorts = 0> <OutPorts = 1> <Sync> <CReg>
ST_5 : Operation 272 [1/4] (0.00ns) (root node of the DSP)   --->   "%mul_ln840_1 = mul i16 %Matrix_A_BRAM_V_1_load, i16 %tmp_3"   --->   Operation 272 'mul' 'mul_ln840_1' <Predicate = true> <Delay = 0.00> <CoreInst = "DSP48">   --->   Core 119 'DSP48' <Latency = 3> <II = 1> <Delay = 2.15> <IPBlock> <Opcode : 'mul' 'add' 'sub' 'select'> <InPorts = 0> <OutPorts = 1> <Sync> <CReg>
ST_5 : Operation 273 [1/3] (0.00ns) (grouped into DSP with root node add_ln840)   --->   "%mul_ln840_2 = mul i16 %Matrix_A_BRAM_V_2_load, i16 %tmp_5"   --->   Operation 273 'mul' 'mul_ln840_2' <Predicate = true> <Delay = 0.00> <CoreInst = "DSP48">   --->   Core 119 'DSP48' <Latency = 3> <II = 1> <Delay = 2.15> <IPBlock> <Opcode : 'mul' 'add' 'sub' 'select'> <InPorts = 0> <OutPorts = 1> <Sync> <CReg>
ST_5 : Operation 274 [2/4] (2.15ns) (root node of the DSP)   --->   "%mul_ln840_3 = mul i16 %Matrix_A_BRAM_V_3_load, i16 %tmp_7"   --->   Operation 274 'mul' 'mul_ln840_3' <Predicate = true> <Delay = 2.15> <CoreInst = "DSP48">   --->   Core 119 'DSP48' <Latency = 3> <II = 1> <Delay = 2.15> <IPBlock> <Opcode : 'mul' 'add' 'sub' 'select'> <InPorts = 0> <OutPorts = 1> <Sync> <CReg>
ST_5 : Operation 275 [2/3] (1.05ns) (grouped into DSP with root node add_ln840_2)   --->   "%mul_ln840_4 = mul i16 %Matrix_A_BRAM_V_4_load, i16 %tmp_9"   --->   Operation 275 'mul' 'mul_ln840_4' <Predicate = true> <Delay = 1.05> <CoreInst = "DSP48">   --->   Core 119 'DSP48' <Latency = 3> <II = 1> <Delay = 2.15> <IPBlock> <Opcode : 'mul' 'add' 'sub' 'select'> <InPorts = 0> <OutPorts = 1> <Sync> <CReg>
ST_5 : Operation 276 [2/4] (2.15ns) (root node of the DSP)   --->   "%mul_ln840_5 = mul i16 %Matrix_A_BRAM_V_5_load, i16 %tmp_s"   --->   Operation 276 'mul' 'mul_ln840_5' <Predicate = true> <Delay = 2.15> <CoreInst = "DSP48">   --->   Core 119 'DSP48' <Latency = 3> <II = 1> <Delay = 2.15> <IPBlock> <Opcode : 'mul' 'add' 'sub' 'select'> <InPorts = 0> <OutPorts = 1> <Sync> <CReg>
ST_5 : Operation 277 [2/3] (1.05ns) (grouped into DSP with root node add_ln840_3)   --->   "%mul_ln840_6 = mul i16 %Matrix_A_BRAM_V_6_load, i16 %tmp_2"   --->   Operation 277 'mul' 'mul_ln840_6' <Predicate = true> <Delay = 1.05> <CoreInst = "DSP48">   --->   Core 119 'DSP48' <Latency = 3> <II = 1> <Delay = 2.15> <IPBlock> <Opcode : 'mul' 'add' 'sub' 'select'> <InPorts = 0> <OutPorts = 1> <Sync> <CReg>
ST_5 : Operation 278 [1/4] (0.00ns) (root node of the DSP)   --->   "%mul_ln840_7 = mul i16 %Matrix_A_BRAM_V_7_load, i16 %tmp_4"   --->   Operation 278 'mul' 'mul_ln840_7' <Predicate = true> <Delay = 0.00> <CoreInst = "DSP48">   --->   Core 119 'DSP48' <Latency = 3> <II = 1> <Delay = 2.15> <IPBlock> <Opcode : 'mul' 'add' 'sub' 'select'> <InPorts = 0> <OutPorts = 1> <Sync> <CReg>
ST_5 : Operation 279 [1/3] (0.00ns) (grouped into DSP with root node add_ln840_6)   --->   "%mul_ln840_8 = mul i16 %Matrix_A_BRAM_V_8_load, i16 %tmp_6"   --->   Operation 279 'mul' 'mul_ln840_8' <Predicate = true> <Delay = 0.00> <CoreInst = "DSP48">   --->   Core 119 'DSP48' <Latency = 3> <II = 1> <Delay = 2.15> <IPBlock> <Opcode : 'mul' 'add' 'sub' 'select'> <InPorts = 0> <OutPorts = 1> <Sync> <CReg>
ST_5 : Operation 280 [1/3] (0.00ns) (grouped into DSP with root node add_ln840_7)   --->   "%mul_ln840_9 = mul i16 %Matrix_A_BRAM_V_9_load, i16 %tmp_8"   --->   Operation 280 'mul' 'mul_ln840_9' <Predicate = true> <Delay = 0.00> <CoreInst = "DSP48">   --->   Core 119 'DSP48' <Latency = 3> <II = 1> <Delay = 2.15> <IPBlock> <Opcode : 'mul' 'add' 'sub' 'select'> <InPorts = 0> <OutPorts = 1> <Sync> <CReg>
ST_5 : Operation 281 [1/4] (0.00ns) (root node of the DSP)   --->   "%mul_ln840_10 = mul i16 %Matrix_A_BRAM_V_10_load, i16 %tmp_10"   --->   Operation 281 'mul' 'mul_ln840_10' <Predicate = true> <Delay = 0.00> <CoreInst = "DSP48">   --->   Core 119 'DSP48' <Latency = 3> <II = 1> <Delay = 2.15> <IPBlock> <Opcode : 'mul' 'add' 'sub' 'select'> <InPorts = 0> <OutPorts = 1> <Sync> <CReg>
ST_5 : Operation 282 [1/3] (0.00ns) (grouped into DSP with root node add_ln840_9)   --->   "%mul_ln840_11 = mul i16 %Matrix_A_BRAM_V_11_load, i16 %tmp_11"   --->   Operation 282 'mul' 'mul_ln840_11' <Predicate = true> <Delay = 0.00> <CoreInst = "DSP48">   --->   Core 119 'DSP48' <Latency = 3> <II = 1> <Delay = 2.15> <IPBlock> <Opcode : 'mul' 'add' 'sub' 'select'> <InPorts = 0> <OutPorts = 1> <Sync> <CReg>
ST_5 : Operation 283 [1/4] (0.00ns) (root node of the DSP)   --->   "%mul_ln840_12 = mul i16 %Matrix_A_BRAM_V_12_load, i16 %tmp_12"   --->   Operation 283 'mul' 'mul_ln840_12' <Predicate = true> <Delay = 0.00> <CoreInst = "DSP48">   --->   Core 119 'DSP48' <Latency = 3> <II = 1> <Delay = 2.15> <IPBlock> <Opcode : 'mul' 'add' 'sub' 'select'> <InPorts = 0> <OutPorts = 1> <Sync> <CReg>
ST_5 : Operation 284 [2/3] (1.05ns) (grouped into DSP with root node add_ln840_10)   --->   "%mul_ln840_13 = mul i16 %Matrix_A_BRAM_V_13_load, i16 %tmp_13"   --->   Operation 284 'mul' 'mul_ln840_13' <Predicate = true> <Delay = 1.05> <CoreInst = "DSP48">   --->   Core 119 'DSP48' <Latency = 3> <II = 1> <Delay = 2.15> <IPBlock> <Opcode : 'mul' 'add' 'sub' 'select'> <InPorts = 0> <OutPorts = 1> <Sync> <CReg>
ST_5 : Operation 285 [2/3] (1.05ns) (grouped into DSP with root node add_ln840_11)   --->   "%mul_ln840_14 = mul i16 %Matrix_A_BRAM_V_14_load, i16 %tmp_14"   --->   Operation 285 'mul' 'mul_ln840_14' <Predicate = true> <Delay = 1.05> <CoreInst = "DSP48">   --->   Core 119 'DSP48' <Latency = 3> <II = 1> <Delay = 2.15> <IPBlock> <Opcode : 'mul' 'add' 'sub' 'select'> <InPorts = 0> <OutPorts = 1> <Sync> <CReg>
ST_5 : Operation 286 [2/2] (2.10ns) (root node of the DSP)   --->   "%add_ln840 = add i16 %mul_ln840_1, i16 %mul_ln840_2"   --->   Operation 286 'add' 'add_ln840' <Predicate = true> <Delay = 2.10> <CoreInst = "DSP48">   --->   Core 119 'DSP48' <Latency = 3> <II = 1> <Delay = 2.15> <IPBlock> <Opcode : 'mul' 'add' 'sub' 'select'> <InPorts = 0> <OutPorts = 1> <Sync> <CReg>
ST_5 : Operation 287 [2/2] (2.10ns) (root node of the DSP)   --->   "%add_ln840_6 = add i16 %mul_ln840_7, i16 %mul_ln840_8"   --->   Operation 287 'add' 'add_ln840_6' <Predicate = true> <Delay = 2.10> <CoreInst = "DSP48">   --->   Core 119 'DSP48' <Latency = 3> <II = 1> <Delay = 2.15> <IPBlock> <Opcode : 'mul' 'add' 'sub' 'select'> <InPorts = 0> <OutPorts = 1> <Sync> <CReg>
ST_5 : Operation 288 [2/2] (2.10ns) (root node of the DSP)   --->   "%add_ln840_7 = add i16 %mul_ln840_10, i16 %mul_ln840_9"   --->   Operation 288 'add' 'add_ln840_7' <Predicate = true> <Delay = 2.10> <CoreInst = "DSP48">   --->   Core 119 'DSP48' <Latency = 3> <II = 1> <Delay = 2.15> <IPBlock> <Opcode : 'mul' 'add' 'sub' 'select'> <InPorts = 0> <OutPorts = 1> <Sync> <CReg>
ST_5 : Operation 289 [2/2] (2.10ns) (root node of the DSP)   --->   "%add_ln840_9 = add i16 %mul_ln840_12, i16 %mul_ln840_11"   --->   Operation 289 'add' 'add_ln840_9' <Predicate = true> <Delay = 2.10> <CoreInst = "DSP48">   --->   Core 119 'DSP48' <Latency = 3> <II = 1> <Delay = 2.15> <IPBlock> <Opcode : 'mul' 'add' 'sub' 'select'> <InPorts = 0> <OutPorts = 1> <Sync> <CReg>

State 6 <SV = 5> <Delay = 6.27>
ST_6 : Operation 290 [1/3] (0.00ns) (grouped into DSP with root node add_ln840_1)   --->   "%mul_ln840 = mul i16 %Matrix_A_BRAM_V_load, i16 %tmp_1"   --->   Operation 290 'mul' 'mul_ln840' <Predicate = true> <Delay = 0.00> <CoreInst = "DSP48">   --->   Core 119 'DSP48' <Latency = 3> <II = 1> <Delay = 2.15> <IPBlock> <Opcode : 'mul' 'add' 'sub' 'select'> <InPorts = 0> <OutPorts = 1> <Sync> <CReg>
ST_6 : Operation 291 [1/4] (0.00ns) (root node of the DSP)   --->   "%mul_ln840_3 = mul i16 %Matrix_A_BRAM_V_3_load, i16 %tmp_7"   --->   Operation 291 'mul' 'mul_ln840_3' <Predicate = true> <Delay = 0.00> <CoreInst = "DSP48">   --->   Core 119 'DSP48' <Latency = 3> <II = 1> <Delay = 2.15> <IPBlock> <Opcode : 'mul' 'add' 'sub' 'select'> <InPorts = 0> <OutPorts = 1> <Sync> <CReg>
ST_6 : Operation 292 [1/3] (0.00ns) (grouped into DSP with root node add_ln840_2)   --->   "%mul_ln840_4 = mul i16 %Matrix_A_BRAM_V_4_load, i16 %tmp_9"   --->   Operation 292 'mul' 'mul_ln840_4' <Predicate = true> <Delay = 0.00> <CoreInst = "DSP48">   --->   Core 119 'DSP48' <Latency = 3> <II = 1> <Delay = 2.15> <IPBlock> <Opcode : 'mul' 'add' 'sub' 'select'> <InPorts = 0> <OutPorts = 1> <Sync> <CReg>
ST_6 : Operation 293 [1/4] (0.00ns) (root node of the DSP)   --->   "%mul_ln840_5 = mul i16 %Matrix_A_BRAM_V_5_load, i16 %tmp_s"   --->   Operation 293 'mul' 'mul_ln840_5' <Predicate = true> <Delay = 0.00> <CoreInst = "DSP48">   --->   Core 119 'DSP48' <Latency = 3> <II = 1> <Delay = 2.15> <IPBlock> <Opcode : 'mul' 'add' 'sub' 'select'> <InPorts = 0> <OutPorts = 1> <Sync> <CReg>
ST_6 : Operation 294 [1/3] (0.00ns) (grouped into DSP with root node add_ln840_3)   --->   "%mul_ln840_6 = mul i16 %Matrix_A_BRAM_V_6_load, i16 %tmp_2"   --->   Operation 294 'mul' 'mul_ln840_6' <Predicate = true> <Delay = 0.00> <CoreInst = "DSP48">   --->   Core 119 'DSP48' <Latency = 3> <II = 1> <Delay = 2.15> <IPBlock> <Opcode : 'mul' 'add' 'sub' 'select'> <InPorts = 0> <OutPorts = 1> <Sync> <CReg>
ST_6 : Operation 295 [1/3] (0.00ns) (grouped into DSP with root node add_ln840_10)   --->   "%mul_ln840_13 = mul i16 %Matrix_A_BRAM_V_13_load, i16 %tmp_13"   --->   Operation 295 'mul' 'mul_ln840_13' <Predicate = true> <Delay = 0.00> <CoreInst = "DSP48">   --->   Core 119 'DSP48' <Latency = 3> <II = 1> <Delay = 2.15> <IPBlock> <Opcode : 'mul' 'add' 'sub' 'select'> <InPorts = 0> <OutPorts = 1> <Sync> <CReg>
ST_6 : Operation 296 [1/3] (0.00ns) (grouped into DSP with root node add_ln840_11)   --->   "%mul_ln840_14 = mul i16 %Matrix_A_BRAM_V_14_load, i16 %tmp_14"   --->   Operation 296 'mul' 'mul_ln840_14' <Predicate = true> <Delay = 0.00> <CoreInst = "DSP48">   --->   Core 119 'DSP48' <Latency = 3> <II = 1> <Delay = 2.15> <IPBlock> <Opcode : 'mul' 'add' 'sub' 'select'> <InPorts = 0> <OutPorts = 1> <Sync> <CReg>
ST_6 : Operation 297 [1/2] (2.10ns) (root node of the DSP)   --->   "%add_ln840 = add i16 %mul_ln840_1, i16 %mul_ln840_2"   --->   Operation 297 'add' 'add_ln840' <Predicate = true> <Delay = 2.10> <CoreInst = "DSP48">   --->   Core 119 'DSP48' <Latency = 3> <II = 1> <Delay = 2.15> <IPBlock> <Opcode : 'mul' 'add' 'sub' 'select'> <InPorts = 0> <OutPorts = 1> <Sync> <CReg>
ST_6 : Operation 298 [2/2] (2.10ns) (root node of the DSP)   --->   "%add_ln840_1 = add i16 %add_ln840, i16 %mul_ln840"   --->   Operation 298 'add' 'add_ln840_1' <Predicate = true> <Delay = 2.10> <CoreInst = "DSP48">   --->   Core 119 'DSP48' <Latency = 3> <II = 1> <Delay = 2.15> <IPBlock> <Opcode : 'mul' 'add' 'sub' 'select'> <InPorts = 0> <OutPorts = 1> <Sync> <CReg>
ST_6 : Operation 299 [2/2] (2.10ns) (root node of the DSP)   --->   "%add_ln840_2 = add i16 %mul_ln840_3, i16 %mul_ln840_4"   --->   Operation 299 'add' 'add_ln840_2' <Predicate = true> <Delay = 2.10> <CoreInst = "DSP48">   --->   Core 119 'DSP48' <Latency = 3> <II = 1> <Delay = 2.15> <IPBlock> <Opcode : 'mul' 'add' 'sub' 'select'> <InPorts = 0> <OutPorts = 1> <Sync> <CReg>
ST_6 : Operation 300 [2/2] (2.10ns) (root node of the DSP)   --->   "%add_ln840_3 = add i16 %mul_ln840_5, i16 %mul_ln840_6"   --->   Operation 300 'add' 'add_ln840_3' <Predicate = true> <Delay = 2.10> <CoreInst = "DSP48">   --->   Core 119 'DSP48' <Latency = 3> <II = 1> <Delay = 2.15> <IPBlock> <Opcode : 'mul' 'add' 'sub' 'select'> <InPorts = 0> <OutPorts = 1> <Sync> <CReg>
ST_6 : Operation 301 [1/2] (2.10ns) (root node of the DSP)   --->   "%add_ln840_6 = add i16 %mul_ln840_7, i16 %mul_ln840_8"   --->   Operation 301 'add' 'add_ln840_6' <Predicate = true> <Delay = 2.10> <CoreInst = "DSP48">   --->   Core 119 'DSP48' <Latency = 3> <II = 1> <Delay = 2.15> <IPBlock> <Opcode : 'mul' 'add' 'sub' 'select'> <InPorts = 0> <OutPorts = 1> <Sync> <CReg>
ST_6 : Operation 302 [1/2] (2.10ns) (root node of the DSP)   --->   "%add_ln840_7 = add i16 %mul_ln840_10, i16 %mul_ln840_9"   --->   Operation 302 'add' 'add_ln840_7' <Predicate = true> <Delay = 2.10> <CoreInst = "DSP48">   --->   Core 119 'DSP48' <Latency = 3> <II = 1> <Delay = 2.15> <IPBlock> <Opcode : 'mul' 'add' 'sub' 'select'> <InPorts = 0> <OutPorts = 1> <Sync> <CReg>
ST_6 : Operation 303 [1/2] (2.10ns) (root node of the DSP)   --->   "%add_ln840_9 = add i16 %mul_ln840_12, i16 %mul_ln840_11"   --->   Operation 303 'add' 'add_ln840_9' <Predicate = true> <Delay = 2.10> <CoreInst = "DSP48">   --->   Core 119 'DSP48' <Latency = 3> <II = 1> <Delay = 2.15> <IPBlock> <Opcode : 'mul' 'add' 'sub' 'select'> <InPorts = 0> <OutPorts = 1> <Sync> <CReg>
ST_6 : Operation 304 [2/2] (2.10ns) (root node of the DSP)   --->   "%add_ln840_10 = add i16 %add_ln840_9, i16 %mul_ln840_13"   --->   Operation 304 'add' 'add_ln840_10' <Predicate = true> <Delay = 2.10> <CoreInst = "DSP48">   --->   Core 119 'DSP48' <Latency = 3> <II = 1> <Delay = 2.15> <IPBlock> <Opcode : 'mul' 'add' 'sub' 'select'> <InPorts = 0> <OutPorts = 1> <Sync> <CReg>
ST_6 : Operation 305 [1/1] (2.07ns)   --->   "%add_ln840_8 = add i16 %add_ln840_7, i16 %add_ln840_6"   --->   Operation 305 'add' 'add_ln840_8' <Predicate = true> <Delay = 2.07> <CoreInst = "Adder">   --->   Core 1 'Adder' <Latency = 0> <II = 1> <Delay = 2.07> <FuncUnit> <Opcode : 'add' 'sub'> <InPorts = 2> <OutPorts = 1>
ST_6 : Operation 306 [2/2] (2.10ns) (root node of the DSP)   --->   "%add_ln840_11 = add i16 %add_ln840_8, i16 %mul_ln840_14"   --->   Operation 306 'add' 'add_ln840_11' <Predicate = true> <Delay = 2.10> <CoreInst = "DSP48">   --->   Core 119 'DSP48' <Latency = 3> <II = 1> <Delay = 2.15> <IPBlock> <Opcode : 'mul' 'add' 'sub' 'select'> <InPorts = 0> <OutPorts = 1> <Sync> <CReg>

State 7 <SV = 6> <Delay = 6.00>
ST_7 : Operation 307 [1/2] (2.10ns) (root node of the DSP)   --->   "%add_ln840_1 = add i16 %add_ln840, i16 %mul_ln840"   --->   Operation 307 'add' 'add_ln840_1' <Predicate = true> <Delay = 2.10> <CoreInst = "DSP48">   --->   Core 119 'DSP48' <Latency = 3> <II = 1> <Delay = 2.15> <IPBlock> <Opcode : 'mul' 'add' 'sub' 'select'> <InPorts = 0> <OutPorts = 1> <Sync> <CReg>
ST_7 : Operation 308 [1/2] (2.10ns) (root node of the DSP)   --->   "%add_ln840_2 = add i16 %mul_ln840_3, i16 %mul_ln840_4"   --->   Operation 308 'add' 'add_ln840_2' <Predicate = true> <Delay = 2.10> <CoreInst = "DSP48">   --->   Core 119 'DSP48' <Latency = 3> <II = 1> <Delay = 2.15> <IPBlock> <Opcode : 'mul' 'add' 'sub' 'select'> <InPorts = 0> <OutPorts = 1> <Sync> <CReg>
ST_7 : Operation 309 [1/2] (2.10ns) (root node of the DSP)   --->   "%add_ln840_3 = add i16 %mul_ln840_5, i16 %mul_ln840_6"   --->   Operation 309 'add' 'add_ln840_3' <Predicate = true> <Delay = 2.10> <CoreInst = "DSP48">   --->   Core 119 'DSP48' <Latency = 3> <II = 1> <Delay = 2.15> <IPBlock> <Opcode : 'mul' 'add' 'sub' 'select'> <InPorts = 0> <OutPorts = 1> <Sync> <CReg>
ST_7 : Operation 310 [1/1] (0.00ns) (grouped into TernaryAdder)   --->   "%add_ln840_4 = add i16 %add_ln840_3, i16 %add_ln840_2"   --->   Operation 310 'add' 'add_ln840_4' <Predicate = true> <Delay = 0.00> <CoreInst = "TAddSub">   --->   Core 10 'TAddSub' <Latency = 0> <II = 1> <Delay = 1.95> <IPBlock> <Opcode : 'add' 'sub'> <InPorts = 3> <OutPorts = 1> <Sync> <CReg>
ST_7 : Operation 311 [1/1] (3.90ns) (root node of TernaryAdder)   --->   "%add_ln840_5 = add i16 %add_ln840_4, i16 %add_ln840_1"   --->   Operation 311 'add' 'add_ln840_5' <Predicate = true> <Delay = 3.90> <CoreInst = "TAddSub">   --->   Core 10 'TAddSub' <Latency = 0> <II = 1> <Delay = 1.95> <IPBlock> <Opcode : 'add' 'sub'> <InPorts = 3> <OutPorts = 1> <Sync> <CReg>
ST_7 : Operation 312 [1/2] (2.10ns) (root node of the DSP)   --->   "%add_ln840_10 = add i16 %add_ln840_9, i16 %mul_ln840_13"   --->   Operation 312 'add' 'add_ln840_10' <Predicate = true> <Delay = 2.10> <CoreInst = "DSP48">   --->   Core 119 'DSP48' <Latency = 3> <II = 1> <Delay = 2.15> <IPBlock> <Opcode : 'mul' 'add' 'sub' 'select'> <InPorts = 0> <OutPorts = 1> <Sync> <CReg>
ST_7 : Operation 313 [1/2] (2.10ns) (root node of the DSP)   --->   "%add_ln840_11 = add i16 %add_ln840_8, i16 %mul_ln840_14"   --->   Operation 313 'add' 'add_ln840_11' <Predicate = true> <Delay = 2.10> <CoreInst = "DSP48">   --->   Core 119 'DSP48' <Latency = 3> <II = 1> <Delay = 2.15> <IPBlock> <Opcode : 'mul' 'add' 'sub' 'select'> <InPorts = 0> <OutPorts = 1> <Sync> <CReg>
ST_7 : Operation 314 [1/1] (2.07ns)   --->   "%add_ln840_12 = add i16 %add_ln840_11, i16 %add_ln840_10"   --->   Operation 314 'add' 'add_ln840_12' <Predicate = true> <Delay = 2.07> <CoreInst = "Adder">   --->   Core 1 'Adder' <Latency = 0> <II = 1> <Delay = 2.07> <FuncUnit> <Opcode : 'add' 'sub'> <InPorts = 2> <OutPorts = 1>
ST_7 : Operation 322 [1/1] (0.00ns)   --->   "%conv3_i_1488_load_1 = load i16 %conv3_i_1488"   --->   Operation 322 'load' 'conv3_i_1488_load_1' <Predicate = (icmp_ln61)> <Delay = 0.00>
ST_7 : Operation 323 [1/1] (0.00ns)   --->   "%write_ln0 = write void @_ssdm_op_Write.ap_auto.i16P0A, i16 %conv3_i_1488_out, i16 %conv3_i_1488_load_1"   --->   Operation 323 'write' 'write_ln0' <Predicate = (icmp_ln61)> <Delay = 0.00>
ST_7 : Operation 324 [1/1] (0.00ns)   --->   "%ret_ln0 = ret"   --->   Operation 324 'ret' 'ret_ln0' <Predicate = (icmp_ln61)> <Delay = 0.00>

State 8 <SV = 7> <Delay = 5.49>
ST_8 : Operation 315 [1/1] (0.00ns)   --->   "%conv3_i_1488_load = load i16 %conv3_i_1488"   --->   Operation 315 'load' 'conv3_i_1488_load' <Predicate = true> <Delay = 0.00>
ST_8 : Operation 316 [1/1] (0.00ns)   --->   "%specpipeline_ln63 = specpipeline void @_ssdm_op_SpecPipeline, i32 1, i32 0, i32 0, i32 0, void @empty_2" [matmul.cpp:63]   --->   Operation 316 'specpipeline' 'specpipeline_ln63' <Predicate = true> <Delay = 0.00>
ST_8 : Operation 317 [1/1] (0.00ns)   --->   "%specloopname_ln61 = specloopname void @_ssdm_op_SpecLoopName, void @empty_10" [matmul.cpp:61]   --->   Operation 317 'specloopname' 'specloopname_ln61' <Predicate = true> <Delay = 0.00>
ST_8 : Operation 318 [1/1] (0.00ns) (grouped into TernaryAdder)   --->   "%add_ln840_13 = add i16 %add_ln840_12, i16 %add_ln840_5"   --->   Operation 318 'add' 'add_ln840_13' <Predicate = true> <Delay = 0.00> <CoreInst = "TAddSub">   --->   Core 10 'TAddSub' <Latency = 0> <II = 1> <Delay = 1.95> <IPBlock> <Opcode : 'add' 'sub'> <InPorts = 3> <OutPorts = 1> <Sync> <CReg>
ST_8 : Operation 319 [1/1] (3.90ns) (root node of TernaryAdder)   --->   "%add_ln840_14 = add i16 %add_ln840_13, i16 %conv3_i_1488_load"   --->   Operation 319 'add' 'add_ln840_14' <Predicate = true> <Delay = 3.90> <CoreInst = "TAddSub">   --->   Core 10 'TAddSub' <Latency = 0> <II = 1> <Delay = 1.95> <IPBlock> <Opcode : 'add' 'sub'> <InPorts = 3> <OutPorts = 1> <Sync> <CReg>
ST_8 : Operation 320 [1/1] (1.58ns)   --->   "%store_ln61 = store i16 %add_ln840_14, i16 %conv3_i_1488" [matmul.cpp:61]   --->   Operation 320 'store' 'store_ln61' <Predicate = true> <Delay = 1.58>
ST_8 : Operation 321 [1/1] (0.00ns)   --->   "%br_ln61 = br void %for.inc119" [matmul.cpp:61]   --->   Operation 321 'br' 'br_ln61' <Predicate = true> <Delay = 0.00>


============================================================
+ Verbose Summary: Binding
============================================================
STG Binding: 
---------------- STG Properties BEGIN ----------------
- Is combinational: 0
- Is one-state seq: 0
- Is datapath-only: 0
- Is pipelined: 0
- Is top level: 0
Port [ Return ] is wired: 1; IO mode=ap_ctrl_hs:ce=0
Port [ Matrix_C_BRAM_V_load]:  wired=1; compound=0; hidden=0; nouse=0; global=0; static=0; extern=0; dir=0; type=0; pingpong=0; private_global=0; IO mode=ap_none:ce=0
Port [ add_ln186]:  wired=1; compound=0; hidden=0; nouse=0; global=0; static=0; extern=0; dir=0; type=0; pingpong=0; private_global=0; IO mode=ap_none:ce=0
Port [ Matrix_A_BRAM_V]:  wired=1; compound=1; hidden=0; nouse=0; global=0; static=0; extern=0; dir=0; type=1; pingpong=0; private_global=0; MemPort=[13]; IO mode=ap_memory:ce=0
Port [ Matrix_A_BRAM_V_1]:  wired=1; compound=1; hidden=0; nouse=0; global=0; static=0; extern=0; dir=0; type=1; pingpong=0; private_global=0; MemPort=[13]; IO mode=ap_memory:ce=0
Port [ Matrix_A_BRAM_V_2]:  wired=1; compound=1; hidden=0; nouse=0; global=0; static=0; extern=0; dir=0; type=1; pingpong=0; private_global=0; MemPort=[13]; IO mode=ap_memory:ce=0
Port [ Matrix_A_BRAM_V_3]:  wired=1; compound=1; hidden=0; nouse=0; global=0; static=0; extern=0; dir=0; type=1; pingpong=0; private_global=0; MemPort=[13]; IO mode=ap_memory:ce=0
Port [ Matrix_A_BRAM_V_4]:  wired=1; compound=1; hidden=0; nouse=0; global=0; static=0; extern=0; dir=0; type=1; pingpong=0; private_global=0; MemPort=[13]; IO mode=ap_memory:ce=0
Port [ Matrix_A_BRAM_V_5]:  wired=1; compound=1; hidden=0; nouse=0; global=0; static=0; extern=0; dir=0; type=1; pingpong=0; private_global=0; MemPort=[13]; IO mode=ap_memory:ce=0
Port [ Matrix_A_BRAM_V_6]:  wired=1; compound=1; hidden=0; nouse=0; global=0; static=0; extern=0; dir=0; type=1; pingpong=0; private_global=0; MemPort=[13]; IO mode=ap_memory:ce=0
Port [ Matrix_A_BRAM_V_7]:  wired=1; compound=1; hidden=0; nouse=0; global=0; static=0; extern=0; dir=0; type=1; pingpong=0; private_global=0; MemPort=[13]; IO mode=ap_memory:ce=0
Port [ Matrix_A_BRAM_V_8]:  wired=1; compound=1; hidden=0; nouse=0; global=0; static=0; extern=0; dir=0; type=1; pingpong=0; private_global=0; MemPort=[13]; IO mode=ap_memory:ce=0
Port [ Matrix_A_BRAM_V_9]:  wired=1; compound=1; hidden=0; nouse=0; global=0; static=0; extern=0; dir=0; type=1; pingpong=0; private_global=0; MemPort=[13]; IO mode=ap_memory:ce=0
Port [ Matrix_A_BRAM_V_10]:  wired=1; compound=1; hidden=0; nouse=0; global=0; static=0; extern=0; dir=0; type=1; pingpong=0; private_global=0; MemPort=[13]; IO mode=ap_memory:ce=0
Port [ Matrix_A_BRAM_V_11]:  wired=1; compound=1; hidden=0; nouse=0; global=0; static=0; extern=0; dir=0; type=1; pingpong=0; private_global=0; MemPort=[13]; IO mode=ap_memory:ce=0
Port [ Matrix_A_BRAM_V_12]:  wired=1; compound=1; hidden=0; nouse=0; global=0; static=0; extern=0; dir=0; type=1; pingpong=0; private_global=0; MemPort=[13]; IO mode=ap_memory:ce=0
Port [ Matrix_A_BRAM_V_13]:  wired=1; compound=1; hidden=0; nouse=0; global=0; static=0; extern=0; dir=0; type=1; pingpong=0; private_global=0; MemPort=[13]; IO mode=ap_memory:ce=0
Port [ Matrix_A_BRAM_V_14]:  wired=1; compound=1; hidden=0; nouse=0; global=0; static=0; extern=0; dir=0; type=1; pingpong=0; private_global=0; MemPort=[13]; IO mode=ap_memory:ce=0
Port [ Matrix_B_BRAM_V_load]:  wired=1; compound=0; hidden=0; nouse=0; global=0; static=0; extern=0; dir=0; type=0; pingpong=0; private_global=0; IO mode=ap_none:ce=0
Port [ Matrix_B_BRAM_V_1_load]:  wired=1; compound=0; hidden=0; nouse=0; global=0; static=0; extern=0; dir=0; type=0; pingpong=0; private_global=0; IO mode=ap_none:ce=0
Port [ Matrix_B_BRAM_V_2_load]:  wired=1; compound=0; hidden=0; nouse=0; global=0; static=0; extern=0; dir=0; type=0; pingpong=0; private_global=0; IO mode=ap_none:ce=0
Port [ Matrix_B_BRAM_V_3_load]:  wired=1; compound=0; hidden=0; nouse=0; global=0; static=0; extern=0; dir=0; type=0; pingpong=0; private_global=0; IO mode=ap_none:ce=0
Port [ Matrix_B_BRAM_V_4_load]:  wired=1; compound=0; hidden=0; nouse=0; global=0; static=0; extern=0; dir=0; type=0; pingpong=0; private_global=0; IO mode=ap_none:ce=0
Port [ Matrix_B_BRAM_V_5_load]:  wired=1; compound=0; hidden=0; nouse=0; global=0; static=0; extern=0; dir=0; type=0; pingpong=0; private_global=0; IO mode=ap_none:ce=0
Port [ Matrix_B_BRAM_V_6_load]:  wired=1; compound=0; hidden=0; nouse=0; global=0; static=0; extern=0; dir=0; type=0; pingpong=0; private_global=0; IO mode=ap_none:ce=0
Port [ Matrix_B_BRAM_V_7_load]:  wired=1; compound=0; hidden=0; nouse=0; global=0; static=0; extern=0; dir=0; type=0; pingpong=0; private_global=0; IO mode=ap_none:ce=0
Port [ Matrix_B_BRAM_V_8_load]:  wired=1; compound=0; hidden=0; nouse=0; global=0; static=0; extern=0; dir=0; type=0; pingpong=0; private_global=0; IO mode=ap_none:ce=0
Port [ Matrix_B_BRAM_V_9_load]:  wired=1; compound=0; hidden=0; nouse=0; global=0; static=0; extern=0; dir=0; type=0; pingpong=0; private_global=0; IO mode=ap_none:ce=0
Port [ Matrix_B_BRAM_V_10_load]:  wired=1; compound=0; hidden=0; nouse=0; global=0; static=0; extern=0; dir=0; type=0; pingpong=0; private_global=0; IO mode=ap_none:ce=0
Port [ Matrix_B_BRAM_V_11_load]:  wired=1; compound=0; hidden=0; nouse=0; global=0; static=0; extern=0; dir=0; type=0; pingpong=0; private_global=0; IO mode=ap_none:ce=0
Port [ Matrix_B_BRAM_V_12_load]:  wired=1; compound=0; hidden=0; nouse=0; global=0; static=0; extern=0; dir=0; type=0; pingpong=0; private_global=0; IO mode=ap_none:ce=0
Port [ Matrix_B_BRAM_V_13_load]:  wired=1; compound=0; hidden=0; nouse=0; global=0; static=0; extern=0; dir=0; type=0; pingpong=0; private_global=0; IO mode=ap_none:ce=0
Port [ Matrix_B_BRAM_V_14_load]:  wired=1; compound=0; hidden=0; nouse=0; global=0; static=0; extern=0; dir=0; type=0; pingpong=0; private_global=0; IO mode=ap_none:ce=0
Port [ Matrix_B_BRAM_V_15_load]:  wired=1; compound=0; hidden=0; nouse=0; global=0; static=0; extern=0; dir=0; type=0; pingpong=0; private_global=0; IO mode=ap_none:ce=0
Port [ Matrix_B_BRAM_V_16_load]:  wired=1; compound=0; hidden=0; nouse=0; global=0; static=0; extern=0; dir=0; type=0; pingpong=0; private_global=0; IO mode=ap_none:ce=0
Port [ Matrix_B_BRAM_V_17_load]:  wired=1; compound=0; hidden=0; nouse=0; global=0; static=0; extern=0; dir=0; type=0; pingpong=0; private_global=0; IO mode=ap_none:ce=0
Port [ Matrix_B_BRAM_V_18_load]:  wired=1; compound=0; hidden=0; nouse=0; global=0; static=0; extern=0; dir=0; type=0; pingpong=0; private_global=0; IO mode=ap_none:ce=0
Port [ Matrix_B_BRAM_V_19_load]:  wired=1; compound=0; hidden=0; nouse=0; global=0; static=0; extern=0; dir=0; type=0; pingpong=0; private_global=0; IO mode=ap_none:ce=0
Port [ Matrix_B_BRAM_V_20_load]:  wired=1; compound=0; hidden=0; nouse=0; global=0; static=0; extern=0; dir=0; type=0; pingpong=0; private_global=0; IO mode=ap_none:ce=0
Port [ Matrix_B_BRAM_V_21_load]:  wired=1; compound=0; hidden=0; nouse=0; global=0; static=0; extern=0; dir=0; type=0; pingpong=0; private_global=0; IO mode=ap_none:ce=0
Port [ Matrix_B_BRAM_V_22_load]:  wired=1; compound=0; hidden=0; nouse=0; global=0; static=0; extern=0; dir=0; type=0; pingpong=0; private_global=0; IO mode=ap_none:ce=0
Port [ Matrix_B_BRAM_V_23_load]:  wired=1; compound=0; hidden=0; nouse=0; global=0; static=0; extern=0; dir=0; type=0; pingpong=0; private_global=0; IO mode=ap_none:ce=0
Port [ Matrix_B_BRAM_V_24_load]:  wired=1; compound=0; hidden=0; nouse=0; global=0; static=0; extern=0; dir=0; type=0; pingpong=0; private_global=0; IO mode=ap_none:ce=0
Port [ Matrix_B_BRAM_V_25_load]:  wired=1; compound=0; hidden=0; nouse=0; global=0; static=0; extern=0; dir=0; type=0; pingpong=0; private_global=0; IO mode=ap_none:ce=0
Port [ Matrix_B_BRAM_V_26_load]:  wired=1; compound=0; hidden=0; nouse=0; global=0; static=0; extern=0; dir=0; type=0; pingpong=0; private_global=0; IO mode=ap_none:ce=0
Port [ Matrix_B_BRAM_V_27_load]:  wired=1; compound=0; hidden=0; nouse=0; global=0; static=0; extern=0; dir=0; type=0; pingpong=0; private_global=0; IO mode=ap_none:ce=0
Port [ Matrix_B_BRAM_V_28_load]:  wired=1; compound=0; hidden=0; nouse=0; global=0; static=0; extern=0; dir=0; type=0; pingpong=0; private_global=0; IO mode=ap_none:ce=0
Port [ Matrix_B_BRAM_V_29_load]:  wired=1; compound=0; hidden=0; nouse=0; global=0; static=0; extern=0; dir=0; type=0; pingpong=0; private_global=0; IO mode=ap_none:ce=0
Port [ Matrix_B_BRAM_V_30_load]:  wired=1; compound=0; hidden=0; nouse=0; global=0; static=0; extern=0; dir=0; type=0; pingpong=0; private_global=0; IO mode=ap_none:ce=0
Port [ Matrix_B_BRAM_V_31_load]:  wired=1; compound=0; hidden=0; nouse=0; global=0; static=0; extern=0; dir=0; type=0; pingpong=0; private_global=0; IO mode=ap_none:ce=0
Port [ Matrix_B_BRAM_V_32_load]:  wired=1; compound=0; hidden=0; nouse=0; global=0; static=0; extern=0; dir=0; type=0; pingpong=0; private_global=0; IO mode=ap_none:ce=0
Port [ Matrix_B_BRAM_V_33_load]:  wired=1; compound=0; hidden=0; nouse=0; global=0; static=0; extern=0; dir=0; type=0; pingpong=0; private_global=0; IO mode=ap_none:ce=0
Port [ Matrix_B_BRAM_V_34_load]:  wired=1; compound=0; hidden=0; nouse=0; global=0; static=0; extern=0; dir=0; type=0; pingpong=0; private_global=0; IO mode=ap_none:ce=0
Port [ Matrix_B_BRAM_V_35_load]:  wired=1; compound=0; hidden=0; nouse=0; global=0; static=0; extern=0; dir=0; type=0; pingpong=0; private_global=0; IO mode=ap_none:ce=0
Port [ Matrix_B_BRAM_V_36_load]:  wired=1; compound=0; hidden=0; nouse=0; global=0; static=0; extern=0; dir=0; type=0; pingpong=0; private_global=0; IO mode=ap_none:ce=0
Port [ Matrix_B_BRAM_V_37_load]:  wired=1; compound=0; hidden=0; nouse=0; global=0; static=0; extern=0; dir=0; type=0; pingpong=0; private_global=0; IO mode=ap_none:ce=0
Port [ Matrix_B_BRAM_V_38_load]:  wired=1; compound=0; hidden=0; nouse=0; global=0; static=0; extern=0; dir=0; type=0; pingpong=0; private_global=0; IO mode=ap_none:ce=0
Port [ Matrix_B_BRAM_V_39_load]:  wired=1; compound=0; hidden=0; nouse=0; global=0; static=0; extern=0; dir=0; type=0; pingpong=0; private_global=0; IO mode=ap_none:ce=0
Port [ Matrix_B_BRAM_V_40_load]:  wired=1; compound=0; hidden=0; nouse=0; global=0; static=0; extern=0; dir=0; type=0; pingpong=0; private_global=0; IO mode=ap_none:ce=0
Port [ Matrix_B_BRAM_V_41_load]:  wired=1; compound=0; hidden=0; nouse=0; global=0; static=0; extern=0; dir=0; type=0; pingpong=0; private_global=0; IO mode=ap_none:ce=0
Port [ Matrix_B_BRAM_V_42_load]:  wired=1; compound=0; hidden=0; nouse=0; global=0; static=0; extern=0; dir=0; type=0; pingpong=0; private_global=0; IO mode=ap_none:ce=0
Port [ Matrix_B_BRAM_V_43_load]:  wired=1; compound=0; hidden=0; nouse=0; global=0; static=0; extern=0; dir=0; type=0; pingpong=0; private_global=0; IO mode=ap_none:ce=0
Port [ Matrix_B_BRAM_V_44_load]:  wired=1; compound=0; hidden=0; nouse=0; global=0; static=0; extern=0; dir=0; type=0; pingpong=0; private_global=0; IO mode=ap_none:ce=0
Port [ Matrix_B_BRAM_V_45_load]:  wired=1; compound=0; hidden=0; nouse=0; global=0; static=0; extern=0; dir=0; type=0; pingpong=0; private_global=0; IO mode=ap_none:ce=0
Port [ Matrix_B_BRAM_V_46_load]:  wired=1; compound=0; hidden=0; nouse=0; global=0; static=0; extern=0; dir=0; type=0; pingpong=0; private_global=0; IO mode=ap_none:ce=0
Port [ Matrix_B_BRAM_V_47_load]:  wired=1; compound=0; hidden=0; nouse=0; global=0; static=0; extern=0; dir=0; type=0; pingpong=0; private_global=0; IO mode=ap_none:ce=0
Port [ Matrix_B_BRAM_V_48_load]:  wired=1; compound=0; hidden=0; nouse=0; global=0; static=0; extern=0; dir=0; type=0; pingpong=0; private_global=0; IO mode=ap_none:ce=0
Port [ Matrix_B_BRAM_V_49_load]:  wired=1; compound=0; hidden=0; nouse=0; global=0; static=0; extern=0; dir=0; type=0; pingpong=0; private_global=0; IO mode=ap_none:ce=0
Port [ Matrix_B_BRAM_V_50_load]:  wired=1; compound=0; hidden=0; nouse=0; global=0; static=0; extern=0; dir=0; type=0; pingpong=0; private_global=0; IO mode=ap_none:ce=0
Port [ Matrix_B_BRAM_V_51_load]:  wired=1; compound=0; hidden=0; nouse=0; global=0; static=0; extern=0; dir=0; type=0; pingpong=0; private_global=0; IO mode=ap_none:ce=0
Port [ Matrix_B_BRAM_V_52_load]:  wired=1; compound=0; hidden=0; nouse=0; global=0; static=0; extern=0; dir=0; type=0; pingpong=0; private_global=0; IO mode=ap_none:ce=0
Port [ Matrix_B_BRAM_V_53_load]:  wired=1; compound=0; hidden=0; nouse=0; global=0; static=0; extern=0; dir=0; type=0; pingpong=0; private_global=0; IO mode=ap_none:ce=0
Port [ Matrix_B_BRAM_V_54_load]:  wired=1; compound=0; hidden=0; nouse=0; global=0; static=0; extern=0; dir=0; type=0; pingpong=0; private_global=0; IO mode=ap_none:ce=0
Port [ Matrix_B_BRAM_V_55_load]:  wired=1; compound=0; hidden=0; nouse=0; global=0; static=0; extern=0; dir=0; type=0; pingpong=0; private_global=0; IO mode=ap_none:ce=0
Port [ Matrix_B_BRAM_V_56_load]:  wired=1; compound=0; hidden=0; nouse=0; global=0; static=0; extern=0; dir=0; type=0; pingpong=0; private_global=0; IO mode=ap_none:ce=0
Port [ Matrix_B_BRAM_V_57_load]:  wired=1; compound=0; hidden=0; nouse=0; global=0; static=0; extern=0; dir=0; type=0; pingpong=0; private_global=0; IO mode=ap_none:ce=0
Port [ Matrix_B_BRAM_V_58_load]:  wired=1; compound=0; hidden=0; nouse=0; global=0; static=0; extern=0; dir=0; type=0; pingpong=0; private_global=0; IO mode=ap_none:ce=0
Port [ Matrix_B_BRAM_V_59_load]:  wired=1; compound=0; hidden=0; nouse=0; global=0; static=0; extern=0; dir=0; type=0; pingpong=0; private_global=0; IO mode=ap_none:ce=0
Port [ Matrix_B_BRAM_V_60_load]:  wired=1; compound=0; hidden=0; nouse=0; global=0; static=0; extern=0; dir=0; type=0; pingpong=0; private_global=0; IO mode=ap_none:ce=0
Port [ Matrix_B_BRAM_V_61_load]:  wired=1; compound=0; hidden=0; nouse=0; global=0; static=0; extern=0; dir=0; type=0; pingpong=0; private_global=0; IO mode=ap_none:ce=0
Port [ Matrix_B_BRAM_V_62_load]:  wired=1; compound=0; hidden=0; nouse=0; global=0; static=0; extern=0; dir=0; type=0; pingpong=0; private_global=0; IO mode=ap_none:ce=0
Port [ Matrix_B_BRAM_V_63_load]:  wired=1; compound=0; hidden=0; nouse=0; global=0; static=0; extern=0; dir=0; type=0; pingpong=0; private_global=0; IO mode=ap_none:ce=0
Port [ Matrix_B_BRAM_V_64_load]:  wired=1; compound=0; hidden=0; nouse=0; global=0; static=0; extern=0; dir=0; type=0; pingpong=0; private_global=0; IO mode=ap_none:ce=0
Port [ Matrix_B_BRAM_V_65_load]:  wired=1; compound=0; hidden=0; nouse=0; global=0; static=0; extern=0; dir=0; type=0; pingpong=0; private_global=0; IO mode=ap_none:ce=0
Port [ Matrix_B_BRAM_V_66_load]:  wired=1; compound=0; hidden=0; nouse=0; global=0; static=0; extern=0; dir=0; type=0; pingpong=0; private_global=0; IO mode=ap_none:ce=0
Port [ Matrix_B_BRAM_V_67_load]:  wired=1; compound=0; hidden=0; nouse=0; global=0; static=0; extern=0; dir=0; type=0; pingpong=0; private_global=0; IO mode=ap_none:ce=0
Port [ Matrix_B_BRAM_V_68_load]:  wired=1; compound=0; hidden=0; nouse=0; global=0; static=0; extern=0; dir=0; type=0; pingpong=0; private_global=0; IO mode=ap_none:ce=0
Port [ Matrix_B_BRAM_V_69_load]:  wired=1; compound=0; hidden=0; nouse=0; global=0; static=0; extern=0; dir=0; type=0; pingpong=0; private_global=0; IO mode=ap_none:ce=0
Port [ Matrix_B_BRAM_V_70_load]:  wired=1; compound=0; hidden=0; nouse=0; global=0; static=0; extern=0; dir=0; type=0; pingpong=0; private_global=0; IO mode=ap_none:ce=0
Port [ Matrix_B_BRAM_V_71_load]:  wired=1; compound=0; hidden=0; nouse=0; global=0; static=0; extern=0; dir=0; type=0; pingpong=0; private_global=0; IO mode=ap_none:ce=0
Port [ Matrix_B_BRAM_V_72_load]:  wired=1; compound=0; hidden=0; nouse=0; global=0; static=0; extern=0; dir=0; type=0; pingpong=0; private_global=0; IO mode=ap_none:ce=0
Port [ Matrix_B_BRAM_V_73_load]:  wired=1; compound=0; hidden=0; nouse=0; global=0; static=0; extern=0; dir=0; type=0; pingpong=0; private_global=0; IO mode=ap_none:ce=0
Port [ Matrix_B_BRAM_V_74_load]:  wired=1; compound=0; hidden=0; nouse=0; global=0; static=0; extern=0; dir=0; type=0; pingpong=0; private_global=0; IO mode=ap_none:ce=0
Port [ Matrix_B_BRAM_V_75_load]:  wired=1; compound=0; hidden=0; nouse=0; global=0; static=0; extern=0; dir=0; type=0; pingpong=0; private_global=0; IO mode=ap_none:ce=0
Port [ Matrix_B_BRAM_V_76_load]:  wired=1; compound=0; hidden=0; nouse=0; global=0; static=0; extern=0; dir=0; type=0; pingpong=0; private_global=0; IO mode=ap_none:ce=0
Port [ Matrix_B_BRAM_V_77_load]:  wired=1; compound=0; hidden=0; nouse=0; global=0; static=0; extern=0; dir=0; type=0; pingpong=0; private_global=0; IO mode=ap_none:ce=0
Port [ Matrix_B_BRAM_V_78_load]:  wired=1; compound=0; hidden=0; nouse=0; global=0; static=0; extern=0; dir=0; type=0; pingpong=0; private_global=0; IO mode=ap_none:ce=0
Port [ Matrix_B_BRAM_V_79_load]:  wired=1; compound=0; hidden=0; nouse=0; global=0; static=0; extern=0; dir=0; type=0; pingpong=0; private_global=0; IO mode=ap_none:ce=0
Port [ Matrix_B_BRAM_V_80_load]:  wired=1; compound=0; hidden=0; nouse=0; global=0; static=0; extern=0; dir=0; type=0; pingpong=0; private_global=0; IO mode=ap_none:ce=0
Port [ Matrix_B_BRAM_V_81_load]:  wired=1; compound=0; hidden=0; nouse=0; global=0; static=0; extern=0; dir=0; type=0; pingpong=0; private_global=0; IO mode=ap_none:ce=0
Port [ Matrix_B_BRAM_V_82_load]:  wired=1; compound=0; hidden=0; nouse=0; global=0; static=0; extern=0; dir=0; type=0; pingpong=0; private_global=0; IO mode=ap_none:ce=0
Port [ Matrix_B_BRAM_V_83_load]:  wired=1; compound=0; hidden=0; nouse=0; global=0; static=0; extern=0; dir=0; type=0; pingpong=0; private_global=0; IO mode=ap_none:ce=0
Port [ Matrix_B_BRAM_V_84_load]:  wired=1; compound=0; hidden=0; nouse=0; global=0; static=0; extern=0; dir=0; type=0; pingpong=0; private_global=0; IO mode=ap_none:ce=0
Port [ Matrix_B_BRAM_V_85_load]:  wired=1; compound=0; hidden=0; nouse=0; global=0; static=0; extern=0; dir=0; type=0; pingpong=0; private_global=0; IO mode=ap_none:ce=0
Port [ Matrix_B_BRAM_V_86_load]:  wired=1; compound=0; hidden=0; nouse=0; global=0; static=0; extern=0; dir=0; type=0; pingpong=0; private_global=0; IO mode=ap_none:ce=0
Port [ Matrix_B_BRAM_V_87_load]:  wired=1; compound=0; hidden=0; nouse=0; global=0; static=0; extern=0; dir=0; type=0; pingpong=0; private_global=0; IO mode=ap_none:ce=0
Port [ Matrix_B_BRAM_V_88_load]:  wired=1; compound=0; hidden=0; nouse=0; global=0; static=0; extern=0; dir=0; type=0; pingpong=0; private_global=0; IO mode=ap_none:ce=0
Port [ Matrix_B_BRAM_V_89_load]:  wired=1; compound=0; hidden=0; nouse=0; global=0; static=0; extern=0; dir=0; type=0; pingpong=0; private_global=0; IO mode=ap_none:ce=0
Port [ Matrix_B_BRAM_V_90_load]:  wired=1; compound=0; hidden=0; nouse=0; global=0; static=0; extern=0; dir=0; type=0; pingpong=0; private_global=0; IO mode=ap_none:ce=0
Port [ Matrix_B_BRAM_V_91_load]:  wired=1; compound=0; hidden=0; nouse=0; global=0; static=0; extern=0; dir=0; type=0; pingpong=0; private_global=0; IO mode=ap_none:ce=0
Port [ Matrix_B_BRAM_V_92_load]:  wired=1; compound=0; hidden=0; nouse=0; global=0; static=0; extern=0; dir=0; type=0; pingpong=0; private_global=0; IO mode=ap_none:ce=0
Port [ Matrix_B_BRAM_V_93_load]:  wired=1; compound=0; hidden=0; nouse=0; global=0; static=0; extern=0; dir=0; type=0; pingpong=0; private_global=0; IO mode=ap_none:ce=0
Port [ Matrix_B_BRAM_V_94_load]:  wired=1; compound=0; hidden=0; nouse=0; global=0; static=0; extern=0; dir=0; type=0; pingpong=0; private_global=0; IO mode=ap_none:ce=0
Port [ Matrix_B_BRAM_V_95_load]:  wired=1; compound=0; hidden=0; nouse=0; global=0; static=0; extern=0; dir=0; type=0; pingpong=0; private_global=0; IO mode=ap_none:ce=0
Port [ Matrix_B_BRAM_V_96_load]:  wired=1; compound=0; hidden=0; nouse=0; global=0; static=0; extern=0; dir=0; type=0; pingpong=0; private_global=0; IO mode=ap_none:ce=0
Port [ Matrix_B_BRAM_V_97_load]:  wired=1; compound=0; hidden=0; nouse=0; global=0; static=0; extern=0; dir=0; type=0; pingpong=0; private_global=0; IO mode=ap_none:ce=0
Port [ Matrix_B_BRAM_V_98_load]:  wired=1; compound=0; hidden=0; nouse=0; global=0; static=0; extern=0; dir=0; type=0; pingpong=0; private_global=0; IO mode=ap_none:ce=0
Port [ Matrix_B_BRAM_V_99_load]:  wired=1; compound=0; hidden=0; nouse=0; global=0; static=0; extern=0; dir=0; type=0; pingpong=0; private_global=0; IO mode=ap_none:ce=0
Port [ Matrix_B_BRAM_V_100_load]:  wired=1; compound=0; hidden=0; nouse=0; global=0; static=0; extern=0; dir=0; type=0; pingpong=0; private_global=0; IO mode=ap_none:ce=0
Port [ Matrix_B_BRAM_V_101_load]:  wired=1; compound=0; hidden=0; nouse=0; global=0; static=0; extern=0; dir=0; type=0; pingpong=0; private_global=0; IO mode=ap_none:ce=0
Port [ Matrix_B_BRAM_V_102_load]:  wired=1; compound=0; hidden=0; nouse=0; global=0; static=0; extern=0; dir=0; type=0; pingpong=0; private_global=0; IO mode=ap_none:ce=0
Port [ Matrix_B_BRAM_V_103_load]:  wired=1; compound=0; hidden=0; nouse=0; global=0; static=0; extern=0; dir=0; type=0; pingpong=0; private_global=0; IO mode=ap_none:ce=0
Port [ Matrix_B_BRAM_V_104_load]:  wired=1; compound=0; hidden=0; nouse=0; global=0; static=0; extern=0; dir=0; type=0; pingpong=0; private_global=0; IO mode=ap_none:ce=0
Port [ Matrix_B_BRAM_V_105_load]:  wired=1; compound=0; hidden=0; nouse=0; global=0; static=0; extern=0; dir=0; type=0; pingpong=0; private_global=0; IO mode=ap_none:ce=0
Port [ Matrix_B_BRAM_V_106_load]:  wired=1; compound=0; hidden=0; nouse=0; global=0; static=0; extern=0; dir=0; type=0; pingpong=0; private_global=0; IO mode=ap_none:ce=0
Port [ Matrix_B_BRAM_V_107_load]:  wired=1; compound=0; hidden=0; nouse=0; global=0; static=0; extern=0; dir=0; type=0; pingpong=0; private_global=0; IO mode=ap_none:ce=0
Port [ Matrix_B_BRAM_V_108_load]:  wired=1; compound=0; hidden=0; nouse=0; global=0; static=0; extern=0; dir=0; type=0; pingpong=0; private_global=0; IO mode=ap_none:ce=0
Port [ Matrix_B_BRAM_V_109_load]:  wired=1; compound=0; hidden=0; nouse=0; global=0; static=0; extern=0; dir=0; type=0; pingpong=0; private_global=0; IO mode=ap_none:ce=0
Port [ Matrix_B_BRAM_V_110_load]:  wired=1; compound=0; hidden=0; nouse=0; global=0; static=0; extern=0; dir=0; type=0; pingpong=0; private_global=0; IO mode=ap_none:ce=0
Port [ Matrix_B_BRAM_V_111_load]:  wired=1; compound=0; hidden=0; nouse=0; global=0; static=0; extern=0; dir=0; type=0; pingpong=0; private_global=0; IO mode=ap_none:ce=0
Port [ Matrix_B_BRAM_V_112_load]:  wired=1; compound=0; hidden=0; nouse=0; global=0; static=0; extern=0; dir=0; type=0; pingpong=0; private_global=0; IO mode=ap_none:ce=0
Port [ Matrix_B_BRAM_V_113_load]:  wired=1; compound=0; hidden=0; nouse=0; global=0; static=0; extern=0; dir=0; type=0; pingpong=0; private_global=0; IO mode=ap_none:ce=0
Port [ Matrix_B_BRAM_V_114_load]:  wired=1; compound=0; hidden=0; nouse=0; global=0; static=0; extern=0; dir=0; type=0; pingpong=0; private_global=0; IO mode=ap_none:ce=0
Port [ Matrix_B_BRAM_V_115_load]:  wired=1; compound=0; hidden=0; nouse=0; global=0; static=0; extern=0; dir=0; type=0; pingpong=0; private_global=0; IO mode=ap_none:ce=0
Port [ Matrix_B_BRAM_V_116_load]:  wired=1; compound=0; hidden=0; nouse=0; global=0; static=0; extern=0; dir=0; type=0; pingpong=0; private_global=0; IO mode=ap_none:ce=0
Port [ Matrix_B_BRAM_V_117_load]:  wired=1; compound=0; hidden=0; nouse=0; global=0; static=0; extern=0; dir=0; type=0; pingpong=0; private_global=0; IO mode=ap_none:ce=0
Port [ Matrix_B_BRAM_V_118_load]:  wired=1; compound=0; hidden=0; nouse=0; global=0; static=0; extern=0; dir=0; type=0; pingpong=0; private_global=0; IO mode=ap_none:ce=0
Port [ Matrix_B_BRAM_V_119_load]:  wired=1; compound=0; hidden=0; nouse=0; global=0; static=0; extern=0; dir=0; type=0; pingpong=0; private_global=0; IO mode=ap_none:ce=0
Port [ Matrix_B_BRAM_V_120_load]:  wired=1; compound=0; hidden=0; nouse=0; global=0; static=0; extern=0; dir=0; type=0; pingpong=0; private_global=0; IO mode=ap_none:ce=0
Port [ Matrix_B_BRAM_V_121_load]:  wired=1; compound=0; hidden=0; nouse=0; global=0; static=0; extern=0; dir=0; type=0; pingpong=0; private_global=0; IO mode=ap_none:ce=0
Port [ Matrix_B_BRAM_V_122_load]:  wired=1; compound=0; hidden=0; nouse=0; global=0; static=0; extern=0; dir=0; type=0; pingpong=0; private_global=0; IO mode=ap_none:ce=0
Port [ Matrix_B_BRAM_V_123_load]:  wired=1; compound=0; hidden=0; nouse=0; global=0; static=0; extern=0; dir=0; type=0; pingpong=0; private_global=0; IO mode=ap_none:ce=0
Port [ Matrix_B_BRAM_V_124_load]:  wired=1; compound=0; hidden=0; nouse=0; global=0; static=0; extern=0; dir=0; type=0; pingpong=0; private_global=0; IO mode=ap_none:ce=0
Port [ Matrix_B_BRAM_V_125_load]:  wired=1; compound=0; hidden=0; nouse=0; global=0; static=0; extern=0; dir=0; type=0; pingpong=0; private_global=0; IO mode=ap_none:ce=0
Port [ Matrix_B_BRAM_V_126_load]:  wired=1; compound=0; hidden=0; nouse=0; global=0; static=0; extern=0; dir=0; type=0; pingpong=0; private_global=0; IO mode=ap_none:ce=0
Port [ Matrix_B_BRAM_V_127_load]:  wired=1; compound=0; hidden=0; nouse=0; global=0; static=0; extern=0; dir=0; type=0; pingpong=0; private_global=0; IO mode=ap_none:ce=0
Port [ Matrix_B_BRAM_V_128_load]:  wired=1; compound=0; hidden=0; nouse=0; global=0; static=0; extern=0; dir=0; type=0; pingpong=0; private_global=0; IO mode=ap_none:ce=0
Port [ Matrix_B_BRAM_V_129_load]:  wired=1; compound=0; hidden=0; nouse=0; global=0; static=0; extern=0; dir=0; type=0; pingpong=0; private_global=0; IO mode=ap_none:ce=0
Port [ Matrix_B_BRAM_V_130_load]:  wired=1; compound=0; hidden=0; nouse=0; global=0; static=0; extern=0; dir=0; type=0; pingpong=0; private_global=0; IO mode=ap_none:ce=0
Port [ Matrix_B_BRAM_V_131_load]:  wired=1; compound=0; hidden=0; nouse=0; global=0; static=0; extern=0; dir=0; type=0; pingpong=0; private_global=0; IO mode=ap_none:ce=0
Port [ Matrix_B_BRAM_V_132_load]:  wired=1; compound=0; hidden=0; nouse=0; global=0; static=0; extern=0; dir=0; type=0; pingpong=0; private_global=0; IO mode=ap_none:ce=0
Port [ Matrix_B_BRAM_V_133_load]:  wired=1; compound=0; hidden=0; nouse=0; global=0; static=0; extern=0; dir=0; type=0; pingpong=0; private_global=0; IO mode=ap_none:ce=0
Port [ Matrix_B_BRAM_V_134_load]:  wired=1; compound=0; hidden=0; nouse=0; global=0; static=0; extern=0; dir=0; type=0; pingpong=0; private_global=0; IO mode=ap_none:ce=0
Port [ Matrix_B_BRAM_V_135_load]:  wired=1; compound=0; hidden=0; nouse=0; global=0; static=0; extern=0; dir=0; type=0; pingpong=0; private_global=0; IO mode=ap_none:ce=0
Port [ Matrix_B_BRAM_V_136_load]:  wired=1; compound=0; hidden=0; nouse=0; global=0; static=0; extern=0; dir=0; type=0; pingpong=0; private_global=0; IO mode=ap_none:ce=0
Port [ Matrix_B_BRAM_V_137_load]:  wired=1; compound=0; hidden=0; nouse=0; global=0; static=0; extern=0; dir=0; type=0; pingpong=0; private_global=0; IO mode=ap_none:ce=0
Port [ Matrix_B_BRAM_V_138_load]:  wired=1; compound=0; hidden=0; nouse=0; global=0; static=0; extern=0; dir=0; type=0; pingpong=0; private_global=0; IO mode=ap_none:ce=0
Port [ Matrix_B_BRAM_V_139_load]:  wired=1; compound=0; hidden=0; nouse=0; global=0; static=0; extern=0; dir=0; type=0; pingpong=0; private_global=0; IO mode=ap_none:ce=0
Port [ Matrix_B_BRAM_V_140_load]:  wired=1; compound=0; hidden=0; nouse=0; global=0; static=0; extern=0; dir=0; type=0; pingpong=0; private_global=0; IO mode=ap_none:ce=0
Port [ Matrix_B_BRAM_V_141_load]:  wired=1; compound=0; hidden=0; nouse=0; global=0; static=0; extern=0; dir=0; type=0; pingpong=0; private_global=0; IO mode=ap_none:ce=0
Port [ Matrix_B_BRAM_V_142_load]:  wired=1; compound=0; hidden=0; nouse=0; global=0; static=0; extern=0; dir=0; type=0; pingpong=0; private_global=0; IO mode=ap_none:ce=0
Port [ Matrix_B_BRAM_V_143_load]:  wired=1; compound=0; hidden=0; nouse=0; global=0; static=0; extern=0; dir=0; type=0; pingpong=0; private_global=0; IO mode=ap_none:ce=0
Port [ Matrix_B_BRAM_V_144_load]:  wired=1; compound=0; hidden=0; nouse=0; global=0; static=0; extern=0; dir=0; type=0; pingpong=0; private_global=0; IO mode=ap_none:ce=0
Port [ Matrix_B_BRAM_V_145_load]:  wired=1; compound=0; hidden=0; nouse=0; global=0; static=0; extern=0; dir=0; type=0; pingpong=0; private_global=0; IO mode=ap_none:ce=0
Port [ Matrix_B_BRAM_V_146_load]:  wired=1; compound=0; hidden=0; nouse=0; global=0; static=0; extern=0; dir=0; type=0; pingpong=0; private_global=0; IO mode=ap_none:ce=0
Port [ Matrix_B_BRAM_V_147_load]:  wired=1; compound=0; hidden=0; nouse=0; global=0; static=0; extern=0; dir=0; type=0; pingpong=0; private_global=0; IO mode=ap_none:ce=0
Port [ Matrix_B_BRAM_V_148_load]:  wired=1; compound=0; hidden=0; nouse=0; global=0; static=0; extern=0; dir=0; type=0; pingpong=0; private_global=0; IO mode=ap_none:ce=0
Port [ Matrix_B_BRAM_V_149_load]:  wired=1; compound=0; hidden=0; nouse=0; global=0; static=0; extern=0; dir=0; type=0; pingpong=0; private_global=0; IO mode=ap_none:ce=0
Port [ conv3_i_1488_out]:  wired=1; compound=0; hidden=0; nouse=0; global=0; static=0; extern=0; dir=1; type=0; pingpong=0; private_global=0; IO mode=ap_vld:ce=0
---------------- STG Properties END ------------------

---------------- Datapath Model BEGIN ----------------

<LifeTime>
<method=bitvector/>
conv3_i_1488                  (alloca           ) [ 011111111]
dot                           (alloca           ) [ 010000000]
indvars_iv                    (alloca           ) [ 010000000]
Matrix_B_BRAM_V_149_load_read (read             ) [ 000000000]
Matrix_B_BRAM_V_148_load_read (read             ) [ 000000000]
Matrix_B_BRAM_V_147_load_read (read             ) [ 000000000]
Matrix_B_BRAM_V_146_load_read (read             ) [ 000000000]
Matrix_B_BRAM_V_145_load_read (read             ) [ 000000000]
Matrix_B_BRAM_V_144_load_read (read             ) [ 000000000]
Matrix_B_BRAM_V_143_load_read (read             ) [ 000000000]
Matrix_B_BRAM_V_142_load_read (read             ) [ 000000000]
Matrix_B_BRAM_V_141_load_read (read             ) [ 000000000]
Matrix_B_BRAM_V_140_load_read (read             ) [ 000000000]
Matrix_B_BRAM_V_139_load_read (read             ) [ 000000000]
Matrix_B_BRAM_V_138_load_read (read             ) [ 000000000]
Matrix_B_BRAM_V_137_load_read (read             ) [ 000000000]
Matrix_B_BRAM_V_136_load_read (read             ) [ 000000000]
Matrix_B_BRAM_V_135_load_read (read             ) [ 000000000]
Matrix_B_BRAM_V_134_load_read (read             ) [ 000000000]
Matrix_B_BRAM_V_133_load_read (read             ) [ 000000000]
Matrix_B_BRAM_V_132_load_read (read             ) [ 000000000]
Matrix_B_BRAM_V_131_load_read (read             ) [ 000000000]
Matrix_B_BRAM_V_130_load_read (read             ) [ 000000000]
Matrix_B_BRAM_V_129_load_read (read             ) [ 000000000]
Matrix_B_BRAM_V_128_load_read (read             ) [ 000000000]
Matrix_B_BRAM_V_127_load_read (read             ) [ 000000000]
Matrix_B_BRAM_V_126_load_read (read             ) [ 000000000]
Matrix_B_BRAM_V_125_load_read (read             ) [ 000000000]
Matrix_B_BRAM_V_124_load_read (read             ) [ 000000000]
Matrix_B_BRAM_V_123_load_read (read             ) [ 000000000]
Matrix_B_BRAM_V_122_load_read (read             ) [ 000000000]
Matrix_B_BRAM_V_121_load_read (read             ) [ 000000000]
Matrix_B_BRAM_V_120_load_read (read             ) [ 000000000]
Matrix_B_BRAM_V_119_load_read (read             ) [ 000000000]
Matrix_B_BRAM_V_118_load_read (read             ) [ 000000000]
Matrix_B_BRAM_V_117_load_read (read             ) [ 000000000]
Matrix_B_BRAM_V_116_load_read (read             ) [ 000000000]
Matrix_B_BRAM_V_115_load_read (read             ) [ 000000000]
Matrix_B_BRAM_V_114_load_read (read             ) [ 000000000]
Matrix_B_BRAM_V_113_load_read (read             ) [ 000000000]
Matrix_B_BRAM_V_112_load_read (read             ) [ 000000000]
Matrix_B_BRAM_V_111_load_read (read             ) [ 000000000]
Matrix_B_BRAM_V_110_load_read (read             ) [ 000000000]
Matrix_B_BRAM_V_109_load_read (read             ) [ 000000000]
Matrix_B_BRAM_V_108_load_read (read             ) [ 000000000]
Matrix_B_BRAM_V_107_load_read (read             ) [ 000000000]
Matrix_B_BRAM_V_106_load_read (read             ) [ 000000000]
Matrix_B_BRAM_V_105_load_read (read             ) [ 000000000]
Matrix_B_BRAM_V_104_load_read (read             ) [ 000000000]
Matrix_B_BRAM_V_103_load_read (read             ) [ 000000000]
Matrix_B_BRAM_V_102_load_read (read             ) [ 000000000]
Matrix_B_BRAM_V_101_load_read (read             ) [ 000000000]
Matrix_B_BRAM_V_100_load_read (read             ) [ 000000000]
Matrix_B_BRAM_V_99_load_read  (read             ) [ 000000000]
Matrix_B_BRAM_V_98_load_read  (read             ) [ 000000000]
Matrix_B_BRAM_V_97_load_read  (read             ) [ 000000000]
Matrix_B_BRAM_V_96_load_read  (read             ) [ 000000000]
Matrix_B_BRAM_V_95_load_read  (read             ) [ 000000000]
Matrix_B_BRAM_V_94_load_read  (read             ) [ 000000000]
Matrix_B_BRAM_V_93_load_read  (read             ) [ 000000000]
Matrix_B_BRAM_V_92_load_read  (read             ) [ 000000000]
Matrix_B_BRAM_V_91_load_read  (read             ) [ 000000000]
Matrix_B_BRAM_V_90_load_read  (read             ) [ 000000000]
Matrix_B_BRAM_V_89_load_read  (read             ) [ 000000000]
Matrix_B_BRAM_V_88_load_read  (read             ) [ 000000000]
Matrix_B_BRAM_V_87_load_read  (read             ) [ 000000000]
Matrix_B_BRAM_V_86_load_read  (read             ) [ 000000000]
Matrix_B_BRAM_V_85_load_read  (read             ) [ 000000000]
Matrix_B_BRAM_V_84_load_read  (read             ) [ 000000000]
Matrix_B_BRAM_V_83_load_read  (read             ) [ 000000000]
Matrix_B_BRAM_V_82_load_read  (read             ) [ 000000000]
Matrix_B_BRAM_V_81_load_read  (read             ) [ 000000000]
Matrix_B_BRAM_V_80_load_read  (read             ) [ 000000000]
Matrix_B_BRAM_V_79_load_read  (read             ) [ 000000000]
Matrix_B_BRAM_V_78_load_read  (read             ) [ 000000000]
Matrix_B_BRAM_V_77_load_read  (read             ) [ 000000000]
Matrix_B_BRAM_V_76_load_read  (read             ) [ 000000000]
Matrix_B_BRAM_V_75_load_read  (read             ) [ 000000000]
Matrix_B_BRAM_V_74_load_read  (read             ) [ 000000000]
Matrix_B_BRAM_V_73_load_read  (read             ) [ 000000000]
Matrix_B_BRAM_V_72_load_read  (read             ) [ 000000000]
Matrix_B_BRAM_V_71_load_read  (read             ) [ 000000000]
Matrix_B_BRAM_V_70_load_read  (read             ) [ 000000000]
Matrix_B_BRAM_V_69_load_read  (read             ) [ 000000000]
Matrix_B_BRAM_V_68_load_read  (read             ) [ 000000000]
Matrix_B_BRAM_V_67_load_read  (read             ) [ 000000000]
Matrix_B_BRAM_V_66_load_read  (read             ) [ 000000000]
Matrix_B_BRAM_V_65_load_read  (read             ) [ 000000000]
Matrix_B_BRAM_V_64_load_read  (read             ) [ 000000000]
Matrix_B_BRAM_V_63_load_read  (read             ) [ 000000000]
Matrix_B_BRAM_V_62_load_read  (read             ) [ 000000000]
Matrix_B_BRAM_V_61_load_read  (read             ) [ 000000000]
Matrix_B_BRAM_V_60_load_read  (read             ) [ 000000000]
Matrix_B_BRAM_V_59_load_read  (read             ) [ 000000000]
Matrix_B_BRAM_V_58_load_read  (read             ) [ 000000000]
Matrix_B_BRAM_V_57_load_read  (read             ) [ 000000000]
Matrix_B_BRAM_V_56_load_read  (read             ) [ 000000000]
Matrix_B_BRAM_V_55_load_read  (read             ) [ 000000000]
Matrix_B_BRAM_V_54_load_read  (read             ) [ 000000000]
Matrix_B_BRAM_V_53_load_read  (read             ) [ 000000000]
Matrix_B_BRAM_V_52_load_read  (read             ) [ 000000000]
Matrix_B_BRAM_V_51_load_read  (read             ) [ 000000000]
Matrix_B_BRAM_V_50_load_read  (read             ) [ 000000000]
Matrix_B_BRAM_V_49_load_read  (read             ) [ 000000000]
Matrix_B_BRAM_V_48_load_read  (read             ) [ 000000000]
Matrix_B_BRAM_V_47_load_read  (read             ) [ 000000000]
Matrix_B_BRAM_V_46_load_read  (read             ) [ 000000000]
Matrix_B_BRAM_V_45_load_read  (read             ) [ 000000000]
Matrix_B_BRAM_V_44_load_read  (read             ) [ 000000000]
Matrix_B_BRAM_V_43_load_read  (read             ) [ 000000000]
Matrix_B_BRAM_V_42_load_read  (read             ) [ 000000000]
Matrix_B_BRAM_V_41_load_read  (read             ) [ 000000000]
Matrix_B_BRAM_V_40_load_read  (read             ) [ 000000000]
Matrix_B_BRAM_V_39_load_read  (read             ) [ 000000000]
Matrix_B_BRAM_V_38_load_read  (read             ) [ 000000000]
Matrix_B_BRAM_V_37_load_read  (read             ) [ 000000000]
Matrix_B_BRAM_V_36_load_read  (read             ) [ 000000000]
Matrix_B_BRAM_V_35_load_read  (read             ) [ 000000000]
Matrix_B_BRAM_V_34_load_read  (read             ) [ 000000000]
Matrix_B_BRAM_V_33_load_read  (read             ) [ 000000000]
Matrix_B_BRAM_V_32_load_read  (read             ) [ 000000000]
Matrix_B_BRAM_V_31_load_read  (read             ) [ 000000000]
Matrix_B_BRAM_V_30_load_read  (read             ) [ 000000000]
Matrix_B_BRAM_V_29_load_read  (read             ) [ 000000000]
Matrix_B_BRAM_V_28_load_read  (read             ) [ 000000000]
Matrix_B_BRAM_V_27_load_read  (read             ) [ 000000000]
Matrix_B_BRAM_V_26_load_read  (read             ) [ 000000000]
Matrix_B_BRAM_V_25_load_read  (read             ) [ 000000000]
Matrix_B_BRAM_V_24_load_read  (read             ) [ 000000000]
Matrix_B_BRAM_V_23_load_read  (read             ) [ 000000000]
Matrix_B_BRAM_V_22_load_read  (read             ) [ 000000000]
Matrix_B_BRAM_V_21_load_read  (read             ) [ 000000000]
Matrix_B_BRAM_V_20_load_read  (read             ) [ 000000000]
Matrix_B_BRAM_V_19_load_read  (read             ) [ 000000000]
Matrix_B_BRAM_V_18_load_read  (read             ) [ 000000000]
Matrix_B_BRAM_V_17_load_read  (read             ) [ 000000000]
Matrix_B_BRAM_V_16_load_read  (read             ) [ 000000000]
Matrix_B_BRAM_V_15_load_read  (read             ) [ 000000000]
Matrix_B_BRAM_V_14_load_read  (read             ) [ 000000000]
Matrix_B_BRAM_V_13_load_read  (read             ) [ 000000000]
Matrix_B_BRAM_V_12_load_read  (read             ) [ 000000000]
Matrix_B_BRAM_V_11_load_read  (read             ) [ 000000000]
Matrix_B_BRAM_V_10_load_read  (read             ) [ 000000000]
Matrix_B_BRAM_V_9_load_read   (read             ) [ 000000000]
Matrix_B_BRAM_V_8_load_read   (read             ) [ 000000000]
Matrix_B_BRAM_V_7_load_read   (read             ) [ 000000000]
Matrix_B_BRAM_V_6_load_read   (read             ) [ 000000000]
Matrix_B_BRAM_V_5_load_read   (read             ) [ 000000000]
Matrix_B_BRAM_V_4_load_read   (read             ) [ 000000000]
Matrix_B_BRAM_V_3_load_read   (read             ) [ 000000000]
Matrix_B_BRAM_V_2_load_read   (read             ) [ 000000000]
Matrix_B_BRAM_V_1_load_read   (read             ) [ 000000000]
Matrix_B_BRAM_V_load_read     (read             ) [ 000000000]
add_ln186_read                (read             ) [ 000000000]
Matrix_C_BRAM_V_load_read     (read             ) [ 000000000]
store_ln0                     (store            ) [ 000000000]
store_ln0                     (store            ) [ 000000000]
store_ln0                     (store            ) [ 000000000]
br_ln0                        (br               ) [ 000000000]
indvars_iv_load               (load             ) [ 000000000]
empty                         (speclooptripcount) [ 000000000]
icmp_ln61                     (icmp             ) [ 011111110]
add_ln61_1                    (add              ) [ 000000000]
br_ln61                       (br               ) [ 000000000]
dot_load                      (load             ) [ 000000000]
zext_ln186                    (zext             ) [ 000000000]
add_ln186_1                   (add              ) [ 000000000]
zext_ln186_1                  (zext             ) [ 011100000]
Matrix_A_BRAM_V_1_addr        (getelementptr    ) [ 011000000]
Matrix_A_BRAM_V_7_addr        (getelementptr    ) [ 011000000]
Matrix_A_BRAM_V_10_addr       (getelementptr    ) [ 011000000]
Matrix_A_BRAM_V_12_addr       (getelementptr    ) [ 011000000]
tmp_1                         (mux              ) [ 011111100]
tmp_3                         (mux              ) [ 011111000]
tmp_5                         (mux              ) [ 011111000]
tmp_7                         (mux              ) [ 011111100]
tmp_9                         (mux              ) [ 011111100]
tmp_s                         (mux              ) [ 011111100]
tmp_2                         (mux              ) [ 011111100]
tmp_4                         (mux              ) [ 011111000]
tmp_6                         (mux              ) [ 011111000]
tmp_8                         (mux              ) [ 011111000]
tmp_10                        (mux              ) [ 011111000]
tmp_11                        (mux              ) [ 011111000]
tmp_12                        (mux              ) [ 011111000]
tmp_13                        (mux              ) [ 011111100]
tmp_14                        (mux              ) [ 011111100]
add_ln61                      (add              ) [ 000000000]
store_ln61                    (store            ) [ 000000000]
store_ln61                    (store            ) [ 000000000]
Matrix_A_BRAM_V_2_addr        (getelementptr    ) [ 010100000]
Matrix_A_BRAM_V_3_addr        (getelementptr    ) [ 010100000]
Matrix_A_BRAM_V_5_addr        (getelementptr    ) [ 010100000]
Matrix_A_BRAM_V_8_addr        (getelementptr    ) [ 010100000]
Matrix_A_BRAM_V_9_addr        (getelementptr    ) [ 010100000]
Matrix_A_BRAM_V_11_addr       (getelementptr    ) [ 010100000]
Matrix_A_BRAM_V_1_load        (load             ) [ 010111000]
Matrix_A_BRAM_V_7_load        (load             ) [ 010111000]
Matrix_A_BRAM_V_10_load       (load             ) [ 010111000]
Matrix_A_BRAM_V_12_load       (load             ) [ 010111000]
Matrix_A_BRAM_V_addr          (getelementptr    ) [ 010010000]
Matrix_A_BRAM_V_4_addr        (getelementptr    ) [ 010010000]
Matrix_A_BRAM_V_6_addr        (getelementptr    ) [ 010010000]
Matrix_A_BRAM_V_13_addr       (getelementptr    ) [ 010010000]
Matrix_A_BRAM_V_14_addr       (getelementptr    ) [ 010010000]
Matrix_A_BRAM_V_2_load        (load             ) [ 010011000]
Matrix_A_BRAM_V_3_load        (load             ) [ 010011100]
Matrix_A_BRAM_V_5_load        (load             ) [ 010011100]
Matrix_A_BRAM_V_8_load        (load             ) [ 010011000]
Matrix_A_BRAM_V_9_load        (load             ) [ 010011000]
Matrix_A_BRAM_V_11_load       (load             ) [ 010011000]
Matrix_A_BRAM_V_load          (load             ) [ 010001100]
Matrix_A_BRAM_V_4_load        (load             ) [ 010001100]
Matrix_A_BRAM_V_6_load        (load             ) [ 010001100]
Matrix_A_BRAM_V_13_load       (load             ) [ 010001100]
Matrix_A_BRAM_V_14_load       (load             ) [ 010001100]
mul_ln840_1                   (mul              ) [ 010000100]
mul_ln840_2                   (mul              ) [ 010000100]
mul_ln840_7                   (mul              ) [ 010000100]
mul_ln840_8                   (mul              ) [ 010000100]
mul_ln840_9                   (mul              ) [ 010000100]
mul_ln840_10                  (mul              ) [ 010000100]
mul_ln840_11                  (mul              ) [ 010000100]
mul_ln840_12                  (mul              ) [ 010000100]
mul_ln840                     (mul              ) [ 010000010]
mul_ln840_3                   (mul              ) [ 010000010]
mul_ln840_4                   (mul              ) [ 010000010]
mul_ln840_5                   (mul              ) [ 010000010]
mul_ln840_6                   (mul              ) [ 010000010]
mul_ln840_13                  (mul              ) [ 010000010]
mul_ln840_14                  (mul              ) [ 010000010]
add_ln840                     (add              ) [ 010000010]
add_ln840_6                   (add              ) [ 000000000]
add_ln840_7                   (add              ) [ 000000000]
add_ln840_9                   (add              ) [ 010000010]
add_ln840_8                   (add              ) [ 010000010]
add_ln840_1                   (add              ) [ 000000000]
add_ln840_2                   (add              ) [ 000000000]
add_ln840_3                   (add              ) [ 000000000]
add_ln840_4                   (add              ) [ 000000000]
add_ln840_5                   (add              ) [ 010000001]
add_ln840_10                  (add              ) [ 000000000]
add_ln840_11                  (add              ) [ 000000000]
add_ln840_12                  (add              ) [ 010000001]
conv3_i_1488_load             (load             ) [ 000000000]
specpipeline_ln63             (specpipeline     ) [ 000000000]
specloopname_ln61             (specloopname     ) [ 000000000]
add_ln840_13                  (add              ) [ 000000000]
add_ln840_14                  (add              ) [ 000000000]
store_ln61                    (store            ) [ 000000000]
br_ln61                       (br               ) [ 000000000]
conv3_i_1488_load_1           (load             ) [ 000000000]
write_ln0                     (write            ) [ 000000000]
ret_ln0                       (ret              ) [ 000000000]
</LifeTime>

<model>

<comp_list>
<comp id="0" class="1000" name="Matrix_C_BRAM_V_load">
<pin_list>
<pin id="1" dir="1" index="0" bw="1" slack="0"/>
</pin_list>
<bind>
<StgValue><ssdm name="Matrix_C_BRAM_V_load"/></StgValue>
</bind>
</comp>

<comp id="2" class="1000" name="add_ln186">
<pin_list>
<pin id="3" dir="1" index="0" bw="1" slack="0"/>
</pin_list>
<bind>
<StgValue><ssdm name="add_ln186"/></StgValue>
</bind>
</comp>

<comp id="4" class="1000" name="Matrix_A_BRAM_V">
<pin_list>
<pin id="5" dir="1" index="0" bw="1" slack="0"/>
</pin_list>
<bind>
<StgValue><ssdm name="Matrix_A_BRAM_V"/><MemPortTyVec>1 3 </MemPortTyVec>
</StgValue>
</bind>
</comp>

<comp id="6" class="1000" name="Matrix_A_BRAM_V_1">
<pin_list>
<pin id="7" dir="1" index="0" bw="1" slack="0"/>
</pin_list>
<bind>
<StgValue><ssdm name="Matrix_A_BRAM_V_1"/><MemPortTyVec>1 3 </MemPortTyVec>
</StgValue>
</bind>
</comp>

<comp id="8" class="1000" name="Matrix_A_BRAM_V_2">
<pin_list>
<pin id="9" dir="1" index="0" bw="1" slack="0"/>
</pin_list>
<bind>
<StgValue><ssdm name="Matrix_A_BRAM_V_2"/><MemPortTyVec>1 3 </MemPortTyVec>
</StgValue>
</bind>
</comp>

<comp id="10" class="1000" name="Matrix_A_BRAM_V_3">
<pin_list>
<pin id="11" dir="1" index="0" bw="1" slack="0"/>
</pin_list>
<bind>
<StgValue><ssdm name="Matrix_A_BRAM_V_3"/><MemPortTyVec>1 3 </MemPortTyVec>
</StgValue>
</bind>
</comp>

<comp id="12" class="1000" name="Matrix_A_BRAM_V_4">
<pin_list>
<pin id="13" dir="1" index="0" bw="1" slack="0"/>
</pin_list>
<bind>
<StgValue><ssdm name="Matrix_A_BRAM_V_4"/><MemPortTyVec>1 3 </MemPortTyVec>
</StgValue>
</bind>
</comp>

<comp id="14" class="1000" name="Matrix_A_BRAM_V_5">
<pin_list>
<pin id="15" dir="1" index="0" bw="1" slack="0"/>
</pin_list>
<bind>
<StgValue><ssdm name="Matrix_A_BRAM_V_5"/><MemPortTyVec>1 3 </MemPortTyVec>
</StgValue>
</bind>
</comp>

<comp id="16" class="1000" name="Matrix_A_BRAM_V_6">
<pin_list>
<pin id="17" dir="1" index="0" bw="1" slack="0"/>
</pin_list>
<bind>
<StgValue><ssdm name="Matrix_A_BRAM_V_6"/><MemPortTyVec>1 3 </MemPortTyVec>
</StgValue>
</bind>
</comp>

<comp id="18" class="1000" name="Matrix_A_BRAM_V_7">
<pin_list>
<pin id="19" dir="1" index="0" bw="1" slack="0"/>
</pin_list>
<bind>
<StgValue><ssdm name="Matrix_A_BRAM_V_7"/><MemPortTyVec>1 3 </MemPortTyVec>
</StgValue>
</bind>
</comp>

<comp id="20" class="1000" name="Matrix_A_BRAM_V_8">
<pin_list>
<pin id="21" dir="1" index="0" bw="1" slack="0"/>
</pin_list>
<bind>
<StgValue><ssdm name="Matrix_A_BRAM_V_8"/><MemPortTyVec>1 3 </MemPortTyVec>
</StgValue>
</bind>
</comp>

<comp id="22" class="1000" name="Matrix_A_BRAM_V_9">
<pin_list>
<pin id="23" dir="1" index="0" bw="1" slack="0"/>
</pin_list>
<bind>
<StgValue><ssdm name="Matrix_A_BRAM_V_9"/><MemPortTyVec>1 3 </MemPortTyVec>
</StgValue>
</bind>
</comp>

<comp id="24" class="1000" name="Matrix_A_BRAM_V_10">
<pin_list>
<pin id="25" dir="1" index="0" bw="1" slack="0"/>
</pin_list>
<bind>
<StgValue><ssdm name="Matrix_A_BRAM_V_10"/><MemPortTyVec>1 3 </MemPortTyVec>
</StgValue>
</bind>
</comp>

<comp id="26" class="1000" name="Matrix_A_BRAM_V_11">
<pin_list>
<pin id="27" dir="1" index="0" bw="1" slack="0"/>
</pin_list>
<bind>
<StgValue><ssdm name="Matrix_A_BRAM_V_11"/><MemPortTyVec>1 3 </MemPortTyVec>
</StgValue>
</bind>
</comp>

<comp id="28" class="1000" name="Matrix_A_BRAM_V_12">
<pin_list>
<pin id="29" dir="1" index="0" bw="1" slack="0"/>
</pin_list>
<bind>
<StgValue><ssdm name="Matrix_A_BRAM_V_12"/><MemPortTyVec>1 3 </MemPortTyVec>
</StgValue>
</bind>
</comp>

<comp id="30" class="1000" name="Matrix_A_BRAM_V_13">
<pin_list>
<pin id="31" dir="1" index="0" bw="1" slack="0"/>
</pin_list>
<bind>
<StgValue><ssdm name="Matrix_A_BRAM_V_13"/><MemPortTyVec>1 3 </MemPortTyVec>
</StgValue>
</bind>
</comp>

<comp id="32" class="1000" name="Matrix_A_BRAM_V_14">
<pin_list>
<pin id="33" dir="1" index="0" bw="1" slack="0"/>
</pin_list>
<bind>
<StgValue><ssdm name="Matrix_A_BRAM_V_14"/><MemPortTyVec>1 3 </MemPortTyVec>
</StgValue>
</bind>
</comp>

<comp id="34" class="1000" name="Matrix_B_BRAM_V_load">
<pin_list>
<pin id="35" dir="1" index="0" bw="1" slack="0"/>
</pin_list>
<bind>
<StgValue><ssdm name="Matrix_B_BRAM_V_load"/></StgValue>
</bind>
</comp>

<comp id="36" class="1000" name="Matrix_B_BRAM_V_1_load">
<pin_list>
<pin id="37" dir="1" index="0" bw="1" slack="0"/>
</pin_list>
<bind>
<StgValue><ssdm name="Matrix_B_BRAM_V_1_load"/></StgValue>
</bind>
</comp>

<comp id="38" class="1000" name="Matrix_B_BRAM_V_2_load">
<pin_list>
<pin id="39" dir="1" index="0" bw="1" slack="0"/>
</pin_list>
<bind>
<StgValue><ssdm name="Matrix_B_BRAM_V_2_load"/></StgValue>
</bind>
</comp>

<comp id="40" class="1000" name="Matrix_B_BRAM_V_3_load">
<pin_list>
<pin id="41" dir="1" index="0" bw="1" slack="0"/>
</pin_list>
<bind>
<StgValue><ssdm name="Matrix_B_BRAM_V_3_load"/></StgValue>
</bind>
</comp>

<comp id="42" class="1000" name="Matrix_B_BRAM_V_4_load">
<pin_list>
<pin id="43" dir="1" index="0" bw="1" slack="0"/>
</pin_list>
<bind>
<StgValue><ssdm name="Matrix_B_BRAM_V_4_load"/></StgValue>
</bind>
</comp>

<comp id="44" class="1000" name="Matrix_B_BRAM_V_5_load">
<pin_list>
<pin id="45" dir="1" index="0" bw="1" slack="0"/>
</pin_list>
<bind>
<StgValue><ssdm name="Matrix_B_BRAM_V_5_load"/></StgValue>
</bind>
</comp>

<comp id="46" class="1000" name="Matrix_B_BRAM_V_6_load">
<pin_list>
<pin id="47" dir="1" index="0" bw="1" slack="0"/>
</pin_list>
<bind>
<StgValue><ssdm name="Matrix_B_BRAM_V_6_load"/></StgValue>
</bind>
</comp>

<comp id="48" class="1000" name="Matrix_B_BRAM_V_7_load">
<pin_list>
<pin id="49" dir="1" index="0" bw="1" slack="0"/>
</pin_list>
<bind>
<StgValue><ssdm name="Matrix_B_BRAM_V_7_load"/></StgValue>
</bind>
</comp>

<comp id="50" class="1000" name="Matrix_B_BRAM_V_8_load">
<pin_list>
<pin id="51" dir="1" index="0" bw="1" slack="0"/>
</pin_list>
<bind>
<StgValue><ssdm name="Matrix_B_BRAM_V_8_load"/></StgValue>
</bind>
</comp>

<comp id="52" class="1000" name="Matrix_B_BRAM_V_9_load">
<pin_list>
<pin id="53" dir="1" index="0" bw="1" slack="0"/>
</pin_list>
<bind>
<StgValue><ssdm name="Matrix_B_BRAM_V_9_load"/></StgValue>
</bind>
</comp>

<comp id="54" class="1000" name="Matrix_B_BRAM_V_10_load">
<pin_list>
<pin id="55" dir="1" index="0" bw="1" slack="0"/>
</pin_list>
<bind>
<StgValue><ssdm name="Matrix_B_BRAM_V_10_load"/></StgValue>
</bind>
</comp>

<comp id="56" class="1000" name="Matrix_B_BRAM_V_11_load">
<pin_list>
<pin id="57" dir="1" index="0" bw="1" slack="0"/>
</pin_list>
<bind>
<StgValue><ssdm name="Matrix_B_BRAM_V_11_load"/></StgValue>
</bind>
</comp>

<comp id="58" class="1000" name="Matrix_B_BRAM_V_12_load">
<pin_list>
<pin id="59" dir="1" index="0" bw="1" slack="0"/>
</pin_list>
<bind>
<StgValue><ssdm name="Matrix_B_BRAM_V_12_load"/></StgValue>
</bind>
</comp>

<comp id="60" class="1000" name="Matrix_B_BRAM_V_13_load">
<pin_list>
<pin id="61" dir="1" index="0" bw="1" slack="0"/>
</pin_list>
<bind>
<StgValue><ssdm name="Matrix_B_BRAM_V_13_load"/></StgValue>
</bind>
</comp>

<comp id="62" class="1000" name="Matrix_B_BRAM_V_14_load">
<pin_list>
<pin id="63" dir="1" index="0" bw="1" slack="0"/>
</pin_list>
<bind>
<StgValue><ssdm name="Matrix_B_BRAM_V_14_load"/></StgValue>
</bind>
</comp>

<comp id="64" class="1000" name="Matrix_B_BRAM_V_15_load">
<pin_list>
<pin id="65" dir="1" index="0" bw="1" slack="0"/>
</pin_list>
<bind>
<StgValue><ssdm name="Matrix_B_BRAM_V_15_load"/></StgValue>
</bind>
</comp>

<comp id="66" class="1000" name="Matrix_B_BRAM_V_16_load">
<pin_list>
<pin id="67" dir="1" index="0" bw="1" slack="0"/>
</pin_list>
<bind>
<StgValue><ssdm name="Matrix_B_BRAM_V_16_load"/></StgValue>
</bind>
</comp>

<comp id="68" class="1000" name="Matrix_B_BRAM_V_17_load">
<pin_list>
<pin id="69" dir="1" index="0" bw="1" slack="0"/>
</pin_list>
<bind>
<StgValue><ssdm name="Matrix_B_BRAM_V_17_load"/></StgValue>
</bind>
</comp>

<comp id="70" class="1000" name="Matrix_B_BRAM_V_18_load">
<pin_list>
<pin id="71" dir="1" index="0" bw="1" slack="0"/>
</pin_list>
<bind>
<StgValue><ssdm name="Matrix_B_BRAM_V_18_load"/></StgValue>
</bind>
</comp>

<comp id="72" class="1000" name="Matrix_B_BRAM_V_19_load">
<pin_list>
<pin id="73" dir="1" index="0" bw="1" slack="0"/>
</pin_list>
<bind>
<StgValue><ssdm name="Matrix_B_BRAM_V_19_load"/></StgValue>
</bind>
</comp>

<comp id="74" class="1000" name="Matrix_B_BRAM_V_20_load">
<pin_list>
<pin id="75" dir="1" index="0" bw="1" slack="0"/>
</pin_list>
<bind>
<StgValue><ssdm name="Matrix_B_BRAM_V_20_load"/></StgValue>
</bind>
</comp>

<comp id="76" class="1000" name="Matrix_B_BRAM_V_21_load">
<pin_list>
<pin id="77" dir="1" index="0" bw="1" slack="0"/>
</pin_list>
<bind>
<StgValue><ssdm name="Matrix_B_BRAM_V_21_load"/></StgValue>
</bind>
</comp>

<comp id="78" class="1000" name="Matrix_B_BRAM_V_22_load">
<pin_list>
<pin id="79" dir="1" index="0" bw="1" slack="0"/>
</pin_list>
<bind>
<StgValue><ssdm name="Matrix_B_BRAM_V_22_load"/></StgValue>
</bind>
</comp>

<comp id="80" class="1000" name="Matrix_B_BRAM_V_23_load">
<pin_list>
<pin id="81" dir="1" index="0" bw="1" slack="0"/>
</pin_list>
<bind>
<StgValue><ssdm name="Matrix_B_BRAM_V_23_load"/></StgValue>
</bind>
</comp>

<comp id="82" class="1000" name="Matrix_B_BRAM_V_24_load">
<pin_list>
<pin id="83" dir="1" index="0" bw="1" slack="0"/>
</pin_list>
<bind>
<StgValue><ssdm name="Matrix_B_BRAM_V_24_load"/></StgValue>
</bind>
</comp>

<comp id="84" class="1000" name="Matrix_B_BRAM_V_25_load">
<pin_list>
<pin id="85" dir="1" index="0" bw="1" slack="0"/>
</pin_list>
<bind>
<StgValue><ssdm name="Matrix_B_BRAM_V_25_load"/></StgValue>
</bind>
</comp>

<comp id="86" class="1000" name="Matrix_B_BRAM_V_26_load">
<pin_list>
<pin id="87" dir="1" index="0" bw="1" slack="0"/>
</pin_list>
<bind>
<StgValue><ssdm name="Matrix_B_BRAM_V_26_load"/></StgValue>
</bind>
</comp>

<comp id="88" class="1000" name="Matrix_B_BRAM_V_27_load">
<pin_list>
<pin id="89" dir="1" index="0" bw="1" slack="0"/>
</pin_list>
<bind>
<StgValue><ssdm name="Matrix_B_BRAM_V_27_load"/></StgValue>
</bind>
</comp>

<comp id="90" class="1000" name="Matrix_B_BRAM_V_28_load">
<pin_list>
<pin id="91" dir="1" index="0" bw="1" slack="0"/>
</pin_list>
<bind>
<StgValue><ssdm name="Matrix_B_BRAM_V_28_load"/></StgValue>
</bind>
</comp>

<comp id="92" class="1000" name="Matrix_B_BRAM_V_29_load">
<pin_list>
<pin id="93" dir="1" index="0" bw="1" slack="0"/>
</pin_list>
<bind>
<StgValue><ssdm name="Matrix_B_BRAM_V_29_load"/></StgValue>
</bind>
</comp>

<comp id="94" class="1000" name="Matrix_B_BRAM_V_30_load">
<pin_list>
<pin id="95" dir="1" index="0" bw="1" slack="0"/>
</pin_list>
<bind>
<StgValue><ssdm name="Matrix_B_BRAM_V_30_load"/></StgValue>
</bind>
</comp>

<comp id="96" class="1000" name="Matrix_B_BRAM_V_31_load">
<pin_list>
<pin id="97" dir="1" index="0" bw="1" slack="0"/>
</pin_list>
<bind>
<StgValue><ssdm name="Matrix_B_BRAM_V_31_load"/></StgValue>
</bind>
</comp>

<comp id="98" class="1000" name="Matrix_B_BRAM_V_32_load">
<pin_list>
<pin id="99" dir="1" index="0" bw="1" slack="0"/>
</pin_list>
<bind>
<StgValue><ssdm name="Matrix_B_BRAM_V_32_load"/></StgValue>
</bind>
</comp>

<comp id="100" class="1000" name="Matrix_B_BRAM_V_33_load">
<pin_list>
<pin id="101" dir="1" index="0" bw="1" slack="0"/>
</pin_list>
<bind>
<StgValue><ssdm name="Matrix_B_BRAM_V_33_load"/></StgValue>
</bind>
</comp>

<comp id="102" class="1000" name="Matrix_B_BRAM_V_34_load">
<pin_list>
<pin id="103" dir="1" index="0" bw="1" slack="0"/>
</pin_list>
<bind>
<StgValue><ssdm name="Matrix_B_BRAM_V_34_load"/></StgValue>
</bind>
</comp>

<comp id="104" class="1000" name="Matrix_B_BRAM_V_35_load">
<pin_list>
<pin id="105" dir="1" index="0" bw="1" slack="0"/>
</pin_list>
<bind>
<StgValue><ssdm name="Matrix_B_BRAM_V_35_load"/></StgValue>
</bind>
</comp>

<comp id="106" class="1000" name="Matrix_B_BRAM_V_36_load">
<pin_list>
<pin id="107" dir="1" index="0" bw="1" slack="0"/>
</pin_list>
<bind>
<StgValue><ssdm name="Matrix_B_BRAM_V_36_load"/></StgValue>
</bind>
</comp>

<comp id="108" class="1000" name="Matrix_B_BRAM_V_37_load">
<pin_list>
<pin id="109" dir="1" index="0" bw="1" slack="0"/>
</pin_list>
<bind>
<StgValue><ssdm name="Matrix_B_BRAM_V_37_load"/></StgValue>
</bind>
</comp>

<comp id="110" class="1000" name="Matrix_B_BRAM_V_38_load">
<pin_list>
<pin id="111" dir="1" index="0" bw="1" slack="0"/>
</pin_list>
<bind>
<StgValue><ssdm name="Matrix_B_BRAM_V_38_load"/></StgValue>
</bind>
</comp>

<comp id="112" class="1000" name="Matrix_B_BRAM_V_39_load">
<pin_list>
<pin id="113" dir="1" index="0" bw="1" slack="0"/>
</pin_list>
<bind>
<StgValue><ssdm name="Matrix_B_BRAM_V_39_load"/></StgValue>
</bind>
</comp>

<comp id="114" class="1000" name="Matrix_B_BRAM_V_40_load">
<pin_list>
<pin id="115" dir="1" index="0" bw="1" slack="0"/>
</pin_list>
<bind>
<StgValue><ssdm name="Matrix_B_BRAM_V_40_load"/></StgValue>
</bind>
</comp>

<comp id="116" class="1000" name="Matrix_B_BRAM_V_41_load">
<pin_list>
<pin id="117" dir="1" index="0" bw="1" slack="0"/>
</pin_list>
<bind>
<StgValue><ssdm name="Matrix_B_BRAM_V_41_load"/></StgValue>
</bind>
</comp>

<comp id="118" class="1000" name="Matrix_B_BRAM_V_42_load">
<pin_list>
<pin id="119" dir="1" index="0" bw="1" slack="0"/>
</pin_list>
<bind>
<StgValue><ssdm name="Matrix_B_BRAM_V_42_load"/></StgValue>
</bind>
</comp>

<comp id="120" class="1000" name="Matrix_B_BRAM_V_43_load">
<pin_list>
<pin id="121" dir="1" index="0" bw="1" slack="0"/>
</pin_list>
<bind>
<StgValue><ssdm name="Matrix_B_BRAM_V_43_load"/></StgValue>
</bind>
</comp>

<comp id="122" class="1000" name="Matrix_B_BRAM_V_44_load">
<pin_list>
<pin id="123" dir="1" index="0" bw="1" slack="0"/>
</pin_list>
<bind>
<StgValue><ssdm name="Matrix_B_BRAM_V_44_load"/></StgValue>
</bind>
</comp>

<comp id="124" class="1000" name="Matrix_B_BRAM_V_45_load">
<pin_list>
<pin id="125" dir="1" index="0" bw="1" slack="0"/>
</pin_list>
<bind>
<StgValue><ssdm name="Matrix_B_BRAM_V_45_load"/></StgValue>
</bind>
</comp>

<comp id="126" class="1000" name="Matrix_B_BRAM_V_46_load">
<pin_list>
<pin id="127" dir="1" index="0" bw="1" slack="0"/>
</pin_list>
<bind>
<StgValue><ssdm name="Matrix_B_BRAM_V_46_load"/></StgValue>
</bind>
</comp>

<comp id="128" class="1000" name="Matrix_B_BRAM_V_47_load">
<pin_list>
<pin id="129" dir="1" index="0" bw="1" slack="0"/>
</pin_list>
<bind>
<StgValue><ssdm name="Matrix_B_BRAM_V_47_load"/></StgValue>
</bind>
</comp>

<comp id="130" class="1000" name="Matrix_B_BRAM_V_48_load">
<pin_list>
<pin id="131" dir="1" index="0" bw="1" slack="0"/>
</pin_list>
<bind>
<StgValue><ssdm name="Matrix_B_BRAM_V_48_load"/></StgValue>
</bind>
</comp>

<comp id="132" class="1000" name="Matrix_B_BRAM_V_49_load">
<pin_list>
<pin id="133" dir="1" index="0" bw="1" slack="0"/>
</pin_list>
<bind>
<StgValue><ssdm name="Matrix_B_BRAM_V_49_load"/></StgValue>
</bind>
</comp>

<comp id="134" class="1000" name="Matrix_B_BRAM_V_50_load">
<pin_list>
<pin id="135" dir="1" index="0" bw="1" slack="0"/>
</pin_list>
<bind>
<StgValue><ssdm name="Matrix_B_BRAM_V_50_load"/></StgValue>
</bind>
</comp>

<comp id="136" class="1000" name="Matrix_B_BRAM_V_51_load">
<pin_list>
<pin id="137" dir="1" index="0" bw="1" slack="0"/>
</pin_list>
<bind>
<StgValue><ssdm name="Matrix_B_BRAM_V_51_load"/></StgValue>
</bind>
</comp>

<comp id="138" class="1000" name="Matrix_B_BRAM_V_52_load">
<pin_list>
<pin id="139" dir="1" index="0" bw="1" slack="0"/>
</pin_list>
<bind>
<StgValue><ssdm name="Matrix_B_BRAM_V_52_load"/></StgValue>
</bind>
</comp>

<comp id="140" class="1000" name="Matrix_B_BRAM_V_53_load">
<pin_list>
<pin id="141" dir="1" index="0" bw="1" slack="0"/>
</pin_list>
<bind>
<StgValue><ssdm name="Matrix_B_BRAM_V_53_load"/></StgValue>
</bind>
</comp>

<comp id="142" class="1000" name="Matrix_B_BRAM_V_54_load">
<pin_list>
<pin id="143" dir="1" index="0" bw="1" slack="0"/>
</pin_list>
<bind>
<StgValue><ssdm name="Matrix_B_BRAM_V_54_load"/></StgValue>
</bind>
</comp>

<comp id="144" class="1000" name="Matrix_B_BRAM_V_55_load">
<pin_list>
<pin id="145" dir="1" index="0" bw="1" slack="0"/>
</pin_list>
<bind>
<StgValue><ssdm name="Matrix_B_BRAM_V_55_load"/></StgValue>
</bind>
</comp>

<comp id="146" class="1000" name="Matrix_B_BRAM_V_56_load">
<pin_list>
<pin id="147" dir="1" index="0" bw="1" slack="0"/>
</pin_list>
<bind>
<StgValue><ssdm name="Matrix_B_BRAM_V_56_load"/></StgValue>
</bind>
</comp>

<comp id="148" class="1000" name="Matrix_B_BRAM_V_57_load">
<pin_list>
<pin id="149" dir="1" index="0" bw="1" slack="0"/>
</pin_list>
<bind>
<StgValue><ssdm name="Matrix_B_BRAM_V_57_load"/></StgValue>
</bind>
</comp>

<comp id="150" class="1000" name="Matrix_B_BRAM_V_58_load">
<pin_list>
<pin id="151" dir="1" index="0" bw="1" slack="0"/>
</pin_list>
<bind>
<StgValue><ssdm name="Matrix_B_BRAM_V_58_load"/></StgValue>
</bind>
</comp>

<comp id="152" class="1000" name="Matrix_B_BRAM_V_59_load">
<pin_list>
<pin id="153" dir="1" index="0" bw="1" slack="0"/>
</pin_list>
<bind>
<StgValue><ssdm name="Matrix_B_BRAM_V_59_load"/></StgValue>
</bind>
</comp>

<comp id="154" class="1000" name="Matrix_B_BRAM_V_60_load">
<pin_list>
<pin id="155" dir="1" index="0" bw="1" slack="0"/>
</pin_list>
<bind>
<StgValue><ssdm name="Matrix_B_BRAM_V_60_load"/></StgValue>
</bind>
</comp>

<comp id="156" class="1000" name="Matrix_B_BRAM_V_61_load">
<pin_list>
<pin id="157" dir="1" index="0" bw="1" slack="0"/>
</pin_list>
<bind>
<StgValue><ssdm name="Matrix_B_BRAM_V_61_load"/></StgValue>
</bind>
</comp>

<comp id="158" class="1000" name="Matrix_B_BRAM_V_62_load">
<pin_list>
<pin id="159" dir="1" index="0" bw="1" slack="0"/>
</pin_list>
<bind>
<StgValue><ssdm name="Matrix_B_BRAM_V_62_load"/></StgValue>
</bind>
</comp>

<comp id="160" class="1000" name="Matrix_B_BRAM_V_63_load">
<pin_list>
<pin id="161" dir="1" index="0" bw="1" slack="0"/>
</pin_list>
<bind>
<StgValue><ssdm name="Matrix_B_BRAM_V_63_load"/></StgValue>
</bind>
</comp>

<comp id="162" class="1000" name="Matrix_B_BRAM_V_64_load">
<pin_list>
<pin id="163" dir="1" index="0" bw="1" slack="0"/>
</pin_list>
<bind>
<StgValue><ssdm name="Matrix_B_BRAM_V_64_load"/></StgValue>
</bind>
</comp>

<comp id="164" class="1000" name="Matrix_B_BRAM_V_65_load">
<pin_list>
<pin id="165" dir="1" index="0" bw="1" slack="0"/>
</pin_list>
<bind>
<StgValue><ssdm name="Matrix_B_BRAM_V_65_load"/></StgValue>
</bind>
</comp>

<comp id="166" class="1000" name="Matrix_B_BRAM_V_66_load">
<pin_list>
<pin id="167" dir="1" index="0" bw="1" slack="0"/>
</pin_list>
<bind>
<StgValue><ssdm name="Matrix_B_BRAM_V_66_load"/></StgValue>
</bind>
</comp>

<comp id="168" class="1000" name="Matrix_B_BRAM_V_67_load">
<pin_list>
<pin id="169" dir="1" index="0" bw="1" slack="0"/>
</pin_list>
<bind>
<StgValue><ssdm name="Matrix_B_BRAM_V_67_load"/></StgValue>
</bind>
</comp>

<comp id="170" class="1000" name="Matrix_B_BRAM_V_68_load">
<pin_list>
<pin id="171" dir="1" index="0" bw="1" slack="0"/>
</pin_list>
<bind>
<StgValue><ssdm name="Matrix_B_BRAM_V_68_load"/></StgValue>
</bind>
</comp>

<comp id="172" class="1000" name="Matrix_B_BRAM_V_69_load">
<pin_list>
<pin id="173" dir="1" index="0" bw="1" slack="0"/>
</pin_list>
<bind>
<StgValue><ssdm name="Matrix_B_BRAM_V_69_load"/></StgValue>
</bind>
</comp>

<comp id="174" class="1000" name="Matrix_B_BRAM_V_70_load">
<pin_list>
<pin id="175" dir="1" index="0" bw="1" slack="0"/>
</pin_list>
<bind>
<StgValue><ssdm name="Matrix_B_BRAM_V_70_load"/></StgValue>
</bind>
</comp>

<comp id="176" class="1000" name="Matrix_B_BRAM_V_71_load">
<pin_list>
<pin id="177" dir="1" index="0" bw="1" slack="0"/>
</pin_list>
<bind>
<StgValue><ssdm name="Matrix_B_BRAM_V_71_load"/></StgValue>
</bind>
</comp>

<comp id="178" class="1000" name="Matrix_B_BRAM_V_72_load">
<pin_list>
<pin id="179" dir="1" index="0" bw="1" slack="0"/>
</pin_list>
<bind>
<StgValue><ssdm name="Matrix_B_BRAM_V_72_load"/></StgValue>
</bind>
</comp>

<comp id="180" class="1000" name="Matrix_B_BRAM_V_73_load">
<pin_list>
<pin id="181" dir="1" index="0" bw="1" slack="0"/>
</pin_list>
<bind>
<StgValue><ssdm name="Matrix_B_BRAM_V_73_load"/></StgValue>
</bind>
</comp>

<comp id="182" class="1000" name="Matrix_B_BRAM_V_74_load">
<pin_list>
<pin id="183" dir="1" index="0" bw="1" slack="0"/>
</pin_list>
<bind>
<StgValue><ssdm name="Matrix_B_BRAM_V_74_load"/></StgValue>
</bind>
</comp>

<comp id="184" class="1000" name="Matrix_B_BRAM_V_75_load">
<pin_list>
<pin id="185" dir="1" index="0" bw="1" slack="0"/>
</pin_list>
<bind>
<StgValue><ssdm name="Matrix_B_BRAM_V_75_load"/></StgValue>
</bind>
</comp>

<comp id="186" class="1000" name="Matrix_B_BRAM_V_76_load">
<pin_list>
<pin id="187" dir="1" index="0" bw="1" slack="0"/>
</pin_list>
<bind>
<StgValue><ssdm name="Matrix_B_BRAM_V_76_load"/></StgValue>
</bind>
</comp>

<comp id="188" class="1000" name="Matrix_B_BRAM_V_77_load">
<pin_list>
<pin id="189" dir="1" index="0" bw="1" slack="0"/>
</pin_list>
<bind>
<StgValue><ssdm name="Matrix_B_BRAM_V_77_load"/></StgValue>
</bind>
</comp>

<comp id="190" class="1000" name="Matrix_B_BRAM_V_78_load">
<pin_list>
<pin id="191" dir="1" index="0" bw="1" slack="0"/>
</pin_list>
<bind>
<StgValue><ssdm name="Matrix_B_BRAM_V_78_load"/></StgValue>
</bind>
</comp>

<comp id="192" class="1000" name="Matrix_B_BRAM_V_79_load">
<pin_list>
<pin id="193" dir="1" index="0" bw="1" slack="0"/>
</pin_list>
<bind>
<StgValue><ssdm name="Matrix_B_BRAM_V_79_load"/></StgValue>
</bind>
</comp>

<comp id="194" class="1000" name="Matrix_B_BRAM_V_80_load">
<pin_list>
<pin id="195" dir="1" index="0" bw="1" slack="0"/>
</pin_list>
<bind>
<StgValue><ssdm name="Matrix_B_BRAM_V_80_load"/></StgValue>
</bind>
</comp>

<comp id="196" class="1000" name="Matrix_B_BRAM_V_81_load">
<pin_list>
<pin id="197" dir="1" index="0" bw="1" slack="0"/>
</pin_list>
<bind>
<StgValue><ssdm name="Matrix_B_BRAM_V_81_load"/></StgValue>
</bind>
</comp>

<comp id="198" class="1000" name="Matrix_B_BRAM_V_82_load">
<pin_list>
<pin id="199" dir="1" index="0" bw="1" slack="0"/>
</pin_list>
<bind>
<StgValue><ssdm name="Matrix_B_BRAM_V_82_load"/></StgValue>
</bind>
</comp>

<comp id="200" class="1000" name="Matrix_B_BRAM_V_83_load">
<pin_list>
<pin id="201" dir="1" index="0" bw="1" slack="0"/>
</pin_list>
<bind>
<StgValue><ssdm name="Matrix_B_BRAM_V_83_load"/></StgValue>
</bind>
</comp>

<comp id="202" class="1000" name="Matrix_B_BRAM_V_84_load">
<pin_list>
<pin id="203" dir="1" index="0" bw="1" slack="0"/>
</pin_list>
<bind>
<StgValue><ssdm name="Matrix_B_BRAM_V_84_load"/></StgValue>
</bind>
</comp>

<comp id="204" class="1000" name="Matrix_B_BRAM_V_85_load">
<pin_list>
<pin id="205" dir="1" index="0" bw="1" slack="0"/>
</pin_list>
<bind>
<StgValue><ssdm name="Matrix_B_BRAM_V_85_load"/></StgValue>
</bind>
</comp>

<comp id="206" class="1000" name="Matrix_B_BRAM_V_86_load">
<pin_list>
<pin id="207" dir="1" index="0" bw="1" slack="0"/>
</pin_list>
<bind>
<StgValue><ssdm name="Matrix_B_BRAM_V_86_load"/></StgValue>
</bind>
</comp>

<comp id="208" class="1000" name="Matrix_B_BRAM_V_87_load">
<pin_list>
<pin id="209" dir="1" index="0" bw="1" slack="0"/>
</pin_list>
<bind>
<StgValue><ssdm name="Matrix_B_BRAM_V_87_load"/></StgValue>
</bind>
</comp>

<comp id="210" class="1000" name="Matrix_B_BRAM_V_88_load">
<pin_list>
<pin id="211" dir="1" index="0" bw="1" slack="0"/>
</pin_list>
<bind>
<StgValue><ssdm name="Matrix_B_BRAM_V_88_load"/></StgValue>
</bind>
</comp>

<comp id="212" class="1000" name="Matrix_B_BRAM_V_89_load">
<pin_list>
<pin id="213" dir="1" index="0" bw="1" slack="0"/>
</pin_list>
<bind>
<StgValue><ssdm name="Matrix_B_BRAM_V_89_load"/></StgValue>
</bind>
</comp>

<comp id="214" class="1000" name="Matrix_B_BRAM_V_90_load">
<pin_list>
<pin id="215" dir="1" index="0" bw="1" slack="0"/>
</pin_list>
<bind>
<StgValue><ssdm name="Matrix_B_BRAM_V_90_load"/></StgValue>
</bind>
</comp>

<comp id="216" class="1000" name="Matrix_B_BRAM_V_91_load">
<pin_list>
<pin id="217" dir="1" index="0" bw="1" slack="0"/>
</pin_list>
<bind>
<StgValue><ssdm name="Matrix_B_BRAM_V_91_load"/></StgValue>
</bind>
</comp>

<comp id="218" class="1000" name="Matrix_B_BRAM_V_92_load">
<pin_list>
<pin id="219" dir="1" index="0" bw="1" slack="0"/>
</pin_list>
<bind>
<StgValue><ssdm name="Matrix_B_BRAM_V_92_load"/></StgValue>
</bind>
</comp>

<comp id="220" class="1000" name="Matrix_B_BRAM_V_93_load">
<pin_list>
<pin id="221" dir="1" index="0" bw="1" slack="0"/>
</pin_list>
<bind>
<StgValue><ssdm name="Matrix_B_BRAM_V_93_load"/></StgValue>
</bind>
</comp>

<comp id="222" class="1000" name="Matrix_B_BRAM_V_94_load">
<pin_list>
<pin id="223" dir="1" index="0" bw="1" slack="0"/>
</pin_list>
<bind>
<StgValue><ssdm name="Matrix_B_BRAM_V_94_load"/></StgValue>
</bind>
</comp>

<comp id="224" class="1000" name="Matrix_B_BRAM_V_95_load">
<pin_list>
<pin id="225" dir="1" index="0" bw="1" slack="0"/>
</pin_list>
<bind>
<StgValue><ssdm name="Matrix_B_BRAM_V_95_load"/></StgValue>
</bind>
</comp>

<comp id="226" class="1000" name="Matrix_B_BRAM_V_96_load">
<pin_list>
<pin id="227" dir="1" index="0" bw="1" slack="0"/>
</pin_list>
<bind>
<StgValue><ssdm name="Matrix_B_BRAM_V_96_load"/></StgValue>
</bind>
</comp>

<comp id="228" class="1000" name="Matrix_B_BRAM_V_97_load">
<pin_list>
<pin id="229" dir="1" index="0" bw="1" slack="0"/>
</pin_list>
<bind>
<StgValue><ssdm name="Matrix_B_BRAM_V_97_load"/></StgValue>
</bind>
</comp>

<comp id="230" class="1000" name="Matrix_B_BRAM_V_98_load">
<pin_list>
<pin id="231" dir="1" index="0" bw="1" slack="0"/>
</pin_list>
<bind>
<StgValue><ssdm name="Matrix_B_BRAM_V_98_load"/></StgValue>
</bind>
</comp>

<comp id="232" class="1000" name="Matrix_B_BRAM_V_99_load">
<pin_list>
<pin id="233" dir="1" index="0" bw="1" slack="0"/>
</pin_list>
<bind>
<StgValue><ssdm name="Matrix_B_BRAM_V_99_load"/></StgValue>
</bind>
</comp>

<comp id="234" class="1000" name="Matrix_B_BRAM_V_100_load">
<pin_list>
<pin id="235" dir="1" index="0" bw="1" slack="0"/>
</pin_list>
<bind>
<StgValue><ssdm name="Matrix_B_BRAM_V_100_load"/></StgValue>
</bind>
</comp>

<comp id="236" class="1000" name="Matrix_B_BRAM_V_101_load">
<pin_list>
<pin id="237" dir="1" index="0" bw="1" slack="0"/>
</pin_list>
<bind>
<StgValue><ssdm name="Matrix_B_BRAM_V_101_load"/></StgValue>
</bind>
</comp>

<comp id="238" class="1000" name="Matrix_B_BRAM_V_102_load">
<pin_list>
<pin id="239" dir="1" index="0" bw="1" slack="0"/>
</pin_list>
<bind>
<StgValue><ssdm name="Matrix_B_BRAM_V_102_load"/></StgValue>
</bind>
</comp>

<comp id="240" class="1000" name="Matrix_B_BRAM_V_103_load">
<pin_list>
<pin id="241" dir="1" index="0" bw="1" slack="0"/>
</pin_list>
<bind>
<StgValue><ssdm name="Matrix_B_BRAM_V_103_load"/></StgValue>
</bind>
</comp>

<comp id="242" class="1000" name="Matrix_B_BRAM_V_104_load">
<pin_list>
<pin id="243" dir="1" index="0" bw="1" slack="0"/>
</pin_list>
<bind>
<StgValue><ssdm name="Matrix_B_BRAM_V_104_load"/></StgValue>
</bind>
</comp>

<comp id="244" class="1000" name="Matrix_B_BRAM_V_105_load">
<pin_list>
<pin id="245" dir="1" index="0" bw="1" slack="0"/>
</pin_list>
<bind>
<StgValue><ssdm name="Matrix_B_BRAM_V_105_load"/></StgValue>
</bind>
</comp>

<comp id="246" class="1000" name="Matrix_B_BRAM_V_106_load">
<pin_list>
<pin id="247" dir="1" index="0" bw="1" slack="0"/>
</pin_list>
<bind>
<StgValue><ssdm name="Matrix_B_BRAM_V_106_load"/></StgValue>
</bind>
</comp>

<comp id="248" class="1000" name="Matrix_B_BRAM_V_107_load">
<pin_list>
<pin id="249" dir="1" index="0" bw="1" slack="0"/>
</pin_list>
<bind>
<StgValue><ssdm name="Matrix_B_BRAM_V_107_load"/></StgValue>
</bind>
</comp>

<comp id="250" class="1000" name="Matrix_B_BRAM_V_108_load">
<pin_list>
<pin id="251" dir="1" index="0" bw="1" slack="0"/>
</pin_list>
<bind>
<StgValue><ssdm name="Matrix_B_BRAM_V_108_load"/></StgValue>
</bind>
</comp>

<comp id="252" class="1000" name="Matrix_B_BRAM_V_109_load">
<pin_list>
<pin id="253" dir="1" index="0" bw="1" slack="0"/>
</pin_list>
<bind>
<StgValue><ssdm name="Matrix_B_BRAM_V_109_load"/></StgValue>
</bind>
</comp>

<comp id="254" class="1000" name="Matrix_B_BRAM_V_110_load">
<pin_list>
<pin id="255" dir="1" index="0" bw="1" slack="0"/>
</pin_list>
<bind>
<StgValue><ssdm name="Matrix_B_BRAM_V_110_load"/></StgValue>
</bind>
</comp>

<comp id="256" class="1000" name="Matrix_B_BRAM_V_111_load">
<pin_list>
<pin id="257" dir="1" index="0" bw="1" slack="0"/>
</pin_list>
<bind>
<StgValue><ssdm name="Matrix_B_BRAM_V_111_load"/></StgValue>
</bind>
</comp>

<comp id="258" class="1000" name="Matrix_B_BRAM_V_112_load">
<pin_list>
<pin id="259" dir="1" index="0" bw="1" slack="0"/>
</pin_list>
<bind>
<StgValue><ssdm name="Matrix_B_BRAM_V_112_load"/></StgValue>
</bind>
</comp>

<comp id="260" class="1000" name="Matrix_B_BRAM_V_113_load">
<pin_list>
<pin id="261" dir="1" index="0" bw="1" slack="0"/>
</pin_list>
<bind>
<StgValue><ssdm name="Matrix_B_BRAM_V_113_load"/></StgValue>
</bind>
</comp>

<comp id="262" class="1000" name="Matrix_B_BRAM_V_114_load">
<pin_list>
<pin id="263" dir="1" index="0" bw="1" slack="0"/>
</pin_list>
<bind>
<StgValue><ssdm name="Matrix_B_BRAM_V_114_load"/></StgValue>
</bind>
</comp>

<comp id="264" class="1000" name="Matrix_B_BRAM_V_115_load">
<pin_list>
<pin id="265" dir="1" index="0" bw="1" slack="0"/>
</pin_list>
<bind>
<StgValue><ssdm name="Matrix_B_BRAM_V_115_load"/></StgValue>
</bind>
</comp>

<comp id="266" class="1000" name="Matrix_B_BRAM_V_116_load">
<pin_list>
<pin id="267" dir="1" index="0" bw="1" slack="0"/>
</pin_list>
<bind>
<StgValue><ssdm name="Matrix_B_BRAM_V_116_load"/></StgValue>
</bind>
</comp>

<comp id="268" class="1000" name="Matrix_B_BRAM_V_117_load">
<pin_list>
<pin id="269" dir="1" index="0" bw="1" slack="0"/>
</pin_list>
<bind>
<StgValue><ssdm name="Matrix_B_BRAM_V_117_load"/></StgValue>
</bind>
</comp>

<comp id="270" class="1000" name="Matrix_B_BRAM_V_118_load">
<pin_list>
<pin id="271" dir="1" index="0" bw="1" slack="0"/>
</pin_list>
<bind>
<StgValue><ssdm name="Matrix_B_BRAM_V_118_load"/></StgValue>
</bind>
</comp>

<comp id="272" class="1000" name="Matrix_B_BRAM_V_119_load">
<pin_list>
<pin id="273" dir="1" index="0" bw="1" slack="0"/>
</pin_list>
<bind>
<StgValue><ssdm name="Matrix_B_BRAM_V_119_load"/></StgValue>
</bind>
</comp>

<comp id="274" class="1000" name="Matrix_B_BRAM_V_120_load">
<pin_list>
<pin id="275" dir="1" index="0" bw="1" slack="0"/>
</pin_list>
<bind>
<StgValue><ssdm name="Matrix_B_BRAM_V_120_load"/></StgValue>
</bind>
</comp>

<comp id="276" class="1000" name="Matrix_B_BRAM_V_121_load">
<pin_list>
<pin id="277" dir="1" index="0" bw="1" slack="0"/>
</pin_list>
<bind>
<StgValue><ssdm name="Matrix_B_BRAM_V_121_load"/></StgValue>
</bind>
</comp>

<comp id="278" class="1000" name="Matrix_B_BRAM_V_122_load">
<pin_list>
<pin id="279" dir="1" index="0" bw="1" slack="0"/>
</pin_list>
<bind>
<StgValue><ssdm name="Matrix_B_BRAM_V_122_load"/></StgValue>
</bind>
</comp>

<comp id="280" class="1000" name="Matrix_B_BRAM_V_123_load">
<pin_list>
<pin id="281" dir="1" index="0" bw="1" slack="0"/>
</pin_list>
<bind>
<StgValue><ssdm name="Matrix_B_BRAM_V_123_load"/></StgValue>
</bind>
</comp>

<comp id="282" class="1000" name="Matrix_B_BRAM_V_124_load">
<pin_list>
<pin id="283" dir="1" index="0" bw="1" slack="0"/>
</pin_list>
<bind>
<StgValue><ssdm name="Matrix_B_BRAM_V_124_load"/></StgValue>
</bind>
</comp>

<comp id="284" class="1000" name="Matrix_B_BRAM_V_125_load">
<pin_list>
<pin id="285" dir="1" index="0" bw="1" slack="0"/>
</pin_list>
<bind>
<StgValue><ssdm name="Matrix_B_BRAM_V_125_load"/></StgValue>
</bind>
</comp>

<comp id="286" class="1000" name="Matrix_B_BRAM_V_126_load">
<pin_list>
<pin id="287" dir="1" index="0" bw="1" slack="0"/>
</pin_list>
<bind>
<StgValue><ssdm name="Matrix_B_BRAM_V_126_load"/></StgValue>
</bind>
</comp>

<comp id="288" class="1000" name="Matrix_B_BRAM_V_127_load">
<pin_list>
<pin id="289" dir="1" index="0" bw="1" slack="0"/>
</pin_list>
<bind>
<StgValue><ssdm name="Matrix_B_BRAM_V_127_load"/></StgValue>
</bind>
</comp>

<comp id="290" class="1000" name="Matrix_B_BRAM_V_128_load">
<pin_list>
<pin id="291" dir="1" index="0" bw="1" slack="0"/>
</pin_list>
<bind>
<StgValue><ssdm name="Matrix_B_BRAM_V_128_load"/></StgValue>
</bind>
</comp>

<comp id="292" class="1000" name="Matrix_B_BRAM_V_129_load">
<pin_list>
<pin id="293" dir="1" index="0" bw="1" slack="0"/>
</pin_list>
<bind>
<StgValue><ssdm name="Matrix_B_BRAM_V_129_load"/></StgValue>
</bind>
</comp>

<comp id="294" class="1000" name="Matrix_B_BRAM_V_130_load">
<pin_list>
<pin id="295" dir="1" index="0" bw="1" slack="0"/>
</pin_list>
<bind>
<StgValue><ssdm name="Matrix_B_BRAM_V_130_load"/></StgValue>
</bind>
</comp>

<comp id="296" class="1000" name="Matrix_B_BRAM_V_131_load">
<pin_list>
<pin id="297" dir="1" index="0" bw="1" slack="0"/>
</pin_list>
<bind>
<StgValue><ssdm name="Matrix_B_BRAM_V_131_load"/></StgValue>
</bind>
</comp>

<comp id="298" class="1000" name="Matrix_B_BRAM_V_132_load">
<pin_list>
<pin id="299" dir="1" index="0" bw="1" slack="0"/>
</pin_list>
<bind>
<StgValue><ssdm name="Matrix_B_BRAM_V_132_load"/></StgValue>
</bind>
</comp>

<comp id="300" class="1000" name="Matrix_B_BRAM_V_133_load">
<pin_list>
<pin id="301" dir="1" index="0" bw="1" slack="0"/>
</pin_list>
<bind>
<StgValue><ssdm name="Matrix_B_BRAM_V_133_load"/></StgValue>
</bind>
</comp>

<comp id="302" class="1000" name="Matrix_B_BRAM_V_134_load">
<pin_list>
<pin id="303" dir="1" index="0" bw="1" slack="0"/>
</pin_list>
<bind>
<StgValue><ssdm name="Matrix_B_BRAM_V_134_load"/></StgValue>
</bind>
</comp>

<comp id="304" class="1000" name="Matrix_B_BRAM_V_135_load">
<pin_list>
<pin id="305" dir="1" index="0" bw="1" slack="0"/>
</pin_list>
<bind>
<StgValue><ssdm name="Matrix_B_BRAM_V_135_load"/></StgValue>
</bind>
</comp>

<comp id="306" class="1000" name="Matrix_B_BRAM_V_136_load">
<pin_list>
<pin id="307" dir="1" index="0" bw="1" slack="0"/>
</pin_list>
<bind>
<StgValue><ssdm name="Matrix_B_BRAM_V_136_load"/></StgValue>
</bind>
</comp>

<comp id="308" class="1000" name="Matrix_B_BRAM_V_137_load">
<pin_list>
<pin id="309" dir="1" index="0" bw="1" slack="0"/>
</pin_list>
<bind>
<StgValue><ssdm name="Matrix_B_BRAM_V_137_load"/></StgValue>
</bind>
</comp>

<comp id="310" class="1000" name="Matrix_B_BRAM_V_138_load">
<pin_list>
<pin id="311" dir="1" index="0" bw="1" slack="0"/>
</pin_list>
<bind>
<StgValue><ssdm name="Matrix_B_BRAM_V_138_load"/></StgValue>
</bind>
</comp>

<comp id="312" class="1000" name="Matrix_B_BRAM_V_139_load">
<pin_list>
<pin id="313" dir="1" index="0" bw="1" slack="0"/>
</pin_list>
<bind>
<StgValue><ssdm name="Matrix_B_BRAM_V_139_load"/></StgValue>
</bind>
</comp>

<comp id="314" class="1000" name="Matrix_B_BRAM_V_140_load">
<pin_list>
<pin id="315" dir="1" index="0" bw="1" slack="0"/>
</pin_list>
<bind>
<StgValue><ssdm name="Matrix_B_BRAM_V_140_load"/></StgValue>
</bind>
</comp>

<comp id="316" class="1000" name="Matrix_B_BRAM_V_141_load">
<pin_list>
<pin id="317" dir="1" index="0" bw="1" slack="0"/>
</pin_list>
<bind>
<StgValue><ssdm name="Matrix_B_BRAM_V_141_load"/></StgValue>
</bind>
</comp>

<comp id="318" class="1000" name="Matrix_B_BRAM_V_142_load">
<pin_list>
<pin id="319" dir="1" index="0" bw="1" slack="0"/>
</pin_list>
<bind>
<StgValue><ssdm name="Matrix_B_BRAM_V_142_load"/></StgValue>
</bind>
</comp>

<comp id="320" class="1000" name="Matrix_B_BRAM_V_143_load">
<pin_list>
<pin id="321" dir="1" index="0" bw="1" slack="0"/>
</pin_list>
<bind>
<StgValue><ssdm name="Matrix_B_BRAM_V_143_load"/></StgValue>
</bind>
</comp>

<comp id="322" class="1000" name="Matrix_B_BRAM_V_144_load">
<pin_list>
<pin id="323" dir="1" index="0" bw="1" slack="0"/>
</pin_list>
<bind>
<StgValue><ssdm name="Matrix_B_BRAM_V_144_load"/></StgValue>
</bind>
</comp>

<comp id="324" class="1000" name="Matrix_B_BRAM_V_145_load">
<pin_list>
<pin id="325" dir="1" index="0" bw="1" slack="0"/>
</pin_list>
<bind>
<StgValue><ssdm name="Matrix_B_BRAM_V_145_load"/></StgValue>
</bind>
</comp>

<comp id="326" class="1000" name="Matrix_B_BRAM_V_146_load">
<pin_list>
<pin id="327" dir="1" index="0" bw="1" slack="0"/>
</pin_list>
<bind>
<StgValue><ssdm name="Matrix_B_BRAM_V_146_load"/></StgValue>
</bind>
</comp>

<comp id="328" class="1000" name="Matrix_B_BRAM_V_147_load">
<pin_list>
<pin id="329" dir="1" index="0" bw="1" slack="0"/>
</pin_list>
<bind>
<StgValue><ssdm name="Matrix_B_BRAM_V_147_load"/></StgValue>
</bind>
</comp>

<comp id="330" class="1000" name="Matrix_B_BRAM_V_148_load">
<pin_list>
<pin id="331" dir="1" index="0" bw="1" slack="0"/>
</pin_list>
<bind>
<StgValue><ssdm name="Matrix_B_BRAM_V_148_load"/></StgValue>
</bind>
</comp>

<comp id="332" class="1000" name="Matrix_B_BRAM_V_149_load">
<pin_list>
<pin id="333" dir="1" index="0" bw="1" slack="0"/>
</pin_list>
<bind>
<StgValue><ssdm name="Matrix_B_BRAM_V_149_load"/></StgValue>
</bind>
</comp>

<comp id="334" class="1000" name="conv3_i_1488_out">
<pin_list>
<pin id="335" dir="1" index="0" bw="1" slack="0"/>
</pin_list>
<bind>
<StgValue><ssdm name="conv3_i_1488_out"/></StgValue>
</bind>
</comp>

<comp id="336" class="1001" name="const_336">
<pin_list>
<pin id="337" dir="1" index="0" bw="1" slack="0"/>
</pin_list>
<bind>
<StgValue><ssdm name=""/></StgValue>
</bind>
</comp>

<comp id="338" class="1001" name="const_338">
<pin_list>
<pin id="339" dir="1" index="0" bw="1" slack="0"/>
</pin_list>
<bind>
<StgValue><ssdm name="_ssdm_op_Read.ap_auto.i16"/></StgValue>
</bind>
</comp>

<comp id="340" class="1001" name="const_340">
<pin_list>
<pin id="341" dir="1" index="0" bw="1" slack="0"/>
</pin_list>
<bind>
<StgValue><ssdm name="_ssdm_op_Read.ap_auto.i10"/></StgValue>
</bind>
</comp>

<comp id="342" class="1001" name="const_342">
<pin_list>
<pin id="343" dir="1" index="0" bw="1" slack="0"/>
</pin_list>
<bind>
<StgValue><ssdm name=""/></StgValue>
</bind>
</comp>

<comp id="344" class="1001" name="const_344">
<pin_list>
<pin id="345" dir="1" index="0" bw="1" slack="0"/>
</pin_list>
<bind>
<StgValue><ssdm name=""/></StgValue>
</bind>
</comp>

<comp id="346" class="1001" name="const_346">
<pin_list>
<pin id="347" dir="1" index="0" bw="1" slack="2147483647"/>
</pin_list>
<bind>
<StgValue><ssdm name="_ssdm_op_SpecLoopTripCount"/></StgValue>
</bind>
</comp>

<comp id="348" class="1001" name="const_348">
<pin_list>
<pin id="349" dir="1" index="0" bw="1" slack="2147483647"/>
</pin_list>
<bind>
<StgValue><ssdm name=""/></StgValue>
</bind>
</comp>

<comp id="350" class="1001" name="const_350">
<pin_list>
<pin id="351" dir="1" index="0" bw="1" slack="0"/>
</pin_list>
<bind>
<StgValue><ssdm name=""/></StgValue>
</bind>
</comp>

<comp id="352" class="1001" name="const_352">
<pin_list>
<pin id="353" dir="1" index="0" bw="1" slack="0"/>
</pin_list>
<bind>
<StgValue><ssdm name=""/></StgValue>
</bind>
</comp>

<comp id="354" class="1001" name="const_354">
<pin_list>
<pin id="355" dir="1" index="0" bw="1" slack="0"/>
</pin_list>
<bind>
<StgValue><ssdm name=""/></StgValue>
</bind>
</comp>

<comp id="356" class="1001" name="const_356">
<pin_list>
<pin id="357" dir="1" index="0" bw="1" slack="0"/>
</pin_list>
<bind>
<StgValue><ssdm name="_ssdm_op_Mux.ap_auto.136i16.i8"/></StgValue>
</bind>
</comp>

<comp id="358" class="1001" name="const_358">
<pin_list>
<pin id="359" dir="1" index="0" bw="1" slack="0"/>
</pin_list>
<bind>
<StgValue><ssdm name=""/></StgValue>
</bind>
</comp>

<comp id="360" class="1001" name="const_360">
<pin_list>
<pin id="361" dir="1" index="0" bw="1" slack="2147483647"/>
</pin_list>
<bind>
<StgValue><ssdm name="_ssdm_op_SpecPipeline"/></StgValue>
</bind>
</comp>

<comp id="362" class="1001" name="const_362">
<pin_list>
<pin id="363" dir="1" index="0" bw="1" slack="2147483647"/>
</pin_list>
<bind>
<StgValue><ssdm name=""/></StgValue>
</bind>
</comp>

<comp id="364" class="1001" name="const_364">
<pin_list>
<pin id="365" dir="1" index="0" bw="1" slack="2147483647"/>
</pin_list>
<bind>
<StgValue><ssdm name="empty_2"/></StgValue>
</bind>
</comp>

<comp id="366" class="1001" name="const_366">
<pin_list>
<pin id="367" dir="1" index="0" bw="1" slack="2147483647"/>
</pin_list>
<bind>
<StgValue><ssdm name="_ssdm_op_SpecLoopName"/></StgValue>
</bind>
</comp>

<comp id="368" class="1001" name="const_368">
<pin_list>
<pin id="369" dir="1" index="0" bw="1" slack="2147483647"/>
</pin_list>
<bind>
<StgValue><ssdm name="empty_10"/></StgValue>
</bind>
</comp>

<comp id="370" class="1001" name="const_370">
<pin_list>
<pin id="371" dir="1" index="0" bw="1" slack="0"/>
</pin_list>
<bind>
<StgValue><ssdm name="_ssdm_op_Write.ap_auto.i16P0A"/></StgValue>
</bind>
</comp>

<comp id="372" class="1004" name="conv3_i_1488_fu_372">
<pin_list>
<pin id="373" dir="0" index="0" bw="1" slack="0"/>
<pin id="374" dir="1" index="1" bw="16" slack="0"/>
</pin_list>
<bind>
<opcode="alloca(26) " fcode="alloca"/>
<opset="conv3_i_1488/1 "/>
</bind>
</comp>

<comp id="376" class="1004" name="dot_fu_376">
<pin_list>
<pin id="377" dir="0" index="0" bw="1" slack="0"/>
<pin id="378" dir="1" index="1" bw="8" slack="0"/>
</pin_list>
<bind>
<opcode="alloca(26) " fcode="alloca"/>
<opset="dot/1 "/>
</bind>
</comp>

<comp id="380" class="1004" name="indvars_iv_fu_380">
<pin_list>
<pin id="381" dir="0" index="0" bw="1" slack="0"/>
<pin id="382" dir="1" index="1" bw="4" slack="0"/>
</pin_list>
<bind>
<opcode="alloca(26) " fcode="alloca"/>
<opset="indvars_iv/1 "/>
</bind>
</comp>

<comp id="384" class="1004" name="Matrix_B_BRAM_V_149_load_read_read_fu_384">
<pin_list>
<pin id="385" dir="0" index="0" bw="16" slack="0"/>
<pin id="386" dir="0" index="1" bw="16" slack="0"/>
<pin id="387" dir="1" index="2" bw="16" slack="0"/>
</pin_list>
<bind>
<opcode="read(1150) " fcode="read"/>
<opset="Matrix_B_BRAM_V_149_load_read/1 "/>
</bind>
</comp>

<comp id="390" class="1004" name="Matrix_B_BRAM_V_148_load_read_read_fu_390">
<pin_list>
<pin id="391" dir="0" index="0" bw="16" slack="0"/>
<pin id="392" dir="0" index="1" bw="16" slack="0"/>
<pin id="393" dir="1" index="2" bw="16" slack="0"/>
</pin_list>
<bind>
<opcode="read(1150) " fcode="read"/>
<opset="Matrix_B_BRAM_V_148_load_read/1 "/>
</bind>
</comp>

<comp id="396" class="1004" name="Matrix_B_BRAM_V_147_load_read_read_fu_396">
<pin_list>
<pin id="397" dir="0" index="0" bw="16" slack="0"/>
<pin id="398" dir="0" index="1" bw="16" slack="0"/>
<pin id="399" dir="1" index="2" bw="16" slack="0"/>
</pin_list>
<bind>
<opcode="read(1150) " fcode="read"/>
<opset="Matrix_B_BRAM_V_147_load_read/1 "/>
</bind>
</comp>

<comp id="402" class="1004" name="Matrix_B_BRAM_V_146_load_read_read_fu_402">
<pin_list>
<pin id="403" dir="0" index="0" bw="16" slack="0"/>
<pin id="404" dir="0" index="1" bw="16" slack="0"/>
<pin id="405" dir="1" index="2" bw="16" slack="0"/>
</pin_list>
<bind>
<opcode="read(1150) " fcode="read"/>
<opset="Matrix_B_BRAM_V_146_load_read/1 "/>
</bind>
</comp>

<comp id="408" class="1004" name="Matrix_B_BRAM_V_145_load_read_read_fu_408">
<pin_list>
<pin id="409" dir="0" index="0" bw="16" slack="0"/>
<pin id="410" dir="0" index="1" bw="16" slack="0"/>
<pin id="411" dir="1" index="2" bw="16" slack="0"/>
</pin_list>
<bind>
<opcode="read(1150) " fcode="read"/>
<opset="Matrix_B_BRAM_V_145_load_read/1 "/>
</bind>
</comp>

<comp id="414" class="1004" name="Matrix_B_BRAM_V_144_load_read_read_fu_414">
<pin_list>
<pin id="415" dir="0" index="0" bw="16" slack="0"/>
<pin id="416" dir="0" index="1" bw="16" slack="0"/>
<pin id="417" dir="1" index="2" bw="16" slack="0"/>
</pin_list>
<bind>
<opcode="read(1150) " fcode="read"/>
<opset="Matrix_B_BRAM_V_144_load_read/1 "/>
</bind>
</comp>

<comp id="420" class="1004" name="Matrix_B_BRAM_V_143_load_read_read_fu_420">
<pin_list>
<pin id="421" dir="0" index="0" bw="16" slack="0"/>
<pin id="422" dir="0" index="1" bw="16" slack="0"/>
<pin id="423" dir="1" index="2" bw="16" slack="0"/>
</pin_list>
<bind>
<opcode="read(1150) " fcode="read"/>
<opset="Matrix_B_BRAM_V_143_load_read/1 "/>
</bind>
</comp>

<comp id="426" class="1004" name="Matrix_B_BRAM_V_142_load_read_read_fu_426">
<pin_list>
<pin id="427" dir="0" index="0" bw="16" slack="0"/>
<pin id="428" dir="0" index="1" bw="16" slack="0"/>
<pin id="429" dir="1" index="2" bw="16" slack="0"/>
</pin_list>
<bind>
<opcode="read(1150) " fcode="read"/>
<opset="Matrix_B_BRAM_V_142_load_read/1 "/>
</bind>
</comp>

<comp id="432" class="1004" name="Matrix_B_BRAM_V_141_load_read_read_fu_432">
<pin_list>
<pin id="433" dir="0" index="0" bw="16" slack="0"/>
<pin id="434" dir="0" index="1" bw="16" slack="0"/>
<pin id="435" dir="1" index="2" bw="16" slack="0"/>
</pin_list>
<bind>
<opcode="read(1150) " fcode="read"/>
<opset="Matrix_B_BRAM_V_141_load_read/1 "/>
</bind>
</comp>

<comp id="438" class="1004" name="Matrix_B_BRAM_V_140_load_read_read_fu_438">
<pin_list>
<pin id="439" dir="0" index="0" bw="16" slack="0"/>
<pin id="440" dir="0" index="1" bw="16" slack="0"/>
<pin id="441" dir="1" index="2" bw="16" slack="0"/>
</pin_list>
<bind>
<opcode="read(1150) " fcode="read"/>
<opset="Matrix_B_BRAM_V_140_load_read/1 "/>
</bind>
</comp>

<comp id="444" class="1004" name="Matrix_B_BRAM_V_139_load_read_read_fu_444">
<pin_list>
<pin id="445" dir="0" index="0" bw="16" slack="0"/>
<pin id="446" dir="0" index="1" bw="16" slack="0"/>
<pin id="447" dir="1" index="2" bw="16" slack="0"/>
</pin_list>
<bind>
<opcode="read(1150) " fcode="read"/>
<opset="Matrix_B_BRAM_V_139_load_read/1 "/>
</bind>
</comp>

<comp id="450" class="1004" name="Matrix_B_BRAM_V_138_load_read_read_fu_450">
<pin_list>
<pin id="451" dir="0" index="0" bw="16" slack="0"/>
<pin id="452" dir="0" index="1" bw="16" slack="0"/>
<pin id="453" dir="1" index="2" bw="16" slack="0"/>
</pin_list>
<bind>
<opcode="read(1150) " fcode="read"/>
<opset="Matrix_B_BRAM_V_138_load_read/1 "/>
</bind>
</comp>

<comp id="456" class="1004" name="Matrix_B_BRAM_V_137_load_read_read_fu_456">
<pin_list>
<pin id="457" dir="0" index="0" bw="16" slack="0"/>
<pin id="458" dir="0" index="1" bw="16" slack="0"/>
<pin id="459" dir="1" index="2" bw="16" slack="0"/>
</pin_list>
<bind>
<opcode="read(1150) " fcode="read"/>
<opset="Matrix_B_BRAM_V_137_load_read/1 "/>
</bind>
</comp>

<comp id="462" class="1004" name="Matrix_B_BRAM_V_136_load_read_read_fu_462">
<pin_list>
<pin id="463" dir="0" index="0" bw="16" slack="0"/>
<pin id="464" dir="0" index="1" bw="16" slack="0"/>
<pin id="465" dir="1" index="2" bw="16" slack="0"/>
</pin_list>
<bind>
<opcode="read(1150) " fcode="read"/>
<opset="Matrix_B_BRAM_V_136_load_read/1 "/>
</bind>
</comp>

<comp id="468" class="1004" name="Matrix_B_BRAM_V_135_load_read_read_fu_468">
<pin_list>
<pin id="469" dir="0" index="0" bw="16" slack="0"/>
<pin id="470" dir="0" index="1" bw="16" slack="0"/>
<pin id="471" dir="1" index="2" bw="16" slack="0"/>
</pin_list>
<bind>
<opcode="read(1150) " fcode="read"/>
<opset="Matrix_B_BRAM_V_135_load_read/1 "/>
</bind>
</comp>

<comp id="474" class="1004" name="Matrix_B_BRAM_V_134_load_read_read_fu_474">
<pin_list>
<pin id="475" dir="0" index="0" bw="16" slack="0"/>
<pin id="476" dir="0" index="1" bw="16" slack="0"/>
<pin id="477" dir="1" index="2" bw="16" slack="0"/>
</pin_list>
<bind>
<opcode="read(1150) " fcode="read"/>
<opset="Matrix_B_BRAM_V_134_load_read/1 "/>
</bind>
</comp>

<comp id="480" class="1004" name="Matrix_B_BRAM_V_133_load_read_read_fu_480">
<pin_list>
<pin id="481" dir="0" index="0" bw="16" slack="0"/>
<pin id="482" dir="0" index="1" bw="16" slack="0"/>
<pin id="483" dir="1" index="2" bw="16" slack="0"/>
</pin_list>
<bind>
<opcode="read(1150) " fcode="read"/>
<opset="Matrix_B_BRAM_V_133_load_read/1 "/>
</bind>
</comp>

<comp id="486" class="1004" name="Matrix_B_BRAM_V_132_load_read_read_fu_486">
<pin_list>
<pin id="487" dir="0" index="0" bw="16" slack="0"/>
<pin id="488" dir="0" index="1" bw="16" slack="0"/>
<pin id="489" dir="1" index="2" bw="16" slack="0"/>
</pin_list>
<bind>
<opcode="read(1150) " fcode="read"/>
<opset="Matrix_B_BRAM_V_132_load_read/1 "/>
</bind>
</comp>

<comp id="492" class="1004" name="Matrix_B_BRAM_V_131_load_read_read_fu_492">
<pin_list>
<pin id="493" dir="0" index="0" bw="16" slack="0"/>
<pin id="494" dir="0" index="1" bw="16" slack="0"/>
<pin id="495" dir="1" index="2" bw="16" slack="0"/>
</pin_list>
<bind>
<opcode="read(1150) " fcode="read"/>
<opset="Matrix_B_BRAM_V_131_load_read/1 "/>
</bind>
</comp>

<comp id="498" class="1004" name="Matrix_B_BRAM_V_130_load_read_read_fu_498">
<pin_list>
<pin id="499" dir="0" index="0" bw="16" slack="0"/>
<pin id="500" dir="0" index="1" bw="16" slack="0"/>
<pin id="501" dir="1" index="2" bw="16" slack="0"/>
</pin_list>
<bind>
<opcode="read(1150) " fcode="read"/>
<opset="Matrix_B_BRAM_V_130_load_read/1 "/>
</bind>
</comp>

<comp id="504" class="1004" name="Matrix_B_BRAM_V_129_load_read_read_fu_504">
<pin_list>
<pin id="505" dir="0" index="0" bw="16" slack="0"/>
<pin id="506" dir="0" index="1" bw="16" slack="0"/>
<pin id="507" dir="1" index="2" bw="16" slack="0"/>
</pin_list>
<bind>
<opcode="read(1150) " fcode="read"/>
<opset="Matrix_B_BRAM_V_129_load_read/1 "/>
</bind>
</comp>

<comp id="510" class="1004" name="Matrix_B_BRAM_V_128_load_read_read_fu_510">
<pin_list>
<pin id="511" dir="0" index="0" bw="16" slack="0"/>
<pin id="512" dir="0" index="1" bw="16" slack="0"/>
<pin id="513" dir="1" index="2" bw="16" slack="0"/>
</pin_list>
<bind>
<opcode="read(1150) " fcode="read"/>
<opset="Matrix_B_BRAM_V_128_load_read/1 "/>
</bind>
</comp>

<comp id="516" class="1004" name="Matrix_B_BRAM_V_127_load_read_read_fu_516">
<pin_list>
<pin id="517" dir="0" index="0" bw="16" slack="0"/>
<pin id="518" dir="0" index="1" bw="16" slack="0"/>
<pin id="519" dir="1" index="2" bw="16" slack="0"/>
</pin_list>
<bind>
<opcode="read(1150) " fcode="read"/>
<opset="Matrix_B_BRAM_V_127_load_read/1 "/>
</bind>
</comp>

<comp id="522" class="1004" name="Matrix_B_BRAM_V_126_load_read_read_fu_522">
<pin_list>
<pin id="523" dir="0" index="0" bw="16" slack="0"/>
<pin id="524" dir="0" index="1" bw="16" slack="0"/>
<pin id="525" dir="1" index="2" bw="16" slack="0"/>
</pin_list>
<bind>
<opcode="read(1150) " fcode="read"/>
<opset="Matrix_B_BRAM_V_126_load_read/1 "/>
</bind>
</comp>

<comp id="528" class="1004" name="Matrix_B_BRAM_V_125_load_read_read_fu_528">
<pin_list>
<pin id="529" dir="0" index="0" bw="16" slack="0"/>
<pin id="530" dir="0" index="1" bw="16" slack="0"/>
<pin id="531" dir="1" index="2" bw="16" slack="0"/>
</pin_list>
<bind>
<opcode="read(1150) " fcode="read"/>
<opset="Matrix_B_BRAM_V_125_load_read/1 "/>
</bind>
</comp>

<comp id="534" class="1004" name="Matrix_B_BRAM_V_124_load_read_read_fu_534">
<pin_list>
<pin id="535" dir="0" index="0" bw="16" slack="0"/>
<pin id="536" dir="0" index="1" bw="16" slack="0"/>
<pin id="537" dir="1" index="2" bw="16" slack="0"/>
</pin_list>
<bind>
<opcode="read(1150) " fcode="read"/>
<opset="Matrix_B_BRAM_V_124_load_read/1 "/>
</bind>
</comp>

<comp id="540" class="1004" name="Matrix_B_BRAM_V_123_load_read_read_fu_540">
<pin_list>
<pin id="541" dir="0" index="0" bw="16" slack="0"/>
<pin id="542" dir="0" index="1" bw="16" slack="0"/>
<pin id="543" dir="1" index="2" bw="16" slack="0"/>
</pin_list>
<bind>
<opcode="read(1150) " fcode="read"/>
<opset="Matrix_B_BRAM_V_123_load_read/1 "/>
</bind>
</comp>

<comp id="546" class="1004" name="Matrix_B_BRAM_V_122_load_read_read_fu_546">
<pin_list>
<pin id="547" dir="0" index="0" bw="16" slack="0"/>
<pin id="548" dir="0" index="1" bw="16" slack="0"/>
<pin id="549" dir="1" index="2" bw="16" slack="0"/>
</pin_list>
<bind>
<opcode="read(1150) " fcode="read"/>
<opset="Matrix_B_BRAM_V_122_load_read/1 "/>
</bind>
</comp>

<comp id="552" class="1004" name="Matrix_B_BRAM_V_121_load_read_read_fu_552">
<pin_list>
<pin id="553" dir="0" index="0" bw="16" slack="0"/>
<pin id="554" dir="0" index="1" bw="16" slack="0"/>
<pin id="555" dir="1" index="2" bw="16" slack="0"/>
</pin_list>
<bind>
<opcode="read(1150) " fcode="read"/>
<opset="Matrix_B_BRAM_V_121_load_read/1 "/>
</bind>
</comp>

<comp id="558" class="1004" name="Matrix_B_BRAM_V_120_load_read_read_fu_558">
<pin_list>
<pin id="559" dir="0" index="0" bw="16" slack="0"/>
<pin id="560" dir="0" index="1" bw="16" slack="0"/>
<pin id="561" dir="1" index="2" bw="16" slack="0"/>
</pin_list>
<bind>
<opcode="read(1150) " fcode="read"/>
<opset="Matrix_B_BRAM_V_120_load_read/1 "/>
</bind>
</comp>

<comp id="564" class="1004" name="Matrix_B_BRAM_V_119_load_read_read_fu_564">
<pin_list>
<pin id="565" dir="0" index="0" bw="16" slack="0"/>
<pin id="566" dir="0" index="1" bw="16" slack="0"/>
<pin id="567" dir="1" index="2" bw="16" slack="0"/>
</pin_list>
<bind>
<opcode="read(1150) " fcode="read"/>
<opset="Matrix_B_BRAM_V_119_load_read/1 "/>
</bind>
</comp>

<comp id="570" class="1004" name="Matrix_B_BRAM_V_118_load_read_read_fu_570">
<pin_list>
<pin id="571" dir="0" index="0" bw="16" slack="0"/>
<pin id="572" dir="0" index="1" bw="16" slack="0"/>
<pin id="573" dir="1" index="2" bw="16" slack="0"/>
</pin_list>
<bind>
<opcode="read(1150) " fcode="read"/>
<opset="Matrix_B_BRAM_V_118_load_read/1 "/>
</bind>
</comp>

<comp id="576" class="1004" name="Matrix_B_BRAM_V_117_load_read_read_fu_576">
<pin_list>
<pin id="577" dir="0" index="0" bw="16" slack="0"/>
<pin id="578" dir="0" index="1" bw="16" slack="0"/>
<pin id="579" dir="1" index="2" bw="16" slack="0"/>
</pin_list>
<bind>
<opcode="read(1150) " fcode="read"/>
<opset="Matrix_B_BRAM_V_117_load_read/1 "/>
</bind>
</comp>

<comp id="582" class="1004" name="Matrix_B_BRAM_V_116_load_read_read_fu_582">
<pin_list>
<pin id="583" dir="0" index="0" bw="16" slack="0"/>
<pin id="584" dir="0" index="1" bw="16" slack="0"/>
<pin id="585" dir="1" index="2" bw="16" slack="0"/>
</pin_list>
<bind>
<opcode="read(1150) " fcode="read"/>
<opset="Matrix_B_BRAM_V_116_load_read/1 "/>
</bind>
</comp>

<comp id="588" class="1004" name="Matrix_B_BRAM_V_115_load_read_read_fu_588">
<pin_list>
<pin id="589" dir="0" index="0" bw="16" slack="0"/>
<pin id="590" dir="0" index="1" bw="16" slack="0"/>
<pin id="591" dir="1" index="2" bw="16" slack="0"/>
</pin_list>
<bind>
<opcode="read(1150) " fcode="read"/>
<opset="Matrix_B_BRAM_V_115_load_read/1 "/>
</bind>
</comp>

<comp id="594" class="1004" name="Matrix_B_BRAM_V_114_load_read_read_fu_594">
<pin_list>
<pin id="595" dir="0" index="0" bw="16" slack="0"/>
<pin id="596" dir="0" index="1" bw="16" slack="0"/>
<pin id="597" dir="1" index="2" bw="16" slack="0"/>
</pin_list>
<bind>
<opcode="read(1150) " fcode="read"/>
<opset="Matrix_B_BRAM_V_114_load_read/1 "/>
</bind>
</comp>

<comp id="600" class="1004" name="Matrix_B_BRAM_V_113_load_read_read_fu_600">
<pin_list>
<pin id="601" dir="0" index="0" bw="16" slack="0"/>
<pin id="602" dir="0" index="1" bw="16" slack="0"/>
<pin id="603" dir="1" index="2" bw="16" slack="0"/>
</pin_list>
<bind>
<opcode="read(1150) " fcode="read"/>
<opset="Matrix_B_BRAM_V_113_load_read/1 "/>
</bind>
</comp>

<comp id="606" class="1004" name="Matrix_B_BRAM_V_112_load_read_read_fu_606">
<pin_list>
<pin id="607" dir="0" index="0" bw="16" slack="0"/>
<pin id="608" dir="0" index="1" bw="16" slack="0"/>
<pin id="609" dir="1" index="2" bw="16" slack="0"/>
</pin_list>
<bind>
<opcode="read(1150) " fcode="read"/>
<opset="Matrix_B_BRAM_V_112_load_read/1 "/>
</bind>
</comp>

<comp id="612" class="1004" name="Matrix_B_BRAM_V_111_load_read_read_fu_612">
<pin_list>
<pin id="613" dir="0" index="0" bw="16" slack="0"/>
<pin id="614" dir="0" index="1" bw="16" slack="0"/>
<pin id="615" dir="1" index="2" bw="16" slack="0"/>
</pin_list>
<bind>
<opcode="read(1150) " fcode="read"/>
<opset="Matrix_B_BRAM_V_111_load_read/1 "/>
</bind>
</comp>

<comp id="618" class="1004" name="Matrix_B_BRAM_V_110_load_read_read_fu_618">
<pin_list>
<pin id="619" dir="0" index="0" bw="16" slack="0"/>
<pin id="620" dir="0" index="1" bw="16" slack="0"/>
<pin id="621" dir="1" index="2" bw="16" slack="0"/>
</pin_list>
<bind>
<opcode="read(1150) " fcode="read"/>
<opset="Matrix_B_BRAM_V_110_load_read/1 "/>
</bind>
</comp>

<comp id="624" class="1004" name="Matrix_B_BRAM_V_109_load_read_read_fu_624">
<pin_list>
<pin id="625" dir="0" index="0" bw="16" slack="0"/>
<pin id="626" dir="0" index="1" bw="16" slack="0"/>
<pin id="627" dir="1" index="2" bw="16" slack="0"/>
</pin_list>
<bind>
<opcode="read(1150) " fcode="read"/>
<opset="Matrix_B_BRAM_V_109_load_read/1 "/>
</bind>
</comp>

<comp id="630" class="1004" name="Matrix_B_BRAM_V_108_load_read_read_fu_630">
<pin_list>
<pin id="631" dir="0" index="0" bw="16" slack="0"/>
<pin id="632" dir="0" index="1" bw="16" slack="0"/>
<pin id="633" dir="1" index="2" bw="16" slack="0"/>
</pin_list>
<bind>
<opcode="read(1150) " fcode="read"/>
<opset="Matrix_B_BRAM_V_108_load_read/1 "/>
</bind>
</comp>

<comp id="636" class="1004" name="Matrix_B_BRAM_V_107_load_read_read_fu_636">
<pin_list>
<pin id="637" dir="0" index="0" bw="16" slack="0"/>
<pin id="638" dir="0" index="1" bw="16" slack="0"/>
<pin id="639" dir="1" index="2" bw="16" slack="0"/>
</pin_list>
<bind>
<opcode="read(1150) " fcode="read"/>
<opset="Matrix_B_BRAM_V_107_load_read/1 "/>
</bind>
</comp>

<comp id="642" class="1004" name="Matrix_B_BRAM_V_106_load_read_read_fu_642">
<pin_list>
<pin id="643" dir="0" index="0" bw="16" slack="0"/>
<pin id="644" dir="0" index="1" bw="16" slack="0"/>
<pin id="645" dir="1" index="2" bw="16" slack="0"/>
</pin_list>
<bind>
<opcode="read(1150) " fcode="read"/>
<opset="Matrix_B_BRAM_V_106_load_read/1 "/>
</bind>
</comp>

<comp id="648" class="1004" name="Matrix_B_BRAM_V_105_load_read_read_fu_648">
<pin_list>
<pin id="649" dir="0" index="0" bw="16" slack="0"/>
<pin id="650" dir="0" index="1" bw="16" slack="0"/>
<pin id="651" dir="1" index="2" bw="16" slack="0"/>
</pin_list>
<bind>
<opcode="read(1150) " fcode="read"/>
<opset="Matrix_B_BRAM_V_105_load_read/1 "/>
</bind>
</comp>

<comp id="654" class="1004" name="Matrix_B_BRAM_V_104_load_read_read_fu_654">
<pin_list>
<pin id="655" dir="0" index="0" bw="16" slack="0"/>
<pin id="656" dir="0" index="1" bw="16" slack="0"/>
<pin id="657" dir="1" index="2" bw="16" slack="0"/>
</pin_list>
<bind>
<opcode="read(1150) " fcode="read"/>
<opset="Matrix_B_BRAM_V_104_load_read/1 "/>
</bind>
</comp>

<comp id="660" class="1004" name="Matrix_B_BRAM_V_103_load_read_read_fu_660">
<pin_list>
<pin id="661" dir="0" index="0" bw="16" slack="0"/>
<pin id="662" dir="0" index="1" bw="16" slack="0"/>
<pin id="663" dir="1" index="2" bw="16" slack="0"/>
</pin_list>
<bind>
<opcode="read(1150) " fcode="read"/>
<opset="Matrix_B_BRAM_V_103_load_read/1 "/>
</bind>
</comp>

<comp id="666" class="1004" name="Matrix_B_BRAM_V_102_load_read_read_fu_666">
<pin_list>
<pin id="667" dir="0" index="0" bw="16" slack="0"/>
<pin id="668" dir="0" index="1" bw="16" slack="0"/>
<pin id="669" dir="1" index="2" bw="16" slack="0"/>
</pin_list>
<bind>
<opcode="read(1150) " fcode="read"/>
<opset="Matrix_B_BRAM_V_102_load_read/1 "/>
</bind>
</comp>

<comp id="672" class="1004" name="Matrix_B_BRAM_V_101_load_read_read_fu_672">
<pin_list>
<pin id="673" dir="0" index="0" bw="16" slack="0"/>
<pin id="674" dir="0" index="1" bw="16" slack="0"/>
<pin id="675" dir="1" index="2" bw="16" slack="0"/>
</pin_list>
<bind>
<opcode="read(1150) " fcode="read"/>
<opset="Matrix_B_BRAM_V_101_load_read/1 "/>
</bind>
</comp>

<comp id="678" class="1004" name="Matrix_B_BRAM_V_100_load_read_read_fu_678">
<pin_list>
<pin id="679" dir="0" index="0" bw="16" slack="0"/>
<pin id="680" dir="0" index="1" bw="16" slack="0"/>
<pin id="681" dir="1" index="2" bw="16" slack="0"/>
</pin_list>
<bind>
<opcode="read(1150) " fcode="read"/>
<opset="Matrix_B_BRAM_V_100_load_read/1 "/>
</bind>
</comp>

<comp id="684" class="1004" name="Matrix_B_BRAM_V_99_load_read_read_fu_684">
<pin_list>
<pin id="685" dir="0" index="0" bw="16" slack="0"/>
<pin id="686" dir="0" index="1" bw="16" slack="0"/>
<pin id="687" dir="1" index="2" bw="16" slack="0"/>
</pin_list>
<bind>
<opcode="read(1150) " fcode="read"/>
<opset="Matrix_B_BRAM_V_99_load_read/1 "/>
</bind>
</comp>

<comp id="690" class="1004" name="Matrix_B_BRAM_V_98_load_read_read_fu_690">
<pin_list>
<pin id="691" dir="0" index="0" bw="16" slack="0"/>
<pin id="692" dir="0" index="1" bw="16" slack="0"/>
<pin id="693" dir="1" index="2" bw="16" slack="0"/>
</pin_list>
<bind>
<opcode="read(1150) " fcode="read"/>
<opset="Matrix_B_BRAM_V_98_load_read/1 "/>
</bind>
</comp>

<comp id="696" class="1004" name="Matrix_B_BRAM_V_97_load_read_read_fu_696">
<pin_list>
<pin id="697" dir="0" index="0" bw="16" slack="0"/>
<pin id="698" dir="0" index="1" bw="16" slack="0"/>
<pin id="699" dir="1" index="2" bw="16" slack="0"/>
</pin_list>
<bind>
<opcode="read(1150) " fcode="read"/>
<opset="Matrix_B_BRAM_V_97_load_read/1 "/>
</bind>
</comp>

<comp id="702" class="1004" name="Matrix_B_BRAM_V_96_load_read_read_fu_702">
<pin_list>
<pin id="703" dir="0" index="0" bw="16" slack="0"/>
<pin id="704" dir="0" index="1" bw="16" slack="0"/>
<pin id="705" dir="1" index="2" bw="16" slack="0"/>
</pin_list>
<bind>
<opcode="read(1150) " fcode="read"/>
<opset="Matrix_B_BRAM_V_96_load_read/1 "/>
</bind>
</comp>

<comp id="708" class="1004" name="Matrix_B_BRAM_V_95_load_read_read_fu_708">
<pin_list>
<pin id="709" dir="0" index="0" bw="16" slack="0"/>
<pin id="710" dir="0" index="1" bw="16" slack="0"/>
<pin id="711" dir="1" index="2" bw="16" slack="0"/>
</pin_list>
<bind>
<opcode="read(1150) " fcode="read"/>
<opset="Matrix_B_BRAM_V_95_load_read/1 "/>
</bind>
</comp>

<comp id="714" class="1004" name="Matrix_B_BRAM_V_94_load_read_read_fu_714">
<pin_list>
<pin id="715" dir="0" index="0" bw="16" slack="0"/>
<pin id="716" dir="0" index="1" bw="16" slack="0"/>
<pin id="717" dir="1" index="2" bw="16" slack="0"/>
</pin_list>
<bind>
<opcode="read(1150) " fcode="read"/>
<opset="Matrix_B_BRAM_V_94_load_read/1 "/>
</bind>
</comp>

<comp id="720" class="1004" name="Matrix_B_BRAM_V_93_load_read_read_fu_720">
<pin_list>
<pin id="721" dir="0" index="0" bw="16" slack="0"/>
<pin id="722" dir="0" index="1" bw="16" slack="0"/>
<pin id="723" dir="1" index="2" bw="16" slack="0"/>
</pin_list>
<bind>
<opcode="read(1150) " fcode="read"/>
<opset="Matrix_B_BRAM_V_93_load_read/1 "/>
</bind>
</comp>

<comp id="726" class="1004" name="Matrix_B_BRAM_V_92_load_read_read_fu_726">
<pin_list>
<pin id="727" dir="0" index="0" bw="16" slack="0"/>
<pin id="728" dir="0" index="1" bw="16" slack="0"/>
<pin id="729" dir="1" index="2" bw="16" slack="0"/>
</pin_list>
<bind>
<opcode="read(1150) " fcode="read"/>
<opset="Matrix_B_BRAM_V_92_load_read/1 "/>
</bind>
</comp>

<comp id="732" class="1004" name="Matrix_B_BRAM_V_91_load_read_read_fu_732">
<pin_list>
<pin id="733" dir="0" index="0" bw="16" slack="0"/>
<pin id="734" dir="0" index="1" bw="16" slack="0"/>
<pin id="735" dir="1" index="2" bw="16" slack="0"/>
</pin_list>
<bind>
<opcode="read(1150) " fcode="read"/>
<opset="Matrix_B_BRAM_V_91_load_read/1 "/>
</bind>
</comp>

<comp id="738" class="1004" name="Matrix_B_BRAM_V_90_load_read_read_fu_738">
<pin_list>
<pin id="739" dir="0" index="0" bw="16" slack="0"/>
<pin id="740" dir="0" index="1" bw="16" slack="0"/>
<pin id="741" dir="1" index="2" bw="16" slack="0"/>
</pin_list>
<bind>
<opcode="read(1150) " fcode="read"/>
<opset="Matrix_B_BRAM_V_90_load_read/1 "/>
</bind>
</comp>

<comp id="744" class="1004" name="Matrix_B_BRAM_V_89_load_read_read_fu_744">
<pin_list>
<pin id="745" dir="0" index="0" bw="16" slack="0"/>
<pin id="746" dir="0" index="1" bw="16" slack="0"/>
<pin id="747" dir="1" index="2" bw="16" slack="0"/>
</pin_list>
<bind>
<opcode="read(1150) " fcode="read"/>
<opset="Matrix_B_BRAM_V_89_load_read/1 "/>
</bind>
</comp>

<comp id="750" class="1004" name="Matrix_B_BRAM_V_88_load_read_read_fu_750">
<pin_list>
<pin id="751" dir="0" index="0" bw="16" slack="0"/>
<pin id="752" dir="0" index="1" bw="16" slack="0"/>
<pin id="753" dir="1" index="2" bw="16" slack="0"/>
</pin_list>
<bind>
<opcode="read(1150) " fcode="read"/>
<opset="Matrix_B_BRAM_V_88_load_read/1 "/>
</bind>
</comp>

<comp id="756" class="1004" name="Matrix_B_BRAM_V_87_load_read_read_fu_756">
<pin_list>
<pin id="757" dir="0" index="0" bw="16" slack="0"/>
<pin id="758" dir="0" index="1" bw="16" slack="0"/>
<pin id="759" dir="1" index="2" bw="16" slack="0"/>
</pin_list>
<bind>
<opcode="read(1150) " fcode="read"/>
<opset="Matrix_B_BRAM_V_87_load_read/1 "/>
</bind>
</comp>

<comp id="762" class="1004" name="Matrix_B_BRAM_V_86_load_read_read_fu_762">
<pin_list>
<pin id="763" dir="0" index="0" bw="16" slack="0"/>
<pin id="764" dir="0" index="1" bw="16" slack="0"/>
<pin id="765" dir="1" index="2" bw="16" slack="0"/>
</pin_list>
<bind>
<opcode="read(1150) " fcode="read"/>
<opset="Matrix_B_BRAM_V_86_load_read/1 "/>
</bind>
</comp>

<comp id="768" class="1004" name="Matrix_B_BRAM_V_85_load_read_read_fu_768">
<pin_list>
<pin id="769" dir="0" index="0" bw="16" slack="0"/>
<pin id="770" dir="0" index="1" bw="16" slack="0"/>
<pin id="771" dir="1" index="2" bw="16" slack="0"/>
</pin_list>
<bind>
<opcode="read(1150) " fcode="read"/>
<opset="Matrix_B_BRAM_V_85_load_read/1 "/>
</bind>
</comp>

<comp id="774" class="1004" name="Matrix_B_BRAM_V_84_load_read_read_fu_774">
<pin_list>
<pin id="775" dir="0" index="0" bw="16" slack="0"/>
<pin id="776" dir="0" index="1" bw="16" slack="0"/>
<pin id="777" dir="1" index="2" bw="16" slack="0"/>
</pin_list>
<bind>
<opcode="read(1150) " fcode="read"/>
<opset="Matrix_B_BRAM_V_84_load_read/1 "/>
</bind>
</comp>

<comp id="780" class="1004" name="Matrix_B_BRAM_V_83_load_read_read_fu_780">
<pin_list>
<pin id="781" dir="0" index="0" bw="16" slack="0"/>
<pin id="782" dir="0" index="1" bw="16" slack="0"/>
<pin id="783" dir="1" index="2" bw="16" slack="0"/>
</pin_list>
<bind>
<opcode="read(1150) " fcode="read"/>
<opset="Matrix_B_BRAM_V_83_load_read/1 "/>
</bind>
</comp>

<comp id="786" class="1004" name="Matrix_B_BRAM_V_82_load_read_read_fu_786">
<pin_list>
<pin id="787" dir="0" index="0" bw="16" slack="0"/>
<pin id="788" dir="0" index="1" bw="16" slack="0"/>
<pin id="789" dir="1" index="2" bw="16" slack="0"/>
</pin_list>
<bind>
<opcode="read(1150) " fcode="read"/>
<opset="Matrix_B_BRAM_V_82_load_read/1 "/>
</bind>
</comp>

<comp id="792" class="1004" name="Matrix_B_BRAM_V_81_load_read_read_fu_792">
<pin_list>
<pin id="793" dir="0" index="0" bw="16" slack="0"/>
<pin id="794" dir="0" index="1" bw="16" slack="0"/>
<pin id="795" dir="1" index="2" bw="16" slack="0"/>
</pin_list>
<bind>
<opcode="read(1150) " fcode="read"/>
<opset="Matrix_B_BRAM_V_81_load_read/1 "/>
</bind>
</comp>

<comp id="798" class="1004" name="Matrix_B_BRAM_V_80_load_read_read_fu_798">
<pin_list>
<pin id="799" dir="0" index="0" bw="16" slack="0"/>
<pin id="800" dir="0" index="1" bw="16" slack="0"/>
<pin id="801" dir="1" index="2" bw="16" slack="0"/>
</pin_list>
<bind>
<opcode="read(1150) " fcode="read"/>
<opset="Matrix_B_BRAM_V_80_load_read/1 "/>
</bind>
</comp>

<comp id="804" class="1004" name="Matrix_B_BRAM_V_79_load_read_read_fu_804">
<pin_list>
<pin id="805" dir="0" index="0" bw="16" slack="0"/>
<pin id="806" dir="0" index="1" bw="16" slack="0"/>
<pin id="807" dir="1" index="2" bw="16" slack="0"/>
</pin_list>
<bind>
<opcode="read(1150) " fcode="read"/>
<opset="Matrix_B_BRAM_V_79_load_read/1 "/>
</bind>
</comp>

<comp id="810" class="1004" name="Matrix_B_BRAM_V_78_load_read_read_fu_810">
<pin_list>
<pin id="811" dir="0" index="0" bw="16" slack="0"/>
<pin id="812" dir="0" index="1" bw="16" slack="0"/>
<pin id="813" dir="1" index="2" bw="16" slack="0"/>
</pin_list>
<bind>
<opcode="read(1150) " fcode="read"/>
<opset="Matrix_B_BRAM_V_78_load_read/1 "/>
</bind>
</comp>

<comp id="816" class="1004" name="Matrix_B_BRAM_V_77_load_read_read_fu_816">
<pin_list>
<pin id="817" dir="0" index="0" bw="16" slack="0"/>
<pin id="818" dir="0" index="1" bw="16" slack="0"/>
<pin id="819" dir="1" index="2" bw="16" slack="0"/>
</pin_list>
<bind>
<opcode="read(1150) " fcode="read"/>
<opset="Matrix_B_BRAM_V_77_load_read/1 "/>
</bind>
</comp>

<comp id="822" class="1004" name="Matrix_B_BRAM_V_76_load_read_read_fu_822">
<pin_list>
<pin id="823" dir="0" index="0" bw="16" slack="0"/>
<pin id="824" dir="0" index="1" bw="16" slack="0"/>
<pin id="825" dir="1" index="2" bw="16" slack="0"/>
</pin_list>
<bind>
<opcode="read(1150) " fcode="read"/>
<opset="Matrix_B_BRAM_V_76_load_read/1 "/>
</bind>
</comp>

<comp id="828" class="1004" name="Matrix_B_BRAM_V_75_load_read_read_fu_828">
<pin_list>
<pin id="829" dir="0" index="0" bw="16" slack="0"/>
<pin id="830" dir="0" index="1" bw="16" slack="0"/>
<pin id="831" dir="1" index="2" bw="16" slack="0"/>
</pin_list>
<bind>
<opcode="read(1150) " fcode="read"/>
<opset="Matrix_B_BRAM_V_75_load_read/1 "/>
</bind>
</comp>

<comp id="834" class="1004" name="Matrix_B_BRAM_V_74_load_read_read_fu_834">
<pin_list>
<pin id="835" dir="0" index="0" bw="16" slack="0"/>
<pin id="836" dir="0" index="1" bw="16" slack="0"/>
<pin id="837" dir="1" index="2" bw="16" slack="0"/>
</pin_list>
<bind>
<opcode="read(1150) " fcode="read"/>
<opset="Matrix_B_BRAM_V_74_load_read/1 "/>
</bind>
</comp>

<comp id="840" class="1004" name="Matrix_B_BRAM_V_73_load_read_read_fu_840">
<pin_list>
<pin id="841" dir="0" index="0" bw="16" slack="0"/>
<pin id="842" dir="0" index="1" bw="16" slack="0"/>
<pin id="843" dir="1" index="2" bw="16" slack="0"/>
</pin_list>
<bind>
<opcode="read(1150) " fcode="read"/>
<opset="Matrix_B_BRAM_V_73_load_read/1 "/>
</bind>
</comp>

<comp id="846" class="1004" name="Matrix_B_BRAM_V_72_load_read_read_fu_846">
<pin_list>
<pin id="847" dir="0" index="0" bw="16" slack="0"/>
<pin id="848" dir="0" index="1" bw="16" slack="0"/>
<pin id="849" dir="1" index="2" bw="16" slack="0"/>
</pin_list>
<bind>
<opcode="read(1150) " fcode="read"/>
<opset="Matrix_B_BRAM_V_72_load_read/1 "/>
</bind>
</comp>

<comp id="852" class="1004" name="Matrix_B_BRAM_V_71_load_read_read_fu_852">
<pin_list>
<pin id="853" dir="0" index="0" bw="16" slack="0"/>
<pin id="854" dir="0" index="1" bw="16" slack="0"/>
<pin id="855" dir="1" index="2" bw="16" slack="0"/>
</pin_list>
<bind>
<opcode="read(1150) " fcode="read"/>
<opset="Matrix_B_BRAM_V_71_load_read/1 "/>
</bind>
</comp>

<comp id="858" class="1004" name="Matrix_B_BRAM_V_70_load_read_read_fu_858">
<pin_list>
<pin id="859" dir="0" index="0" bw="16" slack="0"/>
<pin id="860" dir="0" index="1" bw="16" slack="0"/>
<pin id="861" dir="1" index="2" bw="16" slack="0"/>
</pin_list>
<bind>
<opcode="read(1150) " fcode="read"/>
<opset="Matrix_B_BRAM_V_70_load_read/1 "/>
</bind>
</comp>

<comp id="864" class="1004" name="Matrix_B_BRAM_V_69_load_read_read_fu_864">
<pin_list>
<pin id="865" dir="0" index="0" bw="16" slack="0"/>
<pin id="866" dir="0" index="1" bw="16" slack="0"/>
<pin id="867" dir="1" index="2" bw="16" slack="0"/>
</pin_list>
<bind>
<opcode="read(1150) " fcode="read"/>
<opset="Matrix_B_BRAM_V_69_load_read/1 "/>
</bind>
</comp>

<comp id="870" class="1004" name="Matrix_B_BRAM_V_68_load_read_read_fu_870">
<pin_list>
<pin id="871" dir="0" index="0" bw="16" slack="0"/>
<pin id="872" dir="0" index="1" bw="16" slack="0"/>
<pin id="873" dir="1" index="2" bw="16" slack="0"/>
</pin_list>
<bind>
<opcode="read(1150) " fcode="read"/>
<opset="Matrix_B_BRAM_V_68_load_read/1 "/>
</bind>
</comp>

<comp id="876" class="1004" name="Matrix_B_BRAM_V_67_load_read_read_fu_876">
<pin_list>
<pin id="877" dir="0" index="0" bw="16" slack="0"/>
<pin id="878" dir="0" index="1" bw="16" slack="0"/>
<pin id="879" dir="1" index="2" bw="16" slack="0"/>
</pin_list>
<bind>
<opcode="read(1150) " fcode="read"/>
<opset="Matrix_B_BRAM_V_67_load_read/1 "/>
</bind>
</comp>

<comp id="882" class="1004" name="Matrix_B_BRAM_V_66_load_read_read_fu_882">
<pin_list>
<pin id="883" dir="0" index="0" bw="16" slack="0"/>
<pin id="884" dir="0" index="1" bw="16" slack="0"/>
<pin id="885" dir="1" index="2" bw="16" slack="0"/>
</pin_list>
<bind>
<opcode="read(1150) " fcode="read"/>
<opset="Matrix_B_BRAM_V_66_load_read/1 "/>
</bind>
</comp>

<comp id="888" class="1004" name="Matrix_B_BRAM_V_65_load_read_read_fu_888">
<pin_list>
<pin id="889" dir="0" index="0" bw="16" slack="0"/>
<pin id="890" dir="0" index="1" bw="16" slack="0"/>
<pin id="891" dir="1" index="2" bw="16" slack="0"/>
</pin_list>
<bind>
<opcode="read(1150) " fcode="read"/>
<opset="Matrix_B_BRAM_V_65_load_read/1 "/>
</bind>
</comp>

<comp id="894" class="1004" name="Matrix_B_BRAM_V_64_load_read_read_fu_894">
<pin_list>
<pin id="895" dir="0" index="0" bw="16" slack="0"/>
<pin id="896" dir="0" index="1" bw="16" slack="0"/>
<pin id="897" dir="1" index="2" bw="16" slack="0"/>
</pin_list>
<bind>
<opcode="read(1150) " fcode="read"/>
<opset="Matrix_B_BRAM_V_64_load_read/1 "/>
</bind>
</comp>

<comp id="900" class="1004" name="Matrix_B_BRAM_V_63_load_read_read_fu_900">
<pin_list>
<pin id="901" dir="0" index="0" bw="16" slack="0"/>
<pin id="902" dir="0" index="1" bw="16" slack="0"/>
<pin id="903" dir="1" index="2" bw="16" slack="0"/>
</pin_list>
<bind>
<opcode="read(1150) " fcode="read"/>
<opset="Matrix_B_BRAM_V_63_load_read/1 "/>
</bind>
</comp>

<comp id="906" class="1004" name="Matrix_B_BRAM_V_62_load_read_read_fu_906">
<pin_list>
<pin id="907" dir="0" index="0" bw="16" slack="0"/>
<pin id="908" dir="0" index="1" bw="16" slack="0"/>
<pin id="909" dir="1" index="2" bw="16" slack="0"/>
</pin_list>
<bind>
<opcode="read(1150) " fcode="read"/>
<opset="Matrix_B_BRAM_V_62_load_read/1 "/>
</bind>
</comp>

<comp id="912" class="1004" name="Matrix_B_BRAM_V_61_load_read_read_fu_912">
<pin_list>
<pin id="913" dir="0" index="0" bw="16" slack="0"/>
<pin id="914" dir="0" index="1" bw="16" slack="0"/>
<pin id="915" dir="1" index="2" bw="16" slack="0"/>
</pin_list>
<bind>
<opcode="read(1150) " fcode="read"/>
<opset="Matrix_B_BRAM_V_61_load_read/1 "/>
</bind>
</comp>

<comp id="918" class="1004" name="Matrix_B_BRAM_V_60_load_read_read_fu_918">
<pin_list>
<pin id="919" dir="0" index="0" bw="16" slack="0"/>
<pin id="920" dir="0" index="1" bw="16" slack="0"/>
<pin id="921" dir="1" index="2" bw="16" slack="0"/>
</pin_list>
<bind>
<opcode="read(1150) " fcode="read"/>
<opset="Matrix_B_BRAM_V_60_load_read/1 "/>
</bind>
</comp>

<comp id="924" class="1004" name="Matrix_B_BRAM_V_59_load_read_read_fu_924">
<pin_list>
<pin id="925" dir="0" index="0" bw="16" slack="0"/>
<pin id="926" dir="0" index="1" bw="16" slack="0"/>
<pin id="927" dir="1" index="2" bw="16" slack="0"/>
</pin_list>
<bind>
<opcode="read(1150) " fcode="read"/>
<opset="Matrix_B_BRAM_V_59_load_read/1 "/>
</bind>
</comp>

<comp id="930" class="1004" name="Matrix_B_BRAM_V_58_load_read_read_fu_930">
<pin_list>
<pin id="931" dir="0" index="0" bw="16" slack="0"/>
<pin id="932" dir="0" index="1" bw="16" slack="0"/>
<pin id="933" dir="1" index="2" bw="16" slack="0"/>
</pin_list>
<bind>
<opcode="read(1150) " fcode="read"/>
<opset="Matrix_B_BRAM_V_58_load_read/1 "/>
</bind>
</comp>

<comp id="936" class="1004" name="Matrix_B_BRAM_V_57_load_read_read_fu_936">
<pin_list>
<pin id="937" dir="0" index="0" bw="16" slack="0"/>
<pin id="938" dir="0" index="1" bw="16" slack="0"/>
<pin id="939" dir="1" index="2" bw="16" slack="0"/>
</pin_list>
<bind>
<opcode="read(1150) " fcode="read"/>
<opset="Matrix_B_BRAM_V_57_load_read/1 "/>
</bind>
</comp>

<comp id="942" class="1004" name="Matrix_B_BRAM_V_56_load_read_read_fu_942">
<pin_list>
<pin id="943" dir="0" index="0" bw="16" slack="0"/>
<pin id="944" dir="0" index="1" bw="16" slack="0"/>
<pin id="945" dir="1" index="2" bw="16" slack="0"/>
</pin_list>
<bind>
<opcode="read(1150) " fcode="read"/>
<opset="Matrix_B_BRAM_V_56_load_read/1 "/>
</bind>
</comp>

<comp id="948" class="1004" name="Matrix_B_BRAM_V_55_load_read_read_fu_948">
<pin_list>
<pin id="949" dir="0" index="0" bw="16" slack="0"/>
<pin id="950" dir="0" index="1" bw="16" slack="0"/>
<pin id="951" dir="1" index="2" bw="16" slack="0"/>
</pin_list>
<bind>
<opcode="read(1150) " fcode="read"/>
<opset="Matrix_B_BRAM_V_55_load_read/1 "/>
</bind>
</comp>

<comp id="954" class="1004" name="Matrix_B_BRAM_V_54_load_read_read_fu_954">
<pin_list>
<pin id="955" dir="0" index="0" bw="16" slack="0"/>
<pin id="956" dir="0" index="1" bw="16" slack="0"/>
<pin id="957" dir="1" index="2" bw="16" slack="0"/>
</pin_list>
<bind>
<opcode="read(1150) " fcode="read"/>
<opset="Matrix_B_BRAM_V_54_load_read/1 "/>
</bind>
</comp>

<comp id="960" class="1004" name="Matrix_B_BRAM_V_53_load_read_read_fu_960">
<pin_list>
<pin id="961" dir="0" index="0" bw="16" slack="0"/>
<pin id="962" dir="0" index="1" bw="16" slack="0"/>
<pin id="963" dir="1" index="2" bw="16" slack="0"/>
</pin_list>
<bind>
<opcode="read(1150) " fcode="read"/>
<opset="Matrix_B_BRAM_V_53_load_read/1 "/>
</bind>
</comp>

<comp id="966" class="1004" name="Matrix_B_BRAM_V_52_load_read_read_fu_966">
<pin_list>
<pin id="967" dir="0" index="0" bw="16" slack="0"/>
<pin id="968" dir="0" index="1" bw="16" slack="0"/>
<pin id="969" dir="1" index="2" bw="16" slack="0"/>
</pin_list>
<bind>
<opcode="read(1150) " fcode="read"/>
<opset="Matrix_B_BRAM_V_52_load_read/1 "/>
</bind>
</comp>

<comp id="972" class="1004" name="Matrix_B_BRAM_V_51_load_read_read_fu_972">
<pin_list>
<pin id="973" dir="0" index="0" bw="16" slack="0"/>
<pin id="974" dir="0" index="1" bw="16" slack="0"/>
<pin id="975" dir="1" index="2" bw="16" slack="0"/>
</pin_list>
<bind>
<opcode="read(1150) " fcode="read"/>
<opset="Matrix_B_BRAM_V_51_load_read/1 "/>
</bind>
</comp>

<comp id="978" class="1004" name="Matrix_B_BRAM_V_50_load_read_read_fu_978">
<pin_list>
<pin id="979" dir="0" index="0" bw="16" slack="0"/>
<pin id="980" dir="0" index="1" bw="16" slack="0"/>
<pin id="981" dir="1" index="2" bw="16" slack="0"/>
</pin_list>
<bind>
<opcode="read(1150) " fcode="read"/>
<opset="Matrix_B_BRAM_V_50_load_read/1 "/>
</bind>
</comp>

<comp id="984" class="1004" name="Matrix_B_BRAM_V_49_load_read_read_fu_984">
<pin_list>
<pin id="985" dir="0" index="0" bw="16" slack="0"/>
<pin id="986" dir="0" index="1" bw="16" slack="0"/>
<pin id="987" dir="1" index="2" bw="16" slack="0"/>
</pin_list>
<bind>
<opcode="read(1150) " fcode="read"/>
<opset="Matrix_B_BRAM_V_49_load_read/1 "/>
</bind>
</comp>

<comp id="990" class="1004" name="Matrix_B_BRAM_V_48_load_read_read_fu_990">
<pin_list>
<pin id="991" dir="0" index="0" bw="16" slack="0"/>
<pin id="992" dir="0" index="1" bw="16" slack="0"/>
<pin id="993" dir="1" index="2" bw="16" slack="0"/>
</pin_list>
<bind>
<opcode="read(1150) " fcode="read"/>
<opset="Matrix_B_BRAM_V_48_load_read/1 "/>
</bind>
</comp>

<comp id="996" class="1004" name="Matrix_B_BRAM_V_47_load_read_read_fu_996">
<pin_list>
<pin id="997" dir="0" index="0" bw="16" slack="0"/>
<pin id="998" dir="0" index="1" bw="16" slack="0"/>
<pin id="999" dir="1" index="2" bw="16" slack="0"/>
</pin_list>
<bind>
<opcode="read(1150) " fcode="read"/>
<opset="Matrix_B_BRAM_V_47_load_read/1 "/>
</bind>
</comp>

<comp id="1002" class="1004" name="Matrix_B_BRAM_V_46_load_read_read_fu_1002">
<pin_list>
<pin id="1003" dir="0" index="0" bw="16" slack="0"/>
<pin id="1004" dir="0" index="1" bw="16" slack="0"/>
<pin id="1005" dir="1" index="2" bw="16" slack="0"/>
</pin_list>
<bind>
<opcode="read(1150) " fcode="read"/>
<opset="Matrix_B_BRAM_V_46_load_read/1 "/>
</bind>
</comp>

<comp id="1008" class="1004" name="Matrix_B_BRAM_V_45_load_read_read_fu_1008">
<pin_list>
<pin id="1009" dir="0" index="0" bw="16" slack="0"/>
<pin id="1010" dir="0" index="1" bw="16" slack="0"/>
<pin id="1011" dir="1" index="2" bw="16" slack="0"/>
</pin_list>
<bind>
<opcode="read(1150) " fcode="read"/>
<opset="Matrix_B_BRAM_V_45_load_read/1 "/>
</bind>
</comp>

<comp id="1014" class="1004" name="Matrix_B_BRAM_V_44_load_read_read_fu_1014">
<pin_list>
<pin id="1015" dir="0" index="0" bw="16" slack="0"/>
<pin id="1016" dir="0" index="1" bw="16" slack="0"/>
<pin id="1017" dir="1" index="2" bw="16" slack="0"/>
</pin_list>
<bind>
<opcode="read(1150) " fcode="read"/>
<opset="Matrix_B_BRAM_V_44_load_read/1 "/>
</bind>
</comp>

<comp id="1020" class="1004" name="Matrix_B_BRAM_V_43_load_read_read_fu_1020">
<pin_list>
<pin id="1021" dir="0" index="0" bw="16" slack="0"/>
<pin id="1022" dir="0" index="1" bw="16" slack="0"/>
<pin id="1023" dir="1" index="2" bw="16" slack="0"/>
</pin_list>
<bind>
<opcode="read(1150) " fcode="read"/>
<opset="Matrix_B_BRAM_V_43_load_read/1 "/>
</bind>
</comp>

<comp id="1026" class="1004" name="Matrix_B_BRAM_V_42_load_read_read_fu_1026">
<pin_list>
<pin id="1027" dir="0" index="0" bw="16" slack="0"/>
<pin id="1028" dir="0" index="1" bw="16" slack="0"/>
<pin id="1029" dir="1" index="2" bw="16" slack="0"/>
</pin_list>
<bind>
<opcode="read(1150) " fcode="read"/>
<opset="Matrix_B_BRAM_V_42_load_read/1 "/>
</bind>
</comp>

<comp id="1032" class="1004" name="Matrix_B_BRAM_V_41_load_read_read_fu_1032">
<pin_list>
<pin id="1033" dir="0" index="0" bw="16" slack="0"/>
<pin id="1034" dir="0" index="1" bw="16" slack="0"/>
<pin id="1035" dir="1" index="2" bw="16" slack="0"/>
</pin_list>
<bind>
<opcode="read(1150) " fcode="read"/>
<opset="Matrix_B_BRAM_V_41_load_read/1 "/>
</bind>
</comp>

<comp id="1038" class="1004" name="Matrix_B_BRAM_V_40_load_read_read_fu_1038">
<pin_list>
<pin id="1039" dir="0" index="0" bw="16" slack="0"/>
<pin id="1040" dir="0" index="1" bw="16" slack="0"/>
<pin id="1041" dir="1" index="2" bw="16" slack="0"/>
</pin_list>
<bind>
<opcode="read(1150) " fcode="read"/>
<opset="Matrix_B_BRAM_V_40_load_read/1 "/>
</bind>
</comp>

<comp id="1044" class="1004" name="Matrix_B_BRAM_V_39_load_read_read_fu_1044">
<pin_list>
<pin id="1045" dir="0" index="0" bw="16" slack="0"/>
<pin id="1046" dir="0" index="1" bw="16" slack="0"/>
<pin id="1047" dir="1" index="2" bw="16" slack="0"/>
</pin_list>
<bind>
<opcode="read(1150) " fcode="read"/>
<opset="Matrix_B_BRAM_V_39_load_read/1 "/>
</bind>
</comp>

<comp id="1050" class="1004" name="Matrix_B_BRAM_V_38_load_read_read_fu_1050">
<pin_list>
<pin id="1051" dir="0" index="0" bw="16" slack="0"/>
<pin id="1052" dir="0" index="1" bw="16" slack="0"/>
<pin id="1053" dir="1" index="2" bw="16" slack="0"/>
</pin_list>
<bind>
<opcode="read(1150) " fcode="read"/>
<opset="Matrix_B_BRAM_V_38_load_read/1 "/>
</bind>
</comp>

<comp id="1056" class="1004" name="Matrix_B_BRAM_V_37_load_read_read_fu_1056">
<pin_list>
<pin id="1057" dir="0" index="0" bw="16" slack="0"/>
<pin id="1058" dir="0" index="1" bw="16" slack="0"/>
<pin id="1059" dir="1" index="2" bw="16" slack="0"/>
</pin_list>
<bind>
<opcode="read(1150) " fcode="read"/>
<opset="Matrix_B_BRAM_V_37_load_read/1 "/>
</bind>
</comp>

<comp id="1062" class="1004" name="Matrix_B_BRAM_V_36_load_read_read_fu_1062">
<pin_list>
<pin id="1063" dir="0" index="0" bw="16" slack="0"/>
<pin id="1064" dir="0" index="1" bw="16" slack="0"/>
<pin id="1065" dir="1" index="2" bw="16" slack="0"/>
</pin_list>
<bind>
<opcode="read(1150) " fcode="read"/>
<opset="Matrix_B_BRAM_V_36_load_read/1 "/>
</bind>
</comp>

<comp id="1068" class="1004" name="Matrix_B_BRAM_V_35_load_read_read_fu_1068">
<pin_list>
<pin id="1069" dir="0" index="0" bw="16" slack="0"/>
<pin id="1070" dir="0" index="1" bw="16" slack="0"/>
<pin id="1071" dir="1" index="2" bw="16" slack="0"/>
</pin_list>
<bind>
<opcode="read(1150) " fcode="read"/>
<opset="Matrix_B_BRAM_V_35_load_read/1 "/>
</bind>
</comp>

<comp id="1074" class="1004" name="Matrix_B_BRAM_V_34_load_read_read_fu_1074">
<pin_list>
<pin id="1075" dir="0" index="0" bw="16" slack="0"/>
<pin id="1076" dir="0" index="1" bw="16" slack="0"/>
<pin id="1077" dir="1" index="2" bw="16" slack="0"/>
</pin_list>
<bind>
<opcode="read(1150) " fcode="read"/>
<opset="Matrix_B_BRAM_V_34_load_read/1 "/>
</bind>
</comp>

<comp id="1080" class="1004" name="Matrix_B_BRAM_V_33_load_read_read_fu_1080">
<pin_list>
<pin id="1081" dir="0" index="0" bw="16" slack="0"/>
<pin id="1082" dir="0" index="1" bw="16" slack="0"/>
<pin id="1083" dir="1" index="2" bw="16" slack="0"/>
</pin_list>
<bind>
<opcode="read(1150) " fcode="read"/>
<opset="Matrix_B_BRAM_V_33_load_read/1 "/>
</bind>
</comp>

<comp id="1086" class="1004" name="Matrix_B_BRAM_V_32_load_read_read_fu_1086">
<pin_list>
<pin id="1087" dir="0" index="0" bw="16" slack="0"/>
<pin id="1088" dir="0" index="1" bw="16" slack="0"/>
<pin id="1089" dir="1" index="2" bw="16" slack="0"/>
</pin_list>
<bind>
<opcode="read(1150) " fcode="read"/>
<opset="Matrix_B_BRAM_V_32_load_read/1 "/>
</bind>
</comp>

<comp id="1092" class="1004" name="Matrix_B_BRAM_V_31_load_read_read_fu_1092">
<pin_list>
<pin id="1093" dir="0" index="0" bw="16" slack="0"/>
<pin id="1094" dir="0" index="1" bw="16" slack="0"/>
<pin id="1095" dir="1" index="2" bw="16" slack="0"/>
</pin_list>
<bind>
<opcode="read(1150) " fcode="read"/>
<opset="Matrix_B_BRAM_V_31_load_read/1 "/>
</bind>
</comp>

<comp id="1098" class="1004" name="Matrix_B_BRAM_V_30_load_read_read_fu_1098">
<pin_list>
<pin id="1099" dir="0" index="0" bw="16" slack="0"/>
<pin id="1100" dir="0" index="1" bw="16" slack="0"/>
<pin id="1101" dir="1" index="2" bw="16" slack="0"/>
</pin_list>
<bind>
<opcode="read(1150) " fcode="read"/>
<opset="Matrix_B_BRAM_V_30_load_read/1 "/>
</bind>
</comp>

<comp id="1104" class="1004" name="Matrix_B_BRAM_V_29_load_read_read_fu_1104">
<pin_list>
<pin id="1105" dir="0" index="0" bw="16" slack="0"/>
<pin id="1106" dir="0" index="1" bw="16" slack="0"/>
<pin id="1107" dir="1" index="2" bw="16" slack="0"/>
</pin_list>
<bind>
<opcode="read(1150) " fcode="read"/>
<opset="Matrix_B_BRAM_V_29_load_read/1 "/>
</bind>
</comp>

<comp id="1110" class="1004" name="Matrix_B_BRAM_V_28_load_read_read_fu_1110">
<pin_list>
<pin id="1111" dir="0" index="0" bw="16" slack="0"/>
<pin id="1112" dir="0" index="1" bw="16" slack="0"/>
<pin id="1113" dir="1" index="2" bw="16" slack="0"/>
</pin_list>
<bind>
<opcode="read(1150) " fcode="read"/>
<opset="Matrix_B_BRAM_V_28_load_read/1 "/>
</bind>
</comp>

<comp id="1116" class="1004" name="Matrix_B_BRAM_V_27_load_read_read_fu_1116">
<pin_list>
<pin id="1117" dir="0" index="0" bw="16" slack="0"/>
<pin id="1118" dir="0" index="1" bw="16" slack="0"/>
<pin id="1119" dir="1" index="2" bw="16" slack="0"/>
</pin_list>
<bind>
<opcode="read(1150) " fcode="read"/>
<opset="Matrix_B_BRAM_V_27_load_read/1 "/>
</bind>
</comp>

<comp id="1122" class="1004" name="Matrix_B_BRAM_V_26_load_read_read_fu_1122">
<pin_list>
<pin id="1123" dir="0" index="0" bw="16" slack="0"/>
<pin id="1124" dir="0" index="1" bw="16" slack="0"/>
<pin id="1125" dir="1" index="2" bw="16" slack="0"/>
</pin_list>
<bind>
<opcode="read(1150) " fcode="read"/>
<opset="Matrix_B_BRAM_V_26_load_read/1 "/>
</bind>
</comp>

<comp id="1128" class="1004" name="Matrix_B_BRAM_V_25_load_read_read_fu_1128">
<pin_list>
<pin id="1129" dir="0" index="0" bw="16" slack="0"/>
<pin id="1130" dir="0" index="1" bw="16" slack="0"/>
<pin id="1131" dir="1" index="2" bw="16" slack="0"/>
</pin_list>
<bind>
<opcode="read(1150) " fcode="read"/>
<opset="Matrix_B_BRAM_V_25_load_read/1 "/>
</bind>
</comp>

<comp id="1134" class="1004" name="Matrix_B_BRAM_V_24_load_read_read_fu_1134">
<pin_list>
<pin id="1135" dir="0" index="0" bw="16" slack="0"/>
<pin id="1136" dir="0" index="1" bw="16" slack="0"/>
<pin id="1137" dir="1" index="2" bw="16" slack="0"/>
</pin_list>
<bind>
<opcode="read(1150) " fcode="read"/>
<opset="Matrix_B_BRAM_V_24_load_read/1 "/>
</bind>
</comp>

<comp id="1140" class="1004" name="Matrix_B_BRAM_V_23_load_read_read_fu_1140">
<pin_list>
<pin id="1141" dir="0" index="0" bw="16" slack="0"/>
<pin id="1142" dir="0" index="1" bw="16" slack="0"/>
<pin id="1143" dir="1" index="2" bw="16" slack="0"/>
</pin_list>
<bind>
<opcode="read(1150) " fcode="read"/>
<opset="Matrix_B_BRAM_V_23_load_read/1 "/>
</bind>
</comp>

<comp id="1146" class="1004" name="Matrix_B_BRAM_V_22_load_read_read_fu_1146">
<pin_list>
<pin id="1147" dir="0" index="0" bw="16" slack="0"/>
<pin id="1148" dir="0" index="1" bw="16" slack="0"/>
<pin id="1149" dir="1" index="2" bw="16" slack="0"/>
</pin_list>
<bind>
<opcode="read(1150) " fcode="read"/>
<opset="Matrix_B_BRAM_V_22_load_read/1 "/>
</bind>
</comp>

<comp id="1152" class="1004" name="Matrix_B_BRAM_V_21_load_read_read_fu_1152">
<pin_list>
<pin id="1153" dir="0" index="0" bw="16" slack="0"/>
<pin id="1154" dir="0" index="1" bw="16" slack="0"/>
<pin id="1155" dir="1" index="2" bw="16" slack="0"/>
</pin_list>
<bind>
<opcode="read(1150) " fcode="read"/>
<opset="Matrix_B_BRAM_V_21_load_read/1 "/>
</bind>
</comp>

<comp id="1158" class="1004" name="Matrix_B_BRAM_V_20_load_read_read_fu_1158">
<pin_list>
<pin id="1159" dir="0" index="0" bw="16" slack="0"/>
<pin id="1160" dir="0" index="1" bw="16" slack="0"/>
<pin id="1161" dir="1" index="2" bw="16" slack="0"/>
</pin_list>
<bind>
<opcode="read(1150) " fcode="read"/>
<opset="Matrix_B_BRAM_V_20_load_read/1 "/>
</bind>
</comp>

<comp id="1164" class="1004" name="Matrix_B_BRAM_V_19_load_read_read_fu_1164">
<pin_list>
<pin id="1165" dir="0" index="0" bw="16" slack="0"/>
<pin id="1166" dir="0" index="1" bw="16" slack="0"/>
<pin id="1167" dir="1" index="2" bw="16" slack="0"/>
</pin_list>
<bind>
<opcode="read(1150) " fcode="read"/>
<opset="Matrix_B_BRAM_V_19_load_read/1 "/>
</bind>
</comp>

<comp id="1170" class="1004" name="Matrix_B_BRAM_V_18_load_read_read_fu_1170">
<pin_list>
<pin id="1171" dir="0" index="0" bw="16" slack="0"/>
<pin id="1172" dir="0" index="1" bw="16" slack="0"/>
<pin id="1173" dir="1" index="2" bw="16" slack="0"/>
</pin_list>
<bind>
<opcode="read(1150) " fcode="read"/>
<opset="Matrix_B_BRAM_V_18_load_read/1 "/>
</bind>
</comp>

<comp id="1176" class="1004" name="Matrix_B_BRAM_V_17_load_read_read_fu_1176">
<pin_list>
<pin id="1177" dir="0" index="0" bw="16" slack="0"/>
<pin id="1178" dir="0" index="1" bw="16" slack="0"/>
<pin id="1179" dir="1" index="2" bw="16" slack="0"/>
</pin_list>
<bind>
<opcode="read(1150) " fcode="read"/>
<opset="Matrix_B_BRAM_V_17_load_read/1 "/>
</bind>
</comp>

<comp id="1182" class="1004" name="Matrix_B_BRAM_V_16_load_read_read_fu_1182">
<pin_list>
<pin id="1183" dir="0" index="0" bw="16" slack="0"/>
<pin id="1184" dir="0" index="1" bw="16" slack="0"/>
<pin id="1185" dir="1" index="2" bw="16" slack="0"/>
</pin_list>
<bind>
<opcode="read(1150) " fcode="read"/>
<opset="Matrix_B_BRAM_V_16_load_read/1 "/>
</bind>
</comp>

<comp id="1188" class="1004" name="Matrix_B_BRAM_V_15_load_read_read_fu_1188">
<pin_list>
<pin id="1189" dir="0" index="0" bw="16" slack="0"/>
<pin id="1190" dir="0" index="1" bw="16" slack="0"/>
<pin id="1191" dir="1" index="2" bw="16" slack="0"/>
</pin_list>
<bind>
<opcode="read(1150) " fcode="read"/>
<opset="Matrix_B_BRAM_V_15_load_read/1 "/>
</bind>
</comp>

<comp id="1194" class="1004" name="Matrix_B_BRAM_V_14_load_read_read_fu_1194">
<pin_list>
<pin id="1195" dir="0" index="0" bw="16" slack="0"/>
<pin id="1196" dir="0" index="1" bw="16" slack="0"/>
<pin id="1197" dir="1" index="2" bw="16" slack="0"/>
</pin_list>
<bind>
<opcode="read(1150) " fcode="read"/>
<opset="Matrix_B_BRAM_V_14_load_read/1 "/>
</bind>
</comp>

<comp id="1200" class="1004" name="Matrix_B_BRAM_V_13_load_read_read_fu_1200">
<pin_list>
<pin id="1201" dir="0" index="0" bw="16" slack="0"/>
<pin id="1202" dir="0" index="1" bw="16" slack="0"/>
<pin id="1203" dir="1" index="2" bw="16" slack="0"/>
</pin_list>
<bind>
<opcode="read(1150) " fcode="read"/>
<opset="Matrix_B_BRAM_V_13_load_read/1 "/>
</bind>
</comp>

<comp id="1206" class="1004" name="Matrix_B_BRAM_V_12_load_read_read_fu_1206">
<pin_list>
<pin id="1207" dir="0" index="0" bw="16" slack="0"/>
<pin id="1208" dir="0" index="1" bw="16" slack="0"/>
<pin id="1209" dir="1" index="2" bw="16" slack="0"/>
</pin_list>
<bind>
<opcode="read(1150) " fcode="read"/>
<opset="Matrix_B_BRAM_V_12_load_read/1 "/>
</bind>
</comp>

<comp id="1212" class="1004" name="Matrix_B_BRAM_V_11_load_read_read_fu_1212">
<pin_list>
<pin id="1213" dir="0" index="0" bw="16" slack="0"/>
<pin id="1214" dir="0" index="1" bw="16" slack="0"/>
<pin id="1215" dir="1" index="2" bw="16" slack="0"/>
</pin_list>
<bind>
<opcode="read(1150) " fcode="read"/>
<opset="Matrix_B_BRAM_V_11_load_read/1 "/>
</bind>
</comp>

<comp id="1218" class="1004" name="Matrix_B_BRAM_V_10_load_read_read_fu_1218">
<pin_list>
<pin id="1219" dir="0" index="0" bw="16" slack="0"/>
<pin id="1220" dir="0" index="1" bw="16" slack="0"/>
<pin id="1221" dir="1" index="2" bw="16" slack="0"/>
</pin_list>
<bind>
<opcode="read(1150) " fcode="read"/>
<opset="Matrix_B_BRAM_V_10_load_read/1 "/>
</bind>
</comp>

<comp id="1224" class="1004" name="Matrix_B_BRAM_V_9_load_read_read_fu_1224">
<pin_list>
<pin id="1225" dir="0" index="0" bw="16" slack="0"/>
<pin id="1226" dir="0" index="1" bw="16" slack="0"/>
<pin id="1227" dir="1" index="2" bw="16" slack="0"/>
</pin_list>
<bind>
<opcode="read(1150) " fcode="read"/>
<opset="Matrix_B_BRAM_V_9_load_read/1 "/>
</bind>
</comp>

<comp id="1230" class="1004" name="Matrix_B_BRAM_V_8_load_read_read_fu_1230">
<pin_list>
<pin id="1231" dir="0" index="0" bw="16" slack="0"/>
<pin id="1232" dir="0" index="1" bw="16" slack="0"/>
<pin id="1233" dir="1" index="2" bw="16" slack="0"/>
</pin_list>
<bind>
<opcode="read(1150) " fcode="read"/>
<opset="Matrix_B_BRAM_V_8_load_read/1 "/>
</bind>
</comp>

<comp id="1236" class="1004" name="Matrix_B_BRAM_V_7_load_read_read_fu_1236">
<pin_list>
<pin id="1237" dir="0" index="0" bw="16" slack="0"/>
<pin id="1238" dir="0" index="1" bw="16" slack="0"/>
<pin id="1239" dir="1" index="2" bw="16" slack="0"/>
</pin_list>
<bind>
<opcode="read(1150) " fcode="read"/>
<opset="Matrix_B_BRAM_V_7_load_read/1 "/>
</bind>
</comp>

<comp id="1242" class="1004" name="Matrix_B_BRAM_V_6_load_read_read_fu_1242">
<pin_list>
<pin id="1243" dir="0" index="0" bw="16" slack="0"/>
<pin id="1244" dir="0" index="1" bw="16" slack="0"/>
<pin id="1245" dir="1" index="2" bw="16" slack="0"/>
</pin_list>
<bind>
<opcode="read(1150) " fcode="read"/>
<opset="Matrix_B_BRAM_V_6_load_read/1 "/>
</bind>
</comp>

<comp id="1248" class="1004" name="Matrix_B_BRAM_V_5_load_read_read_fu_1248">
<pin_list>
<pin id="1249" dir="0" index="0" bw="16" slack="0"/>
<pin id="1250" dir="0" index="1" bw="16" slack="0"/>
<pin id="1251" dir="1" index="2" bw="16" slack="0"/>
</pin_list>
<bind>
<opcode="read(1150) " fcode="read"/>
<opset="Matrix_B_BRAM_V_5_load_read/1 "/>
</bind>
</comp>

<comp id="1254" class="1004" name="Matrix_B_BRAM_V_4_load_read_read_fu_1254">
<pin_list>
<pin id="1255" dir="0" index="0" bw="16" slack="0"/>
<pin id="1256" dir="0" index="1" bw="16" slack="0"/>
<pin id="1257" dir="1" index="2" bw="16" slack="0"/>
</pin_list>
<bind>
<opcode="read(1150) " fcode="read"/>
<opset="Matrix_B_BRAM_V_4_load_read/1 "/>
</bind>
</comp>

<comp id="1260" class="1004" name="Matrix_B_BRAM_V_3_load_read_read_fu_1260">
<pin_list>
<pin id="1261" dir="0" index="0" bw="16" slack="0"/>
<pin id="1262" dir="0" index="1" bw="16" slack="0"/>
<pin id="1263" dir="1" index="2" bw="16" slack="0"/>
</pin_list>
<bind>
<opcode="read(1150) " fcode="read"/>
<opset="Matrix_B_BRAM_V_3_load_read/1 "/>
</bind>
</comp>

<comp id="1266" class="1004" name="Matrix_B_BRAM_V_2_load_read_read_fu_1266">
<pin_list>
<pin id="1267" dir="0" index="0" bw="16" slack="0"/>
<pin id="1268" dir="0" index="1" bw="16" slack="0"/>
<pin id="1269" dir="1" index="2" bw="16" slack="0"/>
</pin_list>
<bind>
<opcode="read(1150) " fcode="read"/>
<opset="Matrix_B_BRAM_V_2_load_read/1 "/>
</bind>
</comp>

<comp id="1272" class="1004" name="Matrix_B_BRAM_V_1_load_read_read_fu_1272">
<pin_list>
<pin id="1273" dir="0" index="0" bw="16" slack="0"/>
<pin id="1274" dir="0" index="1" bw="16" slack="0"/>
<pin id="1275" dir="1" index="2" bw="16" slack="0"/>
</pin_list>
<bind>
<opcode="read(1150) " fcode="read"/>
<opset="Matrix_B_BRAM_V_1_load_read/1 "/>
</bind>
</comp>

<comp id="1278" class="1004" name="Matrix_B_BRAM_V_load_read_read_fu_1278">
<pin_list>
<pin id="1279" dir="0" index="0" bw="16" slack="0"/>
<pin id="1280" dir="0" index="1" bw="16" slack="0"/>
<pin id="1281" dir="1" index="2" bw="16" slack="0"/>
</pin_list>
<bind>
<opcode="read(1150) " fcode="read"/>
<opset="Matrix_B_BRAM_V_load_read/1 "/>
</bind>
</comp>

<comp id="1284" class="1004" name="add_ln186_read_read_fu_1284">
<pin_list>
<pin id="1285" dir="0" index="0" bw="10" slack="0"/>
<pin id="1286" dir="0" index="1" bw="10" slack="0"/>
<pin id="1287" dir="1" index="2" bw="10" slack="0"/>
</pin_list>
<bind>
<opcode="read(1150) " fcode="read"/>
<opset="add_ln186_read/1 "/>
</bind>
</comp>

<comp id="1290" class="1004" name="Matrix_C_BRAM_V_load_read_read_fu_1290">
<pin_list>
<pin id="1291" dir="0" index="0" bw="16" slack="0"/>
<pin id="1292" dir="0" index="1" bw="16" slack="0"/>
<pin id="1293" dir="1" index="2" bw="16" slack="0"/>
</pin_list>
<bind>
<opcode="read(1150) " fcode="read"/>
<opset="Matrix_C_BRAM_V_load_read/1 "/>
</bind>
</comp>

<comp id="1296" class="1004" name="write_ln0_write_fu_1296">
<pin_list>
<pin id="1297" dir="0" index="0" bw="0" slack="0"/>
<pin id="1298" dir="0" index="1" bw="16" slack="0"/>
<pin id="1299" dir="0" index="2" bw="16" slack="0"/>
<pin id="1300" dir="1" index="3" bw="0" slack="2147483647"/>
</pin_list>
<bind>
<opcode="write(1151) " fcode="write"/>
<opset="write_ln0/7 "/>
</bind>
</comp>

<comp id="1303" class="1004" name="Matrix_A_BRAM_V_1_addr_gep_fu_1303">
<pin_list>
<pin id="1304" dir="0" index="0" bw="16" slack="0"/>
<pin id="1305" dir="0" index="1" bw="1" slack="0"/>
<pin id="1306" dir="0" index="2" bw="10" slack="0"/>
<pin id="1307" dir="1" index="3" bw="10" slack="0"/>
</pin_list>
<bind>
<opcode="getelementptr(29) " fcode="getelementptr"/>
<opset="Matrix_A_BRAM_V_1_addr/1 "/>
</bind>
</comp>

<comp id="1310" class="1004" name="Matrix_A_BRAM_V_7_addr_gep_fu_1310">
<pin_list>
<pin id="1311" dir="0" index="0" bw="16" slack="0"/>
<pin id="1312" dir="0" index="1" bw="1" slack="0"/>
<pin id="1313" dir="0" index="2" bw="10" slack="0"/>
<pin id="1314" dir="1" index="3" bw="10" slack="0"/>
</pin_list>
<bind>
<opcode="getelementptr(29) " fcode="getelementptr"/>
<opset="Matrix_A_BRAM_V_7_addr/1 "/>
</bind>
</comp>

<comp id="1317" class="1004" name="Matrix_A_BRAM_V_10_addr_gep_fu_1317">
<pin_list>
<pin id="1318" dir="0" index="0" bw="16" slack="0"/>
<pin id="1319" dir="0" index="1" bw="1" slack="0"/>
<pin id="1320" dir="0" index="2" bw="10" slack="0"/>
<pin id="1321" dir="1" index="3" bw="10" slack="0"/>
</pin_list>
<bind>
<opcode="getelementptr(29) " fcode="getelementptr"/>
<opset="Matrix_A_BRAM_V_10_addr/1 "/>
</bind>
</comp>

<comp id="1324" class="1004" name="Matrix_A_BRAM_V_12_addr_gep_fu_1324">
<pin_list>
<pin id="1325" dir="0" index="0" bw="16" slack="0"/>
<pin id="1326" dir="0" index="1" bw="1" slack="0"/>
<pin id="1327" dir="0" index="2" bw="10" slack="0"/>
<pin id="1328" dir="1" index="3" bw="10" slack="0"/>
</pin_list>
<bind>
<opcode="getelementptr(29) " fcode="getelementptr"/>
<opset="Matrix_A_BRAM_V_12_addr/1 "/>
</bind>
</comp>

<comp id="1331" class="1004" name="grp_access_fu_1331">
<pin_list>
<pin id="1332" dir="0" index="0" bw="10" slack="0"/>
<pin id="1333" dir="0" index="1" bw="16" slack="2147483647"/>
<pin id="1334" dir="0" index="2" bw="0" slack="2147483647"/>
<pin id="1335" dir="1" index="3" bw="16" slack="0"/>
</pin_list>
<bind>
<opcode="load(27) " fcode="load"/>
<opset="Matrix_A_BRAM_V_1_load/1 "/>
</bind>
</comp>

<comp id="1337" class="1004" name="grp_access_fu_1337">
<pin_list>
<pin id="1338" dir="0" index="0" bw="10" slack="0"/>
<pin id="1339" dir="0" index="1" bw="16" slack="2147483647"/>
<pin id="1340" dir="0" index="2" bw="0" slack="2147483647"/>
<pin id="1341" dir="1" index="3" bw="16" slack="0"/>
</pin_list>
<bind>
<opcode="load(27) " fcode="load"/>
<opset="Matrix_A_BRAM_V_7_load/1 "/>
</bind>
</comp>

<comp id="1343" class="1004" name="grp_access_fu_1343">
<pin_list>
<pin id="1344" dir="0" index="0" bw="10" slack="0"/>
<pin id="1345" dir="0" index="1" bw="16" slack="2147483647"/>
<pin id="1346" dir="0" index="2" bw="0" slack="2147483647"/>
<pin id="1347" dir="1" index="3" bw="16" slack="0"/>
</pin_list>
<bind>
<opcode="load(27) " fcode="load"/>
<opset="Matrix_A_BRAM_V_10_load/1 "/>
</bind>
</comp>

<comp id="1349" class="1004" name="grp_access_fu_1349">
<pin_list>
<pin id="1350" dir="0" index="0" bw="10" slack="0"/>
<pin id="1351" dir="0" index="1" bw="16" slack="2147483647"/>
<pin id="1352" dir="0" index="2" bw="0" slack="2147483647"/>
<pin id="1353" dir="1" index="3" bw="16" slack="0"/>
</pin_list>
<bind>
<opcode="load(27) " fcode="load"/>
<opset="Matrix_A_BRAM_V_12_load/1 "/>
</bind>
</comp>

<comp id="1355" class="1004" name="Matrix_A_BRAM_V_2_addr_gep_fu_1355">
<pin_list>
<pin id="1356" dir="0" index="0" bw="16" slack="0"/>
<pin id="1357" dir="0" index="1" bw="1" slack="0"/>
<pin id="1358" dir="0" index="2" bw="10" slack="1"/>
<pin id="1359" dir="1" index="3" bw="10" slack="0"/>
</pin_list>
<bind>
<opcode="getelementptr(29) " fcode="getelementptr"/>
<opset="Matrix_A_BRAM_V_2_addr/2 "/>
</bind>
</comp>

<comp id="1362" class="1004" name="Matrix_A_BRAM_V_3_addr_gep_fu_1362">
<pin_list>
<pin id="1363" dir="0" index="0" bw="16" slack="0"/>
<pin id="1364" dir="0" index="1" bw="1" slack="0"/>
<pin id="1365" dir="0" index="2" bw="10" slack="1"/>
<pin id="1366" dir="1" index="3" bw="10" slack="0"/>
</pin_list>
<bind>
<opcode="getelementptr(29) " fcode="getelementptr"/>
<opset="Matrix_A_BRAM_V_3_addr/2 "/>
</bind>
</comp>

<comp id="1369" class="1004" name="Matrix_A_BRAM_V_5_addr_gep_fu_1369">
<pin_list>
<pin id="1370" dir="0" index="0" bw="16" slack="0"/>
<pin id="1371" dir="0" index="1" bw="1" slack="0"/>
<pin id="1372" dir="0" index="2" bw="10" slack="1"/>
<pin id="1373" dir="1" index="3" bw="10" slack="0"/>
</pin_list>
<bind>
<opcode="getelementptr(29) " fcode="getelementptr"/>
<opset="Matrix_A_BRAM_V_5_addr/2 "/>
</bind>
</comp>

<comp id="1376" class="1004" name="Matrix_A_BRAM_V_8_addr_gep_fu_1376">
<pin_list>
<pin id="1377" dir="0" index="0" bw="16" slack="0"/>
<pin id="1378" dir="0" index="1" bw="1" slack="0"/>
<pin id="1379" dir="0" index="2" bw="10" slack="1"/>
<pin id="1380" dir="1" index="3" bw="10" slack="0"/>
</pin_list>
<bind>
<opcode="getelementptr(29) " fcode="getelementptr"/>
<opset="Matrix_A_BRAM_V_8_addr/2 "/>
</bind>
</comp>

<comp id="1383" class="1004" name="Matrix_A_BRAM_V_9_addr_gep_fu_1383">
<pin_list>
<pin id="1384" dir="0" index="0" bw="16" slack="0"/>
<pin id="1385" dir="0" index="1" bw="1" slack="0"/>
<pin id="1386" dir="0" index="2" bw="10" slack="1"/>
<pin id="1387" dir="1" index="3" bw="10" slack="0"/>
</pin_list>
<bind>
<opcode="getelementptr(29) " fcode="getelementptr"/>
<opset="Matrix_A_BRAM_V_9_addr/2 "/>
</bind>
</comp>

<comp id="1390" class="1004" name="Matrix_A_BRAM_V_11_addr_gep_fu_1390">
<pin_list>
<pin id="1391" dir="0" index="0" bw="16" slack="0"/>
<pin id="1392" dir="0" index="1" bw="1" slack="0"/>
<pin id="1393" dir="0" index="2" bw="10" slack="1"/>
<pin id="1394" dir="1" index="3" bw="10" slack="0"/>
</pin_list>
<bind>
<opcode="getelementptr(29) " fcode="getelementptr"/>
<opset="Matrix_A_BRAM_V_11_addr/2 "/>
</bind>
</comp>

<comp id="1397" class="1004" name="grp_access_fu_1397">
<pin_list>
<pin id="1398" dir="0" index="0" bw="10" slack="0"/>
<pin id="1399" dir="0" index="1" bw="16" slack="2147483647"/>
<pin id="1400" dir="0" index="2" bw="0" slack="2147483647"/>
<pin id="1401" dir="1" index="3" bw="16" slack="0"/>
</pin_list>
<bind>
<opcode="load(27) " fcode="load"/>
<opset="Matrix_A_BRAM_V_2_load/2 "/>
</bind>
</comp>

<comp id="1403" class="1004" name="grp_access_fu_1403">
<pin_list>
<pin id="1404" dir="0" index="0" bw="10" slack="0"/>
<pin id="1405" dir="0" index="1" bw="16" slack="2147483647"/>
<pin id="1406" dir="0" index="2" bw="0" slack="2147483647"/>
<pin id="1407" dir="1" index="3" bw="16" slack="0"/>
</pin_list>
<bind>
<opcode="load(27) " fcode="load"/>
<opset="Matrix_A_BRAM_V_3_load/2 "/>
</bind>
</comp>

<comp id="1409" class="1004" name="grp_access_fu_1409">
<pin_list>
<pin id="1410" dir="0" index="0" bw="10" slack="0"/>
<pin id="1411" dir="0" index="1" bw="16" slack="2147483647"/>
<pin id="1412" dir="0" index="2" bw="0" slack="2147483647"/>
<pin id="1413" dir="1" index="3" bw="16" slack="0"/>
</pin_list>
<bind>
<opcode="load(27) " fcode="load"/>
<opset="Matrix_A_BRAM_V_5_load/2 "/>
</bind>
</comp>

<comp id="1415" class="1004" name="grp_access_fu_1415">
<pin_list>
<pin id="1416" dir="0" index="0" bw="10" slack="0"/>
<pin id="1417" dir="0" index="1" bw="16" slack="2147483647"/>
<pin id="1418" dir="0" index="2" bw="0" slack="2147483647"/>
<pin id="1419" dir="1" index="3" bw="16" slack="0"/>
</pin_list>
<bind>
<opcode="load(27) " fcode="load"/>
<opset="Matrix_A_BRAM_V_8_load/2 "/>
</bind>
</comp>

<comp id="1421" class="1004" name="grp_access_fu_1421">
<pin_list>
<pin id="1422" dir="0" index="0" bw="10" slack="0"/>
<pin id="1423" dir="0" index="1" bw="16" slack="2147483647"/>
<pin id="1424" dir="0" index="2" bw="0" slack="2147483647"/>
<pin id="1425" dir="1" index="3" bw="16" slack="0"/>
</pin_list>
<bind>
<opcode="load(27) " fcode="load"/>
<opset="Matrix_A_BRAM_V_9_load/2 "/>
</bind>
</comp>

<comp id="1427" class="1004" name="grp_access_fu_1427">
<pin_list>
<pin id="1428" dir="0" index="0" bw="10" slack="0"/>
<pin id="1429" dir="0" index="1" bw="16" slack="2147483647"/>
<pin id="1430" dir="0" index="2" bw="0" slack="2147483647"/>
<pin id="1431" dir="1" index="3" bw="16" slack="0"/>
</pin_list>
<bind>
<opcode="load(27) " fcode="load"/>
<opset="Matrix_A_BRAM_V_11_load/2 "/>
</bind>
</comp>

<comp id="1433" class="1004" name="Matrix_A_BRAM_V_addr_gep_fu_1433">
<pin_list>
<pin id="1434" dir="0" index="0" bw="16" slack="0"/>
<pin id="1435" dir="0" index="1" bw="1" slack="0"/>
<pin id="1436" dir="0" index="2" bw="10" slack="2"/>
<pin id="1437" dir="1" index="3" bw="10" slack="0"/>
</pin_list>
<bind>
<opcode="getelementptr(29) " fcode="getelementptr"/>
<opset="Matrix_A_BRAM_V_addr/3 "/>
</bind>
</comp>

<comp id="1440" class="1004" name="Matrix_A_BRAM_V_4_addr_gep_fu_1440">
<pin_list>
<pin id="1441" dir="0" index="0" bw="16" slack="0"/>
<pin id="1442" dir="0" index="1" bw="1" slack="0"/>
<pin id="1443" dir="0" index="2" bw="10" slack="2"/>
<pin id="1444" dir="1" index="3" bw="10" slack="0"/>
</pin_list>
<bind>
<opcode="getelementptr(29) " fcode="getelementptr"/>
<opset="Matrix_A_BRAM_V_4_addr/3 "/>
</bind>
</comp>

<comp id="1447" class="1004" name="Matrix_A_BRAM_V_6_addr_gep_fu_1447">
<pin_list>
<pin id="1448" dir="0" index="0" bw="16" slack="0"/>
<pin id="1449" dir="0" index="1" bw="1" slack="0"/>
<pin id="1450" dir="0" index="2" bw="10" slack="2"/>
<pin id="1451" dir="1" index="3" bw="10" slack="0"/>
</pin_list>
<bind>
<opcode="getelementptr(29) " fcode="getelementptr"/>
<opset="Matrix_A_BRAM_V_6_addr/3 "/>
</bind>
</comp>

<comp id="1454" class="1004" name="Matrix_A_BRAM_V_13_addr_gep_fu_1454">
<pin_list>
<pin id="1455" dir="0" index="0" bw="16" slack="0"/>
<pin id="1456" dir="0" index="1" bw="1" slack="0"/>
<pin id="1457" dir="0" index="2" bw="10" slack="2"/>
<pin id="1458" dir="1" index="3" bw="10" slack="0"/>
</pin_list>
<bind>
<opcode="getelementptr(29) " fcode="getelementptr"/>
<opset="Matrix_A_BRAM_V_13_addr/3 "/>
</bind>
</comp>

<comp id="1461" class="1004" name="Matrix_A_BRAM_V_14_addr_gep_fu_1461">
<pin_list>
<pin id="1462" dir="0" index="0" bw="16" slack="0"/>
<pin id="1463" dir="0" index="1" bw="1" slack="0"/>
<pin id="1464" dir="0" index="2" bw="10" slack="2"/>
<pin id="1465" dir="1" index="3" bw="10" slack="0"/>
</pin_list>
<bind>
<opcode="getelementptr(29) " fcode="getelementptr"/>
<opset="Matrix_A_BRAM_V_14_addr/3 "/>
</bind>
</comp>

<comp id="1468" class="1004" name="grp_access_fu_1468">
<pin_list>
<pin id="1469" dir="0" index="0" bw="10" slack="0"/>
<pin id="1470" dir="0" index="1" bw="16" slack="2147483647"/>
<pin id="1471" dir="0" index="2" bw="0" slack="2147483647"/>
<pin id="1472" dir="1" index="3" bw="16" slack="0"/>
</pin_list>
<bind>
<opcode="load(27) " fcode="load"/>
<opset="Matrix_A_BRAM_V_load/3 "/>
</bind>
</comp>

<comp id="1474" class="1004" name="grp_access_fu_1474">
<pin_list>
<pin id="1475" dir="0" index="0" bw="10" slack="0"/>
<pin id="1476" dir="0" index="1" bw="16" slack="2147483647"/>
<pin id="1477" dir="0" index="2" bw="0" slack="2147483647"/>
<pin id="1478" dir="1" index="3" bw="16" slack="0"/>
</pin_list>
<bind>
<opcode="load(27) " fcode="load"/>
<opset="Matrix_A_BRAM_V_4_load/3 "/>
</bind>
</comp>

<comp id="1480" class="1004" name="grp_access_fu_1480">
<pin_list>
<pin id="1481" dir="0" index="0" bw="10" slack="0"/>
<pin id="1482" dir="0" index="1" bw="16" slack="2147483647"/>
<pin id="1483" dir="0" index="2" bw="0" slack="2147483647"/>
<pin id="1484" dir="1" index="3" bw="16" slack="0"/>
</pin_list>
<bind>
<opcode="load(27) " fcode="load"/>
<opset="Matrix_A_BRAM_V_6_load/3 "/>
</bind>
</comp>

<comp id="1486" class="1004" name="grp_access_fu_1486">
<pin_list>
<pin id="1487" dir="0" index="0" bw="10" slack="0"/>
<pin id="1488" dir="0" index="1" bw="16" slack="2147483647"/>
<pin id="1489" dir="0" index="2" bw="0" slack="2147483647"/>
<pin id="1490" dir="1" index="3" bw="16" slack="0"/>
</pin_list>
<bind>
<opcode="load(27) " fcode="load"/>
<opset="Matrix_A_BRAM_V_13_load/3 "/>
</bind>
</comp>

<comp id="1492" class="1004" name="grp_access_fu_1492">
<pin_list>
<pin id="1493" dir="0" index="0" bw="10" slack="0"/>
<pin id="1494" dir="0" index="1" bw="16" slack="2147483647"/>
<pin id="1495" dir="0" index="2" bw="0" slack="2147483647"/>
<pin id="1496" dir="1" index="3" bw="16" slack="0"/>
</pin_list>
<bind>
<opcode="load(27) " fcode="load"/>
<opset="Matrix_A_BRAM_V_14_load/3 "/>
</bind>
</comp>

<comp id="1498" class="1004" name="store_ln0_store_fu_1498">
<pin_list>
<pin id="1499" dir="0" index="0" bw="1" slack="0"/>
<pin id="1500" dir="0" index="1" bw="4" slack="0"/>
<pin id="1501" dir="1" index="2" bw="0" slack="2147483647"/>
</pin_list>
<bind>
<opcode="store(28) " fcode="store"/>
<opset="store_ln0/1 "/>
</bind>
</comp>

<comp id="1503" class="1004" name="store_ln0_store_fu_1503">
<pin_list>
<pin id="1504" dir="0" index="0" bw="1" slack="0"/>
<pin id="1505" dir="0" index="1" bw="8" slack="0"/>
<pin id="1506" dir="1" index="2" bw="0" slack="2147483647"/>
</pin_list>
<bind>
<opcode="store(28) " fcode="store"/>
<opset="store_ln0/1 "/>
</bind>
</comp>

<comp id="1508" class="1004" name="store_ln0_store_fu_1508">
<pin_list>
<pin id="1509" dir="0" index="0" bw="16" slack="0"/>
<pin id="1510" dir="0" index="1" bw="16" slack="0"/>
<pin id="1511" dir="1" index="2" bw="0" slack="2147483647"/>
</pin_list>
<bind>
<opcode="store(28) " fcode="store"/>
<opset="store_ln0/1 "/>
</bind>
</comp>

<comp id="1513" class="1004" name="indvars_iv_load_load_fu_1513">
<pin_list>
<pin id="1514" dir="0" index="0" bw="4" slack="0"/>
<pin id="1515" dir="1" index="1" bw="4" slack="0"/>
</pin_list>
<bind>
<opcode="load(27) " fcode="load"/>
<opset="indvars_iv_load/1 "/>
</bind>
</comp>

<comp id="1516" class="1004" name="icmp_ln61_fu_1516">
<pin_list>
<pin id="1517" dir="0" index="0" bw="4" slack="0"/>
<pin id="1518" dir="0" index="1" bw="4" slack="0"/>
<pin id="1519" dir="1" index="2" bw="1" slack="6"/>
</pin_list>
<bind>
<opcode="icmp(45) " fcode="icmp"/>
<opset="icmp_ln61/1 "/>
</bind>
</comp>

<comp id="1522" class="1004" name="add_ln61_1_fu_1522">
<pin_list>
<pin id="1523" dir="0" index="0" bw="4" slack="0"/>
<pin id="1524" dir="0" index="1" bw="1" slack="0"/>
<pin id="1525" dir="1" index="2" bw="4" slack="0"/>
</pin_list>
<bind>
<opcode="add(8) " fcode="add"/>
<opset="add_ln61_1/1 "/>
</bind>
</comp>

<comp id="1528" class="1004" name="dot_load_load_fu_1528">
<pin_list>
<pin id="1529" dir="0" index="0" bw="8" slack="0"/>
<pin id="1530" dir="1" index="1" bw="8" slack="0"/>
</pin_list>
<bind>
<opcode="load(27) " fcode="load"/>
<opset="dot_load/1 "/>
</bind>
</comp>

<comp id="1531" class="1004" name="zext_ln186_fu_1531">
<pin_list>
<pin id="1532" dir="0" index="0" bw="4" slack="0"/>
<pin id="1533" dir="1" index="1" bw="10" slack="0"/>
</pin_list>
<bind>
<opcode="zext(34) " fcode="zext"/>
<opset="zext_ln186/1 "/>
</bind>
</comp>

<comp id="1535" class="1004" name="add_ln186_1_fu_1535">
<pin_list>
<pin id="1536" dir="0" index="0" bw="10" slack="0"/>
<pin id="1537" dir="0" index="1" bw="4" slack="0"/>
<pin id="1538" dir="1" index="2" bw="10" slack="0"/>
</pin_list>
<bind>
<opcode="add(8) " fcode="add"/>
<opset="add_ln186_1/1 "/>
</bind>
</comp>

<comp id="1541" class="1004" name="zext_ln186_1_fu_1541">
<pin_list>
<pin id="1542" dir="0" index="0" bw="10" slack="0"/>
<pin id="1543" dir="1" index="1" bw="64" slack="0"/>
</pin_list>
<bind>
<opcode="zext(34) " fcode="zext"/>
<opset="zext_ln186_1/1 "/>
</bind>
</comp>

<comp id="1549" class="1004" name="tmp_1_fu_1549">
<pin_list>
<pin id="1550" dir="0" index="0" bw="16" slack="0"/>
<pin id="1551" dir="0" index="1" bw="16" slack="0"/>
<pin id="1552" dir="0" index="2" bw="16" slack="0"/>
<pin id="1553" dir="0" index="3" bw="16" slack="0"/>
<pin id="1554" dir="0" index="4" bw="16" slack="0"/>
<pin id="1555" dir="0" index="5" bw="16" slack="0"/>
<pin id="1556" dir="0" index="6" bw="16" slack="0"/>
<pin id="1557" dir="0" index="7" bw="16" slack="0"/>
<pin id="1558" dir="0" index="8" bw="16" slack="0"/>
<pin id="1559" dir="0" index="9" bw="16" slack="0"/>
<pin id="1560" dir="0" index="10" bw="16" slack="0"/>
<pin id="1561" dir="0" index="11" bw="16" slack="0"/>
<pin id="1562" dir="0" index="12" bw="16" slack="0"/>
<pin id="1563" dir="0" index="13" bw="16" slack="0"/>
<pin id="1564" dir="0" index="14" bw="16" slack="0"/>
<pin id="1565" dir="0" index="15" bw="16" slack="0"/>
<pin id="1566" dir="0" index="16" bw="16" slack="0"/>
<pin id="1567" dir="0" index="17" bw="16" slack="0"/>
<pin id="1568" dir="0" index="18" bw="16" slack="0"/>
<pin id="1569" dir="0" index="19" bw="16" slack="0"/>
<pin id="1570" dir="0" index="20" bw="16" slack="0"/>
<pin id="1571" dir="0" index="21" bw="16" slack="0"/>
<pin id="1572" dir="0" index="22" bw="16" slack="0"/>
<pin id="1573" dir="0" index="23" bw="16" slack="0"/>
<pin id="1574" dir="0" index="24" bw="16" slack="0"/>
<pin id="1575" dir="0" index="25" bw="16" slack="0"/>
<pin id="1576" dir="0" index="26" bw="16" slack="0"/>
<pin id="1577" dir="0" index="27" bw="16" slack="0"/>
<pin id="1578" dir="0" index="28" bw="16" slack="0"/>
<pin id="1579" dir="0" index="29" bw="16" slack="0"/>
<pin id="1580" dir="0" index="30" bw="16" slack="0"/>
<pin id="1581" dir="0" index="31" bw="16" slack="0"/>
<pin id="1582" dir="0" index="32" bw="16" slack="0"/>
<pin id="1583" dir="0" index="33" bw="16" slack="0"/>
<pin id="1584" dir="0" index="34" bw="16" slack="0"/>
<pin id="1585" dir="0" index="35" bw="16" slack="0"/>
<pin id="1586" dir="0" index="36" bw="16" slack="0"/>
<pin id="1587" dir="0" index="37" bw="16" slack="0"/>
<pin id="1588" dir="0" index="38" bw="16" slack="0"/>
<pin id="1589" dir="0" index="39" bw="16" slack="0"/>
<pin id="1590" dir="0" index="40" bw="16" slack="0"/>
<pin id="1591" dir="0" index="41" bw="16" slack="0"/>
<pin id="1592" dir="0" index="42" bw="16" slack="0"/>
<pin id="1593" dir="0" index="43" bw="16" slack="0"/>
<pin id="1594" dir="0" index="44" bw="16" slack="0"/>
<pin id="1595" dir="0" index="45" bw="16" slack="0"/>
<pin id="1596" dir="0" index="46" bw="16" slack="0"/>
<pin id="1597" dir="0" index="47" bw="16" slack="0"/>
<pin id="1598" dir="0" index="48" bw="16" slack="0"/>
<pin id="1599" dir="0" index="49" bw="16" slack="0"/>
<pin id="1600" dir="0" index="50" bw="16" slack="0"/>
<pin id="1601" dir="0" index="51" bw="16" slack="0"/>
<pin id="1602" dir="0" index="52" bw="16" slack="0"/>
<pin id="1603" dir="0" index="53" bw="16" slack="0"/>
<pin id="1604" dir="0" index="54" bw="16" slack="0"/>
<pin id="1605" dir="0" index="55" bw="16" slack="0"/>
<pin id="1606" dir="0" index="56" bw="16" slack="0"/>
<pin id="1607" dir="0" index="57" bw="16" slack="0"/>
<pin id="1608" dir="0" index="58" bw="16" slack="0"/>
<pin id="1609" dir="0" index="59" bw="16" slack="0"/>
<pin id="1610" dir="0" index="60" bw="16" slack="0"/>
<pin id="1611" dir="0" index="61" bw="16" slack="0"/>
<pin id="1612" dir="0" index="62" bw="16" slack="0"/>
<pin id="1613" dir="0" index="63" bw="16" slack="0"/>
<pin id="1614" dir="0" index="64" bw="16" slack="0"/>
<pin id="1615" dir="0" index="65" bw="16" slack="0"/>
<pin id="1616" dir="0" index="66" bw="16" slack="0"/>
<pin id="1617" dir="0" index="67" bw="16" slack="0"/>
<pin id="1618" dir="0" index="68" bw="16" slack="0"/>
<pin id="1619" dir="0" index="69" bw="16" slack="0"/>
<pin id="1620" dir="0" index="70" bw="16" slack="0"/>
<pin id="1621" dir="0" index="71" bw="16" slack="0"/>
<pin id="1622" dir="0" index="72" bw="16" slack="0"/>
<pin id="1623" dir="0" index="73" bw="16" slack="0"/>
<pin id="1624" dir="0" index="74" bw="16" slack="0"/>
<pin id="1625" dir="0" index="75" bw="16" slack="0"/>
<pin id="1626" dir="0" index="76" bw="16" slack="0"/>
<pin id="1627" dir="0" index="77" bw="16" slack="0"/>
<pin id="1628" dir="0" index="78" bw="16" slack="0"/>
<pin id="1629" dir="0" index="79" bw="16" slack="0"/>
<pin id="1630" dir="0" index="80" bw="16" slack="0"/>
<pin id="1631" dir="0" index="81" bw="16" slack="0"/>
<pin id="1632" dir="0" index="82" bw="16" slack="0"/>
<pin id="1633" dir="0" index="83" bw="16" slack="0"/>
<pin id="1634" dir="0" index="84" bw="16" slack="0"/>
<pin id="1635" dir="0" index="85" bw="16" slack="0"/>
<pin id="1636" dir="0" index="86" bw="16" slack="0"/>
<pin id="1637" dir="0" index="87" bw="16" slack="0"/>
<pin id="1638" dir="0" index="88" bw="16" slack="0"/>
<pin id="1639" dir="0" index="89" bw="16" slack="0"/>
<pin id="1640" dir="0" index="90" bw="16" slack="0"/>
<pin id="1641" dir="0" index="91" bw="16" slack="0"/>
<pin id="1642" dir="0" index="92" bw="16" slack="0"/>
<pin id="1643" dir="0" index="93" bw="16" slack="0"/>
<pin id="1644" dir="0" index="94" bw="16" slack="0"/>
<pin id="1645" dir="0" index="95" bw="16" slack="0"/>
<pin id="1646" dir="0" index="96" bw="16" slack="0"/>
<pin id="1647" dir="0" index="97" bw="16" slack="0"/>
<pin id="1648" dir="0" index="98" bw="16" slack="0"/>
<pin id="1649" dir="0" index="99" bw="16" slack="0"/>
<pin id="1650" dir="0" index="100" bw="16" slack="0"/>
<pin id="1651" dir="0" index="101" bw="16" slack="0"/>
<pin id="1652" dir="0" index="102" bw="16" slack="0"/>
<pin id="1653" dir="0" index="103" bw="16" slack="0"/>
<pin id="1654" dir="0" index="104" bw="16" slack="0"/>
<pin id="1655" dir="0" index="105" bw="16" slack="0"/>
<pin id="1656" dir="0" index="106" bw="16" slack="0"/>
<pin id="1657" dir="0" index="107" bw="16" slack="0"/>
<pin id="1658" dir="0" index="108" bw="16" slack="0"/>
<pin id="1659" dir="0" index="109" bw="16" slack="0"/>
<pin id="1660" dir="0" index="110" bw="16" slack="0"/>
<pin id="1661" dir="0" index="111" bw="16" slack="0"/>
<pin id="1662" dir="0" index="112" bw="16" slack="0"/>
<pin id="1663" dir="0" index="113" bw="16" slack="0"/>
<pin id="1664" dir="0" index="114" bw="16" slack="0"/>
<pin id="1665" dir="0" index="115" bw="16" slack="0"/>
<pin id="1666" dir="0" index="116" bw="16" slack="0"/>
<pin id="1667" dir="0" index="117" bw="16" slack="0"/>
<pin id="1668" dir="0" index="118" bw="16" slack="0"/>
<pin id="1669" dir="0" index="119" bw="16" slack="0"/>
<pin id="1670" dir="0" index="120" bw="16" slack="0"/>
<pin id="1671" dir="0" index="121" bw="16" slack="0"/>
<pin id="1672" dir="0" index="122" bw="16" slack="0"/>
<pin id="1673" dir="0" index="123" bw="16" slack="0"/>
<pin id="1674" dir="0" index="124" bw="16" slack="0"/>
<pin id="1675" dir="0" index="125" bw="16" slack="0"/>
<pin id="1676" dir="0" index="126" bw="16" slack="0"/>
<pin id="1677" dir="0" index="127" bw="16" slack="0"/>
<pin id="1678" dir="0" index="128" bw="16" slack="0"/>
<pin id="1679" dir="0" index="129" bw="16" slack="0"/>
<pin id="1680" dir="0" index="130" bw="16" slack="0"/>
<pin id="1681" dir="0" index="131" bw="16" slack="0"/>
<pin id="1682" dir="0" index="132" bw="16" slack="0"/>
<pin id="1683" dir="0" index="133" bw="16" slack="0"/>
<pin id="1684" dir="0" index="134" bw="16" slack="0"/>
<pin id="1685" dir="0" index="135" bw="16" slack="0"/>
<pin id="1686" dir="0" index="136" bw="16" slack="0"/>
<pin id="1687" dir="0" index="137" bw="8" slack="0"/>
<pin id="1688" dir="1" index="138" bw="16" slack="3"/>
</pin_list>
<bind>
<opcode="mux(1196) " fcode="mux"/>
<opset="tmp_1/1 "/>
</bind>
</comp>

<comp id="1827" class="1004" name="tmp_3_fu_1827">
<pin_list>
<pin id="1828" dir="0" index="0" bw="16" slack="0"/>
<pin id="1829" dir="0" index="1" bw="16" slack="0"/>
<pin id="1830" dir="0" index="2" bw="16" slack="0"/>
<pin id="1831" dir="0" index="3" bw="16" slack="0"/>
<pin id="1832" dir="0" index="4" bw="16" slack="0"/>
<pin id="1833" dir="0" index="5" bw="16" slack="0"/>
<pin id="1834" dir="0" index="6" bw="16" slack="0"/>
<pin id="1835" dir="0" index="7" bw="16" slack="0"/>
<pin id="1836" dir="0" index="8" bw="16" slack="0"/>
<pin id="1837" dir="0" index="9" bw="16" slack="0"/>
<pin id="1838" dir="0" index="10" bw="16" slack="0"/>
<pin id="1839" dir="0" index="11" bw="16" slack="0"/>
<pin id="1840" dir="0" index="12" bw="16" slack="0"/>
<pin id="1841" dir="0" index="13" bw="16" slack="0"/>
<pin id="1842" dir="0" index="14" bw="16" slack="0"/>
<pin id="1843" dir="0" index="15" bw="16" slack="0"/>
<pin id="1844" dir="0" index="16" bw="16" slack="0"/>
<pin id="1845" dir="0" index="17" bw="16" slack="0"/>
<pin id="1846" dir="0" index="18" bw="16" slack="0"/>
<pin id="1847" dir="0" index="19" bw="16" slack="0"/>
<pin id="1848" dir="0" index="20" bw="16" slack="0"/>
<pin id="1849" dir="0" index="21" bw="16" slack="0"/>
<pin id="1850" dir="0" index="22" bw="16" slack="0"/>
<pin id="1851" dir="0" index="23" bw="16" slack="0"/>
<pin id="1852" dir="0" index="24" bw="16" slack="0"/>
<pin id="1853" dir="0" index="25" bw="16" slack="0"/>
<pin id="1854" dir="0" index="26" bw="16" slack="0"/>
<pin id="1855" dir="0" index="27" bw="16" slack="0"/>
<pin id="1856" dir="0" index="28" bw="16" slack="0"/>
<pin id="1857" dir="0" index="29" bw="16" slack="0"/>
<pin id="1858" dir="0" index="30" bw="16" slack="0"/>
<pin id="1859" dir="0" index="31" bw="16" slack="0"/>
<pin id="1860" dir="0" index="32" bw="16" slack="0"/>
<pin id="1861" dir="0" index="33" bw="16" slack="0"/>
<pin id="1862" dir="0" index="34" bw="16" slack="0"/>
<pin id="1863" dir="0" index="35" bw="16" slack="0"/>
<pin id="1864" dir="0" index="36" bw="16" slack="0"/>
<pin id="1865" dir="0" index="37" bw="16" slack="0"/>
<pin id="1866" dir="0" index="38" bw="16" slack="0"/>
<pin id="1867" dir="0" index="39" bw="16" slack="0"/>
<pin id="1868" dir="0" index="40" bw="16" slack="0"/>
<pin id="1869" dir="0" index="41" bw="16" slack="0"/>
<pin id="1870" dir="0" index="42" bw="16" slack="0"/>
<pin id="1871" dir="0" index="43" bw="16" slack="0"/>
<pin id="1872" dir="0" index="44" bw="16" slack="0"/>
<pin id="1873" dir="0" index="45" bw="16" slack="0"/>
<pin id="1874" dir="0" index="46" bw="16" slack="0"/>
<pin id="1875" dir="0" index="47" bw="16" slack="0"/>
<pin id="1876" dir="0" index="48" bw="16" slack="0"/>
<pin id="1877" dir="0" index="49" bw="16" slack="0"/>
<pin id="1878" dir="0" index="50" bw="16" slack="0"/>
<pin id="1879" dir="0" index="51" bw="16" slack="0"/>
<pin id="1880" dir="0" index="52" bw="16" slack="0"/>
<pin id="1881" dir="0" index="53" bw="16" slack="0"/>
<pin id="1882" dir="0" index="54" bw="16" slack="0"/>
<pin id="1883" dir="0" index="55" bw="16" slack="0"/>
<pin id="1884" dir="0" index="56" bw="16" slack="0"/>
<pin id="1885" dir="0" index="57" bw="16" slack="0"/>
<pin id="1886" dir="0" index="58" bw="16" slack="0"/>
<pin id="1887" dir="0" index="59" bw="16" slack="0"/>
<pin id="1888" dir="0" index="60" bw="16" slack="0"/>
<pin id="1889" dir="0" index="61" bw="16" slack="0"/>
<pin id="1890" dir="0" index="62" bw="16" slack="0"/>
<pin id="1891" dir="0" index="63" bw="16" slack="0"/>
<pin id="1892" dir="0" index="64" bw="16" slack="0"/>
<pin id="1893" dir="0" index="65" bw="16" slack="0"/>
<pin id="1894" dir="0" index="66" bw="16" slack="0"/>
<pin id="1895" dir="0" index="67" bw="16" slack="0"/>
<pin id="1896" dir="0" index="68" bw="16" slack="0"/>
<pin id="1897" dir="0" index="69" bw="16" slack="0"/>
<pin id="1898" dir="0" index="70" bw="16" slack="0"/>
<pin id="1899" dir="0" index="71" bw="16" slack="0"/>
<pin id="1900" dir="0" index="72" bw="16" slack="0"/>
<pin id="1901" dir="0" index="73" bw="16" slack="0"/>
<pin id="1902" dir="0" index="74" bw="16" slack="0"/>
<pin id="1903" dir="0" index="75" bw="16" slack="0"/>
<pin id="1904" dir="0" index="76" bw="16" slack="0"/>
<pin id="1905" dir="0" index="77" bw="16" slack="0"/>
<pin id="1906" dir="0" index="78" bw="16" slack="0"/>
<pin id="1907" dir="0" index="79" bw="16" slack="0"/>
<pin id="1908" dir="0" index="80" bw="16" slack="0"/>
<pin id="1909" dir="0" index="81" bw="16" slack="0"/>
<pin id="1910" dir="0" index="82" bw="16" slack="0"/>
<pin id="1911" dir="0" index="83" bw="16" slack="0"/>
<pin id="1912" dir="0" index="84" bw="16" slack="0"/>
<pin id="1913" dir="0" index="85" bw="16" slack="0"/>
<pin id="1914" dir="0" index="86" bw="16" slack="0"/>
<pin id="1915" dir="0" index="87" bw="16" slack="0"/>
<pin id="1916" dir="0" index="88" bw="16" slack="0"/>
<pin id="1917" dir="0" index="89" bw="16" slack="0"/>
<pin id="1918" dir="0" index="90" bw="16" slack="0"/>
<pin id="1919" dir="0" index="91" bw="16" slack="0"/>
<pin id="1920" dir="0" index="92" bw="16" slack="0"/>
<pin id="1921" dir="0" index="93" bw="16" slack="0"/>
<pin id="1922" dir="0" index="94" bw="16" slack="0"/>
<pin id="1923" dir="0" index="95" bw="16" slack="0"/>
<pin id="1924" dir="0" index="96" bw="16" slack="0"/>
<pin id="1925" dir="0" index="97" bw="16" slack="0"/>
<pin id="1926" dir="0" index="98" bw="16" slack="0"/>
<pin id="1927" dir="0" index="99" bw="16" slack="0"/>
<pin id="1928" dir="0" index="100" bw="16" slack="0"/>
<pin id="1929" dir="0" index="101" bw="16" slack="0"/>
<pin id="1930" dir="0" index="102" bw="16" slack="0"/>
<pin id="1931" dir="0" index="103" bw="16" slack="0"/>
<pin id="1932" dir="0" index="104" bw="16" slack="0"/>
<pin id="1933" dir="0" index="105" bw="16" slack="0"/>
<pin id="1934" dir="0" index="106" bw="16" slack="0"/>
<pin id="1935" dir="0" index="107" bw="16" slack="0"/>
<pin id="1936" dir="0" index="108" bw="16" slack="0"/>
<pin id="1937" dir="0" index="109" bw="16" slack="0"/>
<pin id="1938" dir="0" index="110" bw="16" slack="0"/>
<pin id="1939" dir="0" index="111" bw="16" slack="0"/>
<pin id="1940" dir="0" index="112" bw="16" slack="0"/>
<pin id="1941" dir="0" index="113" bw="16" slack="0"/>
<pin id="1942" dir="0" index="114" bw="16" slack="0"/>
<pin id="1943" dir="0" index="115" bw="16" slack="0"/>
<pin id="1944" dir="0" index="116" bw="16" slack="0"/>
<pin id="1945" dir="0" index="117" bw="16" slack="0"/>
<pin id="1946" dir="0" index="118" bw="16" slack="0"/>
<pin id="1947" dir="0" index="119" bw="16" slack="0"/>
<pin id="1948" dir="0" index="120" bw="16" slack="0"/>
<pin id="1949" dir="0" index="121" bw="16" slack="0"/>
<pin id="1950" dir="0" index="122" bw="16" slack="0"/>
<pin id="1951" dir="0" index="123" bw="16" slack="0"/>
<pin id="1952" dir="0" index="124" bw="16" slack="0"/>
<pin id="1953" dir="0" index="125" bw="16" slack="0"/>
<pin id="1954" dir="0" index="126" bw="16" slack="0"/>
<pin id="1955" dir="0" index="127" bw="16" slack="0"/>
<pin id="1956" dir="0" index="128" bw="16" slack="0"/>
<pin id="1957" dir="0" index="129" bw="16" slack="0"/>
<pin id="1958" dir="0" index="130" bw="16" slack="0"/>
<pin id="1959" dir="0" index="131" bw="16" slack="0"/>
<pin id="1960" dir="0" index="132" bw="16" slack="0"/>
<pin id="1961" dir="0" index="133" bw="16" slack="0"/>
<pin id="1962" dir="0" index="134" bw="16" slack="0"/>
<pin id="1963" dir="0" index="135" bw="16" slack="0"/>
<pin id="1964" dir="0" index="136" bw="16" slack="0"/>
<pin id="1965" dir="0" index="137" bw="8" slack="0"/>
<pin id="1966" dir="1" index="138" bw="16" slack="1"/>
</pin_list>
<bind>
<opcode="mux(1196) " fcode="mux"/>
<opset="tmp_3/1 "/>
</bind>
</comp>

<comp id="2105" class="1004" name="tmp_5_fu_2105">
<pin_list>
<pin id="2106" dir="0" index="0" bw="16" slack="0"/>
<pin id="2107" dir="0" index="1" bw="16" slack="0"/>
<pin id="2108" dir="0" index="2" bw="16" slack="0"/>
<pin id="2109" dir="0" index="3" bw="16" slack="0"/>
<pin id="2110" dir="0" index="4" bw="16" slack="0"/>
<pin id="2111" dir="0" index="5" bw="16" slack="0"/>
<pin id="2112" dir="0" index="6" bw="16" slack="0"/>
<pin id="2113" dir="0" index="7" bw="16" slack="0"/>
<pin id="2114" dir="0" index="8" bw="16" slack="0"/>
<pin id="2115" dir="0" index="9" bw="16" slack="0"/>
<pin id="2116" dir="0" index="10" bw="16" slack="0"/>
<pin id="2117" dir="0" index="11" bw="16" slack="0"/>
<pin id="2118" dir="0" index="12" bw="16" slack="0"/>
<pin id="2119" dir="0" index="13" bw="16" slack="0"/>
<pin id="2120" dir="0" index="14" bw="16" slack="0"/>
<pin id="2121" dir="0" index="15" bw="16" slack="0"/>
<pin id="2122" dir="0" index="16" bw="16" slack="0"/>
<pin id="2123" dir="0" index="17" bw="16" slack="0"/>
<pin id="2124" dir="0" index="18" bw="16" slack="0"/>
<pin id="2125" dir="0" index="19" bw="16" slack="0"/>
<pin id="2126" dir="0" index="20" bw="16" slack="0"/>
<pin id="2127" dir="0" index="21" bw="16" slack="0"/>
<pin id="2128" dir="0" index="22" bw="16" slack="0"/>
<pin id="2129" dir="0" index="23" bw="16" slack="0"/>
<pin id="2130" dir="0" index="24" bw="16" slack="0"/>
<pin id="2131" dir="0" index="25" bw="16" slack="0"/>
<pin id="2132" dir="0" index="26" bw="16" slack="0"/>
<pin id="2133" dir="0" index="27" bw="16" slack="0"/>
<pin id="2134" dir="0" index="28" bw="16" slack="0"/>
<pin id="2135" dir="0" index="29" bw="16" slack="0"/>
<pin id="2136" dir="0" index="30" bw="16" slack="0"/>
<pin id="2137" dir="0" index="31" bw="16" slack="0"/>
<pin id="2138" dir="0" index="32" bw="16" slack="0"/>
<pin id="2139" dir="0" index="33" bw="16" slack="0"/>
<pin id="2140" dir="0" index="34" bw="16" slack="0"/>
<pin id="2141" dir="0" index="35" bw="16" slack="0"/>
<pin id="2142" dir="0" index="36" bw="16" slack="0"/>
<pin id="2143" dir="0" index="37" bw="16" slack="0"/>
<pin id="2144" dir="0" index="38" bw="16" slack="0"/>
<pin id="2145" dir="0" index="39" bw="16" slack="0"/>
<pin id="2146" dir="0" index="40" bw="16" slack="0"/>
<pin id="2147" dir="0" index="41" bw="16" slack="0"/>
<pin id="2148" dir="0" index="42" bw="16" slack="0"/>
<pin id="2149" dir="0" index="43" bw="16" slack="0"/>
<pin id="2150" dir="0" index="44" bw="16" slack="0"/>
<pin id="2151" dir="0" index="45" bw="16" slack="0"/>
<pin id="2152" dir="0" index="46" bw="16" slack="0"/>
<pin id="2153" dir="0" index="47" bw="16" slack="0"/>
<pin id="2154" dir="0" index="48" bw="16" slack="0"/>
<pin id="2155" dir="0" index="49" bw="16" slack="0"/>
<pin id="2156" dir="0" index="50" bw="16" slack="0"/>
<pin id="2157" dir="0" index="51" bw="16" slack="0"/>
<pin id="2158" dir="0" index="52" bw="16" slack="0"/>
<pin id="2159" dir="0" index="53" bw="16" slack="0"/>
<pin id="2160" dir="0" index="54" bw="16" slack="0"/>
<pin id="2161" dir="0" index="55" bw="16" slack="0"/>
<pin id="2162" dir="0" index="56" bw="16" slack="0"/>
<pin id="2163" dir="0" index="57" bw="16" slack="0"/>
<pin id="2164" dir="0" index="58" bw="16" slack="0"/>
<pin id="2165" dir="0" index="59" bw="16" slack="0"/>
<pin id="2166" dir="0" index="60" bw="16" slack="0"/>
<pin id="2167" dir="0" index="61" bw="16" slack="0"/>
<pin id="2168" dir="0" index="62" bw="16" slack="0"/>
<pin id="2169" dir="0" index="63" bw="16" slack="0"/>
<pin id="2170" dir="0" index="64" bw="16" slack="0"/>
<pin id="2171" dir="0" index="65" bw="16" slack="0"/>
<pin id="2172" dir="0" index="66" bw="16" slack="0"/>
<pin id="2173" dir="0" index="67" bw="16" slack="0"/>
<pin id="2174" dir="0" index="68" bw="16" slack="0"/>
<pin id="2175" dir="0" index="69" bw="16" slack="0"/>
<pin id="2176" dir="0" index="70" bw="16" slack="0"/>
<pin id="2177" dir="0" index="71" bw="16" slack="0"/>
<pin id="2178" dir="0" index="72" bw="16" slack="0"/>
<pin id="2179" dir="0" index="73" bw="16" slack="0"/>
<pin id="2180" dir="0" index="74" bw="16" slack="0"/>
<pin id="2181" dir="0" index="75" bw="16" slack="0"/>
<pin id="2182" dir="0" index="76" bw="16" slack="0"/>
<pin id="2183" dir="0" index="77" bw="16" slack="0"/>
<pin id="2184" dir="0" index="78" bw="16" slack="0"/>
<pin id="2185" dir="0" index="79" bw="16" slack="0"/>
<pin id="2186" dir="0" index="80" bw="16" slack="0"/>
<pin id="2187" dir="0" index="81" bw="16" slack="0"/>
<pin id="2188" dir="0" index="82" bw="16" slack="0"/>
<pin id="2189" dir="0" index="83" bw="16" slack="0"/>
<pin id="2190" dir="0" index="84" bw="16" slack="0"/>
<pin id="2191" dir="0" index="85" bw="16" slack="0"/>
<pin id="2192" dir="0" index="86" bw="16" slack="0"/>
<pin id="2193" dir="0" index="87" bw="16" slack="0"/>
<pin id="2194" dir="0" index="88" bw="16" slack="0"/>
<pin id="2195" dir="0" index="89" bw="16" slack="0"/>
<pin id="2196" dir="0" index="90" bw="16" slack="0"/>
<pin id="2197" dir="0" index="91" bw="16" slack="0"/>
<pin id="2198" dir="0" index="92" bw="16" slack="0"/>
<pin id="2199" dir="0" index="93" bw="16" slack="0"/>
<pin id="2200" dir="0" index="94" bw="16" slack="0"/>
<pin id="2201" dir="0" index="95" bw="16" slack="0"/>
<pin id="2202" dir="0" index="96" bw="16" slack="0"/>
<pin id="2203" dir="0" index="97" bw="16" slack="0"/>
<pin id="2204" dir="0" index="98" bw="16" slack="0"/>
<pin id="2205" dir="0" index="99" bw="16" slack="0"/>
<pin id="2206" dir="0" index="100" bw="16" slack="0"/>
<pin id="2207" dir="0" index="101" bw="16" slack="0"/>
<pin id="2208" dir="0" index="102" bw="16" slack="0"/>
<pin id="2209" dir="0" index="103" bw="16" slack="0"/>
<pin id="2210" dir="0" index="104" bw="16" slack="0"/>
<pin id="2211" dir="0" index="105" bw="16" slack="0"/>
<pin id="2212" dir="0" index="106" bw="16" slack="0"/>
<pin id="2213" dir="0" index="107" bw="16" slack="0"/>
<pin id="2214" dir="0" index="108" bw="16" slack="0"/>
<pin id="2215" dir="0" index="109" bw="16" slack="0"/>
<pin id="2216" dir="0" index="110" bw="16" slack="0"/>
<pin id="2217" dir="0" index="111" bw="16" slack="0"/>
<pin id="2218" dir="0" index="112" bw="16" slack="0"/>
<pin id="2219" dir="0" index="113" bw="16" slack="0"/>
<pin id="2220" dir="0" index="114" bw="16" slack="0"/>
<pin id="2221" dir="0" index="115" bw="16" slack="0"/>
<pin id="2222" dir="0" index="116" bw="16" slack="0"/>
<pin id="2223" dir="0" index="117" bw="16" slack="0"/>
<pin id="2224" dir="0" index="118" bw="16" slack="0"/>
<pin id="2225" dir="0" index="119" bw="16" slack="0"/>
<pin id="2226" dir="0" index="120" bw="16" slack="0"/>
<pin id="2227" dir="0" index="121" bw="16" slack="0"/>
<pin id="2228" dir="0" index="122" bw="16" slack="0"/>
<pin id="2229" dir="0" index="123" bw="16" slack="0"/>
<pin id="2230" dir="0" index="124" bw="16" slack="0"/>
<pin id="2231" dir="0" index="125" bw="16" slack="0"/>
<pin id="2232" dir="0" index="126" bw="16" slack="0"/>
<pin id="2233" dir="0" index="127" bw="16" slack="0"/>
<pin id="2234" dir="0" index="128" bw="16" slack="0"/>
<pin id="2235" dir="0" index="129" bw="16" slack="0"/>
<pin id="2236" dir="0" index="130" bw="16" slack="0"/>
<pin id="2237" dir="0" index="131" bw="16" slack="0"/>
<pin id="2238" dir="0" index="132" bw="16" slack="0"/>
<pin id="2239" dir="0" index="133" bw="16" slack="0"/>
<pin id="2240" dir="0" index="134" bw="16" slack="0"/>
<pin id="2241" dir="0" index="135" bw="16" slack="0"/>
<pin id="2242" dir="0" index="136" bw="16" slack="0"/>
<pin id="2243" dir="0" index="137" bw="8" slack="0"/>
<pin id="2244" dir="1" index="138" bw="16" slack="2"/>
</pin_list>
<bind>
<opcode="mux(1196) " fcode="mux"/>
<opset="tmp_5/1 "/>
</bind>
</comp>

<comp id="2383" class="1004" name="tmp_7_fu_2383">
<pin_list>
<pin id="2384" dir="0" index="0" bw="16" slack="0"/>
<pin id="2385" dir="0" index="1" bw="16" slack="0"/>
<pin id="2386" dir="0" index="2" bw="16" slack="0"/>
<pin id="2387" dir="0" index="3" bw="16" slack="0"/>
<pin id="2388" dir="0" index="4" bw="16" slack="0"/>
<pin id="2389" dir="0" index="5" bw="16" slack="0"/>
<pin id="2390" dir="0" index="6" bw="16" slack="0"/>
<pin id="2391" dir="0" index="7" bw="16" slack="0"/>
<pin id="2392" dir="0" index="8" bw="16" slack="0"/>
<pin id="2393" dir="0" index="9" bw="16" slack="0"/>
<pin id="2394" dir="0" index="10" bw="16" slack="0"/>
<pin id="2395" dir="0" index="11" bw="16" slack="0"/>
<pin id="2396" dir="0" index="12" bw="16" slack="0"/>
<pin id="2397" dir="0" index="13" bw="16" slack="0"/>
<pin id="2398" dir="0" index="14" bw="16" slack="0"/>
<pin id="2399" dir="0" index="15" bw="16" slack="0"/>
<pin id="2400" dir="0" index="16" bw="16" slack="0"/>
<pin id="2401" dir="0" index="17" bw="16" slack="0"/>
<pin id="2402" dir="0" index="18" bw="16" slack="0"/>
<pin id="2403" dir="0" index="19" bw="16" slack="0"/>
<pin id="2404" dir="0" index="20" bw="16" slack="0"/>
<pin id="2405" dir="0" index="21" bw="16" slack="0"/>
<pin id="2406" dir="0" index="22" bw="16" slack="0"/>
<pin id="2407" dir="0" index="23" bw="16" slack="0"/>
<pin id="2408" dir="0" index="24" bw="16" slack="0"/>
<pin id="2409" dir="0" index="25" bw="16" slack="0"/>
<pin id="2410" dir="0" index="26" bw="16" slack="0"/>
<pin id="2411" dir="0" index="27" bw="16" slack="0"/>
<pin id="2412" dir="0" index="28" bw="16" slack="0"/>
<pin id="2413" dir="0" index="29" bw="16" slack="0"/>
<pin id="2414" dir="0" index="30" bw="16" slack="0"/>
<pin id="2415" dir="0" index="31" bw="16" slack="0"/>
<pin id="2416" dir="0" index="32" bw="16" slack="0"/>
<pin id="2417" dir="0" index="33" bw="16" slack="0"/>
<pin id="2418" dir="0" index="34" bw="16" slack="0"/>
<pin id="2419" dir="0" index="35" bw="16" slack="0"/>
<pin id="2420" dir="0" index="36" bw="16" slack="0"/>
<pin id="2421" dir="0" index="37" bw="16" slack="0"/>
<pin id="2422" dir="0" index="38" bw="16" slack="0"/>
<pin id="2423" dir="0" index="39" bw="16" slack="0"/>
<pin id="2424" dir="0" index="40" bw="16" slack="0"/>
<pin id="2425" dir="0" index="41" bw="16" slack="0"/>
<pin id="2426" dir="0" index="42" bw="16" slack="0"/>
<pin id="2427" dir="0" index="43" bw="16" slack="0"/>
<pin id="2428" dir="0" index="44" bw="16" slack="0"/>
<pin id="2429" dir="0" index="45" bw="16" slack="0"/>
<pin id="2430" dir="0" index="46" bw="16" slack="0"/>
<pin id="2431" dir="0" index="47" bw="16" slack="0"/>
<pin id="2432" dir="0" index="48" bw="16" slack="0"/>
<pin id="2433" dir="0" index="49" bw="16" slack="0"/>
<pin id="2434" dir="0" index="50" bw="16" slack="0"/>
<pin id="2435" dir="0" index="51" bw="16" slack="0"/>
<pin id="2436" dir="0" index="52" bw="16" slack="0"/>
<pin id="2437" dir="0" index="53" bw="16" slack="0"/>
<pin id="2438" dir="0" index="54" bw="16" slack="0"/>
<pin id="2439" dir="0" index="55" bw="16" slack="0"/>
<pin id="2440" dir="0" index="56" bw="16" slack="0"/>
<pin id="2441" dir="0" index="57" bw="16" slack="0"/>
<pin id="2442" dir="0" index="58" bw="16" slack="0"/>
<pin id="2443" dir="0" index="59" bw="16" slack="0"/>
<pin id="2444" dir="0" index="60" bw="16" slack="0"/>
<pin id="2445" dir="0" index="61" bw="16" slack="0"/>
<pin id="2446" dir="0" index="62" bw="16" slack="0"/>
<pin id="2447" dir="0" index="63" bw="16" slack="0"/>
<pin id="2448" dir="0" index="64" bw="16" slack="0"/>
<pin id="2449" dir="0" index="65" bw="16" slack="0"/>
<pin id="2450" dir="0" index="66" bw="16" slack="0"/>
<pin id="2451" dir="0" index="67" bw="16" slack="0"/>
<pin id="2452" dir="0" index="68" bw="16" slack="0"/>
<pin id="2453" dir="0" index="69" bw="16" slack="0"/>
<pin id="2454" dir="0" index="70" bw="16" slack="0"/>
<pin id="2455" dir="0" index="71" bw="16" slack="0"/>
<pin id="2456" dir="0" index="72" bw="16" slack="0"/>
<pin id="2457" dir="0" index="73" bw="16" slack="0"/>
<pin id="2458" dir="0" index="74" bw="16" slack="0"/>
<pin id="2459" dir="0" index="75" bw="16" slack="0"/>
<pin id="2460" dir="0" index="76" bw="16" slack="0"/>
<pin id="2461" dir="0" index="77" bw="16" slack="0"/>
<pin id="2462" dir="0" index="78" bw="16" slack="0"/>
<pin id="2463" dir="0" index="79" bw="16" slack="0"/>
<pin id="2464" dir="0" index="80" bw="16" slack="0"/>
<pin id="2465" dir="0" index="81" bw="16" slack="0"/>
<pin id="2466" dir="0" index="82" bw="16" slack="0"/>
<pin id="2467" dir="0" index="83" bw="16" slack="0"/>
<pin id="2468" dir="0" index="84" bw="16" slack="0"/>
<pin id="2469" dir="0" index="85" bw="16" slack="0"/>
<pin id="2470" dir="0" index="86" bw="16" slack="0"/>
<pin id="2471" dir="0" index="87" bw="16" slack="0"/>
<pin id="2472" dir="0" index="88" bw="16" slack="0"/>
<pin id="2473" dir="0" index="89" bw="16" slack="0"/>
<pin id="2474" dir="0" index="90" bw="16" slack="0"/>
<pin id="2475" dir="0" index="91" bw="16" slack="0"/>
<pin id="2476" dir="0" index="92" bw="16" slack="0"/>
<pin id="2477" dir="0" index="93" bw="16" slack="0"/>
<pin id="2478" dir="0" index="94" bw="16" slack="0"/>
<pin id="2479" dir="0" index="95" bw="16" slack="0"/>
<pin id="2480" dir="0" index="96" bw="16" slack="0"/>
<pin id="2481" dir="0" index="97" bw="16" slack="0"/>
<pin id="2482" dir="0" index="98" bw="16" slack="0"/>
<pin id="2483" dir="0" index="99" bw="16" slack="0"/>
<pin id="2484" dir="0" index="100" bw="16" slack="0"/>
<pin id="2485" dir="0" index="101" bw="16" slack="0"/>
<pin id="2486" dir="0" index="102" bw="16" slack="0"/>
<pin id="2487" dir="0" index="103" bw="16" slack="0"/>
<pin id="2488" dir="0" index="104" bw="16" slack="0"/>
<pin id="2489" dir="0" index="105" bw="16" slack="0"/>
<pin id="2490" dir="0" index="106" bw="16" slack="0"/>
<pin id="2491" dir="0" index="107" bw="16" slack="0"/>
<pin id="2492" dir="0" index="108" bw="16" slack="0"/>
<pin id="2493" dir="0" index="109" bw="16" slack="0"/>
<pin id="2494" dir="0" index="110" bw="16" slack="0"/>
<pin id="2495" dir="0" index="111" bw="16" slack="0"/>
<pin id="2496" dir="0" index="112" bw="16" slack="0"/>
<pin id="2497" dir="0" index="113" bw="16" slack="0"/>
<pin id="2498" dir="0" index="114" bw="16" slack="0"/>
<pin id="2499" dir="0" index="115" bw="16" slack="0"/>
<pin id="2500" dir="0" index="116" bw="16" slack="0"/>
<pin id="2501" dir="0" index="117" bw="16" slack="0"/>
<pin id="2502" dir="0" index="118" bw="16" slack="0"/>
<pin id="2503" dir="0" index="119" bw="16" slack="0"/>
<pin id="2504" dir="0" index="120" bw="16" slack="0"/>
<pin id="2505" dir="0" index="121" bw="16" slack="0"/>
<pin id="2506" dir="0" index="122" bw="16" slack="0"/>
<pin id="2507" dir="0" index="123" bw="16" slack="0"/>
<pin id="2508" dir="0" index="124" bw="16" slack="0"/>
<pin id="2509" dir="0" index="125" bw="16" slack="0"/>
<pin id="2510" dir="0" index="126" bw="16" slack="0"/>
<pin id="2511" dir="0" index="127" bw="16" slack="0"/>
<pin id="2512" dir="0" index="128" bw="16" slack="0"/>
<pin id="2513" dir="0" index="129" bw="16" slack="0"/>
<pin id="2514" dir="0" index="130" bw="16" slack="0"/>
<pin id="2515" dir="0" index="131" bw="16" slack="0"/>
<pin id="2516" dir="0" index="132" bw="16" slack="0"/>
<pin id="2517" dir="0" index="133" bw="16" slack="0"/>
<pin id="2518" dir="0" index="134" bw="16" slack="0"/>
<pin id="2519" dir="0" index="135" bw="16" slack="0"/>
<pin id="2520" dir="0" index="136" bw="16" slack="0"/>
<pin id="2521" dir="0" index="137" bw="8" slack="0"/>
<pin id="2522" dir="1" index="138" bw="16" slack="2"/>
</pin_list>
<bind>
<opcode="mux(1196) " fcode="mux"/>
<opset="tmp_7/1 "/>
</bind>
</comp>

<comp id="2661" class="1004" name="tmp_9_fu_2661">
<pin_list>
<pin id="2662" dir="0" index="0" bw="16" slack="0"/>
<pin id="2663" dir="0" index="1" bw="16" slack="0"/>
<pin id="2664" dir="0" index="2" bw="16" slack="0"/>
<pin id="2665" dir="0" index="3" bw="16" slack="0"/>
<pin id="2666" dir="0" index="4" bw="16" slack="0"/>
<pin id="2667" dir="0" index="5" bw="16" slack="0"/>
<pin id="2668" dir="0" index="6" bw="16" slack="0"/>
<pin id="2669" dir="0" index="7" bw="16" slack="0"/>
<pin id="2670" dir="0" index="8" bw="16" slack="0"/>
<pin id="2671" dir="0" index="9" bw="16" slack="0"/>
<pin id="2672" dir="0" index="10" bw="16" slack="0"/>
<pin id="2673" dir="0" index="11" bw="16" slack="0"/>
<pin id="2674" dir="0" index="12" bw="16" slack="0"/>
<pin id="2675" dir="0" index="13" bw="16" slack="0"/>
<pin id="2676" dir="0" index="14" bw="16" slack="0"/>
<pin id="2677" dir="0" index="15" bw="16" slack="0"/>
<pin id="2678" dir="0" index="16" bw="16" slack="0"/>
<pin id="2679" dir="0" index="17" bw="16" slack="0"/>
<pin id="2680" dir="0" index="18" bw="16" slack="0"/>
<pin id="2681" dir="0" index="19" bw="16" slack="0"/>
<pin id="2682" dir="0" index="20" bw="16" slack="0"/>
<pin id="2683" dir="0" index="21" bw="16" slack="0"/>
<pin id="2684" dir="0" index="22" bw="16" slack="0"/>
<pin id="2685" dir="0" index="23" bw="16" slack="0"/>
<pin id="2686" dir="0" index="24" bw="16" slack="0"/>
<pin id="2687" dir="0" index="25" bw="16" slack="0"/>
<pin id="2688" dir="0" index="26" bw="16" slack="0"/>
<pin id="2689" dir="0" index="27" bw="16" slack="0"/>
<pin id="2690" dir="0" index="28" bw="16" slack="0"/>
<pin id="2691" dir="0" index="29" bw="16" slack="0"/>
<pin id="2692" dir="0" index="30" bw="16" slack="0"/>
<pin id="2693" dir="0" index="31" bw="16" slack="0"/>
<pin id="2694" dir="0" index="32" bw="16" slack="0"/>
<pin id="2695" dir="0" index="33" bw="16" slack="0"/>
<pin id="2696" dir="0" index="34" bw="16" slack="0"/>
<pin id="2697" dir="0" index="35" bw="16" slack="0"/>
<pin id="2698" dir="0" index="36" bw="16" slack="0"/>
<pin id="2699" dir="0" index="37" bw="16" slack="0"/>
<pin id="2700" dir="0" index="38" bw="16" slack="0"/>
<pin id="2701" dir="0" index="39" bw="16" slack="0"/>
<pin id="2702" dir="0" index="40" bw="16" slack="0"/>
<pin id="2703" dir="0" index="41" bw="16" slack="0"/>
<pin id="2704" dir="0" index="42" bw="16" slack="0"/>
<pin id="2705" dir="0" index="43" bw="16" slack="0"/>
<pin id="2706" dir="0" index="44" bw="16" slack="0"/>
<pin id="2707" dir="0" index="45" bw="16" slack="0"/>
<pin id="2708" dir="0" index="46" bw="16" slack="0"/>
<pin id="2709" dir="0" index="47" bw="16" slack="0"/>
<pin id="2710" dir="0" index="48" bw="16" slack="0"/>
<pin id="2711" dir="0" index="49" bw="16" slack="0"/>
<pin id="2712" dir="0" index="50" bw="16" slack="0"/>
<pin id="2713" dir="0" index="51" bw="16" slack="0"/>
<pin id="2714" dir="0" index="52" bw="16" slack="0"/>
<pin id="2715" dir="0" index="53" bw="16" slack="0"/>
<pin id="2716" dir="0" index="54" bw="16" slack="0"/>
<pin id="2717" dir="0" index="55" bw="16" slack="0"/>
<pin id="2718" dir="0" index="56" bw="16" slack="0"/>
<pin id="2719" dir="0" index="57" bw="16" slack="0"/>
<pin id="2720" dir="0" index="58" bw="16" slack="0"/>
<pin id="2721" dir="0" index="59" bw="16" slack="0"/>
<pin id="2722" dir="0" index="60" bw="16" slack="0"/>
<pin id="2723" dir="0" index="61" bw="16" slack="0"/>
<pin id="2724" dir="0" index="62" bw="16" slack="0"/>
<pin id="2725" dir="0" index="63" bw="16" slack="0"/>
<pin id="2726" dir="0" index="64" bw="16" slack="0"/>
<pin id="2727" dir="0" index="65" bw="16" slack="0"/>
<pin id="2728" dir="0" index="66" bw="16" slack="0"/>
<pin id="2729" dir="0" index="67" bw="16" slack="0"/>
<pin id="2730" dir="0" index="68" bw="16" slack="0"/>
<pin id="2731" dir="0" index="69" bw="16" slack="0"/>
<pin id="2732" dir="0" index="70" bw="16" slack="0"/>
<pin id="2733" dir="0" index="71" bw="16" slack="0"/>
<pin id="2734" dir="0" index="72" bw="16" slack="0"/>
<pin id="2735" dir="0" index="73" bw="16" slack="0"/>
<pin id="2736" dir="0" index="74" bw="16" slack="0"/>
<pin id="2737" dir="0" index="75" bw="16" slack="0"/>
<pin id="2738" dir="0" index="76" bw="16" slack="0"/>
<pin id="2739" dir="0" index="77" bw="16" slack="0"/>
<pin id="2740" dir="0" index="78" bw="16" slack="0"/>
<pin id="2741" dir="0" index="79" bw="16" slack="0"/>
<pin id="2742" dir="0" index="80" bw="16" slack="0"/>
<pin id="2743" dir="0" index="81" bw="16" slack="0"/>
<pin id="2744" dir="0" index="82" bw="16" slack="0"/>
<pin id="2745" dir="0" index="83" bw="16" slack="0"/>
<pin id="2746" dir="0" index="84" bw="16" slack="0"/>
<pin id="2747" dir="0" index="85" bw="16" slack="0"/>
<pin id="2748" dir="0" index="86" bw="16" slack="0"/>
<pin id="2749" dir="0" index="87" bw="16" slack="0"/>
<pin id="2750" dir="0" index="88" bw="16" slack="0"/>
<pin id="2751" dir="0" index="89" bw="16" slack="0"/>
<pin id="2752" dir="0" index="90" bw="16" slack="0"/>
<pin id="2753" dir="0" index="91" bw="16" slack="0"/>
<pin id="2754" dir="0" index="92" bw="16" slack="0"/>
<pin id="2755" dir="0" index="93" bw="16" slack="0"/>
<pin id="2756" dir="0" index="94" bw="16" slack="0"/>
<pin id="2757" dir="0" index="95" bw="16" slack="0"/>
<pin id="2758" dir="0" index="96" bw="16" slack="0"/>
<pin id="2759" dir="0" index="97" bw="16" slack="0"/>
<pin id="2760" dir="0" index="98" bw="16" slack="0"/>
<pin id="2761" dir="0" index="99" bw="16" slack="0"/>
<pin id="2762" dir="0" index="100" bw="16" slack="0"/>
<pin id="2763" dir="0" index="101" bw="16" slack="0"/>
<pin id="2764" dir="0" index="102" bw="16" slack="0"/>
<pin id="2765" dir="0" index="103" bw="16" slack="0"/>
<pin id="2766" dir="0" index="104" bw="16" slack="0"/>
<pin id="2767" dir="0" index="105" bw="16" slack="0"/>
<pin id="2768" dir="0" index="106" bw="16" slack="0"/>
<pin id="2769" dir="0" index="107" bw="16" slack="0"/>
<pin id="2770" dir="0" index="108" bw="16" slack="0"/>
<pin id="2771" dir="0" index="109" bw="16" slack="0"/>
<pin id="2772" dir="0" index="110" bw="16" slack="0"/>
<pin id="2773" dir="0" index="111" bw="16" slack="0"/>
<pin id="2774" dir="0" index="112" bw="16" slack="0"/>
<pin id="2775" dir="0" index="113" bw="16" slack="0"/>
<pin id="2776" dir="0" index="114" bw="16" slack="0"/>
<pin id="2777" dir="0" index="115" bw="16" slack="0"/>
<pin id="2778" dir="0" index="116" bw="16" slack="0"/>
<pin id="2779" dir="0" index="117" bw="16" slack="0"/>
<pin id="2780" dir="0" index="118" bw="16" slack="0"/>
<pin id="2781" dir="0" index="119" bw="16" slack="0"/>
<pin id="2782" dir="0" index="120" bw="16" slack="0"/>
<pin id="2783" dir="0" index="121" bw="16" slack="0"/>
<pin id="2784" dir="0" index="122" bw="16" slack="0"/>
<pin id="2785" dir="0" index="123" bw="16" slack="0"/>
<pin id="2786" dir="0" index="124" bw="16" slack="0"/>
<pin id="2787" dir="0" index="125" bw="16" slack="0"/>
<pin id="2788" dir="0" index="126" bw="16" slack="0"/>
<pin id="2789" dir="0" index="127" bw="16" slack="0"/>
<pin id="2790" dir="0" index="128" bw="16" slack="0"/>
<pin id="2791" dir="0" index="129" bw="16" slack="0"/>
<pin id="2792" dir="0" index="130" bw="16" slack="0"/>
<pin id="2793" dir="0" index="131" bw="16" slack="0"/>
<pin id="2794" dir="0" index="132" bw="16" slack="0"/>
<pin id="2795" dir="0" index="133" bw="16" slack="0"/>
<pin id="2796" dir="0" index="134" bw="16" slack="0"/>
<pin id="2797" dir="0" index="135" bw="16" slack="0"/>
<pin id="2798" dir="0" index="136" bw="16" slack="0"/>
<pin id="2799" dir="0" index="137" bw="8" slack="0"/>
<pin id="2800" dir="1" index="138" bw="16" slack="3"/>
</pin_list>
<bind>
<opcode="mux(1196) " fcode="mux"/>
<opset="tmp_9/1 "/>
</bind>
</comp>

<comp id="2939" class="1004" name="tmp_s_fu_2939">
<pin_list>
<pin id="2940" dir="0" index="0" bw="16" slack="0"/>
<pin id="2941" dir="0" index="1" bw="16" slack="0"/>
<pin id="2942" dir="0" index="2" bw="16" slack="0"/>
<pin id="2943" dir="0" index="3" bw="16" slack="0"/>
<pin id="2944" dir="0" index="4" bw="16" slack="0"/>
<pin id="2945" dir="0" index="5" bw="16" slack="0"/>
<pin id="2946" dir="0" index="6" bw="16" slack="0"/>
<pin id="2947" dir="0" index="7" bw="16" slack="0"/>
<pin id="2948" dir="0" index="8" bw="16" slack="0"/>
<pin id="2949" dir="0" index="9" bw="16" slack="0"/>
<pin id="2950" dir="0" index="10" bw="16" slack="0"/>
<pin id="2951" dir="0" index="11" bw="16" slack="0"/>
<pin id="2952" dir="0" index="12" bw="16" slack="0"/>
<pin id="2953" dir="0" index="13" bw="16" slack="0"/>
<pin id="2954" dir="0" index="14" bw="16" slack="0"/>
<pin id="2955" dir="0" index="15" bw="16" slack="0"/>
<pin id="2956" dir="0" index="16" bw="16" slack="0"/>
<pin id="2957" dir="0" index="17" bw="16" slack="0"/>
<pin id="2958" dir="0" index="18" bw="16" slack="0"/>
<pin id="2959" dir="0" index="19" bw="16" slack="0"/>
<pin id="2960" dir="0" index="20" bw="16" slack="0"/>
<pin id="2961" dir="0" index="21" bw="16" slack="0"/>
<pin id="2962" dir="0" index="22" bw="16" slack="0"/>
<pin id="2963" dir="0" index="23" bw="16" slack="0"/>
<pin id="2964" dir="0" index="24" bw="16" slack="0"/>
<pin id="2965" dir="0" index="25" bw="16" slack="0"/>
<pin id="2966" dir="0" index="26" bw="16" slack="0"/>
<pin id="2967" dir="0" index="27" bw="16" slack="0"/>
<pin id="2968" dir="0" index="28" bw="16" slack="0"/>
<pin id="2969" dir="0" index="29" bw="16" slack="0"/>
<pin id="2970" dir="0" index="30" bw="16" slack="0"/>
<pin id="2971" dir="0" index="31" bw="16" slack="0"/>
<pin id="2972" dir="0" index="32" bw="16" slack="0"/>
<pin id="2973" dir="0" index="33" bw="16" slack="0"/>
<pin id="2974" dir="0" index="34" bw="16" slack="0"/>
<pin id="2975" dir="0" index="35" bw="16" slack="0"/>
<pin id="2976" dir="0" index="36" bw="16" slack="0"/>
<pin id="2977" dir="0" index="37" bw="16" slack="0"/>
<pin id="2978" dir="0" index="38" bw="16" slack="0"/>
<pin id="2979" dir="0" index="39" bw="16" slack="0"/>
<pin id="2980" dir="0" index="40" bw="16" slack="0"/>
<pin id="2981" dir="0" index="41" bw="16" slack="0"/>
<pin id="2982" dir="0" index="42" bw="16" slack="0"/>
<pin id="2983" dir="0" index="43" bw="16" slack="0"/>
<pin id="2984" dir="0" index="44" bw="16" slack="0"/>
<pin id="2985" dir="0" index="45" bw="16" slack="0"/>
<pin id="2986" dir="0" index="46" bw="16" slack="0"/>
<pin id="2987" dir="0" index="47" bw="16" slack="0"/>
<pin id="2988" dir="0" index="48" bw="16" slack="0"/>
<pin id="2989" dir="0" index="49" bw="16" slack="0"/>
<pin id="2990" dir="0" index="50" bw="16" slack="0"/>
<pin id="2991" dir="0" index="51" bw="16" slack="0"/>
<pin id="2992" dir="0" index="52" bw="16" slack="0"/>
<pin id="2993" dir="0" index="53" bw="16" slack="0"/>
<pin id="2994" dir="0" index="54" bw="16" slack="0"/>
<pin id="2995" dir="0" index="55" bw="16" slack="0"/>
<pin id="2996" dir="0" index="56" bw="16" slack="0"/>
<pin id="2997" dir="0" index="57" bw="16" slack="0"/>
<pin id="2998" dir="0" index="58" bw="16" slack="0"/>
<pin id="2999" dir="0" index="59" bw="16" slack="0"/>
<pin id="3000" dir="0" index="60" bw="16" slack="0"/>
<pin id="3001" dir="0" index="61" bw="16" slack="0"/>
<pin id="3002" dir="0" index="62" bw="16" slack="0"/>
<pin id="3003" dir="0" index="63" bw="16" slack="0"/>
<pin id="3004" dir="0" index="64" bw="16" slack="0"/>
<pin id="3005" dir="0" index="65" bw="16" slack="0"/>
<pin id="3006" dir="0" index="66" bw="16" slack="0"/>
<pin id="3007" dir="0" index="67" bw="16" slack="0"/>
<pin id="3008" dir="0" index="68" bw="16" slack="0"/>
<pin id="3009" dir="0" index="69" bw="16" slack="0"/>
<pin id="3010" dir="0" index="70" bw="16" slack="0"/>
<pin id="3011" dir="0" index="71" bw="16" slack="0"/>
<pin id="3012" dir="0" index="72" bw="16" slack="0"/>
<pin id="3013" dir="0" index="73" bw="16" slack="0"/>
<pin id="3014" dir="0" index="74" bw="16" slack="0"/>
<pin id="3015" dir="0" index="75" bw="16" slack="0"/>
<pin id="3016" dir="0" index="76" bw="16" slack="0"/>
<pin id="3017" dir="0" index="77" bw="16" slack="0"/>
<pin id="3018" dir="0" index="78" bw="16" slack="0"/>
<pin id="3019" dir="0" index="79" bw="16" slack="0"/>
<pin id="3020" dir="0" index="80" bw="16" slack="0"/>
<pin id="3021" dir="0" index="81" bw="16" slack="0"/>
<pin id="3022" dir="0" index="82" bw="16" slack="0"/>
<pin id="3023" dir="0" index="83" bw="16" slack="0"/>
<pin id="3024" dir="0" index="84" bw="16" slack="0"/>
<pin id="3025" dir="0" index="85" bw="16" slack="0"/>
<pin id="3026" dir="0" index="86" bw="16" slack="0"/>
<pin id="3027" dir="0" index="87" bw="16" slack="0"/>
<pin id="3028" dir="0" index="88" bw="16" slack="0"/>
<pin id="3029" dir="0" index="89" bw="16" slack="0"/>
<pin id="3030" dir="0" index="90" bw="16" slack="0"/>
<pin id="3031" dir="0" index="91" bw="16" slack="0"/>
<pin id="3032" dir="0" index="92" bw="16" slack="0"/>
<pin id="3033" dir="0" index="93" bw="16" slack="0"/>
<pin id="3034" dir="0" index="94" bw="16" slack="0"/>
<pin id="3035" dir="0" index="95" bw="16" slack="0"/>
<pin id="3036" dir="0" index="96" bw="16" slack="0"/>
<pin id="3037" dir="0" index="97" bw="16" slack="0"/>
<pin id="3038" dir="0" index="98" bw="16" slack="0"/>
<pin id="3039" dir="0" index="99" bw="16" slack="0"/>
<pin id="3040" dir="0" index="100" bw="16" slack="0"/>
<pin id="3041" dir="0" index="101" bw="16" slack="0"/>
<pin id="3042" dir="0" index="102" bw="16" slack="0"/>
<pin id="3043" dir="0" index="103" bw="16" slack="0"/>
<pin id="3044" dir="0" index="104" bw="16" slack="0"/>
<pin id="3045" dir="0" index="105" bw="16" slack="0"/>
<pin id="3046" dir="0" index="106" bw="16" slack="0"/>
<pin id="3047" dir="0" index="107" bw="16" slack="0"/>
<pin id="3048" dir="0" index="108" bw="16" slack="0"/>
<pin id="3049" dir="0" index="109" bw="16" slack="0"/>
<pin id="3050" dir="0" index="110" bw="16" slack="0"/>
<pin id="3051" dir="0" index="111" bw="16" slack="0"/>
<pin id="3052" dir="0" index="112" bw="16" slack="0"/>
<pin id="3053" dir="0" index="113" bw="16" slack="0"/>
<pin id="3054" dir="0" index="114" bw="16" slack="0"/>
<pin id="3055" dir="0" index="115" bw="16" slack="0"/>
<pin id="3056" dir="0" index="116" bw="16" slack="0"/>
<pin id="3057" dir="0" index="117" bw="16" slack="0"/>
<pin id="3058" dir="0" index="118" bw="16" slack="0"/>
<pin id="3059" dir="0" index="119" bw="16" slack="0"/>
<pin id="3060" dir="0" index="120" bw="16" slack="0"/>
<pin id="3061" dir="0" index="121" bw="16" slack="0"/>
<pin id="3062" dir="0" index="122" bw="16" slack="0"/>
<pin id="3063" dir="0" index="123" bw="16" slack="0"/>
<pin id="3064" dir="0" index="124" bw="16" slack="0"/>
<pin id="3065" dir="0" index="125" bw="16" slack="0"/>
<pin id="3066" dir="0" index="126" bw="16" slack="0"/>
<pin id="3067" dir="0" index="127" bw="16" slack="0"/>
<pin id="3068" dir="0" index="128" bw="16" slack="0"/>
<pin id="3069" dir="0" index="129" bw="16" slack="0"/>
<pin id="3070" dir="0" index="130" bw="16" slack="0"/>
<pin id="3071" dir="0" index="131" bw="16" slack="0"/>
<pin id="3072" dir="0" index="132" bw="16" slack="0"/>
<pin id="3073" dir="0" index="133" bw="16" slack="0"/>
<pin id="3074" dir="0" index="134" bw="16" slack="0"/>
<pin id="3075" dir="0" index="135" bw="16" slack="0"/>
<pin id="3076" dir="0" index="136" bw="16" slack="0"/>
<pin id="3077" dir="0" index="137" bw="8" slack="0"/>
<pin id="3078" dir="1" index="138" bw="16" slack="2"/>
</pin_list>
<bind>
<opcode="mux(1196) " fcode="mux"/>
<opset="tmp_s/1 "/>
</bind>
</comp>

<comp id="3217" class="1004" name="tmp_2_fu_3217">
<pin_list>
<pin id="3218" dir="0" index="0" bw="16" slack="0"/>
<pin id="3219" dir="0" index="1" bw="16" slack="0"/>
<pin id="3220" dir="0" index="2" bw="16" slack="0"/>
<pin id="3221" dir="0" index="3" bw="16" slack="0"/>
<pin id="3222" dir="0" index="4" bw="16" slack="0"/>
<pin id="3223" dir="0" index="5" bw="16" slack="0"/>
<pin id="3224" dir="0" index="6" bw="16" slack="0"/>
<pin id="3225" dir="0" index="7" bw="16" slack="0"/>
<pin id="3226" dir="0" index="8" bw="16" slack="0"/>
<pin id="3227" dir="0" index="9" bw="16" slack="0"/>
<pin id="3228" dir="0" index="10" bw="16" slack="0"/>
<pin id="3229" dir="0" index="11" bw="16" slack="0"/>
<pin id="3230" dir="0" index="12" bw="16" slack="0"/>
<pin id="3231" dir="0" index="13" bw="16" slack="0"/>
<pin id="3232" dir="0" index="14" bw="16" slack="0"/>
<pin id="3233" dir="0" index="15" bw="16" slack="0"/>
<pin id="3234" dir="0" index="16" bw="16" slack="0"/>
<pin id="3235" dir="0" index="17" bw="16" slack="0"/>
<pin id="3236" dir="0" index="18" bw="16" slack="0"/>
<pin id="3237" dir="0" index="19" bw="16" slack="0"/>
<pin id="3238" dir="0" index="20" bw="16" slack="0"/>
<pin id="3239" dir="0" index="21" bw="16" slack="0"/>
<pin id="3240" dir="0" index="22" bw="16" slack="0"/>
<pin id="3241" dir="0" index="23" bw="16" slack="0"/>
<pin id="3242" dir="0" index="24" bw="16" slack="0"/>
<pin id="3243" dir="0" index="25" bw="16" slack="0"/>
<pin id="3244" dir="0" index="26" bw="16" slack="0"/>
<pin id="3245" dir="0" index="27" bw="16" slack="0"/>
<pin id="3246" dir="0" index="28" bw="16" slack="0"/>
<pin id="3247" dir="0" index="29" bw="16" slack="0"/>
<pin id="3248" dir="0" index="30" bw="16" slack="0"/>
<pin id="3249" dir="0" index="31" bw="16" slack="0"/>
<pin id="3250" dir="0" index="32" bw="16" slack="0"/>
<pin id="3251" dir="0" index="33" bw="16" slack="0"/>
<pin id="3252" dir="0" index="34" bw="16" slack="0"/>
<pin id="3253" dir="0" index="35" bw="16" slack="0"/>
<pin id="3254" dir="0" index="36" bw="16" slack="0"/>
<pin id="3255" dir="0" index="37" bw="16" slack="0"/>
<pin id="3256" dir="0" index="38" bw="16" slack="0"/>
<pin id="3257" dir="0" index="39" bw="16" slack="0"/>
<pin id="3258" dir="0" index="40" bw="16" slack="0"/>
<pin id="3259" dir="0" index="41" bw="16" slack="0"/>
<pin id="3260" dir="0" index="42" bw="16" slack="0"/>
<pin id="3261" dir="0" index="43" bw="16" slack="0"/>
<pin id="3262" dir="0" index="44" bw="16" slack="0"/>
<pin id="3263" dir="0" index="45" bw="16" slack="0"/>
<pin id="3264" dir="0" index="46" bw="16" slack="0"/>
<pin id="3265" dir="0" index="47" bw="16" slack="0"/>
<pin id="3266" dir="0" index="48" bw="16" slack="0"/>
<pin id="3267" dir="0" index="49" bw="16" slack="0"/>
<pin id="3268" dir="0" index="50" bw="16" slack="0"/>
<pin id="3269" dir="0" index="51" bw="16" slack="0"/>
<pin id="3270" dir="0" index="52" bw="16" slack="0"/>
<pin id="3271" dir="0" index="53" bw="16" slack="0"/>
<pin id="3272" dir="0" index="54" bw="16" slack="0"/>
<pin id="3273" dir="0" index="55" bw="16" slack="0"/>
<pin id="3274" dir="0" index="56" bw="16" slack="0"/>
<pin id="3275" dir="0" index="57" bw="16" slack="0"/>
<pin id="3276" dir="0" index="58" bw="16" slack="0"/>
<pin id="3277" dir="0" index="59" bw="16" slack="0"/>
<pin id="3278" dir="0" index="60" bw="16" slack="0"/>
<pin id="3279" dir="0" index="61" bw="16" slack="0"/>
<pin id="3280" dir="0" index="62" bw="16" slack="0"/>
<pin id="3281" dir="0" index="63" bw="16" slack="0"/>
<pin id="3282" dir="0" index="64" bw="16" slack="0"/>
<pin id="3283" dir="0" index="65" bw="16" slack="0"/>
<pin id="3284" dir="0" index="66" bw="16" slack="0"/>
<pin id="3285" dir="0" index="67" bw="16" slack="0"/>
<pin id="3286" dir="0" index="68" bw="16" slack="0"/>
<pin id="3287" dir="0" index="69" bw="16" slack="0"/>
<pin id="3288" dir="0" index="70" bw="16" slack="0"/>
<pin id="3289" dir="0" index="71" bw="16" slack="0"/>
<pin id="3290" dir="0" index="72" bw="16" slack="0"/>
<pin id="3291" dir="0" index="73" bw="16" slack="0"/>
<pin id="3292" dir="0" index="74" bw="16" slack="0"/>
<pin id="3293" dir="0" index="75" bw="16" slack="0"/>
<pin id="3294" dir="0" index="76" bw="16" slack="0"/>
<pin id="3295" dir="0" index="77" bw="16" slack="0"/>
<pin id="3296" dir="0" index="78" bw="16" slack="0"/>
<pin id="3297" dir="0" index="79" bw="16" slack="0"/>
<pin id="3298" dir="0" index="80" bw="16" slack="0"/>
<pin id="3299" dir="0" index="81" bw="16" slack="0"/>
<pin id="3300" dir="0" index="82" bw="16" slack="0"/>
<pin id="3301" dir="0" index="83" bw="16" slack="0"/>
<pin id="3302" dir="0" index="84" bw="16" slack="0"/>
<pin id="3303" dir="0" index="85" bw="16" slack="0"/>
<pin id="3304" dir="0" index="86" bw="16" slack="0"/>
<pin id="3305" dir="0" index="87" bw="16" slack="0"/>
<pin id="3306" dir="0" index="88" bw="16" slack="0"/>
<pin id="3307" dir="0" index="89" bw="16" slack="0"/>
<pin id="3308" dir="0" index="90" bw="16" slack="0"/>
<pin id="3309" dir="0" index="91" bw="16" slack="0"/>
<pin id="3310" dir="0" index="92" bw="16" slack="0"/>
<pin id="3311" dir="0" index="93" bw="16" slack="0"/>
<pin id="3312" dir="0" index="94" bw="16" slack="0"/>
<pin id="3313" dir="0" index="95" bw="16" slack="0"/>
<pin id="3314" dir="0" index="96" bw="16" slack="0"/>
<pin id="3315" dir="0" index="97" bw="16" slack="0"/>
<pin id="3316" dir="0" index="98" bw="16" slack="0"/>
<pin id="3317" dir="0" index="99" bw="16" slack="0"/>
<pin id="3318" dir="0" index="100" bw="16" slack="0"/>
<pin id="3319" dir="0" index="101" bw="16" slack="0"/>
<pin id="3320" dir="0" index="102" bw="16" slack="0"/>
<pin id="3321" dir="0" index="103" bw="16" slack="0"/>
<pin id="3322" dir="0" index="104" bw="16" slack="0"/>
<pin id="3323" dir="0" index="105" bw="16" slack="0"/>
<pin id="3324" dir="0" index="106" bw="16" slack="0"/>
<pin id="3325" dir="0" index="107" bw="16" slack="0"/>
<pin id="3326" dir="0" index="108" bw="16" slack="0"/>
<pin id="3327" dir="0" index="109" bw="16" slack="0"/>
<pin id="3328" dir="0" index="110" bw="16" slack="0"/>
<pin id="3329" dir="0" index="111" bw="16" slack="0"/>
<pin id="3330" dir="0" index="112" bw="16" slack="0"/>
<pin id="3331" dir="0" index="113" bw="16" slack="0"/>
<pin id="3332" dir="0" index="114" bw="16" slack="0"/>
<pin id="3333" dir="0" index="115" bw="16" slack="0"/>
<pin id="3334" dir="0" index="116" bw="16" slack="0"/>
<pin id="3335" dir="0" index="117" bw="16" slack="0"/>
<pin id="3336" dir="0" index="118" bw="16" slack="0"/>
<pin id="3337" dir="0" index="119" bw="16" slack="0"/>
<pin id="3338" dir="0" index="120" bw="16" slack="0"/>
<pin id="3339" dir="0" index="121" bw="16" slack="0"/>
<pin id="3340" dir="0" index="122" bw="16" slack="0"/>
<pin id="3341" dir="0" index="123" bw="16" slack="0"/>
<pin id="3342" dir="0" index="124" bw="16" slack="0"/>
<pin id="3343" dir="0" index="125" bw="16" slack="0"/>
<pin id="3344" dir="0" index="126" bw="16" slack="0"/>
<pin id="3345" dir="0" index="127" bw="16" slack="0"/>
<pin id="3346" dir="0" index="128" bw="16" slack="0"/>
<pin id="3347" dir="0" index="129" bw="16" slack="0"/>
<pin id="3348" dir="0" index="130" bw="16" slack="0"/>
<pin id="3349" dir="0" index="131" bw="16" slack="0"/>
<pin id="3350" dir="0" index="132" bw="16" slack="0"/>
<pin id="3351" dir="0" index="133" bw="16" slack="0"/>
<pin id="3352" dir="0" index="134" bw="16" slack="0"/>
<pin id="3353" dir="0" index="135" bw="16" slack="0"/>
<pin id="3354" dir="0" index="136" bw="16" slack="0"/>
<pin id="3355" dir="0" index="137" bw="8" slack="0"/>
<pin id="3356" dir="1" index="138" bw="16" slack="3"/>
</pin_list>
<bind>
<opcode="mux(1196) " fcode="mux"/>
<opset="tmp_2/1 "/>
</bind>
</comp>

<comp id="3495" class="1004" name="tmp_4_fu_3495">
<pin_list>
<pin id="3496" dir="0" index="0" bw="16" slack="0"/>
<pin id="3497" dir="0" index="1" bw="16" slack="0"/>
<pin id="3498" dir="0" index="2" bw="16" slack="0"/>
<pin id="3499" dir="0" index="3" bw="16" slack="0"/>
<pin id="3500" dir="0" index="4" bw="16" slack="0"/>
<pin id="3501" dir="0" index="5" bw="16" slack="0"/>
<pin id="3502" dir="0" index="6" bw="16" slack="0"/>
<pin id="3503" dir="0" index="7" bw="16" slack="0"/>
<pin id="3504" dir="0" index="8" bw="16" slack="0"/>
<pin id="3505" dir="0" index="9" bw="16" slack="0"/>
<pin id="3506" dir="0" index="10" bw="16" slack="0"/>
<pin id="3507" dir="0" index="11" bw="16" slack="0"/>
<pin id="3508" dir="0" index="12" bw="16" slack="0"/>
<pin id="3509" dir="0" index="13" bw="16" slack="0"/>
<pin id="3510" dir="0" index="14" bw="16" slack="0"/>
<pin id="3511" dir="0" index="15" bw="16" slack="0"/>
<pin id="3512" dir="0" index="16" bw="16" slack="0"/>
<pin id="3513" dir="0" index="17" bw="16" slack="0"/>
<pin id="3514" dir="0" index="18" bw="16" slack="0"/>
<pin id="3515" dir="0" index="19" bw="16" slack="0"/>
<pin id="3516" dir="0" index="20" bw="16" slack="0"/>
<pin id="3517" dir="0" index="21" bw="16" slack="0"/>
<pin id="3518" dir="0" index="22" bw="16" slack="0"/>
<pin id="3519" dir="0" index="23" bw="16" slack="0"/>
<pin id="3520" dir="0" index="24" bw="16" slack="0"/>
<pin id="3521" dir="0" index="25" bw="16" slack="0"/>
<pin id="3522" dir="0" index="26" bw="16" slack="0"/>
<pin id="3523" dir="0" index="27" bw="16" slack="0"/>
<pin id="3524" dir="0" index="28" bw="16" slack="0"/>
<pin id="3525" dir="0" index="29" bw="16" slack="0"/>
<pin id="3526" dir="0" index="30" bw="16" slack="0"/>
<pin id="3527" dir="0" index="31" bw="16" slack="0"/>
<pin id="3528" dir="0" index="32" bw="16" slack="0"/>
<pin id="3529" dir="0" index="33" bw="16" slack="0"/>
<pin id="3530" dir="0" index="34" bw="16" slack="0"/>
<pin id="3531" dir="0" index="35" bw="16" slack="0"/>
<pin id="3532" dir="0" index="36" bw="16" slack="0"/>
<pin id="3533" dir="0" index="37" bw="16" slack="0"/>
<pin id="3534" dir="0" index="38" bw="16" slack="0"/>
<pin id="3535" dir="0" index="39" bw="16" slack="0"/>
<pin id="3536" dir="0" index="40" bw="16" slack="0"/>
<pin id="3537" dir="0" index="41" bw="16" slack="0"/>
<pin id="3538" dir="0" index="42" bw="16" slack="0"/>
<pin id="3539" dir="0" index="43" bw="16" slack="0"/>
<pin id="3540" dir="0" index="44" bw="16" slack="0"/>
<pin id="3541" dir="0" index="45" bw="16" slack="0"/>
<pin id="3542" dir="0" index="46" bw="16" slack="0"/>
<pin id="3543" dir="0" index="47" bw="16" slack="0"/>
<pin id="3544" dir="0" index="48" bw="16" slack="0"/>
<pin id="3545" dir="0" index="49" bw="16" slack="0"/>
<pin id="3546" dir="0" index="50" bw="16" slack="0"/>
<pin id="3547" dir="0" index="51" bw="16" slack="0"/>
<pin id="3548" dir="0" index="52" bw="16" slack="0"/>
<pin id="3549" dir="0" index="53" bw="16" slack="0"/>
<pin id="3550" dir="0" index="54" bw="16" slack="0"/>
<pin id="3551" dir="0" index="55" bw="16" slack="0"/>
<pin id="3552" dir="0" index="56" bw="16" slack="0"/>
<pin id="3553" dir="0" index="57" bw="16" slack="0"/>
<pin id="3554" dir="0" index="58" bw="16" slack="0"/>
<pin id="3555" dir="0" index="59" bw="16" slack="0"/>
<pin id="3556" dir="0" index="60" bw="16" slack="0"/>
<pin id="3557" dir="0" index="61" bw="16" slack="0"/>
<pin id="3558" dir="0" index="62" bw="16" slack="0"/>
<pin id="3559" dir="0" index="63" bw="16" slack="0"/>
<pin id="3560" dir="0" index="64" bw="16" slack="0"/>
<pin id="3561" dir="0" index="65" bw="16" slack="0"/>
<pin id="3562" dir="0" index="66" bw="16" slack="0"/>
<pin id="3563" dir="0" index="67" bw="16" slack="0"/>
<pin id="3564" dir="0" index="68" bw="16" slack="0"/>
<pin id="3565" dir="0" index="69" bw="16" slack="0"/>
<pin id="3566" dir="0" index="70" bw="16" slack="0"/>
<pin id="3567" dir="0" index="71" bw="16" slack="0"/>
<pin id="3568" dir="0" index="72" bw="16" slack="0"/>
<pin id="3569" dir="0" index="73" bw="16" slack="0"/>
<pin id="3570" dir="0" index="74" bw="16" slack="0"/>
<pin id="3571" dir="0" index="75" bw="16" slack="0"/>
<pin id="3572" dir="0" index="76" bw="16" slack="0"/>
<pin id="3573" dir="0" index="77" bw="16" slack="0"/>
<pin id="3574" dir="0" index="78" bw="16" slack="0"/>
<pin id="3575" dir="0" index="79" bw="16" slack="0"/>
<pin id="3576" dir="0" index="80" bw="16" slack="0"/>
<pin id="3577" dir="0" index="81" bw="16" slack="0"/>
<pin id="3578" dir="0" index="82" bw="16" slack="0"/>
<pin id="3579" dir="0" index="83" bw="16" slack="0"/>
<pin id="3580" dir="0" index="84" bw="16" slack="0"/>
<pin id="3581" dir="0" index="85" bw="16" slack="0"/>
<pin id="3582" dir="0" index="86" bw="16" slack="0"/>
<pin id="3583" dir="0" index="87" bw="16" slack="0"/>
<pin id="3584" dir="0" index="88" bw="16" slack="0"/>
<pin id="3585" dir="0" index="89" bw="16" slack="0"/>
<pin id="3586" dir="0" index="90" bw="16" slack="0"/>
<pin id="3587" dir="0" index="91" bw="16" slack="0"/>
<pin id="3588" dir="0" index="92" bw="16" slack="0"/>
<pin id="3589" dir="0" index="93" bw="16" slack="0"/>
<pin id="3590" dir="0" index="94" bw="16" slack="0"/>
<pin id="3591" dir="0" index="95" bw="16" slack="0"/>
<pin id="3592" dir="0" index="96" bw="16" slack="0"/>
<pin id="3593" dir="0" index="97" bw="16" slack="0"/>
<pin id="3594" dir="0" index="98" bw="16" slack="0"/>
<pin id="3595" dir="0" index="99" bw="16" slack="0"/>
<pin id="3596" dir="0" index="100" bw="16" slack="0"/>
<pin id="3597" dir="0" index="101" bw="16" slack="0"/>
<pin id="3598" dir="0" index="102" bw="16" slack="0"/>
<pin id="3599" dir="0" index="103" bw="16" slack="0"/>
<pin id="3600" dir="0" index="104" bw="16" slack="0"/>
<pin id="3601" dir="0" index="105" bw="16" slack="0"/>
<pin id="3602" dir="0" index="106" bw="16" slack="0"/>
<pin id="3603" dir="0" index="107" bw="16" slack="0"/>
<pin id="3604" dir="0" index="108" bw="16" slack="0"/>
<pin id="3605" dir="0" index="109" bw="16" slack="0"/>
<pin id="3606" dir="0" index="110" bw="16" slack="0"/>
<pin id="3607" dir="0" index="111" bw="16" slack="0"/>
<pin id="3608" dir="0" index="112" bw="16" slack="0"/>
<pin id="3609" dir="0" index="113" bw="16" slack="0"/>
<pin id="3610" dir="0" index="114" bw="16" slack="0"/>
<pin id="3611" dir="0" index="115" bw="16" slack="0"/>
<pin id="3612" dir="0" index="116" bw="16" slack="0"/>
<pin id="3613" dir="0" index="117" bw="16" slack="0"/>
<pin id="3614" dir="0" index="118" bw="16" slack="0"/>
<pin id="3615" dir="0" index="119" bw="16" slack="0"/>
<pin id="3616" dir="0" index="120" bw="16" slack="0"/>
<pin id="3617" dir="0" index="121" bw="16" slack="0"/>
<pin id="3618" dir="0" index="122" bw="16" slack="0"/>
<pin id="3619" dir="0" index="123" bw="16" slack="0"/>
<pin id="3620" dir="0" index="124" bw="16" slack="0"/>
<pin id="3621" dir="0" index="125" bw="16" slack="0"/>
<pin id="3622" dir="0" index="126" bw="16" slack="0"/>
<pin id="3623" dir="0" index="127" bw="16" slack="0"/>
<pin id="3624" dir="0" index="128" bw="16" slack="0"/>
<pin id="3625" dir="0" index="129" bw="16" slack="0"/>
<pin id="3626" dir="0" index="130" bw="16" slack="0"/>
<pin id="3627" dir="0" index="131" bw="16" slack="0"/>
<pin id="3628" dir="0" index="132" bw="16" slack="0"/>
<pin id="3629" dir="0" index="133" bw="16" slack="0"/>
<pin id="3630" dir="0" index="134" bw="16" slack="0"/>
<pin id="3631" dir="0" index="135" bw="16" slack="0"/>
<pin id="3632" dir="0" index="136" bw="16" slack="0"/>
<pin id="3633" dir="0" index="137" bw="8" slack="0"/>
<pin id="3634" dir="1" index="138" bw="16" slack="1"/>
</pin_list>
<bind>
<opcode="mux(1196) " fcode="mux"/>
<opset="tmp_4/1 "/>
</bind>
</comp>

<comp id="3773" class="1004" name="tmp_6_fu_3773">
<pin_list>
<pin id="3774" dir="0" index="0" bw="16" slack="0"/>
<pin id="3775" dir="0" index="1" bw="16" slack="0"/>
<pin id="3776" dir="0" index="2" bw="16" slack="0"/>
<pin id="3777" dir="0" index="3" bw="16" slack="0"/>
<pin id="3778" dir="0" index="4" bw="16" slack="0"/>
<pin id="3779" dir="0" index="5" bw="16" slack="0"/>
<pin id="3780" dir="0" index="6" bw="16" slack="0"/>
<pin id="3781" dir="0" index="7" bw="16" slack="0"/>
<pin id="3782" dir="0" index="8" bw="16" slack="0"/>
<pin id="3783" dir="0" index="9" bw="16" slack="0"/>
<pin id="3784" dir="0" index="10" bw="16" slack="0"/>
<pin id="3785" dir="0" index="11" bw="16" slack="0"/>
<pin id="3786" dir="0" index="12" bw="16" slack="0"/>
<pin id="3787" dir="0" index="13" bw="16" slack="0"/>
<pin id="3788" dir="0" index="14" bw="16" slack="0"/>
<pin id="3789" dir="0" index="15" bw="16" slack="0"/>
<pin id="3790" dir="0" index="16" bw="16" slack="0"/>
<pin id="3791" dir="0" index="17" bw="16" slack="0"/>
<pin id="3792" dir="0" index="18" bw="16" slack="0"/>
<pin id="3793" dir="0" index="19" bw="16" slack="0"/>
<pin id="3794" dir="0" index="20" bw="16" slack="0"/>
<pin id="3795" dir="0" index="21" bw="16" slack="0"/>
<pin id="3796" dir="0" index="22" bw="16" slack="0"/>
<pin id="3797" dir="0" index="23" bw="16" slack="0"/>
<pin id="3798" dir="0" index="24" bw="16" slack="0"/>
<pin id="3799" dir="0" index="25" bw="16" slack="0"/>
<pin id="3800" dir="0" index="26" bw="16" slack="0"/>
<pin id="3801" dir="0" index="27" bw="16" slack="0"/>
<pin id="3802" dir="0" index="28" bw="16" slack="0"/>
<pin id="3803" dir="0" index="29" bw="16" slack="0"/>
<pin id="3804" dir="0" index="30" bw="16" slack="0"/>
<pin id="3805" dir="0" index="31" bw="16" slack="0"/>
<pin id="3806" dir="0" index="32" bw="16" slack="0"/>
<pin id="3807" dir="0" index="33" bw="16" slack="0"/>
<pin id="3808" dir="0" index="34" bw="16" slack="0"/>
<pin id="3809" dir="0" index="35" bw="16" slack="0"/>
<pin id="3810" dir="0" index="36" bw="16" slack="0"/>
<pin id="3811" dir="0" index="37" bw="16" slack="0"/>
<pin id="3812" dir="0" index="38" bw="16" slack="0"/>
<pin id="3813" dir="0" index="39" bw="16" slack="0"/>
<pin id="3814" dir="0" index="40" bw="16" slack="0"/>
<pin id="3815" dir="0" index="41" bw="16" slack="0"/>
<pin id="3816" dir="0" index="42" bw="16" slack="0"/>
<pin id="3817" dir="0" index="43" bw="16" slack="0"/>
<pin id="3818" dir="0" index="44" bw="16" slack="0"/>
<pin id="3819" dir="0" index="45" bw="16" slack="0"/>
<pin id="3820" dir="0" index="46" bw="16" slack="0"/>
<pin id="3821" dir="0" index="47" bw="16" slack="0"/>
<pin id="3822" dir="0" index="48" bw="16" slack="0"/>
<pin id="3823" dir="0" index="49" bw="16" slack="0"/>
<pin id="3824" dir="0" index="50" bw="16" slack="0"/>
<pin id="3825" dir="0" index="51" bw="16" slack="0"/>
<pin id="3826" dir="0" index="52" bw="16" slack="0"/>
<pin id="3827" dir="0" index="53" bw="16" slack="0"/>
<pin id="3828" dir="0" index="54" bw="16" slack="0"/>
<pin id="3829" dir="0" index="55" bw="16" slack="0"/>
<pin id="3830" dir="0" index="56" bw="16" slack="0"/>
<pin id="3831" dir="0" index="57" bw="16" slack="0"/>
<pin id="3832" dir="0" index="58" bw="16" slack="0"/>
<pin id="3833" dir="0" index="59" bw="16" slack="0"/>
<pin id="3834" dir="0" index="60" bw="16" slack="0"/>
<pin id="3835" dir="0" index="61" bw="16" slack="0"/>
<pin id="3836" dir="0" index="62" bw="16" slack="0"/>
<pin id="3837" dir="0" index="63" bw="16" slack="0"/>
<pin id="3838" dir="0" index="64" bw="16" slack="0"/>
<pin id="3839" dir="0" index="65" bw="16" slack="0"/>
<pin id="3840" dir="0" index="66" bw="16" slack="0"/>
<pin id="3841" dir="0" index="67" bw="16" slack="0"/>
<pin id="3842" dir="0" index="68" bw="16" slack="0"/>
<pin id="3843" dir="0" index="69" bw="16" slack="0"/>
<pin id="3844" dir="0" index="70" bw="16" slack="0"/>
<pin id="3845" dir="0" index="71" bw="16" slack="0"/>
<pin id="3846" dir="0" index="72" bw="16" slack="0"/>
<pin id="3847" dir="0" index="73" bw="16" slack="0"/>
<pin id="3848" dir="0" index="74" bw="16" slack="0"/>
<pin id="3849" dir="0" index="75" bw="16" slack="0"/>
<pin id="3850" dir="0" index="76" bw="16" slack="0"/>
<pin id="3851" dir="0" index="77" bw="16" slack="0"/>
<pin id="3852" dir="0" index="78" bw="16" slack="0"/>
<pin id="3853" dir="0" index="79" bw="16" slack="0"/>
<pin id="3854" dir="0" index="80" bw="16" slack="0"/>
<pin id="3855" dir="0" index="81" bw="16" slack="0"/>
<pin id="3856" dir="0" index="82" bw="16" slack="0"/>
<pin id="3857" dir="0" index="83" bw="16" slack="0"/>
<pin id="3858" dir="0" index="84" bw="16" slack="0"/>
<pin id="3859" dir="0" index="85" bw="16" slack="0"/>
<pin id="3860" dir="0" index="86" bw="16" slack="0"/>
<pin id="3861" dir="0" index="87" bw="16" slack="0"/>
<pin id="3862" dir="0" index="88" bw="16" slack="0"/>
<pin id="3863" dir="0" index="89" bw="16" slack="0"/>
<pin id="3864" dir="0" index="90" bw="16" slack="0"/>
<pin id="3865" dir="0" index="91" bw="16" slack="0"/>
<pin id="3866" dir="0" index="92" bw="16" slack="0"/>
<pin id="3867" dir="0" index="93" bw="16" slack="0"/>
<pin id="3868" dir="0" index="94" bw="16" slack="0"/>
<pin id="3869" dir="0" index="95" bw="16" slack="0"/>
<pin id="3870" dir="0" index="96" bw="16" slack="0"/>
<pin id="3871" dir="0" index="97" bw="16" slack="0"/>
<pin id="3872" dir="0" index="98" bw="16" slack="0"/>
<pin id="3873" dir="0" index="99" bw="16" slack="0"/>
<pin id="3874" dir="0" index="100" bw="16" slack="0"/>
<pin id="3875" dir="0" index="101" bw="16" slack="0"/>
<pin id="3876" dir="0" index="102" bw="16" slack="0"/>
<pin id="3877" dir="0" index="103" bw="16" slack="0"/>
<pin id="3878" dir="0" index="104" bw="16" slack="0"/>
<pin id="3879" dir="0" index="105" bw="16" slack="0"/>
<pin id="3880" dir="0" index="106" bw="16" slack="0"/>
<pin id="3881" dir="0" index="107" bw="16" slack="0"/>
<pin id="3882" dir="0" index="108" bw="16" slack="0"/>
<pin id="3883" dir="0" index="109" bw="16" slack="0"/>
<pin id="3884" dir="0" index="110" bw="16" slack="0"/>
<pin id="3885" dir="0" index="111" bw="16" slack="0"/>
<pin id="3886" dir="0" index="112" bw="16" slack="0"/>
<pin id="3887" dir="0" index="113" bw="16" slack="0"/>
<pin id="3888" dir="0" index="114" bw="16" slack="0"/>
<pin id="3889" dir="0" index="115" bw="16" slack="0"/>
<pin id="3890" dir="0" index="116" bw="16" slack="0"/>
<pin id="3891" dir="0" index="117" bw="16" slack="0"/>
<pin id="3892" dir="0" index="118" bw="16" slack="0"/>
<pin id="3893" dir="0" index="119" bw="16" slack="0"/>
<pin id="3894" dir="0" index="120" bw="16" slack="0"/>
<pin id="3895" dir="0" index="121" bw="16" slack="0"/>
<pin id="3896" dir="0" index="122" bw="16" slack="0"/>
<pin id="3897" dir="0" index="123" bw="16" slack="0"/>
<pin id="3898" dir="0" index="124" bw="16" slack="0"/>
<pin id="3899" dir="0" index="125" bw="16" slack="0"/>
<pin id="3900" dir="0" index="126" bw="16" slack="0"/>
<pin id="3901" dir="0" index="127" bw="16" slack="0"/>
<pin id="3902" dir="0" index="128" bw="16" slack="0"/>
<pin id="3903" dir="0" index="129" bw="16" slack="0"/>
<pin id="3904" dir="0" index="130" bw="16" slack="0"/>
<pin id="3905" dir="0" index="131" bw="16" slack="0"/>
<pin id="3906" dir="0" index="132" bw="16" slack="0"/>
<pin id="3907" dir="0" index="133" bw="16" slack="0"/>
<pin id="3908" dir="0" index="134" bw="16" slack="0"/>
<pin id="3909" dir="0" index="135" bw="16" slack="0"/>
<pin id="3910" dir="0" index="136" bw="16" slack="0"/>
<pin id="3911" dir="0" index="137" bw="8" slack="0"/>
<pin id="3912" dir="1" index="138" bw="16" slack="2"/>
</pin_list>
<bind>
<opcode="mux(1196) " fcode="mux"/>
<opset="tmp_6/1 "/>
</bind>
</comp>

<comp id="4051" class="1004" name="tmp_8_fu_4051">
<pin_list>
<pin id="4052" dir="0" index="0" bw="16" slack="0"/>
<pin id="4053" dir="0" index="1" bw="16" slack="0"/>
<pin id="4054" dir="0" index="2" bw="16" slack="0"/>
<pin id="4055" dir="0" index="3" bw="16" slack="0"/>
<pin id="4056" dir="0" index="4" bw="16" slack="0"/>
<pin id="4057" dir="0" index="5" bw="16" slack="0"/>
<pin id="4058" dir="0" index="6" bw="16" slack="0"/>
<pin id="4059" dir="0" index="7" bw="16" slack="0"/>
<pin id="4060" dir="0" index="8" bw="16" slack="0"/>
<pin id="4061" dir="0" index="9" bw="16" slack="0"/>
<pin id="4062" dir="0" index="10" bw="16" slack="0"/>
<pin id="4063" dir="0" index="11" bw="16" slack="0"/>
<pin id="4064" dir="0" index="12" bw="16" slack="0"/>
<pin id="4065" dir="0" index="13" bw="16" slack="0"/>
<pin id="4066" dir="0" index="14" bw="16" slack="0"/>
<pin id="4067" dir="0" index="15" bw="16" slack="0"/>
<pin id="4068" dir="0" index="16" bw="16" slack="0"/>
<pin id="4069" dir="0" index="17" bw="16" slack="0"/>
<pin id="4070" dir="0" index="18" bw="16" slack="0"/>
<pin id="4071" dir="0" index="19" bw="16" slack="0"/>
<pin id="4072" dir="0" index="20" bw="16" slack="0"/>
<pin id="4073" dir="0" index="21" bw="16" slack="0"/>
<pin id="4074" dir="0" index="22" bw="16" slack="0"/>
<pin id="4075" dir="0" index="23" bw="16" slack="0"/>
<pin id="4076" dir="0" index="24" bw="16" slack="0"/>
<pin id="4077" dir="0" index="25" bw="16" slack="0"/>
<pin id="4078" dir="0" index="26" bw="16" slack="0"/>
<pin id="4079" dir="0" index="27" bw="16" slack="0"/>
<pin id="4080" dir="0" index="28" bw="16" slack="0"/>
<pin id="4081" dir="0" index="29" bw="16" slack="0"/>
<pin id="4082" dir="0" index="30" bw="16" slack="0"/>
<pin id="4083" dir="0" index="31" bw="16" slack="0"/>
<pin id="4084" dir="0" index="32" bw="16" slack="0"/>
<pin id="4085" dir="0" index="33" bw="16" slack="0"/>
<pin id="4086" dir="0" index="34" bw="16" slack="0"/>
<pin id="4087" dir="0" index="35" bw="16" slack="0"/>
<pin id="4088" dir="0" index="36" bw="16" slack="0"/>
<pin id="4089" dir="0" index="37" bw="16" slack="0"/>
<pin id="4090" dir="0" index="38" bw="16" slack="0"/>
<pin id="4091" dir="0" index="39" bw="16" slack="0"/>
<pin id="4092" dir="0" index="40" bw="16" slack="0"/>
<pin id="4093" dir="0" index="41" bw="16" slack="0"/>
<pin id="4094" dir="0" index="42" bw="16" slack="0"/>
<pin id="4095" dir="0" index="43" bw="16" slack="0"/>
<pin id="4096" dir="0" index="44" bw="16" slack="0"/>
<pin id="4097" dir="0" index="45" bw="16" slack="0"/>
<pin id="4098" dir="0" index="46" bw="16" slack="0"/>
<pin id="4099" dir="0" index="47" bw="16" slack="0"/>
<pin id="4100" dir="0" index="48" bw="16" slack="0"/>
<pin id="4101" dir="0" index="49" bw="16" slack="0"/>
<pin id="4102" dir="0" index="50" bw="16" slack="0"/>
<pin id="4103" dir="0" index="51" bw="16" slack="0"/>
<pin id="4104" dir="0" index="52" bw="16" slack="0"/>
<pin id="4105" dir="0" index="53" bw="16" slack="0"/>
<pin id="4106" dir="0" index="54" bw="16" slack="0"/>
<pin id="4107" dir="0" index="55" bw="16" slack="0"/>
<pin id="4108" dir="0" index="56" bw="16" slack="0"/>
<pin id="4109" dir="0" index="57" bw="16" slack="0"/>
<pin id="4110" dir="0" index="58" bw="16" slack="0"/>
<pin id="4111" dir="0" index="59" bw="16" slack="0"/>
<pin id="4112" dir="0" index="60" bw="16" slack="0"/>
<pin id="4113" dir="0" index="61" bw="16" slack="0"/>
<pin id="4114" dir="0" index="62" bw="16" slack="0"/>
<pin id="4115" dir="0" index="63" bw="16" slack="0"/>
<pin id="4116" dir="0" index="64" bw="16" slack="0"/>
<pin id="4117" dir="0" index="65" bw="16" slack="0"/>
<pin id="4118" dir="0" index="66" bw="16" slack="0"/>
<pin id="4119" dir="0" index="67" bw="16" slack="0"/>
<pin id="4120" dir="0" index="68" bw="16" slack="0"/>
<pin id="4121" dir="0" index="69" bw="16" slack="0"/>
<pin id="4122" dir="0" index="70" bw="16" slack="0"/>
<pin id="4123" dir="0" index="71" bw="16" slack="0"/>
<pin id="4124" dir="0" index="72" bw="16" slack="0"/>
<pin id="4125" dir="0" index="73" bw="16" slack="0"/>
<pin id="4126" dir="0" index="74" bw="16" slack="0"/>
<pin id="4127" dir="0" index="75" bw="16" slack="0"/>
<pin id="4128" dir="0" index="76" bw="16" slack="0"/>
<pin id="4129" dir="0" index="77" bw="16" slack="0"/>
<pin id="4130" dir="0" index="78" bw="16" slack="0"/>
<pin id="4131" dir="0" index="79" bw="16" slack="0"/>
<pin id="4132" dir="0" index="80" bw="16" slack="0"/>
<pin id="4133" dir="0" index="81" bw="16" slack="0"/>
<pin id="4134" dir="0" index="82" bw="16" slack="0"/>
<pin id="4135" dir="0" index="83" bw="16" slack="0"/>
<pin id="4136" dir="0" index="84" bw="16" slack="0"/>
<pin id="4137" dir="0" index="85" bw="16" slack="0"/>
<pin id="4138" dir="0" index="86" bw="16" slack="0"/>
<pin id="4139" dir="0" index="87" bw="16" slack="0"/>
<pin id="4140" dir="0" index="88" bw="16" slack="0"/>
<pin id="4141" dir="0" index="89" bw="16" slack="0"/>
<pin id="4142" dir="0" index="90" bw="16" slack="0"/>
<pin id="4143" dir="0" index="91" bw="16" slack="0"/>
<pin id="4144" dir="0" index="92" bw="16" slack="0"/>
<pin id="4145" dir="0" index="93" bw="16" slack="0"/>
<pin id="4146" dir="0" index="94" bw="16" slack="0"/>
<pin id="4147" dir="0" index="95" bw="16" slack="0"/>
<pin id="4148" dir="0" index="96" bw="16" slack="0"/>
<pin id="4149" dir="0" index="97" bw="16" slack="0"/>
<pin id="4150" dir="0" index="98" bw="16" slack="0"/>
<pin id="4151" dir="0" index="99" bw="16" slack="0"/>
<pin id="4152" dir="0" index="100" bw="16" slack="0"/>
<pin id="4153" dir="0" index="101" bw="16" slack="0"/>
<pin id="4154" dir="0" index="102" bw="16" slack="0"/>
<pin id="4155" dir="0" index="103" bw="16" slack="0"/>
<pin id="4156" dir="0" index="104" bw="16" slack="0"/>
<pin id="4157" dir="0" index="105" bw="16" slack="0"/>
<pin id="4158" dir="0" index="106" bw="16" slack="0"/>
<pin id="4159" dir="0" index="107" bw="16" slack="0"/>
<pin id="4160" dir="0" index="108" bw="16" slack="0"/>
<pin id="4161" dir="0" index="109" bw="16" slack="0"/>
<pin id="4162" dir="0" index="110" bw="16" slack="0"/>
<pin id="4163" dir="0" index="111" bw="16" slack="0"/>
<pin id="4164" dir="0" index="112" bw="16" slack="0"/>
<pin id="4165" dir="0" index="113" bw="16" slack="0"/>
<pin id="4166" dir="0" index="114" bw="16" slack="0"/>
<pin id="4167" dir="0" index="115" bw="16" slack="0"/>
<pin id="4168" dir="0" index="116" bw="16" slack="0"/>
<pin id="4169" dir="0" index="117" bw="16" slack="0"/>
<pin id="4170" dir="0" index="118" bw="16" slack="0"/>
<pin id="4171" dir="0" index="119" bw="16" slack="0"/>
<pin id="4172" dir="0" index="120" bw="16" slack="0"/>
<pin id="4173" dir="0" index="121" bw="16" slack="0"/>
<pin id="4174" dir="0" index="122" bw="16" slack="0"/>
<pin id="4175" dir="0" index="123" bw="16" slack="0"/>
<pin id="4176" dir="0" index="124" bw="16" slack="0"/>
<pin id="4177" dir="0" index="125" bw="16" slack="0"/>
<pin id="4178" dir="0" index="126" bw="16" slack="0"/>
<pin id="4179" dir="0" index="127" bw="16" slack="0"/>
<pin id="4180" dir="0" index="128" bw="16" slack="0"/>
<pin id="4181" dir="0" index="129" bw="16" slack="0"/>
<pin id="4182" dir="0" index="130" bw="16" slack="0"/>
<pin id="4183" dir="0" index="131" bw="16" slack="0"/>
<pin id="4184" dir="0" index="132" bw="16" slack="0"/>
<pin id="4185" dir="0" index="133" bw="16" slack="0"/>
<pin id="4186" dir="0" index="134" bw="16" slack="0"/>
<pin id="4187" dir="0" index="135" bw="16" slack="0"/>
<pin id="4188" dir="0" index="136" bw="16" slack="0"/>
<pin id="4189" dir="0" index="137" bw="8" slack="0"/>
<pin id="4190" dir="1" index="138" bw="16" slack="2"/>
</pin_list>
<bind>
<opcode="mux(1196) " fcode="mux"/>
<opset="tmp_8/1 "/>
</bind>
</comp>

<comp id="4329" class="1004" name="tmp_10_fu_4329">
<pin_list>
<pin id="4330" dir="0" index="0" bw="16" slack="0"/>
<pin id="4331" dir="0" index="1" bw="16" slack="0"/>
<pin id="4332" dir="0" index="2" bw="16" slack="0"/>
<pin id="4333" dir="0" index="3" bw="16" slack="0"/>
<pin id="4334" dir="0" index="4" bw="16" slack="0"/>
<pin id="4335" dir="0" index="5" bw="16" slack="0"/>
<pin id="4336" dir="0" index="6" bw="16" slack="0"/>
<pin id="4337" dir="0" index="7" bw="16" slack="0"/>
<pin id="4338" dir="0" index="8" bw="16" slack="0"/>
<pin id="4339" dir="0" index="9" bw="16" slack="0"/>
<pin id="4340" dir="0" index="10" bw="16" slack="0"/>
<pin id="4341" dir="0" index="11" bw="16" slack="0"/>
<pin id="4342" dir="0" index="12" bw="16" slack="0"/>
<pin id="4343" dir="0" index="13" bw="16" slack="0"/>
<pin id="4344" dir="0" index="14" bw="16" slack="0"/>
<pin id="4345" dir="0" index="15" bw="16" slack="0"/>
<pin id="4346" dir="0" index="16" bw="16" slack="0"/>
<pin id="4347" dir="0" index="17" bw="16" slack="0"/>
<pin id="4348" dir="0" index="18" bw="16" slack="0"/>
<pin id="4349" dir="0" index="19" bw="16" slack="0"/>
<pin id="4350" dir="0" index="20" bw="16" slack="0"/>
<pin id="4351" dir="0" index="21" bw="16" slack="0"/>
<pin id="4352" dir="0" index="22" bw="16" slack="0"/>
<pin id="4353" dir="0" index="23" bw="16" slack="0"/>
<pin id="4354" dir="0" index="24" bw="16" slack="0"/>
<pin id="4355" dir="0" index="25" bw="16" slack="0"/>
<pin id="4356" dir="0" index="26" bw="16" slack="0"/>
<pin id="4357" dir="0" index="27" bw="16" slack="0"/>
<pin id="4358" dir="0" index="28" bw="16" slack="0"/>
<pin id="4359" dir="0" index="29" bw="16" slack="0"/>
<pin id="4360" dir="0" index="30" bw="16" slack="0"/>
<pin id="4361" dir="0" index="31" bw="16" slack="0"/>
<pin id="4362" dir="0" index="32" bw="16" slack="0"/>
<pin id="4363" dir="0" index="33" bw="16" slack="0"/>
<pin id="4364" dir="0" index="34" bw="16" slack="0"/>
<pin id="4365" dir="0" index="35" bw="16" slack="0"/>
<pin id="4366" dir="0" index="36" bw="16" slack="0"/>
<pin id="4367" dir="0" index="37" bw="16" slack="0"/>
<pin id="4368" dir="0" index="38" bw="16" slack="0"/>
<pin id="4369" dir="0" index="39" bw="16" slack="0"/>
<pin id="4370" dir="0" index="40" bw="16" slack="0"/>
<pin id="4371" dir="0" index="41" bw="16" slack="0"/>
<pin id="4372" dir="0" index="42" bw="16" slack="0"/>
<pin id="4373" dir="0" index="43" bw="16" slack="0"/>
<pin id="4374" dir="0" index="44" bw="16" slack="0"/>
<pin id="4375" dir="0" index="45" bw="16" slack="0"/>
<pin id="4376" dir="0" index="46" bw="16" slack="0"/>
<pin id="4377" dir="0" index="47" bw="16" slack="0"/>
<pin id="4378" dir="0" index="48" bw="16" slack="0"/>
<pin id="4379" dir="0" index="49" bw="16" slack="0"/>
<pin id="4380" dir="0" index="50" bw="16" slack="0"/>
<pin id="4381" dir="0" index="51" bw="16" slack="0"/>
<pin id="4382" dir="0" index="52" bw="16" slack="0"/>
<pin id="4383" dir="0" index="53" bw="16" slack="0"/>
<pin id="4384" dir="0" index="54" bw="16" slack="0"/>
<pin id="4385" dir="0" index="55" bw="16" slack="0"/>
<pin id="4386" dir="0" index="56" bw="16" slack="0"/>
<pin id="4387" dir="0" index="57" bw="16" slack="0"/>
<pin id="4388" dir="0" index="58" bw="16" slack="0"/>
<pin id="4389" dir="0" index="59" bw="16" slack="0"/>
<pin id="4390" dir="0" index="60" bw="16" slack="0"/>
<pin id="4391" dir="0" index="61" bw="16" slack="0"/>
<pin id="4392" dir="0" index="62" bw="16" slack="0"/>
<pin id="4393" dir="0" index="63" bw="16" slack="0"/>
<pin id="4394" dir="0" index="64" bw="16" slack="0"/>
<pin id="4395" dir="0" index="65" bw="16" slack="0"/>
<pin id="4396" dir="0" index="66" bw="16" slack="0"/>
<pin id="4397" dir="0" index="67" bw="16" slack="0"/>
<pin id="4398" dir="0" index="68" bw="16" slack="0"/>
<pin id="4399" dir="0" index="69" bw="16" slack="0"/>
<pin id="4400" dir="0" index="70" bw="16" slack="0"/>
<pin id="4401" dir="0" index="71" bw="16" slack="0"/>
<pin id="4402" dir="0" index="72" bw="16" slack="0"/>
<pin id="4403" dir="0" index="73" bw="16" slack="0"/>
<pin id="4404" dir="0" index="74" bw="16" slack="0"/>
<pin id="4405" dir="0" index="75" bw="16" slack="0"/>
<pin id="4406" dir="0" index="76" bw="16" slack="0"/>
<pin id="4407" dir="0" index="77" bw="16" slack="0"/>
<pin id="4408" dir="0" index="78" bw="16" slack="0"/>
<pin id="4409" dir="0" index="79" bw="16" slack="0"/>
<pin id="4410" dir="0" index="80" bw="16" slack="0"/>
<pin id="4411" dir="0" index="81" bw="16" slack="0"/>
<pin id="4412" dir="0" index="82" bw="16" slack="0"/>
<pin id="4413" dir="0" index="83" bw="16" slack="0"/>
<pin id="4414" dir="0" index="84" bw="16" slack="0"/>
<pin id="4415" dir="0" index="85" bw="16" slack="0"/>
<pin id="4416" dir="0" index="86" bw="16" slack="0"/>
<pin id="4417" dir="0" index="87" bw="16" slack="0"/>
<pin id="4418" dir="0" index="88" bw="16" slack="0"/>
<pin id="4419" dir="0" index="89" bw="16" slack="0"/>
<pin id="4420" dir="0" index="90" bw="16" slack="0"/>
<pin id="4421" dir="0" index="91" bw="16" slack="0"/>
<pin id="4422" dir="0" index="92" bw="16" slack="0"/>
<pin id="4423" dir="0" index="93" bw="16" slack="0"/>
<pin id="4424" dir="0" index="94" bw="16" slack="0"/>
<pin id="4425" dir="0" index="95" bw="16" slack="0"/>
<pin id="4426" dir="0" index="96" bw="16" slack="0"/>
<pin id="4427" dir="0" index="97" bw="16" slack="0"/>
<pin id="4428" dir="0" index="98" bw="16" slack="0"/>
<pin id="4429" dir="0" index="99" bw="16" slack="0"/>
<pin id="4430" dir="0" index="100" bw="16" slack="0"/>
<pin id="4431" dir="0" index="101" bw="16" slack="0"/>
<pin id="4432" dir="0" index="102" bw="16" slack="0"/>
<pin id="4433" dir="0" index="103" bw="16" slack="0"/>
<pin id="4434" dir="0" index="104" bw="16" slack="0"/>
<pin id="4435" dir="0" index="105" bw="16" slack="0"/>
<pin id="4436" dir="0" index="106" bw="16" slack="0"/>
<pin id="4437" dir="0" index="107" bw="16" slack="0"/>
<pin id="4438" dir="0" index="108" bw="16" slack="0"/>
<pin id="4439" dir="0" index="109" bw="16" slack="0"/>
<pin id="4440" dir="0" index="110" bw="16" slack="0"/>
<pin id="4441" dir="0" index="111" bw="16" slack="0"/>
<pin id="4442" dir="0" index="112" bw="16" slack="0"/>
<pin id="4443" dir="0" index="113" bw="16" slack="0"/>
<pin id="4444" dir="0" index="114" bw="16" slack="0"/>
<pin id="4445" dir="0" index="115" bw="16" slack="0"/>
<pin id="4446" dir="0" index="116" bw="16" slack="0"/>
<pin id="4447" dir="0" index="117" bw="16" slack="0"/>
<pin id="4448" dir="0" index="118" bw="16" slack="0"/>
<pin id="4449" dir="0" index="119" bw="16" slack="0"/>
<pin id="4450" dir="0" index="120" bw="16" slack="0"/>
<pin id="4451" dir="0" index="121" bw="16" slack="0"/>
<pin id="4452" dir="0" index="122" bw="16" slack="0"/>
<pin id="4453" dir="0" index="123" bw="16" slack="0"/>
<pin id="4454" dir="0" index="124" bw="16" slack="0"/>
<pin id="4455" dir="0" index="125" bw="16" slack="0"/>
<pin id="4456" dir="0" index="126" bw="16" slack="0"/>
<pin id="4457" dir="0" index="127" bw="16" slack="0"/>
<pin id="4458" dir="0" index="128" bw="16" slack="0"/>
<pin id="4459" dir="0" index="129" bw="16" slack="0"/>
<pin id="4460" dir="0" index="130" bw="16" slack="0"/>
<pin id="4461" dir="0" index="131" bw="16" slack="0"/>
<pin id="4462" dir="0" index="132" bw="16" slack="0"/>
<pin id="4463" dir="0" index="133" bw="16" slack="0"/>
<pin id="4464" dir="0" index="134" bw="16" slack="0"/>
<pin id="4465" dir="0" index="135" bw="16" slack="0"/>
<pin id="4466" dir="0" index="136" bw="16" slack="0"/>
<pin id="4467" dir="0" index="137" bw="8" slack="0"/>
<pin id="4468" dir="1" index="138" bw="16" slack="1"/>
</pin_list>
<bind>
<opcode="mux(1196) " fcode="mux"/>
<opset="tmp_10/1 "/>
</bind>
</comp>

<comp id="4607" class="1004" name="tmp_11_fu_4607">
<pin_list>
<pin id="4608" dir="0" index="0" bw="16" slack="0"/>
<pin id="4609" dir="0" index="1" bw="16" slack="0"/>
<pin id="4610" dir="0" index="2" bw="16" slack="0"/>
<pin id="4611" dir="0" index="3" bw="16" slack="0"/>
<pin id="4612" dir="0" index="4" bw="16" slack="0"/>
<pin id="4613" dir="0" index="5" bw="16" slack="0"/>
<pin id="4614" dir="0" index="6" bw="16" slack="0"/>
<pin id="4615" dir="0" index="7" bw="16" slack="0"/>
<pin id="4616" dir="0" index="8" bw="16" slack="0"/>
<pin id="4617" dir="0" index="9" bw="16" slack="0"/>
<pin id="4618" dir="0" index="10" bw="16" slack="0"/>
<pin id="4619" dir="0" index="11" bw="16" slack="0"/>
<pin id="4620" dir="0" index="12" bw="16" slack="0"/>
<pin id="4621" dir="0" index="13" bw="16" slack="0"/>
<pin id="4622" dir="0" index="14" bw="16" slack="0"/>
<pin id="4623" dir="0" index="15" bw="16" slack="0"/>
<pin id="4624" dir="0" index="16" bw="16" slack="0"/>
<pin id="4625" dir="0" index="17" bw="16" slack="0"/>
<pin id="4626" dir="0" index="18" bw="16" slack="0"/>
<pin id="4627" dir="0" index="19" bw="16" slack="0"/>
<pin id="4628" dir="0" index="20" bw="16" slack="0"/>
<pin id="4629" dir="0" index="21" bw="16" slack="0"/>
<pin id="4630" dir="0" index="22" bw="16" slack="0"/>
<pin id="4631" dir="0" index="23" bw="16" slack="0"/>
<pin id="4632" dir="0" index="24" bw="16" slack="0"/>
<pin id="4633" dir="0" index="25" bw="16" slack="0"/>
<pin id="4634" dir="0" index="26" bw="16" slack="0"/>
<pin id="4635" dir="0" index="27" bw="16" slack="0"/>
<pin id="4636" dir="0" index="28" bw="16" slack="0"/>
<pin id="4637" dir="0" index="29" bw="16" slack="0"/>
<pin id="4638" dir="0" index="30" bw="16" slack="0"/>
<pin id="4639" dir="0" index="31" bw="16" slack="0"/>
<pin id="4640" dir="0" index="32" bw="16" slack="0"/>
<pin id="4641" dir="0" index="33" bw="16" slack="0"/>
<pin id="4642" dir="0" index="34" bw="16" slack="0"/>
<pin id="4643" dir="0" index="35" bw="16" slack="0"/>
<pin id="4644" dir="0" index="36" bw="16" slack="0"/>
<pin id="4645" dir="0" index="37" bw="16" slack="0"/>
<pin id="4646" dir="0" index="38" bw="16" slack="0"/>
<pin id="4647" dir="0" index="39" bw="16" slack="0"/>
<pin id="4648" dir="0" index="40" bw="16" slack="0"/>
<pin id="4649" dir="0" index="41" bw="16" slack="0"/>
<pin id="4650" dir="0" index="42" bw="16" slack="0"/>
<pin id="4651" dir="0" index="43" bw="16" slack="0"/>
<pin id="4652" dir="0" index="44" bw="16" slack="0"/>
<pin id="4653" dir="0" index="45" bw="16" slack="0"/>
<pin id="4654" dir="0" index="46" bw="16" slack="0"/>
<pin id="4655" dir="0" index="47" bw="16" slack="0"/>
<pin id="4656" dir="0" index="48" bw="16" slack="0"/>
<pin id="4657" dir="0" index="49" bw="16" slack="0"/>
<pin id="4658" dir="0" index="50" bw="16" slack="0"/>
<pin id="4659" dir="0" index="51" bw="16" slack="0"/>
<pin id="4660" dir="0" index="52" bw="16" slack="0"/>
<pin id="4661" dir="0" index="53" bw="16" slack="0"/>
<pin id="4662" dir="0" index="54" bw="16" slack="0"/>
<pin id="4663" dir="0" index="55" bw="16" slack="0"/>
<pin id="4664" dir="0" index="56" bw="16" slack="0"/>
<pin id="4665" dir="0" index="57" bw="16" slack="0"/>
<pin id="4666" dir="0" index="58" bw="16" slack="0"/>
<pin id="4667" dir="0" index="59" bw="16" slack="0"/>
<pin id="4668" dir="0" index="60" bw="16" slack="0"/>
<pin id="4669" dir="0" index="61" bw="16" slack="0"/>
<pin id="4670" dir="0" index="62" bw="16" slack="0"/>
<pin id="4671" dir="0" index="63" bw="16" slack="0"/>
<pin id="4672" dir="0" index="64" bw="16" slack="0"/>
<pin id="4673" dir="0" index="65" bw="16" slack="0"/>
<pin id="4674" dir="0" index="66" bw="16" slack="0"/>
<pin id="4675" dir="0" index="67" bw="16" slack="0"/>
<pin id="4676" dir="0" index="68" bw="16" slack="0"/>
<pin id="4677" dir="0" index="69" bw="16" slack="0"/>
<pin id="4678" dir="0" index="70" bw="16" slack="0"/>
<pin id="4679" dir="0" index="71" bw="16" slack="0"/>
<pin id="4680" dir="0" index="72" bw="16" slack="0"/>
<pin id="4681" dir="0" index="73" bw="16" slack="0"/>
<pin id="4682" dir="0" index="74" bw="16" slack="0"/>
<pin id="4683" dir="0" index="75" bw="16" slack="0"/>
<pin id="4684" dir="0" index="76" bw="16" slack="0"/>
<pin id="4685" dir="0" index="77" bw="16" slack="0"/>
<pin id="4686" dir="0" index="78" bw="16" slack="0"/>
<pin id="4687" dir="0" index="79" bw="16" slack="0"/>
<pin id="4688" dir="0" index="80" bw="16" slack="0"/>
<pin id="4689" dir="0" index="81" bw="16" slack="0"/>
<pin id="4690" dir="0" index="82" bw="16" slack="0"/>
<pin id="4691" dir="0" index="83" bw="16" slack="0"/>
<pin id="4692" dir="0" index="84" bw="16" slack="0"/>
<pin id="4693" dir="0" index="85" bw="16" slack="0"/>
<pin id="4694" dir="0" index="86" bw="16" slack="0"/>
<pin id="4695" dir="0" index="87" bw="16" slack="0"/>
<pin id="4696" dir="0" index="88" bw="16" slack="0"/>
<pin id="4697" dir="0" index="89" bw="16" slack="0"/>
<pin id="4698" dir="0" index="90" bw="16" slack="0"/>
<pin id="4699" dir="0" index="91" bw="16" slack="0"/>
<pin id="4700" dir="0" index="92" bw="16" slack="0"/>
<pin id="4701" dir="0" index="93" bw="16" slack="0"/>
<pin id="4702" dir="0" index="94" bw="16" slack="0"/>
<pin id="4703" dir="0" index="95" bw="16" slack="0"/>
<pin id="4704" dir="0" index="96" bw="16" slack="0"/>
<pin id="4705" dir="0" index="97" bw="16" slack="0"/>
<pin id="4706" dir="0" index="98" bw="16" slack="0"/>
<pin id="4707" dir="0" index="99" bw="16" slack="0"/>
<pin id="4708" dir="0" index="100" bw="16" slack="0"/>
<pin id="4709" dir="0" index="101" bw="16" slack="0"/>
<pin id="4710" dir="0" index="102" bw="16" slack="0"/>
<pin id="4711" dir="0" index="103" bw="16" slack="0"/>
<pin id="4712" dir="0" index="104" bw="16" slack="0"/>
<pin id="4713" dir="0" index="105" bw="16" slack="0"/>
<pin id="4714" dir="0" index="106" bw="16" slack="0"/>
<pin id="4715" dir="0" index="107" bw="16" slack="0"/>
<pin id="4716" dir="0" index="108" bw="16" slack="0"/>
<pin id="4717" dir="0" index="109" bw="16" slack="0"/>
<pin id="4718" dir="0" index="110" bw="16" slack="0"/>
<pin id="4719" dir="0" index="111" bw="16" slack="0"/>
<pin id="4720" dir="0" index="112" bw="16" slack="0"/>
<pin id="4721" dir="0" index="113" bw="16" slack="0"/>
<pin id="4722" dir="0" index="114" bw="16" slack="0"/>
<pin id="4723" dir="0" index="115" bw="16" slack="0"/>
<pin id="4724" dir="0" index="116" bw="16" slack="0"/>
<pin id="4725" dir="0" index="117" bw="16" slack="0"/>
<pin id="4726" dir="0" index="118" bw="16" slack="0"/>
<pin id="4727" dir="0" index="119" bw="16" slack="0"/>
<pin id="4728" dir="0" index="120" bw="16" slack="0"/>
<pin id="4729" dir="0" index="121" bw="16" slack="0"/>
<pin id="4730" dir="0" index="122" bw="16" slack="0"/>
<pin id="4731" dir="0" index="123" bw="16" slack="0"/>
<pin id="4732" dir="0" index="124" bw="16" slack="0"/>
<pin id="4733" dir="0" index="125" bw="16" slack="0"/>
<pin id="4734" dir="0" index="126" bw="16" slack="0"/>
<pin id="4735" dir="0" index="127" bw="16" slack="0"/>
<pin id="4736" dir="0" index="128" bw="16" slack="0"/>
<pin id="4737" dir="0" index="129" bw="16" slack="0"/>
<pin id="4738" dir="0" index="130" bw="16" slack="0"/>
<pin id="4739" dir="0" index="131" bw="16" slack="0"/>
<pin id="4740" dir="0" index="132" bw="16" slack="0"/>
<pin id="4741" dir="0" index="133" bw="16" slack="0"/>
<pin id="4742" dir="0" index="134" bw="16" slack="0"/>
<pin id="4743" dir="0" index="135" bw="16" slack="0"/>
<pin id="4744" dir="0" index="136" bw="16" slack="0"/>
<pin id="4745" dir="0" index="137" bw="8" slack="0"/>
<pin id="4746" dir="1" index="138" bw="16" slack="2"/>
</pin_list>
<bind>
<opcode="mux(1196) " fcode="mux"/>
<opset="tmp_11/1 "/>
</bind>
</comp>

<comp id="4885" class="1004" name="tmp_12_fu_4885">
<pin_list>
<pin id="4886" dir="0" index="0" bw="16" slack="0"/>
<pin id="4887" dir="0" index="1" bw="16" slack="0"/>
<pin id="4888" dir="0" index="2" bw="16" slack="0"/>
<pin id="4889" dir="0" index="3" bw="16" slack="0"/>
<pin id="4890" dir="0" index="4" bw="16" slack="0"/>
<pin id="4891" dir="0" index="5" bw="16" slack="0"/>
<pin id="4892" dir="0" index="6" bw="16" slack="0"/>
<pin id="4893" dir="0" index="7" bw="16" slack="0"/>
<pin id="4894" dir="0" index="8" bw="16" slack="0"/>
<pin id="4895" dir="0" index="9" bw="16" slack="0"/>
<pin id="4896" dir="0" index="10" bw="16" slack="0"/>
<pin id="4897" dir="0" index="11" bw="16" slack="0"/>
<pin id="4898" dir="0" index="12" bw="16" slack="0"/>
<pin id="4899" dir="0" index="13" bw="16" slack="0"/>
<pin id="4900" dir="0" index="14" bw="16" slack="0"/>
<pin id="4901" dir="0" index="15" bw="16" slack="0"/>
<pin id="4902" dir="0" index="16" bw="16" slack="0"/>
<pin id="4903" dir="0" index="17" bw="16" slack="0"/>
<pin id="4904" dir="0" index="18" bw="16" slack="0"/>
<pin id="4905" dir="0" index="19" bw="16" slack="0"/>
<pin id="4906" dir="0" index="20" bw="16" slack="0"/>
<pin id="4907" dir="0" index="21" bw="16" slack="0"/>
<pin id="4908" dir="0" index="22" bw="16" slack="0"/>
<pin id="4909" dir="0" index="23" bw="16" slack="0"/>
<pin id="4910" dir="0" index="24" bw="16" slack="0"/>
<pin id="4911" dir="0" index="25" bw="16" slack="0"/>
<pin id="4912" dir="0" index="26" bw="16" slack="0"/>
<pin id="4913" dir="0" index="27" bw="16" slack="0"/>
<pin id="4914" dir="0" index="28" bw="16" slack="0"/>
<pin id="4915" dir="0" index="29" bw="16" slack="0"/>
<pin id="4916" dir="0" index="30" bw="16" slack="0"/>
<pin id="4917" dir="0" index="31" bw="16" slack="0"/>
<pin id="4918" dir="0" index="32" bw="16" slack="0"/>
<pin id="4919" dir="0" index="33" bw="16" slack="0"/>
<pin id="4920" dir="0" index="34" bw="16" slack="0"/>
<pin id="4921" dir="0" index="35" bw="16" slack="0"/>
<pin id="4922" dir="0" index="36" bw="16" slack="0"/>
<pin id="4923" dir="0" index="37" bw="16" slack="0"/>
<pin id="4924" dir="0" index="38" bw="16" slack="0"/>
<pin id="4925" dir="0" index="39" bw="16" slack="0"/>
<pin id="4926" dir="0" index="40" bw="16" slack="0"/>
<pin id="4927" dir="0" index="41" bw="16" slack="0"/>
<pin id="4928" dir="0" index="42" bw="16" slack="0"/>
<pin id="4929" dir="0" index="43" bw="16" slack="0"/>
<pin id="4930" dir="0" index="44" bw="16" slack="0"/>
<pin id="4931" dir="0" index="45" bw="16" slack="0"/>
<pin id="4932" dir="0" index="46" bw="16" slack="0"/>
<pin id="4933" dir="0" index="47" bw="16" slack="0"/>
<pin id="4934" dir="0" index="48" bw="16" slack="0"/>
<pin id="4935" dir="0" index="49" bw="16" slack="0"/>
<pin id="4936" dir="0" index="50" bw="16" slack="0"/>
<pin id="4937" dir="0" index="51" bw="16" slack="0"/>
<pin id="4938" dir="0" index="52" bw="16" slack="0"/>
<pin id="4939" dir="0" index="53" bw="16" slack="0"/>
<pin id="4940" dir="0" index="54" bw="16" slack="0"/>
<pin id="4941" dir="0" index="55" bw="16" slack="0"/>
<pin id="4942" dir="0" index="56" bw="16" slack="0"/>
<pin id="4943" dir="0" index="57" bw="16" slack="0"/>
<pin id="4944" dir="0" index="58" bw="16" slack="0"/>
<pin id="4945" dir="0" index="59" bw="16" slack="0"/>
<pin id="4946" dir="0" index="60" bw="16" slack="0"/>
<pin id="4947" dir="0" index="61" bw="16" slack="0"/>
<pin id="4948" dir="0" index="62" bw="16" slack="0"/>
<pin id="4949" dir="0" index="63" bw="16" slack="0"/>
<pin id="4950" dir="0" index="64" bw="16" slack="0"/>
<pin id="4951" dir="0" index="65" bw="16" slack="0"/>
<pin id="4952" dir="0" index="66" bw="16" slack="0"/>
<pin id="4953" dir="0" index="67" bw="16" slack="0"/>
<pin id="4954" dir="0" index="68" bw="16" slack="0"/>
<pin id="4955" dir="0" index="69" bw="16" slack="0"/>
<pin id="4956" dir="0" index="70" bw="16" slack="0"/>
<pin id="4957" dir="0" index="71" bw="16" slack="0"/>
<pin id="4958" dir="0" index="72" bw="16" slack="0"/>
<pin id="4959" dir="0" index="73" bw="16" slack="0"/>
<pin id="4960" dir="0" index="74" bw="16" slack="0"/>
<pin id="4961" dir="0" index="75" bw="16" slack="0"/>
<pin id="4962" dir="0" index="76" bw="16" slack="0"/>
<pin id="4963" dir="0" index="77" bw="16" slack="0"/>
<pin id="4964" dir="0" index="78" bw="16" slack="0"/>
<pin id="4965" dir="0" index="79" bw="16" slack="0"/>
<pin id="4966" dir="0" index="80" bw="16" slack="0"/>
<pin id="4967" dir="0" index="81" bw="16" slack="0"/>
<pin id="4968" dir="0" index="82" bw="16" slack="0"/>
<pin id="4969" dir="0" index="83" bw="16" slack="0"/>
<pin id="4970" dir="0" index="84" bw="16" slack="0"/>
<pin id="4971" dir="0" index="85" bw="16" slack="0"/>
<pin id="4972" dir="0" index="86" bw="16" slack="0"/>
<pin id="4973" dir="0" index="87" bw="16" slack="0"/>
<pin id="4974" dir="0" index="88" bw="16" slack="0"/>
<pin id="4975" dir="0" index="89" bw="16" slack="0"/>
<pin id="4976" dir="0" index="90" bw="16" slack="0"/>
<pin id="4977" dir="0" index="91" bw="16" slack="0"/>
<pin id="4978" dir="0" index="92" bw="16" slack="0"/>
<pin id="4979" dir="0" index="93" bw="16" slack="0"/>
<pin id="4980" dir="0" index="94" bw="16" slack="0"/>
<pin id="4981" dir="0" index="95" bw="16" slack="0"/>
<pin id="4982" dir="0" index="96" bw="16" slack="0"/>
<pin id="4983" dir="0" index="97" bw="16" slack="0"/>
<pin id="4984" dir="0" index="98" bw="16" slack="0"/>
<pin id="4985" dir="0" index="99" bw="16" slack="0"/>
<pin id="4986" dir="0" index="100" bw="16" slack="0"/>
<pin id="4987" dir="0" index="101" bw="16" slack="0"/>
<pin id="4988" dir="0" index="102" bw="16" slack="0"/>
<pin id="4989" dir="0" index="103" bw="16" slack="0"/>
<pin id="4990" dir="0" index="104" bw="16" slack="0"/>
<pin id="4991" dir="0" index="105" bw="16" slack="0"/>
<pin id="4992" dir="0" index="106" bw="16" slack="0"/>
<pin id="4993" dir="0" index="107" bw="16" slack="0"/>
<pin id="4994" dir="0" index="108" bw="16" slack="0"/>
<pin id="4995" dir="0" index="109" bw="16" slack="0"/>
<pin id="4996" dir="0" index="110" bw="16" slack="0"/>
<pin id="4997" dir="0" index="111" bw="16" slack="0"/>
<pin id="4998" dir="0" index="112" bw="16" slack="0"/>
<pin id="4999" dir="0" index="113" bw="16" slack="0"/>
<pin id="5000" dir="0" index="114" bw="16" slack="0"/>
<pin id="5001" dir="0" index="115" bw="16" slack="0"/>
<pin id="5002" dir="0" index="116" bw="16" slack="0"/>
<pin id="5003" dir="0" index="117" bw="16" slack="0"/>
<pin id="5004" dir="0" index="118" bw="16" slack="0"/>
<pin id="5005" dir="0" index="119" bw="16" slack="0"/>
<pin id="5006" dir="0" index="120" bw="16" slack="0"/>
<pin id="5007" dir="0" index="121" bw="16" slack="0"/>
<pin id="5008" dir="0" index="122" bw="16" slack="0"/>
<pin id="5009" dir="0" index="123" bw="16" slack="0"/>
<pin id="5010" dir="0" index="124" bw="16" slack="0"/>
<pin id="5011" dir="0" index="125" bw="16" slack="0"/>
<pin id="5012" dir="0" index="126" bw="16" slack="0"/>
<pin id="5013" dir="0" index="127" bw="16" slack="0"/>
<pin id="5014" dir="0" index="128" bw="16" slack="0"/>
<pin id="5015" dir="0" index="129" bw="16" slack="0"/>
<pin id="5016" dir="0" index="130" bw="16" slack="0"/>
<pin id="5017" dir="0" index="131" bw="16" slack="0"/>
<pin id="5018" dir="0" index="132" bw="16" slack="0"/>
<pin id="5019" dir="0" index="133" bw="16" slack="0"/>
<pin id="5020" dir="0" index="134" bw="16" slack="0"/>
<pin id="5021" dir="0" index="135" bw="16" slack="0"/>
<pin id="5022" dir="0" index="136" bw="16" slack="0"/>
<pin id="5023" dir="0" index="137" bw="8" slack="0"/>
<pin id="5024" dir="1" index="138" bw="16" slack="1"/>
</pin_list>
<bind>
<opcode="mux(1196) " fcode="mux"/>
<opset="tmp_12/1 "/>
</bind>
</comp>

<comp id="5163" class="1004" name="tmp_13_fu_5163">
<pin_list>
<pin id="5164" dir="0" index="0" bw="16" slack="0"/>
<pin id="5165" dir="0" index="1" bw="16" slack="0"/>
<pin id="5166" dir="0" index="2" bw="16" slack="0"/>
<pin id="5167" dir="0" index="3" bw="16" slack="0"/>
<pin id="5168" dir="0" index="4" bw="16" slack="0"/>
<pin id="5169" dir="0" index="5" bw="16" slack="0"/>
<pin id="5170" dir="0" index="6" bw="16" slack="0"/>
<pin id="5171" dir="0" index="7" bw="16" slack="0"/>
<pin id="5172" dir="0" index="8" bw="16" slack="0"/>
<pin id="5173" dir="0" index="9" bw="16" slack="0"/>
<pin id="5174" dir="0" index="10" bw="16" slack="0"/>
<pin id="5175" dir="0" index="11" bw="16" slack="0"/>
<pin id="5176" dir="0" index="12" bw="16" slack="0"/>
<pin id="5177" dir="0" index="13" bw="16" slack="0"/>
<pin id="5178" dir="0" index="14" bw="16" slack="0"/>
<pin id="5179" dir="0" index="15" bw="16" slack="0"/>
<pin id="5180" dir="0" index="16" bw="16" slack="0"/>
<pin id="5181" dir="0" index="17" bw="16" slack="0"/>
<pin id="5182" dir="0" index="18" bw="16" slack="0"/>
<pin id="5183" dir="0" index="19" bw="16" slack="0"/>
<pin id="5184" dir="0" index="20" bw="16" slack="0"/>
<pin id="5185" dir="0" index="21" bw="16" slack="0"/>
<pin id="5186" dir="0" index="22" bw="16" slack="0"/>
<pin id="5187" dir="0" index="23" bw="16" slack="0"/>
<pin id="5188" dir="0" index="24" bw="16" slack="0"/>
<pin id="5189" dir="0" index="25" bw="16" slack="0"/>
<pin id="5190" dir="0" index="26" bw="16" slack="0"/>
<pin id="5191" dir="0" index="27" bw="16" slack="0"/>
<pin id="5192" dir="0" index="28" bw="16" slack="0"/>
<pin id="5193" dir="0" index="29" bw="16" slack="0"/>
<pin id="5194" dir="0" index="30" bw="16" slack="0"/>
<pin id="5195" dir="0" index="31" bw="16" slack="0"/>
<pin id="5196" dir="0" index="32" bw="16" slack="0"/>
<pin id="5197" dir="0" index="33" bw="16" slack="0"/>
<pin id="5198" dir="0" index="34" bw="16" slack="0"/>
<pin id="5199" dir="0" index="35" bw="16" slack="0"/>
<pin id="5200" dir="0" index="36" bw="16" slack="0"/>
<pin id="5201" dir="0" index="37" bw="16" slack="0"/>
<pin id="5202" dir="0" index="38" bw="16" slack="0"/>
<pin id="5203" dir="0" index="39" bw="16" slack="0"/>
<pin id="5204" dir="0" index="40" bw="16" slack="0"/>
<pin id="5205" dir="0" index="41" bw="16" slack="0"/>
<pin id="5206" dir="0" index="42" bw="16" slack="0"/>
<pin id="5207" dir="0" index="43" bw="16" slack="0"/>
<pin id="5208" dir="0" index="44" bw="16" slack="0"/>
<pin id="5209" dir="0" index="45" bw="16" slack="0"/>
<pin id="5210" dir="0" index="46" bw="16" slack="0"/>
<pin id="5211" dir="0" index="47" bw="16" slack="0"/>
<pin id="5212" dir="0" index="48" bw="16" slack="0"/>
<pin id="5213" dir="0" index="49" bw="16" slack="0"/>
<pin id="5214" dir="0" index="50" bw="16" slack="0"/>
<pin id="5215" dir="0" index="51" bw="16" slack="0"/>
<pin id="5216" dir="0" index="52" bw="16" slack="0"/>
<pin id="5217" dir="0" index="53" bw="16" slack="0"/>
<pin id="5218" dir="0" index="54" bw="16" slack="0"/>
<pin id="5219" dir="0" index="55" bw="16" slack="0"/>
<pin id="5220" dir="0" index="56" bw="16" slack="0"/>
<pin id="5221" dir="0" index="57" bw="16" slack="0"/>
<pin id="5222" dir="0" index="58" bw="16" slack="0"/>
<pin id="5223" dir="0" index="59" bw="16" slack="0"/>
<pin id="5224" dir="0" index="60" bw="16" slack="0"/>
<pin id="5225" dir="0" index="61" bw="16" slack="0"/>
<pin id="5226" dir="0" index="62" bw="16" slack="0"/>
<pin id="5227" dir="0" index="63" bw="16" slack="0"/>
<pin id="5228" dir="0" index="64" bw="16" slack="0"/>
<pin id="5229" dir="0" index="65" bw="16" slack="0"/>
<pin id="5230" dir="0" index="66" bw="16" slack="0"/>
<pin id="5231" dir="0" index="67" bw="16" slack="0"/>
<pin id="5232" dir="0" index="68" bw="16" slack="0"/>
<pin id="5233" dir="0" index="69" bw="16" slack="0"/>
<pin id="5234" dir="0" index="70" bw="16" slack="0"/>
<pin id="5235" dir="0" index="71" bw="16" slack="0"/>
<pin id="5236" dir="0" index="72" bw="16" slack="0"/>
<pin id="5237" dir="0" index="73" bw="16" slack="0"/>
<pin id="5238" dir="0" index="74" bw="16" slack="0"/>
<pin id="5239" dir="0" index="75" bw="16" slack="0"/>
<pin id="5240" dir="0" index="76" bw="16" slack="0"/>
<pin id="5241" dir="0" index="77" bw="16" slack="0"/>
<pin id="5242" dir="0" index="78" bw="16" slack="0"/>
<pin id="5243" dir="0" index="79" bw="16" slack="0"/>
<pin id="5244" dir="0" index="80" bw="16" slack="0"/>
<pin id="5245" dir="0" index="81" bw="16" slack="0"/>
<pin id="5246" dir="0" index="82" bw="16" slack="0"/>
<pin id="5247" dir="0" index="83" bw="16" slack="0"/>
<pin id="5248" dir="0" index="84" bw="16" slack="0"/>
<pin id="5249" dir="0" index="85" bw="16" slack="0"/>
<pin id="5250" dir="0" index="86" bw="16" slack="0"/>
<pin id="5251" dir="0" index="87" bw="16" slack="0"/>
<pin id="5252" dir="0" index="88" bw="16" slack="0"/>
<pin id="5253" dir="0" index="89" bw="16" slack="0"/>
<pin id="5254" dir="0" index="90" bw="16" slack="0"/>
<pin id="5255" dir="0" index="91" bw="16" slack="0"/>
<pin id="5256" dir="0" index="92" bw="16" slack="0"/>
<pin id="5257" dir="0" index="93" bw="16" slack="0"/>
<pin id="5258" dir="0" index="94" bw="16" slack="0"/>
<pin id="5259" dir="0" index="95" bw="16" slack="0"/>
<pin id="5260" dir="0" index="96" bw="16" slack="0"/>
<pin id="5261" dir="0" index="97" bw="16" slack="0"/>
<pin id="5262" dir="0" index="98" bw="16" slack="0"/>
<pin id="5263" dir="0" index="99" bw="16" slack="0"/>
<pin id="5264" dir="0" index="100" bw="16" slack="0"/>
<pin id="5265" dir="0" index="101" bw="16" slack="0"/>
<pin id="5266" dir="0" index="102" bw="16" slack="0"/>
<pin id="5267" dir="0" index="103" bw="16" slack="0"/>
<pin id="5268" dir="0" index="104" bw="16" slack="0"/>
<pin id="5269" dir="0" index="105" bw="16" slack="0"/>
<pin id="5270" dir="0" index="106" bw="16" slack="0"/>
<pin id="5271" dir="0" index="107" bw="16" slack="0"/>
<pin id="5272" dir="0" index="108" bw="16" slack="0"/>
<pin id="5273" dir="0" index="109" bw="16" slack="0"/>
<pin id="5274" dir="0" index="110" bw="16" slack="0"/>
<pin id="5275" dir="0" index="111" bw="16" slack="0"/>
<pin id="5276" dir="0" index="112" bw="16" slack="0"/>
<pin id="5277" dir="0" index="113" bw="16" slack="0"/>
<pin id="5278" dir="0" index="114" bw="16" slack="0"/>
<pin id="5279" dir="0" index="115" bw="16" slack="0"/>
<pin id="5280" dir="0" index="116" bw="16" slack="0"/>
<pin id="5281" dir="0" index="117" bw="16" slack="0"/>
<pin id="5282" dir="0" index="118" bw="16" slack="0"/>
<pin id="5283" dir="0" index="119" bw="16" slack="0"/>
<pin id="5284" dir="0" index="120" bw="16" slack="0"/>
<pin id="5285" dir="0" index="121" bw="16" slack="0"/>
<pin id="5286" dir="0" index="122" bw="16" slack="0"/>
<pin id="5287" dir="0" index="123" bw="16" slack="0"/>
<pin id="5288" dir="0" index="124" bw="16" slack="0"/>
<pin id="5289" dir="0" index="125" bw="16" slack="0"/>
<pin id="5290" dir="0" index="126" bw="16" slack="0"/>
<pin id="5291" dir="0" index="127" bw="16" slack="0"/>
<pin id="5292" dir="0" index="128" bw="16" slack="0"/>
<pin id="5293" dir="0" index="129" bw="16" slack="0"/>
<pin id="5294" dir="0" index="130" bw="16" slack="0"/>
<pin id="5295" dir="0" index="131" bw="16" slack="0"/>
<pin id="5296" dir="0" index="132" bw="16" slack="0"/>
<pin id="5297" dir="0" index="133" bw="16" slack="0"/>
<pin id="5298" dir="0" index="134" bw="16" slack="0"/>
<pin id="5299" dir="0" index="135" bw="16" slack="0"/>
<pin id="5300" dir="0" index="136" bw="16" slack="0"/>
<pin id="5301" dir="0" index="137" bw="8" slack="0"/>
<pin id="5302" dir="1" index="138" bw="16" slack="3"/>
</pin_list>
<bind>
<opcode="mux(1196) " fcode="mux"/>
<opset="tmp_13/1 "/>
</bind>
</comp>

<comp id="5441" class="1004" name="tmp_14_fu_5441">
<pin_list>
<pin id="5442" dir="0" index="0" bw="16" slack="0"/>
<pin id="5443" dir="0" index="1" bw="16" slack="0"/>
<pin id="5444" dir="0" index="2" bw="16" slack="0"/>
<pin id="5445" dir="0" index="3" bw="16" slack="0"/>
<pin id="5446" dir="0" index="4" bw="16" slack="0"/>
<pin id="5447" dir="0" index="5" bw="16" slack="0"/>
<pin id="5448" dir="0" index="6" bw="16" slack="0"/>
<pin id="5449" dir="0" index="7" bw="16" slack="0"/>
<pin id="5450" dir="0" index="8" bw="16" slack="0"/>
<pin id="5451" dir="0" index="9" bw="16" slack="0"/>
<pin id="5452" dir="0" index="10" bw="16" slack="0"/>
<pin id="5453" dir="0" index="11" bw="16" slack="0"/>
<pin id="5454" dir="0" index="12" bw="16" slack="0"/>
<pin id="5455" dir="0" index="13" bw="16" slack="0"/>
<pin id="5456" dir="0" index="14" bw="16" slack="0"/>
<pin id="5457" dir="0" index="15" bw="16" slack="0"/>
<pin id="5458" dir="0" index="16" bw="16" slack="0"/>
<pin id="5459" dir="0" index="17" bw="16" slack="0"/>
<pin id="5460" dir="0" index="18" bw="16" slack="0"/>
<pin id="5461" dir="0" index="19" bw="16" slack="0"/>
<pin id="5462" dir="0" index="20" bw="16" slack="0"/>
<pin id="5463" dir="0" index="21" bw="16" slack="0"/>
<pin id="5464" dir="0" index="22" bw="16" slack="0"/>
<pin id="5465" dir="0" index="23" bw="16" slack="0"/>
<pin id="5466" dir="0" index="24" bw="16" slack="0"/>
<pin id="5467" dir="0" index="25" bw="16" slack="0"/>
<pin id="5468" dir="0" index="26" bw="16" slack="0"/>
<pin id="5469" dir="0" index="27" bw="16" slack="0"/>
<pin id="5470" dir="0" index="28" bw="16" slack="0"/>
<pin id="5471" dir="0" index="29" bw="16" slack="0"/>
<pin id="5472" dir="0" index="30" bw="16" slack="0"/>
<pin id="5473" dir="0" index="31" bw="16" slack="0"/>
<pin id="5474" dir="0" index="32" bw="16" slack="0"/>
<pin id="5475" dir="0" index="33" bw="16" slack="0"/>
<pin id="5476" dir="0" index="34" bw="16" slack="0"/>
<pin id="5477" dir="0" index="35" bw="16" slack="0"/>
<pin id="5478" dir="0" index="36" bw="16" slack="0"/>
<pin id="5479" dir="0" index="37" bw="16" slack="0"/>
<pin id="5480" dir="0" index="38" bw="16" slack="0"/>
<pin id="5481" dir="0" index="39" bw="16" slack="0"/>
<pin id="5482" dir="0" index="40" bw="16" slack="0"/>
<pin id="5483" dir="0" index="41" bw="16" slack="0"/>
<pin id="5484" dir="0" index="42" bw="16" slack="0"/>
<pin id="5485" dir="0" index="43" bw="16" slack="0"/>
<pin id="5486" dir="0" index="44" bw="16" slack="0"/>
<pin id="5487" dir="0" index="45" bw="16" slack="0"/>
<pin id="5488" dir="0" index="46" bw="16" slack="0"/>
<pin id="5489" dir="0" index="47" bw="16" slack="0"/>
<pin id="5490" dir="0" index="48" bw="16" slack="0"/>
<pin id="5491" dir="0" index="49" bw="16" slack="0"/>
<pin id="5492" dir="0" index="50" bw="16" slack="0"/>
<pin id="5493" dir="0" index="51" bw="16" slack="0"/>
<pin id="5494" dir="0" index="52" bw="16" slack="0"/>
<pin id="5495" dir="0" index="53" bw="16" slack="0"/>
<pin id="5496" dir="0" index="54" bw="16" slack="0"/>
<pin id="5497" dir="0" index="55" bw="16" slack="0"/>
<pin id="5498" dir="0" index="56" bw="16" slack="0"/>
<pin id="5499" dir="0" index="57" bw="16" slack="0"/>
<pin id="5500" dir="0" index="58" bw="16" slack="0"/>
<pin id="5501" dir="0" index="59" bw="16" slack="0"/>
<pin id="5502" dir="0" index="60" bw="16" slack="0"/>
<pin id="5503" dir="0" index="61" bw="16" slack="0"/>
<pin id="5504" dir="0" index="62" bw="16" slack="0"/>
<pin id="5505" dir="0" index="63" bw="16" slack="0"/>
<pin id="5506" dir="0" index="64" bw="16" slack="0"/>
<pin id="5507" dir="0" index="65" bw="16" slack="0"/>
<pin id="5508" dir="0" index="66" bw="16" slack="0"/>
<pin id="5509" dir="0" index="67" bw="16" slack="0"/>
<pin id="5510" dir="0" index="68" bw="16" slack="0"/>
<pin id="5511" dir="0" index="69" bw="16" slack="0"/>
<pin id="5512" dir="0" index="70" bw="16" slack="0"/>
<pin id="5513" dir="0" index="71" bw="16" slack="0"/>
<pin id="5514" dir="0" index="72" bw="16" slack="0"/>
<pin id="5515" dir="0" index="73" bw="16" slack="0"/>
<pin id="5516" dir="0" index="74" bw="16" slack="0"/>
<pin id="5517" dir="0" index="75" bw="16" slack="0"/>
<pin id="5518" dir="0" index="76" bw="16" slack="0"/>
<pin id="5519" dir="0" index="77" bw="16" slack="0"/>
<pin id="5520" dir="0" index="78" bw="16" slack="0"/>
<pin id="5521" dir="0" index="79" bw="16" slack="0"/>
<pin id="5522" dir="0" index="80" bw="16" slack="0"/>
<pin id="5523" dir="0" index="81" bw="16" slack="0"/>
<pin id="5524" dir="0" index="82" bw="16" slack="0"/>
<pin id="5525" dir="0" index="83" bw="16" slack="0"/>
<pin id="5526" dir="0" index="84" bw="16" slack="0"/>
<pin id="5527" dir="0" index="85" bw="16" slack="0"/>
<pin id="5528" dir="0" index="86" bw="16" slack="0"/>
<pin id="5529" dir="0" index="87" bw="16" slack="0"/>
<pin id="5530" dir="0" index="88" bw="16" slack="0"/>
<pin id="5531" dir="0" index="89" bw="16" slack="0"/>
<pin id="5532" dir="0" index="90" bw="16" slack="0"/>
<pin id="5533" dir="0" index="91" bw="16" slack="0"/>
<pin id="5534" dir="0" index="92" bw="16" slack="0"/>
<pin id="5535" dir="0" index="93" bw="16" slack="0"/>
<pin id="5536" dir="0" index="94" bw="16" slack="0"/>
<pin id="5537" dir="0" index="95" bw="16" slack="0"/>
<pin id="5538" dir="0" index="96" bw="16" slack="0"/>
<pin id="5539" dir="0" index="97" bw="16" slack="0"/>
<pin id="5540" dir="0" index="98" bw="16" slack="0"/>
<pin id="5541" dir="0" index="99" bw="16" slack="0"/>
<pin id="5542" dir="0" index="100" bw="16" slack="0"/>
<pin id="5543" dir="0" index="101" bw="16" slack="0"/>
<pin id="5544" dir="0" index="102" bw="16" slack="0"/>
<pin id="5545" dir="0" index="103" bw="16" slack="0"/>
<pin id="5546" dir="0" index="104" bw="16" slack="0"/>
<pin id="5547" dir="0" index="105" bw="16" slack="0"/>
<pin id="5548" dir="0" index="106" bw="16" slack="0"/>
<pin id="5549" dir="0" index="107" bw="16" slack="0"/>
<pin id="5550" dir="0" index="108" bw="16" slack="0"/>
<pin id="5551" dir="0" index="109" bw="16" slack="0"/>
<pin id="5552" dir="0" index="110" bw="16" slack="0"/>
<pin id="5553" dir="0" index="111" bw="16" slack="0"/>
<pin id="5554" dir="0" index="112" bw="16" slack="0"/>
<pin id="5555" dir="0" index="113" bw="16" slack="0"/>
<pin id="5556" dir="0" index="114" bw="16" slack="0"/>
<pin id="5557" dir="0" index="115" bw="16" slack="0"/>
<pin id="5558" dir="0" index="116" bw="16" slack="0"/>
<pin id="5559" dir="0" index="117" bw="16" slack="0"/>
<pin id="5560" dir="0" index="118" bw="16" slack="0"/>
<pin id="5561" dir="0" index="119" bw="16" slack="0"/>
<pin id="5562" dir="0" index="120" bw="16" slack="0"/>
<pin id="5563" dir="0" index="121" bw="16" slack="0"/>
<pin id="5564" dir="0" index="122" bw="16" slack="0"/>
<pin id="5565" dir="0" index="123" bw="16" slack="0"/>
<pin id="5566" dir="0" index="124" bw="16" slack="0"/>
<pin id="5567" dir="0" index="125" bw="16" slack="0"/>
<pin id="5568" dir="0" index="126" bw="16" slack="0"/>
<pin id="5569" dir="0" index="127" bw="16" slack="0"/>
<pin id="5570" dir="0" index="128" bw="16" slack="0"/>
<pin id="5571" dir="0" index="129" bw="16" slack="0"/>
<pin id="5572" dir="0" index="130" bw="16" slack="0"/>
<pin id="5573" dir="0" index="131" bw="16" slack="0"/>
<pin id="5574" dir="0" index="132" bw="16" slack="0"/>
<pin id="5575" dir="0" index="133" bw="16" slack="0"/>
<pin id="5576" dir="0" index="134" bw="16" slack="0"/>
<pin id="5577" dir="0" index="135" bw="16" slack="0"/>
<pin id="5578" dir="0" index="136" bw="16" slack="0"/>
<pin id="5579" dir="0" index="137" bw="8" slack="0"/>
<pin id="5580" dir="1" index="138" bw="16" slack="3"/>
</pin_list>
<bind>
<opcode="mux(1196) " fcode="mux"/>
<opset="tmp_14/1 "/>
</bind>
</comp>

<comp id="5719" class="1004" name="add_ln61_fu_5719">
<pin_list>
<pin id="5720" dir="0" index="0" bw="8" slack="0"/>
<pin id="5721" dir="0" index="1" bw="5" slack="0"/>
<pin id="5722" dir="1" index="2" bw="8" slack="0"/>
</pin_list>
<bind>
<opcode="add(8) " fcode="add"/>
<opset="add_ln61/1 "/>
</bind>
</comp>

<comp id="5725" class="1004" name="store_ln61_store_fu_5725">
<pin_list>
<pin id="5726" dir="0" index="0" bw="4" slack="0"/>
<pin id="5727" dir="0" index="1" bw="4" slack="0"/>
<pin id="5728" dir="1" index="2" bw="0" slack="2147483647"/>
</pin_list>
<bind>
<opcode="store(28) " fcode="store"/>
<opset="store_ln61/1 "/>
</bind>
</comp>

<comp id="5730" class="1004" name="store_ln61_store_fu_5730">
<pin_list>
<pin id="5731" dir="0" index="0" bw="8" slack="0"/>
<pin id="5732" dir="0" index="1" bw="8" slack="0"/>
<pin id="5733" dir="1" index="2" bw="0" slack="2147483647"/>
</pin_list>
<bind>
<opcode="store(28) " fcode="store"/>
<opset="store_ln61/1 "/>
</bind>
</comp>

<comp id="5735" class="1004" name="add_ln840_8_fu_5735">
<pin_list>
<pin id="5736" dir="0" index="0" bw="16" slack="0"/>
<pin id="5737" dir="0" index="1" bw="16" slack="0"/>
<pin id="5738" dir="1" index="2" bw="16" slack="0"/>
</pin_list>
<bind>
<opcode="add(8) " fcode="add"/>
<opset="add_ln840_8/6 "/>
</bind>
</comp>

<comp id="5739" class="1004" name="add_ln840_4_fu_5739">
<pin_list>
<pin id="5740" dir="0" index="0" bw="16" slack="0"/>
<pin id="5741" dir="0" index="1" bw="16" slack="0"/>
<pin id="5742" dir="1" index="2" bw="16" slack="0"/>
</pin_list>
<bind>
<opcode="add(8) " fcode="add"/>
<opset="add_ln840_4/7 "/>
</bind>
</comp>

<comp id="5743" class="1004" name="add_ln840_5_fu_5743">
<pin_list>
<pin id="5744" dir="0" index="0" bw="16" slack="0"/>
<pin id="5745" dir="0" index="1" bw="16" slack="0"/>
<pin id="5746" dir="1" index="2" bw="16" slack="1"/>
</pin_list>
<bind>
<opcode="add(8) " fcode="add"/>
<opset="add_ln840_5/7 "/>
</bind>
</comp>

<comp id="5748" class="1004" name="add_ln840_12_fu_5748">
<pin_list>
<pin id="5749" dir="0" index="0" bw="16" slack="0"/>
<pin id="5750" dir="0" index="1" bw="16" slack="0"/>
<pin id="5751" dir="1" index="2" bw="16" slack="1"/>
</pin_list>
<bind>
<opcode="add(8) " fcode="add"/>
<opset="add_ln840_12/7 "/>
</bind>
</comp>

<comp id="5752" class="1004" name="conv3_i_1488_load_load_fu_5752">
<pin_list>
<pin id="5753" dir="0" index="0" bw="16" slack="7"/>
<pin id="5754" dir="1" index="1" bw="16" slack="0"/>
</pin_list>
<bind>
<opcode="load(27) " fcode="load"/>
<opset="conv3_i_1488_load/8 "/>
</bind>
</comp>

<comp id="5755" class="1004" name="add_ln840_13_fu_5755">
<pin_list>
<pin id="5756" dir="0" index="0" bw="16" slack="1"/>
<pin id="5757" dir="0" index="1" bw="16" slack="1"/>
<pin id="5758" dir="1" index="2" bw="16" slack="0"/>
</pin_list>
<bind>
<opcode="add(8) " fcode="add"/>
<opset="add_ln840_13/8 "/>
</bind>
</comp>

<comp id="5759" class="1004" name="add_ln840_14_fu_5759">
<pin_list>
<pin id="5760" dir="0" index="0" bw="16" slack="0"/>
<pin id="5761" dir="0" index="1" bw="16" slack="0"/>
<pin id="5762" dir="1" index="2" bw="16" slack="0"/>
</pin_list>
<bind>
<opcode="add(8) " fcode="add"/>
<opset="add_ln840_14/8 "/>
</bind>
</comp>

<comp id="5765" class="1004" name="store_ln61_store_fu_5765">
<pin_list>
<pin id="5766" dir="0" index="0" bw="16" slack="0"/>
<pin id="5767" dir="0" index="1" bw="16" slack="7"/>
<pin id="5768" dir="1" index="2" bw="0" slack="2147483647"/>
</pin_list>
<bind>
<opcode="store(28) " fcode="store"/>
<opset="store_ln61/8 "/>
</bind>
</comp>

<comp id="5770" class="1004" name="conv3_i_1488_load_1_load_fu_5770">
<pin_list>
<pin id="5771" dir="0" index="0" bw="16" slack="6"/>
<pin id="5772" dir="1" index="1" bw="16" slack="0"/>
</pin_list>
<bind>
<opcode="load(27) " fcode="load"/>
<opset="conv3_i_1488_load_1/7 "/>
</bind>
</comp>

<comp id="5774" class="1007" name="grp_fu_5774">
<pin_list>
<pin id="5775" dir="0" index="0" bw="16" slack="0"/>
<pin id="5776" dir="0" index="1" bw="16" slack="1"/>
<pin id="5777" dir="1" index="2" bw="16" slack="0"/>
</pin_list>
<bind>
<opcode="mul(12) " fcode="mul"/>
<opset="mul_ln840_1/2 "/>
</bind>
</comp>

<comp id="5779" class="1007" name="grp_fu_5779">
<pin_list>
<pin id="5780" dir="0" index="0" bw="16" slack="0"/>
<pin id="5781" dir="0" index="1" bw="16" slack="1"/>
<pin id="5782" dir="1" index="2" bw="16" slack="0"/>
</pin_list>
<bind>
<opcode="mul(12) " fcode="mul"/>
<opset="mul_ln840_7/2 "/>
</bind>
</comp>

<comp id="5784" class="1007" name="grp_fu_5784">
<pin_list>
<pin id="5785" dir="0" index="0" bw="16" slack="0"/>
<pin id="5786" dir="0" index="1" bw="16" slack="1"/>
<pin id="5787" dir="1" index="2" bw="16" slack="0"/>
</pin_list>
<bind>
<opcode="mul(12) " fcode="mul"/>
<opset="mul_ln840_10/2 "/>
</bind>
</comp>

<comp id="5789" class="1007" name="grp_fu_5789">
<pin_list>
<pin id="5790" dir="0" index="0" bw="16" slack="0"/>
<pin id="5791" dir="0" index="1" bw="16" slack="1"/>
<pin id="5792" dir="1" index="2" bw="16" slack="0"/>
</pin_list>
<bind>
<opcode="mul(12) " fcode="mul"/>
<opset="mul_ln840_12/2 "/>
</bind>
</comp>

<comp id="5794" class="1007" name="grp_fu_5794">
<pin_list>
<pin id="5795" dir="0" index="0" bw="16" slack="0"/>
<pin id="5796" dir="0" index="1" bw="16" slack="2"/>
<pin id="5797" dir="0" index="2" bw="16" slack="0"/>
<pin id="5798" dir="1" index="3" bw="16" slack="0"/>
</pin_list>
<bind>
<opcode="muladd(1172) " fcode="muladd"/>
<opset="mul_ln840_2/3 add_ln840/5 "/>
</bind>
</comp>

<comp id="5801" class="1007" name="grp_fu_5801">
<pin_list>
<pin id="5802" dir="0" index="0" bw="16" slack="0"/>
<pin id="5803" dir="0" index="1" bw="16" slack="2"/>
<pin id="5804" dir="1" index="2" bw="16" slack="0"/>
</pin_list>
<bind>
<opcode="mul(12) " fcode="mul"/>
<opset="mul_ln840_3/3 "/>
</bind>
</comp>

<comp id="5806" class="1007" name="grp_fu_5806">
<pin_list>
<pin id="5807" dir="0" index="0" bw="16" slack="0"/>
<pin id="5808" dir="0" index="1" bw="16" slack="2"/>
<pin id="5809" dir="1" index="2" bw="16" slack="0"/>
</pin_list>
<bind>
<opcode="mul(12) " fcode="mul"/>
<opset="mul_ln840_5/3 "/>
</bind>
</comp>

<comp id="5811" class="1007" name="grp_fu_5811">
<pin_list>
<pin id="5812" dir="0" index="0" bw="16" slack="0"/>
<pin id="5813" dir="0" index="1" bw="16" slack="2"/>
<pin id="5814" dir="0" index="2" bw="16" slack="0"/>
<pin id="5815" dir="1" index="3" bw="16" slack="0"/>
</pin_list>
<bind>
<opcode="muladd(1172) " fcode="muladd"/>
<opset="mul_ln840_8/3 add_ln840_6/5 "/>
</bind>
</comp>

<comp id="5819" class="1007" name="grp_fu_5819">
<pin_list>
<pin id="5820" dir="0" index="0" bw="16" slack="0"/>
<pin id="5821" dir="0" index="1" bw="16" slack="2"/>
<pin id="5822" dir="0" index="2" bw="16" slack="0"/>
<pin id="5823" dir="1" index="3" bw="16" slack="0"/>
</pin_list>
<bind>
<opcode="muladd(1172) " fcode="muladd"/>
<opset="mul_ln840_9/3 add_ln840_7/5 "/>
</bind>
</comp>

<comp id="5827" class="1007" name="grp_fu_5827">
<pin_list>
<pin id="5828" dir="0" index="0" bw="16" slack="0"/>
<pin id="5829" dir="0" index="1" bw="16" slack="2"/>
<pin id="5830" dir="0" index="2" bw="16" slack="0"/>
<pin id="5831" dir="1" index="3" bw="16" slack="0"/>
</pin_list>
<bind>
<opcode="muladd(1172) " fcode="muladd"/>
<opset="mul_ln840_11/3 add_ln840_9/5 "/>
</bind>
</comp>

<comp id="5834" class="1007" name="grp_fu_5834">
<pin_list>
<pin id="5835" dir="0" index="0" bw="16" slack="0"/>
<pin id="5836" dir="0" index="1" bw="16" slack="3"/>
<pin id="5837" dir="0" index="2" bw="16" slack="0"/>
<pin id="5838" dir="1" index="3" bw="16" slack="0"/>
</pin_list>
<bind>
<opcode="muladd(1172) " fcode="muladd"/>
<opset="mul_ln840/4 add_ln840_1/6 "/>
</bind>
</comp>

<comp id="5842" class="1007" name="grp_fu_5842">
<pin_list>
<pin id="5843" dir="0" index="0" bw="16" slack="0"/>
<pin id="5844" dir="0" index="1" bw="16" slack="3"/>
<pin id="5845" dir="0" index="2" bw="16" slack="0"/>
<pin id="5846" dir="1" index="3" bw="16" slack="0"/>
</pin_list>
<bind>
<opcode="muladd(1172) " fcode="muladd"/>
<opset="mul_ln840_4/4 add_ln840_2/6 "/>
</bind>
</comp>

<comp id="5850" class="1007" name="grp_fu_5850">
<pin_list>
<pin id="5851" dir="0" index="0" bw="16" slack="0"/>
<pin id="5852" dir="0" index="1" bw="16" slack="3"/>
<pin id="5853" dir="0" index="2" bw="16" slack="0"/>
<pin id="5854" dir="1" index="3" bw="16" slack="0"/>
</pin_list>
<bind>
<opcode="muladd(1172) " fcode="muladd"/>
<opset="mul_ln840_6/4 add_ln840_3/6 "/>
</bind>
</comp>

<comp id="5858" class="1007" name="grp_fu_5858">
<pin_list>
<pin id="5859" dir="0" index="0" bw="16" slack="0"/>
<pin id="5860" dir="0" index="1" bw="16" slack="3"/>
<pin id="5861" dir="0" index="2" bw="16" slack="0"/>
<pin id="5862" dir="1" index="3" bw="16" slack="0"/>
</pin_list>
<bind>
<opcode="muladd(1172) " fcode="muladd"/>
<opset="mul_ln840_13/4 add_ln840_10/6 "/>
</bind>
</comp>

<comp id="5866" class="1007" name="grp_fu_5866">
<pin_list>
<pin id="5867" dir="0" index="0" bw="16" slack="0"/>
<pin id="5868" dir="0" index="1" bw="16" slack="3"/>
<pin id="5869" dir="0" index="2" bw="16" slack="0"/>
<pin id="5870" dir="1" index="3" bw="16" slack="0"/>
</pin_list>
<bind>
<opcode="muladd(1172) " fcode="muladd"/>
<opset="mul_ln840_14/4 add_ln840_11/6 "/>
</bind>
</comp>

<comp id="5874" class="1005" name="conv3_i_1488_reg_5874">
<pin_list>
<pin id="5875" dir="0" index="0" bw="16" slack="0"/>
<pin id="5876" dir="1" index="1" bw="16" slack="0"/>
</pin_list>
<bind>
<opset="conv3_i_1488 "/>
</bind>
</comp>

<comp id="5882" class="1005" name="dot_reg_5882">
<pin_list>
<pin id="5883" dir="0" index="0" bw="8" slack="0"/>
<pin id="5884" dir="1" index="1" bw="8" slack="0"/>
</pin_list>
<bind>
<opset="dot "/>
</bind>
</comp>

<comp id="5889" class="1005" name="indvars_iv_reg_5889">
<pin_list>
<pin id="5890" dir="0" index="0" bw="4" slack="0"/>
<pin id="5891" dir="1" index="1" bw="4" slack="0"/>
</pin_list>
<bind>
<opset="indvars_iv "/>
</bind>
</comp>

<comp id="5896" class="1005" name="icmp_ln61_reg_5896">
<pin_list>
<pin id="5897" dir="0" index="0" bw="1" slack="6"/>
<pin id="5898" dir="1" index="1" bw="1" slack="2147483647"/>
</pin_list>
<bind>
<opset="icmp_ln61 "/>
</bind>
</comp>

<comp id="5900" class="1005" name="zext_ln186_1_reg_5900">
<pin_list>
<pin id="5901" dir="0" index="0" bw="64" slack="1"/>
<pin id="5902" dir="1" index="1" bw="64" slack="1"/>
</pin_list>
<bind>
<opset="zext_ln186_1 "/>
</bind>
</comp>

<comp id="5915" class="1005" name="Matrix_A_BRAM_V_1_addr_reg_5915">
<pin_list>
<pin id="5916" dir="0" index="0" bw="10" slack="1"/>
<pin id="5917" dir="1" index="1" bw="10" slack="1"/>
</pin_list>
<bind>
<opset="Matrix_A_BRAM_V_1_addr "/>
</bind>
</comp>

<comp id="5920" class="1005" name="Matrix_A_BRAM_V_7_addr_reg_5920">
<pin_list>
<pin id="5921" dir="0" index="0" bw="10" slack="1"/>
<pin id="5922" dir="1" index="1" bw="10" slack="1"/>
</pin_list>
<bind>
<opset="Matrix_A_BRAM_V_7_addr "/>
</bind>
</comp>

<comp id="5925" class="1005" name="Matrix_A_BRAM_V_10_addr_reg_5925">
<pin_list>
<pin id="5926" dir="0" index="0" bw="10" slack="1"/>
<pin id="5927" dir="1" index="1" bw="10" slack="1"/>
</pin_list>
<bind>
<opset="Matrix_A_BRAM_V_10_addr "/>
</bind>
</comp>

<comp id="5930" class="1005" name="Matrix_A_BRAM_V_12_addr_reg_5930">
<pin_list>
<pin id="5931" dir="0" index="0" bw="10" slack="1"/>
<pin id="5932" dir="1" index="1" bw="10" slack="1"/>
</pin_list>
<bind>
<opset="Matrix_A_BRAM_V_12_addr "/>
</bind>
</comp>

<comp id="5935" class="1005" name="tmp_1_reg_5935">
<pin_list>
<pin id="5936" dir="0" index="0" bw="16" slack="3"/>
<pin id="5937" dir="1" index="1" bw="16" slack="3"/>
</pin_list>
<bind>
<opset="tmp_1 "/>
</bind>
</comp>

<comp id="5940" class="1005" name="tmp_3_reg_5940">
<pin_list>
<pin id="5941" dir="0" index="0" bw="16" slack="1"/>
<pin id="5942" dir="1" index="1" bw="16" slack="1"/>
</pin_list>
<bind>
<opset="tmp_3 "/>
</bind>
</comp>

<comp id="5945" class="1005" name="tmp_5_reg_5945">
<pin_list>
<pin id="5946" dir="0" index="0" bw="16" slack="2"/>
<pin id="5947" dir="1" index="1" bw="16" slack="2"/>
</pin_list>
<bind>
<opset="tmp_5 "/>
</bind>
</comp>

<comp id="5950" class="1005" name="tmp_7_reg_5950">
<pin_list>
<pin id="5951" dir="0" index="0" bw="16" slack="2"/>
<pin id="5952" dir="1" index="1" bw="16" slack="2"/>
</pin_list>
<bind>
<opset="tmp_7 "/>
</bind>
</comp>

<comp id="5955" class="1005" name="tmp_9_reg_5955">
<pin_list>
<pin id="5956" dir="0" index="0" bw="16" slack="3"/>
<pin id="5957" dir="1" index="1" bw="16" slack="3"/>
</pin_list>
<bind>
<opset="tmp_9 "/>
</bind>
</comp>

<comp id="5960" class="1005" name="tmp_s_reg_5960">
<pin_list>
<pin id="5961" dir="0" index="0" bw="16" slack="2"/>
<pin id="5962" dir="1" index="1" bw="16" slack="2"/>
</pin_list>
<bind>
<opset="tmp_s "/>
</bind>
</comp>

<comp id="5965" class="1005" name="tmp_2_reg_5965">
<pin_list>
<pin id="5966" dir="0" index="0" bw="16" slack="3"/>
<pin id="5967" dir="1" index="1" bw="16" slack="3"/>
</pin_list>
<bind>
<opset="tmp_2 "/>
</bind>
</comp>

<comp id="5970" class="1005" name="tmp_4_reg_5970">
<pin_list>
<pin id="5971" dir="0" index="0" bw="16" slack="1"/>
<pin id="5972" dir="1" index="1" bw="16" slack="1"/>
</pin_list>
<bind>
<opset="tmp_4 "/>
</bind>
</comp>

<comp id="5975" class="1005" name="tmp_6_reg_5975">
<pin_list>
<pin id="5976" dir="0" index="0" bw="16" slack="2"/>
<pin id="5977" dir="1" index="1" bw="16" slack="2"/>
</pin_list>
<bind>
<opset="tmp_6 "/>
</bind>
</comp>

<comp id="5980" class="1005" name="tmp_8_reg_5980">
<pin_list>
<pin id="5981" dir="0" index="0" bw="16" slack="2"/>
<pin id="5982" dir="1" index="1" bw="16" slack="2"/>
</pin_list>
<bind>
<opset="tmp_8 "/>
</bind>
</comp>

<comp id="5985" class="1005" name="tmp_10_reg_5985">
<pin_list>
<pin id="5986" dir="0" index="0" bw="16" slack="1"/>
<pin id="5987" dir="1" index="1" bw="16" slack="1"/>
</pin_list>
<bind>
<opset="tmp_10 "/>
</bind>
</comp>

<comp id="5990" class="1005" name="tmp_11_reg_5990">
<pin_list>
<pin id="5991" dir="0" index="0" bw="16" slack="2"/>
<pin id="5992" dir="1" index="1" bw="16" slack="2"/>
</pin_list>
<bind>
<opset="tmp_11 "/>
</bind>
</comp>

<comp id="5995" class="1005" name="tmp_12_reg_5995">
<pin_list>
<pin id="5996" dir="0" index="0" bw="16" slack="1"/>
<pin id="5997" dir="1" index="1" bw="16" slack="1"/>
</pin_list>
<bind>
<opset="tmp_12 "/>
</bind>
</comp>

<comp id="6000" class="1005" name="tmp_13_reg_6000">
<pin_list>
<pin id="6001" dir="0" index="0" bw="16" slack="3"/>
<pin id="6002" dir="1" index="1" bw="16" slack="3"/>
</pin_list>
<bind>
<opset="tmp_13 "/>
</bind>
</comp>

<comp id="6005" class="1005" name="tmp_14_reg_6005">
<pin_list>
<pin id="6006" dir="0" index="0" bw="16" slack="3"/>
<pin id="6007" dir="1" index="1" bw="16" slack="3"/>
</pin_list>
<bind>
<opset="tmp_14 "/>
</bind>
</comp>

<comp id="6010" class="1005" name="Matrix_A_BRAM_V_2_addr_reg_6010">
<pin_list>
<pin id="6011" dir="0" index="0" bw="10" slack="1"/>
<pin id="6012" dir="1" index="1" bw="10" slack="1"/>
</pin_list>
<bind>
<opset="Matrix_A_BRAM_V_2_addr "/>
</bind>
</comp>

<comp id="6015" class="1005" name="Matrix_A_BRAM_V_3_addr_reg_6015">
<pin_list>
<pin id="6016" dir="0" index="0" bw="10" slack="1"/>
<pin id="6017" dir="1" index="1" bw="10" slack="1"/>
</pin_list>
<bind>
<opset="Matrix_A_BRAM_V_3_addr "/>
</bind>
</comp>

<comp id="6020" class="1005" name="Matrix_A_BRAM_V_5_addr_reg_6020">
<pin_list>
<pin id="6021" dir="0" index="0" bw="10" slack="1"/>
<pin id="6022" dir="1" index="1" bw="10" slack="1"/>
</pin_list>
<bind>
<opset="Matrix_A_BRAM_V_5_addr "/>
</bind>
</comp>

<comp id="6025" class="1005" name="Matrix_A_BRAM_V_8_addr_reg_6025">
<pin_list>
<pin id="6026" dir="0" index="0" bw="10" slack="1"/>
<pin id="6027" dir="1" index="1" bw="10" slack="1"/>
</pin_list>
<bind>
<opset="Matrix_A_BRAM_V_8_addr "/>
</bind>
</comp>

<comp id="6030" class="1005" name="Matrix_A_BRAM_V_9_addr_reg_6030">
<pin_list>
<pin id="6031" dir="0" index="0" bw="10" slack="1"/>
<pin id="6032" dir="1" index="1" bw="10" slack="1"/>
</pin_list>
<bind>
<opset="Matrix_A_BRAM_V_9_addr "/>
</bind>
</comp>

<comp id="6035" class="1005" name="Matrix_A_BRAM_V_11_addr_reg_6035">
<pin_list>
<pin id="6036" dir="0" index="0" bw="10" slack="1"/>
<pin id="6037" dir="1" index="1" bw="10" slack="1"/>
</pin_list>
<bind>
<opset="Matrix_A_BRAM_V_11_addr "/>
</bind>
</comp>

<comp id="6040" class="1005" name="Matrix_A_BRAM_V_1_load_reg_6040">
<pin_list>
<pin id="6041" dir="0" index="0" bw="16" slack="1"/>
<pin id="6042" dir="1" index="1" bw="16" slack="1"/>
</pin_list>
<bind>
<opset="Matrix_A_BRAM_V_1_load "/>
</bind>
</comp>

<comp id="6045" class="1005" name="Matrix_A_BRAM_V_7_load_reg_6045">
<pin_list>
<pin id="6046" dir="0" index="0" bw="16" slack="1"/>
<pin id="6047" dir="1" index="1" bw="16" slack="1"/>
</pin_list>
<bind>
<opset="Matrix_A_BRAM_V_7_load "/>
</bind>
</comp>

<comp id="6050" class="1005" name="Matrix_A_BRAM_V_10_load_reg_6050">
<pin_list>
<pin id="6051" dir="0" index="0" bw="16" slack="1"/>
<pin id="6052" dir="1" index="1" bw="16" slack="1"/>
</pin_list>
<bind>
<opset="Matrix_A_BRAM_V_10_load "/>
</bind>
</comp>

<comp id="6055" class="1005" name="Matrix_A_BRAM_V_12_load_reg_6055">
<pin_list>
<pin id="6056" dir="0" index="0" bw="16" slack="1"/>
<pin id="6057" dir="1" index="1" bw="16" slack="1"/>
</pin_list>
<bind>
<opset="Matrix_A_BRAM_V_12_load "/>
</bind>
</comp>

<comp id="6060" class="1005" name="Matrix_A_BRAM_V_addr_reg_6060">
<pin_list>
<pin id="6061" dir="0" index="0" bw="10" slack="1"/>
<pin id="6062" dir="1" index="1" bw="10" slack="1"/>
</pin_list>
<bind>
<opset="Matrix_A_BRAM_V_addr "/>
</bind>
</comp>

<comp id="6065" class="1005" name="Matrix_A_BRAM_V_4_addr_reg_6065">
<pin_list>
<pin id="6066" dir="0" index="0" bw="10" slack="1"/>
<pin id="6067" dir="1" index="1" bw="10" slack="1"/>
</pin_list>
<bind>
<opset="Matrix_A_BRAM_V_4_addr "/>
</bind>
</comp>

<comp id="6070" class="1005" name="Matrix_A_BRAM_V_6_addr_reg_6070">
<pin_list>
<pin id="6071" dir="0" index="0" bw="10" slack="1"/>
<pin id="6072" dir="1" index="1" bw="10" slack="1"/>
</pin_list>
<bind>
<opset="Matrix_A_BRAM_V_6_addr "/>
</bind>
</comp>

<comp id="6075" class="1005" name="Matrix_A_BRAM_V_13_addr_reg_6075">
<pin_list>
<pin id="6076" dir="0" index="0" bw="10" slack="1"/>
<pin id="6077" dir="1" index="1" bw="10" slack="1"/>
</pin_list>
<bind>
<opset="Matrix_A_BRAM_V_13_addr "/>
</bind>
</comp>

<comp id="6080" class="1005" name="Matrix_A_BRAM_V_14_addr_reg_6080">
<pin_list>
<pin id="6081" dir="0" index="0" bw="10" slack="1"/>
<pin id="6082" dir="1" index="1" bw="10" slack="1"/>
</pin_list>
<bind>
<opset="Matrix_A_BRAM_V_14_addr "/>
</bind>
</comp>

<comp id="6085" class="1005" name="Matrix_A_BRAM_V_2_load_reg_6085">
<pin_list>
<pin id="6086" dir="0" index="0" bw="16" slack="1"/>
<pin id="6087" dir="1" index="1" bw="16" slack="1"/>
</pin_list>
<bind>
<opset="Matrix_A_BRAM_V_2_load "/>
</bind>
</comp>

<comp id="6090" class="1005" name="Matrix_A_BRAM_V_3_load_reg_6090">
<pin_list>
<pin id="6091" dir="0" index="0" bw="16" slack="1"/>
<pin id="6092" dir="1" index="1" bw="16" slack="1"/>
</pin_list>
<bind>
<opset="Matrix_A_BRAM_V_3_load "/>
</bind>
</comp>

<comp id="6095" class="1005" name="Matrix_A_BRAM_V_5_load_reg_6095">
<pin_list>
<pin id="6096" dir="0" index="0" bw="16" slack="1"/>
<pin id="6097" dir="1" index="1" bw="16" slack="1"/>
</pin_list>
<bind>
<opset="Matrix_A_BRAM_V_5_load "/>
</bind>
</comp>

<comp id="6100" class="1005" name="Matrix_A_BRAM_V_8_load_reg_6100">
<pin_list>
<pin id="6101" dir="0" index="0" bw="16" slack="1"/>
<pin id="6102" dir="1" index="1" bw="16" slack="1"/>
</pin_list>
<bind>
<opset="Matrix_A_BRAM_V_8_load "/>
</bind>
</comp>

<comp id="6105" class="1005" name="Matrix_A_BRAM_V_9_load_reg_6105">
<pin_list>
<pin id="6106" dir="0" index="0" bw="16" slack="1"/>
<pin id="6107" dir="1" index="1" bw="16" slack="1"/>
</pin_list>
<bind>
<opset="Matrix_A_BRAM_V_9_load "/>
</bind>
</comp>

<comp id="6110" class="1005" name="Matrix_A_BRAM_V_11_load_reg_6110">
<pin_list>
<pin id="6111" dir="0" index="0" bw="16" slack="1"/>
<pin id="6112" dir="1" index="1" bw="16" slack="1"/>
</pin_list>
<bind>
<opset="Matrix_A_BRAM_V_11_load "/>
</bind>
</comp>

<comp id="6115" class="1005" name="Matrix_A_BRAM_V_load_reg_6115">
<pin_list>
<pin id="6116" dir="0" index="0" bw="16" slack="1"/>
<pin id="6117" dir="1" index="1" bw="16" slack="1"/>
</pin_list>
<bind>
<opset="Matrix_A_BRAM_V_load "/>
</bind>
</comp>

<comp id="6120" class="1005" name="Matrix_A_BRAM_V_4_load_reg_6120">
<pin_list>
<pin id="6121" dir="0" index="0" bw="16" slack="1"/>
<pin id="6122" dir="1" index="1" bw="16" slack="1"/>
</pin_list>
<bind>
<opset="Matrix_A_BRAM_V_4_load "/>
</bind>
</comp>

<comp id="6125" class="1005" name="Matrix_A_BRAM_V_6_load_reg_6125">
<pin_list>
<pin id="6126" dir="0" index="0" bw="16" slack="1"/>
<pin id="6127" dir="1" index="1" bw="16" slack="1"/>
</pin_list>
<bind>
<opset="Matrix_A_BRAM_V_6_load "/>
</bind>
</comp>

<comp id="6130" class="1005" name="Matrix_A_BRAM_V_13_load_reg_6130">
<pin_list>
<pin id="6131" dir="0" index="0" bw="16" slack="1"/>
<pin id="6132" dir="1" index="1" bw="16" slack="1"/>
</pin_list>
<bind>
<opset="Matrix_A_BRAM_V_13_load "/>
</bind>
</comp>

<comp id="6135" class="1005" name="Matrix_A_BRAM_V_14_load_reg_6135">
<pin_list>
<pin id="6136" dir="0" index="0" bw="16" slack="1"/>
<pin id="6137" dir="1" index="1" bw="16" slack="1"/>
</pin_list>
<bind>
<opset="Matrix_A_BRAM_V_14_load "/>
</bind>
</comp>

<comp id="6140" class="1005" name="mul_ln840_1_reg_6140">
<pin_list>
<pin id="6141" dir="0" index="0" bw="16" slack="1"/>
<pin id="6142" dir="1" index="1" bw="16" slack="1"/>
</pin_list>
<bind>
<opset="mul_ln840_1 "/>
</bind>
</comp>

<comp id="6145" class="1005" name="mul_ln840_7_reg_6145">
<pin_list>
<pin id="6146" dir="0" index="0" bw="16" slack="1"/>
<pin id="6147" dir="1" index="1" bw="16" slack="1"/>
</pin_list>
<bind>
<opset="mul_ln840_7 "/>
</bind>
</comp>

<comp id="6150" class="1005" name="mul_ln840_10_reg_6150">
<pin_list>
<pin id="6151" dir="0" index="0" bw="16" slack="1"/>
<pin id="6152" dir="1" index="1" bw="16" slack="1"/>
</pin_list>
<bind>
<opset="mul_ln840_10 "/>
</bind>
</comp>

<comp id="6155" class="1005" name="mul_ln840_12_reg_6155">
<pin_list>
<pin id="6156" dir="0" index="0" bw="16" slack="1"/>
<pin id="6157" dir="1" index="1" bw="16" slack="1"/>
</pin_list>
<bind>
<opset="mul_ln840_12 "/>
</bind>
</comp>

<comp id="6160" class="1005" name="mul_ln840_3_reg_6160">
<pin_list>
<pin id="6161" dir="0" index="0" bw="16" slack="1"/>
<pin id="6162" dir="1" index="1" bw="16" slack="1"/>
</pin_list>
<bind>
<opset="mul_ln840_3 "/>
</bind>
</comp>

<comp id="6165" class="1005" name="mul_ln840_5_reg_6165">
<pin_list>
<pin id="6166" dir="0" index="0" bw="16" slack="1"/>
<pin id="6167" dir="1" index="1" bw="16" slack="1"/>
</pin_list>
<bind>
<opset="mul_ln840_5 "/>
</bind>
</comp>

<comp id="6170" class="1005" name="add_ln840_reg_6170">
<pin_list>
<pin id="6171" dir="0" index="0" bw="16" slack="1"/>
<pin id="6172" dir="1" index="1" bw="16" slack="1"/>
</pin_list>
<bind>
<opset="add_ln840 "/>
</bind>
</comp>

<comp id="6175" class="1005" name="add_ln840_9_reg_6175">
<pin_list>
<pin id="6176" dir="0" index="0" bw="16" slack="1"/>
<pin id="6177" dir="1" index="1" bw="16" slack="1"/>
</pin_list>
<bind>
<opset="add_ln840_9 "/>
</bind>
</comp>

<comp id="6180" class="1005" name="add_ln840_8_reg_6180">
<pin_list>
<pin id="6181" dir="0" index="0" bw="16" slack="1"/>
<pin id="6182" dir="1" index="1" bw="16" slack="1"/>
</pin_list>
<bind>
<opset="add_ln840_8 "/>
</bind>
</comp>

<comp id="6185" class="1005" name="add_ln840_5_reg_6185">
<pin_list>
<pin id="6186" dir="0" index="0" bw="16" slack="1"/>
<pin id="6187" dir="1" index="1" bw="16" slack="1"/>
</pin_list>
<bind>
<opset="add_ln840_5 "/>
</bind>
</comp>

<comp id="6190" class="1005" name="add_ln840_12_reg_6190">
<pin_list>
<pin id="6191" dir="0" index="0" bw="16" slack="1"/>
<pin id="6192" dir="1" index="1" bw="16" slack="1"/>
</pin_list>
<bind>
<opset="add_ln840_12 "/>
</bind>
</comp>

</comp_list>

<net_list>
<net id="375"><net_src comp="336" pin="0"/><net_sink comp="372" pin=0"/></net>

<net id="379"><net_src comp="336" pin="0"/><net_sink comp="376" pin=0"/></net>

<net id="383"><net_src comp="336" pin="0"/><net_sink comp="380" pin=0"/></net>

<net id="388"><net_src comp="338" pin="0"/><net_sink comp="384" pin=0"/></net>

<net id="389"><net_src comp="332" pin="0"/><net_sink comp="384" pin=1"/></net>

<net id="394"><net_src comp="338" pin="0"/><net_sink comp="390" pin=0"/></net>

<net id="395"><net_src comp="330" pin="0"/><net_sink comp="390" pin=1"/></net>

<net id="400"><net_src comp="338" pin="0"/><net_sink comp="396" pin=0"/></net>

<net id="401"><net_src comp="328" pin="0"/><net_sink comp="396" pin=1"/></net>

<net id="406"><net_src comp="338" pin="0"/><net_sink comp="402" pin=0"/></net>

<net id="407"><net_src comp="326" pin="0"/><net_sink comp="402" pin=1"/></net>

<net id="412"><net_src comp="338" pin="0"/><net_sink comp="408" pin=0"/></net>

<net id="413"><net_src comp="324" pin="0"/><net_sink comp="408" pin=1"/></net>

<net id="418"><net_src comp="338" pin="0"/><net_sink comp="414" pin=0"/></net>

<net id="419"><net_src comp="322" pin="0"/><net_sink comp="414" pin=1"/></net>

<net id="424"><net_src comp="338" pin="0"/><net_sink comp="420" pin=0"/></net>

<net id="425"><net_src comp="320" pin="0"/><net_sink comp="420" pin=1"/></net>

<net id="430"><net_src comp="338" pin="0"/><net_sink comp="426" pin=0"/></net>

<net id="431"><net_src comp="318" pin="0"/><net_sink comp="426" pin=1"/></net>

<net id="436"><net_src comp="338" pin="0"/><net_sink comp="432" pin=0"/></net>

<net id="437"><net_src comp="316" pin="0"/><net_sink comp="432" pin=1"/></net>

<net id="442"><net_src comp="338" pin="0"/><net_sink comp="438" pin=0"/></net>

<net id="443"><net_src comp="314" pin="0"/><net_sink comp="438" pin=1"/></net>

<net id="448"><net_src comp="338" pin="0"/><net_sink comp="444" pin=0"/></net>

<net id="449"><net_src comp="312" pin="0"/><net_sink comp="444" pin=1"/></net>

<net id="454"><net_src comp="338" pin="0"/><net_sink comp="450" pin=0"/></net>

<net id="455"><net_src comp="310" pin="0"/><net_sink comp="450" pin=1"/></net>

<net id="460"><net_src comp="338" pin="0"/><net_sink comp="456" pin=0"/></net>

<net id="461"><net_src comp="308" pin="0"/><net_sink comp="456" pin=1"/></net>

<net id="466"><net_src comp="338" pin="0"/><net_sink comp="462" pin=0"/></net>

<net id="467"><net_src comp="306" pin="0"/><net_sink comp="462" pin=1"/></net>

<net id="472"><net_src comp="338" pin="0"/><net_sink comp="468" pin=0"/></net>

<net id="473"><net_src comp="304" pin="0"/><net_sink comp="468" pin=1"/></net>

<net id="478"><net_src comp="338" pin="0"/><net_sink comp="474" pin=0"/></net>

<net id="479"><net_src comp="302" pin="0"/><net_sink comp="474" pin=1"/></net>

<net id="484"><net_src comp="338" pin="0"/><net_sink comp="480" pin=0"/></net>

<net id="485"><net_src comp="300" pin="0"/><net_sink comp="480" pin=1"/></net>

<net id="490"><net_src comp="338" pin="0"/><net_sink comp="486" pin=0"/></net>

<net id="491"><net_src comp="298" pin="0"/><net_sink comp="486" pin=1"/></net>

<net id="496"><net_src comp="338" pin="0"/><net_sink comp="492" pin=0"/></net>

<net id="497"><net_src comp="296" pin="0"/><net_sink comp="492" pin=1"/></net>

<net id="502"><net_src comp="338" pin="0"/><net_sink comp="498" pin=0"/></net>

<net id="503"><net_src comp="294" pin="0"/><net_sink comp="498" pin=1"/></net>

<net id="508"><net_src comp="338" pin="0"/><net_sink comp="504" pin=0"/></net>

<net id="509"><net_src comp="292" pin="0"/><net_sink comp="504" pin=1"/></net>

<net id="514"><net_src comp="338" pin="0"/><net_sink comp="510" pin=0"/></net>

<net id="515"><net_src comp="290" pin="0"/><net_sink comp="510" pin=1"/></net>

<net id="520"><net_src comp="338" pin="0"/><net_sink comp="516" pin=0"/></net>

<net id="521"><net_src comp="288" pin="0"/><net_sink comp="516" pin=1"/></net>

<net id="526"><net_src comp="338" pin="0"/><net_sink comp="522" pin=0"/></net>

<net id="527"><net_src comp="286" pin="0"/><net_sink comp="522" pin=1"/></net>

<net id="532"><net_src comp="338" pin="0"/><net_sink comp="528" pin=0"/></net>

<net id="533"><net_src comp="284" pin="0"/><net_sink comp="528" pin=1"/></net>

<net id="538"><net_src comp="338" pin="0"/><net_sink comp="534" pin=0"/></net>

<net id="539"><net_src comp="282" pin="0"/><net_sink comp="534" pin=1"/></net>

<net id="544"><net_src comp="338" pin="0"/><net_sink comp="540" pin=0"/></net>

<net id="545"><net_src comp="280" pin="0"/><net_sink comp="540" pin=1"/></net>

<net id="550"><net_src comp="338" pin="0"/><net_sink comp="546" pin=0"/></net>

<net id="551"><net_src comp="278" pin="0"/><net_sink comp="546" pin=1"/></net>

<net id="556"><net_src comp="338" pin="0"/><net_sink comp="552" pin=0"/></net>

<net id="557"><net_src comp="276" pin="0"/><net_sink comp="552" pin=1"/></net>

<net id="562"><net_src comp="338" pin="0"/><net_sink comp="558" pin=0"/></net>

<net id="563"><net_src comp="274" pin="0"/><net_sink comp="558" pin=1"/></net>

<net id="568"><net_src comp="338" pin="0"/><net_sink comp="564" pin=0"/></net>

<net id="569"><net_src comp="272" pin="0"/><net_sink comp="564" pin=1"/></net>

<net id="574"><net_src comp="338" pin="0"/><net_sink comp="570" pin=0"/></net>

<net id="575"><net_src comp="270" pin="0"/><net_sink comp="570" pin=1"/></net>

<net id="580"><net_src comp="338" pin="0"/><net_sink comp="576" pin=0"/></net>

<net id="581"><net_src comp="268" pin="0"/><net_sink comp="576" pin=1"/></net>

<net id="586"><net_src comp="338" pin="0"/><net_sink comp="582" pin=0"/></net>

<net id="587"><net_src comp="266" pin="0"/><net_sink comp="582" pin=1"/></net>

<net id="592"><net_src comp="338" pin="0"/><net_sink comp="588" pin=0"/></net>

<net id="593"><net_src comp="264" pin="0"/><net_sink comp="588" pin=1"/></net>

<net id="598"><net_src comp="338" pin="0"/><net_sink comp="594" pin=0"/></net>

<net id="599"><net_src comp="262" pin="0"/><net_sink comp="594" pin=1"/></net>

<net id="604"><net_src comp="338" pin="0"/><net_sink comp="600" pin=0"/></net>

<net id="605"><net_src comp="260" pin="0"/><net_sink comp="600" pin=1"/></net>

<net id="610"><net_src comp="338" pin="0"/><net_sink comp="606" pin=0"/></net>

<net id="611"><net_src comp="258" pin="0"/><net_sink comp="606" pin=1"/></net>

<net id="616"><net_src comp="338" pin="0"/><net_sink comp="612" pin=0"/></net>

<net id="617"><net_src comp="256" pin="0"/><net_sink comp="612" pin=1"/></net>

<net id="622"><net_src comp="338" pin="0"/><net_sink comp="618" pin=0"/></net>

<net id="623"><net_src comp="254" pin="0"/><net_sink comp="618" pin=1"/></net>

<net id="628"><net_src comp="338" pin="0"/><net_sink comp="624" pin=0"/></net>

<net id="629"><net_src comp="252" pin="0"/><net_sink comp="624" pin=1"/></net>

<net id="634"><net_src comp="338" pin="0"/><net_sink comp="630" pin=0"/></net>

<net id="635"><net_src comp="250" pin="0"/><net_sink comp="630" pin=1"/></net>

<net id="640"><net_src comp="338" pin="0"/><net_sink comp="636" pin=0"/></net>

<net id="641"><net_src comp="248" pin="0"/><net_sink comp="636" pin=1"/></net>

<net id="646"><net_src comp="338" pin="0"/><net_sink comp="642" pin=0"/></net>

<net id="647"><net_src comp="246" pin="0"/><net_sink comp="642" pin=1"/></net>

<net id="652"><net_src comp="338" pin="0"/><net_sink comp="648" pin=0"/></net>

<net id="653"><net_src comp="244" pin="0"/><net_sink comp="648" pin=1"/></net>

<net id="658"><net_src comp="338" pin="0"/><net_sink comp="654" pin=0"/></net>

<net id="659"><net_src comp="242" pin="0"/><net_sink comp="654" pin=1"/></net>

<net id="664"><net_src comp="338" pin="0"/><net_sink comp="660" pin=0"/></net>

<net id="665"><net_src comp="240" pin="0"/><net_sink comp="660" pin=1"/></net>

<net id="670"><net_src comp="338" pin="0"/><net_sink comp="666" pin=0"/></net>

<net id="671"><net_src comp="238" pin="0"/><net_sink comp="666" pin=1"/></net>

<net id="676"><net_src comp="338" pin="0"/><net_sink comp="672" pin=0"/></net>

<net id="677"><net_src comp="236" pin="0"/><net_sink comp="672" pin=1"/></net>

<net id="682"><net_src comp="338" pin="0"/><net_sink comp="678" pin=0"/></net>

<net id="683"><net_src comp="234" pin="0"/><net_sink comp="678" pin=1"/></net>

<net id="688"><net_src comp="338" pin="0"/><net_sink comp="684" pin=0"/></net>

<net id="689"><net_src comp="232" pin="0"/><net_sink comp="684" pin=1"/></net>

<net id="694"><net_src comp="338" pin="0"/><net_sink comp="690" pin=0"/></net>

<net id="695"><net_src comp="230" pin="0"/><net_sink comp="690" pin=1"/></net>

<net id="700"><net_src comp="338" pin="0"/><net_sink comp="696" pin=0"/></net>

<net id="701"><net_src comp="228" pin="0"/><net_sink comp="696" pin=1"/></net>

<net id="706"><net_src comp="338" pin="0"/><net_sink comp="702" pin=0"/></net>

<net id="707"><net_src comp="226" pin="0"/><net_sink comp="702" pin=1"/></net>

<net id="712"><net_src comp="338" pin="0"/><net_sink comp="708" pin=0"/></net>

<net id="713"><net_src comp="224" pin="0"/><net_sink comp="708" pin=1"/></net>

<net id="718"><net_src comp="338" pin="0"/><net_sink comp="714" pin=0"/></net>

<net id="719"><net_src comp="222" pin="0"/><net_sink comp="714" pin=1"/></net>

<net id="724"><net_src comp="338" pin="0"/><net_sink comp="720" pin=0"/></net>

<net id="725"><net_src comp="220" pin="0"/><net_sink comp="720" pin=1"/></net>

<net id="730"><net_src comp="338" pin="0"/><net_sink comp="726" pin=0"/></net>

<net id="731"><net_src comp="218" pin="0"/><net_sink comp="726" pin=1"/></net>

<net id="736"><net_src comp="338" pin="0"/><net_sink comp="732" pin=0"/></net>

<net id="737"><net_src comp="216" pin="0"/><net_sink comp="732" pin=1"/></net>

<net id="742"><net_src comp="338" pin="0"/><net_sink comp="738" pin=0"/></net>

<net id="743"><net_src comp="214" pin="0"/><net_sink comp="738" pin=1"/></net>

<net id="748"><net_src comp="338" pin="0"/><net_sink comp="744" pin=0"/></net>

<net id="749"><net_src comp="212" pin="0"/><net_sink comp="744" pin=1"/></net>

<net id="754"><net_src comp="338" pin="0"/><net_sink comp="750" pin=0"/></net>

<net id="755"><net_src comp="210" pin="0"/><net_sink comp="750" pin=1"/></net>

<net id="760"><net_src comp="338" pin="0"/><net_sink comp="756" pin=0"/></net>

<net id="761"><net_src comp="208" pin="0"/><net_sink comp="756" pin=1"/></net>

<net id="766"><net_src comp="338" pin="0"/><net_sink comp="762" pin=0"/></net>

<net id="767"><net_src comp="206" pin="0"/><net_sink comp="762" pin=1"/></net>

<net id="772"><net_src comp="338" pin="0"/><net_sink comp="768" pin=0"/></net>

<net id="773"><net_src comp="204" pin="0"/><net_sink comp="768" pin=1"/></net>

<net id="778"><net_src comp="338" pin="0"/><net_sink comp="774" pin=0"/></net>

<net id="779"><net_src comp="202" pin="0"/><net_sink comp="774" pin=1"/></net>

<net id="784"><net_src comp="338" pin="0"/><net_sink comp="780" pin=0"/></net>

<net id="785"><net_src comp="200" pin="0"/><net_sink comp="780" pin=1"/></net>

<net id="790"><net_src comp="338" pin="0"/><net_sink comp="786" pin=0"/></net>

<net id="791"><net_src comp="198" pin="0"/><net_sink comp="786" pin=1"/></net>

<net id="796"><net_src comp="338" pin="0"/><net_sink comp="792" pin=0"/></net>

<net id="797"><net_src comp="196" pin="0"/><net_sink comp="792" pin=1"/></net>

<net id="802"><net_src comp="338" pin="0"/><net_sink comp="798" pin=0"/></net>

<net id="803"><net_src comp="194" pin="0"/><net_sink comp="798" pin=1"/></net>

<net id="808"><net_src comp="338" pin="0"/><net_sink comp="804" pin=0"/></net>

<net id="809"><net_src comp="192" pin="0"/><net_sink comp="804" pin=1"/></net>

<net id="814"><net_src comp="338" pin="0"/><net_sink comp="810" pin=0"/></net>

<net id="815"><net_src comp="190" pin="0"/><net_sink comp="810" pin=1"/></net>

<net id="820"><net_src comp="338" pin="0"/><net_sink comp="816" pin=0"/></net>

<net id="821"><net_src comp="188" pin="0"/><net_sink comp="816" pin=1"/></net>

<net id="826"><net_src comp="338" pin="0"/><net_sink comp="822" pin=0"/></net>

<net id="827"><net_src comp="186" pin="0"/><net_sink comp="822" pin=1"/></net>

<net id="832"><net_src comp="338" pin="0"/><net_sink comp="828" pin=0"/></net>

<net id="833"><net_src comp="184" pin="0"/><net_sink comp="828" pin=1"/></net>

<net id="838"><net_src comp="338" pin="0"/><net_sink comp="834" pin=0"/></net>

<net id="839"><net_src comp="182" pin="0"/><net_sink comp="834" pin=1"/></net>

<net id="844"><net_src comp="338" pin="0"/><net_sink comp="840" pin=0"/></net>

<net id="845"><net_src comp="180" pin="0"/><net_sink comp="840" pin=1"/></net>

<net id="850"><net_src comp="338" pin="0"/><net_sink comp="846" pin=0"/></net>

<net id="851"><net_src comp="178" pin="0"/><net_sink comp="846" pin=1"/></net>

<net id="856"><net_src comp="338" pin="0"/><net_sink comp="852" pin=0"/></net>

<net id="857"><net_src comp="176" pin="0"/><net_sink comp="852" pin=1"/></net>

<net id="862"><net_src comp="338" pin="0"/><net_sink comp="858" pin=0"/></net>

<net id="863"><net_src comp="174" pin="0"/><net_sink comp="858" pin=1"/></net>

<net id="868"><net_src comp="338" pin="0"/><net_sink comp="864" pin=0"/></net>

<net id="869"><net_src comp="172" pin="0"/><net_sink comp="864" pin=1"/></net>

<net id="874"><net_src comp="338" pin="0"/><net_sink comp="870" pin=0"/></net>

<net id="875"><net_src comp="170" pin="0"/><net_sink comp="870" pin=1"/></net>

<net id="880"><net_src comp="338" pin="0"/><net_sink comp="876" pin=0"/></net>

<net id="881"><net_src comp="168" pin="0"/><net_sink comp="876" pin=1"/></net>

<net id="886"><net_src comp="338" pin="0"/><net_sink comp="882" pin=0"/></net>

<net id="887"><net_src comp="166" pin="0"/><net_sink comp="882" pin=1"/></net>

<net id="892"><net_src comp="338" pin="0"/><net_sink comp="888" pin=0"/></net>

<net id="893"><net_src comp="164" pin="0"/><net_sink comp="888" pin=1"/></net>

<net id="898"><net_src comp="338" pin="0"/><net_sink comp="894" pin=0"/></net>

<net id="899"><net_src comp="162" pin="0"/><net_sink comp="894" pin=1"/></net>

<net id="904"><net_src comp="338" pin="0"/><net_sink comp="900" pin=0"/></net>

<net id="905"><net_src comp="160" pin="0"/><net_sink comp="900" pin=1"/></net>

<net id="910"><net_src comp="338" pin="0"/><net_sink comp="906" pin=0"/></net>

<net id="911"><net_src comp="158" pin="0"/><net_sink comp="906" pin=1"/></net>

<net id="916"><net_src comp="338" pin="0"/><net_sink comp="912" pin=0"/></net>

<net id="917"><net_src comp="156" pin="0"/><net_sink comp="912" pin=1"/></net>

<net id="922"><net_src comp="338" pin="0"/><net_sink comp="918" pin=0"/></net>

<net id="923"><net_src comp="154" pin="0"/><net_sink comp="918" pin=1"/></net>

<net id="928"><net_src comp="338" pin="0"/><net_sink comp="924" pin=0"/></net>

<net id="929"><net_src comp="152" pin="0"/><net_sink comp="924" pin=1"/></net>

<net id="934"><net_src comp="338" pin="0"/><net_sink comp="930" pin=0"/></net>

<net id="935"><net_src comp="150" pin="0"/><net_sink comp="930" pin=1"/></net>

<net id="940"><net_src comp="338" pin="0"/><net_sink comp="936" pin=0"/></net>

<net id="941"><net_src comp="148" pin="0"/><net_sink comp="936" pin=1"/></net>

<net id="946"><net_src comp="338" pin="0"/><net_sink comp="942" pin=0"/></net>

<net id="947"><net_src comp="146" pin="0"/><net_sink comp="942" pin=1"/></net>

<net id="952"><net_src comp="338" pin="0"/><net_sink comp="948" pin=0"/></net>

<net id="953"><net_src comp="144" pin="0"/><net_sink comp="948" pin=1"/></net>

<net id="958"><net_src comp="338" pin="0"/><net_sink comp="954" pin=0"/></net>

<net id="959"><net_src comp="142" pin="0"/><net_sink comp="954" pin=1"/></net>

<net id="964"><net_src comp="338" pin="0"/><net_sink comp="960" pin=0"/></net>

<net id="965"><net_src comp="140" pin="0"/><net_sink comp="960" pin=1"/></net>

<net id="970"><net_src comp="338" pin="0"/><net_sink comp="966" pin=0"/></net>

<net id="971"><net_src comp="138" pin="0"/><net_sink comp="966" pin=1"/></net>

<net id="976"><net_src comp="338" pin="0"/><net_sink comp="972" pin=0"/></net>

<net id="977"><net_src comp="136" pin="0"/><net_sink comp="972" pin=1"/></net>

<net id="982"><net_src comp="338" pin="0"/><net_sink comp="978" pin=0"/></net>

<net id="983"><net_src comp="134" pin="0"/><net_sink comp="978" pin=1"/></net>

<net id="988"><net_src comp="338" pin="0"/><net_sink comp="984" pin=0"/></net>

<net id="989"><net_src comp="132" pin="0"/><net_sink comp="984" pin=1"/></net>

<net id="994"><net_src comp="338" pin="0"/><net_sink comp="990" pin=0"/></net>

<net id="995"><net_src comp="130" pin="0"/><net_sink comp="990" pin=1"/></net>

<net id="1000"><net_src comp="338" pin="0"/><net_sink comp="996" pin=0"/></net>

<net id="1001"><net_src comp="128" pin="0"/><net_sink comp="996" pin=1"/></net>

<net id="1006"><net_src comp="338" pin="0"/><net_sink comp="1002" pin=0"/></net>

<net id="1007"><net_src comp="126" pin="0"/><net_sink comp="1002" pin=1"/></net>

<net id="1012"><net_src comp="338" pin="0"/><net_sink comp="1008" pin=0"/></net>

<net id="1013"><net_src comp="124" pin="0"/><net_sink comp="1008" pin=1"/></net>

<net id="1018"><net_src comp="338" pin="0"/><net_sink comp="1014" pin=0"/></net>

<net id="1019"><net_src comp="122" pin="0"/><net_sink comp="1014" pin=1"/></net>

<net id="1024"><net_src comp="338" pin="0"/><net_sink comp="1020" pin=0"/></net>

<net id="1025"><net_src comp="120" pin="0"/><net_sink comp="1020" pin=1"/></net>

<net id="1030"><net_src comp="338" pin="0"/><net_sink comp="1026" pin=0"/></net>

<net id="1031"><net_src comp="118" pin="0"/><net_sink comp="1026" pin=1"/></net>

<net id="1036"><net_src comp="338" pin="0"/><net_sink comp="1032" pin=0"/></net>

<net id="1037"><net_src comp="116" pin="0"/><net_sink comp="1032" pin=1"/></net>

<net id="1042"><net_src comp="338" pin="0"/><net_sink comp="1038" pin=0"/></net>

<net id="1043"><net_src comp="114" pin="0"/><net_sink comp="1038" pin=1"/></net>

<net id="1048"><net_src comp="338" pin="0"/><net_sink comp="1044" pin=0"/></net>

<net id="1049"><net_src comp="112" pin="0"/><net_sink comp="1044" pin=1"/></net>

<net id="1054"><net_src comp="338" pin="0"/><net_sink comp="1050" pin=0"/></net>

<net id="1055"><net_src comp="110" pin="0"/><net_sink comp="1050" pin=1"/></net>

<net id="1060"><net_src comp="338" pin="0"/><net_sink comp="1056" pin=0"/></net>

<net id="1061"><net_src comp="108" pin="0"/><net_sink comp="1056" pin=1"/></net>

<net id="1066"><net_src comp="338" pin="0"/><net_sink comp="1062" pin=0"/></net>

<net id="1067"><net_src comp="106" pin="0"/><net_sink comp="1062" pin=1"/></net>

<net id="1072"><net_src comp="338" pin="0"/><net_sink comp="1068" pin=0"/></net>

<net id="1073"><net_src comp="104" pin="0"/><net_sink comp="1068" pin=1"/></net>

<net id="1078"><net_src comp="338" pin="0"/><net_sink comp="1074" pin=0"/></net>

<net id="1079"><net_src comp="102" pin="0"/><net_sink comp="1074" pin=1"/></net>

<net id="1084"><net_src comp="338" pin="0"/><net_sink comp="1080" pin=0"/></net>

<net id="1085"><net_src comp="100" pin="0"/><net_sink comp="1080" pin=1"/></net>

<net id="1090"><net_src comp="338" pin="0"/><net_sink comp="1086" pin=0"/></net>

<net id="1091"><net_src comp="98" pin="0"/><net_sink comp="1086" pin=1"/></net>

<net id="1096"><net_src comp="338" pin="0"/><net_sink comp="1092" pin=0"/></net>

<net id="1097"><net_src comp="96" pin="0"/><net_sink comp="1092" pin=1"/></net>

<net id="1102"><net_src comp="338" pin="0"/><net_sink comp="1098" pin=0"/></net>

<net id="1103"><net_src comp="94" pin="0"/><net_sink comp="1098" pin=1"/></net>

<net id="1108"><net_src comp="338" pin="0"/><net_sink comp="1104" pin=0"/></net>

<net id="1109"><net_src comp="92" pin="0"/><net_sink comp="1104" pin=1"/></net>

<net id="1114"><net_src comp="338" pin="0"/><net_sink comp="1110" pin=0"/></net>

<net id="1115"><net_src comp="90" pin="0"/><net_sink comp="1110" pin=1"/></net>

<net id="1120"><net_src comp="338" pin="0"/><net_sink comp="1116" pin=0"/></net>

<net id="1121"><net_src comp="88" pin="0"/><net_sink comp="1116" pin=1"/></net>

<net id="1126"><net_src comp="338" pin="0"/><net_sink comp="1122" pin=0"/></net>

<net id="1127"><net_src comp="86" pin="0"/><net_sink comp="1122" pin=1"/></net>

<net id="1132"><net_src comp="338" pin="0"/><net_sink comp="1128" pin=0"/></net>

<net id="1133"><net_src comp="84" pin="0"/><net_sink comp="1128" pin=1"/></net>

<net id="1138"><net_src comp="338" pin="0"/><net_sink comp="1134" pin=0"/></net>

<net id="1139"><net_src comp="82" pin="0"/><net_sink comp="1134" pin=1"/></net>

<net id="1144"><net_src comp="338" pin="0"/><net_sink comp="1140" pin=0"/></net>

<net id="1145"><net_src comp="80" pin="0"/><net_sink comp="1140" pin=1"/></net>

<net id="1150"><net_src comp="338" pin="0"/><net_sink comp="1146" pin=0"/></net>

<net id="1151"><net_src comp="78" pin="0"/><net_sink comp="1146" pin=1"/></net>

<net id="1156"><net_src comp="338" pin="0"/><net_sink comp="1152" pin=0"/></net>

<net id="1157"><net_src comp="76" pin="0"/><net_sink comp="1152" pin=1"/></net>

<net id="1162"><net_src comp="338" pin="0"/><net_sink comp="1158" pin=0"/></net>

<net id="1163"><net_src comp="74" pin="0"/><net_sink comp="1158" pin=1"/></net>

<net id="1168"><net_src comp="338" pin="0"/><net_sink comp="1164" pin=0"/></net>

<net id="1169"><net_src comp="72" pin="0"/><net_sink comp="1164" pin=1"/></net>

<net id="1174"><net_src comp="338" pin="0"/><net_sink comp="1170" pin=0"/></net>

<net id="1175"><net_src comp="70" pin="0"/><net_sink comp="1170" pin=1"/></net>

<net id="1180"><net_src comp="338" pin="0"/><net_sink comp="1176" pin=0"/></net>

<net id="1181"><net_src comp="68" pin="0"/><net_sink comp="1176" pin=1"/></net>

<net id="1186"><net_src comp="338" pin="0"/><net_sink comp="1182" pin=0"/></net>

<net id="1187"><net_src comp="66" pin="0"/><net_sink comp="1182" pin=1"/></net>

<net id="1192"><net_src comp="338" pin="0"/><net_sink comp="1188" pin=0"/></net>

<net id="1193"><net_src comp="64" pin="0"/><net_sink comp="1188" pin=1"/></net>

<net id="1198"><net_src comp="338" pin="0"/><net_sink comp="1194" pin=0"/></net>

<net id="1199"><net_src comp="62" pin="0"/><net_sink comp="1194" pin=1"/></net>

<net id="1204"><net_src comp="338" pin="0"/><net_sink comp="1200" pin=0"/></net>

<net id="1205"><net_src comp="60" pin="0"/><net_sink comp="1200" pin=1"/></net>

<net id="1210"><net_src comp="338" pin="0"/><net_sink comp="1206" pin=0"/></net>

<net id="1211"><net_src comp="58" pin="0"/><net_sink comp="1206" pin=1"/></net>

<net id="1216"><net_src comp="338" pin="0"/><net_sink comp="1212" pin=0"/></net>

<net id="1217"><net_src comp="56" pin="0"/><net_sink comp="1212" pin=1"/></net>

<net id="1222"><net_src comp="338" pin="0"/><net_sink comp="1218" pin=0"/></net>

<net id="1223"><net_src comp="54" pin="0"/><net_sink comp="1218" pin=1"/></net>

<net id="1228"><net_src comp="338" pin="0"/><net_sink comp="1224" pin=0"/></net>

<net id="1229"><net_src comp="52" pin="0"/><net_sink comp="1224" pin=1"/></net>

<net id="1234"><net_src comp="338" pin="0"/><net_sink comp="1230" pin=0"/></net>

<net id="1235"><net_src comp="50" pin="0"/><net_sink comp="1230" pin=1"/></net>

<net id="1240"><net_src comp="338" pin="0"/><net_sink comp="1236" pin=0"/></net>

<net id="1241"><net_src comp="48" pin="0"/><net_sink comp="1236" pin=1"/></net>

<net id="1246"><net_src comp="338" pin="0"/><net_sink comp="1242" pin=0"/></net>

<net id="1247"><net_src comp="46" pin="0"/><net_sink comp="1242" pin=1"/></net>

<net id="1252"><net_src comp="338" pin="0"/><net_sink comp="1248" pin=0"/></net>

<net id="1253"><net_src comp="44" pin="0"/><net_sink comp="1248" pin=1"/></net>

<net id="1258"><net_src comp="338" pin="0"/><net_sink comp="1254" pin=0"/></net>

<net id="1259"><net_src comp="42" pin="0"/><net_sink comp="1254" pin=1"/></net>

<net id="1264"><net_src comp="338" pin="0"/><net_sink comp="1260" pin=0"/></net>

<net id="1265"><net_src comp="40" pin="0"/><net_sink comp="1260" pin=1"/></net>

<net id="1270"><net_src comp="338" pin="0"/><net_sink comp="1266" pin=0"/></net>

<net id="1271"><net_src comp="38" pin="0"/><net_sink comp="1266" pin=1"/></net>

<net id="1276"><net_src comp="338" pin="0"/><net_sink comp="1272" pin=0"/></net>

<net id="1277"><net_src comp="36" pin="0"/><net_sink comp="1272" pin=1"/></net>

<net id="1282"><net_src comp="338" pin="0"/><net_sink comp="1278" pin=0"/></net>

<net id="1283"><net_src comp="34" pin="0"/><net_sink comp="1278" pin=1"/></net>

<net id="1288"><net_src comp="340" pin="0"/><net_sink comp="1284" pin=0"/></net>

<net id="1289"><net_src comp="2" pin="0"/><net_sink comp="1284" pin=1"/></net>

<net id="1294"><net_src comp="338" pin="0"/><net_sink comp="1290" pin=0"/></net>

<net id="1295"><net_src comp="0" pin="0"/><net_sink comp="1290" pin=1"/></net>

<net id="1301"><net_src comp="370" pin="0"/><net_sink comp="1296" pin=0"/></net>

<net id="1302"><net_src comp="334" pin="0"/><net_sink comp="1296" pin=1"/></net>

<net id="1308"><net_src comp="6" pin="0"/><net_sink comp="1303" pin=0"/></net>

<net id="1309"><net_src comp="354" pin="0"/><net_sink comp="1303" pin=1"/></net>

<net id="1315"><net_src comp="18" pin="0"/><net_sink comp="1310" pin=0"/></net>

<net id="1316"><net_src comp="354" pin="0"/><net_sink comp="1310" pin=1"/></net>

<net id="1322"><net_src comp="24" pin="0"/><net_sink comp="1317" pin=0"/></net>

<net id="1323"><net_src comp="354" pin="0"/><net_sink comp="1317" pin=1"/></net>

<net id="1329"><net_src comp="28" pin="0"/><net_sink comp="1324" pin=0"/></net>

<net id="1330"><net_src comp="354" pin="0"/><net_sink comp="1324" pin=1"/></net>

<net id="1336"><net_src comp="1303" pin="3"/><net_sink comp="1331" pin=0"/></net>

<net id="1342"><net_src comp="1310" pin="3"/><net_sink comp="1337" pin=0"/></net>

<net id="1348"><net_src comp="1317" pin="3"/><net_sink comp="1343" pin=0"/></net>

<net id="1354"><net_src comp="1324" pin="3"/><net_sink comp="1349" pin=0"/></net>

<net id="1360"><net_src comp="8" pin="0"/><net_sink comp="1355" pin=0"/></net>

<net id="1361"><net_src comp="354" pin="0"/><net_sink comp="1355" pin=1"/></net>

<net id="1367"><net_src comp="10" pin="0"/><net_sink comp="1362" pin=0"/></net>

<net id="1368"><net_src comp="354" pin="0"/><net_sink comp="1362" pin=1"/></net>

<net id="1374"><net_src comp="14" pin="0"/><net_sink comp="1369" pin=0"/></net>

<net id="1375"><net_src comp="354" pin="0"/><net_sink comp="1369" pin=1"/></net>

<net id="1381"><net_src comp="20" pin="0"/><net_sink comp="1376" pin=0"/></net>

<net id="1382"><net_src comp="354" pin="0"/><net_sink comp="1376" pin=1"/></net>

<net id="1388"><net_src comp="22" pin="0"/><net_sink comp="1383" pin=0"/></net>

<net id="1389"><net_src comp="354" pin="0"/><net_sink comp="1383" pin=1"/></net>

<net id="1395"><net_src comp="26" pin="0"/><net_sink comp="1390" pin=0"/></net>

<net id="1396"><net_src comp="354" pin="0"/><net_sink comp="1390" pin=1"/></net>

<net id="1402"><net_src comp="1355" pin="3"/><net_sink comp="1397" pin=0"/></net>

<net id="1408"><net_src comp="1362" pin="3"/><net_sink comp="1403" pin=0"/></net>

<net id="1414"><net_src comp="1369" pin="3"/><net_sink comp="1409" pin=0"/></net>

<net id="1420"><net_src comp="1376" pin="3"/><net_sink comp="1415" pin=0"/></net>

<net id="1426"><net_src comp="1383" pin="3"/><net_sink comp="1421" pin=0"/></net>

<net id="1432"><net_src comp="1390" pin="3"/><net_sink comp="1427" pin=0"/></net>

<net id="1438"><net_src comp="4" pin="0"/><net_sink comp="1433" pin=0"/></net>

<net id="1439"><net_src comp="354" pin="0"/><net_sink comp="1433" pin=1"/></net>

<net id="1445"><net_src comp="12" pin="0"/><net_sink comp="1440" pin=0"/></net>

<net id="1446"><net_src comp="354" pin="0"/><net_sink comp="1440" pin=1"/></net>

<net id="1452"><net_src comp="16" pin="0"/><net_sink comp="1447" pin=0"/></net>

<net id="1453"><net_src comp="354" pin="0"/><net_sink comp="1447" pin=1"/></net>

<net id="1459"><net_src comp="30" pin="0"/><net_sink comp="1454" pin=0"/></net>

<net id="1460"><net_src comp="354" pin="0"/><net_sink comp="1454" pin=1"/></net>

<net id="1466"><net_src comp="32" pin="0"/><net_sink comp="1461" pin=0"/></net>

<net id="1467"><net_src comp="354" pin="0"/><net_sink comp="1461" pin=1"/></net>

<net id="1473"><net_src comp="1433" pin="3"/><net_sink comp="1468" pin=0"/></net>

<net id="1479"><net_src comp="1440" pin="3"/><net_sink comp="1474" pin=0"/></net>

<net id="1485"><net_src comp="1447" pin="3"/><net_sink comp="1480" pin=0"/></net>

<net id="1491"><net_src comp="1454" pin="3"/><net_sink comp="1486" pin=0"/></net>

<net id="1497"><net_src comp="1461" pin="3"/><net_sink comp="1492" pin=0"/></net>

<net id="1502"><net_src comp="342" pin="0"/><net_sink comp="1498" pin=0"/></net>

<net id="1507"><net_src comp="344" pin="0"/><net_sink comp="1503" pin=0"/></net>

<net id="1512"><net_src comp="1290" pin="2"/><net_sink comp="1508" pin=0"/></net>

<net id="1520"><net_src comp="1513" pin="1"/><net_sink comp="1516" pin=0"/></net>

<net id="1521"><net_src comp="350" pin="0"/><net_sink comp="1516" pin=1"/></net>

<net id="1526"><net_src comp="1513" pin="1"/><net_sink comp="1522" pin=0"/></net>

<net id="1527"><net_src comp="352" pin="0"/><net_sink comp="1522" pin=1"/></net>

<net id="1534"><net_src comp="1513" pin="1"/><net_sink comp="1531" pin=0"/></net>

<net id="1539"><net_src comp="1284" pin="2"/><net_sink comp="1535" pin=0"/></net>

<net id="1540"><net_src comp="1531" pin="1"/><net_sink comp="1535" pin=1"/></net>

<net id="1544"><net_src comp="1535" pin="2"/><net_sink comp="1541" pin=0"/></net>

<net id="1545"><net_src comp="1541" pin="1"/><net_sink comp="1303" pin=2"/></net>

<net id="1546"><net_src comp="1541" pin="1"/><net_sink comp="1310" pin=2"/></net>

<net id="1547"><net_src comp="1541" pin="1"/><net_sink comp="1317" pin=2"/></net>

<net id="1548"><net_src comp="1541" pin="1"/><net_sink comp="1324" pin=2"/></net>

<net id="1689"><net_src comp="356" pin="0"/><net_sink comp="1549" pin=0"/></net>

<net id="1690"><net_src comp="1278" pin="2"/><net_sink comp="1549" pin=1"/></net>

<net id="1691"><net_src comp="1272" pin="2"/><net_sink comp="1549" pin=2"/></net>

<net id="1692"><net_src comp="1266" pin="2"/><net_sink comp="1549" pin=3"/></net>

<net id="1693"><net_src comp="1260" pin="2"/><net_sink comp="1549" pin=4"/></net>

<net id="1694"><net_src comp="1254" pin="2"/><net_sink comp="1549" pin=5"/></net>

<net id="1695"><net_src comp="1248" pin="2"/><net_sink comp="1549" pin=6"/></net>

<net id="1696"><net_src comp="1242" pin="2"/><net_sink comp="1549" pin=7"/></net>

<net id="1697"><net_src comp="1236" pin="2"/><net_sink comp="1549" pin=8"/></net>

<net id="1698"><net_src comp="1230" pin="2"/><net_sink comp="1549" pin=9"/></net>

<net id="1699"><net_src comp="1224" pin="2"/><net_sink comp="1549" pin=10"/></net>

<net id="1700"><net_src comp="1218" pin="2"/><net_sink comp="1549" pin=11"/></net>

<net id="1701"><net_src comp="1212" pin="2"/><net_sink comp="1549" pin=12"/></net>

<net id="1702"><net_src comp="1206" pin="2"/><net_sink comp="1549" pin=13"/></net>

<net id="1703"><net_src comp="1200" pin="2"/><net_sink comp="1549" pin=14"/></net>

<net id="1704"><net_src comp="1194" pin="2"/><net_sink comp="1549" pin=15"/></net>

<net id="1705"><net_src comp="1188" pin="2"/><net_sink comp="1549" pin=16"/></net>

<net id="1706"><net_src comp="1182" pin="2"/><net_sink comp="1549" pin=17"/></net>

<net id="1707"><net_src comp="1176" pin="2"/><net_sink comp="1549" pin=18"/></net>

<net id="1708"><net_src comp="1170" pin="2"/><net_sink comp="1549" pin=19"/></net>

<net id="1709"><net_src comp="1164" pin="2"/><net_sink comp="1549" pin=20"/></net>

<net id="1710"><net_src comp="1158" pin="2"/><net_sink comp="1549" pin=21"/></net>

<net id="1711"><net_src comp="1152" pin="2"/><net_sink comp="1549" pin=22"/></net>

<net id="1712"><net_src comp="1146" pin="2"/><net_sink comp="1549" pin=23"/></net>

<net id="1713"><net_src comp="1140" pin="2"/><net_sink comp="1549" pin=24"/></net>

<net id="1714"><net_src comp="1134" pin="2"/><net_sink comp="1549" pin=25"/></net>

<net id="1715"><net_src comp="1128" pin="2"/><net_sink comp="1549" pin=26"/></net>

<net id="1716"><net_src comp="1122" pin="2"/><net_sink comp="1549" pin=27"/></net>

<net id="1717"><net_src comp="1116" pin="2"/><net_sink comp="1549" pin=28"/></net>

<net id="1718"><net_src comp="1110" pin="2"/><net_sink comp="1549" pin=29"/></net>

<net id="1719"><net_src comp="1104" pin="2"/><net_sink comp="1549" pin=30"/></net>

<net id="1720"><net_src comp="1098" pin="2"/><net_sink comp="1549" pin=31"/></net>

<net id="1721"><net_src comp="1092" pin="2"/><net_sink comp="1549" pin=32"/></net>

<net id="1722"><net_src comp="1086" pin="2"/><net_sink comp="1549" pin=33"/></net>

<net id="1723"><net_src comp="1080" pin="2"/><net_sink comp="1549" pin=34"/></net>

<net id="1724"><net_src comp="1074" pin="2"/><net_sink comp="1549" pin=35"/></net>

<net id="1725"><net_src comp="1068" pin="2"/><net_sink comp="1549" pin=36"/></net>

<net id="1726"><net_src comp="1062" pin="2"/><net_sink comp="1549" pin=37"/></net>

<net id="1727"><net_src comp="1056" pin="2"/><net_sink comp="1549" pin=38"/></net>

<net id="1728"><net_src comp="1050" pin="2"/><net_sink comp="1549" pin=39"/></net>

<net id="1729"><net_src comp="1044" pin="2"/><net_sink comp="1549" pin=40"/></net>

<net id="1730"><net_src comp="1038" pin="2"/><net_sink comp="1549" pin=41"/></net>

<net id="1731"><net_src comp="1032" pin="2"/><net_sink comp="1549" pin=42"/></net>

<net id="1732"><net_src comp="1026" pin="2"/><net_sink comp="1549" pin=43"/></net>

<net id="1733"><net_src comp="1020" pin="2"/><net_sink comp="1549" pin=44"/></net>

<net id="1734"><net_src comp="1014" pin="2"/><net_sink comp="1549" pin=45"/></net>

<net id="1735"><net_src comp="1008" pin="2"/><net_sink comp="1549" pin=46"/></net>

<net id="1736"><net_src comp="1002" pin="2"/><net_sink comp="1549" pin=47"/></net>

<net id="1737"><net_src comp="996" pin="2"/><net_sink comp="1549" pin=48"/></net>

<net id="1738"><net_src comp="990" pin="2"/><net_sink comp="1549" pin=49"/></net>

<net id="1739"><net_src comp="984" pin="2"/><net_sink comp="1549" pin=50"/></net>

<net id="1740"><net_src comp="978" pin="2"/><net_sink comp="1549" pin=51"/></net>

<net id="1741"><net_src comp="972" pin="2"/><net_sink comp="1549" pin=52"/></net>

<net id="1742"><net_src comp="966" pin="2"/><net_sink comp="1549" pin=53"/></net>

<net id="1743"><net_src comp="960" pin="2"/><net_sink comp="1549" pin=54"/></net>

<net id="1744"><net_src comp="954" pin="2"/><net_sink comp="1549" pin=55"/></net>

<net id="1745"><net_src comp="948" pin="2"/><net_sink comp="1549" pin=56"/></net>

<net id="1746"><net_src comp="942" pin="2"/><net_sink comp="1549" pin=57"/></net>

<net id="1747"><net_src comp="936" pin="2"/><net_sink comp="1549" pin=58"/></net>

<net id="1748"><net_src comp="930" pin="2"/><net_sink comp="1549" pin=59"/></net>

<net id="1749"><net_src comp="924" pin="2"/><net_sink comp="1549" pin=60"/></net>

<net id="1750"><net_src comp="918" pin="2"/><net_sink comp="1549" pin=61"/></net>

<net id="1751"><net_src comp="912" pin="2"/><net_sink comp="1549" pin=62"/></net>

<net id="1752"><net_src comp="906" pin="2"/><net_sink comp="1549" pin=63"/></net>

<net id="1753"><net_src comp="900" pin="2"/><net_sink comp="1549" pin=64"/></net>

<net id="1754"><net_src comp="894" pin="2"/><net_sink comp="1549" pin=65"/></net>

<net id="1755"><net_src comp="888" pin="2"/><net_sink comp="1549" pin=66"/></net>

<net id="1756"><net_src comp="882" pin="2"/><net_sink comp="1549" pin=67"/></net>

<net id="1757"><net_src comp="876" pin="2"/><net_sink comp="1549" pin=68"/></net>

<net id="1758"><net_src comp="870" pin="2"/><net_sink comp="1549" pin=69"/></net>

<net id="1759"><net_src comp="864" pin="2"/><net_sink comp="1549" pin=70"/></net>

<net id="1760"><net_src comp="858" pin="2"/><net_sink comp="1549" pin=71"/></net>

<net id="1761"><net_src comp="852" pin="2"/><net_sink comp="1549" pin=72"/></net>

<net id="1762"><net_src comp="846" pin="2"/><net_sink comp="1549" pin=73"/></net>

<net id="1763"><net_src comp="840" pin="2"/><net_sink comp="1549" pin=74"/></net>

<net id="1764"><net_src comp="834" pin="2"/><net_sink comp="1549" pin=75"/></net>

<net id="1765"><net_src comp="828" pin="2"/><net_sink comp="1549" pin=76"/></net>

<net id="1766"><net_src comp="822" pin="2"/><net_sink comp="1549" pin=77"/></net>

<net id="1767"><net_src comp="816" pin="2"/><net_sink comp="1549" pin=78"/></net>

<net id="1768"><net_src comp="810" pin="2"/><net_sink comp="1549" pin=79"/></net>

<net id="1769"><net_src comp="804" pin="2"/><net_sink comp="1549" pin=80"/></net>

<net id="1770"><net_src comp="798" pin="2"/><net_sink comp="1549" pin=81"/></net>

<net id="1771"><net_src comp="792" pin="2"/><net_sink comp="1549" pin=82"/></net>

<net id="1772"><net_src comp="786" pin="2"/><net_sink comp="1549" pin=83"/></net>

<net id="1773"><net_src comp="780" pin="2"/><net_sink comp="1549" pin=84"/></net>

<net id="1774"><net_src comp="774" pin="2"/><net_sink comp="1549" pin=85"/></net>

<net id="1775"><net_src comp="768" pin="2"/><net_sink comp="1549" pin=86"/></net>

<net id="1776"><net_src comp="762" pin="2"/><net_sink comp="1549" pin=87"/></net>

<net id="1777"><net_src comp="756" pin="2"/><net_sink comp="1549" pin=88"/></net>

<net id="1778"><net_src comp="750" pin="2"/><net_sink comp="1549" pin=89"/></net>

<net id="1779"><net_src comp="744" pin="2"/><net_sink comp="1549" pin=90"/></net>

<net id="1780"><net_src comp="738" pin="2"/><net_sink comp="1549" pin=91"/></net>

<net id="1781"><net_src comp="732" pin="2"/><net_sink comp="1549" pin=92"/></net>

<net id="1782"><net_src comp="726" pin="2"/><net_sink comp="1549" pin=93"/></net>

<net id="1783"><net_src comp="720" pin="2"/><net_sink comp="1549" pin=94"/></net>

<net id="1784"><net_src comp="714" pin="2"/><net_sink comp="1549" pin=95"/></net>

<net id="1785"><net_src comp="708" pin="2"/><net_sink comp="1549" pin=96"/></net>

<net id="1786"><net_src comp="702" pin="2"/><net_sink comp="1549" pin=97"/></net>

<net id="1787"><net_src comp="696" pin="2"/><net_sink comp="1549" pin=98"/></net>

<net id="1788"><net_src comp="690" pin="2"/><net_sink comp="1549" pin=99"/></net>

<net id="1789"><net_src comp="684" pin="2"/><net_sink comp="1549" pin=100"/></net>

<net id="1790"><net_src comp="678" pin="2"/><net_sink comp="1549" pin=101"/></net>

<net id="1791"><net_src comp="672" pin="2"/><net_sink comp="1549" pin=102"/></net>

<net id="1792"><net_src comp="666" pin="2"/><net_sink comp="1549" pin=103"/></net>

<net id="1793"><net_src comp="660" pin="2"/><net_sink comp="1549" pin=104"/></net>

<net id="1794"><net_src comp="654" pin="2"/><net_sink comp="1549" pin=105"/></net>

<net id="1795"><net_src comp="648" pin="2"/><net_sink comp="1549" pin=106"/></net>

<net id="1796"><net_src comp="642" pin="2"/><net_sink comp="1549" pin=107"/></net>

<net id="1797"><net_src comp="636" pin="2"/><net_sink comp="1549" pin=108"/></net>

<net id="1798"><net_src comp="630" pin="2"/><net_sink comp="1549" pin=109"/></net>

<net id="1799"><net_src comp="624" pin="2"/><net_sink comp="1549" pin=110"/></net>

<net id="1800"><net_src comp="618" pin="2"/><net_sink comp="1549" pin=111"/></net>

<net id="1801"><net_src comp="612" pin="2"/><net_sink comp="1549" pin=112"/></net>

<net id="1802"><net_src comp="606" pin="2"/><net_sink comp="1549" pin=113"/></net>

<net id="1803"><net_src comp="600" pin="2"/><net_sink comp="1549" pin=114"/></net>

<net id="1804"><net_src comp="594" pin="2"/><net_sink comp="1549" pin=115"/></net>

<net id="1805"><net_src comp="588" pin="2"/><net_sink comp="1549" pin=116"/></net>

<net id="1806"><net_src comp="582" pin="2"/><net_sink comp="1549" pin=117"/></net>

<net id="1807"><net_src comp="576" pin="2"/><net_sink comp="1549" pin=118"/></net>

<net id="1808"><net_src comp="570" pin="2"/><net_sink comp="1549" pin=119"/></net>

<net id="1809"><net_src comp="564" pin="2"/><net_sink comp="1549" pin=120"/></net>

<net id="1810"><net_src comp="558" pin="2"/><net_sink comp="1549" pin=121"/></net>

<net id="1811"><net_src comp="552" pin="2"/><net_sink comp="1549" pin=122"/></net>

<net id="1812"><net_src comp="546" pin="2"/><net_sink comp="1549" pin=123"/></net>

<net id="1813"><net_src comp="540" pin="2"/><net_sink comp="1549" pin=124"/></net>

<net id="1814"><net_src comp="534" pin="2"/><net_sink comp="1549" pin=125"/></net>

<net id="1815"><net_src comp="528" pin="2"/><net_sink comp="1549" pin=126"/></net>

<net id="1816"><net_src comp="522" pin="2"/><net_sink comp="1549" pin=127"/></net>

<net id="1817"><net_src comp="516" pin="2"/><net_sink comp="1549" pin=128"/></net>

<net id="1818"><net_src comp="510" pin="2"/><net_sink comp="1549" pin=129"/></net>

<net id="1819"><net_src comp="504" pin="2"/><net_sink comp="1549" pin=130"/></net>

<net id="1820"><net_src comp="498" pin="2"/><net_sink comp="1549" pin=131"/></net>

<net id="1821"><net_src comp="492" pin="2"/><net_sink comp="1549" pin=132"/></net>

<net id="1822"><net_src comp="486" pin="2"/><net_sink comp="1549" pin=133"/></net>

<net id="1823"><net_src comp="480" pin="2"/><net_sink comp="1549" pin=134"/></net>

<net id="1824"><net_src comp="474" pin="2"/><net_sink comp="1549" pin=135"/></net>

<net id="1825"><net_src comp="468" pin="2"/><net_sink comp="1549" pin=136"/></net>

<net id="1826"><net_src comp="1528" pin="1"/><net_sink comp="1549" pin=137"/></net>

<net id="1967"><net_src comp="356" pin="0"/><net_sink comp="1827" pin=0"/></net>

<net id="1968"><net_src comp="1272" pin="2"/><net_sink comp="1827" pin=1"/></net>

<net id="1969"><net_src comp="1266" pin="2"/><net_sink comp="1827" pin=2"/></net>

<net id="1970"><net_src comp="1260" pin="2"/><net_sink comp="1827" pin=3"/></net>

<net id="1971"><net_src comp="1254" pin="2"/><net_sink comp="1827" pin=4"/></net>

<net id="1972"><net_src comp="1248" pin="2"/><net_sink comp="1827" pin=5"/></net>

<net id="1973"><net_src comp="1242" pin="2"/><net_sink comp="1827" pin=6"/></net>

<net id="1974"><net_src comp="1236" pin="2"/><net_sink comp="1827" pin=7"/></net>

<net id="1975"><net_src comp="1230" pin="2"/><net_sink comp="1827" pin=8"/></net>

<net id="1976"><net_src comp="1224" pin="2"/><net_sink comp="1827" pin=9"/></net>

<net id="1977"><net_src comp="1218" pin="2"/><net_sink comp="1827" pin=10"/></net>

<net id="1978"><net_src comp="1212" pin="2"/><net_sink comp="1827" pin=11"/></net>

<net id="1979"><net_src comp="1206" pin="2"/><net_sink comp="1827" pin=12"/></net>

<net id="1980"><net_src comp="1200" pin="2"/><net_sink comp="1827" pin=13"/></net>

<net id="1981"><net_src comp="1194" pin="2"/><net_sink comp="1827" pin=14"/></net>

<net id="1982"><net_src comp="1188" pin="2"/><net_sink comp="1827" pin=15"/></net>

<net id="1983"><net_src comp="1182" pin="2"/><net_sink comp="1827" pin=16"/></net>

<net id="1984"><net_src comp="1176" pin="2"/><net_sink comp="1827" pin=17"/></net>

<net id="1985"><net_src comp="1170" pin="2"/><net_sink comp="1827" pin=18"/></net>

<net id="1986"><net_src comp="1164" pin="2"/><net_sink comp="1827" pin=19"/></net>

<net id="1987"><net_src comp="1158" pin="2"/><net_sink comp="1827" pin=20"/></net>

<net id="1988"><net_src comp="1152" pin="2"/><net_sink comp="1827" pin=21"/></net>

<net id="1989"><net_src comp="1146" pin="2"/><net_sink comp="1827" pin=22"/></net>

<net id="1990"><net_src comp="1140" pin="2"/><net_sink comp="1827" pin=23"/></net>

<net id="1991"><net_src comp="1134" pin="2"/><net_sink comp="1827" pin=24"/></net>

<net id="1992"><net_src comp="1128" pin="2"/><net_sink comp="1827" pin=25"/></net>

<net id="1993"><net_src comp="1122" pin="2"/><net_sink comp="1827" pin=26"/></net>

<net id="1994"><net_src comp="1116" pin="2"/><net_sink comp="1827" pin=27"/></net>

<net id="1995"><net_src comp="1110" pin="2"/><net_sink comp="1827" pin=28"/></net>

<net id="1996"><net_src comp="1104" pin="2"/><net_sink comp="1827" pin=29"/></net>

<net id="1997"><net_src comp="1098" pin="2"/><net_sink comp="1827" pin=30"/></net>

<net id="1998"><net_src comp="1092" pin="2"/><net_sink comp="1827" pin=31"/></net>

<net id="1999"><net_src comp="1086" pin="2"/><net_sink comp="1827" pin=32"/></net>

<net id="2000"><net_src comp="1080" pin="2"/><net_sink comp="1827" pin=33"/></net>

<net id="2001"><net_src comp="1074" pin="2"/><net_sink comp="1827" pin=34"/></net>

<net id="2002"><net_src comp="1068" pin="2"/><net_sink comp="1827" pin=35"/></net>

<net id="2003"><net_src comp="1062" pin="2"/><net_sink comp="1827" pin=36"/></net>

<net id="2004"><net_src comp="1056" pin="2"/><net_sink comp="1827" pin=37"/></net>

<net id="2005"><net_src comp="1050" pin="2"/><net_sink comp="1827" pin=38"/></net>

<net id="2006"><net_src comp="1044" pin="2"/><net_sink comp="1827" pin=39"/></net>

<net id="2007"><net_src comp="1038" pin="2"/><net_sink comp="1827" pin=40"/></net>

<net id="2008"><net_src comp="1032" pin="2"/><net_sink comp="1827" pin=41"/></net>

<net id="2009"><net_src comp="1026" pin="2"/><net_sink comp="1827" pin=42"/></net>

<net id="2010"><net_src comp="1020" pin="2"/><net_sink comp="1827" pin=43"/></net>

<net id="2011"><net_src comp="1014" pin="2"/><net_sink comp="1827" pin=44"/></net>

<net id="2012"><net_src comp="1008" pin="2"/><net_sink comp="1827" pin=45"/></net>

<net id="2013"><net_src comp="1002" pin="2"/><net_sink comp="1827" pin=46"/></net>

<net id="2014"><net_src comp="996" pin="2"/><net_sink comp="1827" pin=47"/></net>

<net id="2015"><net_src comp="990" pin="2"/><net_sink comp="1827" pin=48"/></net>

<net id="2016"><net_src comp="984" pin="2"/><net_sink comp="1827" pin=49"/></net>

<net id="2017"><net_src comp="978" pin="2"/><net_sink comp="1827" pin=50"/></net>

<net id="2018"><net_src comp="972" pin="2"/><net_sink comp="1827" pin=51"/></net>

<net id="2019"><net_src comp="966" pin="2"/><net_sink comp="1827" pin=52"/></net>

<net id="2020"><net_src comp="960" pin="2"/><net_sink comp="1827" pin=53"/></net>

<net id="2021"><net_src comp="954" pin="2"/><net_sink comp="1827" pin=54"/></net>

<net id="2022"><net_src comp="948" pin="2"/><net_sink comp="1827" pin=55"/></net>

<net id="2023"><net_src comp="942" pin="2"/><net_sink comp="1827" pin=56"/></net>

<net id="2024"><net_src comp="936" pin="2"/><net_sink comp="1827" pin=57"/></net>

<net id="2025"><net_src comp="930" pin="2"/><net_sink comp="1827" pin=58"/></net>

<net id="2026"><net_src comp="924" pin="2"/><net_sink comp="1827" pin=59"/></net>

<net id="2027"><net_src comp="918" pin="2"/><net_sink comp="1827" pin=60"/></net>

<net id="2028"><net_src comp="912" pin="2"/><net_sink comp="1827" pin=61"/></net>

<net id="2029"><net_src comp="906" pin="2"/><net_sink comp="1827" pin=62"/></net>

<net id="2030"><net_src comp="900" pin="2"/><net_sink comp="1827" pin=63"/></net>

<net id="2031"><net_src comp="894" pin="2"/><net_sink comp="1827" pin=64"/></net>

<net id="2032"><net_src comp="888" pin="2"/><net_sink comp="1827" pin=65"/></net>

<net id="2033"><net_src comp="882" pin="2"/><net_sink comp="1827" pin=66"/></net>

<net id="2034"><net_src comp="876" pin="2"/><net_sink comp="1827" pin=67"/></net>

<net id="2035"><net_src comp="870" pin="2"/><net_sink comp="1827" pin=68"/></net>

<net id="2036"><net_src comp="864" pin="2"/><net_sink comp="1827" pin=69"/></net>

<net id="2037"><net_src comp="858" pin="2"/><net_sink comp="1827" pin=70"/></net>

<net id="2038"><net_src comp="852" pin="2"/><net_sink comp="1827" pin=71"/></net>

<net id="2039"><net_src comp="846" pin="2"/><net_sink comp="1827" pin=72"/></net>

<net id="2040"><net_src comp="840" pin="2"/><net_sink comp="1827" pin=73"/></net>

<net id="2041"><net_src comp="834" pin="2"/><net_sink comp="1827" pin=74"/></net>

<net id="2042"><net_src comp="828" pin="2"/><net_sink comp="1827" pin=75"/></net>

<net id="2043"><net_src comp="822" pin="2"/><net_sink comp="1827" pin=76"/></net>

<net id="2044"><net_src comp="816" pin="2"/><net_sink comp="1827" pin=77"/></net>

<net id="2045"><net_src comp="810" pin="2"/><net_sink comp="1827" pin=78"/></net>

<net id="2046"><net_src comp="804" pin="2"/><net_sink comp="1827" pin=79"/></net>

<net id="2047"><net_src comp="798" pin="2"/><net_sink comp="1827" pin=80"/></net>

<net id="2048"><net_src comp="792" pin="2"/><net_sink comp="1827" pin=81"/></net>

<net id="2049"><net_src comp="786" pin="2"/><net_sink comp="1827" pin=82"/></net>

<net id="2050"><net_src comp="780" pin="2"/><net_sink comp="1827" pin=83"/></net>

<net id="2051"><net_src comp="774" pin="2"/><net_sink comp="1827" pin=84"/></net>

<net id="2052"><net_src comp="768" pin="2"/><net_sink comp="1827" pin=85"/></net>

<net id="2053"><net_src comp="762" pin="2"/><net_sink comp="1827" pin=86"/></net>

<net id="2054"><net_src comp="756" pin="2"/><net_sink comp="1827" pin=87"/></net>

<net id="2055"><net_src comp="750" pin="2"/><net_sink comp="1827" pin=88"/></net>

<net id="2056"><net_src comp="744" pin="2"/><net_sink comp="1827" pin=89"/></net>

<net id="2057"><net_src comp="738" pin="2"/><net_sink comp="1827" pin=90"/></net>

<net id="2058"><net_src comp="732" pin="2"/><net_sink comp="1827" pin=91"/></net>

<net id="2059"><net_src comp="726" pin="2"/><net_sink comp="1827" pin=92"/></net>

<net id="2060"><net_src comp="720" pin="2"/><net_sink comp="1827" pin=93"/></net>

<net id="2061"><net_src comp="714" pin="2"/><net_sink comp="1827" pin=94"/></net>

<net id="2062"><net_src comp="708" pin="2"/><net_sink comp="1827" pin=95"/></net>

<net id="2063"><net_src comp="702" pin="2"/><net_sink comp="1827" pin=96"/></net>

<net id="2064"><net_src comp="696" pin="2"/><net_sink comp="1827" pin=97"/></net>

<net id="2065"><net_src comp="690" pin="2"/><net_sink comp="1827" pin=98"/></net>

<net id="2066"><net_src comp="684" pin="2"/><net_sink comp="1827" pin=99"/></net>

<net id="2067"><net_src comp="678" pin="2"/><net_sink comp="1827" pin=100"/></net>

<net id="2068"><net_src comp="672" pin="2"/><net_sink comp="1827" pin=101"/></net>

<net id="2069"><net_src comp="666" pin="2"/><net_sink comp="1827" pin=102"/></net>

<net id="2070"><net_src comp="660" pin="2"/><net_sink comp="1827" pin=103"/></net>

<net id="2071"><net_src comp="654" pin="2"/><net_sink comp="1827" pin=104"/></net>

<net id="2072"><net_src comp="648" pin="2"/><net_sink comp="1827" pin=105"/></net>

<net id="2073"><net_src comp="642" pin="2"/><net_sink comp="1827" pin=106"/></net>

<net id="2074"><net_src comp="636" pin="2"/><net_sink comp="1827" pin=107"/></net>

<net id="2075"><net_src comp="630" pin="2"/><net_sink comp="1827" pin=108"/></net>

<net id="2076"><net_src comp="624" pin="2"/><net_sink comp="1827" pin=109"/></net>

<net id="2077"><net_src comp="618" pin="2"/><net_sink comp="1827" pin=110"/></net>

<net id="2078"><net_src comp="612" pin="2"/><net_sink comp="1827" pin=111"/></net>

<net id="2079"><net_src comp="606" pin="2"/><net_sink comp="1827" pin=112"/></net>

<net id="2080"><net_src comp="600" pin="2"/><net_sink comp="1827" pin=113"/></net>

<net id="2081"><net_src comp="594" pin="2"/><net_sink comp="1827" pin=114"/></net>

<net id="2082"><net_src comp="588" pin="2"/><net_sink comp="1827" pin=115"/></net>

<net id="2083"><net_src comp="582" pin="2"/><net_sink comp="1827" pin=116"/></net>

<net id="2084"><net_src comp="576" pin="2"/><net_sink comp="1827" pin=117"/></net>

<net id="2085"><net_src comp="570" pin="2"/><net_sink comp="1827" pin=118"/></net>

<net id="2086"><net_src comp="564" pin="2"/><net_sink comp="1827" pin=119"/></net>

<net id="2087"><net_src comp="558" pin="2"/><net_sink comp="1827" pin=120"/></net>

<net id="2088"><net_src comp="552" pin="2"/><net_sink comp="1827" pin=121"/></net>

<net id="2089"><net_src comp="546" pin="2"/><net_sink comp="1827" pin=122"/></net>

<net id="2090"><net_src comp="540" pin="2"/><net_sink comp="1827" pin=123"/></net>

<net id="2091"><net_src comp="534" pin="2"/><net_sink comp="1827" pin=124"/></net>

<net id="2092"><net_src comp="528" pin="2"/><net_sink comp="1827" pin=125"/></net>

<net id="2093"><net_src comp="522" pin="2"/><net_sink comp="1827" pin=126"/></net>

<net id="2094"><net_src comp="516" pin="2"/><net_sink comp="1827" pin=127"/></net>

<net id="2095"><net_src comp="510" pin="2"/><net_sink comp="1827" pin=128"/></net>

<net id="2096"><net_src comp="504" pin="2"/><net_sink comp="1827" pin=129"/></net>

<net id="2097"><net_src comp="498" pin="2"/><net_sink comp="1827" pin=130"/></net>

<net id="2098"><net_src comp="492" pin="2"/><net_sink comp="1827" pin=131"/></net>

<net id="2099"><net_src comp="486" pin="2"/><net_sink comp="1827" pin=132"/></net>

<net id="2100"><net_src comp="480" pin="2"/><net_sink comp="1827" pin=133"/></net>

<net id="2101"><net_src comp="474" pin="2"/><net_sink comp="1827" pin=134"/></net>

<net id="2102"><net_src comp="468" pin="2"/><net_sink comp="1827" pin=135"/></net>

<net id="2103"><net_src comp="462" pin="2"/><net_sink comp="1827" pin=136"/></net>

<net id="2104"><net_src comp="1528" pin="1"/><net_sink comp="1827" pin=137"/></net>

<net id="2245"><net_src comp="356" pin="0"/><net_sink comp="2105" pin=0"/></net>

<net id="2246"><net_src comp="1266" pin="2"/><net_sink comp="2105" pin=1"/></net>

<net id="2247"><net_src comp="1260" pin="2"/><net_sink comp="2105" pin=2"/></net>

<net id="2248"><net_src comp="1254" pin="2"/><net_sink comp="2105" pin=3"/></net>

<net id="2249"><net_src comp="1248" pin="2"/><net_sink comp="2105" pin=4"/></net>

<net id="2250"><net_src comp="1242" pin="2"/><net_sink comp="2105" pin=5"/></net>

<net id="2251"><net_src comp="1236" pin="2"/><net_sink comp="2105" pin=6"/></net>

<net id="2252"><net_src comp="1230" pin="2"/><net_sink comp="2105" pin=7"/></net>

<net id="2253"><net_src comp="1224" pin="2"/><net_sink comp="2105" pin=8"/></net>

<net id="2254"><net_src comp="1218" pin="2"/><net_sink comp="2105" pin=9"/></net>

<net id="2255"><net_src comp="1212" pin="2"/><net_sink comp="2105" pin=10"/></net>

<net id="2256"><net_src comp="1206" pin="2"/><net_sink comp="2105" pin=11"/></net>

<net id="2257"><net_src comp="1200" pin="2"/><net_sink comp="2105" pin=12"/></net>

<net id="2258"><net_src comp="1194" pin="2"/><net_sink comp="2105" pin=13"/></net>

<net id="2259"><net_src comp="1188" pin="2"/><net_sink comp="2105" pin=14"/></net>

<net id="2260"><net_src comp="1182" pin="2"/><net_sink comp="2105" pin=15"/></net>

<net id="2261"><net_src comp="1176" pin="2"/><net_sink comp="2105" pin=16"/></net>

<net id="2262"><net_src comp="1170" pin="2"/><net_sink comp="2105" pin=17"/></net>

<net id="2263"><net_src comp="1164" pin="2"/><net_sink comp="2105" pin=18"/></net>

<net id="2264"><net_src comp="1158" pin="2"/><net_sink comp="2105" pin=19"/></net>

<net id="2265"><net_src comp="1152" pin="2"/><net_sink comp="2105" pin=20"/></net>

<net id="2266"><net_src comp="1146" pin="2"/><net_sink comp="2105" pin=21"/></net>

<net id="2267"><net_src comp="1140" pin="2"/><net_sink comp="2105" pin=22"/></net>

<net id="2268"><net_src comp="1134" pin="2"/><net_sink comp="2105" pin=23"/></net>

<net id="2269"><net_src comp="1128" pin="2"/><net_sink comp="2105" pin=24"/></net>

<net id="2270"><net_src comp="1122" pin="2"/><net_sink comp="2105" pin=25"/></net>

<net id="2271"><net_src comp="1116" pin="2"/><net_sink comp="2105" pin=26"/></net>

<net id="2272"><net_src comp="1110" pin="2"/><net_sink comp="2105" pin=27"/></net>

<net id="2273"><net_src comp="1104" pin="2"/><net_sink comp="2105" pin=28"/></net>

<net id="2274"><net_src comp="1098" pin="2"/><net_sink comp="2105" pin=29"/></net>

<net id="2275"><net_src comp="1092" pin="2"/><net_sink comp="2105" pin=30"/></net>

<net id="2276"><net_src comp="1086" pin="2"/><net_sink comp="2105" pin=31"/></net>

<net id="2277"><net_src comp="1080" pin="2"/><net_sink comp="2105" pin=32"/></net>

<net id="2278"><net_src comp="1074" pin="2"/><net_sink comp="2105" pin=33"/></net>

<net id="2279"><net_src comp="1068" pin="2"/><net_sink comp="2105" pin=34"/></net>

<net id="2280"><net_src comp="1062" pin="2"/><net_sink comp="2105" pin=35"/></net>

<net id="2281"><net_src comp="1056" pin="2"/><net_sink comp="2105" pin=36"/></net>

<net id="2282"><net_src comp="1050" pin="2"/><net_sink comp="2105" pin=37"/></net>

<net id="2283"><net_src comp="1044" pin="2"/><net_sink comp="2105" pin=38"/></net>

<net id="2284"><net_src comp="1038" pin="2"/><net_sink comp="2105" pin=39"/></net>

<net id="2285"><net_src comp="1032" pin="2"/><net_sink comp="2105" pin=40"/></net>

<net id="2286"><net_src comp="1026" pin="2"/><net_sink comp="2105" pin=41"/></net>

<net id="2287"><net_src comp="1020" pin="2"/><net_sink comp="2105" pin=42"/></net>

<net id="2288"><net_src comp="1014" pin="2"/><net_sink comp="2105" pin=43"/></net>

<net id="2289"><net_src comp="1008" pin="2"/><net_sink comp="2105" pin=44"/></net>

<net id="2290"><net_src comp="1002" pin="2"/><net_sink comp="2105" pin=45"/></net>

<net id="2291"><net_src comp="996" pin="2"/><net_sink comp="2105" pin=46"/></net>

<net id="2292"><net_src comp="990" pin="2"/><net_sink comp="2105" pin=47"/></net>

<net id="2293"><net_src comp="984" pin="2"/><net_sink comp="2105" pin=48"/></net>

<net id="2294"><net_src comp="978" pin="2"/><net_sink comp="2105" pin=49"/></net>

<net id="2295"><net_src comp="972" pin="2"/><net_sink comp="2105" pin=50"/></net>

<net id="2296"><net_src comp="966" pin="2"/><net_sink comp="2105" pin=51"/></net>

<net id="2297"><net_src comp="960" pin="2"/><net_sink comp="2105" pin=52"/></net>

<net id="2298"><net_src comp="954" pin="2"/><net_sink comp="2105" pin=53"/></net>

<net id="2299"><net_src comp="948" pin="2"/><net_sink comp="2105" pin=54"/></net>

<net id="2300"><net_src comp="942" pin="2"/><net_sink comp="2105" pin=55"/></net>

<net id="2301"><net_src comp="936" pin="2"/><net_sink comp="2105" pin=56"/></net>

<net id="2302"><net_src comp="930" pin="2"/><net_sink comp="2105" pin=57"/></net>

<net id="2303"><net_src comp="924" pin="2"/><net_sink comp="2105" pin=58"/></net>

<net id="2304"><net_src comp="918" pin="2"/><net_sink comp="2105" pin=59"/></net>

<net id="2305"><net_src comp="912" pin="2"/><net_sink comp="2105" pin=60"/></net>

<net id="2306"><net_src comp="906" pin="2"/><net_sink comp="2105" pin=61"/></net>

<net id="2307"><net_src comp="900" pin="2"/><net_sink comp="2105" pin=62"/></net>

<net id="2308"><net_src comp="894" pin="2"/><net_sink comp="2105" pin=63"/></net>

<net id="2309"><net_src comp="888" pin="2"/><net_sink comp="2105" pin=64"/></net>

<net id="2310"><net_src comp="882" pin="2"/><net_sink comp="2105" pin=65"/></net>

<net id="2311"><net_src comp="876" pin="2"/><net_sink comp="2105" pin=66"/></net>

<net id="2312"><net_src comp="870" pin="2"/><net_sink comp="2105" pin=67"/></net>

<net id="2313"><net_src comp="864" pin="2"/><net_sink comp="2105" pin=68"/></net>

<net id="2314"><net_src comp="858" pin="2"/><net_sink comp="2105" pin=69"/></net>

<net id="2315"><net_src comp="852" pin="2"/><net_sink comp="2105" pin=70"/></net>

<net id="2316"><net_src comp="846" pin="2"/><net_sink comp="2105" pin=71"/></net>

<net id="2317"><net_src comp="840" pin="2"/><net_sink comp="2105" pin=72"/></net>

<net id="2318"><net_src comp="834" pin="2"/><net_sink comp="2105" pin=73"/></net>

<net id="2319"><net_src comp="828" pin="2"/><net_sink comp="2105" pin=74"/></net>

<net id="2320"><net_src comp="822" pin="2"/><net_sink comp="2105" pin=75"/></net>

<net id="2321"><net_src comp="816" pin="2"/><net_sink comp="2105" pin=76"/></net>

<net id="2322"><net_src comp="810" pin="2"/><net_sink comp="2105" pin=77"/></net>

<net id="2323"><net_src comp="804" pin="2"/><net_sink comp="2105" pin=78"/></net>

<net id="2324"><net_src comp="798" pin="2"/><net_sink comp="2105" pin=79"/></net>

<net id="2325"><net_src comp="792" pin="2"/><net_sink comp="2105" pin=80"/></net>

<net id="2326"><net_src comp="786" pin="2"/><net_sink comp="2105" pin=81"/></net>

<net id="2327"><net_src comp="780" pin="2"/><net_sink comp="2105" pin=82"/></net>

<net id="2328"><net_src comp="774" pin="2"/><net_sink comp="2105" pin=83"/></net>

<net id="2329"><net_src comp="768" pin="2"/><net_sink comp="2105" pin=84"/></net>

<net id="2330"><net_src comp="762" pin="2"/><net_sink comp="2105" pin=85"/></net>

<net id="2331"><net_src comp="756" pin="2"/><net_sink comp="2105" pin=86"/></net>

<net id="2332"><net_src comp="750" pin="2"/><net_sink comp="2105" pin=87"/></net>

<net id="2333"><net_src comp="744" pin="2"/><net_sink comp="2105" pin=88"/></net>

<net id="2334"><net_src comp="738" pin="2"/><net_sink comp="2105" pin=89"/></net>

<net id="2335"><net_src comp="732" pin="2"/><net_sink comp="2105" pin=90"/></net>

<net id="2336"><net_src comp="726" pin="2"/><net_sink comp="2105" pin=91"/></net>

<net id="2337"><net_src comp="720" pin="2"/><net_sink comp="2105" pin=92"/></net>

<net id="2338"><net_src comp="714" pin="2"/><net_sink comp="2105" pin=93"/></net>

<net id="2339"><net_src comp="708" pin="2"/><net_sink comp="2105" pin=94"/></net>

<net id="2340"><net_src comp="702" pin="2"/><net_sink comp="2105" pin=95"/></net>

<net id="2341"><net_src comp="696" pin="2"/><net_sink comp="2105" pin=96"/></net>

<net id="2342"><net_src comp="690" pin="2"/><net_sink comp="2105" pin=97"/></net>

<net id="2343"><net_src comp="684" pin="2"/><net_sink comp="2105" pin=98"/></net>

<net id="2344"><net_src comp="678" pin="2"/><net_sink comp="2105" pin=99"/></net>

<net id="2345"><net_src comp="672" pin="2"/><net_sink comp="2105" pin=100"/></net>

<net id="2346"><net_src comp="666" pin="2"/><net_sink comp="2105" pin=101"/></net>

<net id="2347"><net_src comp="660" pin="2"/><net_sink comp="2105" pin=102"/></net>

<net id="2348"><net_src comp="654" pin="2"/><net_sink comp="2105" pin=103"/></net>

<net id="2349"><net_src comp="648" pin="2"/><net_sink comp="2105" pin=104"/></net>

<net id="2350"><net_src comp="642" pin="2"/><net_sink comp="2105" pin=105"/></net>

<net id="2351"><net_src comp="636" pin="2"/><net_sink comp="2105" pin=106"/></net>

<net id="2352"><net_src comp="630" pin="2"/><net_sink comp="2105" pin=107"/></net>

<net id="2353"><net_src comp="624" pin="2"/><net_sink comp="2105" pin=108"/></net>

<net id="2354"><net_src comp="618" pin="2"/><net_sink comp="2105" pin=109"/></net>

<net id="2355"><net_src comp="612" pin="2"/><net_sink comp="2105" pin=110"/></net>

<net id="2356"><net_src comp="606" pin="2"/><net_sink comp="2105" pin=111"/></net>

<net id="2357"><net_src comp="600" pin="2"/><net_sink comp="2105" pin=112"/></net>

<net id="2358"><net_src comp="594" pin="2"/><net_sink comp="2105" pin=113"/></net>

<net id="2359"><net_src comp="588" pin="2"/><net_sink comp="2105" pin=114"/></net>

<net id="2360"><net_src comp="582" pin="2"/><net_sink comp="2105" pin=115"/></net>

<net id="2361"><net_src comp="576" pin="2"/><net_sink comp="2105" pin=116"/></net>

<net id="2362"><net_src comp="570" pin="2"/><net_sink comp="2105" pin=117"/></net>

<net id="2363"><net_src comp="564" pin="2"/><net_sink comp="2105" pin=118"/></net>

<net id="2364"><net_src comp="558" pin="2"/><net_sink comp="2105" pin=119"/></net>

<net id="2365"><net_src comp="552" pin="2"/><net_sink comp="2105" pin=120"/></net>

<net id="2366"><net_src comp="546" pin="2"/><net_sink comp="2105" pin=121"/></net>

<net id="2367"><net_src comp="540" pin="2"/><net_sink comp="2105" pin=122"/></net>

<net id="2368"><net_src comp="534" pin="2"/><net_sink comp="2105" pin=123"/></net>

<net id="2369"><net_src comp="528" pin="2"/><net_sink comp="2105" pin=124"/></net>

<net id="2370"><net_src comp="522" pin="2"/><net_sink comp="2105" pin=125"/></net>

<net id="2371"><net_src comp="516" pin="2"/><net_sink comp="2105" pin=126"/></net>

<net id="2372"><net_src comp="510" pin="2"/><net_sink comp="2105" pin=127"/></net>

<net id="2373"><net_src comp="504" pin="2"/><net_sink comp="2105" pin=128"/></net>

<net id="2374"><net_src comp="498" pin="2"/><net_sink comp="2105" pin=129"/></net>

<net id="2375"><net_src comp="492" pin="2"/><net_sink comp="2105" pin=130"/></net>

<net id="2376"><net_src comp="486" pin="2"/><net_sink comp="2105" pin=131"/></net>

<net id="2377"><net_src comp="480" pin="2"/><net_sink comp="2105" pin=132"/></net>

<net id="2378"><net_src comp="474" pin="2"/><net_sink comp="2105" pin=133"/></net>

<net id="2379"><net_src comp="468" pin="2"/><net_sink comp="2105" pin=134"/></net>

<net id="2380"><net_src comp="462" pin="2"/><net_sink comp="2105" pin=135"/></net>

<net id="2381"><net_src comp="456" pin="2"/><net_sink comp="2105" pin=136"/></net>

<net id="2382"><net_src comp="1528" pin="1"/><net_sink comp="2105" pin=137"/></net>

<net id="2523"><net_src comp="356" pin="0"/><net_sink comp="2383" pin=0"/></net>

<net id="2524"><net_src comp="1260" pin="2"/><net_sink comp="2383" pin=1"/></net>

<net id="2525"><net_src comp="1254" pin="2"/><net_sink comp="2383" pin=2"/></net>

<net id="2526"><net_src comp="1248" pin="2"/><net_sink comp="2383" pin=3"/></net>

<net id="2527"><net_src comp="1242" pin="2"/><net_sink comp="2383" pin=4"/></net>

<net id="2528"><net_src comp="1236" pin="2"/><net_sink comp="2383" pin=5"/></net>

<net id="2529"><net_src comp="1230" pin="2"/><net_sink comp="2383" pin=6"/></net>

<net id="2530"><net_src comp="1224" pin="2"/><net_sink comp="2383" pin=7"/></net>

<net id="2531"><net_src comp="1218" pin="2"/><net_sink comp="2383" pin=8"/></net>

<net id="2532"><net_src comp="1212" pin="2"/><net_sink comp="2383" pin=9"/></net>

<net id="2533"><net_src comp="1206" pin="2"/><net_sink comp="2383" pin=10"/></net>

<net id="2534"><net_src comp="1200" pin="2"/><net_sink comp="2383" pin=11"/></net>

<net id="2535"><net_src comp="1194" pin="2"/><net_sink comp="2383" pin=12"/></net>

<net id="2536"><net_src comp="1188" pin="2"/><net_sink comp="2383" pin=13"/></net>

<net id="2537"><net_src comp="1182" pin="2"/><net_sink comp="2383" pin=14"/></net>

<net id="2538"><net_src comp="1176" pin="2"/><net_sink comp="2383" pin=15"/></net>

<net id="2539"><net_src comp="1170" pin="2"/><net_sink comp="2383" pin=16"/></net>

<net id="2540"><net_src comp="1164" pin="2"/><net_sink comp="2383" pin=17"/></net>

<net id="2541"><net_src comp="1158" pin="2"/><net_sink comp="2383" pin=18"/></net>

<net id="2542"><net_src comp="1152" pin="2"/><net_sink comp="2383" pin=19"/></net>

<net id="2543"><net_src comp="1146" pin="2"/><net_sink comp="2383" pin=20"/></net>

<net id="2544"><net_src comp="1140" pin="2"/><net_sink comp="2383" pin=21"/></net>

<net id="2545"><net_src comp="1134" pin="2"/><net_sink comp="2383" pin=22"/></net>

<net id="2546"><net_src comp="1128" pin="2"/><net_sink comp="2383" pin=23"/></net>

<net id="2547"><net_src comp="1122" pin="2"/><net_sink comp="2383" pin=24"/></net>

<net id="2548"><net_src comp="1116" pin="2"/><net_sink comp="2383" pin=25"/></net>

<net id="2549"><net_src comp="1110" pin="2"/><net_sink comp="2383" pin=26"/></net>

<net id="2550"><net_src comp="1104" pin="2"/><net_sink comp="2383" pin=27"/></net>

<net id="2551"><net_src comp="1098" pin="2"/><net_sink comp="2383" pin=28"/></net>

<net id="2552"><net_src comp="1092" pin="2"/><net_sink comp="2383" pin=29"/></net>

<net id="2553"><net_src comp="1086" pin="2"/><net_sink comp="2383" pin=30"/></net>

<net id="2554"><net_src comp="1080" pin="2"/><net_sink comp="2383" pin=31"/></net>

<net id="2555"><net_src comp="1074" pin="2"/><net_sink comp="2383" pin=32"/></net>

<net id="2556"><net_src comp="1068" pin="2"/><net_sink comp="2383" pin=33"/></net>

<net id="2557"><net_src comp="1062" pin="2"/><net_sink comp="2383" pin=34"/></net>

<net id="2558"><net_src comp="1056" pin="2"/><net_sink comp="2383" pin=35"/></net>

<net id="2559"><net_src comp="1050" pin="2"/><net_sink comp="2383" pin=36"/></net>

<net id="2560"><net_src comp="1044" pin="2"/><net_sink comp="2383" pin=37"/></net>

<net id="2561"><net_src comp="1038" pin="2"/><net_sink comp="2383" pin=38"/></net>

<net id="2562"><net_src comp="1032" pin="2"/><net_sink comp="2383" pin=39"/></net>

<net id="2563"><net_src comp="1026" pin="2"/><net_sink comp="2383" pin=40"/></net>

<net id="2564"><net_src comp="1020" pin="2"/><net_sink comp="2383" pin=41"/></net>

<net id="2565"><net_src comp="1014" pin="2"/><net_sink comp="2383" pin=42"/></net>

<net id="2566"><net_src comp="1008" pin="2"/><net_sink comp="2383" pin=43"/></net>

<net id="2567"><net_src comp="1002" pin="2"/><net_sink comp="2383" pin=44"/></net>

<net id="2568"><net_src comp="996" pin="2"/><net_sink comp="2383" pin=45"/></net>

<net id="2569"><net_src comp="990" pin="2"/><net_sink comp="2383" pin=46"/></net>

<net id="2570"><net_src comp="984" pin="2"/><net_sink comp="2383" pin=47"/></net>

<net id="2571"><net_src comp="978" pin="2"/><net_sink comp="2383" pin=48"/></net>

<net id="2572"><net_src comp="972" pin="2"/><net_sink comp="2383" pin=49"/></net>

<net id="2573"><net_src comp="966" pin="2"/><net_sink comp="2383" pin=50"/></net>

<net id="2574"><net_src comp="960" pin="2"/><net_sink comp="2383" pin=51"/></net>

<net id="2575"><net_src comp="954" pin="2"/><net_sink comp="2383" pin=52"/></net>

<net id="2576"><net_src comp="948" pin="2"/><net_sink comp="2383" pin=53"/></net>

<net id="2577"><net_src comp="942" pin="2"/><net_sink comp="2383" pin=54"/></net>

<net id="2578"><net_src comp="936" pin="2"/><net_sink comp="2383" pin=55"/></net>

<net id="2579"><net_src comp="930" pin="2"/><net_sink comp="2383" pin=56"/></net>

<net id="2580"><net_src comp="924" pin="2"/><net_sink comp="2383" pin=57"/></net>

<net id="2581"><net_src comp="918" pin="2"/><net_sink comp="2383" pin=58"/></net>

<net id="2582"><net_src comp="912" pin="2"/><net_sink comp="2383" pin=59"/></net>

<net id="2583"><net_src comp="906" pin="2"/><net_sink comp="2383" pin=60"/></net>

<net id="2584"><net_src comp="900" pin="2"/><net_sink comp="2383" pin=61"/></net>

<net id="2585"><net_src comp="894" pin="2"/><net_sink comp="2383" pin=62"/></net>

<net id="2586"><net_src comp="888" pin="2"/><net_sink comp="2383" pin=63"/></net>

<net id="2587"><net_src comp="882" pin="2"/><net_sink comp="2383" pin=64"/></net>

<net id="2588"><net_src comp="876" pin="2"/><net_sink comp="2383" pin=65"/></net>

<net id="2589"><net_src comp="870" pin="2"/><net_sink comp="2383" pin=66"/></net>

<net id="2590"><net_src comp="864" pin="2"/><net_sink comp="2383" pin=67"/></net>

<net id="2591"><net_src comp="858" pin="2"/><net_sink comp="2383" pin=68"/></net>

<net id="2592"><net_src comp="852" pin="2"/><net_sink comp="2383" pin=69"/></net>

<net id="2593"><net_src comp="846" pin="2"/><net_sink comp="2383" pin=70"/></net>

<net id="2594"><net_src comp="840" pin="2"/><net_sink comp="2383" pin=71"/></net>

<net id="2595"><net_src comp="834" pin="2"/><net_sink comp="2383" pin=72"/></net>

<net id="2596"><net_src comp="828" pin="2"/><net_sink comp="2383" pin=73"/></net>

<net id="2597"><net_src comp="822" pin="2"/><net_sink comp="2383" pin=74"/></net>

<net id="2598"><net_src comp="816" pin="2"/><net_sink comp="2383" pin=75"/></net>

<net id="2599"><net_src comp="810" pin="2"/><net_sink comp="2383" pin=76"/></net>

<net id="2600"><net_src comp="804" pin="2"/><net_sink comp="2383" pin=77"/></net>

<net id="2601"><net_src comp="798" pin="2"/><net_sink comp="2383" pin=78"/></net>

<net id="2602"><net_src comp="792" pin="2"/><net_sink comp="2383" pin=79"/></net>

<net id="2603"><net_src comp="786" pin="2"/><net_sink comp="2383" pin=80"/></net>

<net id="2604"><net_src comp="780" pin="2"/><net_sink comp="2383" pin=81"/></net>

<net id="2605"><net_src comp="774" pin="2"/><net_sink comp="2383" pin=82"/></net>

<net id="2606"><net_src comp="768" pin="2"/><net_sink comp="2383" pin=83"/></net>

<net id="2607"><net_src comp="762" pin="2"/><net_sink comp="2383" pin=84"/></net>

<net id="2608"><net_src comp="756" pin="2"/><net_sink comp="2383" pin=85"/></net>

<net id="2609"><net_src comp="750" pin="2"/><net_sink comp="2383" pin=86"/></net>

<net id="2610"><net_src comp="744" pin="2"/><net_sink comp="2383" pin=87"/></net>

<net id="2611"><net_src comp="738" pin="2"/><net_sink comp="2383" pin=88"/></net>

<net id="2612"><net_src comp="732" pin="2"/><net_sink comp="2383" pin=89"/></net>

<net id="2613"><net_src comp="726" pin="2"/><net_sink comp="2383" pin=90"/></net>

<net id="2614"><net_src comp="720" pin="2"/><net_sink comp="2383" pin=91"/></net>

<net id="2615"><net_src comp="714" pin="2"/><net_sink comp="2383" pin=92"/></net>

<net id="2616"><net_src comp="708" pin="2"/><net_sink comp="2383" pin=93"/></net>

<net id="2617"><net_src comp="702" pin="2"/><net_sink comp="2383" pin=94"/></net>

<net id="2618"><net_src comp="696" pin="2"/><net_sink comp="2383" pin=95"/></net>

<net id="2619"><net_src comp="690" pin="2"/><net_sink comp="2383" pin=96"/></net>

<net id="2620"><net_src comp="684" pin="2"/><net_sink comp="2383" pin=97"/></net>

<net id="2621"><net_src comp="678" pin="2"/><net_sink comp="2383" pin=98"/></net>

<net id="2622"><net_src comp="672" pin="2"/><net_sink comp="2383" pin=99"/></net>

<net id="2623"><net_src comp="666" pin="2"/><net_sink comp="2383" pin=100"/></net>

<net id="2624"><net_src comp="660" pin="2"/><net_sink comp="2383" pin=101"/></net>

<net id="2625"><net_src comp="654" pin="2"/><net_sink comp="2383" pin=102"/></net>

<net id="2626"><net_src comp="648" pin="2"/><net_sink comp="2383" pin=103"/></net>

<net id="2627"><net_src comp="642" pin="2"/><net_sink comp="2383" pin=104"/></net>

<net id="2628"><net_src comp="636" pin="2"/><net_sink comp="2383" pin=105"/></net>

<net id="2629"><net_src comp="630" pin="2"/><net_sink comp="2383" pin=106"/></net>

<net id="2630"><net_src comp="624" pin="2"/><net_sink comp="2383" pin=107"/></net>

<net id="2631"><net_src comp="618" pin="2"/><net_sink comp="2383" pin=108"/></net>

<net id="2632"><net_src comp="612" pin="2"/><net_sink comp="2383" pin=109"/></net>

<net id="2633"><net_src comp="606" pin="2"/><net_sink comp="2383" pin=110"/></net>

<net id="2634"><net_src comp="600" pin="2"/><net_sink comp="2383" pin=111"/></net>

<net id="2635"><net_src comp="594" pin="2"/><net_sink comp="2383" pin=112"/></net>

<net id="2636"><net_src comp="588" pin="2"/><net_sink comp="2383" pin=113"/></net>

<net id="2637"><net_src comp="582" pin="2"/><net_sink comp="2383" pin=114"/></net>

<net id="2638"><net_src comp="576" pin="2"/><net_sink comp="2383" pin=115"/></net>

<net id="2639"><net_src comp="570" pin="2"/><net_sink comp="2383" pin=116"/></net>

<net id="2640"><net_src comp="564" pin="2"/><net_sink comp="2383" pin=117"/></net>

<net id="2641"><net_src comp="558" pin="2"/><net_sink comp="2383" pin=118"/></net>

<net id="2642"><net_src comp="552" pin="2"/><net_sink comp="2383" pin=119"/></net>

<net id="2643"><net_src comp="546" pin="2"/><net_sink comp="2383" pin=120"/></net>

<net id="2644"><net_src comp="540" pin="2"/><net_sink comp="2383" pin=121"/></net>

<net id="2645"><net_src comp="534" pin="2"/><net_sink comp="2383" pin=122"/></net>

<net id="2646"><net_src comp="528" pin="2"/><net_sink comp="2383" pin=123"/></net>

<net id="2647"><net_src comp="522" pin="2"/><net_sink comp="2383" pin=124"/></net>

<net id="2648"><net_src comp="516" pin="2"/><net_sink comp="2383" pin=125"/></net>

<net id="2649"><net_src comp="510" pin="2"/><net_sink comp="2383" pin=126"/></net>

<net id="2650"><net_src comp="504" pin="2"/><net_sink comp="2383" pin=127"/></net>

<net id="2651"><net_src comp="498" pin="2"/><net_sink comp="2383" pin=128"/></net>

<net id="2652"><net_src comp="492" pin="2"/><net_sink comp="2383" pin=129"/></net>

<net id="2653"><net_src comp="486" pin="2"/><net_sink comp="2383" pin=130"/></net>

<net id="2654"><net_src comp="480" pin="2"/><net_sink comp="2383" pin=131"/></net>

<net id="2655"><net_src comp="474" pin="2"/><net_sink comp="2383" pin=132"/></net>

<net id="2656"><net_src comp="468" pin="2"/><net_sink comp="2383" pin=133"/></net>

<net id="2657"><net_src comp="462" pin="2"/><net_sink comp="2383" pin=134"/></net>

<net id="2658"><net_src comp="456" pin="2"/><net_sink comp="2383" pin=135"/></net>

<net id="2659"><net_src comp="450" pin="2"/><net_sink comp="2383" pin=136"/></net>

<net id="2660"><net_src comp="1528" pin="1"/><net_sink comp="2383" pin=137"/></net>

<net id="2801"><net_src comp="356" pin="0"/><net_sink comp="2661" pin=0"/></net>

<net id="2802"><net_src comp="1254" pin="2"/><net_sink comp="2661" pin=1"/></net>

<net id="2803"><net_src comp="1248" pin="2"/><net_sink comp="2661" pin=2"/></net>

<net id="2804"><net_src comp="1242" pin="2"/><net_sink comp="2661" pin=3"/></net>

<net id="2805"><net_src comp="1236" pin="2"/><net_sink comp="2661" pin=4"/></net>

<net id="2806"><net_src comp="1230" pin="2"/><net_sink comp="2661" pin=5"/></net>

<net id="2807"><net_src comp="1224" pin="2"/><net_sink comp="2661" pin=6"/></net>

<net id="2808"><net_src comp="1218" pin="2"/><net_sink comp="2661" pin=7"/></net>

<net id="2809"><net_src comp="1212" pin="2"/><net_sink comp="2661" pin=8"/></net>

<net id="2810"><net_src comp="1206" pin="2"/><net_sink comp="2661" pin=9"/></net>

<net id="2811"><net_src comp="1200" pin="2"/><net_sink comp="2661" pin=10"/></net>

<net id="2812"><net_src comp="1194" pin="2"/><net_sink comp="2661" pin=11"/></net>

<net id="2813"><net_src comp="1188" pin="2"/><net_sink comp="2661" pin=12"/></net>

<net id="2814"><net_src comp="1182" pin="2"/><net_sink comp="2661" pin=13"/></net>

<net id="2815"><net_src comp="1176" pin="2"/><net_sink comp="2661" pin=14"/></net>

<net id="2816"><net_src comp="1170" pin="2"/><net_sink comp="2661" pin=15"/></net>

<net id="2817"><net_src comp="1164" pin="2"/><net_sink comp="2661" pin=16"/></net>

<net id="2818"><net_src comp="1158" pin="2"/><net_sink comp="2661" pin=17"/></net>

<net id="2819"><net_src comp="1152" pin="2"/><net_sink comp="2661" pin=18"/></net>

<net id="2820"><net_src comp="1146" pin="2"/><net_sink comp="2661" pin=19"/></net>

<net id="2821"><net_src comp="1140" pin="2"/><net_sink comp="2661" pin=20"/></net>

<net id="2822"><net_src comp="1134" pin="2"/><net_sink comp="2661" pin=21"/></net>

<net id="2823"><net_src comp="1128" pin="2"/><net_sink comp="2661" pin=22"/></net>

<net id="2824"><net_src comp="1122" pin="2"/><net_sink comp="2661" pin=23"/></net>

<net id="2825"><net_src comp="1116" pin="2"/><net_sink comp="2661" pin=24"/></net>

<net id="2826"><net_src comp="1110" pin="2"/><net_sink comp="2661" pin=25"/></net>

<net id="2827"><net_src comp="1104" pin="2"/><net_sink comp="2661" pin=26"/></net>

<net id="2828"><net_src comp="1098" pin="2"/><net_sink comp="2661" pin=27"/></net>

<net id="2829"><net_src comp="1092" pin="2"/><net_sink comp="2661" pin=28"/></net>

<net id="2830"><net_src comp="1086" pin="2"/><net_sink comp="2661" pin=29"/></net>

<net id="2831"><net_src comp="1080" pin="2"/><net_sink comp="2661" pin=30"/></net>

<net id="2832"><net_src comp="1074" pin="2"/><net_sink comp="2661" pin=31"/></net>

<net id="2833"><net_src comp="1068" pin="2"/><net_sink comp="2661" pin=32"/></net>

<net id="2834"><net_src comp="1062" pin="2"/><net_sink comp="2661" pin=33"/></net>

<net id="2835"><net_src comp="1056" pin="2"/><net_sink comp="2661" pin=34"/></net>

<net id="2836"><net_src comp="1050" pin="2"/><net_sink comp="2661" pin=35"/></net>

<net id="2837"><net_src comp="1044" pin="2"/><net_sink comp="2661" pin=36"/></net>

<net id="2838"><net_src comp="1038" pin="2"/><net_sink comp="2661" pin=37"/></net>

<net id="2839"><net_src comp="1032" pin="2"/><net_sink comp="2661" pin=38"/></net>

<net id="2840"><net_src comp="1026" pin="2"/><net_sink comp="2661" pin=39"/></net>

<net id="2841"><net_src comp="1020" pin="2"/><net_sink comp="2661" pin=40"/></net>

<net id="2842"><net_src comp="1014" pin="2"/><net_sink comp="2661" pin=41"/></net>

<net id="2843"><net_src comp="1008" pin="2"/><net_sink comp="2661" pin=42"/></net>

<net id="2844"><net_src comp="1002" pin="2"/><net_sink comp="2661" pin=43"/></net>

<net id="2845"><net_src comp="996" pin="2"/><net_sink comp="2661" pin=44"/></net>

<net id="2846"><net_src comp="990" pin="2"/><net_sink comp="2661" pin=45"/></net>

<net id="2847"><net_src comp="984" pin="2"/><net_sink comp="2661" pin=46"/></net>

<net id="2848"><net_src comp="978" pin="2"/><net_sink comp="2661" pin=47"/></net>

<net id="2849"><net_src comp="972" pin="2"/><net_sink comp="2661" pin=48"/></net>

<net id="2850"><net_src comp="966" pin="2"/><net_sink comp="2661" pin=49"/></net>

<net id="2851"><net_src comp="960" pin="2"/><net_sink comp="2661" pin=50"/></net>

<net id="2852"><net_src comp="954" pin="2"/><net_sink comp="2661" pin=51"/></net>

<net id="2853"><net_src comp="948" pin="2"/><net_sink comp="2661" pin=52"/></net>

<net id="2854"><net_src comp="942" pin="2"/><net_sink comp="2661" pin=53"/></net>

<net id="2855"><net_src comp="936" pin="2"/><net_sink comp="2661" pin=54"/></net>

<net id="2856"><net_src comp="930" pin="2"/><net_sink comp="2661" pin=55"/></net>

<net id="2857"><net_src comp="924" pin="2"/><net_sink comp="2661" pin=56"/></net>

<net id="2858"><net_src comp="918" pin="2"/><net_sink comp="2661" pin=57"/></net>

<net id="2859"><net_src comp="912" pin="2"/><net_sink comp="2661" pin=58"/></net>

<net id="2860"><net_src comp="906" pin="2"/><net_sink comp="2661" pin=59"/></net>

<net id="2861"><net_src comp="900" pin="2"/><net_sink comp="2661" pin=60"/></net>

<net id="2862"><net_src comp="894" pin="2"/><net_sink comp="2661" pin=61"/></net>

<net id="2863"><net_src comp="888" pin="2"/><net_sink comp="2661" pin=62"/></net>

<net id="2864"><net_src comp="882" pin="2"/><net_sink comp="2661" pin=63"/></net>

<net id="2865"><net_src comp="876" pin="2"/><net_sink comp="2661" pin=64"/></net>

<net id="2866"><net_src comp="870" pin="2"/><net_sink comp="2661" pin=65"/></net>

<net id="2867"><net_src comp="864" pin="2"/><net_sink comp="2661" pin=66"/></net>

<net id="2868"><net_src comp="858" pin="2"/><net_sink comp="2661" pin=67"/></net>

<net id="2869"><net_src comp="852" pin="2"/><net_sink comp="2661" pin=68"/></net>

<net id="2870"><net_src comp="846" pin="2"/><net_sink comp="2661" pin=69"/></net>

<net id="2871"><net_src comp="840" pin="2"/><net_sink comp="2661" pin=70"/></net>

<net id="2872"><net_src comp="834" pin="2"/><net_sink comp="2661" pin=71"/></net>

<net id="2873"><net_src comp="828" pin="2"/><net_sink comp="2661" pin=72"/></net>

<net id="2874"><net_src comp="822" pin="2"/><net_sink comp="2661" pin=73"/></net>

<net id="2875"><net_src comp="816" pin="2"/><net_sink comp="2661" pin=74"/></net>

<net id="2876"><net_src comp="810" pin="2"/><net_sink comp="2661" pin=75"/></net>

<net id="2877"><net_src comp="804" pin="2"/><net_sink comp="2661" pin=76"/></net>

<net id="2878"><net_src comp="798" pin="2"/><net_sink comp="2661" pin=77"/></net>

<net id="2879"><net_src comp="792" pin="2"/><net_sink comp="2661" pin=78"/></net>

<net id="2880"><net_src comp="786" pin="2"/><net_sink comp="2661" pin=79"/></net>

<net id="2881"><net_src comp="780" pin="2"/><net_sink comp="2661" pin=80"/></net>

<net id="2882"><net_src comp="774" pin="2"/><net_sink comp="2661" pin=81"/></net>

<net id="2883"><net_src comp="768" pin="2"/><net_sink comp="2661" pin=82"/></net>

<net id="2884"><net_src comp="762" pin="2"/><net_sink comp="2661" pin=83"/></net>

<net id="2885"><net_src comp="756" pin="2"/><net_sink comp="2661" pin=84"/></net>

<net id="2886"><net_src comp="750" pin="2"/><net_sink comp="2661" pin=85"/></net>

<net id="2887"><net_src comp="744" pin="2"/><net_sink comp="2661" pin=86"/></net>

<net id="2888"><net_src comp="738" pin="2"/><net_sink comp="2661" pin=87"/></net>

<net id="2889"><net_src comp="732" pin="2"/><net_sink comp="2661" pin=88"/></net>

<net id="2890"><net_src comp="726" pin="2"/><net_sink comp="2661" pin=89"/></net>

<net id="2891"><net_src comp="720" pin="2"/><net_sink comp="2661" pin=90"/></net>

<net id="2892"><net_src comp="714" pin="2"/><net_sink comp="2661" pin=91"/></net>

<net id="2893"><net_src comp="708" pin="2"/><net_sink comp="2661" pin=92"/></net>

<net id="2894"><net_src comp="702" pin="2"/><net_sink comp="2661" pin=93"/></net>

<net id="2895"><net_src comp="696" pin="2"/><net_sink comp="2661" pin=94"/></net>

<net id="2896"><net_src comp="690" pin="2"/><net_sink comp="2661" pin=95"/></net>

<net id="2897"><net_src comp="684" pin="2"/><net_sink comp="2661" pin=96"/></net>

<net id="2898"><net_src comp="678" pin="2"/><net_sink comp="2661" pin=97"/></net>

<net id="2899"><net_src comp="672" pin="2"/><net_sink comp="2661" pin=98"/></net>

<net id="2900"><net_src comp="666" pin="2"/><net_sink comp="2661" pin=99"/></net>

<net id="2901"><net_src comp="660" pin="2"/><net_sink comp="2661" pin=100"/></net>

<net id="2902"><net_src comp="654" pin="2"/><net_sink comp="2661" pin=101"/></net>

<net id="2903"><net_src comp="648" pin="2"/><net_sink comp="2661" pin=102"/></net>

<net id="2904"><net_src comp="642" pin="2"/><net_sink comp="2661" pin=103"/></net>

<net id="2905"><net_src comp="636" pin="2"/><net_sink comp="2661" pin=104"/></net>

<net id="2906"><net_src comp="630" pin="2"/><net_sink comp="2661" pin=105"/></net>

<net id="2907"><net_src comp="624" pin="2"/><net_sink comp="2661" pin=106"/></net>

<net id="2908"><net_src comp="618" pin="2"/><net_sink comp="2661" pin=107"/></net>

<net id="2909"><net_src comp="612" pin="2"/><net_sink comp="2661" pin=108"/></net>

<net id="2910"><net_src comp="606" pin="2"/><net_sink comp="2661" pin=109"/></net>

<net id="2911"><net_src comp="600" pin="2"/><net_sink comp="2661" pin=110"/></net>

<net id="2912"><net_src comp="594" pin="2"/><net_sink comp="2661" pin=111"/></net>

<net id="2913"><net_src comp="588" pin="2"/><net_sink comp="2661" pin=112"/></net>

<net id="2914"><net_src comp="582" pin="2"/><net_sink comp="2661" pin=113"/></net>

<net id="2915"><net_src comp="576" pin="2"/><net_sink comp="2661" pin=114"/></net>

<net id="2916"><net_src comp="570" pin="2"/><net_sink comp="2661" pin=115"/></net>

<net id="2917"><net_src comp="564" pin="2"/><net_sink comp="2661" pin=116"/></net>

<net id="2918"><net_src comp="558" pin="2"/><net_sink comp="2661" pin=117"/></net>

<net id="2919"><net_src comp="552" pin="2"/><net_sink comp="2661" pin=118"/></net>

<net id="2920"><net_src comp="546" pin="2"/><net_sink comp="2661" pin=119"/></net>

<net id="2921"><net_src comp="540" pin="2"/><net_sink comp="2661" pin=120"/></net>

<net id="2922"><net_src comp="534" pin="2"/><net_sink comp="2661" pin=121"/></net>

<net id="2923"><net_src comp="528" pin="2"/><net_sink comp="2661" pin=122"/></net>

<net id="2924"><net_src comp="522" pin="2"/><net_sink comp="2661" pin=123"/></net>

<net id="2925"><net_src comp="516" pin="2"/><net_sink comp="2661" pin=124"/></net>

<net id="2926"><net_src comp="510" pin="2"/><net_sink comp="2661" pin=125"/></net>

<net id="2927"><net_src comp="504" pin="2"/><net_sink comp="2661" pin=126"/></net>

<net id="2928"><net_src comp="498" pin="2"/><net_sink comp="2661" pin=127"/></net>

<net id="2929"><net_src comp="492" pin="2"/><net_sink comp="2661" pin=128"/></net>

<net id="2930"><net_src comp="486" pin="2"/><net_sink comp="2661" pin=129"/></net>

<net id="2931"><net_src comp="480" pin="2"/><net_sink comp="2661" pin=130"/></net>

<net id="2932"><net_src comp="474" pin="2"/><net_sink comp="2661" pin=131"/></net>

<net id="2933"><net_src comp="468" pin="2"/><net_sink comp="2661" pin=132"/></net>

<net id="2934"><net_src comp="462" pin="2"/><net_sink comp="2661" pin=133"/></net>

<net id="2935"><net_src comp="456" pin="2"/><net_sink comp="2661" pin=134"/></net>

<net id="2936"><net_src comp="450" pin="2"/><net_sink comp="2661" pin=135"/></net>

<net id="2937"><net_src comp="444" pin="2"/><net_sink comp="2661" pin=136"/></net>

<net id="2938"><net_src comp="1528" pin="1"/><net_sink comp="2661" pin=137"/></net>

<net id="3079"><net_src comp="356" pin="0"/><net_sink comp="2939" pin=0"/></net>

<net id="3080"><net_src comp="1248" pin="2"/><net_sink comp="2939" pin=1"/></net>

<net id="3081"><net_src comp="1242" pin="2"/><net_sink comp="2939" pin=2"/></net>

<net id="3082"><net_src comp="1236" pin="2"/><net_sink comp="2939" pin=3"/></net>

<net id="3083"><net_src comp="1230" pin="2"/><net_sink comp="2939" pin=4"/></net>

<net id="3084"><net_src comp="1224" pin="2"/><net_sink comp="2939" pin=5"/></net>

<net id="3085"><net_src comp="1218" pin="2"/><net_sink comp="2939" pin=6"/></net>

<net id="3086"><net_src comp="1212" pin="2"/><net_sink comp="2939" pin=7"/></net>

<net id="3087"><net_src comp="1206" pin="2"/><net_sink comp="2939" pin=8"/></net>

<net id="3088"><net_src comp="1200" pin="2"/><net_sink comp="2939" pin=9"/></net>

<net id="3089"><net_src comp="1194" pin="2"/><net_sink comp="2939" pin=10"/></net>

<net id="3090"><net_src comp="1188" pin="2"/><net_sink comp="2939" pin=11"/></net>

<net id="3091"><net_src comp="1182" pin="2"/><net_sink comp="2939" pin=12"/></net>

<net id="3092"><net_src comp="1176" pin="2"/><net_sink comp="2939" pin=13"/></net>

<net id="3093"><net_src comp="1170" pin="2"/><net_sink comp="2939" pin=14"/></net>

<net id="3094"><net_src comp="1164" pin="2"/><net_sink comp="2939" pin=15"/></net>

<net id="3095"><net_src comp="1158" pin="2"/><net_sink comp="2939" pin=16"/></net>

<net id="3096"><net_src comp="1152" pin="2"/><net_sink comp="2939" pin=17"/></net>

<net id="3097"><net_src comp="1146" pin="2"/><net_sink comp="2939" pin=18"/></net>

<net id="3098"><net_src comp="1140" pin="2"/><net_sink comp="2939" pin=19"/></net>

<net id="3099"><net_src comp="1134" pin="2"/><net_sink comp="2939" pin=20"/></net>

<net id="3100"><net_src comp="1128" pin="2"/><net_sink comp="2939" pin=21"/></net>

<net id="3101"><net_src comp="1122" pin="2"/><net_sink comp="2939" pin=22"/></net>

<net id="3102"><net_src comp="1116" pin="2"/><net_sink comp="2939" pin=23"/></net>

<net id="3103"><net_src comp="1110" pin="2"/><net_sink comp="2939" pin=24"/></net>

<net id="3104"><net_src comp="1104" pin="2"/><net_sink comp="2939" pin=25"/></net>

<net id="3105"><net_src comp="1098" pin="2"/><net_sink comp="2939" pin=26"/></net>

<net id="3106"><net_src comp="1092" pin="2"/><net_sink comp="2939" pin=27"/></net>

<net id="3107"><net_src comp="1086" pin="2"/><net_sink comp="2939" pin=28"/></net>

<net id="3108"><net_src comp="1080" pin="2"/><net_sink comp="2939" pin=29"/></net>

<net id="3109"><net_src comp="1074" pin="2"/><net_sink comp="2939" pin=30"/></net>

<net id="3110"><net_src comp="1068" pin="2"/><net_sink comp="2939" pin=31"/></net>

<net id="3111"><net_src comp="1062" pin="2"/><net_sink comp="2939" pin=32"/></net>

<net id="3112"><net_src comp="1056" pin="2"/><net_sink comp="2939" pin=33"/></net>

<net id="3113"><net_src comp="1050" pin="2"/><net_sink comp="2939" pin=34"/></net>

<net id="3114"><net_src comp="1044" pin="2"/><net_sink comp="2939" pin=35"/></net>

<net id="3115"><net_src comp="1038" pin="2"/><net_sink comp="2939" pin=36"/></net>

<net id="3116"><net_src comp="1032" pin="2"/><net_sink comp="2939" pin=37"/></net>

<net id="3117"><net_src comp="1026" pin="2"/><net_sink comp="2939" pin=38"/></net>

<net id="3118"><net_src comp="1020" pin="2"/><net_sink comp="2939" pin=39"/></net>

<net id="3119"><net_src comp="1014" pin="2"/><net_sink comp="2939" pin=40"/></net>

<net id="3120"><net_src comp="1008" pin="2"/><net_sink comp="2939" pin=41"/></net>

<net id="3121"><net_src comp="1002" pin="2"/><net_sink comp="2939" pin=42"/></net>

<net id="3122"><net_src comp="996" pin="2"/><net_sink comp="2939" pin=43"/></net>

<net id="3123"><net_src comp="990" pin="2"/><net_sink comp="2939" pin=44"/></net>

<net id="3124"><net_src comp="984" pin="2"/><net_sink comp="2939" pin=45"/></net>

<net id="3125"><net_src comp="978" pin="2"/><net_sink comp="2939" pin=46"/></net>

<net id="3126"><net_src comp="972" pin="2"/><net_sink comp="2939" pin=47"/></net>

<net id="3127"><net_src comp="966" pin="2"/><net_sink comp="2939" pin=48"/></net>

<net id="3128"><net_src comp="960" pin="2"/><net_sink comp="2939" pin=49"/></net>

<net id="3129"><net_src comp="954" pin="2"/><net_sink comp="2939" pin=50"/></net>

<net id="3130"><net_src comp="948" pin="2"/><net_sink comp="2939" pin=51"/></net>

<net id="3131"><net_src comp="942" pin="2"/><net_sink comp="2939" pin=52"/></net>

<net id="3132"><net_src comp="936" pin="2"/><net_sink comp="2939" pin=53"/></net>

<net id="3133"><net_src comp="930" pin="2"/><net_sink comp="2939" pin=54"/></net>

<net id="3134"><net_src comp="924" pin="2"/><net_sink comp="2939" pin=55"/></net>

<net id="3135"><net_src comp="918" pin="2"/><net_sink comp="2939" pin=56"/></net>

<net id="3136"><net_src comp="912" pin="2"/><net_sink comp="2939" pin=57"/></net>

<net id="3137"><net_src comp="906" pin="2"/><net_sink comp="2939" pin=58"/></net>

<net id="3138"><net_src comp="900" pin="2"/><net_sink comp="2939" pin=59"/></net>

<net id="3139"><net_src comp="894" pin="2"/><net_sink comp="2939" pin=60"/></net>

<net id="3140"><net_src comp="888" pin="2"/><net_sink comp="2939" pin=61"/></net>

<net id="3141"><net_src comp="882" pin="2"/><net_sink comp="2939" pin=62"/></net>

<net id="3142"><net_src comp="876" pin="2"/><net_sink comp="2939" pin=63"/></net>

<net id="3143"><net_src comp="870" pin="2"/><net_sink comp="2939" pin=64"/></net>

<net id="3144"><net_src comp="864" pin="2"/><net_sink comp="2939" pin=65"/></net>

<net id="3145"><net_src comp="858" pin="2"/><net_sink comp="2939" pin=66"/></net>

<net id="3146"><net_src comp="852" pin="2"/><net_sink comp="2939" pin=67"/></net>

<net id="3147"><net_src comp="846" pin="2"/><net_sink comp="2939" pin=68"/></net>

<net id="3148"><net_src comp="840" pin="2"/><net_sink comp="2939" pin=69"/></net>

<net id="3149"><net_src comp="834" pin="2"/><net_sink comp="2939" pin=70"/></net>

<net id="3150"><net_src comp="828" pin="2"/><net_sink comp="2939" pin=71"/></net>

<net id="3151"><net_src comp="822" pin="2"/><net_sink comp="2939" pin=72"/></net>

<net id="3152"><net_src comp="816" pin="2"/><net_sink comp="2939" pin=73"/></net>

<net id="3153"><net_src comp="810" pin="2"/><net_sink comp="2939" pin=74"/></net>

<net id="3154"><net_src comp="804" pin="2"/><net_sink comp="2939" pin=75"/></net>

<net id="3155"><net_src comp="798" pin="2"/><net_sink comp="2939" pin=76"/></net>

<net id="3156"><net_src comp="792" pin="2"/><net_sink comp="2939" pin=77"/></net>

<net id="3157"><net_src comp="786" pin="2"/><net_sink comp="2939" pin=78"/></net>

<net id="3158"><net_src comp="780" pin="2"/><net_sink comp="2939" pin=79"/></net>

<net id="3159"><net_src comp="774" pin="2"/><net_sink comp="2939" pin=80"/></net>

<net id="3160"><net_src comp="768" pin="2"/><net_sink comp="2939" pin=81"/></net>

<net id="3161"><net_src comp="762" pin="2"/><net_sink comp="2939" pin=82"/></net>

<net id="3162"><net_src comp="756" pin="2"/><net_sink comp="2939" pin=83"/></net>

<net id="3163"><net_src comp="750" pin="2"/><net_sink comp="2939" pin=84"/></net>

<net id="3164"><net_src comp="744" pin="2"/><net_sink comp="2939" pin=85"/></net>

<net id="3165"><net_src comp="738" pin="2"/><net_sink comp="2939" pin=86"/></net>

<net id="3166"><net_src comp="732" pin="2"/><net_sink comp="2939" pin=87"/></net>

<net id="3167"><net_src comp="726" pin="2"/><net_sink comp="2939" pin=88"/></net>

<net id="3168"><net_src comp="720" pin="2"/><net_sink comp="2939" pin=89"/></net>

<net id="3169"><net_src comp="714" pin="2"/><net_sink comp="2939" pin=90"/></net>

<net id="3170"><net_src comp="708" pin="2"/><net_sink comp="2939" pin=91"/></net>

<net id="3171"><net_src comp="702" pin="2"/><net_sink comp="2939" pin=92"/></net>

<net id="3172"><net_src comp="696" pin="2"/><net_sink comp="2939" pin=93"/></net>

<net id="3173"><net_src comp="690" pin="2"/><net_sink comp="2939" pin=94"/></net>

<net id="3174"><net_src comp="684" pin="2"/><net_sink comp="2939" pin=95"/></net>

<net id="3175"><net_src comp="678" pin="2"/><net_sink comp="2939" pin=96"/></net>

<net id="3176"><net_src comp="672" pin="2"/><net_sink comp="2939" pin=97"/></net>

<net id="3177"><net_src comp="666" pin="2"/><net_sink comp="2939" pin=98"/></net>

<net id="3178"><net_src comp="660" pin="2"/><net_sink comp="2939" pin=99"/></net>

<net id="3179"><net_src comp="654" pin="2"/><net_sink comp="2939" pin=100"/></net>

<net id="3180"><net_src comp="648" pin="2"/><net_sink comp="2939" pin=101"/></net>

<net id="3181"><net_src comp="642" pin="2"/><net_sink comp="2939" pin=102"/></net>

<net id="3182"><net_src comp="636" pin="2"/><net_sink comp="2939" pin=103"/></net>

<net id="3183"><net_src comp="630" pin="2"/><net_sink comp="2939" pin=104"/></net>

<net id="3184"><net_src comp="624" pin="2"/><net_sink comp="2939" pin=105"/></net>

<net id="3185"><net_src comp="618" pin="2"/><net_sink comp="2939" pin=106"/></net>

<net id="3186"><net_src comp="612" pin="2"/><net_sink comp="2939" pin=107"/></net>

<net id="3187"><net_src comp="606" pin="2"/><net_sink comp="2939" pin=108"/></net>

<net id="3188"><net_src comp="600" pin="2"/><net_sink comp="2939" pin=109"/></net>

<net id="3189"><net_src comp="594" pin="2"/><net_sink comp="2939" pin=110"/></net>

<net id="3190"><net_src comp="588" pin="2"/><net_sink comp="2939" pin=111"/></net>

<net id="3191"><net_src comp="582" pin="2"/><net_sink comp="2939" pin=112"/></net>

<net id="3192"><net_src comp="576" pin="2"/><net_sink comp="2939" pin=113"/></net>

<net id="3193"><net_src comp="570" pin="2"/><net_sink comp="2939" pin=114"/></net>

<net id="3194"><net_src comp="564" pin="2"/><net_sink comp="2939" pin=115"/></net>

<net id="3195"><net_src comp="558" pin="2"/><net_sink comp="2939" pin=116"/></net>

<net id="3196"><net_src comp="552" pin="2"/><net_sink comp="2939" pin=117"/></net>

<net id="3197"><net_src comp="546" pin="2"/><net_sink comp="2939" pin=118"/></net>

<net id="3198"><net_src comp="540" pin="2"/><net_sink comp="2939" pin=119"/></net>

<net id="3199"><net_src comp="534" pin="2"/><net_sink comp="2939" pin=120"/></net>

<net id="3200"><net_src comp="528" pin="2"/><net_sink comp="2939" pin=121"/></net>

<net id="3201"><net_src comp="522" pin="2"/><net_sink comp="2939" pin=122"/></net>

<net id="3202"><net_src comp="516" pin="2"/><net_sink comp="2939" pin=123"/></net>

<net id="3203"><net_src comp="510" pin="2"/><net_sink comp="2939" pin=124"/></net>

<net id="3204"><net_src comp="504" pin="2"/><net_sink comp="2939" pin=125"/></net>

<net id="3205"><net_src comp="498" pin="2"/><net_sink comp="2939" pin=126"/></net>

<net id="3206"><net_src comp="492" pin="2"/><net_sink comp="2939" pin=127"/></net>

<net id="3207"><net_src comp="486" pin="2"/><net_sink comp="2939" pin=128"/></net>

<net id="3208"><net_src comp="480" pin="2"/><net_sink comp="2939" pin=129"/></net>

<net id="3209"><net_src comp="474" pin="2"/><net_sink comp="2939" pin=130"/></net>

<net id="3210"><net_src comp="468" pin="2"/><net_sink comp="2939" pin=131"/></net>

<net id="3211"><net_src comp="462" pin="2"/><net_sink comp="2939" pin=132"/></net>

<net id="3212"><net_src comp="456" pin="2"/><net_sink comp="2939" pin=133"/></net>

<net id="3213"><net_src comp="450" pin="2"/><net_sink comp="2939" pin=134"/></net>

<net id="3214"><net_src comp="444" pin="2"/><net_sink comp="2939" pin=135"/></net>

<net id="3215"><net_src comp="438" pin="2"/><net_sink comp="2939" pin=136"/></net>

<net id="3216"><net_src comp="1528" pin="1"/><net_sink comp="2939" pin=137"/></net>

<net id="3357"><net_src comp="356" pin="0"/><net_sink comp="3217" pin=0"/></net>

<net id="3358"><net_src comp="1242" pin="2"/><net_sink comp="3217" pin=1"/></net>

<net id="3359"><net_src comp="1236" pin="2"/><net_sink comp="3217" pin=2"/></net>

<net id="3360"><net_src comp="1230" pin="2"/><net_sink comp="3217" pin=3"/></net>

<net id="3361"><net_src comp="1224" pin="2"/><net_sink comp="3217" pin=4"/></net>

<net id="3362"><net_src comp="1218" pin="2"/><net_sink comp="3217" pin=5"/></net>

<net id="3363"><net_src comp="1212" pin="2"/><net_sink comp="3217" pin=6"/></net>

<net id="3364"><net_src comp="1206" pin="2"/><net_sink comp="3217" pin=7"/></net>

<net id="3365"><net_src comp="1200" pin="2"/><net_sink comp="3217" pin=8"/></net>

<net id="3366"><net_src comp="1194" pin="2"/><net_sink comp="3217" pin=9"/></net>

<net id="3367"><net_src comp="1188" pin="2"/><net_sink comp="3217" pin=10"/></net>

<net id="3368"><net_src comp="1182" pin="2"/><net_sink comp="3217" pin=11"/></net>

<net id="3369"><net_src comp="1176" pin="2"/><net_sink comp="3217" pin=12"/></net>

<net id="3370"><net_src comp="1170" pin="2"/><net_sink comp="3217" pin=13"/></net>

<net id="3371"><net_src comp="1164" pin="2"/><net_sink comp="3217" pin=14"/></net>

<net id="3372"><net_src comp="1158" pin="2"/><net_sink comp="3217" pin=15"/></net>

<net id="3373"><net_src comp="1152" pin="2"/><net_sink comp="3217" pin=16"/></net>

<net id="3374"><net_src comp="1146" pin="2"/><net_sink comp="3217" pin=17"/></net>

<net id="3375"><net_src comp="1140" pin="2"/><net_sink comp="3217" pin=18"/></net>

<net id="3376"><net_src comp="1134" pin="2"/><net_sink comp="3217" pin=19"/></net>

<net id="3377"><net_src comp="1128" pin="2"/><net_sink comp="3217" pin=20"/></net>

<net id="3378"><net_src comp="1122" pin="2"/><net_sink comp="3217" pin=21"/></net>

<net id="3379"><net_src comp="1116" pin="2"/><net_sink comp="3217" pin=22"/></net>

<net id="3380"><net_src comp="1110" pin="2"/><net_sink comp="3217" pin=23"/></net>

<net id="3381"><net_src comp="1104" pin="2"/><net_sink comp="3217" pin=24"/></net>

<net id="3382"><net_src comp="1098" pin="2"/><net_sink comp="3217" pin=25"/></net>

<net id="3383"><net_src comp="1092" pin="2"/><net_sink comp="3217" pin=26"/></net>

<net id="3384"><net_src comp="1086" pin="2"/><net_sink comp="3217" pin=27"/></net>

<net id="3385"><net_src comp="1080" pin="2"/><net_sink comp="3217" pin=28"/></net>

<net id="3386"><net_src comp="1074" pin="2"/><net_sink comp="3217" pin=29"/></net>

<net id="3387"><net_src comp="1068" pin="2"/><net_sink comp="3217" pin=30"/></net>

<net id="3388"><net_src comp="1062" pin="2"/><net_sink comp="3217" pin=31"/></net>

<net id="3389"><net_src comp="1056" pin="2"/><net_sink comp="3217" pin=32"/></net>

<net id="3390"><net_src comp="1050" pin="2"/><net_sink comp="3217" pin=33"/></net>

<net id="3391"><net_src comp="1044" pin="2"/><net_sink comp="3217" pin=34"/></net>

<net id="3392"><net_src comp="1038" pin="2"/><net_sink comp="3217" pin=35"/></net>

<net id="3393"><net_src comp="1032" pin="2"/><net_sink comp="3217" pin=36"/></net>

<net id="3394"><net_src comp="1026" pin="2"/><net_sink comp="3217" pin=37"/></net>

<net id="3395"><net_src comp="1020" pin="2"/><net_sink comp="3217" pin=38"/></net>

<net id="3396"><net_src comp="1014" pin="2"/><net_sink comp="3217" pin=39"/></net>

<net id="3397"><net_src comp="1008" pin="2"/><net_sink comp="3217" pin=40"/></net>

<net id="3398"><net_src comp="1002" pin="2"/><net_sink comp="3217" pin=41"/></net>

<net id="3399"><net_src comp="996" pin="2"/><net_sink comp="3217" pin=42"/></net>

<net id="3400"><net_src comp="990" pin="2"/><net_sink comp="3217" pin=43"/></net>

<net id="3401"><net_src comp="984" pin="2"/><net_sink comp="3217" pin=44"/></net>

<net id="3402"><net_src comp="978" pin="2"/><net_sink comp="3217" pin=45"/></net>

<net id="3403"><net_src comp="972" pin="2"/><net_sink comp="3217" pin=46"/></net>

<net id="3404"><net_src comp="966" pin="2"/><net_sink comp="3217" pin=47"/></net>

<net id="3405"><net_src comp="960" pin="2"/><net_sink comp="3217" pin=48"/></net>

<net id="3406"><net_src comp="954" pin="2"/><net_sink comp="3217" pin=49"/></net>

<net id="3407"><net_src comp="948" pin="2"/><net_sink comp="3217" pin=50"/></net>

<net id="3408"><net_src comp="942" pin="2"/><net_sink comp="3217" pin=51"/></net>

<net id="3409"><net_src comp="936" pin="2"/><net_sink comp="3217" pin=52"/></net>

<net id="3410"><net_src comp="930" pin="2"/><net_sink comp="3217" pin=53"/></net>

<net id="3411"><net_src comp="924" pin="2"/><net_sink comp="3217" pin=54"/></net>

<net id="3412"><net_src comp="918" pin="2"/><net_sink comp="3217" pin=55"/></net>

<net id="3413"><net_src comp="912" pin="2"/><net_sink comp="3217" pin=56"/></net>

<net id="3414"><net_src comp="906" pin="2"/><net_sink comp="3217" pin=57"/></net>

<net id="3415"><net_src comp="900" pin="2"/><net_sink comp="3217" pin=58"/></net>

<net id="3416"><net_src comp="894" pin="2"/><net_sink comp="3217" pin=59"/></net>

<net id="3417"><net_src comp="888" pin="2"/><net_sink comp="3217" pin=60"/></net>

<net id="3418"><net_src comp="882" pin="2"/><net_sink comp="3217" pin=61"/></net>

<net id="3419"><net_src comp="876" pin="2"/><net_sink comp="3217" pin=62"/></net>

<net id="3420"><net_src comp="870" pin="2"/><net_sink comp="3217" pin=63"/></net>

<net id="3421"><net_src comp="864" pin="2"/><net_sink comp="3217" pin=64"/></net>

<net id="3422"><net_src comp="858" pin="2"/><net_sink comp="3217" pin=65"/></net>

<net id="3423"><net_src comp="852" pin="2"/><net_sink comp="3217" pin=66"/></net>

<net id="3424"><net_src comp="846" pin="2"/><net_sink comp="3217" pin=67"/></net>

<net id="3425"><net_src comp="840" pin="2"/><net_sink comp="3217" pin=68"/></net>

<net id="3426"><net_src comp="834" pin="2"/><net_sink comp="3217" pin=69"/></net>

<net id="3427"><net_src comp="828" pin="2"/><net_sink comp="3217" pin=70"/></net>

<net id="3428"><net_src comp="822" pin="2"/><net_sink comp="3217" pin=71"/></net>

<net id="3429"><net_src comp="816" pin="2"/><net_sink comp="3217" pin=72"/></net>

<net id="3430"><net_src comp="810" pin="2"/><net_sink comp="3217" pin=73"/></net>

<net id="3431"><net_src comp="804" pin="2"/><net_sink comp="3217" pin=74"/></net>

<net id="3432"><net_src comp="798" pin="2"/><net_sink comp="3217" pin=75"/></net>

<net id="3433"><net_src comp="792" pin="2"/><net_sink comp="3217" pin=76"/></net>

<net id="3434"><net_src comp="786" pin="2"/><net_sink comp="3217" pin=77"/></net>

<net id="3435"><net_src comp="780" pin="2"/><net_sink comp="3217" pin=78"/></net>

<net id="3436"><net_src comp="774" pin="2"/><net_sink comp="3217" pin=79"/></net>

<net id="3437"><net_src comp="768" pin="2"/><net_sink comp="3217" pin=80"/></net>

<net id="3438"><net_src comp="762" pin="2"/><net_sink comp="3217" pin=81"/></net>

<net id="3439"><net_src comp="756" pin="2"/><net_sink comp="3217" pin=82"/></net>

<net id="3440"><net_src comp="750" pin="2"/><net_sink comp="3217" pin=83"/></net>

<net id="3441"><net_src comp="744" pin="2"/><net_sink comp="3217" pin=84"/></net>

<net id="3442"><net_src comp="738" pin="2"/><net_sink comp="3217" pin=85"/></net>

<net id="3443"><net_src comp="732" pin="2"/><net_sink comp="3217" pin=86"/></net>

<net id="3444"><net_src comp="726" pin="2"/><net_sink comp="3217" pin=87"/></net>

<net id="3445"><net_src comp="720" pin="2"/><net_sink comp="3217" pin=88"/></net>

<net id="3446"><net_src comp="714" pin="2"/><net_sink comp="3217" pin=89"/></net>

<net id="3447"><net_src comp="708" pin="2"/><net_sink comp="3217" pin=90"/></net>

<net id="3448"><net_src comp="702" pin="2"/><net_sink comp="3217" pin=91"/></net>

<net id="3449"><net_src comp="696" pin="2"/><net_sink comp="3217" pin=92"/></net>

<net id="3450"><net_src comp="690" pin="2"/><net_sink comp="3217" pin=93"/></net>

<net id="3451"><net_src comp="684" pin="2"/><net_sink comp="3217" pin=94"/></net>

<net id="3452"><net_src comp="678" pin="2"/><net_sink comp="3217" pin=95"/></net>

<net id="3453"><net_src comp="672" pin="2"/><net_sink comp="3217" pin=96"/></net>

<net id="3454"><net_src comp="666" pin="2"/><net_sink comp="3217" pin=97"/></net>

<net id="3455"><net_src comp="660" pin="2"/><net_sink comp="3217" pin=98"/></net>

<net id="3456"><net_src comp="654" pin="2"/><net_sink comp="3217" pin=99"/></net>

<net id="3457"><net_src comp="648" pin="2"/><net_sink comp="3217" pin=100"/></net>

<net id="3458"><net_src comp="642" pin="2"/><net_sink comp="3217" pin=101"/></net>

<net id="3459"><net_src comp="636" pin="2"/><net_sink comp="3217" pin=102"/></net>

<net id="3460"><net_src comp="630" pin="2"/><net_sink comp="3217" pin=103"/></net>

<net id="3461"><net_src comp="624" pin="2"/><net_sink comp="3217" pin=104"/></net>

<net id="3462"><net_src comp="618" pin="2"/><net_sink comp="3217" pin=105"/></net>

<net id="3463"><net_src comp="612" pin="2"/><net_sink comp="3217" pin=106"/></net>

<net id="3464"><net_src comp="606" pin="2"/><net_sink comp="3217" pin=107"/></net>

<net id="3465"><net_src comp="600" pin="2"/><net_sink comp="3217" pin=108"/></net>

<net id="3466"><net_src comp="594" pin="2"/><net_sink comp="3217" pin=109"/></net>

<net id="3467"><net_src comp="588" pin="2"/><net_sink comp="3217" pin=110"/></net>

<net id="3468"><net_src comp="582" pin="2"/><net_sink comp="3217" pin=111"/></net>

<net id="3469"><net_src comp="576" pin="2"/><net_sink comp="3217" pin=112"/></net>

<net id="3470"><net_src comp="570" pin="2"/><net_sink comp="3217" pin=113"/></net>

<net id="3471"><net_src comp="564" pin="2"/><net_sink comp="3217" pin=114"/></net>

<net id="3472"><net_src comp="558" pin="2"/><net_sink comp="3217" pin=115"/></net>

<net id="3473"><net_src comp="552" pin="2"/><net_sink comp="3217" pin=116"/></net>

<net id="3474"><net_src comp="546" pin="2"/><net_sink comp="3217" pin=117"/></net>

<net id="3475"><net_src comp="540" pin="2"/><net_sink comp="3217" pin=118"/></net>

<net id="3476"><net_src comp="534" pin="2"/><net_sink comp="3217" pin=119"/></net>

<net id="3477"><net_src comp="528" pin="2"/><net_sink comp="3217" pin=120"/></net>

<net id="3478"><net_src comp="522" pin="2"/><net_sink comp="3217" pin=121"/></net>

<net id="3479"><net_src comp="516" pin="2"/><net_sink comp="3217" pin=122"/></net>

<net id="3480"><net_src comp="510" pin="2"/><net_sink comp="3217" pin=123"/></net>

<net id="3481"><net_src comp="504" pin="2"/><net_sink comp="3217" pin=124"/></net>

<net id="3482"><net_src comp="498" pin="2"/><net_sink comp="3217" pin=125"/></net>

<net id="3483"><net_src comp="492" pin="2"/><net_sink comp="3217" pin=126"/></net>

<net id="3484"><net_src comp="486" pin="2"/><net_sink comp="3217" pin=127"/></net>

<net id="3485"><net_src comp="480" pin="2"/><net_sink comp="3217" pin=128"/></net>

<net id="3486"><net_src comp="474" pin="2"/><net_sink comp="3217" pin=129"/></net>

<net id="3487"><net_src comp="468" pin="2"/><net_sink comp="3217" pin=130"/></net>

<net id="3488"><net_src comp="462" pin="2"/><net_sink comp="3217" pin=131"/></net>

<net id="3489"><net_src comp="456" pin="2"/><net_sink comp="3217" pin=132"/></net>

<net id="3490"><net_src comp="450" pin="2"/><net_sink comp="3217" pin=133"/></net>

<net id="3491"><net_src comp="444" pin="2"/><net_sink comp="3217" pin=134"/></net>

<net id="3492"><net_src comp="438" pin="2"/><net_sink comp="3217" pin=135"/></net>

<net id="3493"><net_src comp="432" pin="2"/><net_sink comp="3217" pin=136"/></net>

<net id="3494"><net_src comp="1528" pin="1"/><net_sink comp="3217" pin=137"/></net>

<net id="3635"><net_src comp="356" pin="0"/><net_sink comp="3495" pin=0"/></net>

<net id="3636"><net_src comp="1236" pin="2"/><net_sink comp="3495" pin=1"/></net>

<net id="3637"><net_src comp="1230" pin="2"/><net_sink comp="3495" pin=2"/></net>

<net id="3638"><net_src comp="1224" pin="2"/><net_sink comp="3495" pin=3"/></net>

<net id="3639"><net_src comp="1218" pin="2"/><net_sink comp="3495" pin=4"/></net>

<net id="3640"><net_src comp="1212" pin="2"/><net_sink comp="3495" pin=5"/></net>

<net id="3641"><net_src comp="1206" pin="2"/><net_sink comp="3495" pin=6"/></net>

<net id="3642"><net_src comp="1200" pin="2"/><net_sink comp="3495" pin=7"/></net>

<net id="3643"><net_src comp="1194" pin="2"/><net_sink comp="3495" pin=8"/></net>

<net id="3644"><net_src comp="1188" pin="2"/><net_sink comp="3495" pin=9"/></net>

<net id="3645"><net_src comp="1182" pin="2"/><net_sink comp="3495" pin=10"/></net>

<net id="3646"><net_src comp="1176" pin="2"/><net_sink comp="3495" pin=11"/></net>

<net id="3647"><net_src comp="1170" pin="2"/><net_sink comp="3495" pin=12"/></net>

<net id="3648"><net_src comp="1164" pin="2"/><net_sink comp="3495" pin=13"/></net>

<net id="3649"><net_src comp="1158" pin="2"/><net_sink comp="3495" pin=14"/></net>

<net id="3650"><net_src comp="1152" pin="2"/><net_sink comp="3495" pin=15"/></net>

<net id="3651"><net_src comp="1146" pin="2"/><net_sink comp="3495" pin=16"/></net>

<net id="3652"><net_src comp="1140" pin="2"/><net_sink comp="3495" pin=17"/></net>

<net id="3653"><net_src comp="1134" pin="2"/><net_sink comp="3495" pin=18"/></net>

<net id="3654"><net_src comp="1128" pin="2"/><net_sink comp="3495" pin=19"/></net>

<net id="3655"><net_src comp="1122" pin="2"/><net_sink comp="3495" pin=20"/></net>

<net id="3656"><net_src comp="1116" pin="2"/><net_sink comp="3495" pin=21"/></net>

<net id="3657"><net_src comp="1110" pin="2"/><net_sink comp="3495" pin=22"/></net>

<net id="3658"><net_src comp="1104" pin="2"/><net_sink comp="3495" pin=23"/></net>

<net id="3659"><net_src comp="1098" pin="2"/><net_sink comp="3495" pin=24"/></net>

<net id="3660"><net_src comp="1092" pin="2"/><net_sink comp="3495" pin=25"/></net>

<net id="3661"><net_src comp="1086" pin="2"/><net_sink comp="3495" pin=26"/></net>

<net id="3662"><net_src comp="1080" pin="2"/><net_sink comp="3495" pin=27"/></net>

<net id="3663"><net_src comp="1074" pin="2"/><net_sink comp="3495" pin=28"/></net>

<net id="3664"><net_src comp="1068" pin="2"/><net_sink comp="3495" pin=29"/></net>

<net id="3665"><net_src comp="1062" pin="2"/><net_sink comp="3495" pin=30"/></net>

<net id="3666"><net_src comp="1056" pin="2"/><net_sink comp="3495" pin=31"/></net>

<net id="3667"><net_src comp="1050" pin="2"/><net_sink comp="3495" pin=32"/></net>

<net id="3668"><net_src comp="1044" pin="2"/><net_sink comp="3495" pin=33"/></net>

<net id="3669"><net_src comp="1038" pin="2"/><net_sink comp="3495" pin=34"/></net>

<net id="3670"><net_src comp="1032" pin="2"/><net_sink comp="3495" pin=35"/></net>

<net id="3671"><net_src comp="1026" pin="2"/><net_sink comp="3495" pin=36"/></net>

<net id="3672"><net_src comp="1020" pin="2"/><net_sink comp="3495" pin=37"/></net>

<net id="3673"><net_src comp="1014" pin="2"/><net_sink comp="3495" pin=38"/></net>

<net id="3674"><net_src comp="1008" pin="2"/><net_sink comp="3495" pin=39"/></net>

<net id="3675"><net_src comp="1002" pin="2"/><net_sink comp="3495" pin=40"/></net>

<net id="3676"><net_src comp="996" pin="2"/><net_sink comp="3495" pin=41"/></net>

<net id="3677"><net_src comp="990" pin="2"/><net_sink comp="3495" pin=42"/></net>

<net id="3678"><net_src comp="984" pin="2"/><net_sink comp="3495" pin=43"/></net>

<net id="3679"><net_src comp="978" pin="2"/><net_sink comp="3495" pin=44"/></net>

<net id="3680"><net_src comp="972" pin="2"/><net_sink comp="3495" pin=45"/></net>

<net id="3681"><net_src comp="966" pin="2"/><net_sink comp="3495" pin=46"/></net>

<net id="3682"><net_src comp="960" pin="2"/><net_sink comp="3495" pin=47"/></net>

<net id="3683"><net_src comp="954" pin="2"/><net_sink comp="3495" pin=48"/></net>

<net id="3684"><net_src comp="948" pin="2"/><net_sink comp="3495" pin=49"/></net>

<net id="3685"><net_src comp="942" pin="2"/><net_sink comp="3495" pin=50"/></net>

<net id="3686"><net_src comp="936" pin="2"/><net_sink comp="3495" pin=51"/></net>

<net id="3687"><net_src comp="930" pin="2"/><net_sink comp="3495" pin=52"/></net>

<net id="3688"><net_src comp="924" pin="2"/><net_sink comp="3495" pin=53"/></net>

<net id="3689"><net_src comp="918" pin="2"/><net_sink comp="3495" pin=54"/></net>

<net id="3690"><net_src comp="912" pin="2"/><net_sink comp="3495" pin=55"/></net>

<net id="3691"><net_src comp="906" pin="2"/><net_sink comp="3495" pin=56"/></net>

<net id="3692"><net_src comp="900" pin="2"/><net_sink comp="3495" pin=57"/></net>

<net id="3693"><net_src comp="894" pin="2"/><net_sink comp="3495" pin=58"/></net>

<net id="3694"><net_src comp="888" pin="2"/><net_sink comp="3495" pin=59"/></net>

<net id="3695"><net_src comp="882" pin="2"/><net_sink comp="3495" pin=60"/></net>

<net id="3696"><net_src comp="876" pin="2"/><net_sink comp="3495" pin=61"/></net>

<net id="3697"><net_src comp="870" pin="2"/><net_sink comp="3495" pin=62"/></net>

<net id="3698"><net_src comp="864" pin="2"/><net_sink comp="3495" pin=63"/></net>

<net id="3699"><net_src comp="858" pin="2"/><net_sink comp="3495" pin=64"/></net>

<net id="3700"><net_src comp="852" pin="2"/><net_sink comp="3495" pin=65"/></net>

<net id="3701"><net_src comp="846" pin="2"/><net_sink comp="3495" pin=66"/></net>

<net id="3702"><net_src comp="840" pin="2"/><net_sink comp="3495" pin=67"/></net>

<net id="3703"><net_src comp="834" pin="2"/><net_sink comp="3495" pin=68"/></net>

<net id="3704"><net_src comp="828" pin="2"/><net_sink comp="3495" pin=69"/></net>

<net id="3705"><net_src comp="822" pin="2"/><net_sink comp="3495" pin=70"/></net>

<net id="3706"><net_src comp="816" pin="2"/><net_sink comp="3495" pin=71"/></net>

<net id="3707"><net_src comp="810" pin="2"/><net_sink comp="3495" pin=72"/></net>

<net id="3708"><net_src comp="804" pin="2"/><net_sink comp="3495" pin=73"/></net>

<net id="3709"><net_src comp="798" pin="2"/><net_sink comp="3495" pin=74"/></net>

<net id="3710"><net_src comp="792" pin="2"/><net_sink comp="3495" pin=75"/></net>

<net id="3711"><net_src comp="786" pin="2"/><net_sink comp="3495" pin=76"/></net>

<net id="3712"><net_src comp="780" pin="2"/><net_sink comp="3495" pin=77"/></net>

<net id="3713"><net_src comp="774" pin="2"/><net_sink comp="3495" pin=78"/></net>

<net id="3714"><net_src comp="768" pin="2"/><net_sink comp="3495" pin=79"/></net>

<net id="3715"><net_src comp="762" pin="2"/><net_sink comp="3495" pin=80"/></net>

<net id="3716"><net_src comp="756" pin="2"/><net_sink comp="3495" pin=81"/></net>

<net id="3717"><net_src comp="750" pin="2"/><net_sink comp="3495" pin=82"/></net>

<net id="3718"><net_src comp="744" pin="2"/><net_sink comp="3495" pin=83"/></net>

<net id="3719"><net_src comp="738" pin="2"/><net_sink comp="3495" pin=84"/></net>

<net id="3720"><net_src comp="732" pin="2"/><net_sink comp="3495" pin=85"/></net>

<net id="3721"><net_src comp="726" pin="2"/><net_sink comp="3495" pin=86"/></net>

<net id="3722"><net_src comp="720" pin="2"/><net_sink comp="3495" pin=87"/></net>

<net id="3723"><net_src comp="714" pin="2"/><net_sink comp="3495" pin=88"/></net>

<net id="3724"><net_src comp="708" pin="2"/><net_sink comp="3495" pin=89"/></net>

<net id="3725"><net_src comp="702" pin="2"/><net_sink comp="3495" pin=90"/></net>

<net id="3726"><net_src comp="696" pin="2"/><net_sink comp="3495" pin=91"/></net>

<net id="3727"><net_src comp="690" pin="2"/><net_sink comp="3495" pin=92"/></net>

<net id="3728"><net_src comp="684" pin="2"/><net_sink comp="3495" pin=93"/></net>

<net id="3729"><net_src comp="678" pin="2"/><net_sink comp="3495" pin=94"/></net>

<net id="3730"><net_src comp="672" pin="2"/><net_sink comp="3495" pin=95"/></net>

<net id="3731"><net_src comp="666" pin="2"/><net_sink comp="3495" pin=96"/></net>

<net id="3732"><net_src comp="660" pin="2"/><net_sink comp="3495" pin=97"/></net>

<net id="3733"><net_src comp="654" pin="2"/><net_sink comp="3495" pin=98"/></net>

<net id="3734"><net_src comp="648" pin="2"/><net_sink comp="3495" pin=99"/></net>

<net id="3735"><net_src comp="642" pin="2"/><net_sink comp="3495" pin=100"/></net>

<net id="3736"><net_src comp="636" pin="2"/><net_sink comp="3495" pin=101"/></net>

<net id="3737"><net_src comp="630" pin="2"/><net_sink comp="3495" pin=102"/></net>

<net id="3738"><net_src comp="624" pin="2"/><net_sink comp="3495" pin=103"/></net>

<net id="3739"><net_src comp="618" pin="2"/><net_sink comp="3495" pin=104"/></net>

<net id="3740"><net_src comp="612" pin="2"/><net_sink comp="3495" pin=105"/></net>

<net id="3741"><net_src comp="606" pin="2"/><net_sink comp="3495" pin=106"/></net>

<net id="3742"><net_src comp="600" pin="2"/><net_sink comp="3495" pin=107"/></net>

<net id="3743"><net_src comp="594" pin="2"/><net_sink comp="3495" pin=108"/></net>

<net id="3744"><net_src comp="588" pin="2"/><net_sink comp="3495" pin=109"/></net>

<net id="3745"><net_src comp="582" pin="2"/><net_sink comp="3495" pin=110"/></net>

<net id="3746"><net_src comp="576" pin="2"/><net_sink comp="3495" pin=111"/></net>

<net id="3747"><net_src comp="570" pin="2"/><net_sink comp="3495" pin=112"/></net>

<net id="3748"><net_src comp="564" pin="2"/><net_sink comp="3495" pin=113"/></net>

<net id="3749"><net_src comp="558" pin="2"/><net_sink comp="3495" pin=114"/></net>

<net id="3750"><net_src comp="552" pin="2"/><net_sink comp="3495" pin=115"/></net>

<net id="3751"><net_src comp="546" pin="2"/><net_sink comp="3495" pin=116"/></net>

<net id="3752"><net_src comp="540" pin="2"/><net_sink comp="3495" pin=117"/></net>

<net id="3753"><net_src comp="534" pin="2"/><net_sink comp="3495" pin=118"/></net>

<net id="3754"><net_src comp="528" pin="2"/><net_sink comp="3495" pin=119"/></net>

<net id="3755"><net_src comp="522" pin="2"/><net_sink comp="3495" pin=120"/></net>

<net id="3756"><net_src comp="516" pin="2"/><net_sink comp="3495" pin=121"/></net>

<net id="3757"><net_src comp="510" pin="2"/><net_sink comp="3495" pin=122"/></net>

<net id="3758"><net_src comp="504" pin="2"/><net_sink comp="3495" pin=123"/></net>

<net id="3759"><net_src comp="498" pin="2"/><net_sink comp="3495" pin=124"/></net>

<net id="3760"><net_src comp="492" pin="2"/><net_sink comp="3495" pin=125"/></net>

<net id="3761"><net_src comp="486" pin="2"/><net_sink comp="3495" pin=126"/></net>

<net id="3762"><net_src comp="480" pin="2"/><net_sink comp="3495" pin=127"/></net>

<net id="3763"><net_src comp="474" pin="2"/><net_sink comp="3495" pin=128"/></net>

<net id="3764"><net_src comp="468" pin="2"/><net_sink comp="3495" pin=129"/></net>

<net id="3765"><net_src comp="462" pin="2"/><net_sink comp="3495" pin=130"/></net>

<net id="3766"><net_src comp="456" pin="2"/><net_sink comp="3495" pin=131"/></net>

<net id="3767"><net_src comp="450" pin="2"/><net_sink comp="3495" pin=132"/></net>

<net id="3768"><net_src comp="444" pin="2"/><net_sink comp="3495" pin=133"/></net>

<net id="3769"><net_src comp="438" pin="2"/><net_sink comp="3495" pin=134"/></net>

<net id="3770"><net_src comp="432" pin="2"/><net_sink comp="3495" pin=135"/></net>

<net id="3771"><net_src comp="426" pin="2"/><net_sink comp="3495" pin=136"/></net>

<net id="3772"><net_src comp="1528" pin="1"/><net_sink comp="3495" pin=137"/></net>

<net id="3913"><net_src comp="356" pin="0"/><net_sink comp="3773" pin=0"/></net>

<net id="3914"><net_src comp="1230" pin="2"/><net_sink comp="3773" pin=1"/></net>

<net id="3915"><net_src comp="1224" pin="2"/><net_sink comp="3773" pin=2"/></net>

<net id="3916"><net_src comp="1218" pin="2"/><net_sink comp="3773" pin=3"/></net>

<net id="3917"><net_src comp="1212" pin="2"/><net_sink comp="3773" pin=4"/></net>

<net id="3918"><net_src comp="1206" pin="2"/><net_sink comp="3773" pin=5"/></net>

<net id="3919"><net_src comp="1200" pin="2"/><net_sink comp="3773" pin=6"/></net>

<net id="3920"><net_src comp="1194" pin="2"/><net_sink comp="3773" pin=7"/></net>

<net id="3921"><net_src comp="1188" pin="2"/><net_sink comp="3773" pin=8"/></net>

<net id="3922"><net_src comp="1182" pin="2"/><net_sink comp="3773" pin=9"/></net>

<net id="3923"><net_src comp="1176" pin="2"/><net_sink comp="3773" pin=10"/></net>

<net id="3924"><net_src comp="1170" pin="2"/><net_sink comp="3773" pin=11"/></net>

<net id="3925"><net_src comp="1164" pin="2"/><net_sink comp="3773" pin=12"/></net>

<net id="3926"><net_src comp="1158" pin="2"/><net_sink comp="3773" pin=13"/></net>

<net id="3927"><net_src comp="1152" pin="2"/><net_sink comp="3773" pin=14"/></net>

<net id="3928"><net_src comp="1146" pin="2"/><net_sink comp="3773" pin=15"/></net>

<net id="3929"><net_src comp="1140" pin="2"/><net_sink comp="3773" pin=16"/></net>

<net id="3930"><net_src comp="1134" pin="2"/><net_sink comp="3773" pin=17"/></net>

<net id="3931"><net_src comp="1128" pin="2"/><net_sink comp="3773" pin=18"/></net>

<net id="3932"><net_src comp="1122" pin="2"/><net_sink comp="3773" pin=19"/></net>

<net id="3933"><net_src comp="1116" pin="2"/><net_sink comp="3773" pin=20"/></net>

<net id="3934"><net_src comp="1110" pin="2"/><net_sink comp="3773" pin=21"/></net>

<net id="3935"><net_src comp="1104" pin="2"/><net_sink comp="3773" pin=22"/></net>

<net id="3936"><net_src comp="1098" pin="2"/><net_sink comp="3773" pin=23"/></net>

<net id="3937"><net_src comp="1092" pin="2"/><net_sink comp="3773" pin=24"/></net>

<net id="3938"><net_src comp="1086" pin="2"/><net_sink comp="3773" pin=25"/></net>

<net id="3939"><net_src comp="1080" pin="2"/><net_sink comp="3773" pin=26"/></net>

<net id="3940"><net_src comp="1074" pin="2"/><net_sink comp="3773" pin=27"/></net>

<net id="3941"><net_src comp="1068" pin="2"/><net_sink comp="3773" pin=28"/></net>

<net id="3942"><net_src comp="1062" pin="2"/><net_sink comp="3773" pin=29"/></net>

<net id="3943"><net_src comp="1056" pin="2"/><net_sink comp="3773" pin=30"/></net>

<net id="3944"><net_src comp="1050" pin="2"/><net_sink comp="3773" pin=31"/></net>

<net id="3945"><net_src comp="1044" pin="2"/><net_sink comp="3773" pin=32"/></net>

<net id="3946"><net_src comp="1038" pin="2"/><net_sink comp="3773" pin=33"/></net>

<net id="3947"><net_src comp="1032" pin="2"/><net_sink comp="3773" pin=34"/></net>

<net id="3948"><net_src comp="1026" pin="2"/><net_sink comp="3773" pin=35"/></net>

<net id="3949"><net_src comp="1020" pin="2"/><net_sink comp="3773" pin=36"/></net>

<net id="3950"><net_src comp="1014" pin="2"/><net_sink comp="3773" pin=37"/></net>

<net id="3951"><net_src comp="1008" pin="2"/><net_sink comp="3773" pin=38"/></net>

<net id="3952"><net_src comp="1002" pin="2"/><net_sink comp="3773" pin=39"/></net>

<net id="3953"><net_src comp="996" pin="2"/><net_sink comp="3773" pin=40"/></net>

<net id="3954"><net_src comp="990" pin="2"/><net_sink comp="3773" pin=41"/></net>

<net id="3955"><net_src comp="984" pin="2"/><net_sink comp="3773" pin=42"/></net>

<net id="3956"><net_src comp="978" pin="2"/><net_sink comp="3773" pin=43"/></net>

<net id="3957"><net_src comp="972" pin="2"/><net_sink comp="3773" pin=44"/></net>

<net id="3958"><net_src comp="966" pin="2"/><net_sink comp="3773" pin=45"/></net>

<net id="3959"><net_src comp="960" pin="2"/><net_sink comp="3773" pin=46"/></net>

<net id="3960"><net_src comp="954" pin="2"/><net_sink comp="3773" pin=47"/></net>

<net id="3961"><net_src comp="948" pin="2"/><net_sink comp="3773" pin=48"/></net>

<net id="3962"><net_src comp="942" pin="2"/><net_sink comp="3773" pin=49"/></net>

<net id="3963"><net_src comp="936" pin="2"/><net_sink comp="3773" pin=50"/></net>

<net id="3964"><net_src comp="930" pin="2"/><net_sink comp="3773" pin=51"/></net>

<net id="3965"><net_src comp="924" pin="2"/><net_sink comp="3773" pin=52"/></net>

<net id="3966"><net_src comp="918" pin="2"/><net_sink comp="3773" pin=53"/></net>

<net id="3967"><net_src comp="912" pin="2"/><net_sink comp="3773" pin=54"/></net>

<net id="3968"><net_src comp="906" pin="2"/><net_sink comp="3773" pin=55"/></net>

<net id="3969"><net_src comp="900" pin="2"/><net_sink comp="3773" pin=56"/></net>

<net id="3970"><net_src comp="894" pin="2"/><net_sink comp="3773" pin=57"/></net>

<net id="3971"><net_src comp="888" pin="2"/><net_sink comp="3773" pin=58"/></net>

<net id="3972"><net_src comp="882" pin="2"/><net_sink comp="3773" pin=59"/></net>

<net id="3973"><net_src comp="876" pin="2"/><net_sink comp="3773" pin=60"/></net>

<net id="3974"><net_src comp="870" pin="2"/><net_sink comp="3773" pin=61"/></net>

<net id="3975"><net_src comp="864" pin="2"/><net_sink comp="3773" pin=62"/></net>

<net id="3976"><net_src comp="858" pin="2"/><net_sink comp="3773" pin=63"/></net>

<net id="3977"><net_src comp="852" pin="2"/><net_sink comp="3773" pin=64"/></net>

<net id="3978"><net_src comp="846" pin="2"/><net_sink comp="3773" pin=65"/></net>

<net id="3979"><net_src comp="840" pin="2"/><net_sink comp="3773" pin=66"/></net>

<net id="3980"><net_src comp="834" pin="2"/><net_sink comp="3773" pin=67"/></net>

<net id="3981"><net_src comp="828" pin="2"/><net_sink comp="3773" pin=68"/></net>

<net id="3982"><net_src comp="822" pin="2"/><net_sink comp="3773" pin=69"/></net>

<net id="3983"><net_src comp="816" pin="2"/><net_sink comp="3773" pin=70"/></net>

<net id="3984"><net_src comp="810" pin="2"/><net_sink comp="3773" pin=71"/></net>

<net id="3985"><net_src comp="804" pin="2"/><net_sink comp="3773" pin=72"/></net>

<net id="3986"><net_src comp="798" pin="2"/><net_sink comp="3773" pin=73"/></net>

<net id="3987"><net_src comp="792" pin="2"/><net_sink comp="3773" pin=74"/></net>

<net id="3988"><net_src comp="786" pin="2"/><net_sink comp="3773" pin=75"/></net>

<net id="3989"><net_src comp="780" pin="2"/><net_sink comp="3773" pin=76"/></net>

<net id="3990"><net_src comp="774" pin="2"/><net_sink comp="3773" pin=77"/></net>

<net id="3991"><net_src comp="768" pin="2"/><net_sink comp="3773" pin=78"/></net>

<net id="3992"><net_src comp="762" pin="2"/><net_sink comp="3773" pin=79"/></net>

<net id="3993"><net_src comp="756" pin="2"/><net_sink comp="3773" pin=80"/></net>

<net id="3994"><net_src comp="750" pin="2"/><net_sink comp="3773" pin=81"/></net>

<net id="3995"><net_src comp="744" pin="2"/><net_sink comp="3773" pin=82"/></net>

<net id="3996"><net_src comp="738" pin="2"/><net_sink comp="3773" pin=83"/></net>

<net id="3997"><net_src comp="732" pin="2"/><net_sink comp="3773" pin=84"/></net>

<net id="3998"><net_src comp="726" pin="2"/><net_sink comp="3773" pin=85"/></net>

<net id="3999"><net_src comp="720" pin="2"/><net_sink comp="3773" pin=86"/></net>

<net id="4000"><net_src comp="714" pin="2"/><net_sink comp="3773" pin=87"/></net>

<net id="4001"><net_src comp="708" pin="2"/><net_sink comp="3773" pin=88"/></net>

<net id="4002"><net_src comp="702" pin="2"/><net_sink comp="3773" pin=89"/></net>

<net id="4003"><net_src comp="696" pin="2"/><net_sink comp="3773" pin=90"/></net>

<net id="4004"><net_src comp="690" pin="2"/><net_sink comp="3773" pin=91"/></net>

<net id="4005"><net_src comp="684" pin="2"/><net_sink comp="3773" pin=92"/></net>

<net id="4006"><net_src comp="678" pin="2"/><net_sink comp="3773" pin=93"/></net>

<net id="4007"><net_src comp="672" pin="2"/><net_sink comp="3773" pin=94"/></net>

<net id="4008"><net_src comp="666" pin="2"/><net_sink comp="3773" pin=95"/></net>

<net id="4009"><net_src comp="660" pin="2"/><net_sink comp="3773" pin=96"/></net>

<net id="4010"><net_src comp="654" pin="2"/><net_sink comp="3773" pin=97"/></net>

<net id="4011"><net_src comp="648" pin="2"/><net_sink comp="3773" pin=98"/></net>

<net id="4012"><net_src comp="642" pin="2"/><net_sink comp="3773" pin=99"/></net>

<net id="4013"><net_src comp="636" pin="2"/><net_sink comp="3773" pin=100"/></net>

<net id="4014"><net_src comp="630" pin="2"/><net_sink comp="3773" pin=101"/></net>

<net id="4015"><net_src comp="624" pin="2"/><net_sink comp="3773" pin=102"/></net>

<net id="4016"><net_src comp="618" pin="2"/><net_sink comp="3773" pin=103"/></net>

<net id="4017"><net_src comp="612" pin="2"/><net_sink comp="3773" pin=104"/></net>

<net id="4018"><net_src comp="606" pin="2"/><net_sink comp="3773" pin=105"/></net>

<net id="4019"><net_src comp="600" pin="2"/><net_sink comp="3773" pin=106"/></net>

<net id="4020"><net_src comp="594" pin="2"/><net_sink comp="3773" pin=107"/></net>

<net id="4021"><net_src comp="588" pin="2"/><net_sink comp="3773" pin=108"/></net>

<net id="4022"><net_src comp="582" pin="2"/><net_sink comp="3773" pin=109"/></net>

<net id="4023"><net_src comp="576" pin="2"/><net_sink comp="3773" pin=110"/></net>

<net id="4024"><net_src comp="570" pin="2"/><net_sink comp="3773" pin=111"/></net>

<net id="4025"><net_src comp="564" pin="2"/><net_sink comp="3773" pin=112"/></net>

<net id="4026"><net_src comp="558" pin="2"/><net_sink comp="3773" pin=113"/></net>

<net id="4027"><net_src comp="552" pin="2"/><net_sink comp="3773" pin=114"/></net>

<net id="4028"><net_src comp="546" pin="2"/><net_sink comp="3773" pin=115"/></net>

<net id="4029"><net_src comp="540" pin="2"/><net_sink comp="3773" pin=116"/></net>

<net id="4030"><net_src comp="534" pin="2"/><net_sink comp="3773" pin=117"/></net>

<net id="4031"><net_src comp="528" pin="2"/><net_sink comp="3773" pin=118"/></net>

<net id="4032"><net_src comp="522" pin="2"/><net_sink comp="3773" pin=119"/></net>

<net id="4033"><net_src comp="516" pin="2"/><net_sink comp="3773" pin=120"/></net>

<net id="4034"><net_src comp="510" pin="2"/><net_sink comp="3773" pin=121"/></net>

<net id="4035"><net_src comp="504" pin="2"/><net_sink comp="3773" pin=122"/></net>

<net id="4036"><net_src comp="498" pin="2"/><net_sink comp="3773" pin=123"/></net>

<net id="4037"><net_src comp="492" pin="2"/><net_sink comp="3773" pin=124"/></net>

<net id="4038"><net_src comp="486" pin="2"/><net_sink comp="3773" pin=125"/></net>

<net id="4039"><net_src comp="480" pin="2"/><net_sink comp="3773" pin=126"/></net>

<net id="4040"><net_src comp="474" pin="2"/><net_sink comp="3773" pin=127"/></net>

<net id="4041"><net_src comp="468" pin="2"/><net_sink comp="3773" pin=128"/></net>

<net id="4042"><net_src comp="462" pin="2"/><net_sink comp="3773" pin=129"/></net>

<net id="4043"><net_src comp="456" pin="2"/><net_sink comp="3773" pin=130"/></net>

<net id="4044"><net_src comp="450" pin="2"/><net_sink comp="3773" pin=131"/></net>

<net id="4045"><net_src comp="444" pin="2"/><net_sink comp="3773" pin=132"/></net>

<net id="4046"><net_src comp="438" pin="2"/><net_sink comp="3773" pin=133"/></net>

<net id="4047"><net_src comp="432" pin="2"/><net_sink comp="3773" pin=134"/></net>

<net id="4048"><net_src comp="426" pin="2"/><net_sink comp="3773" pin=135"/></net>

<net id="4049"><net_src comp="420" pin="2"/><net_sink comp="3773" pin=136"/></net>

<net id="4050"><net_src comp="1528" pin="1"/><net_sink comp="3773" pin=137"/></net>

<net id="4191"><net_src comp="356" pin="0"/><net_sink comp="4051" pin=0"/></net>

<net id="4192"><net_src comp="1224" pin="2"/><net_sink comp="4051" pin=1"/></net>

<net id="4193"><net_src comp="1218" pin="2"/><net_sink comp="4051" pin=2"/></net>

<net id="4194"><net_src comp="1212" pin="2"/><net_sink comp="4051" pin=3"/></net>

<net id="4195"><net_src comp="1206" pin="2"/><net_sink comp="4051" pin=4"/></net>

<net id="4196"><net_src comp="1200" pin="2"/><net_sink comp="4051" pin=5"/></net>

<net id="4197"><net_src comp="1194" pin="2"/><net_sink comp="4051" pin=6"/></net>

<net id="4198"><net_src comp="1188" pin="2"/><net_sink comp="4051" pin=7"/></net>

<net id="4199"><net_src comp="1182" pin="2"/><net_sink comp="4051" pin=8"/></net>

<net id="4200"><net_src comp="1176" pin="2"/><net_sink comp="4051" pin=9"/></net>

<net id="4201"><net_src comp="1170" pin="2"/><net_sink comp="4051" pin=10"/></net>

<net id="4202"><net_src comp="1164" pin="2"/><net_sink comp="4051" pin=11"/></net>

<net id="4203"><net_src comp="1158" pin="2"/><net_sink comp="4051" pin=12"/></net>

<net id="4204"><net_src comp="1152" pin="2"/><net_sink comp="4051" pin=13"/></net>

<net id="4205"><net_src comp="1146" pin="2"/><net_sink comp="4051" pin=14"/></net>

<net id="4206"><net_src comp="1140" pin="2"/><net_sink comp="4051" pin=15"/></net>

<net id="4207"><net_src comp="1134" pin="2"/><net_sink comp="4051" pin=16"/></net>

<net id="4208"><net_src comp="1128" pin="2"/><net_sink comp="4051" pin=17"/></net>

<net id="4209"><net_src comp="1122" pin="2"/><net_sink comp="4051" pin=18"/></net>

<net id="4210"><net_src comp="1116" pin="2"/><net_sink comp="4051" pin=19"/></net>

<net id="4211"><net_src comp="1110" pin="2"/><net_sink comp="4051" pin=20"/></net>

<net id="4212"><net_src comp="1104" pin="2"/><net_sink comp="4051" pin=21"/></net>

<net id="4213"><net_src comp="1098" pin="2"/><net_sink comp="4051" pin=22"/></net>

<net id="4214"><net_src comp="1092" pin="2"/><net_sink comp="4051" pin=23"/></net>

<net id="4215"><net_src comp="1086" pin="2"/><net_sink comp="4051" pin=24"/></net>

<net id="4216"><net_src comp="1080" pin="2"/><net_sink comp="4051" pin=25"/></net>

<net id="4217"><net_src comp="1074" pin="2"/><net_sink comp="4051" pin=26"/></net>

<net id="4218"><net_src comp="1068" pin="2"/><net_sink comp="4051" pin=27"/></net>

<net id="4219"><net_src comp="1062" pin="2"/><net_sink comp="4051" pin=28"/></net>

<net id="4220"><net_src comp="1056" pin="2"/><net_sink comp="4051" pin=29"/></net>

<net id="4221"><net_src comp="1050" pin="2"/><net_sink comp="4051" pin=30"/></net>

<net id="4222"><net_src comp="1044" pin="2"/><net_sink comp="4051" pin=31"/></net>

<net id="4223"><net_src comp="1038" pin="2"/><net_sink comp="4051" pin=32"/></net>

<net id="4224"><net_src comp="1032" pin="2"/><net_sink comp="4051" pin=33"/></net>

<net id="4225"><net_src comp="1026" pin="2"/><net_sink comp="4051" pin=34"/></net>

<net id="4226"><net_src comp="1020" pin="2"/><net_sink comp="4051" pin=35"/></net>

<net id="4227"><net_src comp="1014" pin="2"/><net_sink comp="4051" pin=36"/></net>

<net id="4228"><net_src comp="1008" pin="2"/><net_sink comp="4051" pin=37"/></net>

<net id="4229"><net_src comp="1002" pin="2"/><net_sink comp="4051" pin=38"/></net>

<net id="4230"><net_src comp="996" pin="2"/><net_sink comp="4051" pin=39"/></net>

<net id="4231"><net_src comp="990" pin="2"/><net_sink comp="4051" pin=40"/></net>

<net id="4232"><net_src comp="984" pin="2"/><net_sink comp="4051" pin=41"/></net>

<net id="4233"><net_src comp="978" pin="2"/><net_sink comp="4051" pin=42"/></net>

<net id="4234"><net_src comp="972" pin="2"/><net_sink comp="4051" pin=43"/></net>

<net id="4235"><net_src comp="966" pin="2"/><net_sink comp="4051" pin=44"/></net>

<net id="4236"><net_src comp="960" pin="2"/><net_sink comp="4051" pin=45"/></net>

<net id="4237"><net_src comp="954" pin="2"/><net_sink comp="4051" pin=46"/></net>

<net id="4238"><net_src comp="948" pin="2"/><net_sink comp="4051" pin=47"/></net>

<net id="4239"><net_src comp="942" pin="2"/><net_sink comp="4051" pin=48"/></net>

<net id="4240"><net_src comp="936" pin="2"/><net_sink comp="4051" pin=49"/></net>

<net id="4241"><net_src comp="930" pin="2"/><net_sink comp="4051" pin=50"/></net>

<net id="4242"><net_src comp="924" pin="2"/><net_sink comp="4051" pin=51"/></net>

<net id="4243"><net_src comp="918" pin="2"/><net_sink comp="4051" pin=52"/></net>

<net id="4244"><net_src comp="912" pin="2"/><net_sink comp="4051" pin=53"/></net>

<net id="4245"><net_src comp="906" pin="2"/><net_sink comp="4051" pin=54"/></net>

<net id="4246"><net_src comp="900" pin="2"/><net_sink comp="4051" pin=55"/></net>

<net id="4247"><net_src comp="894" pin="2"/><net_sink comp="4051" pin=56"/></net>

<net id="4248"><net_src comp="888" pin="2"/><net_sink comp="4051" pin=57"/></net>

<net id="4249"><net_src comp="882" pin="2"/><net_sink comp="4051" pin=58"/></net>

<net id="4250"><net_src comp="876" pin="2"/><net_sink comp="4051" pin=59"/></net>

<net id="4251"><net_src comp="870" pin="2"/><net_sink comp="4051" pin=60"/></net>

<net id="4252"><net_src comp="864" pin="2"/><net_sink comp="4051" pin=61"/></net>

<net id="4253"><net_src comp="858" pin="2"/><net_sink comp="4051" pin=62"/></net>

<net id="4254"><net_src comp="852" pin="2"/><net_sink comp="4051" pin=63"/></net>

<net id="4255"><net_src comp="846" pin="2"/><net_sink comp="4051" pin=64"/></net>

<net id="4256"><net_src comp="840" pin="2"/><net_sink comp="4051" pin=65"/></net>

<net id="4257"><net_src comp="834" pin="2"/><net_sink comp="4051" pin=66"/></net>

<net id="4258"><net_src comp="828" pin="2"/><net_sink comp="4051" pin=67"/></net>

<net id="4259"><net_src comp="822" pin="2"/><net_sink comp="4051" pin=68"/></net>

<net id="4260"><net_src comp="816" pin="2"/><net_sink comp="4051" pin=69"/></net>

<net id="4261"><net_src comp="810" pin="2"/><net_sink comp="4051" pin=70"/></net>

<net id="4262"><net_src comp="804" pin="2"/><net_sink comp="4051" pin=71"/></net>

<net id="4263"><net_src comp="798" pin="2"/><net_sink comp="4051" pin=72"/></net>

<net id="4264"><net_src comp="792" pin="2"/><net_sink comp="4051" pin=73"/></net>

<net id="4265"><net_src comp="786" pin="2"/><net_sink comp="4051" pin=74"/></net>

<net id="4266"><net_src comp="780" pin="2"/><net_sink comp="4051" pin=75"/></net>

<net id="4267"><net_src comp="774" pin="2"/><net_sink comp="4051" pin=76"/></net>

<net id="4268"><net_src comp="768" pin="2"/><net_sink comp="4051" pin=77"/></net>

<net id="4269"><net_src comp="762" pin="2"/><net_sink comp="4051" pin=78"/></net>

<net id="4270"><net_src comp="756" pin="2"/><net_sink comp="4051" pin=79"/></net>

<net id="4271"><net_src comp="750" pin="2"/><net_sink comp="4051" pin=80"/></net>

<net id="4272"><net_src comp="744" pin="2"/><net_sink comp="4051" pin=81"/></net>

<net id="4273"><net_src comp="738" pin="2"/><net_sink comp="4051" pin=82"/></net>

<net id="4274"><net_src comp="732" pin="2"/><net_sink comp="4051" pin=83"/></net>

<net id="4275"><net_src comp="726" pin="2"/><net_sink comp="4051" pin=84"/></net>

<net id="4276"><net_src comp="720" pin="2"/><net_sink comp="4051" pin=85"/></net>

<net id="4277"><net_src comp="714" pin="2"/><net_sink comp="4051" pin=86"/></net>

<net id="4278"><net_src comp="708" pin="2"/><net_sink comp="4051" pin=87"/></net>

<net id="4279"><net_src comp="702" pin="2"/><net_sink comp="4051" pin=88"/></net>

<net id="4280"><net_src comp="696" pin="2"/><net_sink comp="4051" pin=89"/></net>

<net id="4281"><net_src comp="690" pin="2"/><net_sink comp="4051" pin=90"/></net>

<net id="4282"><net_src comp="684" pin="2"/><net_sink comp="4051" pin=91"/></net>

<net id="4283"><net_src comp="678" pin="2"/><net_sink comp="4051" pin=92"/></net>

<net id="4284"><net_src comp="672" pin="2"/><net_sink comp="4051" pin=93"/></net>

<net id="4285"><net_src comp="666" pin="2"/><net_sink comp="4051" pin=94"/></net>

<net id="4286"><net_src comp="660" pin="2"/><net_sink comp="4051" pin=95"/></net>

<net id="4287"><net_src comp="654" pin="2"/><net_sink comp="4051" pin=96"/></net>

<net id="4288"><net_src comp="648" pin="2"/><net_sink comp="4051" pin=97"/></net>

<net id="4289"><net_src comp="642" pin="2"/><net_sink comp="4051" pin=98"/></net>

<net id="4290"><net_src comp="636" pin="2"/><net_sink comp="4051" pin=99"/></net>

<net id="4291"><net_src comp="630" pin="2"/><net_sink comp="4051" pin=100"/></net>

<net id="4292"><net_src comp="624" pin="2"/><net_sink comp="4051" pin=101"/></net>

<net id="4293"><net_src comp="618" pin="2"/><net_sink comp="4051" pin=102"/></net>

<net id="4294"><net_src comp="612" pin="2"/><net_sink comp="4051" pin=103"/></net>

<net id="4295"><net_src comp="606" pin="2"/><net_sink comp="4051" pin=104"/></net>

<net id="4296"><net_src comp="600" pin="2"/><net_sink comp="4051" pin=105"/></net>

<net id="4297"><net_src comp="594" pin="2"/><net_sink comp="4051" pin=106"/></net>

<net id="4298"><net_src comp="588" pin="2"/><net_sink comp="4051" pin=107"/></net>

<net id="4299"><net_src comp="582" pin="2"/><net_sink comp="4051" pin=108"/></net>

<net id="4300"><net_src comp="576" pin="2"/><net_sink comp="4051" pin=109"/></net>

<net id="4301"><net_src comp="570" pin="2"/><net_sink comp="4051" pin=110"/></net>

<net id="4302"><net_src comp="564" pin="2"/><net_sink comp="4051" pin=111"/></net>

<net id="4303"><net_src comp="558" pin="2"/><net_sink comp="4051" pin=112"/></net>

<net id="4304"><net_src comp="552" pin="2"/><net_sink comp="4051" pin=113"/></net>

<net id="4305"><net_src comp="546" pin="2"/><net_sink comp="4051" pin=114"/></net>

<net id="4306"><net_src comp="540" pin="2"/><net_sink comp="4051" pin=115"/></net>

<net id="4307"><net_src comp="534" pin="2"/><net_sink comp="4051" pin=116"/></net>

<net id="4308"><net_src comp="528" pin="2"/><net_sink comp="4051" pin=117"/></net>

<net id="4309"><net_src comp="522" pin="2"/><net_sink comp="4051" pin=118"/></net>

<net id="4310"><net_src comp="516" pin="2"/><net_sink comp="4051" pin=119"/></net>

<net id="4311"><net_src comp="510" pin="2"/><net_sink comp="4051" pin=120"/></net>

<net id="4312"><net_src comp="504" pin="2"/><net_sink comp="4051" pin=121"/></net>

<net id="4313"><net_src comp="498" pin="2"/><net_sink comp="4051" pin=122"/></net>

<net id="4314"><net_src comp="492" pin="2"/><net_sink comp="4051" pin=123"/></net>

<net id="4315"><net_src comp="486" pin="2"/><net_sink comp="4051" pin=124"/></net>

<net id="4316"><net_src comp="480" pin="2"/><net_sink comp="4051" pin=125"/></net>

<net id="4317"><net_src comp="474" pin="2"/><net_sink comp="4051" pin=126"/></net>

<net id="4318"><net_src comp="468" pin="2"/><net_sink comp="4051" pin=127"/></net>

<net id="4319"><net_src comp="462" pin="2"/><net_sink comp="4051" pin=128"/></net>

<net id="4320"><net_src comp="456" pin="2"/><net_sink comp="4051" pin=129"/></net>

<net id="4321"><net_src comp="450" pin="2"/><net_sink comp="4051" pin=130"/></net>

<net id="4322"><net_src comp="444" pin="2"/><net_sink comp="4051" pin=131"/></net>

<net id="4323"><net_src comp="438" pin="2"/><net_sink comp="4051" pin=132"/></net>

<net id="4324"><net_src comp="432" pin="2"/><net_sink comp="4051" pin=133"/></net>

<net id="4325"><net_src comp="426" pin="2"/><net_sink comp="4051" pin=134"/></net>

<net id="4326"><net_src comp="420" pin="2"/><net_sink comp="4051" pin=135"/></net>

<net id="4327"><net_src comp="414" pin="2"/><net_sink comp="4051" pin=136"/></net>

<net id="4328"><net_src comp="1528" pin="1"/><net_sink comp="4051" pin=137"/></net>

<net id="4469"><net_src comp="356" pin="0"/><net_sink comp="4329" pin=0"/></net>

<net id="4470"><net_src comp="1218" pin="2"/><net_sink comp="4329" pin=1"/></net>

<net id="4471"><net_src comp="1212" pin="2"/><net_sink comp="4329" pin=2"/></net>

<net id="4472"><net_src comp="1206" pin="2"/><net_sink comp="4329" pin=3"/></net>

<net id="4473"><net_src comp="1200" pin="2"/><net_sink comp="4329" pin=4"/></net>

<net id="4474"><net_src comp="1194" pin="2"/><net_sink comp="4329" pin=5"/></net>

<net id="4475"><net_src comp="1188" pin="2"/><net_sink comp="4329" pin=6"/></net>

<net id="4476"><net_src comp="1182" pin="2"/><net_sink comp="4329" pin=7"/></net>

<net id="4477"><net_src comp="1176" pin="2"/><net_sink comp="4329" pin=8"/></net>

<net id="4478"><net_src comp="1170" pin="2"/><net_sink comp="4329" pin=9"/></net>

<net id="4479"><net_src comp="1164" pin="2"/><net_sink comp="4329" pin=10"/></net>

<net id="4480"><net_src comp="1158" pin="2"/><net_sink comp="4329" pin=11"/></net>

<net id="4481"><net_src comp="1152" pin="2"/><net_sink comp="4329" pin=12"/></net>

<net id="4482"><net_src comp="1146" pin="2"/><net_sink comp="4329" pin=13"/></net>

<net id="4483"><net_src comp="1140" pin="2"/><net_sink comp="4329" pin=14"/></net>

<net id="4484"><net_src comp="1134" pin="2"/><net_sink comp="4329" pin=15"/></net>

<net id="4485"><net_src comp="1128" pin="2"/><net_sink comp="4329" pin=16"/></net>

<net id="4486"><net_src comp="1122" pin="2"/><net_sink comp="4329" pin=17"/></net>

<net id="4487"><net_src comp="1116" pin="2"/><net_sink comp="4329" pin=18"/></net>

<net id="4488"><net_src comp="1110" pin="2"/><net_sink comp="4329" pin=19"/></net>

<net id="4489"><net_src comp="1104" pin="2"/><net_sink comp="4329" pin=20"/></net>

<net id="4490"><net_src comp="1098" pin="2"/><net_sink comp="4329" pin=21"/></net>

<net id="4491"><net_src comp="1092" pin="2"/><net_sink comp="4329" pin=22"/></net>

<net id="4492"><net_src comp="1086" pin="2"/><net_sink comp="4329" pin=23"/></net>

<net id="4493"><net_src comp="1080" pin="2"/><net_sink comp="4329" pin=24"/></net>

<net id="4494"><net_src comp="1074" pin="2"/><net_sink comp="4329" pin=25"/></net>

<net id="4495"><net_src comp="1068" pin="2"/><net_sink comp="4329" pin=26"/></net>

<net id="4496"><net_src comp="1062" pin="2"/><net_sink comp="4329" pin=27"/></net>

<net id="4497"><net_src comp="1056" pin="2"/><net_sink comp="4329" pin=28"/></net>

<net id="4498"><net_src comp="1050" pin="2"/><net_sink comp="4329" pin=29"/></net>

<net id="4499"><net_src comp="1044" pin="2"/><net_sink comp="4329" pin=30"/></net>

<net id="4500"><net_src comp="1038" pin="2"/><net_sink comp="4329" pin=31"/></net>

<net id="4501"><net_src comp="1032" pin="2"/><net_sink comp="4329" pin=32"/></net>

<net id="4502"><net_src comp="1026" pin="2"/><net_sink comp="4329" pin=33"/></net>

<net id="4503"><net_src comp="1020" pin="2"/><net_sink comp="4329" pin=34"/></net>

<net id="4504"><net_src comp="1014" pin="2"/><net_sink comp="4329" pin=35"/></net>

<net id="4505"><net_src comp="1008" pin="2"/><net_sink comp="4329" pin=36"/></net>

<net id="4506"><net_src comp="1002" pin="2"/><net_sink comp="4329" pin=37"/></net>

<net id="4507"><net_src comp="996" pin="2"/><net_sink comp="4329" pin=38"/></net>

<net id="4508"><net_src comp="990" pin="2"/><net_sink comp="4329" pin=39"/></net>

<net id="4509"><net_src comp="984" pin="2"/><net_sink comp="4329" pin=40"/></net>

<net id="4510"><net_src comp="978" pin="2"/><net_sink comp="4329" pin=41"/></net>

<net id="4511"><net_src comp="972" pin="2"/><net_sink comp="4329" pin=42"/></net>

<net id="4512"><net_src comp="966" pin="2"/><net_sink comp="4329" pin=43"/></net>

<net id="4513"><net_src comp="960" pin="2"/><net_sink comp="4329" pin=44"/></net>

<net id="4514"><net_src comp="954" pin="2"/><net_sink comp="4329" pin=45"/></net>

<net id="4515"><net_src comp="948" pin="2"/><net_sink comp="4329" pin=46"/></net>

<net id="4516"><net_src comp="942" pin="2"/><net_sink comp="4329" pin=47"/></net>

<net id="4517"><net_src comp="936" pin="2"/><net_sink comp="4329" pin=48"/></net>

<net id="4518"><net_src comp="930" pin="2"/><net_sink comp="4329" pin=49"/></net>

<net id="4519"><net_src comp="924" pin="2"/><net_sink comp="4329" pin=50"/></net>

<net id="4520"><net_src comp="918" pin="2"/><net_sink comp="4329" pin=51"/></net>

<net id="4521"><net_src comp="912" pin="2"/><net_sink comp="4329" pin=52"/></net>

<net id="4522"><net_src comp="906" pin="2"/><net_sink comp="4329" pin=53"/></net>

<net id="4523"><net_src comp="900" pin="2"/><net_sink comp="4329" pin=54"/></net>

<net id="4524"><net_src comp="894" pin="2"/><net_sink comp="4329" pin=55"/></net>

<net id="4525"><net_src comp="888" pin="2"/><net_sink comp="4329" pin=56"/></net>

<net id="4526"><net_src comp="882" pin="2"/><net_sink comp="4329" pin=57"/></net>

<net id="4527"><net_src comp="876" pin="2"/><net_sink comp="4329" pin=58"/></net>

<net id="4528"><net_src comp="870" pin="2"/><net_sink comp="4329" pin=59"/></net>

<net id="4529"><net_src comp="864" pin="2"/><net_sink comp="4329" pin=60"/></net>

<net id="4530"><net_src comp="858" pin="2"/><net_sink comp="4329" pin=61"/></net>

<net id="4531"><net_src comp="852" pin="2"/><net_sink comp="4329" pin=62"/></net>

<net id="4532"><net_src comp="846" pin="2"/><net_sink comp="4329" pin=63"/></net>

<net id="4533"><net_src comp="840" pin="2"/><net_sink comp="4329" pin=64"/></net>

<net id="4534"><net_src comp="834" pin="2"/><net_sink comp="4329" pin=65"/></net>

<net id="4535"><net_src comp="828" pin="2"/><net_sink comp="4329" pin=66"/></net>

<net id="4536"><net_src comp="822" pin="2"/><net_sink comp="4329" pin=67"/></net>

<net id="4537"><net_src comp="816" pin="2"/><net_sink comp="4329" pin=68"/></net>

<net id="4538"><net_src comp="810" pin="2"/><net_sink comp="4329" pin=69"/></net>

<net id="4539"><net_src comp="804" pin="2"/><net_sink comp="4329" pin=70"/></net>

<net id="4540"><net_src comp="798" pin="2"/><net_sink comp="4329" pin=71"/></net>

<net id="4541"><net_src comp="792" pin="2"/><net_sink comp="4329" pin=72"/></net>

<net id="4542"><net_src comp="786" pin="2"/><net_sink comp="4329" pin=73"/></net>

<net id="4543"><net_src comp="780" pin="2"/><net_sink comp="4329" pin=74"/></net>

<net id="4544"><net_src comp="774" pin="2"/><net_sink comp="4329" pin=75"/></net>

<net id="4545"><net_src comp="768" pin="2"/><net_sink comp="4329" pin=76"/></net>

<net id="4546"><net_src comp="762" pin="2"/><net_sink comp="4329" pin=77"/></net>

<net id="4547"><net_src comp="756" pin="2"/><net_sink comp="4329" pin=78"/></net>

<net id="4548"><net_src comp="750" pin="2"/><net_sink comp="4329" pin=79"/></net>

<net id="4549"><net_src comp="744" pin="2"/><net_sink comp="4329" pin=80"/></net>

<net id="4550"><net_src comp="738" pin="2"/><net_sink comp="4329" pin=81"/></net>

<net id="4551"><net_src comp="732" pin="2"/><net_sink comp="4329" pin=82"/></net>

<net id="4552"><net_src comp="726" pin="2"/><net_sink comp="4329" pin=83"/></net>

<net id="4553"><net_src comp="720" pin="2"/><net_sink comp="4329" pin=84"/></net>

<net id="4554"><net_src comp="714" pin="2"/><net_sink comp="4329" pin=85"/></net>

<net id="4555"><net_src comp="708" pin="2"/><net_sink comp="4329" pin=86"/></net>

<net id="4556"><net_src comp="702" pin="2"/><net_sink comp="4329" pin=87"/></net>

<net id="4557"><net_src comp="696" pin="2"/><net_sink comp="4329" pin=88"/></net>

<net id="4558"><net_src comp="690" pin="2"/><net_sink comp="4329" pin=89"/></net>

<net id="4559"><net_src comp="684" pin="2"/><net_sink comp="4329" pin=90"/></net>

<net id="4560"><net_src comp="678" pin="2"/><net_sink comp="4329" pin=91"/></net>

<net id="4561"><net_src comp="672" pin="2"/><net_sink comp="4329" pin=92"/></net>

<net id="4562"><net_src comp="666" pin="2"/><net_sink comp="4329" pin=93"/></net>

<net id="4563"><net_src comp="660" pin="2"/><net_sink comp="4329" pin=94"/></net>

<net id="4564"><net_src comp="654" pin="2"/><net_sink comp="4329" pin=95"/></net>

<net id="4565"><net_src comp="648" pin="2"/><net_sink comp="4329" pin=96"/></net>

<net id="4566"><net_src comp="642" pin="2"/><net_sink comp="4329" pin=97"/></net>

<net id="4567"><net_src comp="636" pin="2"/><net_sink comp="4329" pin=98"/></net>

<net id="4568"><net_src comp="630" pin="2"/><net_sink comp="4329" pin=99"/></net>

<net id="4569"><net_src comp="624" pin="2"/><net_sink comp="4329" pin=100"/></net>

<net id="4570"><net_src comp="618" pin="2"/><net_sink comp="4329" pin=101"/></net>

<net id="4571"><net_src comp="612" pin="2"/><net_sink comp="4329" pin=102"/></net>

<net id="4572"><net_src comp="606" pin="2"/><net_sink comp="4329" pin=103"/></net>

<net id="4573"><net_src comp="600" pin="2"/><net_sink comp="4329" pin=104"/></net>

<net id="4574"><net_src comp="594" pin="2"/><net_sink comp="4329" pin=105"/></net>

<net id="4575"><net_src comp="588" pin="2"/><net_sink comp="4329" pin=106"/></net>

<net id="4576"><net_src comp="582" pin="2"/><net_sink comp="4329" pin=107"/></net>

<net id="4577"><net_src comp="576" pin="2"/><net_sink comp="4329" pin=108"/></net>

<net id="4578"><net_src comp="570" pin="2"/><net_sink comp="4329" pin=109"/></net>

<net id="4579"><net_src comp="564" pin="2"/><net_sink comp="4329" pin=110"/></net>

<net id="4580"><net_src comp="558" pin="2"/><net_sink comp="4329" pin=111"/></net>

<net id="4581"><net_src comp="552" pin="2"/><net_sink comp="4329" pin=112"/></net>

<net id="4582"><net_src comp="546" pin="2"/><net_sink comp="4329" pin=113"/></net>

<net id="4583"><net_src comp="540" pin="2"/><net_sink comp="4329" pin=114"/></net>

<net id="4584"><net_src comp="534" pin="2"/><net_sink comp="4329" pin=115"/></net>

<net id="4585"><net_src comp="528" pin="2"/><net_sink comp="4329" pin=116"/></net>

<net id="4586"><net_src comp="522" pin="2"/><net_sink comp="4329" pin=117"/></net>

<net id="4587"><net_src comp="516" pin="2"/><net_sink comp="4329" pin=118"/></net>

<net id="4588"><net_src comp="510" pin="2"/><net_sink comp="4329" pin=119"/></net>

<net id="4589"><net_src comp="504" pin="2"/><net_sink comp="4329" pin=120"/></net>

<net id="4590"><net_src comp="498" pin="2"/><net_sink comp="4329" pin=121"/></net>

<net id="4591"><net_src comp="492" pin="2"/><net_sink comp="4329" pin=122"/></net>

<net id="4592"><net_src comp="486" pin="2"/><net_sink comp="4329" pin=123"/></net>

<net id="4593"><net_src comp="480" pin="2"/><net_sink comp="4329" pin=124"/></net>

<net id="4594"><net_src comp="474" pin="2"/><net_sink comp="4329" pin=125"/></net>

<net id="4595"><net_src comp="468" pin="2"/><net_sink comp="4329" pin=126"/></net>

<net id="4596"><net_src comp="462" pin="2"/><net_sink comp="4329" pin=127"/></net>

<net id="4597"><net_src comp="456" pin="2"/><net_sink comp="4329" pin=128"/></net>

<net id="4598"><net_src comp="450" pin="2"/><net_sink comp="4329" pin=129"/></net>

<net id="4599"><net_src comp="444" pin="2"/><net_sink comp="4329" pin=130"/></net>

<net id="4600"><net_src comp="438" pin="2"/><net_sink comp="4329" pin=131"/></net>

<net id="4601"><net_src comp="432" pin="2"/><net_sink comp="4329" pin=132"/></net>

<net id="4602"><net_src comp="426" pin="2"/><net_sink comp="4329" pin=133"/></net>

<net id="4603"><net_src comp="420" pin="2"/><net_sink comp="4329" pin=134"/></net>

<net id="4604"><net_src comp="414" pin="2"/><net_sink comp="4329" pin=135"/></net>

<net id="4605"><net_src comp="408" pin="2"/><net_sink comp="4329" pin=136"/></net>

<net id="4606"><net_src comp="1528" pin="1"/><net_sink comp="4329" pin=137"/></net>

<net id="4747"><net_src comp="356" pin="0"/><net_sink comp="4607" pin=0"/></net>

<net id="4748"><net_src comp="1212" pin="2"/><net_sink comp="4607" pin=1"/></net>

<net id="4749"><net_src comp="1206" pin="2"/><net_sink comp="4607" pin=2"/></net>

<net id="4750"><net_src comp="1200" pin="2"/><net_sink comp="4607" pin=3"/></net>

<net id="4751"><net_src comp="1194" pin="2"/><net_sink comp="4607" pin=4"/></net>

<net id="4752"><net_src comp="1188" pin="2"/><net_sink comp="4607" pin=5"/></net>

<net id="4753"><net_src comp="1182" pin="2"/><net_sink comp="4607" pin=6"/></net>

<net id="4754"><net_src comp="1176" pin="2"/><net_sink comp="4607" pin=7"/></net>

<net id="4755"><net_src comp="1170" pin="2"/><net_sink comp="4607" pin=8"/></net>

<net id="4756"><net_src comp="1164" pin="2"/><net_sink comp="4607" pin=9"/></net>

<net id="4757"><net_src comp="1158" pin="2"/><net_sink comp="4607" pin=10"/></net>

<net id="4758"><net_src comp="1152" pin="2"/><net_sink comp="4607" pin=11"/></net>

<net id="4759"><net_src comp="1146" pin="2"/><net_sink comp="4607" pin=12"/></net>

<net id="4760"><net_src comp="1140" pin="2"/><net_sink comp="4607" pin=13"/></net>

<net id="4761"><net_src comp="1134" pin="2"/><net_sink comp="4607" pin=14"/></net>

<net id="4762"><net_src comp="1128" pin="2"/><net_sink comp="4607" pin=15"/></net>

<net id="4763"><net_src comp="1122" pin="2"/><net_sink comp="4607" pin=16"/></net>

<net id="4764"><net_src comp="1116" pin="2"/><net_sink comp="4607" pin=17"/></net>

<net id="4765"><net_src comp="1110" pin="2"/><net_sink comp="4607" pin=18"/></net>

<net id="4766"><net_src comp="1104" pin="2"/><net_sink comp="4607" pin=19"/></net>

<net id="4767"><net_src comp="1098" pin="2"/><net_sink comp="4607" pin=20"/></net>

<net id="4768"><net_src comp="1092" pin="2"/><net_sink comp="4607" pin=21"/></net>

<net id="4769"><net_src comp="1086" pin="2"/><net_sink comp="4607" pin=22"/></net>

<net id="4770"><net_src comp="1080" pin="2"/><net_sink comp="4607" pin=23"/></net>

<net id="4771"><net_src comp="1074" pin="2"/><net_sink comp="4607" pin=24"/></net>

<net id="4772"><net_src comp="1068" pin="2"/><net_sink comp="4607" pin=25"/></net>

<net id="4773"><net_src comp="1062" pin="2"/><net_sink comp="4607" pin=26"/></net>

<net id="4774"><net_src comp="1056" pin="2"/><net_sink comp="4607" pin=27"/></net>

<net id="4775"><net_src comp="1050" pin="2"/><net_sink comp="4607" pin=28"/></net>

<net id="4776"><net_src comp="1044" pin="2"/><net_sink comp="4607" pin=29"/></net>

<net id="4777"><net_src comp="1038" pin="2"/><net_sink comp="4607" pin=30"/></net>

<net id="4778"><net_src comp="1032" pin="2"/><net_sink comp="4607" pin=31"/></net>

<net id="4779"><net_src comp="1026" pin="2"/><net_sink comp="4607" pin=32"/></net>

<net id="4780"><net_src comp="1020" pin="2"/><net_sink comp="4607" pin=33"/></net>

<net id="4781"><net_src comp="1014" pin="2"/><net_sink comp="4607" pin=34"/></net>

<net id="4782"><net_src comp="1008" pin="2"/><net_sink comp="4607" pin=35"/></net>

<net id="4783"><net_src comp="1002" pin="2"/><net_sink comp="4607" pin=36"/></net>

<net id="4784"><net_src comp="996" pin="2"/><net_sink comp="4607" pin=37"/></net>

<net id="4785"><net_src comp="990" pin="2"/><net_sink comp="4607" pin=38"/></net>

<net id="4786"><net_src comp="984" pin="2"/><net_sink comp="4607" pin=39"/></net>

<net id="4787"><net_src comp="978" pin="2"/><net_sink comp="4607" pin=40"/></net>

<net id="4788"><net_src comp="972" pin="2"/><net_sink comp="4607" pin=41"/></net>

<net id="4789"><net_src comp="966" pin="2"/><net_sink comp="4607" pin=42"/></net>

<net id="4790"><net_src comp="960" pin="2"/><net_sink comp="4607" pin=43"/></net>

<net id="4791"><net_src comp="954" pin="2"/><net_sink comp="4607" pin=44"/></net>

<net id="4792"><net_src comp="948" pin="2"/><net_sink comp="4607" pin=45"/></net>

<net id="4793"><net_src comp="942" pin="2"/><net_sink comp="4607" pin=46"/></net>

<net id="4794"><net_src comp="936" pin="2"/><net_sink comp="4607" pin=47"/></net>

<net id="4795"><net_src comp="930" pin="2"/><net_sink comp="4607" pin=48"/></net>

<net id="4796"><net_src comp="924" pin="2"/><net_sink comp="4607" pin=49"/></net>

<net id="4797"><net_src comp="918" pin="2"/><net_sink comp="4607" pin=50"/></net>

<net id="4798"><net_src comp="912" pin="2"/><net_sink comp="4607" pin=51"/></net>

<net id="4799"><net_src comp="906" pin="2"/><net_sink comp="4607" pin=52"/></net>

<net id="4800"><net_src comp="900" pin="2"/><net_sink comp="4607" pin=53"/></net>

<net id="4801"><net_src comp="894" pin="2"/><net_sink comp="4607" pin=54"/></net>

<net id="4802"><net_src comp="888" pin="2"/><net_sink comp="4607" pin=55"/></net>

<net id="4803"><net_src comp="882" pin="2"/><net_sink comp="4607" pin=56"/></net>

<net id="4804"><net_src comp="876" pin="2"/><net_sink comp="4607" pin=57"/></net>

<net id="4805"><net_src comp="870" pin="2"/><net_sink comp="4607" pin=58"/></net>

<net id="4806"><net_src comp="864" pin="2"/><net_sink comp="4607" pin=59"/></net>

<net id="4807"><net_src comp="858" pin="2"/><net_sink comp="4607" pin=60"/></net>

<net id="4808"><net_src comp="852" pin="2"/><net_sink comp="4607" pin=61"/></net>

<net id="4809"><net_src comp="846" pin="2"/><net_sink comp="4607" pin=62"/></net>

<net id="4810"><net_src comp="840" pin="2"/><net_sink comp="4607" pin=63"/></net>

<net id="4811"><net_src comp="834" pin="2"/><net_sink comp="4607" pin=64"/></net>

<net id="4812"><net_src comp="828" pin="2"/><net_sink comp="4607" pin=65"/></net>

<net id="4813"><net_src comp="822" pin="2"/><net_sink comp="4607" pin=66"/></net>

<net id="4814"><net_src comp="816" pin="2"/><net_sink comp="4607" pin=67"/></net>

<net id="4815"><net_src comp="810" pin="2"/><net_sink comp="4607" pin=68"/></net>

<net id="4816"><net_src comp="804" pin="2"/><net_sink comp="4607" pin=69"/></net>

<net id="4817"><net_src comp="798" pin="2"/><net_sink comp="4607" pin=70"/></net>

<net id="4818"><net_src comp="792" pin="2"/><net_sink comp="4607" pin=71"/></net>

<net id="4819"><net_src comp="786" pin="2"/><net_sink comp="4607" pin=72"/></net>

<net id="4820"><net_src comp="780" pin="2"/><net_sink comp="4607" pin=73"/></net>

<net id="4821"><net_src comp="774" pin="2"/><net_sink comp="4607" pin=74"/></net>

<net id="4822"><net_src comp="768" pin="2"/><net_sink comp="4607" pin=75"/></net>

<net id="4823"><net_src comp="762" pin="2"/><net_sink comp="4607" pin=76"/></net>

<net id="4824"><net_src comp="756" pin="2"/><net_sink comp="4607" pin=77"/></net>

<net id="4825"><net_src comp="750" pin="2"/><net_sink comp="4607" pin=78"/></net>

<net id="4826"><net_src comp="744" pin="2"/><net_sink comp="4607" pin=79"/></net>

<net id="4827"><net_src comp="738" pin="2"/><net_sink comp="4607" pin=80"/></net>

<net id="4828"><net_src comp="732" pin="2"/><net_sink comp="4607" pin=81"/></net>

<net id="4829"><net_src comp="726" pin="2"/><net_sink comp="4607" pin=82"/></net>

<net id="4830"><net_src comp="720" pin="2"/><net_sink comp="4607" pin=83"/></net>

<net id="4831"><net_src comp="714" pin="2"/><net_sink comp="4607" pin=84"/></net>

<net id="4832"><net_src comp="708" pin="2"/><net_sink comp="4607" pin=85"/></net>

<net id="4833"><net_src comp="702" pin="2"/><net_sink comp="4607" pin=86"/></net>

<net id="4834"><net_src comp="696" pin="2"/><net_sink comp="4607" pin=87"/></net>

<net id="4835"><net_src comp="690" pin="2"/><net_sink comp="4607" pin=88"/></net>

<net id="4836"><net_src comp="684" pin="2"/><net_sink comp="4607" pin=89"/></net>

<net id="4837"><net_src comp="678" pin="2"/><net_sink comp="4607" pin=90"/></net>

<net id="4838"><net_src comp="672" pin="2"/><net_sink comp="4607" pin=91"/></net>

<net id="4839"><net_src comp="666" pin="2"/><net_sink comp="4607" pin=92"/></net>

<net id="4840"><net_src comp="660" pin="2"/><net_sink comp="4607" pin=93"/></net>

<net id="4841"><net_src comp="654" pin="2"/><net_sink comp="4607" pin=94"/></net>

<net id="4842"><net_src comp="648" pin="2"/><net_sink comp="4607" pin=95"/></net>

<net id="4843"><net_src comp="642" pin="2"/><net_sink comp="4607" pin=96"/></net>

<net id="4844"><net_src comp="636" pin="2"/><net_sink comp="4607" pin=97"/></net>

<net id="4845"><net_src comp="630" pin="2"/><net_sink comp="4607" pin=98"/></net>

<net id="4846"><net_src comp="624" pin="2"/><net_sink comp="4607" pin=99"/></net>

<net id="4847"><net_src comp="618" pin="2"/><net_sink comp="4607" pin=100"/></net>

<net id="4848"><net_src comp="612" pin="2"/><net_sink comp="4607" pin=101"/></net>

<net id="4849"><net_src comp="606" pin="2"/><net_sink comp="4607" pin=102"/></net>

<net id="4850"><net_src comp="600" pin="2"/><net_sink comp="4607" pin=103"/></net>

<net id="4851"><net_src comp="594" pin="2"/><net_sink comp="4607" pin=104"/></net>

<net id="4852"><net_src comp="588" pin="2"/><net_sink comp="4607" pin=105"/></net>

<net id="4853"><net_src comp="582" pin="2"/><net_sink comp="4607" pin=106"/></net>

<net id="4854"><net_src comp="576" pin="2"/><net_sink comp="4607" pin=107"/></net>

<net id="4855"><net_src comp="570" pin="2"/><net_sink comp="4607" pin=108"/></net>

<net id="4856"><net_src comp="564" pin="2"/><net_sink comp="4607" pin=109"/></net>

<net id="4857"><net_src comp="558" pin="2"/><net_sink comp="4607" pin=110"/></net>

<net id="4858"><net_src comp="552" pin="2"/><net_sink comp="4607" pin=111"/></net>

<net id="4859"><net_src comp="546" pin="2"/><net_sink comp="4607" pin=112"/></net>

<net id="4860"><net_src comp="540" pin="2"/><net_sink comp="4607" pin=113"/></net>

<net id="4861"><net_src comp="534" pin="2"/><net_sink comp="4607" pin=114"/></net>

<net id="4862"><net_src comp="528" pin="2"/><net_sink comp="4607" pin=115"/></net>

<net id="4863"><net_src comp="522" pin="2"/><net_sink comp="4607" pin=116"/></net>

<net id="4864"><net_src comp="516" pin="2"/><net_sink comp="4607" pin=117"/></net>

<net id="4865"><net_src comp="510" pin="2"/><net_sink comp="4607" pin=118"/></net>

<net id="4866"><net_src comp="504" pin="2"/><net_sink comp="4607" pin=119"/></net>

<net id="4867"><net_src comp="498" pin="2"/><net_sink comp="4607" pin=120"/></net>

<net id="4868"><net_src comp="492" pin="2"/><net_sink comp="4607" pin=121"/></net>

<net id="4869"><net_src comp="486" pin="2"/><net_sink comp="4607" pin=122"/></net>

<net id="4870"><net_src comp="480" pin="2"/><net_sink comp="4607" pin=123"/></net>

<net id="4871"><net_src comp="474" pin="2"/><net_sink comp="4607" pin=124"/></net>

<net id="4872"><net_src comp="468" pin="2"/><net_sink comp="4607" pin=125"/></net>

<net id="4873"><net_src comp="462" pin="2"/><net_sink comp="4607" pin=126"/></net>

<net id="4874"><net_src comp="456" pin="2"/><net_sink comp="4607" pin=127"/></net>

<net id="4875"><net_src comp="450" pin="2"/><net_sink comp="4607" pin=128"/></net>

<net id="4876"><net_src comp="444" pin="2"/><net_sink comp="4607" pin=129"/></net>

<net id="4877"><net_src comp="438" pin="2"/><net_sink comp="4607" pin=130"/></net>

<net id="4878"><net_src comp="432" pin="2"/><net_sink comp="4607" pin=131"/></net>

<net id="4879"><net_src comp="426" pin="2"/><net_sink comp="4607" pin=132"/></net>

<net id="4880"><net_src comp="420" pin="2"/><net_sink comp="4607" pin=133"/></net>

<net id="4881"><net_src comp="414" pin="2"/><net_sink comp="4607" pin=134"/></net>

<net id="4882"><net_src comp="408" pin="2"/><net_sink comp="4607" pin=135"/></net>

<net id="4883"><net_src comp="402" pin="2"/><net_sink comp="4607" pin=136"/></net>

<net id="4884"><net_src comp="1528" pin="1"/><net_sink comp="4607" pin=137"/></net>

<net id="5025"><net_src comp="356" pin="0"/><net_sink comp="4885" pin=0"/></net>

<net id="5026"><net_src comp="1206" pin="2"/><net_sink comp="4885" pin=1"/></net>

<net id="5027"><net_src comp="1200" pin="2"/><net_sink comp="4885" pin=2"/></net>

<net id="5028"><net_src comp="1194" pin="2"/><net_sink comp="4885" pin=3"/></net>

<net id="5029"><net_src comp="1188" pin="2"/><net_sink comp="4885" pin=4"/></net>

<net id="5030"><net_src comp="1182" pin="2"/><net_sink comp="4885" pin=5"/></net>

<net id="5031"><net_src comp="1176" pin="2"/><net_sink comp="4885" pin=6"/></net>

<net id="5032"><net_src comp="1170" pin="2"/><net_sink comp="4885" pin=7"/></net>

<net id="5033"><net_src comp="1164" pin="2"/><net_sink comp="4885" pin=8"/></net>

<net id="5034"><net_src comp="1158" pin="2"/><net_sink comp="4885" pin=9"/></net>

<net id="5035"><net_src comp="1152" pin="2"/><net_sink comp="4885" pin=10"/></net>

<net id="5036"><net_src comp="1146" pin="2"/><net_sink comp="4885" pin=11"/></net>

<net id="5037"><net_src comp="1140" pin="2"/><net_sink comp="4885" pin=12"/></net>

<net id="5038"><net_src comp="1134" pin="2"/><net_sink comp="4885" pin=13"/></net>

<net id="5039"><net_src comp="1128" pin="2"/><net_sink comp="4885" pin=14"/></net>

<net id="5040"><net_src comp="1122" pin="2"/><net_sink comp="4885" pin=15"/></net>

<net id="5041"><net_src comp="1116" pin="2"/><net_sink comp="4885" pin=16"/></net>

<net id="5042"><net_src comp="1110" pin="2"/><net_sink comp="4885" pin=17"/></net>

<net id="5043"><net_src comp="1104" pin="2"/><net_sink comp="4885" pin=18"/></net>

<net id="5044"><net_src comp="1098" pin="2"/><net_sink comp="4885" pin=19"/></net>

<net id="5045"><net_src comp="1092" pin="2"/><net_sink comp="4885" pin=20"/></net>

<net id="5046"><net_src comp="1086" pin="2"/><net_sink comp="4885" pin=21"/></net>

<net id="5047"><net_src comp="1080" pin="2"/><net_sink comp="4885" pin=22"/></net>

<net id="5048"><net_src comp="1074" pin="2"/><net_sink comp="4885" pin=23"/></net>

<net id="5049"><net_src comp="1068" pin="2"/><net_sink comp="4885" pin=24"/></net>

<net id="5050"><net_src comp="1062" pin="2"/><net_sink comp="4885" pin=25"/></net>

<net id="5051"><net_src comp="1056" pin="2"/><net_sink comp="4885" pin=26"/></net>

<net id="5052"><net_src comp="1050" pin="2"/><net_sink comp="4885" pin=27"/></net>

<net id="5053"><net_src comp="1044" pin="2"/><net_sink comp="4885" pin=28"/></net>

<net id="5054"><net_src comp="1038" pin="2"/><net_sink comp="4885" pin=29"/></net>

<net id="5055"><net_src comp="1032" pin="2"/><net_sink comp="4885" pin=30"/></net>

<net id="5056"><net_src comp="1026" pin="2"/><net_sink comp="4885" pin=31"/></net>

<net id="5057"><net_src comp="1020" pin="2"/><net_sink comp="4885" pin=32"/></net>

<net id="5058"><net_src comp="1014" pin="2"/><net_sink comp="4885" pin=33"/></net>

<net id="5059"><net_src comp="1008" pin="2"/><net_sink comp="4885" pin=34"/></net>

<net id="5060"><net_src comp="1002" pin="2"/><net_sink comp="4885" pin=35"/></net>

<net id="5061"><net_src comp="996" pin="2"/><net_sink comp="4885" pin=36"/></net>

<net id="5062"><net_src comp="990" pin="2"/><net_sink comp="4885" pin=37"/></net>

<net id="5063"><net_src comp="984" pin="2"/><net_sink comp="4885" pin=38"/></net>

<net id="5064"><net_src comp="978" pin="2"/><net_sink comp="4885" pin=39"/></net>

<net id="5065"><net_src comp="972" pin="2"/><net_sink comp="4885" pin=40"/></net>

<net id="5066"><net_src comp="966" pin="2"/><net_sink comp="4885" pin=41"/></net>

<net id="5067"><net_src comp="960" pin="2"/><net_sink comp="4885" pin=42"/></net>

<net id="5068"><net_src comp="954" pin="2"/><net_sink comp="4885" pin=43"/></net>

<net id="5069"><net_src comp="948" pin="2"/><net_sink comp="4885" pin=44"/></net>

<net id="5070"><net_src comp="942" pin="2"/><net_sink comp="4885" pin=45"/></net>

<net id="5071"><net_src comp="936" pin="2"/><net_sink comp="4885" pin=46"/></net>

<net id="5072"><net_src comp="930" pin="2"/><net_sink comp="4885" pin=47"/></net>

<net id="5073"><net_src comp="924" pin="2"/><net_sink comp="4885" pin=48"/></net>

<net id="5074"><net_src comp="918" pin="2"/><net_sink comp="4885" pin=49"/></net>

<net id="5075"><net_src comp="912" pin="2"/><net_sink comp="4885" pin=50"/></net>

<net id="5076"><net_src comp="906" pin="2"/><net_sink comp="4885" pin=51"/></net>

<net id="5077"><net_src comp="900" pin="2"/><net_sink comp="4885" pin=52"/></net>

<net id="5078"><net_src comp="894" pin="2"/><net_sink comp="4885" pin=53"/></net>

<net id="5079"><net_src comp="888" pin="2"/><net_sink comp="4885" pin=54"/></net>

<net id="5080"><net_src comp="882" pin="2"/><net_sink comp="4885" pin=55"/></net>

<net id="5081"><net_src comp="876" pin="2"/><net_sink comp="4885" pin=56"/></net>

<net id="5082"><net_src comp="870" pin="2"/><net_sink comp="4885" pin=57"/></net>

<net id="5083"><net_src comp="864" pin="2"/><net_sink comp="4885" pin=58"/></net>

<net id="5084"><net_src comp="858" pin="2"/><net_sink comp="4885" pin=59"/></net>

<net id="5085"><net_src comp="852" pin="2"/><net_sink comp="4885" pin=60"/></net>

<net id="5086"><net_src comp="846" pin="2"/><net_sink comp="4885" pin=61"/></net>

<net id="5087"><net_src comp="840" pin="2"/><net_sink comp="4885" pin=62"/></net>

<net id="5088"><net_src comp="834" pin="2"/><net_sink comp="4885" pin=63"/></net>

<net id="5089"><net_src comp="828" pin="2"/><net_sink comp="4885" pin=64"/></net>

<net id="5090"><net_src comp="822" pin="2"/><net_sink comp="4885" pin=65"/></net>

<net id="5091"><net_src comp="816" pin="2"/><net_sink comp="4885" pin=66"/></net>

<net id="5092"><net_src comp="810" pin="2"/><net_sink comp="4885" pin=67"/></net>

<net id="5093"><net_src comp="804" pin="2"/><net_sink comp="4885" pin=68"/></net>

<net id="5094"><net_src comp="798" pin="2"/><net_sink comp="4885" pin=69"/></net>

<net id="5095"><net_src comp="792" pin="2"/><net_sink comp="4885" pin=70"/></net>

<net id="5096"><net_src comp="786" pin="2"/><net_sink comp="4885" pin=71"/></net>

<net id="5097"><net_src comp="780" pin="2"/><net_sink comp="4885" pin=72"/></net>

<net id="5098"><net_src comp="774" pin="2"/><net_sink comp="4885" pin=73"/></net>

<net id="5099"><net_src comp="768" pin="2"/><net_sink comp="4885" pin=74"/></net>

<net id="5100"><net_src comp="762" pin="2"/><net_sink comp="4885" pin=75"/></net>

<net id="5101"><net_src comp="756" pin="2"/><net_sink comp="4885" pin=76"/></net>

<net id="5102"><net_src comp="750" pin="2"/><net_sink comp="4885" pin=77"/></net>

<net id="5103"><net_src comp="744" pin="2"/><net_sink comp="4885" pin=78"/></net>

<net id="5104"><net_src comp="738" pin="2"/><net_sink comp="4885" pin=79"/></net>

<net id="5105"><net_src comp="732" pin="2"/><net_sink comp="4885" pin=80"/></net>

<net id="5106"><net_src comp="726" pin="2"/><net_sink comp="4885" pin=81"/></net>

<net id="5107"><net_src comp="720" pin="2"/><net_sink comp="4885" pin=82"/></net>

<net id="5108"><net_src comp="714" pin="2"/><net_sink comp="4885" pin=83"/></net>

<net id="5109"><net_src comp="708" pin="2"/><net_sink comp="4885" pin=84"/></net>

<net id="5110"><net_src comp="702" pin="2"/><net_sink comp="4885" pin=85"/></net>

<net id="5111"><net_src comp="696" pin="2"/><net_sink comp="4885" pin=86"/></net>

<net id="5112"><net_src comp="690" pin="2"/><net_sink comp="4885" pin=87"/></net>

<net id="5113"><net_src comp="684" pin="2"/><net_sink comp="4885" pin=88"/></net>

<net id="5114"><net_src comp="678" pin="2"/><net_sink comp="4885" pin=89"/></net>

<net id="5115"><net_src comp="672" pin="2"/><net_sink comp="4885" pin=90"/></net>

<net id="5116"><net_src comp="666" pin="2"/><net_sink comp="4885" pin=91"/></net>

<net id="5117"><net_src comp="660" pin="2"/><net_sink comp="4885" pin=92"/></net>

<net id="5118"><net_src comp="654" pin="2"/><net_sink comp="4885" pin=93"/></net>

<net id="5119"><net_src comp="648" pin="2"/><net_sink comp="4885" pin=94"/></net>

<net id="5120"><net_src comp="642" pin="2"/><net_sink comp="4885" pin=95"/></net>

<net id="5121"><net_src comp="636" pin="2"/><net_sink comp="4885" pin=96"/></net>

<net id="5122"><net_src comp="630" pin="2"/><net_sink comp="4885" pin=97"/></net>

<net id="5123"><net_src comp="624" pin="2"/><net_sink comp="4885" pin=98"/></net>

<net id="5124"><net_src comp="618" pin="2"/><net_sink comp="4885" pin=99"/></net>

<net id="5125"><net_src comp="612" pin="2"/><net_sink comp="4885" pin=100"/></net>

<net id="5126"><net_src comp="606" pin="2"/><net_sink comp="4885" pin=101"/></net>

<net id="5127"><net_src comp="600" pin="2"/><net_sink comp="4885" pin=102"/></net>

<net id="5128"><net_src comp="594" pin="2"/><net_sink comp="4885" pin=103"/></net>

<net id="5129"><net_src comp="588" pin="2"/><net_sink comp="4885" pin=104"/></net>

<net id="5130"><net_src comp="582" pin="2"/><net_sink comp="4885" pin=105"/></net>

<net id="5131"><net_src comp="576" pin="2"/><net_sink comp="4885" pin=106"/></net>

<net id="5132"><net_src comp="570" pin="2"/><net_sink comp="4885" pin=107"/></net>

<net id="5133"><net_src comp="564" pin="2"/><net_sink comp="4885" pin=108"/></net>

<net id="5134"><net_src comp="558" pin="2"/><net_sink comp="4885" pin=109"/></net>

<net id="5135"><net_src comp="552" pin="2"/><net_sink comp="4885" pin=110"/></net>

<net id="5136"><net_src comp="546" pin="2"/><net_sink comp="4885" pin=111"/></net>

<net id="5137"><net_src comp="540" pin="2"/><net_sink comp="4885" pin=112"/></net>

<net id="5138"><net_src comp="534" pin="2"/><net_sink comp="4885" pin=113"/></net>

<net id="5139"><net_src comp="528" pin="2"/><net_sink comp="4885" pin=114"/></net>

<net id="5140"><net_src comp="522" pin="2"/><net_sink comp="4885" pin=115"/></net>

<net id="5141"><net_src comp="516" pin="2"/><net_sink comp="4885" pin=116"/></net>

<net id="5142"><net_src comp="510" pin="2"/><net_sink comp="4885" pin=117"/></net>

<net id="5143"><net_src comp="504" pin="2"/><net_sink comp="4885" pin=118"/></net>

<net id="5144"><net_src comp="498" pin="2"/><net_sink comp="4885" pin=119"/></net>

<net id="5145"><net_src comp="492" pin="2"/><net_sink comp="4885" pin=120"/></net>

<net id="5146"><net_src comp="486" pin="2"/><net_sink comp="4885" pin=121"/></net>

<net id="5147"><net_src comp="480" pin="2"/><net_sink comp="4885" pin=122"/></net>

<net id="5148"><net_src comp="474" pin="2"/><net_sink comp="4885" pin=123"/></net>

<net id="5149"><net_src comp="468" pin="2"/><net_sink comp="4885" pin=124"/></net>

<net id="5150"><net_src comp="462" pin="2"/><net_sink comp="4885" pin=125"/></net>

<net id="5151"><net_src comp="456" pin="2"/><net_sink comp="4885" pin=126"/></net>

<net id="5152"><net_src comp="450" pin="2"/><net_sink comp="4885" pin=127"/></net>

<net id="5153"><net_src comp="444" pin="2"/><net_sink comp="4885" pin=128"/></net>

<net id="5154"><net_src comp="438" pin="2"/><net_sink comp="4885" pin=129"/></net>

<net id="5155"><net_src comp="432" pin="2"/><net_sink comp="4885" pin=130"/></net>

<net id="5156"><net_src comp="426" pin="2"/><net_sink comp="4885" pin=131"/></net>

<net id="5157"><net_src comp="420" pin="2"/><net_sink comp="4885" pin=132"/></net>

<net id="5158"><net_src comp="414" pin="2"/><net_sink comp="4885" pin=133"/></net>

<net id="5159"><net_src comp="408" pin="2"/><net_sink comp="4885" pin=134"/></net>

<net id="5160"><net_src comp="402" pin="2"/><net_sink comp="4885" pin=135"/></net>

<net id="5161"><net_src comp="396" pin="2"/><net_sink comp="4885" pin=136"/></net>

<net id="5162"><net_src comp="1528" pin="1"/><net_sink comp="4885" pin=137"/></net>

<net id="5303"><net_src comp="356" pin="0"/><net_sink comp="5163" pin=0"/></net>

<net id="5304"><net_src comp="1200" pin="2"/><net_sink comp="5163" pin=1"/></net>

<net id="5305"><net_src comp="1194" pin="2"/><net_sink comp="5163" pin=2"/></net>

<net id="5306"><net_src comp="1188" pin="2"/><net_sink comp="5163" pin=3"/></net>

<net id="5307"><net_src comp="1182" pin="2"/><net_sink comp="5163" pin=4"/></net>

<net id="5308"><net_src comp="1176" pin="2"/><net_sink comp="5163" pin=5"/></net>

<net id="5309"><net_src comp="1170" pin="2"/><net_sink comp="5163" pin=6"/></net>

<net id="5310"><net_src comp="1164" pin="2"/><net_sink comp="5163" pin=7"/></net>

<net id="5311"><net_src comp="1158" pin="2"/><net_sink comp="5163" pin=8"/></net>

<net id="5312"><net_src comp="1152" pin="2"/><net_sink comp="5163" pin=9"/></net>

<net id="5313"><net_src comp="1146" pin="2"/><net_sink comp="5163" pin=10"/></net>

<net id="5314"><net_src comp="1140" pin="2"/><net_sink comp="5163" pin=11"/></net>

<net id="5315"><net_src comp="1134" pin="2"/><net_sink comp="5163" pin=12"/></net>

<net id="5316"><net_src comp="1128" pin="2"/><net_sink comp="5163" pin=13"/></net>

<net id="5317"><net_src comp="1122" pin="2"/><net_sink comp="5163" pin=14"/></net>

<net id="5318"><net_src comp="1116" pin="2"/><net_sink comp="5163" pin=15"/></net>

<net id="5319"><net_src comp="1110" pin="2"/><net_sink comp="5163" pin=16"/></net>

<net id="5320"><net_src comp="1104" pin="2"/><net_sink comp="5163" pin=17"/></net>

<net id="5321"><net_src comp="1098" pin="2"/><net_sink comp="5163" pin=18"/></net>

<net id="5322"><net_src comp="1092" pin="2"/><net_sink comp="5163" pin=19"/></net>

<net id="5323"><net_src comp="1086" pin="2"/><net_sink comp="5163" pin=20"/></net>

<net id="5324"><net_src comp="1080" pin="2"/><net_sink comp="5163" pin=21"/></net>

<net id="5325"><net_src comp="1074" pin="2"/><net_sink comp="5163" pin=22"/></net>

<net id="5326"><net_src comp="1068" pin="2"/><net_sink comp="5163" pin=23"/></net>

<net id="5327"><net_src comp="1062" pin="2"/><net_sink comp="5163" pin=24"/></net>

<net id="5328"><net_src comp="1056" pin="2"/><net_sink comp="5163" pin=25"/></net>

<net id="5329"><net_src comp="1050" pin="2"/><net_sink comp="5163" pin=26"/></net>

<net id="5330"><net_src comp="1044" pin="2"/><net_sink comp="5163" pin=27"/></net>

<net id="5331"><net_src comp="1038" pin="2"/><net_sink comp="5163" pin=28"/></net>

<net id="5332"><net_src comp="1032" pin="2"/><net_sink comp="5163" pin=29"/></net>

<net id="5333"><net_src comp="1026" pin="2"/><net_sink comp="5163" pin=30"/></net>

<net id="5334"><net_src comp="1020" pin="2"/><net_sink comp="5163" pin=31"/></net>

<net id="5335"><net_src comp="1014" pin="2"/><net_sink comp="5163" pin=32"/></net>

<net id="5336"><net_src comp="1008" pin="2"/><net_sink comp="5163" pin=33"/></net>

<net id="5337"><net_src comp="1002" pin="2"/><net_sink comp="5163" pin=34"/></net>

<net id="5338"><net_src comp="996" pin="2"/><net_sink comp="5163" pin=35"/></net>

<net id="5339"><net_src comp="990" pin="2"/><net_sink comp="5163" pin=36"/></net>

<net id="5340"><net_src comp="984" pin="2"/><net_sink comp="5163" pin=37"/></net>

<net id="5341"><net_src comp="978" pin="2"/><net_sink comp="5163" pin=38"/></net>

<net id="5342"><net_src comp="972" pin="2"/><net_sink comp="5163" pin=39"/></net>

<net id="5343"><net_src comp="966" pin="2"/><net_sink comp="5163" pin=40"/></net>

<net id="5344"><net_src comp="960" pin="2"/><net_sink comp="5163" pin=41"/></net>

<net id="5345"><net_src comp="954" pin="2"/><net_sink comp="5163" pin=42"/></net>

<net id="5346"><net_src comp="948" pin="2"/><net_sink comp="5163" pin=43"/></net>

<net id="5347"><net_src comp="942" pin="2"/><net_sink comp="5163" pin=44"/></net>

<net id="5348"><net_src comp="936" pin="2"/><net_sink comp="5163" pin=45"/></net>

<net id="5349"><net_src comp="930" pin="2"/><net_sink comp="5163" pin=46"/></net>

<net id="5350"><net_src comp="924" pin="2"/><net_sink comp="5163" pin=47"/></net>

<net id="5351"><net_src comp="918" pin="2"/><net_sink comp="5163" pin=48"/></net>

<net id="5352"><net_src comp="912" pin="2"/><net_sink comp="5163" pin=49"/></net>

<net id="5353"><net_src comp="906" pin="2"/><net_sink comp="5163" pin=50"/></net>

<net id="5354"><net_src comp="900" pin="2"/><net_sink comp="5163" pin=51"/></net>

<net id="5355"><net_src comp="894" pin="2"/><net_sink comp="5163" pin=52"/></net>

<net id="5356"><net_src comp="888" pin="2"/><net_sink comp="5163" pin=53"/></net>

<net id="5357"><net_src comp="882" pin="2"/><net_sink comp="5163" pin=54"/></net>

<net id="5358"><net_src comp="876" pin="2"/><net_sink comp="5163" pin=55"/></net>

<net id="5359"><net_src comp="870" pin="2"/><net_sink comp="5163" pin=56"/></net>

<net id="5360"><net_src comp="864" pin="2"/><net_sink comp="5163" pin=57"/></net>

<net id="5361"><net_src comp="858" pin="2"/><net_sink comp="5163" pin=58"/></net>

<net id="5362"><net_src comp="852" pin="2"/><net_sink comp="5163" pin=59"/></net>

<net id="5363"><net_src comp="846" pin="2"/><net_sink comp="5163" pin=60"/></net>

<net id="5364"><net_src comp="840" pin="2"/><net_sink comp="5163" pin=61"/></net>

<net id="5365"><net_src comp="834" pin="2"/><net_sink comp="5163" pin=62"/></net>

<net id="5366"><net_src comp="828" pin="2"/><net_sink comp="5163" pin=63"/></net>

<net id="5367"><net_src comp="822" pin="2"/><net_sink comp="5163" pin=64"/></net>

<net id="5368"><net_src comp="816" pin="2"/><net_sink comp="5163" pin=65"/></net>

<net id="5369"><net_src comp="810" pin="2"/><net_sink comp="5163" pin=66"/></net>

<net id="5370"><net_src comp="804" pin="2"/><net_sink comp="5163" pin=67"/></net>

<net id="5371"><net_src comp="798" pin="2"/><net_sink comp="5163" pin=68"/></net>

<net id="5372"><net_src comp="792" pin="2"/><net_sink comp="5163" pin=69"/></net>

<net id="5373"><net_src comp="786" pin="2"/><net_sink comp="5163" pin=70"/></net>

<net id="5374"><net_src comp="780" pin="2"/><net_sink comp="5163" pin=71"/></net>

<net id="5375"><net_src comp="774" pin="2"/><net_sink comp="5163" pin=72"/></net>

<net id="5376"><net_src comp="768" pin="2"/><net_sink comp="5163" pin=73"/></net>

<net id="5377"><net_src comp="762" pin="2"/><net_sink comp="5163" pin=74"/></net>

<net id="5378"><net_src comp="756" pin="2"/><net_sink comp="5163" pin=75"/></net>

<net id="5379"><net_src comp="750" pin="2"/><net_sink comp="5163" pin=76"/></net>

<net id="5380"><net_src comp="744" pin="2"/><net_sink comp="5163" pin=77"/></net>

<net id="5381"><net_src comp="738" pin="2"/><net_sink comp="5163" pin=78"/></net>

<net id="5382"><net_src comp="732" pin="2"/><net_sink comp="5163" pin=79"/></net>

<net id="5383"><net_src comp="726" pin="2"/><net_sink comp="5163" pin=80"/></net>

<net id="5384"><net_src comp="720" pin="2"/><net_sink comp="5163" pin=81"/></net>

<net id="5385"><net_src comp="714" pin="2"/><net_sink comp="5163" pin=82"/></net>

<net id="5386"><net_src comp="708" pin="2"/><net_sink comp="5163" pin=83"/></net>

<net id="5387"><net_src comp="702" pin="2"/><net_sink comp="5163" pin=84"/></net>

<net id="5388"><net_src comp="696" pin="2"/><net_sink comp="5163" pin=85"/></net>

<net id="5389"><net_src comp="690" pin="2"/><net_sink comp="5163" pin=86"/></net>

<net id="5390"><net_src comp="684" pin="2"/><net_sink comp="5163" pin=87"/></net>

<net id="5391"><net_src comp="678" pin="2"/><net_sink comp="5163" pin=88"/></net>

<net id="5392"><net_src comp="672" pin="2"/><net_sink comp="5163" pin=89"/></net>

<net id="5393"><net_src comp="666" pin="2"/><net_sink comp="5163" pin=90"/></net>

<net id="5394"><net_src comp="660" pin="2"/><net_sink comp="5163" pin=91"/></net>

<net id="5395"><net_src comp="654" pin="2"/><net_sink comp="5163" pin=92"/></net>

<net id="5396"><net_src comp="648" pin="2"/><net_sink comp="5163" pin=93"/></net>

<net id="5397"><net_src comp="642" pin="2"/><net_sink comp="5163" pin=94"/></net>

<net id="5398"><net_src comp="636" pin="2"/><net_sink comp="5163" pin=95"/></net>

<net id="5399"><net_src comp="630" pin="2"/><net_sink comp="5163" pin=96"/></net>

<net id="5400"><net_src comp="624" pin="2"/><net_sink comp="5163" pin=97"/></net>

<net id="5401"><net_src comp="618" pin="2"/><net_sink comp="5163" pin=98"/></net>

<net id="5402"><net_src comp="612" pin="2"/><net_sink comp="5163" pin=99"/></net>

<net id="5403"><net_src comp="606" pin="2"/><net_sink comp="5163" pin=100"/></net>

<net id="5404"><net_src comp="600" pin="2"/><net_sink comp="5163" pin=101"/></net>

<net id="5405"><net_src comp="594" pin="2"/><net_sink comp="5163" pin=102"/></net>

<net id="5406"><net_src comp="588" pin="2"/><net_sink comp="5163" pin=103"/></net>

<net id="5407"><net_src comp="582" pin="2"/><net_sink comp="5163" pin=104"/></net>

<net id="5408"><net_src comp="576" pin="2"/><net_sink comp="5163" pin=105"/></net>

<net id="5409"><net_src comp="570" pin="2"/><net_sink comp="5163" pin=106"/></net>

<net id="5410"><net_src comp="564" pin="2"/><net_sink comp="5163" pin=107"/></net>

<net id="5411"><net_src comp="558" pin="2"/><net_sink comp="5163" pin=108"/></net>

<net id="5412"><net_src comp="552" pin="2"/><net_sink comp="5163" pin=109"/></net>

<net id="5413"><net_src comp="546" pin="2"/><net_sink comp="5163" pin=110"/></net>

<net id="5414"><net_src comp="540" pin="2"/><net_sink comp="5163" pin=111"/></net>

<net id="5415"><net_src comp="534" pin="2"/><net_sink comp="5163" pin=112"/></net>

<net id="5416"><net_src comp="528" pin="2"/><net_sink comp="5163" pin=113"/></net>

<net id="5417"><net_src comp="522" pin="2"/><net_sink comp="5163" pin=114"/></net>

<net id="5418"><net_src comp="516" pin="2"/><net_sink comp="5163" pin=115"/></net>

<net id="5419"><net_src comp="510" pin="2"/><net_sink comp="5163" pin=116"/></net>

<net id="5420"><net_src comp="504" pin="2"/><net_sink comp="5163" pin=117"/></net>

<net id="5421"><net_src comp="498" pin="2"/><net_sink comp="5163" pin=118"/></net>

<net id="5422"><net_src comp="492" pin="2"/><net_sink comp="5163" pin=119"/></net>

<net id="5423"><net_src comp="486" pin="2"/><net_sink comp="5163" pin=120"/></net>

<net id="5424"><net_src comp="480" pin="2"/><net_sink comp="5163" pin=121"/></net>

<net id="5425"><net_src comp="474" pin="2"/><net_sink comp="5163" pin=122"/></net>

<net id="5426"><net_src comp="468" pin="2"/><net_sink comp="5163" pin=123"/></net>

<net id="5427"><net_src comp="462" pin="2"/><net_sink comp="5163" pin=124"/></net>

<net id="5428"><net_src comp="456" pin="2"/><net_sink comp="5163" pin=125"/></net>

<net id="5429"><net_src comp="450" pin="2"/><net_sink comp="5163" pin=126"/></net>

<net id="5430"><net_src comp="444" pin="2"/><net_sink comp="5163" pin=127"/></net>

<net id="5431"><net_src comp="438" pin="2"/><net_sink comp="5163" pin=128"/></net>

<net id="5432"><net_src comp="432" pin="2"/><net_sink comp="5163" pin=129"/></net>

<net id="5433"><net_src comp="426" pin="2"/><net_sink comp="5163" pin=130"/></net>

<net id="5434"><net_src comp="420" pin="2"/><net_sink comp="5163" pin=131"/></net>

<net id="5435"><net_src comp="414" pin="2"/><net_sink comp="5163" pin=132"/></net>

<net id="5436"><net_src comp="408" pin="2"/><net_sink comp="5163" pin=133"/></net>

<net id="5437"><net_src comp="402" pin="2"/><net_sink comp="5163" pin=134"/></net>

<net id="5438"><net_src comp="396" pin="2"/><net_sink comp="5163" pin=135"/></net>

<net id="5439"><net_src comp="390" pin="2"/><net_sink comp="5163" pin=136"/></net>

<net id="5440"><net_src comp="1528" pin="1"/><net_sink comp="5163" pin=137"/></net>

<net id="5581"><net_src comp="356" pin="0"/><net_sink comp="5441" pin=0"/></net>

<net id="5582"><net_src comp="1194" pin="2"/><net_sink comp="5441" pin=1"/></net>

<net id="5583"><net_src comp="1188" pin="2"/><net_sink comp="5441" pin=2"/></net>

<net id="5584"><net_src comp="1182" pin="2"/><net_sink comp="5441" pin=3"/></net>

<net id="5585"><net_src comp="1176" pin="2"/><net_sink comp="5441" pin=4"/></net>

<net id="5586"><net_src comp="1170" pin="2"/><net_sink comp="5441" pin=5"/></net>

<net id="5587"><net_src comp="1164" pin="2"/><net_sink comp="5441" pin=6"/></net>

<net id="5588"><net_src comp="1158" pin="2"/><net_sink comp="5441" pin=7"/></net>

<net id="5589"><net_src comp="1152" pin="2"/><net_sink comp="5441" pin=8"/></net>

<net id="5590"><net_src comp="1146" pin="2"/><net_sink comp="5441" pin=9"/></net>

<net id="5591"><net_src comp="1140" pin="2"/><net_sink comp="5441" pin=10"/></net>

<net id="5592"><net_src comp="1134" pin="2"/><net_sink comp="5441" pin=11"/></net>

<net id="5593"><net_src comp="1128" pin="2"/><net_sink comp="5441" pin=12"/></net>

<net id="5594"><net_src comp="1122" pin="2"/><net_sink comp="5441" pin=13"/></net>

<net id="5595"><net_src comp="1116" pin="2"/><net_sink comp="5441" pin=14"/></net>

<net id="5596"><net_src comp="1110" pin="2"/><net_sink comp="5441" pin=15"/></net>

<net id="5597"><net_src comp="1104" pin="2"/><net_sink comp="5441" pin=16"/></net>

<net id="5598"><net_src comp="1098" pin="2"/><net_sink comp="5441" pin=17"/></net>

<net id="5599"><net_src comp="1092" pin="2"/><net_sink comp="5441" pin=18"/></net>

<net id="5600"><net_src comp="1086" pin="2"/><net_sink comp="5441" pin=19"/></net>

<net id="5601"><net_src comp="1080" pin="2"/><net_sink comp="5441" pin=20"/></net>

<net id="5602"><net_src comp="1074" pin="2"/><net_sink comp="5441" pin=21"/></net>

<net id="5603"><net_src comp="1068" pin="2"/><net_sink comp="5441" pin=22"/></net>

<net id="5604"><net_src comp="1062" pin="2"/><net_sink comp="5441" pin=23"/></net>

<net id="5605"><net_src comp="1056" pin="2"/><net_sink comp="5441" pin=24"/></net>

<net id="5606"><net_src comp="1050" pin="2"/><net_sink comp="5441" pin=25"/></net>

<net id="5607"><net_src comp="1044" pin="2"/><net_sink comp="5441" pin=26"/></net>

<net id="5608"><net_src comp="1038" pin="2"/><net_sink comp="5441" pin=27"/></net>

<net id="5609"><net_src comp="1032" pin="2"/><net_sink comp="5441" pin=28"/></net>

<net id="5610"><net_src comp="1026" pin="2"/><net_sink comp="5441" pin=29"/></net>

<net id="5611"><net_src comp="1020" pin="2"/><net_sink comp="5441" pin=30"/></net>

<net id="5612"><net_src comp="1014" pin="2"/><net_sink comp="5441" pin=31"/></net>

<net id="5613"><net_src comp="1008" pin="2"/><net_sink comp="5441" pin=32"/></net>

<net id="5614"><net_src comp="1002" pin="2"/><net_sink comp="5441" pin=33"/></net>

<net id="5615"><net_src comp="996" pin="2"/><net_sink comp="5441" pin=34"/></net>

<net id="5616"><net_src comp="990" pin="2"/><net_sink comp="5441" pin=35"/></net>

<net id="5617"><net_src comp="984" pin="2"/><net_sink comp="5441" pin=36"/></net>

<net id="5618"><net_src comp="978" pin="2"/><net_sink comp="5441" pin=37"/></net>

<net id="5619"><net_src comp="972" pin="2"/><net_sink comp="5441" pin=38"/></net>

<net id="5620"><net_src comp="966" pin="2"/><net_sink comp="5441" pin=39"/></net>

<net id="5621"><net_src comp="960" pin="2"/><net_sink comp="5441" pin=40"/></net>

<net id="5622"><net_src comp="954" pin="2"/><net_sink comp="5441" pin=41"/></net>

<net id="5623"><net_src comp="948" pin="2"/><net_sink comp="5441" pin=42"/></net>

<net id="5624"><net_src comp="942" pin="2"/><net_sink comp="5441" pin=43"/></net>

<net id="5625"><net_src comp="936" pin="2"/><net_sink comp="5441" pin=44"/></net>

<net id="5626"><net_src comp="930" pin="2"/><net_sink comp="5441" pin=45"/></net>

<net id="5627"><net_src comp="924" pin="2"/><net_sink comp="5441" pin=46"/></net>

<net id="5628"><net_src comp="918" pin="2"/><net_sink comp="5441" pin=47"/></net>

<net id="5629"><net_src comp="912" pin="2"/><net_sink comp="5441" pin=48"/></net>

<net id="5630"><net_src comp="906" pin="2"/><net_sink comp="5441" pin=49"/></net>

<net id="5631"><net_src comp="900" pin="2"/><net_sink comp="5441" pin=50"/></net>

<net id="5632"><net_src comp="894" pin="2"/><net_sink comp="5441" pin=51"/></net>

<net id="5633"><net_src comp="888" pin="2"/><net_sink comp="5441" pin=52"/></net>

<net id="5634"><net_src comp="882" pin="2"/><net_sink comp="5441" pin=53"/></net>

<net id="5635"><net_src comp="876" pin="2"/><net_sink comp="5441" pin=54"/></net>

<net id="5636"><net_src comp="870" pin="2"/><net_sink comp="5441" pin=55"/></net>

<net id="5637"><net_src comp="864" pin="2"/><net_sink comp="5441" pin=56"/></net>

<net id="5638"><net_src comp="858" pin="2"/><net_sink comp="5441" pin=57"/></net>

<net id="5639"><net_src comp="852" pin="2"/><net_sink comp="5441" pin=58"/></net>

<net id="5640"><net_src comp="846" pin="2"/><net_sink comp="5441" pin=59"/></net>

<net id="5641"><net_src comp="840" pin="2"/><net_sink comp="5441" pin=60"/></net>

<net id="5642"><net_src comp="834" pin="2"/><net_sink comp="5441" pin=61"/></net>

<net id="5643"><net_src comp="828" pin="2"/><net_sink comp="5441" pin=62"/></net>

<net id="5644"><net_src comp="822" pin="2"/><net_sink comp="5441" pin=63"/></net>

<net id="5645"><net_src comp="816" pin="2"/><net_sink comp="5441" pin=64"/></net>

<net id="5646"><net_src comp="810" pin="2"/><net_sink comp="5441" pin=65"/></net>

<net id="5647"><net_src comp="804" pin="2"/><net_sink comp="5441" pin=66"/></net>

<net id="5648"><net_src comp="798" pin="2"/><net_sink comp="5441" pin=67"/></net>

<net id="5649"><net_src comp="792" pin="2"/><net_sink comp="5441" pin=68"/></net>

<net id="5650"><net_src comp="786" pin="2"/><net_sink comp="5441" pin=69"/></net>

<net id="5651"><net_src comp="780" pin="2"/><net_sink comp="5441" pin=70"/></net>

<net id="5652"><net_src comp="774" pin="2"/><net_sink comp="5441" pin=71"/></net>

<net id="5653"><net_src comp="768" pin="2"/><net_sink comp="5441" pin=72"/></net>

<net id="5654"><net_src comp="762" pin="2"/><net_sink comp="5441" pin=73"/></net>

<net id="5655"><net_src comp="756" pin="2"/><net_sink comp="5441" pin=74"/></net>

<net id="5656"><net_src comp="750" pin="2"/><net_sink comp="5441" pin=75"/></net>

<net id="5657"><net_src comp="744" pin="2"/><net_sink comp="5441" pin=76"/></net>

<net id="5658"><net_src comp="738" pin="2"/><net_sink comp="5441" pin=77"/></net>

<net id="5659"><net_src comp="732" pin="2"/><net_sink comp="5441" pin=78"/></net>

<net id="5660"><net_src comp="726" pin="2"/><net_sink comp="5441" pin=79"/></net>

<net id="5661"><net_src comp="720" pin="2"/><net_sink comp="5441" pin=80"/></net>

<net id="5662"><net_src comp="714" pin="2"/><net_sink comp="5441" pin=81"/></net>

<net id="5663"><net_src comp="708" pin="2"/><net_sink comp="5441" pin=82"/></net>

<net id="5664"><net_src comp="702" pin="2"/><net_sink comp="5441" pin=83"/></net>

<net id="5665"><net_src comp="696" pin="2"/><net_sink comp="5441" pin=84"/></net>

<net id="5666"><net_src comp="690" pin="2"/><net_sink comp="5441" pin=85"/></net>

<net id="5667"><net_src comp="684" pin="2"/><net_sink comp="5441" pin=86"/></net>

<net id="5668"><net_src comp="678" pin="2"/><net_sink comp="5441" pin=87"/></net>

<net id="5669"><net_src comp="672" pin="2"/><net_sink comp="5441" pin=88"/></net>

<net id="5670"><net_src comp="666" pin="2"/><net_sink comp="5441" pin=89"/></net>

<net id="5671"><net_src comp="660" pin="2"/><net_sink comp="5441" pin=90"/></net>

<net id="5672"><net_src comp="654" pin="2"/><net_sink comp="5441" pin=91"/></net>

<net id="5673"><net_src comp="648" pin="2"/><net_sink comp="5441" pin=92"/></net>

<net id="5674"><net_src comp="642" pin="2"/><net_sink comp="5441" pin=93"/></net>

<net id="5675"><net_src comp="636" pin="2"/><net_sink comp="5441" pin=94"/></net>

<net id="5676"><net_src comp="630" pin="2"/><net_sink comp="5441" pin=95"/></net>

<net id="5677"><net_src comp="624" pin="2"/><net_sink comp="5441" pin=96"/></net>

<net id="5678"><net_src comp="618" pin="2"/><net_sink comp="5441" pin=97"/></net>

<net id="5679"><net_src comp="612" pin="2"/><net_sink comp="5441" pin=98"/></net>

<net id="5680"><net_src comp="606" pin="2"/><net_sink comp="5441" pin=99"/></net>

<net id="5681"><net_src comp="600" pin="2"/><net_sink comp="5441" pin=100"/></net>

<net id="5682"><net_src comp="594" pin="2"/><net_sink comp="5441" pin=101"/></net>

<net id="5683"><net_src comp="588" pin="2"/><net_sink comp="5441" pin=102"/></net>

<net id="5684"><net_src comp="582" pin="2"/><net_sink comp="5441" pin=103"/></net>

<net id="5685"><net_src comp="576" pin="2"/><net_sink comp="5441" pin=104"/></net>

<net id="5686"><net_src comp="570" pin="2"/><net_sink comp="5441" pin=105"/></net>

<net id="5687"><net_src comp="564" pin="2"/><net_sink comp="5441" pin=106"/></net>

<net id="5688"><net_src comp="558" pin="2"/><net_sink comp="5441" pin=107"/></net>

<net id="5689"><net_src comp="552" pin="2"/><net_sink comp="5441" pin=108"/></net>

<net id="5690"><net_src comp="546" pin="2"/><net_sink comp="5441" pin=109"/></net>

<net id="5691"><net_src comp="540" pin="2"/><net_sink comp="5441" pin=110"/></net>

<net id="5692"><net_src comp="534" pin="2"/><net_sink comp="5441" pin=111"/></net>

<net id="5693"><net_src comp="528" pin="2"/><net_sink comp="5441" pin=112"/></net>

<net id="5694"><net_src comp="522" pin="2"/><net_sink comp="5441" pin=113"/></net>

<net id="5695"><net_src comp="516" pin="2"/><net_sink comp="5441" pin=114"/></net>

<net id="5696"><net_src comp="510" pin="2"/><net_sink comp="5441" pin=115"/></net>

<net id="5697"><net_src comp="504" pin="2"/><net_sink comp="5441" pin=116"/></net>

<net id="5698"><net_src comp="498" pin="2"/><net_sink comp="5441" pin=117"/></net>

<net id="5699"><net_src comp="492" pin="2"/><net_sink comp="5441" pin=118"/></net>

<net id="5700"><net_src comp="486" pin="2"/><net_sink comp="5441" pin=119"/></net>

<net id="5701"><net_src comp="480" pin="2"/><net_sink comp="5441" pin=120"/></net>

<net id="5702"><net_src comp="474" pin="2"/><net_sink comp="5441" pin=121"/></net>

<net id="5703"><net_src comp="468" pin="2"/><net_sink comp="5441" pin=122"/></net>

<net id="5704"><net_src comp="462" pin="2"/><net_sink comp="5441" pin=123"/></net>

<net id="5705"><net_src comp="456" pin="2"/><net_sink comp="5441" pin=124"/></net>

<net id="5706"><net_src comp="450" pin="2"/><net_sink comp="5441" pin=125"/></net>

<net id="5707"><net_src comp="444" pin="2"/><net_sink comp="5441" pin=126"/></net>

<net id="5708"><net_src comp="438" pin="2"/><net_sink comp="5441" pin=127"/></net>

<net id="5709"><net_src comp="432" pin="2"/><net_sink comp="5441" pin=128"/></net>

<net id="5710"><net_src comp="426" pin="2"/><net_sink comp="5441" pin=129"/></net>

<net id="5711"><net_src comp="420" pin="2"/><net_sink comp="5441" pin=130"/></net>

<net id="5712"><net_src comp="414" pin="2"/><net_sink comp="5441" pin=131"/></net>

<net id="5713"><net_src comp="408" pin="2"/><net_sink comp="5441" pin=132"/></net>

<net id="5714"><net_src comp="402" pin="2"/><net_sink comp="5441" pin=133"/></net>

<net id="5715"><net_src comp="396" pin="2"/><net_sink comp="5441" pin=134"/></net>

<net id="5716"><net_src comp="390" pin="2"/><net_sink comp="5441" pin=135"/></net>

<net id="5717"><net_src comp="384" pin="2"/><net_sink comp="5441" pin=136"/></net>

<net id="5718"><net_src comp="1528" pin="1"/><net_sink comp="5441" pin=137"/></net>

<net id="5723"><net_src comp="1528" pin="1"/><net_sink comp="5719" pin=0"/></net>

<net id="5724"><net_src comp="358" pin="0"/><net_sink comp="5719" pin=1"/></net>

<net id="5729"><net_src comp="1522" pin="2"/><net_sink comp="5725" pin=0"/></net>

<net id="5734"><net_src comp="5719" pin="2"/><net_sink comp="5730" pin=0"/></net>

<net id="5747"><net_src comp="5739" pin="2"/><net_sink comp="5743" pin=0"/></net>

<net id="5763"><net_src comp="5755" pin="2"/><net_sink comp="5759" pin=0"/></net>

<net id="5764"><net_src comp="5752" pin="1"/><net_sink comp="5759" pin=1"/></net>

<net id="5769"><net_src comp="5759" pin="2"/><net_sink comp="5765" pin=0"/></net>

<net id="5773"><net_src comp="5770" pin="1"/><net_sink comp="1296" pin=2"/></net>

<net id="5778"><net_src comp="1331" pin="3"/><net_sink comp="5774" pin=0"/></net>

<net id="5783"><net_src comp="1337" pin="3"/><net_sink comp="5779" pin=0"/></net>

<net id="5788"><net_src comp="1343" pin="3"/><net_sink comp="5784" pin=0"/></net>

<net id="5793"><net_src comp="1349" pin="3"/><net_sink comp="5789" pin=0"/></net>

<net id="5799"><net_src comp="1397" pin="3"/><net_sink comp="5794" pin=0"/></net>

<net id="5800"><net_src comp="5774" pin="2"/><net_sink comp="5794" pin=2"/></net>

<net id="5805"><net_src comp="1403" pin="3"/><net_sink comp="5801" pin=0"/></net>

<net id="5810"><net_src comp="1409" pin="3"/><net_sink comp="5806" pin=0"/></net>

<net id="5816"><net_src comp="1415" pin="3"/><net_sink comp="5811" pin=0"/></net>

<net id="5817"><net_src comp="5779" pin="2"/><net_sink comp="5811" pin=2"/></net>

<net id="5818"><net_src comp="5811" pin="3"/><net_sink comp="5735" pin=1"/></net>

<net id="5824"><net_src comp="1421" pin="3"/><net_sink comp="5819" pin=0"/></net>

<net id="5825"><net_src comp="5784" pin="2"/><net_sink comp="5819" pin=2"/></net>

<net id="5826"><net_src comp="5819" pin="3"/><net_sink comp="5735" pin=0"/></net>

<net id="5832"><net_src comp="1427" pin="3"/><net_sink comp="5827" pin=0"/></net>

<net id="5833"><net_src comp="5789" pin="2"/><net_sink comp="5827" pin=2"/></net>

<net id="5839"><net_src comp="1468" pin="3"/><net_sink comp="5834" pin=0"/></net>

<net id="5840"><net_src comp="5794" pin="3"/><net_sink comp="5834" pin=2"/></net>

<net id="5841"><net_src comp="5834" pin="3"/><net_sink comp="5743" pin=1"/></net>

<net id="5847"><net_src comp="1474" pin="3"/><net_sink comp="5842" pin=0"/></net>

<net id="5848"><net_src comp="5801" pin="2"/><net_sink comp="5842" pin=2"/></net>

<net id="5849"><net_src comp="5842" pin="3"/><net_sink comp="5739" pin=1"/></net>

<net id="5855"><net_src comp="1480" pin="3"/><net_sink comp="5850" pin=0"/></net>

<net id="5856"><net_src comp="5806" pin="2"/><net_sink comp="5850" pin=2"/></net>

<net id="5857"><net_src comp="5850" pin="3"/><net_sink comp="5739" pin=0"/></net>

<net id="5863"><net_src comp="1486" pin="3"/><net_sink comp="5858" pin=0"/></net>

<net id="5864"><net_src comp="5827" pin="3"/><net_sink comp="5858" pin=2"/></net>

<net id="5865"><net_src comp="5858" pin="3"/><net_sink comp="5748" pin=1"/></net>

<net id="5871"><net_src comp="1492" pin="3"/><net_sink comp="5866" pin=0"/></net>

<net id="5872"><net_src comp="5735" pin="2"/><net_sink comp="5866" pin=2"/></net>

<net id="5873"><net_src comp="5866" pin="3"/><net_sink comp="5748" pin=0"/></net>

<net id="5877"><net_src comp="372" pin="1"/><net_sink comp="5874" pin=0"/></net>

<net id="5878"><net_src comp="5874" pin="1"/><net_sink comp="1508" pin=1"/></net>

<net id="5879"><net_src comp="5874" pin="1"/><net_sink comp="5752" pin=0"/></net>

<net id="5880"><net_src comp="5874" pin="1"/><net_sink comp="5765" pin=1"/></net>

<net id="5881"><net_src comp="5874" pin="1"/><net_sink comp="5770" pin=0"/></net>

<net id="5885"><net_src comp="376" pin="1"/><net_sink comp="5882" pin=0"/></net>

<net id="5886"><net_src comp="5882" pin="1"/><net_sink comp="1503" pin=1"/></net>

<net id="5887"><net_src comp="5882" pin="1"/><net_sink comp="1528" pin=0"/></net>

<net id="5888"><net_src comp="5882" pin="1"/><net_sink comp="5730" pin=1"/></net>

<net id="5892"><net_src comp="380" pin="1"/><net_sink comp="5889" pin=0"/></net>

<net id="5893"><net_src comp="5889" pin="1"/><net_sink comp="1498" pin=1"/></net>

<net id="5894"><net_src comp="5889" pin="1"/><net_sink comp="1513" pin=0"/></net>

<net id="5895"><net_src comp="5889" pin="1"/><net_sink comp="5725" pin=1"/></net>

<net id="5899"><net_src comp="1516" pin="2"/><net_sink comp="5896" pin=0"/></net>

<net id="5903"><net_src comp="1541" pin="1"/><net_sink comp="5900" pin=0"/></net>

<net id="5904"><net_src comp="5900" pin="1"/><net_sink comp="1355" pin=2"/></net>

<net id="5905"><net_src comp="5900" pin="1"/><net_sink comp="1362" pin=2"/></net>

<net id="5906"><net_src comp="5900" pin="1"/><net_sink comp="1369" pin=2"/></net>

<net id="5907"><net_src comp="5900" pin="1"/><net_sink comp="1376" pin=2"/></net>

<net id="5908"><net_src comp="5900" pin="1"/><net_sink comp="1383" pin=2"/></net>

<net id="5909"><net_src comp="5900" pin="1"/><net_sink comp="1390" pin=2"/></net>

<net id="5910"><net_src comp="5900" pin="1"/><net_sink comp="1433" pin=2"/></net>

<net id="5911"><net_src comp="5900" pin="1"/><net_sink comp="1440" pin=2"/></net>

<net id="5912"><net_src comp="5900" pin="1"/><net_sink comp="1447" pin=2"/></net>

<net id="5913"><net_src comp="5900" pin="1"/><net_sink comp="1454" pin=2"/></net>

<net id="5914"><net_src comp="5900" pin="1"/><net_sink comp="1461" pin=2"/></net>

<net id="5918"><net_src comp="1303" pin="3"/><net_sink comp="5915" pin=0"/></net>

<net id="5919"><net_src comp="5915" pin="1"/><net_sink comp="1331" pin=0"/></net>

<net id="5923"><net_src comp="1310" pin="3"/><net_sink comp="5920" pin=0"/></net>

<net id="5924"><net_src comp="5920" pin="1"/><net_sink comp="1337" pin=0"/></net>

<net id="5928"><net_src comp="1317" pin="3"/><net_sink comp="5925" pin=0"/></net>

<net id="5929"><net_src comp="5925" pin="1"/><net_sink comp="1343" pin=0"/></net>

<net id="5933"><net_src comp="1324" pin="3"/><net_sink comp="5930" pin=0"/></net>

<net id="5934"><net_src comp="5930" pin="1"/><net_sink comp="1349" pin=0"/></net>

<net id="5938"><net_src comp="1549" pin="138"/><net_sink comp="5935" pin=0"/></net>

<net id="5939"><net_src comp="5935" pin="1"/><net_sink comp="5834" pin=1"/></net>

<net id="5943"><net_src comp="1827" pin="138"/><net_sink comp="5940" pin=0"/></net>

<net id="5944"><net_src comp="5940" pin="1"/><net_sink comp="5774" pin=1"/></net>

<net id="5948"><net_src comp="2105" pin="138"/><net_sink comp="5945" pin=0"/></net>

<net id="5949"><net_src comp="5945" pin="1"/><net_sink comp="5794" pin=1"/></net>

<net id="5953"><net_src comp="2383" pin="138"/><net_sink comp="5950" pin=0"/></net>

<net id="5954"><net_src comp="5950" pin="1"/><net_sink comp="5801" pin=1"/></net>

<net id="5958"><net_src comp="2661" pin="138"/><net_sink comp="5955" pin=0"/></net>

<net id="5959"><net_src comp="5955" pin="1"/><net_sink comp="5842" pin=1"/></net>

<net id="5963"><net_src comp="2939" pin="138"/><net_sink comp="5960" pin=0"/></net>

<net id="5964"><net_src comp="5960" pin="1"/><net_sink comp="5806" pin=1"/></net>

<net id="5968"><net_src comp="3217" pin="138"/><net_sink comp="5965" pin=0"/></net>

<net id="5969"><net_src comp="5965" pin="1"/><net_sink comp="5850" pin=1"/></net>

<net id="5973"><net_src comp="3495" pin="138"/><net_sink comp="5970" pin=0"/></net>

<net id="5974"><net_src comp="5970" pin="1"/><net_sink comp="5779" pin=1"/></net>

<net id="5978"><net_src comp="3773" pin="138"/><net_sink comp="5975" pin=0"/></net>

<net id="5979"><net_src comp="5975" pin="1"/><net_sink comp="5811" pin=1"/></net>

<net id="5983"><net_src comp="4051" pin="138"/><net_sink comp="5980" pin=0"/></net>

<net id="5984"><net_src comp="5980" pin="1"/><net_sink comp="5819" pin=1"/></net>

<net id="5988"><net_src comp="4329" pin="138"/><net_sink comp="5985" pin=0"/></net>

<net id="5989"><net_src comp="5985" pin="1"/><net_sink comp="5784" pin=1"/></net>

<net id="5993"><net_src comp="4607" pin="138"/><net_sink comp="5990" pin=0"/></net>

<net id="5994"><net_src comp="5990" pin="1"/><net_sink comp="5827" pin=1"/></net>

<net id="5998"><net_src comp="4885" pin="138"/><net_sink comp="5995" pin=0"/></net>

<net id="5999"><net_src comp="5995" pin="1"/><net_sink comp="5789" pin=1"/></net>

<net id="6003"><net_src comp="5163" pin="138"/><net_sink comp="6000" pin=0"/></net>

<net id="6004"><net_src comp="6000" pin="1"/><net_sink comp="5858" pin=1"/></net>

<net id="6008"><net_src comp="5441" pin="138"/><net_sink comp="6005" pin=0"/></net>

<net id="6009"><net_src comp="6005" pin="1"/><net_sink comp="5866" pin=1"/></net>

<net id="6013"><net_src comp="1355" pin="3"/><net_sink comp="6010" pin=0"/></net>

<net id="6014"><net_src comp="6010" pin="1"/><net_sink comp="1397" pin=0"/></net>

<net id="6018"><net_src comp="1362" pin="3"/><net_sink comp="6015" pin=0"/></net>

<net id="6019"><net_src comp="6015" pin="1"/><net_sink comp="1403" pin=0"/></net>

<net id="6023"><net_src comp="1369" pin="3"/><net_sink comp="6020" pin=0"/></net>

<net id="6024"><net_src comp="6020" pin="1"/><net_sink comp="1409" pin=0"/></net>

<net id="6028"><net_src comp="1376" pin="3"/><net_sink comp="6025" pin=0"/></net>

<net id="6029"><net_src comp="6025" pin="1"/><net_sink comp="1415" pin=0"/></net>

<net id="6033"><net_src comp="1383" pin="3"/><net_sink comp="6030" pin=0"/></net>

<net id="6034"><net_src comp="6030" pin="1"/><net_sink comp="1421" pin=0"/></net>

<net id="6038"><net_src comp="1390" pin="3"/><net_sink comp="6035" pin=0"/></net>

<net id="6039"><net_src comp="6035" pin="1"/><net_sink comp="1427" pin=0"/></net>

<net id="6043"><net_src comp="1331" pin="3"/><net_sink comp="6040" pin=0"/></net>

<net id="6044"><net_src comp="6040" pin="1"/><net_sink comp="5774" pin=0"/></net>

<net id="6048"><net_src comp="1337" pin="3"/><net_sink comp="6045" pin=0"/></net>

<net id="6049"><net_src comp="6045" pin="1"/><net_sink comp="5779" pin=0"/></net>

<net id="6053"><net_src comp="1343" pin="3"/><net_sink comp="6050" pin=0"/></net>

<net id="6054"><net_src comp="6050" pin="1"/><net_sink comp="5784" pin=0"/></net>

<net id="6058"><net_src comp="1349" pin="3"/><net_sink comp="6055" pin=0"/></net>

<net id="6059"><net_src comp="6055" pin="1"/><net_sink comp="5789" pin=0"/></net>

<net id="6063"><net_src comp="1433" pin="3"/><net_sink comp="6060" pin=0"/></net>

<net id="6064"><net_src comp="6060" pin="1"/><net_sink comp="1468" pin=0"/></net>

<net id="6068"><net_src comp="1440" pin="3"/><net_sink comp="6065" pin=0"/></net>

<net id="6069"><net_src comp="6065" pin="1"/><net_sink comp="1474" pin=0"/></net>

<net id="6073"><net_src comp="1447" pin="3"/><net_sink comp="6070" pin=0"/></net>

<net id="6074"><net_src comp="6070" pin="1"/><net_sink comp="1480" pin=0"/></net>

<net id="6078"><net_src comp="1454" pin="3"/><net_sink comp="6075" pin=0"/></net>

<net id="6079"><net_src comp="6075" pin="1"/><net_sink comp="1486" pin=0"/></net>

<net id="6083"><net_src comp="1461" pin="3"/><net_sink comp="6080" pin=0"/></net>

<net id="6084"><net_src comp="6080" pin="1"/><net_sink comp="1492" pin=0"/></net>

<net id="6088"><net_src comp="1397" pin="3"/><net_sink comp="6085" pin=0"/></net>

<net id="6089"><net_src comp="6085" pin="1"/><net_sink comp="5794" pin=0"/></net>

<net id="6093"><net_src comp="1403" pin="3"/><net_sink comp="6090" pin=0"/></net>

<net id="6094"><net_src comp="6090" pin="1"/><net_sink comp="5801" pin=0"/></net>

<net id="6098"><net_src comp="1409" pin="3"/><net_sink comp="6095" pin=0"/></net>

<net id="6099"><net_src comp="6095" pin="1"/><net_sink comp="5806" pin=0"/></net>

<net id="6103"><net_src comp="1415" pin="3"/><net_sink comp="6100" pin=0"/></net>

<net id="6104"><net_src comp="6100" pin="1"/><net_sink comp="5811" pin=0"/></net>

<net id="6108"><net_src comp="1421" pin="3"/><net_sink comp="6105" pin=0"/></net>

<net id="6109"><net_src comp="6105" pin="1"/><net_sink comp="5819" pin=0"/></net>

<net id="6113"><net_src comp="1427" pin="3"/><net_sink comp="6110" pin=0"/></net>

<net id="6114"><net_src comp="6110" pin="1"/><net_sink comp="5827" pin=0"/></net>

<net id="6118"><net_src comp="1468" pin="3"/><net_sink comp="6115" pin=0"/></net>

<net id="6119"><net_src comp="6115" pin="1"/><net_sink comp="5834" pin=0"/></net>

<net id="6123"><net_src comp="1474" pin="3"/><net_sink comp="6120" pin=0"/></net>

<net id="6124"><net_src comp="6120" pin="1"/><net_sink comp="5842" pin=0"/></net>

<net id="6128"><net_src comp="1480" pin="3"/><net_sink comp="6125" pin=0"/></net>

<net id="6129"><net_src comp="6125" pin="1"/><net_sink comp="5850" pin=0"/></net>

<net id="6133"><net_src comp="1486" pin="3"/><net_sink comp="6130" pin=0"/></net>

<net id="6134"><net_src comp="6130" pin="1"/><net_sink comp="5858" pin=0"/></net>

<net id="6138"><net_src comp="1492" pin="3"/><net_sink comp="6135" pin=0"/></net>

<net id="6139"><net_src comp="6135" pin="1"/><net_sink comp="5866" pin=0"/></net>

<net id="6143"><net_src comp="5774" pin="2"/><net_sink comp="6140" pin=0"/></net>

<net id="6144"><net_src comp="6140" pin="1"/><net_sink comp="5794" pin=0"/></net>

<net id="6148"><net_src comp="5779" pin="2"/><net_sink comp="6145" pin=0"/></net>

<net id="6149"><net_src comp="6145" pin="1"/><net_sink comp="5811" pin=0"/></net>

<net id="6153"><net_src comp="5784" pin="2"/><net_sink comp="6150" pin=0"/></net>

<net id="6154"><net_src comp="6150" pin="1"/><net_sink comp="5819" pin=0"/></net>

<net id="6158"><net_src comp="5789" pin="2"/><net_sink comp="6155" pin=0"/></net>

<net id="6159"><net_src comp="6155" pin="1"/><net_sink comp="5827" pin=0"/></net>

<net id="6163"><net_src comp="5801" pin="2"/><net_sink comp="6160" pin=0"/></net>

<net id="6164"><net_src comp="6160" pin="1"/><net_sink comp="5842" pin=0"/></net>

<net id="6168"><net_src comp="5806" pin="2"/><net_sink comp="6165" pin=0"/></net>

<net id="6169"><net_src comp="6165" pin="1"/><net_sink comp="5850" pin=0"/></net>

<net id="6173"><net_src comp="5794" pin="3"/><net_sink comp="6170" pin=0"/></net>

<net id="6174"><net_src comp="6170" pin="1"/><net_sink comp="5834" pin=0"/></net>

<net id="6178"><net_src comp="5827" pin="3"/><net_sink comp="6175" pin=0"/></net>

<net id="6179"><net_src comp="6175" pin="1"/><net_sink comp="5858" pin=0"/></net>

<net id="6183"><net_src comp="5735" pin="2"/><net_sink comp="6180" pin=0"/></net>

<net id="6184"><net_src comp="6180" pin="1"/><net_sink comp="5866" pin=0"/></net>

<net id="6188"><net_src comp="5743" pin="2"/><net_sink comp="6185" pin=0"/></net>

<net id="6189"><net_src comp="6185" pin="1"/><net_sink comp="5755" pin=1"/></net>

<net id="6193"><net_src comp="5748" pin="2"/><net_sink comp="6190" pin=0"/></net>

<net id="6194"><net_src comp="6190" pin="1"/><net_sink comp="5755" pin=0"/></net>

</net_list>

</model> 
---------------- Datapath Model END ------------------

* FSMD analyzer results:
  - Output states:
	Port: conv3_i_1488_out | {7 }
 - Input state : 
	Port: matmul_Pipeline_VITIS_LOOP_61_9 : Matrix_C_BRAM_V_load | {1 }
	Port: matmul_Pipeline_VITIS_LOOP_61_9 : add_ln186 | {1 }
	Port: matmul_Pipeline_VITIS_LOOP_61_9 : Matrix_A_BRAM_V | {3 4 }
	Port: matmul_Pipeline_VITIS_LOOP_61_9 : Matrix_A_BRAM_V_1 | {1 2 }
	Port: matmul_Pipeline_VITIS_LOOP_61_9 : Matrix_A_BRAM_V_2 | {2 3 }
	Port: matmul_Pipeline_VITIS_LOOP_61_9 : Matrix_A_BRAM_V_3 | {2 3 }
	Port: matmul_Pipeline_VITIS_LOOP_61_9 : Matrix_A_BRAM_V_4 | {3 4 }
	Port: matmul_Pipeline_VITIS_LOOP_61_9 : Matrix_A_BRAM_V_5 | {2 3 }
	Port: matmul_Pipeline_VITIS_LOOP_61_9 : Matrix_A_BRAM_V_6 | {3 4 }
	Port: matmul_Pipeline_VITIS_LOOP_61_9 : Matrix_A_BRAM_V_7 | {1 2 }
	Port: matmul_Pipeline_VITIS_LOOP_61_9 : Matrix_A_BRAM_V_8 | {2 3 }
	Port: matmul_Pipeline_VITIS_LOOP_61_9 : Matrix_A_BRAM_V_9 | {2 3 }
	Port: matmul_Pipeline_VITIS_LOOP_61_9 : Matrix_A_BRAM_V_10 | {1 2 }
	Port: matmul_Pipeline_VITIS_LOOP_61_9 : Matrix_A_BRAM_V_11 | {2 3 }
	Port: matmul_Pipeline_VITIS_LOOP_61_9 : Matrix_A_BRAM_V_12 | {1 2 }
	Port: matmul_Pipeline_VITIS_LOOP_61_9 : Matrix_A_BRAM_V_13 | {3 4 }
	Port: matmul_Pipeline_VITIS_LOOP_61_9 : Matrix_A_BRAM_V_14 | {3 4 }
	Port: matmul_Pipeline_VITIS_LOOP_61_9 : Matrix_B_BRAM_V_load | {1 }
	Port: matmul_Pipeline_VITIS_LOOP_61_9 : Matrix_B_BRAM_V_1_load | {1 }
	Port: matmul_Pipeline_VITIS_LOOP_61_9 : Matrix_B_BRAM_V_2_load | {1 }
	Port: matmul_Pipeline_VITIS_LOOP_61_9 : Matrix_B_BRAM_V_3_load | {1 }
	Port: matmul_Pipeline_VITIS_LOOP_61_9 : Matrix_B_BRAM_V_4_load | {1 }
	Port: matmul_Pipeline_VITIS_LOOP_61_9 : Matrix_B_BRAM_V_5_load | {1 }
	Port: matmul_Pipeline_VITIS_LOOP_61_9 : Matrix_B_BRAM_V_6_load | {1 }
	Port: matmul_Pipeline_VITIS_LOOP_61_9 : Matrix_B_BRAM_V_7_load | {1 }
	Port: matmul_Pipeline_VITIS_LOOP_61_9 : Matrix_B_BRAM_V_8_load | {1 }
	Port: matmul_Pipeline_VITIS_LOOP_61_9 : Matrix_B_BRAM_V_9_load | {1 }
	Port: matmul_Pipeline_VITIS_LOOP_61_9 : Matrix_B_BRAM_V_10_load | {1 }
	Port: matmul_Pipeline_VITIS_LOOP_61_9 : Matrix_B_BRAM_V_11_load | {1 }
	Port: matmul_Pipeline_VITIS_LOOP_61_9 : Matrix_B_BRAM_V_12_load | {1 }
	Port: matmul_Pipeline_VITIS_LOOP_61_9 : Matrix_B_BRAM_V_13_load | {1 }
	Port: matmul_Pipeline_VITIS_LOOP_61_9 : Matrix_B_BRAM_V_14_load | {1 }
	Port: matmul_Pipeline_VITIS_LOOP_61_9 : Matrix_B_BRAM_V_15_load | {1 }
	Port: matmul_Pipeline_VITIS_LOOP_61_9 : Matrix_B_BRAM_V_16_load | {1 }
	Port: matmul_Pipeline_VITIS_LOOP_61_9 : Matrix_B_BRAM_V_17_load | {1 }
	Port: matmul_Pipeline_VITIS_LOOP_61_9 : Matrix_B_BRAM_V_18_load | {1 }
	Port: matmul_Pipeline_VITIS_LOOP_61_9 : Matrix_B_BRAM_V_19_load | {1 }
	Port: matmul_Pipeline_VITIS_LOOP_61_9 : Matrix_B_BRAM_V_20_load | {1 }
	Port: matmul_Pipeline_VITIS_LOOP_61_9 : Matrix_B_BRAM_V_21_load | {1 }
	Port: matmul_Pipeline_VITIS_LOOP_61_9 : Matrix_B_BRAM_V_22_load | {1 }
	Port: matmul_Pipeline_VITIS_LOOP_61_9 : Matrix_B_BRAM_V_23_load | {1 }
	Port: matmul_Pipeline_VITIS_LOOP_61_9 : Matrix_B_BRAM_V_24_load | {1 }
	Port: matmul_Pipeline_VITIS_LOOP_61_9 : Matrix_B_BRAM_V_25_load | {1 }
	Port: matmul_Pipeline_VITIS_LOOP_61_9 : Matrix_B_BRAM_V_26_load | {1 }
	Port: matmul_Pipeline_VITIS_LOOP_61_9 : Matrix_B_BRAM_V_27_load | {1 }
	Port: matmul_Pipeline_VITIS_LOOP_61_9 : Matrix_B_BRAM_V_28_load | {1 }
	Port: matmul_Pipeline_VITIS_LOOP_61_9 : Matrix_B_BRAM_V_29_load | {1 }
	Port: matmul_Pipeline_VITIS_LOOP_61_9 : Matrix_B_BRAM_V_30_load | {1 }
	Port: matmul_Pipeline_VITIS_LOOP_61_9 : Matrix_B_BRAM_V_31_load | {1 }
	Port: matmul_Pipeline_VITIS_LOOP_61_9 : Matrix_B_BRAM_V_32_load | {1 }
	Port: matmul_Pipeline_VITIS_LOOP_61_9 : Matrix_B_BRAM_V_33_load | {1 }
	Port: matmul_Pipeline_VITIS_LOOP_61_9 : Matrix_B_BRAM_V_34_load | {1 }
	Port: matmul_Pipeline_VITIS_LOOP_61_9 : Matrix_B_BRAM_V_35_load | {1 }
	Port: matmul_Pipeline_VITIS_LOOP_61_9 : Matrix_B_BRAM_V_36_load | {1 }
	Port: matmul_Pipeline_VITIS_LOOP_61_9 : Matrix_B_BRAM_V_37_load | {1 }
	Port: matmul_Pipeline_VITIS_LOOP_61_9 : Matrix_B_BRAM_V_38_load | {1 }
	Port: matmul_Pipeline_VITIS_LOOP_61_9 : Matrix_B_BRAM_V_39_load | {1 }
	Port: matmul_Pipeline_VITIS_LOOP_61_9 : Matrix_B_BRAM_V_40_load | {1 }
	Port: matmul_Pipeline_VITIS_LOOP_61_9 : Matrix_B_BRAM_V_41_load | {1 }
	Port: matmul_Pipeline_VITIS_LOOP_61_9 : Matrix_B_BRAM_V_42_load | {1 }
	Port: matmul_Pipeline_VITIS_LOOP_61_9 : Matrix_B_BRAM_V_43_load | {1 }
	Port: matmul_Pipeline_VITIS_LOOP_61_9 : Matrix_B_BRAM_V_44_load | {1 }
	Port: matmul_Pipeline_VITIS_LOOP_61_9 : Matrix_B_BRAM_V_45_load | {1 }
	Port: matmul_Pipeline_VITIS_LOOP_61_9 : Matrix_B_BRAM_V_46_load | {1 }
	Port: matmul_Pipeline_VITIS_LOOP_61_9 : Matrix_B_BRAM_V_47_load | {1 }
	Port: matmul_Pipeline_VITIS_LOOP_61_9 : Matrix_B_BRAM_V_48_load | {1 }
	Port: matmul_Pipeline_VITIS_LOOP_61_9 : Matrix_B_BRAM_V_49_load | {1 }
	Port: matmul_Pipeline_VITIS_LOOP_61_9 : Matrix_B_BRAM_V_50_load | {1 }
	Port: matmul_Pipeline_VITIS_LOOP_61_9 : Matrix_B_BRAM_V_51_load | {1 }
	Port: matmul_Pipeline_VITIS_LOOP_61_9 : Matrix_B_BRAM_V_52_load | {1 }
	Port: matmul_Pipeline_VITIS_LOOP_61_9 : Matrix_B_BRAM_V_53_load | {1 }
	Port: matmul_Pipeline_VITIS_LOOP_61_9 : Matrix_B_BRAM_V_54_load | {1 }
	Port: matmul_Pipeline_VITIS_LOOP_61_9 : Matrix_B_BRAM_V_55_load | {1 }
	Port: matmul_Pipeline_VITIS_LOOP_61_9 : Matrix_B_BRAM_V_56_load | {1 }
	Port: matmul_Pipeline_VITIS_LOOP_61_9 : Matrix_B_BRAM_V_57_load | {1 }
	Port: matmul_Pipeline_VITIS_LOOP_61_9 : Matrix_B_BRAM_V_58_load | {1 }
	Port: matmul_Pipeline_VITIS_LOOP_61_9 : Matrix_B_BRAM_V_59_load | {1 }
	Port: matmul_Pipeline_VITIS_LOOP_61_9 : Matrix_B_BRAM_V_60_load | {1 }
	Port: matmul_Pipeline_VITIS_LOOP_61_9 : Matrix_B_BRAM_V_61_load | {1 }
	Port: matmul_Pipeline_VITIS_LOOP_61_9 : Matrix_B_BRAM_V_62_load | {1 }
	Port: matmul_Pipeline_VITIS_LOOP_61_9 : Matrix_B_BRAM_V_63_load | {1 }
	Port: matmul_Pipeline_VITIS_LOOP_61_9 : Matrix_B_BRAM_V_64_load | {1 }
	Port: matmul_Pipeline_VITIS_LOOP_61_9 : Matrix_B_BRAM_V_65_load | {1 }
	Port: matmul_Pipeline_VITIS_LOOP_61_9 : Matrix_B_BRAM_V_66_load | {1 }
	Port: matmul_Pipeline_VITIS_LOOP_61_9 : Matrix_B_BRAM_V_67_load | {1 }
	Port: matmul_Pipeline_VITIS_LOOP_61_9 : Matrix_B_BRAM_V_68_load | {1 }
	Port: matmul_Pipeline_VITIS_LOOP_61_9 : Matrix_B_BRAM_V_69_load | {1 }
	Port: matmul_Pipeline_VITIS_LOOP_61_9 : Matrix_B_BRAM_V_70_load | {1 }
	Port: matmul_Pipeline_VITIS_LOOP_61_9 : Matrix_B_BRAM_V_71_load | {1 }
	Port: matmul_Pipeline_VITIS_LOOP_61_9 : Matrix_B_BRAM_V_72_load | {1 }
	Port: matmul_Pipeline_VITIS_LOOP_61_9 : Matrix_B_BRAM_V_73_load | {1 }
	Port: matmul_Pipeline_VITIS_LOOP_61_9 : Matrix_B_BRAM_V_74_load | {1 }
	Port: matmul_Pipeline_VITIS_LOOP_61_9 : Matrix_B_BRAM_V_75_load | {1 }
	Port: matmul_Pipeline_VITIS_LOOP_61_9 : Matrix_B_BRAM_V_76_load | {1 }
	Port: matmul_Pipeline_VITIS_LOOP_61_9 : Matrix_B_BRAM_V_77_load | {1 }
	Port: matmul_Pipeline_VITIS_LOOP_61_9 : Matrix_B_BRAM_V_78_load | {1 }
	Port: matmul_Pipeline_VITIS_LOOP_61_9 : Matrix_B_BRAM_V_79_load | {1 }
	Port: matmul_Pipeline_VITIS_LOOP_61_9 : Matrix_B_BRAM_V_80_load | {1 }
	Port: matmul_Pipeline_VITIS_LOOP_61_9 : Matrix_B_BRAM_V_81_load | {1 }
	Port: matmul_Pipeline_VITIS_LOOP_61_9 : Matrix_B_BRAM_V_82_load | {1 }
	Port: matmul_Pipeline_VITIS_LOOP_61_9 : Matrix_B_BRAM_V_83_load | {1 }
	Port: matmul_Pipeline_VITIS_LOOP_61_9 : Matrix_B_BRAM_V_84_load | {1 }
	Port: matmul_Pipeline_VITIS_LOOP_61_9 : Matrix_B_BRAM_V_85_load | {1 }
	Port: matmul_Pipeline_VITIS_LOOP_61_9 : Matrix_B_BRAM_V_86_load | {1 }
	Port: matmul_Pipeline_VITIS_LOOP_61_9 : Matrix_B_BRAM_V_87_load | {1 }
	Port: matmul_Pipeline_VITIS_LOOP_61_9 : Matrix_B_BRAM_V_88_load | {1 }
	Port: matmul_Pipeline_VITIS_LOOP_61_9 : Matrix_B_BRAM_V_89_load | {1 }
	Port: matmul_Pipeline_VITIS_LOOP_61_9 : Matrix_B_BRAM_V_90_load | {1 }
	Port: matmul_Pipeline_VITIS_LOOP_61_9 : Matrix_B_BRAM_V_91_load | {1 }
	Port: matmul_Pipeline_VITIS_LOOP_61_9 : Matrix_B_BRAM_V_92_load | {1 }
	Port: matmul_Pipeline_VITIS_LOOP_61_9 : Matrix_B_BRAM_V_93_load | {1 }
	Port: matmul_Pipeline_VITIS_LOOP_61_9 : Matrix_B_BRAM_V_94_load | {1 }
	Port: matmul_Pipeline_VITIS_LOOP_61_9 : Matrix_B_BRAM_V_95_load | {1 }
	Port: matmul_Pipeline_VITIS_LOOP_61_9 : Matrix_B_BRAM_V_96_load | {1 }
	Port: matmul_Pipeline_VITIS_LOOP_61_9 : Matrix_B_BRAM_V_97_load | {1 }
	Port: matmul_Pipeline_VITIS_LOOP_61_9 : Matrix_B_BRAM_V_98_load | {1 }
	Port: matmul_Pipeline_VITIS_LOOP_61_9 : Matrix_B_BRAM_V_99_load | {1 }
	Port: matmul_Pipeline_VITIS_LOOP_61_9 : Matrix_B_BRAM_V_100_load | {1 }
	Port: matmul_Pipeline_VITIS_LOOP_61_9 : Matrix_B_BRAM_V_101_load | {1 }
	Port: matmul_Pipeline_VITIS_LOOP_61_9 : Matrix_B_BRAM_V_102_load | {1 }
	Port: matmul_Pipeline_VITIS_LOOP_61_9 : Matrix_B_BRAM_V_103_load | {1 }
	Port: matmul_Pipeline_VITIS_LOOP_61_9 : Matrix_B_BRAM_V_104_load | {1 }
	Port: matmul_Pipeline_VITIS_LOOP_61_9 : Matrix_B_BRAM_V_105_load | {1 }
	Port: matmul_Pipeline_VITIS_LOOP_61_9 : Matrix_B_BRAM_V_106_load | {1 }
	Port: matmul_Pipeline_VITIS_LOOP_61_9 : Matrix_B_BRAM_V_107_load | {1 }
	Port: matmul_Pipeline_VITIS_LOOP_61_9 : Matrix_B_BRAM_V_108_load | {1 }
	Port: matmul_Pipeline_VITIS_LOOP_61_9 : Matrix_B_BRAM_V_109_load | {1 }
	Port: matmul_Pipeline_VITIS_LOOP_61_9 : Matrix_B_BRAM_V_110_load | {1 }
	Port: matmul_Pipeline_VITIS_LOOP_61_9 : Matrix_B_BRAM_V_111_load | {1 }
	Port: matmul_Pipeline_VITIS_LOOP_61_9 : Matrix_B_BRAM_V_112_load | {1 }
	Port: matmul_Pipeline_VITIS_LOOP_61_9 : Matrix_B_BRAM_V_113_load | {1 }
	Port: matmul_Pipeline_VITIS_LOOP_61_9 : Matrix_B_BRAM_V_114_load | {1 }
	Port: matmul_Pipeline_VITIS_LOOP_61_9 : Matrix_B_BRAM_V_115_load | {1 }
	Port: matmul_Pipeline_VITIS_LOOP_61_9 : Matrix_B_BRAM_V_116_load | {1 }
	Port: matmul_Pipeline_VITIS_LOOP_61_9 : Matrix_B_BRAM_V_117_load | {1 }
	Port: matmul_Pipeline_VITIS_LOOP_61_9 : Matrix_B_BRAM_V_118_load | {1 }
	Port: matmul_Pipeline_VITIS_LOOP_61_9 : Matrix_B_BRAM_V_119_load | {1 }
	Port: matmul_Pipeline_VITIS_LOOP_61_9 : Matrix_B_BRAM_V_120_load | {1 }
	Port: matmul_Pipeline_VITIS_LOOP_61_9 : Matrix_B_BRAM_V_121_load | {1 }
	Port: matmul_Pipeline_VITIS_LOOP_61_9 : Matrix_B_BRAM_V_122_load | {1 }
	Port: matmul_Pipeline_VITIS_LOOP_61_9 : Matrix_B_BRAM_V_123_load | {1 }
	Port: matmul_Pipeline_VITIS_LOOP_61_9 : Matrix_B_BRAM_V_124_load | {1 }
	Port: matmul_Pipeline_VITIS_LOOP_61_9 : Matrix_B_BRAM_V_125_load | {1 }
	Port: matmul_Pipeline_VITIS_LOOP_61_9 : Matrix_B_BRAM_V_126_load | {1 }
	Port: matmul_Pipeline_VITIS_LOOP_61_9 : Matrix_B_BRAM_V_127_load | {1 }
	Port: matmul_Pipeline_VITIS_LOOP_61_9 : Matrix_B_BRAM_V_128_load | {1 }
	Port: matmul_Pipeline_VITIS_LOOP_61_9 : Matrix_B_BRAM_V_129_load | {1 }
	Port: matmul_Pipeline_VITIS_LOOP_61_9 : Matrix_B_BRAM_V_130_load | {1 }
	Port: matmul_Pipeline_VITIS_LOOP_61_9 : Matrix_B_BRAM_V_131_load | {1 }
	Port: matmul_Pipeline_VITIS_LOOP_61_9 : Matrix_B_BRAM_V_132_load | {1 }
	Port: matmul_Pipeline_VITIS_LOOP_61_9 : Matrix_B_BRAM_V_133_load | {1 }
	Port: matmul_Pipeline_VITIS_LOOP_61_9 : Matrix_B_BRAM_V_134_load | {1 }
	Port: matmul_Pipeline_VITIS_LOOP_61_9 : Matrix_B_BRAM_V_135_load | {1 }
	Port: matmul_Pipeline_VITIS_LOOP_61_9 : Matrix_B_BRAM_V_136_load | {1 }
	Port: matmul_Pipeline_VITIS_LOOP_61_9 : Matrix_B_BRAM_V_137_load | {1 }
	Port: matmul_Pipeline_VITIS_LOOP_61_9 : Matrix_B_BRAM_V_138_load | {1 }
	Port: matmul_Pipeline_VITIS_LOOP_61_9 : Matrix_B_BRAM_V_139_load | {1 }
	Port: matmul_Pipeline_VITIS_LOOP_61_9 : Matrix_B_BRAM_V_140_load | {1 }
	Port: matmul_Pipeline_VITIS_LOOP_61_9 : Matrix_B_BRAM_V_141_load | {1 }
	Port: matmul_Pipeline_VITIS_LOOP_61_9 : Matrix_B_BRAM_V_142_load | {1 }
	Port: matmul_Pipeline_VITIS_LOOP_61_9 : Matrix_B_BRAM_V_143_load | {1 }
	Port: matmul_Pipeline_VITIS_LOOP_61_9 : Matrix_B_BRAM_V_144_load | {1 }
	Port: matmul_Pipeline_VITIS_LOOP_61_9 : Matrix_B_BRAM_V_145_load | {1 }
	Port: matmul_Pipeline_VITIS_LOOP_61_9 : Matrix_B_BRAM_V_146_load | {1 }
	Port: matmul_Pipeline_VITIS_LOOP_61_9 : Matrix_B_BRAM_V_147_load | {1 }
	Port: matmul_Pipeline_VITIS_LOOP_61_9 : Matrix_B_BRAM_V_148_load | {1 }
	Port: matmul_Pipeline_VITIS_LOOP_61_9 : Matrix_B_BRAM_V_149_load | {1 }
  - Chain level:
	State 1
		store_ln0 : 1
		store_ln0 : 1
		indvars_iv_load : 1
		icmp_ln61 : 2
		add_ln61_1 : 2
		br_ln61 : 3
		dot_load : 1
		zext_ln186 : 2
		add_ln186_1 : 3
		zext_ln186_1 : 4
		Matrix_A_BRAM_V_1_addr : 5
		Matrix_A_BRAM_V_7_addr : 5
		Matrix_A_BRAM_V_10_addr : 5
		Matrix_A_BRAM_V_12_addr : 5
		tmp_1 : 2
		Matrix_A_BRAM_V_1_load : 6
		tmp_3 : 2
		tmp_5 : 2
		tmp_7 : 2
		tmp_9 : 2
		tmp_s : 2
		tmp_2 : 2
		Matrix_A_BRAM_V_7_load : 6
		tmp_4 : 2
		tmp_6 : 2
		tmp_8 : 2
		Matrix_A_BRAM_V_10_load : 6
		tmp_10 : 2
		tmp_11 : 2
		Matrix_A_BRAM_V_12_load : 6
		tmp_12 : 2
		tmp_13 : 2
		tmp_14 : 2
		add_ln61 : 2
		store_ln61 : 3
		store_ln61 : 3
	State 2
		mul_ln840_1 : 1
		Matrix_A_BRAM_V_2_load : 1
		Matrix_A_BRAM_V_3_load : 1
		Matrix_A_BRAM_V_5_load : 1
		mul_ln840_7 : 1
		Matrix_A_BRAM_V_8_load : 1
		Matrix_A_BRAM_V_9_load : 1
		mul_ln840_10 : 1
		Matrix_A_BRAM_V_11_load : 1
		mul_ln840_12 : 1
	State 3
		Matrix_A_BRAM_V_load : 1
		mul_ln840_2 : 1
		mul_ln840_3 : 1
		Matrix_A_BRAM_V_4_load : 1
		mul_ln840_5 : 1
		Matrix_A_BRAM_V_6_load : 1
		mul_ln840_8 : 1
		mul_ln840_9 : 1
		mul_ln840_11 : 1
		Matrix_A_BRAM_V_13_load : 1
		Matrix_A_BRAM_V_14_load : 1
	State 4
		mul_ln840 : 1
		mul_ln840_4 : 1
		mul_ln840_6 : 1
		mul_ln840_13 : 1
		mul_ln840_14 : 1
	State 5
		add_ln840 : 1
		add_ln840_6 : 1
		add_ln840_7 : 1
		add_ln840_9 : 1
	State 6
		add_ln840_1 : 1
		add_ln840_2 : 1
		add_ln840_3 : 1
		add_ln840_10 : 1
		add_ln840_8 : 1
		add_ln840_11 : 2
	State 7
		add_ln840_4 : 1
		add_ln840_5 : 2
		add_ln840_12 : 1
		write_ln0 : 1
	State 8
		add_ln840_14 : 1
		store_ln61 : 2


============================================================
+ Verbose Summary: Datapath Resource usage 
============================================================

* Functional unit list:
|----------|-------------------------------------------|---------|---------|---------|
| Operation|              Functional Unit              |   DSP   |    FF   |   LUT   |
|----------|-------------------------------------------|---------|---------|---------|
|          |               tmp_1_fu_1549               |    0    |    0    |   727   |
|          |               tmp_3_fu_1827               |    0    |    0    |   727   |
|          |               tmp_5_fu_2105               |    0    |    0    |   727   |
|          |               tmp_7_fu_2383               |    0    |    0    |   727   |
|          |               tmp_9_fu_2661               |    0    |    0    |   727   |
|          |               tmp_s_fu_2939               |    0    |    0    |   727   |
|          |               tmp_2_fu_3217               |    0    |    0    |   727   |
|    mux   |               tmp_4_fu_3495               |    0    |    0    |   727   |
|          |               tmp_6_fu_3773               |    0    |    0    |   727   |
|          |               tmp_8_fu_4051               |    0    |    0    |   727   |
|          |               tmp_10_fu_4329              |    0    |    0    |   727   |
|          |               tmp_11_fu_4607              |    0    |    0    |   727   |
|          |               tmp_12_fu_4885              |    0    |    0    |   727   |
|          |               tmp_13_fu_5163              |    0    |    0    |   727   |
|          |               tmp_14_fu_5441              |    0    |    0    |   727   |
|----------|-------------------------------------------|---------|---------|---------|
|          |             add_ln61_1_fu_1522            |    0    |    0    |    13   |
|          |            add_ln186_1_fu_1535            |    0    |    0    |    13   |
|          |              add_ln61_fu_5719             |    0    |    0    |    15   |
|          |            add_ln840_8_fu_5735            |    0    |    0    |    23   |
|    add   |            add_ln840_4_fu_5739            |    0    |    0    |    16   |
|          |            add_ln840_5_fu_5743            |    0    |    0    |    16   |
|          |            add_ln840_12_fu_5748           |    0    |    0    |    23   |
|          |            add_ln840_13_fu_5755           |    0    |    0    |    16   |
|          |            add_ln840_14_fu_5759           |    0    |    0    |    16   |
|----------|-------------------------------------------|---------|---------|---------|
|   icmp   |             icmp_ln61_fu_1516             |    0    |    0    |    9    |
|----------|-------------------------------------------|---------|---------|---------|
|          |                grp_fu_5794                |    1    |    0    |    0    |
|          |                grp_fu_5811                |    1    |    0    |    0    |
|          |                grp_fu_5819                |    1    |    0    |    0    |
|          |                grp_fu_5827                |    1    |    0    |    0    |
|  muladd  |                grp_fu_5834                |    1    |    0    |    0    |
|          |                grp_fu_5842                |    1    |    0    |    0    |
|          |                grp_fu_5850                |    1    |    0    |    0    |
|          |                grp_fu_5858                |    1    |    0    |    0    |
|          |                grp_fu_5866                |    1    |    0    |    0    |
|----------|-------------------------------------------|---------|---------|---------|
|          |                grp_fu_5774                |    1    |    0    |    0    |
|          |                grp_fu_5779                |    1    |    0    |    0    |
|    mul   |                grp_fu_5784                |    1    |    0    |    0    |
|          |                grp_fu_5789                |    1    |    0    |    0    |
|          |                grp_fu_5801                |    1    |    0    |    0    |
|          |                grp_fu_5806                |    1    |    0    |    0    |
|----------|-------------------------------------------|---------|---------|---------|
|          | Matrix_B_BRAM_V_149_load_read_read_fu_384 |    0    |    0    |    0    |
|          | Matrix_B_BRAM_V_148_load_read_read_fu_390 |    0    |    0    |    0    |
|          | Matrix_B_BRAM_V_147_load_read_read_fu_396 |    0    |    0    |    0    |
|          | Matrix_B_BRAM_V_146_load_read_read_fu_402 |    0    |    0    |    0    |
|          | Matrix_B_BRAM_V_145_load_read_read_fu_408 |    0    |    0    |    0    |
|          | Matrix_B_BRAM_V_144_load_read_read_fu_414 |    0    |    0    |    0    |
|          | Matrix_B_BRAM_V_143_load_read_read_fu_420 |    0    |    0    |    0    |
|          | Matrix_B_BRAM_V_142_load_read_read_fu_426 |    0    |    0    |    0    |
|          | Matrix_B_BRAM_V_141_load_read_read_fu_432 |    0    |    0    |    0    |
|          | Matrix_B_BRAM_V_140_load_read_read_fu_438 |    0    |    0    |    0    |
|          | Matrix_B_BRAM_V_139_load_read_read_fu_444 |    0    |    0    |    0    |
|          | Matrix_B_BRAM_V_138_load_read_read_fu_450 |    0    |    0    |    0    |
|          | Matrix_B_BRAM_V_137_load_read_read_fu_456 |    0    |    0    |    0    |
|          | Matrix_B_BRAM_V_136_load_read_read_fu_462 |    0    |    0    |    0    |
|          | Matrix_B_BRAM_V_135_load_read_read_fu_468 |    0    |    0    |    0    |
|          | Matrix_B_BRAM_V_134_load_read_read_fu_474 |    0    |    0    |    0    |
|          | Matrix_B_BRAM_V_133_load_read_read_fu_480 |    0    |    0    |    0    |
|          | Matrix_B_BRAM_V_132_load_read_read_fu_486 |    0    |    0    |    0    |
|          | Matrix_B_BRAM_V_131_load_read_read_fu_492 |    0    |    0    |    0    |
|          | Matrix_B_BRAM_V_130_load_read_read_fu_498 |    0    |    0    |    0    |
|          | Matrix_B_BRAM_V_129_load_read_read_fu_504 |    0    |    0    |    0    |
|          | Matrix_B_BRAM_V_128_load_read_read_fu_510 |    0    |    0    |    0    |
|          | Matrix_B_BRAM_V_127_load_read_read_fu_516 |    0    |    0    |    0    |
|          | Matrix_B_BRAM_V_126_load_read_read_fu_522 |    0    |    0    |    0    |
|          | Matrix_B_BRAM_V_125_load_read_read_fu_528 |    0    |    0    |    0    |
|          | Matrix_B_BRAM_V_124_load_read_read_fu_534 |    0    |    0    |    0    |
|          | Matrix_B_BRAM_V_123_load_read_read_fu_540 |    0    |    0    |    0    |
|          | Matrix_B_BRAM_V_122_load_read_read_fu_546 |    0    |    0    |    0    |
|          | Matrix_B_BRAM_V_121_load_read_read_fu_552 |    0    |    0    |    0    |
|          | Matrix_B_BRAM_V_120_load_read_read_fu_558 |    0    |    0    |    0    |
|          | Matrix_B_BRAM_V_119_load_read_read_fu_564 |    0    |    0    |    0    |
|          | Matrix_B_BRAM_V_118_load_read_read_fu_570 |    0    |    0    |    0    |
|          | Matrix_B_BRAM_V_117_load_read_read_fu_576 |    0    |    0    |    0    |
|          | Matrix_B_BRAM_V_116_load_read_read_fu_582 |    0    |    0    |    0    |
|          | Matrix_B_BRAM_V_115_load_read_read_fu_588 |    0    |    0    |    0    |
|          | Matrix_B_BRAM_V_114_load_read_read_fu_594 |    0    |    0    |    0    |
|          | Matrix_B_BRAM_V_113_load_read_read_fu_600 |    0    |    0    |    0    |
|          | Matrix_B_BRAM_V_112_load_read_read_fu_606 |    0    |    0    |    0    |
|          | Matrix_B_BRAM_V_111_load_read_read_fu_612 |    0    |    0    |    0    |
|          | Matrix_B_BRAM_V_110_load_read_read_fu_618 |    0    |    0    |    0    |
|          | Matrix_B_BRAM_V_109_load_read_read_fu_624 |    0    |    0    |    0    |
|          | Matrix_B_BRAM_V_108_load_read_read_fu_630 |    0    |    0    |    0    |
|          | Matrix_B_BRAM_V_107_load_read_read_fu_636 |    0    |    0    |    0    |
|          | Matrix_B_BRAM_V_106_load_read_read_fu_642 |    0    |    0    |    0    |
|          | Matrix_B_BRAM_V_105_load_read_read_fu_648 |    0    |    0    |    0    |
|          | Matrix_B_BRAM_V_104_load_read_read_fu_654 |    0    |    0    |    0    |
|          | Matrix_B_BRAM_V_103_load_read_read_fu_660 |    0    |    0    |    0    |
|          | Matrix_B_BRAM_V_102_load_read_read_fu_666 |    0    |    0    |    0    |
|          | Matrix_B_BRAM_V_101_load_read_read_fu_672 |    0    |    0    |    0    |
|          | Matrix_B_BRAM_V_100_load_read_read_fu_678 |    0    |    0    |    0    |
|          |  Matrix_B_BRAM_V_99_load_read_read_fu_684 |    0    |    0    |    0    |
|          |  Matrix_B_BRAM_V_98_load_read_read_fu_690 |    0    |    0    |    0    |
|          |  Matrix_B_BRAM_V_97_load_read_read_fu_696 |    0    |    0    |    0    |
|          |  Matrix_B_BRAM_V_96_load_read_read_fu_702 |    0    |    0    |    0    |
|          |  Matrix_B_BRAM_V_95_load_read_read_fu_708 |    0    |    0    |    0    |
|          |  Matrix_B_BRAM_V_94_load_read_read_fu_714 |    0    |    0    |    0    |
|          |  Matrix_B_BRAM_V_93_load_read_read_fu_720 |    0    |    0    |    0    |
|          |  Matrix_B_BRAM_V_92_load_read_read_fu_726 |    0    |    0    |    0    |
|          |  Matrix_B_BRAM_V_91_load_read_read_fu_732 |    0    |    0    |    0    |
|          |  Matrix_B_BRAM_V_90_load_read_read_fu_738 |    0    |    0    |    0    |
|          |  Matrix_B_BRAM_V_89_load_read_read_fu_744 |    0    |    0    |    0    |
|          |  Matrix_B_BRAM_V_88_load_read_read_fu_750 |    0    |    0    |    0    |
|          |  Matrix_B_BRAM_V_87_load_read_read_fu_756 |    0    |    0    |    0    |
|          |  Matrix_B_BRAM_V_86_load_read_read_fu_762 |    0    |    0    |    0    |
|          |  Matrix_B_BRAM_V_85_load_read_read_fu_768 |    0    |    0    |    0    |
|          |  Matrix_B_BRAM_V_84_load_read_read_fu_774 |    0    |    0    |    0    |
|          |  Matrix_B_BRAM_V_83_load_read_read_fu_780 |    0    |    0    |    0    |
|          |  Matrix_B_BRAM_V_82_load_read_read_fu_786 |    0    |    0    |    0    |
|          |  Matrix_B_BRAM_V_81_load_read_read_fu_792 |    0    |    0    |    0    |
|          |  Matrix_B_BRAM_V_80_load_read_read_fu_798 |    0    |    0    |    0    |
|          |  Matrix_B_BRAM_V_79_load_read_read_fu_804 |    0    |    0    |    0    |
|          |  Matrix_B_BRAM_V_78_load_read_read_fu_810 |    0    |    0    |    0    |
|          |  Matrix_B_BRAM_V_77_load_read_read_fu_816 |    0    |    0    |    0    |
|          |  Matrix_B_BRAM_V_76_load_read_read_fu_822 |    0    |    0    |    0    |
|          |  Matrix_B_BRAM_V_75_load_read_read_fu_828 |    0    |    0    |    0    |
|   read   |  Matrix_B_BRAM_V_74_load_read_read_fu_834 |    0    |    0    |    0    |
|          |  Matrix_B_BRAM_V_73_load_read_read_fu_840 |    0    |    0    |    0    |
|          |  Matrix_B_BRAM_V_72_load_read_read_fu_846 |    0    |    0    |    0    |
|          |  Matrix_B_BRAM_V_71_load_read_read_fu_852 |    0    |    0    |    0    |
|          |  Matrix_B_BRAM_V_70_load_read_read_fu_858 |    0    |    0    |    0    |
|          |  Matrix_B_BRAM_V_69_load_read_read_fu_864 |    0    |    0    |    0    |
|          |  Matrix_B_BRAM_V_68_load_read_read_fu_870 |    0    |    0    |    0    |
|          |  Matrix_B_BRAM_V_67_load_read_read_fu_876 |    0    |    0    |    0    |
|          |  Matrix_B_BRAM_V_66_load_read_read_fu_882 |    0    |    0    |    0    |
|          |  Matrix_B_BRAM_V_65_load_read_read_fu_888 |    0    |    0    |    0    |
|          |  Matrix_B_BRAM_V_64_load_read_read_fu_894 |    0    |    0    |    0    |
|          |  Matrix_B_BRAM_V_63_load_read_read_fu_900 |    0    |    0    |    0    |
|          |  Matrix_B_BRAM_V_62_load_read_read_fu_906 |    0    |    0    |    0    |
|          |  Matrix_B_BRAM_V_61_load_read_read_fu_912 |    0    |    0    |    0    |
|          |  Matrix_B_BRAM_V_60_load_read_read_fu_918 |    0    |    0    |    0    |
|          |  Matrix_B_BRAM_V_59_load_read_read_fu_924 |    0    |    0    |    0    |
|          |  Matrix_B_BRAM_V_58_load_read_read_fu_930 |    0    |    0    |    0    |
|          |  Matrix_B_BRAM_V_57_load_read_read_fu_936 |    0    |    0    |    0    |
|          |  Matrix_B_BRAM_V_56_load_read_read_fu_942 |    0    |    0    |    0    |
|          |  Matrix_B_BRAM_V_55_load_read_read_fu_948 |    0    |    0    |    0    |
|          |  Matrix_B_BRAM_V_54_load_read_read_fu_954 |    0    |    0    |    0    |
|          |  Matrix_B_BRAM_V_53_load_read_read_fu_960 |    0    |    0    |    0    |
|          |  Matrix_B_BRAM_V_52_load_read_read_fu_966 |    0    |    0    |    0    |
|          |  Matrix_B_BRAM_V_51_load_read_read_fu_972 |    0    |    0    |    0    |
|          |  Matrix_B_BRAM_V_50_load_read_read_fu_978 |    0    |    0    |    0    |
|          |  Matrix_B_BRAM_V_49_load_read_read_fu_984 |    0    |    0    |    0    |
|          |  Matrix_B_BRAM_V_48_load_read_read_fu_990 |    0    |    0    |    0    |
|          |  Matrix_B_BRAM_V_47_load_read_read_fu_996 |    0    |    0    |    0    |
|          | Matrix_B_BRAM_V_46_load_read_read_fu_1002 |    0    |    0    |    0    |
|          | Matrix_B_BRAM_V_45_load_read_read_fu_1008 |    0    |    0    |    0    |
|          | Matrix_B_BRAM_V_44_load_read_read_fu_1014 |    0    |    0    |    0    |
|          | Matrix_B_BRAM_V_43_load_read_read_fu_1020 |    0    |    0    |    0    |
|          | Matrix_B_BRAM_V_42_load_read_read_fu_1026 |    0    |    0    |    0    |
|          | Matrix_B_BRAM_V_41_load_read_read_fu_1032 |    0    |    0    |    0    |
|          | Matrix_B_BRAM_V_40_load_read_read_fu_1038 |    0    |    0    |    0    |
|          | Matrix_B_BRAM_V_39_load_read_read_fu_1044 |    0    |    0    |    0    |
|          | Matrix_B_BRAM_V_38_load_read_read_fu_1050 |    0    |    0    |    0    |
|          | Matrix_B_BRAM_V_37_load_read_read_fu_1056 |    0    |    0    |    0    |
|          | Matrix_B_BRAM_V_36_load_read_read_fu_1062 |    0    |    0    |    0    |
|          | Matrix_B_BRAM_V_35_load_read_read_fu_1068 |    0    |    0    |    0    |
|          | Matrix_B_BRAM_V_34_load_read_read_fu_1074 |    0    |    0    |    0    |
|          | Matrix_B_BRAM_V_33_load_read_read_fu_1080 |    0    |    0    |    0    |
|          | Matrix_B_BRAM_V_32_load_read_read_fu_1086 |    0    |    0    |    0    |
|          | Matrix_B_BRAM_V_31_load_read_read_fu_1092 |    0    |    0    |    0    |
|          | Matrix_B_BRAM_V_30_load_read_read_fu_1098 |    0    |    0    |    0    |
|          | Matrix_B_BRAM_V_29_load_read_read_fu_1104 |    0    |    0    |    0    |
|          | Matrix_B_BRAM_V_28_load_read_read_fu_1110 |    0    |    0    |    0    |
|          | Matrix_B_BRAM_V_27_load_read_read_fu_1116 |    0    |    0    |    0    |
|          | Matrix_B_BRAM_V_26_load_read_read_fu_1122 |    0    |    0    |    0    |
|          | Matrix_B_BRAM_V_25_load_read_read_fu_1128 |    0    |    0    |    0    |
|          | Matrix_B_BRAM_V_24_load_read_read_fu_1134 |    0    |    0    |    0    |
|          | Matrix_B_BRAM_V_23_load_read_read_fu_1140 |    0    |    0    |    0    |
|          | Matrix_B_BRAM_V_22_load_read_read_fu_1146 |    0    |    0    |    0    |
|          | Matrix_B_BRAM_V_21_load_read_read_fu_1152 |    0    |    0    |    0    |
|          | Matrix_B_BRAM_V_20_load_read_read_fu_1158 |    0    |    0    |    0    |
|          | Matrix_B_BRAM_V_19_load_read_read_fu_1164 |    0    |    0    |    0    |
|          | Matrix_B_BRAM_V_18_load_read_read_fu_1170 |    0    |    0    |    0    |
|          | Matrix_B_BRAM_V_17_load_read_read_fu_1176 |    0    |    0    |    0    |
|          | Matrix_B_BRAM_V_16_load_read_read_fu_1182 |    0    |    0    |    0    |
|          | Matrix_B_BRAM_V_15_load_read_read_fu_1188 |    0    |    0    |    0    |
|          | Matrix_B_BRAM_V_14_load_read_read_fu_1194 |    0    |    0    |    0    |
|          | Matrix_B_BRAM_V_13_load_read_read_fu_1200 |    0    |    0    |    0    |
|          | Matrix_B_BRAM_V_12_load_read_read_fu_1206 |    0    |    0    |    0    |
|          | Matrix_B_BRAM_V_11_load_read_read_fu_1212 |    0    |    0    |    0    |
|          | Matrix_B_BRAM_V_10_load_read_read_fu_1218 |    0    |    0    |    0    |
|          |  Matrix_B_BRAM_V_9_load_read_read_fu_1224 |    0    |    0    |    0    |
|          |  Matrix_B_BRAM_V_8_load_read_read_fu_1230 |    0    |    0    |    0    |
|          |  Matrix_B_BRAM_V_7_load_read_read_fu_1236 |    0    |    0    |    0    |
|          |  Matrix_B_BRAM_V_6_load_read_read_fu_1242 |    0    |    0    |    0    |
|          |  Matrix_B_BRAM_V_5_load_read_read_fu_1248 |    0    |    0    |    0    |
|          |  Matrix_B_BRAM_V_4_load_read_read_fu_1254 |    0    |    0    |    0    |
|          |  Matrix_B_BRAM_V_3_load_read_read_fu_1260 |    0    |    0    |    0    |
|          |  Matrix_B_BRAM_V_2_load_read_read_fu_1266 |    0    |    0    |    0    |
|          |  Matrix_B_BRAM_V_1_load_read_read_fu_1272 |    0    |    0    |    0    |
|          |   Matrix_B_BRAM_V_load_read_read_fu_1278  |    0    |    0    |    0    |
|          |        add_ln186_read_read_fu_1284        |    0    |    0    |    0    |
|          |   Matrix_C_BRAM_V_load_read_read_fu_1290  |    0    |    0    |    0    |
|----------|-------------------------------------------|---------|---------|---------|
|   write  |          write_ln0_write_fu_1296          |    0    |    0    |    0    |
|----------|-------------------------------------------|---------|---------|---------|
|   zext   |             zext_ln186_fu_1531            |    0    |    0    |    0    |
|          |            zext_ln186_1_fu_1541           |    0    |    0    |    0    |
|----------|-------------------------------------------|---------|---------|---------|
|   Total  |                                           |    15   |    0    |  11065  |
|----------|-------------------------------------------|---------|---------|---------|

Memories:
N/A

* Register list:
+--------------------------------+--------+
|                                |   FF   |
+--------------------------------+--------+
|Matrix_A_BRAM_V_10_addr_reg_5925|   10   |
|Matrix_A_BRAM_V_10_load_reg_6050|   16   |
|Matrix_A_BRAM_V_11_addr_reg_6035|   10   |
|Matrix_A_BRAM_V_11_load_reg_6110|   16   |
|Matrix_A_BRAM_V_12_addr_reg_5930|   10   |
|Matrix_A_BRAM_V_12_load_reg_6055|   16   |
|Matrix_A_BRAM_V_13_addr_reg_6075|   10   |
|Matrix_A_BRAM_V_13_load_reg_6130|   16   |
|Matrix_A_BRAM_V_14_addr_reg_6080|   10   |
|Matrix_A_BRAM_V_14_load_reg_6135|   16   |
| Matrix_A_BRAM_V_1_addr_reg_5915|   10   |
| Matrix_A_BRAM_V_1_load_reg_6040|   16   |
| Matrix_A_BRAM_V_2_addr_reg_6010|   10   |
| Matrix_A_BRAM_V_2_load_reg_6085|   16   |
| Matrix_A_BRAM_V_3_addr_reg_6015|   10   |
| Matrix_A_BRAM_V_3_load_reg_6090|   16   |
| Matrix_A_BRAM_V_4_addr_reg_6065|   10   |
| Matrix_A_BRAM_V_4_load_reg_6120|   16   |
| Matrix_A_BRAM_V_5_addr_reg_6020|   10   |
| Matrix_A_BRAM_V_5_load_reg_6095|   16   |
| Matrix_A_BRAM_V_6_addr_reg_6070|   10   |
| Matrix_A_BRAM_V_6_load_reg_6125|   16   |
| Matrix_A_BRAM_V_7_addr_reg_5920|   10   |
| Matrix_A_BRAM_V_7_load_reg_6045|   16   |
| Matrix_A_BRAM_V_8_addr_reg_6025|   10   |
| Matrix_A_BRAM_V_8_load_reg_6100|   16   |
| Matrix_A_BRAM_V_9_addr_reg_6030|   10   |
| Matrix_A_BRAM_V_9_load_reg_6105|   16   |
|  Matrix_A_BRAM_V_addr_reg_6060 |   10   |
|  Matrix_A_BRAM_V_load_reg_6115 |   16   |
|      add_ln840_12_reg_6190     |   16   |
|      add_ln840_5_reg_6185      |   16   |
|      add_ln840_8_reg_6180      |   16   |
|      add_ln840_9_reg_6175      |   16   |
|       add_ln840_reg_6170       |   16   |
|      conv3_i_1488_reg_5874     |   16   |
|          dot_reg_5882          |    8   |
|       icmp_ln61_reg_5896       |    1   |
|       indvars_iv_reg_5889      |    4   |
|      mul_ln840_10_reg_6150     |   16   |
|      mul_ln840_12_reg_6155     |   16   |
|      mul_ln840_1_reg_6140      |   16   |
|      mul_ln840_3_reg_6160      |   16   |
|      mul_ln840_5_reg_6165      |   16   |
|      mul_ln840_7_reg_6145      |   16   |
|         tmp_10_reg_5985        |   16   |
|         tmp_11_reg_5990        |   16   |
|         tmp_12_reg_5995        |   16   |
|         tmp_13_reg_6000        |   16   |
|         tmp_14_reg_6005        |   16   |
|         tmp_1_reg_5935         |   16   |
|         tmp_2_reg_5965         |   16   |
|         tmp_3_reg_5940         |   16   |
|         tmp_4_reg_5970         |   16   |
|         tmp_5_reg_5945         |   16   |
|         tmp_6_reg_5975         |   16   |
|         tmp_7_reg_5950         |   16   |
|         tmp_8_reg_5980         |   16   |
|         tmp_9_reg_5955         |   16   |
|         tmp_s_reg_5960         |   16   |
|      zext_ln186_1_reg_5900     |   64   |
+--------------------------------+--------+
|              Total             |   899  |
+--------------------------------+--------+

* Multiplexer (MUX) list: 
|--------------------|------|------|------|--------||---------||---------|
|        Comp        |  Pin | Size |  BW  | S x BW ||  Delay  ||   LUT   |
|--------------------|------|------|------|--------||---------||---------|
| grp_access_fu_1331 |  p0  |   2  |  10  |   20   ||    9    |
| grp_access_fu_1337 |  p0  |   2  |  10  |   20   ||    9    |
| grp_access_fu_1343 |  p0  |   2  |  10  |   20   ||    9    |
| grp_access_fu_1349 |  p0  |   2  |  10  |   20   ||    9    |
| grp_access_fu_1397 |  p0  |   2  |  10  |   20   ||    9    |
| grp_access_fu_1403 |  p0  |   2  |  10  |   20   ||    9    |
| grp_access_fu_1409 |  p0  |   2  |  10  |   20   ||    9    |
| grp_access_fu_1415 |  p0  |   2  |  10  |   20   ||    9    |
| grp_access_fu_1421 |  p0  |   2  |  10  |   20   ||    9    |
| grp_access_fu_1427 |  p0  |   2  |  10  |   20   ||    9    |
| grp_access_fu_1468 |  p0  |   2  |  10  |   20   ||    9    |
| grp_access_fu_1474 |  p0  |   2  |  10  |   20   ||    9    |
| grp_access_fu_1480 |  p0  |   2  |  10  |   20   ||    9    |
| grp_access_fu_1486 |  p0  |   2  |  10  |   20   ||    9    |
| grp_access_fu_1492 |  p0  |   2  |  10  |   20   ||    9    |
|     grp_fu_5774    |  p0  |   2  |  16  |   32   ||    9    |
|     grp_fu_5779    |  p0  |   2  |  16  |   32   ||    9    |
|     grp_fu_5784    |  p0  |   2  |  16  |   32   ||    9    |
|     grp_fu_5789    |  p0  |   2  |  16  |   32   ||    9    |
|     grp_fu_5794    |  p0  |   3  |  16  |   48   ||    14   |
|     grp_fu_5801    |  p0  |   2  |  16  |   32   ||    9    |
|     grp_fu_5806    |  p0  |   2  |  16  |   32   ||    9    |
|     grp_fu_5811    |  p0  |   3  |  16  |   48   ||    14   |
|     grp_fu_5819    |  p0  |   3  |  16  |   48   ||    14   |
|     grp_fu_5827    |  p0  |   3  |  16  |   48   ||    14   |
|     grp_fu_5834    |  p0  |   3  |  16  |   48   ||    14   |
|     grp_fu_5842    |  p0  |   3  |  16  |   48   ||    14   |
|     grp_fu_5850    |  p0  |   3  |  16  |   48   ||    14   |
|     grp_fu_5858    |  p0  |   3  |  16  |   48   ||    14   |
|     grp_fu_5866    |  p0  |   3  |  16  |   48   ||    14   |
|--------------------|------|------|------|--------||---------||---------|
|        Total       |      |      |      |   924  || 48.7137 ||   315   |
|--------------------|------|------|------|--------||---------||---------|



* Summary:
+-----------+--------+--------+--------+--------+
|           |   DSP  |  Delay |   FF   |   LUT  |
+-----------+--------+--------+--------+--------+
|  Function |   15   |    -   |    0   |  11065 |
|   Memory  |    -   |    -   |    -   |    -   |
|Multiplexer|    -   |   48   |    -   |   315  |
|  Register |    -   |    -   |   899  |    -   |
+-----------+--------+--------+--------+--------+
|   Total   |   15   |   48   |   899  |  11380 |
+-----------+--------+--------+--------+--------+
