

================================================================
== Vitis HLS Report for 'Loop_VITIS_LOOP_24_1_proc1_Pipeline_VITIS_LOOP_41_5_VITIS_LOOP_43_6'
================================================================
* Date:           Wed Oct  7 21:22:09 2026

* Version:        2022.2 (Build 3670227 on Oct 13 2022)
* Project:        vitis.prj
* Solution:       solution1 (Vivado IP Flow Target)
* Product family: zynq
* Target device:  xc7z020-clg400-1


================================================================
== Performance Estimates
================================================================
+ Timing: 
    * Summary: 
    +--------+----------+----------+------------+
    |  Clock |  Target  | Estimated| Uncertainty|
    +--------+----------+----------+------------+
    |ap_clk  |  10.00 ns|  7.300 ns|     2.70 ns|
    +--------+----------+----------+------------+

+ Latency: 
    * Summary: 
    +---------+---------+----------+----------+-------+-------+---------+
    |  Latency (cycles) |  Latency (absolute) |    Interval   | Pipeline|
    |   min   |   max   |    min   |    max   |  min  |  max  |   Type  |
    +---------+---------+----------+----------+-------+-------+---------+
    |    51987|    51987|  0.520 ms|  0.520 ms|  51987|  51987|       no|
    +---------+---------+----------+----------+-------+-------+---------+

    + Detail: 
        * Instance: 
        N/A

        * Loop: 
        +-----------------------------------+---------+---------+----------+-----------+-----------+-------+----------+
        |                                   |  Latency (cycles) | Iteration|  Initiation Interval  |  Trip |          |
        |             Loop Name             |   min   |   max   |  Latency |  achieved |   target  | Count | Pipelined|
        +-----------------------------------+---------+---------+----------+-----------+-----------+-------+----------+
        |- VITIS_LOOP_41_5_VITIS_LOOP_43_6  |    51985|    51985|         3|          1|          1|  51984|       yes|
        +-----------------------------------+---------+---------+----------+-----------+-----------+-------+----------+

============================================================
+ Verbose Summary: Synthesis Manager
============================================================
InlineROM: 1
ExposeGlobal: 0
============================================================
+ Verbose Summary: CDFG Model
============================================================
IsTopModel: 0
ResetActiveHigh: 1
IsCombinational: 0
IsDatapathOnly: 0
HasWiredReturn: 1
HasMFsm: 2
HasVarLatency: 1
IsPipeline: 0
IsRtlPipelined: 0
IsInstanceOverlapped: 0
IsDontTouch: 0
HasImplIP: 0
IsGatedGlobalClock: 0

+ Individual pipeline summary: 
  * Pipeline-0: initiation interval (II) = 1, depth = 3


============================================================
+ Verbose Summary: Schedule
============================================================
* Number of FSM states : 3
* Pipeline : 1
  Pipeline-0 : II = 1, D = 3, States = { 1 2 3 }
* Dataflow Pipeline: 0

* FSM state transitions: 
1 --> 2 
2 --> 3 
3 --> 

* FSM state operations: 

State 1 <SV = 0> <Delay = 4.01>
ST_1 : Operation 6 [1/1] (0.00ns)   --->   "%c = alloca i32 1"   --->   Operation 6 'alloca' 'c' <Predicate = true> <Delay = 0.00>
ST_1 : Operation 7 [1/1] (0.00ns)   --->   "%r = alloca i32 1"   --->   Operation 7 'alloca' 'r' <Predicate = true> <Delay = 0.00>
ST_1 : Operation 8 [1/1] (0.00ns)   --->   "%indvar_flatten61 = alloca i32 1"   --->   Operation 8 'alloca' 'indvar_flatten61' <Predicate = true> <Delay = 0.00>
ST_1 : Operation 9 [1/1] (0.00ns)   --->   "%sext_ln38_read = read i62 @_ssdm_op_Read.ap_auto.i62, i62 %sext_ln38"   --->   Operation 9 'read' 'sext_ln38_read' <Predicate = true> <Delay = 0.00>
ST_1 : Operation 10 [1/1] (0.00ns)   --->   "%sext_ln38_cast = sext i62 %sext_ln38_read"   --->   Operation 10 'sext' 'sext_ln38_cast' <Predicate = true> <Delay = 0.00>
ST_1 : Operation 11 [1/1] (0.00ns)   --->   "%specinterface_ln0 = specinterface void @_ssdm_op_SpecInterface, i32 %mem1, void @empty_2, i32 0, i32 0, void @empty_3, i32 64, i32 0, void @empty_4, void @empty_5, void @empty_3, i32 16, i32 16, i32 16, i32 16, void @empty_3, void @empty_3, i32 4294967295, i32 0"   --->   Operation 11 'specinterface' 'specinterface_ln0' <Predicate = true> <Delay = 0.00>
ST_1 : Operation 12 [1/1] (1.58ns)   --->   "%store_ln0 = store i16 0, i16 %indvar_flatten61"   --->   Operation 12 'store' 'store_ln0' <Predicate = true> <Delay = 1.58>
ST_1 : Operation 13 [1/1] (1.58ns)   --->   "%store_ln0 = store i8 0, i8 %r"   --->   Operation 13 'store' 'store_ln0' <Predicate = true> <Delay = 1.58>
ST_1 : Operation 14 [1/1] (1.58ns)   --->   "%store_ln0 = store i8 0, i8 %c"   --->   Operation 14 'store' 'store_ln0' <Predicate = true> <Delay = 1.58>
ST_1 : Operation 15 [1/1] (0.00ns)   --->   "%br_ln0 = br void %for.inc38"   --->   Operation 15 'br' 'br_ln0' <Predicate = true> <Delay = 0.00>
ST_1 : Operation 16 [1/1] (0.00ns)   --->   "%indvar_flatten61_load = load i16 %indvar_flatten61" [conv.cpp:41]   --->   Operation 16 'load' 'indvar_flatten61_load' <Predicate = true> <Delay = 0.00>
ST_1 : Operation 17 [1/1] (2.42ns)   --->   "%icmp_ln41 = icmp_eq  i16 %indvar_flatten61_load, i16 51984" [conv.cpp:41]   --->   Operation 17 'icmp' 'icmp_ln41' <Predicate = true> <Delay = 2.42> <CoreInst = "Cmp">   --->   Core 9 'Cmp' <Latency = 0> <II = 1> <Delay = 2.42> <FuncUnit> <Opcode : 'icmp'> <InPorts = 2> <OutPorts = 1>
ST_1 : Operation 18 [1/1] (2.07ns)   --->   "%add_ln41_1 = add i16 %indvar_flatten61_load, i16 1" [conv.cpp:41]   --->   Operation 18 'add' 'add_ln41_1' <Predicate = true> <Delay = 2.07> <CoreInst = "Adder">   --->   Core 1 'Adder' <Latency = 0> <II = 1> <Delay = 2.07> <FuncUnit> <Opcode : 'add' 'sub'> <InPorts = 2> <OutPorts = 1>
ST_1 : Operation 19 [1/1] (0.00ns)   --->   "%br_ln41 = br i1 %icmp_ln41, void %for.inc41, void %for.inc64.preheader.exitStub" [conv.cpp:41]   --->   Operation 19 'br' 'br_ln41' <Predicate = true> <Delay = 0.00>
ST_1 : Operation 20 [1/1] (1.58ns)   --->   "%store_ln43 = store i16 %add_ln41_1, i16 %indvar_flatten61" [conv.cpp:43]   --->   Operation 20 'store' 'store_ln43' <Predicate = (!icmp_ln41)> <Delay = 1.58>

State 2 <SV = 1> <Delay = 7.30>
ST_2 : Operation 21 [1/1] (0.00ns)   --->   "%mem1_addr = getelementptr i32 %mem1, i64 %sext_ln38_cast" [conv.cpp:38]   --->   Operation 21 'getelementptr' 'mem1_addr' <Predicate = true> <Delay = 0.00>
ST_2 : Operation 22 [1/1] (0.00ns)   --->   "%c_load = load i8 %c" [conv.cpp:43]   --->   Operation 22 'load' 'c_load' <Predicate = (!icmp_ln41)> <Delay = 0.00>
ST_2 : Operation 23 [1/1] (1.55ns)   --->   "%icmp_ln43 = icmp_eq  i8 %c_load, i8 228" [conv.cpp:43]   --->   Operation 23 'icmp' 'icmp_ln43' <Predicate = (!icmp_ln41)> <Delay = 1.55> <CoreInst = "Cmp">   --->   Core 9 'Cmp' <Latency = 0> <II = 1> <Delay = 1.55> <FuncUnit> <Opcode : 'icmp'> <InPorts = 2> <OutPorts = 1>
ST_2 : Operation 24 [1/1] (1.24ns)   --->   "%select_ln41 = select i1 %icmp_ln43, i8 0, i8 %c_load" [conv.cpp:41]   --->   Operation 24 'select' 'select_ln41' <Predicate = (!icmp_ln41)> <Delay = 1.24> <CoreInst = "Sel">   --->   Core 73 'Sel' <Latency = 0> <II = 1> <Delay = 1.24> <FuncUnit> <Opcode : 'select'> <InPorts = 3> <OutPorts = 1>
ST_2 : Operation 25 [1/1] (7.30ns)   --->   "%mem1_addr_read = read i32 @_ssdm_op_Read.m_axi.p1i32, i32 %mem1_addr" [conv.cpp:46]   --->   Operation 25 'read' 'mem1_addr_read' <Predicate = (!icmp_ln41)> <Delay = 7.30> <CoreInst = "m_axi">   --->   Core 113 'm_axi' <Latency = 0> <II = 1> <Delay = 1.00> <Adapter> <Opcode : 'read' 'write' 'readreq' 'writereq' 'writeresp'>
ST_2 : Operation 26 [1/1] (0.00ns)   --->   "%bitcast_ln46 = bitcast i32 %mem1_addr_read" [conv.cpp:46]   --->   Operation 26 'bitcast' 'bitcast_ln46' <Predicate = (!icmp_ln41)> <Delay = 0.00>
ST_2 : Operation 27 [1/1] (1.55ns)   --->   "%icmp_ln46_1 = icmp_ult  i8 %select_ln41, i8 200" [conv.cpp:46]   --->   Operation 27 'icmp' 'icmp_ln46_1' <Predicate = (!icmp_ln41)> <Delay = 1.55> <CoreInst = "Cmp">   --->   Core 9 'Cmp' <Latency = 0> <II = 1> <Delay = 1.55> <FuncUnit> <Opcode : 'icmp'> <InPorts = 2> <OutPorts = 1>
ST_2 : Operation 28 [1/1] (1.91ns)   --->   "%add_ln46 = add i8 %select_ln41, i8 56" [conv.cpp:46]   --->   Operation 28 'add' 'add_ln46' <Predicate = (!icmp_ln41)> <Delay = 1.91> <CoreInst = "Adder">   --->   Core 1 'Adder' <Latency = 0> <II = 1> <Delay = 1.91> <FuncUnit> <Opcode : 'add' 'sub'> <InPorts = 2> <OutPorts = 1>
ST_2 : Operation 29 [1/1] (1.24ns)   --->   "%select_ln46 = select i1 %icmp_ln46_1, i8 %select_ln41, i8 %add_ln46" [conv.cpp:46]   --->   Operation 29 'select' 'select_ln46' <Predicate = (!icmp_ln41)> <Delay = 1.24> <CoreInst = "Sel">   --->   Core 73 'Sel' <Latency = 0> <II = 1> <Delay = 1.24> <FuncUnit> <Opcode : 'select'> <InPorts = 3> <OutPorts = 1>
ST_2 : Operation 30 [1/1] (1.55ns)   --->   "%icmp_ln46 = icmp_ugt  i8 %select_ln41, i8 199" [conv.cpp:46]   --->   Operation 30 'icmp' 'icmp_ln46' <Predicate = (!icmp_ln41)> <Delay = 1.55> <CoreInst = "Cmp">   --->   Core 9 'Cmp' <Latency = 0> <II = 1> <Delay = 1.55> <FuncUnit> <Opcode : 'icmp'> <InPorts = 2> <OutPorts = 1>
ST_2 : Operation 31 [1/1] (0.95ns)   --->   "%switch_ln46 = switch i8 %select_ln46, void %arrayidx3714.case.199, i8 0, void %arrayidx3714.case.0, i8 1, void %arrayidx3714.case.1, i8 2, void %arrayidx3714.case.2, i8 3, void %arrayidx3714.case.3, i8 4, void %arrayidx3714.case.4, i8 5, void %arrayidx3714.case.5, i8 6, void %arrayidx3714.case.6, i8 7, void %arrayidx3714.case.7, i8 8, void %arrayidx3714.case.8, i8 9, void %arrayidx3714.case.9, i8 10, void %arrayidx3714.case.10, i8 11, void %arrayidx3714.case.11, i8 12, void %arrayidx3714.case.12, i8 13, void %arrayidx3714.case.13, i8 14, void %arrayidx3714.case.14, i8 15, void %arrayidx3714.case.15, i8 16, void %arrayidx3714.case.16, i8 17, void %arrayidx3714.case.17, i8 18, void %arrayidx3714.case.18, i8 19, void %arrayidx3714.case.19, i8 20, void %arrayidx3714.case.20, i8 21, void %arrayidx3714.case.21, i8 22, void %arrayidx3714.case.22, i8 23, void %arrayidx3714.case.23, i8 24, void %arrayidx3714.case.24, i8 25, void %arrayidx3714.case.25, i8 26, void %arrayidx3714.case.26, i8 27, void %arrayidx3714.case.27, i8 28, void %arrayidx3714.case.28, i8 29, void %arrayidx3714.case.29, i8 30, void %arrayidx3714.case.30, i8 31, void %arrayidx3714.case.31, i8 32, void %arrayidx3714.case.32, i8 33, void %arrayidx3714.case.33, i8 34, void %arrayidx3714.case.34, i8 35, void %arrayidx3714.case.35, i8 36, void %arrayidx3714.case.36, i8 37, void %arrayidx3714.case.37, i8 38, void %arrayidx3714.case.38, i8 39, void %arrayidx3714.case.39, i8 40, void %arrayidx3714.case.40, i8 41, void %arrayidx3714.case.41, i8 42, void %arrayidx3714.case.42, i8 43, void %arrayidx3714.case.43, i8 44, void %arrayidx3714.case.44, i8 45, void %arrayidx3714.case.45, i8 46, void %arrayidx3714.case.46, i8 47, void %arrayidx3714.case.47, i8 48, void %arrayidx3714.case.48, i8 49, void %arrayidx3714.case.49, i8 50, void %arrayidx3714.case.50, i8 51, void %arrayidx3714.case.51, i8 52, void %arrayidx3714.case.52, i8 53, void %arrayidx3714.case.53, i8 54, void %arrayidx3714.case.54, i8 55, void %arrayidx3714.case.55, i8 56, void %arrayidx3714.case.56, i8 57, void %arrayidx3714.case.57, i8 58, void %arrayidx3714.case.58, i8 59, void %arrayidx3714.case.59, i8 60, void %arrayidx3714.case.60, i8 61, void %arrayidx3714.case.61, i8 62, void %arrayidx3714.case.62, i8 63, void %arrayidx3714.case.63, i8 64, void %arrayidx3714.case.64, i8 65, void %arrayidx3714.case.65, i8 66, void %arrayidx3714.case.66, i8 67, void %arrayidx3714.case.67, i8 68, void %arrayidx3714.case.68, i8 69, void %arrayidx3714.case.69, i8 70, void %arrayidx3714.case.70, i8 71, void %arrayidx3714.case.71, i8 72, void %arrayidx3714.case.72, i8 73, void %arrayidx3714.case.73, i8 74, void %arrayidx3714.case.74, i8 75, void %arrayidx3714.case.75, i8 76, void %arrayidx3714.case.76, i8 77, void %arrayidx3714.case.77, i8 78, void %arrayidx3714.case.78, i8 79, void %arrayidx3714.case.79, i8 80, void %arrayidx3714.case.80, i8 81, void %arrayidx3714.case.81, i8 82, void %arrayidx3714.case.82, i8 83, void %arrayidx3714.case.83, i8 84, void %arrayidx3714.case.84, i8 85, void %arrayidx3714.case.85, i8 86, void %arrayidx3714.case.86, i8 87, void %arrayidx3714.case.87, i8 88, void %arrayidx3714.case.88, i8 89, void %arrayidx3714.case.89, i8 90, void %arrayidx3714.case.90, i8 91, void %arrayidx3714.case.91, i8 92, void %arrayidx3714.case.92, i8 93, void %arrayidx3714.case.93, i8 94, void %arrayidx3714.case.94, i8 95, void %arrayidx3714.case.95, i8 96, void %arrayidx3714.case.96, i8 97, void %arrayidx3714.case.97, i8 98, void %arrayidx3714.case.98, i8 99, void %arrayidx3714.case.99, i8 100, void %arrayidx3714.case.100, i8 101, void %arrayidx3714.case.101, i8 102, void %arrayidx3714.case.102, i8 103, void %arrayidx3714.case.103, i8 104, void %arrayidx3714.case.104, i8 105, void %arrayidx3714.case.105, i8 106, void %arrayidx3714.case.106, i8 107, void %arrayidx3714.case.107, i8 108, void %arrayidx3714.case.108, i8 109, void %arrayidx3714.case.109, i8 110, void %arrayidx3714.case.110, i8 111, void %arrayidx3714.case.111, i8 112, void %arrayidx3714.case.112, i8 113, void %arrayidx3714.case.113, i8 114, void %arrayidx3714.case.114, i8 115, void %arrayidx3714.case.115, i8 116, void %arrayidx3714.case.116, i8 117, void %arrayidx3714.case.117, i8 118, void %arrayidx3714.case.118, i8 119, void %arrayidx3714.case.119, i8 120, void %arrayidx3714.case.120, i8 121, void %arrayidx3714.case.121, i8 122, void %arrayidx3714.case.122, i8 123, void %arrayidx3714.case.123, i8 124, void %arrayidx3714.case.124, i8 125, void %arrayidx3714.case.125, i8 126, void %arrayidx3714.case.126, i8 127, void %arrayidx3714.case.127, i8 128, void %arrayidx3714.case.128, i8 129, void %arrayidx3714.case.129, i8 130, void %arrayidx3714.case.130, i8 131, void %arrayidx3714.case.131, i8 132, void %arrayidx3714.case.132, i8 133, void %arrayidx3714.case.133, i8 134, void %arrayidx3714.case.134, i8 135, void %arrayidx3714.case.135, i8 136, void %arrayidx3714.case.136, i8 137, void %arrayidx3714.case.137, i8 138, void %arrayidx3714.case.138, i8 139, void %arrayidx3714.case.139, i8 140, void %arrayidx3714.case.140, i8 141, void %arrayidx3714.case.141, i8 142, void %arrayidx3714.case.142, i8 143, void %arrayidx3714.case.143, i8 144, void %arrayidx3714.case.144, i8 145, void %arrayidx3714.case.145, i8 146, void %arrayidx3714.case.146, i8 147, void %arrayidx3714.case.147, i8 148, void %arrayidx3714.case.148, i8 149, void %arrayidx3714.case.149, i8 150, void %arrayidx3714.case.150, i8 151, void %arrayidx3714.case.151, i8 152, void %arrayidx3714.case.152, i8 153, void %arrayidx3714.case.153, i8 154, void %arrayidx3714.case.154, i8 155, void %arrayidx3714.case.155, i8 156, void %arrayidx3714.case.156, i8 157, void %arrayidx3714.case.157, i8 158, void %arrayidx3714.case.158, i8 159, void %arrayidx3714.case.159, i8 160, void %arrayidx3714.case.160, i8 161, void %arrayidx3714.case.161, i8 162, void %arrayidx3714.case.162, i8 163, void %arrayidx3714.case.163, i8 164, void %arrayidx3714.case.164, i8 165, void %arrayidx3714.case.165, i8 166, void %arrayidx3714.case.166, i8 167, void %arrayidx3714.case.167, i8 168, void %arrayidx3714.case.168, i8 169, void %arrayidx3714.case.169, i8 170, void %arrayidx3714.case.170, i8 171, void %arrayidx3714.case.171, i8 172, void %arrayidx3714.case.172, i8 173, void %arrayidx3714.case.173, i8 174, void %arrayidx3714.case.174, i8 175, void %arrayidx3714.case.175, i8 176, void %arrayidx3714.case.176, i8 177, void %arrayidx3714.case.177, i8 178, void %arrayidx3714.case.178, i8 179, void %arrayidx3714.case.179, i8 180, void %arrayidx3714.case.180, i8 181, void %arrayidx3714.case.181, i8 182, void %arrayidx3714.case.182, i8 183, void %arrayidx3714.case.183, i8 184, void %arrayidx3714.case.184, i8 185, void %arrayidx3714.case.185, i8 186, void %arrayidx3714.case.186, i8 187, void %arrayidx3714.case.187, i8 188, void %arrayidx3714.case.188, i8 189, void %arrayidx3714.case.189, i8 190, void %arrayidx3714.case.190, i8 191, void %arrayidx3714.case.191, i8 192, void %arrayidx3714.case.192, i8 193, void %arrayidx3714.case.193, i8 194, void %arrayidx3714.case.194, i8 195, void %arrayidx3714.case.195, i8 196, void %arrayidx3714.case.196, i8 197, void %arrayidx3714.case.197, i8 198, void %arrayidx3714.case.198" [conv.cpp:46]   --->   Operation 31 'switch' 'switch_ln46' <Predicate = (!icmp_ln41)> <Delay = 0.95>
ST_2 : Operation 32 [1/1] (1.91ns)   --->   "%add_ln43 = add i8 %select_ln41, i8 1" [conv.cpp:43]   --->   Operation 32 'add' 'add_ln43' <Predicate = (!icmp_ln41)> <Delay = 1.91> <CoreInst = "Adder">   --->   Core 1 'Adder' <Latency = 0> <II = 1> <Delay = 1.91> <FuncUnit> <Opcode : 'add' 'sub'> <InPorts = 2> <OutPorts = 1>
ST_2 : Operation 33 [1/1] (1.58ns)   --->   "%store_ln43 = store i8 %add_ln43, i8 %c" [conv.cpp:43]   --->   Operation 33 'store' 'store_ln43' <Predicate = (!icmp_ln41)> <Delay = 1.58>
ST_2 : Operation 645 [1/1] (0.00ns)   --->   "%ret_ln0 = ret"   --->   Operation 645 'ret' 'ret_ln0' <Predicate = (icmp_ln41)> <Delay = 0.00>

State 3 <SV = 2> <Delay = 6.41>
ST_3 : Operation 34 [1/1] (0.00ns)   --->   "%r_load = load i8 %r" [conv.cpp:41]   --->   Operation 34 'load' 'r_load' <Predicate = true> <Delay = 0.00>
ST_3 : Operation 35 [1/1] (1.91ns)   --->   "%add_ln41 = add i8 %r_load, i8 1" [conv.cpp:41]   --->   Operation 35 'add' 'add_ln41' <Predicate = (icmp_ln43)> <Delay = 1.91> <CoreInst = "Adder">   --->   Core 1 'Adder' <Latency = 0> <II = 1> <Delay = 1.91> <FuncUnit> <Opcode : 'add' 'sub'> <InPorts = 2> <OutPorts = 1>
ST_3 : Operation 36 [1/1] (0.00ns)   --->   "%specloopname_ln0 = specloopname void @_ssdm_op_SpecLoopName, void @VITIS_LOOP_41_5_VITIS_LOOP_43_6_str"   --->   Operation 36 'specloopname' 'specloopname_ln0' <Predicate = true> <Delay = 0.00>
ST_3 : Operation 37 [1/1] (0.00ns)   --->   "%empty = speclooptripcount i32 @_ssdm_op_SpecLoopTripCount, i64 51984, i64 51984, i64 51984"   --->   Operation 37 'speclooptripcount' 'empty' <Predicate = true> <Delay = 0.00>
ST_3 : Operation 38 [1/1] (1.24ns)   --->   "%select_ln41_1 = select i1 %icmp_ln43, i8 %add_ln41, i8 %r_load" [conv.cpp:41]   --->   Operation 38 'select' 'select_ln41_1' <Predicate = true> <Delay = 1.24> <CoreInst = "Sel">   --->   Core 73 'Sel' <Latency = 0> <II = 1> <Delay = 1.24> <FuncUnit> <Opcode : 'select'> <InPorts = 3> <OutPorts = 1>
ST_3 : Operation 39 [1/1] (0.00ns)   --->   "%specpipeline_ln45 = specpipeline void @_ssdm_op_SpecPipeline, i32 1, i32 0, i32 0, i32 0, void @empty_3" [conv.cpp:45]   --->   Operation 39 'specpipeline' 'specpipeline_ln45' <Predicate = true> <Delay = 0.00>
ST_3 : Operation 40 [1/1] (0.00ns)   --->   "%specloopname_ln43 = specloopname void @_ssdm_op_SpecLoopName, void @empty_12" [conv.cpp:43]   --->   Operation 40 'specloopname' 'specloopname_ln43' <Predicate = true> <Delay = 0.00>
ST_3 : Operation 41 [1/1] (0.00ns)   --->   "%tmp_5 = bitconcatenate i9 @_ssdm_op_BitConcatenate.i9.i8.i1, i8 %select_ln41_1, i1 %icmp_ln46" [conv.cpp:46]   --->   Operation 41 'bitconcatenate' 'tmp_5' <Predicate = true> <Delay = 0.00>
ST_3 : Operation 42 [1/1] (0.00ns)   --->   "%zext_ln46 = zext i9 %tmp_5" [conv.cpp:46]   --->   Operation 42 'zext' 'zext_ln46' <Predicate = true> <Delay = 0.00>
ST_3 : Operation 43 [1/1] (0.00ns)   --->   "%local_input_addr = getelementptr i32 %local_input, i64 0, i64 %zext_ln46" [conv.cpp:46]   --->   Operation 43 'getelementptr' 'local_input_addr' <Predicate = true> <Delay = 0.00>
ST_3 : Operation 44 [1/1] (0.00ns)   --->   "%local_input_1_addr = getelementptr i32 %local_input_1, i64 0, i64 %zext_ln46" [conv.cpp:46]   --->   Operation 44 'getelementptr' 'local_input_1_addr' <Predicate = true> <Delay = 0.00>
ST_3 : Operation 45 [1/1] (0.00ns)   --->   "%local_input_2_addr = getelementptr i32 %local_input_2, i64 0, i64 %zext_ln46" [conv.cpp:46]   --->   Operation 45 'getelementptr' 'local_input_2_addr' <Predicate = true> <Delay = 0.00>
ST_3 : Operation 46 [1/1] (0.00ns)   --->   "%local_input_3_addr = getelementptr i32 %local_input_3, i64 0, i64 %zext_ln46" [conv.cpp:46]   --->   Operation 46 'getelementptr' 'local_input_3_addr' <Predicate = true> <Delay = 0.00>
ST_3 : Operation 47 [1/1] (0.00ns)   --->   "%local_input_4_addr = getelementptr i32 %local_input_4, i64 0, i64 %zext_ln46" [conv.cpp:46]   --->   Operation 47 'getelementptr' 'local_input_4_addr' <Predicate = true> <Delay = 0.00>
ST_3 : Operation 48 [1/1] (0.00ns)   --->   "%local_input_5_addr = getelementptr i32 %local_input_5, i64 0, i64 %zext_ln46" [conv.cpp:46]   --->   Operation 48 'getelementptr' 'local_input_5_addr' <Predicate = true> <Delay = 0.00>
ST_3 : Operation 49 [1/1] (0.00ns)   --->   "%local_input_6_addr = getelementptr i32 %local_input_6, i64 0, i64 %zext_ln46" [conv.cpp:46]   --->   Operation 49 'getelementptr' 'local_input_6_addr' <Predicate = true> <Delay = 0.00>
ST_3 : Operation 50 [1/1] (0.00ns)   --->   "%local_input_7_addr = getelementptr i32 %local_input_7, i64 0, i64 %zext_ln46" [conv.cpp:46]   --->   Operation 50 'getelementptr' 'local_input_7_addr' <Predicate = true> <Delay = 0.00>
ST_3 : Operation 51 [1/1] (0.00ns)   --->   "%local_input_8_addr = getelementptr i32 %local_input_8, i64 0, i64 %zext_ln46" [conv.cpp:46]   --->   Operation 51 'getelementptr' 'local_input_8_addr' <Predicate = true> <Delay = 0.00>
ST_3 : Operation 52 [1/1] (0.00ns)   --->   "%local_input_9_addr = getelementptr i32 %local_input_9, i64 0, i64 %zext_ln46" [conv.cpp:46]   --->   Operation 52 'getelementptr' 'local_input_9_addr' <Predicate = true> <Delay = 0.00>
ST_3 : Operation 53 [1/1] (0.00ns)   --->   "%local_input_10_addr = getelementptr i32 %local_input_10, i64 0, i64 %zext_ln46" [conv.cpp:46]   --->   Operation 53 'getelementptr' 'local_input_10_addr' <Predicate = true> <Delay = 0.00>
ST_3 : Operation 54 [1/1] (0.00ns)   --->   "%local_input_11_addr = getelementptr i32 %local_input_11, i64 0, i64 %zext_ln46" [conv.cpp:46]   --->   Operation 54 'getelementptr' 'local_input_11_addr' <Predicate = true> <Delay = 0.00>
ST_3 : Operation 55 [1/1] (0.00ns)   --->   "%local_input_12_addr = getelementptr i32 %local_input_12, i64 0, i64 %zext_ln46" [conv.cpp:46]   --->   Operation 55 'getelementptr' 'local_input_12_addr' <Predicate = true> <Delay = 0.00>
ST_3 : Operation 56 [1/1] (0.00ns)   --->   "%local_input_13_addr = getelementptr i32 %local_input_13, i64 0, i64 %zext_ln46" [conv.cpp:46]   --->   Operation 56 'getelementptr' 'local_input_13_addr' <Predicate = true> <Delay = 0.00>
ST_3 : Operation 57 [1/1] (0.00ns)   --->   "%local_input_14_addr = getelementptr i32 %local_input_14, i64 0, i64 %zext_ln46" [conv.cpp:46]   --->   Operation 57 'getelementptr' 'local_input_14_addr' <Predicate = true> <Delay = 0.00>
ST_3 : Operation 58 [1/1] (0.00ns)   --->   "%local_input_15_addr = getelementptr i32 %local_input_15, i64 0, i64 %zext_ln46" [conv.cpp:46]   --->   Operation 58 'getelementptr' 'local_input_15_addr' <Predicate = true> <Delay = 0.00>
ST_3 : Operation 59 [1/1] (0.00ns)   --->   "%local_input_16_addr = getelementptr i32 %local_input_16, i64 0, i64 %zext_ln46" [conv.cpp:46]   --->   Operation 59 'getelementptr' 'local_input_16_addr' <Predicate = true> <Delay = 0.00>
ST_3 : Operation 60 [1/1] (0.00ns)   --->   "%local_input_17_addr = getelementptr i32 %local_input_17, i64 0, i64 %zext_ln46" [conv.cpp:46]   --->   Operation 60 'getelementptr' 'local_input_17_addr' <Predicate = true> <Delay = 0.00>
ST_3 : Operation 61 [1/1] (0.00ns)   --->   "%local_input_18_addr = getelementptr i32 %local_input_18, i64 0, i64 %zext_ln46" [conv.cpp:46]   --->   Operation 61 'getelementptr' 'local_input_18_addr' <Predicate = true> <Delay = 0.00>
ST_3 : Operation 62 [1/1] (0.00ns)   --->   "%local_input_19_addr = getelementptr i32 %local_input_19, i64 0, i64 %zext_ln46" [conv.cpp:46]   --->   Operation 62 'getelementptr' 'local_input_19_addr' <Predicate = true> <Delay = 0.00>
ST_3 : Operation 63 [1/1] (0.00ns)   --->   "%local_input_20_addr = getelementptr i32 %local_input_20, i64 0, i64 %zext_ln46" [conv.cpp:46]   --->   Operation 63 'getelementptr' 'local_input_20_addr' <Predicate = true> <Delay = 0.00>
ST_3 : Operation 64 [1/1] (0.00ns)   --->   "%local_input_21_addr = getelementptr i32 %local_input_21, i64 0, i64 %zext_ln46" [conv.cpp:46]   --->   Operation 64 'getelementptr' 'local_input_21_addr' <Predicate = true> <Delay = 0.00>
ST_3 : Operation 65 [1/1] (0.00ns)   --->   "%local_input_22_addr = getelementptr i32 %local_input_22, i64 0, i64 %zext_ln46" [conv.cpp:46]   --->   Operation 65 'getelementptr' 'local_input_22_addr' <Predicate = true> <Delay = 0.00>
ST_3 : Operation 66 [1/1] (0.00ns)   --->   "%local_input_23_addr = getelementptr i32 %local_input_23, i64 0, i64 %zext_ln46" [conv.cpp:46]   --->   Operation 66 'getelementptr' 'local_input_23_addr' <Predicate = true> <Delay = 0.00>
ST_3 : Operation 67 [1/1] (0.00ns)   --->   "%local_input_24_addr = getelementptr i32 %local_input_24, i64 0, i64 %zext_ln46" [conv.cpp:46]   --->   Operation 67 'getelementptr' 'local_input_24_addr' <Predicate = true> <Delay = 0.00>
ST_3 : Operation 68 [1/1] (0.00ns)   --->   "%local_input_25_addr = getelementptr i32 %local_input_25, i64 0, i64 %zext_ln46" [conv.cpp:46]   --->   Operation 68 'getelementptr' 'local_input_25_addr' <Predicate = true> <Delay = 0.00>
ST_3 : Operation 69 [1/1] (0.00ns)   --->   "%local_input_26_addr = getelementptr i32 %local_input_26, i64 0, i64 %zext_ln46" [conv.cpp:46]   --->   Operation 69 'getelementptr' 'local_input_26_addr' <Predicate = true> <Delay = 0.00>
ST_3 : Operation 70 [1/1] (0.00ns)   --->   "%local_input_27_addr = getelementptr i32 %local_input_27, i64 0, i64 %zext_ln46" [conv.cpp:46]   --->   Operation 70 'getelementptr' 'local_input_27_addr' <Predicate = true> <Delay = 0.00>
ST_3 : Operation 71 [1/1] (0.00ns)   --->   "%local_input_28_addr = getelementptr i32 %local_input_28, i64 0, i64 %zext_ln46" [conv.cpp:46]   --->   Operation 71 'getelementptr' 'local_input_28_addr' <Predicate = true> <Delay = 0.00>
ST_3 : Operation 72 [1/1] (0.00ns)   --->   "%local_input_29_addr = getelementptr i32 %local_input_29, i64 0, i64 %zext_ln46" [conv.cpp:46]   --->   Operation 72 'getelementptr' 'local_input_29_addr' <Predicate = true> <Delay = 0.00>
ST_3 : Operation 73 [1/1] (0.00ns)   --->   "%local_input_30_addr = getelementptr i32 %local_input_30, i64 0, i64 %zext_ln46" [conv.cpp:46]   --->   Operation 73 'getelementptr' 'local_input_30_addr' <Predicate = true> <Delay = 0.00>
ST_3 : Operation 74 [1/1] (0.00ns)   --->   "%local_input_31_addr = getelementptr i32 %local_input_31, i64 0, i64 %zext_ln46" [conv.cpp:46]   --->   Operation 74 'getelementptr' 'local_input_31_addr' <Predicate = true> <Delay = 0.00>
ST_3 : Operation 75 [1/1] (0.00ns)   --->   "%local_input_32_addr = getelementptr i32 %local_input_32, i64 0, i64 %zext_ln46" [conv.cpp:46]   --->   Operation 75 'getelementptr' 'local_input_32_addr' <Predicate = true> <Delay = 0.00>
ST_3 : Operation 76 [1/1] (0.00ns)   --->   "%local_input_33_addr = getelementptr i32 %local_input_33, i64 0, i64 %zext_ln46" [conv.cpp:46]   --->   Operation 76 'getelementptr' 'local_input_33_addr' <Predicate = true> <Delay = 0.00>
ST_3 : Operation 77 [1/1] (0.00ns)   --->   "%local_input_34_addr = getelementptr i32 %local_input_34, i64 0, i64 %zext_ln46" [conv.cpp:46]   --->   Operation 77 'getelementptr' 'local_input_34_addr' <Predicate = true> <Delay = 0.00>
ST_3 : Operation 78 [1/1] (0.00ns)   --->   "%local_input_35_addr = getelementptr i32 %local_input_35, i64 0, i64 %zext_ln46" [conv.cpp:46]   --->   Operation 78 'getelementptr' 'local_input_35_addr' <Predicate = true> <Delay = 0.00>
ST_3 : Operation 79 [1/1] (0.00ns)   --->   "%local_input_36_addr = getelementptr i32 %local_input_36, i64 0, i64 %zext_ln46" [conv.cpp:46]   --->   Operation 79 'getelementptr' 'local_input_36_addr' <Predicate = true> <Delay = 0.00>
ST_3 : Operation 80 [1/1] (0.00ns)   --->   "%local_input_37_addr = getelementptr i32 %local_input_37, i64 0, i64 %zext_ln46" [conv.cpp:46]   --->   Operation 80 'getelementptr' 'local_input_37_addr' <Predicate = true> <Delay = 0.00>
ST_3 : Operation 81 [1/1] (0.00ns)   --->   "%local_input_38_addr = getelementptr i32 %local_input_38, i64 0, i64 %zext_ln46" [conv.cpp:46]   --->   Operation 81 'getelementptr' 'local_input_38_addr' <Predicate = true> <Delay = 0.00>
ST_3 : Operation 82 [1/1] (0.00ns)   --->   "%local_input_39_addr = getelementptr i32 %local_input_39, i64 0, i64 %zext_ln46" [conv.cpp:46]   --->   Operation 82 'getelementptr' 'local_input_39_addr' <Predicate = true> <Delay = 0.00>
ST_3 : Operation 83 [1/1] (0.00ns)   --->   "%local_input_40_addr = getelementptr i32 %local_input_40, i64 0, i64 %zext_ln46" [conv.cpp:46]   --->   Operation 83 'getelementptr' 'local_input_40_addr' <Predicate = true> <Delay = 0.00>
ST_3 : Operation 84 [1/1] (0.00ns)   --->   "%local_input_41_addr = getelementptr i32 %local_input_41, i64 0, i64 %zext_ln46" [conv.cpp:46]   --->   Operation 84 'getelementptr' 'local_input_41_addr' <Predicate = true> <Delay = 0.00>
ST_3 : Operation 85 [1/1] (0.00ns)   --->   "%local_input_42_addr = getelementptr i32 %local_input_42, i64 0, i64 %zext_ln46" [conv.cpp:46]   --->   Operation 85 'getelementptr' 'local_input_42_addr' <Predicate = true> <Delay = 0.00>
ST_3 : Operation 86 [1/1] (0.00ns)   --->   "%local_input_43_addr = getelementptr i32 %local_input_43, i64 0, i64 %zext_ln46" [conv.cpp:46]   --->   Operation 86 'getelementptr' 'local_input_43_addr' <Predicate = true> <Delay = 0.00>
ST_3 : Operation 87 [1/1] (0.00ns)   --->   "%local_input_44_addr = getelementptr i32 %local_input_44, i64 0, i64 %zext_ln46" [conv.cpp:46]   --->   Operation 87 'getelementptr' 'local_input_44_addr' <Predicate = true> <Delay = 0.00>
ST_3 : Operation 88 [1/1] (0.00ns)   --->   "%local_input_45_addr = getelementptr i32 %local_input_45, i64 0, i64 %zext_ln46" [conv.cpp:46]   --->   Operation 88 'getelementptr' 'local_input_45_addr' <Predicate = true> <Delay = 0.00>
ST_3 : Operation 89 [1/1] (0.00ns)   --->   "%local_input_46_addr = getelementptr i32 %local_input_46, i64 0, i64 %zext_ln46" [conv.cpp:46]   --->   Operation 89 'getelementptr' 'local_input_46_addr' <Predicate = true> <Delay = 0.00>
ST_3 : Operation 90 [1/1] (0.00ns)   --->   "%local_input_47_addr = getelementptr i32 %local_input_47, i64 0, i64 %zext_ln46" [conv.cpp:46]   --->   Operation 90 'getelementptr' 'local_input_47_addr' <Predicate = true> <Delay = 0.00>
ST_3 : Operation 91 [1/1] (0.00ns)   --->   "%local_input_48_addr = getelementptr i32 %local_input_48, i64 0, i64 %zext_ln46" [conv.cpp:46]   --->   Operation 91 'getelementptr' 'local_input_48_addr' <Predicate = true> <Delay = 0.00>
ST_3 : Operation 92 [1/1] (0.00ns)   --->   "%local_input_49_addr = getelementptr i32 %local_input_49, i64 0, i64 %zext_ln46" [conv.cpp:46]   --->   Operation 92 'getelementptr' 'local_input_49_addr' <Predicate = true> <Delay = 0.00>
ST_3 : Operation 93 [1/1] (0.00ns)   --->   "%local_input_50_addr = getelementptr i32 %local_input_50, i64 0, i64 %zext_ln46" [conv.cpp:46]   --->   Operation 93 'getelementptr' 'local_input_50_addr' <Predicate = true> <Delay = 0.00>
ST_3 : Operation 94 [1/1] (0.00ns)   --->   "%local_input_51_addr = getelementptr i32 %local_input_51, i64 0, i64 %zext_ln46" [conv.cpp:46]   --->   Operation 94 'getelementptr' 'local_input_51_addr' <Predicate = true> <Delay = 0.00>
ST_3 : Operation 95 [1/1] (0.00ns)   --->   "%local_input_52_addr = getelementptr i32 %local_input_52, i64 0, i64 %zext_ln46" [conv.cpp:46]   --->   Operation 95 'getelementptr' 'local_input_52_addr' <Predicate = true> <Delay = 0.00>
ST_3 : Operation 96 [1/1] (0.00ns)   --->   "%local_input_53_addr = getelementptr i32 %local_input_53, i64 0, i64 %zext_ln46" [conv.cpp:46]   --->   Operation 96 'getelementptr' 'local_input_53_addr' <Predicate = true> <Delay = 0.00>
ST_3 : Operation 97 [1/1] (0.00ns)   --->   "%local_input_54_addr = getelementptr i32 %local_input_54, i64 0, i64 %zext_ln46" [conv.cpp:46]   --->   Operation 97 'getelementptr' 'local_input_54_addr' <Predicate = true> <Delay = 0.00>
ST_3 : Operation 98 [1/1] (0.00ns)   --->   "%local_input_55_addr = getelementptr i32 %local_input_55, i64 0, i64 %zext_ln46" [conv.cpp:46]   --->   Operation 98 'getelementptr' 'local_input_55_addr' <Predicate = true> <Delay = 0.00>
ST_3 : Operation 99 [1/1] (0.00ns)   --->   "%local_input_56_addr = getelementptr i32 %local_input_56, i64 0, i64 %zext_ln46" [conv.cpp:46]   --->   Operation 99 'getelementptr' 'local_input_56_addr' <Predicate = true> <Delay = 0.00>
ST_3 : Operation 100 [1/1] (0.00ns)   --->   "%local_input_57_addr = getelementptr i32 %local_input_57, i64 0, i64 %zext_ln46" [conv.cpp:46]   --->   Operation 100 'getelementptr' 'local_input_57_addr' <Predicate = true> <Delay = 0.00>
ST_3 : Operation 101 [1/1] (0.00ns)   --->   "%local_input_58_addr = getelementptr i32 %local_input_58, i64 0, i64 %zext_ln46" [conv.cpp:46]   --->   Operation 101 'getelementptr' 'local_input_58_addr' <Predicate = true> <Delay = 0.00>
ST_3 : Operation 102 [1/1] (0.00ns)   --->   "%local_input_59_addr = getelementptr i32 %local_input_59, i64 0, i64 %zext_ln46" [conv.cpp:46]   --->   Operation 102 'getelementptr' 'local_input_59_addr' <Predicate = true> <Delay = 0.00>
ST_3 : Operation 103 [1/1] (0.00ns)   --->   "%local_input_60_addr = getelementptr i32 %local_input_60, i64 0, i64 %zext_ln46" [conv.cpp:46]   --->   Operation 103 'getelementptr' 'local_input_60_addr' <Predicate = true> <Delay = 0.00>
ST_3 : Operation 104 [1/1] (0.00ns)   --->   "%local_input_61_addr = getelementptr i32 %local_input_61, i64 0, i64 %zext_ln46" [conv.cpp:46]   --->   Operation 104 'getelementptr' 'local_input_61_addr' <Predicate = true> <Delay = 0.00>
ST_3 : Operation 105 [1/1] (0.00ns)   --->   "%local_input_62_addr = getelementptr i32 %local_input_62, i64 0, i64 %zext_ln46" [conv.cpp:46]   --->   Operation 105 'getelementptr' 'local_input_62_addr' <Predicate = true> <Delay = 0.00>
ST_3 : Operation 106 [1/1] (0.00ns)   --->   "%local_input_63_addr = getelementptr i32 %local_input_63, i64 0, i64 %zext_ln46" [conv.cpp:46]   --->   Operation 106 'getelementptr' 'local_input_63_addr' <Predicate = true> <Delay = 0.00>
ST_3 : Operation 107 [1/1] (0.00ns)   --->   "%local_input_64_addr = getelementptr i32 %local_input_64, i64 0, i64 %zext_ln46" [conv.cpp:46]   --->   Operation 107 'getelementptr' 'local_input_64_addr' <Predicate = true> <Delay = 0.00>
ST_3 : Operation 108 [1/1] (0.00ns)   --->   "%local_input_65_addr = getelementptr i32 %local_input_65, i64 0, i64 %zext_ln46" [conv.cpp:46]   --->   Operation 108 'getelementptr' 'local_input_65_addr' <Predicate = true> <Delay = 0.00>
ST_3 : Operation 109 [1/1] (0.00ns)   --->   "%local_input_66_addr = getelementptr i32 %local_input_66, i64 0, i64 %zext_ln46" [conv.cpp:46]   --->   Operation 109 'getelementptr' 'local_input_66_addr' <Predicate = true> <Delay = 0.00>
ST_3 : Operation 110 [1/1] (0.00ns)   --->   "%local_input_67_addr = getelementptr i32 %local_input_67, i64 0, i64 %zext_ln46" [conv.cpp:46]   --->   Operation 110 'getelementptr' 'local_input_67_addr' <Predicate = true> <Delay = 0.00>
ST_3 : Operation 111 [1/1] (0.00ns)   --->   "%local_input_68_addr = getelementptr i32 %local_input_68, i64 0, i64 %zext_ln46" [conv.cpp:46]   --->   Operation 111 'getelementptr' 'local_input_68_addr' <Predicate = true> <Delay = 0.00>
ST_3 : Operation 112 [1/1] (0.00ns)   --->   "%local_input_69_addr = getelementptr i32 %local_input_69, i64 0, i64 %zext_ln46" [conv.cpp:46]   --->   Operation 112 'getelementptr' 'local_input_69_addr' <Predicate = true> <Delay = 0.00>
ST_3 : Operation 113 [1/1] (0.00ns)   --->   "%local_input_70_addr = getelementptr i32 %local_input_70, i64 0, i64 %zext_ln46" [conv.cpp:46]   --->   Operation 113 'getelementptr' 'local_input_70_addr' <Predicate = true> <Delay = 0.00>
ST_3 : Operation 114 [1/1] (0.00ns)   --->   "%local_input_71_addr = getelementptr i32 %local_input_71, i64 0, i64 %zext_ln46" [conv.cpp:46]   --->   Operation 114 'getelementptr' 'local_input_71_addr' <Predicate = true> <Delay = 0.00>
ST_3 : Operation 115 [1/1] (0.00ns)   --->   "%local_input_72_addr = getelementptr i32 %local_input_72, i64 0, i64 %zext_ln46" [conv.cpp:46]   --->   Operation 115 'getelementptr' 'local_input_72_addr' <Predicate = true> <Delay = 0.00>
ST_3 : Operation 116 [1/1] (0.00ns)   --->   "%local_input_73_addr = getelementptr i32 %local_input_73, i64 0, i64 %zext_ln46" [conv.cpp:46]   --->   Operation 116 'getelementptr' 'local_input_73_addr' <Predicate = true> <Delay = 0.00>
ST_3 : Operation 117 [1/1] (0.00ns)   --->   "%local_input_74_addr = getelementptr i32 %local_input_74, i64 0, i64 %zext_ln46" [conv.cpp:46]   --->   Operation 117 'getelementptr' 'local_input_74_addr' <Predicate = true> <Delay = 0.00>
ST_3 : Operation 118 [1/1] (0.00ns)   --->   "%local_input_75_addr = getelementptr i32 %local_input_75, i64 0, i64 %zext_ln46" [conv.cpp:46]   --->   Operation 118 'getelementptr' 'local_input_75_addr' <Predicate = true> <Delay = 0.00>
ST_3 : Operation 119 [1/1] (0.00ns)   --->   "%local_input_76_addr = getelementptr i32 %local_input_76, i64 0, i64 %zext_ln46" [conv.cpp:46]   --->   Operation 119 'getelementptr' 'local_input_76_addr' <Predicate = true> <Delay = 0.00>
ST_3 : Operation 120 [1/1] (0.00ns)   --->   "%local_input_77_addr = getelementptr i32 %local_input_77, i64 0, i64 %zext_ln46" [conv.cpp:46]   --->   Operation 120 'getelementptr' 'local_input_77_addr' <Predicate = true> <Delay = 0.00>
ST_3 : Operation 121 [1/1] (0.00ns)   --->   "%local_input_78_addr = getelementptr i32 %local_input_78, i64 0, i64 %zext_ln46" [conv.cpp:46]   --->   Operation 121 'getelementptr' 'local_input_78_addr' <Predicate = true> <Delay = 0.00>
ST_3 : Operation 122 [1/1] (0.00ns)   --->   "%local_input_79_addr = getelementptr i32 %local_input_79, i64 0, i64 %zext_ln46" [conv.cpp:46]   --->   Operation 122 'getelementptr' 'local_input_79_addr' <Predicate = true> <Delay = 0.00>
ST_3 : Operation 123 [1/1] (0.00ns)   --->   "%local_input_80_addr = getelementptr i32 %local_input_80, i64 0, i64 %zext_ln46" [conv.cpp:46]   --->   Operation 123 'getelementptr' 'local_input_80_addr' <Predicate = true> <Delay = 0.00>
ST_3 : Operation 124 [1/1] (0.00ns)   --->   "%local_input_81_addr = getelementptr i32 %local_input_81, i64 0, i64 %zext_ln46" [conv.cpp:46]   --->   Operation 124 'getelementptr' 'local_input_81_addr' <Predicate = true> <Delay = 0.00>
ST_3 : Operation 125 [1/1] (0.00ns)   --->   "%local_input_82_addr = getelementptr i32 %local_input_82, i64 0, i64 %zext_ln46" [conv.cpp:46]   --->   Operation 125 'getelementptr' 'local_input_82_addr' <Predicate = true> <Delay = 0.00>
ST_3 : Operation 126 [1/1] (0.00ns)   --->   "%local_input_83_addr = getelementptr i32 %local_input_83, i64 0, i64 %zext_ln46" [conv.cpp:46]   --->   Operation 126 'getelementptr' 'local_input_83_addr' <Predicate = true> <Delay = 0.00>
ST_3 : Operation 127 [1/1] (0.00ns)   --->   "%local_input_84_addr = getelementptr i32 %local_input_84, i64 0, i64 %zext_ln46" [conv.cpp:46]   --->   Operation 127 'getelementptr' 'local_input_84_addr' <Predicate = true> <Delay = 0.00>
ST_3 : Operation 128 [1/1] (0.00ns)   --->   "%local_input_85_addr = getelementptr i32 %local_input_85, i64 0, i64 %zext_ln46" [conv.cpp:46]   --->   Operation 128 'getelementptr' 'local_input_85_addr' <Predicate = true> <Delay = 0.00>
ST_3 : Operation 129 [1/1] (0.00ns)   --->   "%local_input_86_addr = getelementptr i32 %local_input_86, i64 0, i64 %zext_ln46" [conv.cpp:46]   --->   Operation 129 'getelementptr' 'local_input_86_addr' <Predicate = true> <Delay = 0.00>
ST_3 : Operation 130 [1/1] (0.00ns)   --->   "%local_input_87_addr = getelementptr i32 %local_input_87, i64 0, i64 %zext_ln46" [conv.cpp:46]   --->   Operation 130 'getelementptr' 'local_input_87_addr' <Predicate = true> <Delay = 0.00>
ST_3 : Operation 131 [1/1] (0.00ns)   --->   "%local_input_88_addr = getelementptr i32 %local_input_88, i64 0, i64 %zext_ln46" [conv.cpp:46]   --->   Operation 131 'getelementptr' 'local_input_88_addr' <Predicate = true> <Delay = 0.00>
ST_3 : Operation 132 [1/1] (0.00ns)   --->   "%local_input_89_addr = getelementptr i32 %local_input_89, i64 0, i64 %zext_ln46" [conv.cpp:46]   --->   Operation 132 'getelementptr' 'local_input_89_addr' <Predicate = true> <Delay = 0.00>
ST_3 : Operation 133 [1/1] (0.00ns)   --->   "%local_input_90_addr = getelementptr i32 %local_input_90, i64 0, i64 %zext_ln46" [conv.cpp:46]   --->   Operation 133 'getelementptr' 'local_input_90_addr' <Predicate = true> <Delay = 0.00>
ST_3 : Operation 134 [1/1] (0.00ns)   --->   "%local_input_91_addr = getelementptr i32 %local_input_91, i64 0, i64 %zext_ln46" [conv.cpp:46]   --->   Operation 134 'getelementptr' 'local_input_91_addr' <Predicate = true> <Delay = 0.00>
ST_3 : Operation 135 [1/1] (0.00ns)   --->   "%local_input_92_addr = getelementptr i32 %local_input_92, i64 0, i64 %zext_ln46" [conv.cpp:46]   --->   Operation 135 'getelementptr' 'local_input_92_addr' <Predicate = true> <Delay = 0.00>
ST_3 : Operation 136 [1/1] (0.00ns)   --->   "%local_input_93_addr = getelementptr i32 %local_input_93, i64 0, i64 %zext_ln46" [conv.cpp:46]   --->   Operation 136 'getelementptr' 'local_input_93_addr' <Predicate = true> <Delay = 0.00>
ST_3 : Operation 137 [1/1] (0.00ns)   --->   "%local_input_94_addr = getelementptr i32 %local_input_94, i64 0, i64 %zext_ln46" [conv.cpp:46]   --->   Operation 137 'getelementptr' 'local_input_94_addr' <Predicate = true> <Delay = 0.00>
ST_3 : Operation 138 [1/1] (0.00ns)   --->   "%local_input_95_addr = getelementptr i32 %local_input_95, i64 0, i64 %zext_ln46" [conv.cpp:46]   --->   Operation 138 'getelementptr' 'local_input_95_addr' <Predicate = true> <Delay = 0.00>
ST_3 : Operation 139 [1/1] (0.00ns)   --->   "%local_input_96_addr = getelementptr i32 %local_input_96, i64 0, i64 %zext_ln46" [conv.cpp:46]   --->   Operation 139 'getelementptr' 'local_input_96_addr' <Predicate = true> <Delay = 0.00>
ST_3 : Operation 140 [1/1] (0.00ns)   --->   "%local_input_97_addr = getelementptr i32 %local_input_97, i64 0, i64 %zext_ln46" [conv.cpp:46]   --->   Operation 140 'getelementptr' 'local_input_97_addr' <Predicate = true> <Delay = 0.00>
ST_3 : Operation 141 [1/1] (0.00ns)   --->   "%local_input_98_addr = getelementptr i32 %local_input_98, i64 0, i64 %zext_ln46" [conv.cpp:46]   --->   Operation 141 'getelementptr' 'local_input_98_addr' <Predicate = true> <Delay = 0.00>
ST_3 : Operation 142 [1/1] (0.00ns)   --->   "%local_input_99_addr = getelementptr i32 %local_input_99, i64 0, i64 %zext_ln46" [conv.cpp:46]   --->   Operation 142 'getelementptr' 'local_input_99_addr' <Predicate = true> <Delay = 0.00>
ST_3 : Operation 143 [1/1] (0.00ns)   --->   "%local_input_100_addr = getelementptr i32 %local_input_100, i64 0, i64 %zext_ln46" [conv.cpp:46]   --->   Operation 143 'getelementptr' 'local_input_100_addr' <Predicate = true> <Delay = 0.00>
ST_3 : Operation 144 [1/1] (0.00ns)   --->   "%local_input_101_addr = getelementptr i32 %local_input_101, i64 0, i64 %zext_ln46" [conv.cpp:46]   --->   Operation 144 'getelementptr' 'local_input_101_addr' <Predicate = true> <Delay = 0.00>
ST_3 : Operation 145 [1/1] (0.00ns)   --->   "%local_input_102_addr = getelementptr i32 %local_input_102, i64 0, i64 %zext_ln46" [conv.cpp:46]   --->   Operation 145 'getelementptr' 'local_input_102_addr' <Predicate = true> <Delay = 0.00>
ST_3 : Operation 146 [1/1] (0.00ns)   --->   "%local_input_103_addr = getelementptr i32 %local_input_103, i64 0, i64 %zext_ln46" [conv.cpp:46]   --->   Operation 146 'getelementptr' 'local_input_103_addr' <Predicate = true> <Delay = 0.00>
ST_3 : Operation 147 [1/1] (0.00ns)   --->   "%local_input_104_addr = getelementptr i32 %local_input_104, i64 0, i64 %zext_ln46" [conv.cpp:46]   --->   Operation 147 'getelementptr' 'local_input_104_addr' <Predicate = true> <Delay = 0.00>
ST_3 : Operation 148 [1/1] (0.00ns)   --->   "%local_input_105_addr = getelementptr i32 %local_input_105, i64 0, i64 %zext_ln46" [conv.cpp:46]   --->   Operation 148 'getelementptr' 'local_input_105_addr' <Predicate = true> <Delay = 0.00>
ST_3 : Operation 149 [1/1] (0.00ns)   --->   "%local_input_106_addr = getelementptr i32 %local_input_106, i64 0, i64 %zext_ln46" [conv.cpp:46]   --->   Operation 149 'getelementptr' 'local_input_106_addr' <Predicate = true> <Delay = 0.00>
ST_3 : Operation 150 [1/1] (0.00ns)   --->   "%local_input_107_addr = getelementptr i32 %local_input_107, i64 0, i64 %zext_ln46" [conv.cpp:46]   --->   Operation 150 'getelementptr' 'local_input_107_addr' <Predicate = true> <Delay = 0.00>
ST_3 : Operation 151 [1/1] (0.00ns)   --->   "%local_input_108_addr = getelementptr i32 %local_input_108, i64 0, i64 %zext_ln46" [conv.cpp:46]   --->   Operation 151 'getelementptr' 'local_input_108_addr' <Predicate = true> <Delay = 0.00>
ST_3 : Operation 152 [1/1] (0.00ns)   --->   "%local_input_109_addr = getelementptr i32 %local_input_109, i64 0, i64 %zext_ln46" [conv.cpp:46]   --->   Operation 152 'getelementptr' 'local_input_109_addr' <Predicate = true> <Delay = 0.00>
ST_3 : Operation 153 [1/1] (0.00ns)   --->   "%local_input_110_addr = getelementptr i32 %local_input_110, i64 0, i64 %zext_ln46" [conv.cpp:46]   --->   Operation 153 'getelementptr' 'local_input_110_addr' <Predicate = true> <Delay = 0.00>
ST_3 : Operation 154 [1/1] (0.00ns)   --->   "%local_input_111_addr = getelementptr i32 %local_input_111, i64 0, i64 %zext_ln46" [conv.cpp:46]   --->   Operation 154 'getelementptr' 'local_input_111_addr' <Predicate = true> <Delay = 0.00>
ST_3 : Operation 155 [1/1] (0.00ns)   --->   "%local_input_112_addr = getelementptr i32 %local_input_112, i64 0, i64 %zext_ln46" [conv.cpp:46]   --->   Operation 155 'getelementptr' 'local_input_112_addr' <Predicate = true> <Delay = 0.00>
ST_3 : Operation 156 [1/1] (0.00ns)   --->   "%local_input_113_addr = getelementptr i32 %local_input_113, i64 0, i64 %zext_ln46" [conv.cpp:46]   --->   Operation 156 'getelementptr' 'local_input_113_addr' <Predicate = true> <Delay = 0.00>
ST_3 : Operation 157 [1/1] (0.00ns)   --->   "%local_input_114_addr = getelementptr i32 %local_input_114, i64 0, i64 %zext_ln46" [conv.cpp:46]   --->   Operation 157 'getelementptr' 'local_input_114_addr' <Predicate = true> <Delay = 0.00>
ST_3 : Operation 158 [1/1] (0.00ns)   --->   "%local_input_115_addr = getelementptr i32 %local_input_115, i64 0, i64 %zext_ln46" [conv.cpp:46]   --->   Operation 158 'getelementptr' 'local_input_115_addr' <Predicate = true> <Delay = 0.00>
ST_3 : Operation 159 [1/1] (0.00ns)   --->   "%local_input_116_addr = getelementptr i32 %local_input_116, i64 0, i64 %zext_ln46" [conv.cpp:46]   --->   Operation 159 'getelementptr' 'local_input_116_addr' <Predicate = true> <Delay = 0.00>
ST_3 : Operation 160 [1/1] (0.00ns)   --->   "%local_input_117_addr = getelementptr i32 %local_input_117, i64 0, i64 %zext_ln46" [conv.cpp:46]   --->   Operation 160 'getelementptr' 'local_input_117_addr' <Predicate = true> <Delay = 0.00>
ST_3 : Operation 161 [1/1] (0.00ns)   --->   "%local_input_118_addr = getelementptr i32 %local_input_118, i64 0, i64 %zext_ln46" [conv.cpp:46]   --->   Operation 161 'getelementptr' 'local_input_118_addr' <Predicate = true> <Delay = 0.00>
ST_3 : Operation 162 [1/1] (0.00ns)   --->   "%local_input_119_addr = getelementptr i32 %local_input_119, i64 0, i64 %zext_ln46" [conv.cpp:46]   --->   Operation 162 'getelementptr' 'local_input_119_addr' <Predicate = true> <Delay = 0.00>
ST_3 : Operation 163 [1/1] (0.00ns)   --->   "%local_input_120_addr = getelementptr i32 %local_input_120, i64 0, i64 %zext_ln46" [conv.cpp:46]   --->   Operation 163 'getelementptr' 'local_input_120_addr' <Predicate = true> <Delay = 0.00>
ST_3 : Operation 164 [1/1] (0.00ns)   --->   "%local_input_121_addr = getelementptr i32 %local_input_121, i64 0, i64 %zext_ln46" [conv.cpp:46]   --->   Operation 164 'getelementptr' 'local_input_121_addr' <Predicate = true> <Delay = 0.00>
ST_3 : Operation 165 [1/1] (0.00ns)   --->   "%local_input_122_addr = getelementptr i32 %local_input_122, i64 0, i64 %zext_ln46" [conv.cpp:46]   --->   Operation 165 'getelementptr' 'local_input_122_addr' <Predicate = true> <Delay = 0.00>
ST_3 : Operation 166 [1/1] (0.00ns)   --->   "%local_input_123_addr = getelementptr i32 %local_input_123, i64 0, i64 %zext_ln46" [conv.cpp:46]   --->   Operation 166 'getelementptr' 'local_input_123_addr' <Predicate = true> <Delay = 0.00>
ST_3 : Operation 167 [1/1] (0.00ns)   --->   "%local_input_124_addr = getelementptr i32 %local_input_124, i64 0, i64 %zext_ln46" [conv.cpp:46]   --->   Operation 167 'getelementptr' 'local_input_124_addr' <Predicate = true> <Delay = 0.00>
ST_3 : Operation 168 [1/1] (0.00ns)   --->   "%local_input_125_addr = getelementptr i32 %local_input_125, i64 0, i64 %zext_ln46" [conv.cpp:46]   --->   Operation 168 'getelementptr' 'local_input_125_addr' <Predicate = true> <Delay = 0.00>
ST_3 : Operation 169 [1/1] (0.00ns)   --->   "%local_input_126_addr = getelementptr i32 %local_input_126, i64 0, i64 %zext_ln46" [conv.cpp:46]   --->   Operation 169 'getelementptr' 'local_input_126_addr' <Predicate = true> <Delay = 0.00>
ST_3 : Operation 170 [1/1] (0.00ns)   --->   "%local_input_127_addr = getelementptr i32 %local_input_127, i64 0, i64 %zext_ln46" [conv.cpp:46]   --->   Operation 170 'getelementptr' 'local_input_127_addr' <Predicate = true> <Delay = 0.00>
ST_3 : Operation 171 [1/1] (0.00ns)   --->   "%local_input_128_addr = getelementptr i32 %local_input_128, i64 0, i64 %zext_ln46" [conv.cpp:46]   --->   Operation 171 'getelementptr' 'local_input_128_addr' <Predicate = true> <Delay = 0.00>
ST_3 : Operation 172 [1/1] (0.00ns)   --->   "%local_input_129_addr = getelementptr i32 %local_input_129, i64 0, i64 %zext_ln46" [conv.cpp:46]   --->   Operation 172 'getelementptr' 'local_input_129_addr' <Predicate = true> <Delay = 0.00>
ST_3 : Operation 173 [1/1] (0.00ns)   --->   "%local_input_130_addr = getelementptr i32 %local_input_130, i64 0, i64 %zext_ln46" [conv.cpp:46]   --->   Operation 173 'getelementptr' 'local_input_130_addr' <Predicate = true> <Delay = 0.00>
ST_3 : Operation 174 [1/1] (0.00ns)   --->   "%local_input_131_addr = getelementptr i32 %local_input_131, i64 0, i64 %zext_ln46" [conv.cpp:46]   --->   Operation 174 'getelementptr' 'local_input_131_addr' <Predicate = true> <Delay = 0.00>
ST_3 : Operation 175 [1/1] (0.00ns)   --->   "%local_input_132_addr = getelementptr i32 %local_input_132, i64 0, i64 %zext_ln46" [conv.cpp:46]   --->   Operation 175 'getelementptr' 'local_input_132_addr' <Predicate = true> <Delay = 0.00>
ST_3 : Operation 176 [1/1] (0.00ns)   --->   "%local_input_133_addr = getelementptr i32 %local_input_133, i64 0, i64 %zext_ln46" [conv.cpp:46]   --->   Operation 176 'getelementptr' 'local_input_133_addr' <Predicate = true> <Delay = 0.00>
ST_3 : Operation 177 [1/1] (0.00ns)   --->   "%local_input_134_addr = getelementptr i32 %local_input_134, i64 0, i64 %zext_ln46" [conv.cpp:46]   --->   Operation 177 'getelementptr' 'local_input_134_addr' <Predicate = true> <Delay = 0.00>
ST_3 : Operation 178 [1/1] (0.00ns)   --->   "%local_input_135_addr = getelementptr i32 %local_input_135, i64 0, i64 %zext_ln46" [conv.cpp:46]   --->   Operation 178 'getelementptr' 'local_input_135_addr' <Predicate = true> <Delay = 0.00>
ST_3 : Operation 179 [1/1] (0.00ns)   --->   "%local_input_136_addr = getelementptr i32 %local_input_136, i64 0, i64 %zext_ln46" [conv.cpp:46]   --->   Operation 179 'getelementptr' 'local_input_136_addr' <Predicate = true> <Delay = 0.00>
ST_3 : Operation 180 [1/1] (0.00ns)   --->   "%local_input_137_addr = getelementptr i32 %local_input_137, i64 0, i64 %zext_ln46" [conv.cpp:46]   --->   Operation 180 'getelementptr' 'local_input_137_addr' <Predicate = true> <Delay = 0.00>
ST_3 : Operation 181 [1/1] (0.00ns)   --->   "%local_input_138_addr = getelementptr i32 %local_input_138, i64 0, i64 %zext_ln46" [conv.cpp:46]   --->   Operation 181 'getelementptr' 'local_input_138_addr' <Predicate = true> <Delay = 0.00>
ST_3 : Operation 182 [1/1] (0.00ns)   --->   "%local_input_139_addr = getelementptr i32 %local_input_139, i64 0, i64 %zext_ln46" [conv.cpp:46]   --->   Operation 182 'getelementptr' 'local_input_139_addr' <Predicate = true> <Delay = 0.00>
ST_3 : Operation 183 [1/1] (0.00ns)   --->   "%local_input_140_addr = getelementptr i32 %local_input_140, i64 0, i64 %zext_ln46" [conv.cpp:46]   --->   Operation 183 'getelementptr' 'local_input_140_addr' <Predicate = true> <Delay = 0.00>
ST_3 : Operation 184 [1/1] (0.00ns)   --->   "%local_input_141_addr = getelementptr i32 %local_input_141, i64 0, i64 %zext_ln46" [conv.cpp:46]   --->   Operation 184 'getelementptr' 'local_input_141_addr' <Predicate = true> <Delay = 0.00>
ST_3 : Operation 185 [1/1] (0.00ns)   --->   "%local_input_142_addr = getelementptr i32 %local_input_142, i64 0, i64 %zext_ln46" [conv.cpp:46]   --->   Operation 185 'getelementptr' 'local_input_142_addr' <Predicate = true> <Delay = 0.00>
ST_3 : Operation 186 [1/1] (0.00ns)   --->   "%local_input_143_addr = getelementptr i32 %local_input_143, i64 0, i64 %zext_ln46" [conv.cpp:46]   --->   Operation 186 'getelementptr' 'local_input_143_addr' <Predicate = true> <Delay = 0.00>
ST_3 : Operation 187 [1/1] (0.00ns)   --->   "%local_input_144_addr = getelementptr i32 %local_input_144, i64 0, i64 %zext_ln46" [conv.cpp:46]   --->   Operation 187 'getelementptr' 'local_input_144_addr' <Predicate = true> <Delay = 0.00>
ST_3 : Operation 188 [1/1] (0.00ns)   --->   "%local_input_145_addr = getelementptr i32 %local_input_145, i64 0, i64 %zext_ln46" [conv.cpp:46]   --->   Operation 188 'getelementptr' 'local_input_145_addr' <Predicate = true> <Delay = 0.00>
ST_3 : Operation 189 [1/1] (0.00ns)   --->   "%local_input_146_addr = getelementptr i32 %local_input_146, i64 0, i64 %zext_ln46" [conv.cpp:46]   --->   Operation 189 'getelementptr' 'local_input_146_addr' <Predicate = true> <Delay = 0.00>
ST_3 : Operation 190 [1/1] (0.00ns)   --->   "%local_input_147_addr = getelementptr i32 %local_input_147, i64 0, i64 %zext_ln46" [conv.cpp:46]   --->   Operation 190 'getelementptr' 'local_input_147_addr' <Predicate = true> <Delay = 0.00>
ST_3 : Operation 191 [1/1] (0.00ns)   --->   "%local_input_148_addr = getelementptr i32 %local_input_148, i64 0, i64 %zext_ln46" [conv.cpp:46]   --->   Operation 191 'getelementptr' 'local_input_148_addr' <Predicate = true> <Delay = 0.00>
ST_3 : Operation 192 [1/1] (0.00ns)   --->   "%local_input_149_addr = getelementptr i32 %local_input_149, i64 0, i64 %zext_ln46" [conv.cpp:46]   --->   Operation 192 'getelementptr' 'local_input_149_addr' <Predicate = true> <Delay = 0.00>
ST_3 : Operation 193 [1/1] (0.00ns)   --->   "%local_input_150_addr = getelementptr i32 %local_input_150, i64 0, i64 %zext_ln46" [conv.cpp:46]   --->   Operation 193 'getelementptr' 'local_input_150_addr' <Predicate = true> <Delay = 0.00>
ST_3 : Operation 194 [1/1] (0.00ns)   --->   "%local_input_151_addr = getelementptr i32 %local_input_151, i64 0, i64 %zext_ln46" [conv.cpp:46]   --->   Operation 194 'getelementptr' 'local_input_151_addr' <Predicate = true> <Delay = 0.00>
ST_3 : Operation 195 [1/1] (0.00ns)   --->   "%local_input_152_addr = getelementptr i32 %local_input_152, i64 0, i64 %zext_ln46" [conv.cpp:46]   --->   Operation 195 'getelementptr' 'local_input_152_addr' <Predicate = true> <Delay = 0.00>
ST_3 : Operation 196 [1/1] (0.00ns)   --->   "%local_input_153_addr = getelementptr i32 %local_input_153, i64 0, i64 %zext_ln46" [conv.cpp:46]   --->   Operation 196 'getelementptr' 'local_input_153_addr' <Predicate = true> <Delay = 0.00>
ST_3 : Operation 197 [1/1] (0.00ns)   --->   "%local_input_154_addr = getelementptr i32 %local_input_154, i64 0, i64 %zext_ln46" [conv.cpp:46]   --->   Operation 197 'getelementptr' 'local_input_154_addr' <Predicate = true> <Delay = 0.00>
ST_3 : Operation 198 [1/1] (0.00ns)   --->   "%local_input_155_addr = getelementptr i32 %local_input_155, i64 0, i64 %zext_ln46" [conv.cpp:46]   --->   Operation 198 'getelementptr' 'local_input_155_addr' <Predicate = true> <Delay = 0.00>
ST_3 : Operation 199 [1/1] (0.00ns)   --->   "%local_input_156_addr = getelementptr i32 %local_input_156, i64 0, i64 %zext_ln46" [conv.cpp:46]   --->   Operation 199 'getelementptr' 'local_input_156_addr' <Predicate = true> <Delay = 0.00>
ST_3 : Operation 200 [1/1] (0.00ns)   --->   "%local_input_157_addr = getelementptr i32 %local_input_157, i64 0, i64 %zext_ln46" [conv.cpp:46]   --->   Operation 200 'getelementptr' 'local_input_157_addr' <Predicate = true> <Delay = 0.00>
ST_3 : Operation 201 [1/1] (0.00ns)   --->   "%local_input_158_addr = getelementptr i32 %local_input_158, i64 0, i64 %zext_ln46" [conv.cpp:46]   --->   Operation 201 'getelementptr' 'local_input_158_addr' <Predicate = true> <Delay = 0.00>
ST_3 : Operation 202 [1/1] (0.00ns)   --->   "%local_input_159_addr = getelementptr i32 %local_input_159, i64 0, i64 %zext_ln46" [conv.cpp:46]   --->   Operation 202 'getelementptr' 'local_input_159_addr' <Predicate = true> <Delay = 0.00>
ST_3 : Operation 203 [1/1] (0.00ns)   --->   "%local_input_160_addr = getelementptr i32 %local_input_160, i64 0, i64 %zext_ln46" [conv.cpp:46]   --->   Operation 203 'getelementptr' 'local_input_160_addr' <Predicate = true> <Delay = 0.00>
ST_3 : Operation 204 [1/1] (0.00ns)   --->   "%local_input_161_addr = getelementptr i32 %local_input_161, i64 0, i64 %zext_ln46" [conv.cpp:46]   --->   Operation 204 'getelementptr' 'local_input_161_addr' <Predicate = true> <Delay = 0.00>
ST_3 : Operation 205 [1/1] (0.00ns)   --->   "%local_input_162_addr = getelementptr i32 %local_input_162, i64 0, i64 %zext_ln46" [conv.cpp:46]   --->   Operation 205 'getelementptr' 'local_input_162_addr' <Predicate = true> <Delay = 0.00>
ST_3 : Operation 206 [1/1] (0.00ns)   --->   "%local_input_163_addr = getelementptr i32 %local_input_163, i64 0, i64 %zext_ln46" [conv.cpp:46]   --->   Operation 206 'getelementptr' 'local_input_163_addr' <Predicate = true> <Delay = 0.00>
ST_3 : Operation 207 [1/1] (0.00ns)   --->   "%local_input_164_addr = getelementptr i32 %local_input_164, i64 0, i64 %zext_ln46" [conv.cpp:46]   --->   Operation 207 'getelementptr' 'local_input_164_addr' <Predicate = true> <Delay = 0.00>
ST_3 : Operation 208 [1/1] (0.00ns)   --->   "%local_input_165_addr = getelementptr i32 %local_input_165, i64 0, i64 %zext_ln46" [conv.cpp:46]   --->   Operation 208 'getelementptr' 'local_input_165_addr' <Predicate = true> <Delay = 0.00>
ST_3 : Operation 209 [1/1] (0.00ns)   --->   "%local_input_166_addr = getelementptr i32 %local_input_166, i64 0, i64 %zext_ln46" [conv.cpp:46]   --->   Operation 209 'getelementptr' 'local_input_166_addr' <Predicate = true> <Delay = 0.00>
ST_3 : Operation 210 [1/1] (0.00ns)   --->   "%local_input_167_addr = getelementptr i32 %local_input_167, i64 0, i64 %zext_ln46" [conv.cpp:46]   --->   Operation 210 'getelementptr' 'local_input_167_addr' <Predicate = true> <Delay = 0.00>
ST_3 : Operation 211 [1/1] (0.00ns)   --->   "%local_input_168_addr = getelementptr i32 %local_input_168, i64 0, i64 %zext_ln46" [conv.cpp:46]   --->   Operation 211 'getelementptr' 'local_input_168_addr' <Predicate = true> <Delay = 0.00>
ST_3 : Operation 212 [1/1] (0.00ns)   --->   "%local_input_169_addr = getelementptr i32 %local_input_169, i64 0, i64 %zext_ln46" [conv.cpp:46]   --->   Operation 212 'getelementptr' 'local_input_169_addr' <Predicate = true> <Delay = 0.00>
ST_3 : Operation 213 [1/1] (0.00ns)   --->   "%local_input_170_addr = getelementptr i32 %local_input_170, i64 0, i64 %zext_ln46" [conv.cpp:46]   --->   Operation 213 'getelementptr' 'local_input_170_addr' <Predicate = true> <Delay = 0.00>
ST_3 : Operation 214 [1/1] (0.00ns)   --->   "%local_input_171_addr = getelementptr i32 %local_input_171, i64 0, i64 %zext_ln46" [conv.cpp:46]   --->   Operation 214 'getelementptr' 'local_input_171_addr' <Predicate = true> <Delay = 0.00>
ST_3 : Operation 215 [1/1] (0.00ns)   --->   "%local_input_172_addr = getelementptr i32 %local_input_172, i64 0, i64 %zext_ln46" [conv.cpp:46]   --->   Operation 215 'getelementptr' 'local_input_172_addr' <Predicate = true> <Delay = 0.00>
ST_3 : Operation 216 [1/1] (0.00ns)   --->   "%local_input_173_addr = getelementptr i32 %local_input_173, i64 0, i64 %zext_ln46" [conv.cpp:46]   --->   Operation 216 'getelementptr' 'local_input_173_addr' <Predicate = true> <Delay = 0.00>
ST_3 : Operation 217 [1/1] (0.00ns)   --->   "%local_input_174_addr = getelementptr i32 %local_input_174, i64 0, i64 %zext_ln46" [conv.cpp:46]   --->   Operation 217 'getelementptr' 'local_input_174_addr' <Predicate = true> <Delay = 0.00>
ST_3 : Operation 218 [1/1] (0.00ns)   --->   "%local_input_175_addr = getelementptr i32 %local_input_175, i64 0, i64 %zext_ln46" [conv.cpp:46]   --->   Operation 218 'getelementptr' 'local_input_175_addr' <Predicate = true> <Delay = 0.00>
ST_3 : Operation 219 [1/1] (0.00ns)   --->   "%local_input_176_addr = getelementptr i32 %local_input_176, i64 0, i64 %zext_ln46" [conv.cpp:46]   --->   Operation 219 'getelementptr' 'local_input_176_addr' <Predicate = true> <Delay = 0.00>
ST_3 : Operation 220 [1/1] (0.00ns)   --->   "%local_input_177_addr = getelementptr i32 %local_input_177, i64 0, i64 %zext_ln46" [conv.cpp:46]   --->   Operation 220 'getelementptr' 'local_input_177_addr' <Predicate = true> <Delay = 0.00>
ST_3 : Operation 221 [1/1] (0.00ns)   --->   "%local_input_178_addr = getelementptr i32 %local_input_178, i64 0, i64 %zext_ln46" [conv.cpp:46]   --->   Operation 221 'getelementptr' 'local_input_178_addr' <Predicate = true> <Delay = 0.00>
ST_3 : Operation 222 [1/1] (0.00ns)   --->   "%local_input_179_addr = getelementptr i32 %local_input_179, i64 0, i64 %zext_ln46" [conv.cpp:46]   --->   Operation 222 'getelementptr' 'local_input_179_addr' <Predicate = true> <Delay = 0.00>
ST_3 : Operation 223 [1/1] (0.00ns)   --->   "%local_input_180_addr = getelementptr i32 %local_input_180, i64 0, i64 %zext_ln46" [conv.cpp:46]   --->   Operation 223 'getelementptr' 'local_input_180_addr' <Predicate = true> <Delay = 0.00>
ST_3 : Operation 224 [1/1] (0.00ns)   --->   "%local_input_181_addr = getelementptr i32 %local_input_181, i64 0, i64 %zext_ln46" [conv.cpp:46]   --->   Operation 224 'getelementptr' 'local_input_181_addr' <Predicate = true> <Delay = 0.00>
ST_3 : Operation 225 [1/1] (0.00ns)   --->   "%local_input_182_addr = getelementptr i32 %local_input_182, i64 0, i64 %zext_ln46" [conv.cpp:46]   --->   Operation 225 'getelementptr' 'local_input_182_addr' <Predicate = true> <Delay = 0.00>
ST_3 : Operation 226 [1/1] (0.00ns)   --->   "%local_input_183_addr = getelementptr i32 %local_input_183, i64 0, i64 %zext_ln46" [conv.cpp:46]   --->   Operation 226 'getelementptr' 'local_input_183_addr' <Predicate = true> <Delay = 0.00>
ST_3 : Operation 227 [1/1] (0.00ns)   --->   "%local_input_184_addr = getelementptr i32 %local_input_184, i64 0, i64 %zext_ln46" [conv.cpp:46]   --->   Operation 227 'getelementptr' 'local_input_184_addr' <Predicate = true> <Delay = 0.00>
ST_3 : Operation 228 [1/1] (0.00ns)   --->   "%local_input_185_addr = getelementptr i32 %local_input_185, i64 0, i64 %zext_ln46" [conv.cpp:46]   --->   Operation 228 'getelementptr' 'local_input_185_addr' <Predicate = true> <Delay = 0.00>
ST_3 : Operation 229 [1/1] (0.00ns)   --->   "%local_input_186_addr = getelementptr i32 %local_input_186, i64 0, i64 %zext_ln46" [conv.cpp:46]   --->   Operation 229 'getelementptr' 'local_input_186_addr' <Predicate = true> <Delay = 0.00>
ST_3 : Operation 230 [1/1] (0.00ns)   --->   "%local_input_187_addr = getelementptr i32 %local_input_187, i64 0, i64 %zext_ln46" [conv.cpp:46]   --->   Operation 230 'getelementptr' 'local_input_187_addr' <Predicate = true> <Delay = 0.00>
ST_3 : Operation 231 [1/1] (0.00ns)   --->   "%local_input_188_addr = getelementptr i32 %local_input_188, i64 0, i64 %zext_ln46" [conv.cpp:46]   --->   Operation 231 'getelementptr' 'local_input_188_addr' <Predicate = true> <Delay = 0.00>
ST_3 : Operation 232 [1/1] (0.00ns)   --->   "%local_input_189_addr = getelementptr i32 %local_input_189, i64 0, i64 %zext_ln46" [conv.cpp:46]   --->   Operation 232 'getelementptr' 'local_input_189_addr' <Predicate = true> <Delay = 0.00>
ST_3 : Operation 233 [1/1] (0.00ns)   --->   "%local_input_190_addr = getelementptr i32 %local_input_190, i64 0, i64 %zext_ln46" [conv.cpp:46]   --->   Operation 233 'getelementptr' 'local_input_190_addr' <Predicate = true> <Delay = 0.00>
ST_3 : Operation 234 [1/1] (0.00ns)   --->   "%local_input_191_addr = getelementptr i32 %local_input_191, i64 0, i64 %zext_ln46" [conv.cpp:46]   --->   Operation 234 'getelementptr' 'local_input_191_addr' <Predicate = true> <Delay = 0.00>
ST_3 : Operation 235 [1/1] (0.00ns)   --->   "%local_input_192_addr = getelementptr i32 %local_input_192, i64 0, i64 %zext_ln46" [conv.cpp:46]   --->   Operation 235 'getelementptr' 'local_input_192_addr' <Predicate = true> <Delay = 0.00>
ST_3 : Operation 236 [1/1] (0.00ns)   --->   "%local_input_193_addr = getelementptr i32 %local_input_193, i64 0, i64 %zext_ln46" [conv.cpp:46]   --->   Operation 236 'getelementptr' 'local_input_193_addr' <Predicate = true> <Delay = 0.00>
ST_3 : Operation 237 [1/1] (0.00ns)   --->   "%local_input_194_addr = getelementptr i32 %local_input_194, i64 0, i64 %zext_ln46" [conv.cpp:46]   --->   Operation 237 'getelementptr' 'local_input_194_addr' <Predicate = true> <Delay = 0.00>
ST_3 : Operation 238 [1/1] (0.00ns)   --->   "%local_input_195_addr = getelementptr i32 %local_input_195, i64 0, i64 %zext_ln46" [conv.cpp:46]   --->   Operation 238 'getelementptr' 'local_input_195_addr' <Predicate = true> <Delay = 0.00>
ST_3 : Operation 239 [1/1] (0.00ns)   --->   "%local_input_196_addr = getelementptr i32 %local_input_196, i64 0, i64 %zext_ln46" [conv.cpp:46]   --->   Operation 239 'getelementptr' 'local_input_196_addr' <Predicate = true> <Delay = 0.00>
ST_3 : Operation 240 [1/1] (0.00ns)   --->   "%local_input_197_addr = getelementptr i32 %local_input_197, i64 0, i64 %zext_ln46" [conv.cpp:46]   --->   Operation 240 'getelementptr' 'local_input_197_addr' <Predicate = true> <Delay = 0.00>
ST_3 : Operation 241 [1/1] (0.00ns)   --->   "%local_input_198_addr = getelementptr i32 %local_input_198, i64 0, i64 %zext_ln46" [conv.cpp:46]   --->   Operation 241 'getelementptr' 'local_input_198_addr' <Predicate = true> <Delay = 0.00>
ST_3 : Operation 242 [1/1] (0.00ns)   --->   "%local_input_199_addr = getelementptr i32 %local_input_199, i64 0, i64 %zext_ln46" [conv.cpp:46]   --->   Operation 242 'getelementptr' 'local_input_199_addr' <Predicate = true> <Delay = 0.00>
ST_3 : Operation 243 [1/1] (3.25ns)   --->   "%store_ln46 = store i32 %bitcast_ln46, i9 %local_input_198_addr" [conv.cpp:46]   --->   Operation 243 'store' 'store_ln46' <Predicate = (select_ln46 == 198)> <Delay = 3.25> <CoreInst = "RAM">   --->   Core 82 'RAM' <Latency = 1> <II = 1> <Delay = 3.25> <Storage> <Opcode : 'load' 'store'> <Ports = 2> <Width = 32> <Depth = 456> <RAM>
ST_3 : Operation 244 [1/1] (0.00ns)   --->   "%br_ln46 = br void %arrayidx3714.exit" [conv.cpp:46]   --->   Operation 244 'br' 'br_ln46' <Predicate = (select_ln46 == 198)> <Delay = 0.00>
ST_3 : Operation 245 [1/1] (3.25ns)   --->   "%store_ln46 = store i32 %bitcast_ln46, i9 %local_input_197_addr" [conv.cpp:46]   --->   Operation 245 'store' 'store_ln46' <Predicate = (select_ln46 == 197)> <Delay = 3.25> <CoreInst = "RAM">   --->   Core 82 'RAM' <Latency = 1> <II = 1> <Delay = 3.25> <Storage> <Opcode : 'load' 'store'> <Ports = 2> <Width = 32> <Depth = 456> <RAM>
ST_3 : Operation 246 [1/1] (0.00ns)   --->   "%br_ln46 = br void %arrayidx3714.exit" [conv.cpp:46]   --->   Operation 246 'br' 'br_ln46' <Predicate = (select_ln46 == 197)> <Delay = 0.00>
ST_3 : Operation 247 [1/1] (3.25ns)   --->   "%store_ln46 = store i32 %bitcast_ln46, i9 %local_input_196_addr" [conv.cpp:46]   --->   Operation 247 'store' 'store_ln46' <Predicate = (select_ln46 == 196)> <Delay = 3.25> <CoreInst = "RAM">   --->   Core 82 'RAM' <Latency = 1> <II = 1> <Delay = 3.25> <Storage> <Opcode : 'load' 'store'> <Ports = 2> <Width = 32> <Depth = 456> <RAM>
ST_3 : Operation 248 [1/1] (0.00ns)   --->   "%br_ln46 = br void %arrayidx3714.exit" [conv.cpp:46]   --->   Operation 248 'br' 'br_ln46' <Predicate = (select_ln46 == 196)> <Delay = 0.00>
ST_3 : Operation 249 [1/1] (3.25ns)   --->   "%store_ln46 = store i32 %bitcast_ln46, i9 %local_input_195_addr" [conv.cpp:46]   --->   Operation 249 'store' 'store_ln46' <Predicate = (select_ln46 == 195)> <Delay = 3.25> <CoreInst = "RAM">   --->   Core 82 'RAM' <Latency = 1> <II = 1> <Delay = 3.25> <Storage> <Opcode : 'load' 'store'> <Ports = 2> <Width = 32> <Depth = 456> <RAM>
ST_3 : Operation 250 [1/1] (0.00ns)   --->   "%br_ln46 = br void %arrayidx3714.exit" [conv.cpp:46]   --->   Operation 250 'br' 'br_ln46' <Predicate = (select_ln46 == 195)> <Delay = 0.00>
ST_3 : Operation 251 [1/1] (3.25ns)   --->   "%store_ln46 = store i32 %bitcast_ln46, i9 %local_input_194_addr" [conv.cpp:46]   --->   Operation 251 'store' 'store_ln46' <Predicate = (select_ln46 == 194)> <Delay = 3.25> <CoreInst = "RAM">   --->   Core 82 'RAM' <Latency = 1> <II = 1> <Delay = 3.25> <Storage> <Opcode : 'load' 'store'> <Ports = 2> <Width = 32> <Depth = 456> <RAM>
ST_3 : Operation 252 [1/1] (0.00ns)   --->   "%br_ln46 = br void %arrayidx3714.exit" [conv.cpp:46]   --->   Operation 252 'br' 'br_ln46' <Predicate = (select_ln46 == 194)> <Delay = 0.00>
ST_3 : Operation 253 [1/1] (3.25ns)   --->   "%store_ln46 = store i32 %bitcast_ln46, i9 %local_input_193_addr" [conv.cpp:46]   --->   Operation 253 'store' 'store_ln46' <Predicate = (select_ln46 == 193)> <Delay = 3.25> <CoreInst = "RAM">   --->   Core 82 'RAM' <Latency = 1> <II = 1> <Delay = 3.25> <Storage> <Opcode : 'load' 'store'> <Ports = 2> <Width = 32> <Depth = 456> <RAM>
ST_3 : Operation 254 [1/1] (0.00ns)   --->   "%br_ln46 = br void %arrayidx3714.exit" [conv.cpp:46]   --->   Operation 254 'br' 'br_ln46' <Predicate = (select_ln46 == 193)> <Delay = 0.00>
ST_3 : Operation 255 [1/1] (3.25ns)   --->   "%store_ln46 = store i32 %bitcast_ln46, i9 %local_input_192_addr" [conv.cpp:46]   --->   Operation 255 'store' 'store_ln46' <Predicate = (select_ln46 == 192)> <Delay = 3.25> <CoreInst = "RAM">   --->   Core 82 'RAM' <Latency = 1> <II = 1> <Delay = 3.25> <Storage> <Opcode : 'load' 'store'> <Ports = 2> <Width = 32> <Depth = 456> <RAM>
ST_3 : Operation 256 [1/1] (0.00ns)   --->   "%br_ln46 = br void %arrayidx3714.exit" [conv.cpp:46]   --->   Operation 256 'br' 'br_ln46' <Predicate = (select_ln46 == 192)> <Delay = 0.00>
ST_3 : Operation 257 [1/1] (3.25ns)   --->   "%store_ln46 = store i32 %bitcast_ln46, i9 %local_input_191_addr" [conv.cpp:46]   --->   Operation 257 'store' 'store_ln46' <Predicate = (select_ln46 == 191)> <Delay = 3.25> <CoreInst = "RAM">   --->   Core 82 'RAM' <Latency = 1> <II = 1> <Delay = 3.25> <Storage> <Opcode : 'load' 'store'> <Ports = 2> <Width = 32> <Depth = 456> <RAM>
ST_3 : Operation 258 [1/1] (0.00ns)   --->   "%br_ln46 = br void %arrayidx3714.exit" [conv.cpp:46]   --->   Operation 258 'br' 'br_ln46' <Predicate = (select_ln46 == 191)> <Delay = 0.00>
ST_3 : Operation 259 [1/1] (3.25ns)   --->   "%store_ln46 = store i32 %bitcast_ln46, i9 %local_input_190_addr" [conv.cpp:46]   --->   Operation 259 'store' 'store_ln46' <Predicate = (select_ln46 == 190)> <Delay = 3.25> <CoreInst = "RAM">   --->   Core 82 'RAM' <Latency = 1> <II = 1> <Delay = 3.25> <Storage> <Opcode : 'load' 'store'> <Ports = 2> <Width = 32> <Depth = 456> <RAM>
ST_3 : Operation 260 [1/1] (0.00ns)   --->   "%br_ln46 = br void %arrayidx3714.exit" [conv.cpp:46]   --->   Operation 260 'br' 'br_ln46' <Predicate = (select_ln46 == 190)> <Delay = 0.00>
ST_3 : Operation 261 [1/1] (3.25ns)   --->   "%store_ln46 = store i32 %bitcast_ln46, i9 %local_input_189_addr" [conv.cpp:46]   --->   Operation 261 'store' 'store_ln46' <Predicate = (select_ln46 == 189)> <Delay = 3.25> <CoreInst = "RAM">   --->   Core 82 'RAM' <Latency = 1> <II = 1> <Delay = 3.25> <Storage> <Opcode : 'load' 'store'> <Ports = 2> <Width = 32> <Depth = 456> <RAM>
ST_3 : Operation 262 [1/1] (0.00ns)   --->   "%br_ln46 = br void %arrayidx3714.exit" [conv.cpp:46]   --->   Operation 262 'br' 'br_ln46' <Predicate = (select_ln46 == 189)> <Delay = 0.00>
ST_3 : Operation 263 [1/1] (3.25ns)   --->   "%store_ln46 = store i32 %bitcast_ln46, i9 %local_input_188_addr" [conv.cpp:46]   --->   Operation 263 'store' 'store_ln46' <Predicate = (select_ln46 == 188)> <Delay = 3.25> <CoreInst = "RAM">   --->   Core 82 'RAM' <Latency = 1> <II = 1> <Delay = 3.25> <Storage> <Opcode : 'load' 'store'> <Ports = 2> <Width = 32> <Depth = 456> <RAM>
ST_3 : Operation 264 [1/1] (0.00ns)   --->   "%br_ln46 = br void %arrayidx3714.exit" [conv.cpp:46]   --->   Operation 264 'br' 'br_ln46' <Predicate = (select_ln46 == 188)> <Delay = 0.00>
ST_3 : Operation 265 [1/1] (3.25ns)   --->   "%store_ln46 = store i32 %bitcast_ln46, i9 %local_input_187_addr" [conv.cpp:46]   --->   Operation 265 'store' 'store_ln46' <Predicate = (select_ln46 == 187)> <Delay = 3.25> <CoreInst = "RAM">   --->   Core 82 'RAM' <Latency = 1> <II = 1> <Delay = 3.25> <Storage> <Opcode : 'load' 'store'> <Ports = 2> <Width = 32> <Depth = 456> <RAM>
ST_3 : Operation 266 [1/1] (0.00ns)   --->   "%br_ln46 = br void %arrayidx3714.exit" [conv.cpp:46]   --->   Operation 266 'br' 'br_ln46' <Predicate = (select_ln46 == 187)> <Delay = 0.00>
ST_3 : Operation 267 [1/1] (3.25ns)   --->   "%store_ln46 = store i32 %bitcast_ln46, i9 %local_input_186_addr" [conv.cpp:46]   --->   Operation 267 'store' 'store_ln46' <Predicate = (select_ln46 == 186)> <Delay = 3.25> <CoreInst = "RAM">   --->   Core 82 'RAM' <Latency = 1> <II = 1> <Delay = 3.25> <Storage> <Opcode : 'load' 'store'> <Ports = 2> <Width = 32> <Depth = 456> <RAM>
ST_3 : Operation 268 [1/1] (0.00ns)   --->   "%br_ln46 = br void %arrayidx3714.exit" [conv.cpp:46]   --->   Operation 268 'br' 'br_ln46' <Predicate = (select_ln46 == 186)> <Delay = 0.00>
ST_3 : Operation 269 [1/1] (3.25ns)   --->   "%store_ln46 = store i32 %bitcast_ln46, i9 %local_input_185_addr" [conv.cpp:46]   --->   Operation 269 'store' 'store_ln46' <Predicate = (select_ln46 == 185)> <Delay = 3.25> <CoreInst = "RAM">   --->   Core 82 'RAM' <Latency = 1> <II = 1> <Delay = 3.25> <Storage> <Opcode : 'load' 'store'> <Ports = 2> <Width = 32> <Depth = 456> <RAM>
ST_3 : Operation 270 [1/1] (0.00ns)   --->   "%br_ln46 = br void %arrayidx3714.exit" [conv.cpp:46]   --->   Operation 270 'br' 'br_ln46' <Predicate = (select_ln46 == 185)> <Delay = 0.00>
ST_3 : Operation 271 [1/1] (3.25ns)   --->   "%store_ln46 = store i32 %bitcast_ln46, i9 %local_input_184_addr" [conv.cpp:46]   --->   Operation 271 'store' 'store_ln46' <Predicate = (select_ln46 == 184)> <Delay = 3.25> <CoreInst = "RAM">   --->   Core 82 'RAM' <Latency = 1> <II = 1> <Delay = 3.25> <Storage> <Opcode : 'load' 'store'> <Ports = 2> <Width = 32> <Depth = 456> <RAM>
ST_3 : Operation 272 [1/1] (0.00ns)   --->   "%br_ln46 = br void %arrayidx3714.exit" [conv.cpp:46]   --->   Operation 272 'br' 'br_ln46' <Predicate = (select_ln46 == 184)> <Delay = 0.00>
ST_3 : Operation 273 [1/1] (3.25ns)   --->   "%store_ln46 = store i32 %bitcast_ln46, i9 %local_input_183_addr" [conv.cpp:46]   --->   Operation 273 'store' 'store_ln46' <Predicate = (select_ln46 == 183)> <Delay = 3.25> <CoreInst = "RAM">   --->   Core 82 'RAM' <Latency = 1> <II = 1> <Delay = 3.25> <Storage> <Opcode : 'load' 'store'> <Ports = 2> <Width = 32> <Depth = 456> <RAM>
ST_3 : Operation 274 [1/1] (0.00ns)   --->   "%br_ln46 = br void %arrayidx3714.exit" [conv.cpp:46]   --->   Operation 274 'br' 'br_ln46' <Predicate = (select_ln46 == 183)> <Delay = 0.00>
ST_3 : Operation 275 [1/1] (3.25ns)   --->   "%store_ln46 = store i32 %bitcast_ln46, i9 %local_input_182_addr" [conv.cpp:46]   --->   Operation 275 'store' 'store_ln46' <Predicate = (select_ln46 == 182)> <Delay = 3.25> <CoreInst = "RAM">   --->   Core 82 'RAM' <Latency = 1> <II = 1> <Delay = 3.25> <Storage> <Opcode : 'load' 'store'> <Ports = 2> <Width = 32> <Depth = 456> <RAM>
ST_3 : Operation 276 [1/1] (0.00ns)   --->   "%br_ln46 = br void %arrayidx3714.exit" [conv.cpp:46]   --->   Operation 276 'br' 'br_ln46' <Predicate = (select_ln46 == 182)> <Delay = 0.00>
ST_3 : Operation 277 [1/1] (3.25ns)   --->   "%store_ln46 = store i32 %bitcast_ln46, i9 %local_input_181_addr" [conv.cpp:46]   --->   Operation 277 'store' 'store_ln46' <Predicate = (select_ln46 == 181)> <Delay = 3.25> <CoreInst = "RAM">   --->   Core 82 'RAM' <Latency = 1> <II = 1> <Delay = 3.25> <Storage> <Opcode : 'load' 'store'> <Ports = 2> <Width = 32> <Depth = 456> <RAM>
ST_3 : Operation 278 [1/1] (0.00ns)   --->   "%br_ln46 = br void %arrayidx3714.exit" [conv.cpp:46]   --->   Operation 278 'br' 'br_ln46' <Predicate = (select_ln46 == 181)> <Delay = 0.00>
ST_3 : Operation 279 [1/1] (3.25ns)   --->   "%store_ln46 = store i32 %bitcast_ln46, i9 %local_input_180_addr" [conv.cpp:46]   --->   Operation 279 'store' 'store_ln46' <Predicate = (select_ln46 == 180)> <Delay = 3.25> <CoreInst = "RAM">   --->   Core 82 'RAM' <Latency = 1> <II = 1> <Delay = 3.25> <Storage> <Opcode : 'load' 'store'> <Ports = 2> <Width = 32> <Depth = 456> <RAM>
ST_3 : Operation 280 [1/1] (0.00ns)   --->   "%br_ln46 = br void %arrayidx3714.exit" [conv.cpp:46]   --->   Operation 280 'br' 'br_ln46' <Predicate = (select_ln46 == 180)> <Delay = 0.00>
ST_3 : Operation 281 [1/1] (3.25ns)   --->   "%store_ln46 = store i32 %bitcast_ln46, i9 %local_input_179_addr" [conv.cpp:46]   --->   Operation 281 'store' 'store_ln46' <Predicate = (select_ln46 == 179)> <Delay = 3.25> <CoreInst = "RAM">   --->   Core 82 'RAM' <Latency = 1> <II = 1> <Delay = 3.25> <Storage> <Opcode : 'load' 'store'> <Ports = 2> <Width = 32> <Depth = 456> <RAM>
ST_3 : Operation 282 [1/1] (0.00ns)   --->   "%br_ln46 = br void %arrayidx3714.exit" [conv.cpp:46]   --->   Operation 282 'br' 'br_ln46' <Predicate = (select_ln46 == 179)> <Delay = 0.00>
ST_3 : Operation 283 [1/1] (3.25ns)   --->   "%store_ln46 = store i32 %bitcast_ln46, i9 %local_input_178_addr" [conv.cpp:46]   --->   Operation 283 'store' 'store_ln46' <Predicate = (select_ln46 == 178)> <Delay = 3.25> <CoreInst = "RAM">   --->   Core 82 'RAM' <Latency = 1> <II = 1> <Delay = 3.25> <Storage> <Opcode : 'load' 'store'> <Ports = 2> <Width = 32> <Depth = 456> <RAM>
ST_3 : Operation 284 [1/1] (0.00ns)   --->   "%br_ln46 = br void %arrayidx3714.exit" [conv.cpp:46]   --->   Operation 284 'br' 'br_ln46' <Predicate = (select_ln46 == 178)> <Delay = 0.00>
ST_3 : Operation 285 [1/1] (3.25ns)   --->   "%store_ln46 = store i32 %bitcast_ln46, i9 %local_input_177_addr" [conv.cpp:46]   --->   Operation 285 'store' 'store_ln46' <Predicate = (select_ln46 == 177)> <Delay = 3.25> <CoreInst = "RAM">   --->   Core 82 'RAM' <Latency = 1> <II = 1> <Delay = 3.25> <Storage> <Opcode : 'load' 'store'> <Ports = 2> <Width = 32> <Depth = 456> <RAM>
ST_3 : Operation 286 [1/1] (0.00ns)   --->   "%br_ln46 = br void %arrayidx3714.exit" [conv.cpp:46]   --->   Operation 286 'br' 'br_ln46' <Predicate = (select_ln46 == 177)> <Delay = 0.00>
ST_3 : Operation 287 [1/1] (3.25ns)   --->   "%store_ln46 = store i32 %bitcast_ln46, i9 %local_input_176_addr" [conv.cpp:46]   --->   Operation 287 'store' 'store_ln46' <Predicate = (select_ln46 == 176)> <Delay = 3.25> <CoreInst = "RAM">   --->   Core 82 'RAM' <Latency = 1> <II = 1> <Delay = 3.25> <Storage> <Opcode : 'load' 'store'> <Ports = 2> <Width = 32> <Depth = 456> <RAM>
ST_3 : Operation 288 [1/1] (0.00ns)   --->   "%br_ln46 = br void %arrayidx3714.exit" [conv.cpp:46]   --->   Operation 288 'br' 'br_ln46' <Predicate = (select_ln46 == 176)> <Delay = 0.00>
ST_3 : Operation 289 [1/1] (3.25ns)   --->   "%store_ln46 = store i32 %bitcast_ln46, i9 %local_input_175_addr" [conv.cpp:46]   --->   Operation 289 'store' 'store_ln46' <Predicate = (select_ln46 == 175)> <Delay = 3.25> <CoreInst = "RAM">   --->   Core 82 'RAM' <Latency = 1> <II = 1> <Delay = 3.25> <Storage> <Opcode : 'load' 'store'> <Ports = 2> <Width = 32> <Depth = 456> <RAM>
ST_3 : Operation 290 [1/1] (0.00ns)   --->   "%br_ln46 = br void %arrayidx3714.exit" [conv.cpp:46]   --->   Operation 290 'br' 'br_ln46' <Predicate = (select_ln46 == 175)> <Delay = 0.00>
ST_3 : Operation 291 [1/1] (3.25ns)   --->   "%store_ln46 = store i32 %bitcast_ln46, i9 %local_input_174_addr" [conv.cpp:46]   --->   Operation 291 'store' 'store_ln46' <Predicate = (select_ln46 == 174)> <Delay = 3.25> <CoreInst = "RAM">   --->   Core 82 'RAM' <Latency = 1> <II = 1> <Delay = 3.25> <Storage> <Opcode : 'load' 'store'> <Ports = 2> <Width = 32> <Depth = 456> <RAM>
ST_3 : Operation 292 [1/1] (0.00ns)   --->   "%br_ln46 = br void %arrayidx3714.exit" [conv.cpp:46]   --->   Operation 292 'br' 'br_ln46' <Predicate = (select_ln46 == 174)> <Delay = 0.00>
ST_3 : Operation 293 [1/1] (3.25ns)   --->   "%store_ln46 = store i32 %bitcast_ln46, i9 %local_input_173_addr" [conv.cpp:46]   --->   Operation 293 'store' 'store_ln46' <Predicate = (select_ln46 == 173)> <Delay = 3.25> <CoreInst = "RAM">   --->   Core 82 'RAM' <Latency = 1> <II = 1> <Delay = 3.25> <Storage> <Opcode : 'load' 'store'> <Ports = 2> <Width = 32> <Depth = 456> <RAM>
ST_3 : Operation 294 [1/1] (0.00ns)   --->   "%br_ln46 = br void %arrayidx3714.exit" [conv.cpp:46]   --->   Operation 294 'br' 'br_ln46' <Predicate = (select_ln46 == 173)> <Delay = 0.00>
ST_3 : Operation 295 [1/1] (3.25ns)   --->   "%store_ln46 = store i32 %bitcast_ln46, i9 %local_input_172_addr" [conv.cpp:46]   --->   Operation 295 'store' 'store_ln46' <Predicate = (select_ln46 == 172)> <Delay = 3.25> <CoreInst = "RAM">   --->   Core 82 'RAM' <Latency = 1> <II = 1> <Delay = 3.25> <Storage> <Opcode : 'load' 'store'> <Ports = 2> <Width = 32> <Depth = 456> <RAM>
ST_3 : Operation 296 [1/1] (0.00ns)   --->   "%br_ln46 = br void %arrayidx3714.exit" [conv.cpp:46]   --->   Operation 296 'br' 'br_ln46' <Predicate = (select_ln46 == 172)> <Delay = 0.00>
ST_3 : Operation 297 [1/1] (3.25ns)   --->   "%store_ln46 = store i32 %bitcast_ln46, i9 %local_input_171_addr" [conv.cpp:46]   --->   Operation 297 'store' 'store_ln46' <Predicate = (select_ln46 == 171)> <Delay = 3.25> <CoreInst = "RAM">   --->   Core 82 'RAM' <Latency = 1> <II = 1> <Delay = 3.25> <Storage> <Opcode : 'load' 'store'> <Ports = 2> <Width = 32> <Depth = 456> <RAM>
ST_3 : Operation 298 [1/1] (0.00ns)   --->   "%br_ln46 = br void %arrayidx3714.exit" [conv.cpp:46]   --->   Operation 298 'br' 'br_ln46' <Predicate = (select_ln46 == 171)> <Delay = 0.00>
ST_3 : Operation 299 [1/1] (3.25ns)   --->   "%store_ln46 = store i32 %bitcast_ln46, i9 %local_input_170_addr" [conv.cpp:46]   --->   Operation 299 'store' 'store_ln46' <Predicate = (select_ln46 == 170)> <Delay = 3.25> <CoreInst = "RAM">   --->   Core 82 'RAM' <Latency = 1> <II = 1> <Delay = 3.25> <Storage> <Opcode : 'load' 'store'> <Ports = 2> <Width = 32> <Depth = 456> <RAM>
ST_3 : Operation 300 [1/1] (0.00ns)   --->   "%br_ln46 = br void %arrayidx3714.exit" [conv.cpp:46]   --->   Operation 300 'br' 'br_ln46' <Predicate = (select_ln46 == 170)> <Delay = 0.00>
ST_3 : Operation 301 [1/1] (3.25ns)   --->   "%store_ln46 = store i32 %bitcast_ln46, i9 %local_input_169_addr" [conv.cpp:46]   --->   Operation 301 'store' 'store_ln46' <Predicate = (select_ln46 == 169)> <Delay = 3.25> <CoreInst = "RAM">   --->   Core 82 'RAM' <Latency = 1> <II = 1> <Delay = 3.25> <Storage> <Opcode : 'load' 'store'> <Ports = 2> <Width = 32> <Depth = 456> <RAM>
ST_3 : Operation 302 [1/1] (0.00ns)   --->   "%br_ln46 = br void %arrayidx3714.exit" [conv.cpp:46]   --->   Operation 302 'br' 'br_ln46' <Predicate = (select_ln46 == 169)> <Delay = 0.00>
ST_3 : Operation 303 [1/1] (3.25ns)   --->   "%store_ln46 = store i32 %bitcast_ln46, i9 %local_input_168_addr" [conv.cpp:46]   --->   Operation 303 'store' 'store_ln46' <Predicate = (select_ln46 == 168)> <Delay = 3.25> <CoreInst = "RAM">   --->   Core 82 'RAM' <Latency = 1> <II = 1> <Delay = 3.25> <Storage> <Opcode : 'load' 'store'> <Ports = 2> <Width = 32> <Depth = 456> <RAM>
ST_3 : Operation 304 [1/1] (0.00ns)   --->   "%br_ln46 = br void %arrayidx3714.exit" [conv.cpp:46]   --->   Operation 304 'br' 'br_ln46' <Predicate = (select_ln46 == 168)> <Delay = 0.00>
ST_3 : Operation 305 [1/1] (3.25ns)   --->   "%store_ln46 = store i32 %bitcast_ln46, i9 %local_input_167_addr" [conv.cpp:46]   --->   Operation 305 'store' 'store_ln46' <Predicate = (select_ln46 == 167)> <Delay = 3.25> <CoreInst = "RAM">   --->   Core 82 'RAM' <Latency = 1> <II = 1> <Delay = 3.25> <Storage> <Opcode : 'load' 'store'> <Ports = 2> <Width = 32> <Depth = 456> <RAM>
ST_3 : Operation 306 [1/1] (0.00ns)   --->   "%br_ln46 = br void %arrayidx3714.exit" [conv.cpp:46]   --->   Operation 306 'br' 'br_ln46' <Predicate = (select_ln46 == 167)> <Delay = 0.00>
ST_3 : Operation 307 [1/1] (3.25ns)   --->   "%store_ln46 = store i32 %bitcast_ln46, i9 %local_input_166_addr" [conv.cpp:46]   --->   Operation 307 'store' 'store_ln46' <Predicate = (select_ln46 == 166)> <Delay = 3.25> <CoreInst = "RAM">   --->   Core 82 'RAM' <Latency = 1> <II = 1> <Delay = 3.25> <Storage> <Opcode : 'load' 'store'> <Ports = 2> <Width = 32> <Depth = 456> <RAM>
ST_3 : Operation 308 [1/1] (0.00ns)   --->   "%br_ln46 = br void %arrayidx3714.exit" [conv.cpp:46]   --->   Operation 308 'br' 'br_ln46' <Predicate = (select_ln46 == 166)> <Delay = 0.00>
ST_3 : Operation 309 [1/1] (3.25ns)   --->   "%store_ln46 = store i32 %bitcast_ln46, i9 %local_input_165_addr" [conv.cpp:46]   --->   Operation 309 'store' 'store_ln46' <Predicate = (select_ln46 == 165)> <Delay = 3.25> <CoreInst = "RAM">   --->   Core 82 'RAM' <Latency = 1> <II = 1> <Delay = 3.25> <Storage> <Opcode : 'load' 'store'> <Ports = 2> <Width = 32> <Depth = 456> <RAM>
ST_3 : Operation 310 [1/1] (0.00ns)   --->   "%br_ln46 = br void %arrayidx3714.exit" [conv.cpp:46]   --->   Operation 310 'br' 'br_ln46' <Predicate = (select_ln46 == 165)> <Delay = 0.00>
ST_3 : Operation 311 [1/1] (3.25ns)   --->   "%store_ln46 = store i32 %bitcast_ln46, i9 %local_input_164_addr" [conv.cpp:46]   --->   Operation 311 'store' 'store_ln46' <Predicate = (select_ln46 == 164)> <Delay = 3.25> <CoreInst = "RAM">   --->   Core 82 'RAM' <Latency = 1> <II = 1> <Delay = 3.25> <Storage> <Opcode : 'load' 'store'> <Ports = 2> <Width = 32> <Depth = 456> <RAM>
ST_3 : Operation 312 [1/1] (0.00ns)   --->   "%br_ln46 = br void %arrayidx3714.exit" [conv.cpp:46]   --->   Operation 312 'br' 'br_ln46' <Predicate = (select_ln46 == 164)> <Delay = 0.00>
ST_3 : Operation 313 [1/1] (3.25ns)   --->   "%store_ln46 = store i32 %bitcast_ln46, i9 %local_input_163_addr" [conv.cpp:46]   --->   Operation 313 'store' 'store_ln46' <Predicate = (select_ln46 == 163)> <Delay = 3.25> <CoreInst = "RAM">   --->   Core 82 'RAM' <Latency = 1> <II = 1> <Delay = 3.25> <Storage> <Opcode : 'load' 'store'> <Ports = 2> <Width = 32> <Depth = 456> <RAM>
ST_3 : Operation 314 [1/1] (0.00ns)   --->   "%br_ln46 = br void %arrayidx3714.exit" [conv.cpp:46]   --->   Operation 314 'br' 'br_ln46' <Predicate = (select_ln46 == 163)> <Delay = 0.00>
ST_3 : Operation 315 [1/1] (3.25ns)   --->   "%store_ln46 = store i32 %bitcast_ln46, i9 %local_input_162_addr" [conv.cpp:46]   --->   Operation 315 'store' 'store_ln46' <Predicate = (select_ln46 == 162)> <Delay = 3.25> <CoreInst = "RAM">   --->   Core 82 'RAM' <Latency = 1> <II = 1> <Delay = 3.25> <Storage> <Opcode : 'load' 'store'> <Ports = 2> <Width = 32> <Depth = 456> <RAM>
ST_3 : Operation 316 [1/1] (0.00ns)   --->   "%br_ln46 = br void %arrayidx3714.exit" [conv.cpp:46]   --->   Operation 316 'br' 'br_ln46' <Predicate = (select_ln46 == 162)> <Delay = 0.00>
ST_3 : Operation 317 [1/1] (3.25ns)   --->   "%store_ln46 = store i32 %bitcast_ln46, i9 %local_input_161_addr" [conv.cpp:46]   --->   Operation 317 'store' 'store_ln46' <Predicate = (select_ln46 == 161)> <Delay = 3.25> <CoreInst = "RAM">   --->   Core 82 'RAM' <Latency = 1> <II = 1> <Delay = 3.25> <Storage> <Opcode : 'load' 'store'> <Ports = 2> <Width = 32> <Depth = 456> <RAM>
ST_3 : Operation 318 [1/1] (0.00ns)   --->   "%br_ln46 = br void %arrayidx3714.exit" [conv.cpp:46]   --->   Operation 318 'br' 'br_ln46' <Predicate = (select_ln46 == 161)> <Delay = 0.00>
ST_3 : Operation 319 [1/1] (3.25ns)   --->   "%store_ln46 = store i32 %bitcast_ln46, i9 %local_input_160_addr" [conv.cpp:46]   --->   Operation 319 'store' 'store_ln46' <Predicate = (select_ln46 == 160)> <Delay = 3.25> <CoreInst = "RAM">   --->   Core 82 'RAM' <Latency = 1> <II = 1> <Delay = 3.25> <Storage> <Opcode : 'load' 'store'> <Ports = 2> <Width = 32> <Depth = 456> <RAM>
ST_3 : Operation 320 [1/1] (0.00ns)   --->   "%br_ln46 = br void %arrayidx3714.exit" [conv.cpp:46]   --->   Operation 320 'br' 'br_ln46' <Predicate = (select_ln46 == 160)> <Delay = 0.00>
ST_3 : Operation 321 [1/1] (3.25ns)   --->   "%store_ln46 = store i32 %bitcast_ln46, i9 %local_input_159_addr" [conv.cpp:46]   --->   Operation 321 'store' 'store_ln46' <Predicate = (select_ln46 == 159)> <Delay = 3.25> <CoreInst = "RAM">   --->   Core 82 'RAM' <Latency = 1> <II = 1> <Delay = 3.25> <Storage> <Opcode : 'load' 'store'> <Ports = 2> <Width = 32> <Depth = 456> <RAM>
ST_3 : Operation 322 [1/1] (0.00ns)   --->   "%br_ln46 = br void %arrayidx3714.exit" [conv.cpp:46]   --->   Operation 322 'br' 'br_ln46' <Predicate = (select_ln46 == 159)> <Delay = 0.00>
ST_3 : Operation 323 [1/1] (3.25ns)   --->   "%store_ln46 = store i32 %bitcast_ln46, i9 %local_input_158_addr" [conv.cpp:46]   --->   Operation 323 'store' 'store_ln46' <Predicate = (select_ln46 == 158)> <Delay = 3.25> <CoreInst = "RAM">   --->   Core 82 'RAM' <Latency = 1> <II = 1> <Delay = 3.25> <Storage> <Opcode : 'load' 'store'> <Ports = 2> <Width = 32> <Depth = 456> <RAM>
ST_3 : Operation 324 [1/1] (0.00ns)   --->   "%br_ln46 = br void %arrayidx3714.exit" [conv.cpp:46]   --->   Operation 324 'br' 'br_ln46' <Predicate = (select_ln46 == 158)> <Delay = 0.00>
ST_3 : Operation 325 [1/1] (3.25ns)   --->   "%store_ln46 = store i32 %bitcast_ln46, i9 %local_input_157_addr" [conv.cpp:46]   --->   Operation 325 'store' 'store_ln46' <Predicate = (select_ln46 == 157)> <Delay = 3.25> <CoreInst = "RAM">   --->   Core 82 'RAM' <Latency = 1> <II = 1> <Delay = 3.25> <Storage> <Opcode : 'load' 'store'> <Ports = 2> <Width = 32> <Depth = 456> <RAM>
ST_3 : Operation 326 [1/1] (0.00ns)   --->   "%br_ln46 = br void %arrayidx3714.exit" [conv.cpp:46]   --->   Operation 326 'br' 'br_ln46' <Predicate = (select_ln46 == 157)> <Delay = 0.00>
ST_3 : Operation 327 [1/1] (3.25ns)   --->   "%store_ln46 = store i32 %bitcast_ln46, i9 %local_input_156_addr" [conv.cpp:46]   --->   Operation 327 'store' 'store_ln46' <Predicate = (select_ln46 == 156)> <Delay = 3.25> <CoreInst = "RAM">   --->   Core 82 'RAM' <Latency = 1> <II = 1> <Delay = 3.25> <Storage> <Opcode : 'load' 'store'> <Ports = 2> <Width = 32> <Depth = 456> <RAM>
ST_3 : Operation 328 [1/1] (0.00ns)   --->   "%br_ln46 = br void %arrayidx3714.exit" [conv.cpp:46]   --->   Operation 328 'br' 'br_ln46' <Predicate = (select_ln46 == 156)> <Delay = 0.00>
ST_3 : Operation 329 [1/1] (3.25ns)   --->   "%store_ln46 = store i32 %bitcast_ln46, i9 %local_input_155_addr" [conv.cpp:46]   --->   Operation 329 'store' 'store_ln46' <Predicate = (select_ln46 == 155)> <Delay = 3.25> <CoreInst = "RAM">   --->   Core 82 'RAM' <Latency = 1> <II = 1> <Delay = 3.25> <Storage> <Opcode : 'load' 'store'> <Ports = 2> <Width = 32> <Depth = 456> <RAM>
ST_3 : Operation 330 [1/1] (0.00ns)   --->   "%br_ln46 = br void %arrayidx3714.exit" [conv.cpp:46]   --->   Operation 330 'br' 'br_ln46' <Predicate = (select_ln46 == 155)> <Delay = 0.00>
ST_3 : Operation 331 [1/1] (3.25ns)   --->   "%store_ln46 = store i32 %bitcast_ln46, i9 %local_input_154_addr" [conv.cpp:46]   --->   Operation 331 'store' 'store_ln46' <Predicate = (select_ln46 == 154)> <Delay = 3.25> <CoreInst = "RAM">   --->   Core 82 'RAM' <Latency = 1> <II = 1> <Delay = 3.25> <Storage> <Opcode : 'load' 'store'> <Ports = 2> <Width = 32> <Depth = 456> <RAM>
ST_3 : Operation 332 [1/1] (0.00ns)   --->   "%br_ln46 = br void %arrayidx3714.exit" [conv.cpp:46]   --->   Operation 332 'br' 'br_ln46' <Predicate = (select_ln46 == 154)> <Delay = 0.00>
ST_3 : Operation 333 [1/1] (3.25ns)   --->   "%store_ln46 = store i32 %bitcast_ln46, i9 %local_input_153_addr" [conv.cpp:46]   --->   Operation 333 'store' 'store_ln46' <Predicate = (select_ln46 == 153)> <Delay = 3.25> <CoreInst = "RAM">   --->   Core 82 'RAM' <Latency = 1> <II = 1> <Delay = 3.25> <Storage> <Opcode : 'load' 'store'> <Ports = 2> <Width = 32> <Depth = 456> <RAM>
ST_3 : Operation 334 [1/1] (0.00ns)   --->   "%br_ln46 = br void %arrayidx3714.exit" [conv.cpp:46]   --->   Operation 334 'br' 'br_ln46' <Predicate = (select_ln46 == 153)> <Delay = 0.00>
ST_3 : Operation 335 [1/1] (3.25ns)   --->   "%store_ln46 = store i32 %bitcast_ln46, i9 %local_input_152_addr" [conv.cpp:46]   --->   Operation 335 'store' 'store_ln46' <Predicate = (select_ln46 == 152)> <Delay = 3.25> <CoreInst = "RAM">   --->   Core 82 'RAM' <Latency = 1> <II = 1> <Delay = 3.25> <Storage> <Opcode : 'load' 'store'> <Ports = 2> <Width = 32> <Depth = 456> <RAM>
ST_3 : Operation 336 [1/1] (0.00ns)   --->   "%br_ln46 = br void %arrayidx3714.exit" [conv.cpp:46]   --->   Operation 336 'br' 'br_ln46' <Predicate = (select_ln46 == 152)> <Delay = 0.00>
ST_3 : Operation 337 [1/1] (3.25ns)   --->   "%store_ln46 = store i32 %bitcast_ln46, i9 %local_input_151_addr" [conv.cpp:46]   --->   Operation 337 'store' 'store_ln46' <Predicate = (select_ln46 == 151)> <Delay = 3.25> <CoreInst = "RAM">   --->   Core 82 'RAM' <Latency = 1> <II = 1> <Delay = 3.25> <Storage> <Opcode : 'load' 'store'> <Ports = 2> <Width = 32> <Depth = 456> <RAM>
ST_3 : Operation 338 [1/1] (0.00ns)   --->   "%br_ln46 = br void %arrayidx3714.exit" [conv.cpp:46]   --->   Operation 338 'br' 'br_ln46' <Predicate = (select_ln46 == 151)> <Delay = 0.00>
ST_3 : Operation 339 [1/1] (3.25ns)   --->   "%store_ln46 = store i32 %bitcast_ln46, i9 %local_input_150_addr" [conv.cpp:46]   --->   Operation 339 'store' 'store_ln46' <Predicate = (select_ln46 == 150)> <Delay = 3.25> <CoreInst = "RAM">   --->   Core 82 'RAM' <Latency = 1> <II = 1> <Delay = 3.25> <Storage> <Opcode : 'load' 'store'> <Ports = 2> <Width = 32> <Depth = 456> <RAM>
ST_3 : Operation 340 [1/1] (0.00ns)   --->   "%br_ln46 = br void %arrayidx3714.exit" [conv.cpp:46]   --->   Operation 340 'br' 'br_ln46' <Predicate = (select_ln46 == 150)> <Delay = 0.00>
ST_3 : Operation 341 [1/1] (3.25ns)   --->   "%store_ln46 = store i32 %bitcast_ln46, i9 %local_input_149_addr" [conv.cpp:46]   --->   Operation 341 'store' 'store_ln46' <Predicate = (select_ln46 == 149)> <Delay = 3.25> <CoreInst = "RAM">   --->   Core 82 'RAM' <Latency = 1> <II = 1> <Delay = 3.25> <Storage> <Opcode : 'load' 'store'> <Ports = 2> <Width = 32> <Depth = 456> <RAM>
ST_3 : Operation 342 [1/1] (0.00ns)   --->   "%br_ln46 = br void %arrayidx3714.exit" [conv.cpp:46]   --->   Operation 342 'br' 'br_ln46' <Predicate = (select_ln46 == 149)> <Delay = 0.00>
ST_3 : Operation 343 [1/1] (3.25ns)   --->   "%store_ln46 = store i32 %bitcast_ln46, i9 %local_input_148_addr" [conv.cpp:46]   --->   Operation 343 'store' 'store_ln46' <Predicate = (select_ln46 == 148)> <Delay = 3.25> <CoreInst = "RAM">   --->   Core 82 'RAM' <Latency = 1> <II = 1> <Delay = 3.25> <Storage> <Opcode : 'load' 'store'> <Ports = 2> <Width = 32> <Depth = 456> <RAM>
ST_3 : Operation 344 [1/1] (0.00ns)   --->   "%br_ln46 = br void %arrayidx3714.exit" [conv.cpp:46]   --->   Operation 344 'br' 'br_ln46' <Predicate = (select_ln46 == 148)> <Delay = 0.00>
ST_3 : Operation 345 [1/1] (3.25ns)   --->   "%store_ln46 = store i32 %bitcast_ln46, i9 %local_input_147_addr" [conv.cpp:46]   --->   Operation 345 'store' 'store_ln46' <Predicate = (select_ln46 == 147)> <Delay = 3.25> <CoreInst = "RAM">   --->   Core 82 'RAM' <Latency = 1> <II = 1> <Delay = 3.25> <Storage> <Opcode : 'load' 'store'> <Ports = 2> <Width = 32> <Depth = 456> <RAM>
ST_3 : Operation 346 [1/1] (0.00ns)   --->   "%br_ln46 = br void %arrayidx3714.exit" [conv.cpp:46]   --->   Operation 346 'br' 'br_ln46' <Predicate = (select_ln46 == 147)> <Delay = 0.00>
ST_3 : Operation 347 [1/1] (3.25ns)   --->   "%store_ln46 = store i32 %bitcast_ln46, i9 %local_input_146_addr" [conv.cpp:46]   --->   Operation 347 'store' 'store_ln46' <Predicate = (select_ln46 == 146)> <Delay = 3.25> <CoreInst = "RAM">   --->   Core 82 'RAM' <Latency = 1> <II = 1> <Delay = 3.25> <Storage> <Opcode : 'load' 'store'> <Ports = 2> <Width = 32> <Depth = 456> <RAM>
ST_3 : Operation 348 [1/1] (0.00ns)   --->   "%br_ln46 = br void %arrayidx3714.exit" [conv.cpp:46]   --->   Operation 348 'br' 'br_ln46' <Predicate = (select_ln46 == 146)> <Delay = 0.00>
ST_3 : Operation 349 [1/1] (3.25ns)   --->   "%store_ln46 = store i32 %bitcast_ln46, i9 %local_input_145_addr" [conv.cpp:46]   --->   Operation 349 'store' 'store_ln46' <Predicate = (select_ln46 == 145)> <Delay = 3.25> <CoreInst = "RAM">   --->   Core 82 'RAM' <Latency = 1> <II = 1> <Delay = 3.25> <Storage> <Opcode : 'load' 'store'> <Ports = 2> <Width = 32> <Depth = 456> <RAM>
ST_3 : Operation 350 [1/1] (0.00ns)   --->   "%br_ln46 = br void %arrayidx3714.exit" [conv.cpp:46]   --->   Operation 350 'br' 'br_ln46' <Predicate = (select_ln46 == 145)> <Delay = 0.00>
ST_3 : Operation 351 [1/1] (3.25ns)   --->   "%store_ln46 = store i32 %bitcast_ln46, i9 %local_input_144_addr" [conv.cpp:46]   --->   Operation 351 'store' 'store_ln46' <Predicate = (select_ln46 == 144)> <Delay = 3.25> <CoreInst = "RAM">   --->   Core 82 'RAM' <Latency = 1> <II = 1> <Delay = 3.25> <Storage> <Opcode : 'load' 'store'> <Ports = 2> <Width = 32> <Depth = 456> <RAM>
ST_3 : Operation 352 [1/1] (0.00ns)   --->   "%br_ln46 = br void %arrayidx3714.exit" [conv.cpp:46]   --->   Operation 352 'br' 'br_ln46' <Predicate = (select_ln46 == 144)> <Delay = 0.00>
ST_3 : Operation 353 [1/1] (3.25ns)   --->   "%store_ln46 = store i32 %bitcast_ln46, i9 %local_input_143_addr" [conv.cpp:46]   --->   Operation 353 'store' 'store_ln46' <Predicate = (select_ln46 == 143)> <Delay = 3.25> <CoreInst = "RAM">   --->   Core 82 'RAM' <Latency = 1> <II = 1> <Delay = 3.25> <Storage> <Opcode : 'load' 'store'> <Ports = 2> <Width = 32> <Depth = 456> <RAM>
ST_3 : Operation 354 [1/1] (0.00ns)   --->   "%br_ln46 = br void %arrayidx3714.exit" [conv.cpp:46]   --->   Operation 354 'br' 'br_ln46' <Predicate = (select_ln46 == 143)> <Delay = 0.00>
ST_3 : Operation 355 [1/1] (3.25ns)   --->   "%store_ln46 = store i32 %bitcast_ln46, i9 %local_input_142_addr" [conv.cpp:46]   --->   Operation 355 'store' 'store_ln46' <Predicate = (select_ln46 == 142)> <Delay = 3.25> <CoreInst = "RAM">   --->   Core 82 'RAM' <Latency = 1> <II = 1> <Delay = 3.25> <Storage> <Opcode : 'load' 'store'> <Ports = 2> <Width = 32> <Depth = 456> <RAM>
ST_3 : Operation 356 [1/1] (0.00ns)   --->   "%br_ln46 = br void %arrayidx3714.exit" [conv.cpp:46]   --->   Operation 356 'br' 'br_ln46' <Predicate = (select_ln46 == 142)> <Delay = 0.00>
ST_3 : Operation 357 [1/1] (3.25ns)   --->   "%store_ln46 = store i32 %bitcast_ln46, i9 %local_input_141_addr" [conv.cpp:46]   --->   Operation 357 'store' 'store_ln46' <Predicate = (select_ln46 == 141)> <Delay = 3.25> <CoreInst = "RAM">   --->   Core 82 'RAM' <Latency = 1> <II = 1> <Delay = 3.25> <Storage> <Opcode : 'load' 'store'> <Ports = 2> <Width = 32> <Depth = 456> <RAM>
ST_3 : Operation 358 [1/1] (0.00ns)   --->   "%br_ln46 = br void %arrayidx3714.exit" [conv.cpp:46]   --->   Operation 358 'br' 'br_ln46' <Predicate = (select_ln46 == 141)> <Delay = 0.00>
ST_3 : Operation 359 [1/1] (3.25ns)   --->   "%store_ln46 = store i32 %bitcast_ln46, i9 %local_input_140_addr" [conv.cpp:46]   --->   Operation 359 'store' 'store_ln46' <Predicate = (select_ln46 == 140)> <Delay = 3.25> <CoreInst = "RAM">   --->   Core 82 'RAM' <Latency = 1> <II = 1> <Delay = 3.25> <Storage> <Opcode : 'load' 'store'> <Ports = 2> <Width = 32> <Depth = 456> <RAM>
ST_3 : Operation 360 [1/1] (0.00ns)   --->   "%br_ln46 = br void %arrayidx3714.exit" [conv.cpp:46]   --->   Operation 360 'br' 'br_ln46' <Predicate = (select_ln46 == 140)> <Delay = 0.00>
ST_3 : Operation 361 [1/1] (3.25ns)   --->   "%store_ln46 = store i32 %bitcast_ln46, i9 %local_input_139_addr" [conv.cpp:46]   --->   Operation 361 'store' 'store_ln46' <Predicate = (select_ln46 == 139)> <Delay = 3.25> <CoreInst = "RAM">   --->   Core 82 'RAM' <Latency = 1> <II = 1> <Delay = 3.25> <Storage> <Opcode : 'load' 'store'> <Ports = 2> <Width = 32> <Depth = 456> <RAM>
ST_3 : Operation 362 [1/1] (0.00ns)   --->   "%br_ln46 = br void %arrayidx3714.exit" [conv.cpp:46]   --->   Operation 362 'br' 'br_ln46' <Predicate = (select_ln46 == 139)> <Delay = 0.00>
ST_3 : Operation 363 [1/1] (3.25ns)   --->   "%store_ln46 = store i32 %bitcast_ln46, i9 %local_input_138_addr" [conv.cpp:46]   --->   Operation 363 'store' 'store_ln46' <Predicate = (select_ln46 == 138)> <Delay = 3.25> <CoreInst = "RAM">   --->   Core 82 'RAM' <Latency = 1> <II = 1> <Delay = 3.25> <Storage> <Opcode : 'load' 'store'> <Ports = 2> <Width = 32> <Depth = 456> <RAM>
ST_3 : Operation 364 [1/1] (0.00ns)   --->   "%br_ln46 = br void %arrayidx3714.exit" [conv.cpp:46]   --->   Operation 364 'br' 'br_ln46' <Predicate = (select_ln46 == 138)> <Delay = 0.00>
ST_3 : Operation 365 [1/1] (3.25ns)   --->   "%store_ln46 = store i32 %bitcast_ln46, i9 %local_input_137_addr" [conv.cpp:46]   --->   Operation 365 'store' 'store_ln46' <Predicate = (select_ln46 == 137)> <Delay = 3.25> <CoreInst = "RAM">   --->   Core 82 'RAM' <Latency = 1> <II = 1> <Delay = 3.25> <Storage> <Opcode : 'load' 'store'> <Ports = 2> <Width = 32> <Depth = 456> <RAM>
ST_3 : Operation 366 [1/1] (0.00ns)   --->   "%br_ln46 = br void %arrayidx3714.exit" [conv.cpp:46]   --->   Operation 366 'br' 'br_ln46' <Predicate = (select_ln46 == 137)> <Delay = 0.00>
ST_3 : Operation 367 [1/1] (3.25ns)   --->   "%store_ln46 = store i32 %bitcast_ln46, i9 %local_input_136_addr" [conv.cpp:46]   --->   Operation 367 'store' 'store_ln46' <Predicate = (select_ln46 == 136)> <Delay = 3.25> <CoreInst = "RAM">   --->   Core 82 'RAM' <Latency = 1> <II = 1> <Delay = 3.25> <Storage> <Opcode : 'load' 'store'> <Ports = 2> <Width = 32> <Depth = 456> <RAM>
ST_3 : Operation 368 [1/1] (0.00ns)   --->   "%br_ln46 = br void %arrayidx3714.exit" [conv.cpp:46]   --->   Operation 368 'br' 'br_ln46' <Predicate = (select_ln46 == 136)> <Delay = 0.00>
ST_3 : Operation 369 [1/1] (3.25ns)   --->   "%store_ln46 = store i32 %bitcast_ln46, i9 %local_input_135_addr" [conv.cpp:46]   --->   Operation 369 'store' 'store_ln46' <Predicate = (select_ln46 == 135)> <Delay = 3.25> <CoreInst = "RAM">   --->   Core 82 'RAM' <Latency = 1> <II = 1> <Delay = 3.25> <Storage> <Opcode : 'load' 'store'> <Ports = 2> <Width = 32> <Depth = 456> <RAM>
ST_3 : Operation 370 [1/1] (0.00ns)   --->   "%br_ln46 = br void %arrayidx3714.exit" [conv.cpp:46]   --->   Operation 370 'br' 'br_ln46' <Predicate = (select_ln46 == 135)> <Delay = 0.00>
ST_3 : Operation 371 [1/1] (3.25ns)   --->   "%store_ln46 = store i32 %bitcast_ln46, i9 %local_input_134_addr" [conv.cpp:46]   --->   Operation 371 'store' 'store_ln46' <Predicate = (select_ln46 == 134)> <Delay = 3.25> <CoreInst = "RAM">   --->   Core 82 'RAM' <Latency = 1> <II = 1> <Delay = 3.25> <Storage> <Opcode : 'load' 'store'> <Ports = 2> <Width = 32> <Depth = 456> <RAM>
ST_3 : Operation 372 [1/1] (0.00ns)   --->   "%br_ln46 = br void %arrayidx3714.exit" [conv.cpp:46]   --->   Operation 372 'br' 'br_ln46' <Predicate = (select_ln46 == 134)> <Delay = 0.00>
ST_3 : Operation 373 [1/1] (3.25ns)   --->   "%store_ln46 = store i32 %bitcast_ln46, i9 %local_input_133_addr" [conv.cpp:46]   --->   Operation 373 'store' 'store_ln46' <Predicate = (select_ln46 == 133)> <Delay = 3.25> <CoreInst = "RAM">   --->   Core 82 'RAM' <Latency = 1> <II = 1> <Delay = 3.25> <Storage> <Opcode : 'load' 'store'> <Ports = 2> <Width = 32> <Depth = 456> <RAM>
ST_3 : Operation 374 [1/1] (0.00ns)   --->   "%br_ln46 = br void %arrayidx3714.exit" [conv.cpp:46]   --->   Operation 374 'br' 'br_ln46' <Predicate = (select_ln46 == 133)> <Delay = 0.00>
ST_3 : Operation 375 [1/1] (3.25ns)   --->   "%store_ln46 = store i32 %bitcast_ln46, i9 %local_input_132_addr" [conv.cpp:46]   --->   Operation 375 'store' 'store_ln46' <Predicate = (select_ln46 == 132)> <Delay = 3.25> <CoreInst = "RAM">   --->   Core 82 'RAM' <Latency = 1> <II = 1> <Delay = 3.25> <Storage> <Opcode : 'load' 'store'> <Ports = 2> <Width = 32> <Depth = 456> <RAM>
ST_3 : Operation 376 [1/1] (0.00ns)   --->   "%br_ln46 = br void %arrayidx3714.exit" [conv.cpp:46]   --->   Operation 376 'br' 'br_ln46' <Predicate = (select_ln46 == 132)> <Delay = 0.00>
ST_3 : Operation 377 [1/1] (3.25ns)   --->   "%store_ln46 = store i32 %bitcast_ln46, i9 %local_input_131_addr" [conv.cpp:46]   --->   Operation 377 'store' 'store_ln46' <Predicate = (select_ln46 == 131)> <Delay = 3.25> <CoreInst = "RAM">   --->   Core 82 'RAM' <Latency = 1> <II = 1> <Delay = 3.25> <Storage> <Opcode : 'load' 'store'> <Ports = 2> <Width = 32> <Depth = 456> <RAM>
ST_3 : Operation 378 [1/1] (0.00ns)   --->   "%br_ln46 = br void %arrayidx3714.exit" [conv.cpp:46]   --->   Operation 378 'br' 'br_ln46' <Predicate = (select_ln46 == 131)> <Delay = 0.00>
ST_3 : Operation 379 [1/1] (3.25ns)   --->   "%store_ln46 = store i32 %bitcast_ln46, i9 %local_input_130_addr" [conv.cpp:46]   --->   Operation 379 'store' 'store_ln46' <Predicate = (select_ln46 == 130)> <Delay = 3.25> <CoreInst = "RAM">   --->   Core 82 'RAM' <Latency = 1> <II = 1> <Delay = 3.25> <Storage> <Opcode : 'load' 'store'> <Ports = 2> <Width = 32> <Depth = 456> <RAM>
ST_3 : Operation 380 [1/1] (0.00ns)   --->   "%br_ln46 = br void %arrayidx3714.exit" [conv.cpp:46]   --->   Operation 380 'br' 'br_ln46' <Predicate = (select_ln46 == 130)> <Delay = 0.00>
ST_3 : Operation 381 [1/1] (3.25ns)   --->   "%store_ln46 = store i32 %bitcast_ln46, i9 %local_input_129_addr" [conv.cpp:46]   --->   Operation 381 'store' 'store_ln46' <Predicate = (select_ln46 == 129)> <Delay = 3.25> <CoreInst = "RAM">   --->   Core 82 'RAM' <Latency = 1> <II = 1> <Delay = 3.25> <Storage> <Opcode : 'load' 'store'> <Ports = 2> <Width = 32> <Depth = 456> <RAM>
ST_3 : Operation 382 [1/1] (0.00ns)   --->   "%br_ln46 = br void %arrayidx3714.exit" [conv.cpp:46]   --->   Operation 382 'br' 'br_ln46' <Predicate = (select_ln46 == 129)> <Delay = 0.00>
ST_3 : Operation 383 [1/1] (3.25ns)   --->   "%store_ln46 = store i32 %bitcast_ln46, i9 %local_input_128_addr" [conv.cpp:46]   --->   Operation 383 'store' 'store_ln46' <Predicate = (select_ln46 == 128)> <Delay = 3.25> <CoreInst = "RAM">   --->   Core 82 'RAM' <Latency = 1> <II = 1> <Delay = 3.25> <Storage> <Opcode : 'load' 'store'> <Ports = 2> <Width = 32> <Depth = 456> <RAM>
ST_3 : Operation 384 [1/1] (0.00ns)   --->   "%br_ln46 = br void %arrayidx3714.exit" [conv.cpp:46]   --->   Operation 384 'br' 'br_ln46' <Predicate = (select_ln46 == 128)> <Delay = 0.00>
ST_3 : Operation 385 [1/1] (3.25ns)   --->   "%store_ln46 = store i32 %bitcast_ln46, i9 %local_input_127_addr" [conv.cpp:46]   --->   Operation 385 'store' 'store_ln46' <Predicate = (select_ln46 == 127)> <Delay = 3.25> <CoreInst = "RAM">   --->   Core 82 'RAM' <Latency = 1> <II = 1> <Delay = 3.25> <Storage> <Opcode : 'load' 'store'> <Ports = 2> <Width = 32> <Depth = 456> <RAM>
ST_3 : Operation 386 [1/1] (0.00ns)   --->   "%br_ln46 = br void %arrayidx3714.exit" [conv.cpp:46]   --->   Operation 386 'br' 'br_ln46' <Predicate = (select_ln46 == 127)> <Delay = 0.00>
ST_3 : Operation 387 [1/1] (3.25ns)   --->   "%store_ln46 = store i32 %bitcast_ln46, i9 %local_input_126_addr" [conv.cpp:46]   --->   Operation 387 'store' 'store_ln46' <Predicate = (select_ln46 == 126)> <Delay = 3.25> <CoreInst = "RAM">   --->   Core 82 'RAM' <Latency = 1> <II = 1> <Delay = 3.25> <Storage> <Opcode : 'load' 'store'> <Ports = 2> <Width = 32> <Depth = 456> <RAM>
ST_3 : Operation 388 [1/1] (0.00ns)   --->   "%br_ln46 = br void %arrayidx3714.exit" [conv.cpp:46]   --->   Operation 388 'br' 'br_ln46' <Predicate = (select_ln46 == 126)> <Delay = 0.00>
ST_3 : Operation 389 [1/1] (3.25ns)   --->   "%store_ln46 = store i32 %bitcast_ln46, i9 %local_input_125_addr" [conv.cpp:46]   --->   Operation 389 'store' 'store_ln46' <Predicate = (select_ln46 == 125)> <Delay = 3.25> <CoreInst = "RAM">   --->   Core 82 'RAM' <Latency = 1> <II = 1> <Delay = 3.25> <Storage> <Opcode : 'load' 'store'> <Ports = 2> <Width = 32> <Depth = 456> <RAM>
ST_3 : Operation 390 [1/1] (0.00ns)   --->   "%br_ln46 = br void %arrayidx3714.exit" [conv.cpp:46]   --->   Operation 390 'br' 'br_ln46' <Predicate = (select_ln46 == 125)> <Delay = 0.00>
ST_3 : Operation 391 [1/1] (3.25ns)   --->   "%store_ln46 = store i32 %bitcast_ln46, i9 %local_input_124_addr" [conv.cpp:46]   --->   Operation 391 'store' 'store_ln46' <Predicate = (select_ln46 == 124)> <Delay = 3.25> <CoreInst = "RAM">   --->   Core 82 'RAM' <Latency = 1> <II = 1> <Delay = 3.25> <Storage> <Opcode : 'load' 'store'> <Ports = 2> <Width = 32> <Depth = 456> <RAM>
ST_3 : Operation 392 [1/1] (0.00ns)   --->   "%br_ln46 = br void %arrayidx3714.exit" [conv.cpp:46]   --->   Operation 392 'br' 'br_ln46' <Predicate = (select_ln46 == 124)> <Delay = 0.00>
ST_3 : Operation 393 [1/1] (3.25ns)   --->   "%store_ln46 = store i32 %bitcast_ln46, i9 %local_input_123_addr" [conv.cpp:46]   --->   Operation 393 'store' 'store_ln46' <Predicate = (select_ln46 == 123)> <Delay = 3.25> <CoreInst = "RAM">   --->   Core 82 'RAM' <Latency = 1> <II = 1> <Delay = 3.25> <Storage> <Opcode : 'load' 'store'> <Ports = 2> <Width = 32> <Depth = 456> <RAM>
ST_3 : Operation 394 [1/1] (0.00ns)   --->   "%br_ln46 = br void %arrayidx3714.exit" [conv.cpp:46]   --->   Operation 394 'br' 'br_ln46' <Predicate = (select_ln46 == 123)> <Delay = 0.00>
ST_3 : Operation 395 [1/1] (3.25ns)   --->   "%store_ln46 = store i32 %bitcast_ln46, i9 %local_input_122_addr" [conv.cpp:46]   --->   Operation 395 'store' 'store_ln46' <Predicate = (select_ln46 == 122)> <Delay = 3.25> <CoreInst = "RAM">   --->   Core 82 'RAM' <Latency = 1> <II = 1> <Delay = 3.25> <Storage> <Opcode : 'load' 'store'> <Ports = 2> <Width = 32> <Depth = 456> <RAM>
ST_3 : Operation 396 [1/1] (0.00ns)   --->   "%br_ln46 = br void %arrayidx3714.exit" [conv.cpp:46]   --->   Operation 396 'br' 'br_ln46' <Predicate = (select_ln46 == 122)> <Delay = 0.00>
ST_3 : Operation 397 [1/1] (3.25ns)   --->   "%store_ln46 = store i32 %bitcast_ln46, i9 %local_input_121_addr" [conv.cpp:46]   --->   Operation 397 'store' 'store_ln46' <Predicate = (select_ln46 == 121)> <Delay = 3.25> <CoreInst = "RAM">   --->   Core 82 'RAM' <Latency = 1> <II = 1> <Delay = 3.25> <Storage> <Opcode : 'load' 'store'> <Ports = 2> <Width = 32> <Depth = 456> <RAM>
ST_3 : Operation 398 [1/1] (0.00ns)   --->   "%br_ln46 = br void %arrayidx3714.exit" [conv.cpp:46]   --->   Operation 398 'br' 'br_ln46' <Predicate = (select_ln46 == 121)> <Delay = 0.00>
ST_3 : Operation 399 [1/1] (3.25ns)   --->   "%store_ln46 = store i32 %bitcast_ln46, i9 %local_input_120_addr" [conv.cpp:46]   --->   Operation 399 'store' 'store_ln46' <Predicate = (select_ln46 == 120)> <Delay = 3.25> <CoreInst = "RAM">   --->   Core 82 'RAM' <Latency = 1> <II = 1> <Delay = 3.25> <Storage> <Opcode : 'load' 'store'> <Ports = 2> <Width = 32> <Depth = 456> <RAM>
ST_3 : Operation 400 [1/1] (0.00ns)   --->   "%br_ln46 = br void %arrayidx3714.exit" [conv.cpp:46]   --->   Operation 400 'br' 'br_ln46' <Predicate = (select_ln46 == 120)> <Delay = 0.00>
ST_3 : Operation 401 [1/1] (3.25ns)   --->   "%store_ln46 = store i32 %bitcast_ln46, i9 %local_input_119_addr" [conv.cpp:46]   --->   Operation 401 'store' 'store_ln46' <Predicate = (select_ln46 == 119)> <Delay = 3.25> <CoreInst = "RAM">   --->   Core 82 'RAM' <Latency = 1> <II = 1> <Delay = 3.25> <Storage> <Opcode : 'load' 'store'> <Ports = 2> <Width = 32> <Depth = 456> <RAM>
ST_3 : Operation 402 [1/1] (0.00ns)   --->   "%br_ln46 = br void %arrayidx3714.exit" [conv.cpp:46]   --->   Operation 402 'br' 'br_ln46' <Predicate = (select_ln46 == 119)> <Delay = 0.00>
ST_3 : Operation 403 [1/1] (3.25ns)   --->   "%store_ln46 = store i32 %bitcast_ln46, i9 %local_input_118_addr" [conv.cpp:46]   --->   Operation 403 'store' 'store_ln46' <Predicate = (select_ln46 == 118)> <Delay = 3.25> <CoreInst = "RAM">   --->   Core 82 'RAM' <Latency = 1> <II = 1> <Delay = 3.25> <Storage> <Opcode : 'load' 'store'> <Ports = 2> <Width = 32> <Depth = 456> <RAM>
ST_3 : Operation 404 [1/1] (0.00ns)   --->   "%br_ln46 = br void %arrayidx3714.exit" [conv.cpp:46]   --->   Operation 404 'br' 'br_ln46' <Predicate = (select_ln46 == 118)> <Delay = 0.00>
ST_3 : Operation 405 [1/1] (3.25ns)   --->   "%store_ln46 = store i32 %bitcast_ln46, i9 %local_input_117_addr" [conv.cpp:46]   --->   Operation 405 'store' 'store_ln46' <Predicate = (select_ln46 == 117)> <Delay = 3.25> <CoreInst = "RAM">   --->   Core 82 'RAM' <Latency = 1> <II = 1> <Delay = 3.25> <Storage> <Opcode : 'load' 'store'> <Ports = 2> <Width = 32> <Depth = 456> <RAM>
ST_3 : Operation 406 [1/1] (0.00ns)   --->   "%br_ln46 = br void %arrayidx3714.exit" [conv.cpp:46]   --->   Operation 406 'br' 'br_ln46' <Predicate = (select_ln46 == 117)> <Delay = 0.00>
ST_3 : Operation 407 [1/1] (3.25ns)   --->   "%store_ln46 = store i32 %bitcast_ln46, i9 %local_input_116_addr" [conv.cpp:46]   --->   Operation 407 'store' 'store_ln46' <Predicate = (select_ln46 == 116)> <Delay = 3.25> <CoreInst = "RAM">   --->   Core 82 'RAM' <Latency = 1> <II = 1> <Delay = 3.25> <Storage> <Opcode : 'load' 'store'> <Ports = 2> <Width = 32> <Depth = 456> <RAM>
ST_3 : Operation 408 [1/1] (0.00ns)   --->   "%br_ln46 = br void %arrayidx3714.exit" [conv.cpp:46]   --->   Operation 408 'br' 'br_ln46' <Predicate = (select_ln46 == 116)> <Delay = 0.00>
ST_3 : Operation 409 [1/1] (3.25ns)   --->   "%store_ln46 = store i32 %bitcast_ln46, i9 %local_input_115_addr" [conv.cpp:46]   --->   Operation 409 'store' 'store_ln46' <Predicate = (select_ln46 == 115)> <Delay = 3.25> <CoreInst = "RAM">   --->   Core 82 'RAM' <Latency = 1> <II = 1> <Delay = 3.25> <Storage> <Opcode : 'load' 'store'> <Ports = 2> <Width = 32> <Depth = 456> <RAM>
ST_3 : Operation 410 [1/1] (0.00ns)   --->   "%br_ln46 = br void %arrayidx3714.exit" [conv.cpp:46]   --->   Operation 410 'br' 'br_ln46' <Predicate = (select_ln46 == 115)> <Delay = 0.00>
ST_3 : Operation 411 [1/1] (3.25ns)   --->   "%store_ln46 = store i32 %bitcast_ln46, i9 %local_input_114_addr" [conv.cpp:46]   --->   Operation 411 'store' 'store_ln46' <Predicate = (select_ln46 == 114)> <Delay = 3.25> <CoreInst = "RAM">   --->   Core 82 'RAM' <Latency = 1> <II = 1> <Delay = 3.25> <Storage> <Opcode : 'load' 'store'> <Ports = 2> <Width = 32> <Depth = 456> <RAM>
ST_3 : Operation 412 [1/1] (0.00ns)   --->   "%br_ln46 = br void %arrayidx3714.exit" [conv.cpp:46]   --->   Operation 412 'br' 'br_ln46' <Predicate = (select_ln46 == 114)> <Delay = 0.00>
ST_3 : Operation 413 [1/1] (3.25ns)   --->   "%store_ln46 = store i32 %bitcast_ln46, i9 %local_input_113_addr" [conv.cpp:46]   --->   Operation 413 'store' 'store_ln46' <Predicate = (select_ln46 == 113)> <Delay = 3.25> <CoreInst = "RAM">   --->   Core 82 'RAM' <Latency = 1> <II = 1> <Delay = 3.25> <Storage> <Opcode : 'load' 'store'> <Ports = 2> <Width = 32> <Depth = 456> <RAM>
ST_3 : Operation 414 [1/1] (0.00ns)   --->   "%br_ln46 = br void %arrayidx3714.exit" [conv.cpp:46]   --->   Operation 414 'br' 'br_ln46' <Predicate = (select_ln46 == 113)> <Delay = 0.00>
ST_3 : Operation 415 [1/1] (3.25ns)   --->   "%store_ln46 = store i32 %bitcast_ln46, i9 %local_input_112_addr" [conv.cpp:46]   --->   Operation 415 'store' 'store_ln46' <Predicate = (select_ln46 == 112)> <Delay = 3.25> <CoreInst = "RAM">   --->   Core 82 'RAM' <Latency = 1> <II = 1> <Delay = 3.25> <Storage> <Opcode : 'load' 'store'> <Ports = 2> <Width = 32> <Depth = 456> <RAM>
ST_3 : Operation 416 [1/1] (0.00ns)   --->   "%br_ln46 = br void %arrayidx3714.exit" [conv.cpp:46]   --->   Operation 416 'br' 'br_ln46' <Predicate = (select_ln46 == 112)> <Delay = 0.00>
ST_3 : Operation 417 [1/1] (3.25ns)   --->   "%store_ln46 = store i32 %bitcast_ln46, i9 %local_input_111_addr" [conv.cpp:46]   --->   Operation 417 'store' 'store_ln46' <Predicate = (select_ln46 == 111)> <Delay = 3.25> <CoreInst = "RAM">   --->   Core 82 'RAM' <Latency = 1> <II = 1> <Delay = 3.25> <Storage> <Opcode : 'load' 'store'> <Ports = 2> <Width = 32> <Depth = 456> <RAM>
ST_3 : Operation 418 [1/1] (0.00ns)   --->   "%br_ln46 = br void %arrayidx3714.exit" [conv.cpp:46]   --->   Operation 418 'br' 'br_ln46' <Predicate = (select_ln46 == 111)> <Delay = 0.00>
ST_3 : Operation 419 [1/1] (3.25ns)   --->   "%store_ln46 = store i32 %bitcast_ln46, i9 %local_input_110_addr" [conv.cpp:46]   --->   Operation 419 'store' 'store_ln46' <Predicate = (select_ln46 == 110)> <Delay = 3.25> <CoreInst = "RAM">   --->   Core 82 'RAM' <Latency = 1> <II = 1> <Delay = 3.25> <Storage> <Opcode : 'load' 'store'> <Ports = 2> <Width = 32> <Depth = 456> <RAM>
ST_3 : Operation 420 [1/1] (0.00ns)   --->   "%br_ln46 = br void %arrayidx3714.exit" [conv.cpp:46]   --->   Operation 420 'br' 'br_ln46' <Predicate = (select_ln46 == 110)> <Delay = 0.00>
ST_3 : Operation 421 [1/1] (3.25ns)   --->   "%store_ln46 = store i32 %bitcast_ln46, i9 %local_input_109_addr" [conv.cpp:46]   --->   Operation 421 'store' 'store_ln46' <Predicate = (select_ln46 == 109)> <Delay = 3.25> <CoreInst = "RAM">   --->   Core 82 'RAM' <Latency = 1> <II = 1> <Delay = 3.25> <Storage> <Opcode : 'load' 'store'> <Ports = 2> <Width = 32> <Depth = 456> <RAM>
ST_3 : Operation 422 [1/1] (0.00ns)   --->   "%br_ln46 = br void %arrayidx3714.exit" [conv.cpp:46]   --->   Operation 422 'br' 'br_ln46' <Predicate = (select_ln46 == 109)> <Delay = 0.00>
ST_3 : Operation 423 [1/1] (3.25ns)   --->   "%store_ln46 = store i32 %bitcast_ln46, i9 %local_input_108_addr" [conv.cpp:46]   --->   Operation 423 'store' 'store_ln46' <Predicate = (select_ln46 == 108)> <Delay = 3.25> <CoreInst = "RAM">   --->   Core 82 'RAM' <Latency = 1> <II = 1> <Delay = 3.25> <Storage> <Opcode : 'load' 'store'> <Ports = 2> <Width = 32> <Depth = 456> <RAM>
ST_3 : Operation 424 [1/1] (0.00ns)   --->   "%br_ln46 = br void %arrayidx3714.exit" [conv.cpp:46]   --->   Operation 424 'br' 'br_ln46' <Predicate = (select_ln46 == 108)> <Delay = 0.00>
ST_3 : Operation 425 [1/1] (3.25ns)   --->   "%store_ln46 = store i32 %bitcast_ln46, i9 %local_input_107_addr" [conv.cpp:46]   --->   Operation 425 'store' 'store_ln46' <Predicate = (select_ln46 == 107)> <Delay = 3.25> <CoreInst = "RAM">   --->   Core 82 'RAM' <Latency = 1> <II = 1> <Delay = 3.25> <Storage> <Opcode : 'load' 'store'> <Ports = 2> <Width = 32> <Depth = 456> <RAM>
ST_3 : Operation 426 [1/1] (0.00ns)   --->   "%br_ln46 = br void %arrayidx3714.exit" [conv.cpp:46]   --->   Operation 426 'br' 'br_ln46' <Predicate = (select_ln46 == 107)> <Delay = 0.00>
ST_3 : Operation 427 [1/1] (3.25ns)   --->   "%store_ln46 = store i32 %bitcast_ln46, i9 %local_input_106_addr" [conv.cpp:46]   --->   Operation 427 'store' 'store_ln46' <Predicate = (select_ln46 == 106)> <Delay = 3.25> <CoreInst = "RAM">   --->   Core 82 'RAM' <Latency = 1> <II = 1> <Delay = 3.25> <Storage> <Opcode : 'load' 'store'> <Ports = 2> <Width = 32> <Depth = 456> <RAM>
ST_3 : Operation 428 [1/1] (0.00ns)   --->   "%br_ln46 = br void %arrayidx3714.exit" [conv.cpp:46]   --->   Operation 428 'br' 'br_ln46' <Predicate = (select_ln46 == 106)> <Delay = 0.00>
ST_3 : Operation 429 [1/1] (3.25ns)   --->   "%store_ln46 = store i32 %bitcast_ln46, i9 %local_input_105_addr" [conv.cpp:46]   --->   Operation 429 'store' 'store_ln46' <Predicate = (select_ln46 == 105)> <Delay = 3.25> <CoreInst = "RAM">   --->   Core 82 'RAM' <Latency = 1> <II = 1> <Delay = 3.25> <Storage> <Opcode : 'load' 'store'> <Ports = 2> <Width = 32> <Depth = 456> <RAM>
ST_3 : Operation 430 [1/1] (0.00ns)   --->   "%br_ln46 = br void %arrayidx3714.exit" [conv.cpp:46]   --->   Operation 430 'br' 'br_ln46' <Predicate = (select_ln46 == 105)> <Delay = 0.00>
ST_3 : Operation 431 [1/1] (3.25ns)   --->   "%store_ln46 = store i32 %bitcast_ln46, i9 %local_input_104_addr" [conv.cpp:46]   --->   Operation 431 'store' 'store_ln46' <Predicate = (select_ln46 == 104)> <Delay = 3.25> <CoreInst = "RAM">   --->   Core 82 'RAM' <Latency = 1> <II = 1> <Delay = 3.25> <Storage> <Opcode : 'load' 'store'> <Ports = 2> <Width = 32> <Depth = 456> <RAM>
ST_3 : Operation 432 [1/1] (0.00ns)   --->   "%br_ln46 = br void %arrayidx3714.exit" [conv.cpp:46]   --->   Operation 432 'br' 'br_ln46' <Predicate = (select_ln46 == 104)> <Delay = 0.00>
ST_3 : Operation 433 [1/1] (3.25ns)   --->   "%store_ln46 = store i32 %bitcast_ln46, i9 %local_input_103_addr" [conv.cpp:46]   --->   Operation 433 'store' 'store_ln46' <Predicate = (select_ln46 == 103)> <Delay = 3.25> <CoreInst = "RAM">   --->   Core 82 'RAM' <Latency = 1> <II = 1> <Delay = 3.25> <Storage> <Opcode : 'load' 'store'> <Ports = 2> <Width = 32> <Depth = 456> <RAM>
ST_3 : Operation 434 [1/1] (0.00ns)   --->   "%br_ln46 = br void %arrayidx3714.exit" [conv.cpp:46]   --->   Operation 434 'br' 'br_ln46' <Predicate = (select_ln46 == 103)> <Delay = 0.00>
ST_3 : Operation 435 [1/1] (3.25ns)   --->   "%store_ln46 = store i32 %bitcast_ln46, i9 %local_input_102_addr" [conv.cpp:46]   --->   Operation 435 'store' 'store_ln46' <Predicate = (select_ln46 == 102)> <Delay = 3.25> <CoreInst = "RAM">   --->   Core 82 'RAM' <Latency = 1> <II = 1> <Delay = 3.25> <Storage> <Opcode : 'load' 'store'> <Ports = 2> <Width = 32> <Depth = 456> <RAM>
ST_3 : Operation 436 [1/1] (0.00ns)   --->   "%br_ln46 = br void %arrayidx3714.exit" [conv.cpp:46]   --->   Operation 436 'br' 'br_ln46' <Predicate = (select_ln46 == 102)> <Delay = 0.00>
ST_3 : Operation 437 [1/1] (3.25ns)   --->   "%store_ln46 = store i32 %bitcast_ln46, i9 %local_input_101_addr" [conv.cpp:46]   --->   Operation 437 'store' 'store_ln46' <Predicate = (select_ln46 == 101)> <Delay = 3.25> <CoreInst = "RAM">   --->   Core 82 'RAM' <Latency = 1> <II = 1> <Delay = 3.25> <Storage> <Opcode : 'load' 'store'> <Ports = 2> <Width = 32> <Depth = 456> <RAM>
ST_3 : Operation 438 [1/1] (0.00ns)   --->   "%br_ln46 = br void %arrayidx3714.exit" [conv.cpp:46]   --->   Operation 438 'br' 'br_ln46' <Predicate = (select_ln46 == 101)> <Delay = 0.00>
ST_3 : Operation 439 [1/1] (3.25ns)   --->   "%store_ln46 = store i32 %bitcast_ln46, i9 %local_input_100_addr" [conv.cpp:46]   --->   Operation 439 'store' 'store_ln46' <Predicate = (select_ln46 == 100)> <Delay = 3.25> <CoreInst = "RAM">   --->   Core 82 'RAM' <Latency = 1> <II = 1> <Delay = 3.25> <Storage> <Opcode : 'load' 'store'> <Ports = 2> <Width = 32> <Depth = 456> <RAM>
ST_3 : Operation 440 [1/1] (0.00ns)   --->   "%br_ln46 = br void %arrayidx3714.exit" [conv.cpp:46]   --->   Operation 440 'br' 'br_ln46' <Predicate = (select_ln46 == 100)> <Delay = 0.00>
ST_3 : Operation 441 [1/1] (3.25ns)   --->   "%store_ln46 = store i32 %bitcast_ln46, i9 %local_input_99_addr" [conv.cpp:46]   --->   Operation 441 'store' 'store_ln46' <Predicate = (select_ln46 == 99)> <Delay = 3.25> <CoreInst = "RAM">   --->   Core 82 'RAM' <Latency = 1> <II = 1> <Delay = 3.25> <Storage> <Opcode : 'load' 'store'> <Ports = 2> <Width = 32> <Depth = 456> <RAM>
ST_3 : Operation 442 [1/1] (0.00ns)   --->   "%br_ln46 = br void %arrayidx3714.exit" [conv.cpp:46]   --->   Operation 442 'br' 'br_ln46' <Predicate = (select_ln46 == 99)> <Delay = 0.00>
ST_3 : Operation 443 [1/1] (3.25ns)   --->   "%store_ln46 = store i32 %bitcast_ln46, i9 %local_input_98_addr" [conv.cpp:46]   --->   Operation 443 'store' 'store_ln46' <Predicate = (select_ln46 == 98)> <Delay = 3.25> <CoreInst = "RAM">   --->   Core 82 'RAM' <Latency = 1> <II = 1> <Delay = 3.25> <Storage> <Opcode : 'load' 'store'> <Ports = 2> <Width = 32> <Depth = 456> <RAM>
ST_3 : Operation 444 [1/1] (0.00ns)   --->   "%br_ln46 = br void %arrayidx3714.exit" [conv.cpp:46]   --->   Operation 444 'br' 'br_ln46' <Predicate = (select_ln46 == 98)> <Delay = 0.00>
ST_3 : Operation 445 [1/1] (3.25ns)   --->   "%store_ln46 = store i32 %bitcast_ln46, i9 %local_input_97_addr" [conv.cpp:46]   --->   Operation 445 'store' 'store_ln46' <Predicate = (select_ln46 == 97)> <Delay = 3.25> <CoreInst = "RAM">   --->   Core 82 'RAM' <Latency = 1> <II = 1> <Delay = 3.25> <Storage> <Opcode : 'load' 'store'> <Ports = 2> <Width = 32> <Depth = 456> <RAM>
ST_3 : Operation 446 [1/1] (0.00ns)   --->   "%br_ln46 = br void %arrayidx3714.exit" [conv.cpp:46]   --->   Operation 446 'br' 'br_ln46' <Predicate = (select_ln46 == 97)> <Delay = 0.00>
ST_3 : Operation 447 [1/1] (3.25ns)   --->   "%store_ln46 = store i32 %bitcast_ln46, i9 %local_input_96_addr" [conv.cpp:46]   --->   Operation 447 'store' 'store_ln46' <Predicate = (select_ln46 == 96)> <Delay = 3.25> <CoreInst = "RAM">   --->   Core 82 'RAM' <Latency = 1> <II = 1> <Delay = 3.25> <Storage> <Opcode : 'load' 'store'> <Ports = 2> <Width = 32> <Depth = 456> <RAM>
ST_3 : Operation 448 [1/1] (0.00ns)   --->   "%br_ln46 = br void %arrayidx3714.exit" [conv.cpp:46]   --->   Operation 448 'br' 'br_ln46' <Predicate = (select_ln46 == 96)> <Delay = 0.00>
ST_3 : Operation 449 [1/1] (3.25ns)   --->   "%store_ln46 = store i32 %bitcast_ln46, i9 %local_input_95_addr" [conv.cpp:46]   --->   Operation 449 'store' 'store_ln46' <Predicate = (select_ln46 == 95)> <Delay = 3.25> <CoreInst = "RAM">   --->   Core 82 'RAM' <Latency = 1> <II = 1> <Delay = 3.25> <Storage> <Opcode : 'load' 'store'> <Ports = 2> <Width = 32> <Depth = 456> <RAM>
ST_3 : Operation 450 [1/1] (0.00ns)   --->   "%br_ln46 = br void %arrayidx3714.exit" [conv.cpp:46]   --->   Operation 450 'br' 'br_ln46' <Predicate = (select_ln46 == 95)> <Delay = 0.00>
ST_3 : Operation 451 [1/1] (3.25ns)   --->   "%store_ln46 = store i32 %bitcast_ln46, i9 %local_input_94_addr" [conv.cpp:46]   --->   Operation 451 'store' 'store_ln46' <Predicate = (select_ln46 == 94)> <Delay = 3.25> <CoreInst = "RAM">   --->   Core 82 'RAM' <Latency = 1> <II = 1> <Delay = 3.25> <Storage> <Opcode : 'load' 'store'> <Ports = 2> <Width = 32> <Depth = 456> <RAM>
ST_3 : Operation 452 [1/1] (0.00ns)   --->   "%br_ln46 = br void %arrayidx3714.exit" [conv.cpp:46]   --->   Operation 452 'br' 'br_ln46' <Predicate = (select_ln46 == 94)> <Delay = 0.00>
ST_3 : Operation 453 [1/1] (3.25ns)   --->   "%store_ln46 = store i32 %bitcast_ln46, i9 %local_input_93_addr" [conv.cpp:46]   --->   Operation 453 'store' 'store_ln46' <Predicate = (select_ln46 == 93)> <Delay = 3.25> <CoreInst = "RAM">   --->   Core 82 'RAM' <Latency = 1> <II = 1> <Delay = 3.25> <Storage> <Opcode : 'load' 'store'> <Ports = 2> <Width = 32> <Depth = 456> <RAM>
ST_3 : Operation 454 [1/1] (0.00ns)   --->   "%br_ln46 = br void %arrayidx3714.exit" [conv.cpp:46]   --->   Operation 454 'br' 'br_ln46' <Predicate = (select_ln46 == 93)> <Delay = 0.00>
ST_3 : Operation 455 [1/1] (3.25ns)   --->   "%store_ln46 = store i32 %bitcast_ln46, i9 %local_input_92_addr" [conv.cpp:46]   --->   Operation 455 'store' 'store_ln46' <Predicate = (select_ln46 == 92)> <Delay = 3.25> <CoreInst = "RAM">   --->   Core 82 'RAM' <Latency = 1> <II = 1> <Delay = 3.25> <Storage> <Opcode : 'load' 'store'> <Ports = 2> <Width = 32> <Depth = 456> <RAM>
ST_3 : Operation 456 [1/1] (0.00ns)   --->   "%br_ln46 = br void %arrayidx3714.exit" [conv.cpp:46]   --->   Operation 456 'br' 'br_ln46' <Predicate = (select_ln46 == 92)> <Delay = 0.00>
ST_3 : Operation 457 [1/1] (3.25ns)   --->   "%store_ln46 = store i32 %bitcast_ln46, i9 %local_input_91_addr" [conv.cpp:46]   --->   Operation 457 'store' 'store_ln46' <Predicate = (select_ln46 == 91)> <Delay = 3.25> <CoreInst = "RAM">   --->   Core 82 'RAM' <Latency = 1> <II = 1> <Delay = 3.25> <Storage> <Opcode : 'load' 'store'> <Ports = 2> <Width = 32> <Depth = 456> <RAM>
ST_3 : Operation 458 [1/1] (0.00ns)   --->   "%br_ln46 = br void %arrayidx3714.exit" [conv.cpp:46]   --->   Operation 458 'br' 'br_ln46' <Predicate = (select_ln46 == 91)> <Delay = 0.00>
ST_3 : Operation 459 [1/1] (3.25ns)   --->   "%store_ln46 = store i32 %bitcast_ln46, i9 %local_input_90_addr" [conv.cpp:46]   --->   Operation 459 'store' 'store_ln46' <Predicate = (select_ln46 == 90)> <Delay = 3.25> <CoreInst = "RAM">   --->   Core 82 'RAM' <Latency = 1> <II = 1> <Delay = 3.25> <Storage> <Opcode : 'load' 'store'> <Ports = 2> <Width = 32> <Depth = 456> <RAM>
ST_3 : Operation 460 [1/1] (0.00ns)   --->   "%br_ln46 = br void %arrayidx3714.exit" [conv.cpp:46]   --->   Operation 460 'br' 'br_ln46' <Predicate = (select_ln46 == 90)> <Delay = 0.00>
ST_3 : Operation 461 [1/1] (3.25ns)   --->   "%store_ln46 = store i32 %bitcast_ln46, i9 %local_input_89_addr" [conv.cpp:46]   --->   Operation 461 'store' 'store_ln46' <Predicate = (select_ln46 == 89)> <Delay = 3.25> <CoreInst = "RAM">   --->   Core 82 'RAM' <Latency = 1> <II = 1> <Delay = 3.25> <Storage> <Opcode : 'load' 'store'> <Ports = 2> <Width = 32> <Depth = 456> <RAM>
ST_3 : Operation 462 [1/1] (0.00ns)   --->   "%br_ln46 = br void %arrayidx3714.exit" [conv.cpp:46]   --->   Operation 462 'br' 'br_ln46' <Predicate = (select_ln46 == 89)> <Delay = 0.00>
ST_3 : Operation 463 [1/1] (3.25ns)   --->   "%store_ln46 = store i32 %bitcast_ln46, i9 %local_input_88_addr" [conv.cpp:46]   --->   Operation 463 'store' 'store_ln46' <Predicate = (select_ln46 == 88)> <Delay = 3.25> <CoreInst = "RAM">   --->   Core 82 'RAM' <Latency = 1> <II = 1> <Delay = 3.25> <Storage> <Opcode : 'load' 'store'> <Ports = 2> <Width = 32> <Depth = 456> <RAM>
ST_3 : Operation 464 [1/1] (0.00ns)   --->   "%br_ln46 = br void %arrayidx3714.exit" [conv.cpp:46]   --->   Operation 464 'br' 'br_ln46' <Predicate = (select_ln46 == 88)> <Delay = 0.00>
ST_3 : Operation 465 [1/1] (3.25ns)   --->   "%store_ln46 = store i32 %bitcast_ln46, i9 %local_input_87_addr" [conv.cpp:46]   --->   Operation 465 'store' 'store_ln46' <Predicate = (select_ln46 == 87)> <Delay = 3.25> <CoreInst = "RAM">   --->   Core 82 'RAM' <Latency = 1> <II = 1> <Delay = 3.25> <Storage> <Opcode : 'load' 'store'> <Ports = 2> <Width = 32> <Depth = 456> <RAM>
ST_3 : Operation 466 [1/1] (0.00ns)   --->   "%br_ln46 = br void %arrayidx3714.exit" [conv.cpp:46]   --->   Operation 466 'br' 'br_ln46' <Predicate = (select_ln46 == 87)> <Delay = 0.00>
ST_3 : Operation 467 [1/1] (3.25ns)   --->   "%store_ln46 = store i32 %bitcast_ln46, i9 %local_input_86_addr" [conv.cpp:46]   --->   Operation 467 'store' 'store_ln46' <Predicate = (select_ln46 == 86)> <Delay = 3.25> <CoreInst = "RAM">   --->   Core 82 'RAM' <Latency = 1> <II = 1> <Delay = 3.25> <Storage> <Opcode : 'load' 'store'> <Ports = 2> <Width = 32> <Depth = 456> <RAM>
ST_3 : Operation 468 [1/1] (0.00ns)   --->   "%br_ln46 = br void %arrayidx3714.exit" [conv.cpp:46]   --->   Operation 468 'br' 'br_ln46' <Predicate = (select_ln46 == 86)> <Delay = 0.00>
ST_3 : Operation 469 [1/1] (3.25ns)   --->   "%store_ln46 = store i32 %bitcast_ln46, i9 %local_input_85_addr" [conv.cpp:46]   --->   Operation 469 'store' 'store_ln46' <Predicate = (select_ln46 == 85)> <Delay = 3.25> <CoreInst = "RAM">   --->   Core 82 'RAM' <Latency = 1> <II = 1> <Delay = 3.25> <Storage> <Opcode : 'load' 'store'> <Ports = 2> <Width = 32> <Depth = 456> <RAM>
ST_3 : Operation 470 [1/1] (0.00ns)   --->   "%br_ln46 = br void %arrayidx3714.exit" [conv.cpp:46]   --->   Operation 470 'br' 'br_ln46' <Predicate = (select_ln46 == 85)> <Delay = 0.00>
ST_3 : Operation 471 [1/1] (3.25ns)   --->   "%store_ln46 = store i32 %bitcast_ln46, i9 %local_input_84_addr" [conv.cpp:46]   --->   Operation 471 'store' 'store_ln46' <Predicate = (select_ln46 == 84)> <Delay = 3.25> <CoreInst = "RAM">   --->   Core 82 'RAM' <Latency = 1> <II = 1> <Delay = 3.25> <Storage> <Opcode : 'load' 'store'> <Ports = 2> <Width = 32> <Depth = 456> <RAM>
ST_3 : Operation 472 [1/1] (0.00ns)   --->   "%br_ln46 = br void %arrayidx3714.exit" [conv.cpp:46]   --->   Operation 472 'br' 'br_ln46' <Predicate = (select_ln46 == 84)> <Delay = 0.00>
ST_3 : Operation 473 [1/1] (3.25ns)   --->   "%store_ln46 = store i32 %bitcast_ln46, i9 %local_input_83_addr" [conv.cpp:46]   --->   Operation 473 'store' 'store_ln46' <Predicate = (select_ln46 == 83)> <Delay = 3.25> <CoreInst = "RAM">   --->   Core 82 'RAM' <Latency = 1> <II = 1> <Delay = 3.25> <Storage> <Opcode : 'load' 'store'> <Ports = 2> <Width = 32> <Depth = 456> <RAM>
ST_3 : Operation 474 [1/1] (0.00ns)   --->   "%br_ln46 = br void %arrayidx3714.exit" [conv.cpp:46]   --->   Operation 474 'br' 'br_ln46' <Predicate = (select_ln46 == 83)> <Delay = 0.00>
ST_3 : Operation 475 [1/1] (3.25ns)   --->   "%store_ln46 = store i32 %bitcast_ln46, i9 %local_input_82_addr" [conv.cpp:46]   --->   Operation 475 'store' 'store_ln46' <Predicate = (select_ln46 == 82)> <Delay = 3.25> <CoreInst = "RAM">   --->   Core 82 'RAM' <Latency = 1> <II = 1> <Delay = 3.25> <Storage> <Opcode : 'load' 'store'> <Ports = 2> <Width = 32> <Depth = 456> <RAM>
ST_3 : Operation 476 [1/1] (0.00ns)   --->   "%br_ln46 = br void %arrayidx3714.exit" [conv.cpp:46]   --->   Operation 476 'br' 'br_ln46' <Predicate = (select_ln46 == 82)> <Delay = 0.00>
ST_3 : Operation 477 [1/1] (3.25ns)   --->   "%store_ln46 = store i32 %bitcast_ln46, i9 %local_input_81_addr" [conv.cpp:46]   --->   Operation 477 'store' 'store_ln46' <Predicate = (select_ln46 == 81)> <Delay = 3.25> <CoreInst = "RAM">   --->   Core 82 'RAM' <Latency = 1> <II = 1> <Delay = 3.25> <Storage> <Opcode : 'load' 'store'> <Ports = 2> <Width = 32> <Depth = 456> <RAM>
ST_3 : Operation 478 [1/1] (0.00ns)   --->   "%br_ln46 = br void %arrayidx3714.exit" [conv.cpp:46]   --->   Operation 478 'br' 'br_ln46' <Predicate = (select_ln46 == 81)> <Delay = 0.00>
ST_3 : Operation 479 [1/1] (3.25ns)   --->   "%store_ln46 = store i32 %bitcast_ln46, i9 %local_input_80_addr" [conv.cpp:46]   --->   Operation 479 'store' 'store_ln46' <Predicate = (select_ln46 == 80)> <Delay = 3.25> <CoreInst = "RAM">   --->   Core 82 'RAM' <Latency = 1> <II = 1> <Delay = 3.25> <Storage> <Opcode : 'load' 'store'> <Ports = 2> <Width = 32> <Depth = 456> <RAM>
ST_3 : Operation 480 [1/1] (0.00ns)   --->   "%br_ln46 = br void %arrayidx3714.exit" [conv.cpp:46]   --->   Operation 480 'br' 'br_ln46' <Predicate = (select_ln46 == 80)> <Delay = 0.00>
ST_3 : Operation 481 [1/1] (3.25ns)   --->   "%store_ln46 = store i32 %bitcast_ln46, i9 %local_input_79_addr" [conv.cpp:46]   --->   Operation 481 'store' 'store_ln46' <Predicate = (select_ln46 == 79)> <Delay = 3.25> <CoreInst = "RAM">   --->   Core 82 'RAM' <Latency = 1> <II = 1> <Delay = 3.25> <Storage> <Opcode : 'load' 'store'> <Ports = 2> <Width = 32> <Depth = 456> <RAM>
ST_3 : Operation 482 [1/1] (0.00ns)   --->   "%br_ln46 = br void %arrayidx3714.exit" [conv.cpp:46]   --->   Operation 482 'br' 'br_ln46' <Predicate = (select_ln46 == 79)> <Delay = 0.00>
ST_3 : Operation 483 [1/1] (3.25ns)   --->   "%store_ln46 = store i32 %bitcast_ln46, i9 %local_input_78_addr" [conv.cpp:46]   --->   Operation 483 'store' 'store_ln46' <Predicate = (select_ln46 == 78)> <Delay = 3.25> <CoreInst = "RAM">   --->   Core 82 'RAM' <Latency = 1> <II = 1> <Delay = 3.25> <Storage> <Opcode : 'load' 'store'> <Ports = 2> <Width = 32> <Depth = 456> <RAM>
ST_3 : Operation 484 [1/1] (0.00ns)   --->   "%br_ln46 = br void %arrayidx3714.exit" [conv.cpp:46]   --->   Operation 484 'br' 'br_ln46' <Predicate = (select_ln46 == 78)> <Delay = 0.00>
ST_3 : Operation 485 [1/1] (3.25ns)   --->   "%store_ln46 = store i32 %bitcast_ln46, i9 %local_input_77_addr" [conv.cpp:46]   --->   Operation 485 'store' 'store_ln46' <Predicate = (select_ln46 == 77)> <Delay = 3.25> <CoreInst = "RAM">   --->   Core 82 'RAM' <Latency = 1> <II = 1> <Delay = 3.25> <Storage> <Opcode : 'load' 'store'> <Ports = 2> <Width = 32> <Depth = 456> <RAM>
ST_3 : Operation 486 [1/1] (0.00ns)   --->   "%br_ln46 = br void %arrayidx3714.exit" [conv.cpp:46]   --->   Operation 486 'br' 'br_ln46' <Predicate = (select_ln46 == 77)> <Delay = 0.00>
ST_3 : Operation 487 [1/1] (3.25ns)   --->   "%store_ln46 = store i32 %bitcast_ln46, i9 %local_input_76_addr" [conv.cpp:46]   --->   Operation 487 'store' 'store_ln46' <Predicate = (select_ln46 == 76)> <Delay = 3.25> <CoreInst = "RAM">   --->   Core 82 'RAM' <Latency = 1> <II = 1> <Delay = 3.25> <Storage> <Opcode : 'load' 'store'> <Ports = 2> <Width = 32> <Depth = 456> <RAM>
ST_3 : Operation 488 [1/1] (0.00ns)   --->   "%br_ln46 = br void %arrayidx3714.exit" [conv.cpp:46]   --->   Operation 488 'br' 'br_ln46' <Predicate = (select_ln46 == 76)> <Delay = 0.00>
ST_3 : Operation 489 [1/1] (3.25ns)   --->   "%store_ln46 = store i32 %bitcast_ln46, i9 %local_input_75_addr" [conv.cpp:46]   --->   Operation 489 'store' 'store_ln46' <Predicate = (select_ln46 == 75)> <Delay = 3.25> <CoreInst = "RAM">   --->   Core 82 'RAM' <Latency = 1> <II = 1> <Delay = 3.25> <Storage> <Opcode : 'load' 'store'> <Ports = 2> <Width = 32> <Depth = 456> <RAM>
ST_3 : Operation 490 [1/1] (0.00ns)   --->   "%br_ln46 = br void %arrayidx3714.exit" [conv.cpp:46]   --->   Operation 490 'br' 'br_ln46' <Predicate = (select_ln46 == 75)> <Delay = 0.00>
ST_3 : Operation 491 [1/1] (3.25ns)   --->   "%store_ln46 = store i32 %bitcast_ln46, i9 %local_input_74_addr" [conv.cpp:46]   --->   Operation 491 'store' 'store_ln46' <Predicate = (select_ln46 == 74)> <Delay = 3.25> <CoreInst = "RAM">   --->   Core 82 'RAM' <Latency = 1> <II = 1> <Delay = 3.25> <Storage> <Opcode : 'load' 'store'> <Ports = 2> <Width = 32> <Depth = 456> <RAM>
ST_3 : Operation 492 [1/1] (0.00ns)   --->   "%br_ln46 = br void %arrayidx3714.exit" [conv.cpp:46]   --->   Operation 492 'br' 'br_ln46' <Predicate = (select_ln46 == 74)> <Delay = 0.00>
ST_3 : Operation 493 [1/1] (3.25ns)   --->   "%store_ln46 = store i32 %bitcast_ln46, i9 %local_input_73_addr" [conv.cpp:46]   --->   Operation 493 'store' 'store_ln46' <Predicate = (select_ln46 == 73)> <Delay = 3.25> <CoreInst = "RAM">   --->   Core 82 'RAM' <Latency = 1> <II = 1> <Delay = 3.25> <Storage> <Opcode : 'load' 'store'> <Ports = 2> <Width = 32> <Depth = 456> <RAM>
ST_3 : Operation 494 [1/1] (0.00ns)   --->   "%br_ln46 = br void %arrayidx3714.exit" [conv.cpp:46]   --->   Operation 494 'br' 'br_ln46' <Predicate = (select_ln46 == 73)> <Delay = 0.00>
ST_3 : Operation 495 [1/1] (3.25ns)   --->   "%store_ln46 = store i32 %bitcast_ln46, i9 %local_input_72_addr" [conv.cpp:46]   --->   Operation 495 'store' 'store_ln46' <Predicate = (select_ln46 == 72)> <Delay = 3.25> <CoreInst = "RAM">   --->   Core 82 'RAM' <Latency = 1> <II = 1> <Delay = 3.25> <Storage> <Opcode : 'load' 'store'> <Ports = 2> <Width = 32> <Depth = 456> <RAM>
ST_3 : Operation 496 [1/1] (0.00ns)   --->   "%br_ln46 = br void %arrayidx3714.exit" [conv.cpp:46]   --->   Operation 496 'br' 'br_ln46' <Predicate = (select_ln46 == 72)> <Delay = 0.00>
ST_3 : Operation 497 [1/1] (3.25ns)   --->   "%store_ln46 = store i32 %bitcast_ln46, i9 %local_input_71_addr" [conv.cpp:46]   --->   Operation 497 'store' 'store_ln46' <Predicate = (select_ln46 == 71)> <Delay = 3.25> <CoreInst = "RAM">   --->   Core 82 'RAM' <Latency = 1> <II = 1> <Delay = 3.25> <Storage> <Opcode : 'load' 'store'> <Ports = 2> <Width = 32> <Depth = 456> <RAM>
ST_3 : Operation 498 [1/1] (0.00ns)   --->   "%br_ln46 = br void %arrayidx3714.exit" [conv.cpp:46]   --->   Operation 498 'br' 'br_ln46' <Predicate = (select_ln46 == 71)> <Delay = 0.00>
ST_3 : Operation 499 [1/1] (3.25ns)   --->   "%store_ln46 = store i32 %bitcast_ln46, i9 %local_input_70_addr" [conv.cpp:46]   --->   Operation 499 'store' 'store_ln46' <Predicate = (select_ln46 == 70)> <Delay = 3.25> <CoreInst = "RAM">   --->   Core 82 'RAM' <Latency = 1> <II = 1> <Delay = 3.25> <Storage> <Opcode : 'load' 'store'> <Ports = 2> <Width = 32> <Depth = 456> <RAM>
ST_3 : Operation 500 [1/1] (0.00ns)   --->   "%br_ln46 = br void %arrayidx3714.exit" [conv.cpp:46]   --->   Operation 500 'br' 'br_ln46' <Predicate = (select_ln46 == 70)> <Delay = 0.00>
ST_3 : Operation 501 [1/1] (3.25ns)   --->   "%store_ln46 = store i32 %bitcast_ln46, i9 %local_input_69_addr" [conv.cpp:46]   --->   Operation 501 'store' 'store_ln46' <Predicate = (select_ln46 == 69)> <Delay = 3.25> <CoreInst = "RAM">   --->   Core 82 'RAM' <Latency = 1> <II = 1> <Delay = 3.25> <Storage> <Opcode : 'load' 'store'> <Ports = 2> <Width = 32> <Depth = 456> <RAM>
ST_3 : Operation 502 [1/1] (0.00ns)   --->   "%br_ln46 = br void %arrayidx3714.exit" [conv.cpp:46]   --->   Operation 502 'br' 'br_ln46' <Predicate = (select_ln46 == 69)> <Delay = 0.00>
ST_3 : Operation 503 [1/1] (3.25ns)   --->   "%store_ln46 = store i32 %bitcast_ln46, i9 %local_input_68_addr" [conv.cpp:46]   --->   Operation 503 'store' 'store_ln46' <Predicate = (select_ln46 == 68)> <Delay = 3.25> <CoreInst = "RAM">   --->   Core 82 'RAM' <Latency = 1> <II = 1> <Delay = 3.25> <Storage> <Opcode : 'load' 'store'> <Ports = 2> <Width = 32> <Depth = 456> <RAM>
ST_3 : Operation 504 [1/1] (0.00ns)   --->   "%br_ln46 = br void %arrayidx3714.exit" [conv.cpp:46]   --->   Operation 504 'br' 'br_ln46' <Predicate = (select_ln46 == 68)> <Delay = 0.00>
ST_3 : Operation 505 [1/1] (3.25ns)   --->   "%store_ln46 = store i32 %bitcast_ln46, i9 %local_input_67_addr" [conv.cpp:46]   --->   Operation 505 'store' 'store_ln46' <Predicate = (select_ln46 == 67)> <Delay = 3.25> <CoreInst = "RAM">   --->   Core 82 'RAM' <Latency = 1> <II = 1> <Delay = 3.25> <Storage> <Opcode : 'load' 'store'> <Ports = 2> <Width = 32> <Depth = 456> <RAM>
ST_3 : Operation 506 [1/1] (0.00ns)   --->   "%br_ln46 = br void %arrayidx3714.exit" [conv.cpp:46]   --->   Operation 506 'br' 'br_ln46' <Predicate = (select_ln46 == 67)> <Delay = 0.00>
ST_3 : Operation 507 [1/1] (3.25ns)   --->   "%store_ln46 = store i32 %bitcast_ln46, i9 %local_input_66_addr" [conv.cpp:46]   --->   Operation 507 'store' 'store_ln46' <Predicate = (select_ln46 == 66)> <Delay = 3.25> <CoreInst = "RAM">   --->   Core 82 'RAM' <Latency = 1> <II = 1> <Delay = 3.25> <Storage> <Opcode : 'load' 'store'> <Ports = 2> <Width = 32> <Depth = 456> <RAM>
ST_3 : Operation 508 [1/1] (0.00ns)   --->   "%br_ln46 = br void %arrayidx3714.exit" [conv.cpp:46]   --->   Operation 508 'br' 'br_ln46' <Predicate = (select_ln46 == 66)> <Delay = 0.00>
ST_3 : Operation 509 [1/1] (3.25ns)   --->   "%store_ln46 = store i32 %bitcast_ln46, i9 %local_input_65_addr" [conv.cpp:46]   --->   Operation 509 'store' 'store_ln46' <Predicate = (select_ln46 == 65)> <Delay = 3.25> <CoreInst = "RAM">   --->   Core 82 'RAM' <Latency = 1> <II = 1> <Delay = 3.25> <Storage> <Opcode : 'load' 'store'> <Ports = 2> <Width = 32> <Depth = 456> <RAM>
ST_3 : Operation 510 [1/1] (0.00ns)   --->   "%br_ln46 = br void %arrayidx3714.exit" [conv.cpp:46]   --->   Operation 510 'br' 'br_ln46' <Predicate = (select_ln46 == 65)> <Delay = 0.00>
ST_3 : Operation 511 [1/1] (3.25ns)   --->   "%store_ln46 = store i32 %bitcast_ln46, i9 %local_input_64_addr" [conv.cpp:46]   --->   Operation 511 'store' 'store_ln46' <Predicate = (select_ln46 == 64)> <Delay = 3.25> <CoreInst = "RAM">   --->   Core 82 'RAM' <Latency = 1> <II = 1> <Delay = 3.25> <Storage> <Opcode : 'load' 'store'> <Ports = 2> <Width = 32> <Depth = 456> <RAM>
ST_3 : Operation 512 [1/1] (0.00ns)   --->   "%br_ln46 = br void %arrayidx3714.exit" [conv.cpp:46]   --->   Operation 512 'br' 'br_ln46' <Predicate = (select_ln46 == 64)> <Delay = 0.00>
ST_3 : Operation 513 [1/1] (3.25ns)   --->   "%store_ln46 = store i32 %bitcast_ln46, i9 %local_input_63_addr" [conv.cpp:46]   --->   Operation 513 'store' 'store_ln46' <Predicate = (select_ln46 == 63)> <Delay = 3.25> <CoreInst = "RAM">   --->   Core 82 'RAM' <Latency = 1> <II = 1> <Delay = 3.25> <Storage> <Opcode : 'load' 'store'> <Ports = 2> <Width = 32> <Depth = 456> <RAM>
ST_3 : Operation 514 [1/1] (0.00ns)   --->   "%br_ln46 = br void %arrayidx3714.exit" [conv.cpp:46]   --->   Operation 514 'br' 'br_ln46' <Predicate = (select_ln46 == 63)> <Delay = 0.00>
ST_3 : Operation 515 [1/1] (3.25ns)   --->   "%store_ln46 = store i32 %bitcast_ln46, i9 %local_input_62_addr" [conv.cpp:46]   --->   Operation 515 'store' 'store_ln46' <Predicate = (select_ln46 == 62)> <Delay = 3.25> <CoreInst = "RAM">   --->   Core 82 'RAM' <Latency = 1> <II = 1> <Delay = 3.25> <Storage> <Opcode : 'load' 'store'> <Ports = 2> <Width = 32> <Depth = 456> <RAM>
ST_3 : Operation 516 [1/1] (0.00ns)   --->   "%br_ln46 = br void %arrayidx3714.exit" [conv.cpp:46]   --->   Operation 516 'br' 'br_ln46' <Predicate = (select_ln46 == 62)> <Delay = 0.00>
ST_3 : Operation 517 [1/1] (3.25ns)   --->   "%store_ln46 = store i32 %bitcast_ln46, i9 %local_input_61_addr" [conv.cpp:46]   --->   Operation 517 'store' 'store_ln46' <Predicate = (select_ln46 == 61)> <Delay = 3.25> <CoreInst = "RAM">   --->   Core 82 'RAM' <Latency = 1> <II = 1> <Delay = 3.25> <Storage> <Opcode : 'load' 'store'> <Ports = 2> <Width = 32> <Depth = 456> <RAM>
ST_3 : Operation 518 [1/1] (0.00ns)   --->   "%br_ln46 = br void %arrayidx3714.exit" [conv.cpp:46]   --->   Operation 518 'br' 'br_ln46' <Predicate = (select_ln46 == 61)> <Delay = 0.00>
ST_3 : Operation 519 [1/1] (3.25ns)   --->   "%store_ln46 = store i32 %bitcast_ln46, i9 %local_input_60_addr" [conv.cpp:46]   --->   Operation 519 'store' 'store_ln46' <Predicate = (select_ln46 == 60)> <Delay = 3.25> <CoreInst = "RAM">   --->   Core 82 'RAM' <Latency = 1> <II = 1> <Delay = 3.25> <Storage> <Opcode : 'load' 'store'> <Ports = 2> <Width = 32> <Depth = 456> <RAM>
ST_3 : Operation 520 [1/1] (0.00ns)   --->   "%br_ln46 = br void %arrayidx3714.exit" [conv.cpp:46]   --->   Operation 520 'br' 'br_ln46' <Predicate = (select_ln46 == 60)> <Delay = 0.00>
ST_3 : Operation 521 [1/1] (3.25ns)   --->   "%store_ln46 = store i32 %bitcast_ln46, i9 %local_input_59_addr" [conv.cpp:46]   --->   Operation 521 'store' 'store_ln46' <Predicate = (select_ln46 == 59)> <Delay = 3.25> <CoreInst = "RAM">   --->   Core 82 'RAM' <Latency = 1> <II = 1> <Delay = 3.25> <Storage> <Opcode : 'load' 'store'> <Ports = 2> <Width = 32> <Depth = 456> <RAM>
ST_3 : Operation 522 [1/1] (0.00ns)   --->   "%br_ln46 = br void %arrayidx3714.exit" [conv.cpp:46]   --->   Operation 522 'br' 'br_ln46' <Predicate = (select_ln46 == 59)> <Delay = 0.00>
ST_3 : Operation 523 [1/1] (3.25ns)   --->   "%store_ln46 = store i32 %bitcast_ln46, i9 %local_input_58_addr" [conv.cpp:46]   --->   Operation 523 'store' 'store_ln46' <Predicate = (select_ln46 == 58)> <Delay = 3.25> <CoreInst = "RAM">   --->   Core 82 'RAM' <Latency = 1> <II = 1> <Delay = 3.25> <Storage> <Opcode : 'load' 'store'> <Ports = 2> <Width = 32> <Depth = 456> <RAM>
ST_3 : Operation 524 [1/1] (0.00ns)   --->   "%br_ln46 = br void %arrayidx3714.exit" [conv.cpp:46]   --->   Operation 524 'br' 'br_ln46' <Predicate = (select_ln46 == 58)> <Delay = 0.00>
ST_3 : Operation 525 [1/1] (3.25ns)   --->   "%store_ln46 = store i32 %bitcast_ln46, i9 %local_input_57_addr" [conv.cpp:46]   --->   Operation 525 'store' 'store_ln46' <Predicate = (select_ln46 == 57)> <Delay = 3.25> <CoreInst = "RAM">   --->   Core 82 'RAM' <Latency = 1> <II = 1> <Delay = 3.25> <Storage> <Opcode : 'load' 'store'> <Ports = 2> <Width = 32> <Depth = 456> <RAM>
ST_3 : Operation 526 [1/1] (0.00ns)   --->   "%br_ln46 = br void %arrayidx3714.exit" [conv.cpp:46]   --->   Operation 526 'br' 'br_ln46' <Predicate = (select_ln46 == 57)> <Delay = 0.00>
ST_3 : Operation 527 [1/1] (3.25ns)   --->   "%store_ln46 = store i32 %bitcast_ln46, i9 %local_input_56_addr" [conv.cpp:46]   --->   Operation 527 'store' 'store_ln46' <Predicate = (select_ln46 == 56)> <Delay = 3.25> <CoreInst = "RAM">   --->   Core 82 'RAM' <Latency = 1> <II = 1> <Delay = 3.25> <Storage> <Opcode : 'load' 'store'> <Ports = 2> <Width = 32> <Depth = 456> <RAM>
ST_3 : Operation 528 [1/1] (0.00ns)   --->   "%br_ln46 = br void %arrayidx3714.exit" [conv.cpp:46]   --->   Operation 528 'br' 'br_ln46' <Predicate = (select_ln46 == 56)> <Delay = 0.00>
ST_3 : Operation 529 [1/1] (3.25ns)   --->   "%store_ln46 = store i32 %bitcast_ln46, i9 %local_input_55_addr" [conv.cpp:46]   --->   Operation 529 'store' 'store_ln46' <Predicate = (select_ln46 == 55)> <Delay = 3.25> <CoreInst = "RAM">   --->   Core 82 'RAM' <Latency = 1> <II = 1> <Delay = 3.25> <Storage> <Opcode : 'load' 'store'> <Ports = 2> <Width = 32> <Depth = 456> <RAM>
ST_3 : Operation 530 [1/1] (0.00ns)   --->   "%br_ln46 = br void %arrayidx3714.exit" [conv.cpp:46]   --->   Operation 530 'br' 'br_ln46' <Predicate = (select_ln46 == 55)> <Delay = 0.00>
ST_3 : Operation 531 [1/1] (3.25ns)   --->   "%store_ln46 = store i32 %bitcast_ln46, i9 %local_input_54_addr" [conv.cpp:46]   --->   Operation 531 'store' 'store_ln46' <Predicate = (select_ln46 == 54)> <Delay = 3.25> <CoreInst = "RAM">   --->   Core 82 'RAM' <Latency = 1> <II = 1> <Delay = 3.25> <Storage> <Opcode : 'load' 'store'> <Ports = 2> <Width = 32> <Depth = 456> <RAM>
ST_3 : Operation 532 [1/1] (0.00ns)   --->   "%br_ln46 = br void %arrayidx3714.exit" [conv.cpp:46]   --->   Operation 532 'br' 'br_ln46' <Predicate = (select_ln46 == 54)> <Delay = 0.00>
ST_3 : Operation 533 [1/1] (3.25ns)   --->   "%store_ln46 = store i32 %bitcast_ln46, i9 %local_input_53_addr" [conv.cpp:46]   --->   Operation 533 'store' 'store_ln46' <Predicate = (select_ln46 == 53)> <Delay = 3.25> <CoreInst = "RAM">   --->   Core 82 'RAM' <Latency = 1> <II = 1> <Delay = 3.25> <Storage> <Opcode : 'load' 'store'> <Ports = 2> <Width = 32> <Depth = 456> <RAM>
ST_3 : Operation 534 [1/1] (0.00ns)   --->   "%br_ln46 = br void %arrayidx3714.exit" [conv.cpp:46]   --->   Operation 534 'br' 'br_ln46' <Predicate = (select_ln46 == 53)> <Delay = 0.00>
ST_3 : Operation 535 [1/1] (3.25ns)   --->   "%store_ln46 = store i32 %bitcast_ln46, i9 %local_input_52_addr" [conv.cpp:46]   --->   Operation 535 'store' 'store_ln46' <Predicate = (select_ln46 == 52)> <Delay = 3.25> <CoreInst = "RAM">   --->   Core 82 'RAM' <Latency = 1> <II = 1> <Delay = 3.25> <Storage> <Opcode : 'load' 'store'> <Ports = 2> <Width = 32> <Depth = 456> <RAM>
ST_3 : Operation 536 [1/1] (0.00ns)   --->   "%br_ln46 = br void %arrayidx3714.exit" [conv.cpp:46]   --->   Operation 536 'br' 'br_ln46' <Predicate = (select_ln46 == 52)> <Delay = 0.00>
ST_3 : Operation 537 [1/1] (3.25ns)   --->   "%store_ln46 = store i32 %bitcast_ln46, i9 %local_input_51_addr" [conv.cpp:46]   --->   Operation 537 'store' 'store_ln46' <Predicate = (select_ln46 == 51)> <Delay = 3.25> <CoreInst = "RAM">   --->   Core 82 'RAM' <Latency = 1> <II = 1> <Delay = 3.25> <Storage> <Opcode : 'load' 'store'> <Ports = 2> <Width = 32> <Depth = 456> <RAM>
ST_3 : Operation 538 [1/1] (0.00ns)   --->   "%br_ln46 = br void %arrayidx3714.exit" [conv.cpp:46]   --->   Operation 538 'br' 'br_ln46' <Predicate = (select_ln46 == 51)> <Delay = 0.00>
ST_3 : Operation 539 [1/1] (3.25ns)   --->   "%store_ln46 = store i32 %bitcast_ln46, i9 %local_input_50_addr" [conv.cpp:46]   --->   Operation 539 'store' 'store_ln46' <Predicate = (select_ln46 == 50)> <Delay = 3.25> <CoreInst = "RAM">   --->   Core 82 'RAM' <Latency = 1> <II = 1> <Delay = 3.25> <Storage> <Opcode : 'load' 'store'> <Ports = 2> <Width = 32> <Depth = 456> <RAM>
ST_3 : Operation 540 [1/1] (0.00ns)   --->   "%br_ln46 = br void %arrayidx3714.exit" [conv.cpp:46]   --->   Operation 540 'br' 'br_ln46' <Predicate = (select_ln46 == 50)> <Delay = 0.00>
ST_3 : Operation 541 [1/1] (3.25ns)   --->   "%store_ln46 = store i32 %bitcast_ln46, i9 %local_input_49_addr" [conv.cpp:46]   --->   Operation 541 'store' 'store_ln46' <Predicate = (select_ln46 == 49)> <Delay = 3.25> <CoreInst = "RAM">   --->   Core 82 'RAM' <Latency = 1> <II = 1> <Delay = 3.25> <Storage> <Opcode : 'load' 'store'> <Ports = 2> <Width = 32> <Depth = 456> <RAM>
ST_3 : Operation 542 [1/1] (0.00ns)   --->   "%br_ln46 = br void %arrayidx3714.exit" [conv.cpp:46]   --->   Operation 542 'br' 'br_ln46' <Predicate = (select_ln46 == 49)> <Delay = 0.00>
ST_3 : Operation 543 [1/1] (3.25ns)   --->   "%store_ln46 = store i32 %bitcast_ln46, i9 %local_input_48_addr" [conv.cpp:46]   --->   Operation 543 'store' 'store_ln46' <Predicate = (select_ln46 == 48)> <Delay = 3.25> <CoreInst = "RAM">   --->   Core 82 'RAM' <Latency = 1> <II = 1> <Delay = 3.25> <Storage> <Opcode : 'load' 'store'> <Ports = 2> <Width = 32> <Depth = 456> <RAM>
ST_3 : Operation 544 [1/1] (0.00ns)   --->   "%br_ln46 = br void %arrayidx3714.exit" [conv.cpp:46]   --->   Operation 544 'br' 'br_ln46' <Predicate = (select_ln46 == 48)> <Delay = 0.00>
ST_3 : Operation 545 [1/1] (3.25ns)   --->   "%store_ln46 = store i32 %bitcast_ln46, i9 %local_input_47_addr" [conv.cpp:46]   --->   Operation 545 'store' 'store_ln46' <Predicate = (select_ln46 == 47)> <Delay = 3.25> <CoreInst = "RAM">   --->   Core 82 'RAM' <Latency = 1> <II = 1> <Delay = 3.25> <Storage> <Opcode : 'load' 'store'> <Ports = 2> <Width = 32> <Depth = 456> <RAM>
ST_3 : Operation 546 [1/1] (0.00ns)   --->   "%br_ln46 = br void %arrayidx3714.exit" [conv.cpp:46]   --->   Operation 546 'br' 'br_ln46' <Predicate = (select_ln46 == 47)> <Delay = 0.00>
ST_3 : Operation 547 [1/1] (3.25ns)   --->   "%store_ln46 = store i32 %bitcast_ln46, i9 %local_input_46_addr" [conv.cpp:46]   --->   Operation 547 'store' 'store_ln46' <Predicate = (select_ln46 == 46)> <Delay = 3.25> <CoreInst = "RAM">   --->   Core 82 'RAM' <Latency = 1> <II = 1> <Delay = 3.25> <Storage> <Opcode : 'load' 'store'> <Ports = 2> <Width = 32> <Depth = 456> <RAM>
ST_3 : Operation 548 [1/1] (0.00ns)   --->   "%br_ln46 = br void %arrayidx3714.exit" [conv.cpp:46]   --->   Operation 548 'br' 'br_ln46' <Predicate = (select_ln46 == 46)> <Delay = 0.00>
ST_3 : Operation 549 [1/1] (3.25ns)   --->   "%store_ln46 = store i32 %bitcast_ln46, i9 %local_input_45_addr" [conv.cpp:46]   --->   Operation 549 'store' 'store_ln46' <Predicate = (select_ln46 == 45)> <Delay = 3.25> <CoreInst = "RAM">   --->   Core 82 'RAM' <Latency = 1> <II = 1> <Delay = 3.25> <Storage> <Opcode : 'load' 'store'> <Ports = 2> <Width = 32> <Depth = 456> <RAM>
ST_3 : Operation 550 [1/1] (0.00ns)   --->   "%br_ln46 = br void %arrayidx3714.exit" [conv.cpp:46]   --->   Operation 550 'br' 'br_ln46' <Predicate = (select_ln46 == 45)> <Delay = 0.00>
ST_3 : Operation 551 [1/1] (3.25ns)   --->   "%store_ln46 = store i32 %bitcast_ln46, i9 %local_input_44_addr" [conv.cpp:46]   --->   Operation 551 'store' 'store_ln46' <Predicate = (select_ln46 == 44)> <Delay = 3.25> <CoreInst = "RAM">   --->   Core 82 'RAM' <Latency = 1> <II = 1> <Delay = 3.25> <Storage> <Opcode : 'load' 'store'> <Ports = 2> <Width = 32> <Depth = 456> <RAM>
ST_3 : Operation 552 [1/1] (0.00ns)   --->   "%br_ln46 = br void %arrayidx3714.exit" [conv.cpp:46]   --->   Operation 552 'br' 'br_ln46' <Predicate = (select_ln46 == 44)> <Delay = 0.00>
ST_3 : Operation 553 [1/1] (3.25ns)   --->   "%store_ln46 = store i32 %bitcast_ln46, i9 %local_input_43_addr" [conv.cpp:46]   --->   Operation 553 'store' 'store_ln46' <Predicate = (select_ln46 == 43)> <Delay = 3.25> <CoreInst = "RAM">   --->   Core 82 'RAM' <Latency = 1> <II = 1> <Delay = 3.25> <Storage> <Opcode : 'load' 'store'> <Ports = 2> <Width = 32> <Depth = 456> <RAM>
ST_3 : Operation 554 [1/1] (0.00ns)   --->   "%br_ln46 = br void %arrayidx3714.exit" [conv.cpp:46]   --->   Operation 554 'br' 'br_ln46' <Predicate = (select_ln46 == 43)> <Delay = 0.00>
ST_3 : Operation 555 [1/1] (3.25ns)   --->   "%store_ln46 = store i32 %bitcast_ln46, i9 %local_input_42_addr" [conv.cpp:46]   --->   Operation 555 'store' 'store_ln46' <Predicate = (select_ln46 == 42)> <Delay = 3.25> <CoreInst = "RAM">   --->   Core 82 'RAM' <Latency = 1> <II = 1> <Delay = 3.25> <Storage> <Opcode : 'load' 'store'> <Ports = 2> <Width = 32> <Depth = 456> <RAM>
ST_3 : Operation 556 [1/1] (0.00ns)   --->   "%br_ln46 = br void %arrayidx3714.exit" [conv.cpp:46]   --->   Operation 556 'br' 'br_ln46' <Predicate = (select_ln46 == 42)> <Delay = 0.00>
ST_3 : Operation 557 [1/1] (3.25ns)   --->   "%store_ln46 = store i32 %bitcast_ln46, i9 %local_input_41_addr" [conv.cpp:46]   --->   Operation 557 'store' 'store_ln46' <Predicate = (select_ln46 == 41)> <Delay = 3.25> <CoreInst = "RAM">   --->   Core 82 'RAM' <Latency = 1> <II = 1> <Delay = 3.25> <Storage> <Opcode : 'load' 'store'> <Ports = 2> <Width = 32> <Depth = 456> <RAM>
ST_3 : Operation 558 [1/1] (0.00ns)   --->   "%br_ln46 = br void %arrayidx3714.exit" [conv.cpp:46]   --->   Operation 558 'br' 'br_ln46' <Predicate = (select_ln46 == 41)> <Delay = 0.00>
ST_3 : Operation 559 [1/1] (3.25ns)   --->   "%store_ln46 = store i32 %bitcast_ln46, i9 %local_input_40_addr" [conv.cpp:46]   --->   Operation 559 'store' 'store_ln46' <Predicate = (select_ln46 == 40)> <Delay = 3.25> <CoreInst = "RAM">   --->   Core 82 'RAM' <Latency = 1> <II = 1> <Delay = 3.25> <Storage> <Opcode : 'load' 'store'> <Ports = 2> <Width = 32> <Depth = 456> <RAM>
ST_3 : Operation 560 [1/1] (0.00ns)   --->   "%br_ln46 = br void %arrayidx3714.exit" [conv.cpp:46]   --->   Operation 560 'br' 'br_ln46' <Predicate = (select_ln46 == 40)> <Delay = 0.00>
ST_3 : Operation 561 [1/1] (3.25ns)   --->   "%store_ln46 = store i32 %bitcast_ln46, i9 %local_input_39_addr" [conv.cpp:46]   --->   Operation 561 'store' 'store_ln46' <Predicate = (select_ln46 == 39)> <Delay = 3.25> <CoreInst = "RAM">   --->   Core 82 'RAM' <Latency = 1> <II = 1> <Delay = 3.25> <Storage> <Opcode : 'load' 'store'> <Ports = 2> <Width = 32> <Depth = 456> <RAM>
ST_3 : Operation 562 [1/1] (0.00ns)   --->   "%br_ln46 = br void %arrayidx3714.exit" [conv.cpp:46]   --->   Operation 562 'br' 'br_ln46' <Predicate = (select_ln46 == 39)> <Delay = 0.00>
ST_3 : Operation 563 [1/1] (3.25ns)   --->   "%store_ln46 = store i32 %bitcast_ln46, i9 %local_input_38_addr" [conv.cpp:46]   --->   Operation 563 'store' 'store_ln46' <Predicate = (select_ln46 == 38)> <Delay = 3.25> <CoreInst = "RAM">   --->   Core 82 'RAM' <Latency = 1> <II = 1> <Delay = 3.25> <Storage> <Opcode : 'load' 'store'> <Ports = 2> <Width = 32> <Depth = 456> <RAM>
ST_3 : Operation 564 [1/1] (0.00ns)   --->   "%br_ln46 = br void %arrayidx3714.exit" [conv.cpp:46]   --->   Operation 564 'br' 'br_ln46' <Predicate = (select_ln46 == 38)> <Delay = 0.00>
ST_3 : Operation 565 [1/1] (3.25ns)   --->   "%store_ln46 = store i32 %bitcast_ln46, i9 %local_input_37_addr" [conv.cpp:46]   --->   Operation 565 'store' 'store_ln46' <Predicate = (select_ln46 == 37)> <Delay = 3.25> <CoreInst = "RAM">   --->   Core 82 'RAM' <Latency = 1> <II = 1> <Delay = 3.25> <Storage> <Opcode : 'load' 'store'> <Ports = 2> <Width = 32> <Depth = 456> <RAM>
ST_3 : Operation 566 [1/1] (0.00ns)   --->   "%br_ln46 = br void %arrayidx3714.exit" [conv.cpp:46]   --->   Operation 566 'br' 'br_ln46' <Predicate = (select_ln46 == 37)> <Delay = 0.00>
ST_3 : Operation 567 [1/1] (3.25ns)   --->   "%store_ln46 = store i32 %bitcast_ln46, i9 %local_input_36_addr" [conv.cpp:46]   --->   Operation 567 'store' 'store_ln46' <Predicate = (select_ln46 == 36)> <Delay = 3.25> <CoreInst = "RAM">   --->   Core 82 'RAM' <Latency = 1> <II = 1> <Delay = 3.25> <Storage> <Opcode : 'load' 'store'> <Ports = 2> <Width = 32> <Depth = 456> <RAM>
ST_3 : Operation 568 [1/1] (0.00ns)   --->   "%br_ln46 = br void %arrayidx3714.exit" [conv.cpp:46]   --->   Operation 568 'br' 'br_ln46' <Predicate = (select_ln46 == 36)> <Delay = 0.00>
ST_3 : Operation 569 [1/1] (3.25ns)   --->   "%store_ln46 = store i32 %bitcast_ln46, i9 %local_input_35_addr" [conv.cpp:46]   --->   Operation 569 'store' 'store_ln46' <Predicate = (select_ln46 == 35)> <Delay = 3.25> <CoreInst = "RAM">   --->   Core 82 'RAM' <Latency = 1> <II = 1> <Delay = 3.25> <Storage> <Opcode : 'load' 'store'> <Ports = 2> <Width = 32> <Depth = 456> <RAM>
ST_3 : Operation 570 [1/1] (0.00ns)   --->   "%br_ln46 = br void %arrayidx3714.exit" [conv.cpp:46]   --->   Operation 570 'br' 'br_ln46' <Predicate = (select_ln46 == 35)> <Delay = 0.00>
ST_3 : Operation 571 [1/1] (3.25ns)   --->   "%store_ln46 = store i32 %bitcast_ln46, i9 %local_input_34_addr" [conv.cpp:46]   --->   Operation 571 'store' 'store_ln46' <Predicate = (select_ln46 == 34)> <Delay = 3.25> <CoreInst = "RAM">   --->   Core 82 'RAM' <Latency = 1> <II = 1> <Delay = 3.25> <Storage> <Opcode : 'load' 'store'> <Ports = 2> <Width = 32> <Depth = 456> <RAM>
ST_3 : Operation 572 [1/1] (0.00ns)   --->   "%br_ln46 = br void %arrayidx3714.exit" [conv.cpp:46]   --->   Operation 572 'br' 'br_ln46' <Predicate = (select_ln46 == 34)> <Delay = 0.00>
ST_3 : Operation 573 [1/1] (3.25ns)   --->   "%store_ln46 = store i32 %bitcast_ln46, i9 %local_input_33_addr" [conv.cpp:46]   --->   Operation 573 'store' 'store_ln46' <Predicate = (select_ln46 == 33)> <Delay = 3.25> <CoreInst = "RAM">   --->   Core 82 'RAM' <Latency = 1> <II = 1> <Delay = 3.25> <Storage> <Opcode : 'load' 'store'> <Ports = 2> <Width = 32> <Depth = 456> <RAM>
ST_3 : Operation 574 [1/1] (0.00ns)   --->   "%br_ln46 = br void %arrayidx3714.exit" [conv.cpp:46]   --->   Operation 574 'br' 'br_ln46' <Predicate = (select_ln46 == 33)> <Delay = 0.00>
ST_3 : Operation 575 [1/1] (3.25ns)   --->   "%store_ln46 = store i32 %bitcast_ln46, i9 %local_input_32_addr" [conv.cpp:46]   --->   Operation 575 'store' 'store_ln46' <Predicate = (select_ln46 == 32)> <Delay = 3.25> <CoreInst = "RAM">   --->   Core 82 'RAM' <Latency = 1> <II = 1> <Delay = 3.25> <Storage> <Opcode : 'load' 'store'> <Ports = 2> <Width = 32> <Depth = 456> <RAM>
ST_3 : Operation 576 [1/1] (0.00ns)   --->   "%br_ln46 = br void %arrayidx3714.exit" [conv.cpp:46]   --->   Operation 576 'br' 'br_ln46' <Predicate = (select_ln46 == 32)> <Delay = 0.00>
ST_3 : Operation 577 [1/1] (3.25ns)   --->   "%store_ln46 = store i32 %bitcast_ln46, i9 %local_input_31_addr" [conv.cpp:46]   --->   Operation 577 'store' 'store_ln46' <Predicate = (select_ln46 == 31)> <Delay = 3.25> <CoreInst = "RAM">   --->   Core 82 'RAM' <Latency = 1> <II = 1> <Delay = 3.25> <Storage> <Opcode : 'load' 'store'> <Ports = 2> <Width = 32> <Depth = 456> <RAM>
ST_3 : Operation 578 [1/1] (0.00ns)   --->   "%br_ln46 = br void %arrayidx3714.exit" [conv.cpp:46]   --->   Operation 578 'br' 'br_ln46' <Predicate = (select_ln46 == 31)> <Delay = 0.00>
ST_3 : Operation 579 [1/1] (3.25ns)   --->   "%store_ln46 = store i32 %bitcast_ln46, i9 %local_input_30_addr" [conv.cpp:46]   --->   Operation 579 'store' 'store_ln46' <Predicate = (select_ln46 == 30)> <Delay = 3.25> <CoreInst = "RAM">   --->   Core 82 'RAM' <Latency = 1> <II = 1> <Delay = 3.25> <Storage> <Opcode : 'load' 'store'> <Ports = 2> <Width = 32> <Depth = 456> <RAM>
ST_3 : Operation 580 [1/1] (0.00ns)   --->   "%br_ln46 = br void %arrayidx3714.exit" [conv.cpp:46]   --->   Operation 580 'br' 'br_ln46' <Predicate = (select_ln46 == 30)> <Delay = 0.00>
ST_3 : Operation 581 [1/1] (3.25ns)   --->   "%store_ln46 = store i32 %bitcast_ln46, i9 %local_input_29_addr" [conv.cpp:46]   --->   Operation 581 'store' 'store_ln46' <Predicate = (select_ln46 == 29)> <Delay = 3.25> <CoreInst = "RAM">   --->   Core 82 'RAM' <Latency = 1> <II = 1> <Delay = 3.25> <Storage> <Opcode : 'load' 'store'> <Ports = 2> <Width = 32> <Depth = 456> <RAM>
ST_3 : Operation 582 [1/1] (0.00ns)   --->   "%br_ln46 = br void %arrayidx3714.exit" [conv.cpp:46]   --->   Operation 582 'br' 'br_ln46' <Predicate = (select_ln46 == 29)> <Delay = 0.00>
ST_3 : Operation 583 [1/1] (3.25ns)   --->   "%store_ln46 = store i32 %bitcast_ln46, i9 %local_input_28_addr" [conv.cpp:46]   --->   Operation 583 'store' 'store_ln46' <Predicate = (select_ln46 == 28)> <Delay = 3.25> <CoreInst = "RAM">   --->   Core 82 'RAM' <Latency = 1> <II = 1> <Delay = 3.25> <Storage> <Opcode : 'load' 'store'> <Ports = 2> <Width = 32> <Depth = 456> <RAM>
ST_3 : Operation 584 [1/1] (0.00ns)   --->   "%br_ln46 = br void %arrayidx3714.exit" [conv.cpp:46]   --->   Operation 584 'br' 'br_ln46' <Predicate = (select_ln46 == 28)> <Delay = 0.00>
ST_3 : Operation 585 [1/1] (3.25ns)   --->   "%store_ln46 = store i32 %bitcast_ln46, i9 %local_input_27_addr" [conv.cpp:46]   --->   Operation 585 'store' 'store_ln46' <Predicate = (select_ln46 == 27)> <Delay = 3.25> <CoreInst = "RAM">   --->   Core 82 'RAM' <Latency = 1> <II = 1> <Delay = 3.25> <Storage> <Opcode : 'load' 'store'> <Ports = 2> <Width = 32> <Depth = 456> <RAM>
ST_3 : Operation 586 [1/1] (0.00ns)   --->   "%br_ln46 = br void %arrayidx3714.exit" [conv.cpp:46]   --->   Operation 586 'br' 'br_ln46' <Predicate = (select_ln46 == 27)> <Delay = 0.00>
ST_3 : Operation 587 [1/1] (3.25ns)   --->   "%store_ln46 = store i32 %bitcast_ln46, i9 %local_input_26_addr" [conv.cpp:46]   --->   Operation 587 'store' 'store_ln46' <Predicate = (select_ln46 == 26)> <Delay = 3.25> <CoreInst = "RAM">   --->   Core 82 'RAM' <Latency = 1> <II = 1> <Delay = 3.25> <Storage> <Opcode : 'load' 'store'> <Ports = 2> <Width = 32> <Depth = 456> <RAM>
ST_3 : Operation 588 [1/1] (0.00ns)   --->   "%br_ln46 = br void %arrayidx3714.exit" [conv.cpp:46]   --->   Operation 588 'br' 'br_ln46' <Predicate = (select_ln46 == 26)> <Delay = 0.00>
ST_3 : Operation 589 [1/1] (3.25ns)   --->   "%store_ln46 = store i32 %bitcast_ln46, i9 %local_input_25_addr" [conv.cpp:46]   --->   Operation 589 'store' 'store_ln46' <Predicate = (select_ln46 == 25)> <Delay = 3.25> <CoreInst = "RAM">   --->   Core 82 'RAM' <Latency = 1> <II = 1> <Delay = 3.25> <Storage> <Opcode : 'load' 'store'> <Ports = 2> <Width = 32> <Depth = 456> <RAM>
ST_3 : Operation 590 [1/1] (0.00ns)   --->   "%br_ln46 = br void %arrayidx3714.exit" [conv.cpp:46]   --->   Operation 590 'br' 'br_ln46' <Predicate = (select_ln46 == 25)> <Delay = 0.00>
ST_3 : Operation 591 [1/1] (3.25ns)   --->   "%store_ln46 = store i32 %bitcast_ln46, i9 %local_input_24_addr" [conv.cpp:46]   --->   Operation 591 'store' 'store_ln46' <Predicate = (select_ln46 == 24)> <Delay = 3.25> <CoreInst = "RAM">   --->   Core 82 'RAM' <Latency = 1> <II = 1> <Delay = 3.25> <Storage> <Opcode : 'load' 'store'> <Ports = 2> <Width = 32> <Depth = 456> <RAM>
ST_3 : Operation 592 [1/1] (0.00ns)   --->   "%br_ln46 = br void %arrayidx3714.exit" [conv.cpp:46]   --->   Operation 592 'br' 'br_ln46' <Predicate = (select_ln46 == 24)> <Delay = 0.00>
ST_3 : Operation 593 [1/1] (3.25ns)   --->   "%store_ln46 = store i32 %bitcast_ln46, i9 %local_input_23_addr" [conv.cpp:46]   --->   Operation 593 'store' 'store_ln46' <Predicate = (select_ln46 == 23)> <Delay = 3.25> <CoreInst = "RAM">   --->   Core 82 'RAM' <Latency = 1> <II = 1> <Delay = 3.25> <Storage> <Opcode : 'load' 'store'> <Ports = 2> <Width = 32> <Depth = 456> <RAM>
ST_3 : Operation 594 [1/1] (0.00ns)   --->   "%br_ln46 = br void %arrayidx3714.exit" [conv.cpp:46]   --->   Operation 594 'br' 'br_ln46' <Predicate = (select_ln46 == 23)> <Delay = 0.00>
ST_3 : Operation 595 [1/1] (3.25ns)   --->   "%store_ln46 = store i32 %bitcast_ln46, i9 %local_input_22_addr" [conv.cpp:46]   --->   Operation 595 'store' 'store_ln46' <Predicate = (select_ln46 == 22)> <Delay = 3.25> <CoreInst = "RAM">   --->   Core 82 'RAM' <Latency = 1> <II = 1> <Delay = 3.25> <Storage> <Opcode : 'load' 'store'> <Ports = 2> <Width = 32> <Depth = 456> <RAM>
ST_3 : Operation 596 [1/1] (0.00ns)   --->   "%br_ln46 = br void %arrayidx3714.exit" [conv.cpp:46]   --->   Operation 596 'br' 'br_ln46' <Predicate = (select_ln46 == 22)> <Delay = 0.00>
ST_3 : Operation 597 [1/1] (3.25ns)   --->   "%store_ln46 = store i32 %bitcast_ln46, i9 %local_input_21_addr" [conv.cpp:46]   --->   Operation 597 'store' 'store_ln46' <Predicate = (select_ln46 == 21)> <Delay = 3.25> <CoreInst = "RAM">   --->   Core 82 'RAM' <Latency = 1> <II = 1> <Delay = 3.25> <Storage> <Opcode : 'load' 'store'> <Ports = 2> <Width = 32> <Depth = 456> <RAM>
ST_3 : Operation 598 [1/1] (0.00ns)   --->   "%br_ln46 = br void %arrayidx3714.exit" [conv.cpp:46]   --->   Operation 598 'br' 'br_ln46' <Predicate = (select_ln46 == 21)> <Delay = 0.00>
ST_3 : Operation 599 [1/1] (3.25ns)   --->   "%store_ln46 = store i32 %bitcast_ln46, i9 %local_input_20_addr" [conv.cpp:46]   --->   Operation 599 'store' 'store_ln46' <Predicate = (select_ln46 == 20)> <Delay = 3.25> <CoreInst = "RAM">   --->   Core 82 'RAM' <Latency = 1> <II = 1> <Delay = 3.25> <Storage> <Opcode : 'load' 'store'> <Ports = 2> <Width = 32> <Depth = 456> <RAM>
ST_3 : Operation 600 [1/1] (0.00ns)   --->   "%br_ln46 = br void %arrayidx3714.exit" [conv.cpp:46]   --->   Operation 600 'br' 'br_ln46' <Predicate = (select_ln46 == 20)> <Delay = 0.00>
ST_3 : Operation 601 [1/1] (3.25ns)   --->   "%store_ln46 = store i32 %bitcast_ln46, i9 %local_input_19_addr" [conv.cpp:46]   --->   Operation 601 'store' 'store_ln46' <Predicate = (select_ln46 == 19)> <Delay = 3.25> <CoreInst = "RAM">   --->   Core 82 'RAM' <Latency = 1> <II = 1> <Delay = 3.25> <Storage> <Opcode : 'load' 'store'> <Ports = 2> <Width = 32> <Depth = 456> <RAM>
ST_3 : Operation 602 [1/1] (0.00ns)   --->   "%br_ln46 = br void %arrayidx3714.exit" [conv.cpp:46]   --->   Operation 602 'br' 'br_ln46' <Predicate = (select_ln46 == 19)> <Delay = 0.00>
ST_3 : Operation 603 [1/1] (3.25ns)   --->   "%store_ln46 = store i32 %bitcast_ln46, i9 %local_input_18_addr" [conv.cpp:46]   --->   Operation 603 'store' 'store_ln46' <Predicate = (select_ln46 == 18)> <Delay = 3.25> <CoreInst = "RAM">   --->   Core 82 'RAM' <Latency = 1> <II = 1> <Delay = 3.25> <Storage> <Opcode : 'load' 'store'> <Ports = 2> <Width = 32> <Depth = 456> <RAM>
ST_3 : Operation 604 [1/1] (0.00ns)   --->   "%br_ln46 = br void %arrayidx3714.exit" [conv.cpp:46]   --->   Operation 604 'br' 'br_ln46' <Predicate = (select_ln46 == 18)> <Delay = 0.00>
ST_3 : Operation 605 [1/1] (3.25ns)   --->   "%store_ln46 = store i32 %bitcast_ln46, i9 %local_input_17_addr" [conv.cpp:46]   --->   Operation 605 'store' 'store_ln46' <Predicate = (select_ln46 == 17)> <Delay = 3.25> <CoreInst = "RAM">   --->   Core 82 'RAM' <Latency = 1> <II = 1> <Delay = 3.25> <Storage> <Opcode : 'load' 'store'> <Ports = 2> <Width = 32> <Depth = 456> <RAM>
ST_3 : Operation 606 [1/1] (0.00ns)   --->   "%br_ln46 = br void %arrayidx3714.exit" [conv.cpp:46]   --->   Operation 606 'br' 'br_ln46' <Predicate = (select_ln46 == 17)> <Delay = 0.00>
ST_3 : Operation 607 [1/1] (3.25ns)   --->   "%store_ln46 = store i32 %bitcast_ln46, i9 %local_input_16_addr" [conv.cpp:46]   --->   Operation 607 'store' 'store_ln46' <Predicate = (select_ln46 == 16)> <Delay = 3.25> <CoreInst = "RAM">   --->   Core 82 'RAM' <Latency = 1> <II = 1> <Delay = 3.25> <Storage> <Opcode : 'load' 'store'> <Ports = 2> <Width = 32> <Depth = 456> <RAM>
ST_3 : Operation 608 [1/1] (0.00ns)   --->   "%br_ln46 = br void %arrayidx3714.exit" [conv.cpp:46]   --->   Operation 608 'br' 'br_ln46' <Predicate = (select_ln46 == 16)> <Delay = 0.00>
ST_3 : Operation 609 [1/1] (3.25ns)   --->   "%store_ln46 = store i32 %bitcast_ln46, i9 %local_input_15_addr" [conv.cpp:46]   --->   Operation 609 'store' 'store_ln46' <Predicate = (select_ln46 == 15)> <Delay = 3.25> <CoreInst = "RAM">   --->   Core 82 'RAM' <Latency = 1> <II = 1> <Delay = 3.25> <Storage> <Opcode : 'load' 'store'> <Ports = 2> <Width = 32> <Depth = 456> <RAM>
ST_3 : Operation 610 [1/1] (0.00ns)   --->   "%br_ln46 = br void %arrayidx3714.exit" [conv.cpp:46]   --->   Operation 610 'br' 'br_ln46' <Predicate = (select_ln46 == 15)> <Delay = 0.00>
ST_3 : Operation 611 [1/1] (3.25ns)   --->   "%store_ln46 = store i32 %bitcast_ln46, i9 %local_input_14_addr" [conv.cpp:46]   --->   Operation 611 'store' 'store_ln46' <Predicate = (select_ln46 == 14)> <Delay = 3.25> <CoreInst = "RAM">   --->   Core 82 'RAM' <Latency = 1> <II = 1> <Delay = 3.25> <Storage> <Opcode : 'load' 'store'> <Ports = 2> <Width = 32> <Depth = 456> <RAM>
ST_3 : Operation 612 [1/1] (0.00ns)   --->   "%br_ln46 = br void %arrayidx3714.exit" [conv.cpp:46]   --->   Operation 612 'br' 'br_ln46' <Predicate = (select_ln46 == 14)> <Delay = 0.00>
ST_3 : Operation 613 [1/1] (3.25ns)   --->   "%store_ln46 = store i32 %bitcast_ln46, i9 %local_input_13_addr" [conv.cpp:46]   --->   Operation 613 'store' 'store_ln46' <Predicate = (select_ln46 == 13)> <Delay = 3.25> <CoreInst = "RAM">   --->   Core 82 'RAM' <Latency = 1> <II = 1> <Delay = 3.25> <Storage> <Opcode : 'load' 'store'> <Ports = 2> <Width = 32> <Depth = 456> <RAM>
ST_3 : Operation 614 [1/1] (0.00ns)   --->   "%br_ln46 = br void %arrayidx3714.exit" [conv.cpp:46]   --->   Operation 614 'br' 'br_ln46' <Predicate = (select_ln46 == 13)> <Delay = 0.00>
ST_3 : Operation 615 [1/1] (3.25ns)   --->   "%store_ln46 = store i32 %bitcast_ln46, i9 %local_input_12_addr" [conv.cpp:46]   --->   Operation 615 'store' 'store_ln46' <Predicate = (select_ln46 == 12)> <Delay = 3.25> <CoreInst = "RAM">   --->   Core 82 'RAM' <Latency = 1> <II = 1> <Delay = 3.25> <Storage> <Opcode : 'load' 'store'> <Ports = 2> <Width = 32> <Depth = 456> <RAM>
ST_3 : Operation 616 [1/1] (0.00ns)   --->   "%br_ln46 = br void %arrayidx3714.exit" [conv.cpp:46]   --->   Operation 616 'br' 'br_ln46' <Predicate = (select_ln46 == 12)> <Delay = 0.00>
ST_3 : Operation 617 [1/1] (3.25ns)   --->   "%store_ln46 = store i32 %bitcast_ln46, i9 %local_input_11_addr" [conv.cpp:46]   --->   Operation 617 'store' 'store_ln46' <Predicate = (select_ln46 == 11)> <Delay = 3.25> <CoreInst = "RAM">   --->   Core 82 'RAM' <Latency = 1> <II = 1> <Delay = 3.25> <Storage> <Opcode : 'load' 'store'> <Ports = 2> <Width = 32> <Depth = 456> <RAM>
ST_3 : Operation 618 [1/1] (0.00ns)   --->   "%br_ln46 = br void %arrayidx3714.exit" [conv.cpp:46]   --->   Operation 618 'br' 'br_ln46' <Predicate = (select_ln46 == 11)> <Delay = 0.00>
ST_3 : Operation 619 [1/1] (3.25ns)   --->   "%store_ln46 = store i32 %bitcast_ln46, i9 %local_input_10_addr" [conv.cpp:46]   --->   Operation 619 'store' 'store_ln46' <Predicate = (select_ln46 == 10)> <Delay = 3.25> <CoreInst = "RAM">   --->   Core 82 'RAM' <Latency = 1> <II = 1> <Delay = 3.25> <Storage> <Opcode : 'load' 'store'> <Ports = 2> <Width = 32> <Depth = 456> <RAM>
ST_3 : Operation 620 [1/1] (0.00ns)   --->   "%br_ln46 = br void %arrayidx3714.exit" [conv.cpp:46]   --->   Operation 620 'br' 'br_ln46' <Predicate = (select_ln46 == 10)> <Delay = 0.00>
ST_3 : Operation 621 [1/1] (3.25ns)   --->   "%store_ln46 = store i32 %bitcast_ln46, i9 %local_input_9_addr" [conv.cpp:46]   --->   Operation 621 'store' 'store_ln46' <Predicate = (select_ln46 == 9)> <Delay = 3.25> <CoreInst = "RAM">   --->   Core 82 'RAM' <Latency = 1> <II = 1> <Delay = 3.25> <Storage> <Opcode : 'load' 'store'> <Ports = 2> <Width = 32> <Depth = 456> <RAM>
ST_3 : Operation 622 [1/1] (0.00ns)   --->   "%br_ln46 = br void %arrayidx3714.exit" [conv.cpp:46]   --->   Operation 622 'br' 'br_ln46' <Predicate = (select_ln46 == 9)> <Delay = 0.00>
ST_3 : Operation 623 [1/1] (3.25ns)   --->   "%store_ln46 = store i32 %bitcast_ln46, i9 %local_input_8_addr" [conv.cpp:46]   --->   Operation 623 'store' 'store_ln46' <Predicate = (select_ln46 == 8)> <Delay = 3.25> <CoreInst = "RAM">   --->   Core 82 'RAM' <Latency = 1> <II = 1> <Delay = 3.25> <Storage> <Opcode : 'load' 'store'> <Ports = 2> <Width = 32> <Depth = 456> <RAM>
ST_3 : Operation 624 [1/1] (0.00ns)   --->   "%br_ln46 = br void %arrayidx3714.exit" [conv.cpp:46]   --->   Operation 624 'br' 'br_ln46' <Predicate = (select_ln46 == 8)> <Delay = 0.00>
ST_3 : Operation 625 [1/1] (3.25ns)   --->   "%store_ln46 = store i32 %bitcast_ln46, i9 %local_input_7_addr" [conv.cpp:46]   --->   Operation 625 'store' 'store_ln46' <Predicate = (select_ln46 == 7)> <Delay = 3.25> <CoreInst = "RAM">   --->   Core 82 'RAM' <Latency = 1> <II = 1> <Delay = 3.25> <Storage> <Opcode : 'load' 'store'> <Ports = 2> <Width = 32> <Depth = 456> <RAM>
ST_3 : Operation 626 [1/1] (0.00ns)   --->   "%br_ln46 = br void %arrayidx3714.exit" [conv.cpp:46]   --->   Operation 626 'br' 'br_ln46' <Predicate = (select_ln46 == 7)> <Delay = 0.00>
ST_3 : Operation 627 [1/1] (3.25ns)   --->   "%store_ln46 = store i32 %bitcast_ln46, i9 %local_input_6_addr" [conv.cpp:46]   --->   Operation 627 'store' 'store_ln46' <Predicate = (select_ln46 == 6)> <Delay = 3.25> <CoreInst = "RAM">   --->   Core 82 'RAM' <Latency = 1> <II = 1> <Delay = 3.25> <Storage> <Opcode : 'load' 'store'> <Ports = 2> <Width = 32> <Depth = 456> <RAM>
ST_3 : Operation 628 [1/1] (0.00ns)   --->   "%br_ln46 = br void %arrayidx3714.exit" [conv.cpp:46]   --->   Operation 628 'br' 'br_ln46' <Predicate = (select_ln46 == 6)> <Delay = 0.00>
ST_3 : Operation 629 [1/1] (3.25ns)   --->   "%store_ln46 = store i32 %bitcast_ln46, i9 %local_input_5_addr" [conv.cpp:46]   --->   Operation 629 'store' 'store_ln46' <Predicate = (select_ln46 == 5)> <Delay = 3.25> <CoreInst = "RAM">   --->   Core 82 'RAM' <Latency = 1> <II = 1> <Delay = 3.25> <Storage> <Opcode : 'load' 'store'> <Ports = 2> <Width = 32> <Depth = 456> <RAM>
ST_3 : Operation 630 [1/1] (0.00ns)   --->   "%br_ln46 = br void %arrayidx3714.exit" [conv.cpp:46]   --->   Operation 630 'br' 'br_ln46' <Predicate = (select_ln46 == 5)> <Delay = 0.00>
ST_3 : Operation 631 [1/1] (3.25ns)   --->   "%store_ln46 = store i32 %bitcast_ln46, i9 %local_input_4_addr" [conv.cpp:46]   --->   Operation 631 'store' 'store_ln46' <Predicate = (select_ln46 == 4)> <Delay = 3.25> <CoreInst = "RAM">   --->   Core 82 'RAM' <Latency = 1> <II = 1> <Delay = 3.25> <Storage> <Opcode : 'load' 'store'> <Ports = 2> <Width = 32> <Depth = 456> <RAM>
ST_3 : Operation 632 [1/1] (0.00ns)   --->   "%br_ln46 = br void %arrayidx3714.exit" [conv.cpp:46]   --->   Operation 632 'br' 'br_ln46' <Predicate = (select_ln46 == 4)> <Delay = 0.00>
ST_3 : Operation 633 [1/1] (3.25ns)   --->   "%store_ln46 = store i32 %bitcast_ln46, i9 %local_input_3_addr" [conv.cpp:46]   --->   Operation 633 'store' 'store_ln46' <Predicate = (select_ln46 == 3)> <Delay = 3.25> <CoreInst = "RAM">   --->   Core 82 'RAM' <Latency = 1> <II = 1> <Delay = 3.25> <Storage> <Opcode : 'load' 'store'> <Ports = 2> <Width = 32> <Depth = 456> <RAM>
ST_3 : Operation 634 [1/1] (0.00ns)   --->   "%br_ln46 = br void %arrayidx3714.exit" [conv.cpp:46]   --->   Operation 634 'br' 'br_ln46' <Predicate = (select_ln46 == 3)> <Delay = 0.00>
ST_3 : Operation 635 [1/1] (3.25ns)   --->   "%store_ln46 = store i32 %bitcast_ln46, i9 %local_input_2_addr" [conv.cpp:46]   --->   Operation 635 'store' 'store_ln46' <Predicate = (select_ln46 == 2)> <Delay = 3.25> <CoreInst = "RAM">   --->   Core 82 'RAM' <Latency = 1> <II = 1> <Delay = 3.25> <Storage> <Opcode : 'load' 'store'> <Ports = 2> <Width = 32> <Depth = 456> <RAM>
ST_3 : Operation 636 [1/1] (0.00ns)   --->   "%br_ln46 = br void %arrayidx3714.exit" [conv.cpp:46]   --->   Operation 636 'br' 'br_ln46' <Predicate = (select_ln46 == 2)> <Delay = 0.00>
ST_3 : Operation 637 [1/1] (3.25ns)   --->   "%store_ln46 = store i32 %bitcast_ln46, i9 %local_input_1_addr" [conv.cpp:46]   --->   Operation 637 'store' 'store_ln46' <Predicate = (select_ln46 == 1)> <Delay = 3.25> <CoreInst = "RAM">   --->   Core 82 'RAM' <Latency = 1> <II = 1> <Delay = 3.25> <Storage> <Opcode : 'load' 'store'> <Ports = 2> <Width = 32> <Depth = 456> <RAM>
ST_3 : Operation 638 [1/1] (0.00ns)   --->   "%br_ln46 = br void %arrayidx3714.exit" [conv.cpp:46]   --->   Operation 638 'br' 'br_ln46' <Predicate = (select_ln46 == 1)> <Delay = 0.00>
ST_3 : Operation 639 [1/1] (3.25ns)   --->   "%store_ln46 = store i32 %bitcast_ln46, i9 %local_input_addr" [conv.cpp:46]   --->   Operation 639 'store' 'store_ln46' <Predicate = (select_ln46 == 0)> <Delay = 3.25> <CoreInst = "RAM">   --->   Core 82 'RAM' <Latency = 1> <II = 1> <Delay = 3.25> <Storage> <Opcode : 'load' 'store'> <Ports = 2> <Width = 32> <Depth = 456> <RAM>
ST_3 : Operation 640 [1/1] (0.00ns)   --->   "%br_ln46 = br void %arrayidx3714.exit" [conv.cpp:46]   --->   Operation 640 'br' 'br_ln46' <Predicate = (select_ln46 == 0)> <Delay = 0.00>
ST_3 : Operation 641 [1/1] (3.25ns)   --->   "%store_ln46 = store i32 %bitcast_ln46, i9 %local_input_199_addr" [conv.cpp:46]   --->   Operation 641 'store' 'store_ln46' <Predicate = (select_ln46 == 255) | (select_ln46 == 254) | (select_ln46 == 253) | (select_ln46 == 252) | (select_ln46 == 251) | (select_ln46 == 250) | (select_ln46 == 249) | (select_ln46 == 248) | (select_ln46 == 247) | (select_ln46 == 246) | (select_ln46 == 245) | (select_ln46 == 244) | (select_ln46 == 243) | (select_ln46 == 242) | (select_ln46 == 241) | (select_ln46 == 240) | (select_ln46 == 239) | (select_ln46 == 238) | (select_ln46 == 237) | (select_ln46 == 236) | (select_ln46 == 235) | (select_ln46 == 234) | (select_ln46 == 233) | (select_ln46 == 232) | (select_ln46 == 231) | (select_ln46 == 230) | (select_ln46 == 229) | (select_ln46 == 228) | (select_ln46 == 227) | (select_ln46 == 226) | (select_ln46 == 225) | (select_ln46 == 224) | (select_ln46 == 223) | (select_ln46 == 222) | (select_ln46 == 221) | (select_ln46 == 220) | (select_ln46 == 219) | (select_ln46 == 218) | (select_ln46 == 217) | (select_ln46 == 216) | (select_ln46 == 215) | (select_ln46 == 214) | (select_ln46 == 213) | (select_ln46 == 212) | (select_ln46 == 211) | (select_ln46 == 210) | (select_ln46 == 209) | (select_ln46 == 208) | (select_ln46 == 207) | (select_ln46 == 206) | (select_ln46 == 205) | (select_ln46 == 204) | (select_ln46 == 203) | (select_ln46 == 202) | (select_ln46 == 201) | (select_ln46 == 200) | (select_ln46 == 199)> <Delay = 3.25> <CoreInst = "RAM">   --->   Core 82 'RAM' <Latency = 1> <II = 1> <Delay = 3.25> <Storage> <Opcode : 'load' 'store'> <Ports = 2> <Width = 32> <Depth = 456> <RAM>
ST_3 : Operation 642 [1/1] (0.00ns)   --->   "%br_ln46 = br void %arrayidx3714.exit" [conv.cpp:46]   --->   Operation 642 'br' 'br_ln46' <Predicate = (select_ln46 == 255) | (select_ln46 == 254) | (select_ln46 == 253) | (select_ln46 == 252) | (select_ln46 == 251) | (select_ln46 == 250) | (select_ln46 == 249) | (select_ln46 == 248) | (select_ln46 == 247) | (select_ln46 == 246) | (select_ln46 == 245) | (select_ln46 == 244) | (select_ln46 == 243) | (select_ln46 == 242) | (select_ln46 == 241) | (select_ln46 == 240) | (select_ln46 == 239) | (select_ln46 == 238) | (select_ln46 == 237) | (select_ln46 == 236) | (select_ln46 == 235) | (select_ln46 == 234) | (select_ln46 == 233) | (select_ln46 == 232) | (select_ln46 == 231) | (select_ln46 == 230) | (select_ln46 == 229) | (select_ln46 == 228) | (select_ln46 == 227) | (select_ln46 == 226) | (select_ln46 == 225) | (select_ln46 == 224) | (select_ln46 == 223) | (select_ln46 == 222) | (select_ln46 == 221) | (select_ln46 == 220) | (select_ln46 == 219) | (select_ln46 == 218) | (select_ln46 == 217) | (select_ln46 == 216) | (select_ln46 == 215) | (select_ln46 == 214) | (select_ln46 == 213) | (select_ln46 == 212) | (select_ln46 == 211) | (select_ln46 == 210) | (select_ln46 == 209) | (select_ln46 == 208) | (select_ln46 == 207) | (select_ln46 == 206) | (select_ln46 == 205) | (select_ln46 == 204) | (select_ln46 == 203) | (select_ln46 == 202) | (select_ln46 == 201) | (select_ln46 == 200) | (select_ln46 == 199)> <Delay = 0.00>
ST_3 : Operation 643 [1/1] (1.58ns)   --->   "%store_ln43 = store i8 %select_ln41_1, i8 %r" [conv.cpp:43]   --->   Operation 643 'store' 'store_ln43' <Predicate = true> <Delay = 1.58>
ST_3 : Operation 644 [1/1] (0.00ns)   --->   "%br_ln43 = br void %for.inc38" [conv.cpp:43]   --->   Operation 644 'br' 'br_ln43' <Predicate = true> <Delay = 0.00>


============================================================
+ Verbose Summary: Timing violations
============================================================
Target clock period: 10ns, clock uncertainty: 2.7ns.

 <State 1>: 4.02ns
The critical path consists of the following:
	'alloca' operation ('indvar_flatten61') [205]  (0 ns)
	'load' operation ('indvar_flatten61_load', conv.cpp:41) on local variable 'indvar_flatten61' [214]  (0 ns)
	'add' operation ('add_ln41_1', conv.cpp:41) [217]  (2.08 ns)
	'store' operation ('store_ln43', conv.cpp:43) of variable 'add_ln41_1', conv.cpp:41 on local variable 'indvar_flatten61' [1041]  (1.59 ns)
	blocking operation 0.352 ns on control path)

 <State 2>: 7.3ns
The critical path consists of the following:
	'getelementptr' operation ('mem1_addr', conv.cpp:38) [215]  (0 ns)
	bus read operation ('mem1_addr_read', conv.cpp:46) on port 'mem1' (conv.cpp:46) [230]  (7.3 ns)

 <State 3>: 6.42ns
The critical path consists of the following:
	'load' operation ('r_load', conv.cpp:41) on local variable 'r' [221]  (0 ns)
	'add' operation ('add_ln41', conv.cpp:41) [222]  (1.92 ns)
	'select' operation ('select_ln41_1', conv.cpp:41) [227]  (1.25 ns)
	'getelementptr' operation ('local_input_190_addr', conv.cpp:46) [428]  (0 ns)
	'store' operation ('store_ln46', conv.cpp:46) of variable 'bitcast_ln46', conv.cpp:46 on array 'local_input_190' [464]  (3.25 ns)


============================================================
+ Verbose Summary: Binding
============================================================
N/A
* FSMD analyzer results:
  - Output states:
 - Input state : 
  - Chain level:
	State 1
	State 2
	State 3


============================================================
+ Verbose Summary: Datapath Resource usage 
============================================================
N/A
