

================================================================
== Vitis HLS Report for 'conv_Pipeline_VITIS_LOOP_38_4_VITIS_LOOP_40_6_VITIS_LOOP_46_8_VITIS_LOOP_47_9'
================================================================
* Date:           Wed Oct  7 16:46:04 2026

* Version:        2022.2 (Build 3670227 on Oct 13 2022)
* Project:        vitis.prj
* Solution:       solution1 (Vivado IP Flow Target)
* Product family: zynq
* Target device:  xc7z020-clg400-1


================================================================
== Performance Estimates
================================================================
+ Timing: 
    * Summary: 
    +--------+----------+----------+------------+
    |  Clock |  Target  | Estimated| Uncertainty|
    +--------+----------+----------+------------+
    |ap_clk  |  10.00 ns|  7.300 ns|     2.70 ns|
    +--------+----------+----------+------------+

+ Latency: 
    * Summary: 
    +-------------+-------------+-------------+-------------+-------------+-------------+---------+
    |      Latency (cycles)     |     Latency (absolute)    |          Interval         | Pipeline|
    |     min     |     max     |     min     |     max     |     min     |     max     |   Type  |
    +-------------+-------------+-------------+-------------+-------------+-------------+---------+
    |  10190136014|  10190136014|  101.901 sec|  101.901 sec|  10190136014|  10190136014|       no|
    +-------------+-------------+-------------+-------------+-------------+-------------+---------+

    + Detail: 
        * Instance: 
        N/A

        * Loop: 
        +-------------------------------------------------------------------+-------------+-------------+----------+-----------+-----------+----------+----------+
        |                                                                   |      Latency (cycles)     | Iteration|  Initiation Interval  |   Trip   |          |
        |                             Loop Name                             |     min     |     max     |  Latency |  achieved |   target  |   Count  | Pipelined|
        +-------------------------------------------------------------------+-------------+-------------+----------+-----------+-----------+----------+----------+
        |- VITIS_LOOP_38_4_VITIS_LOOP_40_6_VITIS_LOOP_46_8_VITIS_LOOP_47_9  |  10190136012|  10190136012|       158|        145|          1|  70276800|       yes|
        +-------------------------------------------------------------------+-------------+-------------+----------+-----------+-----------+----------+----------+

============================================================
+ Verbose Summary: Synthesis Manager
============================================================
InlineROM: 1
ExposeGlobal: 0
============================================================
+ Verbose Summary: CDFG Model
============================================================
IsTopModel: 0
ResetActiveHigh: 1
IsCombinational: 0
IsDatapathOnly: 0
HasWiredReturn: 1
HasMFsm: 2
HasVarLatency: 1
IsPipeline: 0
IsRtlPipelined: 0
IsInstanceOverlapped: 0
IsDontTouch: 0
HasImplIP: 0
IsGatedGlobalClock: 0

+ Individual pipeline summary: 
  * Pipeline-0: initiation interval (II) = 145, depth = 159


============================================================
+ Verbose Summary: Schedule
============================================================
* Number of FSM states : 159
* Pipeline : 1
  Pipeline-0 : II = 145, D = 159, States = { 1 2 3 4 5 6 7 8 9 10 11 12 13 14 15 16 17 18 19 20 21 22 23 24 25 26 27 28 29 30 31 32 33 34 35 36 37 38 39 40 41 42 43 44 45 46 47 48 49 50 51 52 53 54 55 56 57 58 59 60 61 62 63 64 65 66 67 68 69 70 71 72 73 74 75 76 77 78 79 80 81 82 83 84 85 86 87 88 89 90 91 92 93 94 95 96 97 98 99 100 101 102 103 104 105 106 107 108 109 110 111 112 113 114 115 116 117 118 119 120 121 122 123 124 125 126 127 128 129 130 131 132 133 134 135 136 137 138 139 140 141 142 143 144 145 146 147 148 149 150 151 152 153 154 155 156 157 158 159 }
* Dataflow Pipeline: 0

* FSM state transitions: 
1 --> 2 
2 --> 3 
3 --> 4 
4 --> 5 
5 --> 6 
6 --> 7 
7 --> 8 
8 --> 9 
9 --> 10 
10 --> 11 
11 --> 12 
12 --> 13 
13 --> 14 
14 --> 15 
15 --> 16 
16 --> 17 
17 --> 18 
18 --> 19 
19 --> 20 
20 --> 21 
21 --> 22 
22 --> 23 
23 --> 24 
24 --> 25 
25 --> 26 
26 --> 27 
27 --> 28 
28 --> 29 
29 --> 30 
30 --> 31 
31 --> 32 
32 --> 33 
33 --> 34 
34 --> 35 
35 --> 36 
36 --> 37 
37 --> 38 
38 --> 39 
39 --> 40 
40 --> 41 
41 --> 42 
42 --> 43 
43 --> 44 
44 --> 45 
45 --> 46 
46 --> 47 
47 --> 48 
48 --> 49 
49 --> 50 
50 --> 51 
51 --> 52 
52 --> 53 
53 --> 54 
54 --> 55 
55 --> 56 
56 --> 57 
57 --> 58 
58 --> 59 
59 --> 60 
60 --> 61 
61 --> 62 
62 --> 63 
63 --> 64 
64 --> 65 
65 --> 66 
66 --> 67 
67 --> 68 
68 --> 69 
69 --> 70 
70 --> 71 
71 --> 72 
72 --> 73 
73 --> 74 
74 --> 75 
75 --> 76 
76 --> 77 
77 --> 78 
78 --> 79 
79 --> 80 
80 --> 81 
81 --> 82 
82 --> 83 
83 --> 84 
84 --> 85 
85 --> 86 
86 --> 87 
87 --> 88 
88 --> 89 
89 --> 90 
90 --> 91 
91 --> 92 
92 --> 93 
93 --> 94 
94 --> 95 
95 --> 96 
96 --> 97 
97 --> 98 
98 --> 99 
99 --> 100 
100 --> 101 
101 --> 102 
102 --> 103 
103 --> 104 
104 --> 105 
105 --> 106 
106 --> 107 
107 --> 108 
108 --> 109 
109 --> 110 
110 --> 111 
111 --> 112 
112 --> 113 
113 --> 114 
114 --> 115 
115 --> 116 
116 --> 117 
117 --> 118 
118 --> 119 
119 --> 120 
120 --> 121 
121 --> 122 
122 --> 123 
123 --> 124 
124 --> 125 
125 --> 126 
126 --> 127 
127 --> 128 
128 --> 129 
129 --> 130 
130 --> 131 
131 --> 132 
132 --> 133 
133 --> 134 
134 --> 135 
135 --> 136 
136 --> 137 
137 --> 138 
138 --> 139 
139 --> 140 
140 --> 141 
141 --> 142 
142 --> 143 
143 --> 144 
144 --> 145 
145 --> 146 
146 --> 147 
147 --> 148 
148 --> 149 
149 --> 150 
150 --> 151 
151 --> 152 
152 --> 153 
153 --> 154 
154 --> 155 
155 --> 156 
156 --> 157 
157 --> 158 
158 --> 159 
159 --> 

* FSM state operations: 

State 1 <SV = 0> <Delay = 1.58>
ST_1 : Operation 161 [1/1] (0.00ns)   --->   "%k = alloca i32 1"   --->   Operation 161 'alloca' 'k' <Predicate = true> <Delay = 0.00>
ST_1 : Operation 162 [1/1] (0.00ns)   --->   "%j = alloca i32 1"   --->   Operation 162 'alloca' 'j' <Predicate = true> <Delay = 0.00>
ST_1 : Operation 163 [1/1] (0.00ns)   --->   "%indvar_flatten13 = alloca i32 1"   --->   Operation 163 'alloca' 'indvar_flatten13' <Predicate = true> <Delay = 0.00>
ST_1 : Operation 164 [1/1] (0.00ns)   --->   "%a = alloca i32 1"   --->   Operation 164 'alloca' 'a' <Predicate = true> <Delay = 0.00>
ST_1 : Operation 165 [1/1] (0.00ns)   --->   "%indvar_flatten48 = alloca i32 1"   --->   Operation 165 'alloca' 'indvar_flatten48' <Predicate = true> <Delay = 0.00>
ST_1 : Operation 166 [1/1] (0.00ns)   --->   "%i = alloca i32 1"   --->   Operation 166 'alloca' 'i' <Predicate = true> <Delay = 0.00>
ST_1 : Operation 167 [1/1] (0.00ns)   --->   "%indvar_flatten112 = alloca i32 1"   --->   Operation 167 'alloca' 'indvar_flatten112' <Predicate = true> <Delay = 0.00>
ST_1 : Operation 168 [1/1] (0.00ns)   --->   "%m = alloca i32 1"   --->   Operation 168 'alloca' 'm' <Predicate = true> <Delay = 0.00>
ST_1 : Operation 169 [1/1] (0.00ns)   --->   "%indvar_flatten188 = alloca i32 1"   --->   Operation 169 'alloca' 'indvar_flatten188' <Predicate = true> <Delay = 0.00>
ST_1 : Operation 170 [1/1] (0.00ns)   --->   "%f = alloca i32 1"   --->   Operation 170 'alloca' 'f' <Predicate = true> <Delay = 0.00>
ST_1 : Operation 171 [1/1] (0.00ns)   --->   "%indvar_flatten287 = alloca i32 1"   --->   Operation 171 'alloca' 'indvar_flatten287' <Predicate = true> <Delay = 0.00>
ST_1 : Operation 172 [1/1] (0.00ns)   --->   "%specinterface_ln0 = specinterface void @_ssdm_op_SpecInterface, i32 %mem2, void @empty_3, i32 0, i32 0, void @empty, i32 64, i32 23232, void @empty_12, void @empty_5, void @empty, i32 16, i32 16, i32 16, i32 16, void @empty, void @empty, i32 4294967295, i32 0"   --->   Operation 172 'specinterface' 'specinterface_ln0' <Predicate = true> <Delay = 0.00>
ST_1 : Operation 173 [1/1] (0.00ns)   --->   "%specinterface_ln0 = specinterface void @_ssdm_op_SpecInterface, i32 %mem1, void @empty_3, i32 0, i32 0, void @empty, i32 64, i32 153228, void @empty_4, void @empty_5, void @empty, i32 16, i32 16, i32 16, i32 16, void @empty, void @empty, i32 4294967295, i32 0"   --->   Operation 173 'specinterface' 'specinterface_ln0' <Predicate = true> <Delay = 0.00>
ST_1 : Operation 174 [1/1] (0.00ns)   --->   "%weights_read = read i64 @_ssdm_op_Read.ap_auto.i64, i64 %weights"   --->   Operation 174 'read' 'weights_read' <Predicate = true> <Delay = 0.00>
ST_1 : Operation 175 [1/1] (0.00ns)   --->   "%input_fm_read = read i64 @_ssdm_op_Read.ap_auto.i64, i64 %input_fm"   --->   Operation 175 'read' 'input_fm_read' <Predicate = true> <Delay = 0.00>
ST_1 : Operation 176 [1/1] (0.00ns)   --->   "%output_fm_read = read i64 @_ssdm_op_Read.ap_auto.i64, i64 %output_fm"   --->   Operation 176 'read' 'output_fm_read' <Predicate = true> <Delay = 0.00>
ST_1 : Operation 177 [1/1] (1.58ns)   --->   "%store_ln0 = store i27 0, i27 %indvar_flatten287"   --->   Operation 177 'store' 'store_ln0' <Predicate = true> <Delay = 1.58>
ST_1 : Operation 178 [1/1] (1.58ns)   --->   "%store_ln0 = store i7 0, i7 %f"   --->   Operation 178 'store' 'store_ln0' <Predicate = true> <Delay = 1.58>
ST_1 : Operation 179 [1/1] (1.58ns)   --->   "%store_ln0 = store i21 0, i21 %indvar_flatten188"   --->   Operation 179 'store' 'store_ln0' <Predicate = true> <Delay = 1.58>
ST_1 : Operation 180 [1/1] (1.58ns)   --->   "%store_ln0 = store i2 0, i2 %m"   --->   Operation 180 'store' 'store_ln0' <Predicate = true> <Delay = 1.58>
ST_1 : Operation 181 [1/1] (1.58ns)   --->   "%store_ln0 = store i19 0, i19 %indvar_flatten112"   --->   Operation 181 'store' 'store_ln0' <Predicate = true> <Delay = 1.58>
ST_1 : Operation 182 [1/1] (1.58ns)   --->   "%store_ln0 = store i8 4, i8 %i"   --->   Operation 182 'store' 'store_ln0' <Predicate = true> <Delay = 1.58>
ST_1 : Operation 183 [1/1] (1.58ns)   --->   "%store_ln0 = store i13 0, i13 %indvar_flatten48"   --->   Operation 183 'store' 'store_ln0' <Predicate = true> <Delay = 1.58>
ST_1 : Operation 184 [1/1] (1.58ns)   --->   "%store_ln0 = store i8 4, i8 %a"   --->   Operation 184 'store' 'store_ln0' <Predicate = true> <Delay = 1.58>
ST_1 : Operation 185 [1/1] (1.58ns)   --->   "%store_ln0 = store i8 0, i8 %indvar_flatten13"   --->   Operation 185 'store' 'store_ln0' <Predicate = true> <Delay = 1.58>
ST_1 : Operation 186 [1/1] (1.58ns)   --->   "%store_ln0 = store i4 0, i4 %j"   --->   Operation 186 'store' 'store_ln0' <Predicate = true> <Delay = 1.58>
ST_1 : Operation 187 [1/1] (1.58ns)   --->   "%store_ln0 = store i4 0, i4 %k"   --->   Operation 187 'store' 'store_ln0' <Predicate = true> <Delay = 1.58>
ST_1 : Operation 188 [1/1] (0.00ns)   --->   "%br_ln0 = br void %for.body38"   --->   Operation 188 'br' 'br_ln0' <Predicate = true> <Delay = 0.00>

State 2 <SV = 1> <Delay = 5.80>
ST_2 : Operation 189 [1/1] (0.00ns)   --->   "%j_1 = load i4 %j"   --->   Operation 189 'load' 'j_1' <Predicate = true> <Delay = 0.00>
ST_2 : Operation 190 [1/1] (0.00ns)   --->   "%i_1 = load i8 %i" [conv.cpp:41]   --->   Operation 190 'load' 'i_1' <Predicate = true> <Delay = 0.00>
ST_2 : Operation 191 [1/1] (0.00ns)   --->   "%indvar_flatten112_load = load i19 %indvar_flatten112" [conv.cpp:40]   --->   Operation 191 'load' 'indvar_flatten112_load' <Predicate = true> <Delay = 0.00>
ST_2 : Operation 192 [1/1] (0.00ns)   --->   "%m_1 = load i2 %m" [conv.cpp:39]   --->   Operation 192 'load' 'm_1' <Predicate = true> <Delay = 0.00>
ST_2 : Operation 193 [1/1] (0.00ns)   --->   "%indvar_flatten188_load = load i21 %indvar_flatten188" [conv.cpp:39]   --->   Operation 193 'load' 'indvar_flatten188_load' <Predicate = true> <Delay = 0.00>
ST_2 : Operation 194 [1/1] (0.00ns)   --->   "%indvar_flatten287_load = load i27 %indvar_flatten287" [conv.cpp:38]   --->   Operation 194 'load' 'indvar_flatten287_load' <Predicate = true> <Delay = 0.00>
ST_2 : Operation 195 [1/1] (0.00ns)   --->   "%zext_ln39 = zext i2 %m_1" [conv.cpp:39]   --->   Operation 195 'zext' 'zext_ln39' <Predicate = true> <Delay = 0.00>
ST_2 : Operation 196 [1/1] (5.60ns)   --->   "%mul_ln53_1 = mul i20 %zext_ln39, i20 204304" [conv.cpp:53]   --->   Operation 196 'mul' 'mul_ln53_1' <Predicate = true> <Delay = 5.60> <CoreInst = "Multiplier">   --->   Core 3 'Multiplier' <Latency = 0> <II = 1> <Delay = 5.60> <FuncUnit> <Opcode : 'mul'> <InPorts = 2> <OutPorts = 1>
ST_2 : Operation 197 [1/1] (0.00ns)   --->   "%zext_ln40_1 = zext i8 %i_1" [conv.cpp:40]   --->   Operation 197 'zext' 'zext_ln40_1' <Predicate = true> <Delay = 0.00>
ST_2 : Operation 198 [1/1] (1.73ns)   --->   "%tmp3 = add i4 %j_1, i4 11"   --->   Operation 198 'add' 'tmp3' <Predicate = true> <Delay = 1.73> <CoreInst = "Adder">   --->   Core 1 'Adder' <Latency = 0> <II = 1> <Delay = 1.73> <FuncUnit> <Opcode : 'add' 'sub'> <InPorts = 2> <OutPorts = 1>
ST_2 : Operation 199 [1/1] (0.00ns)   --->   "%tmp3_cast = sext i4 %tmp3"   --->   Operation 199 'sext' 'tmp3_cast' <Predicate = true> <Delay = 0.00>
ST_2 : Operation 200 [1/1] (1.91ns)   --->   "%empty_28 = add i9 %tmp3_cast, i9 %zext_ln40_1" [conv.cpp:40]   --->   Operation 200 'add' 'empty_28' <Predicate = true> <Delay = 1.91> <CoreInst = "Adder">   --->   Core 1 'Adder' <Latency = 0> <II = 1> <Delay = 1.91> <FuncUnit> <Opcode : 'add' 'sub'> <InPorts = 2> <OutPorts = 1>
ST_2 : Operation 201 [1/1] (0.00ns)   --->   "%p_cast15 = sext i9 %empty_28" [conv.cpp:40]   --->   Operation 201 'sext' 'p_cast15' <Predicate = true> <Delay = 0.00>
ST_2 : Operation 202 [1/1] (0.00ns)   --->   "%tmp_1 = bitselect i1 @_ssdm_op_BitSelect.i1.i9.i32, i9 %empty_28, i32 8" [conv.cpp:40]   --->   Operation 202 'bitselect' 'tmp_1' <Predicate = true> <Delay = 0.00>
ST_2 : Operation 203 [4/4] (2.15ns) (root node of the DSP)   --->   "%mul_ln53_3 = mul i19 %p_cast15, i19 904" [conv.cpp:40]   --->   Operation 203 'mul' 'mul_ln53_3' <Predicate = true> <Delay = 2.15> <CoreInst = "DSP48">   --->   Core 119 'DSP48' <Latency = 3> <II = 1> <Delay = 2.15> <IPBlock> <Opcode : 'mul' 'add' 'sub' 'select'> <InPorts = 0> <OutPorts = 1> <Sync> <CReg>
ST_2 : Operation 204 [1/1] (2.45ns)   --->   "%icmp_ln38 = icmp_eq  i27 %indvar_flatten287_load, i27 70276800" [conv.cpp:38]   --->   Operation 204 'icmp' 'icmp_ln38' <Predicate = true> <Delay = 2.45> <CoreInst = "Cmp">   --->   Core 9 'Cmp' <Latency = 0> <II = 1> <Delay = 2.45> <FuncUnit> <Opcode : 'icmp'> <InPorts = 2> <OutPorts = 1>
ST_2 : Operation 205 [1/1] (2.40ns)   --->   "%add_ln38 = add i27 %indvar_flatten287_load, i27 1" [conv.cpp:38]   --->   Operation 205 'add' 'add_ln38' <Predicate = true> <Delay = 2.40> <CoreInst = "Adder">   --->   Core 1 'Adder' <Latency = 0> <II = 1> <Delay = 2.40> <FuncUnit> <Opcode : 'add' 'sub'> <InPorts = 2> <OutPorts = 1>
ST_2 : Operation 206 [1/1] (0.00ns)   --->   "%br_ln38 = br i1 %icmp_ln38, void %for.inc84, void %for.body95.preheader.exitStub" [conv.cpp:38]   --->   Operation 206 'br' 'br_ln38' <Predicate = true> <Delay = 0.00>
ST_2 : Operation 207 [1/1] (2.44ns)   --->   "%icmp_ln39 = icmp_eq  i21 %indvar_flatten188_load, i21 1098075" [conv.cpp:39]   --->   Operation 207 'icmp' 'icmp_ln39' <Predicate = (!icmp_ln38)> <Delay = 2.44> <CoreInst = "Cmp">   --->   Core 9 'Cmp' <Latency = 0> <II = 1> <Delay = 2.44> <FuncUnit> <Opcode : 'icmp'> <InPorts = 2> <OutPorts = 1>
ST_2 : Operation 208 [1/1] (0.99ns)   --->   "%select_ln38 = select i1 %icmp_ln39, i2 0, i2 %m_1" [conv.cpp:38]   --->   Operation 208 'select' 'select_ln38' <Predicate = (!icmp_ln38)> <Delay = 0.99> <CoreInst = "Sel">   --->   Core 73 'Sel' <Latency = 0> <II = 1> <Delay = 0.99> <FuncUnit> <Opcode : 'select'> <InPorts = 3> <OutPorts = 1>
ST_2 : Operation 209 [1/1] (0.97ns)   --->   "%xor_ln38 = xor i1 %icmp_ln39, i1 1" [conv.cpp:38]   --->   Operation 209 'xor' 'xor_ln38' <Predicate = (!icmp_ln38)> <Delay = 0.97> <CoreInst = "LogicGate">   --->   Core 74 'LogicGate' <Latency = 0> <II = 1> <Delay = 0.97> <FuncUnit> <Opcode : 'and' 'or' 'xor'> <InPorts = 2> <OutPorts = 1>
ST_2 : Operation 210 [1/1] (2.43ns)   --->   "%icmp_ln40 = icmp_eq  i19 %indvar_flatten112_load, i19 366025" [conv.cpp:40]   --->   Operation 210 'icmp' 'icmp_ln40' <Predicate = (!icmp_ln38)> <Delay = 2.43> <CoreInst = "Cmp">   --->   Core 9 'Cmp' <Latency = 0> <II = 1> <Delay = 2.43> <FuncUnit> <Opcode : 'icmp'> <InPorts = 2> <OutPorts = 1>
ST_2 : Operation 211 [1/1] (0.97ns)   --->   "%and_ln38_4 = and i1 %icmp_ln40, i1 %xor_ln38" [conv.cpp:38]   --->   Operation 211 'and' 'and_ln38_4' <Predicate = (!icmp_ln38)> <Delay = 0.97> <CoreInst = "LogicGate">   --->   Core 74 'LogicGate' <Latency = 0> <II = 1> <Delay = 0.97> <FuncUnit> <Opcode : 'and' 'or' 'xor'> <InPorts = 2> <OutPorts = 1>

State 3 <SV = 2> <Delay = 7.16>
ST_3 : Operation 212 [1/1] (0.00ns)   --->   "%indvar_flatten13_load = load i8 %indvar_flatten13" [conv.cpp:46]   --->   Operation 212 'load' 'indvar_flatten13_load' <Predicate = true> <Delay = 0.00>
ST_3 : Operation 213 [1/1] (0.00ns)   --->   "%indvar_flatten48_load = load i13 %indvar_flatten48" [conv.cpp:42]   --->   Operation 213 'load' 'indvar_flatten48_load' <Predicate = true> <Delay = 0.00>
ST_3 : Operation 214 [1/1] (0.00ns)   --->   "%f_1 = load i7 %f" [conv.cpp:38]   --->   Operation 214 'load' 'f_1' <Predicate = true> <Delay = 0.00>
ST_3 : Operation 215 [3/4] (2.15ns) (root node of the DSP)   --->   "%mul_ln53_3 = mul i19 %p_cast15, i19 904" [conv.cpp:40]   --->   Operation 215 'mul' 'mul_ln53_3' <Predicate = true> <Delay = 2.15> <CoreInst = "DSP48">   --->   Core 119 'DSP48' <Latency = 3> <II = 1> <Delay = 2.15> <IPBlock> <Opcode : 'mul' 'add' 'sub' 'select'> <InPorts = 0> <OutPorts = 1> <Sync> <CReg>
ST_3 : Operation 216 [1/1] (0.00ns)   --->   "%k_load = load i4 %k" [conv.cpp:53]   --->   Operation 216 'load' 'k_load' <Predicate = (!icmp_ln38)> <Delay = 0.00>
ST_3 : Operation 217 [1/1] (1.87ns)   --->   "%add_ln38_2 = add i7 %f_1, i7 1" [conv.cpp:38]   --->   Operation 217 'add' 'add_ln38_2' <Predicate = (!icmp_ln38)> <Delay = 1.87> <CoreInst = "Adder">   --->   Core 1 'Adder' <Latency = 0> <II = 1> <Delay = 1.87> <FuncUnit> <Opcode : 'add' 'sub'> <InPorts = 2> <OutPorts = 1>
ST_3 : Operation 218 [1/1] (0.99ns)   --->   "%select_ln38_2 = select i1 %icmp_ln39, i7 %add_ln38_2, i7 %f_1" [conv.cpp:38]   --->   Operation 218 'select' 'select_ln38_2' <Predicate = (!icmp_ln38)> <Delay = 0.99> <CoreInst = "Sel">   --->   Core 73 'Sel' <Latency = 0> <II = 1> <Delay = 0.99> <FuncUnit> <Opcode : 'select'> <InPorts = 3> <OutPorts = 1>
ST_3 : Operation 219 [1/1] (0.00ns)   --->   "%zext_ln38_2 = zext i7 %select_ln38_2" [conv.cpp:38]   --->   Operation 219 'zext' 'zext_ln38_2' <Predicate = (!icmp_ln38)> <Delay = 0.00>
ST_3 : Operation 220 [4/4] (2.15ns) (root node of the DSP)   --->   "%mul_ln38 = mul i18 %zext_ln38_2, i18 1452" [conv.cpp:38]   --->   Operation 220 'mul' 'mul_ln38' <Predicate = (!icmp_ln38)> <Delay = 2.15> <CoreInst = "DSP48">   --->   Core 119 'DSP48' <Latency = 3> <II = 1> <Delay = 2.15> <IPBlock> <Opcode : 'mul' 'add' 'sub' 'select'> <InPorts = 0> <OutPorts = 1> <Sync> <CReg>
ST_3 : Operation 221 [1/1] (1.30ns)   --->   "%icmp_ln47 = icmp_eq  i4 %k_load, i4 11" [conv.cpp:47]   --->   Operation 221 'icmp' 'icmp_ln47' <Predicate = (!icmp_ln38)> <Delay = 1.30> <CoreInst = "Cmp">   --->   Core 9 'Cmp' <Latency = 0> <II = 1> <Delay = 1.30> <FuncUnit> <Opcode : 'icmp'> <InPorts = 2> <OutPorts = 1>
ST_3 : Operation 222 [1/1] (1.55ns)   --->   "%icmp_ln46 = icmp_eq  i8 %indvar_flatten13_load, i8 121" [conv.cpp:46]   --->   Operation 222 'icmp' 'icmp_ln46' <Predicate = (!icmp_ln38)> <Delay = 1.55> <CoreInst = "Cmp">   --->   Core 9 'Cmp' <Latency = 0> <II = 1> <Delay = 1.55> <FuncUnit> <Opcode : 'icmp'> <InPorts = 2> <OutPorts = 1>
ST_3 : Operation 223 [1/1] (0.00ns) (grouped into LUT with out node and_ln39_2)   --->   "%and_ln38_2 = and i1 %icmp_ln46, i1 %xor_ln38" [conv.cpp:38]   --->   Operation 223 'and' 'and_ln38_2' <Predicate = (!icmp_ln38)> <Delay = 0.00> <CoreInst = "LogicGate">   --->   Core 74 'LogicGate' <Latency = 0> <II = 1> <Delay = 0.97> <FuncUnit> <Opcode : 'and' 'or' 'xor'> <InPorts = 2> <OutPorts = 1>
ST_3 : Operation 224 [1/1] (2.09ns)   --->   "%icmp_ln42 = icmp_eq  i13 %indvar_flatten48_load, i13 6655" [conv.cpp:42]   --->   Operation 224 'icmp' 'icmp_ln42' <Predicate = (!icmp_ln38)> <Delay = 2.09> <CoreInst = "Cmp">   --->   Core 9 'Cmp' <Latency = 0> <II = 1> <Delay = 2.09> <FuncUnit> <Opcode : 'icmp'> <InPorts = 2> <OutPorts = 1>
ST_3 : Operation 225 [1/1] (0.00ns) (grouped into LUT with out node and_ln39_3)   --->   "%and_ln38_3 = and i1 %icmp_ln42, i1 %xor_ln38" [conv.cpp:38]   --->   Operation 225 'and' 'and_ln38_3' <Predicate = (!icmp_ln38)> <Delay = 0.00> <CoreInst = "LogicGate">   --->   Core 74 'LogicGate' <Latency = 0> <II = 1> <Delay = 0.97> <FuncUnit> <Opcode : 'and' 'or' 'xor'> <InPorts = 2> <OutPorts = 1>
ST_3 : Operation 226 [1/1] (1.56ns)   --->   "%add_ln39 = add i2 %select_ln38, i2 1" [conv.cpp:39]   --->   Operation 226 'add' 'add_ln39' <Predicate = (!icmp_ln38)> <Delay = 1.56> <CoreInst = "Adder">   --->   Core 1 'Adder' <Latency = 0> <II = 1> <Delay = 1.56> <FuncUnit> <Opcode : 'add' 'sub'> <InPorts = 2> <OutPorts = 1>
ST_3 : Operation 227 [1/1] (0.97ns)   --->   "%or_ln39 = or i1 %and_ln38_4, i1 %icmp_ln39" [conv.cpp:39]   --->   Operation 227 'or' 'or_ln39' <Predicate = (!icmp_ln38)> <Delay = 0.97> <CoreInst = "LogicGate">   --->   Core 74 'LogicGate' <Latency = 0> <II = 1> <Delay = 0.97> <FuncUnit> <Opcode : 'and' 'or' 'xor'> <InPorts = 2> <OutPorts = 1>
ST_3 : Operation 228 [1/1] (0.00ns)   --->   "%zext_ln39_2 = zext i2 %add_ln39" [conv.cpp:39]   --->   Operation 228 'zext' 'zext_ln39_2' <Predicate = (!icmp_ln38 & and_ln38_4)> <Delay = 0.00>
ST_3 : Operation 229 [1/1] (5.60ns)   --->   "%mul_ln53_5 = mul i20 %zext_ln39_2, i20 204304" [conv.cpp:53]   --->   Operation 229 'mul' 'mul_ln53_5' <Predicate = (!icmp_ln38 & and_ln38_4)> <Delay = 5.60> <CoreInst = "Multiplier">   --->   Core 3 'Multiplier' <Latency = 0> <II = 1> <Delay = 5.60> <FuncUnit> <Opcode : 'mul'> <InPorts = 2> <OutPorts = 1>
ST_3 : Operation 230 [1/1] (0.00ns) (grouped into LUT with out node or_ln39_1)   --->   "%xor_ln39 = xor i1 %icmp_ln40, i1 1" [conv.cpp:39]   --->   Operation 230 'xor' 'xor_ln39' <Predicate = (!icmp_ln38)> <Delay = 0.00> <CoreInst = "LogicGate">   --->   Core 74 'LogicGate' <Latency = 0> <II = 1> <Delay = 0.97> <FuncUnit> <Opcode : 'and' 'or' 'xor'> <InPorts = 2> <OutPorts = 1>
ST_3 : Operation 231 [1/1] (0.97ns) (out node of the LUT)   --->   "%or_ln39_1 = or i1 %icmp_ln39, i1 %xor_ln39" [conv.cpp:39]   --->   Operation 231 'or' 'or_ln39_1' <Predicate = (!icmp_ln38)> <Delay = 0.97> <CoreInst = "LogicGate">   --->   Core 74 'LogicGate' <Latency = 0> <II = 1> <Delay = 0.97> <FuncUnit> <Opcode : 'and' 'or' 'xor'> <InPorts = 2> <OutPorts = 1>
ST_3 : Operation 232 [1/1] (0.97ns) (out node of the LUT)   --->   "%and_ln39_2 = and i1 %and_ln38_2, i1 %or_ln39_1" [conv.cpp:39]   --->   Operation 232 'and' 'and_ln39_2' <Predicate = (!icmp_ln38)> <Delay = 0.97> <CoreInst = "LogicGate">   --->   Core 74 'LogicGate' <Latency = 0> <II = 1> <Delay = 0.97> <FuncUnit> <Opcode : 'and' 'or' 'xor'> <InPorts = 2> <OutPorts = 1>
ST_3 : Operation 233 [1/1] (0.97ns) (out node of the LUT)   --->   "%and_ln39_3 = and i1 %and_ln38_3, i1 %or_ln39_1" [conv.cpp:39]   --->   Operation 233 'and' 'and_ln39_3' <Predicate = (!icmp_ln38)> <Delay = 0.97> <CoreInst = "LogicGate">   --->   Core 74 'LogicGate' <Latency = 0> <II = 1> <Delay = 0.97> <FuncUnit> <Opcode : 'and' 'or' 'xor'> <InPorts = 2> <OutPorts = 1>
ST_3 : Operation 234 [1/1] (0.97ns)   --->   "%xor_ln40 = xor i1 %and_ln39_3, i1 1" [conv.cpp:40]   --->   Operation 234 'xor' 'xor_ln40' <Predicate = (!icmp_ln38)> <Delay = 0.97> <CoreInst = "LogicGate">   --->   Core 74 'LogicGate' <Latency = 0> <II = 1> <Delay = 0.97> <FuncUnit> <Opcode : 'and' 'or' 'xor'> <InPorts = 2> <OutPorts = 1>
ST_3 : Operation 235 [1/1] (0.97ns)   --->   "%and_ln40_1 = and i1 %and_ln39_2, i1 %xor_ln40" [conv.cpp:40]   --->   Operation 235 'and' 'and_ln40_1' <Predicate = (!icmp_ln38)> <Delay = 0.97> <CoreInst = "LogicGate">   --->   Core 74 'LogicGate' <Latency = 0> <II = 1> <Delay = 0.97> <FuncUnit> <Opcode : 'and' 'or' 'xor'> <InPorts = 2> <OutPorts = 1>
ST_3 : Operation 236 [1/1] (0.00ns) (grouped into LUT with out node and_ln37)   --->   "%xor_ln37 = xor i1 %and_ln39_2, i1 1" [conv.cpp:37]   --->   Operation 236 'xor' 'xor_ln37' <Predicate = (!icmp_ln38)> <Delay = 0.00> <CoreInst = "LogicGate">   --->   Core 74 'LogicGate' <Latency = 0> <II = 1> <Delay = 0.97> <FuncUnit> <Opcode : 'and' 'or' 'xor'> <InPorts = 2> <OutPorts = 1>
ST_3 : Operation 237 [1/1] (0.00ns) (grouped into LUT with out node and_ln37)   --->   "%or_ln37_2 = or i1 %and_ln39_3, i1 %xor_ln37" [conv.cpp:37]   --->   Operation 237 'or' 'or_ln37_2' <Predicate = (!icmp_ln38)> <Delay = 0.00> <CoreInst = "LogicGate">   --->   Core 74 'LogicGate' <Latency = 0> <II = 1> <Delay = 0.97> <FuncUnit> <Opcode : 'and' 'or' 'xor'> <InPorts = 2> <OutPorts = 1>
ST_3 : Operation 238 [1/1] (0.00ns) (grouped into LUT with out node and_ln37)   --->   "%and_ln38_1 = and i1 %icmp_ln47, i1 %xor_ln38" [conv.cpp:38]   --->   Operation 238 'and' 'and_ln38_1' <Predicate = (!icmp_ln38)> <Delay = 0.00> <CoreInst = "LogicGate">   --->   Core 74 'LogicGate' <Latency = 0> <II = 1> <Delay = 0.97> <FuncUnit> <Opcode : 'and' 'or' 'xor'> <InPorts = 2> <OutPorts = 1>
ST_3 : Operation 239 [1/1] (0.00ns) (grouped into LUT with out node and_ln37)   --->   "%and_ln39_1 = and i1 %and_ln38_1, i1 %or_ln39_1" [conv.cpp:39]   --->   Operation 239 'and' 'and_ln39_1' <Predicate = (!icmp_ln38)> <Delay = 0.00> <CoreInst = "LogicGate">   --->   Core 74 'LogicGate' <Latency = 0> <II = 1> <Delay = 0.97> <FuncUnit> <Opcode : 'and' 'or' 'xor'> <InPorts = 2> <OutPorts = 1>
ST_3 : Operation 240 [1/1] (0.00ns) (grouped into LUT with out node and_ln37)   --->   "%and_ln40 = and i1 %and_ln39_1, i1 %xor_ln40" [conv.cpp:40]   --->   Operation 240 'and' 'and_ln40' <Predicate = (!icmp_ln38)> <Delay = 0.00> <CoreInst = "LogicGate">   --->   Core 74 'LogicGate' <Latency = 0> <II = 1> <Delay = 0.97> <FuncUnit> <Opcode : 'and' 'or' 'xor'> <InPorts = 2> <OutPorts = 1>
ST_3 : Operation 241 [1/1] (0.97ns) (out node of the LUT)   --->   "%and_ln37 = and i1 %and_ln40, i1 %or_ln37_2" [conv.cpp:37]   --->   Operation 241 'and' 'and_ln37' <Predicate = (!icmp_ln38)> <Delay = 0.97> <CoreInst = "LogicGate">   --->   Core 74 'LogicGate' <Latency = 0> <II = 1> <Delay = 0.97> <FuncUnit> <Opcode : 'and' 'or' 'xor'> <InPorts = 2> <OutPorts = 1>
ST_3 : Operation 242 [1/1] (1.58ns)   --->   "%store_ln47 = store i27 %add_ln38, i27 %indvar_flatten287" [conv.cpp:47]   --->   Operation 242 'store' 'store_ln47' <Predicate = (!icmp_ln38)> <Delay = 1.58>
ST_3 : Operation 243 [1/1] (1.58ns)   --->   "%store_ln47 = store i7 %select_ln38_2, i7 %f" [conv.cpp:47]   --->   Operation 243 'store' 'store_ln47' <Predicate = (!icmp_ln38)> <Delay = 1.58>

State 4 <SV = 3> <Delay = 7.22>
ST_4 : Operation 244 [1/1] (0.00ns)   --->   "%a_1 = load i8 %a"   --->   Operation 244 'load' 'a_1' <Predicate = true> <Delay = 0.00>
ST_4 : Operation 245 [1/1] (0.00ns)   --->   "%zext_ln39_1 = zext i2 %m_1" [conv.cpp:39]   --->   Operation 245 'zext' 'zext_ln39_1' <Predicate = (!icmp_ln39 & !and_ln38_4)> <Delay = 0.00>
ST_4 : Operation 246 [1/1] (4.52ns)   --->   "%mul_ln53 = mul i11 %zext_ln39_1, i11 484" [conv.cpp:53]   --->   Operation 246 'mul' 'mul_ln53' <Predicate = (!icmp_ln39 & !and_ln38_4)> <Delay = 4.52> <CoreInst = "Multiplier">   --->   Core 3 'Multiplier' <Latency = 0> <II = 1> <Delay = 4.52> <FuncUnit> <Opcode : 'mul'> <InPorts = 2> <OutPorts = 1>
ST_4 : Operation 247 [1/1] (0.00ns)   --->   "%zext_ln40 = zext i20 %mul_ln53_1" [conv.cpp:40]   --->   Operation 247 'zext' 'zext_ln40' <Predicate = (!icmp_ln39 & !and_ln38_4)> <Delay = 0.00>
ST_4 : Operation 248 [1/1] (3.52ns)   --->   "%add_ln53 = add i64 %zext_ln40, i64 %input_fm_read" [conv.cpp:53]   --->   Operation 248 'add' 'add_ln53' <Predicate = (!icmp_ln39 & !and_ln38_4)> <Delay = 3.52> <CoreInst = "Adder">   --->   Core 1 'Adder' <Latency = 0> <II = 1> <Delay = 3.52> <FuncUnit> <Opcode : 'add' 'sub'> <InPorts = 2> <OutPorts = 1>
ST_4 : Operation 249 [1/1] (1.91ns)   --->   "%add_ln41 = add i8 %i_1, i8 252" [conv.cpp:41]   --->   Operation 249 'add' 'add_ln41' <Predicate = true> <Delay = 1.91> <CoreInst = "Adder">   --->   Core 1 'Adder' <Latency = 0> <II = 1> <Delay = 1.91> <FuncUnit> <Opcode : 'add' 'sub'> <InPorts = 2> <OutPorts = 1>
ST_4 : Operation 250 [1/1] (0.00ns)   --->   "%tmp_3 = partselect i6 @_ssdm_op_PartSelect.i6.i8.i32.i32, i8 %add_ln41, i32 2, i32 7" [conv.cpp:41]   --->   Operation 250 'partselect' 'tmp_3' <Predicate = true> <Delay = 0.00>
ST_4 : Operation 251 [1/1] (0.97ns)   --->   "%rev = xor i1 %tmp_1, i1 1" [conv.cpp:40]   --->   Operation 251 'xor' 'rev' <Predicate = (!and_ln39_3 & !and_ln40_1 & !and_ln37)> <Delay = 0.97> <CoreInst = "LogicGate">   --->   Core 74 'LogicGate' <Latency = 0> <II = 1> <Delay = 0.97> <FuncUnit> <Opcode : 'and' 'or' 'xor'> <InPorts = 2> <OutPorts = 1>
ST_4 : Operation 252 [2/4] (2.15ns) (root node of the DSP)   --->   "%mul_ln53_3 = mul i19 %p_cast15, i19 904" [conv.cpp:40]   --->   Operation 252 'mul' 'mul_ln53_3' <Predicate = true> <Delay = 2.15> <CoreInst = "DSP48">   --->   Core 119 'DSP48' <Latency = 3> <II = 1> <Delay = 2.15> <IPBlock> <Opcode : 'mul' 'add' 'sub' 'select'> <InPorts = 0> <OutPorts = 1> <Sync> <CReg>
ST_4 : Operation 253 [3/4] (2.15ns) (root node of the DSP)   --->   "%mul_ln38 = mul i18 %zext_ln38_2, i18 1452" [conv.cpp:38]   --->   Operation 253 'mul' 'mul_ln38' <Predicate = (!icmp_ln38)> <Delay = 2.15> <CoreInst = "DSP48">   --->   Core 119 'DSP48' <Latency = 3> <II = 1> <Delay = 2.15> <IPBlock> <Opcode : 'mul' 'add' 'sub' 'select'> <InPorts = 0> <OutPorts = 1> <Sync> <CReg>
ST_4 : Operation 254 [1/1] (0.00ns) (grouped into LUT with out node select_ln39_2)   --->   "%select_ln38_4 = select i1 %icmp_ln39, i64 %input_fm_read, i64 %add_ln53" [conv.cpp:38]   --->   Operation 254 'select' 'select_ln38_4' <Predicate = (!icmp_ln38 & !and_ln38_4)> <Delay = 0.00> <CoreInst = "Sel">   --->   Core 73 'Sel' <Latency = 0> <II = 1> <Delay = 1.48> <FuncUnit> <Opcode : 'select'> <InPorts = 3> <OutPorts = 1>
ST_4 : Operation 255 [1/1] (0.00ns) (grouped into LUT with out node select_ln40_3)   --->   "%and_ln38 = and i1 %rev, i1 %xor_ln38" [conv.cpp:38]   --->   Operation 255 'and' 'and_ln38' <Predicate = (!icmp_ln38 & !and_ln39_3 & !and_ln40_1 & !and_ln37)> <Delay = 0.00> <CoreInst = "LogicGate">   --->   Core 74 'LogicGate' <Latency = 0> <II = 1> <Delay = 0.97> <FuncUnit> <Opcode : 'and' 'or' 'xor'> <InPorts = 2> <OutPorts = 1>
ST_4 : Operation 256 [1/1] (1.24ns)   --->   "%select_ln39 = select i1 %or_ln39, i8 4, i8 %i_1" [conv.cpp:39]   --->   Operation 256 'select' 'select_ln39' <Predicate = (!icmp_ln38)> <Delay = 1.24> <CoreInst = "Sel">   --->   Core 73 'Sel' <Latency = 0> <II = 1> <Delay = 1.24> <FuncUnit> <Opcode : 'select'> <InPorts = 3> <OutPorts = 1>
ST_4 : Operation 257 [1/1] (0.00ns)   --->   "%zext_ln40_2 = zext i20 %mul_ln53_5" [conv.cpp:40]   --->   Operation 257 'zext' 'zext_ln40_2' <Predicate = (!icmp_ln38 & and_ln38_4)> <Delay = 0.00>
ST_4 : Operation 258 [1/1] (3.52ns)   --->   "%add_ln53_4 = add i64 %zext_ln40_2, i64 %input_fm_read" [conv.cpp:53]   --->   Operation 258 'add' 'add_ln53_4' <Predicate = (!icmp_ln38 & and_ln38_4)> <Delay = 3.52> <CoreInst = "Adder">   --->   Core 1 'Adder' <Latency = 0> <II = 1> <Delay = 3.52> <FuncUnit> <Opcode : 'add' 'sub'> <InPorts = 2> <OutPorts = 1>
ST_4 : Operation 259 [1/1] (1.48ns) (out node of the LUT)   --->   "%select_ln39_2 = select i1 %and_ln38_4, i64 %add_ln53_4, i64 %select_ln38_4" [conv.cpp:39]   --->   Operation 259 'select' 'select_ln39_2' <Predicate = (!icmp_ln38)> <Delay = 1.48> <CoreInst = "Sel">   --->   Core 73 'Sel' <Latency = 0> <II = 1> <Delay = 1.48> <FuncUnit> <Opcode : 'select'> <InPorts = 3> <OutPorts = 1>
ST_4 : Operation 260 [1/1] (0.00ns) (grouped into LUT with out node select_ln40_3)   --->   "%and_ln39 = and i1 %and_ln38, i1 %or_ln39_1" [conv.cpp:39]   --->   Operation 260 'and' 'and_ln39' <Predicate = (!icmp_ln38 & !and_ln39_3 & !and_ln40_1 & !and_ln37)> <Delay = 0.00> <CoreInst = "LogicGate">   --->   Core 74 'LogicGate' <Latency = 0> <II = 1> <Delay = 0.97> <FuncUnit> <Opcode : 'and' 'or' 'xor'> <InPorts = 2> <OutPorts = 1>
ST_4 : Operation 261 [1/1] (1.91ns)   --->   "%add_ln40 = add i8 %select_ln39, i8 4" [conv.cpp:40]   --->   Operation 261 'add' 'add_ln40' <Predicate = (!icmp_ln38)> <Delay = 1.91> <CoreInst = "Adder">   --->   Core 1 'Adder' <Latency = 0> <II = 1> <Delay = 1.91> <FuncUnit> <Opcode : 'add' 'sub'> <InPorts = 2> <OutPorts = 1>
ST_4 : Operation 262 [1/1] (0.97ns)   --->   "%or_ln40 = or i1 %and_ln39_3, i1 %and_ln38_4" [conv.cpp:40]   --->   Operation 262 'or' 'or_ln40' <Predicate = (!icmp_ln38)> <Delay = 0.97> <CoreInst = "LogicGate">   --->   Core 74 'LogicGate' <Latency = 0> <II = 1> <Delay = 0.97> <FuncUnit> <Opcode : 'and' 'or' 'xor'> <InPorts = 2> <OutPorts = 1>
ST_4 : Operation 263 [1/1] (0.97ns)   --->   "%or_ln40_1 = or i1 %or_ln40, i1 %icmp_ln39" [conv.cpp:40]   --->   Operation 263 'or' 'or_ln40_1' <Predicate = (!icmp_ln38)> <Delay = 0.97> <CoreInst = "LogicGate">   --->   Core 74 'LogicGate' <Latency = 0> <II = 1> <Delay = 0.97> <FuncUnit> <Opcode : 'and' 'or' 'xor'> <InPorts = 2> <OutPorts = 1>
ST_4 : Operation 264 [1/1] (1.24ns)   --->   "%select_ln40 = select i1 %or_ln40_1, i8 4, i8 %a_1" [conv.cpp:40]   --->   Operation 264 'select' 'select_ln40' <Predicate = (!icmp_ln38)> <Delay = 1.24> <CoreInst = "Sel">   --->   Core 73 'Sel' <Latency = 0> <II = 1> <Delay = 1.24> <FuncUnit> <Opcode : 'select'> <InPorts = 3> <OutPorts = 1>
ST_4 : Operation 265 [1/1] (0.00ns)   --->   "%zext_ln40_3 = zext i8 %add_ln40" [conv.cpp:40]   --->   Operation 265 'zext' 'zext_ln40_3' <Predicate = (!icmp_ln38)> <Delay = 0.00>
ST_4 : Operation 266 [1/1] (0.00ns)   --->   "%p_mid = partselect i6 @_ssdm_op_PartSelect.i6.i8.i32.i32, i8 %select_ln39, i32 2, i32 7" [conv.cpp:39]   --->   Operation 266 'partselect' 'p_mid' <Predicate = (!icmp_ln38)> <Delay = 0.00>
ST_4 : Operation 267 [1/1] (1.91ns)   --->   "%p_mid194 = add i9 %zext_ln40_3, i9 507" [conv.cpp:40]   --->   Operation 267 'add' 'p_mid194' <Predicate = (!icmp_ln38)> <Delay = 1.91> <CoreInst = "Adder">   --->   Core 1 'Adder' <Latency = 0> <II = 1> <Delay = 1.91> <FuncUnit> <Opcode : 'add' 'sub'> <InPorts = 2> <OutPorts = 1>
ST_4 : Operation 268 [1/1] (0.00ns)   --->   "%sext_ln40 = sext i9 %p_mid194" [conv.cpp:40]   --->   Operation 268 'sext' 'sext_ln40' <Predicate = (!icmp_ln38 & and_ln39_3 & !and_ln40_1 & !and_ln37)> <Delay = 0.00>
ST_4 : Operation 269 [1/1] (0.00ns) (grouped into LUT with out node select_ln40_3)   --->   "%tmp_2 = bitselect i1 @_ssdm_op_BitSelect.i1.i9.i32, i9 %p_mid194, i32 8" [conv.cpp:40]   --->   Operation 269 'bitselect' 'tmp_2' <Predicate = (!icmp_ln38 & and_ln39_3 & !and_ln40_1 & !and_ln37)> <Delay = 0.00>
ST_4 : Operation 270 [1/1] (0.00ns) (grouped into LUT with out node select_ln40_3)   --->   "%rev25 = xor i1 %tmp_2, i1 1" [conv.cpp:40]   --->   Operation 270 'xor' 'rev25' <Predicate = (!icmp_ln38 & and_ln39_3 & !and_ln40_1 & !and_ln37)> <Delay = 0.00> <CoreInst = "LogicGate">   --->   Core 74 'LogicGate' <Latency = 0> <II = 1> <Delay = 0.97> <FuncUnit> <Opcode : 'and' 'or' 'xor'> <InPorts = 2> <OutPorts = 1>
ST_4 : Operation 271 [1/1] (0.99ns) (out node of the LUT)   --->   "%select_ln40_3 = select i1 %and_ln39_3, i1 %rev25, i1 %and_ln39" [conv.cpp:40]   --->   Operation 271 'select' 'select_ln40_3' <Predicate = (!icmp_ln38 & !and_ln40_1 & !and_ln37)> <Delay = 0.99> <CoreInst = "Sel">   --->   Core 73 'Sel' <Latency = 0> <II = 1> <Delay = 0.99> <FuncUnit> <Opcode : 'select'> <InPorts = 3> <OutPorts = 1>
ST_4 : Operation 272 [4/4] (2.15ns) (root node of the DSP)   --->   "%mul_ln40 = mul i19 %sext_ln40, i19 904" [conv.cpp:40]   --->   Operation 272 'mul' 'mul_ln40' <Predicate = (!icmp_ln38 & and_ln39_3 & !and_ln40_1 & !and_ln37)> <Delay = 2.15> <CoreInst = "DSP48">   --->   Core 119 'DSP48' <Latency = 3> <II = 1> <Delay = 2.15> <IPBlock> <Opcode : 'mul' 'add' 'sub' 'select'> <InPorts = 0> <OutPorts = 1> <Sync> <CReg>
ST_4 : Operation 273 [1/1] (1.91ns)   --->   "%add_ln42 = add i8 %select_ln40, i8 4" [conv.cpp:42]   --->   Operation 273 'add' 'add_ln42' <Predicate = (!icmp_ln38 & and_ln40_1)> <Delay = 1.91> <CoreInst = "Adder">   --->   Core 1 'Adder' <Latency = 0> <II = 1> <Delay = 1.91> <FuncUnit> <Opcode : 'add' 'sub'> <InPorts = 2> <OutPorts = 1>
ST_4 : Operation 274 [1/1] (0.00ns) (grouped into LUT with out node or_ln37_1)   --->   "%or_ln37 = or i1 %and_ln40_1, i1 %and_ln39_3" [conv.cpp:37]   --->   Operation 274 'or' 'or_ln37' <Predicate = (!icmp_ln38)> <Delay = 0.00> <CoreInst = "LogicGate">   --->   Core 74 'LogicGate' <Latency = 0> <II = 1> <Delay = 0.97> <FuncUnit> <Opcode : 'and' 'or' 'xor'> <InPorts = 2> <OutPorts = 1>
ST_4 : Operation 275 [1/1] (0.97ns) (out node of the LUT)   --->   "%or_ln37_1 = or i1 %or_ln37, i1 %or_ln39" [conv.cpp:37]   --->   Operation 275 'or' 'or_ln37_1' <Predicate = (!icmp_ln38)> <Delay = 0.97> <CoreInst = "LogicGate">   --->   Core 74 'LogicGate' <Latency = 0> <II = 1> <Delay = 0.97> <FuncUnit> <Opcode : 'and' 'or' 'xor'> <InPorts = 2> <OutPorts = 1>
ST_4 : Operation 276 [1/1] (0.00ns) (grouped into LUT with out node select_ln53)   --->   "%or_ln53 = or i1 %or_ln40, i1 %and_ln40_1" [conv.cpp:53]   --->   Operation 276 'or' 'or_ln53' <Predicate = (!icmp_ln38)> <Delay = 0.00> <CoreInst = "LogicGate">   --->   Core 74 'LogicGate' <Latency = 0> <II = 1> <Delay = 0.97> <FuncUnit> <Opcode : 'and' 'or' 'xor'> <InPorts = 2> <OutPorts = 1>
ST_4 : Operation 277 [1/1] (0.00ns) (grouped into LUT with out node select_ln53)   --->   "%or_ln53_1 = or i1 %and_ln37, i1 %or_ln53" [conv.cpp:53]   --->   Operation 277 'or' 'or_ln53_1' <Predicate = (!icmp_ln38)> <Delay = 0.00> <CoreInst = "LogicGate">   --->   Core 74 'LogicGate' <Latency = 0> <II = 1> <Delay = 0.97> <FuncUnit> <Opcode : 'and' 'or' 'xor'> <InPorts = 2> <OutPorts = 1>
ST_4 : Operation 278 [1/1] (0.00ns) (grouped into LUT with out node select_ln53)   --->   "%or_ln53_2 = or i1 %or_ln53_1, i1 %icmp_ln39" [conv.cpp:53]   --->   Operation 278 'or' 'or_ln53_2' <Predicate = (!icmp_ln38)> <Delay = 0.00> <CoreInst = "LogicGate">   --->   Core 74 'LogicGate' <Latency = 0> <II = 1> <Delay = 0.97> <FuncUnit> <Opcode : 'and' 'or' 'xor'> <InPorts = 2> <OutPorts = 1>
ST_4 : Operation 279 [1/1] (1.02ns) (out node of the LUT)   --->   "%select_ln53 = select i1 %or_ln53_2, i4 0, i4 %k_load" [conv.cpp:53]   --->   Operation 279 'select' 'select_ln53' <Predicate = (!icmp_ln38)> <Delay = 1.02> <CoreInst = "Sel">   --->   Core 73 'Sel' <Latency = 0> <II = 1> <Delay = 1.02> <FuncUnit> <Opcode : 'select'> <InPorts = 3> <OutPorts = 1>

State 5 <SV = 4> <Delay = 6.30>
ST_5 : Operation 280 [1/1] (0.00ns)   --->   "%zext_ln53_1 = zext i4 %j_1" [conv.cpp:53]   --->   Operation 280 'zext' 'zext_ln53_1' <Predicate = (!and_ln37 & !or_ln37_1)> <Delay = 0.00>
ST_5 : Operation 281 [1/1] (3.74ns)   --->   "%mul_ln53_2 = mul i9 %zext_ln53_1, i9 44" [conv.cpp:53]   --->   Operation 281 'mul' 'mul_ln53_2' <Predicate = (!and_ln37 & !or_ln37_1)> <Delay = 3.74> <CoreInst = "Multiplier">   --->   Core 3 'Multiplier' <Latency = 0> <II = 1> <Delay = 3.74> <FuncUnit> <Opcode : 'mul'> <InPorts = 2> <OutPorts = 1>
ST_5 : Operation 282 [1/4] (0.00ns) (root node of the DSP)   --->   "%mul_ln53_3 = mul i19 %p_cast15, i19 904" [conv.cpp:40]   --->   Operation 282 'mul' 'mul_ln53_3' <Predicate = true> <Delay = 0.00> <CoreInst = "DSP48">   --->   Core 119 'DSP48' <Latency = 3> <II = 1> <Delay = 2.15> <IPBlock> <Opcode : 'mul' 'add' 'sub' 'select'> <InPorts = 0> <OutPorts = 1> <Sync> <CReg>
ST_5 : Operation 283 [2/4] (2.15ns) (root node of the DSP)   --->   "%mul_ln38 = mul i18 %zext_ln38_2, i18 1452" [conv.cpp:38]   --->   Operation 283 'mul' 'mul_ln38' <Predicate = (!icmp_ln38)> <Delay = 2.15> <CoreInst = "DSP48">   --->   Core 119 'DSP48' <Latency = 3> <II = 1> <Delay = 2.15> <IPBlock> <Opcode : 'mul' 'add' 'sub' 'select'> <InPorts = 0> <OutPorts = 1> <Sync> <CReg>
ST_5 : Operation 284 [1/1] (1.24ns)   --->   "%select_ln40_1 = select i1 %and_ln39_3, i8 %add_ln40, i8 %select_ln39" [conv.cpp:40]   --->   Operation 284 'select' 'select_ln40_1' <Predicate = (!icmp_ln38)> <Delay = 1.24> <CoreInst = "Sel">   --->   Core 73 'Sel' <Latency = 0> <II = 1> <Delay = 1.24> <FuncUnit> <Opcode : 'select'> <InPorts = 3> <OutPorts = 1>
ST_5 : Operation 285 [1/1] (0.00ns)   --->   "%select_ln40_2_cast = zext i8 %select_ln40_1" [conv.cpp:40]   --->   Operation 285 'zext' 'select_ln40_2_cast' <Predicate = (!icmp_ln38)> <Delay = 0.00>
ST_5 : Operation 286 [3/4] (2.15ns) (root node of the DSP)   --->   "%mul_ln40 = mul i19 %sext_ln40, i19 904" [conv.cpp:40]   --->   Operation 286 'mul' 'mul_ln40' <Predicate = (!icmp_ln38 & and_ln39_3 & !and_ln40_1 & !and_ln37)> <Delay = 2.15> <CoreInst = "DSP48">   --->   Core 119 'DSP48' <Latency = 3> <II = 1> <Delay = 2.15> <IPBlock> <Opcode : 'mul' 'add' 'sub' 'select'> <InPorts = 0> <OutPorts = 1> <Sync> <CReg>
ST_5 : Operation 287 [1/1] (1.02ns)   --->   "%select_ln37 = select i1 %or_ln37_1, i4 0, i4 %j_1" [conv.cpp:37]   --->   Operation 287 'select' 'select_ln37' <Predicate = (!icmp_ln38)> <Delay = 1.02> <CoreInst = "Sel">   --->   Core 73 'Sel' <Latency = 0> <II = 1> <Delay = 1.02> <FuncUnit> <Opcode : 'select'> <InPorts = 3> <OutPorts = 1>
ST_5 : Operation 288 [1/1] (1.24ns)   --->   "%select_ln37_2 = select i1 %and_ln40_1, i8 %add_ln42, i8 %select_ln40" [conv.cpp:37]   --->   Operation 288 'select' 'select_ln37_2' <Predicate = (!icmp_ln38)> <Delay = 1.24> <CoreInst = "Sel">   --->   Core 73 'Sel' <Latency = 0> <II = 1> <Delay = 1.24> <FuncUnit> <Opcode : 'select'> <InPorts = 3> <OutPorts = 1>
ST_5 : Operation 289 [1/1] (0.00ns)   --->   "%select_ln37_2_cast = zext i8 %select_ln37_2" [conv.cpp:37]   --->   Operation 289 'zext' 'select_ln37_2_cast' <Predicate = (!icmp_ln38)> <Delay = 0.00>
ST_5 : Operation 290 [1/1] (1.91ns)   --->   "%p_mid134 = add i9 %select_ln40_2_cast, i9 507" [conv.cpp:40]   --->   Operation 290 'add' 'p_mid134' <Predicate = (!icmp_ln38)> <Delay = 1.91> <CoreInst = "Adder">   --->   Core 1 'Adder' <Latency = 0> <II = 1> <Delay = 1.91> <FuncUnit> <Opcode : 'add' 'sub'> <InPorts = 2> <OutPorts = 1>
ST_5 : Operation 291 [1/1] (0.00ns)   --->   "%sext_ln37_1 = sext i9 %p_mid134" [conv.cpp:37]   --->   Operation 291 'sext' 'sext_ln37_1' <Predicate = (!icmp_ln38 & and_ln40_1 & !and_ln37)> <Delay = 0.00>
ST_5 : Operation 292 [1/1] (0.00ns) (grouped into LUT with out node and_ln52)   --->   "%tmp_10 = bitselect i1 @_ssdm_op_BitSelect.i1.i9.i32, i9 %p_mid134, i32 8" [conv.cpp:40]   --->   Operation 292 'bitselect' 'tmp_10' <Predicate = (!icmp_ln38 & and_ln40_1 & !and_ln37)> <Delay = 0.00>
ST_5 : Operation 293 [1/1] (0.00ns) (grouped into LUT with out node and_ln52)   --->   "%rev28 = xor i1 %tmp_10, i1 1" [conv.cpp:40]   --->   Operation 293 'xor' 'rev28' <Predicate = (!icmp_ln38 & and_ln40_1 & !and_ln37)> <Delay = 0.00> <CoreInst = "LogicGate">   --->   Core 74 'LogicGate' <Latency = 0> <II = 1> <Delay = 0.97> <FuncUnit> <Opcode : 'and' 'or' 'xor'> <InPorts = 2> <OutPorts = 1>
ST_5 : Operation 294 [1/1] (0.00ns) (grouped into LUT with out node and_ln52)   --->   "%select_ln37_3 = select i1 %and_ln40_1, i1 %rev28, i1 %select_ln40_3" [conv.cpp:37]   --->   Operation 294 'select' 'select_ln37_3' <Predicate = (!icmp_ln38 & !and_ln37)> <Delay = 0.00> <CoreInst = "Sel">   --->   Core 73 'Sel' <Latency = 0> <II = 1> <Delay = 0.99> <FuncUnit> <Opcode : 'select'> <InPorts = 3> <OutPorts = 1>
ST_5 : Operation 295 [4/4] (2.15ns) (root node of the DSP)   --->   "%mul_ln37 = mul i19 %sext_ln37_1, i19 904" [conv.cpp:37]   --->   Operation 295 'mul' 'mul_ln37' <Predicate = (!icmp_ln38 & and_ln40_1 & !and_ln37)> <Delay = 2.15> <CoreInst = "DSP48">   --->   Core 119 'DSP48' <Latency = 3> <II = 1> <Delay = 2.15> <IPBlock> <Opcode : 'mul' 'add' 'sub' 'select'> <InPorts = 0> <OutPorts = 1> <Sync> <CReg>
ST_5 : Operation 296 [1/1] (1.73ns)   --->   "%tmp3_mid1 = add i4 %select_ln37, i4 12" [conv.cpp:37]   --->   Operation 296 'add' 'tmp3_mid1' <Predicate = (!icmp_ln38)> <Delay = 1.73> <CoreInst = "Adder">   --->   Core 1 'Adder' <Latency = 0> <II = 1> <Delay = 1.73> <FuncUnit> <Opcode : 'add' 'sub'> <InPorts = 2> <OutPorts = 1>
ST_5 : Operation 297 [1/1] (0.00ns)   --->   "%tmp3_cast_mid1 = sext i4 %tmp3_mid1" [conv.cpp:37]   --->   Operation 297 'sext' 'tmp3_cast_mid1' <Predicate = (!icmp_ln38)> <Delay = 0.00>
ST_5 : Operation 298 [1/1] (1.91ns)   --->   "%p_mid1 = add i9 %tmp3_cast_mid1, i9 %select_ln40_2_cast" [conv.cpp:37]   --->   Operation 298 'add' 'p_mid1' <Predicate = (!icmp_ln38)> <Delay = 1.91> <CoreInst = "Adder">   --->   Core 1 'Adder' <Latency = 0> <II = 1> <Delay = 1.91> <FuncUnit> <Opcode : 'add' 'sub'> <InPorts = 2> <OutPorts = 1>
ST_5 : Operation 299 [1/1] (0.00ns) (grouped into LUT with out node and_ln52)   --->   "%tmp_11 = bitselect i1 @_ssdm_op_BitSelect.i1.i9.i32, i9 %p_mid1, i32 8" [conv.cpp:37]   --->   Operation 299 'bitselect' 'tmp_11' <Predicate = (!icmp_ln38 & and_ln37)> <Delay = 0.00>
ST_5 : Operation 300 [1/1] (0.00ns) (grouped into LUT with out node and_ln52)   --->   "%rev31 = xor i1 %tmp_11, i1 1" [conv.cpp:37]   --->   Operation 300 'xor' 'rev31' <Predicate = (!icmp_ln38 & and_ln37)> <Delay = 0.00> <CoreInst = "LogicGate">   --->   Core 74 'LogicGate' <Latency = 0> <II = 1> <Delay = 0.97> <FuncUnit> <Opcode : 'and' 'or' 'xor'> <InPorts = 2> <OutPorts = 1>
ST_5 : Operation 301 [1/1] (0.00ns) (grouped into LUT with out node and_ln52)   --->   "%select_ln53_1 = select i1 %and_ln37, i1 %rev31, i1 %select_ln37_3" [conv.cpp:53]   --->   Operation 301 'select' 'select_ln53_1' <Predicate = (!icmp_ln38)> <Delay = 0.00> <CoreInst = "Sel">   --->   Core 73 'Sel' <Latency = 0> <II = 1> <Delay = 0.99> <FuncUnit> <Opcode : 'select'> <InPorts = 3> <OutPorts = 1>
ST_5 : Operation 302 [1/1] (1.73ns)   --->   "%add_ln52_1 = add i4 %select_ln53, i4 11" [conv.cpp:52]   --->   Operation 302 'add' 'add_ln52_1' <Predicate = (!icmp_ln38)> <Delay = 1.73> <CoreInst = "Adder">   --->   Core 1 'Adder' <Latency = 0> <II = 1> <Delay = 1.73> <FuncUnit> <Opcode : 'add' 'sub'> <InPorts = 2> <OutPorts = 1>
ST_5 : Operation 303 [1/1] (0.00ns)   --->   "%sext_ln52 = sext i4 %add_ln52_1" [conv.cpp:52]   --->   Operation 303 'sext' 'sext_ln52' <Predicate = (!icmp_ln38)> <Delay = 0.00>
ST_5 : Operation 304 [1/1] (1.91ns)   --->   "%add_ln52 = add i9 %sext_ln52, i9 %select_ln37_2_cast" [conv.cpp:52]   --->   Operation 304 'add' 'add_ln52' <Predicate = (!icmp_ln38)> <Delay = 1.91> <CoreInst = "Adder">   --->   Core 1 'Adder' <Latency = 0> <II = 1> <Delay = 1.91> <FuncUnit> <Opcode : 'add' 'sub'> <InPorts = 2> <OutPorts = 1>
ST_5 : Operation 305 [1/1] (1.66ns)   --->   "%icmp_ln52 = icmp_ult  i9 %add_ln52, i9 226" [conv.cpp:52]   --->   Operation 305 'icmp' 'icmp_ln52' <Predicate = (!icmp_ln38)> <Delay = 1.66> <CoreInst = "Cmp">   --->   Core 9 'Cmp' <Latency = 0> <II = 1> <Delay = 1.66> <FuncUnit> <Opcode : 'icmp'> <InPorts = 2> <OutPorts = 1>
ST_5 : Operation 306 [1/1] (0.99ns) (out node of the LUT)   --->   "%and_ln52 = and i1 %icmp_ln52, i1 %select_ln53_1" [conv.cpp:52]   --->   Operation 306 'and' 'and_ln52' <Predicate = (!icmp_ln38)> <Delay = 0.99> <CoreInst = "LogicGate">   --->   Core 74 'LogicGate' <Latency = 0> <II = 1> <Delay = 0.97> <FuncUnit> <Opcode : 'and' 'or' 'xor'> <InPorts = 2> <OutPorts = 1>
ST_5 : Operation 307 [1/1] (0.00ns)   --->   "%br_ln52 = br i1 %and_ln52, void %for.inc69, void %if.then" [conv.cpp:52]   --->   Operation 307 'br' 'br_ln52' <Predicate = (!icmp_ln38)> <Delay = 0.00>
ST_5 : Operation 308 [1/1] (1.58ns)   --->   "%store_ln47 = store i8 %select_ln40_1, i8 %i" [conv.cpp:47]   --->   Operation 308 'store' 'store_ln47' <Predicate = (!icmp_ln38)> <Delay = 1.58>
ST_5 : Operation 309 [1/1] (1.58ns)   --->   "%store_ln47 = store i8 %select_ln37_2, i8 %a" [conv.cpp:47]   --->   Operation 309 'store' 'store_ln47' <Predicate = (!icmp_ln38)> <Delay = 1.58>

State 6 <SV = 5> <Delay = 5.21>
ST_6 : Operation 310 [1/4] (0.00ns) (root node of the DSP)   --->   "%mul_ln38 = mul i18 %zext_ln38_2, i18 1452" [conv.cpp:38]   --->   Operation 310 'mul' 'mul_ln38' <Predicate = (!icmp_ln38)> <Delay = 0.00> <CoreInst = "DSP48">   --->   Core 119 'DSP48' <Latency = 3> <II = 1> <Delay = 2.15> <IPBlock> <Opcode : 'mul' 'add' 'sub' 'select'> <InPorts = 0> <OutPorts = 1> <Sync> <CReg>
ST_6 : Operation 311 [1/1] (0.00ns)   --->   "%zext_ln38_3 = zext i18 %mul_ln38" [conv.cpp:38]   --->   Operation 311 'zext' 'zext_ln38_3' <Predicate = (!icmp_ln38)> <Delay = 0.00>
ST_6 : Operation 312 [1/1] (3.52ns)   --->   "%add_ln38_1 = add i64 %zext_ln38_3, i64 %weights_read" [conv.cpp:38]   --->   Operation 312 'add' 'add_ln38_1' <Predicate = (!icmp_ln38)> <Delay = 3.52> <CoreInst = "Adder">   --->   Core 1 'Adder' <Latency = 0> <II = 1> <Delay = 3.52> <FuncUnit> <Opcode : 'add' 'sub'> <InPorts = 2> <OutPorts = 1>
ST_6 : Operation 313 [1/1] (0.00ns) (grouped into LUT with out node select_ln39_1)   --->   "%select_ln38_3 = select i1 %icmp_ln39, i11 0, i11 %mul_ln53" [conv.cpp:38]   --->   Operation 313 'select' 'select_ln38_3' <Predicate = (!icmp_ln38 & !and_ln38_4)> <Delay = 0.00> <CoreInst = "Sel">   --->   Core 73 'Sel' <Latency = 0> <II = 1> <Delay = 0.69> <FuncUnit> <Opcode : 'select'> <InPorts = 3> <OutPorts = 1>
ST_6 : Operation 314 [1/1] (0.00ns)   --->   "%zext_ln39_3 = zext i2 %add_ln39" [conv.cpp:39]   --->   Operation 314 'zext' 'zext_ln39_3' <Predicate = (!icmp_ln38 & and_ln38_4)> <Delay = 0.00>
ST_6 : Operation 315 [1/1] (4.52ns)   --->   "%mul_ln53_4 = mul i11 %zext_ln39_3, i11 484" [conv.cpp:53]   --->   Operation 315 'mul' 'mul_ln53_4' <Predicate = (!icmp_ln38 & and_ln38_4)> <Delay = 4.52> <CoreInst = "Multiplier">   --->   Core 3 'Multiplier' <Latency = 0> <II = 1> <Delay = 4.52> <FuncUnit> <Opcode : 'mul'> <InPorts = 2> <OutPorts = 1>
ST_6 : Operation 316 [1/1] (0.69ns) (out node of the LUT)   --->   "%select_ln39_1 = select i1 %and_ln38_4, i11 %mul_ln53_4, i11 %select_ln38_3" [conv.cpp:39]   --->   Operation 316 'select' 'select_ln39_1' <Predicate = (!icmp_ln38)> <Delay = 0.69> <CoreInst = "Sel">   --->   Core 73 'Sel' <Latency = 0> <II = 1> <Delay = 0.69> <FuncUnit> <Opcode : 'select'> <InPorts = 3> <OutPorts = 1>
ST_6 : Operation 317 [2/4] (2.15ns) (root node of the DSP)   --->   "%mul_ln40 = mul i19 %sext_ln40, i19 904" [conv.cpp:40]   --->   Operation 317 'mul' 'mul_ln40' <Predicate = (!icmp_ln38 & and_ln39_3 & !and_ln40_1 & !and_ln37)> <Delay = 2.15> <CoreInst = "DSP48">   --->   Core 119 'DSP48' <Latency = 3> <II = 1> <Delay = 2.15> <IPBlock> <Opcode : 'mul' 'add' 'sub' 'select'> <InPorts = 0> <OutPorts = 1> <Sync> <CReg>
ST_6 : Operation 318 [3/4] (2.15ns) (root node of the DSP)   --->   "%mul_ln37 = mul i19 %sext_ln37_1, i19 904" [conv.cpp:37]   --->   Operation 318 'mul' 'mul_ln37' <Predicate = (!icmp_ln38 & and_ln40_1 & !and_ln37)> <Delay = 2.15> <CoreInst = "DSP48">   --->   Core 119 'DSP48' <Latency = 3> <II = 1> <Delay = 2.15> <IPBlock> <Opcode : 'mul' 'add' 'sub' 'select'> <InPorts = 0> <OutPorts = 1> <Sync> <CReg>
ST_6 : Operation 319 [1/1] (0.00ns)   --->   "%sext_ln53_2 = sext i9 %p_mid1" [conv.cpp:53]   --->   Operation 319 'sext' 'sext_ln53_2' <Predicate = (!icmp_ln38 & and_ln37)> <Delay = 0.00>
ST_6 : Operation 320 [4/4] (2.15ns) (root node of the DSP)   --->   "%mul_ln53_7 = mul i19 %sext_ln53_2, i19 904" [conv.cpp:53]   --->   Operation 320 'mul' 'mul_ln53_7' <Predicate = (!icmp_ln38 & and_ln37)> <Delay = 2.15> <CoreInst = "DSP48">   --->   Core 119 'DSP48' <Latency = 3> <II = 1> <Delay = 2.15> <IPBlock> <Opcode : 'mul' 'add' 'sub' 'select'> <InPorts = 0> <OutPorts = 1> <Sync> <CReg>

State 7 <SV = 6> <Delay = 6.44>
ST_7 : Operation 321 [1/1] (0.00ns)   --->   "%zext_ln38 = zext i7 %f_1" [conv.cpp:38]   --->   Operation 321 'zext' 'zext_ln38' <Predicate = true> <Delay = 0.00>
ST_7 : Operation 322 [4/4] (2.15ns) (root node of the DSP)   --->   "%empty = mul i21 %zext_ln38, i21 12100" [conv.cpp:38]   --->   Operation 322 'mul' 'empty' <Predicate = true> <Delay = 2.15> <CoreInst = "DSP48">   --->   Core 119 'DSP48' <Latency = 3> <II = 1> <Delay = 2.15> <IPBlock> <Opcode : 'mul' 'add' 'sub' 'select'> <InPorts = 0> <OutPorts = 1> <Sync> <CReg>
ST_7 : Operation 323 [1/4] (0.00ns) (root node of the DSP)   --->   "%mul_ln40 = mul i19 %sext_ln40, i19 904" [conv.cpp:40]   --->   Operation 323 'mul' 'mul_ln40' <Predicate = (!icmp_ln38 & and_ln39_3 & !and_ln40_1 & !and_ln37)> <Delay = 0.00> <CoreInst = "DSP48">   --->   Core 119 'DSP48' <Latency = 3> <II = 1> <Delay = 2.15> <IPBlock> <Opcode : 'mul' 'add' 'sub' 'select'> <InPorts = 0> <OutPorts = 1> <Sync> <CReg>
ST_7 : Operation 324 [1/1] (0.00ns) (grouped into LUT with out node select_ln53_2)   --->   "%select_ln37_4 = select i1 %or_ln37_1, i9 0, i9 %mul_ln53_2" [conv.cpp:37]   --->   Operation 324 'select' 'select_ln37_4' <Predicate = (!icmp_ln38 & !and_ln37)> <Delay = 0.00> <CoreInst = "Sel">   --->   Core 73 'Sel' <Latency = 0> <II = 1> <Delay = 0.96> <FuncUnit> <Opcode : 'select'> <InPorts = 3> <OutPorts = 1>
ST_7 : Operation 325 [2/4] (2.15ns) (root node of the DSP)   --->   "%mul_ln37 = mul i19 %sext_ln37_1, i19 904" [conv.cpp:37]   --->   Operation 325 'mul' 'mul_ln37' <Predicate = (!icmp_ln38 & and_ln40_1 & !and_ln37)> <Delay = 2.15> <CoreInst = "DSP48">   --->   Core 119 'DSP48' <Latency = 3> <II = 1> <Delay = 2.15> <IPBlock> <Opcode : 'mul' 'add' 'sub' 'select'> <InPorts = 0> <OutPorts = 1> <Sync> <CReg>
ST_7 : Operation 326 [1/1] (1.73ns)   --->   "%add_ln46 = add i4 %select_ln37, i4 1" [conv.cpp:46]   --->   Operation 326 'add' 'add_ln46' <Predicate = (!icmp_ln38)> <Delay = 1.73> <CoreInst = "Adder">   --->   Core 1 'Adder' <Latency = 0> <II = 1> <Delay = 1.73> <FuncUnit> <Opcode : 'add' 'sub'> <InPorts = 2> <OutPorts = 1>
ST_7 : Operation 327 [1/1] (0.00ns)   --->   "%zext_ln53_6 = zext i4 %add_ln46" [conv.cpp:53]   --->   Operation 327 'zext' 'zext_ln53_6' <Predicate = (!icmp_ln38 & and_ln37)> <Delay = 0.00>
ST_7 : Operation 328 [1/1] (3.74ns)   --->   "%mul_ln53_6 = mul i9 %zext_ln53_6, i9 44" [conv.cpp:53]   --->   Operation 328 'mul' 'mul_ln53_6' <Predicate = (!icmp_ln38 & and_ln37)> <Delay = 3.74> <CoreInst = "Multiplier">   --->   Core 3 'Multiplier' <Latency = 0> <II = 1> <Delay = 3.74> <FuncUnit> <Opcode : 'mul'> <InPorts = 2> <OutPorts = 1>
ST_7 : Operation 329 [1/1] (0.96ns) (out node of the LUT)   --->   "%select_ln53_2 = select i1 %and_ln37, i9 %mul_ln53_6, i9 %select_ln37_4" [conv.cpp:53]   --->   Operation 329 'select' 'select_ln53_2' <Predicate = (!icmp_ln38)> <Delay = 0.96> <CoreInst = "Sel">   --->   Core 73 'Sel' <Latency = 0> <II = 1> <Delay = 0.96> <FuncUnit> <Opcode : 'select'> <InPorts = 3> <OutPorts = 1>
ST_7 : Operation 330 [3/4] (2.15ns) (root node of the DSP)   --->   "%mul_ln53_7 = mul i19 %sext_ln53_2, i19 904" [conv.cpp:53]   --->   Operation 330 'mul' 'mul_ln53_7' <Predicate = (!icmp_ln38 & and_ln37)> <Delay = 2.15> <CoreInst = "DSP48">   --->   Core 119 'DSP48' <Latency = 3> <II = 1> <Delay = 2.15> <IPBlock> <Opcode : 'mul' 'add' 'sub' 'select'> <InPorts = 0> <OutPorts = 1> <Sync> <CReg>

State 8 <SV = 7> <Delay = 6.98>
ST_8 : Operation 331 [3/4] (2.15ns) (root node of the DSP)   --->   "%empty = mul i21 %zext_ln38, i21 12100" [conv.cpp:38]   --->   Operation 331 'mul' 'empty' <Predicate = true> <Delay = 2.15> <CoreInst = "DSP48">   --->   Core 119 'DSP48' <Latency = 3> <II = 1> <Delay = 2.15> <IPBlock> <Opcode : 'mul' 'add' 'sub' 'select'> <InPorts = 0> <OutPorts = 1> <Sync> <CReg>
ST_8 : Operation 332 [1/1] (0.00ns)   --->   "%p_cast = zext i6 %tmp_3" [conv.cpp:41]   --->   Operation 332 'zext' 'p_cast' <Predicate = true> <Delay = 0.00>
ST_8 : Operation 333 [1/1] (4.35ns)   --->   "%empty_26 = mul i14 %p_cast, i14 220" [conv.cpp:41]   --->   Operation 333 'mul' 'empty_26' <Predicate = true> <Delay = 4.35> <CoreInst = "Multiplier">   --->   Core 3 'Multiplier' <Latency = 0> <II = 1> <Delay = 4.35> <FuncUnit> <Opcode : 'mul'> <InPorts = 2> <OutPorts = 1>
ST_8 : Operation 334 [1/1] (0.00ns)   --->   "%zext_ln38_1 = zext i7 %add_ln38_2" [conv.cpp:38]   --->   Operation 334 'zext' 'zext_ln38_1' <Predicate = (!icmp_ln38)> <Delay = 0.00>
ST_8 : Operation 335 [4/4] (2.15ns) (root node of the DSP)   --->   "%p_mid1205 = mul i21 %zext_ln38_1, i21 12100" [conv.cpp:38]   --->   Operation 335 'mul' 'p_mid1205' <Predicate = (!icmp_ln38)> <Delay = 2.15> <CoreInst = "DSP48">   --->   Core 119 'DSP48' <Latency = 3> <II = 1> <Delay = 2.15> <IPBlock> <Opcode : 'mul' 'add' 'sub' 'select'> <InPorts = 0> <OutPorts = 1> <Sync> <CReg>
ST_8 : Operation 336 [1/1] (0.00ns) (grouped into LUT with out node select_ln37_5)   --->   "%select_ln39_4 = select i1 %or_ln39, i19 523384, i19 %mul_ln53_3" [conv.cpp:39]   --->   Operation 336 'select' 'select_ln39_4' <Predicate = (!icmp_ln38 & !and_ln39_3 & !and_ln40_1 & !and_ln37)> <Delay = 0.00> <CoreInst = "Sel">   --->   Core 73 'Sel' <Latency = 0> <II = 1> <Delay = 0.73> <FuncUnit> <Opcode : 'select'> <InPorts = 3> <OutPorts = 1>
ST_8 : Operation 337 [1/1] (0.00ns) (grouped into LUT with out node select_ln37_5)   --->   "%select_ln40_4 = select i1 %and_ln39_3, i19 %mul_ln40, i19 %select_ln39_4" [conv.cpp:40]   --->   Operation 337 'select' 'select_ln40_4' <Predicate = (!icmp_ln38 & !and_ln40_1 & !and_ln37)> <Delay = 0.00> <CoreInst = "Sel">   --->   Core 73 'Sel' <Latency = 0> <II = 1> <Delay = 0.73> <FuncUnit> <Opcode : 'select'> <InPorts = 3> <OutPorts = 1>
ST_8 : Operation 338 [1/4] (0.00ns) (root node of the DSP)   --->   "%mul_ln37 = mul i19 %sext_ln37_1, i19 904" [conv.cpp:37]   --->   Operation 338 'mul' 'mul_ln37' <Predicate = (!icmp_ln38 & and_ln40_1 & !and_ln37)> <Delay = 0.00> <CoreInst = "DSP48">   --->   Core 119 'DSP48' <Latency = 3> <II = 1> <Delay = 2.15> <IPBlock> <Opcode : 'mul' 'add' 'sub' 'select'> <InPorts = 0> <OutPorts = 1> <Sync> <CReg>
ST_8 : Operation 339 [1/1] (0.73ns) (out node of the LUT)   --->   "%select_ln37_5 = select i1 %and_ln40_1, i19 %mul_ln37, i19 %select_ln40_4" [conv.cpp:37]   --->   Operation 339 'select' 'select_ln37_5' <Predicate = (!icmp_ln38 & !and_ln37)> <Delay = 0.73> <CoreInst = "Sel">   --->   Core 73 'Sel' <Latency = 0> <II = 1> <Delay = 0.73> <FuncUnit> <Opcode : 'select'> <InPorts = 3> <OutPorts = 1>
ST_8 : Operation 340 [2/4] (2.15ns) (root node of the DSP)   --->   "%mul_ln53_7 = mul i19 %sext_ln53_2, i19 904" [conv.cpp:53]   --->   Operation 340 'mul' 'mul_ln53_7' <Predicate = (!icmp_ln38 & and_ln37)> <Delay = 2.15> <CoreInst = "DSP48">   --->   Core 119 'DSP48' <Latency = 3> <II = 1> <Delay = 2.15> <IPBlock> <Opcode : 'mul' 'add' 'sub' 'select'> <InPorts = 0> <OutPorts = 1> <Sync> <CReg>
ST_8 : Operation 341 [1/1] (0.00ns)   --->   "%shl_ln = bitconcatenate i6 @_ssdm_op_BitConcatenate.i6.i4.i2, i4 %select_ln53, i2 0" [conv.cpp:53]   --->   Operation 341 'bitconcatenate' 'shl_ln' <Predicate = (!icmp_ln38 & and_ln52)> <Delay = 0.00>
ST_8 : Operation 342 [1/1] (0.00ns)   --->   "%zext_ln53_2 = zext i6 %shl_ln" [conv.cpp:53]   --->   Operation 342 'zext' 'zext_ln53_2' <Predicate = (!icmp_ln38 & and_ln52)> <Delay = 0.00>
ST_8 : Operation 343 [1/1] (1.82ns)   --->   "%add_ln53_1 = add i9 %select_ln53_2, i9 %zext_ln53_2" [conv.cpp:53]   --->   Operation 343 'add' 'add_ln53_1' <Predicate = (!icmp_ln38 & and_ln52)> <Delay = 1.82> <CoreInst = "Adder">   --->   Core 1 'Adder' <Latency = 0> <II = 1> <Delay = 1.82> <FuncUnit> <Opcode : 'add' 'sub'> <InPorts = 2> <OutPorts = 1>
ST_8 : Operation 344 [1/1] (0.00ns)   --->   "%zext_ln53_3 = zext i9 %add_ln53_1" [conv.cpp:53]   --->   Operation 344 'zext' 'zext_ln53_3' <Predicate = (!icmp_ln38 & and_ln52)> <Delay = 0.00>
ST_8 : Operation 345 [1/1] (1.63ns)   --->   "%add_ln53_2 = add i11 %zext_ln53_3, i11 %select_ln39_1" [conv.cpp:53]   --->   Operation 345 'add' 'add_ln53_2' <Predicate = (!icmp_ln38 & and_ln52)> <Delay = 1.63> <CoreInst = "Adder">   --->   Core 1 'Adder' <Latency = 0> <II = 1> <Delay = 1.63> <FuncUnit> <Opcode : 'add' 'sub'> <InPorts = 2> <OutPorts = 1>
ST_8 : Operation 346 [1/1] (0.00ns)   --->   "%zext_ln53_4 = zext i11 %add_ln53_2" [conv.cpp:53]   --->   Operation 346 'zext' 'zext_ln53_4' <Predicate = (!icmp_ln38 & and_ln52)> <Delay = 0.00>
ST_8 : Operation 347 [1/1] (3.52ns)   --->   "%add_ln53_3 = add i64 %zext_ln53_4, i64 %add_ln38_1" [conv.cpp:53]   --->   Operation 347 'add' 'add_ln53_3' <Predicate = (!icmp_ln38 & and_ln52)> <Delay = 3.52> <CoreInst = "Adder">   --->   Core 1 'Adder' <Latency = 0> <II = 1> <Delay = 3.52> <FuncUnit> <Opcode : 'add' 'sub'> <InPorts = 2> <OutPorts = 1>
ST_8 : Operation 348 [1/1] (0.00ns)   --->   "%trunc_ln53_1 = partselect i62 @_ssdm_op_PartSelect.i62.i64.i32.i32, i64 %add_ln53_3, i32 2, i32 63" [conv.cpp:53]   --->   Operation 348 'partselect' 'trunc_ln53_1' <Predicate = (!icmp_ln38 & and_ln52)> <Delay = 0.00>
ST_8 : Operation 349 [1/1] (0.00ns)   --->   "%sext_ln53 = sext i62 %trunc_ln53_1" [conv.cpp:53]   --->   Operation 349 'sext' 'sext_ln53' <Predicate = (!icmp_ln38 & and_ln52)> <Delay = 0.00>
ST_8 : Operation 350 [1/1] (0.00ns)   --->   "%mem2_addr = getelementptr i32 %mem2, i64 %sext_ln53" [conv.cpp:53]   --->   Operation 350 'getelementptr' 'mem2_addr' <Predicate = (!icmp_ln38 & and_ln52)> <Delay = 0.00>

State 9 <SV = 8> <Delay = 7.30>
ST_9 : Operation 351 [2/4] (2.15ns) (root node of the DSP)   --->   "%empty = mul i21 %zext_ln38, i21 12100" [conv.cpp:38]   --->   Operation 351 'mul' 'empty' <Predicate = true> <Delay = 2.15> <CoreInst = "DSP48">   --->   Core 119 'DSP48' <Latency = 3> <II = 1> <Delay = 2.15> <IPBlock> <Opcode : 'mul' 'add' 'sub' 'select'> <InPorts = 0> <OutPorts = 1> <Sync> <CReg>
ST_9 : Operation 352 [3/4] (2.15ns) (root node of the DSP)   --->   "%p_mid1205 = mul i21 %zext_ln38_1, i21 12100" [conv.cpp:38]   --->   Operation 352 'mul' 'p_mid1205' <Predicate = (!icmp_ln38)> <Delay = 2.15> <CoreInst = "DSP48">   --->   Core 119 'DSP48' <Latency = 3> <II = 1> <Delay = 2.15> <IPBlock> <Opcode : 'mul' 'add' 'sub' 'select'> <InPorts = 0> <OutPorts = 1> <Sync> <CReg>
ST_9 : Operation 353 [1/1] (0.00ns)   --->   "%p_cast_mid1 = zext i6 %p_mid" [conv.cpp:39]   --->   Operation 353 'zext' 'p_cast_mid1' <Predicate = (!icmp_ln38)> <Delay = 0.00>
ST_9 : Operation 354 [1/1] (4.35ns)   --->   "%p_mid164 = mul i14 %p_cast_mid1, i14 220" [conv.cpp:39]   --->   Operation 354 'mul' 'p_mid164' <Predicate = (!icmp_ln38)> <Delay = 4.35> <CoreInst = "Multiplier">   --->   Core 3 'Multiplier' <Latency = 0> <II = 1> <Delay = 4.35> <FuncUnit> <Opcode : 'mul'> <InPorts = 2> <OutPorts = 1>
ST_9 : Operation 355 [1/4] (0.00ns) (root node of the DSP)   --->   "%mul_ln53_7 = mul i19 %sext_ln53_2, i19 904" [conv.cpp:53]   --->   Operation 355 'mul' 'mul_ln53_7' <Predicate = (!icmp_ln38 & and_ln37)> <Delay = 0.00> <CoreInst = "DSP48">   --->   Core 119 'DSP48' <Latency = 3> <II = 1> <Delay = 2.15> <IPBlock> <Opcode : 'mul' 'add' 'sub' 'select'> <InPorts = 0> <OutPorts = 1> <Sync> <CReg>
ST_9 : Operation 356 [1/1] (0.73ns) (out node of the LUT)   --->   "%select_ln53_3 = select i1 %and_ln37, i19 %mul_ln53_7, i19 %select_ln37_5" [conv.cpp:53]   --->   Operation 356 'select' 'select_ln53_3' <Predicate = (!icmp_ln38)> <Delay = 0.73> <CoreInst = "Sel">   --->   Core 73 'Sel' <Latency = 0> <II = 1> <Delay = 0.73> <FuncUnit> <Opcode : 'select'> <InPorts = 3> <OutPorts = 1>
ST_9 : Operation 357 [70/70] (7.30ns)   --->   "%mem2_load_req = readreq i1 @_ssdm_op_ReadReq.m_axi.i32P1A, i32 %mem2_addr, i32 1" [conv.cpp:53]   --->   Operation 357 'readreq' 'mem2_load_req' <Predicate = (!icmp_ln38 & and_ln52)> <Delay = 7.30> <CoreInst = "m_axi">   --->   Core 113 'm_axi' <Latency = 0> <II = 1> <Delay = 1.00> <Adapter> <Opcode : 'read' 'write' 'readreq' 'writereq' 'writeresp'>
ST_9 : Operation 358 [1/1] (0.00ns)   --->   "%tmp_9 = bitconcatenate i11 @_ssdm_op_BitConcatenate.i11.i9.i2, i9 %add_ln52, i2 0" [conv.cpp:53]   --->   Operation 358 'bitconcatenate' 'tmp_9' <Predicate = (!icmp_ln38 & and_ln52)> <Delay = 0.00>
ST_9 : Operation 359 [1/1] (0.00ns)   --->   "%zext_ln53_7 = zext i11 %tmp_9" [conv.cpp:53]   --->   Operation 359 'zext' 'zext_ln53_7' <Predicate = (!icmp_ln38 & and_ln52)> <Delay = 0.00>
ST_9 : Operation 360 [1/1] (2.16ns)   --->   "%add_ln53_5 = add i19 %select_ln53_3, i19 %zext_ln53_7" [conv.cpp:53]   --->   Operation 360 'add' 'add_ln53_5' <Predicate = (!icmp_ln38 & and_ln52)> <Delay = 2.16> <CoreInst = "Adder">   --->   Core 1 'Adder' <Latency = 0> <II = 1> <Delay = 2.16> <FuncUnit> <Opcode : 'add' 'sub'> <InPorts = 2> <OutPorts = 1>

State 10 <SV = 9> <Delay = 7.30>
ST_10 : Operation 361 [1/4] (0.00ns) (root node of the DSP)   --->   "%empty = mul i21 %zext_ln38, i21 12100" [conv.cpp:38]   --->   Operation 361 'mul' 'empty' <Predicate = true> <Delay = 0.00> <CoreInst = "DSP48">   --->   Core 119 'DSP48' <Latency = 3> <II = 1> <Delay = 2.15> <IPBlock> <Opcode : 'mul' 'add' 'sub' 'select'> <InPorts = 0> <OutPorts = 1> <Sync> <CReg>
ST_10 : Operation 362 [2/4] (2.15ns) (root node of the DSP)   --->   "%p_mid1205 = mul i21 %zext_ln38_1, i21 12100" [conv.cpp:38]   --->   Operation 362 'mul' 'p_mid1205' <Predicate = (!icmp_ln38)> <Delay = 2.15> <CoreInst = "DSP48">   --->   Core 119 'DSP48' <Latency = 3> <II = 1> <Delay = 2.15> <IPBlock> <Opcode : 'mul' 'add' 'sub' 'select'> <InPorts = 0> <OutPorts = 1> <Sync> <CReg>
ST_10 : Operation 363 [69/70] (7.30ns)   --->   "%mem2_load_req = readreq i1 @_ssdm_op_ReadReq.m_axi.i32P1A, i32 %mem2_addr, i32 1" [conv.cpp:53]   --->   Operation 363 'readreq' 'mem2_load_req' <Predicate = (!icmp_ln38 & and_ln52)> <Delay = 7.30> <CoreInst = "m_axi">   --->   Core 113 'm_axi' <Latency = 0> <II = 1> <Delay = 1.00> <Adapter> <Opcode : 'read' 'write' 'readreq' 'writereq' 'writeresp'>
ST_10 : Operation 364 [1/1] (0.00ns)   --->   "%sext_ln53_3 = sext i19 %add_ln53_5" [conv.cpp:53]   --->   Operation 364 'sext' 'sext_ln53_3' <Predicate = (!icmp_ln38 & and_ln52)> <Delay = 0.00>
ST_10 : Operation 365 [1/1] (3.52ns)   --->   "%add_ln53_6 = add i64 %sext_ln53_3, i64 %select_ln39_2" [conv.cpp:53]   --->   Operation 365 'add' 'add_ln53_6' <Predicate = (!icmp_ln38 & and_ln52)> <Delay = 3.52> <CoreInst = "Adder">   --->   Core 1 'Adder' <Latency = 0> <II = 1> <Delay = 3.52> <FuncUnit> <Opcode : 'add' 'sub'> <InPorts = 2> <OutPorts = 1>
ST_10 : Operation 366 [1/1] (0.00ns)   --->   "%trunc_ln53_2 = partselect i62 @_ssdm_op_PartSelect.i62.i64.i32.i32, i64 %add_ln53_6, i32 2, i32 63" [conv.cpp:53]   --->   Operation 366 'partselect' 'trunc_ln53_2' <Predicate = (!icmp_ln38 & and_ln52)> <Delay = 0.00>
ST_10 : Operation 367 [1/1] (0.00ns)   --->   "%sext_ln53_1 = sext i62 %trunc_ln53_2" [conv.cpp:53]   --->   Operation 367 'sext' 'sext_ln53_1' <Predicate = (!icmp_ln38 & and_ln52)> <Delay = 0.00>
ST_10 : Operation 368 [1/1] (0.00ns)   --->   "%mem1_addr = getelementptr i32 %mem1, i64 %sext_ln53_1" [conv.cpp:53]   --->   Operation 368 'getelementptr' 'mem1_addr' <Predicate = (!icmp_ln38 & and_ln52)> <Delay = 0.00>

State 11 <SV = 10> <Delay = 7.30>
ST_11 : Operation 369 [1/1] (0.00ns)   --->   "%zext_ln53 = zext i21 %empty" [conv.cpp:53]   --->   Operation 369 'zext' 'zext_ln53' <Predicate = true> <Delay = 0.00>
ST_11 : Operation 370 [1/1] (3.52ns)   --->   "%tmp = add i64 %zext_ln53, i64 %output_fm_read" [conv.cpp:53]   --->   Operation 370 'add' 'tmp' <Predicate = true> <Delay = 3.52> <CoreInst = "Adder">   --->   Core 1 'Adder' <Latency = 0> <II = 1> <Delay = 3.52> <FuncUnit> <Opcode : 'add' 'sub'> <InPorts = 2> <OutPorts = 1>
ST_11 : Operation 371 [1/1] (1.91ns)   --->   "%tmp2 = add i8 %a_1, i8 252"   --->   Operation 371 'add' 'tmp2' <Predicate = (!icmp_ln39 & !and_ln38_4 & !and_ln39_3 & !and_ln40_1)> <Delay = 1.91> <CoreInst = "Adder">   --->   Core 1 'Adder' <Latency = 0> <II = 1> <Delay = 1.91> <FuncUnit> <Opcode : 'add' 'sub'> <InPorts = 2> <OutPorts = 1>
ST_11 : Operation 372 [1/4] (0.00ns) (root node of the DSP)   --->   "%p_mid1205 = mul i21 %zext_ln38_1, i21 12100" [conv.cpp:38]   --->   Operation 372 'mul' 'p_mid1205' <Predicate = (!icmp_ln38)> <Delay = 0.00> <CoreInst = "DSP48">   --->   Core 119 'DSP48' <Latency = 3> <II = 1> <Delay = 2.15> <IPBlock> <Opcode : 'mul' 'add' 'sub' 'select'> <InPorts = 0> <OutPorts = 1> <Sync> <CReg>
ST_11 : Operation 373 [68/70] (7.30ns)   --->   "%mem2_load_req = readreq i1 @_ssdm_op_ReadReq.m_axi.i32P1A, i32 %mem2_addr, i32 1" [conv.cpp:53]   --->   Operation 373 'readreq' 'mem2_load_req' <Predicate = (!icmp_ln38 & and_ln52)> <Delay = 7.30> <CoreInst = "m_axi">   --->   Core 113 'm_axi' <Latency = 0> <II = 1> <Delay = 1.00> <Adapter> <Opcode : 'read' 'write' 'readreq' 'writereq' 'writeresp'>
ST_11 : Operation 374 [70/70] (7.30ns)   --->   "%mem1_load_1_req = readreq i1 @_ssdm_op_ReadReq.m_axi.i32P1A, i32 %mem1_addr, i32 1" [conv.cpp:53]   --->   Operation 374 'readreq' 'mem1_load_1_req' <Predicate = (!icmp_ln38 & and_ln52)> <Delay = 7.30> <CoreInst = "m_axi">   --->   Core 113 'm_axi' <Latency = 0> <II = 1> <Delay = 1.00> <Adapter> <Opcode : 'read' 'write' 'readreq' 'writereq' 'writeresp'>

State 12 <SV = 11> <Delay = 7.30>
ST_12 : Operation 375 [1/1] (0.00ns)   --->   "%specbitsmap_ln0 = specbitsmap void @_ssdm_op_SpecBitsMap, i32 %mem2"   --->   Operation 375 'specbitsmap' 'specbitsmap_ln0' <Predicate = true> <Delay = 0.00>
ST_12 : Operation 376 [1/1] (0.00ns)   --->   "%specbitsmap_ln0 = specbitsmap void @_ssdm_op_SpecBitsMap, i32 %mem1"   --->   Operation 376 'specbitsmap' 'specbitsmap_ln0' <Predicate = true> <Delay = 0.00>
ST_12 : Operation 377 [1/1] (0.00ns)   --->   "%tmp2_cast = zext i8 %tmp2"   --->   Operation 377 'zext' 'tmp2_cast' <Predicate = (!icmp_ln39 & !and_ln38_4 & !and_ln39_3 & !and_ln40_1)> <Delay = 0.00>
ST_12 : Operation 378 [1/1] (1.81ns)   --->   "%tmp1 = add i14 %tmp2_cast, i14 %empty_26" [conv.cpp:41]   --->   Operation 378 'add' 'tmp1' <Predicate = (!icmp_ln39 & !and_ln38_4 & !and_ln39_3 & !and_ln40_1)> <Delay = 1.81> <CoreInst = "Adder">   --->   Core 1 'Adder' <Latency = 0> <II = 1> <Delay = 1.81> <FuncUnit> <Opcode : 'add' 'sub'> <InPorts = 2> <OutPorts = 1>
ST_12 : Operation 379 [1/1] (0.00ns)   --->   "%tmp1_cast = zext i14 %tmp1" [conv.cpp:41]   --->   Operation 379 'zext' 'tmp1_cast' <Predicate = (!icmp_ln39 & !and_ln38_4 & !and_ln39_3 & !and_ln40_1)> <Delay = 0.00>
ST_12 : Operation 380 [1/1] (3.52ns)   --->   "%empty_27 = add i64 %tmp1_cast, i64 %tmp" [conv.cpp:41]   --->   Operation 380 'add' 'empty_27' <Predicate = (!icmp_ln39 & !and_ln38_4 & !and_ln39_3 & !and_ln40_1)> <Delay = 3.52> <CoreInst = "Adder">   --->   Core 1 'Adder' <Latency = 0> <II = 1> <Delay = 3.52> <FuncUnit> <Opcode : 'add' 'sub'> <InPorts = 2> <OutPorts = 1>
ST_12 : Operation 381 [1/1] (0.00ns)   --->   "%specpipeline_ln0 = specpipeline void @_ssdm_op_SpecPipeline, i32 4294967295, i32 0, i32 1, i32 0, void @p_str"   --->   Operation 381 'specpipeline' 'specpipeline_ln0' <Predicate = true> <Delay = 0.00>
ST_12 : Operation 382 [1/1] (0.00ns)   --->   "%zext_ln53_5 = zext i21 %p_mid1205" [conv.cpp:53]   --->   Operation 382 'zext' 'zext_ln53_5' <Predicate = (!icmp_ln38)> <Delay = 0.00>
ST_12 : Operation 383 [1/1] (3.52ns)   --->   "%tmp_mid1 = add i64 %zext_ln53_5, i64 %output_fm_read" [conv.cpp:53]   --->   Operation 383 'add' 'tmp_mid1' <Predicate = (!icmp_ln38)> <Delay = 3.52> <CoreInst = "Adder">   --->   Core 1 'Adder' <Latency = 0> <II = 1> <Delay = 3.52> <FuncUnit> <Opcode : 'add' 'sub'> <InPorts = 2> <OutPorts = 1>
ST_12 : Operation 384 [1/1] (1.48ns)   --->   "%select_ln38_1 = select i1 %icmp_ln39, i64 %tmp_mid1, i64 %tmp" [conv.cpp:38]   --->   Operation 384 'select' 'select_ln38_1' <Predicate = (!icmp_ln38)> <Delay = 1.48> <CoreInst = "Sel">   --->   Core 73 'Sel' <Latency = 0> <II = 1> <Delay = 1.48> <FuncUnit> <Opcode : 'select'> <InPorts = 3> <OutPorts = 1>
ST_12 : Operation 385 [1/1] (0.00ns) (grouped into LUT with out node tmp1_mid1)   --->   "%select_ln39_3 = select i1 %or_ln39, i14 0, i14 %empty_26" [conv.cpp:39]   --->   Operation 385 'select' 'select_ln39_3' <Predicate = (!icmp_ln38 & !and_ln39_3 & and_ln40_1)> <Delay = 0.00> <CoreInst = "Sel">   --->   Core 73 'Sel' <Latency = 0> <II = 1> <Delay = 0.70> <FuncUnit> <Opcode : 'select'> <InPorts = 3> <OutPorts = 1>
ST_12 : Operation 386 [1/1] (0.00ns) (grouped into LUT with out node tmp1_mid1)   --->   "%select_ln40_2 = select i1 %and_ln39_3, i14 %p_mid164, i14 %select_ln39_3" [conv.cpp:40]   --->   Operation 386 'select' 'select_ln40_2' <Predicate = (!icmp_ln38 & and_ln40_1)> <Delay = 0.00> <CoreInst = "Sel">   --->   Core 73 'Sel' <Latency = 0> <II = 1> <Delay = 0.70> <FuncUnit> <Opcode : 'select'> <InPorts = 3> <OutPorts = 1>
ST_12 : Operation 387 [1/1] (0.00ns) (grouped into LUT with out node tmp1_mid1)   --->   "%tmp2_cast_mid1 = zext i8 %select_ln40" [conv.cpp:40]   --->   Operation 387 'zext' 'tmp2_cast_mid1' <Predicate = (!icmp_ln38 & and_ln40_1)> <Delay = 0.00>
ST_12 : Operation 388 [1/1] (1.81ns) (out node of the LUT)   --->   "%tmp1_mid1 = add i14 %tmp2_cast_mid1, i14 %select_ln40_2" [conv.cpp:40]   --->   Operation 388 'add' 'tmp1_mid1' <Predicate = (!icmp_ln38 & and_ln40_1)> <Delay = 1.81> <CoreInst = "Adder">   --->   Core 1 'Adder' <Latency = 0> <II = 1> <Delay = 1.81> <FuncUnit> <Opcode : 'add' 'sub'> <InPorts = 2> <OutPorts = 1>
ST_12 : Operation 389 [1/1] (0.00ns) (grouped into LUT with out node select_ln39_6)   --->   "%tmp_6 = partselect i62 @_ssdm_op_PartSelect.i62.i64.i32.i32, i64 %select_ln38_1, i32 2, i32 63" [conv.cpp:37]   --->   Operation 389 'partselect' 'tmp_6' <Predicate = (!icmp_ln38 & and_ln38_4 & !and_ln39_3 & !and_ln40_1)> <Delay = 0.00>
ST_12 : Operation 390 [1/1] (0.00ns) (grouped into LUT with out node select_ln39_6)   --->   "%tmp_7 = partselect i62 @_ssdm_op_PartSelect.i62.i64.i32.i32, i64 %tmp_mid1, i32 2, i32 63" [conv.cpp:37]   --->   Operation 390 'partselect' 'tmp_7' <Predicate = (!icmp_ln38 & icmp_ln39 & !and_ln38_4 & !and_ln39_3 & !and_ln40_1)> <Delay = 0.00>
ST_12 : Operation 391 [1/1] (0.00ns) (grouped into LUT with out node select_ln39_6)   --->   "%tmp_8 = partselect i62 @_ssdm_op_PartSelect.i62.i64.i32.i32, i64 %empty_27, i32 2, i32 63" [conv.cpp:37]   --->   Operation 391 'partselect' 'tmp_8' <Predicate = (!icmp_ln38 & !icmp_ln39 & !and_ln38_4 & !and_ln39_3 & !and_ln40_1)> <Delay = 0.00>
ST_12 : Operation 392 [1/1] (0.00ns) (grouped into LUT with out node select_ln39_6)   --->   "%select_ln38_5 = select i1 %icmp_ln39, i62 %tmp_7, i62 %tmp_8" [conv.cpp:38]   --->   Operation 392 'select' 'select_ln38_5' <Predicate = (!icmp_ln38 & !and_ln38_4 & !and_ln39_3 & !and_ln40_1)> <Delay = 0.00> <CoreInst = "Sel">   --->   Core 73 'Sel' <Latency = 0> <II = 1> <Delay = 1.34> <FuncUnit> <Opcode : 'select'> <InPorts = 3> <OutPorts = 1>
ST_12 : Operation 393 [1/1] (1.34ns) (out node of the LUT)   --->   "%select_ln39_6 = select i1 %and_ln38_4, i62 %tmp_6, i62 %select_ln38_5" [conv.cpp:39]   --->   Operation 393 'select' 'select_ln39_6' <Predicate = (!icmp_ln38 & !and_ln39_3 & !and_ln40_1)> <Delay = 1.34> <CoreInst = "Sel">   --->   Core 73 'Sel' <Latency = 0> <II = 1> <Delay = 1.34> <FuncUnit> <Opcode : 'select'> <InPorts = 3> <OutPorts = 1>
ST_12 : Operation 394 [67/70] (7.30ns)   --->   "%mem2_load_req = readreq i1 @_ssdm_op_ReadReq.m_axi.i32P1A, i32 %mem2_addr, i32 1" [conv.cpp:53]   --->   Operation 394 'readreq' 'mem2_load_req' <Predicate = (!icmp_ln38 & and_ln52)> <Delay = 7.30> <CoreInst = "m_axi">   --->   Core 113 'm_axi' <Latency = 0> <II = 1> <Delay = 1.00> <Adapter> <Opcode : 'read' 'write' 'readreq' 'writereq' 'writeresp'>
ST_12 : Operation 395 [69/70] (7.30ns)   --->   "%mem1_load_1_req = readreq i1 @_ssdm_op_ReadReq.m_axi.i32P1A, i32 %mem1_addr, i32 1" [conv.cpp:53]   --->   Operation 395 'readreq' 'mem1_load_1_req' <Predicate = (!icmp_ln38 & and_ln52)> <Delay = 7.30> <CoreInst = "m_axi">   --->   Core 113 'm_axi' <Latency = 0> <II = 1> <Delay = 1.00> <Adapter> <Opcode : 'read' 'write' 'readreq' 'writereq' 'writeresp'>

State 13 <SV = 12> <Delay = 7.30>
ST_13 : Operation 396 [1/1] (0.00ns)   --->   "%tmp1_cast_mid172 = zext i14 %p_mid164" [conv.cpp:39]   --->   Operation 396 'zext' 'tmp1_cast_mid172' <Predicate = (!icmp_ln38 & and_ln39_3 & !and_ln40_1)> <Delay = 0.00>
ST_13 : Operation 397 [1/1] (3.52ns)   --->   "%p_mid174 = add i64 %tmp1_cast_mid172, i64 %select_ln38_1" [conv.cpp:39]   --->   Operation 397 'add' 'p_mid174' <Predicate = (!icmp_ln38 & and_ln39_3 & !and_ln40_1)> <Delay = 3.52> <CoreInst = "Adder">   --->   Core 1 'Adder' <Latency = 0> <II = 1> <Delay = 3.52> <FuncUnit> <Opcode : 'add' 'sub'> <InPorts = 2> <OutPorts = 1>
ST_13 : Operation 398 [1/1] (0.00ns)   --->   "%tmp1_cast_mid1 = zext i14 %tmp1_mid1" [conv.cpp:40]   --->   Operation 398 'zext' 'tmp1_cast_mid1' <Predicate = (!icmp_ln38 & and_ln40_1)> <Delay = 0.00>
ST_13 : Operation 399 [1/1] (3.52ns)   --->   "%p_mid126 = add i64 %tmp1_cast_mid1, i64 %select_ln38_1" [conv.cpp:40]   --->   Operation 399 'add' 'p_mid126' <Predicate = (!icmp_ln38 & and_ln40_1)> <Delay = 3.52> <CoreInst = "Adder">   --->   Core 1 'Adder' <Latency = 0> <II = 1> <Delay = 3.52> <FuncUnit> <Opcode : 'add' 'sub'> <InPorts = 2> <OutPorts = 1>
ST_13 : Operation 400 [1/1] (0.00ns) (grouped into LUT with out node select_ln37_1)   --->   "%tmp_4 = partselect i62 @_ssdm_op_PartSelect.i62.i64.i32.i32, i64 %p_mid126, i32 2, i32 63" [conv.cpp:37]   --->   Operation 400 'partselect' 'tmp_4' <Predicate = (!icmp_ln38 & and_ln40_1)> <Delay = 0.00>
ST_13 : Operation 401 [1/1] (0.00ns) (grouped into LUT with out node select_ln37_1)   --->   "%tmp_5 = partselect i62 @_ssdm_op_PartSelect.i62.i64.i32.i32, i64 %p_mid174, i32 2, i32 63" [conv.cpp:37]   --->   Operation 401 'partselect' 'tmp_5' <Predicate = (!icmp_ln38 & and_ln39_3 & !and_ln40_1)> <Delay = 0.00>
ST_13 : Operation 402 [1/1] (0.00ns) (grouped into LUT with out node select_ln37_1)   --->   "%select_ln40_5 = select i1 %and_ln39_3, i62 %tmp_5, i62 %select_ln39_6" [conv.cpp:40]   --->   Operation 402 'select' 'select_ln40_5' <Predicate = (!icmp_ln38 & !and_ln40_1)> <Delay = 0.00> <CoreInst = "Sel">   --->   Core 73 'Sel' <Latency = 0> <II = 1> <Delay = 1.34> <FuncUnit> <Opcode : 'select'> <InPorts = 3> <OutPorts = 1>
ST_13 : Operation 403 [1/1] (1.34ns) (out node of the LUT)   --->   "%select_ln37_1 = select i1 %and_ln40_1, i62 %tmp_4, i62 %select_ln40_5" [conv.cpp:37]   --->   Operation 403 'select' 'select_ln37_1' <Predicate = (!icmp_ln38)> <Delay = 1.34> <CoreInst = "Sel">   --->   Core 73 'Sel' <Latency = 0> <II = 1> <Delay = 1.34> <FuncUnit> <Opcode : 'select'> <InPorts = 3> <OutPorts = 1>
ST_13 : Operation 404 [1/1] (0.00ns)   --->   "%sext_ln37 = sext i62 %select_ln37_1" [conv.cpp:37]   --->   Operation 404 'sext' 'sext_ln37' <Predicate = (!icmp_ln38)> <Delay = 0.00>
ST_13 : Operation 405 [66/70] (7.30ns)   --->   "%mem2_load_req = readreq i1 @_ssdm_op_ReadReq.m_axi.i32P1A, i32 %mem2_addr, i32 1" [conv.cpp:53]   --->   Operation 405 'readreq' 'mem2_load_req' <Predicate = (!icmp_ln38 & and_ln52)> <Delay = 7.30> <CoreInst = "m_axi">   --->   Core 113 'm_axi' <Latency = 0> <II = 1> <Delay = 1.00> <Adapter> <Opcode : 'read' 'write' 'readreq' 'writereq' 'writeresp'>
ST_13 : Operation 406 [68/70] (7.30ns)   --->   "%mem1_load_1_req = readreq i1 @_ssdm_op_ReadReq.m_axi.i32P1A, i32 %mem1_addr, i32 1" [conv.cpp:53]   --->   Operation 406 'readreq' 'mem1_load_1_req' <Predicate = (!icmp_ln38 & and_ln52)> <Delay = 7.30> <CoreInst = "m_axi">   --->   Core 113 'm_axi' <Latency = 0> <II = 1> <Delay = 1.00> <Adapter> <Opcode : 'read' 'write' 'readreq' 'writereq' 'writeresp'>
ST_13 : Operation 407 [1/1] (0.00ns)   --->   "%mem1_addr_1 = getelementptr i32 %mem1, i64 %sext_ln37" [conv.cpp:53]   --->   Operation 407 'getelementptr' 'mem1_addr_1' <Predicate = (!icmp_ln38 & and_ln52)> <Delay = 0.00>

State 14 <SV = 13> <Delay = 7.30>
ST_14 : Operation 408 [65/70] (7.30ns)   --->   "%mem2_load_req = readreq i1 @_ssdm_op_ReadReq.m_axi.i32P1A, i32 %mem2_addr, i32 1" [conv.cpp:53]   --->   Operation 408 'readreq' 'mem2_load_req' <Predicate = (!icmp_ln38 & and_ln52)> <Delay = 7.30> <CoreInst = "m_axi">   --->   Core 113 'm_axi' <Latency = 0> <II = 1> <Delay = 1.00> <Adapter> <Opcode : 'read' 'write' 'readreq' 'writereq' 'writeresp'>
ST_14 : Operation 409 [67/70] (7.30ns)   --->   "%mem1_load_1_req = readreq i1 @_ssdm_op_ReadReq.m_axi.i32P1A, i32 %mem1_addr, i32 1" [conv.cpp:53]   --->   Operation 409 'readreq' 'mem1_load_1_req' <Predicate = (!icmp_ln38 & and_ln52)> <Delay = 7.30> <CoreInst = "m_axi">   --->   Core 113 'm_axi' <Latency = 0> <II = 1> <Delay = 1.00> <Adapter> <Opcode : 'read' 'write' 'readreq' 'writereq' 'writeresp'>
ST_14 : Operation 728 [1/1] (0.00ns)   --->   "%ret_ln0 = ret"   --->   Operation 728 'ret' 'ret_ln0' <Predicate = (icmp_ln38)> <Delay = 0.00>

State 15 <SV = 14> <Delay = 7.30>
ST_15 : Operation 410 [64/70] (7.30ns)   --->   "%mem2_load_req = readreq i1 @_ssdm_op_ReadReq.m_axi.i32P1A, i32 %mem2_addr, i32 1" [conv.cpp:53]   --->   Operation 410 'readreq' 'mem2_load_req' <Predicate = (!icmp_ln38 & and_ln52)> <Delay = 7.30> <CoreInst = "m_axi">   --->   Core 113 'm_axi' <Latency = 0> <II = 1> <Delay = 1.00> <Adapter> <Opcode : 'read' 'write' 'readreq' 'writereq' 'writeresp'>
ST_15 : Operation 411 [66/70] (7.30ns)   --->   "%mem1_load_1_req = readreq i1 @_ssdm_op_ReadReq.m_axi.i32P1A, i32 %mem1_addr, i32 1" [conv.cpp:53]   --->   Operation 411 'readreq' 'mem1_load_1_req' <Predicate = (!icmp_ln38 & and_ln52)> <Delay = 7.30> <CoreInst = "m_axi">   --->   Core 113 'm_axi' <Latency = 0> <II = 1> <Delay = 1.00> <Adapter> <Opcode : 'read' 'write' 'readreq' 'writereq' 'writeresp'>
ST_15 : Operation 412 [70/70] (7.30ns)   --->   "%mem1_load_2_req = readreq i1 @_ssdm_op_ReadReq.m_axi.i32P1A, i32 %mem1_addr_1, i32 1" [conv.cpp:53]   --->   Operation 412 'readreq' 'mem1_load_2_req' <Predicate = (!icmp_ln38 & and_ln52)> <Delay = 7.30> <CoreInst = "m_axi">   --->   Core 113 'm_axi' <Latency = 0> <II = 1> <Delay = 1.00> <Adapter> <Opcode : 'read' 'write' 'readreq' 'writereq' 'writeresp'>

State 16 <SV = 15> <Delay = 7.30>
ST_16 : Operation 413 [63/70] (7.30ns)   --->   "%mem2_load_req = readreq i1 @_ssdm_op_ReadReq.m_axi.i32P1A, i32 %mem2_addr, i32 1" [conv.cpp:53]   --->   Operation 413 'readreq' 'mem2_load_req' <Predicate = (!icmp_ln38 & and_ln52)> <Delay = 7.30> <CoreInst = "m_axi">   --->   Core 113 'm_axi' <Latency = 0> <II = 1> <Delay = 1.00> <Adapter> <Opcode : 'read' 'write' 'readreq' 'writereq' 'writeresp'>
ST_16 : Operation 414 [65/70] (7.30ns)   --->   "%mem1_load_1_req = readreq i1 @_ssdm_op_ReadReq.m_axi.i32P1A, i32 %mem1_addr, i32 1" [conv.cpp:53]   --->   Operation 414 'readreq' 'mem1_load_1_req' <Predicate = (!icmp_ln38 & and_ln52)> <Delay = 7.30> <CoreInst = "m_axi">   --->   Core 113 'm_axi' <Latency = 0> <II = 1> <Delay = 1.00> <Adapter> <Opcode : 'read' 'write' 'readreq' 'writereq' 'writeresp'>
ST_16 : Operation 415 [69/70] (7.30ns)   --->   "%mem1_load_2_req = readreq i1 @_ssdm_op_ReadReq.m_axi.i32P1A, i32 %mem1_addr_1, i32 1" [conv.cpp:53]   --->   Operation 415 'readreq' 'mem1_load_2_req' <Predicate = (!icmp_ln38 & and_ln52)> <Delay = 7.30> <CoreInst = "m_axi">   --->   Core 113 'm_axi' <Latency = 0> <II = 1> <Delay = 1.00> <Adapter> <Opcode : 'read' 'write' 'readreq' 'writereq' 'writeresp'>

State 17 <SV = 16> <Delay = 7.30>
ST_17 : Operation 416 [62/70] (7.30ns)   --->   "%mem2_load_req = readreq i1 @_ssdm_op_ReadReq.m_axi.i32P1A, i32 %mem2_addr, i32 1" [conv.cpp:53]   --->   Operation 416 'readreq' 'mem2_load_req' <Predicate = (!icmp_ln38 & and_ln52)> <Delay = 7.30> <CoreInst = "m_axi">   --->   Core 113 'm_axi' <Latency = 0> <II = 1> <Delay = 1.00> <Adapter> <Opcode : 'read' 'write' 'readreq' 'writereq' 'writeresp'>
ST_17 : Operation 417 [64/70] (7.30ns)   --->   "%mem1_load_1_req = readreq i1 @_ssdm_op_ReadReq.m_axi.i32P1A, i32 %mem1_addr, i32 1" [conv.cpp:53]   --->   Operation 417 'readreq' 'mem1_load_1_req' <Predicate = (!icmp_ln38 & and_ln52)> <Delay = 7.30> <CoreInst = "m_axi">   --->   Core 113 'm_axi' <Latency = 0> <II = 1> <Delay = 1.00> <Adapter> <Opcode : 'read' 'write' 'readreq' 'writereq' 'writeresp'>
ST_17 : Operation 418 [68/70] (7.30ns)   --->   "%mem1_load_2_req = readreq i1 @_ssdm_op_ReadReq.m_axi.i32P1A, i32 %mem1_addr_1, i32 1" [conv.cpp:53]   --->   Operation 418 'readreq' 'mem1_load_2_req' <Predicate = (!icmp_ln38 & and_ln52)> <Delay = 7.30> <CoreInst = "m_axi">   --->   Core 113 'm_axi' <Latency = 0> <II = 1> <Delay = 1.00> <Adapter> <Opcode : 'read' 'write' 'readreq' 'writereq' 'writeresp'>

State 18 <SV = 17> <Delay = 7.30>
ST_18 : Operation 419 [61/70] (7.30ns)   --->   "%mem2_load_req = readreq i1 @_ssdm_op_ReadReq.m_axi.i32P1A, i32 %mem2_addr, i32 1" [conv.cpp:53]   --->   Operation 419 'readreq' 'mem2_load_req' <Predicate = (!icmp_ln38 & and_ln52)> <Delay = 7.30> <CoreInst = "m_axi">   --->   Core 113 'm_axi' <Latency = 0> <II = 1> <Delay = 1.00> <Adapter> <Opcode : 'read' 'write' 'readreq' 'writereq' 'writeresp'>
ST_18 : Operation 420 [63/70] (7.30ns)   --->   "%mem1_load_1_req = readreq i1 @_ssdm_op_ReadReq.m_axi.i32P1A, i32 %mem1_addr, i32 1" [conv.cpp:53]   --->   Operation 420 'readreq' 'mem1_load_1_req' <Predicate = (!icmp_ln38 & and_ln52)> <Delay = 7.30> <CoreInst = "m_axi">   --->   Core 113 'm_axi' <Latency = 0> <II = 1> <Delay = 1.00> <Adapter> <Opcode : 'read' 'write' 'readreq' 'writereq' 'writeresp'>
ST_18 : Operation 421 [67/70] (7.30ns)   --->   "%mem1_load_2_req = readreq i1 @_ssdm_op_ReadReq.m_axi.i32P1A, i32 %mem1_addr_1, i32 1" [conv.cpp:53]   --->   Operation 421 'readreq' 'mem1_load_2_req' <Predicate = (!icmp_ln38 & and_ln52)> <Delay = 7.30> <CoreInst = "m_axi">   --->   Core 113 'm_axi' <Latency = 0> <II = 1> <Delay = 1.00> <Adapter> <Opcode : 'read' 'write' 'readreq' 'writereq' 'writeresp'>

State 19 <SV = 18> <Delay = 7.30>
ST_19 : Operation 422 [60/70] (7.30ns)   --->   "%mem2_load_req = readreq i1 @_ssdm_op_ReadReq.m_axi.i32P1A, i32 %mem2_addr, i32 1" [conv.cpp:53]   --->   Operation 422 'readreq' 'mem2_load_req' <Predicate = (!icmp_ln38 & and_ln52)> <Delay = 7.30> <CoreInst = "m_axi">   --->   Core 113 'm_axi' <Latency = 0> <II = 1> <Delay = 1.00> <Adapter> <Opcode : 'read' 'write' 'readreq' 'writereq' 'writeresp'>
ST_19 : Operation 423 [62/70] (7.30ns)   --->   "%mem1_load_1_req = readreq i1 @_ssdm_op_ReadReq.m_axi.i32P1A, i32 %mem1_addr, i32 1" [conv.cpp:53]   --->   Operation 423 'readreq' 'mem1_load_1_req' <Predicate = (!icmp_ln38 & and_ln52)> <Delay = 7.30> <CoreInst = "m_axi">   --->   Core 113 'm_axi' <Latency = 0> <II = 1> <Delay = 1.00> <Adapter> <Opcode : 'read' 'write' 'readreq' 'writereq' 'writeresp'>
ST_19 : Operation 424 [66/70] (7.30ns)   --->   "%mem1_load_2_req = readreq i1 @_ssdm_op_ReadReq.m_axi.i32P1A, i32 %mem1_addr_1, i32 1" [conv.cpp:53]   --->   Operation 424 'readreq' 'mem1_load_2_req' <Predicate = (!icmp_ln38 & and_ln52)> <Delay = 7.30> <CoreInst = "m_axi">   --->   Core 113 'm_axi' <Latency = 0> <II = 1> <Delay = 1.00> <Adapter> <Opcode : 'read' 'write' 'readreq' 'writereq' 'writeresp'>

State 20 <SV = 19> <Delay = 7.30>
ST_20 : Operation 425 [59/70] (7.30ns)   --->   "%mem2_load_req = readreq i1 @_ssdm_op_ReadReq.m_axi.i32P1A, i32 %mem2_addr, i32 1" [conv.cpp:53]   --->   Operation 425 'readreq' 'mem2_load_req' <Predicate = (!icmp_ln38 & and_ln52)> <Delay = 7.30> <CoreInst = "m_axi">   --->   Core 113 'm_axi' <Latency = 0> <II = 1> <Delay = 1.00> <Adapter> <Opcode : 'read' 'write' 'readreq' 'writereq' 'writeresp'>
ST_20 : Operation 426 [61/70] (7.30ns)   --->   "%mem1_load_1_req = readreq i1 @_ssdm_op_ReadReq.m_axi.i32P1A, i32 %mem1_addr, i32 1" [conv.cpp:53]   --->   Operation 426 'readreq' 'mem1_load_1_req' <Predicate = (!icmp_ln38 & and_ln52)> <Delay = 7.30> <CoreInst = "m_axi">   --->   Core 113 'm_axi' <Latency = 0> <II = 1> <Delay = 1.00> <Adapter> <Opcode : 'read' 'write' 'readreq' 'writereq' 'writeresp'>
ST_20 : Operation 427 [65/70] (7.30ns)   --->   "%mem1_load_2_req = readreq i1 @_ssdm_op_ReadReq.m_axi.i32P1A, i32 %mem1_addr_1, i32 1" [conv.cpp:53]   --->   Operation 427 'readreq' 'mem1_load_2_req' <Predicate = (!icmp_ln38 & and_ln52)> <Delay = 7.30> <CoreInst = "m_axi">   --->   Core 113 'm_axi' <Latency = 0> <II = 1> <Delay = 1.00> <Adapter> <Opcode : 'read' 'write' 'readreq' 'writereq' 'writeresp'>

State 21 <SV = 20> <Delay = 7.30>
ST_21 : Operation 428 [58/70] (7.30ns)   --->   "%mem2_load_req = readreq i1 @_ssdm_op_ReadReq.m_axi.i32P1A, i32 %mem2_addr, i32 1" [conv.cpp:53]   --->   Operation 428 'readreq' 'mem2_load_req' <Predicate = (!icmp_ln38 & and_ln52)> <Delay = 7.30> <CoreInst = "m_axi">   --->   Core 113 'm_axi' <Latency = 0> <II = 1> <Delay = 1.00> <Adapter> <Opcode : 'read' 'write' 'readreq' 'writereq' 'writeresp'>
ST_21 : Operation 429 [60/70] (7.30ns)   --->   "%mem1_load_1_req = readreq i1 @_ssdm_op_ReadReq.m_axi.i32P1A, i32 %mem1_addr, i32 1" [conv.cpp:53]   --->   Operation 429 'readreq' 'mem1_load_1_req' <Predicate = (!icmp_ln38 & and_ln52)> <Delay = 7.30> <CoreInst = "m_axi">   --->   Core 113 'm_axi' <Latency = 0> <II = 1> <Delay = 1.00> <Adapter> <Opcode : 'read' 'write' 'readreq' 'writereq' 'writeresp'>
ST_21 : Operation 430 [64/70] (7.30ns)   --->   "%mem1_load_2_req = readreq i1 @_ssdm_op_ReadReq.m_axi.i32P1A, i32 %mem1_addr_1, i32 1" [conv.cpp:53]   --->   Operation 430 'readreq' 'mem1_load_2_req' <Predicate = (!icmp_ln38 & and_ln52)> <Delay = 7.30> <CoreInst = "m_axi">   --->   Core 113 'm_axi' <Latency = 0> <II = 1> <Delay = 1.00> <Adapter> <Opcode : 'read' 'write' 'readreq' 'writereq' 'writeresp'>

State 22 <SV = 21> <Delay = 7.30>
ST_22 : Operation 431 [57/70] (7.30ns)   --->   "%mem2_load_req = readreq i1 @_ssdm_op_ReadReq.m_axi.i32P1A, i32 %mem2_addr, i32 1" [conv.cpp:53]   --->   Operation 431 'readreq' 'mem2_load_req' <Predicate = (!icmp_ln38 & and_ln52)> <Delay = 7.30> <CoreInst = "m_axi">   --->   Core 113 'm_axi' <Latency = 0> <II = 1> <Delay = 1.00> <Adapter> <Opcode : 'read' 'write' 'readreq' 'writereq' 'writeresp'>
ST_22 : Operation 432 [59/70] (7.30ns)   --->   "%mem1_load_1_req = readreq i1 @_ssdm_op_ReadReq.m_axi.i32P1A, i32 %mem1_addr, i32 1" [conv.cpp:53]   --->   Operation 432 'readreq' 'mem1_load_1_req' <Predicate = (!icmp_ln38 & and_ln52)> <Delay = 7.30> <CoreInst = "m_axi">   --->   Core 113 'm_axi' <Latency = 0> <II = 1> <Delay = 1.00> <Adapter> <Opcode : 'read' 'write' 'readreq' 'writereq' 'writeresp'>
ST_22 : Operation 433 [63/70] (7.30ns)   --->   "%mem1_load_2_req = readreq i1 @_ssdm_op_ReadReq.m_axi.i32P1A, i32 %mem1_addr_1, i32 1" [conv.cpp:53]   --->   Operation 433 'readreq' 'mem1_load_2_req' <Predicate = (!icmp_ln38 & and_ln52)> <Delay = 7.30> <CoreInst = "m_axi">   --->   Core 113 'm_axi' <Latency = 0> <II = 1> <Delay = 1.00> <Adapter> <Opcode : 'read' 'write' 'readreq' 'writereq' 'writeresp'>

State 23 <SV = 22> <Delay = 7.30>
ST_23 : Operation 434 [56/70] (7.30ns)   --->   "%mem2_load_req = readreq i1 @_ssdm_op_ReadReq.m_axi.i32P1A, i32 %mem2_addr, i32 1" [conv.cpp:53]   --->   Operation 434 'readreq' 'mem2_load_req' <Predicate = (!icmp_ln38 & and_ln52)> <Delay = 7.30> <CoreInst = "m_axi">   --->   Core 113 'm_axi' <Latency = 0> <II = 1> <Delay = 1.00> <Adapter> <Opcode : 'read' 'write' 'readreq' 'writereq' 'writeresp'>
ST_23 : Operation 435 [58/70] (7.30ns)   --->   "%mem1_load_1_req = readreq i1 @_ssdm_op_ReadReq.m_axi.i32P1A, i32 %mem1_addr, i32 1" [conv.cpp:53]   --->   Operation 435 'readreq' 'mem1_load_1_req' <Predicate = (!icmp_ln38 & and_ln52)> <Delay = 7.30> <CoreInst = "m_axi">   --->   Core 113 'm_axi' <Latency = 0> <II = 1> <Delay = 1.00> <Adapter> <Opcode : 'read' 'write' 'readreq' 'writereq' 'writeresp'>
ST_23 : Operation 436 [62/70] (7.30ns)   --->   "%mem1_load_2_req = readreq i1 @_ssdm_op_ReadReq.m_axi.i32P1A, i32 %mem1_addr_1, i32 1" [conv.cpp:53]   --->   Operation 436 'readreq' 'mem1_load_2_req' <Predicate = (!icmp_ln38 & and_ln52)> <Delay = 7.30> <CoreInst = "m_axi">   --->   Core 113 'm_axi' <Latency = 0> <II = 1> <Delay = 1.00> <Adapter> <Opcode : 'read' 'write' 'readreq' 'writereq' 'writeresp'>

State 24 <SV = 23> <Delay = 7.30>
ST_24 : Operation 437 [55/70] (7.30ns)   --->   "%mem2_load_req = readreq i1 @_ssdm_op_ReadReq.m_axi.i32P1A, i32 %mem2_addr, i32 1" [conv.cpp:53]   --->   Operation 437 'readreq' 'mem2_load_req' <Predicate = (!icmp_ln38 & and_ln52)> <Delay = 7.30> <CoreInst = "m_axi">   --->   Core 113 'm_axi' <Latency = 0> <II = 1> <Delay = 1.00> <Adapter> <Opcode : 'read' 'write' 'readreq' 'writereq' 'writeresp'>
ST_24 : Operation 438 [57/70] (7.30ns)   --->   "%mem1_load_1_req = readreq i1 @_ssdm_op_ReadReq.m_axi.i32P1A, i32 %mem1_addr, i32 1" [conv.cpp:53]   --->   Operation 438 'readreq' 'mem1_load_1_req' <Predicate = (!icmp_ln38 & and_ln52)> <Delay = 7.30> <CoreInst = "m_axi">   --->   Core 113 'm_axi' <Latency = 0> <II = 1> <Delay = 1.00> <Adapter> <Opcode : 'read' 'write' 'readreq' 'writereq' 'writeresp'>
ST_24 : Operation 439 [61/70] (7.30ns)   --->   "%mem1_load_2_req = readreq i1 @_ssdm_op_ReadReq.m_axi.i32P1A, i32 %mem1_addr_1, i32 1" [conv.cpp:53]   --->   Operation 439 'readreq' 'mem1_load_2_req' <Predicate = (!icmp_ln38 & and_ln52)> <Delay = 7.30> <CoreInst = "m_axi">   --->   Core 113 'm_axi' <Latency = 0> <II = 1> <Delay = 1.00> <Adapter> <Opcode : 'read' 'write' 'readreq' 'writereq' 'writeresp'>

State 25 <SV = 24> <Delay = 7.30>
ST_25 : Operation 440 [54/70] (7.30ns)   --->   "%mem2_load_req = readreq i1 @_ssdm_op_ReadReq.m_axi.i32P1A, i32 %mem2_addr, i32 1" [conv.cpp:53]   --->   Operation 440 'readreq' 'mem2_load_req' <Predicate = (!icmp_ln38 & and_ln52)> <Delay = 7.30> <CoreInst = "m_axi">   --->   Core 113 'm_axi' <Latency = 0> <II = 1> <Delay = 1.00> <Adapter> <Opcode : 'read' 'write' 'readreq' 'writereq' 'writeresp'>
ST_25 : Operation 441 [56/70] (7.30ns)   --->   "%mem1_load_1_req = readreq i1 @_ssdm_op_ReadReq.m_axi.i32P1A, i32 %mem1_addr, i32 1" [conv.cpp:53]   --->   Operation 441 'readreq' 'mem1_load_1_req' <Predicate = (!icmp_ln38 & and_ln52)> <Delay = 7.30> <CoreInst = "m_axi">   --->   Core 113 'm_axi' <Latency = 0> <II = 1> <Delay = 1.00> <Adapter> <Opcode : 'read' 'write' 'readreq' 'writereq' 'writeresp'>
ST_25 : Operation 442 [60/70] (7.30ns)   --->   "%mem1_load_2_req = readreq i1 @_ssdm_op_ReadReq.m_axi.i32P1A, i32 %mem1_addr_1, i32 1" [conv.cpp:53]   --->   Operation 442 'readreq' 'mem1_load_2_req' <Predicate = (!icmp_ln38 & and_ln52)> <Delay = 7.30> <CoreInst = "m_axi">   --->   Core 113 'm_axi' <Latency = 0> <II = 1> <Delay = 1.00> <Adapter> <Opcode : 'read' 'write' 'readreq' 'writereq' 'writeresp'>

State 26 <SV = 25> <Delay = 7.30>
ST_26 : Operation 443 [53/70] (7.30ns)   --->   "%mem2_load_req = readreq i1 @_ssdm_op_ReadReq.m_axi.i32P1A, i32 %mem2_addr, i32 1" [conv.cpp:53]   --->   Operation 443 'readreq' 'mem2_load_req' <Predicate = (!icmp_ln38 & and_ln52)> <Delay = 7.30> <CoreInst = "m_axi">   --->   Core 113 'm_axi' <Latency = 0> <II = 1> <Delay = 1.00> <Adapter> <Opcode : 'read' 'write' 'readreq' 'writereq' 'writeresp'>
ST_26 : Operation 444 [55/70] (7.30ns)   --->   "%mem1_load_1_req = readreq i1 @_ssdm_op_ReadReq.m_axi.i32P1A, i32 %mem1_addr, i32 1" [conv.cpp:53]   --->   Operation 444 'readreq' 'mem1_load_1_req' <Predicate = (!icmp_ln38 & and_ln52)> <Delay = 7.30> <CoreInst = "m_axi">   --->   Core 113 'm_axi' <Latency = 0> <II = 1> <Delay = 1.00> <Adapter> <Opcode : 'read' 'write' 'readreq' 'writereq' 'writeresp'>
ST_26 : Operation 445 [59/70] (7.30ns)   --->   "%mem1_load_2_req = readreq i1 @_ssdm_op_ReadReq.m_axi.i32P1A, i32 %mem1_addr_1, i32 1" [conv.cpp:53]   --->   Operation 445 'readreq' 'mem1_load_2_req' <Predicate = (!icmp_ln38 & and_ln52)> <Delay = 7.30> <CoreInst = "m_axi">   --->   Core 113 'm_axi' <Latency = 0> <II = 1> <Delay = 1.00> <Adapter> <Opcode : 'read' 'write' 'readreq' 'writereq' 'writeresp'>

State 27 <SV = 26> <Delay = 7.30>
ST_27 : Operation 446 [52/70] (7.30ns)   --->   "%mem2_load_req = readreq i1 @_ssdm_op_ReadReq.m_axi.i32P1A, i32 %mem2_addr, i32 1" [conv.cpp:53]   --->   Operation 446 'readreq' 'mem2_load_req' <Predicate = (!icmp_ln38 & and_ln52)> <Delay = 7.30> <CoreInst = "m_axi">   --->   Core 113 'm_axi' <Latency = 0> <II = 1> <Delay = 1.00> <Adapter> <Opcode : 'read' 'write' 'readreq' 'writereq' 'writeresp'>
ST_27 : Operation 447 [54/70] (7.30ns)   --->   "%mem1_load_1_req = readreq i1 @_ssdm_op_ReadReq.m_axi.i32P1A, i32 %mem1_addr, i32 1" [conv.cpp:53]   --->   Operation 447 'readreq' 'mem1_load_1_req' <Predicate = (!icmp_ln38 & and_ln52)> <Delay = 7.30> <CoreInst = "m_axi">   --->   Core 113 'm_axi' <Latency = 0> <II = 1> <Delay = 1.00> <Adapter> <Opcode : 'read' 'write' 'readreq' 'writereq' 'writeresp'>
ST_27 : Operation 448 [58/70] (7.30ns)   --->   "%mem1_load_2_req = readreq i1 @_ssdm_op_ReadReq.m_axi.i32P1A, i32 %mem1_addr_1, i32 1" [conv.cpp:53]   --->   Operation 448 'readreq' 'mem1_load_2_req' <Predicate = (!icmp_ln38 & and_ln52)> <Delay = 7.30> <CoreInst = "m_axi">   --->   Core 113 'm_axi' <Latency = 0> <II = 1> <Delay = 1.00> <Adapter> <Opcode : 'read' 'write' 'readreq' 'writereq' 'writeresp'>

State 28 <SV = 27> <Delay = 7.30>
ST_28 : Operation 449 [51/70] (7.30ns)   --->   "%mem2_load_req = readreq i1 @_ssdm_op_ReadReq.m_axi.i32P1A, i32 %mem2_addr, i32 1" [conv.cpp:53]   --->   Operation 449 'readreq' 'mem2_load_req' <Predicate = (!icmp_ln38 & and_ln52)> <Delay = 7.30> <CoreInst = "m_axi">   --->   Core 113 'm_axi' <Latency = 0> <II = 1> <Delay = 1.00> <Adapter> <Opcode : 'read' 'write' 'readreq' 'writereq' 'writeresp'>
ST_28 : Operation 450 [53/70] (7.30ns)   --->   "%mem1_load_1_req = readreq i1 @_ssdm_op_ReadReq.m_axi.i32P1A, i32 %mem1_addr, i32 1" [conv.cpp:53]   --->   Operation 450 'readreq' 'mem1_load_1_req' <Predicate = (!icmp_ln38 & and_ln52)> <Delay = 7.30> <CoreInst = "m_axi">   --->   Core 113 'm_axi' <Latency = 0> <II = 1> <Delay = 1.00> <Adapter> <Opcode : 'read' 'write' 'readreq' 'writereq' 'writeresp'>
ST_28 : Operation 451 [57/70] (7.30ns)   --->   "%mem1_load_2_req = readreq i1 @_ssdm_op_ReadReq.m_axi.i32P1A, i32 %mem1_addr_1, i32 1" [conv.cpp:53]   --->   Operation 451 'readreq' 'mem1_load_2_req' <Predicate = (!icmp_ln38 & and_ln52)> <Delay = 7.30> <CoreInst = "m_axi">   --->   Core 113 'm_axi' <Latency = 0> <II = 1> <Delay = 1.00> <Adapter> <Opcode : 'read' 'write' 'readreq' 'writereq' 'writeresp'>

State 29 <SV = 28> <Delay = 7.30>
ST_29 : Operation 452 [50/70] (7.30ns)   --->   "%mem2_load_req = readreq i1 @_ssdm_op_ReadReq.m_axi.i32P1A, i32 %mem2_addr, i32 1" [conv.cpp:53]   --->   Operation 452 'readreq' 'mem2_load_req' <Predicate = (!icmp_ln38 & and_ln52)> <Delay = 7.30> <CoreInst = "m_axi">   --->   Core 113 'm_axi' <Latency = 0> <II = 1> <Delay = 1.00> <Adapter> <Opcode : 'read' 'write' 'readreq' 'writereq' 'writeresp'>
ST_29 : Operation 453 [52/70] (7.30ns)   --->   "%mem1_load_1_req = readreq i1 @_ssdm_op_ReadReq.m_axi.i32P1A, i32 %mem1_addr, i32 1" [conv.cpp:53]   --->   Operation 453 'readreq' 'mem1_load_1_req' <Predicate = (!icmp_ln38 & and_ln52)> <Delay = 7.30> <CoreInst = "m_axi">   --->   Core 113 'm_axi' <Latency = 0> <II = 1> <Delay = 1.00> <Adapter> <Opcode : 'read' 'write' 'readreq' 'writereq' 'writeresp'>
ST_29 : Operation 454 [56/70] (7.30ns)   --->   "%mem1_load_2_req = readreq i1 @_ssdm_op_ReadReq.m_axi.i32P1A, i32 %mem1_addr_1, i32 1" [conv.cpp:53]   --->   Operation 454 'readreq' 'mem1_load_2_req' <Predicate = (!icmp_ln38 & and_ln52)> <Delay = 7.30> <CoreInst = "m_axi">   --->   Core 113 'm_axi' <Latency = 0> <II = 1> <Delay = 1.00> <Adapter> <Opcode : 'read' 'write' 'readreq' 'writereq' 'writeresp'>

State 30 <SV = 29> <Delay = 7.30>
ST_30 : Operation 455 [49/70] (7.30ns)   --->   "%mem2_load_req = readreq i1 @_ssdm_op_ReadReq.m_axi.i32P1A, i32 %mem2_addr, i32 1" [conv.cpp:53]   --->   Operation 455 'readreq' 'mem2_load_req' <Predicate = (!icmp_ln38 & and_ln52)> <Delay = 7.30> <CoreInst = "m_axi">   --->   Core 113 'm_axi' <Latency = 0> <II = 1> <Delay = 1.00> <Adapter> <Opcode : 'read' 'write' 'readreq' 'writereq' 'writeresp'>
ST_30 : Operation 456 [51/70] (7.30ns)   --->   "%mem1_load_1_req = readreq i1 @_ssdm_op_ReadReq.m_axi.i32P1A, i32 %mem1_addr, i32 1" [conv.cpp:53]   --->   Operation 456 'readreq' 'mem1_load_1_req' <Predicate = (!icmp_ln38 & and_ln52)> <Delay = 7.30> <CoreInst = "m_axi">   --->   Core 113 'm_axi' <Latency = 0> <II = 1> <Delay = 1.00> <Adapter> <Opcode : 'read' 'write' 'readreq' 'writereq' 'writeresp'>
ST_30 : Operation 457 [55/70] (7.30ns)   --->   "%mem1_load_2_req = readreq i1 @_ssdm_op_ReadReq.m_axi.i32P1A, i32 %mem1_addr_1, i32 1" [conv.cpp:53]   --->   Operation 457 'readreq' 'mem1_load_2_req' <Predicate = (!icmp_ln38 & and_ln52)> <Delay = 7.30> <CoreInst = "m_axi">   --->   Core 113 'm_axi' <Latency = 0> <II = 1> <Delay = 1.00> <Adapter> <Opcode : 'read' 'write' 'readreq' 'writereq' 'writeresp'>

State 31 <SV = 30> <Delay = 7.30>
ST_31 : Operation 458 [48/70] (7.30ns)   --->   "%mem2_load_req = readreq i1 @_ssdm_op_ReadReq.m_axi.i32P1A, i32 %mem2_addr, i32 1" [conv.cpp:53]   --->   Operation 458 'readreq' 'mem2_load_req' <Predicate = (!icmp_ln38 & and_ln52)> <Delay = 7.30> <CoreInst = "m_axi">   --->   Core 113 'm_axi' <Latency = 0> <II = 1> <Delay = 1.00> <Adapter> <Opcode : 'read' 'write' 'readreq' 'writereq' 'writeresp'>
ST_31 : Operation 459 [50/70] (7.30ns)   --->   "%mem1_load_1_req = readreq i1 @_ssdm_op_ReadReq.m_axi.i32P1A, i32 %mem1_addr, i32 1" [conv.cpp:53]   --->   Operation 459 'readreq' 'mem1_load_1_req' <Predicate = (!icmp_ln38 & and_ln52)> <Delay = 7.30> <CoreInst = "m_axi">   --->   Core 113 'm_axi' <Latency = 0> <II = 1> <Delay = 1.00> <Adapter> <Opcode : 'read' 'write' 'readreq' 'writereq' 'writeresp'>
ST_31 : Operation 460 [54/70] (7.30ns)   --->   "%mem1_load_2_req = readreq i1 @_ssdm_op_ReadReq.m_axi.i32P1A, i32 %mem1_addr_1, i32 1" [conv.cpp:53]   --->   Operation 460 'readreq' 'mem1_load_2_req' <Predicate = (!icmp_ln38 & and_ln52)> <Delay = 7.30> <CoreInst = "m_axi">   --->   Core 113 'm_axi' <Latency = 0> <II = 1> <Delay = 1.00> <Adapter> <Opcode : 'read' 'write' 'readreq' 'writereq' 'writeresp'>

State 32 <SV = 31> <Delay = 7.30>
ST_32 : Operation 461 [47/70] (7.30ns)   --->   "%mem2_load_req = readreq i1 @_ssdm_op_ReadReq.m_axi.i32P1A, i32 %mem2_addr, i32 1" [conv.cpp:53]   --->   Operation 461 'readreq' 'mem2_load_req' <Predicate = (!icmp_ln38 & and_ln52)> <Delay = 7.30> <CoreInst = "m_axi">   --->   Core 113 'm_axi' <Latency = 0> <II = 1> <Delay = 1.00> <Adapter> <Opcode : 'read' 'write' 'readreq' 'writereq' 'writeresp'>
ST_32 : Operation 462 [49/70] (7.30ns)   --->   "%mem1_load_1_req = readreq i1 @_ssdm_op_ReadReq.m_axi.i32P1A, i32 %mem1_addr, i32 1" [conv.cpp:53]   --->   Operation 462 'readreq' 'mem1_load_1_req' <Predicate = (!icmp_ln38 & and_ln52)> <Delay = 7.30> <CoreInst = "m_axi">   --->   Core 113 'm_axi' <Latency = 0> <II = 1> <Delay = 1.00> <Adapter> <Opcode : 'read' 'write' 'readreq' 'writereq' 'writeresp'>
ST_32 : Operation 463 [53/70] (7.30ns)   --->   "%mem1_load_2_req = readreq i1 @_ssdm_op_ReadReq.m_axi.i32P1A, i32 %mem1_addr_1, i32 1" [conv.cpp:53]   --->   Operation 463 'readreq' 'mem1_load_2_req' <Predicate = (!icmp_ln38 & and_ln52)> <Delay = 7.30> <CoreInst = "m_axi">   --->   Core 113 'm_axi' <Latency = 0> <II = 1> <Delay = 1.00> <Adapter> <Opcode : 'read' 'write' 'readreq' 'writereq' 'writeresp'>

State 33 <SV = 32> <Delay = 7.30>
ST_33 : Operation 464 [46/70] (7.30ns)   --->   "%mem2_load_req = readreq i1 @_ssdm_op_ReadReq.m_axi.i32P1A, i32 %mem2_addr, i32 1" [conv.cpp:53]   --->   Operation 464 'readreq' 'mem2_load_req' <Predicate = (!icmp_ln38 & and_ln52)> <Delay = 7.30> <CoreInst = "m_axi">   --->   Core 113 'm_axi' <Latency = 0> <II = 1> <Delay = 1.00> <Adapter> <Opcode : 'read' 'write' 'readreq' 'writereq' 'writeresp'>
ST_33 : Operation 465 [48/70] (7.30ns)   --->   "%mem1_load_1_req = readreq i1 @_ssdm_op_ReadReq.m_axi.i32P1A, i32 %mem1_addr, i32 1" [conv.cpp:53]   --->   Operation 465 'readreq' 'mem1_load_1_req' <Predicate = (!icmp_ln38 & and_ln52)> <Delay = 7.30> <CoreInst = "m_axi">   --->   Core 113 'm_axi' <Latency = 0> <II = 1> <Delay = 1.00> <Adapter> <Opcode : 'read' 'write' 'readreq' 'writereq' 'writeresp'>
ST_33 : Operation 466 [52/70] (7.30ns)   --->   "%mem1_load_2_req = readreq i1 @_ssdm_op_ReadReq.m_axi.i32P1A, i32 %mem1_addr_1, i32 1" [conv.cpp:53]   --->   Operation 466 'readreq' 'mem1_load_2_req' <Predicate = (!icmp_ln38 & and_ln52)> <Delay = 7.30> <CoreInst = "m_axi">   --->   Core 113 'm_axi' <Latency = 0> <II = 1> <Delay = 1.00> <Adapter> <Opcode : 'read' 'write' 'readreq' 'writereq' 'writeresp'>

State 34 <SV = 33> <Delay = 7.30>
ST_34 : Operation 467 [45/70] (7.30ns)   --->   "%mem2_load_req = readreq i1 @_ssdm_op_ReadReq.m_axi.i32P1A, i32 %mem2_addr, i32 1" [conv.cpp:53]   --->   Operation 467 'readreq' 'mem2_load_req' <Predicate = (!icmp_ln38 & and_ln52)> <Delay = 7.30> <CoreInst = "m_axi">   --->   Core 113 'm_axi' <Latency = 0> <II = 1> <Delay = 1.00> <Adapter> <Opcode : 'read' 'write' 'readreq' 'writereq' 'writeresp'>
ST_34 : Operation 468 [47/70] (7.30ns)   --->   "%mem1_load_1_req = readreq i1 @_ssdm_op_ReadReq.m_axi.i32P1A, i32 %mem1_addr, i32 1" [conv.cpp:53]   --->   Operation 468 'readreq' 'mem1_load_1_req' <Predicate = (!icmp_ln38 & and_ln52)> <Delay = 7.30> <CoreInst = "m_axi">   --->   Core 113 'm_axi' <Latency = 0> <II = 1> <Delay = 1.00> <Adapter> <Opcode : 'read' 'write' 'readreq' 'writereq' 'writeresp'>
ST_34 : Operation 469 [51/70] (7.30ns)   --->   "%mem1_load_2_req = readreq i1 @_ssdm_op_ReadReq.m_axi.i32P1A, i32 %mem1_addr_1, i32 1" [conv.cpp:53]   --->   Operation 469 'readreq' 'mem1_load_2_req' <Predicate = (!icmp_ln38 & and_ln52)> <Delay = 7.30> <CoreInst = "m_axi">   --->   Core 113 'm_axi' <Latency = 0> <II = 1> <Delay = 1.00> <Adapter> <Opcode : 'read' 'write' 'readreq' 'writereq' 'writeresp'>

State 35 <SV = 34> <Delay = 7.30>
ST_35 : Operation 470 [44/70] (7.30ns)   --->   "%mem2_load_req = readreq i1 @_ssdm_op_ReadReq.m_axi.i32P1A, i32 %mem2_addr, i32 1" [conv.cpp:53]   --->   Operation 470 'readreq' 'mem2_load_req' <Predicate = (!icmp_ln38 & and_ln52)> <Delay = 7.30> <CoreInst = "m_axi">   --->   Core 113 'm_axi' <Latency = 0> <II = 1> <Delay = 1.00> <Adapter> <Opcode : 'read' 'write' 'readreq' 'writereq' 'writeresp'>
ST_35 : Operation 471 [46/70] (7.30ns)   --->   "%mem1_load_1_req = readreq i1 @_ssdm_op_ReadReq.m_axi.i32P1A, i32 %mem1_addr, i32 1" [conv.cpp:53]   --->   Operation 471 'readreq' 'mem1_load_1_req' <Predicate = (!icmp_ln38 & and_ln52)> <Delay = 7.30> <CoreInst = "m_axi">   --->   Core 113 'm_axi' <Latency = 0> <II = 1> <Delay = 1.00> <Adapter> <Opcode : 'read' 'write' 'readreq' 'writereq' 'writeresp'>
ST_35 : Operation 472 [50/70] (7.30ns)   --->   "%mem1_load_2_req = readreq i1 @_ssdm_op_ReadReq.m_axi.i32P1A, i32 %mem1_addr_1, i32 1" [conv.cpp:53]   --->   Operation 472 'readreq' 'mem1_load_2_req' <Predicate = (!icmp_ln38 & and_ln52)> <Delay = 7.30> <CoreInst = "m_axi">   --->   Core 113 'm_axi' <Latency = 0> <II = 1> <Delay = 1.00> <Adapter> <Opcode : 'read' 'write' 'readreq' 'writereq' 'writeresp'>

State 36 <SV = 35> <Delay = 7.30>
ST_36 : Operation 473 [43/70] (7.30ns)   --->   "%mem2_load_req = readreq i1 @_ssdm_op_ReadReq.m_axi.i32P1A, i32 %mem2_addr, i32 1" [conv.cpp:53]   --->   Operation 473 'readreq' 'mem2_load_req' <Predicate = (!icmp_ln38 & and_ln52)> <Delay = 7.30> <CoreInst = "m_axi">   --->   Core 113 'm_axi' <Latency = 0> <II = 1> <Delay = 1.00> <Adapter> <Opcode : 'read' 'write' 'readreq' 'writereq' 'writeresp'>
ST_36 : Operation 474 [45/70] (7.30ns)   --->   "%mem1_load_1_req = readreq i1 @_ssdm_op_ReadReq.m_axi.i32P1A, i32 %mem1_addr, i32 1" [conv.cpp:53]   --->   Operation 474 'readreq' 'mem1_load_1_req' <Predicate = (!icmp_ln38 & and_ln52)> <Delay = 7.30> <CoreInst = "m_axi">   --->   Core 113 'm_axi' <Latency = 0> <II = 1> <Delay = 1.00> <Adapter> <Opcode : 'read' 'write' 'readreq' 'writereq' 'writeresp'>
ST_36 : Operation 475 [49/70] (7.30ns)   --->   "%mem1_load_2_req = readreq i1 @_ssdm_op_ReadReq.m_axi.i32P1A, i32 %mem1_addr_1, i32 1" [conv.cpp:53]   --->   Operation 475 'readreq' 'mem1_load_2_req' <Predicate = (!icmp_ln38 & and_ln52)> <Delay = 7.30> <CoreInst = "m_axi">   --->   Core 113 'm_axi' <Latency = 0> <II = 1> <Delay = 1.00> <Adapter> <Opcode : 'read' 'write' 'readreq' 'writereq' 'writeresp'>

State 37 <SV = 36> <Delay = 7.30>
ST_37 : Operation 476 [42/70] (7.30ns)   --->   "%mem2_load_req = readreq i1 @_ssdm_op_ReadReq.m_axi.i32P1A, i32 %mem2_addr, i32 1" [conv.cpp:53]   --->   Operation 476 'readreq' 'mem2_load_req' <Predicate = (!icmp_ln38 & and_ln52)> <Delay = 7.30> <CoreInst = "m_axi">   --->   Core 113 'm_axi' <Latency = 0> <II = 1> <Delay = 1.00> <Adapter> <Opcode : 'read' 'write' 'readreq' 'writereq' 'writeresp'>
ST_37 : Operation 477 [44/70] (7.30ns)   --->   "%mem1_load_1_req = readreq i1 @_ssdm_op_ReadReq.m_axi.i32P1A, i32 %mem1_addr, i32 1" [conv.cpp:53]   --->   Operation 477 'readreq' 'mem1_load_1_req' <Predicate = (!icmp_ln38 & and_ln52)> <Delay = 7.30> <CoreInst = "m_axi">   --->   Core 113 'm_axi' <Latency = 0> <II = 1> <Delay = 1.00> <Adapter> <Opcode : 'read' 'write' 'readreq' 'writereq' 'writeresp'>
ST_37 : Operation 478 [48/70] (7.30ns)   --->   "%mem1_load_2_req = readreq i1 @_ssdm_op_ReadReq.m_axi.i32P1A, i32 %mem1_addr_1, i32 1" [conv.cpp:53]   --->   Operation 478 'readreq' 'mem1_load_2_req' <Predicate = (!icmp_ln38 & and_ln52)> <Delay = 7.30> <CoreInst = "m_axi">   --->   Core 113 'm_axi' <Latency = 0> <II = 1> <Delay = 1.00> <Adapter> <Opcode : 'read' 'write' 'readreq' 'writereq' 'writeresp'>

State 38 <SV = 37> <Delay = 7.30>
ST_38 : Operation 479 [41/70] (7.30ns)   --->   "%mem2_load_req = readreq i1 @_ssdm_op_ReadReq.m_axi.i32P1A, i32 %mem2_addr, i32 1" [conv.cpp:53]   --->   Operation 479 'readreq' 'mem2_load_req' <Predicate = (!icmp_ln38 & and_ln52)> <Delay = 7.30> <CoreInst = "m_axi">   --->   Core 113 'm_axi' <Latency = 0> <II = 1> <Delay = 1.00> <Adapter> <Opcode : 'read' 'write' 'readreq' 'writereq' 'writeresp'>
ST_38 : Operation 480 [43/70] (7.30ns)   --->   "%mem1_load_1_req = readreq i1 @_ssdm_op_ReadReq.m_axi.i32P1A, i32 %mem1_addr, i32 1" [conv.cpp:53]   --->   Operation 480 'readreq' 'mem1_load_1_req' <Predicate = (!icmp_ln38 & and_ln52)> <Delay = 7.30> <CoreInst = "m_axi">   --->   Core 113 'm_axi' <Latency = 0> <II = 1> <Delay = 1.00> <Adapter> <Opcode : 'read' 'write' 'readreq' 'writereq' 'writeresp'>
ST_38 : Operation 481 [47/70] (7.30ns)   --->   "%mem1_load_2_req = readreq i1 @_ssdm_op_ReadReq.m_axi.i32P1A, i32 %mem1_addr_1, i32 1" [conv.cpp:53]   --->   Operation 481 'readreq' 'mem1_load_2_req' <Predicate = (!icmp_ln38 & and_ln52)> <Delay = 7.30> <CoreInst = "m_axi">   --->   Core 113 'm_axi' <Latency = 0> <II = 1> <Delay = 1.00> <Adapter> <Opcode : 'read' 'write' 'readreq' 'writereq' 'writeresp'>

State 39 <SV = 38> <Delay = 7.30>
ST_39 : Operation 482 [40/70] (7.30ns)   --->   "%mem2_load_req = readreq i1 @_ssdm_op_ReadReq.m_axi.i32P1A, i32 %mem2_addr, i32 1" [conv.cpp:53]   --->   Operation 482 'readreq' 'mem2_load_req' <Predicate = (!icmp_ln38 & and_ln52)> <Delay = 7.30> <CoreInst = "m_axi">   --->   Core 113 'm_axi' <Latency = 0> <II = 1> <Delay = 1.00> <Adapter> <Opcode : 'read' 'write' 'readreq' 'writereq' 'writeresp'>
ST_39 : Operation 483 [42/70] (7.30ns)   --->   "%mem1_load_1_req = readreq i1 @_ssdm_op_ReadReq.m_axi.i32P1A, i32 %mem1_addr, i32 1" [conv.cpp:53]   --->   Operation 483 'readreq' 'mem1_load_1_req' <Predicate = (!icmp_ln38 & and_ln52)> <Delay = 7.30> <CoreInst = "m_axi">   --->   Core 113 'm_axi' <Latency = 0> <II = 1> <Delay = 1.00> <Adapter> <Opcode : 'read' 'write' 'readreq' 'writereq' 'writeresp'>
ST_39 : Operation 484 [46/70] (7.30ns)   --->   "%mem1_load_2_req = readreq i1 @_ssdm_op_ReadReq.m_axi.i32P1A, i32 %mem1_addr_1, i32 1" [conv.cpp:53]   --->   Operation 484 'readreq' 'mem1_load_2_req' <Predicate = (!icmp_ln38 & and_ln52)> <Delay = 7.30> <CoreInst = "m_axi">   --->   Core 113 'm_axi' <Latency = 0> <II = 1> <Delay = 1.00> <Adapter> <Opcode : 'read' 'write' 'readreq' 'writereq' 'writeresp'>

State 40 <SV = 39> <Delay = 7.30>
ST_40 : Operation 485 [39/70] (7.30ns)   --->   "%mem2_load_req = readreq i1 @_ssdm_op_ReadReq.m_axi.i32P1A, i32 %mem2_addr, i32 1" [conv.cpp:53]   --->   Operation 485 'readreq' 'mem2_load_req' <Predicate = (!icmp_ln38 & and_ln52)> <Delay = 7.30> <CoreInst = "m_axi">   --->   Core 113 'm_axi' <Latency = 0> <II = 1> <Delay = 1.00> <Adapter> <Opcode : 'read' 'write' 'readreq' 'writereq' 'writeresp'>
ST_40 : Operation 486 [41/70] (7.30ns)   --->   "%mem1_load_1_req = readreq i1 @_ssdm_op_ReadReq.m_axi.i32P1A, i32 %mem1_addr, i32 1" [conv.cpp:53]   --->   Operation 486 'readreq' 'mem1_load_1_req' <Predicate = (!icmp_ln38 & and_ln52)> <Delay = 7.30> <CoreInst = "m_axi">   --->   Core 113 'm_axi' <Latency = 0> <II = 1> <Delay = 1.00> <Adapter> <Opcode : 'read' 'write' 'readreq' 'writereq' 'writeresp'>
ST_40 : Operation 487 [45/70] (7.30ns)   --->   "%mem1_load_2_req = readreq i1 @_ssdm_op_ReadReq.m_axi.i32P1A, i32 %mem1_addr_1, i32 1" [conv.cpp:53]   --->   Operation 487 'readreq' 'mem1_load_2_req' <Predicate = (!icmp_ln38 & and_ln52)> <Delay = 7.30> <CoreInst = "m_axi">   --->   Core 113 'm_axi' <Latency = 0> <II = 1> <Delay = 1.00> <Adapter> <Opcode : 'read' 'write' 'readreq' 'writereq' 'writeresp'>

State 41 <SV = 40> <Delay = 7.30>
ST_41 : Operation 488 [38/70] (7.30ns)   --->   "%mem2_load_req = readreq i1 @_ssdm_op_ReadReq.m_axi.i32P1A, i32 %mem2_addr, i32 1" [conv.cpp:53]   --->   Operation 488 'readreq' 'mem2_load_req' <Predicate = (!icmp_ln38 & and_ln52)> <Delay = 7.30> <CoreInst = "m_axi">   --->   Core 113 'm_axi' <Latency = 0> <II = 1> <Delay = 1.00> <Adapter> <Opcode : 'read' 'write' 'readreq' 'writereq' 'writeresp'>
ST_41 : Operation 489 [40/70] (7.30ns)   --->   "%mem1_load_1_req = readreq i1 @_ssdm_op_ReadReq.m_axi.i32P1A, i32 %mem1_addr, i32 1" [conv.cpp:53]   --->   Operation 489 'readreq' 'mem1_load_1_req' <Predicate = (!icmp_ln38 & and_ln52)> <Delay = 7.30> <CoreInst = "m_axi">   --->   Core 113 'm_axi' <Latency = 0> <II = 1> <Delay = 1.00> <Adapter> <Opcode : 'read' 'write' 'readreq' 'writereq' 'writeresp'>
ST_41 : Operation 490 [44/70] (7.30ns)   --->   "%mem1_load_2_req = readreq i1 @_ssdm_op_ReadReq.m_axi.i32P1A, i32 %mem1_addr_1, i32 1" [conv.cpp:53]   --->   Operation 490 'readreq' 'mem1_load_2_req' <Predicate = (!icmp_ln38 & and_ln52)> <Delay = 7.30> <CoreInst = "m_axi">   --->   Core 113 'm_axi' <Latency = 0> <II = 1> <Delay = 1.00> <Adapter> <Opcode : 'read' 'write' 'readreq' 'writereq' 'writeresp'>

State 42 <SV = 41> <Delay = 7.30>
ST_42 : Operation 491 [37/70] (7.30ns)   --->   "%mem2_load_req = readreq i1 @_ssdm_op_ReadReq.m_axi.i32P1A, i32 %mem2_addr, i32 1" [conv.cpp:53]   --->   Operation 491 'readreq' 'mem2_load_req' <Predicate = (!icmp_ln38 & and_ln52)> <Delay = 7.30> <CoreInst = "m_axi">   --->   Core 113 'm_axi' <Latency = 0> <II = 1> <Delay = 1.00> <Adapter> <Opcode : 'read' 'write' 'readreq' 'writereq' 'writeresp'>
ST_42 : Operation 492 [39/70] (7.30ns)   --->   "%mem1_load_1_req = readreq i1 @_ssdm_op_ReadReq.m_axi.i32P1A, i32 %mem1_addr, i32 1" [conv.cpp:53]   --->   Operation 492 'readreq' 'mem1_load_1_req' <Predicate = (!icmp_ln38 & and_ln52)> <Delay = 7.30> <CoreInst = "m_axi">   --->   Core 113 'm_axi' <Latency = 0> <II = 1> <Delay = 1.00> <Adapter> <Opcode : 'read' 'write' 'readreq' 'writereq' 'writeresp'>
ST_42 : Operation 493 [43/70] (7.30ns)   --->   "%mem1_load_2_req = readreq i1 @_ssdm_op_ReadReq.m_axi.i32P1A, i32 %mem1_addr_1, i32 1" [conv.cpp:53]   --->   Operation 493 'readreq' 'mem1_load_2_req' <Predicate = (!icmp_ln38 & and_ln52)> <Delay = 7.30> <CoreInst = "m_axi">   --->   Core 113 'm_axi' <Latency = 0> <II = 1> <Delay = 1.00> <Adapter> <Opcode : 'read' 'write' 'readreq' 'writereq' 'writeresp'>

State 43 <SV = 42> <Delay = 7.30>
ST_43 : Operation 494 [36/70] (7.30ns)   --->   "%mem2_load_req = readreq i1 @_ssdm_op_ReadReq.m_axi.i32P1A, i32 %mem2_addr, i32 1" [conv.cpp:53]   --->   Operation 494 'readreq' 'mem2_load_req' <Predicate = (!icmp_ln38 & and_ln52)> <Delay = 7.30> <CoreInst = "m_axi">   --->   Core 113 'm_axi' <Latency = 0> <II = 1> <Delay = 1.00> <Adapter> <Opcode : 'read' 'write' 'readreq' 'writereq' 'writeresp'>
ST_43 : Operation 495 [38/70] (7.30ns)   --->   "%mem1_load_1_req = readreq i1 @_ssdm_op_ReadReq.m_axi.i32P1A, i32 %mem1_addr, i32 1" [conv.cpp:53]   --->   Operation 495 'readreq' 'mem1_load_1_req' <Predicate = (!icmp_ln38 & and_ln52)> <Delay = 7.30> <CoreInst = "m_axi">   --->   Core 113 'm_axi' <Latency = 0> <II = 1> <Delay = 1.00> <Adapter> <Opcode : 'read' 'write' 'readreq' 'writereq' 'writeresp'>
ST_43 : Operation 496 [42/70] (7.30ns)   --->   "%mem1_load_2_req = readreq i1 @_ssdm_op_ReadReq.m_axi.i32P1A, i32 %mem1_addr_1, i32 1" [conv.cpp:53]   --->   Operation 496 'readreq' 'mem1_load_2_req' <Predicate = (!icmp_ln38 & and_ln52)> <Delay = 7.30> <CoreInst = "m_axi">   --->   Core 113 'm_axi' <Latency = 0> <II = 1> <Delay = 1.00> <Adapter> <Opcode : 'read' 'write' 'readreq' 'writereq' 'writeresp'>

State 44 <SV = 43> <Delay = 7.30>
ST_44 : Operation 497 [35/70] (7.30ns)   --->   "%mem2_load_req = readreq i1 @_ssdm_op_ReadReq.m_axi.i32P1A, i32 %mem2_addr, i32 1" [conv.cpp:53]   --->   Operation 497 'readreq' 'mem2_load_req' <Predicate = (!icmp_ln38 & and_ln52)> <Delay = 7.30> <CoreInst = "m_axi">   --->   Core 113 'm_axi' <Latency = 0> <II = 1> <Delay = 1.00> <Adapter> <Opcode : 'read' 'write' 'readreq' 'writereq' 'writeresp'>
ST_44 : Operation 498 [37/70] (7.30ns)   --->   "%mem1_load_1_req = readreq i1 @_ssdm_op_ReadReq.m_axi.i32P1A, i32 %mem1_addr, i32 1" [conv.cpp:53]   --->   Operation 498 'readreq' 'mem1_load_1_req' <Predicate = (!icmp_ln38 & and_ln52)> <Delay = 7.30> <CoreInst = "m_axi">   --->   Core 113 'm_axi' <Latency = 0> <II = 1> <Delay = 1.00> <Adapter> <Opcode : 'read' 'write' 'readreq' 'writereq' 'writeresp'>
ST_44 : Operation 499 [41/70] (7.30ns)   --->   "%mem1_load_2_req = readreq i1 @_ssdm_op_ReadReq.m_axi.i32P1A, i32 %mem1_addr_1, i32 1" [conv.cpp:53]   --->   Operation 499 'readreq' 'mem1_load_2_req' <Predicate = (!icmp_ln38 & and_ln52)> <Delay = 7.30> <CoreInst = "m_axi">   --->   Core 113 'm_axi' <Latency = 0> <II = 1> <Delay = 1.00> <Adapter> <Opcode : 'read' 'write' 'readreq' 'writereq' 'writeresp'>

State 45 <SV = 44> <Delay = 7.30>
ST_45 : Operation 500 [34/70] (7.30ns)   --->   "%mem2_load_req = readreq i1 @_ssdm_op_ReadReq.m_axi.i32P1A, i32 %mem2_addr, i32 1" [conv.cpp:53]   --->   Operation 500 'readreq' 'mem2_load_req' <Predicate = (!icmp_ln38 & and_ln52)> <Delay = 7.30> <CoreInst = "m_axi">   --->   Core 113 'm_axi' <Latency = 0> <II = 1> <Delay = 1.00> <Adapter> <Opcode : 'read' 'write' 'readreq' 'writereq' 'writeresp'>
ST_45 : Operation 501 [36/70] (7.30ns)   --->   "%mem1_load_1_req = readreq i1 @_ssdm_op_ReadReq.m_axi.i32P1A, i32 %mem1_addr, i32 1" [conv.cpp:53]   --->   Operation 501 'readreq' 'mem1_load_1_req' <Predicate = (!icmp_ln38 & and_ln52)> <Delay = 7.30> <CoreInst = "m_axi">   --->   Core 113 'm_axi' <Latency = 0> <II = 1> <Delay = 1.00> <Adapter> <Opcode : 'read' 'write' 'readreq' 'writereq' 'writeresp'>
ST_45 : Operation 502 [40/70] (7.30ns)   --->   "%mem1_load_2_req = readreq i1 @_ssdm_op_ReadReq.m_axi.i32P1A, i32 %mem1_addr_1, i32 1" [conv.cpp:53]   --->   Operation 502 'readreq' 'mem1_load_2_req' <Predicate = (!icmp_ln38 & and_ln52)> <Delay = 7.30> <CoreInst = "m_axi">   --->   Core 113 'm_axi' <Latency = 0> <II = 1> <Delay = 1.00> <Adapter> <Opcode : 'read' 'write' 'readreq' 'writereq' 'writeresp'>

State 46 <SV = 45> <Delay = 7.30>
ST_46 : Operation 503 [33/70] (7.30ns)   --->   "%mem2_load_req = readreq i1 @_ssdm_op_ReadReq.m_axi.i32P1A, i32 %mem2_addr, i32 1" [conv.cpp:53]   --->   Operation 503 'readreq' 'mem2_load_req' <Predicate = (!icmp_ln38 & and_ln52)> <Delay = 7.30> <CoreInst = "m_axi">   --->   Core 113 'm_axi' <Latency = 0> <II = 1> <Delay = 1.00> <Adapter> <Opcode : 'read' 'write' 'readreq' 'writereq' 'writeresp'>
ST_46 : Operation 504 [35/70] (7.30ns)   --->   "%mem1_load_1_req = readreq i1 @_ssdm_op_ReadReq.m_axi.i32P1A, i32 %mem1_addr, i32 1" [conv.cpp:53]   --->   Operation 504 'readreq' 'mem1_load_1_req' <Predicate = (!icmp_ln38 & and_ln52)> <Delay = 7.30> <CoreInst = "m_axi">   --->   Core 113 'm_axi' <Latency = 0> <II = 1> <Delay = 1.00> <Adapter> <Opcode : 'read' 'write' 'readreq' 'writereq' 'writeresp'>
ST_46 : Operation 505 [39/70] (7.30ns)   --->   "%mem1_load_2_req = readreq i1 @_ssdm_op_ReadReq.m_axi.i32P1A, i32 %mem1_addr_1, i32 1" [conv.cpp:53]   --->   Operation 505 'readreq' 'mem1_load_2_req' <Predicate = (!icmp_ln38 & and_ln52)> <Delay = 7.30> <CoreInst = "m_axi">   --->   Core 113 'm_axi' <Latency = 0> <II = 1> <Delay = 1.00> <Adapter> <Opcode : 'read' 'write' 'readreq' 'writereq' 'writeresp'>

State 47 <SV = 46> <Delay = 7.30>
ST_47 : Operation 506 [32/70] (7.30ns)   --->   "%mem2_load_req = readreq i1 @_ssdm_op_ReadReq.m_axi.i32P1A, i32 %mem2_addr, i32 1" [conv.cpp:53]   --->   Operation 506 'readreq' 'mem2_load_req' <Predicate = (!icmp_ln38 & and_ln52)> <Delay = 7.30> <CoreInst = "m_axi">   --->   Core 113 'm_axi' <Latency = 0> <II = 1> <Delay = 1.00> <Adapter> <Opcode : 'read' 'write' 'readreq' 'writereq' 'writeresp'>
ST_47 : Operation 507 [34/70] (7.30ns)   --->   "%mem1_load_1_req = readreq i1 @_ssdm_op_ReadReq.m_axi.i32P1A, i32 %mem1_addr, i32 1" [conv.cpp:53]   --->   Operation 507 'readreq' 'mem1_load_1_req' <Predicate = (!icmp_ln38 & and_ln52)> <Delay = 7.30> <CoreInst = "m_axi">   --->   Core 113 'm_axi' <Latency = 0> <II = 1> <Delay = 1.00> <Adapter> <Opcode : 'read' 'write' 'readreq' 'writereq' 'writeresp'>
ST_47 : Operation 508 [38/70] (7.30ns)   --->   "%mem1_load_2_req = readreq i1 @_ssdm_op_ReadReq.m_axi.i32P1A, i32 %mem1_addr_1, i32 1" [conv.cpp:53]   --->   Operation 508 'readreq' 'mem1_load_2_req' <Predicate = (!icmp_ln38 & and_ln52)> <Delay = 7.30> <CoreInst = "m_axi">   --->   Core 113 'm_axi' <Latency = 0> <II = 1> <Delay = 1.00> <Adapter> <Opcode : 'read' 'write' 'readreq' 'writereq' 'writeresp'>

State 48 <SV = 47> <Delay = 7.30>
ST_48 : Operation 509 [31/70] (7.30ns)   --->   "%mem2_load_req = readreq i1 @_ssdm_op_ReadReq.m_axi.i32P1A, i32 %mem2_addr, i32 1" [conv.cpp:53]   --->   Operation 509 'readreq' 'mem2_load_req' <Predicate = (!icmp_ln38 & and_ln52)> <Delay = 7.30> <CoreInst = "m_axi">   --->   Core 113 'm_axi' <Latency = 0> <II = 1> <Delay = 1.00> <Adapter> <Opcode : 'read' 'write' 'readreq' 'writereq' 'writeresp'>
ST_48 : Operation 510 [33/70] (7.30ns)   --->   "%mem1_load_1_req = readreq i1 @_ssdm_op_ReadReq.m_axi.i32P1A, i32 %mem1_addr, i32 1" [conv.cpp:53]   --->   Operation 510 'readreq' 'mem1_load_1_req' <Predicate = (!icmp_ln38 & and_ln52)> <Delay = 7.30> <CoreInst = "m_axi">   --->   Core 113 'm_axi' <Latency = 0> <II = 1> <Delay = 1.00> <Adapter> <Opcode : 'read' 'write' 'readreq' 'writereq' 'writeresp'>
ST_48 : Operation 511 [37/70] (7.30ns)   --->   "%mem1_load_2_req = readreq i1 @_ssdm_op_ReadReq.m_axi.i32P1A, i32 %mem1_addr_1, i32 1" [conv.cpp:53]   --->   Operation 511 'readreq' 'mem1_load_2_req' <Predicate = (!icmp_ln38 & and_ln52)> <Delay = 7.30> <CoreInst = "m_axi">   --->   Core 113 'm_axi' <Latency = 0> <II = 1> <Delay = 1.00> <Adapter> <Opcode : 'read' 'write' 'readreq' 'writereq' 'writeresp'>

State 49 <SV = 48> <Delay = 7.30>
ST_49 : Operation 512 [30/70] (7.30ns)   --->   "%mem2_load_req = readreq i1 @_ssdm_op_ReadReq.m_axi.i32P1A, i32 %mem2_addr, i32 1" [conv.cpp:53]   --->   Operation 512 'readreq' 'mem2_load_req' <Predicate = (!icmp_ln38 & and_ln52)> <Delay = 7.30> <CoreInst = "m_axi">   --->   Core 113 'm_axi' <Latency = 0> <II = 1> <Delay = 1.00> <Adapter> <Opcode : 'read' 'write' 'readreq' 'writereq' 'writeresp'>
ST_49 : Operation 513 [32/70] (7.30ns)   --->   "%mem1_load_1_req = readreq i1 @_ssdm_op_ReadReq.m_axi.i32P1A, i32 %mem1_addr, i32 1" [conv.cpp:53]   --->   Operation 513 'readreq' 'mem1_load_1_req' <Predicate = (!icmp_ln38 & and_ln52)> <Delay = 7.30> <CoreInst = "m_axi">   --->   Core 113 'm_axi' <Latency = 0> <II = 1> <Delay = 1.00> <Adapter> <Opcode : 'read' 'write' 'readreq' 'writereq' 'writeresp'>
ST_49 : Operation 514 [36/70] (7.30ns)   --->   "%mem1_load_2_req = readreq i1 @_ssdm_op_ReadReq.m_axi.i32P1A, i32 %mem1_addr_1, i32 1" [conv.cpp:53]   --->   Operation 514 'readreq' 'mem1_load_2_req' <Predicate = (!icmp_ln38 & and_ln52)> <Delay = 7.30> <CoreInst = "m_axi">   --->   Core 113 'm_axi' <Latency = 0> <II = 1> <Delay = 1.00> <Adapter> <Opcode : 'read' 'write' 'readreq' 'writereq' 'writeresp'>

State 50 <SV = 49> <Delay = 7.30>
ST_50 : Operation 515 [29/70] (7.30ns)   --->   "%mem2_load_req = readreq i1 @_ssdm_op_ReadReq.m_axi.i32P1A, i32 %mem2_addr, i32 1" [conv.cpp:53]   --->   Operation 515 'readreq' 'mem2_load_req' <Predicate = (!icmp_ln38 & and_ln52)> <Delay = 7.30> <CoreInst = "m_axi">   --->   Core 113 'm_axi' <Latency = 0> <II = 1> <Delay = 1.00> <Adapter> <Opcode : 'read' 'write' 'readreq' 'writereq' 'writeresp'>
ST_50 : Operation 516 [31/70] (7.30ns)   --->   "%mem1_load_1_req = readreq i1 @_ssdm_op_ReadReq.m_axi.i32P1A, i32 %mem1_addr, i32 1" [conv.cpp:53]   --->   Operation 516 'readreq' 'mem1_load_1_req' <Predicate = (!icmp_ln38 & and_ln52)> <Delay = 7.30> <CoreInst = "m_axi">   --->   Core 113 'm_axi' <Latency = 0> <II = 1> <Delay = 1.00> <Adapter> <Opcode : 'read' 'write' 'readreq' 'writereq' 'writeresp'>
ST_50 : Operation 517 [35/70] (7.30ns)   --->   "%mem1_load_2_req = readreq i1 @_ssdm_op_ReadReq.m_axi.i32P1A, i32 %mem1_addr_1, i32 1" [conv.cpp:53]   --->   Operation 517 'readreq' 'mem1_load_2_req' <Predicate = (!icmp_ln38 & and_ln52)> <Delay = 7.30> <CoreInst = "m_axi">   --->   Core 113 'm_axi' <Latency = 0> <II = 1> <Delay = 1.00> <Adapter> <Opcode : 'read' 'write' 'readreq' 'writereq' 'writeresp'>

State 51 <SV = 50> <Delay = 7.30>
ST_51 : Operation 518 [28/70] (7.30ns)   --->   "%mem2_load_req = readreq i1 @_ssdm_op_ReadReq.m_axi.i32P1A, i32 %mem2_addr, i32 1" [conv.cpp:53]   --->   Operation 518 'readreq' 'mem2_load_req' <Predicate = (!icmp_ln38 & and_ln52)> <Delay = 7.30> <CoreInst = "m_axi">   --->   Core 113 'm_axi' <Latency = 0> <II = 1> <Delay = 1.00> <Adapter> <Opcode : 'read' 'write' 'readreq' 'writereq' 'writeresp'>
ST_51 : Operation 519 [30/70] (7.30ns)   --->   "%mem1_load_1_req = readreq i1 @_ssdm_op_ReadReq.m_axi.i32P1A, i32 %mem1_addr, i32 1" [conv.cpp:53]   --->   Operation 519 'readreq' 'mem1_load_1_req' <Predicate = (!icmp_ln38 & and_ln52)> <Delay = 7.30> <CoreInst = "m_axi">   --->   Core 113 'm_axi' <Latency = 0> <II = 1> <Delay = 1.00> <Adapter> <Opcode : 'read' 'write' 'readreq' 'writereq' 'writeresp'>
ST_51 : Operation 520 [34/70] (7.30ns)   --->   "%mem1_load_2_req = readreq i1 @_ssdm_op_ReadReq.m_axi.i32P1A, i32 %mem1_addr_1, i32 1" [conv.cpp:53]   --->   Operation 520 'readreq' 'mem1_load_2_req' <Predicate = (!icmp_ln38 & and_ln52)> <Delay = 7.30> <CoreInst = "m_axi">   --->   Core 113 'm_axi' <Latency = 0> <II = 1> <Delay = 1.00> <Adapter> <Opcode : 'read' 'write' 'readreq' 'writereq' 'writeresp'>

State 52 <SV = 51> <Delay = 7.30>
ST_52 : Operation 521 [27/70] (7.30ns)   --->   "%mem2_load_req = readreq i1 @_ssdm_op_ReadReq.m_axi.i32P1A, i32 %mem2_addr, i32 1" [conv.cpp:53]   --->   Operation 521 'readreq' 'mem2_load_req' <Predicate = (!icmp_ln38 & and_ln52)> <Delay = 7.30> <CoreInst = "m_axi">   --->   Core 113 'm_axi' <Latency = 0> <II = 1> <Delay = 1.00> <Adapter> <Opcode : 'read' 'write' 'readreq' 'writereq' 'writeresp'>
ST_52 : Operation 522 [29/70] (7.30ns)   --->   "%mem1_load_1_req = readreq i1 @_ssdm_op_ReadReq.m_axi.i32P1A, i32 %mem1_addr, i32 1" [conv.cpp:53]   --->   Operation 522 'readreq' 'mem1_load_1_req' <Predicate = (!icmp_ln38 & and_ln52)> <Delay = 7.30> <CoreInst = "m_axi">   --->   Core 113 'm_axi' <Latency = 0> <II = 1> <Delay = 1.00> <Adapter> <Opcode : 'read' 'write' 'readreq' 'writereq' 'writeresp'>
ST_52 : Operation 523 [33/70] (7.30ns)   --->   "%mem1_load_2_req = readreq i1 @_ssdm_op_ReadReq.m_axi.i32P1A, i32 %mem1_addr_1, i32 1" [conv.cpp:53]   --->   Operation 523 'readreq' 'mem1_load_2_req' <Predicate = (!icmp_ln38 & and_ln52)> <Delay = 7.30> <CoreInst = "m_axi">   --->   Core 113 'm_axi' <Latency = 0> <II = 1> <Delay = 1.00> <Adapter> <Opcode : 'read' 'write' 'readreq' 'writereq' 'writeresp'>

State 53 <SV = 52> <Delay = 7.30>
ST_53 : Operation 524 [26/70] (7.30ns)   --->   "%mem2_load_req = readreq i1 @_ssdm_op_ReadReq.m_axi.i32P1A, i32 %mem2_addr, i32 1" [conv.cpp:53]   --->   Operation 524 'readreq' 'mem2_load_req' <Predicate = (!icmp_ln38 & and_ln52)> <Delay = 7.30> <CoreInst = "m_axi">   --->   Core 113 'm_axi' <Latency = 0> <II = 1> <Delay = 1.00> <Adapter> <Opcode : 'read' 'write' 'readreq' 'writereq' 'writeresp'>
ST_53 : Operation 525 [28/70] (7.30ns)   --->   "%mem1_load_1_req = readreq i1 @_ssdm_op_ReadReq.m_axi.i32P1A, i32 %mem1_addr, i32 1" [conv.cpp:53]   --->   Operation 525 'readreq' 'mem1_load_1_req' <Predicate = (!icmp_ln38 & and_ln52)> <Delay = 7.30> <CoreInst = "m_axi">   --->   Core 113 'm_axi' <Latency = 0> <II = 1> <Delay = 1.00> <Adapter> <Opcode : 'read' 'write' 'readreq' 'writereq' 'writeresp'>
ST_53 : Operation 526 [32/70] (7.30ns)   --->   "%mem1_load_2_req = readreq i1 @_ssdm_op_ReadReq.m_axi.i32P1A, i32 %mem1_addr_1, i32 1" [conv.cpp:53]   --->   Operation 526 'readreq' 'mem1_load_2_req' <Predicate = (!icmp_ln38 & and_ln52)> <Delay = 7.30> <CoreInst = "m_axi">   --->   Core 113 'm_axi' <Latency = 0> <II = 1> <Delay = 1.00> <Adapter> <Opcode : 'read' 'write' 'readreq' 'writereq' 'writeresp'>

State 54 <SV = 53> <Delay = 7.30>
ST_54 : Operation 527 [25/70] (7.30ns)   --->   "%mem2_load_req = readreq i1 @_ssdm_op_ReadReq.m_axi.i32P1A, i32 %mem2_addr, i32 1" [conv.cpp:53]   --->   Operation 527 'readreq' 'mem2_load_req' <Predicate = (!icmp_ln38 & and_ln52)> <Delay = 7.30> <CoreInst = "m_axi">   --->   Core 113 'm_axi' <Latency = 0> <II = 1> <Delay = 1.00> <Adapter> <Opcode : 'read' 'write' 'readreq' 'writereq' 'writeresp'>
ST_54 : Operation 528 [27/70] (7.30ns)   --->   "%mem1_load_1_req = readreq i1 @_ssdm_op_ReadReq.m_axi.i32P1A, i32 %mem1_addr, i32 1" [conv.cpp:53]   --->   Operation 528 'readreq' 'mem1_load_1_req' <Predicate = (!icmp_ln38 & and_ln52)> <Delay = 7.30> <CoreInst = "m_axi">   --->   Core 113 'm_axi' <Latency = 0> <II = 1> <Delay = 1.00> <Adapter> <Opcode : 'read' 'write' 'readreq' 'writereq' 'writeresp'>
ST_54 : Operation 529 [31/70] (7.30ns)   --->   "%mem1_load_2_req = readreq i1 @_ssdm_op_ReadReq.m_axi.i32P1A, i32 %mem1_addr_1, i32 1" [conv.cpp:53]   --->   Operation 529 'readreq' 'mem1_load_2_req' <Predicate = (!icmp_ln38 & and_ln52)> <Delay = 7.30> <CoreInst = "m_axi">   --->   Core 113 'm_axi' <Latency = 0> <II = 1> <Delay = 1.00> <Adapter> <Opcode : 'read' 'write' 'readreq' 'writereq' 'writeresp'>

State 55 <SV = 54> <Delay = 7.30>
ST_55 : Operation 530 [24/70] (7.30ns)   --->   "%mem2_load_req = readreq i1 @_ssdm_op_ReadReq.m_axi.i32P1A, i32 %mem2_addr, i32 1" [conv.cpp:53]   --->   Operation 530 'readreq' 'mem2_load_req' <Predicate = (!icmp_ln38 & and_ln52)> <Delay = 7.30> <CoreInst = "m_axi">   --->   Core 113 'm_axi' <Latency = 0> <II = 1> <Delay = 1.00> <Adapter> <Opcode : 'read' 'write' 'readreq' 'writereq' 'writeresp'>
ST_55 : Operation 531 [26/70] (7.30ns)   --->   "%mem1_load_1_req = readreq i1 @_ssdm_op_ReadReq.m_axi.i32P1A, i32 %mem1_addr, i32 1" [conv.cpp:53]   --->   Operation 531 'readreq' 'mem1_load_1_req' <Predicate = (!icmp_ln38 & and_ln52)> <Delay = 7.30> <CoreInst = "m_axi">   --->   Core 113 'm_axi' <Latency = 0> <II = 1> <Delay = 1.00> <Adapter> <Opcode : 'read' 'write' 'readreq' 'writereq' 'writeresp'>
ST_55 : Operation 532 [30/70] (7.30ns)   --->   "%mem1_load_2_req = readreq i1 @_ssdm_op_ReadReq.m_axi.i32P1A, i32 %mem1_addr_1, i32 1" [conv.cpp:53]   --->   Operation 532 'readreq' 'mem1_load_2_req' <Predicate = (!icmp_ln38 & and_ln52)> <Delay = 7.30> <CoreInst = "m_axi">   --->   Core 113 'm_axi' <Latency = 0> <II = 1> <Delay = 1.00> <Adapter> <Opcode : 'read' 'write' 'readreq' 'writereq' 'writeresp'>

State 56 <SV = 55> <Delay = 7.30>
ST_56 : Operation 533 [23/70] (7.30ns)   --->   "%mem2_load_req = readreq i1 @_ssdm_op_ReadReq.m_axi.i32P1A, i32 %mem2_addr, i32 1" [conv.cpp:53]   --->   Operation 533 'readreq' 'mem2_load_req' <Predicate = (!icmp_ln38 & and_ln52)> <Delay = 7.30> <CoreInst = "m_axi">   --->   Core 113 'm_axi' <Latency = 0> <II = 1> <Delay = 1.00> <Adapter> <Opcode : 'read' 'write' 'readreq' 'writereq' 'writeresp'>
ST_56 : Operation 534 [25/70] (7.30ns)   --->   "%mem1_load_1_req = readreq i1 @_ssdm_op_ReadReq.m_axi.i32P1A, i32 %mem1_addr, i32 1" [conv.cpp:53]   --->   Operation 534 'readreq' 'mem1_load_1_req' <Predicate = (!icmp_ln38 & and_ln52)> <Delay = 7.30> <CoreInst = "m_axi">   --->   Core 113 'm_axi' <Latency = 0> <II = 1> <Delay = 1.00> <Adapter> <Opcode : 'read' 'write' 'readreq' 'writereq' 'writeresp'>
ST_56 : Operation 535 [29/70] (7.30ns)   --->   "%mem1_load_2_req = readreq i1 @_ssdm_op_ReadReq.m_axi.i32P1A, i32 %mem1_addr_1, i32 1" [conv.cpp:53]   --->   Operation 535 'readreq' 'mem1_load_2_req' <Predicate = (!icmp_ln38 & and_ln52)> <Delay = 7.30> <CoreInst = "m_axi">   --->   Core 113 'm_axi' <Latency = 0> <II = 1> <Delay = 1.00> <Adapter> <Opcode : 'read' 'write' 'readreq' 'writereq' 'writeresp'>

State 57 <SV = 56> <Delay = 7.30>
ST_57 : Operation 536 [22/70] (7.30ns)   --->   "%mem2_load_req = readreq i1 @_ssdm_op_ReadReq.m_axi.i32P1A, i32 %mem2_addr, i32 1" [conv.cpp:53]   --->   Operation 536 'readreq' 'mem2_load_req' <Predicate = (!icmp_ln38 & and_ln52)> <Delay = 7.30> <CoreInst = "m_axi">   --->   Core 113 'm_axi' <Latency = 0> <II = 1> <Delay = 1.00> <Adapter> <Opcode : 'read' 'write' 'readreq' 'writereq' 'writeresp'>
ST_57 : Operation 537 [24/70] (7.30ns)   --->   "%mem1_load_1_req = readreq i1 @_ssdm_op_ReadReq.m_axi.i32P1A, i32 %mem1_addr, i32 1" [conv.cpp:53]   --->   Operation 537 'readreq' 'mem1_load_1_req' <Predicate = (!icmp_ln38 & and_ln52)> <Delay = 7.30> <CoreInst = "m_axi">   --->   Core 113 'm_axi' <Latency = 0> <II = 1> <Delay = 1.00> <Adapter> <Opcode : 'read' 'write' 'readreq' 'writereq' 'writeresp'>
ST_57 : Operation 538 [28/70] (7.30ns)   --->   "%mem1_load_2_req = readreq i1 @_ssdm_op_ReadReq.m_axi.i32P1A, i32 %mem1_addr_1, i32 1" [conv.cpp:53]   --->   Operation 538 'readreq' 'mem1_load_2_req' <Predicate = (!icmp_ln38 & and_ln52)> <Delay = 7.30> <CoreInst = "m_axi">   --->   Core 113 'm_axi' <Latency = 0> <II = 1> <Delay = 1.00> <Adapter> <Opcode : 'read' 'write' 'readreq' 'writereq' 'writeresp'>

State 58 <SV = 57> <Delay = 7.30>
ST_58 : Operation 539 [21/70] (7.30ns)   --->   "%mem2_load_req = readreq i1 @_ssdm_op_ReadReq.m_axi.i32P1A, i32 %mem2_addr, i32 1" [conv.cpp:53]   --->   Operation 539 'readreq' 'mem2_load_req' <Predicate = (!icmp_ln38 & and_ln52)> <Delay = 7.30> <CoreInst = "m_axi">   --->   Core 113 'm_axi' <Latency = 0> <II = 1> <Delay = 1.00> <Adapter> <Opcode : 'read' 'write' 'readreq' 'writereq' 'writeresp'>
ST_58 : Operation 540 [23/70] (7.30ns)   --->   "%mem1_load_1_req = readreq i1 @_ssdm_op_ReadReq.m_axi.i32P1A, i32 %mem1_addr, i32 1" [conv.cpp:53]   --->   Operation 540 'readreq' 'mem1_load_1_req' <Predicate = (!icmp_ln38 & and_ln52)> <Delay = 7.30> <CoreInst = "m_axi">   --->   Core 113 'm_axi' <Latency = 0> <II = 1> <Delay = 1.00> <Adapter> <Opcode : 'read' 'write' 'readreq' 'writereq' 'writeresp'>
ST_58 : Operation 541 [27/70] (7.30ns)   --->   "%mem1_load_2_req = readreq i1 @_ssdm_op_ReadReq.m_axi.i32P1A, i32 %mem1_addr_1, i32 1" [conv.cpp:53]   --->   Operation 541 'readreq' 'mem1_load_2_req' <Predicate = (!icmp_ln38 & and_ln52)> <Delay = 7.30> <CoreInst = "m_axi">   --->   Core 113 'm_axi' <Latency = 0> <II = 1> <Delay = 1.00> <Adapter> <Opcode : 'read' 'write' 'readreq' 'writereq' 'writeresp'>

State 59 <SV = 58> <Delay = 7.30>
ST_59 : Operation 542 [20/70] (7.30ns)   --->   "%mem2_load_req = readreq i1 @_ssdm_op_ReadReq.m_axi.i32P1A, i32 %mem2_addr, i32 1" [conv.cpp:53]   --->   Operation 542 'readreq' 'mem2_load_req' <Predicate = (!icmp_ln38 & and_ln52)> <Delay = 7.30> <CoreInst = "m_axi">   --->   Core 113 'm_axi' <Latency = 0> <II = 1> <Delay = 1.00> <Adapter> <Opcode : 'read' 'write' 'readreq' 'writereq' 'writeresp'>
ST_59 : Operation 543 [22/70] (7.30ns)   --->   "%mem1_load_1_req = readreq i1 @_ssdm_op_ReadReq.m_axi.i32P1A, i32 %mem1_addr, i32 1" [conv.cpp:53]   --->   Operation 543 'readreq' 'mem1_load_1_req' <Predicate = (!icmp_ln38 & and_ln52)> <Delay = 7.30> <CoreInst = "m_axi">   --->   Core 113 'm_axi' <Latency = 0> <II = 1> <Delay = 1.00> <Adapter> <Opcode : 'read' 'write' 'readreq' 'writereq' 'writeresp'>
ST_59 : Operation 544 [26/70] (7.30ns)   --->   "%mem1_load_2_req = readreq i1 @_ssdm_op_ReadReq.m_axi.i32P1A, i32 %mem1_addr_1, i32 1" [conv.cpp:53]   --->   Operation 544 'readreq' 'mem1_load_2_req' <Predicate = (!icmp_ln38 & and_ln52)> <Delay = 7.30> <CoreInst = "m_axi">   --->   Core 113 'm_axi' <Latency = 0> <II = 1> <Delay = 1.00> <Adapter> <Opcode : 'read' 'write' 'readreq' 'writereq' 'writeresp'>

State 60 <SV = 59> <Delay = 7.30>
ST_60 : Operation 545 [19/70] (7.30ns)   --->   "%mem2_load_req = readreq i1 @_ssdm_op_ReadReq.m_axi.i32P1A, i32 %mem2_addr, i32 1" [conv.cpp:53]   --->   Operation 545 'readreq' 'mem2_load_req' <Predicate = (!icmp_ln38 & and_ln52)> <Delay = 7.30> <CoreInst = "m_axi">   --->   Core 113 'm_axi' <Latency = 0> <II = 1> <Delay = 1.00> <Adapter> <Opcode : 'read' 'write' 'readreq' 'writereq' 'writeresp'>
ST_60 : Operation 546 [21/70] (7.30ns)   --->   "%mem1_load_1_req = readreq i1 @_ssdm_op_ReadReq.m_axi.i32P1A, i32 %mem1_addr, i32 1" [conv.cpp:53]   --->   Operation 546 'readreq' 'mem1_load_1_req' <Predicate = (!icmp_ln38 & and_ln52)> <Delay = 7.30> <CoreInst = "m_axi">   --->   Core 113 'm_axi' <Latency = 0> <II = 1> <Delay = 1.00> <Adapter> <Opcode : 'read' 'write' 'readreq' 'writereq' 'writeresp'>
ST_60 : Operation 547 [25/70] (7.30ns)   --->   "%mem1_load_2_req = readreq i1 @_ssdm_op_ReadReq.m_axi.i32P1A, i32 %mem1_addr_1, i32 1" [conv.cpp:53]   --->   Operation 547 'readreq' 'mem1_load_2_req' <Predicate = (!icmp_ln38 & and_ln52)> <Delay = 7.30> <CoreInst = "m_axi">   --->   Core 113 'm_axi' <Latency = 0> <II = 1> <Delay = 1.00> <Adapter> <Opcode : 'read' 'write' 'readreq' 'writereq' 'writeresp'>

State 61 <SV = 60> <Delay = 7.30>
ST_61 : Operation 548 [18/70] (7.30ns)   --->   "%mem2_load_req = readreq i1 @_ssdm_op_ReadReq.m_axi.i32P1A, i32 %mem2_addr, i32 1" [conv.cpp:53]   --->   Operation 548 'readreq' 'mem2_load_req' <Predicate = (!icmp_ln38 & and_ln52)> <Delay = 7.30> <CoreInst = "m_axi">   --->   Core 113 'm_axi' <Latency = 0> <II = 1> <Delay = 1.00> <Adapter> <Opcode : 'read' 'write' 'readreq' 'writereq' 'writeresp'>
ST_61 : Operation 549 [20/70] (7.30ns)   --->   "%mem1_load_1_req = readreq i1 @_ssdm_op_ReadReq.m_axi.i32P1A, i32 %mem1_addr, i32 1" [conv.cpp:53]   --->   Operation 549 'readreq' 'mem1_load_1_req' <Predicate = (!icmp_ln38 & and_ln52)> <Delay = 7.30> <CoreInst = "m_axi">   --->   Core 113 'm_axi' <Latency = 0> <II = 1> <Delay = 1.00> <Adapter> <Opcode : 'read' 'write' 'readreq' 'writereq' 'writeresp'>
ST_61 : Operation 550 [24/70] (7.30ns)   --->   "%mem1_load_2_req = readreq i1 @_ssdm_op_ReadReq.m_axi.i32P1A, i32 %mem1_addr_1, i32 1" [conv.cpp:53]   --->   Operation 550 'readreq' 'mem1_load_2_req' <Predicate = (!icmp_ln38 & and_ln52)> <Delay = 7.30> <CoreInst = "m_axi">   --->   Core 113 'm_axi' <Latency = 0> <II = 1> <Delay = 1.00> <Adapter> <Opcode : 'read' 'write' 'readreq' 'writereq' 'writeresp'>

State 62 <SV = 61> <Delay = 7.30>
ST_62 : Operation 551 [17/70] (7.30ns)   --->   "%mem2_load_req = readreq i1 @_ssdm_op_ReadReq.m_axi.i32P1A, i32 %mem2_addr, i32 1" [conv.cpp:53]   --->   Operation 551 'readreq' 'mem2_load_req' <Predicate = (!icmp_ln38 & and_ln52)> <Delay = 7.30> <CoreInst = "m_axi">   --->   Core 113 'm_axi' <Latency = 0> <II = 1> <Delay = 1.00> <Adapter> <Opcode : 'read' 'write' 'readreq' 'writereq' 'writeresp'>
ST_62 : Operation 552 [19/70] (7.30ns)   --->   "%mem1_load_1_req = readreq i1 @_ssdm_op_ReadReq.m_axi.i32P1A, i32 %mem1_addr, i32 1" [conv.cpp:53]   --->   Operation 552 'readreq' 'mem1_load_1_req' <Predicate = (!icmp_ln38 & and_ln52)> <Delay = 7.30> <CoreInst = "m_axi">   --->   Core 113 'm_axi' <Latency = 0> <II = 1> <Delay = 1.00> <Adapter> <Opcode : 'read' 'write' 'readreq' 'writereq' 'writeresp'>
ST_62 : Operation 553 [23/70] (7.30ns)   --->   "%mem1_load_2_req = readreq i1 @_ssdm_op_ReadReq.m_axi.i32P1A, i32 %mem1_addr_1, i32 1" [conv.cpp:53]   --->   Operation 553 'readreq' 'mem1_load_2_req' <Predicate = (!icmp_ln38 & and_ln52)> <Delay = 7.30> <CoreInst = "m_axi">   --->   Core 113 'm_axi' <Latency = 0> <II = 1> <Delay = 1.00> <Adapter> <Opcode : 'read' 'write' 'readreq' 'writereq' 'writeresp'>

State 63 <SV = 62> <Delay = 7.30>
ST_63 : Operation 554 [16/70] (7.30ns)   --->   "%mem2_load_req = readreq i1 @_ssdm_op_ReadReq.m_axi.i32P1A, i32 %mem2_addr, i32 1" [conv.cpp:53]   --->   Operation 554 'readreq' 'mem2_load_req' <Predicate = (!icmp_ln38 & and_ln52)> <Delay = 7.30> <CoreInst = "m_axi">   --->   Core 113 'm_axi' <Latency = 0> <II = 1> <Delay = 1.00> <Adapter> <Opcode : 'read' 'write' 'readreq' 'writereq' 'writeresp'>
ST_63 : Operation 555 [18/70] (7.30ns)   --->   "%mem1_load_1_req = readreq i1 @_ssdm_op_ReadReq.m_axi.i32P1A, i32 %mem1_addr, i32 1" [conv.cpp:53]   --->   Operation 555 'readreq' 'mem1_load_1_req' <Predicate = (!icmp_ln38 & and_ln52)> <Delay = 7.30> <CoreInst = "m_axi">   --->   Core 113 'm_axi' <Latency = 0> <II = 1> <Delay = 1.00> <Adapter> <Opcode : 'read' 'write' 'readreq' 'writereq' 'writeresp'>
ST_63 : Operation 556 [22/70] (7.30ns)   --->   "%mem1_load_2_req = readreq i1 @_ssdm_op_ReadReq.m_axi.i32P1A, i32 %mem1_addr_1, i32 1" [conv.cpp:53]   --->   Operation 556 'readreq' 'mem1_load_2_req' <Predicate = (!icmp_ln38 & and_ln52)> <Delay = 7.30> <CoreInst = "m_axi">   --->   Core 113 'm_axi' <Latency = 0> <II = 1> <Delay = 1.00> <Adapter> <Opcode : 'read' 'write' 'readreq' 'writereq' 'writeresp'>

State 64 <SV = 63> <Delay = 7.30>
ST_64 : Operation 557 [15/70] (7.30ns)   --->   "%mem2_load_req = readreq i1 @_ssdm_op_ReadReq.m_axi.i32P1A, i32 %mem2_addr, i32 1" [conv.cpp:53]   --->   Operation 557 'readreq' 'mem2_load_req' <Predicate = (!icmp_ln38 & and_ln52)> <Delay = 7.30> <CoreInst = "m_axi">   --->   Core 113 'm_axi' <Latency = 0> <II = 1> <Delay = 1.00> <Adapter> <Opcode : 'read' 'write' 'readreq' 'writereq' 'writeresp'>
ST_64 : Operation 558 [17/70] (7.30ns)   --->   "%mem1_load_1_req = readreq i1 @_ssdm_op_ReadReq.m_axi.i32P1A, i32 %mem1_addr, i32 1" [conv.cpp:53]   --->   Operation 558 'readreq' 'mem1_load_1_req' <Predicate = (!icmp_ln38 & and_ln52)> <Delay = 7.30> <CoreInst = "m_axi">   --->   Core 113 'm_axi' <Latency = 0> <II = 1> <Delay = 1.00> <Adapter> <Opcode : 'read' 'write' 'readreq' 'writereq' 'writeresp'>
ST_64 : Operation 559 [21/70] (7.30ns)   --->   "%mem1_load_2_req = readreq i1 @_ssdm_op_ReadReq.m_axi.i32P1A, i32 %mem1_addr_1, i32 1" [conv.cpp:53]   --->   Operation 559 'readreq' 'mem1_load_2_req' <Predicate = (!icmp_ln38 & and_ln52)> <Delay = 7.30> <CoreInst = "m_axi">   --->   Core 113 'm_axi' <Latency = 0> <II = 1> <Delay = 1.00> <Adapter> <Opcode : 'read' 'write' 'readreq' 'writereq' 'writeresp'>

State 65 <SV = 64> <Delay = 7.30>
ST_65 : Operation 560 [14/70] (7.30ns)   --->   "%mem2_load_req = readreq i1 @_ssdm_op_ReadReq.m_axi.i32P1A, i32 %mem2_addr, i32 1" [conv.cpp:53]   --->   Operation 560 'readreq' 'mem2_load_req' <Predicate = (!icmp_ln38 & and_ln52)> <Delay = 7.30> <CoreInst = "m_axi">   --->   Core 113 'm_axi' <Latency = 0> <II = 1> <Delay = 1.00> <Adapter> <Opcode : 'read' 'write' 'readreq' 'writereq' 'writeresp'>
ST_65 : Operation 561 [16/70] (7.30ns)   --->   "%mem1_load_1_req = readreq i1 @_ssdm_op_ReadReq.m_axi.i32P1A, i32 %mem1_addr, i32 1" [conv.cpp:53]   --->   Operation 561 'readreq' 'mem1_load_1_req' <Predicate = (!icmp_ln38 & and_ln52)> <Delay = 7.30> <CoreInst = "m_axi">   --->   Core 113 'm_axi' <Latency = 0> <II = 1> <Delay = 1.00> <Adapter> <Opcode : 'read' 'write' 'readreq' 'writereq' 'writeresp'>
ST_65 : Operation 562 [20/70] (7.30ns)   --->   "%mem1_load_2_req = readreq i1 @_ssdm_op_ReadReq.m_axi.i32P1A, i32 %mem1_addr_1, i32 1" [conv.cpp:53]   --->   Operation 562 'readreq' 'mem1_load_2_req' <Predicate = (!icmp_ln38 & and_ln52)> <Delay = 7.30> <CoreInst = "m_axi">   --->   Core 113 'm_axi' <Latency = 0> <II = 1> <Delay = 1.00> <Adapter> <Opcode : 'read' 'write' 'readreq' 'writereq' 'writeresp'>

State 66 <SV = 65> <Delay = 7.30>
ST_66 : Operation 563 [13/70] (7.30ns)   --->   "%mem2_load_req = readreq i1 @_ssdm_op_ReadReq.m_axi.i32P1A, i32 %mem2_addr, i32 1" [conv.cpp:53]   --->   Operation 563 'readreq' 'mem2_load_req' <Predicate = (!icmp_ln38 & and_ln52)> <Delay = 7.30> <CoreInst = "m_axi">   --->   Core 113 'm_axi' <Latency = 0> <II = 1> <Delay = 1.00> <Adapter> <Opcode : 'read' 'write' 'readreq' 'writereq' 'writeresp'>
ST_66 : Operation 564 [15/70] (7.30ns)   --->   "%mem1_load_1_req = readreq i1 @_ssdm_op_ReadReq.m_axi.i32P1A, i32 %mem1_addr, i32 1" [conv.cpp:53]   --->   Operation 564 'readreq' 'mem1_load_1_req' <Predicate = (!icmp_ln38 & and_ln52)> <Delay = 7.30> <CoreInst = "m_axi">   --->   Core 113 'm_axi' <Latency = 0> <II = 1> <Delay = 1.00> <Adapter> <Opcode : 'read' 'write' 'readreq' 'writereq' 'writeresp'>
ST_66 : Operation 565 [19/70] (7.30ns)   --->   "%mem1_load_2_req = readreq i1 @_ssdm_op_ReadReq.m_axi.i32P1A, i32 %mem1_addr_1, i32 1" [conv.cpp:53]   --->   Operation 565 'readreq' 'mem1_load_2_req' <Predicate = (!icmp_ln38 & and_ln52)> <Delay = 7.30> <CoreInst = "m_axi">   --->   Core 113 'm_axi' <Latency = 0> <II = 1> <Delay = 1.00> <Adapter> <Opcode : 'read' 'write' 'readreq' 'writereq' 'writeresp'>

State 67 <SV = 66> <Delay = 7.30>
ST_67 : Operation 566 [12/70] (7.30ns)   --->   "%mem2_load_req = readreq i1 @_ssdm_op_ReadReq.m_axi.i32P1A, i32 %mem2_addr, i32 1" [conv.cpp:53]   --->   Operation 566 'readreq' 'mem2_load_req' <Predicate = (!icmp_ln38 & and_ln52)> <Delay = 7.30> <CoreInst = "m_axi">   --->   Core 113 'm_axi' <Latency = 0> <II = 1> <Delay = 1.00> <Adapter> <Opcode : 'read' 'write' 'readreq' 'writereq' 'writeresp'>
ST_67 : Operation 567 [14/70] (7.30ns)   --->   "%mem1_load_1_req = readreq i1 @_ssdm_op_ReadReq.m_axi.i32P1A, i32 %mem1_addr, i32 1" [conv.cpp:53]   --->   Operation 567 'readreq' 'mem1_load_1_req' <Predicate = (!icmp_ln38 & and_ln52)> <Delay = 7.30> <CoreInst = "m_axi">   --->   Core 113 'm_axi' <Latency = 0> <II = 1> <Delay = 1.00> <Adapter> <Opcode : 'read' 'write' 'readreq' 'writereq' 'writeresp'>
ST_67 : Operation 568 [18/70] (7.30ns)   --->   "%mem1_load_2_req = readreq i1 @_ssdm_op_ReadReq.m_axi.i32P1A, i32 %mem1_addr_1, i32 1" [conv.cpp:53]   --->   Operation 568 'readreq' 'mem1_load_2_req' <Predicate = (!icmp_ln38 & and_ln52)> <Delay = 7.30> <CoreInst = "m_axi">   --->   Core 113 'm_axi' <Latency = 0> <II = 1> <Delay = 1.00> <Adapter> <Opcode : 'read' 'write' 'readreq' 'writereq' 'writeresp'>

State 68 <SV = 67> <Delay = 7.30>
ST_68 : Operation 569 [11/70] (7.30ns)   --->   "%mem2_load_req = readreq i1 @_ssdm_op_ReadReq.m_axi.i32P1A, i32 %mem2_addr, i32 1" [conv.cpp:53]   --->   Operation 569 'readreq' 'mem2_load_req' <Predicate = (!icmp_ln38 & and_ln52)> <Delay = 7.30> <CoreInst = "m_axi">   --->   Core 113 'm_axi' <Latency = 0> <II = 1> <Delay = 1.00> <Adapter> <Opcode : 'read' 'write' 'readreq' 'writereq' 'writeresp'>
ST_68 : Operation 570 [13/70] (7.30ns)   --->   "%mem1_load_1_req = readreq i1 @_ssdm_op_ReadReq.m_axi.i32P1A, i32 %mem1_addr, i32 1" [conv.cpp:53]   --->   Operation 570 'readreq' 'mem1_load_1_req' <Predicate = (!icmp_ln38 & and_ln52)> <Delay = 7.30> <CoreInst = "m_axi">   --->   Core 113 'm_axi' <Latency = 0> <II = 1> <Delay = 1.00> <Adapter> <Opcode : 'read' 'write' 'readreq' 'writereq' 'writeresp'>
ST_68 : Operation 571 [17/70] (7.30ns)   --->   "%mem1_load_2_req = readreq i1 @_ssdm_op_ReadReq.m_axi.i32P1A, i32 %mem1_addr_1, i32 1" [conv.cpp:53]   --->   Operation 571 'readreq' 'mem1_load_2_req' <Predicate = (!icmp_ln38 & and_ln52)> <Delay = 7.30> <CoreInst = "m_axi">   --->   Core 113 'm_axi' <Latency = 0> <II = 1> <Delay = 1.00> <Adapter> <Opcode : 'read' 'write' 'readreq' 'writereq' 'writeresp'>

State 69 <SV = 68> <Delay = 7.30>
ST_69 : Operation 572 [10/70] (7.30ns)   --->   "%mem2_load_req = readreq i1 @_ssdm_op_ReadReq.m_axi.i32P1A, i32 %mem2_addr, i32 1" [conv.cpp:53]   --->   Operation 572 'readreq' 'mem2_load_req' <Predicate = (!icmp_ln38 & and_ln52)> <Delay = 7.30> <CoreInst = "m_axi">   --->   Core 113 'm_axi' <Latency = 0> <II = 1> <Delay = 1.00> <Adapter> <Opcode : 'read' 'write' 'readreq' 'writereq' 'writeresp'>
ST_69 : Operation 573 [12/70] (7.30ns)   --->   "%mem1_load_1_req = readreq i1 @_ssdm_op_ReadReq.m_axi.i32P1A, i32 %mem1_addr, i32 1" [conv.cpp:53]   --->   Operation 573 'readreq' 'mem1_load_1_req' <Predicate = (!icmp_ln38 & and_ln52)> <Delay = 7.30> <CoreInst = "m_axi">   --->   Core 113 'm_axi' <Latency = 0> <II = 1> <Delay = 1.00> <Adapter> <Opcode : 'read' 'write' 'readreq' 'writereq' 'writeresp'>
ST_69 : Operation 574 [16/70] (7.30ns)   --->   "%mem1_load_2_req = readreq i1 @_ssdm_op_ReadReq.m_axi.i32P1A, i32 %mem1_addr_1, i32 1" [conv.cpp:53]   --->   Operation 574 'readreq' 'mem1_load_2_req' <Predicate = (!icmp_ln38 & and_ln52)> <Delay = 7.30> <CoreInst = "m_axi">   --->   Core 113 'm_axi' <Latency = 0> <II = 1> <Delay = 1.00> <Adapter> <Opcode : 'read' 'write' 'readreq' 'writereq' 'writeresp'>

State 70 <SV = 69> <Delay = 7.30>
ST_70 : Operation 575 [9/70] (7.30ns)   --->   "%mem2_load_req = readreq i1 @_ssdm_op_ReadReq.m_axi.i32P1A, i32 %mem2_addr, i32 1" [conv.cpp:53]   --->   Operation 575 'readreq' 'mem2_load_req' <Predicate = (!icmp_ln38 & and_ln52)> <Delay = 7.30> <CoreInst = "m_axi">   --->   Core 113 'm_axi' <Latency = 0> <II = 1> <Delay = 1.00> <Adapter> <Opcode : 'read' 'write' 'readreq' 'writereq' 'writeresp'>
ST_70 : Operation 576 [11/70] (7.30ns)   --->   "%mem1_load_1_req = readreq i1 @_ssdm_op_ReadReq.m_axi.i32P1A, i32 %mem1_addr, i32 1" [conv.cpp:53]   --->   Operation 576 'readreq' 'mem1_load_1_req' <Predicate = (!icmp_ln38 & and_ln52)> <Delay = 7.30> <CoreInst = "m_axi">   --->   Core 113 'm_axi' <Latency = 0> <II = 1> <Delay = 1.00> <Adapter> <Opcode : 'read' 'write' 'readreq' 'writereq' 'writeresp'>
ST_70 : Operation 577 [15/70] (7.30ns)   --->   "%mem1_load_2_req = readreq i1 @_ssdm_op_ReadReq.m_axi.i32P1A, i32 %mem1_addr_1, i32 1" [conv.cpp:53]   --->   Operation 577 'readreq' 'mem1_load_2_req' <Predicate = (!icmp_ln38 & and_ln52)> <Delay = 7.30> <CoreInst = "m_axi">   --->   Core 113 'm_axi' <Latency = 0> <II = 1> <Delay = 1.00> <Adapter> <Opcode : 'read' 'write' 'readreq' 'writereq' 'writeresp'>

State 71 <SV = 70> <Delay = 7.30>
ST_71 : Operation 578 [8/70] (7.30ns)   --->   "%mem2_load_req = readreq i1 @_ssdm_op_ReadReq.m_axi.i32P1A, i32 %mem2_addr, i32 1" [conv.cpp:53]   --->   Operation 578 'readreq' 'mem2_load_req' <Predicate = (!icmp_ln38 & and_ln52)> <Delay = 7.30> <CoreInst = "m_axi">   --->   Core 113 'm_axi' <Latency = 0> <II = 1> <Delay = 1.00> <Adapter> <Opcode : 'read' 'write' 'readreq' 'writereq' 'writeresp'>
ST_71 : Operation 579 [10/70] (7.30ns)   --->   "%mem1_load_1_req = readreq i1 @_ssdm_op_ReadReq.m_axi.i32P1A, i32 %mem1_addr, i32 1" [conv.cpp:53]   --->   Operation 579 'readreq' 'mem1_load_1_req' <Predicate = (!icmp_ln38 & and_ln52)> <Delay = 7.30> <CoreInst = "m_axi">   --->   Core 113 'm_axi' <Latency = 0> <II = 1> <Delay = 1.00> <Adapter> <Opcode : 'read' 'write' 'readreq' 'writereq' 'writeresp'>
ST_71 : Operation 580 [14/70] (7.30ns)   --->   "%mem1_load_2_req = readreq i1 @_ssdm_op_ReadReq.m_axi.i32P1A, i32 %mem1_addr_1, i32 1" [conv.cpp:53]   --->   Operation 580 'readreq' 'mem1_load_2_req' <Predicate = (!icmp_ln38 & and_ln52)> <Delay = 7.30> <CoreInst = "m_axi">   --->   Core 113 'm_axi' <Latency = 0> <II = 1> <Delay = 1.00> <Adapter> <Opcode : 'read' 'write' 'readreq' 'writereq' 'writeresp'>

State 72 <SV = 71> <Delay = 7.30>
ST_72 : Operation 581 [7/70] (7.30ns)   --->   "%mem2_load_req = readreq i1 @_ssdm_op_ReadReq.m_axi.i32P1A, i32 %mem2_addr, i32 1" [conv.cpp:53]   --->   Operation 581 'readreq' 'mem2_load_req' <Predicate = (!icmp_ln38 & and_ln52)> <Delay = 7.30> <CoreInst = "m_axi">   --->   Core 113 'm_axi' <Latency = 0> <II = 1> <Delay = 1.00> <Adapter> <Opcode : 'read' 'write' 'readreq' 'writereq' 'writeresp'>
ST_72 : Operation 582 [9/70] (7.30ns)   --->   "%mem1_load_1_req = readreq i1 @_ssdm_op_ReadReq.m_axi.i32P1A, i32 %mem1_addr, i32 1" [conv.cpp:53]   --->   Operation 582 'readreq' 'mem1_load_1_req' <Predicate = (!icmp_ln38 & and_ln52)> <Delay = 7.30> <CoreInst = "m_axi">   --->   Core 113 'm_axi' <Latency = 0> <II = 1> <Delay = 1.00> <Adapter> <Opcode : 'read' 'write' 'readreq' 'writereq' 'writeresp'>
ST_72 : Operation 583 [13/70] (7.30ns)   --->   "%mem1_load_2_req = readreq i1 @_ssdm_op_ReadReq.m_axi.i32P1A, i32 %mem1_addr_1, i32 1" [conv.cpp:53]   --->   Operation 583 'readreq' 'mem1_load_2_req' <Predicate = (!icmp_ln38 & and_ln52)> <Delay = 7.30> <CoreInst = "m_axi">   --->   Core 113 'm_axi' <Latency = 0> <II = 1> <Delay = 1.00> <Adapter> <Opcode : 'read' 'write' 'readreq' 'writereq' 'writeresp'>

State 73 <SV = 72> <Delay = 7.30>
ST_73 : Operation 584 [6/70] (7.30ns)   --->   "%mem2_load_req = readreq i1 @_ssdm_op_ReadReq.m_axi.i32P1A, i32 %mem2_addr, i32 1" [conv.cpp:53]   --->   Operation 584 'readreq' 'mem2_load_req' <Predicate = (!icmp_ln38 & and_ln52)> <Delay = 7.30> <CoreInst = "m_axi">   --->   Core 113 'm_axi' <Latency = 0> <II = 1> <Delay = 1.00> <Adapter> <Opcode : 'read' 'write' 'readreq' 'writereq' 'writeresp'>
ST_73 : Operation 585 [8/70] (7.30ns)   --->   "%mem1_load_1_req = readreq i1 @_ssdm_op_ReadReq.m_axi.i32P1A, i32 %mem1_addr, i32 1" [conv.cpp:53]   --->   Operation 585 'readreq' 'mem1_load_1_req' <Predicate = (!icmp_ln38 & and_ln52)> <Delay = 7.30> <CoreInst = "m_axi">   --->   Core 113 'm_axi' <Latency = 0> <II = 1> <Delay = 1.00> <Adapter> <Opcode : 'read' 'write' 'readreq' 'writereq' 'writeresp'>
ST_73 : Operation 586 [12/70] (7.30ns)   --->   "%mem1_load_2_req = readreq i1 @_ssdm_op_ReadReq.m_axi.i32P1A, i32 %mem1_addr_1, i32 1" [conv.cpp:53]   --->   Operation 586 'readreq' 'mem1_load_2_req' <Predicate = (!icmp_ln38 & and_ln52)> <Delay = 7.30> <CoreInst = "m_axi">   --->   Core 113 'm_axi' <Latency = 0> <II = 1> <Delay = 1.00> <Adapter> <Opcode : 'read' 'write' 'readreq' 'writereq' 'writeresp'>

State 74 <SV = 73> <Delay = 7.30>
ST_74 : Operation 587 [5/70] (7.30ns)   --->   "%mem2_load_req = readreq i1 @_ssdm_op_ReadReq.m_axi.i32P1A, i32 %mem2_addr, i32 1" [conv.cpp:53]   --->   Operation 587 'readreq' 'mem2_load_req' <Predicate = (!icmp_ln38 & and_ln52)> <Delay = 7.30> <CoreInst = "m_axi">   --->   Core 113 'm_axi' <Latency = 0> <II = 1> <Delay = 1.00> <Adapter> <Opcode : 'read' 'write' 'readreq' 'writereq' 'writeresp'>
ST_74 : Operation 588 [7/70] (7.30ns)   --->   "%mem1_load_1_req = readreq i1 @_ssdm_op_ReadReq.m_axi.i32P1A, i32 %mem1_addr, i32 1" [conv.cpp:53]   --->   Operation 588 'readreq' 'mem1_load_1_req' <Predicate = (!icmp_ln38 & and_ln52)> <Delay = 7.30> <CoreInst = "m_axi">   --->   Core 113 'm_axi' <Latency = 0> <II = 1> <Delay = 1.00> <Adapter> <Opcode : 'read' 'write' 'readreq' 'writereq' 'writeresp'>
ST_74 : Operation 589 [11/70] (7.30ns)   --->   "%mem1_load_2_req = readreq i1 @_ssdm_op_ReadReq.m_axi.i32P1A, i32 %mem1_addr_1, i32 1" [conv.cpp:53]   --->   Operation 589 'readreq' 'mem1_load_2_req' <Predicate = (!icmp_ln38 & and_ln52)> <Delay = 7.30> <CoreInst = "m_axi">   --->   Core 113 'm_axi' <Latency = 0> <II = 1> <Delay = 1.00> <Adapter> <Opcode : 'read' 'write' 'readreq' 'writereq' 'writeresp'>

State 75 <SV = 74> <Delay = 7.30>
ST_75 : Operation 590 [4/70] (7.30ns)   --->   "%mem2_load_req = readreq i1 @_ssdm_op_ReadReq.m_axi.i32P1A, i32 %mem2_addr, i32 1" [conv.cpp:53]   --->   Operation 590 'readreq' 'mem2_load_req' <Predicate = (!icmp_ln38 & and_ln52)> <Delay = 7.30> <CoreInst = "m_axi">   --->   Core 113 'm_axi' <Latency = 0> <II = 1> <Delay = 1.00> <Adapter> <Opcode : 'read' 'write' 'readreq' 'writereq' 'writeresp'>
ST_75 : Operation 591 [6/70] (7.30ns)   --->   "%mem1_load_1_req = readreq i1 @_ssdm_op_ReadReq.m_axi.i32P1A, i32 %mem1_addr, i32 1" [conv.cpp:53]   --->   Operation 591 'readreq' 'mem1_load_1_req' <Predicate = (!icmp_ln38 & and_ln52)> <Delay = 7.30> <CoreInst = "m_axi">   --->   Core 113 'm_axi' <Latency = 0> <II = 1> <Delay = 1.00> <Adapter> <Opcode : 'read' 'write' 'readreq' 'writereq' 'writeresp'>
ST_75 : Operation 592 [10/70] (7.30ns)   --->   "%mem1_load_2_req = readreq i1 @_ssdm_op_ReadReq.m_axi.i32P1A, i32 %mem1_addr_1, i32 1" [conv.cpp:53]   --->   Operation 592 'readreq' 'mem1_load_2_req' <Predicate = (!icmp_ln38 & and_ln52)> <Delay = 7.30> <CoreInst = "m_axi">   --->   Core 113 'm_axi' <Latency = 0> <II = 1> <Delay = 1.00> <Adapter> <Opcode : 'read' 'write' 'readreq' 'writereq' 'writeresp'>

State 76 <SV = 75> <Delay = 7.30>
ST_76 : Operation 593 [3/70] (7.30ns)   --->   "%mem2_load_req = readreq i1 @_ssdm_op_ReadReq.m_axi.i32P1A, i32 %mem2_addr, i32 1" [conv.cpp:53]   --->   Operation 593 'readreq' 'mem2_load_req' <Predicate = (!icmp_ln38 & and_ln52)> <Delay = 7.30> <CoreInst = "m_axi">   --->   Core 113 'm_axi' <Latency = 0> <II = 1> <Delay = 1.00> <Adapter> <Opcode : 'read' 'write' 'readreq' 'writereq' 'writeresp'>
ST_76 : Operation 594 [5/70] (7.30ns)   --->   "%mem1_load_1_req = readreq i1 @_ssdm_op_ReadReq.m_axi.i32P1A, i32 %mem1_addr, i32 1" [conv.cpp:53]   --->   Operation 594 'readreq' 'mem1_load_1_req' <Predicate = (!icmp_ln38 & and_ln52)> <Delay = 7.30> <CoreInst = "m_axi">   --->   Core 113 'm_axi' <Latency = 0> <II = 1> <Delay = 1.00> <Adapter> <Opcode : 'read' 'write' 'readreq' 'writereq' 'writeresp'>
ST_76 : Operation 595 [9/70] (7.30ns)   --->   "%mem1_load_2_req = readreq i1 @_ssdm_op_ReadReq.m_axi.i32P1A, i32 %mem1_addr_1, i32 1" [conv.cpp:53]   --->   Operation 595 'readreq' 'mem1_load_2_req' <Predicate = (!icmp_ln38 & and_ln52)> <Delay = 7.30> <CoreInst = "m_axi">   --->   Core 113 'm_axi' <Latency = 0> <II = 1> <Delay = 1.00> <Adapter> <Opcode : 'read' 'write' 'readreq' 'writereq' 'writeresp'>

State 77 <SV = 76> <Delay = 7.30>
ST_77 : Operation 596 [2/70] (7.30ns)   --->   "%mem2_load_req = readreq i1 @_ssdm_op_ReadReq.m_axi.i32P1A, i32 %mem2_addr, i32 1" [conv.cpp:53]   --->   Operation 596 'readreq' 'mem2_load_req' <Predicate = (!icmp_ln38 & and_ln52)> <Delay = 7.30> <CoreInst = "m_axi">   --->   Core 113 'm_axi' <Latency = 0> <II = 1> <Delay = 1.00> <Adapter> <Opcode : 'read' 'write' 'readreq' 'writereq' 'writeresp'>
ST_77 : Operation 597 [4/70] (7.30ns)   --->   "%mem1_load_1_req = readreq i1 @_ssdm_op_ReadReq.m_axi.i32P1A, i32 %mem1_addr, i32 1" [conv.cpp:53]   --->   Operation 597 'readreq' 'mem1_load_1_req' <Predicate = (!icmp_ln38 & and_ln52)> <Delay = 7.30> <CoreInst = "m_axi">   --->   Core 113 'm_axi' <Latency = 0> <II = 1> <Delay = 1.00> <Adapter> <Opcode : 'read' 'write' 'readreq' 'writereq' 'writeresp'>
ST_77 : Operation 598 [8/70] (7.30ns)   --->   "%mem1_load_2_req = readreq i1 @_ssdm_op_ReadReq.m_axi.i32P1A, i32 %mem1_addr_1, i32 1" [conv.cpp:53]   --->   Operation 598 'readreq' 'mem1_load_2_req' <Predicate = (!icmp_ln38 & and_ln52)> <Delay = 7.30> <CoreInst = "m_axi">   --->   Core 113 'm_axi' <Latency = 0> <II = 1> <Delay = 1.00> <Adapter> <Opcode : 'read' 'write' 'readreq' 'writereq' 'writeresp'>

State 78 <SV = 77> <Delay = 7.30>
ST_78 : Operation 599 [1/70] (7.30ns)   --->   "%mem2_load_req = readreq i1 @_ssdm_op_ReadReq.m_axi.i32P1A, i32 %mem2_addr, i32 1" [conv.cpp:53]   --->   Operation 599 'readreq' 'mem2_load_req' <Predicate = (!icmp_ln38 & and_ln52)> <Delay = 7.30> <CoreInst = "m_axi">   --->   Core 113 'm_axi' <Latency = 0> <II = 1> <Delay = 1.00> <Adapter> <Opcode : 'read' 'write' 'readreq' 'writereq' 'writeresp'>
ST_78 : Operation 600 [3/70] (7.30ns)   --->   "%mem1_load_1_req = readreq i1 @_ssdm_op_ReadReq.m_axi.i32P1A, i32 %mem1_addr, i32 1" [conv.cpp:53]   --->   Operation 600 'readreq' 'mem1_load_1_req' <Predicate = (!icmp_ln38 & and_ln52)> <Delay = 7.30> <CoreInst = "m_axi">   --->   Core 113 'm_axi' <Latency = 0> <II = 1> <Delay = 1.00> <Adapter> <Opcode : 'read' 'write' 'readreq' 'writereq' 'writeresp'>
ST_78 : Operation 601 [7/70] (7.30ns)   --->   "%mem1_load_2_req = readreq i1 @_ssdm_op_ReadReq.m_axi.i32P1A, i32 %mem1_addr_1, i32 1" [conv.cpp:53]   --->   Operation 601 'readreq' 'mem1_load_2_req' <Predicate = (!icmp_ln38 & and_ln52)> <Delay = 7.30> <CoreInst = "m_axi">   --->   Core 113 'm_axi' <Latency = 0> <II = 1> <Delay = 1.00> <Adapter> <Opcode : 'read' 'write' 'readreq' 'writereq' 'writeresp'>

State 79 <SV = 78> <Delay = 7.30>
ST_79 : Operation 602 [1/1] (7.30ns)   --->   "%mem2_addr_read = read i32 @_ssdm_op_Read.m_axi.i32P1A, i32 %mem2_addr" [conv.cpp:53]   --->   Operation 602 'read' 'mem2_addr_read' <Predicate = (!icmp_ln38 & and_ln52)> <Delay = 7.30> <CoreInst = "m_axi">   --->   Core 113 'm_axi' <Latency = 0> <II = 1> <Delay = 1.00> <Adapter> <Opcode : 'read' 'write' 'readreq' 'writereq' 'writeresp'>
ST_79 : Operation 603 [2/70] (7.30ns)   --->   "%mem1_load_1_req = readreq i1 @_ssdm_op_ReadReq.m_axi.i32P1A, i32 %mem1_addr, i32 1" [conv.cpp:53]   --->   Operation 603 'readreq' 'mem1_load_1_req' <Predicate = (!icmp_ln38 & and_ln52)> <Delay = 7.30> <CoreInst = "m_axi">   --->   Core 113 'm_axi' <Latency = 0> <II = 1> <Delay = 1.00> <Adapter> <Opcode : 'read' 'write' 'readreq' 'writereq' 'writeresp'>
ST_79 : Operation 604 [6/70] (7.30ns)   --->   "%mem1_load_2_req = readreq i1 @_ssdm_op_ReadReq.m_axi.i32P1A, i32 %mem1_addr_1, i32 1" [conv.cpp:53]   --->   Operation 604 'readreq' 'mem1_load_2_req' <Predicate = (!icmp_ln38 & and_ln52)> <Delay = 7.30> <CoreInst = "m_axi">   --->   Core 113 'm_axi' <Latency = 0> <II = 1> <Delay = 1.00> <Adapter> <Opcode : 'read' 'write' 'readreq' 'writereq' 'writeresp'>

State 80 <SV = 79> <Delay = 7.30>
ST_80 : Operation 605 [1/70] (7.30ns)   --->   "%mem1_load_1_req = readreq i1 @_ssdm_op_ReadReq.m_axi.i32P1A, i32 %mem1_addr, i32 1" [conv.cpp:53]   --->   Operation 605 'readreq' 'mem1_load_1_req' <Predicate = (!icmp_ln38 & and_ln52)> <Delay = 7.30> <CoreInst = "m_axi">   --->   Core 113 'm_axi' <Latency = 0> <II = 1> <Delay = 1.00> <Adapter> <Opcode : 'read' 'write' 'readreq' 'writereq' 'writeresp'>
ST_80 : Operation 606 [5/70] (7.30ns)   --->   "%mem1_load_2_req = readreq i1 @_ssdm_op_ReadReq.m_axi.i32P1A, i32 %mem1_addr_1, i32 1" [conv.cpp:53]   --->   Operation 606 'readreq' 'mem1_load_2_req' <Predicate = (!icmp_ln38 & and_ln52)> <Delay = 7.30> <CoreInst = "m_axi">   --->   Core 113 'm_axi' <Latency = 0> <II = 1> <Delay = 1.00> <Adapter> <Opcode : 'read' 'write' 'readreq' 'writereq' 'writeresp'>

State 81 <SV = 80> <Delay = 7.30>
ST_81 : Operation 607 [1/1] (7.30ns)   --->   "%mem1_addr_read = read i32 @_ssdm_op_Read.m_axi.i32P1A, i32 %mem1_addr" [conv.cpp:53]   --->   Operation 607 'read' 'mem1_addr_read' <Predicate = (!icmp_ln38 & and_ln52)> <Delay = 7.30> <CoreInst = "m_axi">   --->   Core 113 'm_axi' <Latency = 0> <II = 1> <Delay = 1.00> <Adapter> <Opcode : 'read' 'write' 'readreq' 'writereq' 'writeresp'>
ST_81 : Operation 608 [4/70] (7.30ns)   --->   "%mem1_load_2_req = readreq i1 @_ssdm_op_ReadReq.m_axi.i32P1A, i32 %mem1_addr_1, i32 1" [conv.cpp:53]   --->   Operation 608 'readreq' 'mem1_load_2_req' <Predicate = (!icmp_ln38 & and_ln52)> <Delay = 7.30> <CoreInst = "m_axi">   --->   Core 113 'm_axi' <Latency = 0> <II = 1> <Delay = 1.00> <Adapter> <Opcode : 'read' 'write' 'readreq' 'writereq' 'writeresp'>

State 82 <SV = 81> <Delay = 7.30>
ST_82 : Operation 609 [1/1] (0.00ns)   --->   "%bitcast_ln53 = bitcast i32 %mem2_addr_read" [conv.cpp:53]   --->   Operation 609 'bitcast' 'bitcast_ln53' <Predicate = (!icmp_ln38 & and_ln52)> <Delay = 0.00>
ST_82 : Operation 610 [1/1] (0.00ns)   --->   "%bitcast_ln53_1 = bitcast i32 %mem1_addr_read" [conv.cpp:53]   --->   Operation 610 'bitcast' 'bitcast_ln53_1' <Predicate = (!icmp_ln38 & and_ln52)> <Delay = 0.00>
ST_82 : Operation 611 [4/4] (5.70ns)   --->   "%mul = fmul i32 %bitcast_ln53, i32 %bitcast_ln53_1" [conv.cpp:53]   --->   Operation 611 'fmul' 'mul' <Predicate = (!icmp_ln38 & and_ln52)> <Delay = 5.70> <CoreInst = "FMul_maxdsp">   --->   Core 30 'FMul_maxdsp' <Latency = 3> <II = 1> <Delay = 5.70> <FuncUnit> <Opcode : 'fmul'> <InPorts = 2> <OutPorts = 1>
ST_82 : Operation 612 [3/70] (7.30ns)   --->   "%mem1_load_2_req = readreq i1 @_ssdm_op_ReadReq.m_axi.i32P1A, i32 %mem1_addr_1, i32 1" [conv.cpp:53]   --->   Operation 612 'readreq' 'mem1_load_2_req' <Predicate = (!icmp_ln38 & and_ln52)> <Delay = 7.30> <CoreInst = "m_axi">   --->   Core 113 'm_axi' <Latency = 0> <II = 1> <Delay = 1.00> <Adapter> <Opcode : 'read' 'write' 'readreq' 'writereq' 'writeresp'>

State 83 <SV = 82> <Delay = 7.30>
ST_83 : Operation 613 [3/4] (5.70ns)   --->   "%mul = fmul i32 %bitcast_ln53, i32 %bitcast_ln53_1" [conv.cpp:53]   --->   Operation 613 'fmul' 'mul' <Predicate = (!icmp_ln38 & and_ln52)> <Delay = 5.70> <CoreInst = "FMul_maxdsp">   --->   Core 30 'FMul_maxdsp' <Latency = 3> <II = 1> <Delay = 5.70> <FuncUnit> <Opcode : 'fmul'> <InPorts = 2> <OutPorts = 1>
ST_83 : Operation 614 [2/70] (7.30ns)   --->   "%mem1_load_2_req = readreq i1 @_ssdm_op_ReadReq.m_axi.i32P1A, i32 %mem1_addr_1, i32 1" [conv.cpp:53]   --->   Operation 614 'readreq' 'mem1_load_2_req' <Predicate = (!icmp_ln38 & and_ln52)> <Delay = 7.30> <CoreInst = "m_axi">   --->   Core 113 'm_axi' <Latency = 0> <II = 1> <Delay = 1.00> <Adapter> <Opcode : 'read' 'write' 'readreq' 'writereq' 'writeresp'>

State 84 <SV = 83> <Delay = 7.30>
ST_84 : Operation 615 [2/4] (5.70ns)   --->   "%mul = fmul i32 %bitcast_ln53, i32 %bitcast_ln53_1" [conv.cpp:53]   --->   Operation 615 'fmul' 'mul' <Predicate = (!icmp_ln38 & and_ln52)> <Delay = 5.70> <CoreInst = "FMul_maxdsp">   --->   Core 30 'FMul_maxdsp' <Latency = 3> <II = 1> <Delay = 5.70> <FuncUnit> <Opcode : 'fmul'> <InPorts = 2> <OutPorts = 1>
ST_84 : Operation 616 [1/70] (7.30ns)   --->   "%mem1_load_2_req = readreq i1 @_ssdm_op_ReadReq.m_axi.i32P1A, i32 %mem1_addr_1, i32 1" [conv.cpp:53]   --->   Operation 616 'readreq' 'mem1_load_2_req' <Predicate = (!icmp_ln38 & and_ln52)> <Delay = 7.30> <CoreInst = "m_axi">   --->   Core 113 'm_axi' <Latency = 0> <II = 1> <Delay = 1.00> <Adapter> <Opcode : 'read' 'write' 'readreq' 'writereq' 'writeresp'>

State 85 <SV = 84> <Delay = 7.30>
ST_85 : Operation 617 [1/4] (5.70ns)   --->   "%mul = fmul i32 %bitcast_ln53, i32 %bitcast_ln53_1" [conv.cpp:53]   --->   Operation 617 'fmul' 'mul' <Predicate = (!icmp_ln38 & and_ln52)> <Delay = 5.70> <CoreInst = "FMul_maxdsp">   --->   Core 30 'FMul_maxdsp' <Latency = 3> <II = 1> <Delay = 5.70> <FuncUnit> <Opcode : 'fmul'> <InPorts = 2> <OutPorts = 1>
ST_85 : Operation 618 [1/1] (7.30ns)   --->   "%mem1_addr_1_read = read i32 @_ssdm_op_Read.m_axi.i32P1A, i32 %mem1_addr_1" [conv.cpp:53]   --->   Operation 618 'read' 'mem1_addr_1_read' <Predicate = (!icmp_ln38 & and_ln52)> <Delay = 7.30> <CoreInst = "m_axi">   --->   Core 113 'm_axi' <Latency = 0> <II = 1> <Delay = 1.00> <Adapter> <Opcode : 'read' 'write' 'readreq' 'writereq' 'writeresp'>

State 86 <SV = 85> <Delay = 7.25>
ST_86 : Operation 619 [1/1] (1.02ns)   --->   "%select_ln46 = select i1 %and_ln37, i4 %add_ln46, i4 %select_ln37" [conv.cpp:46]   --->   Operation 619 'select' 'select_ln46' <Predicate = (!icmp_ln38)> <Delay = 1.02> <CoreInst = "Sel">   --->   Core 73 'Sel' <Latency = 0> <II = 1> <Delay = 1.02> <FuncUnit> <Opcode : 'select'> <InPorts = 3> <OutPorts = 1>
ST_86 : Operation 620 [1/1] (0.00ns)   --->   "%bitcast_ln53_2 = bitcast i32 %mem1_addr_1_read" [conv.cpp:53]   --->   Operation 620 'bitcast' 'bitcast_ln53_2' <Predicate = (!icmp_ln38 & and_ln52)> <Delay = 0.00>
ST_86 : Operation 621 [5/5] (7.25ns)   --->   "%add = fadd i32 %bitcast_ln53_2, i32 %mul" [conv.cpp:53]   --->   Operation 621 'fadd' 'add' <Predicate = (!icmp_ln38 & and_ln52)> <Delay = 7.25> <CoreInst = "FAddSub_fulldsp">   --->   Core 18 'FAddSub_fulldsp' <Latency = 4> <II = 1> <Delay = 7.25> <FuncUnit> <Opcode : 'fadd' 'fsub'> <InPorts = 2> <OutPorts = 1>
ST_86 : Operation 622 [1/1] (1.73ns)   --->   "%add_ln47 = add i4 %select_ln53, i4 1" [conv.cpp:47]   --->   Operation 622 'add' 'add_ln47' <Predicate = (!icmp_ln38)> <Delay = 1.73> <CoreInst = "Adder">   --->   Core 1 'Adder' <Latency = 0> <II = 1> <Delay = 1.73> <FuncUnit> <Opcode : 'add' 'sub'> <InPorts = 2> <OutPorts = 1>
ST_86 : Operation 623 [1/1] (1.91ns)   --->   "%add_ln46_1 = add i8 %indvar_flatten13_load, i8 1" [conv.cpp:46]   --->   Operation 623 'add' 'add_ln46_1' <Predicate = (!icmp_ln38 & !or_ln37_1)> <Delay = 1.91> <CoreInst = "Adder">   --->   Core 1 'Adder' <Latency = 0> <II = 1> <Delay = 1.91> <FuncUnit> <Opcode : 'add' 'sub'> <InPorts = 2> <OutPorts = 1>
ST_86 : Operation 624 [1/1] (1.24ns)   --->   "%select_ln46_1 = select i1 %or_ln37_1, i8 1, i8 %add_ln46_1" [conv.cpp:46]   --->   Operation 624 'select' 'select_ln46_1' <Predicate = (!icmp_ln38)> <Delay = 1.24> <CoreInst = "Sel">   --->   Core 73 'Sel' <Latency = 0> <II = 1> <Delay = 1.24> <FuncUnit> <Opcode : 'select'> <InPorts = 3> <OutPorts = 1>
ST_86 : Operation 625 [1/1] (1.58ns)   --->   "%store_ln47 = store i8 %select_ln46_1, i8 %indvar_flatten13" [conv.cpp:47]   --->   Operation 625 'store' 'store_ln47' <Predicate = (!icmp_ln38)> <Delay = 1.58>
ST_86 : Operation 626 [1/1] (1.58ns)   --->   "%store_ln47 = store i4 %select_ln46, i4 %j" [conv.cpp:47]   --->   Operation 626 'store' 'store_ln47' <Predicate = (!icmp_ln38)> <Delay = 1.58>
ST_86 : Operation 627 [1/1] (1.58ns)   --->   "%store_ln47 = store i4 %add_ln47, i4 %k" [conv.cpp:47]   --->   Operation 627 'store' 'store_ln47' <Predicate = (!icmp_ln38)> <Delay = 1.58>

State 87 <SV = 86> <Delay = 7.25>
ST_87 : Operation 628 [4/5] (7.25ns)   --->   "%add = fadd i32 %bitcast_ln53_2, i32 %mul" [conv.cpp:53]   --->   Operation 628 'fadd' 'add' <Predicate = (!icmp_ln38 & and_ln52)> <Delay = 7.25> <CoreInst = "FAddSub_fulldsp">   --->   Core 18 'FAddSub_fulldsp' <Latency = 4> <II = 1> <Delay = 7.25> <FuncUnit> <Opcode : 'fadd' 'fsub'> <InPorts = 2> <OutPorts = 1>

State 88 <SV = 87> <Delay = 7.25>
ST_88 : Operation 629 [3/5] (7.25ns)   --->   "%add = fadd i32 %bitcast_ln53_2, i32 %mul" [conv.cpp:53]   --->   Operation 629 'fadd' 'add' <Predicate = (!icmp_ln38 & and_ln52)> <Delay = 7.25> <CoreInst = "FAddSub_fulldsp">   --->   Core 18 'FAddSub_fulldsp' <Latency = 4> <II = 1> <Delay = 7.25> <FuncUnit> <Opcode : 'fadd' 'fsub'> <InPorts = 2> <OutPorts = 1>

State 89 <SV = 88> <Delay = 7.25>
ST_89 : Operation 630 [2/5] (7.25ns)   --->   "%add = fadd i32 %bitcast_ln53_2, i32 %mul" [conv.cpp:53]   --->   Operation 630 'fadd' 'add' <Predicate = (!icmp_ln38 & and_ln52)> <Delay = 7.25> <CoreInst = "FAddSub_fulldsp">   --->   Core 18 'FAddSub_fulldsp' <Latency = 4> <II = 1> <Delay = 7.25> <FuncUnit> <Opcode : 'fadd' 'fsub'> <InPorts = 2> <OutPorts = 1>

State 90 <SV = 89> <Delay = 7.30>
ST_90 : Operation 631 [1/5] (7.25ns)   --->   "%add = fadd i32 %bitcast_ln53_2, i32 %mul" [conv.cpp:53]   --->   Operation 631 'fadd' 'add' <Predicate = (!icmp_ln38 & and_ln52)> <Delay = 7.25> <CoreInst = "FAddSub_fulldsp">   --->   Core 18 'FAddSub_fulldsp' <Latency = 4> <II = 1> <Delay = 7.25> <FuncUnit> <Opcode : 'fadd' 'fsub'> <InPorts = 2> <OutPorts = 1>
ST_90 : Operation 632 [1/1] (7.30ns)   --->   "%mem1_addr_3_req = writereq i1 @_ssdm_op_WriteReq.m_axi.i32P1A, i32 %mem1_addr_1, i32 1" [conv.cpp:53]   --->   Operation 632 'writereq' 'mem1_addr_3_req' <Predicate = (!icmp_ln38 & and_ln52)> <Delay = 7.30> <CoreInst = "m_axi">   --->   Core 113 'm_axi' <Latency = 0> <II = 1> <Delay = 1.00> <Adapter> <Opcode : 'read' 'write' 'readreq' 'writereq' 'writeresp'>

State 91 <SV = 90> <Delay = 7.30>
ST_91 : Operation 633 [1/1] (0.00ns)   --->   "%bitcast_ln53_3 = bitcast i32 %add" [conv.cpp:53]   --->   Operation 633 'bitcast' 'bitcast_ln53_3' <Predicate = (!icmp_ln38 & and_ln52)> <Delay = 0.00>
ST_91 : Operation 634 [1/1] (7.30ns)   --->   "%write_ln53 = write void @_ssdm_op_Write.m_axi.i32P1A, i32 %mem1_addr_1, i32 %bitcast_ln53_3, i4 15" [conv.cpp:53]   --->   Operation 634 'write' 'write_ln53' <Predicate = (!icmp_ln38 & and_ln52)> <Delay = 7.30> <CoreInst = "m_axi">   --->   Core 113 'm_axi' <Latency = 0> <II = 1> <Delay = 1.00> <Adapter> <Opcode : 'read' 'write' 'readreq' 'writereq' 'writeresp'>

State 92 <SV = 91> <Delay = 7.30>
ST_92 : Operation 635 [1/1] (0.00ns)   --->   "%specloopname_ln0 = specloopname void @_ssdm_op_SpecLoopName, void @VITIS_LOOP_38_4_VITIS_LOOP_40_6_VITIS_LOOP_46_8_VITIS_LOOP_47_9_str"   --->   Operation 635 'specloopname' 'specloopname_ln0' <Predicate = (!icmp_ln38)> <Delay = 0.00>
ST_92 : Operation 636 [1/1] (0.00ns)   --->   "%empty_29 = speclooptripcount i32 @_ssdm_op_SpecLoopTripCount, i64 70276800, i64 70276800, i64 70276800"   --->   Operation 636 'speclooptripcount' 'empty_29' <Predicate = (!icmp_ln38)> <Delay = 0.00>
ST_92 : Operation 637 [1/1] (0.00ns)   --->   "%specpipeline_ln0 = specpipeline void @_ssdm_op_SpecPipeline, i32 4294967295, i32 0, i32 1, i32 0, void @p_str"   --->   Operation 637 'specpipeline' 'specpipeline_ln0' <Predicate = (!icmp_ln38)> <Delay = 0.00>
ST_92 : Operation 638 [1/1] (0.00ns)   --->   "%specloopname_ln0 = specloopname void @_ssdm_op_SpecLoopName, void @VITIS_LOOP_39_5_VITIS_LOOP_42_7_VITIS_LOOP_46_8_VITIS_LOOP_47_9_str"   --->   Operation 638 'specloopname' 'specloopname_ln0' <Predicate = (!icmp_ln38)> <Delay = 0.00>
ST_92 : Operation 639 [1/1] (0.00ns)   --->   "%specpipeline_ln0 = specpipeline void @_ssdm_op_SpecPipeline, i32 4294967295, i32 0, i32 1, i32 0, void @p_str"   --->   Operation 639 'specpipeline' 'specpipeline_ln0' <Predicate = (!icmp_ln38)> <Delay = 0.00>
ST_92 : Operation 640 [1/1] (0.99ns)   --->   "%select_ln39_5 = select i1 %and_ln38_4, i2 %add_ln39, i2 %select_ln38" [conv.cpp:39]   --->   Operation 640 'select' 'select_ln39_5' <Predicate = (!icmp_ln38)> <Delay = 0.99> <CoreInst = "Sel">   --->   Core 73 'Sel' <Latency = 0> <II = 1> <Delay = 0.99> <FuncUnit> <Opcode : 'select'> <InPorts = 3> <OutPorts = 1>
ST_92 : Operation 641 [1/1] (0.00ns)   --->   "%specloopname_ln0 = specloopname void @_ssdm_op_SpecLoopName, void @VITIS_LOOP_40_6_VITIS_LOOP_46_8_VITIS_LOOP_47_9_str"   --->   Operation 641 'specloopname' 'specloopname_ln0' <Predicate = (!icmp_ln38)> <Delay = 0.00>
ST_92 : Operation 642 [1/1] (0.00ns)   --->   "%specpipeline_ln0 = specpipeline void @_ssdm_op_SpecPipeline, i32 4294967295, i32 0, i32 1, i32 0, void @p_str"   --->   Operation 642 'specpipeline' 'specpipeline_ln0' <Predicate = (!icmp_ln38)> <Delay = 0.00>
ST_92 : Operation 643 [1/1] (0.00ns)   --->   "%specloopname_ln0 = specloopname void @_ssdm_op_SpecLoopName, void @VITIS_LOOP_42_7_VITIS_LOOP_46_8_VITIS_LOOP_47_9_str"   --->   Operation 643 'specloopname' 'specloopname_ln0' <Predicate = (!icmp_ln38)> <Delay = 0.00>
ST_92 : Operation 644 [1/1] (0.00ns)   --->   "%specpipeline_ln0 = specpipeline void @_ssdm_op_SpecPipeline, i32 4294967295, i32 0, i32 1, i32 0, void @p_str"   --->   Operation 644 'specpipeline' 'specpipeline_ln0' <Predicate = (!icmp_ln38)> <Delay = 0.00>
ST_92 : Operation 645 [1/1] (0.00ns)   --->   "%specloopname_ln0 = specloopname void @_ssdm_op_SpecLoopName, void @VITIS_LOOP_46_8_VITIS_LOOP_47_9_str"   --->   Operation 645 'specloopname' 'specloopname_ln0' <Predicate = (!icmp_ln38)> <Delay = 0.00>
ST_92 : Operation 646 [1/1] (0.00ns)   --->   "%specpipeline_ln0 = specpipeline void @_ssdm_op_SpecPipeline, i32 4294967295, i32 0, i32 1, i32 0, void @p_str"   --->   Operation 646 'specpipeline' 'specpipeline_ln0' <Predicate = (!icmp_ln38)> <Delay = 0.00>
ST_92 : Operation 647 [1/1] (0.00ns)   --->   "%specloopname_ln37 = specloopname void @_ssdm_op_SpecLoopName, void @empty_11" [conv.cpp:37]   --->   Operation 647 'specloopname' 'specloopname_ln37' <Predicate = (!icmp_ln38)> <Delay = 0.00>
ST_92 : Operation 648 [68/68] (7.30ns)   --->   "%mem1_addr_3_resp = writeresp i1 @_ssdm_op_WriteResp.m_axi.i32P1A, i32 %mem1_addr_1" [conv.cpp:53]   --->   Operation 648 'writeresp' 'mem1_addr_3_resp' <Predicate = (!icmp_ln38 & and_ln52)> <Delay = 7.30> <CoreInst = "m_axi">   --->   Core 113 'm_axi' <Latency = 0> <II = 1> <Delay = 1.00> <Adapter> <Opcode : 'read' 'write' 'readreq' 'writereq' 'writeresp'>
ST_92 : Operation 649 [1/1] (1.67ns)   --->   "%add_ln42_1 = add i13 %indvar_flatten48_load, i13 1" [conv.cpp:42]   --->   Operation 649 'add' 'add_ln42_1' <Predicate = (!icmp_ln38 & !or_ln40_1)> <Delay = 1.67> <CoreInst = "Adder">   --->   Core 1 'Adder' <Latency = 0> <II = 1> <Delay = 1.67> <FuncUnit> <Opcode : 'add' 'sub'> <InPorts = 2> <OutPorts = 1>
ST_92 : Operation 650 [1/1] (0.69ns)   --->   "%select_ln42 = select i1 %or_ln40_1, i13 1, i13 %add_ln42_1" [conv.cpp:42]   --->   Operation 650 'select' 'select_ln42' <Predicate = (!icmp_ln38)> <Delay = 0.69> <CoreInst = "Sel">   --->   Core 73 'Sel' <Latency = 0> <II = 1> <Delay = 0.69> <FuncUnit> <Opcode : 'select'> <InPorts = 3> <OutPorts = 1>
ST_92 : Operation 651 [1/1] (2.16ns)   --->   "%add_ln40_1 = add i19 %indvar_flatten112_load, i19 1" [conv.cpp:40]   --->   Operation 651 'add' 'add_ln40_1' <Predicate = (!icmp_ln38 & !or_ln39)> <Delay = 2.16> <CoreInst = "Adder">   --->   Core 1 'Adder' <Latency = 0> <II = 1> <Delay = 2.16> <FuncUnit> <Opcode : 'add' 'sub'> <InPorts = 2> <OutPorts = 1>
ST_92 : Operation 652 [1/1] (0.73ns)   --->   "%select_ln40_6 = select i1 %or_ln39, i19 1, i19 %add_ln40_1" [conv.cpp:40]   --->   Operation 652 'select' 'select_ln40_6' <Predicate = (!icmp_ln38)> <Delay = 0.73> <CoreInst = "Sel">   --->   Core 73 'Sel' <Latency = 0> <II = 1> <Delay = 0.73> <FuncUnit> <Opcode : 'select'> <InPorts = 3> <OutPorts = 1>
ST_92 : Operation 653 [1/1] (2.22ns)   --->   "%add_ln39_1 = add i21 %indvar_flatten188_load, i21 1" [conv.cpp:39]   --->   Operation 653 'add' 'add_ln39_1' <Predicate = (!icmp_ln38 & !icmp_ln39)> <Delay = 2.22> <CoreInst = "Adder">   --->   Core 1 'Adder' <Latency = 0> <II = 1> <Delay = 2.22> <FuncUnit> <Opcode : 'add' 'sub'> <InPorts = 2> <OutPorts = 1>
ST_92 : Operation 654 [1/1] (0.70ns)   --->   "%select_ln39_7 = select i1 %icmp_ln39, i21 1, i21 %add_ln39_1" [conv.cpp:39]   --->   Operation 654 'select' 'select_ln39_7' <Predicate = (!icmp_ln38)> <Delay = 0.70> <CoreInst = "Sel">   --->   Core 73 'Sel' <Latency = 0> <II = 1> <Delay = 0.70> <FuncUnit> <Opcode : 'select'> <InPorts = 3> <OutPorts = 1>
ST_92 : Operation 655 [1/1] (1.58ns)   --->   "%store_ln47 = store i21 %select_ln39_7, i21 %indvar_flatten188" [conv.cpp:47]   --->   Operation 655 'store' 'store_ln47' <Predicate = (!icmp_ln38)> <Delay = 1.58>
ST_92 : Operation 656 [1/1] (1.58ns)   --->   "%store_ln47 = store i2 %select_ln39_5, i2 %m" [conv.cpp:47]   --->   Operation 656 'store' 'store_ln47' <Predicate = (!icmp_ln38)> <Delay = 1.58>
ST_92 : Operation 657 [1/1] (1.58ns)   --->   "%store_ln47 = store i19 %select_ln40_6, i19 %indvar_flatten112" [conv.cpp:47]   --->   Operation 657 'store' 'store_ln47' <Predicate = (!icmp_ln38)> <Delay = 1.58>
ST_92 : Operation 658 [1/1] (1.58ns)   --->   "%store_ln47 = store i13 %select_ln42, i13 %indvar_flatten48" [conv.cpp:47]   --->   Operation 658 'store' 'store_ln47' <Predicate = (!icmp_ln38)> <Delay = 1.58>
ST_92 : Operation 659 [1/1] (0.00ns)   --->   "%br_ln47 = br void %for.body38" [conv.cpp:47]   --->   Operation 659 'br' 'br_ln47' <Predicate = (!icmp_ln38)> <Delay = 0.00>

State 93 <SV = 92> <Delay = 7.30>
ST_93 : Operation 660 [67/68] (7.30ns)   --->   "%mem1_addr_3_resp = writeresp i1 @_ssdm_op_WriteResp.m_axi.i32P1A, i32 %mem1_addr_1" [conv.cpp:53]   --->   Operation 660 'writeresp' 'mem1_addr_3_resp' <Predicate = (!icmp_ln38 & and_ln52)> <Delay = 7.30> <CoreInst = "m_axi">   --->   Core 113 'm_axi' <Latency = 0> <II = 1> <Delay = 1.00> <Adapter> <Opcode : 'read' 'write' 'readreq' 'writereq' 'writeresp'>

State 94 <SV = 93> <Delay = 7.30>
ST_94 : Operation 661 [66/68] (7.30ns)   --->   "%mem1_addr_3_resp = writeresp i1 @_ssdm_op_WriteResp.m_axi.i32P1A, i32 %mem1_addr_1" [conv.cpp:53]   --->   Operation 661 'writeresp' 'mem1_addr_3_resp' <Predicate = (!icmp_ln38 & and_ln52)> <Delay = 7.30> <CoreInst = "m_axi">   --->   Core 113 'm_axi' <Latency = 0> <II = 1> <Delay = 1.00> <Adapter> <Opcode : 'read' 'write' 'readreq' 'writereq' 'writeresp'>

State 95 <SV = 94> <Delay = 7.30>
ST_95 : Operation 662 [65/68] (7.30ns)   --->   "%mem1_addr_3_resp = writeresp i1 @_ssdm_op_WriteResp.m_axi.i32P1A, i32 %mem1_addr_1" [conv.cpp:53]   --->   Operation 662 'writeresp' 'mem1_addr_3_resp' <Predicate = (!icmp_ln38 & and_ln52)> <Delay = 7.30> <CoreInst = "m_axi">   --->   Core 113 'm_axi' <Latency = 0> <II = 1> <Delay = 1.00> <Adapter> <Opcode : 'read' 'write' 'readreq' 'writereq' 'writeresp'>

State 96 <SV = 95> <Delay = 7.30>
ST_96 : Operation 663 [64/68] (7.30ns)   --->   "%mem1_addr_3_resp = writeresp i1 @_ssdm_op_WriteResp.m_axi.i32P1A, i32 %mem1_addr_1" [conv.cpp:53]   --->   Operation 663 'writeresp' 'mem1_addr_3_resp' <Predicate = (!icmp_ln38 & and_ln52)> <Delay = 7.30> <CoreInst = "m_axi">   --->   Core 113 'm_axi' <Latency = 0> <II = 1> <Delay = 1.00> <Adapter> <Opcode : 'read' 'write' 'readreq' 'writereq' 'writeresp'>

State 97 <SV = 96> <Delay = 7.30>
ST_97 : Operation 664 [63/68] (7.30ns)   --->   "%mem1_addr_3_resp = writeresp i1 @_ssdm_op_WriteResp.m_axi.i32P1A, i32 %mem1_addr_1" [conv.cpp:53]   --->   Operation 664 'writeresp' 'mem1_addr_3_resp' <Predicate = (!icmp_ln38 & and_ln52)> <Delay = 7.30> <CoreInst = "m_axi">   --->   Core 113 'm_axi' <Latency = 0> <II = 1> <Delay = 1.00> <Adapter> <Opcode : 'read' 'write' 'readreq' 'writereq' 'writeresp'>

State 98 <SV = 97> <Delay = 7.30>
ST_98 : Operation 665 [62/68] (7.30ns)   --->   "%mem1_addr_3_resp = writeresp i1 @_ssdm_op_WriteResp.m_axi.i32P1A, i32 %mem1_addr_1" [conv.cpp:53]   --->   Operation 665 'writeresp' 'mem1_addr_3_resp' <Predicate = (!icmp_ln38 & and_ln52)> <Delay = 7.30> <CoreInst = "m_axi">   --->   Core 113 'm_axi' <Latency = 0> <II = 1> <Delay = 1.00> <Adapter> <Opcode : 'read' 'write' 'readreq' 'writereq' 'writeresp'>

State 99 <SV = 98> <Delay = 7.30>
ST_99 : Operation 666 [61/68] (7.30ns)   --->   "%mem1_addr_3_resp = writeresp i1 @_ssdm_op_WriteResp.m_axi.i32P1A, i32 %mem1_addr_1" [conv.cpp:53]   --->   Operation 666 'writeresp' 'mem1_addr_3_resp' <Predicate = (!icmp_ln38 & and_ln52)> <Delay = 7.30> <CoreInst = "m_axi">   --->   Core 113 'm_axi' <Latency = 0> <II = 1> <Delay = 1.00> <Adapter> <Opcode : 'read' 'write' 'readreq' 'writereq' 'writeresp'>

State 100 <SV = 99> <Delay = 7.30>
ST_100 : Operation 667 [60/68] (7.30ns)   --->   "%mem1_addr_3_resp = writeresp i1 @_ssdm_op_WriteResp.m_axi.i32P1A, i32 %mem1_addr_1" [conv.cpp:53]   --->   Operation 667 'writeresp' 'mem1_addr_3_resp' <Predicate = (!icmp_ln38 & and_ln52)> <Delay = 7.30> <CoreInst = "m_axi">   --->   Core 113 'm_axi' <Latency = 0> <II = 1> <Delay = 1.00> <Adapter> <Opcode : 'read' 'write' 'readreq' 'writereq' 'writeresp'>

State 101 <SV = 100> <Delay = 7.30>
ST_101 : Operation 668 [59/68] (7.30ns)   --->   "%mem1_addr_3_resp = writeresp i1 @_ssdm_op_WriteResp.m_axi.i32P1A, i32 %mem1_addr_1" [conv.cpp:53]   --->   Operation 668 'writeresp' 'mem1_addr_3_resp' <Predicate = (!icmp_ln38 & and_ln52)> <Delay = 7.30> <CoreInst = "m_axi">   --->   Core 113 'm_axi' <Latency = 0> <II = 1> <Delay = 1.00> <Adapter> <Opcode : 'read' 'write' 'readreq' 'writereq' 'writeresp'>

State 102 <SV = 101> <Delay = 7.30>
ST_102 : Operation 669 [58/68] (7.30ns)   --->   "%mem1_addr_3_resp = writeresp i1 @_ssdm_op_WriteResp.m_axi.i32P1A, i32 %mem1_addr_1" [conv.cpp:53]   --->   Operation 669 'writeresp' 'mem1_addr_3_resp' <Predicate = (!icmp_ln38 & and_ln52)> <Delay = 7.30> <CoreInst = "m_axi">   --->   Core 113 'm_axi' <Latency = 0> <II = 1> <Delay = 1.00> <Adapter> <Opcode : 'read' 'write' 'readreq' 'writereq' 'writeresp'>

State 103 <SV = 102> <Delay = 7.30>
ST_103 : Operation 670 [57/68] (7.30ns)   --->   "%mem1_addr_3_resp = writeresp i1 @_ssdm_op_WriteResp.m_axi.i32P1A, i32 %mem1_addr_1" [conv.cpp:53]   --->   Operation 670 'writeresp' 'mem1_addr_3_resp' <Predicate = (!icmp_ln38 & and_ln52)> <Delay = 7.30> <CoreInst = "m_axi">   --->   Core 113 'm_axi' <Latency = 0> <II = 1> <Delay = 1.00> <Adapter> <Opcode : 'read' 'write' 'readreq' 'writereq' 'writeresp'>

State 104 <SV = 103> <Delay = 7.30>
ST_104 : Operation 671 [56/68] (7.30ns)   --->   "%mem1_addr_3_resp = writeresp i1 @_ssdm_op_WriteResp.m_axi.i32P1A, i32 %mem1_addr_1" [conv.cpp:53]   --->   Operation 671 'writeresp' 'mem1_addr_3_resp' <Predicate = (!icmp_ln38 & and_ln52)> <Delay = 7.30> <CoreInst = "m_axi">   --->   Core 113 'm_axi' <Latency = 0> <II = 1> <Delay = 1.00> <Adapter> <Opcode : 'read' 'write' 'readreq' 'writereq' 'writeresp'>

State 105 <SV = 104> <Delay = 7.30>
ST_105 : Operation 672 [55/68] (7.30ns)   --->   "%mem1_addr_3_resp = writeresp i1 @_ssdm_op_WriteResp.m_axi.i32P1A, i32 %mem1_addr_1" [conv.cpp:53]   --->   Operation 672 'writeresp' 'mem1_addr_3_resp' <Predicate = (!icmp_ln38 & and_ln52)> <Delay = 7.30> <CoreInst = "m_axi">   --->   Core 113 'm_axi' <Latency = 0> <II = 1> <Delay = 1.00> <Adapter> <Opcode : 'read' 'write' 'readreq' 'writereq' 'writeresp'>

State 106 <SV = 105> <Delay = 7.30>
ST_106 : Operation 673 [54/68] (7.30ns)   --->   "%mem1_addr_3_resp = writeresp i1 @_ssdm_op_WriteResp.m_axi.i32P1A, i32 %mem1_addr_1" [conv.cpp:53]   --->   Operation 673 'writeresp' 'mem1_addr_3_resp' <Predicate = (!icmp_ln38 & and_ln52)> <Delay = 7.30> <CoreInst = "m_axi">   --->   Core 113 'm_axi' <Latency = 0> <II = 1> <Delay = 1.00> <Adapter> <Opcode : 'read' 'write' 'readreq' 'writereq' 'writeresp'>

State 107 <SV = 106> <Delay = 7.30>
ST_107 : Operation 674 [53/68] (7.30ns)   --->   "%mem1_addr_3_resp = writeresp i1 @_ssdm_op_WriteResp.m_axi.i32P1A, i32 %mem1_addr_1" [conv.cpp:53]   --->   Operation 674 'writeresp' 'mem1_addr_3_resp' <Predicate = (!icmp_ln38 & and_ln52)> <Delay = 7.30> <CoreInst = "m_axi">   --->   Core 113 'm_axi' <Latency = 0> <II = 1> <Delay = 1.00> <Adapter> <Opcode : 'read' 'write' 'readreq' 'writereq' 'writeresp'>

State 108 <SV = 107> <Delay = 7.30>
ST_108 : Operation 675 [52/68] (7.30ns)   --->   "%mem1_addr_3_resp = writeresp i1 @_ssdm_op_WriteResp.m_axi.i32P1A, i32 %mem1_addr_1" [conv.cpp:53]   --->   Operation 675 'writeresp' 'mem1_addr_3_resp' <Predicate = (!icmp_ln38 & and_ln52)> <Delay = 7.30> <CoreInst = "m_axi">   --->   Core 113 'm_axi' <Latency = 0> <II = 1> <Delay = 1.00> <Adapter> <Opcode : 'read' 'write' 'readreq' 'writereq' 'writeresp'>

State 109 <SV = 108> <Delay = 7.30>
ST_109 : Operation 676 [51/68] (7.30ns)   --->   "%mem1_addr_3_resp = writeresp i1 @_ssdm_op_WriteResp.m_axi.i32P1A, i32 %mem1_addr_1" [conv.cpp:53]   --->   Operation 676 'writeresp' 'mem1_addr_3_resp' <Predicate = (!icmp_ln38 & and_ln52)> <Delay = 7.30> <CoreInst = "m_axi">   --->   Core 113 'm_axi' <Latency = 0> <II = 1> <Delay = 1.00> <Adapter> <Opcode : 'read' 'write' 'readreq' 'writereq' 'writeresp'>

State 110 <SV = 109> <Delay = 7.30>
ST_110 : Operation 677 [50/68] (7.30ns)   --->   "%mem1_addr_3_resp = writeresp i1 @_ssdm_op_WriteResp.m_axi.i32P1A, i32 %mem1_addr_1" [conv.cpp:53]   --->   Operation 677 'writeresp' 'mem1_addr_3_resp' <Predicate = (!icmp_ln38 & and_ln52)> <Delay = 7.30> <CoreInst = "m_axi">   --->   Core 113 'm_axi' <Latency = 0> <II = 1> <Delay = 1.00> <Adapter> <Opcode : 'read' 'write' 'readreq' 'writereq' 'writeresp'>

State 111 <SV = 110> <Delay = 7.30>
ST_111 : Operation 678 [49/68] (7.30ns)   --->   "%mem1_addr_3_resp = writeresp i1 @_ssdm_op_WriteResp.m_axi.i32P1A, i32 %mem1_addr_1" [conv.cpp:53]   --->   Operation 678 'writeresp' 'mem1_addr_3_resp' <Predicate = (!icmp_ln38 & and_ln52)> <Delay = 7.30> <CoreInst = "m_axi">   --->   Core 113 'm_axi' <Latency = 0> <II = 1> <Delay = 1.00> <Adapter> <Opcode : 'read' 'write' 'readreq' 'writereq' 'writeresp'>

State 112 <SV = 111> <Delay = 7.30>
ST_112 : Operation 679 [48/68] (7.30ns)   --->   "%mem1_addr_3_resp = writeresp i1 @_ssdm_op_WriteResp.m_axi.i32P1A, i32 %mem1_addr_1" [conv.cpp:53]   --->   Operation 679 'writeresp' 'mem1_addr_3_resp' <Predicate = (!icmp_ln38 & and_ln52)> <Delay = 7.30> <CoreInst = "m_axi">   --->   Core 113 'm_axi' <Latency = 0> <II = 1> <Delay = 1.00> <Adapter> <Opcode : 'read' 'write' 'readreq' 'writereq' 'writeresp'>

State 113 <SV = 112> <Delay = 7.30>
ST_113 : Operation 680 [47/68] (7.30ns)   --->   "%mem1_addr_3_resp = writeresp i1 @_ssdm_op_WriteResp.m_axi.i32P1A, i32 %mem1_addr_1" [conv.cpp:53]   --->   Operation 680 'writeresp' 'mem1_addr_3_resp' <Predicate = (!icmp_ln38 & and_ln52)> <Delay = 7.30> <CoreInst = "m_axi">   --->   Core 113 'm_axi' <Latency = 0> <II = 1> <Delay = 1.00> <Adapter> <Opcode : 'read' 'write' 'readreq' 'writereq' 'writeresp'>

State 114 <SV = 113> <Delay = 7.30>
ST_114 : Operation 681 [46/68] (7.30ns)   --->   "%mem1_addr_3_resp = writeresp i1 @_ssdm_op_WriteResp.m_axi.i32P1A, i32 %mem1_addr_1" [conv.cpp:53]   --->   Operation 681 'writeresp' 'mem1_addr_3_resp' <Predicate = (!icmp_ln38 & and_ln52)> <Delay = 7.30> <CoreInst = "m_axi">   --->   Core 113 'm_axi' <Latency = 0> <II = 1> <Delay = 1.00> <Adapter> <Opcode : 'read' 'write' 'readreq' 'writereq' 'writeresp'>

State 115 <SV = 114> <Delay = 7.30>
ST_115 : Operation 682 [45/68] (7.30ns)   --->   "%mem1_addr_3_resp = writeresp i1 @_ssdm_op_WriteResp.m_axi.i32P1A, i32 %mem1_addr_1" [conv.cpp:53]   --->   Operation 682 'writeresp' 'mem1_addr_3_resp' <Predicate = (!icmp_ln38 & and_ln52)> <Delay = 7.30> <CoreInst = "m_axi">   --->   Core 113 'm_axi' <Latency = 0> <II = 1> <Delay = 1.00> <Adapter> <Opcode : 'read' 'write' 'readreq' 'writereq' 'writeresp'>

State 116 <SV = 115> <Delay = 7.30>
ST_116 : Operation 683 [44/68] (7.30ns)   --->   "%mem1_addr_3_resp = writeresp i1 @_ssdm_op_WriteResp.m_axi.i32P1A, i32 %mem1_addr_1" [conv.cpp:53]   --->   Operation 683 'writeresp' 'mem1_addr_3_resp' <Predicate = (!icmp_ln38 & and_ln52)> <Delay = 7.30> <CoreInst = "m_axi">   --->   Core 113 'm_axi' <Latency = 0> <II = 1> <Delay = 1.00> <Adapter> <Opcode : 'read' 'write' 'readreq' 'writereq' 'writeresp'>

State 117 <SV = 116> <Delay = 7.30>
ST_117 : Operation 684 [43/68] (7.30ns)   --->   "%mem1_addr_3_resp = writeresp i1 @_ssdm_op_WriteResp.m_axi.i32P1A, i32 %mem1_addr_1" [conv.cpp:53]   --->   Operation 684 'writeresp' 'mem1_addr_3_resp' <Predicate = (!icmp_ln38 & and_ln52)> <Delay = 7.30> <CoreInst = "m_axi">   --->   Core 113 'm_axi' <Latency = 0> <II = 1> <Delay = 1.00> <Adapter> <Opcode : 'read' 'write' 'readreq' 'writereq' 'writeresp'>

State 118 <SV = 117> <Delay = 7.30>
ST_118 : Operation 685 [42/68] (7.30ns)   --->   "%mem1_addr_3_resp = writeresp i1 @_ssdm_op_WriteResp.m_axi.i32P1A, i32 %mem1_addr_1" [conv.cpp:53]   --->   Operation 685 'writeresp' 'mem1_addr_3_resp' <Predicate = (!icmp_ln38 & and_ln52)> <Delay = 7.30> <CoreInst = "m_axi">   --->   Core 113 'm_axi' <Latency = 0> <II = 1> <Delay = 1.00> <Adapter> <Opcode : 'read' 'write' 'readreq' 'writereq' 'writeresp'>

State 119 <SV = 118> <Delay = 7.30>
ST_119 : Operation 686 [41/68] (7.30ns)   --->   "%mem1_addr_3_resp = writeresp i1 @_ssdm_op_WriteResp.m_axi.i32P1A, i32 %mem1_addr_1" [conv.cpp:53]   --->   Operation 686 'writeresp' 'mem1_addr_3_resp' <Predicate = (!icmp_ln38 & and_ln52)> <Delay = 7.30> <CoreInst = "m_axi">   --->   Core 113 'm_axi' <Latency = 0> <II = 1> <Delay = 1.00> <Adapter> <Opcode : 'read' 'write' 'readreq' 'writereq' 'writeresp'>

State 120 <SV = 119> <Delay = 7.30>
ST_120 : Operation 687 [40/68] (7.30ns)   --->   "%mem1_addr_3_resp = writeresp i1 @_ssdm_op_WriteResp.m_axi.i32P1A, i32 %mem1_addr_1" [conv.cpp:53]   --->   Operation 687 'writeresp' 'mem1_addr_3_resp' <Predicate = (!icmp_ln38 & and_ln52)> <Delay = 7.30> <CoreInst = "m_axi">   --->   Core 113 'm_axi' <Latency = 0> <II = 1> <Delay = 1.00> <Adapter> <Opcode : 'read' 'write' 'readreq' 'writereq' 'writeresp'>

State 121 <SV = 120> <Delay = 7.30>
ST_121 : Operation 688 [39/68] (7.30ns)   --->   "%mem1_addr_3_resp = writeresp i1 @_ssdm_op_WriteResp.m_axi.i32P1A, i32 %mem1_addr_1" [conv.cpp:53]   --->   Operation 688 'writeresp' 'mem1_addr_3_resp' <Predicate = (!icmp_ln38 & and_ln52)> <Delay = 7.30> <CoreInst = "m_axi">   --->   Core 113 'm_axi' <Latency = 0> <II = 1> <Delay = 1.00> <Adapter> <Opcode : 'read' 'write' 'readreq' 'writereq' 'writeresp'>

State 122 <SV = 121> <Delay = 7.30>
ST_122 : Operation 689 [38/68] (7.30ns)   --->   "%mem1_addr_3_resp = writeresp i1 @_ssdm_op_WriteResp.m_axi.i32P1A, i32 %mem1_addr_1" [conv.cpp:53]   --->   Operation 689 'writeresp' 'mem1_addr_3_resp' <Predicate = (!icmp_ln38 & and_ln52)> <Delay = 7.30> <CoreInst = "m_axi">   --->   Core 113 'm_axi' <Latency = 0> <II = 1> <Delay = 1.00> <Adapter> <Opcode : 'read' 'write' 'readreq' 'writereq' 'writeresp'>

State 123 <SV = 122> <Delay = 7.30>
ST_123 : Operation 690 [37/68] (7.30ns)   --->   "%mem1_addr_3_resp = writeresp i1 @_ssdm_op_WriteResp.m_axi.i32P1A, i32 %mem1_addr_1" [conv.cpp:53]   --->   Operation 690 'writeresp' 'mem1_addr_3_resp' <Predicate = (!icmp_ln38 & and_ln52)> <Delay = 7.30> <CoreInst = "m_axi">   --->   Core 113 'm_axi' <Latency = 0> <II = 1> <Delay = 1.00> <Adapter> <Opcode : 'read' 'write' 'readreq' 'writereq' 'writeresp'>

State 124 <SV = 123> <Delay = 7.30>
ST_124 : Operation 691 [36/68] (7.30ns)   --->   "%mem1_addr_3_resp = writeresp i1 @_ssdm_op_WriteResp.m_axi.i32P1A, i32 %mem1_addr_1" [conv.cpp:53]   --->   Operation 691 'writeresp' 'mem1_addr_3_resp' <Predicate = (!icmp_ln38 & and_ln52)> <Delay = 7.30> <CoreInst = "m_axi">   --->   Core 113 'm_axi' <Latency = 0> <II = 1> <Delay = 1.00> <Adapter> <Opcode : 'read' 'write' 'readreq' 'writereq' 'writeresp'>

State 125 <SV = 124> <Delay = 7.30>
ST_125 : Operation 692 [35/68] (7.30ns)   --->   "%mem1_addr_3_resp = writeresp i1 @_ssdm_op_WriteResp.m_axi.i32P1A, i32 %mem1_addr_1" [conv.cpp:53]   --->   Operation 692 'writeresp' 'mem1_addr_3_resp' <Predicate = (!icmp_ln38 & and_ln52)> <Delay = 7.30> <CoreInst = "m_axi">   --->   Core 113 'm_axi' <Latency = 0> <II = 1> <Delay = 1.00> <Adapter> <Opcode : 'read' 'write' 'readreq' 'writereq' 'writeresp'>

State 126 <SV = 125> <Delay = 7.30>
ST_126 : Operation 693 [34/68] (7.30ns)   --->   "%mem1_addr_3_resp = writeresp i1 @_ssdm_op_WriteResp.m_axi.i32P1A, i32 %mem1_addr_1" [conv.cpp:53]   --->   Operation 693 'writeresp' 'mem1_addr_3_resp' <Predicate = (!icmp_ln38 & and_ln52)> <Delay = 7.30> <CoreInst = "m_axi">   --->   Core 113 'm_axi' <Latency = 0> <II = 1> <Delay = 1.00> <Adapter> <Opcode : 'read' 'write' 'readreq' 'writereq' 'writeresp'>

State 127 <SV = 126> <Delay = 7.30>
ST_127 : Operation 694 [33/68] (7.30ns)   --->   "%mem1_addr_3_resp = writeresp i1 @_ssdm_op_WriteResp.m_axi.i32P1A, i32 %mem1_addr_1" [conv.cpp:53]   --->   Operation 694 'writeresp' 'mem1_addr_3_resp' <Predicate = (!icmp_ln38 & and_ln52)> <Delay = 7.30> <CoreInst = "m_axi">   --->   Core 113 'm_axi' <Latency = 0> <II = 1> <Delay = 1.00> <Adapter> <Opcode : 'read' 'write' 'readreq' 'writereq' 'writeresp'>

State 128 <SV = 127> <Delay = 7.30>
ST_128 : Operation 695 [32/68] (7.30ns)   --->   "%mem1_addr_3_resp = writeresp i1 @_ssdm_op_WriteResp.m_axi.i32P1A, i32 %mem1_addr_1" [conv.cpp:53]   --->   Operation 695 'writeresp' 'mem1_addr_3_resp' <Predicate = (!icmp_ln38 & and_ln52)> <Delay = 7.30> <CoreInst = "m_axi">   --->   Core 113 'm_axi' <Latency = 0> <II = 1> <Delay = 1.00> <Adapter> <Opcode : 'read' 'write' 'readreq' 'writereq' 'writeresp'>

State 129 <SV = 128> <Delay = 7.30>
ST_129 : Operation 696 [31/68] (7.30ns)   --->   "%mem1_addr_3_resp = writeresp i1 @_ssdm_op_WriteResp.m_axi.i32P1A, i32 %mem1_addr_1" [conv.cpp:53]   --->   Operation 696 'writeresp' 'mem1_addr_3_resp' <Predicate = (!icmp_ln38 & and_ln52)> <Delay = 7.30> <CoreInst = "m_axi">   --->   Core 113 'm_axi' <Latency = 0> <II = 1> <Delay = 1.00> <Adapter> <Opcode : 'read' 'write' 'readreq' 'writereq' 'writeresp'>

State 130 <SV = 129> <Delay = 7.30>
ST_130 : Operation 697 [30/68] (7.30ns)   --->   "%mem1_addr_3_resp = writeresp i1 @_ssdm_op_WriteResp.m_axi.i32P1A, i32 %mem1_addr_1" [conv.cpp:53]   --->   Operation 697 'writeresp' 'mem1_addr_3_resp' <Predicate = (!icmp_ln38 & and_ln52)> <Delay = 7.30> <CoreInst = "m_axi">   --->   Core 113 'm_axi' <Latency = 0> <II = 1> <Delay = 1.00> <Adapter> <Opcode : 'read' 'write' 'readreq' 'writereq' 'writeresp'>

State 131 <SV = 130> <Delay = 7.30>
ST_131 : Operation 698 [29/68] (7.30ns)   --->   "%mem1_addr_3_resp = writeresp i1 @_ssdm_op_WriteResp.m_axi.i32P1A, i32 %mem1_addr_1" [conv.cpp:53]   --->   Operation 698 'writeresp' 'mem1_addr_3_resp' <Predicate = (!icmp_ln38 & and_ln52)> <Delay = 7.30> <CoreInst = "m_axi">   --->   Core 113 'm_axi' <Latency = 0> <II = 1> <Delay = 1.00> <Adapter> <Opcode : 'read' 'write' 'readreq' 'writereq' 'writeresp'>

State 132 <SV = 131> <Delay = 7.30>
ST_132 : Operation 699 [28/68] (7.30ns)   --->   "%mem1_addr_3_resp = writeresp i1 @_ssdm_op_WriteResp.m_axi.i32P1A, i32 %mem1_addr_1" [conv.cpp:53]   --->   Operation 699 'writeresp' 'mem1_addr_3_resp' <Predicate = (!icmp_ln38 & and_ln52)> <Delay = 7.30> <CoreInst = "m_axi">   --->   Core 113 'm_axi' <Latency = 0> <II = 1> <Delay = 1.00> <Adapter> <Opcode : 'read' 'write' 'readreq' 'writereq' 'writeresp'>

State 133 <SV = 132> <Delay = 7.30>
ST_133 : Operation 700 [27/68] (7.30ns)   --->   "%mem1_addr_3_resp = writeresp i1 @_ssdm_op_WriteResp.m_axi.i32P1A, i32 %mem1_addr_1" [conv.cpp:53]   --->   Operation 700 'writeresp' 'mem1_addr_3_resp' <Predicate = (!icmp_ln38 & and_ln52)> <Delay = 7.30> <CoreInst = "m_axi">   --->   Core 113 'm_axi' <Latency = 0> <II = 1> <Delay = 1.00> <Adapter> <Opcode : 'read' 'write' 'readreq' 'writereq' 'writeresp'>

State 134 <SV = 133> <Delay = 7.30>
ST_134 : Operation 701 [26/68] (7.30ns)   --->   "%mem1_addr_3_resp = writeresp i1 @_ssdm_op_WriteResp.m_axi.i32P1A, i32 %mem1_addr_1" [conv.cpp:53]   --->   Operation 701 'writeresp' 'mem1_addr_3_resp' <Predicate = (!icmp_ln38 & and_ln52)> <Delay = 7.30> <CoreInst = "m_axi">   --->   Core 113 'm_axi' <Latency = 0> <II = 1> <Delay = 1.00> <Adapter> <Opcode : 'read' 'write' 'readreq' 'writereq' 'writeresp'>

State 135 <SV = 134> <Delay = 7.30>
ST_135 : Operation 702 [25/68] (7.30ns)   --->   "%mem1_addr_3_resp = writeresp i1 @_ssdm_op_WriteResp.m_axi.i32P1A, i32 %mem1_addr_1" [conv.cpp:53]   --->   Operation 702 'writeresp' 'mem1_addr_3_resp' <Predicate = (!icmp_ln38 & and_ln52)> <Delay = 7.30> <CoreInst = "m_axi">   --->   Core 113 'm_axi' <Latency = 0> <II = 1> <Delay = 1.00> <Adapter> <Opcode : 'read' 'write' 'readreq' 'writereq' 'writeresp'>

State 136 <SV = 135> <Delay = 7.30>
ST_136 : Operation 703 [24/68] (7.30ns)   --->   "%mem1_addr_3_resp = writeresp i1 @_ssdm_op_WriteResp.m_axi.i32P1A, i32 %mem1_addr_1" [conv.cpp:53]   --->   Operation 703 'writeresp' 'mem1_addr_3_resp' <Predicate = (!icmp_ln38 & and_ln52)> <Delay = 7.30> <CoreInst = "m_axi">   --->   Core 113 'm_axi' <Latency = 0> <II = 1> <Delay = 1.00> <Adapter> <Opcode : 'read' 'write' 'readreq' 'writereq' 'writeresp'>

State 137 <SV = 136> <Delay = 7.30>
ST_137 : Operation 704 [23/68] (7.30ns)   --->   "%mem1_addr_3_resp = writeresp i1 @_ssdm_op_WriteResp.m_axi.i32P1A, i32 %mem1_addr_1" [conv.cpp:53]   --->   Operation 704 'writeresp' 'mem1_addr_3_resp' <Predicate = (!icmp_ln38 & and_ln52)> <Delay = 7.30> <CoreInst = "m_axi">   --->   Core 113 'm_axi' <Latency = 0> <II = 1> <Delay = 1.00> <Adapter> <Opcode : 'read' 'write' 'readreq' 'writereq' 'writeresp'>

State 138 <SV = 137> <Delay = 7.30>
ST_138 : Operation 705 [22/68] (7.30ns)   --->   "%mem1_addr_3_resp = writeresp i1 @_ssdm_op_WriteResp.m_axi.i32P1A, i32 %mem1_addr_1" [conv.cpp:53]   --->   Operation 705 'writeresp' 'mem1_addr_3_resp' <Predicate = (!icmp_ln38 & and_ln52)> <Delay = 7.30> <CoreInst = "m_axi">   --->   Core 113 'm_axi' <Latency = 0> <II = 1> <Delay = 1.00> <Adapter> <Opcode : 'read' 'write' 'readreq' 'writereq' 'writeresp'>

State 139 <SV = 138> <Delay = 7.30>
ST_139 : Operation 706 [21/68] (7.30ns)   --->   "%mem1_addr_3_resp = writeresp i1 @_ssdm_op_WriteResp.m_axi.i32P1A, i32 %mem1_addr_1" [conv.cpp:53]   --->   Operation 706 'writeresp' 'mem1_addr_3_resp' <Predicate = (!icmp_ln38 & and_ln52)> <Delay = 7.30> <CoreInst = "m_axi">   --->   Core 113 'm_axi' <Latency = 0> <II = 1> <Delay = 1.00> <Adapter> <Opcode : 'read' 'write' 'readreq' 'writereq' 'writeresp'>

State 140 <SV = 139> <Delay = 7.30>
ST_140 : Operation 707 [20/68] (7.30ns)   --->   "%mem1_addr_3_resp = writeresp i1 @_ssdm_op_WriteResp.m_axi.i32P1A, i32 %mem1_addr_1" [conv.cpp:53]   --->   Operation 707 'writeresp' 'mem1_addr_3_resp' <Predicate = (!icmp_ln38 & and_ln52)> <Delay = 7.30> <CoreInst = "m_axi">   --->   Core 113 'm_axi' <Latency = 0> <II = 1> <Delay = 1.00> <Adapter> <Opcode : 'read' 'write' 'readreq' 'writereq' 'writeresp'>

State 141 <SV = 140> <Delay = 7.30>
ST_141 : Operation 708 [19/68] (7.30ns)   --->   "%mem1_addr_3_resp = writeresp i1 @_ssdm_op_WriteResp.m_axi.i32P1A, i32 %mem1_addr_1" [conv.cpp:53]   --->   Operation 708 'writeresp' 'mem1_addr_3_resp' <Predicate = (!icmp_ln38 & and_ln52)> <Delay = 7.30> <CoreInst = "m_axi">   --->   Core 113 'm_axi' <Latency = 0> <II = 1> <Delay = 1.00> <Adapter> <Opcode : 'read' 'write' 'readreq' 'writereq' 'writeresp'>

State 142 <SV = 141> <Delay = 7.30>
ST_142 : Operation 709 [18/68] (7.30ns)   --->   "%mem1_addr_3_resp = writeresp i1 @_ssdm_op_WriteResp.m_axi.i32P1A, i32 %mem1_addr_1" [conv.cpp:53]   --->   Operation 709 'writeresp' 'mem1_addr_3_resp' <Predicate = (!icmp_ln38 & and_ln52)> <Delay = 7.30> <CoreInst = "m_axi">   --->   Core 113 'm_axi' <Latency = 0> <II = 1> <Delay = 1.00> <Adapter> <Opcode : 'read' 'write' 'readreq' 'writereq' 'writeresp'>

State 143 <SV = 142> <Delay = 7.30>
ST_143 : Operation 710 [17/68] (7.30ns)   --->   "%mem1_addr_3_resp = writeresp i1 @_ssdm_op_WriteResp.m_axi.i32P1A, i32 %mem1_addr_1" [conv.cpp:53]   --->   Operation 710 'writeresp' 'mem1_addr_3_resp' <Predicate = (!icmp_ln38 & and_ln52)> <Delay = 7.30> <CoreInst = "m_axi">   --->   Core 113 'm_axi' <Latency = 0> <II = 1> <Delay = 1.00> <Adapter> <Opcode : 'read' 'write' 'readreq' 'writereq' 'writeresp'>

State 144 <SV = 143> <Delay = 7.30>
ST_144 : Operation 711 [16/68] (7.30ns)   --->   "%mem1_addr_3_resp = writeresp i1 @_ssdm_op_WriteResp.m_axi.i32P1A, i32 %mem1_addr_1" [conv.cpp:53]   --->   Operation 711 'writeresp' 'mem1_addr_3_resp' <Predicate = (!icmp_ln38 & and_ln52)> <Delay = 7.30> <CoreInst = "m_axi">   --->   Core 113 'm_axi' <Latency = 0> <II = 1> <Delay = 1.00> <Adapter> <Opcode : 'read' 'write' 'readreq' 'writereq' 'writeresp'>

State 145 <SV = 144> <Delay = 7.30>
ST_145 : Operation 712 [15/68] (7.30ns)   --->   "%mem1_addr_3_resp = writeresp i1 @_ssdm_op_WriteResp.m_axi.i32P1A, i32 %mem1_addr_1" [conv.cpp:53]   --->   Operation 712 'writeresp' 'mem1_addr_3_resp' <Predicate = (!icmp_ln38 & and_ln52)> <Delay = 7.30> <CoreInst = "m_axi">   --->   Core 113 'm_axi' <Latency = 0> <II = 1> <Delay = 1.00> <Adapter> <Opcode : 'read' 'write' 'readreq' 'writereq' 'writeresp'>

State 146 <SV = 145> <Delay = 7.30>
ST_146 : Operation 713 [14/68] (7.30ns)   --->   "%mem1_addr_3_resp = writeresp i1 @_ssdm_op_WriteResp.m_axi.i32P1A, i32 %mem1_addr_1" [conv.cpp:53]   --->   Operation 713 'writeresp' 'mem1_addr_3_resp' <Predicate = (!icmp_ln38 & and_ln52)> <Delay = 7.30> <CoreInst = "m_axi">   --->   Core 113 'm_axi' <Latency = 0> <II = 1> <Delay = 1.00> <Adapter> <Opcode : 'read' 'write' 'readreq' 'writereq' 'writeresp'>

State 147 <SV = 146> <Delay = 7.30>
ST_147 : Operation 714 [13/68] (7.30ns)   --->   "%mem1_addr_3_resp = writeresp i1 @_ssdm_op_WriteResp.m_axi.i32P1A, i32 %mem1_addr_1" [conv.cpp:53]   --->   Operation 714 'writeresp' 'mem1_addr_3_resp' <Predicate = (and_ln52)> <Delay = 7.30> <CoreInst = "m_axi">   --->   Core 113 'm_axi' <Latency = 0> <II = 1> <Delay = 1.00> <Adapter> <Opcode : 'read' 'write' 'readreq' 'writereq' 'writeresp'>

State 148 <SV = 147> <Delay = 7.30>
ST_148 : Operation 715 [12/68] (7.30ns)   --->   "%mem1_addr_3_resp = writeresp i1 @_ssdm_op_WriteResp.m_axi.i32P1A, i32 %mem1_addr_1" [conv.cpp:53]   --->   Operation 715 'writeresp' 'mem1_addr_3_resp' <Predicate = (and_ln52)> <Delay = 7.30> <CoreInst = "m_axi">   --->   Core 113 'm_axi' <Latency = 0> <II = 1> <Delay = 1.00> <Adapter> <Opcode : 'read' 'write' 'readreq' 'writereq' 'writeresp'>

State 149 <SV = 148> <Delay = 7.30>
ST_149 : Operation 716 [11/68] (7.30ns)   --->   "%mem1_addr_3_resp = writeresp i1 @_ssdm_op_WriteResp.m_axi.i32P1A, i32 %mem1_addr_1" [conv.cpp:53]   --->   Operation 716 'writeresp' 'mem1_addr_3_resp' <Predicate = (and_ln52)> <Delay = 7.30> <CoreInst = "m_axi">   --->   Core 113 'm_axi' <Latency = 0> <II = 1> <Delay = 1.00> <Adapter> <Opcode : 'read' 'write' 'readreq' 'writereq' 'writeresp'>

State 150 <SV = 149> <Delay = 7.30>
ST_150 : Operation 717 [10/68] (7.30ns)   --->   "%mem1_addr_3_resp = writeresp i1 @_ssdm_op_WriteResp.m_axi.i32P1A, i32 %mem1_addr_1" [conv.cpp:53]   --->   Operation 717 'writeresp' 'mem1_addr_3_resp' <Predicate = (and_ln52)> <Delay = 7.30> <CoreInst = "m_axi">   --->   Core 113 'm_axi' <Latency = 0> <II = 1> <Delay = 1.00> <Adapter> <Opcode : 'read' 'write' 'readreq' 'writereq' 'writeresp'>

State 151 <SV = 150> <Delay = 7.30>
ST_151 : Operation 718 [9/68] (7.30ns)   --->   "%mem1_addr_3_resp = writeresp i1 @_ssdm_op_WriteResp.m_axi.i32P1A, i32 %mem1_addr_1" [conv.cpp:53]   --->   Operation 718 'writeresp' 'mem1_addr_3_resp' <Predicate = (and_ln52)> <Delay = 7.30> <CoreInst = "m_axi">   --->   Core 113 'm_axi' <Latency = 0> <II = 1> <Delay = 1.00> <Adapter> <Opcode : 'read' 'write' 'readreq' 'writereq' 'writeresp'>

State 152 <SV = 151> <Delay = 7.30>
ST_152 : Operation 719 [8/68] (7.30ns)   --->   "%mem1_addr_3_resp = writeresp i1 @_ssdm_op_WriteResp.m_axi.i32P1A, i32 %mem1_addr_1" [conv.cpp:53]   --->   Operation 719 'writeresp' 'mem1_addr_3_resp' <Predicate = (and_ln52)> <Delay = 7.30> <CoreInst = "m_axi">   --->   Core 113 'm_axi' <Latency = 0> <II = 1> <Delay = 1.00> <Adapter> <Opcode : 'read' 'write' 'readreq' 'writereq' 'writeresp'>

State 153 <SV = 152> <Delay = 7.30>
ST_153 : Operation 720 [7/68] (7.30ns)   --->   "%mem1_addr_3_resp = writeresp i1 @_ssdm_op_WriteResp.m_axi.i32P1A, i32 %mem1_addr_1" [conv.cpp:53]   --->   Operation 720 'writeresp' 'mem1_addr_3_resp' <Predicate = (and_ln52)> <Delay = 7.30> <CoreInst = "m_axi">   --->   Core 113 'm_axi' <Latency = 0> <II = 1> <Delay = 1.00> <Adapter> <Opcode : 'read' 'write' 'readreq' 'writereq' 'writeresp'>

State 154 <SV = 153> <Delay = 7.30>
ST_154 : Operation 721 [6/68] (7.30ns)   --->   "%mem1_addr_3_resp = writeresp i1 @_ssdm_op_WriteResp.m_axi.i32P1A, i32 %mem1_addr_1" [conv.cpp:53]   --->   Operation 721 'writeresp' 'mem1_addr_3_resp' <Predicate = (and_ln52)> <Delay = 7.30> <CoreInst = "m_axi">   --->   Core 113 'm_axi' <Latency = 0> <II = 1> <Delay = 1.00> <Adapter> <Opcode : 'read' 'write' 'readreq' 'writereq' 'writeresp'>

State 155 <SV = 154> <Delay = 7.30>
ST_155 : Operation 722 [5/68] (7.30ns)   --->   "%mem1_addr_3_resp = writeresp i1 @_ssdm_op_WriteResp.m_axi.i32P1A, i32 %mem1_addr_1" [conv.cpp:53]   --->   Operation 722 'writeresp' 'mem1_addr_3_resp' <Predicate = (and_ln52)> <Delay = 7.30> <CoreInst = "m_axi">   --->   Core 113 'm_axi' <Latency = 0> <II = 1> <Delay = 1.00> <Adapter> <Opcode : 'read' 'write' 'readreq' 'writereq' 'writeresp'>

State 156 <SV = 155> <Delay = 7.30>
ST_156 : Operation 723 [4/68] (7.30ns)   --->   "%mem1_addr_3_resp = writeresp i1 @_ssdm_op_WriteResp.m_axi.i32P1A, i32 %mem1_addr_1" [conv.cpp:53]   --->   Operation 723 'writeresp' 'mem1_addr_3_resp' <Predicate = (and_ln52)> <Delay = 7.30> <CoreInst = "m_axi">   --->   Core 113 'm_axi' <Latency = 0> <II = 1> <Delay = 1.00> <Adapter> <Opcode : 'read' 'write' 'readreq' 'writereq' 'writeresp'>

State 157 <SV = 156> <Delay = 7.30>
ST_157 : Operation 724 [3/68] (7.30ns)   --->   "%mem1_addr_3_resp = writeresp i1 @_ssdm_op_WriteResp.m_axi.i32P1A, i32 %mem1_addr_1" [conv.cpp:53]   --->   Operation 724 'writeresp' 'mem1_addr_3_resp' <Predicate = (and_ln52)> <Delay = 7.30> <CoreInst = "m_axi">   --->   Core 113 'm_axi' <Latency = 0> <II = 1> <Delay = 1.00> <Adapter> <Opcode : 'read' 'write' 'readreq' 'writereq' 'writeresp'>

State 158 <SV = 157> <Delay = 7.30>
ST_158 : Operation 725 [2/68] (7.30ns)   --->   "%mem1_addr_3_resp = writeresp i1 @_ssdm_op_WriteResp.m_axi.i32P1A, i32 %mem1_addr_1" [conv.cpp:53]   --->   Operation 725 'writeresp' 'mem1_addr_3_resp' <Predicate = (and_ln52)> <Delay = 7.30> <CoreInst = "m_axi">   --->   Core 113 'm_axi' <Latency = 0> <II = 1> <Delay = 1.00> <Adapter> <Opcode : 'read' 'write' 'readreq' 'writereq' 'writeresp'>

State 159 <SV = 158> <Delay = 7.30>
ST_159 : Operation 726 [1/68] (7.30ns)   --->   "%mem1_addr_3_resp = writeresp i1 @_ssdm_op_WriteResp.m_axi.i32P1A, i32 %mem1_addr_1" [conv.cpp:53]   --->   Operation 726 'writeresp' 'mem1_addr_3_resp' <Predicate = (and_ln52)> <Delay = 7.30> <CoreInst = "m_axi">   --->   Core 113 'm_axi' <Latency = 0> <II = 1> <Delay = 1.00> <Adapter> <Opcode : 'read' 'write' 'readreq' 'writereq' 'writeresp'>
ST_159 : Operation 727 [1/1] (0.00ns)   --->   "%br_ln54 = br void %for.inc69" [conv.cpp:54]   --->   Operation 727 'br' 'br_ln54' <Predicate = (and_ln52)> <Delay = 0.00>


============================================================
+ Verbose Summary: Binding
============================================================
STG Binding: 
---------------- STG Properties BEGIN ----------------
- Is combinational: 0
- Is one-state seq: 0
- Is datapath-only: 0
- Is pipelined: 0
- Is top level: 0
Port [ Return ] is wired: 1; IO mode=ap_ctrl_hs:ce=0
Port [ mem2]:  wired=1; compound=1; hidden=0; nouse=0; global=0; static=0; extern=0; dir=0; type=4; pingpong=0; private_global=0; IO mode=m_axi:ce=0
Port [ mem1]:  wired=1; compound=1; hidden=0; nouse=0; global=0; static=0; extern=0; dir=2; type=4; pingpong=0; private_global=0; IO mode=m_axi:ce=0
Port [ output_fm]:  wired=1; compound=0; hidden=0; nouse=0; global=0; static=0; extern=0; dir=0; type=0; pingpong=0; private_global=0; IO mode=ap_none:ce=0
Port [ input_fm]:  wired=1; compound=0; hidden=0; nouse=0; global=0; static=0; extern=0; dir=0; type=0; pingpong=0; private_global=0; IO mode=ap_none:ce=0
Port [ weights]:  wired=1; compound=0; hidden=0; nouse=0; global=0; static=0; extern=0; dir=0; type=0; pingpong=0; private_global=0; IO mode=ap_none:ce=0
---------------- STG Properties END ------------------

---------------- Datapath Model BEGIN ----------------

<LifeTime>
<method=bitvector/>
k                      (alloca           ) [ 0111111111111111111111111111111111111111111111111111111111111111111111111111111111111110000000000000000000000000000000000000000000000000000000000000000000000000]
j                      (alloca           ) [ 0111111111111111111111111111111111111111111111111111111111111111111111111111111111111110000000000000000000000000000000000000000000000000000000000000000000000000]
indvar_flatten13       (alloca           ) [ 0111111111111111111111111111111111111111111111111111111111111111111111111111111111111110000000000000000000000000000000000000000000000000000000000000000000000000]
a                      (alloca           ) [ 0111110000000000000000000000000000000000000000000000000000000000000000000000000000000000000000000000000000000000000000000000000000000000000000000000000000000000]
indvar_flatten48       (alloca           ) [ 0111111111111111111111111111111111111111111111111111111111111111111111111111111111111111111110000000000000000000000000000000000000000000000000000000000000000000]
i                      (alloca           ) [ 0111110000000000000000000000000000000000000000000000000000000000000000000000000000000000000000000000000000000000000000000000000000000000000000000000000000000000]
indvar_flatten112      (alloca           ) [ 0111111111111111111111111111111111111111111111111111111111111111111111111111111111111111111110000000000000000000000000000000000000000000000000000000000000000000]
m                      (alloca           ) [ 0111111111111111111111111111111111111111111111111111111111111111111111111111111111111111111110000000000000000000000000000000000000000000000000000000000000000000]
indvar_flatten188      (alloca           ) [ 0111111111111111111111111111111111111111111111111111111111111111111111111111111111111111111110000000000000000000000000000000000000000000000000000000000000000000]
f                      (alloca           ) [ 0111000000000000000000000000000000000000000000000000000000000000000000000000000000000000000000000000000000000000000000000000000000000000000000000000000000000000]
indvar_flatten287      (alloca           ) [ 0111000000000000000000000000000000000000000000000000000000000000000000000000000000000000000000000000000000000000000000000000000000000000000000000000000000000000]
specinterface_ln0      (specinterface    ) [ 0000000000000000000000000000000000000000000000000000000000000000000000000000000000000000000000000000000000000000000000000000000000000000000000000000000000000000]
specinterface_ln0      (specinterface    ) [ 0000000000000000000000000000000000000000000000000000000000000000000000000000000000000000000000000000000000000000000000000000000000000000000000000000000000000000]
weights_read           (read             ) [ 0011111000000000000000000000000000000000000000000000000000000000000000000000000000000000000000000000000000000000000000000000000000000000000000000000000000000000]
input_fm_read          (read             ) [ 0011100000000000000000000000000000000000000000000000000000000000000000000000000000000000000000000000000000000000000000000000000000000000000000000000000000000000]
output_fm_read         (read             ) [ 0011111111111000000000000000000000000000000000000000000000000000000000000000000000000000000000000000000000000000000000000000000000000000000000000000000000000000]
store_ln0              (store            ) [ 0000000000000000000000000000000000000000000000000000000000000000000000000000000000000000000000000000000000000000000000000000000000000000000000000000000000000000]
store_ln0              (store            ) [ 0000000000000000000000000000000000000000000000000000000000000000000000000000000000000000000000000000000000000000000000000000000000000000000000000000000000000000]
store_ln0              (store            ) [ 0000000000000000000000000000000000000000000000000000000000000000000000000000000000000000000000000000000000000000000000000000000000000000000000000000000000000000]
store_ln0              (store            ) [ 0000000000000000000000000000000000000000000000000000000000000000000000000000000000000000000000000000000000000000000000000000000000000000000000000000000000000000]
store_ln0              (store            ) [ 0000000000000000000000000000000000000000000000000000000000000000000000000000000000000000000000000000000000000000000000000000000000000000000000000000000000000000]
store_ln0              (store            ) [ 0000000000000000000000000000000000000000000000000000000000000000000000000000000000000000000000000000000000000000000000000000000000000000000000000000000000000000]
store_ln0              (store            ) [ 0000000000000000000000000000000000000000000000000000000000000000000000000000000000000000000000000000000000000000000000000000000000000000000000000000000000000000]
store_ln0              (store            ) [ 0000000000000000000000000000000000000000000000000000000000000000000000000000000000000000000000000000000000000000000000000000000000000000000000000000000000000000]
store_ln0              (store            ) [ 0000000000000000000000000000000000000000000000000000000000000000000000000000000000000000000000000000000000000000000000000000000000000000000000000000000000000000]
store_ln0              (store            ) [ 0000000000000000000000000000000000000000000000000000000000000000000000000000000000000000000000000000000000000000000000000000000000000000000000000000000000000000]
store_ln0              (store            ) [ 0000000000000000000000000000000000000000000000000000000000000000000000000000000000000000000000000000000000000000000000000000000000000000000000000000000000000000]
br_ln0                 (br               ) [ 0000000000000000000000000000000000000000000000000000000000000000000000000000000000000000000000000000000000000000000000000000000000000000000000000000000000000000]
j_1                    (load             ) [ 0001110000000000000000000000000000000000000000000000000000000000000000000000000000000000000000000000000000000000000000000000000000000000000000000000000000000000]
i_1                    (load             ) [ 0001100000000000000000000000000000000000000000000000000000000000000000000000000000000000000000000000000000000000000000000000000000000000000000000000000000000000]
indvar_flatten112_load (load             ) [ 0001111111111111111111111111111111111111111111111111111111111111111111111111111111111111111110000000000000000000000000000000000000000000000000000000000000000000]
m_1                    (load             ) [ 0001100000000000000000000000000000000000000000000000000000000000000000000000000000000000000000000000000000000000000000000000000000000000000000000000000000000000]
indvar_flatten188_load (load             ) [ 0001111111111111111111111111111111111111111111111111111111111111111111111111111111111111111110000000000000000000000000000000000000000000000000000000000000000000]
indvar_flatten287_load (load             ) [ 0000000000000000000000000000000000000000000000000000000000000000000000000000000000000000000000000000000000000000000000000000000000000000000000000000000000000000]
zext_ln39              (zext             ) [ 0000000000000000000000000000000000000000000000000000000000000000000000000000000000000000000000000000000000000000000000000000000000000000000000000000000000000000]
mul_ln53_1             (mul              ) [ 0001100000000000000000000000000000000000000000000000000000000000000000000000000000000000000000000000000000000000000000000000000000000000000000000000000000000000]
zext_ln40_1            (zext             ) [ 0000000000000000000000000000000000000000000000000000000000000000000000000000000000000000000000000000000000000000000000000000000000000000000000000000000000000000]
tmp3                   (add              ) [ 0000000000000000000000000000000000000000000000000000000000000000000000000000000000000000000000000000000000000000000000000000000000000000000000000000000000000000]
tmp3_cast              (sext             ) [ 0000000000000000000000000000000000000000000000000000000000000000000000000000000000000000000000000000000000000000000000000000000000000000000000000000000000000000]
empty_28               (add              ) [ 0000000000000000000000000000000000000000000000000000000000000000000000000000000000000000000000000000000000000000000000000000000000000000000000000000000000000000]
p_cast15               (sext             ) [ 0001110000000000000000000000000000000000000000000000000000000000000000000000000000000000000000000000000000000000000000000000000000000000000000000000000000000000]
tmp_1                  (bitselect        ) [ 0001100000000000000000000000000000000000000000000000000000000000000000000000000000000000000000000000000000000000000000000000000000000000000000000000000000000000]
icmp_ln38              (icmp             ) [ 0111111111111111111111111111111111111111111111111111111111111111111111111111111111111111111111111111111111111111111111111111111111111111111111111110000000000000]
add_ln38               (add              ) [ 0001000000000000000000000000000000000000000000000000000000000000000000000000000000000000000000000000000000000000000000000000000000000000000000000000000000000000]
br_ln38                (br               ) [ 0000000000000000000000000000000000000000000000000000000000000000000000000000000000000000000000000000000000000000000000000000000000000000000000000000000000000000]
icmp_ln39              (icmp             ) [ 0001111111111111111111111111111111111111111111111111111111111111111111111111111111111111111110000000000000000000000000000000000000000000000000000000000000000000]
select_ln38            (select           ) [ 0001111111111111111111111111111111111111111111111111111111111111111111111111111111111111111110000000000000000000000000000000000000000000000000000000000000000000]
xor_ln38               (xor              ) [ 0001100000000000000000000000000000000000000000000000000000000000000000000000000000000000000000000000000000000000000000000000000000000000000000000000000000000000]
icmp_ln40              (icmp             ) [ 0001000000000000000000000000000000000000000000000000000000000000000000000000000000000000000000000000000000000000000000000000000000000000000000000000000000000000]
and_ln38_4             (and              ) [ 0001111111111111111111111111111111111111111111111111111111111111111111111111111111111111111110000000000000000000000000000000000000000000000000000000000000000000]
indvar_flatten13_load  (load             ) [ 0000111111111111111111111111111111111111111111111111111111111111111111111111111111111110000000000000000000000000000000000000000000000000000000000000000000000000]
indvar_flatten48_load  (load             ) [ 0000111111111111111111111111111111111111111111111111111111111111111111111111111111111111111110000000000000000000000000000000000000000000000000000000000000000000]
f_1                    (load             ) [ 0000111100000000000000000000000000000000000000000000000000000000000000000000000000000000000000000000000000000000000000000000000000000000000000000000000000000000]
k_load                 (load             ) [ 0000100000000000000000000000000000000000000000000000000000000000000000000000000000000000000000000000000000000000000000000000000000000000000000000000000000000000]
add_ln38_2             (add              ) [ 0000111110000000000000000000000000000000000000000000000000000000000000000000000000000000000000000000000000000000000000000000000000000000000000000000000000000000]
select_ln38_2          (select           ) [ 0000000000000000000000000000000000000000000000000000000000000000000000000000000000000000000000000000000000000000000000000000000000000000000000000000000000000000]
zext_ln38_2            (zext             ) [ 0000111000000000000000000000000000000000000000000000000000000000000000000000000000000000000000000000000000000000000000000000000000000000000000000000000000000000]
icmp_ln47              (icmp             ) [ 0000000000000000000000000000000000000000000000000000000000000000000000000000000000000000000000000000000000000000000000000000000000000000000000000000000000000000]
icmp_ln46              (icmp             ) [ 0000000000000000000000000000000000000000000000000000000000000000000000000000000000000000000000000000000000000000000000000000000000000000000000000000000000000000]
and_ln38_2             (and              ) [ 0000000000000000000000000000000000000000000000000000000000000000000000000000000000000000000000000000000000000000000000000000000000000000000000000000000000000000]
icmp_ln42              (icmp             ) [ 0000000000000000000000000000000000000000000000000000000000000000000000000000000000000000000000000000000000000000000000000000000000000000000000000000000000000000]
and_ln38_3             (and              ) [ 0000000000000000000000000000000000000000000000000000000000000000000000000000000000000000000000000000000000000000000000000000000000000000000000000000000000000000]
add_ln39               (add              ) [ 0000111111111111111111111111111111111111111111111111111111111111111111111111111111111111111110000000000000000000000000000000000000000000000000000000000000000000]
or_ln39                (or               ) [ 0000111111111111111111111111111111111111111111111111111111111111111111111111111111111111111110000000000000000000000000000000000000000000000000000000000000000000]
zext_ln39_2            (zext             ) [ 0000000000000000000000000000000000000000000000000000000000000000000000000000000000000000000000000000000000000000000000000000000000000000000000000000000000000000]
mul_ln53_5             (mul              ) [ 0000100000000000000000000000000000000000000000000000000000000000000000000000000000000000000000000000000000000000000000000000000000000000000000000000000000000000]
xor_ln39               (xor              ) [ 0000000000000000000000000000000000000000000000000000000000000000000000000000000000000000000000000000000000000000000000000000000000000000000000000000000000000000]
or_ln39_1              (or               ) [ 0000100000000000000000000000000000000000000000000000000000000000000000000000000000000000000000000000000000000000000000000000000000000000000000000000000000000000]
and_ln39_2             (and              ) [ 0000000000000000000000000000000000000000000000000000000000000000000000000000000000000000000000000000000000000000000000000000000000000000000000000000000000000000]
and_ln39_3             (and              ) [ 0000111111111100000000000000000000000000000000000000000000000000000000000000000000000000000000000000000000000000000000000000000000000000000000000000000000000000]
xor_ln40               (xor              ) [ 0000000000000000000000000000000000000000000000000000000000000000000000000000000000000000000000000000000000000000000000000000000000000000000000000000000000000000]
and_ln40_1             (and              ) [ 0000111111111100000000000000000000000000000000000000000000000000000000000000000000000000000000000000000000000000000000000000000000000000000000000000000000000000]
xor_ln37               (xor              ) [ 0000000000000000000000000000000000000000000000000000000000000000000000000000000000000000000000000000000000000000000000000000000000000000000000000000000000000000]
or_ln37_2              (or               ) [ 0000000000000000000000000000000000000000000000000000000000000000000000000000000000000000000000000000000000000000000000000000000000000000000000000000000000000000]
and_ln38_1             (and              ) [ 0000000000000000000000000000000000000000000000000000000000000000000000000000000000000000000000000000000000000000000000000000000000000000000000000000000000000000]
and_ln39_1             (and              ) [ 0000000000000000000000000000000000000000000000000000000000000000000000000000000000000000000000000000000000000000000000000000000000000000000000000000000000000000]
and_ln40               (and              ) [ 0000000000000000000000000000000000000000000000000000000000000000000000000000000000000000000000000000000000000000000000000000000000000000000000000000000000000000]
and_ln37               (and              ) [ 0000111111111111111111111111111111111111111111111111111111111111111111111111111111111110000000000000000000000000000000000000000000000000000000000000000000000000]
store_ln47             (store            ) [ 0000000000000000000000000000000000000000000000000000000000000000000000000000000000000000000000000000000000000000000000000000000000000000000000000000000000000000]
store_ln47             (store            ) [ 0000000000000000000000000000000000000000000000000000000000000000000000000000000000000000000000000000000000000000000000000000000000000000000000000000000000000000]
a_1                    (load             ) [ 0000011111110000000000000000000000000000000000000000000000000000000000000000000000000000000000000000000000000000000000000000000000000000000000000000000000000000]
zext_ln39_1            (zext             ) [ 0000000000000000000000000000000000000000000000000000000000000000000000000000000000000000000000000000000000000000000000000000000000000000000000000000000000000000]
mul_ln53               (mul              ) [ 0000011000000000000000000000000000000000000000000000000000000000000000000000000000000000000000000000000000000000000000000000000000000000000000000000000000000000]
zext_ln40              (zext             ) [ 0000000000000000000000000000000000000000000000000000000000000000000000000000000000000000000000000000000000000000000000000000000000000000000000000000000000000000]
add_ln53               (add              ) [ 0000000000000000000000000000000000000000000000000000000000000000000000000000000000000000000000000000000000000000000000000000000000000000000000000000000000000000]
add_ln41               (add              ) [ 0000000000000000000000000000000000000000000000000000000000000000000000000000000000000000000000000000000000000000000000000000000000000000000000000000000000000000]
tmp_3                  (partselect       ) [ 0000011110000000000000000000000000000000000000000000000000000000000000000000000000000000000000000000000000000000000000000000000000000000000000000000000000000000]
rev                    (xor              ) [ 0000000000000000000000000000000000000000000000000000000000000000000000000000000000000000000000000000000000000000000000000000000000000000000000000000000000000000]
select_ln38_4          (select           ) [ 0000000000000000000000000000000000000000000000000000000000000000000000000000000000000000000000000000000000000000000000000000000000000000000000000000000000000000]
and_ln38               (and              ) [ 0000000000000000000000000000000000000000000000000000000000000000000000000000000000000000000000000000000000000000000000000000000000000000000000000000000000000000]
select_ln39            (select           ) [ 0000010000000000000000000000000000000000000000000000000000000000000000000000000000000000000000000000000000000000000000000000000000000000000000000000000000000000]
zext_ln40_2            (zext             ) [ 0000000000000000000000000000000000000000000000000000000000000000000000000000000000000000000000000000000000000000000000000000000000000000000000000000000000000000]
add_ln53_4             (add              ) [ 0000000000000000000000000000000000000000000000000000000000000000000000000000000000000000000000000000000000000000000000000000000000000000000000000000000000000000]
select_ln39_2          (select           ) [ 0000011111100000000000000000000000000000000000000000000000000000000000000000000000000000000000000000000000000000000000000000000000000000000000000000000000000000]
and_ln39               (and              ) [ 0000000000000000000000000000000000000000000000000000000000000000000000000000000000000000000000000000000000000000000000000000000000000000000000000000000000000000]
add_ln40               (add              ) [ 0000010000000000000000000000000000000000000000000000000000000000000000000000000000000000000000000000000000000000000000000000000000000000000000000000000000000000]
or_ln40                (or               ) [ 0000000000000000000000000000000000000000000000000000000000000000000000000000000000000000000000000000000000000000000000000000000000000000000000000000000000000000]
or_ln40_1              (or               ) [ 0000011111111111111111111111111111111111111111111111111111111111111111111111111111111111111110000000000000000000000000000000000000000000000000000000000000000000]
select_ln40            (select           ) [ 0000011111111000000000000000000000000000000000000000000000000000000000000000000000000000000000000000000000000000000000000000000000000000000000000000000000000000]
zext_ln40_3            (zext             ) [ 0000000000000000000000000000000000000000000000000000000000000000000000000000000000000000000000000000000000000000000000000000000000000000000000000000000000000000]
p_mid                  (partselect       ) [ 0000011111000000000000000000000000000000000000000000000000000000000000000000000000000000000000000000000000000000000000000000000000000000000000000000000000000000]
p_mid194               (add              ) [ 0000000000000000000000000000000000000000000000000000000000000000000000000000000000000000000000000000000000000000000000000000000000000000000000000000000000000000]
sext_ln40              (sext             ) [ 0000011100000000000000000000000000000000000000000000000000000000000000000000000000000000000000000000000000000000000000000000000000000000000000000000000000000000]
tmp_2                  (bitselect        ) [ 0000000000000000000000000000000000000000000000000000000000000000000000000000000000000000000000000000000000000000000000000000000000000000000000000000000000000000]
rev25                  (xor              ) [ 0000000000000000000000000000000000000000000000000000000000000000000000000000000000000000000000000000000000000000000000000000000000000000000000000000000000000000]
select_ln40_3          (select           ) [ 0000010000000000000000000000000000000000000000000000000000000000000000000000000000000000000000000000000000000000000000000000000000000000000000000000000000000000]
add_ln42               (add              ) [ 0000010000000000000000000000000000000000000000000000000000000000000000000000000000000000000000000000000000000000000000000000000000000000000000000000000000000000]
or_ln37                (or               ) [ 0000000000000000000000000000000000000000000000000000000000000000000000000000000000000000000000000000000000000000000000000000000000000000000000000000000000000000]
or_ln37_1              (or               ) [ 0000011111111111111111111111111111111111111111111111111111111111111111111111111111111110000000000000000000000000000000000000000000000000000000000000000000000000]
or_ln53                (or               ) [ 0000000000000000000000000000000000000000000000000000000000000000000000000000000000000000000000000000000000000000000000000000000000000000000000000000000000000000]
or_ln53_1              (or               ) [ 0000000000000000000000000000000000000000000000000000000000000000000000000000000000000000000000000000000000000000000000000000000000000000000000000000000000000000]
or_ln53_2              (or               ) [ 0000000000000000000000000000000000000000000000000000000000000000000000000000000000000000000000000000000000000000000000000000000000000000000000000000000000000000]
select_ln53            (select           ) [ 0000011111111111111111111111111111111111111111111111111111111111111111111111111111111110000000000000000000000000000000000000000000000000000000000000000000000000]
zext_ln53_1            (zext             ) [ 0000000000000000000000000000000000000000000000000000000000000000000000000000000000000000000000000000000000000000000000000000000000000000000000000000000000000000]
mul_ln53_2             (mul              ) [ 0000001100000000000000000000000000000000000000000000000000000000000000000000000000000000000000000000000000000000000000000000000000000000000000000000000000000000]
mul_ln53_3             (mul              ) [ 0000001110000000000000000000000000000000000000000000000000000000000000000000000000000000000000000000000000000000000000000000000000000000000000000000000000000000]
select_ln40_1          (select           ) [ 0000000000000000000000000000000000000000000000000000000000000000000000000000000000000000000000000000000000000000000000000000000000000000000000000000000000000000]
select_ln40_2_cast     (zext             ) [ 0000000000000000000000000000000000000000000000000000000000000000000000000000000000000000000000000000000000000000000000000000000000000000000000000000000000000000]
select_ln37            (select           ) [ 0000001111111111111111111111111111111111111111111111111111111111111111111111111111111110000000000000000000000000000000000000000000000000000000000000000000000000]
select_ln37_2          (select           ) [ 0000000000000000000000000000000000000000000000000000000000000000000000000000000000000000000000000000000000000000000000000000000000000000000000000000000000000000]
select_ln37_2_cast     (zext             ) [ 0000000000000000000000000000000000000000000000000000000000000000000000000000000000000000000000000000000000000000000000000000000000000000000000000000000000000000]
p_mid134               (add              ) [ 0000000000000000000000000000000000000000000000000000000000000000000000000000000000000000000000000000000000000000000000000000000000000000000000000000000000000000]
sext_ln37_1            (sext             ) [ 0000001110000000000000000000000000000000000000000000000000000000000000000000000000000000000000000000000000000000000000000000000000000000000000000000000000000000]
tmp_10                 (bitselect        ) [ 0000000000000000000000000000000000000000000000000000000000000000000000000000000000000000000000000000000000000000000000000000000000000000000000000000000000000000]
rev28                  (xor              ) [ 0000000000000000000000000000000000000000000000000000000000000000000000000000000000000000000000000000000000000000000000000000000000000000000000000000000000000000]
select_ln37_3          (select           ) [ 0000000000000000000000000000000000000000000000000000000000000000000000000000000000000000000000000000000000000000000000000000000000000000000000000000000000000000]
tmp3_mid1              (add              ) [ 0000000000000000000000000000000000000000000000000000000000000000000000000000000000000000000000000000000000000000000000000000000000000000000000000000000000000000]
tmp3_cast_mid1         (sext             ) [ 0000000000000000000000000000000000000000000000000000000000000000000000000000000000000000000000000000000000000000000000000000000000000000000000000000000000000000]
p_mid1                 (add              ) [ 0000001000000000000000000000000000000000000000000000000000000000000000000000000000000000000000000000000000000000000000000000000000000000000000000000000000000000]
tmp_11                 (bitselect        ) [ 0000000000000000000000000000000000000000000000000000000000000000000000000000000000000000000000000000000000000000000000000000000000000000000000000000000000000000]
rev31                  (xor              ) [ 0000000000000000000000000000000000000000000000000000000000000000000000000000000000000000000000000000000000000000000000000000000000000000000000000000000000000000]
select_ln53_1          (select           ) [ 0000000000000000000000000000000000000000000000000000000000000000000000000000000000000000000000000000000000000000000000000000000000000000000000000000000000000000]
add_ln52_1             (add              ) [ 0000000000000000000000000000000000000000000000000000000000000000000000000000000000000000000000000000000000000000000000000000000000000000000000000000000000000000]
sext_ln52              (sext             ) [ 0000000000000000000000000000000000000000000000000000000000000000000000000000000000000000000000000000000000000000000000000000000000000000000000000000000000000000]
add_ln52               (add              ) [ 0000001111000000000000000000000000000000000000000000000000000000000000000000000000000000000000000000000000000000000000000000000000000000000000000000000000000000]
icmp_ln52              (icmp             ) [ 0000000000000000000000000000000000000000000000000000000000000000000000000000000000000000000000000000000000000000000000000000000000000000000000000000000000000000]
and_ln52               (and              ) [ 0111111111111111111111111111111111111111111111111111111111111111111111111111111111111111111111111111111111111111111111111111111111111111111111111111111111111111]
br_ln52                (br               ) [ 0000000000000000000000000000000000000000000000000000000000000000000000000000000000000000000000000000000000000000000000000000000000000000000000000000000000000000]
store_ln47             (store            ) [ 0000000000000000000000000000000000000000000000000000000000000000000000000000000000000000000000000000000000000000000000000000000000000000000000000000000000000000]
store_ln47             (store            ) [ 0000000000000000000000000000000000000000000000000000000000000000000000000000000000000000000000000000000000000000000000000000000000000000000000000000000000000000]
mul_ln38               (mul              ) [ 0000000000000000000000000000000000000000000000000000000000000000000000000000000000000000000000000000000000000000000000000000000000000000000000000000000000000000]
zext_ln38_3            (zext             ) [ 0000000000000000000000000000000000000000000000000000000000000000000000000000000000000000000000000000000000000000000000000000000000000000000000000000000000000000]
add_ln38_1             (add              ) [ 0000000110000000000000000000000000000000000000000000000000000000000000000000000000000000000000000000000000000000000000000000000000000000000000000000000000000000]
select_ln38_3          (select           ) [ 0000000000000000000000000000000000000000000000000000000000000000000000000000000000000000000000000000000000000000000000000000000000000000000000000000000000000000]
zext_ln39_3            (zext             ) [ 0000000000000000000000000000000000000000000000000000000000000000000000000000000000000000000000000000000000000000000000000000000000000000000000000000000000000000]
mul_ln53_4             (mul              ) [ 0000000000000000000000000000000000000000000000000000000000000000000000000000000000000000000000000000000000000000000000000000000000000000000000000000000000000000]
select_ln39_1          (select           ) [ 0000000110000000000000000000000000000000000000000000000000000000000000000000000000000000000000000000000000000000000000000000000000000000000000000000000000000000]
sext_ln53_2            (sext             ) [ 0000000111000000000000000000000000000000000000000000000000000000000000000000000000000000000000000000000000000000000000000000000000000000000000000000000000000000]
zext_ln38              (zext             ) [ 0000000011100000000000000000000000000000000000000000000000000000000000000000000000000000000000000000000000000000000000000000000000000000000000000000000000000000]
mul_ln40               (mul              ) [ 0000000010000000000000000000000000000000000000000000000000000000000000000000000000000000000000000000000000000000000000000000000000000000000000000000000000000000]
select_ln37_4          (select           ) [ 0000000000000000000000000000000000000000000000000000000000000000000000000000000000000000000000000000000000000000000000000000000000000000000000000000000000000000]
add_ln46               (add              ) [ 0000000011111111111111111111111111111111111111111111111111111111111111111111111111111110000000000000000000000000000000000000000000000000000000000000000000000000]
zext_ln53_6            (zext             ) [ 0000000000000000000000000000000000000000000000000000000000000000000000000000000000000000000000000000000000000000000000000000000000000000000000000000000000000000]
mul_ln53_6             (mul              ) [ 0000000000000000000000000000000000000000000000000000000000000000000000000000000000000000000000000000000000000000000000000000000000000000000000000000000000000000]
select_ln53_2          (select           ) [ 0000000010000000000000000000000000000000000000000000000000000000000000000000000000000000000000000000000000000000000000000000000000000000000000000000000000000000]
p_cast                 (zext             ) [ 0000000000000000000000000000000000000000000000000000000000000000000000000000000000000000000000000000000000000000000000000000000000000000000000000000000000000000]
empty_26               (mul              ) [ 0000000001111000000000000000000000000000000000000000000000000000000000000000000000000000000000000000000000000000000000000000000000000000000000000000000000000000]
zext_ln38_1            (zext             ) [ 0000000001110000000000000000000000000000000000000000000000000000000000000000000000000000000000000000000000000000000000000000000000000000000000000000000000000000]
select_ln39_4          (select           ) [ 0000000000000000000000000000000000000000000000000000000000000000000000000000000000000000000000000000000000000000000000000000000000000000000000000000000000000000]
select_ln40_4          (select           ) [ 0000000000000000000000000000000000000000000000000000000000000000000000000000000000000000000000000000000000000000000000000000000000000000000000000000000000000000]
mul_ln37               (mul              ) [ 0000000000000000000000000000000000000000000000000000000000000000000000000000000000000000000000000000000000000000000000000000000000000000000000000000000000000000]
select_ln37_5          (select           ) [ 0000000001000000000000000000000000000000000000000000000000000000000000000000000000000000000000000000000000000000000000000000000000000000000000000000000000000000]
shl_ln                 (bitconcatenate   ) [ 0000000000000000000000000000000000000000000000000000000000000000000000000000000000000000000000000000000000000000000000000000000000000000000000000000000000000000]
zext_ln53_2            (zext             ) [ 0000000000000000000000000000000000000000000000000000000000000000000000000000000000000000000000000000000000000000000000000000000000000000000000000000000000000000]
add_ln53_1             (add              ) [ 0000000000000000000000000000000000000000000000000000000000000000000000000000000000000000000000000000000000000000000000000000000000000000000000000000000000000000]
zext_ln53_3            (zext             ) [ 0000000000000000000000000000000000000000000000000000000000000000000000000000000000000000000000000000000000000000000000000000000000000000000000000000000000000000]
add_ln53_2             (add              ) [ 0000000000000000000000000000000000000000000000000000000000000000000000000000000000000000000000000000000000000000000000000000000000000000000000000000000000000000]
zext_ln53_4            (zext             ) [ 0000000000000000000000000000000000000000000000000000000000000000000000000000000000000000000000000000000000000000000000000000000000000000000000000000000000000000]
add_ln53_3             (add              ) [ 0000000000000000000000000000000000000000000000000000000000000000000000000000000000000000000000000000000000000000000000000000000000000000000000000000000000000000]
trunc_ln53_1           (partselect       ) [ 0000000000000000000000000000000000000000000000000000000000000000000000000000000000000000000000000000000000000000000000000000000000000000000000000000000000000000]
sext_ln53              (sext             ) [ 0000000000000000000000000000000000000000000000000000000000000000000000000000000000000000000000000000000000000000000000000000000000000000000000000000000000000000]
mem2_addr              (getelementptr    ) [ 0000000001111111111111111111111111111111111111111111111111111111111111111111111100000000000000000000000000000000000000000000000000000000000000000000000000000000]
p_cast_mid1            (zext             ) [ 0000000000000000000000000000000000000000000000000000000000000000000000000000000000000000000000000000000000000000000000000000000000000000000000000000000000000000]
p_mid164               (mul              ) [ 0000000000111100000000000000000000000000000000000000000000000000000000000000000000000000000000000000000000000000000000000000000000000000000000000000000000000000]
mul_ln53_7             (mul              ) [ 0000000000000000000000000000000000000000000000000000000000000000000000000000000000000000000000000000000000000000000000000000000000000000000000000000000000000000]
select_ln53_3          (select           ) [ 0000000000000000000000000000000000000000000000000000000000000000000000000000000000000000000000000000000000000000000000000000000000000000000000000000000000000000]
tmp_9                  (bitconcatenate   ) [ 0000000000000000000000000000000000000000000000000000000000000000000000000000000000000000000000000000000000000000000000000000000000000000000000000000000000000000]
zext_ln53_7            (zext             ) [ 0000000000000000000000000000000000000000000000000000000000000000000000000000000000000000000000000000000000000000000000000000000000000000000000000000000000000000]
add_ln53_5             (add              ) [ 0000000000100000000000000000000000000000000000000000000000000000000000000000000000000000000000000000000000000000000000000000000000000000000000000000000000000000]
empty                  (mul              ) [ 0000000000010000000000000000000000000000000000000000000000000000000000000000000000000000000000000000000000000000000000000000000000000000000000000000000000000000]
sext_ln53_3            (sext             ) [ 0000000000000000000000000000000000000000000000000000000000000000000000000000000000000000000000000000000000000000000000000000000000000000000000000000000000000000]
add_ln53_6             (add              ) [ 0000000000000000000000000000000000000000000000000000000000000000000000000000000000000000000000000000000000000000000000000000000000000000000000000000000000000000]
trunc_ln53_2           (partselect       ) [ 0000000000000000000000000000000000000000000000000000000000000000000000000000000000000000000000000000000000000000000000000000000000000000000000000000000000000000]
sext_ln53_1            (sext             ) [ 0000000000000000000000000000000000000000000000000000000000000000000000000000000000000000000000000000000000000000000000000000000000000000000000000000000000000000]
mem1_addr              (getelementptr    ) [ 0000000000011111111111111111111111111111111111111111111111111111111111111111111111000000000000000000000000000000000000000000000000000000000000000000000000000000]
zext_ln53              (zext             ) [ 0000000000000000000000000000000000000000000000000000000000000000000000000000000000000000000000000000000000000000000000000000000000000000000000000000000000000000]
tmp                    (add              ) [ 0000000000001000000000000000000000000000000000000000000000000000000000000000000000000000000000000000000000000000000000000000000000000000000000000000000000000000]
tmp2                   (add              ) [ 0000000000001000000000000000000000000000000000000000000000000000000000000000000000000000000000000000000000000000000000000000000000000000000000000000000000000000]
p_mid1205              (mul              ) [ 0000000000001000000000000000000000000000000000000000000000000000000000000000000000000000000000000000000000000000000000000000000000000000000000000000000000000000]
specbitsmap_ln0        (specbitsmap      ) [ 0000000000000000000000000000000000000000000000000000000000000000000000000000000000000000000000000000000000000000000000000000000000000000000000000000000000000000]
specbitsmap_ln0        (specbitsmap      ) [ 0000000000000000000000000000000000000000000000000000000000000000000000000000000000000000000000000000000000000000000000000000000000000000000000000000000000000000]
tmp2_cast              (zext             ) [ 0000000000000000000000000000000000000000000000000000000000000000000000000000000000000000000000000000000000000000000000000000000000000000000000000000000000000000]
tmp1                   (add              ) [ 0000000000000000000000000000000000000000000000000000000000000000000000000000000000000000000000000000000000000000000000000000000000000000000000000000000000000000]
tmp1_cast              (zext             ) [ 0000000000000000000000000000000000000000000000000000000000000000000000000000000000000000000000000000000000000000000000000000000000000000000000000000000000000000]
empty_27               (add              ) [ 0000000000000000000000000000000000000000000000000000000000000000000000000000000000000000000000000000000000000000000000000000000000000000000000000000000000000000]
specpipeline_ln0       (specpipeline     ) [ 0000000000000000000000000000000000000000000000000000000000000000000000000000000000000000000000000000000000000000000000000000000000000000000000000000000000000000]
zext_ln53_5            (zext             ) [ 0000000000000000000000000000000000000000000000000000000000000000000000000000000000000000000000000000000000000000000000000000000000000000000000000000000000000000]
tmp_mid1               (add              ) [ 0000000000000000000000000000000000000000000000000000000000000000000000000000000000000000000000000000000000000000000000000000000000000000000000000000000000000000]
select_ln38_1          (select           ) [ 0000000000000100000000000000000000000000000000000000000000000000000000000000000000000000000000000000000000000000000000000000000000000000000000000000000000000000]
select_ln39_3          (select           ) [ 0000000000000000000000000000000000000000000000000000000000000000000000000000000000000000000000000000000000000000000000000000000000000000000000000000000000000000]
select_ln40_2          (select           ) [ 0000000000000000000000000000000000000000000000000000000000000000000000000000000000000000000000000000000000000000000000000000000000000000000000000000000000000000]
tmp2_cast_mid1         (zext             ) [ 0000000000000000000000000000000000000000000000000000000000000000000000000000000000000000000000000000000000000000000000000000000000000000000000000000000000000000]
tmp1_mid1              (add              ) [ 0000000000000100000000000000000000000000000000000000000000000000000000000000000000000000000000000000000000000000000000000000000000000000000000000000000000000000]
tmp_6                  (partselect       ) [ 0000000000000000000000000000000000000000000000000000000000000000000000000000000000000000000000000000000000000000000000000000000000000000000000000000000000000000]
tmp_7                  (partselect       ) [ 0000000000000000000000000000000000000000000000000000000000000000000000000000000000000000000000000000000000000000000000000000000000000000000000000000000000000000]
tmp_8                  (partselect       ) [ 0000000000000000000000000000000000000000000000000000000000000000000000000000000000000000000000000000000000000000000000000000000000000000000000000000000000000000]
select_ln38_5          (select           ) [ 0000000000000000000000000000000000000000000000000000000000000000000000000000000000000000000000000000000000000000000000000000000000000000000000000000000000000000]
select_ln39_6          (select           ) [ 0000000000000100000000000000000000000000000000000000000000000000000000000000000000000000000000000000000000000000000000000000000000000000000000000000000000000000]
tmp1_cast_mid172       (zext             ) [ 0000000000000000000000000000000000000000000000000000000000000000000000000000000000000000000000000000000000000000000000000000000000000000000000000000000000000000]
p_mid174               (add              ) [ 0000000000000000000000000000000000000000000000000000000000000000000000000000000000000000000000000000000000000000000000000000000000000000000000000000000000000000]
tmp1_cast_mid1         (zext             ) [ 0000000000000000000000000000000000000000000000000000000000000000000000000000000000000000000000000000000000000000000000000000000000000000000000000000000000000000]
p_mid126               (add              ) [ 0000000000000000000000000000000000000000000000000000000000000000000000000000000000000000000000000000000000000000000000000000000000000000000000000000000000000000]
tmp_4                  (partselect       ) [ 0000000000000000000000000000000000000000000000000000000000000000000000000000000000000000000000000000000000000000000000000000000000000000000000000000000000000000]
tmp_5                  (partselect       ) [ 0000000000000000000000000000000000000000000000000000000000000000000000000000000000000000000000000000000000000000000000000000000000000000000000000000000000000000]
select_ln40_5          (select           ) [ 0000000000000000000000000000000000000000000000000000000000000000000000000000000000000000000000000000000000000000000000000000000000000000000000000000000000000000]
select_ln37_1          (select           ) [ 0000000000000000000000000000000000000000000000000000000000000000000000000000000000000000000000000000000000000000000000000000000000000000000000000000000000000000]
sext_ln37              (sext             ) [ 0000000000000000000000000000000000000000000000000000000000000000000000000000000000000000000000000000000000000000000000000000000000000000000000000000000000000000]
mem1_addr_1            (getelementptr    ) [ 0111111111111111111111111111111111111111111111111111111111111111111111111111111111111111111111111111111111111111111111111111111111111111111111111111111111111111]
mem2_load_req          (readreq          ) [ 0000000000000000000000000000000000000000000000000000000000000000000000000000000000000000000000000000000000000000000000000000000000000000000000000000000000000000]
mem2_addr_read         (read             ) [ 0000000000000000000000000000000000000000000000000000000000000000000000000000000011100000000000000000000000000000000000000000000000000000000000000000000000000000]
mem1_load_1_req        (readreq          ) [ 0000000000000000000000000000000000000000000000000000000000000000000000000000000000000000000000000000000000000000000000000000000000000000000000000000000000000000]
mem1_addr_read         (read             ) [ 0000000000000000000000000000000000000000000000000000000000000000000000000000000000100000000000000000000000000000000000000000000000000000000000000000000000000000]
bitcast_ln53           (bitcast          ) [ 0000000000000000000000000000000000000000000000000000000000000000000000000000000000011100000000000000000000000000000000000000000000000000000000000000000000000000]
bitcast_ln53_1         (bitcast          ) [ 0000000000000000000000000000000000000000000000000000000000000000000000000000000000011100000000000000000000000000000000000000000000000000000000000000000000000000]
mem1_load_2_req        (readreq          ) [ 0000000000000000000000000000000000000000000000000000000000000000000000000000000000000000000000000000000000000000000000000000000000000000000000000000000000000000]
mul                    (fmul             ) [ 0000000000000000000000000000000000000000000000000000000000000000000000000000000000000011111000000000000000000000000000000000000000000000000000000000000000000000]
mem1_addr_1_read       (read             ) [ 0000000000000000000000000000000000000000000000000000000000000000000000000000000000000010000000000000000000000000000000000000000000000000000000000000000000000000]
select_ln46            (select           ) [ 0000000000000000000000000000000000000000000000000000000000000000000000000000000000000000000000000000000000000000000000000000000000000000000000000000000000000000]
bitcast_ln53_2         (bitcast          ) [ 0000000000000000000000000000000000000000000000000000000000000000000000000000000000000001111000000000000000000000000000000000000000000000000000000000000000000000]
add_ln47               (add              ) [ 0000000000000000000000000000000000000000000000000000000000000000000000000000000000000000000000000000000000000000000000000000000000000000000000000000000000000000]
add_ln46_1             (add              ) [ 0000000000000000000000000000000000000000000000000000000000000000000000000000000000000000000000000000000000000000000000000000000000000000000000000000000000000000]
select_ln46_1          (select           ) [ 0000000000000000000000000000000000000000000000000000000000000000000000000000000000000000000000000000000000000000000000000000000000000000000000000000000000000000]
store_ln47             (store            ) [ 0000000000000000000000000000000000000000000000000000000000000000000000000000000000000000000000000000000000000000000000000000000000000000000000000000000000000000]
store_ln47             (store            ) [ 0000000000000000000000000000000000000000000000000000000000000000000000000000000000000000000000000000000000000000000000000000000000000000000000000000000000000000]
store_ln47             (store            ) [ 0000000000000000000000000000000000000000000000000000000000000000000000000000000000000000000000000000000000000000000000000000000000000000000000000000000000000000]
add                    (fadd             ) [ 0000000000000000000000000000000000000000000000000000000000000000000000000000000000000000000100000000000000000000000000000000000000000000000000000000000000000000]
mem1_addr_3_req        (writereq         ) [ 0000000000000000000000000000000000000000000000000000000000000000000000000000000000000000000000000000000000000000000000000000000000000000000000000000000000000000]
bitcast_ln53_3         (bitcast          ) [ 0000000000000000000000000000000000000000000000000000000000000000000000000000000000000000000000000000000000000000000000000000000000000000000000000000000000000000]
write_ln53             (write            ) [ 0000000000000000000000000000000000000000000000000000000000000000000000000000000000000000000000000000000000000000000000000000000000000000000000000000000000000000]
specloopname_ln0       (specloopname     ) [ 0000000000000000000000000000000000000000000000000000000000000000000000000000000000000000000000000000000000000000000000000000000000000000000000000000000000000000]
empty_29               (speclooptripcount) [ 0000000000000000000000000000000000000000000000000000000000000000000000000000000000000000000000000000000000000000000000000000000000000000000000000000000000000000]
specpipeline_ln0       (specpipeline     ) [ 0000000000000000000000000000000000000000000000000000000000000000000000000000000000000000000000000000000000000000000000000000000000000000000000000000000000000000]
specloopname_ln0       (specloopname     ) [ 0000000000000000000000000000000000000000000000000000000000000000000000000000000000000000000000000000000000000000000000000000000000000000000000000000000000000000]
specpipeline_ln0       (specpipeline     ) [ 0000000000000000000000000000000000000000000000000000000000000000000000000000000000000000000000000000000000000000000000000000000000000000000000000000000000000000]
select_ln39_5          (select           ) [ 0000000000000000000000000000000000000000000000000000000000000000000000000000000000000000000000000000000000000000000000000000000000000000000000000000000000000000]
specloopname_ln0       (specloopname     ) [ 0000000000000000000000000000000000000000000000000000000000000000000000000000000000000000000000000000000000000000000000000000000000000000000000000000000000000000]
specpipeline_ln0       (specpipeline     ) [ 0000000000000000000000000000000000000000000000000000000000000000000000000000000000000000000000000000000000000000000000000000000000000000000000000000000000000000]
specloopname_ln0       (specloopname     ) [ 0000000000000000000000000000000000000000000000000000000000000000000000000000000000000000000000000000000000000000000000000000000000000000000000000000000000000000]
specpipeline_ln0       (specpipeline     ) [ 0000000000000000000000000000000000000000000000000000000000000000000000000000000000000000000000000000000000000000000000000000000000000000000000000000000000000000]
specloopname_ln0       (specloopname     ) [ 0000000000000000000000000000000000000000000000000000000000000000000000000000000000000000000000000000000000000000000000000000000000000000000000000000000000000000]
specpipeline_ln0       (specpipeline     ) [ 0000000000000000000000000000000000000000000000000000000000000000000000000000000000000000000000000000000000000000000000000000000000000000000000000000000000000000]
specloopname_ln37      (specloopname     ) [ 0000000000000000000000000000000000000000000000000000000000000000000000000000000000000000000000000000000000000000000000000000000000000000000000000000000000000000]
add_ln42_1             (add              ) [ 0000000000000000000000000000000000000000000000000000000000000000000000000000000000000000000000000000000000000000000000000000000000000000000000000000000000000000]
select_ln42            (select           ) [ 0000000000000000000000000000000000000000000000000000000000000000000000000000000000000000000000000000000000000000000000000000000000000000000000000000000000000000]
add_ln40_1             (add              ) [ 0000000000000000000000000000000000000000000000000000000000000000000000000000000000000000000000000000000000000000000000000000000000000000000000000000000000000000]
select_ln40_6          (select           ) [ 0000000000000000000000000000000000000000000000000000000000000000000000000000000000000000000000000000000000000000000000000000000000000000000000000000000000000000]
add_ln39_1             (add              ) [ 0000000000000000000000000000000000000000000000000000000000000000000000000000000000000000000000000000000000000000000000000000000000000000000000000000000000000000]
select_ln39_7          (select           ) [ 0000000000000000000000000000000000000000000000000000000000000000000000000000000000000000000000000000000000000000000000000000000000000000000000000000000000000000]
store_ln47             (store            ) [ 0000000000000000000000000000000000000000000000000000000000000000000000000000000000000000000000000000000000000000000000000000000000000000000000000000000000000000]
store_ln47             (store            ) [ 0000000000000000000000000000000000000000000000000000000000000000000000000000000000000000000000000000000000000000000000000000000000000000000000000000000000000000]
store_ln47             (store            ) [ 0000000000000000000000000000000000000000000000000000000000000000000000000000000000000000000000000000000000000000000000000000000000000000000000000000000000000000]
store_ln47             (store            ) [ 0000000000000000000000000000000000000000000000000000000000000000000000000000000000000000000000000000000000000000000000000000000000000000000000000000000000000000]
br_ln47                (br               ) [ 0000000000000000000000000000000000000000000000000000000000000000000000000000000000000000000000000000000000000000000000000000000000000000000000000000000000000000]
mem1_addr_3_resp       (writeresp        ) [ 0000000000000000000000000000000000000000000000000000000000000000000000000000000000000000000000000000000000000000000000000000000000000000000000000000000000000000]
br_ln54                (br               ) [ 0000000000000000000000000000000000000000000000000000000000000000000000000000000000000000000000000000000000000000000000000000000000000000000000000000000000000000]
ret_ln0                (ret              ) [ 0000000000000000000000000000000000000000000000000000000000000000000000000000000000000000000000000000000000000000000000000000000000000000000000000000000000000000]
</LifeTime>

<model>

<comp_list>
<comp id="0" class="1000" name="mem2">
<pin_list>
<pin id="1" dir="1" index="0" bw="1" slack="0"/>
</pin_list>
<bind>
<StgValue><ssdm name="mem2"/></StgValue>
</bind>
</comp>

<comp id="2" class="1000" name="mem1">
<pin_list>
<pin id="3" dir="1" index="0" bw="1" slack="0"/>
</pin_list>
<bind>
<StgValue><ssdm name="mem1"/></StgValue>
</bind>
</comp>

<comp id="4" class="1000" name="output_fm">
<pin_list>
<pin id="5" dir="1" index="0" bw="1" slack="0"/>
</pin_list>
<bind>
<StgValue><ssdm name="output_fm"/></StgValue>
</bind>
</comp>

<comp id="6" class="1000" name="input_fm">
<pin_list>
<pin id="7" dir="1" index="0" bw="1" slack="0"/>
</pin_list>
<bind>
<StgValue><ssdm name="input_fm"/></StgValue>
</bind>
</comp>

<comp id="8" class="1000" name="weights">
<pin_list>
<pin id="9" dir="1" index="0" bw="1" slack="0"/>
</pin_list>
<bind>
<StgValue><ssdm name="weights"/></StgValue>
</bind>
</comp>

<comp id="10" class="1001" name="const_10">
<pin_list>
<pin id="11" dir="1" index="0" bw="1" slack="0"/>
</pin_list>
<bind>
<StgValue><ssdm name=""/></StgValue>
</bind>
</comp>

<comp id="12" class="1001" name="const_12">
<pin_list>
<pin id="13" dir="1" index="0" bw="1" slack="2147483647"/>
</pin_list>
<bind>
<StgValue><ssdm name="_ssdm_op_SpecInterface"/></StgValue>
</bind>
</comp>

<comp id="14" class="1001" name="const_14">
<pin_list>
<pin id="15" dir="1" index="0" bw="1" slack="2147483647"/>
</pin_list>
<bind>
<StgValue><ssdm name="empty_3"/></StgValue>
</bind>
</comp>

<comp id="16" class="1001" name="const_16">
<pin_list>
<pin id="17" dir="1" index="0" bw="1" slack="2147483647"/>
</pin_list>
<bind>
<StgValue><ssdm name=""/></StgValue>
</bind>
</comp>

<comp id="18" class="1001" name="const_18">
<pin_list>
<pin id="19" dir="1" index="0" bw="1" slack="2147483647"/>
</pin_list>
<bind>
<StgValue><ssdm name="empty"/></StgValue>
</bind>
</comp>

<comp id="20" class="1001" name="const_20">
<pin_list>
<pin id="21" dir="1" index="0" bw="1" slack="2147483647"/>
</pin_list>
<bind>
<StgValue><ssdm name=""/></StgValue>
</bind>
</comp>

<comp id="22" class="1001" name="const_22">
<pin_list>
<pin id="23" dir="1" index="0" bw="1" slack="2147483647"/>
</pin_list>
<bind>
<StgValue><ssdm name=""/></StgValue>
</bind>
</comp>

<comp id="24" class="1001" name="const_24">
<pin_list>
<pin id="25" dir="1" index="0" bw="1" slack="2147483647"/>
</pin_list>
<bind>
<StgValue><ssdm name="empty_12"/></StgValue>
</bind>
</comp>

<comp id="26" class="1001" name="const_26">
<pin_list>
<pin id="27" dir="1" index="0" bw="1" slack="2147483647"/>
</pin_list>
<bind>
<StgValue><ssdm name="empty_5"/></StgValue>
</bind>
</comp>

<comp id="28" class="1001" name="const_28">
<pin_list>
<pin id="29" dir="1" index="0" bw="1" slack="2147483647"/>
</pin_list>
<bind>
<StgValue><ssdm name=""/></StgValue>
</bind>
</comp>

<comp id="30" class="1001" name="const_30">
<pin_list>
<pin id="31" dir="1" index="0" bw="1" slack="2147483647"/>
</pin_list>
<bind>
<StgValue><ssdm name=""/></StgValue>
</bind>
</comp>

<comp id="32" class="1001" name="const_32">
<pin_list>
<pin id="33" dir="1" index="0" bw="1" slack="2147483647"/>
</pin_list>
<bind>
<StgValue><ssdm name=""/></StgValue>
</bind>
</comp>

<comp id="34" class="1001" name="const_34">
<pin_list>
<pin id="35" dir="1" index="0" bw="1" slack="2147483647"/>
</pin_list>
<bind>
<StgValue><ssdm name="empty_4"/></StgValue>
</bind>
</comp>

<comp id="36" class="1001" name="const_36">
<pin_list>
<pin id="37" dir="1" index="0" bw="1" slack="0"/>
</pin_list>
<bind>
<StgValue><ssdm name="_ssdm_op_Read.ap_auto.i64"/></StgValue>
</bind>
</comp>

<comp id="38" class="1001" name="const_38">
<pin_list>
<pin id="39" dir="1" index="0" bw="1" slack="0"/>
</pin_list>
<bind>
<StgValue><ssdm name=""/></StgValue>
</bind>
</comp>

<comp id="40" class="1001" name="const_40">
<pin_list>
<pin id="41" dir="1" index="0" bw="1" slack="0"/>
</pin_list>
<bind>
<StgValue><ssdm name=""/></StgValue>
</bind>
</comp>

<comp id="42" class="1001" name="const_42">
<pin_list>
<pin id="43" dir="1" index="0" bw="1" slack="0"/>
</pin_list>
<bind>
<StgValue><ssdm name=""/></StgValue>
</bind>
</comp>

<comp id="44" class="1001" name="const_44">
<pin_list>
<pin id="45" dir="1" index="0" bw="1" slack="0"/>
</pin_list>
<bind>
<StgValue><ssdm name=""/></StgValue>
</bind>
</comp>

<comp id="46" class="1001" name="const_46">
<pin_list>
<pin id="47" dir="1" index="0" bw="1" slack="0"/>
</pin_list>
<bind>
<StgValue><ssdm name=""/></StgValue>
</bind>
</comp>

<comp id="48" class="1001" name="const_48">
<pin_list>
<pin id="49" dir="1" index="0" bw="1" slack="0"/>
</pin_list>
<bind>
<StgValue><ssdm name=""/></StgValue>
</bind>
</comp>

<comp id="50" class="1001" name="const_50">
<pin_list>
<pin id="51" dir="1" index="0" bw="1" slack="0"/>
</pin_list>
<bind>
<StgValue><ssdm name=""/></StgValue>
</bind>
</comp>

<comp id="52" class="1001" name="const_52">
<pin_list>
<pin id="53" dir="1" index="0" bw="1" slack="0"/>
</pin_list>
<bind>
<StgValue><ssdm name=""/></StgValue>
</bind>
</comp>

<comp id="54" class="1001" name="const_54">
<pin_list>
<pin id="55" dir="1" index="0" bw="1" slack="0"/>
</pin_list>
<bind>
<StgValue><ssdm name=""/></StgValue>
</bind>
</comp>

<comp id="56" class="1001" name="const_56">
<pin_list>
<pin id="57" dir="1" index="0" bw="1" slack="0"/>
</pin_list>
<bind>
<StgValue><ssdm name=""/></StgValue>
</bind>
</comp>

<comp id="58" class="1001" name="const_58">
<pin_list>
<pin id="59" dir="1" index="0" bw="1" slack="0"/>
</pin_list>
<bind>
<StgValue><ssdm name=""/></StgValue>
</bind>
</comp>

<comp id="60" class="1001" name="const_60">
<pin_list>
<pin id="61" dir="1" index="0" bw="1" slack="0"/>
</pin_list>
<bind>
<StgValue><ssdm name="_ssdm_op_BitSelect.i1.i9.i32"/></StgValue>
</bind>
</comp>

<comp id="62" class="1001" name="const_62">
<pin_list>
<pin id="63" dir="1" index="0" bw="1" slack="0"/>
</pin_list>
<bind>
<StgValue><ssdm name=""/></StgValue>
</bind>
</comp>

<comp id="64" class="1001" name="const_64">
<pin_list>
<pin id="65" dir="1" index="0" bw="1" slack="0"/>
</pin_list>
<bind>
<StgValue><ssdm name=""/></StgValue>
</bind>
</comp>

<comp id="66" class="1001" name="const_66">
<pin_list>
<pin id="67" dir="1" index="0" bw="1" slack="0"/>
</pin_list>
<bind>
<StgValue><ssdm name=""/></StgValue>
</bind>
</comp>

<comp id="68" class="1001" name="const_68">
<pin_list>
<pin id="69" dir="1" index="0" bw="1" slack="0"/>
</pin_list>
<bind>
<StgValue><ssdm name=""/></StgValue>
</bind>
</comp>

<comp id="70" class="1001" name="const_70">
<pin_list>
<pin id="71" dir="1" index="0" bw="1" slack="0"/>
</pin_list>
<bind>
<StgValue><ssdm name=""/></StgValue>
</bind>
</comp>

<comp id="72" class="1001" name="const_72">
<pin_list>
<pin id="73" dir="1" index="0" bw="1" slack="0"/>
</pin_list>
<bind>
<StgValue><ssdm name=""/></StgValue>
</bind>
</comp>

<comp id="74" class="1001" name="const_74">
<pin_list>
<pin id="75" dir="1" index="0" bw="1" slack="0"/>
</pin_list>
<bind>
<StgValue><ssdm name=""/></StgValue>
</bind>
</comp>

<comp id="76" class="1001" name="const_76">
<pin_list>
<pin id="77" dir="1" index="0" bw="1" slack="0"/>
</pin_list>
<bind>
<StgValue><ssdm name=""/></StgValue>
</bind>
</comp>

<comp id="78" class="1001" name="const_78">
<pin_list>
<pin id="79" dir="1" index="0" bw="1" slack="0"/>
</pin_list>
<bind>
<StgValue><ssdm name=""/></StgValue>
</bind>
</comp>

<comp id="80" class="1001" name="const_80">
<pin_list>
<pin id="81" dir="1" index="0" bw="1" slack="0"/>
</pin_list>
<bind>
<StgValue><ssdm name=""/></StgValue>
</bind>
</comp>

<comp id="82" class="1001" name="const_82">
<pin_list>
<pin id="83" dir="1" index="0" bw="1" slack="0"/>
</pin_list>
<bind>
<StgValue><ssdm name=""/></StgValue>
</bind>
</comp>

<comp id="84" class="1001" name="const_84">
<pin_list>
<pin id="85" dir="1" index="0" bw="1" slack="0"/>
</pin_list>
<bind>
<StgValue><ssdm name=""/></StgValue>
</bind>
</comp>

<comp id="86" class="1001" name="const_86">
<pin_list>
<pin id="87" dir="1" index="0" bw="1" slack="0"/>
</pin_list>
<bind>
<StgValue><ssdm name=""/></StgValue>
</bind>
</comp>

<comp id="88" class="1001" name="const_88">
<pin_list>
<pin id="89" dir="1" index="0" bw="1" slack="0"/>
</pin_list>
<bind>
<StgValue><ssdm name=""/></StgValue>
</bind>
</comp>

<comp id="90" class="1001" name="const_90">
<pin_list>
<pin id="91" dir="1" index="0" bw="1" slack="0"/>
</pin_list>
<bind>
<StgValue><ssdm name="_ssdm_op_PartSelect.i6.i8.i32.i32"/></StgValue>
</bind>
</comp>

<comp id="92" class="1001" name="const_92">
<pin_list>
<pin id="93" dir="1" index="0" bw="1" slack="0"/>
</pin_list>
<bind>
<StgValue><ssdm name=""/></StgValue>
</bind>
</comp>

<comp id="94" class="1001" name="const_94">
<pin_list>
<pin id="95" dir="1" index="0" bw="1" slack="0"/>
</pin_list>
<bind>
<StgValue><ssdm name=""/></StgValue>
</bind>
</comp>

<comp id="96" class="1001" name="const_96">
<pin_list>
<pin id="97" dir="1" index="0" bw="1" slack="0"/>
</pin_list>
<bind>
<StgValue><ssdm name=""/></StgValue>
</bind>
</comp>

<comp id="98" class="1001" name="const_98">
<pin_list>
<pin id="99" dir="1" index="0" bw="1" slack="0"/>
</pin_list>
<bind>
<StgValue><ssdm name=""/></StgValue>
</bind>
</comp>

<comp id="100" class="1001" name="const_100">
<pin_list>
<pin id="101" dir="1" index="0" bw="1" slack="0"/>
</pin_list>
<bind>
<StgValue><ssdm name=""/></StgValue>
</bind>
</comp>

<comp id="102" class="1001" name="const_102">
<pin_list>
<pin id="103" dir="1" index="0" bw="1" slack="0"/>
</pin_list>
<bind>
<StgValue><ssdm name=""/></StgValue>
</bind>
</comp>

<comp id="104" class="1001" name="const_104">
<pin_list>
<pin id="105" dir="1" index="0" bw="1" slack="0"/>
</pin_list>
<bind>
<StgValue><ssdm name=""/></StgValue>
</bind>
</comp>

<comp id="106" class="1001" name="const_106">
<pin_list>
<pin id="107" dir="1" index="0" bw="1" slack="0"/>
</pin_list>
<bind>
<StgValue><ssdm name=""/></StgValue>
</bind>
</comp>

<comp id="108" class="1001" name="const_108">
<pin_list>
<pin id="109" dir="1" index="0" bw="1" slack="0"/>
</pin_list>
<bind>
<StgValue><ssdm name=""/></StgValue>
</bind>
</comp>

<comp id="110" class="1001" name="const_110">
<pin_list>
<pin id="111" dir="1" index="0" bw="1" slack="0"/>
</pin_list>
<bind>
<StgValue><ssdm name=""/></StgValue>
</bind>
</comp>

<comp id="112" class="1001" name="const_112">
<pin_list>
<pin id="113" dir="1" index="0" bw="1" slack="0"/>
</pin_list>
<bind>
<StgValue><ssdm name=""/></StgValue>
</bind>
</comp>

<comp id="114" class="1001" name="const_114">
<pin_list>
<pin id="115" dir="1" index="0" bw="1" slack="0"/>
</pin_list>
<bind>
<StgValue><ssdm name=""/></StgValue>
</bind>
</comp>

<comp id="116" class="1001" name="const_116">
<pin_list>
<pin id="117" dir="1" index="0" bw="1" slack="0"/>
</pin_list>
<bind>
<StgValue><ssdm name="_ssdm_op_BitConcatenate.i6.i4.i2"/></StgValue>
</bind>
</comp>

<comp id="118" class="1001" name="const_118">
<pin_list>
<pin id="119" dir="1" index="0" bw="1" slack="0"/>
</pin_list>
<bind>
<StgValue><ssdm name="_ssdm_op_PartSelect.i62.i64.i32.i32"/></StgValue>
</bind>
</comp>

<comp id="120" class="1001" name="const_120">
<pin_list>
<pin id="121" dir="1" index="0" bw="1" slack="0"/>
</pin_list>
<bind>
<StgValue><ssdm name=""/></StgValue>
</bind>
</comp>

<comp id="122" class="1001" name="const_122">
<pin_list>
<pin id="123" dir="1" index="0" bw="1" slack="0"/>
</pin_list>
<bind>
<StgValue><ssdm name="_ssdm_op_ReadReq.m_axi.i32P1A"/></StgValue>
</bind>
</comp>

<comp id="124" class="1001" name="const_124">
<pin_list>
<pin id="125" dir="1" index="0" bw="1" slack="0"/>
</pin_list>
<bind>
<StgValue><ssdm name="_ssdm_op_BitConcatenate.i11.i9.i2"/></StgValue>
</bind>
</comp>

<comp id="126" class="1001" name="const_126">
<pin_list>
<pin id="127" dir="1" index="0" bw="1" slack="2147483647"/>
</pin_list>
<bind>
<StgValue><ssdm name="_ssdm_op_SpecBitsMap"/></StgValue>
</bind>
</comp>

<comp id="128" class="1001" name="const_128">
<pin_list>
<pin id="129" dir="1" index="0" bw="1" slack="2147483647"/>
</pin_list>
<bind>
<StgValue><ssdm name="_ssdm_op_SpecPipeline"/></StgValue>
</bind>
</comp>

<comp id="130" class="1001" name="const_130">
<pin_list>
<pin id="131" dir="1" index="0" bw="1" slack="2147483647"/>
</pin_list>
<bind>
<StgValue><ssdm name="p_str"/></StgValue>
</bind>
</comp>

<comp id="132" class="1001" name="const_132">
<pin_list>
<pin id="133" dir="1" index="0" bw="1" slack="0"/>
</pin_list>
<bind>
<StgValue><ssdm name=""/></StgValue>
</bind>
</comp>

<comp id="134" class="1001" name="const_134">
<pin_list>
<pin id="135" dir="1" index="0" bw="1" slack="0"/>
</pin_list>
<bind>
<StgValue><ssdm name="_ssdm_op_Read.m_axi.i32P1A"/></StgValue>
</bind>
</comp>

<comp id="136" class="1001" name="const_136">
<pin_list>
<pin id="137" dir="1" index="0" bw="1" slack="0"/>
</pin_list>
<bind>
<StgValue><ssdm name=""/></StgValue>
</bind>
</comp>

<comp id="138" class="1001" name="const_138">
<pin_list>
<pin id="139" dir="1" index="0" bw="1" slack="0"/>
</pin_list>
<bind>
<StgValue><ssdm name="_ssdm_op_WriteReq.m_axi.i32P1A"/></StgValue>
</bind>
</comp>

<comp id="140" class="1001" name="const_140">
<pin_list>
<pin id="141" dir="1" index="0" bw="1" slack="0"/>
</pin_list>
<bind>
<StgValue><ssdm name="_ssdm_op_Write.m_axi.i32P1A"/></StgValue>
</bind>
</comp>

<comp id="142" class="1001" name="const_142">
<pin_list>
<pin id="143" dir="1" index="0" bw="1" slack="0"/>
</pin_list>
<bind>
<StgValue><ssdm name=""/></StgValue>
</bind>
</comp>

<comp id="144" class="1001" name="const_144">
<pin_list>
<pin id="145" dir="1" index="0" bw="1" slack="2147483647"/>
</pin_list>
<bind>
<StgValue><ssdm name="_ssdm_op_SpecLoopName"/></StgValue>
</bind>
</comp>

<comp id="146" class="1001" name="const_146">
<pin_list>
<pin id="147" dir="1" index="0" bw="1" slack="2147483647"/>
</pin_list>
<bind>
<StgValue><ssdm name="VITIS_LOOP_38_4_VITIS_LOOP_40_6_VITIS_LOOP_46_8_VITIS_LOOP_47_9_str"/></StgValue>
</bind>
</comp>

<comp id="148" class="1001" name="const_148">
<pin_list>
<pin id="149" dir="1" index="0" bw="1" slack="2147483647"/>
</pin_list>
<bind>
<StgValue><ssdm name="_ssdm_op_SpecLoopTripCount"/></StgValue>
</bind>
</comp>

<comp id="150" class="1001" name="const_150">
<pin_list>
<pin id="151" dir="1" index="0" bw="1" slack="2147483647"/>
</pin_list>
<bind>
<StgValue><ssdm name=""/></StgValue>
</bind>
</comp>

<comp id="152" class="1001" name="const_152">
<pin_list>
<pin id="153" dir="1" index="0" bw="1" slack="2147483647"/>
</pin_list>
<bind>
<StgValue><ssdm name="VITIS_LOOP_39_5_VITIS_LOOP_42_7_VITIS_LOOP_46_8_VITIS_LOOP_47_9_str"/></StgValue>
</bind>
</comp>

<comp id="154" class="1001" name="const_154">
<pin_list>
<pin id="155" dir="1" index="0" bw="1" slack="2147483647"/>
</pin_list>
<bind>
<StgValue><ssdm name="VITIS_LOOP_40_6_VITIS_LOOP_46_8_VITIS_LOOP_47_9_str"/></StgValue>
</bind>
</comp>

<comp id="156" class="1001" name="const_156">
<pin_list>
<pin id="157" dir="1" index="0" bw="1" slack="2147483647"/>
</pin_list>
<bind>
<StgValue><ssdm name="VITIS_LOOP_42_7_VITIS_LOOP_46_8_VITIS_LOOP_47_9_str"/></StgValue>
</bind>
</comp>

<comp id="158" class="1001" name="const_158">
<pin_list>
<pin id="159" dir="1" index="0" bw="1" slack="2147483647"/>
</pin_list>
<bind>
<StgValue><ssdm name="VITIS_LOOP_46_8_VITIS_LOOP_47_9_str"/></StgValue>
</bind>
</comp>

<comp id="160" class="1001" name="const_160">
<pin_list>
<pin id="161" dir="1" index="0" bw="1" slack="2147483647"/>
</pin_list>
<bind>
<StgValue><ssdm name="empty_11"/></StgValue>
</bind>
</comp>

<comp id="162" class="1001" name="const_162">
<pin_list>
<pin id="163" dir="1" index="0" bw="1" slack="0"/>
</pin_list>
<bind>
<StgValue><ssdm name="_ssdm_op_WriteResp.m_axi.i32P1A"/></StgValue>
</bind>
</comp>

<comp id="164" class="1001" name="const_164">
<pin_list>
<pin id="165" dir="1" index="0" bw="1" slack="0"/>
</pin_list>
<bind>
<StgValue><ssdm name=""/></StgValue>
</bind>
</comp>

<comp id="166" class="1001" name="const_166">
<pin_list>
<pin id="167" dir="1" index="0" bw="1" slack="0"/>
</pin_list>
<bind>
<StgValue><ssdm name=""/></StgValue>
</bind>
</comp>

<comp id="168" class="1001" name="const_168">
<pin_list>
<pin id="169" dir="1" index="0" bw="1" slack="0"/>
</pin_list>
<bind>
<StgValue><ssdm name=""/></StgValue>
</bind>
</comp>

<comp id="170" class="1004" name="k_fu_170">
<pin_list>
<pin id="171" dir="0" index="0" bw="1" slack="0"/>
<pin id="172" dir="1" index="1" bw="4" slack="0"/>
</pin_list>
<bind>
<opcode="alloca(26) " fcode="alloca"/>
<opset="k/1 "/>
</bind>
</comp>

<comp id="174" class="1004" name="j_fu_174">
<pin_list>
<pin id="175" dir="0" index="0" bw="1" slack="0"/>
<pin id="176" dir="1" index="1" bw="4" slack="0"/>
</pin_list>
<bind>
<opcode="alloca(26) " fcode="alloca"/>
<opset="j/1 "/>
</bind>
</comp>

<comp id="178" class="1004" name="indvar_flatten13_fu_178">
<pin_list>
<pin id="179" dir="0" index="0" bw="1" slack="0"/>
<pin id="180" dir="1" index="1" bw="8" slack="0"/>
</pin_list>
<bind>
<opcode="alloca(26) " fcode="alloca"/>
<opset="indvar_flatten13/1 "/>
</bind>
</comp>

<comp id="182" class="1004" name="a_fu_182">
<pin_list>
<pin id="183" dir="0" index="0" bw="1" slack="0"/>
<pin id="184" dir="1" index="1" bw="8" slack="0"/>
</pin_list>
<bind>
<opcode="alloca(26) " fcode="alloca"/>
<opset="a/1 "/>
</bind>
</comp>

<comp id="186" class="1004" name="indvar_flatten48_fu_186">
<pin_list>
<pin id="187" dir="0" index="0" bw="1" slack="0"/>
<pin id="188" dir="1" index="1" bw="13" slack="0"/>
</pin_list>
<bind>
<opcode="alloca(26) " fcode="alloca"/>
<opset="indvar_flatten48/1 "/>
</bind>
</comp>

<comp id="190" class="1004" name="i_fu_190">
<pin_list>
<pin id="191" dir="0" index="0" bw="1" slack="0"/>
<pin id="192" dir="1" index="1" bw="8" slack="0"/>
</pin_list>
<bind>
<opcode="alloca(26) " fcode="alloca"/>
<opset="i/1 "/>
</bind>
</comp>

<comp id="194" class="1004" name="indvar_flatten112_fu_194">
<pin_list>
<pin id="195" dir="0" index="0" bw="1" slack="0"/>
<pin id="196" dir="1" index="1" bw="19" slack="0"/>
</pin_list>
<bind>
<opcode="alloca(26) " fcode="alloca"/>
<opset="indvar_flatten112/1 "/>
</bind>
</comp>

<comp id="198" class="1004" name="m_fu_198">
<pin_list>
<pin id="199" dir="0" index="0" bw="1" slack="0"/>
<pin id="200" dir="1" index="1" bw="2" slack="0"/>
</pin_list>
<bind>
<opcode="alloca(26) " fcode="alloca"/>
<opset="m/1 "/>
</bind>
</comp>

<comp id="202" class="1004" name="indvar_flatten188_fu_202">
<pin_list>
<pin id="203" dir="0" index="0" bw="1" slack="0"/>
<pin id="204" dir="1" index="1" bw="21" slack="0"/>
</pin_list>
<bind>
<opcode="alloca(26) " fcode="alloca"/>
<opset="indvar_flatten188/1 "/>
</bind>
</comp>

<comp id="206" class="1004" name="f_fu_206">
<pin_list>
<pin id="207" dir="0" index="0" bw="1" slack="0"/>
<pin id="208" dir="1" index="1" bw="7" slack="0"/>
</pin_list>
<bind>
<opcode="alloca(26) " fcode="alloca"/>
<opset="f/1 "/>
</bind>
</comp>

<comp id="210" class="1004" name="indvar_flatten287_fu_210">
<pin_list>
<pin id="211" dir="0" index="0" bw="1" slack="0"/>
<pin id="212" dir="1" index="1" bw="27" slack="0"/>
</pin_list>
<bind>
<opcode="alloca(26) " fcode="alloca"/>
<opset="indvar_flatten287/1 "/>
</bind>
</comp>

<comp id="214" class="1004" name="weights_read_read_fu_214">
<pin_list>
<pin id="215" dir="0" index="0" bw="64" slack="0"/>
<pin id="216" dir="0" index="1" bw="64" slack="0"/>
<pin id="217" dir="1" index="2" bw="64" slack="5"/>
</pin_list>
<bind>
<opcode="read(1150) " fcode="read"/>
<opset="weights_read/1 "/>
</bind>
</comp>

<comp id="220" class="1004" name="input_fm_read_read_fu_220">
<pin_list>
<pin id="221" dir="0" index="0" bw="64" slack="0"/>
<pin id="222" dir="0" index="1" bw="64" slack="0"/>
<pin id="223" dir="1" index="2" bw="64" slack="3"/>
</pin_list>
<bind>
<opcode="read(1150) " fcode="read"/>
<opset="input_fm_read/1 "/>
</bind>
</comp>

<comp id="226" class="1004" name="output_fm_read_read_fu_226">
<pin_list>
<pin id="227" dir="0" index="0" bw="64" slack="0"/>
<pin id="228" dir="0" index="1" bw="64" slack="0"/>
<pin id="229" dir="1" index="2" bw="64" slack="10"/>
</pin_list>
<bind>
<opcode="read(1150) " fcode="read"/>
<opset="output_fm_read/1 "/>
</bind>
</comp>

<comp id="232" class="1004" name="grp_readreq_fu_232">
<pin_list>
<pin id="233" dir="0" index="0" bw="1" slack="0"/>
<pin id="234" dir="0" index="1" bw="32" slack="1"/>
<pin id="235" dir="0" index="2" bw="1" slack="0"/>
<pin id="236" dir="1" index="3" bw="1" slack="2147483647"/>
</pin_list>
<bind>
<opcode="readreq(1154) " fcode="readreq"/>
<opset="mem2_load_req/9 "/>
</bind>
</comp>

<comp id="239" class="1004" name="grp_readreq_fu_239">
<pin_list>
<pin id="240" dir="0" index="0" bw="1" slack="0"/>
<pin id="241" dir="0" index="1" bw="32" slack="1"/>
<pin id="242" dir="0" index="2" bw="1" slack="0"/>
<pin id="243" dir="1" index="3" bw="1" slack="2147483647"/>
</pin_list>
<bind>
<opcode="readreq(1154) " fcode="readreq"/>
<opset="mem1_load_1_req/11 "/>
</bind>
</comp>

<comp id="246" class="1004" name="grp_writeresp_fu_246">
<pin_list>
<pin id="247" dir="0" index="0" bw="1" slack="0"/>
<pin id="248" dir="0" index="1" bw="32" slack="2"/>
<pin id="249" dir="0" index="2" bw="1" slack="0"/>
<pin id="250" dir="1" index="3" bw="1" slack="2147483647"/>
</pin_list>
<bind>
<opcode="readreq(1154) writereq(1155) writeresp(1158) " fcode="writeresp"/>
<opset="mem1_load_2_req/15 mem1_addr_3_req/90 mem1_addr_3_resp/92 "/>
</bind>
</comp>

<comp id="253" class="1004" name="mem2_addr_read_read_fu_253">
<pin_list>
<pin id="254" dir="0" index="0" bw="32" slack="0"/>
<pin id="255" dir="0" index="1" bw="32" slack="71"/>
<pin id="256" dir="1" index="2" bw="32" slack="3"/>
</pin_list>
<bind>
<opcode="read(1150) " fcode="read"/>
<opset="mem2_addr_read/79 "/>
</bind>
</comp>

<comp id="258" class="1004" name="mem1_addr_read_read_fu_258">
<pin_list>
<pin id="259" dir="0" index="0" bw="32" slack="0"/>
<pin id="260" dir="0" index="1" bw="32" slack="71"/>
<pin id="261" dir="1" index="2" bw="32" slack="1"/>
</pin_list>
<bind>
<opcode="read(1150) " fcode="read"/>
<opset="mem1_addr_read/81 "/>
</bind>
</comp>

<comp id="263" class="1004" name="mem1_addr_1_read_read_fu_263">
<pin_list>
<pin id="264" dir="0" index="0" bw="32" slack="0"/>
<pin id="265" dir="0" index="1" bw="32" slack="72"/>
<pin id="266" dir="1" index="2" bw="32" slack="1"/>
</pin_list>
<bind>
<opcode="read(1150) " fcode="read"/>
<opset="mem1_addr_1_read/85 "/>
</bind>
</comp>

<comp id="269" class="1004" name="write_ln53_write_fu_269">
<pin_list>
<pin id="270" dir="0" index="0" bw="0" slack="0"/>
<pin id="271" dir="0" index="1" bw="32" slack="78"/>
<pin id="272" dir="0" index="2" bw="32" slack="0"/>
<pin id="273" dir="0" index="3" bw="1" slack="0"/>
<pin id="274" dir="1" index="4" bw="0" slack="2147483647"/>
</pin_list>
<bind>
<opcode="write(1151) " fcode="write"/>
<opset="write_ln53/91 "/>
</bind>
</comp>

<comp id="278" class="1004" name="grp_fu_278">
<pin_list>
<pin id="279" dir="0" index="0" bw="32" slack="0"/>
<pin id="280" dir="0" index="1" bw="32" slack="1"/>
<pin id="281" dir="1" index="2" bw="32" slack="1"/>
</pin_list>
<bind>
<opcode="fadd(9) " fcode="fadd"/>
<opset="add/86 "/>
</bind>
</comp>

<comp id="282" class="1004" name="grp_fu_282">
<pin_list>
<pin id="283" dir="0" index="0" bw="32" slack="0"/>
<pin id="284" dir="0" index="1" bw="32" slack="0"/>
<pin id="285" dir="1" index="2" bw="32" slack="1"/>
</pin_list>
<bind>
<opcode="fmul(13) " fcode="fmul"/>
<opset="mul/82 "/>
</bind>
</comp>

<comp id="286" class="1004" name="store_ln0_store_fu_286">
<pin_list>
<pin id="287" dir="0" index="0" bw="1" slack="0"/>
<pin id="288" dir="0" index="1" bw="27" slack="0"/>
<pin id="289" dir="1" index="2" bw="0" slack="2147483647"/>
</pin_list>
<bind>
<opcode="store(28) " fcode="store"/>
<opset="store_ln0/1 "/>
</bind>
</comp>

<comp id="291" class="1004" name="store_ln0_store_fu_291">
<pin_list>
<pin id="292" dir="0" index="0" bw="1" slack="0"/>
<pin id="293" dir="0" index="1" bw="7" slack="0"/>
<pin id="294" dir="1" index="2" bw="0" slack="2147483647"/>
</pin_list>
<bind>
<opcode="store(28) " fcode="store"/>
<opset="store_ln0/1 "/>
</bind>
</comp>

<comp id="296" class="1004" name="store_ln0_store_fu_296">
<pin_list>
<pin id="297" dir="0" index="0" bw="1" slack="0"/>
<pin id="298" dir="0" index="1" bw="21" slack="0"/>
<pin id="299" dir="1" index="2" bw="0" slack="2147483647"/>
</pin_list>
<bind>
<opcode="store(28) " fcode="store"/>
<opset="store_ln0/1 "/>
</bind>
</comp>

<comp id="301" class="1004" name="store_ln0_store_fu_301">
<pin_list>
<pin id="302" dir="0" index="0" bw="1" slack="0"/>
<pin id="303" dir="0" index="1" bw="2" slack="0"/>
<pin id="304" dir="1" index="2" bw="0" slack="2147483647"/>
</pin_list>
<bind>
<opcode="store(28) " fcode="store"/>
<opset="store_ln0/1 "/>
</bind>
</comp>

<comp id="306" class="1004" name="store_ln0_store_fu_306">
<pin_list>
<pin id="307" dir="0" index="0" bw="1" slack="0"/>
<pin id="308" dir="0" index="1" bw="19" slack="0"/>
<pin id="309" dir="1" index="2" bw="0" slack="2147483647"/>
</pin_list>
<bind>
<opcode="store(28) " fcode="store"/>
<opset="store_ln0/1 "/>
</bind>
</comp>

<comp id="311" class="1004" name="store_ln0_store_fu_311">
<pin_list>
<pin id="312" dir="0" index="0" bw="4" slack="0"/>
<pin id="313" dir="0" index="1" bw="8" slack="0"/>
<pin id="314" dir="1" index="2" bw="0" slack="2147483647"/>
</pin_list>
<bind>
<opcode="store(28) " fcode="store"/>
<opset="store_ln0/1 "/>
</bind>
</comp>

<comp id="316" class="1004" name="store_ln0_store_fu_316">
<pin_list>
<pin id="317" dir="0" index="0" bw="1" slack="0"/>
<pin id="318" dir="0" index="1" bw="13" slack="0"/>
<pin id="319" dir="1" index="2" bw="0" slack="2147483647"/>
</pin_list>
<bind>
<opcode="store(28) " fcode="store"/>
<opset="store_ln0/1 "/>
</bind>
</comp>

<comp id="321" class="1004" name="store_ln0_store_fu_321">
<pin_list>
<pin id="322" dir="0" index="0" bw="4" slack="0"/>
<pin id="323" dir="0" index="1" bw="8" slack="0"/>
<pin id="324" dir="1" index="2" bw="0" slack="2147483647"/>
</pin_list>
<bind>
<opcode="store(28) " fcode="store"/>
<opset="store_ln0/1 "/>
</bind>
</comp>

<comp id="326" class="1004" name="store_ln0_store_fu_326">
<pin_list>
<pin id="327" dir="0" index="0" bw="1" slack="0"/>
<pin id="328" dir="0" index="1" bw="8" slack="0"/>
<pin id="329" dir="1" index="2" bw="0" slack="2147483647"/>
</pin_list>
<bind>
<opcode="store(28) " fcode="store"/>
<opset="store_ln0/1 "/>
</bind>
</comp>

<comp id="331" class="1004" name="store_ln0_store_fu_331">
<pin_list>
<pin id="332" dir="0" index="0" bw="1" slack="0"/>
<pin id="333" dir="0" index="1" bw="4" slack="0"/>
<pin id="334" dir="1" index="2" bw="0" slack="2147483647"/>
</pin_list>
<bind>
<opcode="store(28) " fcode="store"/>
<opset="store_ln0/1 "/>
</bind>
</comp>

<comp id="336" class="1004" name="store_ln0_store_fu_336">
<pin_list>
<pin id="337" dir="0" index="0" bw="1" slack="0"/>
<pin id="338" dir="0" index="1" bw="4" slack="0"/>
<pin id="339" dir="1" index="2" bw="0" slack="2147483647"/>
</pin_list>
<bind>
<opcode="store(28) " fcode="store"/>
<opset="store_ln0/1 "/>
</bind>
</comp>

<comp id="341" class="1004" name="j_1_load_fu_341">
<pin_list>
<pin id="342" dir="0" index="0" bw="4" slack="1"/>
<pin id="343" dir="1" index="1" bw="4" slack="0"/>
</pin_list>
<bind>
<opcode="load(27) " fcode="load"/>
<opset="j_1/2 "/>
</bind>
</comp>

<comp id="344" class="1004" name="i_1_load_fu_344">
<pin_list>
<pin id="345" dir="0" index="0" bw="8" slack="1"/>
<pin id="346" dir="1" index="1" bw="8" slack="0"/>
</pin_list>
<bind>
<opcode="load(27) " fcode="load"/>
<opset="i_1/2 "/>
</bind>
</comp>

<comp id="347" class="1004" name="indvar_flatten112_load_load_fu_347">
<pin_list>
<pin id="348" dir="0" index="0" bw="19" slack="1"/>
<pin id="349" dir="1" index="1" bw="19" slack="0"/>
</pin_list>
<bind>
<opcode="load(27) " fcode="load"/>
<opset="indvar_flatten112_load/2 "/>
</bind>
</comp>

<comp id="350" class="1004" name="m_1_load_fu_350">
<pin_list>
<pin id="351" dir="0" index="0" bw="2" slack="1"/>
<pin id="352" dir="1" index="1" bw="2" slack="0"/>
</pin_list>
<bind>
<opcode="load(27) " fcode="load"/>
<opset="m_1/2 "/>
</bind>
</comp>

<comp id="353" class="1004" name="indvar_flatten188_load_load_fu_353">
<pin_list>
<pin id="354" dir="0" index="0" bw="21" slack="1"/>
<pin id="355" dir="1" index="1" bw="21" slack="0"/>
</pin_list>
<bind>
<opcode="load(27) " fcode="load"/>
<opset="indvar_flatten188_load/2 "/>
</bind>
</comp>

<comp id="356" class="1004" name="indvar_flatten287_load_load_fu_356">
<pin_list>
<pin id="357" dir="0" index="0" bw="27" slack="1"/>
<pin id="358" dir="1" index="1" bw="27" slack="0"/>
</pin_list>
<bind>
<opcode="load(27) " fcode="load"/>
<opset="indvar_flatten287_load/2 "/>
</bind>
</comp>

<comp id="359" class="1004" name="zext_ln39_fu_359">
<pin_list>
<pin id="360" dir="0" index="0" bw="2" slack="0"/>
<pin id="361" dir="1" index="1" bw="20" slack="0"/>
</pin_list>
<bind>
<opcode="zext(34) " fcode="zext"/>
<opset="zext_ln39/2 "/>
</bind>
</comp>

<comp id="363" class="1004" name="mul_ln53_1_fu_363">
<pin_list>
<pin id="364" dir="0" index="0" bw="2" slack="0"/>
<pin id="365" dir="0" index="1" bw="19" slack="0"/>
<pin id="366" dir="1" index="2" bw="20" slack="2"/>
</pin_list>
<bind>
<opcode="mul(12) " fcode="mul"/>
<opset="mul_ln53_1/2 "/>
</bind>
</comp>

<comp id="369" class="1004" name="zext_ln40_1_fu_369">
<pin_list>
<pin id="370" dir="0" index="0" bw="8" slack="0"/>
<pin id="371" dir="1" index="1" bw="9" slack="0"/>
</pin_list>
<bind>
<opcode="zext(34) " fcode="zext"/>
<opset="zext_ln40_1/2 "/>
</bind>
</comp>

<comp id="373" class="1004" name="tmp3_fu_373">
<pin_list>
<pin id="374" dir="0" index="0" bw="4" slack="0"/>
<pin id="375" dir="0" index="1" bw="4" slack="0"/>
<pin id="376" dir="1" index="2" bw="4" slack="0"/>
</pin_list>
<bind>
<opcode="add(8) " fcode="add"/>
<opset="tmp3/2 "/>
</bind>
</comp>

<comp id="379" class="1004" name="tmp3_cast_fu_379">
<pin_list>
<pin id="380" dir="0" index="0" bw="4" slack="0"/>
<pin id="381" dir="1" index="1" bw="9" slack="0"/>
</pin_list>
<bind>
<opcode="sext(35) " fcode="sext"/>
<opset="tmp3_cast/2 "/>
</bind>
</comp>

<comp id="383" class="1004" name="empty_28_fu_383">
<pin_list>
<pin id="384" dir="0" index="0" bw="4" slack="0"/>
<pin id="385" dir="0" index="1" bw="8" slack="0"/>
<pin id="386" dir="1" index="2" bw="9" slack="0"/>
</pin_list>
<bind>
<opcode="add(8) " fcode="add"/>
<opset="empty_28/2 "/>
</bind>
</comp>

<comp id="389" class="1004" name="p_cast15_fu_389">
<pin_list>
<pin id="390" dir="0" index="0" bw="9" slack="0"/>
<pin id="391" dir="1" index="1" bw="19" slack="0"/>
</pin_list>
<bind>
<opcode="sext(35) " fcode="sext"/>
<opset="p_cast15/2 "/>
</bind>
</comp>

<comp id="393" class="1004" name="tmp_1_fu_393">
<pin_list>
<pin id="394" dir="0" index="0" bw="1" slack="0"/>
<pin id="395" dir="0" index="1" bw="9" slack="0"/>
<pin id="396" dir="0" index="2" bw="5" slack="0"/>
<pin id="397" dir="1" index="3" bw="1" slack="2"/>
</pin_list>
<bind>
<opcode="bitselect(1000) " fcode="bitselect"/>
<opset="tmp_1/2 "/>
</bind>
</comp>

<comp id="401" class="1004" name="icmp_ln38_fu_401">
<pin_list>
<pin id="402" dir="0" index="0" bw="27" slack="0"/>
<pin id="403" dir="0" index="1" bw="27" slack="0"/>
<pin id="404" dir="1" index="2" bw="1" slack="1"/>
</pin_list>
<bind>
<opcode="icmp(45) " fcode="icmp"/>
<opset="icmp_ln38/2 "/>
</bind>
</comp>

<comp id="407" class="1004" name="add_ln38_fu_407">
<pin_list>
<pin id="408" dir="0" index="0" bw="27" slack="0"/>
<pin id="409" dir="0" index="1" bw="1" slack="0"/>
<pin id="410" dir="1" index="2" bw="27" slack="1"/>
</pin_list>
<bind>
<opcode="add(8) " fcode="add"/>
<opset="add_ln38/2 "/>
</bind>
</comp>

<comp id="413" class="1004" name="icmp_ln39_fu_413">
<pin_list>
<pin id="414" dir="0" index="0" bw="21" slack="0"/>
<pin id="415" dir="0" index="1" bw="21" slack="0"/>
<pin id="416" dir="1" index="2" bw="1" slack="0"/>
</pin_list>
<bind>
<opcode="icmp(45) " fcode="icmp"/>
<opset="icmp_ln39/2 "/>
</bind>
</comp>

<comp id="419" class="1004" name="select_ln38_fu_419">
<pin_list>
<pin id="420" dir="0" index="0" bw="1" slack="0"/>
<pin id="421" dir="0" index="1" bw="1" slack="0"/>
<pin id="422" dir="0" index="2" bw="2" slack="0"/>
<pin id="423" dir="1" index="3" bw="2" slack="1"/>
</pin_list>
<bind>
<opcode="select(49) " fcode="select"/>
<opset="select_ln38/2 "/>
</bind>
</comp>

<comp id="427" class="1004" name="xor_ln38_fu_427">
<pin_list>
<pin id="428" dir="0" index="0" bw="1" slack="0"/>
<pin id="429" dir="0" index="1" bw="1" slack="0"/>
<pin id="430" dir="1" index="2" bw="1" slack="0"/>
</pin_list>
<bind>
<opcode="xor(25) " fcode="xor"/>
<opset="xor_ln38/2 "/>
</bind>
</comp>

<comp id="433" class="1004" name="icmp_ln40_fu_433">
<pin_list>
<pin id="434" dir="0" index="0" bw="19" slack="0"/>
<pin id="435" dir="0" index="1" bw="19" slack="0"/>
<pin id="436" dir="1" index="2" bw="1" slack="0"/>
</pin_list>
<bind>
<opcode="icmp(45) " fcode="icmp"/>
<opset="icmp_ln40/2 "/>
</bind>
</comp>

<comp id="439" class="1004" name="and_ln38_4_fu_439">
<pin_list>
<pin id="440" dir="0" index="0" bw="1" slack="0"/>
<pin id="441" dir="0" index="1" bw="1" slack="0"/>
<pin id="442" dir="1" index="2" bw="1" slack="1"/>
</pin_list>
<bind>
<opcode="and(23) " fcode="and"/>
<opset="and_ln38_4/2 "/>
</bind>
</comp>

<comp id="445" class="1004" name="indvar_flatten13_load_load_fu_445">
<pin_list>
<pin id="446" dir="0" index="0" bw="8" slack="2"/>
<pin id="447" dir="1" index="1" bw="8" slack="0"/>
</pin_list>
<bind>
<opcode="load(27) " fcode="load"/>
<opset="indvar_flatten13_load/3 "/>
</bind>
</comp>

<comp id="448" class="1004" name="indvar_flatten48_load_load_fu_448">
<pin_list>
<pin id="449" dir="0" index="0" bw="13" slack="2"/>
<pin id="450" dir="1" index="1" bw="13" slack="0"/>
</pin_list>
<bind>
<opcode="load(27) " fcode="load"/>
<opset="indvar_flatten48_load/3 "/>
</bind>
</comp>

<comp id="451" class="1004" name="f_1_load_fu_451">
<pin_list>
<pin id="452" dir="0" index="0" bw="7" slack="2"/>
<pin id="453" dir="1" index="1" bw="7" slack="0"/>
</pin_list>
<bind>
<opcode="load(27) " fcode="load"/>
<opset="f_1/3 "/>
</bind>
</comp>

<comp id="454" class="1004" name="k_load_load_fu_454">
<pin_list>
<pin id="455" dir="0" index="0" bw="4" slack="2"/>
<pin id="456" dir="1" index="1" bw="4" slack="0"/>
</pin_list>
<bind>
<opcode="load(27) " fcode="load"/>
<opset="k_load/3 "/>
</bind>
</comp>

<comp id="457" class="1004" name="add_ln38_2_fu_457">
<pin_list>
<pin id="458" dir="0" index="0" bw="7" slack="0"/>
<pin id="459" dir="0" index="1" bw="1" slack="0"/>
<pin id="460" dir="1" index="2" bw="7" slack="0"/>
</pin_list>
<bind>
<opcode="add(8) " fcode="add"/>
<opset="add_ln38_2/3 "/>
</bind>
</comp>

<comp id="463" class="1004" name="select_ln38_2_fu_463">
<pin_list>
<pin id="464" dir="0" index="0" bw="1" slack="1"/>
<pin id="465" dir="0" index="1" bw="7" slack="0"/>
<pin id="466" dir="0" index="2" bw="7" slack="0"/>
<pin id="467" dir="1" index="3" bw="7" slack="0"/>
</pin_list>
<bind>
<opcode="select(49) " fcode="select"/>
<opset="select_ln38_2/3 "/>
</bind>
</comp>

<comp id="470" class="1004" name="zext_ln38_2_fu_470">
<pin_list>
<pin id="471" dir="0" index="0" bw="7" slack="0"/>
<pin id="472" dir="1" index="1" bw="18" slack="0"/>
</pin_list>
<bind>
<opcode="zext(34) " fcode="zext"/>
<opset="zext_ln38_2/3 "/>
</bind>
</comp>

<comp id="474" class="1004" name="icmp_ln47_fu_474">
<pin_list>
<pin id="475" dir="0" index="0" bw="4" slack="0"/>
<pin id="476" dir="0" index="1" bw="4" slack="0"/>
<pin id="477" dir="1" index="2" bw="1" slack="0"/>
</pin_list>
<bind>
<opcode="icmp(45) " fcode="icmp"/>
<opset="icmp_ln47/3 "/>
</bind>
</comp>

<comp id="480" class="1004" name="icmp_ln46_fu_480">
<pin_list>
<pin id="481" dir="0" index="0" bw="8" slack="0"/>
<pin id="482" dir="0" index="1" bw="8" slack="0"/>
<pin id="483" dir="1" index="2" bw="1" slack="0"/>
</pin_list>
<bind>
<opcode="icmp(45) " fcode="icmp"/>
<opset="icmp_ln46/3 "/>
</bind>
</comp>

<comp id="486" class="1004" name="and_ln38_2_fu_486">
<pin_list>
<pin id="487" dir="0" index="0" bw="1" slack="0"/>
<pin id="488" dir="0" index="1" bw="1" slack="1"/>
<pin id="489" dir="1" index="2" bw="1" slack="0"/>
</pin_list>
<bind>
<opcode="and(23) " fcode="and"/>
<opset="and_ln38_2/3 "/>
</bind>
</comp>

<comp id="491" class="1004" name="icmp_ln42_fu_491">
<pin_list>
<pin id="492" dir="0" index="0" bw="13" slack="0"/>
<pin id="493" dir="0" index="1" bw="12" slack="0"/>
<pin id="494" dir="1" index="2" bw="1" slack="0"/>
</pin_list>
<bind>
<opcode="icmp(45) " fcode="icmp"/>
<opset="icmp_ln42/3 "/>
</bind>
</comp>

<comp id="497" class="1004" name="and_ln38_3_fu_497">
<pin_list>
<pin id="498" dir="0" index="0" bw="1" slack="0"/>
<pin id="499" dir="0" index="1" bw="1" slack="1"/>
<pin id="500" dir="1" index="2" bw="1" slack="0"/>
</pin_list>
<bind>
<opcode="and(23) " fcode="and"/>
<opset="and_ln38_3/3 "/>
</bind>
</comp>

<comp id="502" class="1004" name="add_ln39_fu_502">
<pin_list>
<pin id="503" dir="0" index="0" bw="2" slack="1"/>
<pin id="504" dir="0" index="1" bw="1" slack="0"/>
<pin id="505" dir="1" index="2" bw="2" slack="0"/>
</pin_list>
<bind>
<opcode="add(8) " fcode="add"/>
<opset="add_ln39/3 "/>
</bind>
</comp>

<comp id="507" class="1004" name="or_ln39_fu_507">
<pin_list>
<pin id="508" dir="0" index="0" bw="1" slack="1"/>
<pin id="509" dir="0" index="1" bw="1" slack="1"/>
<pin id="510" dir="1" index="2" bw="1" slack="1"/>
</pin_list>
<bind>
<opcode="or(24) " fcode="or"/>
<opset="or_ln39/3 "/>
</bind>
</comp>

<comp id="511" class="1004" name="zext_ln39_2_fu_511">
<pin_list>
<pin id="512" dir="0" index="0" bw="2" slack="0"/>
<pin id="513" dir="1" index="1" bw="20" slack="0"/>
</pin_list>
<bind>
<opcode="zext(34) " fcode="zext"/>
<opset="zext_ln39_2/3 "/>
</bind>
</comp>

<comp id="515" class="1004" name="mul_ln53_5_fu_515">
<pin_list>
<pin id="516" dir="0" index="0" bw="2" slack="0"/>
<pin id="517" dir="0" index="1" bw="19" slack="0"/>
<pin id="518" dir="1" index="2" bw="20" slack="1"/>
</pin_list>
<bind>
<opcode="mul(12) " fcode="mul"/>
<opset="mul_ln53_5/3 "/>
</bind>
</comp>

<comp id="521" class="1004" name="xor_ln39_fu_521">
<pin_list>
<pin id="522" dir="0" index="0" bw="1" slack="1"/>
<pin id="523" dir="0" index="1" bw="1" slack="0"/>
<pin id="524" dir="1" index="2" bw="1" slack="0"/>
</pin_list>
<bind>
<opcode="xor(25) " fcode="xor"/>
<opset="xor_ln39/3 "/>
</bind>
</comp>

<comp id="526" class="1004" name="or_ln39_1_fu_526">
<pin_list>
<pin id="527" dir="0" index="0" bw="1" slack="1"/>
<pin id="528" dir="0" index="1" bw="1" slack="0"/>
<pin id="529" dir="1" index="2" bw="1" slack="0"/>
</pin_list>
<bind>
<opcode="or(24) " fcode="or"/>
<opset="or_ln39_1/3 "/>
</bind>
</comp>

<comp id="531" class="1004" name="and_ln39_2_fu_531">
<pin_list>
<pin id="532" dir="0" index="0" bw="1" slack="0"/>
<pin id="533" dir="0" index="1" bw="1" slack="0"/>
<pin id="534" dir="1" index="2" bw="1" slack="0"/>
</pin_list>
<bind>
<opcode="and(23) " fcode="and"/>
<opset="and_ln39_2/3 "/>
</bind>
</comp>

<comp id="537" class="1004" name="and_ln39_3_fu_537">
<pin_list>
<pin id="538" dir="0" index="0" bw="1" slack="0"/>
<pin id="539" dir="0" index="1" bw="1" slack="0"/>
<pin id="540" dir="1" index="2" bw="1" slack="0"/>
</pin_list>
<bind>
<opcode="and(23) " fcode="and"/>
<opset="and_ln39_3/3 "/>
</bind>
</comp>

<comp id="543" class="1004" name="xor_ln40_fu_543">
<pin_list>
<pin id="544" dir="0" index="0" bw="1" slack="0"/>
<pin id="545" dir="0" index="1" bw="1" slack="0"/>
<pin id="546" dir="1" index="2" bw="1" slack="0"/>
</pin_list>
<bind>
<opcode="xor(25) " fcode="xor"/>
<opset="xor_ln40/3 "/>
</bind>
</comp>

<comp id="549" class="1004" name="and_ln40_1_fu_549">
<pin_list>
<pin id="550" dir="0" index="0" bw="1" slack="0"/>
<pin id="551" dir="0" index="1" bw="1" slack="0"/>
<pin id="552" dir="1" index="2" bw="1" slack="1"/>
</pin_list>
<bind>
<opcode="and(23) " fcode="and"/>
<opset="and_ln40_1/3 "/>
</bind>
</comp>

<comp id="555" class="1004" name="xor_ln37_fu_555">
<pin_list>
<pin id="556" dir="0" index="0" bw="1" slack="0"/>
<pin id="557" dir="0" index="1" bw="1" slack="0"/>
<pin id="558" dir="1" index="2" bw="1" slack="0"/>
</pin_list>
<bind>
<opcode="xor(25) " fcode="xor"/>
<opset="xor_ln37/3 "/>
</bind>
</comp>

<comp id="561" class="1004" name="or_ln37_2_fu_561">
<pin_list>
<pin id="562" dir="0" index="0" bw="1" slack="0"/>
<pin id="563" dir="0" index="1" bw="1" slack="0"/>
<pin id="564" dir="1" index="2" bw="1" slack="0"/>
</pin_list>
<bind>
<opcode="or(24) " fcode="or"/>
<opset="or_ln37_2/3 "/>
</bind>
</comp>

<comp id="567" class="1004" name="and_ln38_1_fu_567">
<pin_list>
<pin id="568" dir="0" index="0" bw="1" slack="0"/>
<pin id="569" dir="0" index="1" bw="1" slack="1"/>
<pin id="570" dir="1" index="2" bw="1" slack="0"/>
</pin_list>
<bind>
<opcode="and(23) " fcode="and"/>
<opset="and_ln38_1/3 "/>
</bind>
</comp>

<comp id="572" class="1004" name="and_ln39_1_fu_572">
<pin_list>
<pin id="573" dir="0" index="0" bw="1" slack="0"/>
<pin id="574" dir="0" index="1" bw="1" slack="0"/>
<pin id="575" dir="1" index="2" bw="1" slack="0"/>
</pin_list>
<bind>
<opcode="and(23) " fcode="and"/>
<opset="and_ln39_1/3 "/>
</bind>
</comp>

<comp id="578" class="1004" name="and_ln40_fu_578">
<pin_list>
<pin id="579" dir="0" index="0" bw="1" slack="0"/>
<pin id="580" dir="0" index="1" bw="1" slack="0"/>
<pin id="581" dir="1" index="2" bw="1" slack="0"/>
</pin_list>
<bind>
<opcode="and(23) " fcode="and"/>
<opset="and_ln40/3 "/>
</bind>
</comp>

<comp id="584" class="1004" name="and_ln37_fu_584">
<pin_list>
<pin id="585" dir="0" index="0" bw="1" slack="0"/>
<pin id="586" dir="0" index="1" bw="1" slack="0"/>
<pin id="587" dir="1" index="2" bw="1" slack="1"/>
</pin_list>
<bind>
<opcode="and(23) " fcode="and"/>
<opset="and_ln37/3 "/>
</bind>
</comp>

<comp id="590" class="1004" name="store_ln47_store_fu_590">
<pin_list>
<pin id="591" dir="0" index="0" bw="27" slack="1"/>
<pin id="592" dir="0" index="1" bw="27" slack="2"/>
<pin id="593" dir="1" index="2" bw="0" slack="2147483647"/>
</pin_list>
<bind>
<opcode="store(28) " fcode="store"/>
<opset="store_ln47/3 "/>
</bind>
</comp>

<comp id="594" class="1004" name="store_ln47_store_fu_594">
<pin_list>
<pin id="595" dir="0" index="0" bw="7" slack="0"/>
<pin id="596" dir="0" index="1" bw="7" slack="2"/>
<pin id="597" dir="1" index="2" bw="0" slack="2147483647"/>
</pin_list>
<bind>
<opcode="store(28) " fcode="store"/>
<opset="store_ln47/3 "/>
</bind>
</comp>

<comp id="599" class="1004" name="a_1_load_fu_599">
<pin_list>
<pin id="600" dir="0" index="0" bw="8" slack="3"/>
<pin id="601" dir="1" index="1" bw="8" slack="0"/>
</pin_list>
<bind>
<opcode="load(27) " fcode="load"/>
<opset="a_1/4 "/>
</bind>
</comp>

<comp id="602" class="1004" name="zext_ln39_1_fu_602">
<pin_list>
<pin id="603" dir="0" index="0" bw="2" slack="2"/>
<pin id="604" dir="1" index="1" bw="11" slack="0"/>
</pin_list>
<bind>
<opcode="zext(34) " fcode="zext"/>
<opset="zext_ln39_1/4 "/>
</bind>
</comp>

<comp id="605" class="1004" name="mul_ln53_fu_605">
<pin_list>
<pin id="606" dir="0" index="0" bw="2" slack="0"/>
<pin id="607" dir="0" index="1" bw="10" slack="0"/>
<pin id="608" dir="1" index="2" bw="11" slack="2"/>
</pin_list>
<bind>
<opcode="mul(12) " fcode="mul"/>
<opset="mul_ln53/4 "/>
</bind>
</comp>

<comp id="611" class="1004" name="zext_ln40_fu_611">
<pin_list>
<pin id="612" dir="0" index="0" bw="20" slack="2"/>
<pin id="613" dir="1" index="1" bw="64" slack="0"/>
</pin_list>
<bind>
<opcode="zext(34) " fcode="zext"/>
<opset="zext_ln40/4 "/>
</bind>
</comp>

<comp id="614" class="1004" name="add_ln53_fu_614">
<pin_list>
<pin id="615" dir="0" index="0" bw="20" slack="0"/>
<pin id="616" dir="0" index="1" bw="64" slack="3"/>
<pin id="617" dir="1" index="2" bw="64" slack="0"/>
</pin_list>
<bind>
<opcode="add(8) " fcode="add"/>
<opset="add_ln53/4 "/>
</bind>
</comp>

<comp id="619" class="1004" name="add_ln41_fu_619">
<pin_list>
<pin id="620" dir="0" index="0" bw="8" slack="2"/>
<pin id="621" dir="0" index="1" bw="3" slack="0"/>
<pin id="622" dir="1" index="2" bw="8" slack="0"/>
</pin_list>
<bind>
<opcode="add(8) " fcode="add"/>
<opset="add_ln41/4 "/>
</bind>
</comp>

<comp id="624" class="1004" name="tmp_3_fu_624">
<pin_list>
<pin id="625" dir="0" index="0" bw="6" slack="0"/>
<pin id="626" dir="0" index="1" bw="8" slack="0"/>
<pin id="627" dir="0" index="2" bw="3" slack="0"/>
<pin id="628" dir="0" index="3" bw="4" slack="0"/>
<pin id="629" dir="1" index="4" bw="6" slack="4"/>
</pin_list>
<bind>
<opcode="partselect(1002) " fcode="partselect"/>
<opset="tmp_3/4 "/>
</bind>
</comp>

<comp id="634" class="1004" name="rev_fu_634">
<pin_list>
<pin id="635" dir="0" index="0" bw="1" slack="2"/>
<pin id="636" dir="0" index="1" bw="1" slack="0"/>
<pin id="637" dir="1" index="2" bw="1" slack="0"/>
</pin_list>
<bind>
<opcode="xor(25) " fcode="xor"/>
<opset="rev/4 "/>
</bind>
</comp>

<comp id="639" class="1004" name="select_ln38_4_fu_639">
<pin_list>
<pin id="640" dir="0" index="0" bw="1" slack="2"/>
<pin id="641" dir="0" index="1" bw="64" slack="3"/>
<pin id="642" dir="0" index="2" bw="64" slack="0"/>
<pin id="643" dir="1" index="3" bw="64" slack="0"/>
</pin_list>
<bind>
<opcode="select(49) " fcode="select"/>
<opset="select_ln38_4/4 "/>
</bind>
</comp>

<comp id="645" class="1004" name="and_ln38_fu_645">
<pin_list>
<pin id="646" dir="0" index="0" bw="1" slack="0"/>
<pin id="647" dir="0" index="1" bw="1" slack="2"/>
<pin id="648" dir="1" index="2" bw="1" slack="0"/>
</pin_list>
<bind>
<opcode="and(23) " fcode="and"/>
<opset="and_ln38/4 "/>
</bind>
</comp>

<comp id="650" class="1004" name="select_ln39_fu_650">
<pin_list>
<pin id="651" dir="0" index="0" bw="1" slack="1"/>
<pin id="652" dir="0" index="1" bw="4" slack="0"/>
<pin id="653" dir="0" index="2" bw="8" slack="2"/>
<pin id="654" dir="1" index="3" bw="8" slack="0"/>
</pin_list>
<bind>
<opcode="select(49) " fcode="select"/>
<opset="select_ln39/4 "/>
</bind>
</comp>

<comp id="656" class="1004" name="zext_ln40_2_fu_656">
<pin_list>
<pin id="657" dir="0" index="0" bw="20" slack="1"/>
<pin id="658" dir="1" index="1" bw="64" slack="0"/>
</pin_list>
<bind>
<opcode="zext(34) " fcode="zext"/>
<opset="zext_ln40_2/4 "/>
</bind>
</comp>

<comp id="659" class="1004" name="add_ln53_4_fu_659">
<pin_list>
<pin id="660" dir="0" index="0" bw="20" slack="0"/>
<pin id="661" dir="0" index="1" bw="64" slack="3"/>
<pin id="662" dir="1" index="2" bw="64" slack="0"/>
</pin_list>
<bind>
<opcode="add(8) " fcode="add"/>
<opset="add_ln53_4/4 "/>
</bind>
</comp>

<comp id="664" class="1004" name="select_ln39_2_fu_664">
<pin_list>
<pin id="665" dir="0" index="0" bw="1" slack="2"/>
<pin id="666" dir="0" index="1" bw="64" slack="0"/>
<pin id="667" dir="0" index="2" bw="64" slack="0"/>
<pin id="668" dir="1" index="3" bw="64" slack="6"/>
</pin_list>
<bind>
<opcode="select(49) " fcode="select"/>
<opset="select_ln39_2/4 "/>
</bind>
</comp>

<comp id="671" class="1004" name="and_ln39_fu_671">
<pin_list>
<pin id="672" dir="0" index="0" bw="1" slack="0"/>
<pin id="673" dir="0" index="1" bw="1" slack="1"/>
<pin id="674" dir="1" index="2" bw="1" slack="0"/>
</pin_list>
<bind>
<opcode="and(23) " fcode="and"/>
<opset="and_ln39/4 "/>
</bind>
</comp>

<comp id="676" class="1004" name="add_ln40_fu_676">
<pin_list>
<pin id="677" dir="0" index="0" bw="8" slack="0"/>
<pin id="678" dir="0" index="1" bw="4" slack="0"/>
<pin id="679" dir="1" index="2" bw="8" slack="0"/>
</pin_list>
<bind>
<opcode="add(8) " fcode="add"/>
<opset="add_ln40/4 "/>
</bind>
</comp>

<comp id="682" class="1004" name="or_ln40_fu_682">
<pin_list>
<pin id="683" dir="0" index="0" bw="1" slack="1"/>
<pin id="684" dir="0" index="1" bw="1" slack="2"/>
<pin id="685" dir="1" index="2" bw="1" slack="0"/>
</pin_list>
<bind>
<opcode="or(24) " fcode="or"/>
<opset="or_ln40/4 "/>
</bind>
</comp>

<comp id="686" class="1004" name="or_ln40_1_fu_686">
<pin_list>
<pin id="687" dir="0" index="0" bw="1" slack="0"/>
<pin id="688" dir="0" index="1" bw="1" slack="2"/>
<pin id="689" dir="1" index="2" bw="1" slack="0"/>
</pin_list>
<bind>
<opcode="or(24) " fcode="or"/>
<opset="or_ln40_1/4 "/>
</bind>
</comp>

<comp id="691" class="1004" name="select_ln40_fu_691">
<pin_list>
<pin id="692" dir="0" index="0" bw="1" slack="0"/>
<pin id="693" dir="0" index="1" bw="4" slack="0"/>
<pin id="694" dir="0" index="2" bw="8" slack="0"/>
<pin id="695" dir="1" index="3" bw="8" slack="0"/>
</pin_list>
<bind>
<opcode="select(49) " fcode="select"/>
<opset="select_ln40/4 "/>
</bind>
</comp>

<comp id="699" class="1004" name="zext_ln40_3_fu_699">
<pin_list>
<pin id="700" dir="0" index="0" bw="8" slack="0"/>
<pin id="701" dir="1" index="1" bw="9" slack="0"/>
</pin_list>
<bind>
<opcode="zext(34) " fcode="zext"/>
<opset="zext_ln40_3/4 "/>
</bind>
</comp>

<comp id="703" class="1004" name="p_mid_fu_703">
<pin_list>
<pin id="704" dir="0" index="0" bw="6" slack="0"/>
<pin id="705" dir="0" index="1" bw="8" slack="0"/>
<pin id="706" dir="0" index="2" bw="3" slack="0"/>
<pin id="707" dir="0" index="3" bw="4" slack="0"/>
<pin id="708" dir="1" index="4" bw="6" slack="5"/>
</pin_list>
<bind>
<opcode="partselect(1002) " fcode="partselect"/>
<opset="p_mid/4 "/>
</bind>
</comp>

<comp id="713" class="1004" name="p_mid194_fu_713">
<pin_list>
<pin id="714" dir="0" index="0" bw="8" slack="0"/>
<pin id="715" dir="0" index="1" bw="4" slack="0"/>
<pin id="716" dir="1" index="2" bw="9" slack="0"/>
</pin_list>
<bind>
<opcode="add(8) " fcode="add"/>
<opset="p_mid194/4 "/>
</bind>
</comp>

<comp id="719" class="1004" name="sext_ln40_fu_719">
<pin_list>
<pin id="720" dir="0" index="0" bw="9" slack="0"/>
<pin id="721" dir="1" index="1" bw="19" slack="0"/>
</pin_list>
<bind>
<opcode="sext(35) " fcode="sext"/>
<opset="sext_ln40/4 "/>
</bind>
</comp>

<comp id="723" class="1004" name="tmp_2_fu_723">
<pin_list>
<pin id="724" dir="0" index="0" bw="1" slack="0"/>
<pin id="725" dir="0" index="1" bw="9" slack="0"/>
<pin id="726" dir="0" index="2" bw="5" slack="0"/>
<pin id="727" dir="1" index="3" bw="1" slack="0"/>
</pin_list>
<bind>
<opcode="bitselect(1000) " fcode="bitselect"/>
<opset="tmp_2/4 "/>
</bind>
</comp>

<comp id="731" class="1004" name="rev25_fu_731">
<pin_list>
<pin id="732" dir="0" index="0" bw="1" slack="0"/>
<pin id="733" dir="0" index="1" bw="1" slack="0"/>
<pin id="734" dir="1" index="2" bw="1" slack="0"/>
</pin_list>
<bind>
<opcode="xor(25) " fcode="xor"/>
<opset="rev25/4 "/>
</bind>
</comp>

<comp id="737" class="1004" name="select_ln40_3_fu_737">
<pin_list>
<pin id="738" dir="0" index="0" bw="1" slack="1"/>
<pin id="739" dir="0" index="1" bw="1" slack="0"/>
<pin id="740" dir="0" index="2" bw="1" slack="0"/>
<pin id="741" dir="1" index="3" bw="1" slack="1"/>
</pin_list>
<bind>
<opcode="select(49) " fcode="select"/>
<opset="select_ln40_3/4 "/>
</bind>
</comp>

<comp id="744" class="1004" name="add_ln42_fu_744">
<pin_list>
<pin id="745" dir="0" index="0" bw="8" slack="0"/>
<pin id="746" dir="0" index="1" bw="4" slack="0"/>
<pin id="747" dir="1" index="2" bw="8" slack="1"/>
</pin_list>
<bind>
<opcode="add(8) " fcode="add"/>
<opset="add_ln42/4 "/>
</bind>
</comp>

<comp id="750" class="1004" name="or_ln37_fu_750">
<pin_list>
<pin id="751" dir="0" index="0" bw="1" slack="1"/>
<pin id="752" dir="0" index="1" bw="1" slack="1"/>
<pin id="753" dir="1" index="2" bw="1" slack="0"/>
</pin_list>
<bind>
<opcode="or(24) " fcode="or"/>
<opset="or_ln37/4 "/>
</bind>
</comp>

<comp id="754" class="1004" name="or_ln37_1_fu_754">
<pin_list>
<pin id="755" dir="0" index="0" bw="1" slack="0"/>
<pin id="756" dir="0" index="1" bw="1" slack="1"/>
<pin id="757" dir="1" index="2" bw="1" slack="1"/>
</pin_list>
<bind>
<opcode="or(24) " fcode="or"/>
<opset="or_ln37_1/4 "/>
</bind>
</comp>

<comp id="759" class="1004" name="or_ln53_fu_759">
<pin_list>
<pin id="760" dir="0" index="0" bw="1" slack="0"/>
<pin id="761" dir="0" index="1" bw="1" slack="1"/>
<pin id="762" dir="1" index="2" bw="1" slack="0"/>
</pin_list>
<bind>
<opcode="or(24) " fcode="or"/>
<opset="or_ln53/4 "/>
</bind>
</comp>

<comp id="764" class="1004" name="or_ln53_1_fu_764">
<pin_list>
<pin id="765" dir="0" index="0" bw="1" slack="1"/>
<pin id="766" dir="0" index="1" bw="1" slack="0"/>
<pin id="767" dir="1" index="2" bw="1" slack="0"/>
</pin_list>
<bind>
<opcode="or(24) " fcode="or"/>
<opset="or_ln53_1/4 "/>
</bind>
</comp>

<comp id="769" class="1004" name="or_ln53_2_fu_769">
<pin_list>
<pin id="770" dir="0" index="0" bw="1" slack="0"/>
<pin id="771" dir="0" index="1" bw="1" slack="2"/>
<pin id="772" dir="1" index="2" bw="1" slack="0"/>
</pin_list>
<bind>
<opcode="or(24) " fcode="or"/>
<opset="or_ln53_2/4 "/>
</bind>
</comp>

<comp id="774" class="1004" name="select_ln53_fu_774">
<pin_list>
<pin id="775" dir="0" index="0" bw="1" slack="0"/>
<pin id="776" dir="0" index="1" bw="1" slack="0"/>
<pin id="777" dir="0" index="2" bw="4" slack="1"/>
<pin id="778" dir="1" index="3" bw="4" slack="1"/>
</pin_list>
<bind>
<opcode="select(49) " fcode="select"/>
<opset="select_ln53/4 "/>
</bind>
</comp>

<comp id="781" class="1004" name="zext_ln53_1_fu_781">
<pin_list>
<pin id="782" dir="0" index="0" bw="4" slack="3"/>
<pin id="783" dir="1" index="1" bw="9" slack="0"/>
</pin_list>
<bind>
<opcode="zext(34) " fcode="zext"/>
<opset="zext_ln53_1/5 "/>
</bind>
</comp>

<comp id="784" class="1004" name="mul_ln53_2_fu_784">
<pin_list>
<pin id="785" dir="0" index="0" bw="4" slack="0"/>
<pin id="786" dir="0" index="1" bw="7" slack="0"/>
<pin id="787" dir="1" index="2" bw="9" slack="2"/>
</pin_list>
<bind>
<opcode="mul(12) " fcode="mul"/>
<opset="mul_ln53_2/5 "/>
</bind>
</comp>

<comp id="790" class="1004" name="select_ln40_1_fu_790">
<pin_list>
<pin id="791" dir="0" index="0" bw="1" slack="2"/>
<pin id="792" dir="0" index="1" bw="8" slack="1"/>
<pin id="793" dir="0" index="2" bw="8" slack="1"/>
<pin id="794" dir="1" index="3" bw="8" slack="0"/>
</pin_list>
<bind>
<opcode="select(49) " fcode="select"/>
<opset="select_ln40_1/5 "/>
</bind>
</comp>

<comp id="795" class="1004" name="select_ln40_2_cast_fu_795">
<pin_list>
<pin id="796" dir="0" index="0" bw="8" slack="0"/>
<pin id="797" dir="1" index="1" bw="9" slack="0"/>
</pin_list>
<bind>
<opcode="zext(34) " fcode="zext"/>
<opset="select_ln40_2_cast/5 "/>
</bind>
</comp>

<comp id="799" class="1004" name="select_ln37_fu_799">
<pin_list>
<pin id="800" dir="0" index="0" bw="1" slack="1"/>
<pin id="801" dir="0" index="1" bw="1" slack="0"/>
<pin id="802" dir="0" index="2" bw="4" slack="3"/>
<pin id="803" dir="1" index="3" bw="4" slack="0"/>
</pin_list>
<bind>
<opcode="select(49) " fcode="select"/>
<opset="select_ln37/5 "/>
</bind>
</comp>

<comp id="805" class="1004" name="select_ln37_2_fu_805">
<pin_list>
<pin id="806" dir="0" index="0" bw="1" slack="2"/>
<pin id="807" dir="0" index="1" bw="8" slack="1"/>
<pin id="808" dir="0" index="2" bw="8" slack="1"/>
<pin id="809" dir="1" index="3" bw="8" slack="0"/>
</pin_list>
<bind>
<opcode="select(49) " fcode="select"/>
<opset="select_ln37_2/5 "/>
</bind>
</comp>

<comp id="810" class="1004" name="select_ln37_2_cast_fu_810">
<pin_list>
<pin id="811" dir="0" index="0" bw="8" slack="0"/>
<pin id="812" dir="1" index="1" bw="9" slack="0"/>
</pin_list>
<bind>
<opcode="zext(34) " fcode="zext"/>
<opset="select_ln37_2_cast/5 "/>
</bind>
</comp>

<comp id="814" class="1004" name="p_mid134_fu_814">
<pin_list>
<pin id="815" dir="0" index="0" bw="8" slack="0"/>
<pin id="816" dir="0" index="1" bw="4" slack="0"/>
<pin id="817" dir="1" index="2" bw="9" slack="0"/>
</pin_list>
<bind>
<opcode="add(8) " fcode="add"/>
<opset="p_mid134/5 "/>
</bind>
</comp>

<comp id="820" class="1004" name="sext_ln37_1_fu_820">
<pin_list>
<pin id="821" dir="0" index="0" bw="9" slack="0"/>
<pin id="822" dir="1" index="1" bw="19" slack="0"/>
</pin_list>
<bind>
<opcode="sext(35) " fcode="sext"/>
<opset="sext_ln37_1/5 "/>
</bind>
</comp>

<comp id="824" class="1004" name="tmp_10_fu_824">
<pin_list>
<pin id="825" dir="0" index="0" bw="1" slack="0"/>
<pin id="826" dir="0" index="1" bw="9" slack="0"/>
<pin id="827" dir="0" index="2" bw="5" slack="0"/>
<pin id="828" dir="1" index="3" bw="1" slack="0"/>
</pin_list>
<bind>
<opcode="bitselect(1000) " fcode="bitselect"/>
<opset="tmp_10/5 "/>
</bind>
</comp>

<comp id="832" class="1004" name="rev28_fu_832">
<pin_list>
<pin id="833" dir="0" index="0" bw="1" slack="0"/>
<pin id="834" dir="0" index="1" bw="1" slack="0"/>
<pin id="835" dir="1" index="2" bw="1" slack="0"/>
</pin_list>
<bind>
<opcode="xor(25) " fcode="xor"/>
<opset="rev28/5 "/>
</bind>
</comp>

<comp id="838" class="1004" name="select_ln37_3_fu_838">
<pin_list>
<pin id="839" dir="0" index="0" bw="1" slack="2"/>
<pin id="840" dir="0" index="1" bw="1" slack="0"/>
<pin id="841" dir="0" index="2" bw="1" slack="1"/>
<pin id="842" dir="1" index="3" bw="1" slack="0"/>
</pin_list>
<bind>
<opcode="select(49) " fcode="select"/>
<opset="select_ln37_3/5 "/>
</bind>
</comp>

<comp id="844" class="1004" name="tmp3_mid1_fu_844">
<pin_list>
<pin id="845" dir="0" index="0" bw="4" slack="0"/>
<pin id="846" dir="0" index="1" bw="3" slack="0"/>
<pin id="847" dir="1" index="2" bw="4" slack="0"/>
</pin_list>
<bind>
<opcode="add(8) " fcode="add"/>
<opset="tmp3_mid1/5 "/>
</bind>
</comp>

<comp id="850" class="1004" name="tmp3_cast_mid1_fu_850">
<pin_list>
<pin id="851" dir="0" index="0" bw="4" slack="0"/>
<pin id="852" dir="1" index="1" bw="9" slack="0"/>
</pin_list>
<bind>
<opcode="sext(35) " fcode="sext"/>
<opset="tmp3_cast_mid1/5 "/>
</bind>
</comp>

<comp id="854" class="1004" name="p_mid1_fu_854">
<pin_list>
<pin id="855" dir="0" index="0" bw="4" slack="0"/>
<pin id="856" dir="0" index="1" bw="8" slack="0"/>
<pin id="857" dir="1" index="2" bw="9" slack="0"/>
</pin_list>
<bind>
<opcode="add(8) " fcode="add"/>
<opset="p_mid1/5 "/>
</bind>
</comp>

<comp id="860" class="1004" name="tmp_11_fu_860">
<pin_list>
<pin id="861" dir="0" index="0" bw="1" slack="0"/>
<pin id="862" dir="0" index="1" bw="9" slack="0"/>
<pin id="863" dir="0" index="2" bw="5" slack="0"/>
<pin id="864" dir="1" index="3" bw="1" slack="0"/>
</pin_list>
<bind>
<opcode="bitselect(1000) " fcode="bitselect"/>
<opset="tmp_11/5 "/>
</bind>
</comp>

<comp id="868" class="1004" name="rev31_fu_868">
<pin_list>
<pin id="869" dir="0" index="0" bw="1" slack="0"/>
<pin id="870" dir="0" index="1" bw="1" slack="0"/>
<pin id="871" dir="1" index="2" bw="1" slack="0"/>
</pin_list>
<bind>
<opcode="xor(25) " fcode="xor"/>
<opset="rev31/5 "/>
</bind>
</comp>

<comp id="874" class="1004" name="select_ln53_1_fu_874">
<pin_list>
<pin id="875" dir="0" index="0" bw="1" slack="2"/>
<pin id="876" dir="0" index="1" bw="1" slack="0"/>
<pin id="877" dir="0" index="2" bw="1" slack="0"/>
<pin id="878" dir="1" index="3" bw="1" slack="0"/>
</pin_list>
<bind>
<opcode="select(49) " fcode="select"/>
<opset="select_ln53_1/5 "/>
</bind>
</comp>

<comp id="881" class="1004" name="add_ln52_1_fu_881">
<pin_list>
<pin id="882" dir="0" index="0" bw="4" slack="1"/>
<pin id="883" dir="0" index="1" bw="4" slack="0"/>
<pin id="884" dir="1" index="2" bw="4" slack="0"/>
</pin_list>
<bind>
<opcode="add(8) " fcode="add"/>
<opset="add_ln52_1/5 "/>
</bind>
</comp>

<comp id="886" class="1004" name="sext_ln52_fu_886">
<pin_list>
<pin id="887" dir="0" index="0" bw="4" slack="0"/>
<pin id="888" dir="1" index="1" bw="9" slack="0"/>
</pin_list>
<bind>
<opcode="sext(35) " fcode="sext"/>
<opset="sext_ln52/5 "/>
</bind>
</comp>

<comp id="890" class="1004" name="add_ln52_fu_890">
<pin_list>
<pin id="891" dir="0" index="0" bw="4" slack="0"/>
<pin id="892" dir="0" index="1" bw="8" slack="0"/>
<pin id="893" dir="1" index="2" bw="9" slack="0"/>
</pin_list>
<bind>
<opcode="add(8) " fcode="add"/>
<opset="add_ln52/5 "/>
</bind>
</comp>

<comp id="896" class="1004" name="icmp_ln52_fu_896">
<pin_list>
<pin id="897" dir="0" index="0" bw="9" slack="0"/>
<pin id="898" dir="0" index="1" bw="9" slack="0"/>
<pin id="899" dir="1" index="2" bw="1" slack="0"/>
</pin_list>
<bind>
<opcode="icmp(45) " fcode="icmp"/>
<opset="icmp_ln52/5 "/>
</bind>
</comp>

<comp id="902" class="1004" name="and_ln52_fu_902">
<pin_list>
<pin id="903" dir="0" index="0" bw="1" slack="0"/>
<pin id="904" dir="0" index="1" bw="1" slack="0"/>
<pin id="905" dir="1" index="2" bw="1" slack="3"/>
</pin_list>
<bind>
<opcode="and(23) " fcode="and"/>
<opset="and_ln52/5 "/>
</bind>
</comp>

<comp id="908" class="1004" name="store_ln47_store_fu_908">
<pin_list>
<pin id="909" dir="0" index="0" bw="8" slack="0"/>
<pin id="910" dir="0" index="1" bw="8" slack="4"/>
<pin id="911" dir="1" index="2" bw="0" slack="2147483647"/>
</pin_list>
<bind>
<opcode="store(28) " fcode="store"/>
<opset="store_ln47/5 "/>
</bind>
</comp>

<comp id="913" class="1004" name="store_ln47_store_fu_913">
<pin_list>
<pin id="914" dir="0" index="0" bw="8" slack="0"/>
<pin id="915" dir="0" index="1" bw="8" slack="4"/>
<pin id="916" dir="1" index="2" bw="0" slack="2147483647"/>
</pin_list>
<bind>
<opcode="store(28) " fcode="store"/>
<opset="store_ln47/5 "/>
</bind>
</comp>

<comp id="918" class="1004" name="zext_ln38_3_fu_918">
<pin_list>
<pin id="919" dir="0" index="0" bw="18" slack="0"/>
<pin id="920" dir="1" index="1" bw="64" slack="0"/>
</pin_list>
<bind>
<opcode="zext(34) " fcode="zext"/>
<opset="zext_ln38_3/6 "/>
</bind>
</comp>

<comp id="921" class="1004" name="add_ln38_1_fu_921">
<pin_list>
<pin id="922" dir="0" index="0" bw="18" slack="0"/>
<pin id="923" dir="0" index="1" bw="64" slack="5"/>
<pin id="924" dir="1" index="2" bw="64" slack="2"/>
</pin_list>
<bind>
<opcode="add(8) " fcode="add"/>
<opset="add_ln38_1/6 "/>
</bind>
</comp>

<comp id="926" class="1004" name="select_ln38_3_fu_926">
<pin_list>
<pin id="927" dir="0" index="0" bw="1" slack="4"/>
<pin id="928" dir="0" index="1" bw="1" slack="0"/>
<pin id="929" dir="0" index="2" bw="11" slack="2"/>
<pin id="930" dir="1" index="3" bw="11" slack="0"/>
</pin_list>
<bind>
<opcode="select(49) " fcode="select"/>
<opset="select_ln38_3/6 "/>
</bind>
</comp>

<comp id="932" class="1004" name="zext_ln39_3_fu_932">
<pin_list>
<pin id="933" dir="0" index="0" bw="2" slack="3"/>
<pin id="934" dir="1" index="1" bw="11" slack="0"/>
</pin_list>
<bind>
<opcode="zext(34) " fcode="zext"/>
<opset="zext_ln39_3/6 "/>
</bind>
</comp>

<comp id="935" class="1004" name="mul_ln53_4_fu_935">
<pin_list>
<pin id="936" dir="0" index="0" bw="2" slack="0"/>
<pin id="937" dir="0" index="1" bw="10" slack="0"/>
<pin id="938" dir="1" index="2" bw="11" slack="0"/>
</pin_list>
<bind>
<opcode="mul(12) " fcode="mul"/>
<opset="mul_ln53_4/6 "/>
</bind>
</comp>

<comp id="941" class="1004" name="select_ln39_1_fu_941">
<pin_list>
<pin id="942" dir="0" index="0" bw="1" slack="4"/>
<pin id="943" dir="0" index="1" bw="11" slack="0"/>
<pin id="944" dir="0" index="2" bw="11" slack="0"/>
<pin id="945" dir="1" index="3" bw="11" slack="2"/>
</pin_list>
<bind>
<opcode="select(49) " fcode="select"/>
<opset="select_ln39_1/6 "/>
</bind>
</comp>

<comp id="948" class="1004" name="sext_ln53_2_fu_948">
<pin_list>
<pin id="949" dir="0" index="0" bw="9" slack="1"/>
<pin id="950" dir="1" index="1" bw="19" slack="0"/>
</pin_list>
<bind>
<opcode="sext(35) " fcode="sext"/>
<opset="sext_ln53_2/6 "/>
</bind>
</comp>

<comp id="951" class="1004" name="zext_ln38_fu_951">
<pin_list>
<pin id="952" dir="0" index="0" bw="7" slack="4"/>
<pin id="953" dir="1" index="1" bw="21" slack="0"/>
</pin_list>
<bind>
<opcode="zext(34) " fcode="zext"/>
<opset="zext_ln38/7 "/>
</bind>
</comp>

<comp id="954" class="1004" name="select_ln37_4_fu_954">
<pin_list>
<pin id="955" dir="0" index="0" bw="1" slack="3"/>
<pin id="956" dir="0" index="1" bw="1" slack="0"/>
<pin id="957" dir="0" index="2" bw="9" slack="2"/>
<pin id="958" dir="1" index="3" bw="9" slack="0"/>
</pin_list>
<bind>
<opcode="select(49) " fcode="select"/>
<opset="select_ln37_4/7 "/>
</bind>
</comp>

<comp id="960" class="1004" name="add_ln46_fu_960">
<pin_list>
<pin id="961" dir="0" index="0" bw="4" slack="2"/>
<pin id="962" dir="0" index="1" bw="1" slack="0"/>
<pin id="963" dir="1" index="2" bw="4" slack="0"/>
</pin_list>
<bind>
<opcode="add(8) " fcode="add"/>
<opset="add_ln46/7 "/>
</bind>
</comp>

<comp id="965" class="1004" name="zext_ln53_6_fu_965">
<pin_list>
<pin id="966" dir="0" index="0" bw="4" slack="0"/>
<pin id="967" dir="1" index="1" bw="9" slack="0"/>
</pin_list>
<bind>
<opcode="zext(34) " fcode="zext"/>
<opset="zext_ln53_6/7 "/>
</bind>
</comp>

<comp id="969" class="1004" name="mul_ln53_6_fu_969">
<pin_list>
<pin id="970" dir="0" index="0" bw="4" slack="0"/>
<pin id="971" dir="0" index="1" bw="7" slack="0"/>
<pin id="972" dir="1" index="2" bw="9" slack="0"/>
</pin_list>
<bind>
<opcode="mul(12) " fcode="mul"/>
<opset="mul_ln53_6/7 "/>
</bind>
</comp>

<comp id="975" class="1004" name="select_ln53_2_fu_975">
<pin_list>
<pin id="976" dir="0" index="0" bw="1" slack="4"/>
<pin id="977" dir="0" index="1" bw="9" slack="0"/>
<pin id="978" dir="0" index="2" bw="9" slack="0"/>
<pin id="979" dir="1" index="3" bw="9" slack="1"/>
</pin_list>
<bind>
<opcode="select(49) " fcode="select"/>
<opset="select_ln53_2/7 "/>
</bind>
</comp>

<comp id="982" class="1004" name="p_cast_fu_982">
<pin_list>
<pin id="983" dir="0" index="0" bw="6" slack="4"/>
<pin id="984" dir="1" index="1" bw="14" slack="0"/>
</pin_list>
<bind>
<opcode="zext(34) " fcode="zext"/>
<opset="p_cast/8 "/>
</bind>
</comp>

<comp id="985" class="1004" name="empty_26_fu_985">
<pin_list>
<pin id="986" dir="0" index="0" bw="6" slack="0"/>
<pin id="987" dir="0" index="1" bw="9" slack="0"/>
<pin id="988" dir="1" index="2" bw="14" slack="4"/>
</pin_list>
<bind>
<opcode="mul(12) " fcode="mul"/>
<opset="empty_26/8 "/>
</bind>
</comp>

<comp id="991" class="1004" name="zext_ln38_1_fu_991">
<pin_list>
<pin id="992" dir="0" index="0" bw="7" slack="5"/>
<pin id="993" dir="1" index="1" bw="21" slack="0"/>
</pin_list>
<bind>
<opcode="zext(34) " fcode="zext"/>
<opset="zext_ln38_1/8 "/>
</bind>
</comp>

<comp id="994" class="1004" name="select_ln39_4_fu_994">
<pin_list>
<pin id="995" dir="0" index="0" bw="1" slack="5"/>
<pin id="996" dir="0" index="1" bw="11" slack="0"/>
<pin id="997" dir="0" index="2" bw="19" slack="3"/>
<pin id="998" dir="1" index="3" bw="19" slack="0"/>
</pin_list>
<bind>
<opcode="select(49) " fcode="select"/>
<opset="select_ln39_4/8 "/>
</bind>
</comp>

<comp id="1000" class="1004" name="select_ln40_4_fu_1000">
<pin_list>
<pin id="1001" dir="0" index="0" bw="1" slack="5"/>
<pin id="1002" dir="0" index="1" bw="19" slack="1"/>
<pin id="1003" dir="0" index="2" bw="19" slack="0"/>
<pin id="1004" dir="1" index="3" bw="19" slack="0"/>
</pin_list>
<bind>
<opcode="select(49) " fcode="select"/>
<opset="select_ln40_4/8 "/>
</bind>
</comp>

<comp id="1006" class="1004" name="select_ln37_5_fu_1006">
<pin_list>
<pin id="1007" dir="0" index="0" bw="1" slack="5"/>
<pin id="1008" dir="0" index="1" bw="19" slack="0"/>
<pin id="1009" dir="0" index="2" bw="19" slack="0"/>
<pin id="1010" dir="1" index="3" bw="19" slack="1"/>
</pin_list>
<bind>
<opcode="select(49) " fcode="select"/>
<opset="select_ln37_5/8 "/>
</bind>
</comp>

<comp id="1012" class="1004" name="shl_ln_fu_1012">
<pin_list>
<pin id="1013" dir="0" index="0" bw="6" slack="0"/>
<pin id="1014" dir="0" index="1" bw="4" slack="4"/>
<pin id="1015" dir="0" index="2" bw="1" slack="0"/>
<pin id="1016" dir="1" index="3" bw="6" slack="0"/>
</pin_list>
<bind>
<opcode="bitconcatenate(1004) " fcode="bitconcatenate"/>
<opset="shl_ln/8 "/>
</bind>
</comp>

<comp id="1019" class="1004" name="zext_ln53_2_fu_1019">
<pin_list>
<pin id="1020" dir="0" index="0" bw="6" slack="0"/>
<pin id="1021" dir="1" index="1" bw="9" slack="0"/>
</pin_list>
<bind>
<opcode="zext(34) " fcode="zext"/>
<opset="zext_ln53_2/8 "/>
</bind>
</comp>

<comp id="1023" class="1004" name="add_ln53_1_fu_1023">
<pin_list>
<pin id="1024" dir="0" index="0" bw="9" slack="1"/>
<pin id="1025" dir="0" index="1" bw="6" slack="0"/>
<pin id="1026" dir="1" index="2" bw="9" slack="0"/>
</pin_list>
<bind>
<opcode="add(8) " fcode="add"/>
<opset="add_ln53_1/8 "/>
</bind>
</comp>

<comp id="1028" class="1004" name="zext_ln53_3_fu_1028">
<pin_list>
<pin id="1029" dir="0" index="0" bw="9" slack="0"/>
<pin id="1030" dir="1" index="1" bw="11" slack="0"/>
</pin_list>
<bind>
<opcode="zext(34) " fcode="zext"/>
<opset="zext_ln53_3/8 "/>
</bind>
</comp>

<comp id="1032" class="1004" name="add_ln53_2_fu_1032">
<pin_list>
<pin id="1033" dir="0" index="0" bw="9" slack="0"/>
<pin id="1034" dir="0" index="1" bw="11" slack="2"/>
<pin id="1035" dir="1" index="2" bw="11" slack="0"/>
</pin_list>
<bind>
<opcode="add(8) " fcode="add"/>
<opset="add_ln53_2/8 "/>
</bind>
</comp>

<comp id="1037" class="1004" name="zext_ln53_4_fu_1037">
<pin_list>
<pin id="1038" dir="0" index="0" bw="11" slack="0"/>
<pin id="1039" dir="1" index="1" bw="64" slack="0"/>
</pin_list>
<bind>
<opcode="zext(34) " fcode="zext"/>
<opset="zext_ln53_4/8 "/>
</bind>
</comp>

<comp id="1041" class="1004" name="add_ln53_3_fu_1041">
<pin_list>
<pin id="1042" dir="0" index="0" bw="11" slack="0"/>
<pin id="1043" dir="0" index="1" bw="64" slack="2"/>
<pin id="1044" dir="1" index="2" bw="64" slack="0"/>
</pin_list>
<bind>
<opcode="add(8) " fcode="add"/>
<opset="add_ln53_3/8 "/>
</bind>
</comp>

<comp id="1046" class="1004" name="trunc_ln53_1_fu_1046">
<pin_list>
<pin id="1047" dir="0" index="0" bw="62" slack="0"/>
<pin id="1048" dir="0" index="1" bw="64" slack="0"/>
<pin id="1049" dir="0" index="2" bw="3" slack="0"/>
<pin id="1050" dir="0" index="3" bw="7" slack="0"/>
<pin id="1051" dir="1" index="4" bw="62" slack="0"/>
</pin_list>
<bind>
<opcode="partselect(1002) " fcode="partselect"/>
<opset="trunc_ln53_1/8 "/>
</bind>
</comp>

<comp id="1056" class="1004" name="sext_ln53_fu_1056">
<pin_list>
<pin id="1057" dir="0" index="0" bw="62" slack="0"/>
<pin id="1058" dir="1" index="1" bw="64" slack="0"/>
</pin_list>
<bind>
<opcode="sext(35) " fcode="sext"/>
<opset="sext_ln53/8 "/>
</bind>
</comp>

<comp id="1060" class="1004" name="mem2_addr_fu_1060">
<pin_list>
<pin id="1061" dir="0" index="0" bw="32" slack="0"/>
<pin id="1062" dir="0" index="1" bw="62" slack="0"/>
<pin id="1063" dir="1" index="2" bw="32" slack="1"/>
</pin_list>
<bind>
<opcode="getelementptr(29) " fcode="getelementptr"/>
<opset="mem2_addr/8 "/>
</bind>
</comp>

<comp id="1066" class="1004" name="p_cast_mid1_fu_1066">
<pin_list>
<pin id="1067" dir="0" index="0" bw="6" slack="5"/>
<pin id="1068" dir="1" index="1" bw="14" slack="0"/>
</pin_list>
<bind>
<opcode="zext(34) " fcode="zext"/>
<opset="p_cast_mid1/9 "/>
</bind>
</comp>

<comp id="1069" class="1004" name="p_mid164_fu_1069">
<pin_list>
<pin id="1070" dir="0" index="0" bw="6" slack="0"/>
<pin id="1071" dir="0" index="1" bw="9" slack="0"/>
<pin id="1072" dir="1" index="2" bw="14" slack="3"/>
</pin_list>
<bind>
<opcode="mul(12) " fcode="mul"/>
<opset="p_mid164/9 "/>
</bind>
</comp>

<comp id="1075" class="1004" name="select_ln53_3_fu_1075">
<pin_list>
<pin id="1076" dir="0" index="0" bw="1" slack="6"/>
<pin id="1077" dir="0" index="1" bw="19" slack="0"/>
<pin id="1078" dir="0" index="2" bw="19" slack="1"/>
<pin id="1079" dir="1" index="3" bw="19" slack="0"/>
</pin_list>
<bind>
<opcode="select(49) " fcode="select"/>
<opset="select_ln53_3/9 "/>
</bind>
</comp>

<comp id="1080" class="1004" name="tmp_9_fu_1080">
<pin_list>
<pin id="1081" dir="0" index="0" bw="11" slack="0"/>
<pin id="1082" dir="0" index="1" bw="9" slack="4"/>
<pin id="1083" dir="0" index="2" bw="1" slack="0"/>
<pin id="1084" dir="1" index="3" bw="11" slack="0"/>
</pin_list>
<bind>
<opcode="bitconcatenate(1004) " fcode="bitconcatenate"/>
<opset="tmp_9/9 "/>
</bind>
</comp>

<comp id="1087" class="1004" name="zext_ln53_7_fu_1087">
<pin_list>
<pin id="1088" dir="0" index="0" bw="11" slack="0"/>
<pin id="1089" dir="1" index="1" bw="19" slack="0"/>
</pin_list>
<bind>
<opcode="zext(34) " fcode="zext"/>
<opset="zext_ln53_7/9 "/>
</bind>
</comp>

<comp id="1091" class="1004" name="add_ln53_5_fu_1091">
<pin_list>
<pin id="1092" dir="0" index="0" bw="19" slack="0"/>
<pin id="1093" dir="0" index="1" bw="11" slack="0"/>
<pin id="1094" dir="1" index="2" bw="19" slack="1"/>
</pin_list>
<bind>
<opcode="add(8) " fcode="add"/>
<opset="add_ln53_5/9 "/>
</bind>
</comp>

<comp id="1097" class="1004" name="sext_ln53_3_fu_1097">
<pin_list>
<pin id="1098" dir="0" index="0" bw="19" slack="1"/>
<pin id="1099" dir="1" index="1" bw="64" slack="0"/>
</pin_list>
<bind>
<opcode="sext(35) " fcode="sext"/>
<opset="sext_ln53_3/10 "/>
</bind>
</comp>

<comp id="1100" class="1004" name="add_ln53_6_fu_1100">
<pin_list>
<pin id="1101" dir="0" index="0" bw="19" slack="0"/>
<pin id="1102" dir="0" index="1" bw="64" slack="6"/>
<pin id="1103" dir="1" index="2" bw="64" slack="0"/>
</pin_list>
<bind>
<opcode="add(8) " fcode="add"/>
<opset="add_ln53_6/10 "/>
</bind>
</comp>

<comp id="1105" class="1004" name="trunc_ln53_2_fu_1105">
<pin_list>
<pin id="1106" dir="0" index="0" bw="62" slack="0"/>
<pin id="1107" dir="0" index="1" bw="64" slack="0"/>
<pin id="1108" dir="0" index="2" bw="3" slack="0"/>
<pin id="1109" dir="0" index="3" bw="7" slack="0"/>
<pin id="1110" dir="1" index="4" bw="62" slack="0"/>
</pin_list>
<bind>
<opcode="partselect(1002) " fcode="partselect"/>
<opset="trunc_ln53_2/10 "/>
</bind>
</comp>

<comp id="1115" class="1004" name="sext_ln53_1_fu_1115">
<pin_list>
<pin id="1116" dir="0" index="0" bw="62" slack="0"/>
<pin id="1117" dir="1" index="1" bw="64" slack="0"/>
</pin_list>
<bind>
<opcode="sext(35) " fcode="sext"/>
<opset="sext_ln53_1/10 "/>
</bind>
</comp>

<comp id="1119" class="1004" name="mem1_addr_fu_1119">
<pin_list>
<pin id="1120" dir="0" index="0" bw="32" slack="0"/>
<pin id="1121" dir="0" index="1" bw="62" slack="0"/>
<pin id="1122" dir="1" index="2" bw="32" slack="1"/>
</pin_list>
<bind>
<opcode="getelementptr(29) " fcode="getelementptr"/>
<opset="mem1_addr/10 "/>
</bind>
</comp>

<comp id="1125" class="1004" name="zext_ln53_fu_1125">
<pin_list>
<pin id="1126" dir="0" index="0" bw="21" slack="1"/>
<pin id="1127" dir="1" index="1" bw="64" slack="0"/>
</pin_list>
<bind>
<opcode="zext(34) " fcode="zext"/>
<opset="zext_ln53/11 "/>
</bind>
</comp>

<comp id="1128" class="1004" name="tmp_fu_1128">
<pin_list>
<pin id="1129" dir="0" index="0" bw="21" slack="0"/>
<pin id="1130" dir="0" index="1" bw="64" slack="10"/>
<pin id="1131" dir="1" index="2" bw="64" slack="1"/>
</pin_list>
<bind>
<opcode="add(8) " fcode="add"/>
<opset="tmp/11 "/>
</bind>
</comp>

<comp id="1133" class="1004" name="tmp2_fu_1133">
<pin_list>
<pin id="1134" dir="0" index="0" bw="8" slack="7"/>
<pin id="1135" dir="0" index="1" bw="3" slack="0"/>
<pin id="1136" dir="1" index="2" bw="8" slack="1"/>
</pin_list>
<bind>
<opcode="add(8) " fcode="add"/>
<opset="tmp2/11 "/>
</bind>
</comp>

<comp id="1138" class="1004" name="tmp2_cast_fu_1138">
<pin_list>
<pin id="1139" dir="0" index="0" bw="8" slack="1"/>
<pin id="1140" dir="1" index="1" bw="14" slack="0"/>
</pin_list>
<bind>
<opcode="zext(34) " fcode="zext"/>
<opset="tmp2_cast/12 "/>
</bind>
</comp>

<comp id="1141" class="1004" name="tmp1_fu_1141">
<pin_list>
<pin id="1142" dir="0" index="0" bw="8" slack="0"/>
<pin id="1143" dir="0" index="1" bw="14" slack="4"/>
<pin id="1144" dir="1" index="2" bw="14" slack="0"/>
</pin_list>
<bind>
<opcode="add(8) " fcode="add"/>
<opset="tmp1/12 "/>
</bind>
</comp>

<comp id="1146" class="1004" name="tmp1_cast_fu_1146">
<pin_list>
<pin id="1147" dir="0" index="0" bw="14" slack="0"/>
<pin id="1148" dir="1" index="1" bw="64" slack="0"/>
</pin_list>
<bind>
<opcode="zext(34) " fcode="zext"/>
<opset="tmp1_cast/12 "/>
</bind>
</comp>

<comp id="1150" class="1004" name="empty_27_fu_1150">
<pin_list>
<pin id="1151" dir="0" index="0" bw="14" slack="0"/>
<pin id="1152" dir="0" index="1" bw="64" slack="1"/>
<pin id="1153" dir="1" index="2" bw="64" slack="0"/>
</pin_list>
<bind>
<opcode="add(8) " fcode="add"/>
<opset="empty_27/12 "/>
</bind>
</comp>

<comp id="1155" class="1004" name="zext_ln53_5_fu_1155">
<pin_list>
<pin id="1156" dir="0" index="0" bw="21" slack="1"/>
<pin id="1157" dir="1" index="1" bw="64" slack="0"/>
</pin_list>
<bind>
<opcode="zext(34) " fcode="zext"/>
<opset="zext_ln53_5/12 "/>
</bind>
</comp>

<comp id="1158" class="1004" name="tmp_mid1_fu_1158">
<pin_list>
<pin id="1159" dir="0" index="0" bw="21" slack="0"/>
<pin id="1160" dir="0" index="1" bw="64" slack="11"/>
<pin id="1161" dir="1" index="2" bw="64" slack="0"/>
</pin_list>
<bind>
<opcode="add(8) " fcode="add"/>
<opset="tmp_mid1/12 "/>
</bind>
</comp>

<comp id="1163" class="1004" name="select_ln38_1_fu_1163">
<pin_list>
<pin id="1164" dir="0" index="0" bw="1" slack="10"/>
<pin id="1165" dir="0" index="1" bw="64" slack="0"/>
<pin id="1166" dir="0" index="2" bw="64" slack="1"/>
<pin id="1167" dir="1" index="3" bw="64" slack="0"/>
</pin_list>
<bind>
<opcode="select(49) " fcode="select"/>
<opset="select_ln38_1/12 "/>
</bind>
</comp>

<comp id="1169" class="1004" name="select_ln39_3_fu_1169">
<pin_list>
<pin id="1170" dir="0" index="0" bw="1" slack="9"/>
<pin id="1171" dir="0" index="1" bw="1" slack="0"/>
<pin id="1172" dir="0" index="2" bw="14" slack="4"/>
<pin id="1173" dir="1" index="3" bw="14" slack="0"/>
</pin_list>
<bind>
<opcode="select(49) " fcode="select"/>
<opset="select_ln39_3/12 "/>
</bind>
</comp>

<comp id="1175" class="1004" name="select_ln40_2_fu_1175">
<pin_list>
<pin id="1176" dir="0" index="0" bw="1" slack="9"/>
<pin id="1177" dir="0" index="1" bw="14" slack="3"/>
<pin id="1178" dir="0" index="2" bw="14" slack="0"/>
<pin id="1179" dir="1" index="3" bw="14" slack="0"/>
</pin_list>
<bind>
<opcode="select(49) " fcode="select"/>
<opset="select_ln40_2/12 "/>
</bind>
</comp>

<comp id="1181" class="1004" name="tmp2_cast_mid1_fu_1181">
<pin_list>
<pin id="1182" dir="0" index="0" bw="8" slack="8"/>
<pin id="1183" dir="1" index="1" bw="14" slack="0"/>
</pin_list>
<bind>
<opcode="zext(34) " fcode="zext"/>
<opset="tmp2_cast_mid1/12 "/>
</bind>
</comp>

<comp id="1184" class="1004" name="tmp1_mid1_fu_1184">
<pin_list>
<pin id="1185" dir="0" index="0" bw="8" slack="0"/>
<pin id="1186" dir="0" index="1" bw="14" slack="0"/>
<pin id="1187" dir="1" index="2" bw="14" slack="1"/>
</pin_list>
<bind>
<opcode="add(8) " fcode="add"/>
<opset="tmp1_mid1/12 "/>
</bind>
</comp>

<comp id="1190" class="1004" name="tmp_6_fu_1190">
<pin_list>
<pin id="1191" dir="0" index="0" bw="62" slack="0"/>
<pin id="1192" dir="0" index="1" bw="64" slack="0"/>
<pin id="1193" dir="0" index="2" bw="3" slack="0"/>
<pin id="1194" dir="0" index="3" bw="7" slack="0"/>
<pin id="1195" dir="1" index="4" bw="62" slack="0"/>
</pin_list>
<bind>
<opcode="partselect(1002) " fcode="partselect"/>
<opset="tmp_6/12 "/>
</bind>
</comp>

<comp id="1200" class="1004" name="tmp_7_fu_1200">
<pin_list>
<pin id="1201" dir="0" index="0" bw="62" slack="0"/>
<pin id="1202" dir="0" index="1" bw="64" slack="0"/>
<pin id="1203" dir="0" index="2" bw="3" slack="0"/>
<pin id="1204" dir="0" index="3" bw="7" slack="0"/>
<pin id="1205" dir="1" index="4" bw="62" slack="0"/>
</pin_list>
<bind>
<opcode="partselect(1002) " fcode="partselect"/>
<opset="tmp_7/12 "/>
</bind>
</comp>

<comp id="1210" class="1004" name="tmp_8_fu_1210">
<pin_list>
<pin id="1211" dir="0" index="0" bw="62" slack="0"/>
<pin id="1212" dir="0" index="1" bw="64" slack="0"/>
<pin id="1213" dir="0" index="2" bw="3" slack="0"/>
<pin id="1214" dir="0" index="3" bw="7" slack="0"/>
<pin id="1215" dir="1" index="4" bw="62" slack="0"/>
</pin_list>
<bind>
<opcode="partselect(1002) " fcode="partselect"/>
<opset="tmp_8/12 "/>
</bind>
</comp>

<comp id="1220" class="1004" name="select_ln38_5_fu_1220">
<pin_list>
<pin id="1221" dir="0" index="0" bw="1" slack="10"/>
<pin id="1222" dir="0" index="1" bw="62" slack="0"/>
<pin id="1223" dir="0" index="2" bw="62" slack="0"/>
<pin id="1224" dir="1" index="3" bw="62" slack="0"/>
</pin_list>
<bind>
<opcode="select(49) " fcode="select"/>
<opset="select_ln38_5/12 "/>
</bind>
</comp>

<comp id="1227" class="1004" name="select_ln39_6_fu_1227">
<pin_list>
<pin id="1228" dir="0" index="0" bw="1" slack="10"/>
<pin id="1229" dir="0" index="1" bw="62" slack="0"/>
<pin id="1230" dir="0" index="2" bw="62" slack="0"/>
<pin id="1231" dir="1" index="3" bw="62" slack="1"/>
</pin_list>
<bind>
<opcode="select(49) " fcode="select"/>
<opset="select_ln39_6/12 "/>
</bind>
</comp>

<comp id="1234" class="1004" name="tmp1_cast_mid172_fu_1234">
<pin_list>
<pin id="1235" dir="0" index="0" bw="14" slack="4"/>
<pin id="1236" dir="1" index="1" bw="64" slack="0"/>
</pin_list>
<bind>
<opcode="zext(34) " fcode="zext"/>
<opset="tmp1_cast_mid172/13 "/>
</bind>
</comp>

<comp id="1237" class="1004" name="p_mid174_fu_1237">
<pin_list>
<pin id="1238" dir="0" index="0" bw="14" slack="0"/>
<pin id="1239" dir="0" index="1" bw="64" slack="1"/>
<pin id="1240" dir="1" index="2" bw="64" slack="0"/>
</pin_list>
<bind>
<opcode="add(8) " fcode="add"/>
<opset="p_mid174/13 "/>
</bind>
</comp>

<comp id="1242" class="1004" name="tmp1_cast_mid1_fu_1242">
<pin_list>
<pin id="1243" dir="0" index="0" bw="14" slack="1"/>
<pin id="1244" dir="1" index="1" bw="64" slack="0"/>
</pin_list>
<bind>
<opcode="zext(34) " fcode="zext"/>
<opset="tmp1_cast_mid1/13 "/>
</bind>
</comp>

<comp id="1245" class="1004" name="p_mid126_fu_1245">
<pin_list>
<pin id="1246" dir="0" index="0" bw="14" slack="0"/>
<pin id="1247" dir="0" index="1" bw="64" slack="1"/>
<pin id="1248" dir="1" index="2" bw="64" slack="0"/>
</pin_list>
<bind>
<opcode="add(8) " fcode="add"/>
<opset="p_mid126/13 "/>
</bind>
</comp>

<comp id="1250" class="1004" name="tmp_4_fu_1250">
<pin_list>
<pin id="1251" dir="0" index="0" bw="62" slack="0"/>
<pin id="1252" dir="0" index="1" bw="64" slack="0"/>
<pin id="1253" dir="0" index="2" bw="3" slack="0"/>
<pin id="1254" dir="0" index="3" bw="7" slack="0"/>
<pin id="1255" dir="1" index="4" bw="62" slack="0"/>
</pin_list>
<bind>
<opcode="partselect(1002) " fcode="partselect"/>
<opset="tmp_4/13 "/>
</bind>
</comp>

<comp id="1260" class="1004" name="tmp_5_fu_1260">
<pin_list>
<pin id="1261" dir="0" index="0" bw="62" slack="0"/>
<pin id="1262" dir="0" index="1" bw="64" slack="0"/>
<pin id="1263" dir="0" index="2" bw="3" slack="0"/>
<pin id="1264" dir="0" index="3" bw="7" slack="0"/>
<pin id="1265" dir="1" index="4" bw="62" slack="0"/>
</pin_list>
<bind>
<opcode="partselect(1002) " fcode="partselect"/>
<opset="tmp_5/13 "/>
</bind>
</comp>

<comp id="1270" class="1004" name="select_ln40_5_fu_1270">
<pin_list>
<pin id="1271" dir="0" index="0" bw="1" slack="10"/>
<pin id="1272" dir="0" index="1" bw="62" slack="0"/>
<pin id="1273" dir="0" index="2" bw="62" slack="1"/>
<pin id="1274" dir="1" index="3" bw="62" slack="0"/>
</pin_list>
<bind>
<opcode="select(49) " fcode="select"/>
<opset="select_ln40_5/13 "/>
</bind>
</comp>

<comp id="1276" class="1004" name="select_ln37_1_fu_1276">
<pin_list>
<pin id="1277" dir="0" index="0" bw="1" slack="10"/>
<pin id="1278" dir="0" index="1" bw="62" slack="0"/>
<pin id="1279" dir="0" index="2" bw="62" slack="0"/>
<pin id="1280" dir="1" index="3" bw="62" slack="0"/>
</pin_list>
<bind>
<opcode="select(49) " fcode="select"/>
<opset="select_ln37_1/13 "/>
</bind>
</comp>

<comp id="1283" class="1004" name="sext_ln37_fu_1283">
<pin_list>
<pin id="1284" dir="0" index="0" bw="62" slack="0"/>
<pin id="1285" dir="1" index="1" bw="64" slack="0"/>
</pin_list>
<bind>
<opcode="sext(35) " fcode="sext"/>
<opset="sext_ln37/13 "/>
</bind>
</comp>

<comp id="1287" class="1004" name="mem1_addr_1_fu_1287">
<pin_list>
<pin id="1288" dir="0" index="0" bw="32" slack="0"/>
<pin id="1289" dir="0" index="1" bw="62" slack="0"/>
<pin id="1290" dir="1" index="2" bw="32" slack="2"/>
</pin_list>
<bind>
<opcode="getelementptr(29) " fcode="getelementptr"/>
<opset="mem1_addr_1/13 "/>
</bind>
</comp>

<comp id="1293" class="1004" name="bitcast_ln53_fu_1293">
<pin_list>
<pin id="1294" dir="0" index="0" bw="32" slack="3"/>
<pin id="1295" dir="1" index="1" bw="32" slack="0"/>
</pin_list>
<bind>
<opcode="bitcast(44) " fcode="bitcast"/>
<opset="bitcast_ln53/82 "/>
</bind>
</comp>

<comp id="1297" class="1004" name="bitcast_ln53_1_fu_1297">
<pin_list>
<pin id="1298" dir="0" index="0" bw="32" slack="1"/>
<pin id="1299" dir="1" index="1" bw="32" slack="0"/>
</pin_list>
<bind>
<opcode="bitcast(44) " fcode="bitcast"/>
<opset="bitcast_ln53_1/82 "/>
</bind>
</comp>

<comp id="1301" class="1004" name="select_ln46_fu_1301">
<pin_list>
<pin id="1302" dir="0" index="0" bw="1" slack="83"/>
<pin id="1303" dir="0" index="1" bw="4" slack="79"/>
<pin id="1304" dir="0" index="2" bw="4" slack="81"/>
<pin id="1305" dir="1" index="3" bw="4" slack="0"/>
</pin_list>
<bind>
<opcode="select(49) " fcode="select"/>
<opset="select_ln46/86 "/>
</bind>
</comp>

<comp id="1306" class="1004" name="bitcast_ln53_2_fu_1306">
<pin_list>
<pin id="1307" dir="0" index="0" bw="32" slack="1"/>
<pin id="1308" dir="1" index="1" bw="32" slack="0"/>
</pin_list>
<bind>
<opcode="bitcast(44) " fcode="bitcast"/>
<opset="bitcast_ln53_2/86 "/>
</bind>
</comp>

<comp id="1310" class="1004" name="add_ln47_fu_1310">
<pin_list>
<pin id="1311" dir="0" index="0" bw="4" slack="82"/>
<pin id="1312" dir="0" index="1" bw="1" slack="0"/>
<pin id="1313" dir="1" index="2" bw="4" slack="0"/>
</pin_list>
<bind>
<opcode="add(8) " fcode="add"/>
<opset="add_ln47/86 "/>
</bind>
</comp>

<comp id="1315" class="1004" name="add_ln46_1_fu_1315">
<pin_list>
<pin id="1316" dir="0" index="0" bw="8" slack="83"/>
<pin id="1317" dir="0" index="1" bw="1" slack="0"/>
<pin id="1318" dir="1" index="2" bw="8" slack="0"/>
</pin_list>
<bind>
<opcode="add(8) " fcode="add"/>
<opset="add_ln46_1/86 "/>
</bind>
</comp>

<comp id="1320" class="1004" name="select_ln46_1_fu_1320">
<pin_list>
<pin id="1321" dir="0" index="0" bw="1" slack="82"/>
<pin id="1322" dir="0" index="1" bw="1" slack="0"/>
<pin id="1323" dir="0" index="2" bw="8" slack="0"/>
<pin id="1324" dir="1" index="3" bw="8" slack="0"/>
</pin_list>
<bind>
<opcode="select(49) " fcode="select"/>
<opset="select_ln46_1/86 "/>
</bind>
</comp>

<comp id="1327" class="1004" name="store_ln47_store_fu_1327">
<pin_list>
<pin id="1328" dir="0" index="0" bw="8" slack="0"/>
<pin id="1329" dir="0" index="1" bw="8" slack="85"/>
<pin id="1330" dir="1" index="2" bw="0" slack="2147483647"/>
</pin_list>
<bind>
<opcode="store(28) " fcode="store"/>
<opset="store_ln47/86 "/>
</bind>
</comp>

<comp id="1332" class="1004" name="store_ln47_store_fu_1332">
<pin_list>
<pin id="1333" dir="0" index="0" bw="4" slack="0"/>
<pin id="1334" dir="0" index="1" bw="4" slack="85"/>
<pin id="1335" dir="1" index="2" bw="0" slack="2147483647"/>
</pin_list>
<bind>
<opcode="store(28) " fcode="store"/>
<opset="store_ln47/86 "/>
</bind>
</comp>

<comp id="1337" class="1004" name="store_ln47_store_fu_1337">
<pin_list>
<pin id="1338" dir="0" index="0" bw="4" slack="0"/>
<pin id="1339" dir="0" index="1" bw="4" slack="85"/>
<pin id="1340" dir="1" index="2" bw="0" slack="2147483647"/>
</pin_list>
<bind>
<opcode="store(28) " fcode="store"/>
<opset="store_ln47/86 "/>
</bind>
</comp>

<comp id="1342" class="1004" name="bitcast_ln53_3_fu_1342">
<pin_list>
<pin id="1343" dir="0" index="0" bw="32" slack="1"/>
<pin id="1344" dir="1" index="1" bw="32" slack="0"/>
</pin_list>
<bind>
<opcode="bitcast(44) " fcode="bitcast"/>
<opset="bitcast_ln53_3/91 "/>
</bind>
</comp>

<comp id="1346" class="1004" name="select_ln39_5_fu_1346">
<pin_list>
<pin id="1347" dir="0" index="0" bw="1" slack="90"/>
<pin id="1348" dir="0" index="1" bw="2" slack="89"/>
<pin id="1349" dir="0" index="2" bw="2" slack="90"/>
<pin id="1350" dir="1" index="3" bw="2" slack="0"/>
</pin_list>
<bind>
<opcode="select(49) " fcode="select"/>
<opset="select_ln39_5/92 "/>
</bind>
</comp>

<comp id="1351" class="1004" name="add_ln42_1_fu_1351">
<pin_list>
<pin id="1352" dir="0" index="0" bw="13" slack="89"/>
<pin id="1353" dir="0" index="1" bw="1" slack="0"/>
<pin id="1354" dir="1" index="2" bw="13" slack="0"/>
</pin_list>
<bind>
<opcode="add(8) " fcode="add"/>
<opset="add_ln42_1/92 "/>
</bind>
</comp>

<comp id="1356" class="1004" name="select_ln42_fu_1356">
<pin_list>
<pin id="1357" dir="0" index="0" bw="1" slack="88"/>
<pin id="1358" dir="0" index="1" bw="1" slack="0"/>
<pin id="1359" dir="0" index="2" bw="13" slack="0"/>
<pin id="1360" dir="1" index="3" bw="13" slack="0"/>
</pin_list>
<bind>
<opcode="select(49) " fcode="select"/>
<opset="select_ln42/92 "/>
</bind>
</comp>

<comp id="1363" class="1004" name="add_ln40_1_fu_1363">
<pin_list>
<pin id="1364" dir="0" index="0" bw="19" slack="90"/>
<pin id="1365" dir="0" index="1" bw="1" slack="0"/>
<pin id="1366" dir="1" index="2" bw="19" slack="0"/>
</pin_list>
<bind>
<opcode="add(8) " fcode="add"/>
<opset="add_ln40_1/92 "/>
</bind>
</comp>

<comp id="1368" class="1004" name="select_ln40_6_fu_1368">
<pin_list>
<pin id="1369" dir="0" index="0" bw="1" slack="89"/>
<pin id="1370" dir="0" index="1" bw="1" slack="0"/>
<pin id="1371" dir="0" index="2" bw="19" slack="0"/>
<pin id="1372" dir="1" index="3" bw="19" slack="0"/>
</pin_list>
<bind>
<opcode="select(49) " fcode="select"/>
<opset="select_ln40_6/92 "/>
</bind>
</comp>

<comp id="1375" class="1004" name="add_ln39_1_fu_1375">
<pin_list>
<pin id="1376" dir="0" index="0" bw="21" slack="90"/>
<pin id="1377" dir="0" index="1" bw="1" slack="0"/>
<pin id="1378" dir="1" index="2" bw="21" slack="0"/>
</pin_list>
<bind>
<opcode="add(8) " fcode="add"/>
<opset="add_ln39_1/92 "/>
</bind>
</comp>

<comp id="1380" class="1004" name="select_ln39_7_fu_1380">
<pin_list>
<pin id="1381" dir="0" index="0" bw="1" slack="90"/>
<pin id="1382" dir="0" index="1" bw="1" slack="0"/>
<pin id="1383" dir="0" index="2" bw="21" slack="0"/>
<pin id="1384" dir="1" index="3" bw="21" slack="0"/>
</pin_list>
<bind>
<opcode="select(49) " fcode="select"/>
<opset="select_ln39_7/92 "/>
</bind>
</comp>

<comp id="1387" class="1004" name="store_ln47_store_fu_1387">
<pin_list>
<pin id="1388" dir="0" index="0" bw="21" slack="0"/>
<pin id="1389" dir="0" index="1" bw="21" slack="91"/>
<pin id="1390" dir="1" index="2" bw="0" slack="2147483647"/>
</pin_list>
<bind>
<opcode="store(28) " fcode="store"/>
<opset="store_ln47/92 "/>
</bind>
</comp>

<comp id="1392" class="1004" name="store_ln47_store_fu_1392">
<pin_list>
<pin id="1393" dir="0" index="0" bw="2" slack="0"/>
<pin id="1394" dir="0" index="1" bw="2" slack="91"/>
<pin id="1395" dir="1" index="2" bw="0" slack="2147483647"/>
</pin_list>
<bind>
<opcode="store(28) " fcode="store"/>
<opset="store_ln47/92 "/>
</bind>
</comp>

<comp id="1397" class="1004" name="store_ln47_store_fu_1397">
<pin_list>
<pin id="1398" dir="0" index="0" bw="19" slack="0"/>
<pin id="1399" dir="0" index="1" bw="19" slack="91"/>
<pin id="1400" dir="1" index="2" bw="0" slack="2147483647"/>
</pin_list>
<bind>
<opcode="store(28) " fcode="store"/>
<opset="store_ln47/92 "/>
</bind>
</comp>

<comp id="1402" class="1004" name="store_ln47_store_fu_1402">
<pin_list>
<pin id="1403" dir="0" index="0" bw="13" slack="0"/>
<pin id="1404" dir="0" index="1" bw="13" slack="91"/>
<pin id="1405" dir="1" index="2" bw="0" slack="2147483647"/>
</pin_list>
<bind>
<opcode="store(28) " fcode="store"/>
<opset="store_ln47/92 "/>
</bind>
</comp>

<comp id="1407" class="1007" name="grp_fu_1407">
<pin_list>
<pin id="1408" dir="0" index="0" bw="9" slack="0"/>
<pin id="1409" dir="0" index="1" bw="10" slack="0"/>
<pin id="1410" dir="1" index="2" bw="19" slack="3"/>
</pin_list>
<bind>
<opcode="mul(12) " fcode="mul"/>
<opset="mul_ln53_3/2 "/>
</bind>
</comp>

<comp id="1413" class="1007" name="grp_fu_1413">
<pin_list>
<pin id="1414" dir="0" index="0" bw="7" slack="0"/>
<pin id="1415" dir="0" index="1" bw="11" slack="0"/>
<pin id="1416" dir="1" index="2" bw="18" slack="0"/>
</pin_list>
<bind>
<opcode="mul(12) " fcode="mul"/>
<opset="mul_ln38/3 "/>
</bind>
</comp>

<comp id="1420" class="1007" name="grp_fu_1420">
<pin_list>
<pin id="1421" dir="0" index="0" bw="9" slack="0"/>
<pin id="1422" dir="0" index="1" bw="10" slack="0"/>
<pin id="1423" dir="1" index="2" bw="19" slack="1"/>
</pin_list>
<bind>
<opcode="mul(12) " fcode="mul"/>
<opset="mul_ln40/4 "/>
</bind>
</comp>

<comp id="1426" class="1007" name="grp_fu_1426">
<pin_list>
<pin id="1427" dir="0" index="0" bw="9" slack="0"/>
<pin id="1428" dir="0" index="1" bw="10" slack="0"/>
<pin id="1429" dir="1" index="2" bw="19" slack="0"/>
</pin_list>
<bind>
<opcode="mul(12) " fcode="mul"/>
<opset="mul_ln37/5 "/>
</bind>
</comp>

<comp id="1433" class="1007" name="grp_fu_1433">
<pin_list>
<pin id="1434" dir="0" index="0" bw="9" slack="0"/>
<pin id="1435" dir="0" index="1" bw="10" slack="0"/>
<pin id="1436" dir="1" index="2" bw="19" slack="0"/>
</pin_list>
<bind>
<opcode="mul(12) " fcode="mul"/>
<opset="mul_ln53_7/6 "/>
</bind>
</comp>

<comp id="1440" class="1007" name="grp_fu_1440">
<pin_list>
<pin id="1441" dir="0" index="0" bw="7" slack="0"/>
<pin id="1442" dir="0" index="1" bw="14" slack="0"/>
<pin id="1443" dir="1" index="2" bw="21" slack="1"/>
</pin_list>
<bind>
<opcode="mul(12) " fcode="mul"/>
<opset="empty/7 "/>
</bind>
</comp>

<comp id="1446" class="1007" name="grp_fu_1446">
<pin_list>
<pin id="1447" dir="0" index="0" bw="7" slack="0"/>
<pin id="1448" dir="0" index="1" bw="14" slack="0"/>
<pin id="1449" dir="1" index="2" bw="21" slack="1"/>
</pin_list>
<bind>
<opcode="mul(12) " fcode="mul"/>
<opset="p_mid1205/8 "/>
</bind>
</comp>

<comp id="1452" class="1005" name="k_reg_1452">
<pin_list>
<pin id="1453" dir="0" index="0" bw="4" slack="0"/>
<pin id="1454" dir="1" index="1" bw="4" slack="0"/>
</pin_list>
<bind>
<opset="k "/>
</bind>
</comp>

<comp id="1459" class="1005" name="j_reg_1459">
<pin_list>
<pin id="1460" dir="0" index="0" bw="4" slack="0"/>
<pin id="1461" dir="1" index="1" bw="4" slack="0"/>
</pin_list>
<bind>
<opset="j "/>
</bind>
</comp>

<comp id="1466" class="1005" name="indvar_flatten13_reg_1466">
<pin_list>
<pin id="1467" dir="0" index="0" bw="8" slack="0"/>
<pin id="1468" dir="1" index="1" bw="8" slack="0"/>
</pin_list>
<bind>
<opset="indvar_flatten13 "/>
</bind>
</comp>

<comp id="1473" class="1005" name="a_reg_1473">
<pin_list>
<pin id="1474" dir="0" index="0" bw="8" slack="0"/>
<pin id="1475" dir="1" index="1" bw="8" slack="0"/>
</pin_list>
<bind>
<opset="a "/>
</bind>
</comp>

<comp id="1480" class="1005" name="indvar_flatten48_reg_1480">
<pin_list>
<pin id="1481" dir="0" index="0" bw="13" slack="0"/>
<pin id="1482" dir="1" index="1" bw="13" slack="0"/>
</pin_list>
<bind>
<opset="indvar_flatten48 "/>
</bind>
</comp>

<comp id="1487" class="1005" name="i_reg_1487">
<pin_list>
<pin id="1488" dir="0" index="0" bw="8" slack="0"/>
<pin id="1489" dir="1" index="1" bw="8" slack="0"/>
</pin_list>
<bind>
<opset="i "/>
</bind>
</comp>

<comp id="1494" class="1005" name="indvar_flatten112_reg_1494">
<pin_list>
<pin id="1495" dir="0" index="0" bw="19" slack="0"/>
<pin id="1496" dir="1" index="1" bw="19" slack="0"/>
</pin_list>
<bind>
<opset="indvar_flatten112 "/>
</bind>
</comp>

<comp id="1501" class="1005" name="m_reg_1501">
<pin_list>
<pin id="1502" dir="0" index="0" bw="2" slack="0"/>
<pin id="1503" dir="1" index="1" bw="2" slack="0"/>
</pin_list>
<bind>
<opset="m "/>
</bind>
</comp>

<comp id="1508" class="1005" name="indvar_flatten188_reg_1508">
<pin_list>
<pin id="1509" dir="0" index="0" bw="21" slack="0"/>
<pin id="1510" dir="1" index="1" bw="21" slack="0"/>
</pin_list>
<bind>
<opset="indvar_flatten188 "/>
</bind>
</comp>

<comp id="1515" class="1005" name="f_reg_1515">
<pin_list>
<pin id="1516" dir="0" index="0" bw="7" slack="0"/>
<pin id="1517" dir="1" index="1" bw="7" slack="0"/>
</pin_list>
<bind>
<opset="f "/>
</bind>
</comp>

<comp id="1522" class="1005" name="indvar_flatten287_reg_1522">
<pin_list>
<pin id="1523" dir="0" index="0" bw="27" slack="0"/>
<pin id="1524" dir="1" index="1" bw="27" slack="0"/>
</pin_list>
<bind>
<opset="indvar_flatten287 "/>
</bind>
</comp>

<comp id="1529" class="1005" name="weights_read_reg_1529">
<pin_list>
<pin id="1530" dir="0" index="0" bw="64" slack="5"/>
<pin id="1531" dir="1" index="1" bw="64" slack="5"/>
</pin_list>
<bind>
<opset="weights_read "/>
</bind>
</comp>

<comp id="1534" class="1005" name="input_fm_read_reg_1534">
<pin_list>
<pin id="1535" dir="0" index="0" bw="64" slack="3"/>
<pin id="1536" dir="1" index="1" bw="64" slack="3"/>
</pin_list>
<bind>
<opset="input_fm_read "/>
</bind>
</comp>

<comp id="1541" class="1005" name="output_fm_read_reg_1541">
<pin_list>
<pin id="1542" dir="0" index="0" bw="64" slack="10"/>
<pin id="1543" dir="1" index="1" bw="64" slack="10"/>
</pin_list>
<bind>
<opset="output_fm_read "/>
</bind>
</comp>

<comp id="1547" class="1005" name="j_1_reg_1547">
<pin_list>
<pin id="1548" dir="0" index="0" bw="4" slack="3"/>
<pin id="1549" dir="1" index="1" bw="4" slack="3"/>
</pin_list>
<bind>
<opset="j_1 "/>
</bind>
</comp>

<comp id="1553" class="1005" name="i_1_reg_1553">
<pin_list>
<pin id="1554" dir="0" index="0" bw="8" slack="2"/>
<pin id="1555" dir="1" index="1" bw="8" slack="2"/>
</pin_list>
<bind>
<opset="i_1 "/>
</bind>
</comp>

<comp id="1559" class="1005" name="indvar_flatten112_load_reg_1559">
<pin_list>
<pin id="1560" dir="0" index="0" bw="19" slack="90"/>
<pin id="1561" dir="1" index="1" bw="19" slack="90"/>
</pin_list>
<bind>
<opset="indvar_flatten112_load "/>
</bind>
</comp>

<comp id="1564" class="1005" name="m_1_reg_1564">
<pin_list>
<pin id="1565" dir="0" index="0" bw="2" slack="2"/>
<pin id="1566" dir="1" index="1" bw="2" slack="2"/>
</pin_list>
<bind>
<opset="m_1 "/>
</bind>
</comp>

<comp id="1569" class="1005" name="indvar_flatten188_load_reg_1569">
<pin_list>
<pin id="1570" dir="0" index="0" bw="21" slack="90"/>
<pin id="1571" dir="1" index="1" bw="21" slack="90"/>
</pin_list>
<bind>
<opset="indvar_flatten188_load "/>
</bind>
</comp>

<comp id="1574" class="1005" name="mul_ln53_1_reg_1574">
<pin_list>
<pin id="1575" dir="0" index="0" bw="20" slack="2"/>
<pin id="1576" dir="1" index="1" bw="20" slack="2"/>
</pin_list>
<bind>
<opset="mul_ln53_1 "/>
</bind>
</comp>

<comp id="1579" class="1005" name="p_cast15_reg_1579">
<pin_list>
<pin id="1580" dir="0" index="0" bw="19" slack="1"/>
<pin id="1581" dir="1" index="1" bw="19" slack="1"/>
</pin_list>
<bind>
<opset="p_cast15 "/>
</bind>
</comp>

<comp id="1584" class="1005" name="tmp_1_reg_1584">
<pin_list>
<pin id="1585" dir="0" index="0" bw="1" slack="2"/>
<pin id="1586" dir="1" index="1" bw="1" slack="2"/>
</pin_list>
<bind>
<opset="tmp_1 "/>
</bind>
</comp>

<comp id="1589" class="1005" name="icmp_ln38_reg_1589">
<pin_list>
<pin id="1590" dir="0" index="0" bw="1" slack="1"/>
<pin id="1591" dir="1" index="1" bw="1" slack="2147483647"/>
</pin_list>
<bind>
<opset="icmp_ln38 "/>
</bind>
</comp>

<comp id="1593" class="1005" name="add_ln38_reg_1593">
<pin_list>
<pin id="1594" dir="0" index="0" bw="27" slack="1"/>
<pin id="1595" dir="1" index="1" bw="27" slack="1"/>
</pin_list>
<bind>
<opset="add_ln38 "/>
</bind>
</comp>

<comp id="1598" class="1005" name="icmp_ln39_reg_1598">
<pin_list>
<pin id="1599" dir="0" index="0" bw="1" slack="1"/>
<pin id="1600" dir="1" index="1" bw="1" slack="1"/>
</pin_list>
<bind>
<opset="icmp_ln39 "/>
</bind>
</comp>

<comp id="1612" class="1005" name="select_ln38_reg_1612">
<pin_list>
<pin id="1613" dir="0" index="0" bw="2" slack="1"/>
<pin id="1614" dir="1" index="1" bw="2" slack="1"/>
</pin_list>
<bind>
<opset="select_ln38 "/>
</bind>
</comp>

<comp id="1618" class="1005" name="xor_ln38_reg_1618">
<pin_list>
<pin id="1619" dir="0" index="0" bw="1" slack="1"/>
<pin id="1620" dir="1" index="1" bw="1" slack="1"/>
</pin_list>
<bind>
<opset="xor_ln38 "/>
</bind>
</comp>

<comp id="1626" class="1005" name="icmp_ln40_reg_1626">
<pin_list>
<pin id="1627" dir="0" index="0" bw="1" slack="1"/>
<pin id="1628" dir="1" index="1" bw="1" slack="1"/>
</pin_list>
<bind>
<opset="icmp_ln40 "/>
</bind>
</comp>

<comp id="1631" class="1005" name="and_ln38_4_reg_1631">
<pin_list>
<pin id="1632" dir="0" index="0" bw="1" slack="1"/>
<pin id="1633" dir="1" index="1" bw="1" slack="1"/>
</pin_list>
<bind>
<opset="and_ln38_4 "/>
</bind>
</comp>

<comp id="1641" class="1005" name="indvar_flatten13_load_reg_1641">
<pin_list>
<pin id="1642" dir="0" index="0" bw="8" slack="83"/>
<pin id="1643" dir="1" index="1" bw="8" slack="83"/>
</pin_list>
<bind>
<opset="indvar_flatten13_load "/>
</bind>
</comp>

<comp id="1646" class="1005" name="indvar_flatten48_load_reg_1646">
<pin_list>
<pin id="1647" dir="0" index="0" bw="13" slack="89"/>
<pin id="1648" dir="1" index="1" bw="13" slack="89"/>
</pin_list>
<bind>
<opset="indvar_flatten48_load "/>
</bind>
</comp>

<comp id="1651" class="1005" name="f_1_reg_1651">
<pin_list>
<pin id="1652" dir="0" index="0" bw="7" slack="4"/>
<pin id="1653" dir="1" index="1" bw="7" slack="4"/>
</pin_list>
<bind>
<opset="f_1 "/>
</bind>
</comp>

<comp id="1656" class="1005" name="k_load_reg_1656">
<pin_list>
<pin id="1657" dir="0" index="0" bw="4" slack="1"/>
<pin id="1658" dir="1" index="1" bw="4" slack="1"/>
</pin_list>
<bind>
<opset="k_load "/>
</bind>
</comp>

<comp id="1661" class="1005" name="add_ln38_2_reg_1661">
<pin_list>
<pin id="1662" dir="0" index="0" bw="7" slack="5"/>
<pin id="1663" dir="1" index="1" bw="7" slack="5"/>
</pin_list>
<bind>
<opset="add_ln38_2 "/>
</bind>
</comp>

<comp id="1666" class="1005" name="zext_ln38_2_reg_1666">
<pin_list>
<pin id="1667" dir="0" index="0" bw="18" slack="1"/>
<pin id="1668" dir="1" index="1" bw="18" slack="1"/>
</pin_list>
<bind>
<opset="zext_ln38_2 "/>
</bind>
</comp>

<comp id="1671" class="1005" name="add_ln39_reg_1671">
<pin_list>
<pin id="1672" dir="0" index="0" bw="2" slack="3"/>
<pin id="1673" dir="1" index="1" bw="2" slack="3"/>
</pin_list>
<bind>
<opset="add_ln39 "/>
</bind>
</comp>

<comp id="1677" class="1005" name="or_ln39_reg_1677">
<pin_list>
<pin id="1678" dir="0" index="0" bw="1" slack="1"/>
<pin id="1679" dir="1" index="1" bw="1" slack="1"/>
</pin_list>
<bind>
<opset="or_ln39 "/>
</bind>
</comp>

<comp id="1686" class="1005" name="mul_ln53_5_reg_1686">
<pin_list>
<pin id="1687" dir="0" index="0" bw="20" slack="1"/>
<pin id="1688" dir="1" index="1" bw="20" slack="1"/>
</pin_list>
<bind>
<opset="mul_ln53_5 "/>
</bind>
</comp>

<comp id="1691" class="1005" name="or_ln39_1_reg_1691">
<pin_list>
<pin id="1692" dir="0" index="0" bw="1" slack="1"/>
<pin id="1693" dir="1" index="1" bw="1" slack="1"/>
</pin_list>
<bind>
<opset="or_ln39_1 "/>
</bind>
</comp>

<comp id="1696" class="1005" name="and_ln39_3_reg_1696">
<pin_list>
<pin id="1697" dir="0" index="0" bw="1" slack="1"/>
<pin id="1698" dir="1" index="1" bw="1" slack="1"/>
</pin_list>
<bind>
<opset="and_ln39_3 "/>
</bind>
</comp>

<comp id="1707" class="1005" name="and_ln40_1_reg_1707">
<pin_list>
<pin id="1708" dir="0" index="0" bw="1" slack="1"/>
<pin id="1709" dir="1" index="1" bw="1" slack="1"/>
</pin_list>
<bind>
<opset="and_ln40_1 "/>
</bind>
</comp>

<comp id="1717" class="1005" name="and_ln37_reg_1717">
<pin_list>
<pin id="1718" dir="0" index="0" bw="1" slack="1"/>
<pin id="1719" dir="1" index="1" bw="1" slack="1"/>
</pin_list>
<bind>
<opset="and_ln37 "/>
</bind>
</comp>

<comp id="1726" class="1005" name="a_1_reg_1726">
<pin_list>
<pin id="1727" dir="0" index="0" bw="8" slack="7"/>
<pin id="1728" dir="1" index="1" bw="8" slack="7"/>
</pin_list>
<bind>
<opset="a_1 "/>
</bind>
</comp>

<comp id="1731" class="1005" name="mul_ln53_reg_1731">
<pin_list>
<pin id="1732" dir="0" index="0" bw="11" slack="2"/>
<pin id="1733" dir="1" index="1" bw="11" slack="2"/>
</pin_list>
<bind>
<opset="mul_ln53 "/>
</bind>
</comp>

<comp id="1736" class="1005" name="tmp_3_reg_1736">
<pin_list>
<pin id="1737" dir="0" index="0" bw="6" slack="4"/>
<pin id="1738" dir="1" index="1" bw="6" slack="4"/>
</pin_list>
<bind>
<opset="tmp_3 "/>
</bind>
</comp>

<comp id="1741" class="1005" name="select_ln39_reg_1741">
<pin_list>
<pin id="1742" dir="0" index="0" bw="8" slack="1"/>
<pin id="1743" dir="1" index="1" bw="8" slack="1"/>
</pin_list>
<bind>
<opset="select_ln39 "/>
</bind>
</comp>

<comp id="1746" class="1005" name="select_ln39_2_reg_1746">
<pin_list>
<pin id="1747" dir="0" index="0" bw="64" slack="6"/>
<pin id="1748" dir="1" index="1" bw="64" slack="6"/>
</pin_list>
<bind>
<opset="select_ln39_2 "/>
</bind>
</comp>

<comp id="1751" class="1005" name="add_ln40_reg_1751">
<pin_list>
<pin id="1752" dir="0" index="0" bw="8" slack="1"/>
<pin id="1753" dir="1" index="1" bw="8" slack="1"/>
</pin_list>
<bind>
<opset="add_ln40 "/>
</bind>
</comp>

<comp id="1756" class="1005" name="or_ln40_1_reg_1756">
<pin_list>
<pin id="1757" dir="0" index="0" bw="1" slack="88"/>
<pin id="1758" dir="1" index="1" bw="1" slack="88"/>
</pin_list>
<bind>
<opset="or_ln40_1 "/>
</bind>
</comp>

<comp id="1761" class="1005" name="select_ln40_reg_1761">
<pin_list>
<pin id="1762" dir="0" index="0" bw="8" slack="1"/>
<pin id="1763" dir="1" index="1" bw="8" slack="1"/>
</pin_list>
<bind>
<opset="select_ln40 "/>
</bind>
</comp>

<comp id="1767" class="1005" name="p_mid_reg_1767">
<pin_list>
<pin id="1768" dir="0" index="0" bw="6" slack="5"/>
<pin id="1769" dir="1" index="1" bw="6" slack="5"/>
</pin_list>
<bind>
<opset="p_mid "/>
</bind>
</comp>

<comp id="1772" class="1005" name="sext_ln40_reg_1772">
<pin_list>
<pin id="1773" dir="0" index="0" bw="19" slack="1"/>
<pin id="1774" dir="1" index="1" bw="19" slack="1"/>
</pin_list>
<bind>
<opset="sext_ln40 "/>
</bind>
</comp>

<comp id="1777" class="1005" name="select_ln40_3_reg_1777">
<pin_list>
<pin id="1778" dir="0" index="0" bw="1" slack="1"/>
<pin id="1779" dir="1" index="1" bw="1" slack="1"/>
</pin_list>
<bind>
<opset="select_ln40_3 "/>
</bind>
</comp>

<comp id="1782" class="1005" name="add_ln42_reg_1782">
<pin_list>
<pin id="1783" dir="0" index="0" bw="8" slack="1"/>
<pin id="1784" dir="1" index="1" bw="8" slack="1"/>
</pin_list>
<bind>
<opset="add_ln42 "/>
</bind>
</comp>

<comp id="1787" class="1005" name="or_ln37_1_reg_1787">
<pin_list>
<pin id="1788" dir="0" index="0" bw="1" slack="1"/>
<pin id="1789" dir="1" index="1" bw="1" slack="1"/>
</pin_list>
<bind>
<opset="or_ln37_1 "/>
</bind>
</comp>

<comp id="1794" class="1005" name="select_ln53_reg_1794">
<pin_list>
<pin id="1795" dir="0" index="0" bw="4" slack="1"/>
<pin id="1796" dir="1" index="1" bw="4" slack="1"/>
</pin_list>
<bind>
<opset="select_ln53 "/>
</bind>
</comp>

<comp id="1801" class="1005" name="mul_ln53_2_reg_1801">
<pin_list>
<pin id="1802" dir="0" index="0" bw="9" slack="2"/>
<pin id="1803" dir="1" index="1" bw="9" slack="2"/>
</pin_list>
<bind>
<opset="mul_ln53_2 "/>
</bind>
</comp>

<comp id="1806" class="1005" name="mul_ln53_3_reg_1806">
<pin_list>
<pin id="1807" dir="0" index="0" bw="19" slack="3"/>
<pin id="1808" dir="1" index="1" bw="19" slack="3"/>
</pin_list>
<bind>
<opset="mul_ln53_3 "/>
</bind>
</comp>

<comp id="1811" class="1005" name="select_ln37_reg_1811">
<pin_list>
<pin id="1812" dir="0" index="0" bw="4" slack="2"/>
<pin id="1813" dir="1" index="1" bw="4" slack="2"/>
</pin_list>
<bind>
<opset="select_ln37 "/>
</bind>
</comp>

<comp id="1817" class="1005" name="sext_ln37_1_reg_1817">
<pin_list>
<pin id="1818" dir="0" index="0" bw="19" slack="1"/>
<pin id="1819" dir="1" index="1" bw="19" slack="1"/>
</pin_list>
<bind>
<opset="sext_ln37_1 "/>
</bind>
</comp>

<comp id="1822" class="1005" name="p_mid1_reg_1822">
<pin_list>
<pin id="1823" dir="0" index="0" bw="9" slack="1"/>
<pin id="1824" dir="1" index="1" bw="9" slack="1"/>
</pin_list>
<bind>
<opset="p_mid1 "/>
</bind>
</comp>

<comp id="1827" class="1005" name="add_ln52_reg_1827">
<pin_list>
<pin id="1828" dir="0" index="0" bw="9" slack="4"/>
<pin id="1829" dir="1" index="1" bw="9" slack="4"/>
</pin_list>
<bind>
<opset="add_ln52 "/>
</bind>
</comp>

<comp id="1832" class="1005" name="and_ln52_reg_1832">
<pin_list>
<pin id="1833" dir="0" index="0" bw="1" slack="3"/>
<pin id="1834" dir="1" index="1" bw="1" slack="2147483647"/>
</pin_list>
<bind>
<opset="and_ln52 "/>
</bind>
</comp>

<comp id="1836" class="1005" name="add_ln38_1_reg_1836">
<pin_list>
<pin id="1837" dir="0" index="0" bw="64" slack="2"/>
<pin id="1838" dir="1" index="1" bw="64" slack="2"/>
</pin_list>
<bind>
<opset="add_ln38_1 "/>
</bind>
</comp>

<comp id="1841" class="1005" name="select_ln39_1_reg_1841">
<pin_list>
<pin id="1842" dir="0" index="0" bw="11" slack="2"/>
<pin id="1843" dir="1" index="1" bw="11" slack="2"/>
</pin_list>
<bind>
<opset="select_ln39_1 "/>
</bind>
</comp>

<comp id="1846" class="1005" name="sext_ln53_2_reg_1846">
<pin_list>
<pin id="1847" dir="0" index="0" bw="19" slack="1"/>
<pin id="1848" dir="1" index="1" bw="19" slack="1"/>
</pin_list>
<bind>
<opset="sext_ln53_2 "/>
</bind>
</comp>

<comp id="1851" class="1005" name="zext_ln38_reg_1851">
<pin_list>
<pin id="1852" dir="0" index="0" bw="21" slack="1"/>
<pin id="1853" dir="1" index="1" bw="21" slack="1"/>
</pin_list>
<bind>
<opset="zext_ln38 "/>
</bind>
</comp>

<comp id="1856" class="1005" name="mul_ln40_reg_1856">
<pin_list>
<pin id="1857" dir="0" index="0" bw="19" slack="1"/>
<pin id="1858" dir="1" index="1" bw="19" slack="1"/>
</pin_list>
<bind>
<opset="mul_ln40 "/>
</bind>
</comp>

<comp id="1861" class="1005" name="add_ln46_reg_1861">
<pin_list>
<pin id="1862" dir="0" index="0" bw="4" slack="79"/>
<pin id="1863" dir="1" index="1" bw="4" slack="79"/>
</pin_list>
<bind>
<opset="add_ln46 "/>
</bind>
</comp>

<comp id="1866" class="1005" name="select_ln53_2_reg_1866">
<pin_list>
<pin id="1867" dir="0" index="0" bw="9" slack="1"/>
<pin id="1868" dir="1" index="1" bw="9" slack="1"/>
</pin_list>
<bind>
<opset="select_ln53_2 "/>
</bind>
</comp>

<comp id="1871" class="1005" name="empty_26_reg_1871">
<pin_list>
<pin id="1872" dir="0" index="0" bw="14" slack="4"/>
<pin id="1873" dir="1" index="1" bw="14" slack="4"/>
</pin_list>
<bind>
<opset="empty_26 "/>
</bind>
</comp>

<comp id="1877" class="1005" name="zext_ln38_1_reg_1877">
<pin_list>
<pin id="1878" dir="0" index="0" bw="21" slack="1"/>
<pin id="1879" dir="1" index="1" bw="21" slack="1"/>
</pin_list>
<bind>
<opset="zext_ln38_1 "/>
</bind>
</comp>

<comp id="1882" class="1005" name="select_ln37_5_reg_1882">
<pin_list>
<pin id="1883" dir="0" index="0" bw="19" slack="1"/>
<pin id="1884" dir="1" index="1" bw="19" slack="1"/>
</pin_list>
<bind>
<opset="select_ln37_5 "/>
</bind>
</comp>

<comp id="1887" class="1005" name="mem2_addr_reg_1887">
<pin_list>
<pin id="1888" dir="0" index="0" bw="32" slack="1"/>
<pin id="1889" dir="1" index="1" bw="32" slack="1"/>
</pin_list>
<bind>
<opset="mem2_addr "/>
</bind>
</comp>

<comp id="1893" class="1005" name="p_mid164_reg_1893">
<pin_list>
<pin id="1894" dir="0" index="0" bw="14" slack="3"/>
<pin id="1895" dir="1" index="1" bw="14" slack="3"/>
</pin_list>
<bind>
<opset="p_mid164 "/>
</bind>
</comp>

<comp id="1899" class="1005" name="add_ln53_5_reg_1899">
<pin_list>
<pin id="1900" dir="0" index="0" bw="19" slack="1"/>
<pin id="1901" dir="1" index="1" bw="19" slack="1"/>
</pin_list>
<bind>
<opset="add_ln53_5 "/>
</bind>
</comp>

<comp id="1904" class="1005" name="empty_reg_1904">
<pin_list>
<pin id="1905" dir="0" index="0" bw="21" slack="1"/>
<pin id="1906" dir="1" index="1" bw="21" slack="1"/>
</pin_list>
<bind>
<opset="empty "/>
</bind>
</comp>

<comp id="1909" class="1005" name="mem1_addr_reg_1909">
<pin_list>
<pin id="1910" dir="0" index="0" bw="32" slack="1"/>
<pin id="1911" dir="1" index="1" bw="32" slack="1"/>
</pin_list>
<bind>
<opset="mem1_addr "/>
</bind>
</comp>

<comp id="1915" class="1005" name="tmp_reg_1915">
<pin_list>
<pin id="1916" dir="0" index="0" bw="64" slack="1"/>
<pin id="1917" dir="1" index="1" bw="64" slack="1"/>
</pin_list>
<bind>
<opset="tmp "/>
</bind>
</comp>

<comp id="1921" class="1005" name="tmp2_reg_1921">
<pin_list>
<pin id="1922" dir="0" index="0" bw="8" slack="1"/>
<pin id="1923" dir="1" index="1" bw="8" slack="1"/>
</pin_list>
<bind>
<opset="tmp2 "/>
</bind>
</comp>

<comp id="1926" class="1005" name="p_mid1205_reg_1926">
<pin_list>
<pin id="1927" dir="0" index="0" bw="21" slack="1"/>
<pin id="1928" dir="1" index="1" bw="21" slack="1"/>
</pin_list>
<bind>
<opset="p_mid1205 "/>
</bind>
</comp>

<comp id="1931" class="1005" name="select_ln38_1_reg_1931">
<pin_list>
<pin id="1932" dir="0" index="0" bw="64" slack="1"/>
<pin id="1933" dir="1" index="1" bw="64" slack="1"/>
</pin_list>
<bind>
<opset="select_ln38_1 "/>
</bind>
</comp>

<comp id="1937" class="1005" name="tmp1_mid1_reg_1937">
<pin_list>
<pin id="1938" dir="0" index="0" bw="14" slack="1"/>
<pin id="1939" dir="1" index="1" bw="14" slack="1"/>
</pin_list>
<bind>
<opset="tmp1_mid1 "/>
</bind>
</comp>

<comp id="1942" class="1005" name="select_ln39_6_reg_1942">
<pin_list>
<pin id="1943" dir="0" index="0" bw="62" slack="1"/>
<pin id="1944" dir="1" index="1" bw="62" slack="1"/>
</pin_list>
<bind>
<opset="select_ln39_6 "/>
</bind>
</comp>

<comp id="1947" class="1005" name="mem1_addr_1_reg_1947">
<pin_list>
<pin id="1948" dir="0" index="0" bw="32" slack="2"/>
<pin id="1949" dir="1" index="1" bw="32" slack="2"/>
</pin_list>
<bind>
<opset="mem1_addr_1 "/>
</bind>
</comp>

<comp id="1954" class="1005" name="mem2_addr_read_reg_1954">
<pin_list>
<pin id="1955" dir="0" index="0" bw="32" slack="3"/>
<pin id="1956" dir="1" index="1" bw="32" slack="3"/>
</pin_list>
<bind>
<opset="mem2_addr_read "/>
</bind>
</comp>

<comp id="1959" class="1005" name="mem1_addr_read_reg_1959">
<pin_list>
<pin id="1960" dir="0" index="0" bw="32" slack="1"/>
<pin id="1961" dir="1" index="1" bw="32" slack="1"/>
</pin_list>
<bind>
<opset="mem1_addr_read "/>
</bind>
</comp>

<comp id="1964" class="1005" name="bitcast_ln53_reg_1964">
<pin_list>
<pin id="1965" dir="0" index="0" bw="32" slack="1"/>
<pin id="1966" dir="1" index="1" bw="32" slack="1"/>
</pin_list>
<bind>
<opset="bitcast_ln53 "/>
</bind>
</comp>

<comp id="1969" class="1005" name="bitcast_ln53_1_reg_1969">
<pin_list>
<pin id="1970" dir="0" index="0" bw="32" slack="1"/>
<pin id="1971" dir="1" index="1" bw="32" slack="1"/>
</pin_list>
<bind>
<opset="bitcast_ln53_1 "/>
</bind>
</comp>

<comp id="1974" class="1005" name="mul_reg_1974">
<pin_list>
<pin id="1975" dir="0" index="0" bw="32" slack="1"/>
<pin id="1976" dir="1" index="1" bw="32" slack="1"/>
</pin_list>
<bind>
<opset="mul "/>
</bind>
</comp>

<comp id="1979" class="1005" name="mem1_addr_1_read_reg_1979">
<pin_list>
<pin id="1980" dir="0" index="0" bw="32" slack="1"/>
<pin id="1981" dir="1" index="1" bw="32" slack="1"/>
</pin_list>
<bind>
<opset="mem1_addr_1_read "/>
</bind>
</comp>

<comp id="1984" class="1005" name="bitcast_ln53_2_reg_1984">
<pin_list>
<pin id="1985" dir="0" index="0" bw="32" slack="1"/>
<pin id="1986" dir="1" index="1" bw="32" slack="1"/>
</pin_list>
<bind>
<opset="bitcast_ln53_2 "/>
</bind>
</comp>

<comp id="1989" class="1005" name="add_reg_1989">
<pin_list>
<pin id="1990" dir="0" index="0" bw="32" slack="1"/>
<pin id="1991" dir="1" index="1" bw="32" slack="1"/>
</pin_list>
<bind>
<opset="add "/>
</bind>
</comp>

</comp_list>

<net_list>
<net id="173"><net_src comp="10" pin="0"/><net_sink comp="170" pin=0"/></net>

<net id="177"><net_src comp="10" pin="0"/><net_sink comp="174" pin=0"/></net>

<net id="181"><net_src comp="10" pin="0"/><net_sink comp="178" pin=0"/></net>

<net id="185"><net_src comp="10" pin="0"/><net_sink comp="182" pin=0"/></net>

<net id="189"><net_src comp="10" pin="0"/><net_sink comp="186" pin=0"/></net>

<net id="193"><net_src comp="10" pin="0"/><net_sink comp="190" pin=0"/></net>

<net id="197"><net_src comp="10" pin="0"/><net_sink comp="194" pin=0"/></net>

<net id="201"><net_src comp="10" pin="0"/><net_sink comp="198" pin=0"/></net>

<net id="205"><net_src comp="10" pin="0"/><net_sink comp="202" pin=0"/></net>

<net id="209"><net_src comp="10" pin="0"/><net_sink comp="206" pin=0"/></net>

<net id="213"><net_src comp="10" pin="0"/><net_sink comp="210" pin=0"/></net>

<net id="218"><net_src comp="36" pin="0"/><net_sink comp="214" pin=0"/></net>

<net id="219"><net_src comp="8" pin="0"/><net_sink comp="214" pin=1"/></net>

<net id="224"><net_src comp="36" pin="0"/><net_sink comp="220" pin=0"/></net>

<net id="225"><net_src comp="6" pin="0"/><net_sink comp="220" pin=1"/></net>

<net id="230"><net_src comp="36" pin="0"/><net_sink comp="226" pin=0"/></net>

<net id="231"><net_src comp="4" pin="0"/><net_sink comp="226" pin=1"/></net>

<net id="237"><net_src comp="122" pin="0"/><net_sink comp="232" pin=0"/></net>

<net id="238"><net_src comp="10" pin="0"/><net_sink comp="232" pin=2"/></net>

<net id="244"><net_src comp="122" pin="0"/><net_sink comp="239" pin=0"/></net>

<net id="245"><net_src comp="10" pin="0"/><net_sink comp="239" pin=2"/></net>

<net id="251"><net_src comp="122" pin="0"/><net_sink comp="246" pin=0"/></net>

<net id="252"><net_src comp="10" pin="0"/><net_sink comp="246" pin=2"/></net>

<net id="257"><net_src comp="134" pin="0"/><net_sink comp="253" pin=0"/></net>

<net id="262"><net_src comp="134" pin="0"/><net_sink comp="258" pin=0"/></net>

<net id="267"><net_src comp="134" pin="0"/><net_sink comp="263" pin=0"/></net>

<net id="268"><net_src comp="138" pin="0"/><net_sink comp="246" pin=0"/></net>

<net id="275"><net_src comp="140" pin="0"/><net_sink comp="269" pin=0"/></net>

<net id="276"><net_src comp="142" pin="0"/><net_sink comp="269" pin=3"/></net>

<net id="277"><net_src comp="162" pin="0"/><net_sink comp="246" pin=0"/></net>

<net id="290"><net_src comp="38" pin="0"/><net_sink comp="286" pin=0"/></net>

<net id="295"><net_src comp="40" pin="0"/><net_sink comp="291" pin=0"/></net>

<net id="300"><net_src comp="42" pin="0"/><net_sink comp="296" pin=0"/></net>

<net id="305"><net_src comp="44" pin="0"/><net_sink comp="301" pin=0"/></net>

<net id="310"><net_src comp="46" pin="0"/><net_sink comp="306" pin=0"/></net>

<net id="315"><net_src comp="48" pin="0"/><net_sink comp="311" pin=0"/></net>

<net id="320"><net_src comp="50" pin="0"/><net_sink comp="316" pin=0"/></net>

<net id="325"><net_src comp="48" pin="0"/><net_sink comp="321" pin=0"/></net>

<net id="330"><net_src comp="52" pin="0"/><net_sink comp="326" pin=0"/></net>

<net id="335"><net_src comp="54" pin="0"/><net_sink comp="331" pin=0"/></net>

<net id="340"><net_src comp="54" pin="0"/><net_sink comp="336" pin=0"/></net>

<net id="362"><net_src comp="350" pin="1"/><net_sink comp="359" pin=0"/></net>

<net id="367"><net_src comp="359" pin="1"/><net_sink comp="363" pin=0"/></net>

<net id="368"><net_src comp="56" pin="0"/><net_sink comp="363" pin=1"/></net>

<net id="372"><net_src comp="344" pin="1"/><net_sink comp="369" pin=0"/></net>

<net id="377"><net_src comp="341" pin="1"/><net_sink comp="373" pin=0"/></net>

<net id="378"><net_src comp="58" pin="0"/><net_sink comp="373" pin=1"/></net>

<net id="382"><net_src comp="373" pin="2"/><net_sink comp="379" pin=0"/></net>

<net id="387"><net_src comp="379" pin="1"/><net_sink comp="383" pin=0"/></net>

<net id="388"><net_src comp="369" pin="1"/><net_sink comp="383" pin=1"/></net>

<net id="392"><net_src comp="383" pin="2"/><net_sink comp="389" pin=0"/></net>

<net id="398"><net_src comp="60" pin="0"/><net_sink comp="393" pin=0"/></net>

<net id="399"><net_src comp="383" pin="2"/><net_sink comp="393" pin=1"/></net>

<net id="400"><net_src comp="62" pin="0"/><net_sink comp="393" pin=2"/></net>

<net id="405"><net_src comp="356" pin="1"/><net_sink comp="401" pin=0"/></net>

<net id="406"><net_src comp="66" pin="0"/><net_sink comp="401" pin=1"/></net>

<net id="411"><net_src comp="356" pin="1"/><net_sink comp="407" pin=0"/></net>

<net id="412"><net_src comp="68" pin="0"/><net_sink comp="407" pin=1"/></net>

<net id="417"><net_src comp="353" pin="1"/><net_sink comp="413" pin=0"/></net>

<net id="418"><net_src comp="70" pin="0"/><net_sink comp="413" pin=1"/></net>

<net id="424"><net_src comp="413" pin="2"/><net_sink comp="419" pin=0"/></net>

<net id="425"><net_src comp="44" pin="0"/><net_sink comp="419" pin=1"/></net>

<net id="426"><net_src comp="350" pin="1"/><net_sink comp="419" pin=2"/></net>

<net id="431"><net_src comp="413" pin="2"/><net_sink comp="427" pin=0"/></net>

<net id="432"><net_src comp="72" pin="0"/><net_sink comp="427" pin=1"/></net>

<net id="437"><net_src comp="347" pin="1"/><net_sink comp="433" pin=0"/></net>

<net id="438"><net_src comp="74" pin="0"/><net_sink comp="433" pin=1"/></net>

<net id="443"><net_src comp="433" pin="2"/><net_sink comp="439" pin=0"/></net>

<net id="444"><net_src comp="427" pin="2"/><net_sink comp="439" pin=1"/></net>

<net id="461"><net_src comp="451" pin="1"/><net_sink comp="457" pin=0"/></net>

<net id="462"><net_src comp="76" pin="0"/><net_sink comp="457" pin=1"/></net>

<net id="468"><net_src comp="457" pin="2"/><net_sink comp="463" pin=1"/></net>

<net id="469"><net_src comp="451" pin="1"/><net_sink comp="463" pin=2"/></net>

<net id="473"><net_src comp="463" pin="3"/><net_sink comp="470" pin=0"/></net>

<net id="478"><net_src comp="454" pin="1"/><net_sink comp="474" pin=0"/></net>

<net id="479"><net_src comp="58" pin="0"/><net_sink comp="474" pin=1"/></net>

<net id="484"><net_src comp="445" pin="1"/><net_sink comp="480" pin=0"/></net>

<net id="485"><net_src comp="80" pin="0"/><net_sink comp="480" pin=1"/></net>

<net id="490"><net_src comp="480" pin="2"/><net_sink comp="486" pin=0"/></net>

<net id="495"><net_src comp="448" pin="1"/><net_sink comp="491" pin=0"/></net>

<net id="496"><net_src comp="82" pin="0"/><net_sink comp="491" pin=1"/></net>

<net id="501"><net_src comp="491" pin="2"/><net_sink comp="497" pin=0"/></net>

<net id="506"><net_src comp="84" pin="0"/><net_sink comp="502" pin=1"/></net>

<net id="514"><net_src comp="502" pin="2"/><net_sink comp="511" pin=0"/></net>

<net id="519"><net_src comp="511" pin="1"/><net_sink comp="515" pin=0"/></net>

<net id="520"><net_src comp="56" pin="0"/><net_sink comp="515" pin=1"/></net>

<net id="525"><net_src comp="72" pin="0"/><net_sink comp="521" pin=1"/></net>

<net id="530"><net_src comp="521" pin="2"/><net_sink comp="526" pin=1"/></net>

<net id="535"><net_src comp="486" pin="2"/><net_sink comp="531" pin=0"/></net>

<net id="536"><net_src comp="526" pin="2"/><net_sink comp="531" pin=1"/></net>

<net id="541"><net_src comp="497" pin="2"/><net_sink comp="537" pin=0"/></net>

<net id="542"><net_src comp="526" pin="2"/><net_sink comp="537" pin=1"/></net>

<net id="547"><net_src comp="537" pin="2"/><net_sink comp="543" pin=0"/></net>

<net id="548"><net_src comp="72" pin="0"/><net_sink comp="543" pin=1"/></net>

<net id="553"><net_src comp="531" pin="2"/><net_sink comp="549" pin=0"/></net>

<net id="554"><net_src comp="543" pin="2"/><net_sink comp="549" pin=1"/></net>

<net id="559"><net_src comp="531" pin="2"/><net_sink comp="555" pin=0"/></net>

<net id="560"><net_src comp="72" pin="0"/><net_sink comp="555" pin=1"/></net>

<net id="565"><net_src comp="537" pin="2"/><net_sink comp="561" pin=0"/></net>

<net id="566"><net_src comp="555" pin="2"/><net_sink comp="561" pin=1"/></net>

<net id="571"><net_src comp="474" pin="2"/><net_sink comp="567" pin=0"/></net>

<net id="576"><net_src comp="567" pin="2"/><net_sink comp="572" pin=0"/></net>

<net id="577"><net_src comp="526" pin="2"/><net_sink comp="572" pin=1"/></net>

<net id="582"><net_src comp="572" pin="2"/><net_sink comp="578" pin=0"/></net>

<net id="583"><net_src comp="543" pin="2"/><net_sink comp="578" pin=1"/></net>

<net id="588"><net_src comp="578" pin="2"/><net_sink comp="584" pin=0"/></net>

<net id="589"><net_src comp="561" pin="2"/><net_sink comp="584" pin=1"/></net>

<net id="598"><net_src comp="463" pin="3"/><net_sink comp="594" pin=0"/></net>

<net id="609"><net_src comp="602" pin="1"/><net_sink comp="605" pin=0"/></net>

<net id="610"><net_src comp="86" pin="0"/><net_sink comp="605" pin=1"/></net>

<net id="618"><net_src comp="611" pin="1"/><net_sink comp="614" pin=0"/></net>

<net id="623"><net_src comp="88" pin="0"/><net_sink comp="619" pin=1"/></net>

<net id="630"><net_src comp="90" pin="0"/><net_sink comp="624" pin=0"/></net>

<net id="631"><net_src comp="619" pin="2"/><net_sink comp="624" pin=1"/></net>

<net id="632"><net_src comp="92" pin="0"/><net_sink comp="624" pin=2"/></net>

<net id="633"><net_src comp="94" pin="0"/><net_sink comp="624" pin=3"/></net>

<net id="638"><net_src comp="72" pin="0"/><net_sink comp="634" pin=1"/></net>

<net id="644"><net_src comp="614" pin="2"/><net_sink comp="639" pin=2"/></net>

<net id="649"><net_src comp="634" pin="2"/><net_sink comp="645" pin=0"/></net>

<net id="655"><net_src comp="48" pin="0"/><net_sink comp="650" pin=1"/></net>

<net id="663"><net_src comp="656" pin="1"/><net_sink comp="659" pin=0"/></net>

<net id="669"><net_src comp="659" pin="2"/><net_sink comp="664" pin=1"/></net>

<net id="670"><net_src comp="639" pin="3"/><net_sink comp="664" pin=2"/></net>

<net id="675"><net_src comp="645" pin="2"/><net_sink comp="671" pin=0"/></net>

<net id="680"><net_src comp="650" pin="3"/><net_sink comp="676" pin=0"/></net>

<net id="681"><net_src comp="48" pin="0"/><net_sink comp="676" pin=1"/></net>

<net id="690"><net_src comp="682" pin="2"/><net_sink comp="686" pin=0"/></net>

<net id="696"><net_src comp="686" pin="2"/><net_sink comp="691" pin=0"/></net>

<net id="697"><net_src comp="48" pin="0"/><net_sink comp="691" pin=1"/></net>

<net id="698"><net_src comp="599" pin="1"/><net_sink comp="691" pin=2"/></net>

<net id="702"><net_src comp="676" pin="2"/><net_sink comp="699" pin=0"/></net>

<net id="709"><net_src comp="90" pin="0"/><net_sink comp="703" pin=0"/></net>

<net id="710"><net_src comp="650" pin="3"/><net_sink comp="703" pin=1"/></net>

<net id="711"><net_src comp="92" pin="0"/><net_sink comp="703" pin=2"/></net>

<net id="712"><net_src comp="94" pin="0"/><net_sink comp="703" pin=3"/></net>

<net id="717"><net_src comp="699" pin="1"/><net_sink comp="713" pin=0"/></net>

<net id="718"><net_src comp="96" pin="0"/><net_sink comp="713" pin=1"/></net>

<net id="722"><net_src comp="713" pin="2"/><net_sink comp="719" pin=0"/></net>

<net id="728"><net_src comp="60" pin="0"/><net_sink comp="723" pin=0"/></net>

<net id="729"><net_src comp="713" pin="2"/><net_sink comp="723" pin=1"/></net>

<net id="730"><net_src comp="62" pin="0"/><net_sink comp="723" pin=2"/></net>

<net id="735"><net_src comp="723" pin="3"/><net_sink comp="731" pin=0"/></net>

<net id="736"><net_src comp="72" pin="0"/><net_sink comp="731" pin=1"/></net>

<net id="742"><net_src comp="731" pin="2"/><net_sink comp="737" pin=1"/></net>

<net id="743"><net_src comp="671" pin="2"/><net_sink comp="737" pin=2"/></net>

<net id="748"><net_src comp="691" pin="3"/><net_sink comp="744" pin=0"/></net>

<net id="749"><net_src comp="48" pin="0"/><net_sink comp="744" pin=1"/></net>

<net id="758"><net_src comp="750" pin="2"/><net_sink comp="754" pin=0"/></net>

<net id="763"><net_src comp="682" pin="2"/><net_sink comp="759" pin=0"/></net>

<net id="768"><net_src comp="759" pin="2"/><net_sink comp="764" pin=1"/></net>

<net id="773"><net_src comp="764" pin="2"/><net_sink comp="769" pin=0"/></net>

<net id="779"><net_src comp="769" pin="2"/><net_sink comp="774" pin=0"/></net>

<net id="780"><net_src comp="54" pin="0"/><net_sink comp="774" pin=1"/></net>

<net id="788"><net_src comp="781" pin="1"/><net_sink comp="784" pin=0"/></net>

<net id="789"><net_src comp="98" pin="0"/><net_sink comp="784" pin=1"/></net>

<net id="798"><net_src comp="790" pin="3"/><net_sink comp="795" pin=0"/></net>

<net id="804"><net_src comp="54" pin="0"/><net_sink comp="799" pin=1"/></net>

<net id="813"><net_src comp="805" pin="3"/><net_sink comp="810" pin=0"/></net>

<net id="818"><net_src comp="795" pin="1"/><net_sink comp="814" pin=0"/></net>

<net id="819"><net_src comp="96" pin="0"/><net_sink comp="814" pin=1"/></net>

<net id="823"><net_src comp="814" pin="2"/><net_sink comp="820" pin=0"/></net>

<net id="829"><net_src comp="60" pin="0"/><net_sink comp="824" pin=0"/></net>

<net id="830"><net_src comp="814" pin="2"/><net_sink comp="824" pin=1"/></net>

<net id="831"><net_src comp="62" pin="0"/><net_sink comp="824" pin=2"/></net>

<net id="836"><net_src comp="824" pin="3"/><net_sink comp="832" pin=0"/></net>

<net id="837"><net_src comp="72" pin="0"/><net_sink comp="832" pin=1"/></net>

<net id="843"><net_src comp="832" pin="2"/><net_sink comp="838" pin=1"/></net>

<net id="848"><net_src comp="799" pin="3"/><net_sink comp="844" pin=0"/></net>

<net id="849"><net_src comp="100" pin="0"/><net_sink comp="844" pin=1"/></net>

<net id="853"><net_src comp="844" pin="2"/><net_sink comp="850" pin=0"/></net>

<net id="858"><net_src comp="850" pin="1"/><net_sink comp="854" pin=0"/></net>

<net id="859"><net_src comp="795" pin="1"/><net_sink comp="854" pin=1"/></net>

<net id="865"><net_src comp="60" pin="0"/><net_sink comp="860" pin=0"/></net>

<net id="866"><net_src comp="854" pin="2"/><net_sink comp="860" pin=1"/></net>

<net id="867"><net_src comp="62" pin="0"/><net_sink comp="860" pin=2"/></net>

<net id="872"><net_src comp="860" pin="3"/><net_sink comp="868" pin=0"/></net>

<net id="873"><net_src comp="72" pin="0"/><net_sink comp="868" pin=1"/></net>

<net id="879"><net_src comp="868" pin="2"/><net_sink comp="874" pin=1"/></net>

<net id="880"><net_src comp="838" pin="3"/><net_sink comp="874" pin=2"/></net>

<net id="885"><net_src comp="58" pin="0"/><net_sink comp="881" pin=1"/></net>

<net id="889"><net_src comp="881" pin="2"/><net_sink comp="886" pin=0"/></net>

<net id="894"><net_src comp="886" pin="1"/><net_sink comp="890" pin=0"/></net>

<net id="895"><net_src comp="810" pin="1"/><net_sink comp="890" pin=1"/></net>

<net id="900"><net_src comp="890" pin="2"/><net_sink comp="896" pin=0"/></net>

<net id="901"><net_src comp="102" pin="0"/><net_sink comp="896" pin=1"/></net>

<net id="906"><net_src comp="896" pin="2"/><net_sink comp="902" pin=0"/></net>

<net id="907"><net_src comp="874" pin="3"/><net_sink comp="902" pin=1"/></net>

<net id="912"><net_src comp="790" pin="3"/><net_sink comp="908" pin=0"/></net>

<net id="917"><net_src comp="805" pin="3"/><net_sink comp="913" pin=0"/></net>

<net id="925"><net_src comp="918" pin="1"/><net_sink comp="921" pin=0"/></net>

<net id="931"><net_src comp="104" pin="0"/><net_sink comp="926" pin=1"/></net>

<net id="939"><net_src comp="932" pin="1"/><net_sink comp="935" pin=0"/></net>

<net id="940"><net_src comp="86" pin="0"/><net_sink comp="935" pin=1"/></net>

<net id="946"><net_src comp="935" pin="2"/><net_sink comp="941" pin=1"/></net>

<net id="947"><net_src comp="926" pin="3"/><net_sink comp="941" pin=2"/></net>

<net id="959"><net_src comp="108" pin="0"/><net_sink comp="954" pin=1"/></net>

<net id="964"><net_src comp="110" pin="0"/><net_sink comp="960" pin=1"/></net>

<net id="968"><net_src comp="960" pin="2"/><net_sink comp="965" pin=0"/></net>

<net id="973"><net_src comp="965" pin="1"/><net_sink comp="969" pin=0"/></net>

<net id="974"><net_src comp="98" pin="0"/><net_sink comp="969" pin=1"/></net>

<net id="980"><net_src comp="969" pin="2"/><net_sink comp="975" pin=1"/></net>

<net id="981"><net_src comp="954" pin="3"/><net_sink comp="975" pin=2"/></net>

<net id="989"><net_src comp="982" pin="1"/><net_sink comp="985" pin=0"/></net>

<net id="990"><net_src comp="112" pin="0"/><net_sink comp="985" pin=1"/></net>

<net id="999"><net_src comp="114" pin="0"/><net_sink comp="994" pin=1"/></net>

<net id="1005"><net_src comp="994" pin="3"/><net_sink comp="1000" pin=2"/></net>

<net id="1011"><net_src comp="1000" pin="3"/><net_sink comp="1006" pin=2"/></net>

<net id="1017"><net_src comp="116" pin="0"/><net_sink comp="1012" pin=0"/></net>

<net id="1018"><net_src comp="44" pin="0"/><net_sink comp="1012" pin=2"/></net>

<net id="1022"><net_src comp="1012" pin="3"/><net_sink comp="1019" pin=0"/></net>

<net id="1027"><net_src comp="1019" pin="1"/><net_sink comp="1023" pin=1"/></net>

<net id="1031"><net_src comp="1023" pin="2"/><net_sink comp="1028" pin=0"/></net>

<net id="1036"><net_src comp="1028" pin="1"/><net_sink comp="1032" pin=0"/></net>

<net id="1040"><net_src comp="1032" pin="2"/><net_sink comp="1037" pin=0"/></net>

<net id="1045"><net_src comp="1037" pin="1"/><net_sink comp="1041" pin=0"/></net>

<net id="1052"><net_src comp="118" pin="0"/><net_sink comp="1046" pin=0"/></net>

<net id="1053"><net_src comp="1041" pin="2"/><net_sink comp="1046" pin=1"/></net>

<net id="1054"><net_src comp="92" pin="0"/><net_sink comp="1046" pin=2"/></net>

<net id="1055"><net_src comp="120" pin="0"/><net_sink comp="1046" pin=3"/></net>

<net id="1059"><net_src comp="1046" pin="4"/><net_sink comp="1056" pin=0"/></net>

<net id="1064"><net_src comp="0" pin="0"/><net_sink comp="1060" pin=0"/></net>

<net id="1065"><net_src comp="1056" pin="1"/><net_sink comp="1060" pin=1"/></net>

<net id="1073"><net_src comp="1066" pin="1"/><net_sink comp="1069" pin=0"/></net>

<net id="1074"><net_src comp="112" pin="0"/><net_sink comp="1069" pin=1"/></net>

<net id="1085"><net_src comp="124" pin="0"/><net_sink comp="1080" pin=0"/></net>

<net id="1086"><net_src comp="44" pin="0"/><net_sink comp="1080" pin=2"/></net>

<net id="1090"><net_src comp="1080" pin="3"/><net_sink comp="1087" pin=0"/></net>

<net id="1095"><net_src comp="1075" pin="3"/><net_sink comp="1091" pin=0"/></net>

<net id="1096"><net_src comp="1087" pin="1"/><net_sink comp="1091" pin=1"/></net>

<net id="1104"><net_src comp="1097" pin="1"/><net_sink comp="1100" pin=0"/></net>

<net id="1111"><net_src comp="118" pin="0"/><net_sink comp="1105" pin=0"/></net>

<net id="1112"><net_src comp="1100" pin="2"/><net_sink comp="1105" pin=1"/></net>

<net id="1113"><net_src comp="92" pin="0"/><net_sink comp="1105" pin=2"/></net>

<net id="1114"><net_src comp="120" pin="0"/><net_sink comp="1105" pin=3"/></net>

<net id="1118"><net_src comp="1105" pin="4"/><net_sink comp="1115" pin=0"/></net>

<net id="1123"><net_src comp="2" pin="0"/><net_sink comp="1119" pin=0"/></net>

<net id="1124"><net_src comp="1115" pin="1"/><net_sink comp="1119" pin=1"/></net>

<net id="1132"><net_src comp="1125" pin="1"/><net_sink comp="1128" pin=0"/></net>

<net id="1137"><net_src comp="88" pin="0"/><net_sink comp="1133" pin=1"/></net>

<net id="1145"><net_src comp="1138" pin="1"/><net_sink comp="1141" pin=0"/></net>

<net id="1149"><net_src comp="1141" pin="2"/><net_sink comp="1146" pin=0"/></net>

<net id="1154"><net_src comp="1146" pin="1"/><net_sink comp="1150" pin=0"/></net>

<net id="1162"><net_src comp="1155" pin="1"/><net_sink comp="1158" pin=0"/></net>

<net id="1168"><net_src comp="1158" pin="2"/><net_sink comp="1163" pin=1"/></net>

<net id="1174"><net_src comp="132" pin="0"/><net_sink comp="1169" pin=1"/></net>

<net id="1180"><net_src comp="1169" pin="3"/><net_sink comp="1175" pin=2"/></net>

<net id="1188"><net_src comp="1181" pin="1"/><net_sink comp="1184" pin=0"/></net>

<net id="1189"><net_src comp="1175" pin="3"/><net_sink comp="1184" pin=1"/></net>

<net id="1196"><net_src comp="118" pin="0"/><net_sink comp="1190" pin=0"/></net>

<net id="1197"><net_src comp="1163" pin="3"/><net_sink comp="1190" pin=1"/></net>

<net id="1198"><net_src comp="92" pin="0"/><net_sink comp="1190" pin=2"/></net>

<net id="1199"><net_src comp="120" pin="0"/><net_sink comp="1190" pin=3"/></net>

<net id="1206"><net_src comp="118" pin="0"/><net_sink comp="1200" pin=0"/></net>

<net id="1207"><net_src comp="1158" pin="2"/><net_sink comp="1200" pin=1"/></net>

<net id="1208"><net_src comp="92" pin="0"/><net_sink comp="1200" pin=2"/></net>

<net id="1209"><net_src comp="120" pin="0"/><net_sink comp="1200" pin=3"/></net>

<net id="1216"><net_src comp="118" pin="0"/><net_sink comp="1210" pin=0"/></net>

<net id="1217"><net_src comp="1150" pin="2"/><net_sink comp="1210" pin=1"/></net>

<net id="1218"><net_src comp="92" pin="0"/><net_sink comp="1210" pin=2"/></net>

<net id="1219"><net_src comp="120" pin="0"/><net_sink comp="1210" pin=3"/></net>

<net id="1225"><net_src comp="1200" pin="4"/><net_sink comp="1220" pin=1"/></net>

<net id="1226"><net_src comp="1210" pin="4"/><net_sink comp="1220" pin=2"/></net>

<net id="1232"><net_src comp="1190" pin="4"/><net_sink comp="1227" pin=1"/></net>

<net id="1233"><net_src comp="1220" pin="3"/><net_sink comp="1227" pin=2"/></net>

<net id="1241"><net_src comp="1234" pin="1"/><net_sink comp="1237" pin=0"/></net>

<net id="1249"><net_src comp="1242" pin="1"/><net_sink comp="1245" pin=0"/></net>

<net id="1256"><net_src comp="118" pin="0"/><net_sink comp="1250" pin=0"/></net>

<net id="1257"><net_src comp="1245" pin="2"/><net_sink comp="1250" pin=1"/></net>

<net id="1258"><net_src comp="92" pin="0"/><net_sink comp="1250" pin=2"/></net>

<net id="1259"><net_src comp="120" pin="0"/><net_sink comp="1250" pin=3"/></net>

<net id="1266"><net_src comp="118" pin="0"/><net_sink comp="1260" pin=0"/></net>

<net id="1267"><net_src comp="1237" pin="2"/><net_sink comp="1260" pin=1"/></net>

<net id="1268"><net_src comp="92" pin="0"/><net_sink comp="1260" pin=2"/></net>

<net id="1269"><net_src comp="120" pin="0"/><net_sink comp="1260" pin=3"/></net>

<net id="1275"><net_src comp="1260" pin="4"/><net_sink comp="1270" pin=1"/></net>

<net id="1281"><net_src comp="1250" pin="4"/><net_sink comp="1276" pin=1"/></net>

<net id="1282"><net_src comp="1270" pin="3"/><net_sink comp="1276" pin=2"/></net>

<net id="1286"><net_src comp="1276" pin="3"/><net_sink comp="1283" pin=0"/></net>

<net id="1291"><net_src comp="2" pin="0"/><net_sink comp="1287" pin=0"/></net>

<net id="1292"><net_src comp="1283" pin="1"/><net_sink comp="1287" pin=1"/></net>

<net id="1296"><net_src comp="1293" pin="1"/><net_sink comp="282" pin=0"/></net>

<net id="1300"><net_src comp="1297" pin="1"/><net_sink comp="282" pin=1"/></net>

<net id="1309"><net_src comp="1306" pin="1"/><net_sink comp="278" pin=0"/></net>

<net id="1314"><net_src comp="110" pin="0"/><net_sink comp="1310" pin=1"/></net>

<net id="1319"><net_src comp="136" pin="0"/><net_sink comp="1315" pin=1"/></net>

<net id="1325"><net_src comp="136" pin="0"/><net_sink comp="1320" pin=1"/></net>

<net id="1326"><net_src comp="1315" pin="2"/><net_sink comp="1320" pin=2"/></net>

<net id="1331"><net_src comp="1320" pin="3"/><net_sink comp="1327" pin=0"/></net>

<net id="1336"><net_src comp="1301" pin="3"/><net_sink comp="1332" pin=0"/></net>

<net id="1341"><net_src comp="1310" pin="2"/><net_sink comp="1337" pin=0"/></net>

<net id="1345"><net_src comp="1342" pin="1"/><net_sink comp="269" pin=2"/></net>

<net id="1355"><net_src comp="164" pin="0"/><net_sink comp="1351" pin=1"/></net>

<net id="1361"><net_src comp="164" pin="0"/><net_sink comp="1356" pin=1"/></net>

<net id="1362"><net_src comp="1351" pin="2"/><net_sink comp="1356" pin=2"/></net>

<net id="1367"><net_src comp="166" pin="0"/><net_sink comp="1363" pin=1"/></net>

<net id="1373"><net_src comp="166" pin="0"/><net_sink comp="1368" pin=1"/></net>

<net id="1374"><net_src comp="1363" pin="2"/><net_sink comp="1368" pin=2"/></net>

<net id="1379"><net_src comp="168" pin="0"/><net_sink comp="1375" pin=1"/></net>

<net id="1385"><net_src comp="168" pin="0"/><net_sink comp="1380" pin=1"/></net>

<net id="1386"><net_src comp="1375" pin="2"/><net_sink comp="1380" pin=2"/></net>

<net id="1391"><net_src comp="1380" pin="3"/><net_sink comp="1387" pin=0"/></net>

<net id="1396"><net_src comp="1346" pin="3"/><net_sink comp="1392" pin=0"/></net>

<net id="1401"><net_src comp="1368" pin="3"/><net_sink comp="1397" pin=0"/></net>

<net id="1406"><net_src comp="1356" pin="3"/><net_sink comp="1402" pin=0"/></net>

<net id="1411"><net_src comp="389" pin="1"/><net_sink comp="1407" pin=0"/></net>

<net id="1412"><net_src comp="64" pin="0"/><net_sink comp="1407" pin=1"/></net>

<net id="1417"><net_src comp="470" pin="1"/><net_sink comp="1413" pin=0"/></net>

<net id="1418"><net_src comp="78" pin="0"/><net_sink comp="1413" pin=1"/></net>

<net id="1419"><net_src comp="1413" pin="2"/><net_sink comp="918" pin=0"/></net>

<net id="1424"><net_src comp="719" pin="1"/><net_sink comp="1420" pin=0"/></net>

<net id="1425"><net_src comp="64" pin="0"/><net_sink comp="1420" pin=1"/></net>

<net id="1430"><net_src comp="820" pin="1"/><net_sink comp="1426" pin=0"/></net>

<net id="1431"><net_src comp="64" pin="0"/><net_sink comp="1426" pin=1"/></net>

<net id="1432"><net_src comp="1426" pin="2"/><net_sink comp="1006" pin=1"/></net>

<net id="1437"><net_src comp="948" pin="1"/><net_sink comp="1433" pin=0"/></net>

<net id="1438"><net_src comp="64" pin="0"/><net_sink comp="1433" pin=1"/></net>

<net id="1439"><net_src comp="1433" pin="2"/><net_sink comp="1075" pin=1"/></net>

<net id="1444"><net_src comp="951" pin="1"/><net_sink comp="1440" pin=0"/></net>

<net id="1445"><net_src comp="106" pin="0"/><net_sink comp="1440" pin=1"/></net>

<net id="1450"><net_src comp="991" pin="1"/><net_sink comp="1446" pin=0"/></net>

<net id="1451"><net_src comp="106" pin="0"/><net_sink comp="1446" pin=1"/></net>

<net id="1455"><net_src comp="170" pin="1"/><net_sink comp="1452" pin=0"/></net>

<net id="1456"><net_src comp="1452" pin="1"/><net_sink comp="336" pin=1"/></net>

<net id="1457"><net_src comp="1452" pin="1"/><net_sink comp="454" pin=0"/></net>

<net id="1458"><net_src comp="1452" pin="1"/><net_sink comp="1337" pin=1"/></net>

<net id="1462"><net_src comp="174" pin="1"/><net_sink comp="1459" pin=0"/></net>

<net id="1463"><net_src comp="1459" pin="1"/><net_sink comp="331" pin=1"/></net>

<net id="1464"><net_src comp="1459" pin="1"/><net_sink comp="341" pin=0"/></net>

<net id="1465"><net_src comp="1459" pin="1"/><net_sink comp="1332" pin=1"/></net>

<net id="1469"><net_src comp="178" pin="1"/><net_sink comp="1466" pin=0"/></net>

<net id="1470"><net_src comp="1466" pin="1"/><net_sink comp="326" pin=1"/></net>

<net id="1471"><net_src comp="1466" pin="1"/><net_sink comp="445" pin=0"/></net>

<net id="1472"><net_src comp="1466" pin="1"/><net_sink comp="1327" pin=1"/></net>

<net id="1476"><net_src comp="182" pin="1"/><net_sink comp="1473" pin=0"/></net>

<net id="1477"><net_src comp="1473" pin="1"/><net_sink comp="321" pin=1"/></net>

<net id="1478"><net_src comp="1473" pin="1"/><net_sink comp="599" pin=0"/></net>

<net id="1479"><net_src comp="1473" pin="1"/><net_sink comp="913" pin=1"/></net>

<net id="1483"><net_src comp="186" pin="1"/><net_sink comp="1480" pin=0"/></net>

<net id="1484"><net_src comp="1480" pin="1"/><net_sink comp="316" pin=1"/></net>

<net id="1485"><net_src comp="1480" pin="1"/><net_sink comp="448" pin=0"/></net>

<net id="1486"><net_src comp="1480" pin="1"/><net_sink comp="1402" pin=1"/></net>

<net id="1490"><net_src comp="190" pin="1"/><net_sink comp="1487" pin=0"/></net>

<net id="1491"><net_src comp="1487" pin="1"/><net_sink comp="311" pin=1"/></net>

<net id="1492"><net_src comp="1487" pin="1"/><net_sink comp="344" pin=0"/></net>

<net id="1493"><net_src comp="1487" pin="1"/><net_sink comp="908" pin=1"/></net>

<net id="1497"><net_src comp="194" pin="1"/><net_sink comp="1494" pin=0"/></net>

<net id="1498"><net_src comp="1494" pin="1"/><net_sink comp="306" pin=1"/></net>

<net id="1499"><net_src comp="1494" pin="1"/><net_sink comp="347" pin=0"/></net>

<net id="1500"><net_src comp="1494" pin="1"/><net_sink comp="1397" pin=1"/></net>

<net id="1504"><net_src comp="198" pin="1"/><net_sink comp="1501" pin=0"/></net>

<net id="1505"><net_src comp="1501" pin="1"/><net_sink comp="301" pin=1"/></net>

<net id="1506"><net_src comp="1501" pin="1"/><net_sink comp="350" pin=0"/></net>

<net id="1507"><net_src comp="1501" pin="1"/><net_sink comp="1392" pin=1"/></net>

<net id="1511"><net_src comp="202" pin="1"/><net_sink comp="1508" pin=0"/></net>

<net id="1512"><net_src comp="1508" pin="1"/><net_sink comp="296" pin=1"/></net>

<net id="1513"><net_src comp="1508" pin="1"/><net_sink comp="353" pin=0"/></net>

<net id="1514"><net_src comp="1508" pin="1"/><net_sink comp="1387" pin=1"/></net>

<net id="1518"><net_src comp="206" pin="1"/><net_sink comp="1515" pin=0"/></net>

<net id="1519"><net_src comp="1515" pin="1"/><net_sink comp="291" pin=1"/></net>

<net id="1520"><net_src comp="1515" pin="1"/><net_sink comp="451" pin=0"/></net>

<net id="1521"><net_src comp="1515" pin="1"/><net_sink comp="594" pin=1"/></net>

<net id="1525"><net_src comp="210" pin="1"/><net_sink comp="1522" pin=0"/></net>

<net id="1526"><net_src comp="1522" pin="1"/><net_sink comp="286" pin=1"/></net>

<net id="1527"><net_src comp="1522" pin="1"/><net_sink comp="356" pin=0"/></net>

<net id="1528"><net_src comp="1522" pin="1"/><net_sink comp="590" pin=1"/></net>

<net id="1532"><net_src comp="214" pin="2"/><net_sink comp="1529" pin=0"/></net>

<net id="1533"><net_src comp="1529" pin="1"/><net_sink comp="921" pin=1"/></net>

<net id="1537"><net_src comp="220" pin="2"/><net_sink comp="1534" pin=0"/></net>

<net id="1538"><net_src comp="1534" pin="1"/><net_sink comp="614" pin=1"/></net>

<net id="1539"><net_src comp="1534" pin="1"/><net_sink comp="639" pin=1"/></net>

<net id="1540"><net_src comp="1534" pin="1"/><net_sink comp="659" pin=1"/></net>

<net id="1544"><net_src comp="226" pin="2"/><net_sink comp="1541" pin=0"/></net>

<net id="1545"><net_src comp="1541" pin="1"/><net_sink comp="1128" pin=1"/></net>

<net id="1546"><net_src comp="1541" pin="1"/><net_sink comp="1158" pin=1"/></net>

<net id="1550"><net_src comp="341" pin="1"/><net_sink comp="1547" pin=0"/></net>

<net id="1551"><net_src comp="1547" pin="1"/><net_sink comp="781" pin=0"/></net>

<net id="1552"><net_src comp="1547" pin="1"/><net_sink comp="799" pin=2"/></net>

<net id="1556"><net_src comp="344" pin="1"/><net_sink comp="1553" pin=0"/></net>

<net id="1557"><net_src comp="1553" pin="1"/><net_sink comp="619" pin=0"/></net>

<net id="1558"><net_src comp="1553" pin="1"/><net_sink comp="650" pin=2"/></net>

<net id="1562"><net_src comp="347" pin="1"/><net_sink comp="1559" pin=0"/></net>

<net id="1563"><net_src comp="1559" pin="1"/><net_sink comp="1363" pin=0"/></net>

<net id="1567"><net_src comp="350" pin="1"/><net_sink comp="1564" pin=0"/></net>

<net id="1568"><net_src comp="1564" pin="1"/><net_sink comp="602" pin=0"/></net>

<net id="1572"><net_src comp="353" pin="1"/><net_sink comp="1569" pin=0"/></net>

<net id="1573"><net_src comp="1569" pin="1"/><net_sink comp="1375" pin=0"/></net>

<net id="1577"><net_src comp="363" pin="2"/><net_sink comp="1574" pin=0"/></net>

<net id="1578"><net_src comp="1574" pin="1"/><net_sink comp="611" pin=0"/></net>

<net id="1582"><net_src comp="389" pin="1"/><net_sink comp="1579" pin=0"/></net>

<net id="1583"><net_src comp="1579" pin="1"/><net_sink comp="1407" pin=0"/></net>

<net id="1587"><net_src comp="393" pin="3"/><net_sink comp="1584" pin=0"/></net>

<net id="1588"><net_src comp="1584" pin="1"/><net_sink comp="634" pin=0"/></net>

<net id="1592"><net_src comp="401" pin="2"/><net_sink comp="1589" pin=0"/></net>

<net id="1596"><net_src comp="407" pin="2"/><net_sink comp="1593" pin=0"/></net>

<net id="1597"><net_src comp="1593" pin="1"/><net_sink comp="590" pin=0"/></net>

<net id="1601"><net_src comp="413" pin="2"/><net_sink comp="1598" pin=0"/></net>

<net id="1602"><net_src comp="1598" pin="1"/><net_sink comp="463" pin=0"/></net>

<net id="1603"><net_src comp="1598" pin="1"/><net_sink comp="507" pin=1"/></net>

<net id="1604"><net_src comp="1598" pin="1"/><net_sink comp="526" pin=0"/></net>

<net id="1605"><net_src comp="1598" pin="1"/><net_sink comp="639" pin=0"/></net>

<net id="1606"><net_src comp="1598" pin="1"/><net_sink comp="686" pin=1"/></net>

<net id="1607"><net_src comp="1598" pin="1"/><net_sink comp="769" pin=1"/></net>

<net id="1608"><net_src comp="1598" pin="1"/><net_sink comp="926" pin=0"/></net>

<net id="1609"><net_src comp="1598" pin="1"/><net_sink comp="1163" pin=0"/></net>

<net id="1610"><net_src comp="1598" pin="1"/><net_sink comp="1220" pin=0"/></net>

<net id="1611"><net_src comp="1598" pin="1"/><net_sink comp="1380" pin=0"/></net>

<net id="1615"><net_src comp="419" pin="3"/><net_sink comp="1612" pin=0"/></net>

<net id="1616"><net_src comp="1612" pin="1"/><net_sink comp="502" pin=0"/></net>

<net id="1617"><net_src comp="1612" pin="1"/><net_sink comp="1346" pin=2"/></net>

<net id="1621"><net_src comp="427" pin="2"/><net_sink comp="1618" pin=0"/></net>

<net id="1622"><net_src comp="1618" pin="1"/><net_sink comp="486" pin=1"/></net>

<net id="1623"><net_src comp="1618" pin="1"/><net_sink comp="497" pin=1"/></net>

<net id="1624"><net_src comp="1618" pin="1"/><net_sink comp="567" pin=1"/></net>

<net id="1625"><net_src comp="1618" pin="1"/><net_sink comp="645" pin=1"/></net>

<net id="1629"><net_src comp="433" pin="2"/><net_sink comp="1626" pin=0"/></net>

<net id="1630"><net_src comp="1626" pin="1"/><net_sink comp="521" pin=0"/></net>

<net id="1634"><net_src comp="439" pin="2"/><net_sink comp="1631" pin=0"/></net>

<net id="1635"><net_src comp="1631" pin="1"/><net_sink comp="507" pin=0"/></net>

<net id="1636"><net_src comp="1631" pin="1"/><net_sink comp="664" pin=0"/></net>

<net id="1637"><net_src comp="1631" pin="1"/><net_sink comp="682" pin=1"/></net>

<net id="1638"><net_src comp="1631" pin="1"/><net_sink comp="941" pin=0"/></net>

<net id="1639"><net_src comp="1631" pin="1"/><net_sink comp="1227" pin=0"/></net>

<net id="1640"><net_src comp="1631" pin="1"/><net_sink comp="1346" pin=0"/></net>

<net id="1644"><net_src comp="445" pin="1"/><net_sink comp="1641" pin=0"/></net>

<net id="1645"><net_src comp="1641" pin="1"/><net_sink comp="1315" pin=0"/></net>

<net id="1649"><net_src comp="448" pin="1"/><net_sink comp="1646" pin=0"/></net>

<net id="1650"><net_src comp="1646" pin="1"/><net_sink comp="1351" pin=0"/></net>

<net id="1654"><net_src comp="451" pin="1"/><net_sink comp="1651" pin=0"/></net>

<net id="1655"><net_src comp="1651" pin="1"/><net_sink comp="951" pin=0"/></net>

<net id="1659"><net_src comp="454" pin="1"/><net_sink comp="1656" pin=0"/></net>

<net id="1660"><net_src comp="1656" pin="1"/><net_sink comp="774" pin=2"/></net>

<net id="1664"><net_src comp="457" pin="2"/><net_sink comp="1661" pin=0"/></net>

<net id="1665"><net_src comp="1661" pin="1"/><net_sink comp="991" pin=0"/></net>

<net id="1669"><net_src comp="470" pin="1"/><net_sink comp="1666" pin=0"/></net>

<net id="1670"><net_src comp="1666" pin="1"/><net_sink comp="1413" pin=0"/></net>

<net id="1674"><net_src comp="502" pin="2"/><net_sink comp="1671" pin=0"/></net>

<net id="1675"><net_src comp="1671" pin="1"/><net_sink comp="932" pin=0"/></net>

<net id="1676"><net_src comp="1671" pin="1"/><net_sink comp="1346" pin=1"/></net>

<net id="1680"><net_src comp="507" pin="2"/><net_sink comp="1677" pin=0"/></net>

<net id="1681"><net_src comp="1677" pin="1"/><net_sink comp="650" pin=0"/></net>

<net id="1682"><net_src comp="1677" pin="1"/><net_sink comp="754" pin=1"/></net>

<net id="1683"><net_src comp="1677" pin="1"/><net_sink comp="994" pin=0"/></net>

<net id="1684"><net_src comp="1677" pin="1"/><net_sink comp="1169" pin=0"/></net>

<net id="1685"><net_src comp="1677" pin="1"/><net_sink comp="1368" pin=0"/></net>

<net id="1689"><net_src comp="515" pin="2"/><net_sink comp="1686" pin=0"/></net>

<net id="1690"><net_src comp="1686" pin="1"/><net_sink comp="656" pin=0"/></net>

<net id="1694"><net_src comp="526" pin="2"/><net_sink comp="1691" pin=0"/></net>

<net id="1695"><net_src comp="1691" pin="1"/><net_sink comp="671" pin=1"/></net>

<net id="1699"><net_src comp="537" pin="2"/><net_sink comp="1696" pin=0"/></net>

<net id="1700"><net_src comp="1696" pin="1"/><net_sink comp="682" pin=0"/></net>

<net id="1701"><net_src comp="1696" pin="1"/><net_sink comp="737" pin=0"/></net>

<net id="1702"><net_src comp="1696" pin="1"/><net_sink comp="750" pin=1"/></net>

<net id="1703"><net_src comp="1696" pin="1"/><net_sink comp="790" pin=0"/></net>

<net id="1704"><net_src comp="1696" pin="1"/><net_sink comp="1000" pin=0"/></net>

<net id="1705"><net_src comp="1696" pin="1"/><net_sink comp="1175" pin=0"/></net>

<net id="1706"><net_src comp="1696" pin="1"/><net_sink comp="1270" pin=0"/></net>

<net id="1710"><net_src comp="549" pin="2"/><net_sink comp="1707" pin=0"/></net>

<net id="1711"><net_src comp="1707" pin="1"/><net_sink comp="750" pin=0"/></net>

<net id="1712"><net_src comp="1707" pin="1"/><net_sink comp="759" pin=1"/></net>

<net id="1713"><net_src comp="1707" pin="1"/><net_sink comp="805" pin=0"/></net>

<net id="1714"><net_src comp="1707" pin="1"/><net_sink comp="838" pin=0"/></net>

<net id="1715"><net_src comp="1707" pin="1"/><net_sink comp="1006" pin=0"/></net>

<net id="1716"><net_src comp="1707" pin="1"/><net_sink comp="1276" pin=0"/></net>

<net id="1720"><net_src comp="584" pin="2"/><net_sink comp="1717" pin=0"/></net>

<net id="1721"><net_src comp="1717" pin="1"/><net_sink comp="764" pin=0"/></net>

<net id="1722"><net_src comp="1717" pin="1"/><net_sink comp="874" pin=0"/></net>

<net id="1723"><net_src comp="1717" pin="1"/><net_sink comp="975" pin=0"/></net>

<net id="1724"><net_src comp="1717" pin="1"/><net_sink comp="1075" pin=0"/></net>

<net id="1725"><net_src comp="1717" pin="1"/><net_sink comp="1301" pin=0"/></net>

<net id="1729"><net_src comp="599" pin="1"/><net_sink comp="1726" pin=0"/></net>

<net id="1730"><net_src comp="1726" pin="1"/><net_sink comp="1133" pin=0"/></net>

<net id="1734"><net_src comp="605" pin="2"/><net_sink comp="1731" pin=0"/></net>

<net id="1735"><net_src comp="1731" pin="1"/><net_sink comp="926" pin=2"/></net>

<net id="1739"><net_src comp="624" pin="4"/><net_sink comp="1736" pin=0"/></net>

<net id="1740"><net_src comp="1736" pin="1"/><net_sink comp="982" pin=0"/></net>

<net id="1744"><net_src comp="650" pin="3"/><net_sink comp="1741" pin=0"/></net>

<net id="1745"><net_src comp="1741" pin="1"/><net_sink comp="790" pin=2"/></net>

<net id="1749"><net_src comp="664" pin="3"/><net_sink comp="1746" pin=0"/></net>

<net id="1750"><net_src comp="1746" pin="1"/><net_sink comp="1100" pin=1"/></net>

<net id="1754"><net_src comp="676" pin="2"/><net_sink comp="1751" pin=0"/></net>

<net id="1755"><net_src comp="1751" pin="1"/><net_sink comp="790" pin=1"/></net>

<net id="1759"><net_src comp="686" pin="2"/><net_sink comp="1756" pin=0"/></net>

<net id="1760"><net_src comp="1756" pin="1"/><net_sink comp="1356" pin=0"/></net>

<net id="1764"><net_src comp="691" pin="3"/><net_sink comp="1761" pin=0"/></net>

<net id="1765"><net_src comp="1761" pin="1"/><net_sink comp="805" pin=2"/></net>

<net id="1766"><net_src comp="1761" pin="1"/><net_sink comp="1181" pin=0"/></net>

<net id="1770"><net_src comp="703" pin="4"/><net_sink comp="1767" pin=0"/></net>

<net id="1771"><net_src comp="1767" pin="1"/><net_sink comp="1066" pin=0"/></net>

<net id="1775"><net_src comp="719" pin="1"/><net_sink comp="1772" pin=0"/></net>

<net id="1776"><net_src comp="1772" pin="1"/><net_sink comp="1420" pin=0"/></net>

<net id="1780"><net_src comp="737" pin="3"/><net_sink comp="1777" pin=0"/></net>

<net id="1781"><net_src comp="1777" pin="1"/><net_sink comp="838" pin=2"/></net>

<net id="1785"><net_src comp="744" pin="2"/><net_sink comp="1782" pin=0"/></net>

<net id="1786"><net_src comp="1782" pin="1"/><net_sink comp="805" pin=1"/></net>

<net id="1790"><net_src comp="754" pin="2"/><net_sink comp="1787" pin=0"/></net>

<net id="1791"><net_src comp="1787" pin="1"/><net_sink comp="799" pin=0"/></net>

<net id="1792"><net_src comp="1787" pin="1"/><net_sink comp="954" pin=0"/></net>

<net id="1793"><net_src comp="1787" pin="1"/><net_sink comp="1320" pin=0"/></net>

<net id="1797"><net_src comp="774" pin="3"/><net_sink comp="1794" pin=0"/></net>

<net id="1798"><net_src comp="1794" pin="1"/><net_sink comp="881" pin=0"/></net>

<net id="1799"><net_src comp="1794" pin="1"/><net_sink comp="1012" pin=1"/></net>

<net id="1800"><net_src comp="1794" pin="1"/><net_sink comp="1310" pin=0"/></net>

<net id="1804"><net_src comp="784" pin="2"/><net_sink comp="1801" pin=0"/></net>

<net id="1805"><net_src comp="1801" pin="1"/><net_sink comp="954" pin=2"/></net>

<net id="1809"><net_src comp="1407" pin="2"/><net_sink comp="1806" pin=0"/></net>

<net id="1810"><net_src comp="1806" pin="1"/><net_sink comp="994" pin=2"/></net>

<net id="1814"><net_src comp="799" pin="3"/><net_sink comp="1811" pin=0"/></net>

<net id="1815"><net_src comp="1811" pin="1"/><net_sink comp="960" pin=0"/></net>

<net id="1816"><net_src comp="1811" pin="1"/><net_sink comp="1301" pin=2"/></net>

<net id="1820"><net_src comp="820" pin="1"/><net_sink comp="1817" pin=0"/></net>

<net id="1821"><net_src comp="1817" pin="1"/><net_sink comp="1426" pin=0"/></net>

<net id="1825"><net_src comp="854" pin="2"/><net_sink comp="1822" pin=0"/></net>

<net id="1826"><net_src comp="1822" pin="1"/><net_sink comp="948" pin=0"/></net>

<net id="1830"><net_src comp="890" pin="2"/><net_sink comp="1827" pin=0"/></net>

<net id="1831"><net_src comp="1827" pin="1"/><net_sink comp="1080" pin=1"/></net>

<net id="1835"><net_src comp="902" pin="2"/><net_sink comp="1832" pin=0"/></net>

<net id="1839"><net_src comp="921" pin="2"/><net_sink comp="1836" pin=0"/></net>

<net id="1840"><net_src comp="1836" pin="1"/><net_sink comp="1041" pin=1"/></net>

<net id="1844"><net_src comp="941" pin="3"/><net_sink comp="1841" pin=0"/></net>

<net id="1845"><net_src comp="1841" pin="1"/><net_sink comp="1032" pin=1"/></net>

<net id="1849"><net_src comp="948" pin="1"/><net_sink comp="1846" pin=0"/></net>

<net id="1850"><net_src comp="1846" pin="1"/><net_sink comp="1433" pin=0"/></net>

<net id="1854"><net_src comp="951" pin="1"/><net_sink comp="1851" pin=0"/></net>

<net id="1855"><net_src comp="1851" pin="1"/><net_sink comp="1440" pin=0"/></net>

<net id="1859"><net_src comp="1420" pin="2"/><net_sink comp="1856" pin=0"/></net>

<net id="1860"><net_src comp="1856" pin="1"/><net_sink comp="1000" pin=1"/></net>

<net id="1864"><net_src comp="960" pin="2"/><net_sink comp="1861" pin=0"/></net>

<net id="1865"><net_src comp="1861" pin="1"/><net_sink comp="1301" pin=1"/></net>

<net id="1869"><net_src comp="975" pin="3"/><net_sink comp="1866" pin=0"/></net>

<net id="1870"><net_src comp="1866" pin="1"/><net_sink comp="1023" pin=0"/></net>

<net id="1874"><net_src comp="985" pin="2"/><net_sink comp="1871" pin=0"/></net>

<net id="1875"><net_src comp="1871" pin="1"/><net_sink comp="1141" pin=1"/></net>

<net id="1876"><net_src comp="1871" pin="1"/><net_sink comp="1169" pin=2"/></net>

<net id="1880"><net_src comp="991" pin="1"/><net_sink comp="1877" pin=0"/></net>

<net id="1881"><net_src comp="1877" pin="1"/><net_sink comp="1446" pin=0"/></net>

<net id="1885"><net_src comp="1006" pin="3"/><net_sink comp="1882" pin=0"/></net>

<net id="1886"><net_src comp="1882" pin="1"/><net_sink comp="1075" pin=2"/></net>

<net id="1890"><net_src comp="1060" pin="2"/><net_sink comp="1887" pin=0"/></net>

<net id="1891"><net_src comp="1887" pin="1"/><net_sink comp="232" pin=1"/></net>

<net id="1892"><net_src comp="1887" pin="1"/><net_sink comp="253" pin=1"/></net>

<net id="1896"><net_src comp="1069" pin="2"/><net_sink comp="1893" pin=0"/></net>

<net id="1897"><net_src comp="1893" pin="1"/><net_sink comp="1175" pin=1"/></net>

<net id="1898"><net_src comp="1893" pin="1"/><net_sink comp="1234" pin=0"/></net>

<net id="1902"><net_src comp="1091" pin="2"/><net_sink comp="1899" pin=0"/></net>

<net id="1903"><net_src comp="1899" pin="1"/><net_sink comp="1097" pin=0"/></net>

<net id="1907"><net_src comp="1440" pin="2"/><net_sink comp="1904" pin=0"/></net>

<net id="1908"><net_src comp="1904" pin="1"/><net_sink comp="1125" pin=0"/></net>

<net id="1912"><net_src comp="1119" pin="2"/><net_sink comp="1909" pin=0"/></net>

<net id="1913"><net_src comp="1909" pin="1"/><net_sink comp="239" pin=1"/></net>

<net id="1914"><net_src comp="1909" pin="1"/><net_sink comp="258" pin=1"/></net>

<net id="1918"><net_src comp="1128" pin="2"/><net_sink comp="1915" pin=0"/></net>

<net id="1919"><net_src comp="1915" pin="1"/><net_sink comp="1150" pin=1"/></net>

<net id="1920"><net_src comp="1915" pin="1"/><net_sink comp="1163" pin=2"/></net>

<net id="1924"><net_src comp="1133" pin="2"/><net_sink comp="1921" pin=0"/></net>

<net id="1925"><net_src comp="1921" pin="1"/><net_sink comp="1138" pin=0"/></net>

<net id="1929"><net_src comp="1446" pin="2"/><net_sink comp="1926" pin=0"/></net>

<net id="1930"><net_src comp="1926" pin="1"/><net_sink comp="1155" pin=0"/></net>

<net id="1934"><net_src comp="1163" pin="3"/><net_sink comp="1931" pin=0"/></net>

<net id="1935"><net_src comp="1931" pin="1"/><net_sink comp="1237" pin=1"/></net>

<net id="1936"><net_src comp="1931" pin="1"/><net_sink comp="1245" pin=1"/></net>

<net id="1940"><net_src comp="1184" pin="2"/><net_sink comp="1937" pin=0"/></net>

<net id="1941"><net_src comp="1937" pin="1"/><net_sink comp="1242" pin=0"/></net>

<net id="1945"><net_src comp="1227" pin="3"/><net_sink comp="1942" pin=0"/></net>

<net id="1946"><net_src comp="1942" pin="1"/><net_sink comp="1270" pin=2"/></net>

<net id="1950"><net_src comp="1287" pin="2"/><net_sink comp="1947" pin=0"/></net>

<net id="1951"><net_src comp="1947" pin="1"/><net_sink comp="246" pin=1"/></net>

<net id="1952"><net_src comp="1947" pin="1"/><net_sink comp="263" pin=1"/></net>

<net id="1953"><net_src comp="1947" pin="1"/><net_sink comp="269" pin=1"/></net>

<net id="1957"><net_src comp="253" pin="2"/><net_sink comp="1954" pin=0"/></net>

<net id="1958"><net_src comp="1954" pin="1"/><net_sink comp="1293" pin=0"/></net>

<net id="1962"><net_src comp="258" pin="2"/><net_sink comp="1959" pin=0"/></net>

<net id="1963"><net_src comp="1959" pin="1"/><net_sink comp="1297" pin=0"/></net>

<net id="1967"><net_src comp="1293" pin="1"/><net_sink comp="1964" pin=0"/></net>

<net id="1968"><net_src comp="1964" pin="1"/><net_sink comp="282" pin=0"/></net>

<net id="1972"><net_src comp="1297" pin="1"/><net_sink comp="1969" pin=0"/></net>

<net id="1973"><net_src comp="1969" pin="1"/><net_sink comp="282" pin=1"/></net>

<net id="1977"><net_src comp="282" pin="2"/><net_sink comp="1974" pin=0"/></net>

<net id="1978"><net_src comp="1974" pin="1"/><net_sink comp="278" pin=1"/></net>

<net id="1982"><net_src comp="263" pin="2"/><net_sink comp="1979" pin=0"/></net>

<net id="1983"><net_src comp="1979" pin="1"/><net_sink comp="1306" pin=0"/></net>

<net id="1987"><net_src comp="1306" pin="1"/><net_sink comp="1984" pin=0"/></net>

<net id="1988"><net_src comp="1984" pin="1"/><net_sink comp="278" pin=0"/></net>

<net id="1992"><net_src comp="278" pin="2"/><net_sink comp="1989" pin=0"/></net>

<net id="1993"><net_src comp="1989" pin="1"/><net_sink comp="1342" pin=0"/></net>

</net_list>

</model> 
---------------- Datapath Model END ------------------

* FSMD analyzer results:
  - Output states:
	Port: mem1 | {90 91 92 93 94 95 96 97 98 99 100 101 102 103 104 105 106 107 108 109 110 111 112 113 114 115 116 117 118 119 120 121 122 123 124 125 126 127 128 129 130 131 132 133 134 135 136 137 138 139 140 141 142 143 144 145 146 147 148 149 150 151 152 153 154 155 156 157 158 159 }
 - Input state : 
	Port: conv_Pipeline_VITIS_LOOP_38_4_VITIS_LOOP_40_6_VITIS_LOOP_46_8_VITIS_LOOP_47_9 : mem2 | {9 10 11 12 13 14 15 16 17 18 19 20 21 22 23 24 25 26 27 28 29 30 31 32 33 34 35 36 37 38 39 40 41 42 43 44 45 46 47 48 49 50 51 52 53 54 55 56 57 58 59 60 61 62 63 64 65 66 67 68 69 70 71 72 73 74 75 76 77 78 79 }
	Port: conv_Pipeline_VITIS_LOOP_38_4_VITIS_LOOP_40_6_VITIS_LOOP_46_8_VITIS_LOOP_47_9 : mem1 | {11 12 13 14 15 16 17 18 19 20 21 22 23 24 25 26 27 28 29 30 31 32 33 34 35 36 37 38 39 40 41 42 43 44 45 46 47 48 49 50 51 52 53 54 55 56 57 58 59 60 61 62 63 64 65 66 67 68 69 70 71 72 73 74 75 76 77 78 79 80 81 82 83 84 85 }
	Port: conv_Pipeline_VITIS_LOOP_38_4_VITIS_LOOP_40_6_VITIS_LOOP_46_8_VITIS_LOOP_47_9 : output_fm | {1 }
	Port: conv_Pipeline_VITIS_LOOP_38_4_VITIS_LOOP_40_6_VITIS_LOOP_46_8_VITIS_LOOP_47_9 : input_fm | {1 }
	Port: conv_Pipeline_VITIS_LOOP_38_4_VITIS_LOOP_40_6_VITIS_LOOP_46_8_VITIS_LOOP_47_9 : weights | {1 }
  - Chain level:
	State 1
		store_ln0 : 1
		store_ln0 : 1
		store_ln0 : 1
		store_ln0 : 1
		store_ln0 : 1
		store_ln0 : 1
		store_ln0 : 1
		store_ln0 : 1
		store_ln0 : 1
		store_ln0 : 1
		store_ln0 : 1
	State 2
		zext_ln39 : 1
		mul_ln53_1 : 2
		zext_ln40_1 : 1
		tmp3 : 1
		tmp3_cast : 2
		empty_28 : 3
		p_cast15 : 4
		tmp_1 : 4
		mul_ln53_3 : 5
		icmp_ln38 : 1
		add_ln38 : 1
		br_ln38 : 2
		icmp_ln39 : 1
		select_ln38 : 2
		xor_ln38 : 2
		icmp_ln40 : 1
		and_ln38_4 : 2
	State 3
		add_ln38_2 : 1
		select_ln38_2 : 2
		zext_ln38_2 : 3
		mul_ln38 : 4
		icmp_ln47 : 1
		icmp_ln46 : 1
		and_ln38_2 : 2
		icmp_ln42 : 1
		and_ln38_3 : 2
		zext_ln39_2 : 1
		mul_ln53_5 : 2
		and_ln39_2 : 2
		and_ln39_3 : 2
		xor_ln40 : 2
		and_ln40_1 : 2
		xor_ln37 : 2
		or_ln37_2 : 2
		and_ln38_1 : 2
		and_ln39_1 : 2
		and_ln40 : 2
		and_ln37 : 2
		store_ln47 : 3
	State 4
		mul_ln53 : 1
		add_ln53 : 1
		tmp_3 : 1
		select_ln38_4 : 2
		add_ln53_4 : 1
		select_ln39_2 : 3
		add_ln40 : 1
		zext_ln40_3 : 2
		p_mid : 1
		p_mid194 : 3
		sext_ln40 : 4
		tmp_2 : 4
		rev25 : 5
		select_ln40_3 : 5
		mul_ln40 : 5
		add_ln42 : 1
	State 5
		mul_ln53_2 : 1
		select_ln40_2_cast : 1
		select_ln37_2_cast : 1
		p_mid134 : 2
		sext_ln37_1 : 3
		tmp_10 : 3
		rev28 : 4
		select_ln37_3 : 4
		mul_ln37 : 4
		tmp3_mid1 : 1
		tmp3_cast_mid1 : 2
		p_mid1 : 3
		tmp_11 : 4
		rev31 : 5
		select_ln53_1 : 5
		sext_ln52 : 1
		add_ln52 : 2
		icmp_ln52 : 3
		and_ln52 : 6
		br_ln52 : 6
		store_ln47 : 1
		store_ln47 : 1
	State 6
		zext_ln38_3 : 1
		add_ln38_1 : 2
		mul_ln53_4 : 1
		select_ln39_1 : 2
		mul_ln53_7 : 1
	State 7
		empty : 1
		zext_ln53_6 : 1
		mul_ln53_6 : 2
		select_ln53_2 : 3
	State 8
		empty_26 : 1
		p_mid1205 : 1
		select_ln40_4 : 1
		select_ln37_5 : 2
		zext_ln53_2 : 1
		add_ln53_1 : 2
		zext_ln53_3 : 3
		add_ln53_2 : 4
		zext_ln53_4 : 5
		add_ln53_3 : 6
		trunc_ln53_1 : 7
		sext_ln53 : 8
		mem2_addr : 9
	State 9
		p_mid164 : 1
		select_ln53_3 : 1
		zext_ln53_7 : 1
		add_ln53_5 : 2
	State 10
		add_ln53_6 : 1
		trunc_ln53_2 : 2
		sext_ln53_1 : 3
		mem1_addr : 4
	State 11
		tmp : 1
	State 12
		tmp1 : 1
		tmp1_cast : 2
		empty_27 : 3
		tmp_mid1 : 1
		select_ln38_1 : 2
		select_ln40_2 : 1
		tmp1_mid1 : 2
		tmp_6 : 3
		tmp_7 : 2
		tmp_8 : 4
		select_ln38_5 : 5
		select_ln39_6 : 6
	State 13
		p_mid174 : 1
		p_mid126 : 1
		tmp_4 : 2
		tmp_5 : 2
		select_ln40_5 : 3
		select_ln37_1 : 4
		sext_ln37 : 5
		mem1_addr_1 : 6
	State 14
	State 15
	State 16
	State 17
	State 18
	State 19
	State 20
	State 21
	State 22
	State 23
	State 24
	State 25
	State 26
	State 27
	State 28
	State 29
	State 30
	State 31
	State 32
	State 33
	State 34
	State 35
	State 36
	State 37
	State 38
	State 39
	State 40
	State 41
	State 42
	State 43
	State 44
	State 45
	State 46
	State 47
	State 48
	State 49
	State 50
	State 51
	State 52
	State 53
	State 54
	State 55
	State 56
	State 57
	State 58
	State 59
	State 60
	State 61
	State 62
	State 63
	State 64
	State 65
	State 66
	State 67
	State 68
	State 69
	State 70
	State 71
	State 72
	State 73
	State 74
	State 75
	State 76
	State 77
	State 78
	State 79
	State 80
	State 81
	State 82
		mul : 1
	State 83
	State 84
	State 85
	State 86
		add : 1
		select_ln46_1 : 1
		store_ln47 : 2
		store_ln47 : 1
		store_ln47 : 1
	State 87
	State 88
	State 89
	State 90
	State 91
		write_ln53 : 1
	State 92
		select_ln42 : 1
		select_ln40_6 : 1
		select_ln39_7 : 1
		store_ln47 : 2
		store_ln47 : 1
		store_ln47 : 2
		store_ln47 : 2
	State 93
	State 94
	State 95
	State 96
	State 97
	State 98
	State 99
	State 100
	State 101
	State 102
	State 103
	State 104
	State 105
	State 106
	State 107
	State 108
	State 109
	State 110
	State 111
	State 112
	State 113
	State 114
	State 115
	State 116
	State 117
	State 118
	State 119
	State 120
	State 121
	State 122
	State 123
	State 124
	State 125
	State 126
	State 127
	State 128
	State 129
	State 130
	State 131
	State 132
	State 133
	State 134
	State 135
	State 136
	State 137
	State 138
	State 139
	State 140
	State 141
	State 142
	State 143
	State 144
	State 145
	State 146
	State 147
	State 148
	State 149
	State 150
	State 151
	State 152
	State 153
	State 154
	State 155
	State 156
	State 157
	State 158
	State 159


============================================================
+ Verbose Summary: Datapath Resource usage 
============================================================

* Functional unit list:
|----------|------------------------------|---------|---------|---------|
| Operation|        Functional Unit       |   DSP   |    FF   |   LUT   |
|----------|------------------------------|---------|---------|---------|
|          |          tmp3_fu_373         |    0    |    0    |    13   |
|          |        empty_28_fu_383       |    0    |    0    |    15   |
|          |        add_ln38_fu_407       |    0    |    0    |    34   |
|          |       add_ln38_2_fu_457      |    0    |    0    |    14   |
|          |        add_ln39_fu_502       |    0    |    0    |    10   |
|          |        add_ln53_fu_614       |    0    |    0    |    71   |
|          |        add_ln41_fu_619       |    0    |    0    |    15   |
|          |       add_ln53_4_fu_659      |    0    |    0    |    71   |
|          |        add_ln40_fu_676       |    0    |    0    |    15   |
|          |        p_mid194_fu_713       |    0    |    0    |    15   |
|          |        add_ln42_fu_744       |    0    |    0    |    15   |
|          |        p_mid134_fu_814       |    0    |    0    |    15   |
|          |       tmp3_mid1_fu_844       |    0    |    0    |    13   |
|          |         p_mid1_fu_854        |    0    |    0    |    15   |
|          |       add_ln52_1_fu_881      |    0    |    0    |    13   |
|          |        add_ln52_fu_890       |    0    |    0    |    15   |
|          |       add_ln38_1_fu_921      |    0    |    0    |    71   |
|    add   |        add_ln46_fu_960       |    0    |    0    |    13   |
|          |      add_ln53_1_fu_1023      |    0    |    0    |    14   |
|          |      add_ln53_2_fu_1032      |    0    |    0    |    12   |
|          |      add_ln53_3_fu_1041      |    0    |    0    |    71   |
|          |      add_ln53_5_fu_1091      |    0    |    0    |    26   |
|          |      add_ln53_6_fu_1100      |    0    |    0    |    71   |
|          |          tmp_fu_1128         |    0    |    0    |    71   |
|          |         tmp2_fu_1133         |    0    |    0    |    15   |
|          |         tmp1_fu_1141         |    0    |    0    |    17   |
|          |       empty_27_fu_1150       |    0    |    0    |    71   |
|          |       tmp_mid1_fu_1158       |    0    |    0    |    71   |
|          |       tmp1_mid1_fu_1184      |    0    |    0    |    17   |
|          |       p_mid174_fu_1237       |    0    |    0    |    71   |
|          |       p_mid126_fu_1245       |    0    |    0    |    71   |
|          |       add_ln47_fu_1310       |    0    |    0    |    13   |
|          |      add_ln46_1_fu_1315      |    0    |    0    |    15   |
|          |      add_ln42_1_fu_1351      |    0    |    0    |    14   |
|          |      add_ln40_1_fu_1363      |    0    |    0    |    26   |
|          |      add_ln39_1_fu_1375      |    0    |    0    |    28   |
|----------|------------------------------|---------|---------|---------|
|          |      select_ln38_fu_419      |    0    |    0    |    2    |
|          |     select_ln38_2_fu_463     |    0    |    0    |    7    |
|          |     select_ln38_4_fu_639     |    0    |    0    |    64   |
|          |      select_ln39_fu_650      |    0    |    0    |    8    |
|          |     select_ln39_2_fu_664     |    0    |    0    |    64   |
|          |      select_ln40_fu_691      |    0    |    0    |    8    |
|          |     select_ln40_3_fu_737     |    0    |    0    |    2    |
|          |      select_ln53_fu_774      |    0    |    0    |    4    |
|          |     select_ln40_1_fu_790     |    0    |    0    |    8    |
|          |      select_ln37_fu_799      |    0    |    0    |    4    |
|          |     select_ln37_2_fu_805     |    0    |    0    |    8    |
|          |     select_ln37_3_fu_838     |    0    |    0    |    2    |
|          |     select_ln53_1_fu_874     |    0    |    0    |    2    |
|          |     select_ln38_3_fu_926     |    0    |    0    |    11   |
|          |     select_ln39_1_fu_941     |    0    |    0    |    11   |
|          |     select_ln37_4_fu_954     |    0    |    0    |    9    |
|  select  |     select_ln53_2_fu_975     |    0    |    0    |    9    |
|          |     select_ln39_4_fu_994     |    0    |    0    |    19   |
|          |     select_ln40_4_fu_1000    |    0    |    0    |    19   |
|          |     select_ln37_5_fu_1006    |    0    |    0    |    19   |
|          |     select_ln53_3_fu_1075    |    0    |    0    |    19   |
|          |     select_ln38_1_fu_1163    |    0    |    0    |    64   |
|          |     select_ln39_3_fu_1169    |    0    |    0    |    14   |
|          |     select_ln40_2_fu_1175    |    0    |    0    |    14   |
|          |     select_ln38_5_fu_1220    |    0    |    0    |    62   |
|          |     select_ln39_6_fu_1227    |    0    |    0    |    62   |
|          |     select_ln40_5_fu_1270    |    0    |    0    |    62   |
|          |     select_ln37_1_fu_1276    |    0    |    0    |    62   |
|          |      select_ln46_fu_1301     |    0    |    0    |    4    |
|          |     select_ln46_1_fu_1320    |    0    |    0    |    8    |
|          |     select_ln39_5_fu_1346    |    0    |    0    |    2    |
|          |      select_ln42_fu_1356     |    0    |    0    |    13   |
|          |     select_ln40_6_fu_1368    |    0    |    0    |    19   |
|          |     select_ln39_7_fu_1380    |    0    |    0    |    21   |
|----------|------------------------------|---------|---------|---------|
|   fadd   |          grp_fu_278          |    2    |   205   |   390   |
|----------|------------------------------|---------|---------|---------|
|   fmul   |          grp_fu_282          |    3    |   143   |   321   |
|----------|------------------------------|---------|---------|---------|
|          |       mul_ln53_1_fu_363      |    0    |    0    |    7    |
|          |       mul_ln53_5_fu_515      |    0    |    0    |    7    |
|          |        mul_ln53_fu_605       |    0    |    0    |    63   |
|          |       mul_ln53_2_fu_784      |    0    |    0    |    33   |
|          |       mul_ln53_4_fu_935      |    0    |    0    |    63   |
|          |       mul_ln53_6_fu_969      |    0    |    0    |    33   |
|          |        empty_26_fu_985       |    0    |    0    |    51   |
|    mul   |       p_mid164_fu_1069       |    0    |    0    |    51   |
|          |          grp_fu_1407         |    1    |    0    |    0    |
|          |          grp_fu_1413         |    1    |    0    |    0    |
|          |          grp_fu_1420         |    1    |    0    |    0    |
|          |          grp_fu_1426         |    1    |    0    |    0    |
|          |          grp_fu_1433         |    1    |    0    |    0    |
|          |          grp_fu_1440         |    1    |    0    |    0    |
|          |          grp_fu_1446         |    1    |    0    |    0    |
|----------|------------------------------|---------|---------|---------|
|          |       icmp_ln38_fu_401       |    0    |    0    |    16   |
|          |       icmp_ln39_fu_413       |    0    |    0    |    14   |
|          |       icmp_ln40_fu_433       |    0    |    0    |    13   |
|   icmp   |       icmp_ln47_fu_474       |    0    |    0    |    9    |
|          |       icmp_ln46_fu_480       |    0    |    0    |    11   |
|          |       icmp_ln42_fu_491       |    0    |    0    |    12   |
|          |       icmp_ln52_fu_896       |    0    |    0    |    11   |
|----------|------------------------------|---------|---------|---------|
|          |       and_ln38_4_fu_439      |    0    |    0    |    2    |
|          |       and_ln38_2_fu_486      |    0    |    0    |    2    |
|          |       and_ln38_3_fu_497      |    0    |    0    |    2    |
|          |       and_ln39_2_fu_531      |    0    |    0    |    2    |
|          |       and_ln39_3_fu_537      |    0    |    0    |    2    |
|          |       and_ln40_1_fu_549      |    0    |    0    |    2    |
|    and   |       and_ln38_1_fu_567      |    0    |    0    |    2    |
|          |       and_ln39_1_fu_572      |    0    |    0    |    2    |
|          |        and_ln40_fu_578       |    0    |    0    |    2    |
|          |        and_ln37_fu_584       |    0    |    0    |    2    |
|          |        and_ln38_fu_645       |    0    |    0    |    2    |
|          |        and_ln39_fu_671       |    0    |    0    |    2    |
|          |        and_ln52_fu_902       |    0    |    0    |    2    |
|----------|------------------------------|---------|---------|---------|
|          |        or_ln39_fu_507        |    0    |    0    |    2    |
|          |       or_ln39_1_fu_526       |    0    |    0    |    2    |
|          |       or_ln37_2_fu_561       |    0    |    0    |    2    |
|          |        or_ln40_fu_682        |    0    |    0    |    2    |
|    or    |       or_ln40_1_fu_686       |    0    |    0    |    2    |
|          |        or_ln37_fu_750        |    0    |    0    |    2    |
|          |       or_ln37_1_fu_754       |    0    |    0    |    2    |
|          |        or_ln53_fu_759        |    0    |    0    |    2    |
|          |       or_ln53_1_fu_764       |    0    |    0    |    2    |
|          |       or_ln53_2_fu_769       |    0    |    0    |    2    |
|----------|------------------------------|---------|---------|---------|
|          |        xor_ln38_fu_427       |    0    |    0    |    2    |
|          |        xor_ln39_fu_521       |    0    |    0    |    2    |
|          |        xor_ln40_fu_543       |    0    |    0    |    2    |
|    xor   |        xor_ln37_fu_555       |    0    |    0    |    2    |
|          |          rev_fu_634          |    0    |    0    |    2    |
|          |         rev25_fu_731         |    0    |    0    |    2    |
|          |         rev28_fu_832         |    0    |    0    |    2    |
|          |         rev31_fu_868         |    0    |    0    |    2    |
|----------|------------------------------|---------|---------|---------|
|          |   weights_read_read_fu_214   |    0    |    0    |    0    |
|          |   input_fm_read_read_fu_220  |    0    |    0    |    0    |
|   read   |  output_fm_read_read_fu_226  |    0    |    0    |    0    |
|          |  mem2_addr_read_read_fu_253  |    0    |    0    |    0    |
|          |  mem1_addr_read_read_fu_258  |    0    |    0    |    0    |
|          | mem1_addr_1_read_read_fu_263 |    0    |    0    |    0    |
|----------|------------------------------|---------|---------|---------|
|  readreq |      grp_readreq_fu_232      |    0    |    0    |    0    |
|          |      grp_readreq_fu_239      |    0    |    0    |    0    |
|----------|------------------------------|---------|---------|---------|
| writeresp|     grp_writeresp_fu_246     |    0    |    0    |    0    |
|----------|------------------------------|---------|---------|---------|
|   write  |    write_ln53_write_fu_269   |    0    |    0    |    0    |
|----------|------------------------------|---------|---------|---------|
|          |       zext_ln39_fu_359       |    0    |    0    |    0    |
|          |      zext_ln40_1_fu_369      |    0    |    0    |    0    |
|          |      zext_ln38_2_fu_470      |    0    |    0    |    0    |
|          |      zext_ln39_2_fu_511      |    0    |    0    |    0    |
|          |      zext_ln39_1_fu_602      |    0    |    0    |    0    |
|          |       zext_ln40_fu_611       |    0    |    0    |    0    |
|          |      zext_ln40_2_fu_656      |    0    |    0    |    0    |
|          |      zext_ln40_3_fu_699      |    0    |    0    |    0    |
|          |      zext_ln53_1_fu_781      |    0    |    0    |    0    |
|          |   select_ln40_2_cast_fu_795  |    0    |    0    |    0    |
|          |   select_ln37_2_cast_fu_810  |    0    |    0    |    0    |
|          |      zext_ln38_3_fu_918      |    0    |    0    |    0    |
|          |      zext_ln39_3_fu_932      |    0    |    0    |    0    |
|          |       zext_ln38_fu_951       |    0    |    0    |    0    |
|   zext   |      zext_ln53_6_fu_965      |    0    |    0    |    0    |
|          |         p_cast_fu_982        |    0    |    0    |    0    |
|          |      zext_ln38_1_fu_991      |    0    |    0    |    0    |
|          |      zext_ln53_2_fu_1019     |    0    |    0    |    0    |
|          |      zext_ln53_3_fu_1028     |    0    |    0    |    0    |
|          |      zext_ln53_4_fu_1037     |    0    |    0    |    0    |
|          |      p_cast_mid1_fu_1066     |    0    |    0    |    0    |
|          |      zext_ln53_7_fu_1087     |    0    |    0    |    0    |
|          |       zext_ln53_fu_1125      |    0    |    0    |    0    |
|          |       tmp2_cast_fu_1138      |    0    |    0    |    0    |
|          |       tmp1_cast_fu_1146      |    0    |    0    |    0    |
|          |      zext_ln53_5_fu_1155     |    0    |    0    |    0    |
|          |    tmp2_cast_mid1_fu_1181    |    0    |    0    |    0    |
|          |   tmp1_cast_mid172_fu_1234   |    0    |    0    |    0    |
|          |    tmp1_cast_mid1_fu_1242    |    0    |    0    |    0    |
|----------|------------------------------|---------|---------|---------|
|          |       tmp3_cast_fu_379       |    0    |    0    |    0    |
|          |        p_cast15_fu_389       |    0    |    0    |    0    |
|          |       sext_ln40_fu_719       |    0    |    0    |    0    |
|          |      sext_ln37_1_fu_820      |    0    |    0    |    0    |
|          |     tmp3_cast_mid1_fu_850    |    0    |    0    |    0    |
|   sext   |       sext_ln52_fu_886       |    0    |    0    |    0    |
|          |      sext_ln53_2_fu_948      |    0    |    0    |    0    |
|          |       sext_ln53_fu_1056      |    0    |    0    |    0    |
|          |      sext_ln53_3_fu_1097     |    0    |    0    |    0    |
|          |      sext_ln53_1_fu_1115     |    0    |    0    |    0    |
|          |       sext_ln37_fu_1283      |    0    |    0    |    0    |
|----------|------------------------------|---------|---------|---------|
|          |         tmp_1_fu_393         |    0    |    0    |    0    |
| bitselect|         tmp_2_fu_723         |    0    |    0    |    0    |
|          |         tmp_10_fu_824        |    0    |    0    |    0    |
|          |         tmp_11_fu_860        |    0    |    0    |    0    |
|----------|------------------------------|---------|---------|---------|
|          |         tmp_3_fu_624         |    0    |    0    |    0    |
|          |         p_mid_fu_703         |    0    |    0    |    0    |
|          |     trunc_ln53_1_fu_1046     |    0    |    0    |    0    |
|          |     trunc_ln53_2_fu_1105     |    0    |    0    |    0    |
|partselect|         tmp_6_fu_1190        |    0    |    0    |    0    |
|          |         tmp_7_fu_1200        |    0    |    0    |    0    |
|          |         tmp_8_fu_1210        |    0    |    0    |    0    |
|          |         tmp_4_fu_1250        |    0    |    0    |    0    |
|          |         tmp_5_fu_1260        |    0    |    0    |    0    |
|----------|------------------------------|---------|---------|---------|
|bitconcatenate|        shl_ln_fu_1012        |    0    |    0    |    0    |
|          |         tmp_9_fu_1080        |    0    |    0    |    0    |
|----------|------------------------------|---------|---------|---------|
|   Total  |                              |    12   |   348   |   3010  |
|----------|------------------------------|---------|---------|---------|

Memories:
N/A

* Register list:
+-------------------------------+--------+
|                               |   FF   |
+-------------------------------+--------+
|          a_1_reg_1726         |    8   |
|           a_reg_1473          |    8   |
|      add_ln38_1_reg_1836      |   64   |
|      add_ln38_2_reg_1661      |    7   |
|       add_ln38_reg_1593       |   27   |
|       add_ln39_reg_1671       |    2   |
|       add_ln40_reg_1751       |    8   |
|       add_ln42_reg_1782       |    8   |
|       add_ln46_reg_1861       |    4   |
|       add_ln52_reg_1827       |    9   |
|      add_ln53_5_reg_1899      |   19   |
|          add_reg_1989         |   32   |
|       and_ln37_reg_1717       |    1   |
|      and_ln38_4_reg_1631      |    1   |
|      and_ln39_3_reg_1696      |    1   |
|      and_ln40_1_reg_1707      |    1   |
|       and_ln52_reg_1832       |    1   |
|    bitcast_ln53_1_reg_1969    |   32   |
|    bitcast_ln53_2_reg_1984    |   32   |
|     bitcast_ln53_reg_1964     |   32   |
|       empty_26_reg_1871       |   14   |
|         empty_reg_1904        |   21   |
|          f_1_reg_1651         |    7   |
|           f_reg_1515          |    7   |
|          i_1_reg_1553         |    8   |
|           i_reg_1487          |    8   |
|       icmp_ln38_reg_1589      |    1   |
|       icmp_ln39_reg_1598      |    1   |
|       icmp_ln40_reg_1626      |    1   |
|indvar_flatten112_load_reg_1559|   19   |
|   indvar_flatten112_reg_1494  |   19   |
| indvar_flatten13_load_reg_1641|    8   |
|   indvar_flatten13_reg_1466   |    8   |
|indvar_flatten188_load_reg_1569|   21   |
|   indvar_flatten188_reg_1508  |   21   |
|   indvar_flatten287_reg_1522  |   27   |
| indvar_flatten48_load_reg_1646|   13   |
|   indvar_flatten48_reg_1480   |   13   |
|     input_fm_read_reg_1534    |   64   |
|          j_1_reg_1547         |    4   |
|           j_reg_1459          |    4   |
|        k_load_reg_1656        |    4   |
|           k_reg_1452          |    4   |
|          m_1_reg_1564         |    2   |
|           m_reg_1501          |    2   |
|   mem1_addr_1_read_reg_1979   |   32   |
|      mem1_addr_1_reg_1947     |   32   |
|    mem1_addr_read_reg_1959    |   32   |
|       mem1_addr_reg_1909      |   32   |
|    mem2_addr_read_reg_1954    |   32   |
|       mem2_addr_reg_1887      |   32   |
|       mul_ln40_reg_1856       |   19   |
|      mul_ln53_1_reg_1574      |   20   |
|      mul_ln53_2_reg_1801      |    9   |
|      mul_ln53_3_reg_1806      |   19   |
|      mul_ln53_5_reg_1686      |   20   |
|       mul_ln53_reg_1731       |   11   |
|          mul_reg_1974         |   32   |
|       or_ln37_1_reg_1787      |    1   |
|       or_ln39_1_reg_1691      |    1   |
|        or_ln39_reg_1677       |    1   |
|       or_ln40_1_reg_1756      |    1   |
|    output_fm_read_reg_1541    |   64   |
|       p_cast15_reg_1579       |   19   |
|       p_mid1205_reg_1926      |   21   |
|       p_mid164_reg_1893       |   14   |
|        p_mid1_reg_1822        |    9   |
|         p_mid_reg_1767        |    6   |
|     select_ln37_5_reg_1882    |   19   |
|      select_ln37_reg_1811     |    4   |
|     select_ln38_1_reg_1931    |   64   |
|      select_ln38_reg_1612     |    2   |
|     select_ln39_1_reg_1841    |   11   |
|     select_ln39_2_reg_1746    |   64   |
|     select_ln39_6_reg_1942    |   62   |
|      select_ln39_reg_1741     |    8   |
|     select_ln40_3_reg_1777    |    1   |
|      select_ln40_reg_1761     |    8   |
|     select_ln53_2_reg_1866    |    9   |
|      select_ln53_reg_1794     |    4   |
|      sext_ln37_1_reg_1817     |   19   |
|       sext_ln40_reg_1772      |   19   |
|      sext_ln53_2_reg_1846     |   19   |
|       tmp1_mid1_reg_1937      |   14   |
|         tmp2_reg_1921         |    8   |
|         tmp_1_reg_1584        |    1   |
|         tmp_3_reg_1736        |    6   |
|          tmp_reg_1915         |   64   |
|     weights_read_reg_1529     |   64   |
|       xor_ln38_reg_1618       |    1   |
|      zext_ln38_1_reg_1877     |   21   |
|      zext_ln38_2_reg_1666     |   18   |
|       zext_ln38_reg_1851      |   21   |
+-------------------------------+--------+
|             Total             |  1588  |
+-------------------------------+--------+

* Multiplexer (MUX) list: 
|----------------------|------|------|------|--------||---------||---------|
|         Comp         |  Pin | Size |  BW  | S x BW ||  Delay  ||   LUT   |
|----------------------|------|------|------|--------||---------||---------|
| grp_writeresp_fu_246 |  p0  |   3  |   1  |    3   |
|      grp_fu_278      |  p0  |   2  |  32  |   64   ||    9    |
|      grp_fu_282      |  p0  |   2  |  32  |   64   ||    9    |
|      grp_fu_282      |  p1  |   2  |  32  |   64   ||    9    |
|      grp_fu_1407     |  p0  |   2  |   9  |   18   ||    9    |
|      grp_fu_1413     |  p0  |   2  |   7  |   14   ||    9    |
|      grp_fu_1420     |  p0  |   2  |   9  |   18   ||    9    |
|      grp_fu_1426     |  p0  |   2  |   9  |   18   ||    9    |
|      grp_fu_1433     |  p0  |   2  |   9  |   18   ||    9    |
|      grp_fu_1440     |  p0  |   2  |   7  |   14   ||    9    |
|      grp_fu_1446     |  p0  |   2  |   7  |   14   ||    9    |
|----------------------|------|------|------|--------||---------||---------|
|         Total        |      |      |      |   309  || 17.5873 ||    90   |
|----------------------|------|------|------|--------||---------||---------|



* Summary:
+-----------+--------+--------+--------+--------+
|           |   DSP  |  Delay |   FF   |   LUT  |
+-----------+--------+--------+--------+--------+
|  Function |   12   |    -   |   348  |  3010  |
|   Memory  |    -   |    -   |    -   |    -   |
|Multiplexer|    -   |   17   |    -   |   90   |
|  Register |    -   |    -   |  1588  |    -   |
+-----------+--------+--------+--------+--------+
|   Total   |   12   |   17   |  1936  |  3100  |
+-----------+--------+--------+--------+--------+
