

================================================================
== Vitis HLS Report for 'conv_Pipeline_VITIS_LOOP_51_10_VITIS_LOOP_52_11_VITIS_LOOP_53_12'
================================================================
* Date:           Wed Oct  7 15:53:12 2026

* Version:        2022.2 (Build 3670227 on Oct 13 2022)
* Project:        vitis.prj
* Solution:       solution1 (Vivado IP Flow Target)
* Product family: zynq
* Target device:  xc7z020-clg400-1


================================================================
== Performance Estimates
================================================================
+ Timing: 
    * Summary: 
    +--------+----------+----------+------------+
    |  Clock |  Target  | Estimated| Uncertainty|
    +--------+----------+----------+------------+
    |ap_clk  |  10.00 ns|  7.215 ns|     2.70 ns|
    +--------+----------+----------+------------+

+ Latency: 
    * Summary: 
    +---------+---------+----------+----------+--------+--------+---------+
    |  Latency (cycles) |  Latency (absolute) |     Interval    | Pipeline|
    |   min   |   max   |    min   |    max   |   min  |   max  |   Type  |
    +---------+---------+----------+----------+--------+--------+---------+
    |   193613|   193613|  1.936 ms|  1.936 ms|  193613|  193613|       no|
    +---------+---------+----------+----------+--------+--------+---------+

    + Detail: 
        * Instance: 
        N/A

        * Loop: 
        +------------------------------------------------------+---------+---------+----------+-----------+-----------+-------+----------+
        |                                                      |  Latency (cycles) | Iteration|  Initiation Interval  |  Trip |          |
        |                       Loop Name                      |   min   |   max   |  Latency |  achieved |   target  | Count | Pipelined|
        +------------------------------------------------------+---------+---------+----------+-----------+-----------+-------+----------+
        |- VITIS_LOOP_51_10_VITIS_LOOP_52_11_VITIS_LOOP_53_12  |   193611|   193611|        17|          5|          1|  38720|       yes|
        +------------------------------------------------------+---------+---------+----------+-----------+-----------+-------+----------+

============================================================
+ Verbose Summary: Synthesis Manager
============================================================
InlineROM: 1
ExposeGlobal: 0
============================================================
+ Verbose Summary: CDFG Model
============================================================
IsTopModel: 0
ResetActiveHigh: 1
IsCombinational: 0
IsDatapathOnly: 0
HasWiredReturn: 1
HasMFsm: 2
HasVarLatency: 1
IsPipeline: 0
IsRtlPipelined: 0
IsInstanceOverlapped: 0
IsDontTouch: 0
HasImplIP: 0
IsGatedGlobalClock: 0

+ Individual pipeline summary: 
  * Pipeline-0: initiation interval (II) = 5, depth = 18


============================================================
+ Verbose Summary: Schedule
============================================================
* Number of FSM states : 18
* Pipeline : 1
  Pipeline-0 : II = 5, D = 18, States = { 1 2 3 4 5 6 7 8 9 10 11 12 13 15 17 14 16 18 }
* Dataflow Pipeline: 0

* FSM state transitions: 
1 --> 2 
2 --> 3 
3 --> 4 
4 --> 5 
5 --> 6 
6 --> 7 
7 --> 8 
8 --> 9 
9 --> 10 
10 --> 11 
11 --> 12 
12 --> 13 
13 --> 15 
14 --> 16 
15 --> 17 
16 --> 18 
17 --> 14 
18 --> 

* FSM state operations: 

State 1 <SV = 0> <Delay = 1.58>
ST_1 : Operation 20 [1/1] (0.00ns)   --->   "%z = alloca i32 1"   --->   Operation 20 'alloca' 'z' <Predicate = true> <Delay = 0.00>
ST_1 : Operation 21 [1/1] (0.00ns)   --->   "%y = alloca i32 1"   --->   Operation 21 'alloca' 'y' <Predicate = true> <Delay = 0.00>
ST_1 : Operation 22 [1/1] (0.00ns)   --->   "%indvar_flatten190 = alloca i32 1"   --->   Operation 22 'alloca' 'indvar_flatten190' <Predicate = true> <Delay = 0.00>
ST_1 : Operation 23 [1/1] (0.00ns)   --->   "%x = alloca i32 1"   --->   Operation 23 'alloca' 'x' <Predicate = true> <Delay = 0.00>
ST_1 : Operation 24 [1/1] (0.00ns)   --->   "%indvar_flatten204 = alloca i32 1"   --->   Operation 24 'alloca' 'indvar_flatten204' <Predicate = true> <Delay = 0.00>
ST_1 : Operation 25 [1/1] (0.00ns)   --->   "%specinterface_ln0 = specinterface void @_ssdm_op_SpecInterface, i32 %output_fm, void @empty_5, i32 0, i32 0, void @empty, i32 4294967295, i32 0, void @empty, void @empty, void @empty, i32 0, i32 0, i32 0, i32 0, void @empty, void @empty, i32 4294967295, i32 0"   --->   Operation 25 'specinterface' 'specinterface_ln0' <Predicate = true> <Delay = 0.00>
ST_1 : Operation 26 [1/1] (1.58ns)   --->   "%store_ln0 = store i16 0, i16 %indvar_flatten204"   --->   Operation 26 'store' 'store_ln0' <Predicate = true> <Delay = 1.58>
ST_1 : Operation 27 [1/1] (1.58ns)   --->   "%store_ln0 = store i7 0, i7 %x"   --->   Operation 27 'store' 'store_ln0' <Predicate = true> <Delay = 1.58>
ST_1 : Operation 28 [1/1] (1.58ns)   --->   "%store_ln0 = store i10 0, i10 %indvar_flatten190"   --->   Operation 28 'store' 'store_ln0' <Predicate = true> <Delay = 1.58>
ST_1 : Operation 29 [1/1] (1.58ns)   --->   "%store_ln0 = store i6 0, i6 %y"   --->   Operation 29 'store' 'store_ln0' <Predicate = true> <Delay = 1.58>
ST_1 : Operation 30 [1/1] (1.58ns)   --->   "%store_ln0 = store i6 0, i6 %z"   --->   Operation 30 'store' 'store_ln0' <Predicate = true> <Delay = 1.58>
ST_1 : Operation 31 [1/1] (0.00ns)   --->   "%br_ln0 = br void %for.body95"   --->   Operation 31 'br' 'br_ln0' <Predicate = true> <Delay = 0.00>

State 2 <SV = 1> <Delay = 4.45>
ST_2 : Operation 32 [1/1] (0.00ns)   --->   "%indvar_flatten190_load = load i10 %indvar_flatten190" [conv.cpp:52]   --->   Operation 32 'load' 'indvar_flatten190_load' <Predicate = true> <Delay = 0.00>
ST_2 : Operation 33 [1/1] (0.00ns)   --->   "%indvar_flatten204_load = load i16 %indvar_flatten204" [conv.cpp:51]   --->   Operation 33 'load' 'indvar_flatten204_load' <Predicate = true> <Delay = 0.00>
ST_2 : Operation 34 [1/1] (0.00ns)   --->   "%specpipeline_ln0 = specpipeline void @_ssdm_op_SpecPipeline, i32 4294967295, i32 0, i32 1, i32 0, void @p_str"   --->   Operation 34 'specpipeline' 'specpipeline_ln0' <Predicate = true> <Delay = 0.00>
ST_2 : Operation 35 [1/1] (2.42ns)   --->   "%icmp_ln51 = icmp_eq  i16 %indvar_flatten204_load, i16 38720" [conv.cpp:51]   --->   Operation 35 'icmp' 'icmp_ln51' <Predicate = true> <Delay = 2.42> <CoreInst = "Cmp">   --->   Core 9 'Cmp' <Latency = 0> <II = 1> <Delay = 2.42> <FuncUnit> <Opcode : 'icmp'> <InPorts = 2> <OutPorts = 1>
ST_2 : Operation 36 [1/1] (2.07ns)   --->   "%add_ln51_1 = add i16 %indvar_flatten204_load, i16 1" [conv.cpp:51]   --->   Operation 36 'add' 'add_ln51_1' <Predicate = true> <Delay = 2.07> <CoreInst = "Adder">   --->   Core 1 'Adder' <Latency = 0> <II = 1> <Delay = 2.07> <FuncUnit> <Opcode : 'add' 'sub'> <InPorts = 2> <OutPorts = 1>
ST_2 : Operation 37 [1/1] (0.00ns)   --->   "%br_ln51 = br i1 %icmp_ln51, void %for.inc117, void %for.end119.exitStub" [conv.cpp:51]   --->   Operation 37 'br' 'br_ln51' <Predicate = true> <Delay = 0.00>
ST_2 : Operation 38 [1/1] (0.00ns)   --->   "%x_load = load i7 %x" [conv.cpp:51]   --->   Operation 38 'load' 'x_load' <Predicate = (!icmp_ln51)> <Delay = 0.00>
ST_2 : Operation 39 [1/1] (1.87ns)   --->   "%add_ln51 = add i7 %x_load, i7 1" [conv.cpp:51]   --->   Operation 39 'add' 'add_ln51' <Predicate = (!icmp_ln51)> <Delay = 1.87> <CoreInst = "Adder">   --->   Core 1 'Adder' <Latency = 0> <II = 1> <Delay = 1.87> <FuncUnit> <Opcode : 'add' 'sub'> <InPorts = 2> <OutPorts = 1>
ST_2 : Operation 40 [1/1] (1.77ns)   --->   "%icmp_ln52 = icmp_eq  i10 %indvar_flatten190_load, i10 605" [conv.cpp:52]   --->   Operation 40 'icmp' 'icmp_ln52' <Predicate = (!icmp_ln51)> <Delay = 1.77> <CoreInst = "Cmp">   --->   Core 9 'Cmp' <Latency = 0> <II = 1> <Delay = 1.77> <FuncUnit> <Opcode : 'icmp'> <InPorts = 2> <OutPorts = 1>
ST_2 : Operation 41 [1/1] (0.99ns)   --->   "%select_ln51_2 = select i1 %icmp_ln52, i7 %add_ln51, i7 %x_load" [conv.cpp:51]   --->   Operation 41 'select' 'select_ln51_2' <Predicate = (!icmp_ln51)> <Delay = 0.99> <CoreInst = "Sel">   --->   Core 73 'Sel' <Latency = 0> <II = 1> <Delay = 0.99> <FuncUnit> <Opcode : 'select'> <InPorts = 3> <OutPorts = 1>
ST_2 : Operation 42 [1/1] (0.00ns)   --->   "%zext_ln55 = zext i7 %select_ln51_2" [conv.cpp:55]   --->   Operation 42 'zext' 'zext_ln55' <Predicate = (!icmp_ln51)> <Delay = 0.00>
ST_2 : Operation 43 [3/3] (1.05ns) (grouped into DSP with root node add_ln55)   --->   "%mul_ln55 = mul i13 %zext_ln55, i13 55" [conv.cpp:55]   --->   Operation 43 'mul' 'mul_ln55' <Predicate = (!icmp_ln51)> <Delay = 1.05> <CoreInst = "DSP48">   --->   Core 119 'DSP48' <Latency = 3> <II = 1> <Delay = 2.15> <IPBlock> <Opcode : 'mul' 'add' 'sub' 'select'> <InPorts = 0> <OutPorts = 1> <Sync> <CReg>
ST_2 : Operation 44 [1/1] (1.58ns)   --->   "%store_ln53 = store i16 %add_ln51_1, i16 %indvar_flatten204" [conv.cpp:53]   --->   Operation 44 'store' 'store_ln53' <Predicate = (!icmp_ln51)> <Delay = 1.58>
ST_2 : Operation 45 [1/1] (1.58ns)   --->   "%store_ln53 = store i7 %select_ln51_2, i7 %x" [conv.cpp:53]   --->   Operation 45 'store' 'store_ln53' <Predicate = (!icmp_ln51)> <Delay = 1.58>

State 3 <SV = 2> <Delay = 1.05>
ST_3 : Operation 46 [2/3] (1.05ns) (grouped into DSP with root node add_ln55)   --->   "%mul_ln55 = mul i13 %zext_ln55, i13 55" [conv.cpp:55]   --->   Operation 46 'mul' 'mul_ln55' <Predicate = (!icmp_ln51)> <Delay = 1.05> <CoreInst = "DSP48">   --->   Core 119 'DSP48' <Latency = 3> <II = 1> <Delay = 2.15> <IPBlock> <Opcode : 'mul' 'add' 'sub' 'select'> <InPorts = 0> <OutPorts = 1> <Sync> <CReg>

State 4 <SV = 3> <Delay = 6.30>
ST_4 : Operation 47 [1/1] (0.00ns)   --->   "%z_load = load i6 %z" [conv.cpp:53]   --->   Operation 47 'load' 'z_load' <Predicate = (!icmp_ln51)> <Delay = 0.00>
ST_4 : Operation 48 [1/1] (0.00ns)   --->   "%y_load = load i6 %y" [conv.cpp:51]   --->   Operation 48 'load' 'y_load' <Predicate = (!icmp_ln51 & !icmp_ln52)> <Delay = 0.00>
ST_4 : Operation 49 [1/1] (1.18ns)   --->   "%select_ln51 = select i1 %icmp_ln52, i6 0, i6 %y_load" [conv.cpp:51]   --->   Operation 49 'select' 'select_ln51' <Predicate = (!icmp_ln51)> <Delay = 1.18> <CoreInst = "Sel">   --->   Core 73 'Sel' <Latency = 0> <II = 1> <Delay = 1.18> <FuncUnit> <Opcode : 'select'> <InPorts = 3> <OutPorts = 1>
ST_4 : Operation 50 [1/3] (0.00ns) (grouped into DSP with root node add_ln55)   --->   "%mul_ln55 = mul i13 %zext_ln55, i13 55" [conv.cpp:55]   --->   Operation 50 'mul' 'mul_ln55' <Predicate = (!icmp_ln51)> <Delay = 0.00> <CoreInst = "DSP48">   --->   Core 119 'DSP48' <Latency = 3> <II = 1> <Delay = 2.15> <IPBlock> <Opcode : 'mul' 'add' 'sub' 'select'> <InPorts = 0> <OutPorts = 1> <Sync> <CReg>
ST_4 : Operation 51 [1/1] (1.42ns)   --->   "%icmp_ln53 = icmp_ult  i6 %z_load, i6 55" [conv.cpp:53]   --->   Operation 51 'icmp' 'icmp_ln53' <Predicate = (!icmp_ln51)> <Delay = 1.42> <CoreInst = "Cmp">   --->   Core 9 'Cmp' <Latency = 0> <II = 1> <Delay = 1.42> <FuncUnit> <Opcode : 'icmp'> <InPorts = 2> <OutPorts = 1>
ST_4 : Operation 52 [1/1] (0.97ns)   --->   "%or_ln51 = or i1 %icmp_ln52, i1 %icmp_ln53" [conv.cpp:51]   --->   Operation 52 'or' 'or_ln51' <Predicate = (!icmp_ln51)> <Delay = 0.97> <CoreInst = "LogicGate">   --->   Core 74 'LogicGate' <Latency = 0> <II = 1> <Delay = 0.97> <FuncUnit> <Opcode : 'and' 'or' 'xor'> <InPorts = 2> <OutPorts = 1>
ST_4 : Operation 53 [1/1] (1.82ns)   --->   "%add_ln52 = add i6 %select_ln51, i6 1" [conv.cpp:52]   --->   Operation 53 'add' 'add_ln52' <Predicate = (!icmp_ln51)> <Delay = 1.82> <CoreInst = "Adder">   --->   Core 1 'Adder' <Latency = 0> <II = 1> <Delay = 1.82> <FuncUnit> <Opcode : 'add' 'sub'> <InPorts = 2> <OutPorts = 1>
ST_4 : Operation 54 [1/1] (1.18ns)   --->   "%select_ln52_1 = select i1 %or_ln51, i6 %select_ln51, i6 %add_ln52" [conv.cpp:52]   --->   Operation 54 'select' 'select_ln52_1' <Predicate = (!icmp_ln51)> <Delay = 1.18> <CoreInst = "Sel">   --->   Core 73 'Sel' <Latency = 0> <II = 1> <Delay = 1.18> <FuncUnit> <Opcode : 'select'> <InPorts = 3> <OutPorts = 1>
ST_4 : Operation 55 [1/1] (0.00ns)   --->   "%zext_ln55_1 = zext i6 %select_ln52_1" [conv.cpp:55]   --->   Operation 55 'zext' 'zext_ln55_1' <Predicate = (!icmp_ln51)> <Delay = 0.00>
ST_4 : Operation 56 [2/2] (2.10ns) (root node of the DSP)   --->   "%add_ln55 = add i13 %mul_ln55, i13 %zext_ln55_1" [conv.cpp:55]   --->   Operation 56 'add' 'add_ln55' <Predicate = (!icmp_ln51)> <Delay = 2.10> <CoreInst = "DSP48">   --->   Core 119 'DSP48' <Latency = 3> <II = 1> <Delay = 2.15> <IPBlock> <Opcode : 'mul' 'add' 'sub' 'select'> <InPorts = 0> <OutPorts = 1> <Sync> <CReg>
ST_4 : Operation 57 [1/1] (1.58ns)   --->   "%store_ln53 = store i6 %select_ln52_1, i6 %y" [conv.cpp:53]   --->   Operation 57 'store' 'store_ln53' <Predicate = (!icmp_ln51)> <Delay = 1.58>

State 5 <SV = 4> <Delay = 4.25>
ST_5 : Operation 58 [1/2] (2.10ns) (root node of the DSP)   --->   "%add_ln55 = add i13 %mul_ln55, i13 %zext_ln55_1" [conv.cpp:55]   --->   Operation 58 'add' 'add_ln55' <Predicate = (!icmp_ln51)> <Delay = 2.10> <CoreInst = "DSP48">   --->   Core 119 'DSP48' <Latency = 3> <II = 1> <Delay = 2.15> <IPBlock> <Opcode : 'mul' 'add' 'sub' 'select'> <InPorts = 0> <OutPorts = 1> <Sync> <CReg>
ST_5 : Operation 59 [1/1] (0.00ns)   --->   "%add_ln55_cast = zext i13 %add_ln55" [conv.cpp:55]   --->   Operation 59 'zext' 'add_ln55_cast' <Predicate = (!icmp_ln51)> <Delay = 0.00>
ST_5 : Operation 60 [4/4] (2.15ns) (root node of the DSP)   --->   "%mul_ln55_1 = mul i18 %add_ln55_cast, i18 55" [conv.cpp:55]   --->   Operation 60 'mul' 'mul_ln55_1' <Predicate = (!icmp_ln51)> <Delay = 2.15> <CoreInst = "DSP48">   --->   Core 119 'DSP48' <Latency = 3> <II = 1> <Delay = 2.15> <IPBlock> <Opcode : 'mul' 'add' 'sub' 'select'> <InPorts = 0> <OutPorts = 1> <Sync> <CReg>

State 6 <SV = 5> <Delay = 4.00>
ST_6 : Operation 61 [3/4] (2.15ns) (root node of the DSP)   --->   "%mul_ln55_1 = mul i18 %add_ln55_cast, i18 55" [conv.cpp:55]   --->   Operation 61 'mul' 'mul_ln55_1' <Predicate = (!icmp_ln51)> <Delay = 2.15> <CoreInst = "DSP48">   --->   Core 119 'DSP48' <Latency = 3> <II = 1> <Delay = 2.15> <IPBlock> <Opcode : 'mul' 'add' 'sub' 'select'> <InPorts = 0> <OutPorts = 1> <Sync> <CReg>
ST_6 : Operation 62 [1/1] (1.73ns)   --->   "%add_ln52_1 = add i10 %indvar_flatten190_load, i10 1" [conv.cpp:52]   --->   Operation 62 'add' 'add_ln52_1' <Predicate = (!icmp_ln51 & !icmp_ln52)> <Delay = 1.73> <CoreInst = "Adder">   --->   Core 1 'Adder' <Latency = 0> <II = 1> <Delay = 1.73> <FuncUnit> <Opcode : 'add' 'sub'> <InPorts = 2> <OutPorts = 1>
ST_6 : Operation 63 [1/1] (0.68ns)   --->   "%select_ln52_2 = select i1 %icmp_ln52, i10 1, i10 %add_ln52_1" [conv.cpp:52]   --->   Operation 63 'select' 'select_ln52_2' <Predicate = (!icmp_ln51)> <Delay = 0.68> <CoreInst = "Sel">   --->   Core 73 'Sel' <Latency = 0> <II = 1> <Delay = 0.68> <FuncUnit> <Opcode : 'select'> <InPorts = 3> <OutPorts = 1>
ST_6 : Operation 64 [1/1] (1.58ns)   --->   "%store_ln53 = store i10 %select_ln52_2, i10 %indvar_flatten190" [conv.cpp:53]   --->   Operation 64 'store' 'store_ln53' <Predicate = (!icmp_ln51)> <Delay = 1.58>

State 7 <SV = 6> <Delay = 2.15>
ST_7 : Operation 65 [2/4] (2.15ns) (root node of the DSP)   --->   "%mul_ln55_1 = mul i18 %add_ln55_cast, i18 55" [conv.cpp:55]   --->   Operation 65 'mul' 'mul_ln55_1' <Predicate = true> <Delay = 2.15> <CoreInst = "DSP48">   --->   Core 119 'DSP48' <Latency = 3> <II = 1> <Delay = 2.15> <IPBlock> <Opcode : 'mul' 'add' 'sub' 'select'> <InPorts = 0> <OutPorts = 1> <Sync> <CReg>

State 8 <SV = 7> <Delay = 4.60>
ST_8 : Operation 66 [1/1] (0.00ns) (grouped into LUT with out node select_ln52)   --->   "%select_ln51_1 = select i1 %icmp_ln52, i6 0, i6 %z_load" [conv.cpp:51]   --->   Operation 66 'select' 'select_ln51_1' <Predicate = (or_ln51)> <Delay = 0.00> <CoreInst = "Sel">   --->   Core 73 'Sel' <Latency = 0> <II = 1> <Delay = 1.18> <FuncUnit> <Opcode : 'select'> <InPorts = 3> <OutPorts = 1>
ST_8 : Operation 67 [1/1] (1.18ns) (out node of the LUT)   --->   "%select_ln52 = select i1 %or_ln51, i6 %select_ln51_1, i6 0" [conv.cpp:52]   --->   Operation 67 'select' 'select_ln52' <Predicate = true> <Delay = 1.18> <CoreInst = "Sel">   --->   Core 73 'Sel' <Latency = 0> <II = 1> <Delay = 1.18> <FuncUnit> <Opcode : 'select'> <InPorts = 3> <OutPorts = 1>
ST_8 : Operation 68 [1/4] (0.00ns) (root node of the DSP)   --->   "%mul_ln55_1 = mul i18 %add_ln55_cast, i18 55" [conv.cpp:55]   --->   Operation 68 'mul' 'mul_ln55_1' <Predicate = true> <Delay = 0.00> <CoreInst = "DSP48">   --->   Core 119 'DSP48' <Latency = 3> <II = 1> <Delay = 2.15> <IPBlock> <Opcode : 'mul' 'add' 'sub' 'select'> <InPorts = 0> <OutPorts = 1> <Sync> <CReg>
ST_8 : Operation 69 [1/1] (1.82ns)   --->   "%add_ln53_4 = add i6 %select_ln52, i6 5" [conv.cpp:53]   --->   Operation 69 'add' 'add_ln53_4' <Predicate = true> <Delay = 1.82> <CoreInst = "Adder">   --->   Core 1 'Adder' <Latency = 0> <II = 1> <Delay = 1.82> <FuncUnit> <Opcode : 'add' 'sub'> <InPorts = 2> <OutPorts = 1>
ST_8 : Operation 70 [1/1] (1.58ns)   --->   "%store_ln53 = store i6 %add_ln53_4, i6 %z" [conv.cpp:53]   --->   Operation 70 'store' 'store_ln53' <Predicate = true> <Delay = 1.58>
ST_8 : Operation 71 [1/1] (0.00ns)   --->   "%br_ln53 = br void %for.body95" [conv.cpp:53]   --->   Operation 71 'br' 'br_ln53' <Predicate = true> <Delay = 0.00>

State 9 <SV = 8> <Delay = 7.21>
ST_9 : Operation 72 [1/1] (0.00ns)   --->   "%zext_ln55_2 = zext i6 %select_ln52" [conv.cpp:55]   --->   Operation 72 'zext' 'zext_ln55_2' <Predicate = true> <Delay = 0.00>
ST_9 : Operation 73 [1/1] (2.13ns)   --->   "%add_ln55_1 = add i18 %mul_ln55_1, i18 %zext_ln55_2" [conv.cpp:55]   --->   Operation 73 'add' 'add_ln55_1' <Predicate = true> <Delay = 2.13> <CoreInst = "Adder">   --->   Core 1 'Adder' <Latency = 0> <II = 1> <Delay = 2.13> <FuncUnit> <Opcode : 'add' 'sub'> <InPorts = 2> <OutPorts = 1>
ST_9 : Operation 74 [1/1] (0.00ns)   --->   "%zext_ln55_3 = zext i18 %add_ln55_1" [conv.cpp:55]   --->   Operation 74 'zext' 'zext_ln55_3' <Predicate = true> <Delay = 0.00>
ST_9 : Operation 75 [1/1] (0.00ns)   --->   "%output_fm_addr = getelementptr i32 %output_fm, i64 0, i64 %zext_ln55_3" [conv.cpp:55]   --->   Operation 75 'getelementptr' 'output_fm_addr' <Predicate = true> <Delay = 0.00>
ST_9 : Operation 76 [2/2] (3.25ns)   --->   "%output_fm_load = load i18 %output_fm_addr" [conv.cpp:55]   --->   Operation 76 'load' 'output_fm_load' <Predicate = true> <Delay = 3.25> <CoreInst = "RAM">   --->   Core 82 'RAM' <Latency = 1> <II = 1> <Delay = 3.25> <Storage> <Opcode : 'load' 'store'> <Ports = 2> <Width = 32> <Depth = 193600> <RAM>
ST_9 : Operation 77 [1/1] (1.82ns)   --->   "%add_ln53 = add i6 %select_ln52, i6 1" [conv.cpp:53]   --->   Operation 77 'add' 'add_ln53' <Predicate = true> <Delay = 1.82> <CoreInst = "Adder">   --->   Core 1 'Adder' <Latency = 0> <II = 1> <Delay = 1.82> <FuncUnit> <Opcode : 'add' 'sub'> <InPorts = 2> <OutPorts = 1>
ST_9 : Operation 78 [1/1] (0.00ns)   --->   "%zext_ln55_4 = zext i6 %add_ln53" [conv.cpp:55]   --->   Operation 78 'zext' 'zext_ln55_4' <Predicate = true> <Delay = 0.00>
ST_9 : Operation 79 [1/1] (2.13ns)   --->   "%add_ln55_2 = add i18 %mul_ln55_1, i18 %zext_ln55_4" [conv.cpp:55]   --->   Operation 79 'add' 'add_ln55_2' <Predicate = true> <Delay = 2.13> <CoreInst = "Adder">   --->   Core 1 'Adder' <Latency = 0> <II = 1> <Delay = 2.13> <FuncUnit> <Opcode : 'add' 'sub'> <InPorts = 2> <OutPorts = 1>
ST_9 : Operation 80 [1/1] (0.00ns)   --->   "%zext_ln55_5 = zext i18 %add_ln55_2" [conv.cpp:55]   --->   Operation 80 'zext' 'zext_ln55_5' <Predicate = true> <Delay = 0.00>
ST_9 : Operation 81 [1/1] (0.00ns)   --->   "%output_fm_addr_1 = getelementptr i32 %output_fm, i64 0, i64 %zext_ln55_5" [conv.cpp:55]   --->   Operation 81 'getelementptr' 'output_fm_addr_1' <Predicate = true> <Delay = 0.00>
ST_9 : Operation 82 [2/2] (3.25ns)   --->   "%output_fm_load_1 = load i18 %output_fm_addr_1" [conv.cpp:55]   --->   Operation 82 'load' 'output_fm_load_1' <Predicate = true> <Delay = 3.25> <CoreInst = "RAM">   --->   Core 82 'RAM' <Latency = 1> <II = 1> <Delay = 3.25> <Storage> <Opcode : 'load' 'store'> <Ports = 2> <Width = 32> <Depth = 193600> <RAM>
ST_9 : Operation 83 [1/1] (1.82ns)   --->   "%add_ln53_1 = add i6 %select_ln52, i6 2" [conv.cpp:53]   --->   Operation 83 'add' 'add_ln53_1' <Predicate = true> <Delay = 1.82> <CoreInst = "Adder">   --->   Core 1 'Adder' <Latency = 0> <II = 1> <Delay = 1.82> <FuncUnit> <Opcode : 'add' 'sub'> <InPorts = 2> <OutPorts = 1>
ST_9 : Operation 84 [1/1] (1.82ns)   --->   "%add_ln53_2 = add i6 %select_ln52, i6 3" [conv.cpp:53]   --->   Operation 84 'add' 'add_ln53_2' <Predicate = true> <Delay = 1.82> <CoreInst = "Adder">   --->   Core 1 'Adder' <Latency = 0> <II = 1> <Delay = 1.82> <FuncUnit> <Opcode : 'add' 'sub'> <InPorts = 2> <OutPorts = 1>
ST_9 : Operation 85 [1/1] (1.82ns)   --->   "%add_ln53_3 = add i6 %select_ln52, i6 4" [conv.cpp:53]   --->   Operation 85 'add' 'add_ln53_3' <Predicate = true> <Delay = 1.82> <CoreInst = "Adder">   --->   Core 1 'Adder' <Latency = 0> <II = 1> <Delay = 1.82> <FuncUnit> <Opcode : 'add' 'sub'> <InPorts = 2> <OutPorts = 1>

State 10 <SV = 9> <Delay = 5.70>
ST_10 : Operation 86 [1/2] (3.25ns)   --->   "%output_fm_load = load i18 %output_fm_addr" [conv.cpp:55]   --->   Operation 86 'load' 'output_fm_load' <Predicate = true> <Delay = 3.25> <CoreInst = "RAM">   --->   Core 82 'RAM' <Latency = 1> <II = 1> <Delay = 3.25> <Storage> <Opcode : 'load' 'store'> <Ports = 2> <Width = 32> <Depth = 193600> <RAM>
ST_10 : Operation 87 [1/1] (0.00ns)   --->   "%tmp_s = partselect i8 @_ssdm_op_PartSelect.i8.i32.i32.i32, i32 %output_fm_load, i32 23, i32 30" [conv.cpp:55]   --->   Operation 87 'partselect' 'tmp_s' <Predicate = true> <Delay = 0.00>
ST_10 : Operation 88 [1/1] (0.00ns)   --->   "%trunc_ln55 = trunc i32 %output_fm_load" [conv.cpp:55]   --->   Operation 88 'trunc' 'trunc_ln55' <Predicate = true> <Delay = 0.00>
ST_10 : Operation 89 [1/1] (1.55ns)   --->   "%icmp_ln55 = icmp_ne  i8 %tmp_s, i8 255" [conv.cpp:55]   --->   Operation 89 'icmp' 'icmp_ln55' <Predicate = true> <Delay = 1.55> <CoreInst = "Cmp">   --->   Core 9 'Cmp' <Latency = 0> <II = 1> <Delay = 1.55> <FuncUnit> <Opcode : 'icmp'> <InPorts = 2> <OutPorts = 1>
ST_10 : Operation 90 [1/1] (2.44ns)   --->   "%icmp_ln55_1 = icmp_eq  i23 %trunc_ln55, i23 0" [conv.cpp:55]   --->   Operation 90 'icmp' 'icmp_ln55_1' <Predicate = true> <Delay = 2.44> <CoreInst = "Cmp">   --->   Core 9 'Cmp' <Latency = 0> <II = 1> <Delay = 2.44> <FuncUnit> <Opcode : 'icmp'> <InPorts = 2> <OutPorts = 1>
ST_10 : Operation 91 [1/2] (3.25ns)   --->   "%output_fm_load_1 = load i18 %output_fm_addr_1" [conv.cpp:55]   --->   Operation 91 'load' 'output_fm_load_1' <Predicate = true> <Delay = 3.25> <CoreInst = "RAM">   --->   Core 82 'RAM' <Latency = 1> <II = 1> <Delay = 3.25> <Storage> <Opcode : 'load' 'store'> <Ports = 2> <Width = 32> <Depth = 193600> <RAM>
ST_10 : Operation 92 [1/1] (0.00ns)   --->   "%tmp_2 = partselect i8 @_ssdm_op_PartSelect.i8.i32.i32.i32, i32 %output_fm_load_1, i32 23, i32 30" [conv.cpp:55]   --->   Operation 92 'partselect' 'tmp_2' <Predicate = true> <Delay = 0.00>
ST_10 : Operation 93 [1/1] (0.00ns)   --->   "%trunc_ln55_1 = trunc i32 %output_fm_load_1" [conv.cpp:55]   --->   Operation 93 'trunc' 'trunc_ln55_1' <Predicate = true> <Delay = 0.00>
ST_10 : Operation 94 [1/1] (1.55ns)   --->   "%icmp_ln55_2 = icmp_ne  i8 %tmp_2, i8 255" [conv.cpp:55]   --->   Operation 94 'icmp' 'icmp_ln55_2' <Predicate = true> <Delay = 1.55> <CoreInst = "Cmp">   --->   Core 9 'Cmp' <Latency = 0> <II = 1> <Delay = 1.55> <FuncUnit> <Opcode : 'icmp'> <InPorts = 2> <OutPorts = 1>
ST_10 : Operation 95 [1/1] (2.44ns)   --->   "%icmp_ln55_3 = icmp_eq  i23 %trunc_ln55_1, i23 0" [conv.cpp:55]   --->   Operation 95 'icmp' 'icmp_ln55_3' <Predicate = true> <Delay = 2.44> <CoreInst = "Cmp">   --->   Core 9 'Cmp' <Latency = 0> <II = 1> <Delay = 2.44> <FuncUnit> <Opcode : 'icmp'> <InPorts = 2> <OutPorts = 1>
ST_10 : Operation 96 [1/1] (0.00ns)   --->   "%zext_ln55_6 = zext i6 %add_ln53_1" [conv.cpp:55]   --->   Operation 96 'zext' 'zext_ln55_6' <Predicate = true> <Delay = 0.00>
ST_10 : Operation 97 [1/1] (2.13ns)   --->   "%add_ln55_3 = add i18 %mul_ln55_1, i18 %zext_ln55_6" [conv.cpp:55]   --->   Operation 97 'add' 'add_ln55_3' <Predicate = true> <Delay = 2.13> <CoreInst = "Adder">   --->   Core 1 'Adder' <Latency = 0> <II = 1> <Delay = 2.13> <FuncUnit> <Opcode : 'add' 'sub'> <InPorts = 2> <OutPorts = 1>
ST_10 : Operation 98 [1/1] (0.00ns)   --->   "%zext_ln55_7 = zext i18 %add_ln55_3" [conv.cpp:55]   --->   Operation 98 'zext' 'zext_ln55_7' <Predicate = true> <Delay = 0.00>
ST_10 : Operation 99 [1/1] (0.00ns)   --->   "%output_fm_addr_2 = getelementptr i32 %output_fm, i64 0, i64 %zext_ln55_7" [conv.cpp:55]   --->   Operation 99 'getelementptr' 'output_fm_addr_2' <Predicate = true> <Delay = 0.00>
ST_10 : Operation 100 [2/2] (3.25ns)   --->   "%output_fm_load_2 = load i18 %output_fm_addr_2" [conv.cpp:55]   --->   Operation 100 'load' 'output_fm_load_2' <Predicate = true> <Delay = 3.25> <CoreInst = "RAM">   --->   Core 82 'RAM' <Latency = 1> <II = 1> <Delay = 3.25> <Storage> <Opcode : 'load' 'store'> <Ports = 2> <Width = 32> <Depth = 193600> <RAM>
ST_10 : Operation 101 [1/1] (0.00ns)   --->   "%zext_ln55_8 = zext i6 %add_ln53_2" [conv.cpp:55]   --->   Operation 101 'zext' 'zext_ln55_8' <Predicate = true> <Delay = 0.00>
ST_10 : Operation 102 [1/1] (2.13ns)   --->   "%add_ln55_4 = add i18 %mul_ln55_1, i18 %zext_ln55_8" [conv.cpp:55]   --->   Operation 102 'add' 'add_ln55_4' <Predicate = true> <Delay = 2.13> <CoreInst = "Adder">   --->   Core 1 'Adder' <Latency = 0> <II = 1> <Delay = 2.13> <FuncUnit> <Opcode : 'add' 'sub'> <InPorts = 2> <OutPorts = 1>
ST_10 : Operation 103 [1/1] (0.00ns)   --->   "%zext_ln55_9 = zext i18 %add_ln55_4" [conv.cpp:55]   --->   Operation 103 'zext' 'zext_ln55_9' <Predicate = true> <Delay = 0.00>
ST_10 : Operation 104 [1/1] (0.00ns)   --->   "%output_fm_addr_3 = getelementptr i32 %output_fm, i64 0, i64 %zext_ln55_9" [conv.cpp:55]   --->   Operation 104 'getelementptr' 'output_fm_addr_3' <Predicate = true> <Delay = 0.00>
ST_10 : Operation 105 [2/2] (3.25ns)   --->   "%output_fm_load_3 = load i18 %output_fm_addr_3" [conv.cpp:55]   --->   Operation 105 'load' 'output_fm_load_3' <Predicate = true> <Delay = 3.25> <CoreInst = "RAM">   --->   Core 82 'RAM' <Latency = 1> <II = 1> <Delay = 3.25> <Storage> <Opcode : 'load' 'store'> <Ports = 2> <Width = 32> <Depth = 193600> <RAM>
ST_10 : Operation 106 [1/1] (0.00ns)   --->   "%zext_ln55_10 = zext i6 %add_ln53_3" [conv.cpp:55]   --->   Operation 106 'zext' 'zext_ln55_10' <Predicate = true> <Delay = 0.00>
ST_10 : Operation 107 [1/1] (2.13ns)   --->   "%add_ln55_5 = add i18 %mul_ln55_1, i18 %zext_ln55_10" [conv.cpp:55]   --->   Operation 107 'add' 'add_ln55_5' <Predicate = true> <Delay = 2.13> <CoreInst = "Adder">   --->   Core 1 'Adder' <Latency = 0> <II = 1> <Delay = 2.13> <FuncUnit> <Opcode : 'add' 'sub'> <InPorts = 2> <OutPorts = 1>

State 11 <SV = 10> <Delay = 5.70>
ST_11 : Operation 108 [1/1] (0.00ns)   --->   "%bitcast_ln55 = bitcast i32 %output_fm_load" [conv.cpp:55]   --->   Operation 108 'bitcast' 'bitcast_ln55' <Predicate = true> <Delay = 0.00>
ST_11 : Operation 109 [2/2] (5.43ns)   --->   "%tmp_1 = fcmp_olt  i32 %bitcast_ln55, i32 0" [conv.cpp:55]   --->   Operation 109 'fcmp' 'tmp_1' <Predicate = true> <Delay = 5.43> <CoreInst = "FCompare">   --->   Core 19 'FCompare' <Latency = 1> <II = 1> <Delay = 5.43> <FuncUnit> <Opcode : 'fcmp'> <InPorts = 2> <OutPorts = 1>
ST_11 : Operation 110 [1/2] (3.25ns)   --->   "%output_fm_load_2 = load i18 %output_fm_addr_2" [conv.cpp:55]   --->   Operation 110 'load' 'output_fm_load_2' <Predicate = true> <Delay = 3.25> <CoreInst = "RAM">   --->   Core 82 'RAM' <Latency = 1> <II = 1> <Delay = 3.25> <Storage> <Opcode : 'load' 'store'> <Ports = 2> <Width = 32> <Depth = 193600> <RAM>
ST_11 : Operation 111 [1/1] (0.00ns)   --->   "%tmp_4 = partselect i8 @_ssdm_op_PartSelect.i8.i32.i32.i32, i32 %output_fm_load_2, i32 23, i32 30" [conv.cpp:55]   --->   Operation 111 'partselect' 'tmp_4' <Predicate = true> <Delay = 0.00>
ST_11 : Operation 112 [1/1] (0.00ns)   --->   "%trunc_ln55_2 = trunc i32 %output_fm_load_2" [conv.cpp:55]   --->   Operation 112 'trunc' 'trunc_ln55_2' <Predicate = true> <Delay = 0.00>
ST_11 : Operation 113 [1/1] (1.55ns)   --->   "%icmp_ln55_4 = icmp_ne  i8 %tmp_4, i8 255" [conv.cpp:55]   --->   Operation 113 'icmp' 'icmp_ln55_4' <Predicate = true> <Delay = 1.55> <CoreInst = "Cmp">   --->   Core 9 'Cmp' <Latency = 0> <II = 1> <Delay = 1.55> <FuncUnit> <Opcode : 'icmp'> <InPorts = 2> <OutPorts = 1>
ST_11 : Operation 114 [1/1] (2.44ns)   --->   "%icmp_ln55_5 = icmp_eq  i23 %trunc_ln55_2, i23 0" [conv.cpp:55]   --->   Operation 114 'icmp' 'icmp_ln55_5' <Predicate = true> <Delay = 2.44> <CoreInst = "Cmp">   --->   Core 9 'Cmp' <Latency = 0> <II = 1> <Delay = 2.44> <FuncUnit> <Opcode : 'icmp'> <InPorts = 2> <OutPorts = 1>
ST_11 : Operation 115 [1/2] (3.25ns)   --->   "%output_fm_load_3 = load i18 %output_fm_addr_3" [conv.cpp:55]   --->   Operation 115 'load' 'output_fm_load_3' <Predicate = true> <Delay = 3.25> <CoreInst = "RAM">   --->   Core 82 'RAM' <Latency = 1> <II = 1> <Delay = 3.25> <Storage> <Opcode : 'load' 'store'> <Ports = 2> <Width = 32> <Depth = 193600> <RAM>
ST_11 : Operation 116 [1/1] (0.00ns)   --->   "%tmp_6 = partselect i8 @_ssdm_op_PartSelect.i8.i32.i32.i32, i32 %output_fm_load_3, i32 23, i32 30" [conv.cpp:55]   --->   Operation 116 'partselect' 'tmp_6' <Predicate = true> <Delay = 0.00>
ST_11 : Operation 117 [1/1] (0.00ns)   --->   "%trunc_ln55_3 = trunc i32 %output_fm_load_3" [conv.cpp:55]   --->   Operation 117 'trunc' 'trunc_ln55_3' <Predicate = true> <Delay = 0.00>
ST_11 : Operation 118 [1/1] (1.55ns)   --->   "%icmp_ln55_6 = icmp_ne  i8 %tmp_6, i8 255" [conv.cpp:55]   --->   Operation 118 'icmp' 'icmp_ln55_6' <Predicate = true> <Delay = 1.55> <CoreInst = "Cmp">   --->   Core 9 'Cmp' <Latency = 0> <II = 1> <Delay = 1.55> <FuncUnit> <Opcode : 'icmp'> <InPorts = 2> <OutPorts = 1>
ST_11 : Operation 119 [1/1] (2.44ns)   --->   "%icmp_ln55_7 = icmp_eq  i23 %trunc_ln55_3, i23 0" [conv.cpp:55]   --->   Operation 119 'icmp' 'icmp_ln55_7' <Predicate = true> <Delay = 2.44> <CoreInst = "Cmp">   --->   Core 9 'Cmp' <Latency = 0> <II = 1> <Delay = 2.44> <FuncUnit> <Opcode : 'icmp'> <InPorts = 2> <OutPorts = 1>
ST_11 : Operation 120 [1/1] (0.00ns)   --->   "%zext_ln55_11 = zext i18 %add_ln55_5" [conv.cpp:55]   --->   Operation 120 'zext' 'zext_ln55_11' <Predicate = true> <Delay = 0.00>
ST_11 : Operation 121 [1/1] (0.00ns)   --->   "%output_fm_addr_4 = getelementptr i32 %output_fm, i64 0, i64 %zext_ln55_11" [conv.cpp:55]   --->   Operation 121 'getelementptr' 'output_fm_addr_4' <Predicate = true> <Delay = 0.00>
ST_11 : Operation 122 [2/2] (3.25ns)   --->   "%output_fm_load_4 = load i18 %output_fm_addr_4" [conv.cpp:55]   --->   Operation 122 'load' 'output_fm_load_4' <Predicate = true> <Delay = 3.25> <CoreInst = "RAM">   --->   Core 82 'RAM' <Latency = 1> <II = 1> <Delay = 3.25> <Storage> <Opcode : 'load' 'store'> <Ports = 2> <Width = 32> <Depth = 193600> <RAM>

State 12 <SV = 11> <Delay = 6.40>
ST_12 : Operation 123 [1/1] (0.00ns)   --->   "%specloopname_ln0 = specloopname void @_ssdm_op_SpecLoopName, void @VITIS_LOOP_51_10_VITIS_LOOP_52_11_VITIS_LOOP_53_12_str"   --->   Operation 123 'specloopname' 'specloopname_ln0' <Predicate = true> <Delay = 0.00>
ST_12 : Operation 124 [1/1] (0.00ns)   --->   "%empty = speclooptripcount i32 @_ssdm_op_SpecLoopTripCount, i64 38720, i64 38720, i64 38720"   --->   Operation 124 'speclooptripcount' 'empty' <Predicate = true> <Delay = 0.00>
ST_12 : Operation 125 [1/1] (0.00ns)   --->   "%specpipeline_ln0 = specpipeline void @_ssdm_op_SpecPipeline, i32 4294967295, i32 0, i32 1, i32 0, void @p_str"   --->   Operation 125 'specpipeline' 'specpipeline_ln0' <Predicate = true> <Delay = 0.00>
ST_12 : Operation 126 [1/1] (0.00ns)   --->   "%specloopname_ln0 = specloopname void @_ssdm_op_SpecLoopName, void @VITIS_LOOP_52_11_VITIS_LOOP_53_12_str"   --->   Operation 126 'specloopname' 'specloopname_ln0' <Predicate = true> <Delay = 0.00>
ST_12 : Operation 127 [1/1] (0.00ns)   --->   "%specpipeline_ln0 = specpipeline void @_ssdm_op_SpecPipeline, i32 4294967295, i32 0, i32 1, i32 0, void @p_str"   --->   Operation 127 'specpipeline' 'specpipeline_ln0' <Predicate = true> <Delay = 0.00>
ST_12 : Operation 128 [1/1] (0.00ns)   --->   "%specloopname_ln17 = specloopname void @_ssdm_op_SpecLoopName, void @empty_1" [conv.cpp:17]   --->   Operation 128 'specloopname' 'specloopname_ln17' <Predicate = true> <Delay = 0.00>
ST_12 : Operation 129 [1/1] (0.00ns) (grouped into LUT with out node and_ln55)   --->   "%or_ln55 = or i1 %icmp_ln55_1, i1 %icmp_ln55" [conv.cpp:55]   --->   Operation 129 'or' 'or_ln55' <Predicate = true> <Delay = 0.00> <CoreInst = "LogicGate">   --->   Core 74 'LogicGate' <Latency = 0> <II = 1> <Delay = 0.97> <FuncUnit> <Opcode : 'and' 'or' 'xor'> <InPorts = 2> <OutPorts = 1>
ST_12 : Operation 130 [1/2] (5.43ns)   --->   "%tmp_1 = fcmp_olt  i32 %bitcast_ln55, i32 0" [conv.cpp:55]   --->   Operation 130 'fcmp' 'tmp_1' <Predicate = true> <Delay = 5.43> <CoreInst = "FCompare">   --->   Core 19 'FCompare' <Latency = 1> <II = 1> <Delay = 5.43> <FuncUnit> <Opcode : 'fcmp'> <InPorts = 2> <OutPorts = 1>
ST_12 : Operation 131 [1/1] (0.97ns) (out node of the LUT)   --->   "%and_ln55 = and i1 %or_ln55, i1 %tmp_1" [conv.cpp:55]   --->   Operation 131 'and' 'and_ln55' <Predicate = true> <Delay = 0.97> <CoreInst = "LogicGate">   --->   Core 74 'LogicGate' <Latency = 0> <II = 1> <Delay = 0.97> <FuncUnit> <Opcode : 'and' 'or' 'xor'> <InPorts = 2> <OutPorts = 1>
ST_12 : Operation 132 [1/1] (0.00ns)   --->   "%br_ln55 = br i1 %and_ln55, void %for.inc111, void %if.then103" [conv.cpp:55]   --->   Operation 132 'br' 'br_ln55' <Predicate = true> <Delay = 0.00>
ST_12 : Operation 133 [1/1] (0.00ns)   --->   "%bitcast_ln55_1 = bitcast i32 %output_fm_load_1" [conv.cpp:55]   --->   Operation 133 'bitcast' 'bitcast_ln55_1' <Predicate = true> <Delay = 0.00>
ST_12 : Operation 134 [2/2] (5.43ns)   --->   "%tmp_3 = fcmp_olt  i32 %bitcast_ln55_1, i32 0" [conv.cpp:55]   --->   Operation 134 'fcmp' 'tmp_3' <Predicate = true> <Delay = 5.43> <CoreInst = "FCompare">   --->   Core 19 'FCompare' <Latency = 1> <II = 1> <Delay = 5.43> <FuncUnit> <Opcode : 'fcmp'> <InPorts = 2> <OutPorts = 1>
ST_12 : Operation 135 [1/2] (3.25ns)   --->   "%output_fm_load_4 = load i18 %output_fm_addr_4" [conv.cpp:55]   --->   Operation 135 'load' 'output_fm_load_4' <Predicate = true> <Delay = 3.25> <CoreInst = "RAM">   --->   Core 82 'RAM' <Latency = 1> <II = 1> <Delay = 3.25> <Storage> <Opcode : 'load' 'store'> <Ports = 2> <Width = 32> <Depth = 193600> <RAM>
ST_12 : Operation 136 [1/1] (0.00ns)   --->   "%tmp_8 = partselect i8 @_ssdm_op_PartSelect.i8.i32.i32.i32, i32 %output_fm_load_4, i32 23, i32 30" [conv.cpp:55]   --->   Operation 136 'partselect' 'tmp_8' <Predicate = true> <Delay = 0.00>
ST_12 : Operation 137 [1/1] (0.00ns)   --->   "%trunc_ln55_4 = trunc i32 %output_fm_load_4" [conv.cpp:55]   --->   Operation 137 'trunc' 'trunc_ln55_4' <Predicate = true> <Delay = 0.00>
ST_12 : Operation 138 [1/1] (1.55ns)   --->   "%icmp_ln55_8 = icmp_ne  i8 %tmp_8, i8 255" [conv.cpp:55]   --->   Operation 138 'icmp' 'icmp_ln55_8' <Predicate = true> <Delay = 1.55> <CoreInst = "Cmp">   --->   Core 9 'Cmp' <Latency = 0> <II = 1> <Delay = 1.55> <FuncUnit> <Opcode : 'icmp'> <InPorts = 2> <OutPorts = 1>
ST_12 : Operation 139 [1/1] (2.44ns)   --->   "%icmp_ln55_9 = icmp_eq  i23 %trunc_ln55_4, i23 0" [conv.cpp:55]   --->   Operation 139 'icmp' 'icmp_ln55_9' <Predicate = true> <Delay = 2.44> <CoreInst = "Cmp">   --->   Core 9 'Cmp' <Latency = 0> <II = 1> <Delay = 2.44> <FuncUnit> <Opcode : 'icmp'> <InPorts = 2> <OutPorts = 1>

State 13 <SV = 12> <Delay = 6.40>
ST_13 : Operation 140 [1/1] (3.25ns)   --->   "%store_ln55 = store i32 0, i18 %output_fm_addr" [conv.cpp:55]   --->   Operation 140 'store' 'store_ln55' <Predicate = (and_ln55)> <Delay = 3.25> <CoreInst = "RAM">   --->   Core 82 'RAM' <Latency = 1> <II = 1> <Delay = 3.25> <Storage> <Opcode : 'load' 'store'> <Ports = 2> <Width = 32> <Depth = 193600> <RAM>
ST_13 : Operation 141 [1/1] (0.00ns)   --->   "%br_ln55 = br void %for.inc111" [conv.cpp:55]   --->   Operation 141 'br' 'br_ln55' <Predicate = (and_ln55)> <Delay = 0.00>
ST_13 : Operation 142 [1/1] (0.00ns) (grouped into LUT with out node and_ln55_1)   --->   "%or_ln55_1 = or i1 %icmp_ln55_3, i1 %icmp_ln55_2" [conv.cpp:55]   --->   Operation 142 'or' 'or_ln55_1' <Predicate = true> <Delay = 0.00> <CoreInst = "LogicGate">   --->   Core 74 'LogicGate' <Latency = 0> <II = 1> <Delay = 0.97> <FuncUnit> <Opcode : 'and' 'or' 'xor'> <InPorts = 2> <OutPorts = 1>
ST_13 : Operation 143 [1/2] (5.43ns)   --->   "%tmp_3 = fcmp_olt  i32 %bitcast_ln55_1, i32 0" [conv.cpp:55]   --->   Operation 143 'fcmp' 'tmp_3' <Predicate = true> <Delay = 5.43> <CoreInst = "FCompare">   --->   Core 19 'FCompare' <Latency = 1> <II = 1> <Delay = 5.43> <FuncUnit> <Opcode : 'fcmp'> <InPorts = 2> <OutPorts = 1>
ST_13 : Operation 144 [1/1] (0.97ns) (out node of the LUT)   --->   "%and_ln55_1 = and i1 %or_ln55_1, i1 %tmp_3" [conv.cpp:55]   --->   Operation 144 'and' 'and_ln55_1' <Predicate = true> <Delay = 0.97> <CoreInst = "LogicGate">   --->   Core 74 'LogicGate' <Latency = 0> <II = 1> <Delay = 0.97> <FuncUnit> <Opcode : 'and' 'or' 'xor'> <InPorts = 2> <OutPorts = 1>
ST_13 : Operation 145 [1/1] (0.00ns)   --->   "%br_ln55 = br i1 %and_ln55_1, void %for.inc111.1, void %if.then103.1" [conv.cpp:55]   --->   Operation 145 'br' 'br_ln55' <Predicate = true> <Delay = 0.00>
ST_13 : Operation 146 [1/1] (0.00ns)   --->   "%bitcast_ln55_2 = bitcast i32 %output_fm_load_2" [conv.cpp:55]   --->   Operation 146 'bitcast' 'bitcast_ln55_2' <Predicate = true> <Delay = 0.00>
ST_13 : Operation 147 [2/2] (5.43ns)   --->   "%tmp_5 = fcmp_olt  i32 %bitcast_ln55_2, i32 0" [conv.cpp:55]   --->   Operation 147 'fcmp' 'tmp_5' <Predicate = true> <Delay = 5.43> <CoreInst = "FCompare">   --->   Core 19 'FCompare' <Latency = 1> <II = 1> <Delay = 5.43> <FuncUnit> <Opcode : 'fcmp'> <InPorts = 2> <OutPorts = 1>
ST_13 : Operation 172 [1/1] (0.00ns)   --->   "%ret_ln0 = ret"   --->   Operation 172 'ret' 'ret_ln0' <Predicate = (icmp_ln51)> <Delay = 0.00>

State 14 <SV = 15> <Delay = 6.40>
ST_14 : Operation 148 [1/1] (3.25ns)   --->   "%store_ln55 = store i32 0, i18 %output_fm_addr_1" [conv.cpp:55]   --->   Operation 148 'store' 'store_ln55' <Predicate = (and_ln55_1)> <Delay = 3.25> <CoreInst = "RAM">   --->   Core 82 'RAM' <Latency = 1> <II = 1> <Delay = 3.25> <Storage> <Opcode : 'load' 'store'> <Ports = 2> <Width = 32> <Depth = 193600> <RAM>
ST_14 : Operation 149 [1/1] (0.00ns)   --->   "%br_ln55 = br void %for.inc111.1" [conv.cpp:55]   --->   Operation 149 'br' 'br_ln55' <Predicate = (and_ln55_1)> <Delay = 0.00>
ST_14 : Operation 150 [1/1] (0.00ns) (grouped into LUT with out node and_ln55_4)   --->   "%or_ln55_4 = or i1 %icmp_ln55_9, i1 %icmp_ln55_8" [conv.cpp:55]   --->   Operation 150 'or' 'or_ln55_4' <Predicate = true> <Delay = 0.00> <CoreInst = "LogicGate">   --->   Core 74 'LogicGate' <Latency = 0> <II = 1> <Delay = 0.97> <FuncUnit> <Opcode : 'and' 'or' 'xor'> <InPorts = 2> <OutPorts = 1>
ST_14 : Operation 151 [1/2] (5.43ns)   --->   "%tmp_9 = fcmp_olt  i32 %bitcast_ln55_4, i32 0" [conv.cpp:55]   --->   Operation 151 'fcmp' 'tmp_9' <Predicate = true> <Delay = 5.43> <CoreInst = "FCompare">   --->   Core 19 'FCompare' <Latency = 1> <II = 1> <Delay = 5.43> <FuncUnit> <Opcode : 'fcmp'> <InPorts = 2> <OutPorts = 1>
ST_14 : Operation 152 [1/1] (0.97ns) (out node of the LUT)   --->   "%and_ln55_4 = and i1 %or_ln55_4, i1 %tmp_9" [conv.cpp:55]   --->   Operation 152 'and' 'and_ln55_4' <Predicate = true> <Delay = 0.97> <CoreInst = "LogicGate">   --->   Core 74 'LogicGate' <Latency = 0> <II = 1> <Delay = 0.97> <FuncUnit> <Opcode : 'and' 'or' 'xor'> <InPorts = 2> <OutPorts = 1>
ST_14 : Operation 153 [1/1] (0.00ns)   --->   "%br_ln55 = br i1 %and_ln55_4, void %for.inc111.4, void %if.then103.4" [conv.cpp:55]   --->   Operation 153 'br' 'br_ln55' <Predicate = true> <Delay = 0.00>

State 15 <SV = 13> <Delay = 6.40>
ST_15 : Operation 154 [1/1] (0.00ns) (grouped into LUT with out node and_ln55_2)   --->   "%or_ln55_2 = or i1 %icmp_ln55_5, i1 %icmp_ln55_4" [conv.cpp:55]   --->   Operation 154 'or' 'or_ln55_2' <Predicate = true> <Delay = 0.00> <CoreInst = "LogicGate">   --->   Core 74 'LogicGate' <Latency = 0> <II = 1> <Delay = 0.97> <FuncUnit> <Opcode : 'and' 'or' 'xor'> <InPorts = 2> <OutPorts = 1>
ST_15 : Operation 155 [1/2] (5.43ns)   --->   "%tmp_5 = fcmp_olt  i32 %bitcast_ln55_2, i32 0" [conv.cpp:55]   --->   Operation 155 'fcmp' 'tmp_5' <Predicate = true> <Delay = 5.43> <CoreInst = "FCompare">   --->   Core 19 'FCompare' <Latency = 1> <II = 1> <Delay = 5.43> <FuncUnit> <Opcode : 'fcmp'> <InPorts = 2> <OutPorts = 1>
ST_15 : Operation 156 [1/1] (0.97ns) (out node of the LUT)   --->   "%and_ln55_2 = and i1 %or_ln55_2, i1 %tmp_5" [conv.cpp:55]   --->   Operation 156 'and' 'and_ln55_2' <Predicate = true> <Delay = 0.97> <CoreInst = "LogicGate">   --->   Core 74 'LogicGate' <Latency = 0> <II = 1> <Delay = 0.97> <FuncUnit> <Opcode : 'and' 'or' 'xor'> <InPorts = 2> <OutPorts = 1>
ST_15 : Operation 157 [1/1] (0.00ns)   --->   "%br_ln55 = br i1 %and_ln55_2, void %for.inc111.2, void %if.then103.2" [conv.cpp:55]   --->   Operation 157 'br' 'br_ln55' <Predicate = true> <Delay = 0.00>
ST_15 : Operation 158 [1/1] (0.00ns)   --->   "%bitcast_ln55_3 = bitcast i32 %output_fm_load_3" [conv.cpp:55]   --->   Operation 158 'bitcast' 'bitcast_ln55_3' <Predicate = true> <Delay = 0.00>
ST_15 : Operation 159 [2/2] (5.43ns)   --->   "%tmp_7 = fcmp_olt  i32 %bitcast_ln55_3, i32 0" [conv.cpp:55]   --->   Operation 159 'fcmp' 'tmp_7' <Predicate = true> <Delay = 5.43> <CoreInst = "FCompare">   --->   Core 19 'FCompare' <Latency = 1> <II = 1> <Delay = 5.43> <FuncUnit> <Opcode : 'fcmp'> <InPorts = 2> <OutPorts = 1>

State 16 <SV = 16> <Delay = 3.25>
ST_16 : Operation 160 [1/1] (3.25ns)   --->   "%store_ln55 = store i32 0, i18 %output_fm_addr_2" [conv.cpp:55]   --->   Operation 160 'store' 'store_ln55' <Predicate = (and_ln55_2)> <Delay = 3.25> <CoreInst = "RAM">   --->   Core 82 'RAM' <Latency = 1> <II = 1> <Delay = 3.25> <Storage> <Opcode : 'load' 'store'> <Ports = 2> <Width = 32> <Depth = 193600> <RAM>
ST_16 : Operation 161 [1/1] (0.00ns)   --->   "%br_ln55 = br void %for.inc111.2" [conv.cpp:55]   --->   Operation 161 'br' 'br_ln55' <Predicate = (and_ln55_2)> <Delay = 0.00>
ST_16 : Operation 162 [1/1] (3.25ns)   --->   "%store_ln55 = store i32 0, i18 %output_fm_addr_3" [conv.cpp:55]   --->   Operation 162 'store' 'store_ln55' <Predicate = (and_ln55_3)> <Delay = 3.25> <CoreInst = "RAM">   --->   Core 82 'RAM' <Latency = 1> <II = 1> <Delay = 3.25> <Storage> <Opcode : 'load' 'store'> <Ports = 2> <Width = 32> <Depth = 193600> <RAM>
ST_16 : Operation 163 [1/1] (0.00ns)   --->   "%br_ln55 = br void %for.inc111.3" [conv.cpp:55]   --->   Operation 163 'br' 'br_ln55' <Predicate = (and_ln55_3)> <Delay = 0.00>

State 17 <SV = 14> <Delay = 6.40>
ST_17 : Operation 164 [1/1] (0.00ns) (grouped into LUT with out node and_ln55_3)   --->   "%or_ln55_3 = or i1 %icmp_ln55_7, i1 %icmp_ln55_6" [conv.cpp:55]   --->   Operation 164 'or' 'or_ln55_3' <Predicate = true> <Delay = 0.00> <CoreInst = "LogicGate">   --->   Core 74 'LogicGate' <Latency = 0> <II = 1> <Delay = 0.97> <FuncUnit> <Opcode : 'and' 'or' 'xor'> <InPorts = 2> <OutPorts = 1>
ST_17 : Operation 165 [1/2] (5.43ns)   --->   "%tmp_7 = fcmp_olt  i32 %bitcast_ln55_3, i32 0" [conv.cpp:55]   --->   Operation 165 'fcmp' 'tmp_7' <Predicate = true> <Delay = 5.43> <CoreInst = "FCompare">   --->   Core 19 'FCompare' <Latency = 1> <II = 1> <Delay = 5.43> <FuncUnit> <Opcode : 'fcmp'> <InPorts = 2> <OutPorts = 1>
ST_17 : Operation 166 [1/1] (0.97ns) (out node of the LUT)   --->   "%and_ln55_3 = and i1 %or_ln55_3, i1 %tmp_7" [conv.cpp:55]   --->   Operation 166 'and' 'and_ln55_3' <Predicate = true> <Delay = 0.97> <CoreInst = "LogicGate">   --->   Core 74 'LogicGate' <Latency = 0> <II = 1> <Delay = 0.97> <FuncUnit> <Opcode : 'and' 'or' 'xor'> <InPorts = 2> <OutPorts = 1>
ST_17 : Operation 167 [1/1] (0.00ns)   --->   "%br_ln55 = br i1 %and_ln55_3, void %for.inc111.3, void %if.then103.3" [conv.cpp:55]   --->   Operation 167 'br' 'br_ln55' <Predicate = true> <Delay = 0.00>
ST_17 : Operation 168 [1/1] (0.00ns)   --->   "%bitcast_ln55_4 = bitcast i32 %output_fm_load_4" [conv.cpp:55]   --->   Operation 168 'bitcast' 'bitcast_ln55_4' <Predicate = true> <Delay = 0.00>
ST_17 : Operation 169 [2/2] (5.43ns)   --->   "%tmp_9 = fcmp_olt  i32 %bitcast_ln55_4, i32 0" [conv.cpp:55]   --->   Operation 169 'fcmp' 'tmp_9' <Predicate = true> <Delay = 5.43> <CoreInst = "FCompare">   --->   Core 19 'FCompare' <Latency = 1> <II = 1> <Delay = 5.43> <FuncUnit> <Opcode : 'fcmp'> <InPorts = 2> <OutPorts = 1>

State 18 <SV = 17> <Delay = 3.25>
ST_18 : Operation 170 [1/1] (3.25ns)   --->   "%store_ln55 = store i32 0, i18 %output_fm_addr_4" [conv.cpp:55]   --->   Operation 170 'store' 'store_ln55' <Predicate = (and_ln55_4)> <Delay = 3.25> <CoreInst = "RAM">   --->   Core 82 'RAM' <Latency = 1> <II = 1> <Delay = 3.25> <Storage> <Opcode : 'load' 'store'> <Ports = 2> <Width = 32> <Depth = 193600> <RAM>
ST_18 : Operation 171 [1/1] (0.00ns)   --->   "%br_ln55 = br void %for.inc111.4" [conv.cpp:55]   --->   Operation 171 'br' 'br_ln55' <Predicate = (and_ln55_4)> <Delay = 0.00>


============================================================
+ Verbose Summary: Binding
============================================================
STG Binding: 
---------------- STG Properties BEGIN ----------------
- Is combinational: 0
- Is one-state seq: 0
- Is datapath-only: 0
- Is pipelined: 0
- Is top level: 0
Port [ Return ] is wired: 1; IO mode=ap_ctrl_hs:ce=0
Port [ output_fm]:  wired=1; compound=1; hidden=0; nouse=0; global=0; static=0; extern=0; dir=2; type=1; pingpong=0; private_global=0; MemPort=[22]; IO mode=ap_memory:ce=0
---------------- STG Properties END ------------------

---------------- Datapath Model BEGIN ----------------

<LifeTime>
<method=bitvector/>
z                      (alloca           ) [ 0111111110000000000]
y                      (alloca           ) [ 0111100000000000000]
indvar_flatten190      (alloca           ) [ 0111111000000000000]
x                      (alloca           ) [ 0110000000000000000]
indvar_flatten204      (alloca           ) [ 0110000000000000000]
specinterface_ln0      (specinterface    ) [ 0000000000000000000]
store_ln0              (store            ) [ 0000000000000000000]
store_ln0              (store            ) [ 0000000000000000000]
store_ln0              (store            ) [ 0000000000000000000]
store_ln0              (store            ) [ 0000000000000000000]
store_ln0              (store            ) [ 0000000000000000000]
br_ln0                 (br               ) [ 0000000000000000000]
indvar_flatten190_load (load             ) [ 0101111000000000000]
indvar_flatten204_load (load             ) [ 0000000000000000000]
specpipeline_ln0       (specpipeline     ) [ 0000000000000000000]
icmp_ln51              (icmp             ) [ 0111111111111100000]
add_ln51_1             (add              ) [ 0000000000000000000]
br_ln51                (br               ) [ 0000000000000000000]
x_load                 (load             ) [ 0000000000000000000]
add_ln51               (add              ) [ 0000000000000000000]
icmp_ln52              (icmp             ) [ 0111111110000000000]
select_ln51_2          (select           ) [ 0000000000000000000]
zext_ln55              (zext             ) [ 0001100000000000000]
store_ln53             (store            ) [ 0000000000000000000]
store_ln53             (store            ) [ 0000000000000000000]
z_load                 (load             ) [ 0111011110000000000]
y_load                 (load             ) [ 0000000000000000000]
select_ln51            (select           ) [ 0000000000000000000]
mul_ln55               (mul              ) [ 0000010000000000000]
icmp_ln53              (icmp             ) [ 0000000000000000000]
or_ln51                (or               ) [ 0111011110000000000]
add_ln52               (add              ) [ 0000000000000000000]
select_ln52_1          (select           ) [ 0000000000000000000]
zext_ln55_1            (zext             ) [ 0000010000000000000]
store_ln53             (store            ) [ 0000000000000000000]
add_ln55               (add              ) [ 0000000000000000000]
add_ln55_cast          (zext             ) [ 0111001110000000000]
add_ln52_1             (add              ) [ 0000000000000000000]
select_ln52_2          (select           ) [ 0000000000000000000]
store_ln53             (store            ) [ 0000000000000000000]
select_ln51_1          (select           ) [ 0000000000000000000]
select_ln52            (select           ) [ 0000100001000000000]
mul_ln55_1             (mul              ) [ 0000110001100000000]
add_ln53_4             (add              ) [ 0000000000000000000]
store_ln53             (store            ) [ 0000000000000000000]
br_ln53                (br               ) [ 0000000000000000000]
zext_ln55_2            (zext             ) [ 0000000000000000000]
add_ln55_1             (add              ) [ 0000000000000000000]
zext_ln55_3            (zext             ) [ 0000000000000000000]
output_fm_addr         (getelementptr    ) [ 0111010000111100000]
add_ln53               (add              ) [ 0000000000000000000]
zext_ln55_4            (zext             ) [ 0000000000000000000]
add_ln55_2             (add              ) [ 0000000000000000000]
zext_ln55_5            (zext             ) [ 0000000000000000000]
output_fm_addr_1       (getelementptr    ) [ 0111110000111111010]
add_ln53_1             (add              ) [ 0000010000100000000]
add_ln53_2             (add              ) [ 0000010000100000000]
add_ln53_3             (add              ) [ 0000010000100000000]
output_fm_load         (load             ) [ 0100000000010000000]
tmp_s                  (partselect       ) [ 0000000000000000000]
trunc_ln55             (trunc            ) [ 0000000000000000000]
icmp_ln55              (icmp             ) [ 0110000000011000000]
icmp_ln55_1            (icmp             ) [ 0110000000011000000]
output_fm_load_1       (load             ) [ 0110000000011000000]
tmp_2                  (partselect       ) [ 0000000000000000000]
trunc_ln55_1           (trunc            ) [ 0000000000000000000]
icmp_ln55_2            (icmp             ) [ 0111000000011100000]
icmp_ln55_3            (icmp             ) [ 0111000000011100000]
zext_ln55_6            (zext             ) [ 0000000000000000000]
add_ln55_3             (add              ) [ 0000000000000000000]
zext_ln55_7            (zext             ) [ 0000000000000000000]
output_fm_addr_2       (getelementptr    ) [ 0111110000011111110]
zext_ln55_8            (zext             ) [ 0000000000000000000]
add_ln55_4             (add              ) [ 0000000000000000000]
zext_ln55_9            (zext             ) [ 0000000000000000000]
output_fm_addr_3       (getelementptr    ) [ 0111110000011111110]
zext_ln55_10           (zext             ) [ 0000000000000000000]
add_ln55_5             (add              ) [ 0100000000010000000]
bitcast_ln55           (bitcast          ) [ 0010000000001000000]
output_fm_load_2       (load             ) [ 0011000000001100000]
tmp_4                  (partselect       ) [ 0000000000000000000]
trunc_ln55_2           (trunc            ) [ 0000000000000000000]
icmp_ln55_4            (icmp             ) [ 0011100000001101000]
icmp_ln55_5            (icmp             ) [ 0011100000001101000]
output_fm_load_3       (load             ) [ 0011100000001101000]
tmp_6                  (partselect       ) [ 0000000000000000000]
trunc_ln55_3           (trunc            ) [ 0000000000000000000]
icmp_ln55_6            (icmp             ) [ 0011110000001101010]
icmp_ln55_7            (icmp             ) [ 0011110000001101010]
zext_ln55_11           (zext             ) [ 0000000000000000000]
output_fm_addr_4       (getelementptr    ) [ 0111110000001111111]
specloopname_ln0       (specloopname     ) [ 0000000000000000000]
empty                  (speclooptripcount) [ 0000000000000000000]
specpipeline_ln0       (specpipeline     ) [ 0000000000000000000]
specloopname_ln0       (specloopname     ) [ 0000000000000000000]
specpipeline_ln0       (specpipeline     ) [ 0000000000000000000]
specloopname_ln17      (specloopname     ) [ 0000000000000000000]
or_ln55                (or               ) [ 0000000000000000000]
tmp_1                  (fcmp             ) [ 0000000000000000000]
and_ln55               (and              ) [ 0001000000000100000]
br_ln55                (br               ) [ 0000000000000000000]
bitcast_ln55_1         (bitcast          ) [ 0001000000000100000]
output_fm_load_4       (load             ) [ 0001110000000101010]
tmp_8                  (partselect       ) [ 0000000000000000000]
trunc_ln55_4           (trunc            ) [ 0000000000000000000]
icmp_ln55_8            (icmp             ) [ 0101110000000111010]
icmp_ln55_9            (icmp             ) [ 0101110000000111010]
store_ln55             (store            ) [ 0000000000000000000]
br_ln55                (br               ) [ 0000000000000000000]
or_ln55_1              (or               ) [ 0000000000000000000]
tmp_3                  (fcmp             ) [ 0000000000000000000]
and_ln55_1             (and              ) [ 0100110000000011010]
br_ln55                (br               ) [ 0000000000000000000]
bitcast_ln55_2         (bitcast          ) [ 0000100000000001000]
store_ln55             (store            ) [ 0000000000000000000]
br_ln55                (br               ) [ 0000000000000000000]
or_ln55_4              (or               ) [ 0000000000000000000]
tmp_9                  (fcmp             ) [ 0000000000000000000]
and_ln55_4             (and              ) [ 0011000000000000101]
br_ln55                (br               ) [ 0000000000000000000]
or_ln55_2              (or               ) [ 0000000000000000000]
tmp_5                  (fcmp             ) [ 0000000000000000000]
and_ln55_2             (and              ) [ 0110010000000010110]
br_ln55                (br               ) [ 0000000000000000000]
bitcast_ln55_3         (bitcast          ) [ 0000010000000000010]
store_ln55             (store            ) [ 0000000000000000000]
br_ln55                (br               ) [ 0000000000000000000]
store_ln55             (store            ) [ 0000000000000000000]
br_ln55                (br               ) [ 0000000000000000000]
or_ln55_3              (or               ) [ 0000000000000000000]
tmp_7                  (fcmp             ) [ 0000000000000000000]
and_ln55_3             (and              ) [ 0110000000000010100]
br_ln55                (br               ) [ 0000000000000000000]
bitcast_ln55_4         (bitcast          ) [ 0100000000000010000]
store_ln55             (store            ) [ 0000000000000000000]
br_ln55                (br               ) [ 0000000000000000000]
ret_ln0                (ret              ) [ 0000000000000000000]
</LifeTime>

<model>

<comp_list>
<comp id="0" class="1000" name="output_fm">
<pin_list>
<pin id="1" dir="1" index="0" bw="1" slack="0"/>
</pin_list>
<bind>
<StgValue><ssdm name="output_fm"/><MemPortTyVec>2 2 </MemPortTyVec>
</StgValue>
</bind>
</comp>

<comp id="2" class="1001" name="const_2">
<pin_list>
<pin id="3" dir="1" index="0" bw="1" slack="0"/>
</pin_list>
<bind>
<StgValue><ssdm name=""/></StgValue>
</bind>
</comp>

<comp id="4" class="1001" name="const_4">
<pin_list>
<pin id="5" dir="1" index="0" bw="1" slack="2147483647"/>
</pin_list>
<bind>
<StgValue><ssdm name="_ssdm_op_SpecInterface"/></StgValue>
</bind>
</comp>

<comp id="6" class="1001" name="const_6">
<pin_list>
<pin id="7" dir="1" index="0" bw="1" slack="2147483647"/>
</pin_list>
<bind>
<StgValue><ssdm name="empty_5"/></StgValue>
</bind>
</comp>

<comp id="8" class="1001" name="const_8">
<pin_list>
<pin id="9" dir="1" index="0" bw="1" slack="0"/>
</pin_list>
<bind>
<StgValue><ssdm name=""/></StgValue>
</bind>
</comp>

<comp id="10" class="1001" name="const_10">
<pin_list>
<pin id="11" dir="1" index="0" bw="1" slack="2147483647"/>
</pin_list>
<bind>
<StgValue><ssdm name="empty"/></StgValue>
</bind>
</comp>

<comp id="12" class="1001" name="const_12">
<pin_list>
<pin id="13" dir="1" index="0" bw="1" slack="2147483647"/>
</pin_list>
<bind>
<StgValue><ssdm name=""/></StgValue>
</bind>
</comp>

<comp id="14" class="1001" name="const_14">
<pin_list>
<pin id="15" dir="1" index="0" bw="1" slack="0"/>
</pin_list>
<bind>
<StgValue><ssdm name=""/></StgValue>
</bind>
</comp>

<comp id="16" class="1001" name="const_16">
<pin_list>
<pin id="17" dir="1" index="0" bw="1" slack="0"/>
</pin_list>
<bind>
<StgValue><ssdm name=""/></StgValue>
</bind>
</comp>

<comp id="18" class="1001" name="const_18">
<pin_list>
<pin id="19" dir="1" index="0" bw="1" slack="0"/>
</pin_list>
<bind>
<StgValue><ssdm name=""/></StgValue>
</bind>
</comp>

<comp id="20" class="1001" name="const_20">
<pin_list>
<pin id="21" dir="1" index="0" bw="1" slack="0"/>
</pin_list>
<bind>
<StgValue><ssdm name=""/></StgValue>
</bind>
</comp>

<comp id="22" class="1001" name="const_22">
<pin_list>
<pin id="23" dir="1" index="0" bw="1" slack="2147483647"/>
</pin_list>
<bind>
<StgValue><ssdm name="_ssdm_op_SpecPipeline"/></StgValue>
</bind>
</comp>

<comp id="24" class="1001" name="const_24">
<pin_list>
<pin id="25" dir="1" index="0" bw="1" slack="2147483647"/>
</pin_list>
<bind>
<StgValue><ssdm name="p_str"/></StgValue>
</bind>
</comp>

<comp id="26" class="1001" name="const_26">
<pin_list>
<pin id="27" dir="1" index="0" bw="1" slack="0"/>
</pin_list>
<bind>
<StgValue><ssdm name=""/></StgValue>
</bind>
</comp>

<comp id="28" class="1001" name="const_28">
<pin_list>
<pin id="29" dir="1" index="0" bw="1" slack="0"/>
</pin_list>
<bind>
<StgValue><ssdm name=""/></StgValue>
</bind>
</comp>

<comp id="30" class="1001" name="const_30">
<pin_list>
<pin id="31" dir="1" index="0" bw="1" slack="0"/>
</pin_list>
<bind>
<StgValue><ssdm name=""/></StgValue>
</bind>
</comp>

<comp id="32" class="1001" name="const_32">
<pin_list>
<pin id="33" dir="1" index="0" bw="1" slack="0"/>
</pin_list>
<bind>
<StgValue><ssdm name=""/></StgValue>
</bind>
</comp>

<comp id="34" class="1001" name="const_34">
<pin_list>
<pin id="35" dir="1" index="0" bw="1" slack="0"/>
</pin_list>
<bind>
<StgValue><ssdm name=""/></StgValue>
</bind>
</comp>

<comp id="36" class="1001" name="const_36">
<pin_list>
<pin id="37" dir="1" index="0" bw="1" slack="0"/>
</pin_list>
<bind>
<StgValue><ssdm name=""/></StgValue>
</bind>
</comp>

<comp id="38" class="1001" name="const_38">
<pin_list>
<pin id="39" dir="1" index="0" bw="1" slack="0"/>
</pin_list>
<bind>
<StgValue><ssdm name=""/></StgValue>
</bind>
</comp>

<comp id="40" class="1001" name="const_40">
<pin_list>
<pin id="41" dir="1" index="0" bw="1" slack="0"/>
</pin_list>
<bind>
<StgValue><ssdm name=""/></StgValue>
</bind>
</comp>

<comp id="42" class="1001" name="const_42">
<pin_list>
<pin id="43" dir="1" index="0" bw="1" slack="0"/>
</pin_list>
<bind>
<StgValue><ssdm name=""/></StgValue>
</bind>
</comp>

<comp id="44" class="1001" name="const_44">
<pin_list>
<pin id="45" dir="1" index="0" bw="1" slack="0"/>
</pin_list>
<bind>
<StgValue><ssdm name=""/></StgValue>
</bind>
</comp>

<comp id="46" class="1001" name="const_46">
<pin_list>
<pin id="47" dir="1" index="0" bw="1" slack="0"/>
</pin_list>
<bind>
<StgValue><ssdm name=""/></StgValue>
</bind>
</comp>

<comp id="48" class="1001" name="const_48">
<pin_list>
<pin id="49" dir="1" index="0" bw="1" slack="0"/>
</pin_list>
<bind>
<StgValue><ssdm name=""/></StgValue>
</bind>
</comp>

<comp id="50" class="1001" name="const_50">
<pin_list>
<pin id="51" dir="1" index="0" bw="1" slack="0"/>
</pin_list>
<bind>
<StgValue><ssdm name=""/></StgValue>
</bind>
</comp>

<comp id="52" class="1001" name="const_52">
<pin_list>
<pin id="53" dir="1" index="0" bw="1" slack="0"/>
</pin_list>
<bind>
<StgValue><ssdm name=""/></StgValue>
</bind>
</comp>

<comp id="54" class="1001" name="const_54">
<pin_list>
<pin id="55" dir="1" index="0" bw="1" slack="0"/>
</pin_list>
<bind>
<StgValue><ssdm name="_ssdm_op_PartSelect.i8.i32.i32.i32"/></StgValue>
</bind>
</comp>

<comp id="56" class="1001" name="const_56">
<pin_list>
<pin id="57" dir="1" index="0" bw="1" slack="0"/>
</pin_list>
<bind>
<StgValue><ssdm name=""/></StgValue>
</bind>
</comp>

<comp id="58" class="1001" name="const_58">
<pin_list>
<pin id="59" dir="1" index="0" bw="1" slack="0"/>
</pin_list>
<bind>
<StgValue><ssdm name=""/></StgValue>
</bind>
</comp>

<comp id="60" class="1001" name="const_60">
<pin_list>
<pin id="61" dir="1" index="0" bw="1" slack="0"/>
</pin_list>
<bind>
<StgValue><ssdm name=""/></StgValue>
</bind>
</comp>

<comp id="62" class="1001" name="const_62">
<pin_list>
<pin id="63" dir="1" index="0" bw="1" slack="0"/>
</pin_list>
<bind>
<StgValue><ssdm name=""/></StgValue>
</bind>
</comp>

<comp id="64" class="1001" name="const_64">
<pin_list>
<pin id="65" dir="1" index="0" bw="1" slack="0"/>
</pin_list>
<bind>
<StgValue><ssdm name=""/></StgValue>
</bind>
</comp>

<comp id="66" class="1001" name="const_66">
<pin_list>
<pin id="67" dir="1" index="0" bw="1" slack="2147483647"/>
</pin_list>
<bind>
<StgValue><ssdm name="_ssdm_op_SpecLoopName"/></StgValue>
</bind>
</comp>

<comp id="68" class="1001" name="const_68">
<pin_list>
<pin id="69" dir="1" index="0" bw="1" slack="2147483647"/>
</pin_list>
<bind>
<StgValue><ssdm name="VITIS_LOOP_51_10_VITIS_LOOP_52_11_VITIS_LOOP_53_12_str"/></StgValue>
</bind>
</comp>

<comp id="70" class="1001" name="const_70">
<pin_list>
<pin id="71" dir="1" index="0" bw="1" slack="2147483647"/>
</pin_list>
<bind>
<StgValue><ssdm name="_ssdm_op_SpecLoopTripCount"/></StgValue>
</bind>
</comp>

<comp id="72" class="1001" name="const_72">
<pin_list>
<pin id="73" dir="1" index="0" bw="1" slack="2147483647"/>
</pin_list>
<bind>
<StgValue><ssdm name=""/></StgValue>
</bind>
</comp>

<comp id="74" class="1001" name="const_74">
<pin_list>
<pin id="75" dir="1" index="0" bw="1" slack="2147483647"/>
</pin_list>
<bind>
<StgValue><ssdm name="VITIS_LOOP_52_11_VITIS_LOOP_53_12_str"/></StgValue>
</bind>
</comp>

<comp id="76" class="1001" name="const_76">
<pin_list>
<pin id="77" dir="1" index="0" bw="1" slack="2147483647"/>
</pin_list>
<bind>
<StgValue><ssdm name="empty_1"/></StgValue>
</bind>
</comp>

<comp id="78" class="1004" name="z_fu_78">
<pin_list>
<pin id="79" dir="0" index="0" bw="1" slack="0"/>
<pin id="80" dir="1" index="1" bw="6" slack="0"/>
</pin_list>
<bind>
<opcode="alloca(26) " fcode="alloca"/>
<opset="z/1 "/>
</bind>
</comp>

<comp id="82" class="1004" name="y_fu_82">
<pin_list>
<pin id="83" dir="0" index="0" bw="1" slack="0"/>
<pin id="84" dir="1" index="1" bw="6" slack="0"/>
</pin_list>
<bind>
<opcode="alloca(26) " fcode="alloca"/>
<opset="y/1 "/>
</bind>
</comp>

<comp id="86" class="1004" name="indvar_flatten190_fu_86">
<pin_list>
<pin id="87" dir="0" index="0" bw="1" slack="0"/>
<pin id="88" dir="1" index="1" bw="10" slack="0"/>
</pin_list>
<bind>
<opcode="alloca(26) " fcode="alloca"/>
<opset="indvar_flatten190/1 "/>
</bind>
</comp>

<comp id="90" class="1004" name="x_fu_90">
<pin_list>
<pin id="91" dir="0" index="0" bw="1" slack="0"/>
<pin id="92" dir="1" index="1" bw="7" slack="0"/>
</pin_list>
<bind>
<opcode="alloca(26) " fcode="alloca"/>
<opset="x/1 "/>
</bind>
</comp>

<comp id="94" class="1004" name="indvar_flatten204_fu_94">
<pin_list>
<pin id="95" dir="0" index="0" bw="1" slack="0"/>
<pin id="96" dir="1" index="1" bw="16" slack="0"/>
</pin_list>
<bind>
<opcode="alloca(26) " fcode="alloca"/>
<opset="indvar_flatten204/1 "/>
</bind>
</comp>

<comp id="98" class="1004" name="output_fm_addr_gep_fu_98">
<pin_list>
<pin id="99" dir="0" index="0" bw="32" slack="0"/>
<pin id="100" dir="0" index="1" bw="1" slack="0"/>
<pin id="101" dir="0" index="2" bw="18" slack="0"/>
<pin id="102" dir="1" index="3" bw="18" slack="0"/>
</pin_list>
<bind>
<opcode="getelementptr(29) " fcode="getelementptr"/>
<opset="output_fm_addr/9 "/>
</bind>
</comp>

<comp id="105" class="1004" name="grp_access_fu_105">
<pin_list>
<pin id="106" dir="0" index="0" bw="18" slack="0"/>
<pin id="107" dir="0" index="1" bw="32" slack="0"/>
<pin id="108" dir="0" index="2" bw="0" slack="0"/>
<pin id="110" dir="0" index="4" bw="18" slack="0"/>
<pin id="111" dir="0" index="5" bw="32" slack="2147483647"/>
<pin id="112" dir="0" index="6" bw="0" slack="2147483647"/>
<pin id="109" dir="1" index="3" bw="32" slack="0"/>
<pin id="113" dir="1" index="7" bw="32" slack="0"/>
</pin_list>
<bind>
<opcode="load(27) store(28) " fcode="store"/>
<opset="output_fm_load/9 output_fm_load_1/9 output_fm_load_2/10 output_fm_load_3/10 output_fm_load_4/11 store_ln55/13 store_ln55/14 store_ln55/16 store_ln55/16 store_ln55/18 "/>
</bind>
</comp>

<comp id="115" class="1004" name="output_fm_addr_1_gep_fu_115">
<pin_list>
<pin id="116" dir="0" index="0" bw="32" slack="0"/>
<pin id="117" dir="0" index="1" bw="1" slack="0"/>
<pin id="118" dir="0" index="2" bw="18" slack="0"/>
<pin id="119" dir="1" index="3" bw="18" slack="0"/>
</pin_list>
<bind>
<opcode="getelementptr(29) " fcode="getelementptr"/>
<opset="output_fm_addr_1/9 "/>
</bind>
</comp>

<comp id="123" class="1004" name="output_fm_addr_2_gep_fu_123">
<pin_list>
<pin id="124" dir="0" index="0" bw="32" slack="0"/>
<pin id="125" dir="0" index="1" bw="1" slack="0"/>
<pin id="126" dir="0" index="2" bw="18" slack="0"/>
<pin id="127" dir="1" index="3" bw="18" slack="0"/>
</pin_list>
<bind>
<opcode="getelementptr(29) " fcode="getelementptr"/>
<opset="output_fm_addr_2/10 "/>
</bind>
</comp>

<comp id="131" class="1004" name="output_fm_addr_3_gep_fu_131">
<pin_list>
<pin id="132" dir="0" index="0" bw="32" slack="0"/>
<pin id="133" dir="0" index="1" bw="1" slack="0"/>
<pin id="134" dir="0" index="2" bw="18" slack="0"/>
<pin id="135" dir="1" index="3" bw="18" slack="0"/>
</pin_list>
<bind>
<opcode="getelementptr(29) " fcode="getelementptr"/>
<opset="output_fm_addr_3/10 "/>
</bind>
</comp>

<comp id="139" class="1004" name="output_fm_addr_4_gep_fu_139">
<pin_list>
<pin id="140" dir="0" index="0" bw="32" slack="0"/>
<pin id="141" dir="0" index="1" bw="1" slack="0"/>
<pin id="142" dir="0" index="2" bw="18" slack="0"/>
<pin id="143" dir="1" index="3" bw="18" slack="0"/>
</pin_list>
<bind>
<opcode="getelementptr(29) " fcode="getelementptr"/>
<opset="output_fm_addr_4/11 "/>
</bind>
</comp>

<comp id="149" class="1004" name="grp_fu_149">
<pin_list>
<pin id="150" dir="0" index="0" bw="32" slack="0"/>
<pin id="151" dir="0" index="1" bw="32" slack="0"/>
<pin id="152" dir="1" index="2" bw="1" slack="0"/>
</pin_list>
<bind>
<opcode="fcmp(46) " fcode="fcmp"/>
<opset="tmp_1/11 tmp_3/12 tmp_5/13 tmp_7/15 tmp_9/17 "/>
</bind>
</comp>

<comp id="154" class="1004" name="grp_fu_154">
<pin_list>
<pin id="155" dir="0" index="0" bw="8" slack="0"/>
<pin id="156" dir="0" index="1" bw="32" slack="0"/>
<pin id="157" dir="0" index="2" bw="6" slack="0"/>
<pin id="158" dir="0" index="3" bw="6" slack="0"/>
<pin id="159" dir="1" index="4" bw="8" slack="0"/>
</pin_list>
<bind>
<opcode="partselect(1002) " fcode="partselect"/>
<opset="tmp_s/10 tmp_4/11 tmp_8/12 "/>
</bind>
</comp>

<comp id="164" class="1004" name="grp_fu_164">
<pin_list>
<pin id="165" dir="0" index="0" bw="8" slack="0"/>
<pin id="166" dir="0" index="1" bw="1" slack="0"/>
<pin id="167" dir="1" index="2" bw="1" slack="2"/>
</pin_list>
<bind>
<opcode="icmp(45) " fcode="icmp"/>
<opset="icmp_ln55/10 icmp_ln55_4/11 icmp_ln55_8/12 "/>
</bind>
</comp>

<comp id="170" class="1004" name="grp_fu_170">
<pin_list>
<pin id="171" dir="0" index="0" bw="8" slack="0"/>
<pin id="172" dir="0" index="1" bw="32" slack="0"/>
<pin id="173" dir="0" index="2" bw="6" slack="0"/>
<pin id="174" dir="0" index="3" bw="6" slack="0"/>
<pin id="175" dir="1" index="4" bw="8" slack="0"/>
</pin_list>
<bind>
<opcode="partselect(1002) " fcode="partselect"/>
<opset="tmp_2/10 tmp_6/11 "/>
</bind>
</comp>

<comp id="180" class="1004" name="grp_fu_180">
<pin_list>
<pin id="181" dir="0" index="0" bw="8" slack="0"/>
<pin id="182" dir="0" index="1" bw="1" slack="0"/>
<pin id="183" dir="1" index="2" bw="1" slack="3"/>
</pin_list>
<bind>
<opcode="icmp(45) " fcode="icmp"/>
<opset="icmp_ln55_2/10 icmp_ln55_6/11 "/>
</bind>
</comp>

<comp id="186" class="1005" name="reg_186">
<pin_list>
<pin id="187" dir="0" index="0" bw="32" slack="1"/>
<pin id="188" dir="1" index="1" bw="32" slack="1"/>
</pin_list>
<bind>
<opset="output_fm_load output_fm_load_2 "/>
</bind>
</comp>

<comp id="190" class="1005" name="reg_190">
<pin_list>
<pin id="191" dir="0" index="0" bw="32" slack="2"/>
<pin id="192" dir="1" index="1" bw="32" slack="2"/>
</pin_list>
<bind>
<opset="output_fm_load_1 output_fm_load_4 "/>
</bind>
</comp>

<comp id="195" class="1004" name="store_ln0_store_fu_195">
<pin_list>
<pin id="196" dir="0" index="0" bw="1" slack="0"/>
<pin id="197" dir="0" index="1" bw="16" slack="0"/>
<pin id="198" dir="1" index="2" bw="0" slack="2147483647"/>
</pin_list>
<bind>
<opcode="store(28) " fcode="store"/>
<opset="store_ln0/1 "/>
</bind>
</comp>

<comp id="200" class="1004" name="store_ln0_store_fu_200">
<pin_list>
<pin id="201" dir="0" index="0" bw="1" slack="0"/>
<pin id="202" dir="0" index="1" bw="7" slack="0"/>
<pin id="203" dir="1" index="2" bw="0" slack="2147483647"/>
</pin_list>
<bind>
<opcode="store(28) " fcode="store"/>
<opset="store_ln0/1 "/>
</bind>
</comp>

<comp id="205" class="1004" name="store_ln0_store_fu_205">
<pin_list>
<pin id="206" dir="0" index="0" bw="1" slack="0"/>
<pin id="207" dir="0" index="1" bw="10" slack="0"/>
<pin id="208" dir="1" index="2" bw="0" slack="2147483647"/>
</pin_list>
<bind>
<opcode="store(28) " fcode="store"/>
<opset="store_ln0/1 "/>
</bind>
</comp>

<comp id="210" class="1004" name="store_ln0_store_fu_210">
<pin_list>
<pin id="211" dir="0" index="0" bw="1" slack="0"/>
<pin id="212" dir="0" index="1" bw="6" slack="0"/>
<pin id="213" dir="1" index="2" bw="0" slack="2147483647"/>
</pin_list>
<bind>
<opcode="store(28) " fcode="store"/>
<opset="store_ln0/1 "/>
</bind>
</comp>

<comp id="215" class="1004" name="store_ln0_store_fu_215">
<pin_list>
<pin id="216" dir="0" index="0" bw="1" slack="0"/>
<pin id="217" dir="0" index="1" bw="6" slack="0"/>
<pin id="218" dir="1" index="2" bw="0" slack="2147483647"/>
</pin_list>
<bind>
<opcode="store(28) " fcode="store"/>
<opset="store_ln0/1 "/>
</bind>
</comp>

<comp id="220" class="1004" name="indvar_flatten190_load_load_fu_220">
<pin_list>
<pin id="221" dir="0" index="0" bw="10" slack="1"/>
<pin id="222" dir="1" index="1" bw="10" slack="0"/>
</pin_list>
<bind>
<opcode="load(27) " fcode="load"/>
<opset="indvar_flatten190_load/2 "/>
</bind>
</comp>

<comp id="223" class="1004" name="indvar_flatten204_load_load_fu_223">
<pin_list>
<pin id="224" dir="0" index="0" bw="16" slack="1"/>
<pin id="225" dir="1" index="1" bw="16" slack="0"/>
</pin_list>
<bind>
<opcode="load(27) " fcode="load"/>
<opset="indvar_flatten204_load/2 "/>
</bind>
</comp>

<comp id="226" class="1004" name="icmp_ln51_fu_226">
<pin_list>
<pin id="227" dir="0" index="0" bw="16" slack="0"/>
<pin id="228" dir="0" index="1" bw="16" slack="0"/>
<pin id="229" dir="1" index="2" bw="1" slack="1"/>
</pin_list>
<bind>
<opcode="icmp(45) " fcode="icmp"/>
<opset="icmp_ln51/2 "/>
</bind>
</comp>

<comp id="232" class="1004" name="add_ln51_1_fu_232">
<pin_list>
<pin id="233" dir="0" index="0" bw="16" slack="0"/>
<pin id="234" dir="0" index="1" bw="1" slack="0"/>
<pin id="235" dir="1" index="2" bw="16" slack="0"/>
</pin_list>
<bind>
<opcode="add(8) " fcode="add"/>
<opset="add_ln51_1/2 "/>
</bind>
</comp>

<comp id="238" class="1004" name="x_load_load_fu_238">
<pin_list>
<pin id="239" dir="0" index="0" bw="7" slack="1"/>
<pin id="240" dir="1" index="1" bw="7" slack="0"/>
</pin_list>
<bind>
<opcode="load(27) " fcode="load"/>
<opset="x_load/2 "/>
</bind>
</comp>

<comp id="241" class="1004" name="add_ln51_fu_241">
<pin_list>
<pin id="242" dir="0" index="0" bw="7" slack="0"/>
<pin id="243" dir="0" index="1" bw="1" slack="0"/>
<pin id="244" dir="1" index="2" bw="7" slack="0"/>
</pin_list>
<bind>
<opcode="add(8) " fcode="add"/>
<opset="add_ln51/2 "/>
</bind>
</comp>

<comp id="247" class="1004" name="icmp_ln52_fu_247">
<pin_list>
<pin id="248" dir="0" index="0" bw="10" slack="0"/>
<pin id="249" dir="0" index="1" bw="10" slack="0"/>
<pin id="250" dir="1" index="2" bw="1" slack="0"/>
</pin_list>
<bind>
<opcode="icmp(45) " fcode="icmp"/>
<opset="icmp_ln52/2 "/>
</bind>
</comp>

<comp id="253" class="1004" name="select_ln51_2_fu_253">
<pin_list>
<pin id="254" dir="0" index="0" bw="1" slack="0"/>
<pin id="255" dir="0" index="1" bw="7" slack="0"/>
<pin id="256" dir="0" index="2" bw="7" slack="0"/>
<pin id="257" dir="1" index="3" bw="7" slack="0"/>
</pin_list>
<bind>
<opcode="select(49) " fcode="select"/>
<opset="select_ln51_2/2 "/>
</bind>
</comp>

<comp id="261" class="1004" name="zext_ln55_fu_261">
<pin_list>
<pin id="262" dir="0" index="0" bw="7" slack="0"/>
<pin id="263" dir="1" index="1" bw="13" slack="0"/>
</pin_list>
<bind>
<opcode="zext(34) " fcode="zext"/>
<opset="zext_ln55/2 "/>
</bind>
</comp>

<comp id="265" class="1004" name="store_ln53_store_fu_265">
<pin_list>
<pin id="266" dir="0" index="0" bw="16" slack="0"/>
<pin id="267" dir="0" index="1" bw="16" slack="1"/>
<pin id="268" dir="1" index="2" bw="0" slack="2147483647"/>
</pin_list>
<bind>
<opcode="store(28) " fcode="store"/>
<opset="store_ln53/2 "/>
</bind>
</comp>

<comp id="270" class="1004" name="store_ln53_store_fu_270">
<pin_list>
<pin id="271" dir="0" index="0" bw="7" slack="0"/>
<pin id="272" dir="0" index="1" bw="7" slack="1"/>
<pin id="273" dir="1" index="2" bw="0" slack="2147483647"/>
</pin_list>
<bind>
<opcode="store(28) " fcode="store"/>
<opset="store_ln53/2 "/>
</bind>
</comp>

<comp id="275" class="1004" name="z_load_load_fu_275">
<pin_list>
<pin id="276" dir="0" index="0" bw="6" slack="3"/>
<pin id="277" dir="1" index="1" bw="6" slack="0"/>
</pin_list>
<bind>
<opcode="load(27) " fcode="load"/>
<opset="z_load/4 "/>
</bind>
</comp>

<comp id="278" class="1004" name="y_load_load_fu_278">
<pin_list>
<pin id="279" dir="0" index="0" bw="6" slack="3"/>
<pin id="280" dir="1" index="1" bw="6" slack="0"/>
</pin_list>
<bind>
<opcode="load(27) " fcode="load"/>
<opset="y_load/4 "/>
</bind>
</comp>

<comp id="281" class="1004" name="select_ln51_fu_281">
<pin_list>
<pin id="282" dir="0" index="0" bw="1" slack="2"/>
<pin id="283" dir="0" index="1" bw="1" slack="0"/>
<pin id="284" dir="0" index="2" bw="6" slack="0"/>
<pin id="285" dir="1" index="3" bw="6" slack="0"/>
</pin_list>
<bind>
<opcode="select(49) " fcode="select"/>
<opset="select_ln51/4 "/>
</bind>
</comp>

<comp id="288" class="1004" name="icmp_ln53_fu_288">
<pin_list>
<pin id="289" dir="0" index="0" bw="6" slack="0"/>
<pin id="290" dir="0" index="1" bw="6" slack="0"/>
<pin id="291" dir="1" index="2" bw="1" slack="0"/>
</pin_list>
<bind>
<opcode="icmp(45) " fcode="icmp"/>
<opset="icmp_ln53/4 "/>
</bind>
</comp>

<comp id="294" class="1004" name="or_ln51_fu_294">
<pin_list>
<pin id="295" dir="0" index="0" bw="1" slack="2"/>
<pin id="296" dir="0" index="1" bw="1" slack="0"/>
<pin id="297" dir="1" index="2" bw="1" slack="0"/>
</pin_list>
<bind>
<opcode="or(24) " fcode="or"/>
<opset="or_ln51/4 "/>
</bind>
</comp>

<comp id="299" class="1004" name="add_ln52_fu_299">
<pin_list>
<pin id="300" dir="0" index="0" bw="6" slack="0"/>
<pin id="301" dir="0" index="1" bw="1" slack="0"/>
<pin id="302" dir="1" index="2" bw="6" slack="0"/>
</pin_list>
<bind>
<opcode="add(8) " fcode="add"/>
<opset="add_ln52/4 "/>
</bind>
</comp>

<comp id="305" class="1004" name="select_ln52_1_fu_305">
<pin_list>
<pin id="306" dir="0" index="0" bw="1" slack="0"/>
<pin id="307" dir="0" index="1" bw="6" slack="0"/>
<pin id="308" dir="0" index="2" bw="6" slack="0"/>
<pin id="309" dir="1" index="3" bw="6" slack="0"/>
</pin_list>
<bind>
<opcode="select(49) " fcode="select"/>
<opset="select_ln52_1/4 "/>
</bind>
</comp>

<comp id="313" class="1004" name="zext_ln55_1_fu_313">
<pin_list>
<pin id="314" dir="0" index="0" bw="6" slack="0"/>
<pin id="315" dir="1" index="1" bw="13" slack="0"/>
</pin_list>
<bind>
<opcode="zext(34) " fcode="zext"/>
<opset="zext_ln55_1/4 "/>
</bind>
</comp>

<comp id="317" class="1004" name="store_ln53_store_fu_317">
<pin_list>
<pin id="318" dir="0" index="0" bw="6" slack="0"/>
<pin id="319" dir="0" index="1" bw="6" slack="3"/>
<pin id="320" dir="1" index="2" bw="0" slack="2147483647"/>
</pin_list>
<bind>
<opcode="store(28) " fcode="store"/>
<opset="store_ln53/4 "/>
</bind>
</comp>

<comp id="322" class="1004" name="add_ln55_cast_fu_322">
<pin_list>
<pin id="323" dir="0" index="0" bw="13" slack="0"/>
<pin id="324" dir="1" index="1" bw="18" slack="0"/>
</pin_list>
<bind>
<opcode="zext(34) " fcode="zext"/>
<opset="add_ln55_cast/5 "/>
</bind>
</comp>

<comp id="325" class="1004" name="add_ln52_1_fu_325">
<pin_list>
<pin id="326" dir="0" index="0" bw="10" slack="4"/>
<pin id="327" dir="0" index="1" bw="1" slack="0"/>
<pin id="328" dir="1" index="2" bw="10" slack="0"/>
</pin_list>
<bind>
<opcode="add(8) " fcode="add"/>
<opset="add_ln52_1/6 "/>
</bind>
</comp>

<comp id="330" class="1004" name="select_ln52_2_fu_330">
<pin_list>
<pin id="331" dir="0" index="0" bw="1" slack="4"/>
<pin id="332" dir="0" index="1" bw="1" slack="0"/>
<pin id="333" dir="0" index="2" bw="10" slack="0"/>
<pin id="334" dir="1" index="3" bw="10" slack="0"/>
</pin_list>
<bind>
<opcode="select(49) " fcode="select"/>
<opset="select_ln52_2/6 "/>
</bind>
</comp>

<comp id="337" class="1004" name="store_ln53_store_fu_337">
<pin_list>
<pin id="338" dir="0" index="0" bw="10" slack="0"/>
<pin id="339" dir="0" index="1" bw="10" slack="5"/>
<pin id="340" dir="1" index="2" bw="0" slack="2147483647"/>
</pin_list>
<bind>
<opcode="store(28) " fcode="store"/>
<opset="store_ln53/6 "/>
</bind>
</comp>

<comp id="342" class="1004" name="select_ln51_1_fu_342">
<pin_list>
<pin id="343" dir="0" index="0" bw="1" slack="6"/>
<pin id="344" dir="0" index="1" bw="1" slack="0"/>
<pin id="345" dir="0" index="2" bw="6" slack="4"/>
<pin id="346" dir="1" index="3" bw="6" slack="0"/>
</pin_list>
<bind>
<opcode="select(49) " fcode="select"/>
<opset="select_ln51_1/8 "/>
</bind>
</comp>

<comp id="348" class="1004" name="select_ln52_fu_348">
<pin_list>
<pin id="349" dir="0" index="0" bw="1" slack="4"/>
<pin id="350" dir="0" index="1" bw="6" slack="0"/>
<pin id="351" dir="0" index="2" bw="1" slack="0"/>
<pin id="352" dir="1" index="3" bw="6" slack="0"/>
</pin_list>
<bind>
<opcode="select(49) " fcode="select"/>
<opset="select_ln52/8 "/>
</bind>
</comp>

<comp id="355" class="1004" name="add_ln53_4_fu_355">
<pin_list>
<pin id="356" dir="0" index="0" bw="6" slack="0"/>
<pin id="357" dir="0" index="1" bw="4" slack="0"/>
<pin id="358" dir="1" index="2" bw="6" slack="0"/>
</pin_list>
<bind>
<opcode="add(8) " fcode="add"/>
<opset="add_ln53_4/8 "/>
</bind>
</comp>

<comp id="361" class="1004" name="store_ln53_store_fu_361">
<pin_list>
<pin id="362" dir="0" index="0" bw="6" slack="0"/>
<pin id="363" dir="0" index="1" bw="6" slack="7"/>
<pin id="364" dir="1" index="2" bw="0" slack="2147483647"/>
</pin_list>
<bind>
<opcode="store(28) " fcode="store"/>
<opset="store_ln53/8 "/>
</bind>
</comp>

<comp id="366" class="1004" name="zext_ln55_2_fu_366">
<pin_list>
<pin id="367" dir="0" index="0" bw="6" slack="1"/>
<pin id="368" dir="1" index="1" bw="18" slack="0"/>
</pin_list>
<bind>
<opcode="zext(34) " fcode="zext"/>
<opset="zext_ln55_2/9 "/>
</bind>
</comp>

<comp id="369" class="1004" name="add_ln55_1_fu_369">
<pin_list>
<pin id="370" dir="0" index="0" bw="18" slack="1"/>
<pin id="371" dir="0" index="1" bw="6" slack="0"/>
<pin id="372" dir="1" index="2" bw="18" slack="0"/>
</pin_list>
<bind>
<opcode="add(8) " fcode="add"/>
<opset="add_ln55_1/9 "/>
</bind>
</comp>

<comp id="374" class="1004" name="zext_ln55_3_fu_374">
<pin_list>
<pin id="375" dir="0" index="0" bw="18" slack="0"/>
<pin id="376" dir="1" index="1" bw="64" slack="0"/>
</pin_list>
<bind>
<opcode="zext(34) " fcode="zext"/>
<opset="zext_ln55_3/9 "/>
</bind>
</comp>

<comp id="379" class="1004" name="add_ln53_fu_379">
<pin_list>
<pin id="380" dir="0" index="0" bw="6" slack="1"/>
<pin id="381" dir="0" index="1" bw="1" slack="0"/>
<pin id="382" dir="1" index="2" bw="6" slack="0"/>
</pin_list>
<bind>
<opcode="add(8) " fcode="add"/>
<opset="add_ln53/9 "/>
</bind>
</comp>

<comp id="384" class="1004" name="zext_ln55_4_fu_384">
<pin_list>
<pin id="385" dir="0" index="0" bw="6" slack="0"/>
<pin id="386" dir="1" index="1" bw="18" slack="0"/>
</pin_list>
<bind>
<opcode="zext(34) " fcode="zext"/>
<opset="zext_ln55_4/9 "/>
</bind>
</comp>

<comp id="388" class="1004" name="add_ln55_2_fu_388">
<pin_list>
<pin id="389" dir="0" index="0" bw="18" slack="1"/>
<pin id="390" dir="0" index="1" bw="6" slack="0"/>
<pin id="391" dir="1" index="2" bw="18" slack="0"/>
</pin_list>
<bind>
<opcode="add(8) " fcode="add"/>
<opset="add_ln55_2/9 "/>
</bind>
</comp>

<comp id="393" class="1004" name="zext_ln55_5_fu_393">
<pin_list>
<pin id="394" dir="0" index="0" bw="18" slack="0"/>
<pin id="395" dir="1" index="1" bw="64" slack="0"/>
</pin_list>
<bind>
<opcode="zext(34) " fcode="zext"/>
<opset="zext_ln55_5/9 "/>
</bind>
</comp>

<comp id="398" class="1004" name="add_ln53_1_fu_398">
<pin_list>
<pin id="399" dir="0" index="0" bw="6" slack="1"/>
<pin id="400" dir="0" index="1" bw="3" slack="0"/>
<pin id="401" dir="1" index="2" bw="6" slack="1"/>
</pin_list>
<bind>
<opcode="add(8) " fcode="add"/>
<opset="add_ln53_1/9 "/>
</bind>
</comp>

<comp id="403" class="1004" name="add_ln53_2_fu_403">
<pin_list>
<pin id="404" dir="0" index="0" bw="6" slack="1"/>
<pin id="405" dir="0" index="1" bw="3" slack="0"/>
<pin id="406" dir="1" index="2" bw="6" slack="1"/>
</pin_list>
<bind>
<opcode="add(8) " fcode="add"/>
<opset="add_ln53_2/9 "/>
</bind>
</comp>

<comp id="408" class="1004" name="add_ln53_3_fu_408">
<pin_list>
<pin id="409" dir="0" index="0" bw="6" slack="1"/>
<pin id="410" dir="0" index="1" bw="4" slack="0"/>
<pin id="411" dir="1" index="2" bw="6" slack="1"/>
</pin_list>
<bind>
<opcode="add(8) " fcode="add"/>
<opset="add_ln53_3/9 "/>
</bind>
</comp>

<comp id="413" class="1004" name="trunc_ln55_fu_413">
<pin_list>
<pin id="414" dir="0" index="0" bw="32" slack="0"/>
<pin id="415" dir="1" index="1" bw="23" slack="0"/>
</pin_list>
<bind>
<opcode="trunc(33) " fcode="trunc"/>
<opset="trunc_ln55/10 "/>
</bind>
</comp>

<comp id="417" class="1004" name="icmp_ln55_1_fu_417">
<pin_list>
<pin id="418" dir="0" index="0" bw="23" slack="0"/>
<pin id="419" dir="0" index="1" bw="1" slack="0"/>
<pin id="420" dir="1" index="2" bw="1" slack="2"/>
</pin_list>
<bind>
<opcode="icmp(45) " fcode="icmp"/>
<opset="icmp_ln55_1/10 "/>
</bind>
</comp>

<comp id="423" class="1004" name="trunc_ln55_1_fu_423">
<pin_list>
<pin id="424" dir="0" index="0" bw="32" slack="0"/>
<pin id="425" dir="1" index="1" bw="23" slack="0"/>
</pin_list>
<bind>
<opcode="trunc(33) " fcode="trunc"/>
<opset="trunc_ln55_1/10 "/>
</bind>
</comp>

<comp id="427" class="1004" name="icmp_ln55_3_fu_427">
<pin_list>
<pin id="428" dir="0" index="0" bw="23" slack="0"/>
<pin id="429" dir="0" index="1" bw="1" slack="0"/>
<pin id="430" dir="1" index="2" bw="1" slack="3"/>
</pin_list>
<bind>
<opcode="icmp(45) " fcode="icmp"/>
<opset="icmp_ln55_3/10 "/>
</bind>
</comp>

<comp id="433" class="1004" name="zext_ln55_6_fu_433">
<pin_list>
<pin id="434" dir="0" index="0" bw="6" slack="1"/>
<pin id="435" dir="1" index="1" bw="18" slack="0"/>
</pin_list>
<bind>
<opcode="zext(34) " fcode="zext"/>
<opset="zext_ln55_6/10 "/>
</bind>
</comp>

<comp id="436" class="1004" name="add_ln55_3_fu_436">
<pin_list>
<pin id="437" dir="0" index="0" bw="18" slack="2"/>
<pin id="438" dir="0" index="1" bw="6" slack="0"/>
<pin id="439" dir="1" index="2" bw="18" slack="0"/>
</pin_list>
<bind>
<opcode="add(8) " fcode="add"/>
<opset="add_ln55_3/10 "/>
</bind>
</comp>

<comp id="441" class="1004" name="zext_ln55_7_fu_441">
<pin_list>
<pin id="442" dir="0" index="0" bw="18" slack="0"/>
<pin id="443" dir="1" index="1" bw="64" slack="0"/>
</pin_list>
<bind>
<opcode="zext(34) " fcode="zext"/>
<opset="zext_ln55_7/10 "/>
</bind>
</comp>

<comp id="446" class="1004" name="zext_ln55_8_fu_446">
<pin_list>
<pin id="447" dir="0" index="0" bw="6" slack="1"/>
<pin id="448" dir="1" index="1" bw="18" slack="0"/>
</pin_list>
<bind>
<opcode="zext(34) " fcode="zext"/>
<opset="zext_ln55_8/10 "/>
</bind>
</comp>

<comp id="449" class="1004" name="add_ln55_4_fu_449">
<pin_list>
<pin id="450" dir="0" index="0" bw="18" slack="2"/>
<pin id="451" dir="0" index="1" bw="6" slack="0"/>
<pin id="452" dir="1" index="2" bw="18" slack="0"/>
</pin_list>
<bind>
<opcode="add(8) " fcode="add"/>
<opset="add_ln55_4/10 "/>
</bind>
</comp>

<comp id="454" class="1004" name="zext_ln55_9_fu_454">
<pin_list>
<pin id="455" dir="0" index="0" bw="18" slack="0"/>
<pin id="456" dir="1" index="1" bw="64" slack="0"/>
</pin_list>
<bind>
<opcode="zext(34) " fcode="zext"/>
<opset="zext_ln55_9/10 "/>
</bind>
</comp>

<comp id="459" class="1004" name="zext_ln55_10_fu_459">
<pin_list>
<pin id="460" dir="0" index="0" bw="6" slack="1"/>
<pin id="461" dir="1" index="1" bw="18" slack="0"/>
</pin_list>
<bind>
<opcode="zext(34) " fcode="zext"/>
<opset="zext_ln55_10/10 "/>
</bind>
</comp>

<comp id="462" class="1004" name="add_ln55_5_fu_462">
<pin_list>
<pin id="463" dir="0" index="0" bw="18" slack="2"/>
<pin id="464" dir="0" index="1" bw="6" slack="0"/>
<pin id="465" dir="1" index="2" bw="18" slack="1"/>
</pin_list>
<bind>
<opcode="add(8) " fcode="add"/>
<opset="add_ln55_5/10 "/>
</bind>
</comp>

<comp id="467" class="1004" name="bitcast_ln55_fu_467">
<pin_list>
<pin id="468" dir="0" index="0" bw="32" slack="1"/>
<pin id="469" dir="1" index="1" bw="32" slack="0"/>
</pin_list>
<bind>
<opcode="bitcast(44) " fcode="bitcast"/>
<opset="bitcast_ln55/11 "/>
</bind>
</comp>

<comp id="472" class="1004" name="trunc_ln55_2_fu_472">
<pin_list>
<pin id="473" dir="0" index="0" bw="32" slack="0"/>
<pin id="474" dir="1" index="1" bw="23" slack="0"/>
</pin_list>
<bind>
<opcode="trunc(33) " fcode="trunc"/>
<opset="trunc_ln55_2/11 "/>
</bind>
</comp>

<comp id="476" class="1004" name="icmp_ln55_5_fu_476">
<pin_list>
<pin id="477" dir="0" index="0" bw="23" slack="0"/>
<pin id="478" dir="0" index="1" bw="1" slack="0"/>
<pin id="479" dir="1" index="2" bw="1" slack="3"/>
</pin_list>
<bind>
<opcode="icmp(45) " fcode="icmp"/>
<opset="icmp_ln55_5/11 "/>
</bind>
</comp>

<comp id="482" class="1004" name="trunc_ln55_3_fu_482">
<pin_list>
<pin id="483" dir="0" index="0" bw="32" slack="0"/>
<pin id="484" dir="1" index="1" bw="23" slack="0"/>
</pin_list>
<bind>
<opcode="trunc(33) " fcode="trunc"/>
<opset="trunc_ln55_3/11 "/>
</bind>
</comp>

<comp id="486" class="1004" name="icmp_ln55_7_fu_486">
<pin_list>
<pin id="487" dir="0" index="0" bw="23" slack="0"/>
<pin id="488" dir="0" index="1" bw="1" slack="0"/>
<pin id="489" dir="1" index="2" bw="1" slack="4"/>
</pin_list>
<bind>
<opcode="icmp(45) " fcode="icmp"/>
<opset="icmp_ln55_7/11 "/>
</bind>
</comp>

<comp id="492" class="1004" name="zext_ln55_11_fu_492">
<pin_list>
<pin id="493" dir="0" index="0" bw="18" slack="1"/>
<pin id="494" dir="1" index="1" bw="64" slack="0"/>
</pin_list>
<bind>
<opcode="zext(34) " fcode="zext"/>
<opset="zext_ln55_11/11 "/>
</bind>
</comp>

<comp id="496" class="1004" name="or_ln55_fu_496">
<pin_list>
<pin id="497" dir="0" index="0" bw="1" slack="2"/>
<pin id="498" dir="0" index="1" bw="1" slack="2"/>
<pin id="499" dir="1" index="2" bw="1" slack="0"/>
</pin_list>
<bind>
<opcode="or(24) " fcode="or"/>
<opset="or_ln55/12 "/>
</bind>
</comp>

<comp id="500" class="1004" name="and_ln55_fu_500">
<pin_list>
<pin id="501" dir="0" index="0" bw="1" slack="0"/>
<pin id="502" dir="0" index="1" bw="1" slack="0"/>
<pin id="503" dir="1" index="2" bw="1" slack="1"/>
</pin_list>
<bind>
<opcode="and(23) " fcode="and"/>
<opset="and_ln55/12 "/>
</bind>
</comp>

<comp id="506" class="1004" name="bitcast_ln55_1_fu_506">
<pin_list>
<pin id="507" dir="0" index="0" bw="32" slack="2"/>
<pin id="508" dir="1" index="1" bw="32" slack="0"/>
</pin_list>
<bind>
<opcode="bitcast(44) " fcode="bitcast"/>
<opset="bitcast_ln55_1/12 "/>
</bind>
</comp>

<comp id="511" class="1004" name="trunc_ln55_4_fu_511">
<pin_list>
<pin id="512" dir="0" index="0" bw="32" slack="0"/>
<pin id="513" dir="1" index="1" bw="23" slack="0"/>
</pin_list>
<bind>
<opcode="trunc(33) " fcode="trunc"/>
<opset="trunc_ln55_4/12 "/>
</bind>
</comp>

<comp id="515" class="1004" name="icmp_ln55_9_fu_515">
<pin_list>
<pin id="516" dir="0" index="0" bw="23" slack="0"/>
<pin id="517" dir="0" index="1" bw="1" slack="0"/>
<pin id="518" dir="1" index="2" bw="1" slack="4"/>
</pin_list>
<bind>
<opcode="icmp(45) " fcode="icmp"/>
<opset="icmp_ln55_9/12 "/>
</bind>
</comp>

<comp id="521" class="1004" name="or_ln55_1_fu_521">
<pin_list>
<pin id="522" dir="0" index="0" bw="1" slack="3"/>
<pin id="523" dir="0" index="1" bw="1" slack="3"/>
<pin id="524" dir="1" index="2" bw="1" slack="0"/>
</pin_list>
<bind>
<opcode="or(24) " fcode="or"/>
<opset="or_ln55_1/13 "/>
</bind>
</comp>

<comp id="525" class="1004" name="and_ln55_1_fu_525">
<pin_list>
<pin id="526" dir="0" index="0" bw="1" slack="0"/>
<pin id="527" dir="0" index="1" bw="1" slack="0"/>
<pin id="528" dir="1" index="2" bw="1" slack="3"/>
</pin_list>
<bind>
<opcode="and(23) " fcode="and"/>
<opset="and_ln55_1/13 "/>
</bind>
</comp>

<comp id="531" class="1004" name="bitcast_ln55_2_fu_531">
<pin_list>
<pin id="532" dir="0" index="0" bw="32" slack="2"/>
<pin id="533" dir="1" index="1" bw="32" slack="0"/>
</pin_list>
<bind>
<opcode="bitcast(44) " fcode="bitcast"/>
<opset="bitcast_ln55_2/13 "/>
</bind>
</comp>

<comp id="536" class="1004" name="or_ln55_4_fu_536">
<pin_list>
<pin id="537" dir="0" index="0" bw="1" slack="4"/>
<pin id="538" dir="0" index="1" bw="1" slack="4"/>
<pin id="539" dir="1" index="2" bw="1" slack="0"/>
</pin_list>
<bind>
<opcode="or(24) " fcode="or"/>
<opset="or_ln55_4/14 "/>
</bind>
</comp>

<comp id="540" class="1004" name="and_ln55_4_fu_540">
<pin_list>
<pin id="541" dir="0" index="0" bw="1" slack="0"/>
<pin id="542" dir="0" index="1" bw="1" slack="0"/>
<pin id="543" dir="1" index="2" bw="1" slack="2"/>
</pin_list>
<bind>
<opcode="and(23) " fcode="and"/>
<opset="and_ln55_4/14 "/>
</bind>
</comp>

<comp id="546" class="1004" name="or_ln55_2_fu_546">
<pin_list>
<pin id="547" dir="0" index="0" bw="1" slack="3"/>
<pin id="548" dir="0" index="1" bw="1" slack="3"/>
<pin id="549" dir="1" index="2" bw="1" slack="0"/>
</pin_list>
<bind>
<opcode="or(24) " fcode="or"/>
<opset="or_ln55_2/15 "/>
</bind>
</comp>

<comp id="550" class="1004" name="and_ln55_2_fu_550">
<pin_list>
<pin id="551" dir="0" index="0" bw="1" slack="0"/>
<pin id="552" dir="0" index="1" bw="1" slack="0"/>
<pin id="553" dir="1" index="2" bw="1" slack="3"/>
</pin_list>
<bind>
<opcode="and(23) " fcode="and"/>
<opset="and_ln55_2/15 "/>
</bind>
</comp>

<comp id="556" class="1004" name="bitcast_ln55_3_fu_556">
<pin_list>
<pin id="557" dir="0" index="0" bw="32" slack="3"/>
<pin id="558" dir="1" index="1" bw="32" slack="0"/>
</pin_list>
<bind>
<opcode="bitcast(44) " fcode="bitcast"/>
<opset="bitcast_ln55_3/15 "/>
</bind>
</comp>

<comp id="560" class="1004" name="or_ln55_3_fu_560">
<pin_list>
<pin id="561" dir="0" index="0" bw="1" slack="4"/>
<pin id="562" dir="0" index="1" bw="1" slack="4"/>
<pin id="563" dir="1" index="2" bw="1" slack="0"/>
</pin_list>
<bind>
<opcode="or(24) " fcode="or"/>
<opset="or_ln55_3/17 "/>
</bind>
</comp>

<comp id="564" class="1004" name="and_ln55_3_fu_564">
<pin_list>
<pin id="565" dir="0" index="0" bw="1" slack="0"/>
<pin id="566" dir="0" index="1" bw="1" slack="0"/>
<pin id="567" dir="1" index="2" bw="1" slack="2"/>
</pin_list>
<bind>
<opcode="and(23) " fcode="and"/>
<opset="and_ln55_3/17 "/>
</bind>
</comp>

<comp id="570" class="1004" name="bitcast_ln55_4_fu_570">
<pin_list>
<pin id="571" dir="0" index="0" bw="32" slack="3"/>
<pin id="572" dir="1" index="1" bw="32" slack="0"/>
</pin_list>
<bind>
<opcode="bitcast(44) " fcode="bitcast"/>
<opset="bitcast_ln55_4/17 "/>
</bind>
</comp>

<comp id="575" class="1007" name="grp_fu_575">
<pin_list>
<pin id="576" dir="0" index="0" bw="7" slack="0"/>
<pin id="577" dir="0" index="1" bw="6" slack="0"/>
<pin id="578" dir="0" index="2" bw="6" slack="0"/>
<pin id="579" dir="1" index="3" bw="13" slack="0"/>
</pin_list>
<bind>
<opcode="muladd(1172) " fcode="muladd"/>
<opset="mul_ln55/2 add_ln55/4 "/>
</bind>
</comp>

<comp id="584" class="1007" name="grp_fu_584">
<pin_list>
<pin id="585" dir="0" index="0" bw="13" slack="0"/>
<pin id="586" dir="0" index="1" bw="6" slack="0"/>
<pin id="587" dir="1" index="2" bw="18" slack="1"/>
</pin_list>
<bind>
<opcode="mul(12) " fcode="mul"/>
<opset="mul_ln55_1/5 "/>
</bind>
</comp>

<comp id="590" class="1005" name="z_reg_590">
<pin_list>
<pin id="591" dir="0" index="0" bw="6" slack="0"/>
<pin id="592" dir="1" index="1" bw="6" slack="0"/>
</pin_list>
<bind>
<opset="z "/>
</bind>
</comp>

<comp id="597" class="1005" name="y_reg_597">
<pin_list>
<pin id="598" dir="0" index="0" bw="6" slack="0"/>
<pin id="599" dir="1" index="1" bw="6" slack="0"/>
</pin_list>
<bind>
<opset="y "/>
</bind>
</comp>

<comp id="604" class="1005" name="indvar_flatten190_reg_604">
<pin_list>
<pin id="605" dir="0" index="0" bw="10" slack="0"/>
<pin id="606" dir="1" index="1" bw="10" slack="0"/>
</pin_list>
<bind>
<opset="indvar_flatten190 "/>
</bind>
</comp>

<comp id="611" class="1005" name="x_reg_611">
<pin_list>
<pin id="612" dir="0" index="0" bw="7" slack="0"/>
<pin id="613" dir="1" index="1" bw="7" slack="0"/>
</pin_list>
<bind>
<opset="x "/>
</bind>
</comp>

<comp id="618" class="1005" name="indvar_flatten204_reg_618">
<pin_list>
<pin id="619" dir="0" index="0" bw="16" slack="0"/>
<pin id="620" dir="1" index="1" bw="16" slack="0"/>
</pin_list>
<bind>
<opset="indvar_flatten204 "/>
</bind>
</comp>

<comp id="625" class="1005" name="indvar_flatten190_load_reg_625">
<pin_list>
<pin id="626" dir="0" index="0" bw="10" slack="4"/>
<pin id="627" dir="1" index="1" bw="10" slack="4"/>
</pin_list>
<bind>
<opset="indvar_flatten190_load "/>
</bind>
</comp>

<comp id="630" class="1005" name="icmp_ln51_reg_630">
<pin_list>
<pin id="631" dir="0" index="0" bw="1" slack="1"/>
<pin id="632" dir="1" index="1" bw="1" slack="2147483647"/>
</pin_list>
<bind>
<opset="icmp_ln51 "/>
</bind>
</comp>

<comp id="634" class="1005" name="icmp_ln52_reg_634">
<pin_list>
<pin id="635" dir="0" index="0" bw="1" slack="2"/>
<pin id="636" dir="1" index="1" bw="1" slack="2"/>
</pin_list>
<bind>
<opset="icmp_ln52 "/>
</bind>
</comp>

<comp id="642" class="1005" name="zext_ln55_reg_642">
<pin_list>
<pin id="643" dir="0" index="0" bw="13" slack="1"/>
<pin id="644" dir="1" index="1" bw="13" slack="1"/>
</pin_list>
<bind>
<opset="zext_ln55 "/>
</bind>
</comp>

<comp id="647" class="1005" name="z_load_reg_647">
<pin_list>
<pin id="648" dir="0" index="0" bw="6" slack="4"/>
<pin id="649" dir="1" index="1" bw="6" slack="4"/>
</pin_list>
<bind>
<opset="z_load "/>
</bind>
</comp>

<comp id="652" class="1005" name="or_ln51_reg_652">
<pin_list>
<pin id="653" dir="0" index="0" bw="1" slack="4"/>
<pin id="654" dir="1" index="1" bw="1" slack="4"/>
</pin_list>
<bind>
<opset="or_ln51 "/>
</bind>
</comp>

<comp id="657" class="1005" name="zext_ln55_1_reg_657">
<pin_list>
<pin id="658" dir="0" index="0" bw="13" slack="1"/>
<pin id="659" dir="1" index="1" bw="13" slack="1"/>
</pin_list>
<bind>
<opset="zext_ln55_1 "/>
</bind>
</comp>

<comp id="662" class="1005" name="add_ln55_cast_reg_662">
<pin_list>
<pin id="663" dir="0" index="0" bw="18" slack="1"/>
<pin id="664" dir="1" index="1" bw="18" slack="1"/>
</pin_list>
<bind>
<opset="add_ln55_cast "/>
</bind>
</comp>

<comp id="667" class="1005" name="select_ln52_reg_667">
<pin_list>
<pin id="668" dir="0" index="0" bw="6" slack="1"/>
<pin id="669" dir="1" index="1" bw="6" slack="1"/>
</pin_list>
<bind>
<opset="select_ln52 "/>
</bind>
</comp>

<comp id="676" class="1005" name="mul_ln55_1_reg_676">
<pin_list>
<pin id="677" dir="0" index="0" bw="18" slack="1"/>
<pin id="678" dir="1" index="1" bw="18" slack="1"/>
</pin_list>
<bind>
<opset="mul_ln55_1 "/>
</bind>
</comp>

<comp id="685" class="1005" name="output_fm_addr_reg_685">
<pin_list>
<pin id="686" dir="0" index="0" bw="18" slack="1"/>
<pin id="687" dir="1" index="1" bw="18" slack="1"/>
</pin_list>
<bind>
<opset="output_fm_addr "/>
</bind>
</comp>

<comp id="690" class="1005" name="output_fm_addr_1_reg_690">
<pin_list>
<pin id="691" dir="0" index="0" bw="18" slack="1"/>
<pin id="692" dir="1" index="1" bw="18" slack="1"/>
</pin_list>
<bind>
<opset="output_fm_addr_1 "/>
</bind>
</comp>

<comp id="695" class="1005" name="add_ln53_1_reg_695">
<pin_list>
<pin id="696" dir="0" index="0" bw="6" slack="1"/>
<pin id="697" dir="1" index="1" bw="6" slack="1"/>
</pin_list>
<bind>
<opset="add_ln53_1 "/>
</bind>
</comp>

<comp id="700" class="1005" name="add_ln53_2_reg_700">
<pin_list>
<pin id="701" dir="0" index="0" bw="6" slack="1"/>
<pin id="702" dir="1" index="1" bw="6" slack="1"/>
</pin_list>
<bind>
<opset="add_ln53_2 "/>
</bind>
</comp>

<comp id="705" class="1005" name="add_ln53_3_reg_705">
<pin_list>
<pin id="706" dir="0" index="0" bw="6" slack="1"/>
<pin id="707" dir="1" index="1" bw="6" slack="1"/>
</pin_list>
<bind>
<opset="add_ln53_3 "/>
</bind>
</comp>

<comp id="710" class="1005" name="icmp_ln55_reg_710">
<pin_list>
<pin id="711" dir="0" index="0" bw="1" slack="2"/>
<pin id="712" dir="1" index="1" bw="1" slack="2"/>
</pin_list>
<bind>
<opset="icmp_ln55 "/>
</bind>
</comp>

<comp id="715" class="1005" name="icmp_ln55_1_reg_715">
<pin_list>
<pin id="716" dir="0" index="0" bw="1" slack="2"/>
<pin id="717" dir="1" index="1" bw="1" slack="2"/>
</pin_list>
<bind>
<opset="icmp_ln55_1 "/>
</bind>
</comp>

<comp id="720" class="1005" name="icmp_ln55_2_reg_720">
<pin_list>
<pin id="721" dir="0" index="0" bw="1" slack="3"/>
<pin id="722" dir="1" index="1" bw="1" slack="3"/>
</pin_list>
<bind>
<opset="icmp_ln55_2 "/>
</bind>
</comp>

<comp id="725" class="1005" name="icmp_ln55_3_reg_725">
<pin_list>
<pin id="726" dir="0" index="0" bw="1" slack="3"/>
<pin id="727" dir="1" index="1" bw="1" slack="3"/>
</pin_list>
<bind>
<opset="icmp_ln55_3 "/>
</bind>
</comp>

<comp id="730" class="1005" name="output_fm_addr_2_reg_730">
<pin_list>
<pin id="731" dir="0" index="0" bw="18" slack="1"/>
<pin id="732" dir="1" index="1" bw="18" slack="1"/>
</pin_list>
<bind>
<opset="output_fm_addr_2 "/>
</bind>
</comp>

<comp id="735" class="1005" name="output_fm_addr_3_reg_735">
<pin_list>
<pin id="736" dir="0" index="0" bw="18" slack="1"/>
<pin id="737" dir="1" index="1" bw="18" slack="1"/>
</pin_list>
<bind>
<opset="output_fm_addr_3 "/>
</bind>
</comp>

<comp id="740" class="1005" name="add_ln55_5_reg_740">
<pin_list>
<pin id="741" dir="0" index="0" bw="18" slack="1"/>
<pin id="742" dir="1" index="1" bw="18" slack="1"/>
</pin_list>
<bind>
<opset="add_ln55_5 "/>
</bind>
</comp>

<comp id="745" class="1005" name="bitcast_ln55_reg_745">
<pin_list>
<pin id="746" dir="0" index="0" bw="32" slack="1"/>
<pin id="747" dir="1" index="1" bw="32" slack="1"/>
</pin_list>
<bind>
<opset="bitcast_ln55 "/>
</bind>
</comp>

<comp id="750" class="1005" name="icmp_ln55_4_reg_750">
<pin_list>
<pin id="751" dir="0" index="0" bw="1" slack="3"/>
<pin id="752" dir="1" index="1" bw="1" slack="3"/>
</pin_list>
<bind>
<opset="icmp_ln55_4 "/>
</bind>
</comp>

<comp id="755" class="1005" name="icmp_ln55_5_reg_755">
<pin_list>
<pin id="756" dir="0" index="0" bw="1" slack="3"/>
<pin id="757" dir="1" index="1" bw="1" slack="3"/>
</pin_list>
<bind>
<opset="icmp_ln55_5 "/>
</bind>
</comp>

<comp id="760" class="1005" name="output_fm_load_3_reg_760">
<pin_list>
<pin id="761" dir="0" index="0" bw="32" slack="3"/>
<pin id="762" dir="1" index="1" bw="32" slack="3"/>
</pin_list>
<bind>
<opset="output_fm_load_3 "/>
</bind>
</comp>

<comp id="765" class="1005" name="icmp_ln55_6_reg_765">
<pin_list>
<pin id="766" dir="0" index="0" bw="1" slack="4"/>
<pin id="767" dir="1" index="1" bw="1" slack="4"/>
</pin_list>
<bind>
<opset="icmp_ln55_6 "/>
</bind>
</comp>

<comp id="770" class="1005" name="icmp_ln55_7_reg_770">
<pin_list>
<pin id="771" dir="0" index="0" bw="1" slack="4"/>
<pin id="772" dir="1" index="1" bw="1" slack="4"/>
</pin_list>
<bind>
<opset="icmp_ln55_7 "/>
</bind>
</comp>

<comp id="775" class="1005" name="output_fm_addr_4_reg_775">
<pin_list>
<pin id="776" dir="0" index="0" bw="18" slack="1"/>
<pin id="777" dir="1" index="1" bw="18" slack="1"/>
</pin_list>
<bind>
<opset="output_fm_addr_4 "/>
</bind>
</comp>

<comp id="781" class="1005" name="and_ln55_reg_781">
<pin_list>
<pin id="782" dir="0" index="0" bw="1" slack="1"/>
<pin id="783" dir="1" index="1" bw="1" slack="2147483647"/>
</pin_list>
<bind>
<opset="and_ln55 "/>
</bind>
</comp>

<comp id="785" class="1005" name="bitcast_ln55_1_reg_785">
<pin_list>
<pin id="786" dir="0" index="0" bw="32" slack="1"/>
<pin id="787" dir="1" index="1" bw="32" slack="1"/>
</pin_list>
<bind>
<opset="bitcast_ln55_1 "/>
</bind>
</comp>

<comp id="790" class="1005" name="icmp_ln55_8_reg_790">
<pin_list>
<pin id="791" dir="0" index="0" bw="1" slack="4"/>
<pin id="792" dir="1" index="1" bw="1" slack="4"/>
</pin_list>
<bind>
<opset="icmp_ln55_8 "/>
</bind>
</comp>

<comp id="795" class="1005" name="icmp_ln55_9_reg_795">
<pin_list>
<pin id="796" dir="0" index="0" bw="1" slack="4"/>
<pin id="797" dir="1" index="1" bw="1" slack="4"/>
</pin_list>
<bind>
<opset="icmp_ln55_9 "/>
</bind>
</comp>

<comp id="800" class="1005" name="and_ln55_1_reg_800">
<pin_list>
<pin id="801" dir="0" index="0" bw="1" slack="3"/>
<pin id="802" dir="1" index="1" bw="1" slack="2147483647"/>
</pin_list>
<bind>
<opset="and_ln55_1 "/>
</bind>
</comp>

<comp id="804" class="1005" name="bitcast_ln55_2_reg_804">
<pin_list>
<pin id="805" dir="0" index="0" bw="32" slack="1"/>
<pin id="806" dir="1" index="1" bw="32" slack="1"/>
</pin_list>
<bind>
<opset="bitcast_ln55_2 "/>
</bind>
</comp>

<comp id="809" class="1005" name="and_ln55_4_reg_809">
<pin_list>
<pin id="810" dir="0" index="0" bw="1" slack="2"/>
<pin id="811" dir="1" index="1" bw="1" slack="2147483647"/>
</pin_list>
<bind>
<opset="and_ln55_4 "/>
</bind>
</comp>

<comp id="813" class="1005" name="and_ln55_2_reg_813">
<pin_list>
<pin id="814" dir="0" index="0" bw="1" slack="3"/>
<pin id="815" dir="1" index="1" bw="1" slack="2147483647"/>
</pin_list>
<bind>
<opset="and_ln55_2 "/>
</bind>
</comp>

<comp id="817" class="1005" name="bitcast_ln55_3_reg_817">
<pin_list>
<pin id="818" dir="0" index="0" bw="32" slack="1"/>
<pin id="819" dir="1" index="1" bw="32" slack="1"/>
</pin_list>
<bind>
<opset="bitcast_ln55_3 "/>
</bind>
</comp>

<comp id="822" class="1005" name="and_ln55_3_reg_822">
<pin_list>
<pin id="823" dir="0" index="0" bw="1" slack="2"/>
<pin id="824" dir="1" index="1" bw="1" slack="2147483647"/>
</pin_list>
<bind>
<opset="and_ln55_3 "/>
</bind>
</comp>

<comp id="826" class="1005" name="bitcast_ln55_4_reg_826">
<pin_list>
<pin id="827" dir="0" index="0" bw="32" slack="1"/>
<pin id="828" dir="1" index="1" bw="32" slack="1"/>
</pin_list>
<bind>
<opset="bitcast_ln55_4 "/>
</bind>
</comp>

</comp_list>

<net_list>
<net id="81"><net_src comp="2" pin="0"/><net_sink comp="78" pin=0"/></net>

<net id="85"><net_src comp="2" pin="0"/><net_sink comp="82" pin=0"/></net>

<net id="89"><net_src comp="2" pin="0"/><net_sink comp="86" pin=0"/></net>

<net id="93"><net_src comp="2" pin="0"/><net_sink comp="90" pin=0"/></net>

<net id="97"><net_src comp="2" pin="0"/><net_sink comp="94" pin=0"/></net>

<net id="103"><net_src comp="0" pin="0"/><net_sink comp="98" pin=0"/></net>

<net id="104"><net_src comp="46" pin="0"/><net_sink comp="98" pin=1"/></net>

<net id="114"><net_src comp="98" pin="3"/><net_sink comp="105" pin=2"/></net>

<net id="120"><net_src comp="0" pin="0"/><net_sink comp="115" pin=0"/></net>

<net id="121"><net_src comp="46" pin="0"/><net_sink comp="115" pin=1"/></net>

<net id="122"><net_src comp="115" pin="3"/><net_sink comp="105" pin=0"/></net>

<net id="128"><net_src comp="0" pin="0"/><net_sink comp="123" pin=0"/></net>

<net id="129"><net_src comp="46" pin="0"/><net_sink comp="123" pin=1"/></net>

<net id="130"><net_src comp="123" pin="3"/><net_sink comp="105" pin=2"/></net>

<net id="136"><net_src comp="0" pin="0"/><net_sink comp="131" pin=0"/></net>

<net id="137"><net_src comp="46" pin="0"/><net_sink comp="131" pin=1"/></net>

<net id="138"><net_src comp="131" pin="3"/><net_sink comp="105" pin=0"/></net>

<net id="144"><net_src comp="0" pin="0"/><net_sink comp="139" pin=0"/></net>

<net id="145"><net_src comp="46" pin="0"/><net_sink comp="139" pin=1"/></net>

<net id="146"><net_src comp="139" pin="3"/><net_sink comp="105" pin=2"/></net>

<net id="147"><net_src comp="8" pin="0"/><net_sink comp="105" pin=4"/></net>

<net id="148"><net_src comp="8" pin="0"/><net_sink comp="105" pin=1"/></net>

<net id="153"><net_src comp="64" pin="0"/><net_sink comp="149" pin=1"/></net>

<net id="160"><net_src comp="54" pin="0"/><net_sink comp="154" pin=0"/></net>

<net id="161"><net_src comp="105" pin="7"/><net_sink comp="154" pin=1"/></net>

<net id="162"><net_src comp="56" pin="0"/><net_sink comp="154" pin=2"/></net>

<net id="163"><net_src comp="58" pin="0"/><net_sink comp="154" pin=3"/></net>

<net id="168"><net_src comp="154" pin="4"/><net_sink comp="164" pin=0"/></net>

<net id="169"><net_src comp="60" pin="0"/><net_sink comp="164" pin=1"/></net>

<net id="176"><net_src comp="54" pin="0"/><net_sink comp="170" pin=0"/></net>

<net id="177"><net_src comp="105" pin="3"/><net_sink comp="170" pin=1"/></net>

<net id="178"><net_src comp="56" pin="0"/><net_sink comp="170" pin=2"/></net>

<net id="179"><net_src comp="58" pin="0"/><net_sink comp="170" pin=3"/></net>

<net id="184"><net_src comp="170" pin="4"/><net_sink comp="180" pin=0"/></net>

<net id="185"><net_src comp="60" pin="0"/><net_sink comp="180" pin=1"/></net>

<net id="189"><net_src comp="105" pin="7"/><net_sink comp="186" pin=0"/></net>

<net id="193"><net_src comp="105" pin="3"/><net_sink comp="190" pin=0"/></net>

<net id="194"><net_src comp="105" pin="7"/><net_sink comp="190" pin=0"/></net>

<net id="199"><net_src comp="14" pin="0"/><net_sink comp="195" pin=0"/></net>

<net id="204"><net_src comp="16" pin="0"/><net_sink comp="200" pin=0"/></net>

<net id="209"><net_src comp="18" pin="0"/><net_sink comp="205" pin=0"/></net>

<net id="214"><net_src comp="20" pin="0"/><net_sink comp="210" pin=0"/></net>

<net id="219"><net_src comp="20" pin="0"/><net_sink comp="215" pin=0"/></net>

<net id="230"><net_src comp="223" pin="1"/><net_sink comp="226" pin=0"/></net>

<net id="231"><net_src comp="26" pin="0"/><net_sink comp="226" pin=1"/></net>

<net id="236"><net_src comp="223" pin="1"/><net_sink comp="232" pin=0"/></net>

<net id="237"><net_src comp="28" pin="0"/><net_sink comp="232" pin=1"/></net>

<net id="245"><net_src comp="238" pin="1"/><net_sink comp="241" pin=0"/></net>

<net id="246"><net_src comp="30" pin="0"/><net_sink comp="241" pin=1"/></net>

<net id="251"><net_src comp="220" pin="1"/><net_sink comp="247" pin=0"/></net>

<net id="252"><net_src comp="32" pin="0"/><net_sink comp="247" pin=1"/></net>

<net id="258"><net_src comp="247" pin="2"/><net_sink comp="253" pin=0"/></net>

<net id="259"><net_src comp="241" pin="2"/><net_sink comp="253" pin=1"/></net>

<net id="260"><net_src comp="238" pin="1"/><net_sink comp="253" pin=2"/></net>

<net id="264"><net_src comp="253" pin="3"/><net_sink comp="261" pin=0"/></net>

<net id="269"><net_src comp="232" pin="2"/><net_sink comp="265" pin=0"/></net>

<net id="274"><net_src comp="253" pin="3"/><net_sink comp="270" pin=0"/></net>

<net id="286"><net_src comp="20" pin="0"/><net_sink comp="281" pin=1"/></net>

<net id="287"><net_src comp="278" pin="1"/><net_sink comp="281" pin=2"/></net>

<net id="292"><net_src comp="275" pin="1"/><net_sink comp="288" pin=0"/></net>

<net id="293"><net_src comp="36" pin="0"/><net_sink comp="288" pin=1"/></net>

<net id="298"><net_src comp="288" pin="2"/><net_sink comp="294" pin=1"/></net>

<net id="303"><net_src comp="281" pin="3"/><net_sink comp="299" pin=0"/></net>

<net id="304"><net_src comp="38" pin="0"/><net_sink comp="299" pin=1"/></net>

<net id="310"><net_src comp="294" pin="2"/><net_sink comp="305" pin=0"/></net>

<net id="311"><net_src comp="281" pin="3"/><net_sink comp="305" pin=1"/></net>

<net id="312"><net_src comp="299" pin="2"/><net_sink comp="305" pin=2"/></net>

<net id="316"><net_src comp="305" pin="3"/><net_sink comp="313" pin=0"/></net>

<net id="321"><net_src comp="305" pin="3"/><net_sink comp="317" pin=0"/></net>

<net id="329"><net_src comp="42" pin="0"/><net_sink comp="325" pin=1"/></net>

<net id="335"><net_src comp="42" pin="0"/><net_sink comp="330" pin=1"/></net>

<net id="336"><net_src comp="325" pin="2"/><net_sink comp="330" pin=2"/></net>

<net id="341"><net_src comp="330" pin="3"/><net_sink comp="337" pin=0"/></net>

<net id="347"><net_src comp="20" pin="0"/><net_sink comp="342" pin=1"/></net>

<net id="353"><net_src comp="342" pin="3"/><net_sink comp="348" pin=1"/></net>

<net id="354"><net_src comp="20" pin="0"/><net_sink comp="348" pin=2"/></net>

<net id="359"><net_src comp="348" pin="3"/><net_sink comp="355" pin=0"/></net>

<net id="360"><net_src comp="44" pin="0"/><net_sink comp="355" pin=1"/></net>

<net id="365"><net_src comp="355" pin="2"/><net_sink comp="361" pin=0"/></net>

<net id="373"><net_src comp="366" pin="1"/><net_sink comp="369" pin=1"/></net>

<net id="377"><net_src comp="369" pin="2"/><net_sink comp="374" pin=0"/></net>

<net id="378"><net_src comp="374" pin="1"/><net_sink comp="98" pin=2"/></net>

<net id="383"><net_src comp="38" pin="0"/><net_sink comp="379" pin=1"/></net>

<net id="387"><net_src comp="379" pin="2"/><net_sink comp="384" pin=0"/></net>

<net id="392"><net_src comp="384" pin="1"/><net_sink comp="388" pin=1"/></net>

<net id="396"><net_src comp="388" pin="2"/><net_sink comp="393" pin=0"/></net>

<net id="397"><net_src comp="393" pin="1"/><net_sink comp="115" pin=2"/></net>

<net id="402"><net_src comp="48" pin="0"/><net_sink comp="398" pin=1"/></net>

<net id="407"><net_src comp="50" pin="0"/><net_sink comp="403" pin=1"/></net>

<net id="412"><net_src comp="52" pin="0"/><net_sink comp="408" pin=1"/></net>

<net id="416"><net_src comp="105" pin="7"/><net_sink comp="413" pin=0"/></net>

<net id="421"><net_src comp="413" pin="1"/><net_sink comp="417" pin=0"/></net>

<net id="422"><net_src comp="62" pin="0"/><net_sink comp="417" pin=1"/></net>

<net id="426"><net_src comp="105" pin="3"/><net_sink comp="423" pin=0"/></net>

<net id="431"><net_src comp="423" pin="1"/><net_sink comp="427" pin=0"/></net>

<net id="432"><net_src comp="62" pin="0"/><net_sink comp="427" pin=1"/></net>

<net id="440"><net_src comp="433" pin="1"/><net_sink comp="436" pin=1"/></net>

<net id="444"><net_src comp="436" pin="2"/><net_sink comp="441" pin=0"/></net>

<net id="445"><net_src comp="441" pin="1"/><net_sink comp="123" pin=2"/></net>

<net id="453"><net_src comp="446" pin="1"/><net_sink comp="449" pin=1"/></net>

<net id="457"><net_src comp="449" pin="2"/><net_sink comp="454" pin=0"/></net>

<net id="458"><net_src comp="454" pin="1"/><net_sink comp="131" pin=2"/></net>

<net id="466"><net_src comp="459" pin="1"/><net_sink comp="462" pin=1"/></net>

<net id="470"><net_src comp="186" pin="1"/><net_sink comp="467" pin=0"/></net>

<net id="471"><net_src comp="467" pin="1"/><net_sink comp="149" pin=0"/></net>

<net id="475"><net_src comp="105" pin="7"/><net_sink comp="472" pin=0"/></net>

<net id="480"><net_src comp="472" pin="1"/><net_sink comp="476" pin=0"/></net>

<net id="481"><net_src comp="62" pin="0"/><net_sink comp="476" pin=1"/></net>

<net id="485"><net_src comp="105" pin="3"/><net_sink comp="482" pin=0"/></net>

<net id="490"><net_src comp="482" pin="1"/><net_sink comp="486" pin=0"/></net>

<net id="491"><net_src comp="62" pin="0"/><net_sink comp="486" pin=1"/></net>

<net id="495"><net_src comp="492" pin="1"/><net_sink comp="139" pin=2"/></net>

<net id="504"><net_src comp="496" pin="2"/><net_sink comp="500" pin=0"/></net>

<net id="505"><net_src comp="149" pin="2"/><net_sink comp="500" pin=1"/></net>

<net id="509"><net_src comp="190" pin="1"/><net_sink comp="506" pin=0"/></net>

<net id="510"><net_src comp="506" pin="1"/><net_sink comp="149" pin=0"/></net>

<net id="514"><net_src comp="105" pin="7"/><net_sink comp="511" pin=0"/></net>

<net id="519"><net_src comp="511" pin="1"/><net_sink comp="515" pin=0"/></net>

<net id="520"><net_src comp="62" pin="0"/><net_sink comp="515" pin=1"/></net>

<net id="529"><net_src comp="521" pin="2"/><net_sink comp="525" pin=0"/></net>

<net id="530"><net_src comp="149" pin="2"/><net_sink comp="525" pin=1"/></net>

<net id="534"><net_src comp="186" pin="1"/><net_sink comp="531" pin=0"/></net>

<net id="535"><net_src comp="531" pin="1"/><net_sink comp="149" pin=0"/></net>

<net id="544"><net_src comp="536" pin="2"/><net_sink comp="540" pin=0"/></net>

<net id="545"><net_src comp="149" pin="2"/><net_sink comp="540" pin=1"/></net>

<net id="554"><net_src comp="546" pin="2"/><net_sink comp="550" pin=0"/></net>

<net id="555"><net_src comp="149" pin="2"/><net_sink comp="550" pin=1"/></net>

<net id="559"><net_src comp="556" pin="1"/><net_sink comp="149" pin=0"/></net>

<net id="568"><net_src comp="560" pin="2"/><net_sink comp="564" pin=0"/></net>

<net id="569"><net_src comp="149" pin="2"/><net_sink comp="564" pin=1"/></net>

<net id="573"><net_src comp="190" pin="1"/><net_sink comp="570" pin=0"/></net>

<net id="574"><net_src comp="570" pin="1"/><net_sink comp="149" pin=0"/></net>

<net id="580"><net_src comp="261" pin="1"/><net_sink comp="575" pin=0"/></net>

<net id="581"><net_src comp="34" pin="0"/><net_sink comp="575" pin=1"/></net>

<net id="582"><net_src comp="313" pin="1"/><net_sink comp="575" pin=2"/></net>

<net id="583"><net_src comp="575" pin="3"/><net_sink comp="322" pin=0"/></net>

<net id="588"><net_src comp="322" pin="1"/><net_sink comp="584" pin=0"/></net>

<net id="589"><net_src comp="40" pin="0"/><net_sink comp="584" pin=1"/></net>

<net id="593"><net_src comp="78" pin="1"/><net_sink comp="590" pin=0"/></net>

<net id="594"><net_src comp="590" pin="1"/><net_sink comp="215" pin=1"/></net>

<net id="595"><net_src comp="590" pin="1"/><net_sink comp="275" pin=0"/></net>

<net id="596"><net_src comp="590" pin="1"/><net_sink comp="361" pin=1"/></net>

<net id="600"><net_src comp="82" pin="1"/><net_sink comp="597" pin=0"/></net>

<net id="601"><net_src comp="597" pin="1"/><net_sink comp="210" pin=1"/></net>

<net id="602"><net_src comp="597" pin="1"/><net_sink comp="278" pin=0"/></net>

<net id="603"><net_src comp="597" pin="1"/><net_sink comp="317" pin=1"/></net>

<net id="607"><net_src comp="86" pin="1"/><net_sink comp="604" pin=0"/></net>

<net id="608"><net_src comp="604" pin="1"/><net_sink comp="205" pin=1"/></net>

<net id="609"><net_src comp="604" pin="1"/><net_sink comp="220" pin=0"/></net>

<net id="610"><net_src comp="604" pin="1"/><net_sink comp="337" pin=1"/></net>

<net id="614"><net_src comp="90" pin="1"/><net_sink comp="611" pin=0"/></net>

<net id="615"><net_src comp="611" pin="1"/><net_sink comp="200" pin=1"/></net>

<net id="616"><net_src comp="611" pin="1"/><net_sink comp="238" pin=0"/></net>

<net id="617"><net_src comp="611" pin="1"/><net_sink comp="270" pin=1"/></net>

<net id="621"><net_src comp="94" pin="1"/><net_sink comp="618" pin=0"/></net>

<net id="622"><net_src comp="618" pin="1"/><net_sink comp="195" pin=1"/></net>

<net id="623"><net_src comp="618" pin="1"/><net_sink comp="223" pin=0"/></net>

<net id="624"><net_src comp="618" pin="1"/><net_sink comp="265" pin=1"/></net>

<net id="628"><net_src comp="220" pin="1"/><net_sink comp="625" pin=0"/></net>

<net id="629"><net_src comp="625" pin="1"/><net_sink comp="325" pin=0"/></net>

<net id="633"><net_src comp="226" pin="2"/><net_sink comp="630" pin=0"/></net>

<net id="637"><net_src comp="247" pin="2"/><net_sink comp="634" pin=0"/></net>

<net id="638"><net_src comp="634" pin="1"/><net_sink comp="281" pin=0"/></net>

<net id="639"><net_src comp="634" pin="1"/><net_sink comp="294" pin=0"/></net>

<net id="640"><net_src comp="634" pin="1"/><net_sink comp="330" pin=0"/></net>

<net id="641"><net_src comp="634" pin="1"/><net_sink comp="342" pin=0"/></net>

<net id="645"><net_src comp="261" pin="1"/><net_sink comp="642" pin=0"/></net>

<net id="646"><net_src comp="642" pin="1"/><net_sink comp="575" pin=0"/></net>

<net id="650"><net_src comp="275" pin="1"/><net_sink comp="647" pin=0"/></net>

<net id="651"><net_src comp="647" pin="1"/><net_sink comp="342" pin=2"/></net>

<net id="655"><net_src comp="294" pin="2"/><net_sink comp="652" pin=0"/></net>

<net id="656"><net_src comp="652" pin="1"/><net_sink comp="348" pin=0"/></net>

<net id="660"><net_src comp="313" pin="1"/><net_sink comp="657" pin=0"/></net>

<net id="661"><net_src comp="657" pin="1"/><net_sink comp="575" pin=1"/></net>

<net id="665"><net_src comp="322" pin="1"/><net_sink comp="662" pin=0"/></net>

<net id="666"><net_src comp="662" pin="1"/><net_sink comp="584" pin=0"/></net>

<net id="670"><net_src comp="348" pin="3"/><net_sink comp="667" pin=0"/></net>

<net id="671"><net_src comp="667" pin="1"/><net_sink comp="366" pin=0"/></net>

<net id="672"><net_src comp="667" pin="1"/><net_sink comp="379" pin=0"/></net>

<net id="673"><net_src comp="667" pin="1"/><net_sink comp="398" pin=0"/></net>

<net id="674"><net_src comp="667" pin="1"/><net_sink comp="403" pin=0"/></net>

<net id="675"><net_src comp="667" pin="1"/><net_sink comp="408" pin=0"/></net>

<net id="679"><net_src comp="584" pin="2"/><net_sink comp="676" pin=0"/></net>

<net id="680"><net_src comp="676" pin="1"/><net_sink comp="369" pin=0"/></net>

<net id="681"><net_src comp="676" pin="1"/><net_sink comp="388" pin=0"/></net>

<net id="682"><net_src comp="676" pin="1"/><net_sink comp="436" pin=0"/></net>

<net id="683"><net_src comp="676" pin="1"/><net_sink comp="449" pin=0"/></net>

<net id="684"><net_src comp="676" pin="1"/><net_sink comp="462" pin=0"/></net>

<net id="688"><net_src comp="98" pin="3"/><net_sink comp="685" pin=0"/></net>

<net id="689"><net_src comp="685" pin="1"/><net_sink comp="105" pin=2"/></net>

<net id="693"><net_src comp="115" pin="3"/><net_sink comp="690" pin=0"/></net>

<net id="694"><net_src comp="690" pin="1"/><net_sink comp="105" pin=0"/></net>

<net id="698"><net_src comp="398" pin="2"/><net_sink comp="695" pin=0"/></net>

<net id="699"><net_src comp="695" pin="1"/><net_sink comp="433" pin=0"/></net>

<net id="703"><net_src comp="403" pin="2"/><net_sink comp="700" pin=0"/></net>

<net id="704"><net_src comp="700" pin="1"/><net_sink comp="446" pin=0"/></net>

<net id="708"><net_src comp="408" pin="2"/><net_sink comp="705" pin=0"/></net>

<net id="709"><net_src comp="705" pin="1"/><net_sink comp="459" pin=0"/></net>

<net id="713"><net_src comp="164" pin="2"/><net_sink comp="710" pin=0"/></net>

<net id="714"><net_src comp="710" pin="1"/><net_sink comp="496" pin=1"/></net>

<net id="718"><net_src comp="417" pin="2"/><net_sink comp="715" pin=0"/></net>

<net id="719"><net_src comp="715" pin="1"/><net_sink comp="496" pin=0"/></net>

<net id="723"><net_src comp="180" pin="2"/><net_sink comp="720" pin=0"/></net>

<net id="724"><net_src comp="720" pin="1"/><net_sink comp="521" pin=1"/></net>

<net id="728"><net_src comp="427" pin="2"/><net_sink comp="725" pin=0"/></net>

<net id="729"><net_src comp="725" pin="1"/><net_sink comp="521" pin=0"/></net>

<net id="733"><net_src comp="123" pin="3"/><net_sink comp="730" pin=0"/></net>

<net id="734"><net_src comp="730" pin="1"/><net_sink comp="105" pin=2"/></net>

<net id="738"><net_src comp="131" pin="3"/><net_sink comp="735" pin=0"/></net>

<net id="739"><net_src comp="735" pin="1"/><net_sink comp="105" pin=0"/></net>

<net id="743"><net_src comp="462" pin="2"/><net_sink comp="740" pin=0"/></net>

<net id="744"><net_src comp="740" pin="1"/><net_sink comp="492" pin=0"/></net>

<net id="748"><net_src comp="467" pin="1"/><net_sink comp="745" pin=0"/></net>

<net id="749"><net_src comp="745" pin="1"/><net_sink comp="149" pin=0"/></net>

<net id="753"><net_src comp="164" pin="2"/><net_sink comp="750" pin=0"/></net>

<net id="754"><net_src comp="750" pin="1"/><net_sink comp="546" pin=1"/></net>

<net id="758"><net_src comp="476" pin="2"/><net_sink comp="755" pin=0"/></net>

<net id="759"><net_src comp="755" pin="1"/><net_sink comp="546" pin=0"/></net>

<net id="763"><net_src comp="105" pin="3"/><net_sink comp="760" pin=0"/></net>

<net id="764"><net_src comp="760" pin="1"/><net_sink comp="556" pin=0"/></net>

<net id="768"><net_src comp="180" pin="2"/><net_sink comp="765" pin=0"/></net>

<net id="769"><net_src comp="765" pin="1"/><net_sink comp="560" pin=1"/></net>

<net id="773"><net_src comp="486" pin="2"/><net_sink comp="770" pin=0"/></net>

<net id="774"><net_src comp="770" pin="1"/><net_sink comp="560" pin=0"/></net>

<net id="778"><net_src comp="139" pin="3"/><net_sink comp="775" pin=0"/></net>

<net id="779"><net_src comp="775" pin="1"/><net_sink comp="105" pin=2"/></net>

<net id="780"><net_src comp="775" pin="1"/><net_sink comp="105" pin=0"/></net>

<net id="784"><net_src comp="500" pin="2"/><net_sink comp="781" pin=0"/></net>

<net id="788"><net_src comp="506" pin="1"/><net_sink comp="785" pin=0"/></net>

<net id="789"><net_src comp="785" pin="1"/><net_sink comp="149" pin=0"/></net>

<net id="793"><net_src comp="164" pin="2"/><net_sink comp="790" pin=0"/></net>

<net id="794"><net_src comp="790" pin="1"/><net_sink comp="536" pin=1"/></net>

<net id="798"><net_src comp="515" pin="2"/><net_sink comp="795" pin=0"/></net>

<net id="799"><net_src comp="795" pin="1"/><net_sink comp="536" pin=0"/></net>

<net id="803"><net_src comp="525" pin="2"/><net_sink comp="800" pin=0"/></net>

<net id="807"><net_src comp="531" pin="1"/><net_sink comp="804" pin=0"/></net>

<net id="808"><net_src comp="804" pin="1"/><net_sink comp="149" pin=0"/></net>

<net id="812"><net_src comp="540" pin="2"/><net_sink comp="809" pin=0"/></net>

<net id="816"><net_src comp="550" pin="2"/><net_sink comp="813" pin=0"/></net>

<net id="820"><net_src comp="556" pin="1"/><net_sink comp="817" pin=0"/></net>

<net id="821"><net_src comp="817" pin="1"/><net_sink comp="149" pin=0"/></net>

<net id="825"><net_src comp="564" pin="2"/><net_sink comp="822" pin=0"/></net>

<net id="829"><net_src comp="570" pin="1"/><net_sink comp="826" pin=0"/></net>

<net id="830"><net_src comp="826" pin="1"/><net_sink comp="149" pin=0"/></net>

</net_list>

</model> 
---------------- Datapath Model END ------------------

* FSMD analyzer results:
  - Output states:
	Port: output_fm | {13 14 16 18 }
 - Input state : 
	Port: conv_Pipeline_VITIS_LOOP_51_10_VITIS_LOOP_52_11_VITIS_LOOP_53_12 : output_fm | {9 10 11 12 }
  - Chain level:
	State 1
		store_ln0 : 1
		store_ln0 : 1
		store_ln0 : 1
		store_ln0 : 1
		store_ln0 : 1
	State 2
		icmp_ln51 : 1
		add_ln51_1 : 1
		br_ln51 : 2
		add_ln51 : 1
		icmp_ln52 : 1
		select_ln51_2 : 2
		zext_ln55 : 3
		mul_ln55 : 4
		store_ln53 : 2
		store_ln53 : 3
	State 3
	State 4
		select_ln51 : 1
		icmp_ln53 : 1
		or_ln51 : 2
		add_ln52 : 2
		select_ln52_1 : 3
		zext_ln55_1 : 4
		add_ln55 : 5
		store_ln53 : 4
	State 5
		add_ln55_cast : 1
		mul_ln55_1 : 2
	State 6
		select_ln52_2 : 1
		store_ln53 : 2
	State 7
	State 8
		select_ln52 : 1
		add_ln53_4 : 2
		store_ln53 : 3
	State 9
		add_ln55_1 : 1
		zext_ln55_3 : 2
		output_fm_addr : 3
		output_fm_load : 4
		zext_ln55_4 : 1
		add_ln55_2 : 2
		zext_ln55_5 : 3
		output_fm_addr_1 : 4
		output_fm_load_1 : 5
	State 10
		tmp_s : 1
		trunc_ln55 : 1
		icmp_ln55 : 2
		icmp_ln55_1 : 2
		tmp_2 : 1
		trunc_ln55_1 : 1
		icmp_ln55_2 : 2
		icmp_ln55_3 : 2
		add_ln55_3 : 1
		zext_ln55_7 : 2
		output_fm_addr_2 : 3
		output_fm_load_2 : 4
		add_ln55_4 : 1
		zext_ln55_9 : 2
		output_fm_addr_3 : 3
		output_fm_load_3 : 4
		add_ln55_5 : 1
	State 11
		tmp_1 : 1
		tmp_4 : 1
		trunc_ln55_2 : 1
		icmp_ln55_4 : 2
		icmp_ln55_5 : 2
		tmp_6 : 1
		trunc_ln55_3 : 1
		icmp_ln55_6 : 2
		icmp_ln55_7 : 2
		output_fm_addr_4 : 1
		output_fm_load_4 : 2
	State 12
		and_ln55 : 1
		br_ln55 : 1
		tmp_3 : 1
		tmp_8 : 1
		trunc_ln55_4 : 1
		icmp_ln55_8 : 2
		icmp_ln55_9 : 2
	State 13
		and_ln55_1 : 1
		br_ln55 : 1
		tmp_5 : 1
	State 14
		and_ln55_4 : 1
		br_ln55 : 1
	State 15
		and_ln55_2 : 1
		br_ln55 : 1
		tmp_7 : 1
	State 16
	State 17
		and_ln55_3 : 1
		br_ln55 : 1
		tmp_9 : 1
	State 18


============================================================
+ Verbose Summary: Datapath Resource usage 
============================================================

* Functional unit list:
|----------|----------------------|---------|---------|---------|
| Operation|    Functional Unit   |   DSP   |    FF   |   LUT   |
|----------|----------------------|---------|---------|---------|
|          |   add_ln51_1_fu_232  |    0    |    0    |    23   |
|          |    add_ln51_fu_241   |    0    |    0    |    14   |
|          |    add_ln52_fu_299   |    0    |    0    |    14   |
|          |   add_ln52_1_fu_325  |    0    |    0    |    13   |
|          |   add_ln53_4_fu_355  |    0    |    0    |    14   |
|          |   add_ln55_1_fu_369  |    0    |    0    |    25   |
|    add   |    add_ln53_fu_379   |    0    |    0    |    14   |
|          |   add_ln55_2_fu_388  |    0    |    0    |    25   |
|          |   add_ln53_1_fu_398  |    0    |    0    |    14   |
|          |   add_ln53_2_fu_403  |    0    |    0    |    14   |
|          |   add_ln53_3_fu_408  |    0    |    0    |    14   |
|          |   add_ln55_3_fu_436  |    0    |    0    |    25   |
|          |   add_ln55_4_fu_449  |    0    |    0    |    25   |
|          |   add_ln55_5_fu_462  |    0    |    0    |    25   |
|----------|----------------------|---------|---------|---------|
|          |      grp_fu_164      |    0    |    0    |    11   |
|          |      grp_fu_180      |    0    |    0    |    11   |
|          |   icmp_ln51_fu_226   |    0    |    0    |    13   |
|          |   icmp_ln52_fu_247   |    0    |    0    |    11   |
|   icmp   |   icmp_ln53_fu_288   |    0    |    0    |    10   |
|          |  icmp_ln55_1_fu_417  |    0    |    0    |    15   |
|          |  icmp_ln55_3_fu_427  |    0    |    0    |    15   |
|          |  icmp_ln55_5_fu_476  |    0    |    0    |    15   |
|          |  icmp_ln55_7_fu_486  |    0    |    0    |    15   |
|          |  icmp_ln55_9_fu_515  |    0    |    0    |    15   |
|----------|----------------------|---------|---------|---------|
|          | select_ln51_2_fu_253 |    0    |    0    |    7    |
|          |  select_ln51_fu_281  |    0    |    0    |    6    |
|  select  | select_ln52_1_fu_305 |    0    |    0    |    6    |
|          | select_ln52_2_fu_330 |    0    |    0    |    10   |
|          | select_ln51_1_fu_342 |    0    |    0    |    6    |
|          |  select_ln52_fu_348  |    0    |    0    |    6    |
|----------|----------------------|---------|---------|---------|
|          |    or_ln51_fu_294    |    0    |    0    |    2    |
|          |    or_ln55_fu_496    |    0    |    0    |    2    |
|    or    |   or_ln55_1_fu_521   |    0    |    0    |    2    |
|          |   or_ln55_4_fu_536   |    0    |    0    |    2    |
|          |   or_ln55_2_fu_546   |    0    |    0    |    2    |
|          |   or_ln55_3_fu_560   |    0    |    0    |    2    |
|----------|----------------------|---------|---------|---------|
|          |    and_ln55_fu_500   |    0    |    0    |    2    |
|          |   and_ln55_1_fu_525  |    0    |    0    |    2    |
|    and   |   and_ln55_4_fu_540  |    0    |    0    |    2    |
|          |   and_ln55_2_fu_550  |    0    |    0    |    2    |
|          |   and_ln55_3_fu_564  |    0    |    0    |    2    |
|----------|----------------------|---------|---------|---------|
|  muladd  |      grp_fu_575      |    1    |    0    |    0    |
|----------|----------------------|---------|---------|---------|
|    mul   |      grp_fu_584      |    1    |    0    |    0    |
|----------|----------------------|---------|---------|---------|
|   fcmp   |      grp_fu_149      |    0    |    0    |    0    |
|----------|----------------------|---------|---------|---------|
|partselect|      grp_fu_154      |    0    |    0    |    0    |
|          |      grp_fu_170      |    0    |    0    |    0    |
|----------|----------------------|---------|---------|---------|
|          |   zext_ln55_fu_261   |    0    |    0    |    0    |
|          |  zext_ln55_1_fu_313  |    0    |    0    |    0    |
|          | add_ln55_cast_fu_322 |    0    |    0    |    0    |
|          |  zext_ln55_2_fu_366  |    0    |    0    |    0    |
|          |  zext_ln55_3_fu_374  |    0    |    0    |    0    |
|          |  zext_ln55_4_fu_384  |    0    |    0    |    0    |
|   zext   |  zext_ln55_5_fu_393  |    0    |    0    |    0    |
|          |  zext_ln55_6_fu_433  |    0    |    0    |    0    |
|          |  zext_ln55_7_fu_441  |    0    |    0    |    0    |
|          |  zext_ln55_8_fu_446  |    0    |    0    |    0    |
|          |  zext_ln55_9_fu_454  |    0    |    0    |    0    |
|          |  zext_ln55_10_fu_459 |    0    |    0    |    0    |
|          |  zext_ln55_11_fu_492 |    0    |    0    |    0    |
|----------|----------------------|---------|---------|---------|
|          |   trunc_ln55_fu_413  |    0    |    0    |    0    |
|          |  trunc_ln55_1_fu_423 |    0    |    0    |    0    |
|   trunc  |  trunc_ln55_2_fu_472 |    0    |    0    |    0    |
|          |  trunc_ln55_3_fu_482 |    0    |    0    |    0    |
|          |  trunc_ln55_4_fu_511 |    0    |    0    |    0    |
|----------|----------------------|---------|---------|---------|
|   Total  |                      |    2    |    0    |   453   |
|----------|----------------------|---------|---------|---------|

Memories:
N/A

* Register list:
+------------------------------+--------+
|                              |   FF   |
+------------------------------+--------+
|      add_ln53_1_reg_695      |    6   |
|      add_ln53_2_reg_700      |    6   |
|      add_ln53_3_reg_705      |    6   |
|      add_ln55_5_reg_740      |   18   |
|     add_ln55_cast_reg_662    |   18   |
|      and_ln55_1_reg_800      |    1   |
|      and_ln55_2_reg_813      |    1   |
|      and_ln55_3_reg_822      |    1   |
|      and_ln55_4_reg_809      |    1   |
|       and_ln55_reg_781       |    1   |
|    bitcast_ln55_1_reg_785    |   32   |
|    bitcast_ln55_2_reg_804    |   32   |
|    bitcast_ln55_3_reg_817    |   32   |
|    bitcast_ln55_4_reg_826    |   32   |
|     bitcast_ln55_reg_745     |   32   |
|       icmp_ln51_reg_630      |    1   |
|       icmp_ln52_reg_634      |    1   |
|      icmp_ln55_1_reg_715     |    1   |
|      icmp_ln55_2_reg_720     |    1   |
|      icmp_ln55_3_reg_725     |    1   |
|      icmp_ln55_4_reg_750     |    1   |
|      icmp_ln55_5_reg_755     |    1   |
|      icmp_ln55_6_reg_765     |    1   |
|      icmp_ln55_7_reg_770     |    1   |
|      icmp_ln55_8_reg_790     |    1   |
|      icmp_ln55_9_reg_795     |    1   |
|       icmp_ln55_reg_710      |    1   |
|indvar_flatten190_load_reg_625|   10   |
|   indvar_flatten190_reg_604  |   10   |
|   indvar_flatten204_reg_618  |   16   |
|      mul_ln55_1_reg_676      |   18   |
|        or_ln51_reg_652       |    1   |
|   output_fm_addr_1_reg_690   |   18   |
|   output_fm_addr_2_reg_730   |   18   |
|   output_fm_addr_3_reg_735   |   18   |
|   output_fm_addr_4_reg_775   |   18   |
|    output_fm_addr_reg_685    |   18   |
|   output_fm_load_3_reg_760   |   32   |
|            reg_186           |   32   |
|            reg_190           |   32   |
|      select_ln52_reg_667     |    6   |
|           x_reg_611          |    7   |
|           y_reg_597          |    6   |
|        z_load_reg_647        |    6   |
|           z_reg_590          |    6   |
|      zext_ln55_1_reg_657     |   13   |
|       zext_ln55_reg_642      |   13   |
+------------------------------+--------+
|             Total            |   529  |
+------------------------------+--------+

* Multiplexer (MUX) list: 
|-------------------|------|------|------|--------||---------||---------|
|        Comp       |  Pin | Size |  BW  | S x BW ||  Delay  ||   LUT   |
|-------------------|------|------|------|--------||---------||---------|
| grp_access_fu_105 |  p0  |   5  |  18  |   90   ||    25   |
| grp_access_fu_105 |  p2  |   6  |   0  |    0   ||    31   |
|     grp_fu_149    |  p0  |  10  |  32  |   320  ||    53   |
|      reg_190      |  p0  |   2  |  32  |   64   ||    9    |
|     grp_fu_575    |  p0  |   2  |   7  |   14   ||    9    |
|     grp_fu_575    |  p1  |   2  |   6  |   12   ||    9    |
|     grp_fu_584    |  p0  |   2  |  13  |   26   ||    9    |
|-------------------|------|------|------|--------||---------||---------|
|       Total       |      |      |      |   526  || 12.9055 ||   145   |
|-------------------|------|------|------|--------||---------||---------|



* Summary:
+-----------+--------+--------+--------+--------+
|           |   DSP  |  Delay |   FF   |   LUT  |
+-----------+--------+--------+--------+--------+
|  Function |    2   |    -   |    0   |   453  |
|   Memory  |    -   |    -   |    -   |    -   |
|Multiplexer|    -   |   12   |    -   |   145  |
|  Register |    -   |    -   |   529  |    -   |
+-----------+--------+--------+--------+--------+
|   Total   |    2   |   12   |   529  |   598  |
+-----------+--------+--------+--------+--------+
