

================================================================
== Vitis HLS Report for 'conv_Pipeline_VITIS_LOOP_65_11_VITIS_LOOP_67_12'
================================================================
* Date:           Wed Oct  7 20:05:50 2026

* Version:        2022.2 (Build 3670227 on Oct 13 2022)
* Project:        vitis.prj
* Solution:       solution1 (Vivado IP Flow Target)
* Product family: zynq
* Target device:  xc7z020-clg400-1


================================================================
== Performance Estimates
================================================================
+ Timing: 
    * Summary: 
    +--------+----------+----------+------------+
    |  Clock |  Target  | Estimated| Uncertainty|
    +--------+----------+----------+------------+
    |ap_clk  |  10.00 ns|  8.844 ns|     2.70 ns|
    +--------+----------+----------+------------+

+ Latency: 
    * Summary: 
    +---------+---------+----------+----------+-----+-----+---------+
    |  Latency (cycles) |  Latency (absolute) |  Interval | Pipeline|
    |   min   |   max   |    min   |    max   | min | max |   Type  |
    +---------+---------+----------+----------+-----+-----+---------+
    |      492|      492|  4.920 us|  4.920 us|  492|  492|       no|
    +---------+---------+----------+----------+-----+-----+---------+

    + Detail: 
        * Instance: 
        N/A

        * Loop: 
        +-------------------------------------+---------+---------+----------+-----------+-----------+------+----------+
        |                                     |  Latency (cycles) | Iteration|  Initiation Interval  | Trip |          |
        |              Loop Name              |   min   |   max   |  Latency |  achieved |   target  | Count| Pipelined|
        +-------------------------------------+---------+---------+----------+-----------+-----------+------+----------+
        |- VITIS_LOOP_65_11_VITIS_LOOP_67_12  |      490|      490|        11|          4|          1|   121|       yes|
        +-------------------------------------+---------+---------+----------+-----------+-----------+------+----------+

============================================================
+ Verbose Summary: Synthesis Manager
============================================================
InlineROM: 1
ExposeGlobal: 0
============================================================
+ Verbose Summary: CDFG Model
============================================================
IsTopModel: 0
ResetActiveHigh: 1
IsCombinational: 0
IsDatapathOnly: 0
HasWiredReturn: 1
HasMFsm: 2
HasVarLatency: 1
IsPipeline: 0
IsRtlPipelined: 0
IsInstanceOverlapped: 0
IsDontTouch: 0
HasImplIP: 0
IsGatedGlobalClock: 0

+ Individual pipeline summary: 
  * Pipeline-0: initiation interval (II) = 4, depth = 11


============================================================
+ Verbose Summary: Schedule
============================================================
* Number of FSM states : 11
* Pipeline : 1
  Pipeline-0 : II = 4, D = 11, States = { 1 2 3 4 5 6 7 8 9 10 11 }
* Dataflow Pipeline: 0

* FSM state transitions: 
1 --> 2 
2 --> 3 
3 --> 4 
4 --> 5 
5 --> 6 
6 --> 7 
7 --> 8 
8 --> 9 
9 --> 10 
10 --> 11 
11 --> 

* FSM state operations: 

State 1 <SV = 0> <Delay = 7.92>
ST_1 : Operation 14 [1/1] (0.00ns)   --->   "%sum_2 = alloca i32 1"   --->   Operation 14 'alloca' 'sum_2' <Predicate = true> <Delay = 0.00>
ST_1 : Operation 15 [1/1] (0.00ns)   --->   "%kc = alloca i32 1"   --->   Operation 15 'alloca' 'kc' <Predicate = true> <Delay = 0.00>
ST_1 : Operation 16 [1/1] (0.00ns)   --->   "%kr = alloca i32 1"   --->   Operation 16 'alloca' 'kr' <Predicate = true> <Delay = 0.00>
ST_1 : Operation 17 [1/1] (0.00ns)   --->   "%indvar_flatten551 = alloca i32 1"   --->   Operation 17 'alloca' 'indvar_flatten551' <Predicate = true> <Delay = 0.00>
ST_1 : Operation 18 [1/1] (0.00ns)   --->   "%shl_ln1_read = read i8 @_ssdm_op_Read.ap_auto.i8, i8 %shl_ln1"   --->   Operation 18 'read' 'shl_ln1_read' <Predicate = true> <Delay = 0.00>
ST_1 : Operation 19 [1/1] (0.00ns)   --->   "%tmp_5_read = read i8 @_ssdm_op_Read.ap_auto.i8, i8 %tmp_5"   --->   Operation 19 'read' 'tmp_5_read' <Predicate = true> <Delay = 0.00>
ST_1 : Operation 20 [1/1] (0.00ns)   --->   "%sum_read = read i32 @_ssdm_op_Read.ap_auto.float, i32 %sum"   --->   Operation 20 'read' 'sum_read' <Predicate = true> <Delay = 0.00>
ST_1 : Operation 21 [1/1] (1.58ns)   --->   "%store_ln0 = store i7 0, i7 %indvar_flatten551"   --->   Operation 21 'store' 'store_ln0' <Predicate = true> <Delay = 1.58>
ST_1 : Operation 22 [1/1] (1.58ns)   --->   "%store_ln0 = store i4 0, i4 %kr"   --->   Operation 22 'store' 'store_ln0' <Predicate = true> <Delay = 1.58>
ST_1 : Operation 23 [1/1] (1.58ns)   --->   "%store_ln0 = store i4 0, i4 %kc"   --->   Operation 23 'store' 'store_ln0' <Predicate = true> <Delay = 1.58>
ST_1 : Operation 24 [1/1] (1.58ns)   --->   "%store_ln0 = store i32 %sum_read, i32 %sum_2"   --->   Operation 24 'store' 'store_ln0' <Predicate = true> <Delay = 1.58>
ST_1 : Operation 25 [1/1] (0.00ns)   --->   "%br_ln0 = br void %for.inc106"   --->   Operation 25 'br' 'br_ln0' <Predicate = true> <Delay = 0.00>
ST_1 : Operation 26 [1/1] (0.00ns)   --->   "%indvar_flatten551_load = load i7 %indvar_flatten551" [conv.cpp:65]   --->   Operation 26 'load' 'indvar_flatten551_load' <Predicate = true> <Delay = 0.00>
ST_1 : Operation 27 [1/1] (1.48ns)   --->   "%icmp_ln65 = icmp_eq  i7 %indvar_flatten551_load, i7 121" [conv.cpp:65]   --->   Operation 27 'icmp' 'icmp_ln65' <Predicate = true> <Delay = 1.48> <CoreInst = "Cmp">   --->   Core 9 'Cmp' <Latency = 0> <II = 1> <Delay = 1.48> <FuncUnit> <Opcode : 'icmp'> <InPorts = 2> <OutPorts = 1>
ST_1 : Operation 28 [1/1] (1.87ns)   --->   "%add_ln65 = add i7 %indvar_flatten551_load, i7 1" [conv.cpp:65]   --->   Operation 28 'add' 'add_ln65' <Predicate = true> <Delay = 1.87> <CoreInst = "Adder">   --->   Core 1 'Adder' <Latency = 0> <II = 1> <Delay = 1.87> <FuncUnit> <Opcode : 'add' 'sub'> <InPorts = 2> <OutPorts = 1>
ST_1 : Operation 29 [1/1] (0.00ns)   --->   "%br_ln65 = br i1 %icmp_ln65, void %for.inc109, void %for.inc116.exitStub" [conv.cpp:65]   --->   Operation 29 'br' 'br_ln65' <Predicate = true> <Delay = 0.00>
ST_1 : Operation 30 [1/1] (0.00ns)   --->   "%kc_load = load i4 %kc" [conv.cpp:67]   --->   Operation 30 'load' 'kc_load' <Predicate = (!icmp_ln65)> <Delay = 0.00>
ST_1 : Operation 31 [1/1] (0.00ns)   --->   "%kr_load = load i4 %kr" [conv.cpp:65]   --->   Operation 31 'load' 'kr_load' <Predicate = (!icmp_ln65)> <Delay = 0.00>
ST_1 : Operation 32 [1/1] (1.30ns)   --->   "%icmp_ln67 = icmp_eq  i4 %kc_load, i4 11" [conv.cpp:67]   --->   Operation 32 'icmp' 'icmp_ln67' <Predicate = (!icmp_ln65)> <Delay = 1.30> <CoreInst = "Cmp">   --->   Core 9 'Cmp' <Latency = 0> <II = 1> <Delay = 1.30> <FuncUnit> <Opcode : 'icmp'> <InPorts = 2> <OutPorts = 1>
ST_1 : Operation 33 [1/1] (1.02ns)   --->   "%select_ln65 = select i1 %icmp_ln67, i4 0, i4 %kc_load" [conv.cpp:65]   --->   Operation 33 'select' 'select_ln65' <Predicate = (!icmp_ln65)> <Delay = 1.02> <CoreInst = "Sel">   --->   Core 73 'Sel' <Latency = 0> <II = 1> <Delay = 1.02> <FuncUnit> <Opcode : 'select'> <InPorts = 3> <OutPorts = 1>
ST_1 : Operation 34 [1/1] (1.73ns)   --->   "%add_ln65_1 = add i4 %kr_load, i4 1" [conv.cpp:65]   --->   Operation 34 'add' 'add_ln65_1' <Predicate = (!icmp_ln65)> <Delay = 1.73> <CoreInst = "Adder">   --->   Core 1 'Adder' <Latency = 0> <II = 1> <Delay = 1.73> <FuncUnit> <Opcode : 'add' 'sub'> <InPorts = 2> <OutPorts = 1>
ST_1 : Operation 35 [1/1] (1.02ns)   --->   "%select_ln65_2 = select i1 %icmp_ln67, i4 %add_ln65_1, i4 %kr_load" [conv.cpp:65]   --->   Operation 35 'select' 'select_ln65_2' <Predicate = (!icmp_ln65)> <Delay = 1.02> <CoreInst = "Sel">   --->   Core 73 'Sel' <Latency = 0> <II = 1> <Delay = 1.02> <FuncUnit> <Opcode : 'select'> <InPorts = 3> <OutPorts = 1>
ST_1 : Operation 36 [1/1] (0.00ns)   --->   "%zext_ln65 = zext i4 %select_ln65_2" [conv.cpp:65]   --->   Operation 36 'zext' 'zext_ln65' <Predicate = (!icmp_ln65)> <Delay = 0.00>
ST_1 : Operation 37 [1/1] (1.91ns)   --->   "%add_ln65_2 = add i8 %zext_ln65, i8 %tmp_5_read" [conv.cpp:65]   --->   Operation 37 'add' 'add_ln65_2' <Predicate = (!icmp_ln65)> <Delay = 1.91> <CoreInst = "Adder">   --->   Core 1 'Adder' <Latency = 0> <II = 1> <Delay = 1.91> <FuncUnit> <Opcode : 'add' 'sub'> <InPorts = 2> <OutPorts = 1>
ST_1 : Operation 38 [1/1] (0.00ns)   --->   "%zext_ln65_1 = zext i8 %add_ln65_2" [conv.cpp:65]   --->   Operation 38 'zext' 'zext_ln65_1' <Predicate = (!icmp_ln65)> <Delay = 0.00>
ST_1 : Operation 39 [1/1] (0.00ns)   --->   "%local_input_addr = getelementptr i32 %local_input, i64 0, i64 %zext_ln65_1" [conv.cpp:65]   --->   Operation 39 'getelementptr' 'local_input_addr' <Predicate = (!icmp_ln65)> <Delay = 0.00>
ST_1 : Operation 40 [2/2] (3.25ns)   --->   "%local_input_load = load i8 %local_input_addr" [conv.cpp:65]   --->   Operation 40 'load' 'local_input_load' <Predicate = (!icmp_ln65)> <Delay = 3.25> <CoreInst = "RAM">   --->   Core 82 'RAM' <Latency = 1> <II = 1> <Delay = 3.25> <Storage> <Opcode : 'load' 'store'> <Ports = 2> <Width = 32> <Depth = 228> <RAM>
ST_1 : Operation 41 [1/1] (0.00ns)   --->   "%local_input_1_addr = getelementptr i32 %local_input_1, i64 0, i64 %zext_ln65_1" [conv.cpp:65]   --->   Operation 41 'getelementptr' 'local_input_1_addr' <Predicate = (!icmp_ln65)> <Delay = 0.00>
ST_1 : Operation 42 [2/2] (3.25ns)   --->   "%local_input_1_load = load i8 %local_input_1_addr" [conv.cpp:65]   --->   Operation 42 'load' 'local_input_1_load' <Predicate = (!icmp_ln65)> <Delay = 3.25> <CoreInst = "RAM">   --->   Core 82 'RAM' <Latency = 1> <II = 1> <Delay = 3.25> <Storage> <Opcode : 'load' 'store'> <Ports = 2> <Width = 32> <Depth = 228> <RAM>
ST_1 : Operation 43 [1/1] (0.00ns)   --->   "%local_input_2_addr = getelementptr i32 %local_input_2, i64 0, i64 %zext_ln65_1" [conv.cpp:65]   --->   Operation 43 'getelementptr' 'local_input_2_addr' <Predicate = (!icmp_ln65)> <Delay = 0.00>
ST_1 : Operation 44 [2/2] (3.25ns)   --->   "%local_input_2_load = load i8 %local_input_2_addr" [conv.cpp:65]   --->   Operation 44 'load' 'local_input_2_load' <Predicate = (!icmp_ln65)> <Delay = 3.25> <CoreInst = "RAM">   --->   Core 82 'RAM' <Latency = 1> <II = 1> <Delay = 3.25> <Storage> <Opcode : 'load' 'store'> <Ports = 2> <Width = 32> <Depth = 228> <RAM>
ST_1 : Operation 45 [1/1] (0.00ns)   --->   "%local_input_3_addr = getelementptr i32 %local_input_3, i64 0, i64 %zext_ln65_1" [conv.cpp:65]   --->   Operation 45 'getelementptr' 'local_input_3_addr' <Predicate = (!icmp_ln65)> <Delay = 0.00>
ST_1 : Operation 46 [2/2] (3.25ns)   --->   "%local_input_3_load = load i8 %local_input_3_addr" [conv.cpp:65]   --->   Operation 46 'load' 'local_input_3_load' <Predicate = (!icmp_ln65)> <Delay = 3.25> <CoreInst = "RAM">   --->   Core 82 'RAM' <Latency = 1> <II = 1> <Delay = 3.25> <Storage> <Opcode : 'load' 'store'> <Ports = 2> <Width = 32> <Depth = 228> <RAM>
ST_1 : Operation 47 [1/1] (0.00ns)   --->   "%local_input_4_addr = getelementptr i32 %local_input_4, i64 0, i64 %zext_ln65_1" [conv.cpp:65]   --->   Operation 47 'getelementptr' 'local_input_4_addr' <Predicate = (!icmp_ln65)> <Delay = 0.00>
ST_1 : Operation 48 [2/2] (3.25ns)   --->   "%local_input_4_load = load i8 %local_input_4_addr" [conv.cpp:65]   --->   Operation 48 'load' 'local_input_4_load' <Predicate = (!icmp_ln65)> <Delay = 3.25> <CoreInst = "RAM">   --->   Core 82 'RAM' <Latency = 1> <II = 1> <Delay = 3.25> <Storage> <Opcode : 'load' 'store'> <Ports = 2> <Width = 32> <Depth = 228> <RAM>
ST_1 : Operation 49 [1/1] (0.00ns)   --->   "%local_input_5_addr = getelementptr i32 %local_input_5, i64 0, i64 %zext_ln65_1" [conv.cpp:65]   --->   Operation 49 'getelementptr' 'local_input_5_addr' <Predicate = (!icmp_ln65)> <Delay = 0.00>
ST_1 : Operation 50 [2/2] (3.25ns)   --->   "%local_input_5_load = load i8 %local_input_5_addr" [conv.cpp:65]   --->   Operation 50 'load' 'local_input_5_load' <Predicate = (!icmp_ln65)> <Delay = 3.25> <CoreInst = "RAM">   --->   Core 82 'RAM' <Latency = 1> <II = 1> <Delay = 3.25> <Storage> <Opcode : 'load' 'store'> <Ports = 2> <Width = 32> <Depth = 228> <RAM>
ST_1 : Operation 51 [1/1] (0.00ns)   --->   "%local_input_6_addr = getelementptr i32 %local_input_6, i64 0, i64 %zext_ln65_1" [conv.cpp:65]   --->   Operation 51 'getelementptr' 'local_input_6_addr' <Predicate = (!icmp_ln65)> <Delay = 0.00>
ST_1 : Operation 52 [2/2] (3.25ns)   --->   "%local_input_6_load = load i8 %local_input_6_addr" [conv.cpp:65]   --->   Operation 52 'load' 'local_input_6_load' <Predicate = (!icmp_ln65)> <Delay = 3.25> <CoreInst = "RAM">   --->   Core 82 'RAM' <Latency = 1> <II = 1> <Delay = 3.25> <Storage> <Opcode : 'load' 'store'> <Ports = 2> <Width = 32> <Depth = 228> <RAM>
ST_1 : Operation 53 [1/1] (0.00ns)   --->   "%local_input_7_addr = getelementptr i32 %local_input_7, i64 0, i64 %zext_ln65_1" [conv.cpp:65]   --->   Operation 53 'getelementptr' 'local_input_7_addr' <Predicate = (!icmp_ln65)> <Delay = 0.00>
ST_1 : Operation 54 [2/2] (3.25ns)   --->   "%local_input_7_load = load i8 %local_input_7_addr" [conv.cpp:65]   --->   Operation 54 'load' 'local_input_7_load' <Predicate = (!icmp_ln65)> <Delay = 3.25> <CoreInst = "RAM">   --->   Core 82 'RAM' <Latency = 1> <II = 1> <Delay = 3.25> <Storage> <Opcode : 'load' 'store'> <Ports = 2> <Width = 32> <Depth = 228> <RAM>
ST_1 : Operation 55 [1/1] (0.00ns)   --->   "%local_input_8_addr = getelementptr i32 %local_input_8, i64 0, i64 %zext_ln65_1" [conv.cpp:65]   --->   Operation 55 'getelementptr' 'local_input_8_addr' <Predicate = (!icmp_ln65)> <Delay = 0.00>
ST_1 : Operation 56 [2/2] (3.25ns)   --->   "%local_input_8_load = load i8 %local_input_8_addr" [conv.cpp:65]   --->   Operation 56 'load' 'local_input_8_load' <Predicate = (!icmp_ln65)> <Delay = 3.25> <CoreInst = "RAM">   --->   Core 82 'RAM' <Latency = 1> <II = 1> <Delay = 3.25> <Storage> <Opcode : 'load' 'store'> <Ports = 2> <Width = 32> <Depth = 228> <RAM>
ST_1 : Operation 57 [1/1] (0.00ns)   --->   "%local_input_9_addr = getelementptr i32 %local_input_9, i64 0, i64 %zext_ln65_1" [conv.cpp:65]   --->   Operation 57 'getelementptr' 'local_input_9_addr' <Predicate = (!icmp_ln65)> <Delay = 0.00>
ST_1 : Operation 58 [2/2] (3.25ns)   --->   "%local_input_9_load = load i8 %local_input_9_addr" [conv.cpp:65]   --->   Operation 58 'load' 'local_input_9_load' <Predicate = (!icmp_ln65)> <Delay = 3.25> <CoreInst = "RAM">   --->   Core 82 'RAM' <Latency = 1> <II = 1> <Delay = 3.25> <Storage> <Opcode : 'load' 'store'> <Ports = 2> <Width = 32> <Depth = 228> <RAM>
ST_1 : Operation 59 [1/1] (0.00ns)   --->   "%local_input_10_addr = getelementptr i32 %local_input_10, i64 0, i64 %zext_ln65_1" [conv.cpp:65]   --->   Operation 59 'getelementptr' 'local_input_10_addr' <Predicate = (!icmp_ln65)> <Delay = 0.00>
ST_1 : Operation 60 [2/2] (3.25ns)   --->   "%local_input_10_load = load i8 %local_input_10_addr" [conv.cpp:65]   --->   Operation 60 'load' 'local_input_10_load' <Predicate = (!icmp_ln65)> <Delay = 3.25> <CoreInst = "RAM">   --->   Core 82 'RAM' <Latency = 1> <II = 1> <Delay = 3.25> <Storage> <Opcode : 'load' 'store'> <Ports = 2> <Width = 32> <Depth = 228> <RAM>
ST_1 : Operation 61 [1/1] (0.00ns)   --->   "%local_input_11_addr = getelementptr i32 %local_input_11, i64 0, i64 %zext_ln65_1" [conv.cpp:65]   --->   Operation 61 'getelementptr' 'local_input_11_addr' <Predicate = (!icmp_ln65)> <Delay = 0.00>
ST_1 : Operation 62 [2/2] (3.25ns)   --->   "%local_input_11_load = load i8 %local_input_11_addr" [conv.cpp:65]   --->   Operation 62 'load' 'local_input_11_load' <Predicate = (!icmp_ln65)> <Delay = 3.25> <CoreInst = "RAM">   --->   Core 82 'RAM' <Latency = 1> <II = 1> <Delay = 3.25> <Storage> <Opcode : 'load' 'store'> <Ports = 2> <Width = 32> <Depth = 228> <RAM>
ST_1 : Operation 63 [1/1] (0.00ns)   --->   "%local_input_12_addr = getelementptr i32 %local_input_12, i64 0, i64 %zext_ln65_1" [conv.cpp:65]   --->   Operation 63 'getelementptr' 'local_input_12_addr' <Predicate = (!icmp_ln65)> <Delay = 0.00>
ST_1 : Operation 64 [2/2] (3.25ns)   --->   "%local_input_12_load = load i8 %local_input_12_addr" [conv.cpp:65]   --->   Operation 64 'load' 'local_input_12_load' <Predicate = (!icmp_ln65)> <Delay = 3.25> <CoreInst = "RAM">   --->   Core 82 'RAM' <Latency = 1> <II = 1> <Delay = 3.25> <Storage> <Opcode : 'load' 'store'> <Ports = 2> <Width = 32> <Depth = 228> <RAM>
ST_1 : Operation 65 [1/1] (0.00ns)   --->   "%local_input_13_addr = getelementptr i32 %local_input_13, i64 0, i64 %zext_ln65_1" [conv.cpp:65]   --->   Operation 65 'getelementptr' 'local_input_13_addr' <Predicate = (!icmp_ln65)> <Delay = 0.00>
ST_1 : Operation 66 [2/2] (3.25ns)   --->   "%local_input_13_load = load i8 %local_input_13_addr" [conv.cpp:65]   --->   Operation 66 'load' 'local_input_13_load' <Predicate = (!icmp_ln65)> <Delay = 3.25> <CoreInst = "RAM">   --->   Core 82 'RAM' <Latency = 1> <II = 1> <Delay = 3.25> <Storage> <Opcode : 'load' 'store'> <Ports = 2> <Width = 32> <Depth = 228> <RAM>
ST_1 : Operation 67 [1/1] (0.00ns)   --->   "%local_input_14_addr = getelementptr i32 %local_input_14, i64 0, i64 %zext_ln65_1" [conv.cpp:65]   --->   Operation 67 'getelementptr' 'local_input_14_addr' <Predicate = (!icmp_ln65)> <Delay = 0.00>
ST_1 : Operation 68 [2/2] (3.25ns)   --->   "%local_input_14_load = load i8 %local_input_14_addr" [conv.cpp:65]   --->   Operation 68 'load' 'local_input_14_load' <Predicate = (!icmp_ln65)> <Delay = 3.25> <CoreInst = "RAM">   --->   Core 82 'RAM' <Latency = 1> <II = 1> <Delay = 3.25> <Storage> <Opcode : 'load' 'store'> <Ports = 2> <Width = 32> <Depth = 228> <RAM>
ST_1 : Operation 69 [1/1] (0.00ns)   --->   "%local_input_15_addr = getelementptr i32 %local_input_15, i64 0, i64 %zext_ln65_1" [conv.cpp:65]   --->   Operation 69 'getelementptr' 'local_input_15_addr' <Predicate = (!icmp_ln65)> <Delay = 0.00>
ST_1 : Operation 70 [2/2] (3.25ns)   --->   "%local_input_15_load = load i8 %local_input_15_addr" [conv.cpp:65]   --->   Operation 70 'load' 'local_input_15_load' <Predicate = (!icmp_ln65)> <Delay = 3.25> <CoreInst = "RAM">   --->   Core 82 'RAM' <Latency = 1> <II = 1> <Delay = 3.25> <Storage> <Opcode : 'load' 'store'> <Ports = 2> <Width = 32> <Depth = 228> <RAM>
ST_1 : Operation 71 [1/1] (0.00ns)   --->   "%local_input_16_addr = getelementptr i32 %local_input_16, i64 0, i64 %zext_ln65_1" [conv.cpp:65]   --->   Operation 71 'getelementptr' 'local_input_16_addr' <Predicate = (!icmp_ln65)> <Delay = 0.00>
ST_1 : Operation 72 [2/2] (3.25ns)   --->   "%local_input_16_load = load i8 %local_input_16_addr" [conv.cpp:65]   --->   Operation 72 'load' 'local_input_16_load' <Predicate = (!icmp_ln65)> <Delay = 3.25> <CoreInst = "RAM">   --->   Core 82 'RAM' <Latency = 1> <II = 1> <Delay = 3.25> <Storage> <Opcode : 'load' 'store'> <Ports = 2> <Width = 32> <Depth = 228> <RAM>
ST_1 : Operation 73 [1/1] (0.00ns)   --->   "%local_input_17_addr = getelementptr i32 %local_input_17, i64 0, i64 %zext_ln65_1" [conv.cpp:65]   --->   Operation 73 'getelementptr' 'local_input_17_addr' <Predicate = (!icmp_ln65)> <Delay = 0.00>
ST_1 : Operation 74 [2/2] (3.25ns)   --->   "%local_input_17_load = load i8 %local_input_17_addr" [conv.cpp:65]   --->   Operation 74 'load' 'local_input_17_load' <Predicate = (!icmp_ln65)> <Delay = 3.25> <CoreInst = "RAM">   --->   Core 82 'RAM' <Latency = 1> <II = 1> <Delay = 3.25> <Storage> <Opcode : 'load' 'store'> <Ports = 2> <Width = 32> <Depth = 228> <RAM>
ST_1 : Operation 75 [1/1] (0.00ns)   --->   "%local_input_18_addr = getelementptr i32 %local_input_18, i64 0, i64 %zext_ln65_1" [conv.cpp:65]   --->   Operation 75 'getelementptr' 'local_input_18_addr' <Predicate = (!icmp_ln65)> <Delay = 0.00>
ST_1 : Operation 76 [2/2] (3.25ns)   --->   "%local_input_18_load = load i8 %local_input_18_addr" [conv.cpp:65]   --->   Operation 76 'load' 'local_input_18_load' <Predicate = (!icmp_ln65)> <Delay = 3.25> <CoreInst = "RAM">   --->   Core 82 'RAM' <Latency = 1> <II = 1> <Delay = 3.25> <Storage> <Opcode : 'load' 'store'> <Ports = 2> <Width = 32> <Depth = 228> <RAM>
ST_1 : Operation 77 [1/1] (0.00ns)   --->   "%local_input_19_addr = getelementptr i32 %local_input_19, i64 0, i64 %zext_ln65_1" [conv.cpp:65]   --->   Operation 77 'getelementptr' 'local_input_19_addr' <Predicate = (!icmp_ln65)> <Delay = 0.00>
ST_1 : Operation 78 [2/2] (3.25ns)   --->   "%local_input_19_load = load i8 %local_input_19_addr" [conv.cpp:65]   --->   Operation 78 'load' 'local_input_19_load' <Predicate = (!icmp_ln65)> <Delay = 3.25> <CoreInst = "RAM">   --->   Core 82 'RAM' <Latency = 1> <II = 1> <Delay = 3.25> <Storage> <Opcode : 'load' 'store'> <Ports = 2> <Width = 32> <Depth = 228> <RAM>
ST_1 : Operation 79 [1/1] (0.00ns)   --->   "%local_input_20_addr = getelementptr i32 %local_input_20, i64 0, i64 %zext_ln65_1" [conv.cpp:65]   --->   Operation 79 'getelementptr' 'local_input_20_addr' <Predicate = (!icmp_ln65)> <Delay = 0.00>
ST_1 : Operation 80 [2/2] (3.25ns)   --->   "%local_input_20_load = load i8 %local_input_20_addr" [conv.cpp:65]   --->   Operation 80 'load' 'local_input_20_load' <Predicate = (!icmp_ln65)> <Delay = 3.25> <CoreInst = "RAM">   --->   Core 82 'RAM' <Latency = 1> <II = 1> <Delay = 3.25> <Storage> <Opcode : 'load' 'store'> <Ports = 2> <Width = 32> <Depth = 228> <RAM>
ST_1 : Operation 81 [1/1] (0.00ns)   --->   "%local_input_21_addr = getelementptr i32 %local_input_21, i64 0, i64 %zext_ln65_1" [conv.cpp:65]   --->   Operation 81 'getelementptr' 'local_input_21_addr' <Predicate = (!icmp_ln65)> <Delay = 0.00>
ST_1 : Operation 82 [2/2] (3.25ns)   --->   "%local_input_21_load = load i8 %local_input_21_addr" [conv.cpp:65]   --->   Operation 82 'load' 'local_input_21_load' <Predicate = (!icmp_ln65)> <Delay = 3.25> <CoreInst = "RAM">   --->   Core 82 'RAM' <Latency = 1> <II = 1> <Delay = 3.25> <Storage> <Opcode : 'load' 'store'> <Ports = 2> <Width = 32> <Depth = 228> <RAM>
ST_1 : Operation 83 [1/1] (0.00ns)   --->   "%local_input_22_addr = getelementptr i32 %local_input_22, i64 0, i64 %zext_ln65_1" [conv.cpp:65]   --->   Operation 83 'getelementptr' 'local_input_22_addr' <Predicate = (!icmp_ln65)> <Delay = 0.00>
ST_1 : Operation 84 [2/2] (3.25ns)   --->   "%local_input_22_load = load i8 %local_input_22_addr" [conv.cpp:65]   --->   Operation 84 'load' 'local_input_22_load' <Predicate = (!icmp_ln65)> <Delay = 3.25> <CoreInst = "RAM">   --->   Core 82 'RAM' <Latency = 1> <II = 1> <Delay = 3.25> <Storage> <Opcode : 'load' 'store'> <Ports = 2> <Width = 32> <Depth = 228> <RAM>
ST_1 : Operation 85 [1/1] (0.00ns)   --->   "%local_input_23_addr = getelementptr i32 %local_input_23, i64 0, i64 %zext_ln65_1" [conv.cpp:65]   --->   Operation 85 'getelementptr' 'local_input_23_addr' <Predicate = (!icmp_ln65)> <Delay = 0.00>
ST_1 : Operation 86 [2/2] (3.25ns)   --->   "%local_input_23_load = load i8 %local_input_23_addr" [conv.cpp:65]   --->   Operation 86 'load' 'local_input_23_load' <Predicate = (!icmp_ln65)> <Delay = 3.25> <CoreInst = "RAM">   --->   Core 82 'RAM' <Latency = 1> <II = 1> <Delay = 3.25> <Storage> <Opcode : 'load' 'store'> <Ports = 2> <Width = 32> <Depth = 228> <RAM>
ST_1 : Operation 87 [1/1] (0.00ns)   --->   "%local_input_24_addr = getelementptr i32 %local_input_24, i64 0, i64 %zext_ln65_1" [conv.cpp:65]   --->   Operation 87 'getelementptr' 'local_input_24_addr' <Predicate = (!icmp_ln65)> <Delay = 0.00>
ST_1 : Operation 88 [2/2] (3.25ns)   --->   "%local_input_24_load = load i8 %local_input_24_addr" [conv.cpp:65]   --->   Operation 88 'load' 'local_input_24_load' <Predicate = (!icmp_ln65)> <Delay = 3.25> <CoreInst = "RAM">   --->   Core 82 'RAM' <Latency = 1> <II = 1> <Delay = 3.25> <Storage> <Opcode : 'load' 'store'> <Ports = 2> <Width = 32> <Depth = 228> <RAM>
ST_1 : Operation 89 [1/1] (0.00ns)   --->   "%local_input_25_addr = getelementptr i32 %local_input_25, i64 0, i64 %zext_ln65_1" [conv.cpp:65]   --->   Operation 89 'getelementptr' 'local_input_25_addr' <Predicate = (!icmp_ln65)> <Delay = 0.00>
ST_1 : Operation 90 [2/2] (3.25ns)   --->   "%local_input_25_load = load i8 %local_input_25_addr" [conv.cpp:65]   --->   Operation 90 'load' 'local_input_25_load' <Predicate = (!icmp_ln65)> <Delay = 3.25> <CoreInst = "RAM">   --->   Core 82 'RAM' <Latency = 1> <II = 1> <Delay = 3.25> <Storage> <Opcode : 'load' 'store'> <Ports = 2> <Width = 32> <Depth = 228> <RAM>
ST_1 : Operation 91 [1/1] (0.00ns)   --->   "%local_input_26_addr = getelementptr i32 %local_input_26, i64 0, i64 %zext_ln65_1" [conv.cpp:65]   --->   Operation 91 'getelementptr' 'local_input_26_addr' <Predicate = (!icmp_ln65)> <Delay = 0.00>
ST_1 : Operation 92 [2/2] (3.25ns)   --->   "%local_input_26_load = load i8 %local_input_26_addr" [conv.cpp:65]   --->   Operation 92 'load' 'local_input_26_load' <Predicate = (!icmp_ln65)> <Delay = 3.25> <CoreInst = "RAM">   --->   Core 82 'RAM' <Latency = 1> <II = 1> <Delay = 3.25> <Storage> <Opcode : 'load' 'store'> <Ports = 2> <Width = 32> <Depth = 228> <RAM>
ST_1 : Operation 93 [1/1] (0.00ns)   --->   "%local_input_27_addr = getelementptr i32 %local_input_27, i64 0, i64 %zext_ln65_1" [conv.cpp:65]   --->   Operation 93 'getelementptr' 'local_input_27_addr' <Predicate = (!icmp_ln65)> <Delay = 0.00>
ST_1 : Operation 94 [2/2] (3.25ns)   --->   "%local_input_27_load = load i8 %local_input_27_addr" [conv.cpp:65]   --->   Operation 94 'load' 'local_input_27_load' <Predicate = (!icmp_ln65)> <Delay = 3.25> <CoreInst = "RAM">   --->   Core 82 'RAM' <Latency = 1> <II = 1> <Delay = 3.25> <Storage> <Opcode : 'load' 'store'> <Ports = 2> <Width = 32> <Depth = 228> <RAM>
ST_1 : Operation 95 [1/1] (0.00ns)   --->   "%local_input_28_addr = getelementptr i32 %local_input_28, i64 0, i64 %zext_ln65_1" [conv.cpp:65]   --->   Operation 95 'getelementptr' 'local_input_28_addr' <Predicate = (!icmp_ln65)> <Delay = 0.00>
ST_1 : Operation 96 [2/2] (3.25ns)   --->   "%local_input_28_load = load i8 %local_input_28_addr" [conv.cpp:65]   --->   Operation 96 'load' 'local_input_28_load' <Predicate = (!icmp_ln65)> <Delay = 3.25> <CoreInst = "RAM">   --->   Core 82 'RAM' <Latency = 1> <II = 1> <Delay = 3.25> <Storage> <Opcode : 'load' 'store'> <Ports = 2> <Width = 32> <Depth = 228> <RAM>
ST_1 : Operation 97 [1/1] (0.00ns)   --->   "%local_input_29_addr = getelementptr i32 %local_input_29, i64 0, i64 %zext_ln65_1" [conv.cpp:65]   --->   Operation 97 'getelementptr' 'local_input_29_addr' <Predicate = (!icmp_ln65)> <Delay = 0.00>
ST_1 : Operation 98 [2/2] (3.25ns)   --->   "%local_input_29_load = load i8 %local_input_29_addr" [conv.cpp:65]   --->   Operation 98 'load' 'local_input_29_load' <Predicate = (!icmp_ln65)> <Delay = 3.25> <CoreInst = "RAM">   --->   Core 82 'RAM' <Latency = 1> <II = 1> <Delay = 3.25> <Storage> <Opcode : 'load' 'store'> <Ports = 2> <Width = 32> <Depth = 228> <RAM>
ST_1 : Operation 99 [1/1] (0.00ns)   --->   "%local_input_30_addr = getelementptr i32 %local_input_30, i64 0, i64 %zext_ln65_1" [conv.cpp:65]   --->   Operation 99 'getelementptr' 'local_input_30_addr' <Predicate = (!icmp_ln65)> <Delay = 0.00>
ST_1 : Operation 100 [2/2] (3.25ns)   --->   "%local_input_30_load = load i8 %local_input_30_addr" [conv.cpp:65]   --->   Operation 100 'load' 'local_input_30_load' <Predicate = (!icmp_ln65)> <Delay = 3.25> <CoreInst = "RAM">   --->   Core 82 'RAM' <Latency = 1> <II = 1> <Delay = 3.25> <Storage> <Opcode : 'load' 'store'> <Ports = 2> <Width = 32> <Depth = 228> <RAM>
ST_1 : Operation 101 [1/1] (0.00ns)   --->   "%local_input_31_addr = getelementptr i32 %local_input_31, i64 0, i64 %zext_ln65_1" [conv.cpp:65]   --->   Operation 101 'getelementptr' 'local_input_31_addr' <Predicate = (!icmp_ln65)> <Delay = 0.00>
ST_1 : Operation 102 [2/2] (3.25ns)   --->   "%local_input_31_load = load i8 %local_input_31_addr" [conv.cpp:65]   --->   Operation 102 'load' 'local_input_31_load' <Predicate = (!icmp_ln65)> <Delay = 3.25> <CoreInst = "RAM">   --->   Core 82 'RAM' <Latency = 1> <II = 1> <Delay = 3.25> <Storage> <Opcode : 'load' 'store'> <Ports = 2> <Width = 32> <Depth = 228> <RAM>
ST_1 : Operation 103 [1/1] (0.00ns)   --->   "%local_input_32_addr = getelementptr i32 %local_input_32, i64 0, i64 %zext_ln65_1" [conv.cpp:65]   --->   Operation 103 'getelementptr' 'local_input_32_addr' <Predicate = (!icmp_ln65)> <Delay = 0.00>
ST_1 : Operation 104 [2/2] (3.25ns)   --->   "%local_input_32_load = load i8 %local_input_32_addr" [conv.cpp:65]   --->   Operation 104 'load' 'local_input_32_load' <Predicate = (!icmp_ln65)> <Delay = 3.25> <CoreInst = "RAM">   --->   Core 82 'RAM' <Latency = 1> <II = 1> <Delay = 3.25> <Storage> <Opcode : 'load' 'store'> <Ports = 2> <Width = 32> <Depth = 228> <RAM>
ST_1 : Operation 105 [1/1] (0.00ns)   --->   "%local_input_33_addr = getelementptr i32 %local_input_33, i64 0, i64 %zext_ln65_1" [conv.cpp:65]   --->   Operation 105 'getelementptr' 'local_input_33_addr' <Predicate = (!icmp_ln65)> <Delay = 0.00>
ST_1 : Operation 106 [2/2] (3.25ns)   --->   "%local_input_33_load = load i8 %local_input_33_addr" [conv.cpp:65]   --->   Operation 106 'load' 'local_input_33_load' <Predicate = (!icmp_ln65)> <Delay = 3.25> <CoreInst = "RAM">   --->   Core 82 'RAM' <Latency = 1> <II = 1> <Delay = 3.25> <Storage> <Opcode : 'load' 'store'> <Ports = 2> <Width = 32> <Depth = 228> <RAM>
ST_1 : Operation 107 [1/1] (0.00ns)   --->   "%local_input_34_addr = getelementptr i32 %local_input_34, i64 0, i64 %zext_ln65_1" [conv.cpp:65]   --->   Operation 107 'getelementptr' 'local_input_34_addr' <Predicate = (!icmp_ln65)> <Delay = 0.00>
ST_1 : Operation 108 [2/2] (3.25ns)   --->   "%local_input_34_load = load i8 %local_input_34_addr" [conv.cpp:65]   --->   Operation 108 'load' 'local_input_34_load' <Predicate = (!icmp_ln65)> <Delay = 3.25> <CoreInst = "RAM">   --->   Core 82 'RAM' <Latency = 1> <II = 1> <Delay = 3.25> <Storage> <Opcode : 'load' 'store'> <Ports = 2> <Width = 32> <Depth = 228> <RAM>
ST_1 : Operation 109 [1/1] (0.00ns)   --->   "%local_input_35_addr = getelementptr i32 %local_input_35, i64 0, i64 %zext_ln65_1" [conv.cpp:65]   --->   Operation 109 'getelementptr' 'local_input_35_addr' <Predicate = (!icmp_ln65)> <Delay = 0.00>
ST_1 : Operation 110 [2/2] (3.25ns)   --->   "%local_input_35_load = load i8 %local_input_35_addr" [conv.cpp:65]   --->   Operation 110 'load' 'local_input_35_load' <Predicate = (!icmp_ln65)> <Delay = 3.25> <CoreInst = "RAM">   --->   Core 82 'RAM' <Latency = 1> <II = 1> <Delay = 3.25> <Storage> <Opcode : 'load' 'store'> <Ports = 2> <Width = 32> <Depth = 228> <RAM>
ST_1 : Operation 111 [1/1] (0.00ns)   --->   "%local_input_36_addr = getelementptr i32 %local_input_36, i64 0, i64 %zext_ln65_1" [conv.cpp:65]   --->   Operation 111 'getelementptr' 'local_input_36_addr' <Predicate = (!icmp_ln65)> <Delay = 0.00>
ST_1 : Operation 112 [2/2] (3.25ns)   --->   "%local_input_36_load = load i8 %local_input_36_addr" [conv.cpp:65]   --->   Operation 112 'load' 'local_input_36_load' <Predicate = (!icmp_ln65)> <Delay = 3.25> <CoreInst = "RAM">   --->   Core 82 'RAM' <Latency = 1> <II = 1> <Delay = 3.25> <Storage> <Opcode : 'load' 'store'> <Ports = 2> <Width = 32> <Depth = 228> <RAM>
ST_1 : Operation 113 [1/1] (0.00ns)   --->   "%local_input_37_addr = getelementptr i32 %local_input_37, i64 0, i64 %zext_ln65_1" [conv.cpp:65]   --->   Operation 113 'getelementptr' 'local_input_37_addr' <Predicate = (!icmp_ln65)> <Delay = 0.00>
ST_1 : Operation 114 [2/2] (3.25ns)   --->   "%local_input_37_load = load i8 %local_input_37_addr" [conv.cpp:65]   --->   Operation 114 'load' 'local_input_37_load' <Predicate = (!icmp_ln65)> <Delay = 3.25> <CoreInst = "RAM">   --->   Core 82 'RAM' <Latency = 1> <II = 1> <Delay = 3.25> <Storage> <Opcode : 'load' 'store'> <Ports = 2> <Width = 32> <Depth = 228> <RAM>
ST_1 : Operation 115 [1/1] (0.00ns)   --->   "%local_input_38_addr = getelementptr i32 %local_input_38, i64 0, i64 %zext_ln65_1" [conv.cpp:65]   --->   Operation 115 'getelementptr' 'local_input_38_addr' <Predicate = (!icmp_ln65)> <Delay = 0.00>
ST_1 : Operation 116 [2/2] (3.25ns)   --->   "%local_input_38_load = load i8 %local_input_38_addr" [conv.cpp:65]   --->   Operation 116 'load' 'local_input_38_load' <Predicate = (!icmp_ln65)> <Delay = 3.25> <CoreInst = "RAM">   --->   Core 82 'RAM' <Latency = 1> <II = 1> <Delay = 3.25> <Storage> <Opcode : 'load' 'store'> <Ports = 2> <Width = 32> <Depth = 228> <RAM>
ST_1 : Operation 117 [1/1] (0.00ns)   --->   "%local_input_39_addr = getelementptr i32 %local_input_39, i64 0, i64 %zext_ln65_1" [conv.cpp:65]   --->   Operation 117 'getelementptr' 'local_input_39_addr' <Predicate = (!icmp_ln65)> <Delay = 0.00>
ST_1 : Operation 118 [2/2] (3.25ns)   --->   "%local_input_39_load = load i8 %local_input_39_addr" [conv.cpp:65]   --->   Operation 118 'load' 'local_input_39_load' <Predicate = (!icmp_ln65)> <Delay = 3.25> <CoreInst = "RAM">   --->   Core 82 'RAM' <Latency = 1> <II = 1> <Delay = 3.25> <Storage> <Opcode : 'load' 'store'> <Ports = 2> <Width = 32> <Depth = 228> <RAM>
ST_1 : Operation 119 [1/1] (0.00ns)   --->   "%local_input_40_addr = getelementptr i32 %local_input_40, i64 0, i64 %zext_ln65_1" [conv.cpp:65]   --->   Operation 119 'getelementptr' 'local_input_40_addr' <Predicate = (!icmp_ln65)> <Delay = 0.00>
ST_1 : Operation 120 [2/2] (3.25ns)   --->   "%local_input_40_load = load i8 %local_input_40_addr" [conv.cpp:65]   --->   Operation 120 'load' 'local_input_40_load' <Predicate = (!icmp_ln65)> <Delay = 3.25> <CoreInst = "RAM">   --->   Core 82 'RAM' <Latency = 1> <II = 1> <Delay = 3.25> <Storage> <Opcode : 'load' 'store'> <Ports = 2> <Width = 32> <Depth = 228> <RAM>
ST_1 : Operation 121 [1/1] (0.00ns)   --->   "%local_input_41_addr = getelementptr i32 %local_input_41, i64 0, i64 %zext_ln65_1" [conv.cpp:65]   --->   Operation 121 'getelementptr' 'local_input_41_addr' <Predicate = (!icmp_ln65)> <Delay = 0.00>
ST_1 : Operation 122 [2/2] (3.25ns)   --->   "%local_input_41_load = load i8 %local_input_41_addr" [conv.cpp:65]   --->   Operation 122 'load' 'local_input_41_load' <Predicate = (!icmp_ln65)> <Delay = 3.25> <CoreInst = "RAM">   --->   Core 82 'RAM' <Latency = 1> <II = 1> <Delay = 3.25> <Storage> <Opcode : 'load' 'store'> <Ports = 2> <Width = 32> <Depth = 228> <RAM>
ST_1 : Operation 123 [1/1] (0.00ns)   --->   "%local_input_42_addr = getelementptr i32 %local_input_42, i64 0, i64 %zext_ln65_1" [conv.cpp:65]   --->   Operation 123 'getelementptr' 'local_input_42_addr' <Predicate = (!icmp_ln65)> <Delay = 0.00>
ST_1 : Operation 124 [2/2] (3.25ns)   --->   "%local_input_42_load = load i8 %local_input_42_addr" [conv.cpp:65]   --->   Operation 124 'load' 'local_input_42_load' <Predicate = (!icmp_ln65)> <Delay = 3.25> <CoreInst = "RAM">   --->   Core 82 'RAM' <Latency = 1> <II = 1> <Delay = 3.25> <Storage> <Opcode : 'load' 'store'> <Ports = 2> <Width = 32> <Depth = 228> <RAM>
ST_1 : Operation 125 [1/1] (0.00ns)   --->   "%local_input_43_addr = getelementptr i32 %local_input_43, i64 0, i64 %zext_ln65_1" [conv.cpp:65]   --->   Operation 125 'getelementptr' 'local_input_43_addr' <Predicate = (!icmp_ln65)> <Delay = 0.00>
ST_1 : Operation 126 [2/2] (3.25ns)   --->   "%local_input_43_load = load i8 %local_input_43_addr" [conv.cpp:65]   --->   Operation 126 'load' 'local_input_43_load' <Predicate = (!icmp_ln65)> <Delay = 3.25> <CoreInst = "RAM">   --->   Core 82 'RAM' <Latency = 1> <II = 1> <Delay = 3.25> <Storage> <Opcode : 'load' 'store'> <Ports = 2> <Width = 32> <Depth = 228> <RAM>
ST_1 : Operation 127 [1/1] (0.00ns)   --->   "%local_input_44_addr = getelementptr i32 %local_input_44, i64 0, i64 %zext_ln65_1" [conv.cpp:65]   --->   Operation 127 'getelementptr' 'local_input_44_addr' <Predicate = (!icmp_ln65)> <Delay = 0.00>
ST_1 : Operation 128 [2/2] (3.25ns)   --->   "%local_input_44_load = load i8 %local_input_44_addr" [conv.cpp:65]   --->   Operation 128 'load' 'local_input_44_load' <Predicate = (!icmp_ln65)> <Delay = 3.25> <CoreInst = "RAM">   --->   Core 82 'RAM' <Latency = 1> <II = 1> <Delay = 3.25> <Storage> <Opcode : 'load' 'store'> <Ports = 2> <Width = 32> <Depth = 228> <RAM>
ST_1 : Operation 129 [1/1] (0.00ns)   --->   "%local_input_45_addr = getelementptr i32 %local_input_45, i64 0, i64 %zext_ln65_1" [conv.cpp:65]   --->   Operation 129 'getelementptr' 'local_input_45_addr' <Predicate = (!icmp_ln65)> <Delay = 0.00>
ST_1 : Operation 130 [2/2] (3.25ns)   --->   "%local_input_45_load = load i8 %local_input_45_addr" [conv.cpp:65]   --->   Operation 130 'load' 'local_input_45_load' <Predicate = (!icmp_ln65)> <Delay = 3.25> <CoreInst = "RAM">   --->   Core 82 'RAM' <Latency = 1> <II = 1> <Delay = 3.25> <Storage> <Opcode : 'load' 'store'> <Ports = 2> <Width = 32> <Depth = 228> <RAM>
ST_1 : Operation 131 [1/1] (0.00ns)   --->   "%local_input_46_addr = getelementptr i32 %local_input_46, i64 0, i64 %zext_ln65_1" [conv.cpp:65]   --->   Operation 131 'getelementptr' 'local_input_46_addr' <Predicate = (!icmp_ln65)> <Delay = 0.00>
ST_1 : Operation 132 [2/2] (3.25ns)   --->   "%local_input_46_load = load i8 %local_input_46_addr" [conv.cpp:65]   --->   Operation 132 'load' 'local_input_46_load' <Predicate = (!icmp_ln65)> <Delay = 3.25> <CoreInst = "RAM">   --->   Core 82 'RAM' <Latency = 1> <II = 1> <Delay = 3.25> <Storage> <Opcode : 'load' 'store'> <Ports = 2> <Width = 32> <Depth = 228> <RAM>
ST_1 : Operation 133 [1/1] (0.00ns)   --->   "%local_input_47_addr = getelementptr i32 %local_input_47, i64 0, i64 %zext_ln65_1" [conv.cpp:65]   --->   Operation 133 'getelementptr' 'local_input_47_addr' <Predicate = (!icmp_ln65)> <Delay = 0.00>
ST_1 : Operation 134 [2/2] (3.25ns)   --->   "%local_input_47_load = load i8 %local_input_47_addr" [conv.cpp:65]   --->   Operation 134 'load' 'local_input_47_load' <Predicate = (!icmp_ln65)> <Delay = 3.25> <CoreInst = "RAM">   --->   Core 82 'RAM' <Latency = 1> <II = 1> <Delay = 3.25> <Storage> <Opcode : 'load' 'store'> <Ports = 2> <Width = 32> <Depth = 228> <RAM>
ST_1 : Operation 135 [1/1] (0.00ns)   --->   "%local_input_48_addr = getelementptr i32 %local_input_48, i64 0, i64 %zext_ln65_1" [conv.cpp:65]   --->   Operation 135 'getelementptr' 'local_input_48_addr' <Predicate = (!icmp_ln65)> <Delay = 0.00>
ST_1 : Operation 136 [2/2] (3.25ns)   --->   "%local_input_48_load = load i8 %local_input_48_addr" [conv.cpp:65]   --->   Operation 136 'load' 'local_input_48_load' <Predicate = (!icmp_ln65)> <Delay = 3.25> <CoreInst = "RAM">   --->   Core 82 'RAM' <Latency = 1> <II = 1> <Delay = 3.25> <Storage> <Opcode : 'load' 'store'> <Ports = 2> <Width = 32> <Depth = 228> <RAM>
ST_1 : Operation 137 [1/1] (0.00ns)   --->   "%local_input_49_addr = getelementptr i32 %local_input_49, i64 0, i64 %zext_ln65_1" [conv.cpp:65]   --->   Operation 137 'getelementptr' 'local_input_49_addr' <Predicate = (!icmp_ln65)> <Delay = 0.00>
ST_1 : Operation 138 [2/2] (3.25ns)   --->   "%local_input_49_load = load i8 %local_input_49_addr" [conv.cpp:65]   --->   Operation 138 'load' 'local_input_49_load' <Predicate = (!icmp_ln65)> <Delay = 3.25> <CoreInst = "RAM">   --->   Core 82 'RAM' <Latency = 1> <II = 1> <Delay = 3.25> <Storage> <Opcode : 'load' 'store'> <Ports = 2> <Width = 32> <Depth = 228> <RAM>
ST_1 : Operation 139 [1/1] (0.00ns)   --->   "%local_input_50_addr = getelementptr i32 %local_input_50, i64 0, i64 %zext_ln65_1" [conv.cpp:65]   --->   Operation 139 'getelementptr' 'local_input_50_addr' <Predicate = (!icmp_ln65)> <Delay = 0.00>
ST_1 : Operation 140 [2/2] (3.25ns)   --->   "%local_input_50_load = load i8 %local_input_50_addr" [conv.cpp:65]   --->   Operation 140 'load' 'local_input_50_load' <Predicate = (!icmp_ln65)> <Delay = 3.25> <CoreInst = "RAM">   --->   Core 82 'RAM' <Latency = 1> <II = 1> <Delay = 3.25> <Storage> <Opcode : 'load' 'store'> <Ports = 2> <Width = 32> <Depth = 228> <RAM>
ST_1 : Operation 141 [1/1] (0.00ns)   --->   "%local_input_51_addr = getelementptr i32 %local_input_51, i64 0, i64 %zext_ln65_1" [conv.cpp:65]   --->   Operation 141 'getelementptr' 'local_input_51_addr' <Predicate = (!icmp_ln65)> <Delay = 0.00>
ST_1 : Operation 142 [2/2] (3.25ns)   --->   "%local_input_51_load = load i8 %local_input_51_addr" [conv.cpp:65]   --->   Operation 142 'load' 'local_input_51_load' <Predicate = (!icmp_ln65)> <Delay = 3.25> <CoreInst = "RAM">   --->   Core 82 'RAM' <Latency = 1> <II = 1> <Delay = 3.25> <Storage> <Opcode : 'load' 'store'> <Ports = 2> <Width = 32> <Depth = 228> <RAM>
ST_1 : Operation 143 [1/1] (0.00ns)   --->   "%local_input_52_addr = getelementptr i32 %local_input_52, i64 0, i64 %zext_ln65_1" [conv.cpp:65]   --->   Operation 143 'getelementptr' 'local_input_52_addr' <Predicate = (!icmp_ln65)> <Delay = 0.00>
ST_1 : Operation 144 [2/2] (3.25ns)   --->   "%local_input_52_load = load i8 %local_input_52_addr" [conv.cpp:65]   --->   Operation 144 'load' 'local_input_52_load' <Predicate = (!icmp_ln65)> <Delay = 3.25> <CoreInst = "RAM">   --->   Core 82 'RAM' <Latency = 1> <II = 1> <Delay = 3.25> <Storage> <Opcode : 'load' 'store'> <Ports = 2> <Width = 32> <Depth = 228> <RAM>
ST_1 : Operation 145 [1/1] (0.00ns)   --->   "%local_input_53_addr = getelementptr i32 %local_input_53, i64 0, i64 %zext_ln65_1" [conv.cpp:65]   --->   Operation 145 'getelementptr' 'local_input_53_addr' <Predicate = (!icmp_ln65)> <Delay = 0.00>
ST_1 : Operation 146 [2/2] (3.25ns)   --->   "%local_input_53_load = load i8 %local_input_53_addr" [conv.cpp:65]   --->   Operation 146 'load' 'local_input_53_load' <Predicate = (!icmp_ln65)> <Delay = 3.25> <CoreInst = "RAM">   --->   Core 82 'RAM' <Latency = 1> <II = 1> <Delay = 3.25> <Storage> <Opcode : 'load' 'store'> <Ports = 2> <Width = 32> <Depth = 228> <RAM>
ST_1 : Operation 147 [1/1] (0.00ns)   --->   "%local_input_54_addr = getelementptr i32 %local_input_54, i64 0, i64 %zext_ln65_1" [conv.cpp:65]   --->   Operation 147 'getelementptr' 'local_input_54_addr' <Predicate = (!icmp_ln65)> <Delay = 0.00>
ST_1 : Operation 148 [2/2] (3.25ns)   --->   "%local_input_54_load = load i8 %local_input_54_addr" [conv.cpp:65]   --->   Operation 148 'load' 'local_input_54_load' <Predicate = (!icmp_ln65)> <Delay = 3.25> <CoreInst = "RAM">   --->   Core 82 'RAM' <Latency = 1> <II = 1> <Delay = 3.25> <Storage> <Opcode : 'load' 'store'> <Ports = 2> <Width = 32> <Depth = 228> <RAM>
ST_1 : Operation 149 [1/1] (0.00ns)   --->   "%local_input_55_addr = getelementptr i32 %local_input_55, i64 0, i64 %zext_ln65_1" [conv.cpp:65]   --->   Operation 149 'getelementptr' 'local_input_55_addr' <Predicate = (!icmp_ln65)> <Delay = 0.00>
ST_1 : Operation 150 [2/2] (3.25ns)   --->   "%local_input_55_load = load i8 %local_input_55_addr" [conv.cpp:65]   --->   Operation 150 'load' 'local_input_55_load' <Predicate = (!icmp_ln65)> <Delay = 3.25> <CoreInst = "RAM">   --->   Core 82 'RAM' <Latency = 1> <II = 1> <Delay = 3.25> <Storage> <Opcode : 'load' 'store'> <Ports = 2> <Width = 32> <Depth = 228> <RAM>
ST_1 : Operation 151 [1/1] (0.00ns)   --->   "%local_input_56_addr = getelementptr i32 %local_input_56, i64 0, i64 %zext_ln65_1" [conv.cpp:65]   --->   Operation 151 'getelementptr' 'local_input_56_addr' <Predicate = (!icmp_ln65)> <Delay = 0.00>
ST_1 : Operation 152 [2/2] (3.25ns)   --->   "%local_input_56_load = load i8 %local_input_56_addr" [conv.cpp:65]   --->   Operation 152 'load' 'local_input_56_load' <Predicate = (!icmp_ln65)> <Delay = 3.25> <CoreInst = "RAM">   --->   Core 82 'RAM' <Latency = 1> <II = 1> <Delay = 3.25> <Storage> <Opcode : 'load' 'store'> <Ports = 2> <Width = 32> <Depth = 228> <RAM>
ST_1 : Operation 153 [1/1] (0.00ns)   --->   "%local_input_57_addr = getelementptr i32 %local_input_57, i64 0, i64 %zext_ln65_1" [conv.cpp:65]   --->   Operation 153 'getelementptr' 'local_input_57_addr' <Predicate = (!icmp_ln65)> <Delay = 0.00>
ST_1 : Operation 154 [2/2] (3.25ns)   --->   "%local_input_57_load = load i8 %local_input_57_addr" [conv.cpp:65]   --->   Operation 154 'load' 'local_input_57_load' <Predicate = (!icmp_ln65)> <Delay = 3.25> <CoreInst = "RAM">   --->   Core 82 'RAM' <Latency = 1> <II = 1> <Delay = 3.25> <Storage> <Opcode : 'load' 'store'> <Ports = 2> <Width = 32> <Depth = 228> <RAM>
ST_1 : Operation 155 [1/1] (0.00ns)   --->   "%local_input_58_addr = getelementptr i32 %local_input_58, i64 0, i64 %zext_ln65_1" [conv.cpp:65]   --->   Operation 155 'getelementptr' 'local_input_58_addr' <Predicate = (!icmp_ln65)> <Delay = 0.00>
ST_1 : Operation 156 [2/2] (3.25ns)   --->   "%local_input_58_load = load i8 %local_input_58_addr" [conv.cpp:65]   --->   Operation 156 'load' 'local_input_58_load' <Predicate = (!icmp_ln65)> <Delay = 3.25> <CoreInst = "RAM">   --->   Core 82 'RAM' <Latency = 1> <II = 1> <Delay = 3.25> <Storage> <Opcode : 'load' 'store'> <Ports = 2> <Width = 32> <Depth = 228> <RAM>
ST_1 : Operation 157 [1/1] (0.00ns)   --->   "%local_input_59_addr = getelementptr i32 %local_input_59, i64 0, i64 %zext_ln65_1" [conv.cpp:65]   --->   Operation 157 'getelementptr' 'local_input_59_addr' <Predicate = (!icmp_ln65)> <Delay = 0.00>
ST_1 : Operation 158 [2/2] (3.25ns)   --->   "%local_input_59_load = load i8 %local_input_59_addr" [conv.cpp:65]   --->   Operation 158 'load' 'local_input_59_load' <Predicate = (!icmp_ln65)> <Delay = 3.25> <CoreInst = "RAM">   --->   Core 82 'RAM' <Latency = 1> <II = 1> <Delay = 3.25> <Storage> <Opcode : 'load' 'store'> <Ports = 2> <Width = 32> <Depth = 228> <RAM>
ST_1 : Operation 159 [1/1] (0.00ns)   --->   "%local_input_60_addr = getelementptr i32 %local_input_60, i64 0, i64 %zext_ln65_1" [conv.cpp:65]   --->   Operation 159 'getelementptr' 'local_input_60_addr' <Predicate = (!icmp_ln65)> <Delay = 0.00>
ST_1 : Operation 160 [2/2] (3.25ns)   --->   "%local_input_60_load = load i8 %local_input_60_addr" [conv.cpp:65]   --->   Operation 160 'load' 'local_input_60_load' <Predicate = (!icmp_ln65)> <Delay = 3.25> <CoreInst = "RAM">   --->   Core 82 'RAM' <Latency = 1> <II = 1> <Delay = 3.25> <Storage> <Opcode : 'load' 'store'> <Ports = 2> <Width = 32> <Depth = 228> <RAM>
ST_1 : Operation 161 [1/1] (0.00ns)   --->   "%local_input_61_addr = getelementptr i32 %local_input_61, i64 0, i64 %zext_ln65_1" [conv.cpp:65]   --->   Operation 161 'getelementptr' 'local_input_61_addr' <Predicate = (!icmp_ln65)> <Delay = 0.00>
ST_1 : Operation 162 [2/2] (3.25ns)   --->   "%local_input_61_load = load i8 %local_input_61_addr" [conv.cpp:65]   --->   Operation 162 'load' 'local_input_61_load' <Predicate = (!icmp_ln65)> <Delay = 3.25> <CoreInst = "RAM">   --->   Core 82 'RAM' <Latency = 1> <II = 1> <Delay = 3.25> <Storage> <Opcode : 'load' 'store'> <Ports = 2> <Width = 32> <Depth = 228> <RAM>
ST_1 : Operation 163 [1/1] (0.00ns)   --->   "%local_input_62_addr = getelementptr i32 %local_input_62, i64 0, i64 %zext_ln65_1" [conv.cpp:65]   --->   Operation 163 'getelementptr' 'local_input_62_addr' <Predicate = (!icmp_ln65)> <Delay = 0.00>
ST_1 : Operation 164 [2/2] (3.25ns)   --->   "%local_input_62_load = load i8 %local_input_62_addr" [conv.cpp:65]   --->   Operation 164 'load' 'local_input_62_load' <Predicate = (!icmp_ln65)> <Delay = 3.25> <CoreInst = "RAM">   --->   Core 82 'RAM' <Latency = 1> <II = 1> <Delay = 3.25> <Storage> <Opcode : 'load' 'store'> <Ports = 2> <Width = 32> <Depth = 228> <RAM>
ST_1 : Operation 165 [1/1] (0.00ns)   --->   "%local_input_63_addr = getelementptr i32 %local_input_63, i64 0, i64 %zext_ln65_1" [conv.cpp:65]   --->   Operation 165 'getelementptr' 'local_input_63_addr' <Predicate = (!icmp_ln65)> <Delay = 0.00>
ST_1 : Operation 166 [2/2] (3.25ns)   --->   "%local_input_63_load = load i8 %local_input_63_addr" [conv.cpp:65]   --->   Operation 166 'load' 'local_input_63_load' <Predicate = (!icmp_ln65)> <Delay = 3.25> <CoreInst = "RAM">   --->   Core 82 'RAM' <Latency = 1> <II = 1> <Delay = 3.25> <Storage> <Opcode : 'load' 'store'> <Ports = 2> <Width = 32> <Depth = 228> <RAM>
ST_1 : Operation 167 [1/1] (0.00ns)   --->   "%local_input_64_addr = getelementptr i32 %local_input_64, i64 0, i64 %zext_ln65_1" [conv.cpp:65]   --->   Operation 167 'getelementptr' 'local_input_64_addr' <Predicate = (!icmp_ln65)> <Delay = 0.00>
ST_1 : Operation 168 [2/2] (3.25ns)   --->   "%local_input_64_load = load i8 %local_input_64_addr" [conv.cpp:65]   --->   Operation 168 'load' 'local_input_64_load' <Predicate = (!icmp_ln65)> <Delay = 3.25> <CoreInst = "RAM">   --->   Core 82 'RAM' <Latency = 1> <II = 1> <Delay = 3.25> <Storage> <Opcode : 'load' 'store'> <Ports = 2> <Width = 32> <Depth = 228> <RAM>
ST_1 : Operation 169 [1/1] (0.00ns)   --->   "%local_input_65_addr = getelementptr i32 %local_input_65, i64 0, i64 %zext_ln65_1" [conv.cpp:65]   --->   Operation 169 'getelementptr' 'local_input_65_addr' <Predicate = (!icmp_ln65)> <Delay = 0.00>
ST_1 : Operation 170 [2/2] (3.25ns)   --->   "%local_input_65_load = load i8 %local_input_65_addr" [conv.cpp:65]   --->   Operation 170 'load' 'local_input_65_load' <Predicate = (!icmp_ln65)> <Delay = 3.25> <CoreInst = "RAM">   --->   Core 82 'RAM' <Latency = 1> <II = 1> <Delay = 3.25> <Storage> <Opcode : 'load' 'store'> <Ports = 2> <Width = 32> <Depth = 228> <RAM>
ST_1 : Operation 171 [1/1] (0.00ns)   --->   "%local_input_66_addr = getelementptr i32 %local_input_66, i64 0, i64 %zext_ln65_1" [conv.cpp:65]   --->   Operation 171 'getelementptr' 'local_input_66_addr' <Predicate = (!icmp_ln65)> <Delay = 0.00>
ST_1 : Operation 172 [2/2] (3.25ns)   --->   "%local_input_66_load = load i8 %local_input_66_addr" [conv.cpp:65]   --->   Operation 172 'load' 'local_input_66_load' <Predicate = (!icmp_ln65)> <Delay = 3.25> <CoreInst = "RAM">   --->   Core 82 'RAM' <Latency = 1> <II = 1> <Delay = 3.25> <Storage> <Opcode : 'load' 'store'> <Ports = 2> <Width = 32> <Depth = 228> <RAM>
ST_1 : Operation 173 [1/1] (0.00ns)   --->   "%local_input_67_addr = getelementptr i32 %local_input_67, i64 0, i64 %zext_ln65_1" [conv.cpp:65]   --->   Operation 173 'getelementptr' 'local_input_67_addr' <Predicate = (!icmp_ln65)> <Delay = 0.00>
ST_1 : Operation 174 [2/2] (3.25ns)   --->   "%local_input_67_load = load i8 %local_input_67_addr" [conv.cpp:65]   --->   Operation 174 'load' 'local_input_67_load' <Predicate = (!icmp_ln65)> <Delay = 3.25> <CoreInst = "RAM">   --->   Core 82 'RAM' <Latency = 1> <II = 1> <Delay = 3.25> <Storage> <Opcode : 'load' 'store'> <Ports = 2> <Width = 32> <Depth = 228> <RAM>
ST_1 : Operation 175 [1/1] (0.00ns)   --->   "%local_input_68_addr = getelementptr i32 %local_input_68, i64 0, i64 %zext_ln65_1" [conv.cpp:65]   --->   Operation 175 'getelementptr' 'local_input_68_addr' <Predicate = (!icmp_ln65)> <Delay = 0.00>
ST_1 : Operation 176 [2/2] (3.25ns)   --->   "%local_input_68_load = load i8 %local_input_68_addr" [conv.cpp:65]   --->   Operation 176 'load' 'local_input_68_load' <Predicate = (!icmp_ln65)> <Delay = 3.25> <CoreInst = "RAM">   --->   Core 82 'RAM' <Latency = 1> <II = 1> <Delay = 3.25> <Storage> <Opcode : 'load' 'store'> <Ports = 2> <Width = 32> <Depth = 228> <RAM>
ST_1 : Operation 177 [1/1] (0.00ns)   --->   "%local_input_69_addr = getelementptr i32 %local_input_69, i64 0, i64 %zext_ln65_1" [conv.cpp:65]   --->   Operation 177 'getelementptr' 'local_input_69_addr' <Predicate = (!icmp_ln65)> <Delay = 0.00>
ST_1 : Operation 178 [2/2] (3.25ns)   --->   "%local_input_69_load = load i8 %local_input_69_addr" [conv.cpp:65]   --->   Operation 178 'load' 'local_input_69_load' <Predicate = (!icmp_ln65)> <Delay = 3.25> <CoreInst = "RAM">   --->   Core 82 'RAM' <Latency = 1> <II = 1> <Delay = 3.25> <Storage> <Opcode : 'load' 'store'> <Ports = 2> <Width = 32> <Depth = 228> <RAM>
ST_1 : Operation 179 [1/1] (0.00ns)   --->   "%local_input_70_addr = getelementptr i32 %local_input_70, i64 0, i64 %zext_ln65_1" [conv.cpp:65]   --->   Operation 179 'getelementptr' 'local_input_70_addr' <Predicate = (!icmp_ln65)> <Delay = 0.00>
ST_1 : Operation 180 [2/2] (3.25ns)   --->   "%local_input_70_load = load i8 %local_input_70_addr" [conv.cpp:65]   --->   Operation 180 'load' 'local_input_70_load' <Predicate = (!icmp_ln65)> <Delay = 3.25> <CoreInst = "RAM">   --->   Core 82 'RAM' <Latency = 1> <II = 1> <Delay = 3.25> <Storage> <Opcode : 'load' 'store'> <Ports = 2> <Width = 32> <Depth = 228> <RAM>
ST_1 : Operation 181 [1/1] (0.00ns)   --->   "%local_input_71_addr = getelementptr i32 %local_input_71, i64 0, i64 %zext_ln65_1" [conv.cpp:65]   --->   Operation 181 'getelementptr' 'local_input_71_addr' <Predicate = (!icmp_ln65)> <Delay = 0.00>
ST_1 : Operation 182 [2/2] (3.25ns)   --->   "%local_input_71_load = load i8 %local_input_71_addr" [conv.cpp:65]   --->   Operation 182 'load' 'local_input_71_load' <Predicate = (!icmp_ln65)> <Delay = 3.25> <CoreInst = "RAM">   --->   Core 82 'RAM' <Latency = 1> <II = 1> <Delay = 3.25> <Storage> <Opcode : 'load' 'store'> <Ports = 2> <Width = 32> <Depth = 228> <RAM>
ST_1 : Operation 183 [1/1] (0.00ns)   --->   "%local_input_72_addr = getelementptr i32 %local_input_72, i64 0, i64 %zext_ln65_1" [conv.cpp:65]   --->   Operation 183 'getelementptr' 'local_input_72_addr' <Predicate = (!icmp_ln65)> <Delay = 0.00>
ST_1 : Operation 184 [2/2] (3.25ns)   --->   "%local_input_72_load = load i8 %local_input_72_addr" [conv.cpp:65]   --->   Operation 184 'load' 'local_input_72_load' <Predicate = (!icmp_ln65)> <Delay = 3.25> <CoreInst = "RAM">   --->   Core 82 'RAM' <Latency = 1> <II = 1> <Delay = 3.25> <Storage> <Opcode : 'load' 'store'> <Ports = 2> <Width = 32> <Depth = 228> <RAM>
ST_1 : Operation 185 [1/1] (0.00ns)   --->   "%local_input_73_addr = getelementptr i32 %local_input_73, i64 0, i64 %zext_ln65_1" [conv.cpp:65]   --->   Operation 185 'getelementptr' 'local_input_73_addr' <Predicate = (!icmp_ln65)> <Delay = 0.00>
ST_1 : Operation 186 [2/2] (3.25ns)   --->   "%local_input_73_load = load i8 %local_input_73_addr" [conv.cpp:65]   --->   Operation 186 'load' 'local_input_73_load' <Predicate = (!icmp_ln65)> <Delay = 3.25> <CoreInst = "RAM">   --->   Core 82 'RAM' <Latency = 1> <II = 1> <Delay = 3.25> <Storage> <Opcode : 'load' 'store'> <Ports = 2> <Width = 32> <Depth = 228> <RAM>
ST_1 : Operation 187 [1/1] (0.00ns)   --->   "%local_input_74_addr = getelementptr i32 %local_input_74, i64 0, i64 %zext_ln65_1" [conv.cpp:65]   --->   Operation 187 'getelementptr' 'local_input_74_addr' <Predicate = (!icmp_ln65)> <Delay = 0.00>
ST_1 : Operation 188 [2/2] (3.25ns)   --->   "%local_input_74_load = load i8 %local_input_74_addr" [conv.cpp:65]   --->   Operation 188 'load' 'local_input_74_load' <Predicate = (!icmp_ln65)> <Delay = 3.25> <CoreInst = "RAM">   --->   Core 82 'RAM' <Latency = 1> <II = 1> <Delay = 3.25> <Storage> <Opcode : 'load' 'store'> <Ports = 2> <Width = 32> <Depth = 228> <RAM>
ST_1 : Operation 189 [1/1] (0.00ns)   --->   "%local_input_75_addr = getelementptr i32 %local_input_75, i64 0, i64 %zext_ln65_1" [conv.cpp:65]   --->   Operation 189 'getelementptr' 'local_input_75_addr' <Predicate = (!icmp_ln65)> <Delay = 0.00>
ST_1 : Operation 190 [2/2] (3.25ns)   --->   "%local_input_75_load = load i8 %local_input_75_addr" [conv.cpp:65]   --->   Operation 190 'load' 'local_input_75_load' <Predicate = (!icmp_ln65)> <Delay = 3.25> <CoreInst = "RAM">   --->   Core 82 'RAM' <Latency = 1> <II = 1> <Delay = 3.25> <Storage> <Opcode : 'load' 'store'> <Ports = 2> <Width = 32> <Depth = 228> <RAM>
ST_1 : Operation 191 [1/1] (0.00ns)   --->   "%local_input_76_addr = getelementptr i32 %local_input_76, i64 0, i64 %zext_ln65_1" [conv.cpp:65]   --->   Operation 191 'getelementptr' 'local_input_76_addr' <Predicate = (!icmp_ln65)> <Delay = 0.00>
ST_1 : Operation 192 [2/2] (3.25ns)   --->   "%local_input_76_load = load i8 %local_input_76_addr" [conv.cpp:65]   --->   Operation 192 'load' 'local_input_76_load' <Predicate = (!icmp_ln65)> <Delay = 3.25> <CoreInst = "RAM">   --->   Core 82 'RAM' <Latency = 1> <II = 1> <Delay = 3.25> <Storage> <Opcode : 'load' 'store'> <Ports = 2> <Width = 32> <Depth = 228> <RAM>
ST_1 : Operation 193 [1/1] (0.00ns)   --->   "%local_input_77_addr = getelementptr i32 %local_input_77, i64 0, i64 %zext_ln65_1" [conv.cpp:65]   --->   Operation 193 'getelementptr' 'local_input_77_addr' <Predicate = (!icmp_ln65)> <Delay = 0.00>
ST_1 : Operation 194 [2/2] (3.25ns)   --->   "%local_input_77_load = load i8 %local_input_77_addr" [conv.cpp:65]   --->   Operation 194 'load' 'local_input_77_load' <Predicate = (!icmp_ln65)> <Delay = 3.25> <CoreInst = "RAM">   --->   Core 82 'RAM' <Latency = 1> <II = 1> <Delay = 3.25> <Storage> <Opcode : 'load' 'store'> <Ports = 2> <Width = 32> <Depth = 228> <RAM>
ST_1 : Operation 195 [1/1] (0.00ns)   --->   "%local_input_78_addr = getelementptr i32 %local_input_78, i64 0, i64 %zext_ln65_1" [conv.cpp:65]   --->   Operation 195 'getelementptr' 'local_input_78_addr' <Predicate = (!icmp_ln65)> <Delay = 0.00>
ST_1 : Operation 196 [2/2] (3.25ns)   --->   "%local_input_78_load = load i8 %local_input_78_addr" [conv.cpp:65]   --->   Operation 196 'load' 'local_input_78_load' <Predicate = (!icmp_ln65)> <Delay = 3.25> <CoreInst = "RAM">   --->   Core 82 'RAM' <Latency = 1> <II = 1> <Delay = 3.25> <Storage> <Opcode : 'load' 'store'> <Ports = 2> <Width = 32> <Depth = 228> <RAM>
ST_1 : Operation 197 [1/1] (0.00ns)   --->   "%local_input_79_addr = getelementptr i32 %local_input_79, i64 0, i64 %zext_ln65_1" [conv.cpp:65]   --->   Operation 197 'getelementptr' 'local_input_79_addr' <Predicate = (!icmp_ln65)> <Delay = 0.00>
ST_1 : Operation 198 [2/2] (3.25ns)   --->   "%local_input_79_load = load i8 %local_input_79_addr" [conv.cpp:65]   --->   Operation 198 'load' 'local_input_79_load' <Predicate = (!icmp_ln65)> <Delay = 3.25> <CoreInst = "RAM">   --->   Core 82 'RAM' <Latency = 1> <II = 1> <Delay = 3.25> <Storage> <Opcode : 'load' 'store'> <Ports = 2> <Width = 32> <Depth = 228> <RAM>
ST_1 : Operation 199 [1/1] (0.00ns)   --->   "%local_input_80_addr = getelementptr i32 %local_input_80, i64 0, i64 %zext_ln65_1" [conv.cpp:65]   --->   Operation 199 'getelementptr' 'local_input_80_addr' <Predicate = (!icmp_ln65)> <Delay = 0.00>
ST_1 : Operation 200 [2/2] (3.25ns)   --->   "%local_input_80_load = load i8 %local_input_80_addr" [conv.cpp:65]   --->   Operation 200 'load' 'local_input_80_load' <Predicate = (!icmp_ln65)> <Delay = 3.25> <CoreInst = "RAM">   --->   Core 82 'RAM' <Latency = 1> <II = 1> <Delay = 3.25> <Storage> <Opcode : 'load' 'store'> <Ports = 2> <Width = 32> <Depth = 228> <RAM>
ST_1 : Operation 201 [1/1] (0.00ns)   --->   "%local_input_81_addr = getelementptr i32 %local_input_81, i64 0, i64 %zext_ln65_1" [conv.cpp:65]   --->   Operation 201 'getelementptr' 'local_input_81_addr' <Predicate = (!icmp_ln65)> <Delay = 0.00>
ST_1 : Operation 202 [2/2] (3.25ns)   --->   "%local_input_81_load = load i8 %local_input_81_addr" [conv.cpp:65]   --->   Operation 202 'load' 'local_input_81_load' <Predicate = (!icmp_ln65)> <Delay = 3.25> <CoreInst = "RAM">   --->   Core 82 'RAM' <Latency = 1> <II = 1> <Delay = 3.25> <Storage> <Opcode : 'load' 'store'> <Ports = 2> <Width = 32> <Depth = 228> <RAM>
ST_1 : Operation 203 [1/1] (0.00ns)   --->   "%local_input_82_addr = getelementptr i32 %local_input_82, i64 0, i64 %zext_ln65_1" [conv.cpp:65]   --->   Operation 203 'getelementptr' 'local_input_82_addr' <Predicate = (!icmp_ln65)> <Delay = 0.00>
ST_1 : Operation 204 [2/2] (3.25ns)   --->   "%local_input_82_load = load i8 %local_input_82_addr" [conv.cpp:65]   --->   Operation 204 'load' 'local_input_82_load' <Predicate = (!icmp_ln65)> <Delay = 3.25> <CoreInst = "RAM">   --->   Core 82 'RAM' <Latency = 1> <II = 1> <Delay = 3.25> <Storage> <Opcode : 'load' 'store'> <Ports = 2> <Width = 32> <Depth = 228> <RAM>
ST_1 : Operation 205 [1/1] (0.00ns)   --->   "%local_input_83_addr = getelementptr i32 %local_input_83, i64 0, i64 %zext_ln65_1" [conv.cpp:65]   --->   Operation 205 'getelementptr' 'local_input_83_addr' <Predicate = (!icmp_ln65)> <Delay = 0.00>
ST_1 : Operation 206 [2/2] (3.25ns)   --->   "%local_input_83_load = load i8 %local_input_83_addr" [conv.cpp:65]   --->   Operation 206 'load' 'local_input_83_load' <Predicate = (!icmp_ln65)> <Delay = 3.25> <CoreInst = "RAM">   --->   Core 82 'RAM' <Latency = 1> <II = 1> <Delay = 3.25> <Storage> <Opcode : 'load' 'store'> <Ports = 2> <Width = 32> <Depth = 228> <RAM>
ST_1 : Operation 207 [1/1] (0.00ns)   --->   "%local_input_84_addr = getelementptr i32 %local_input_84, i64 0, i64 %zext_ln65_1" [conv.cpp:65]   --->   Operation 207 'getelementptr' 'local_input_84_addr' <Predicate = (!icmp_ln65)> <Delay = 0.00>
ST_1 : Operation 208 [2/2] (3.25ns)   --->   "%local_input_84_load = load i8 %local_input_84_addr" [conv.cpp:65]   --->   Operation 208 'load' 'local_input_84_load' <Predicate = (!icmp_ln65)> <Delay = 3.25> <CoreInst = "RAM">   --->   Core 82 'RAM' <Latency = 1> <II = 1> <Delay = 3.25> <Storage> <Opcode : 'load' 'store'> <Ports = 2> <Width = 32> <Depth = 228> <RAM>
ST_1 : Operation 209 [1/1] (0.00ns)   --->   "%local_input_85_addr = getelementptr i32 %local_input_85, i64 0, i64 %zext_ln65_1" [conv.cpp:65]   --->   Operation 209 'getelementptr' 'local_input_85_addr' <Predicate = (!icmp_ln65)> <Delay = 0.00>
ST_1 : Operation 210 [2/2] (3.25ns)   --->   "%local_input_85_load = load i8 %local_input_85_addr" [conv.cpp:65]   --->   Operation 210 'load' 'local_input_85_load' <Predicate = (!icmp_ln65)> <Delay = 3.25> <CoreInst = "RAM">   --->   Core 82 'RAM' <Latency = 1> <II = 1> <Delay = 3.25> <Storage> <Opcode : 'load' 'store'> <Ports = 2> <Width = 32> <Depth = 228> <RAM>
ST_1 : Operation 211 [1/1] (0.00ns)   --->   "%local_input_86_addr = getelementptr i32 %local_input_86, i64 0, i64 %zext_ln65_1" [conv.cpp:65]   --->   Operation 211 'getelementptr' 'local_input_86_addr' <Predicate = (!icmp_ln65)> <Delay = 0.00>
ST_1 : Operation 212 [2/2] (3.25ns)   --->   "%local_input_86_load = load i8 %local_input_86_addr" [conv.cpp:65]   --->   Operation 212 'load' 'local_input_86_load' <Predicate = (!icmp_ln65)> <Delay = 3.25> <CoreInst = "RAM">   --->   Core 82 'RAM' <Latency = 1> <II = 1> <Delay = 3.25> <Storage> <Opcode : 'load' 'store'> <Ports = 2> <Width = 32> <Depth = 228> <RAM>
ST_1 : Operation 213 [1/1] (0.00ns)   --->   "%local_input_87_addr = getelementptr i32 %local_input_87, i64 0, i64 %zext_ln65_1" [conv.cpp:65]   --->   Operation 213 'getelementptr' 'local_input_87_addr' <Predicate = (!icmp_ln65)> <Delay = 0.00>
ST_1 : Operation 214 [2/2] (3.25ns)   --->   "%local_input_87_load = load i8 %local_input_87_addr" [conv.cpp:65]   --->   Operation 214 'load' 'local_input_87_load' <Predicate = (!icmp_ln65)> <Delay = 3.25> <CoreInst = "RAM">   --->   Core 82 'RAM' <Latency = 1> <II = 1> <Delay = 3.25> <Storage> <Opcode : 'load' 'store'> <Ports = 2> <Width = 32> <Depth = 228> <RAM>
ST_1 : Operation 215 [1/1] (0.00ns)   --->   "%local_input_88_addr = getelementptr i32 %local_input_88, i64 0, i64 %zext_ln65_1" [conv.cpp:65]   --->   Operation 215 'getelementptr' 'local_input_88_addr' <Predicate = (!icmp_ln65)> <Delay = 0.00>
ST_1 : Operation 216 [2/2] (3.25ns)   --->   "%local_input_88_load = load i8 %local_input_88_addr" [conv.cpp:65]   --->   Operation 216 'load' 'local_input_88_load' <Predicate = (!icmp_ln65)> <Delay = 3.25> <CoreInst = "RAM">   --->   Core 82 'RAM' <Latency = 1> <II = 1> <Delay = 3.25> <Storage> <Opcode : 'load' 'store'> <Ports = 2> <Width = 32> <Depth = 228> <RAM>
ST_1 : Operation 217 [1/1] (0.00ns)   --->   "%local_input_89_addr = getelementptr i32 %local_input_89, i64 0, i64 %zext_ln65_1" [conv.cpp:65]   --->   Operation 217 'getelementptr' 'local_input_89_addr' <Predicate = (!icmp_ln65)> <Delay = 0.00>
ST_1 : Operation 218 [2/2] (3.25ns)   --->   "%local_input_89_load = load i8 %local_input_89_addr" [conv.cpp:65]   --->   Operation 218 'load' 'local_input_89_load' <Predicate = (!icmp_ln65)> <Delay = 3.25> <CoreInst = "RAM">   --->   Core 82 'RAM' <Latency = 1> <II = 1> <Delay = 3.25> <Storage> <Opcode : 'load' 'store'> <Ports = 2> <Width = 32> <Depth = 228> <RAM>
ST_1 : Operation 219 [1/1] (0.00ns)   --->   "%local_input_90_addr = getelementptr i32 %local_input_90, i64 0, i64 %zext_ln65_1" [conv.cpp:65]   --->   Operation 219 'getelementptr' 'local_input_90_addr' <Predicate = (!icmp_ln65)> <Delay = 0.00>
ST_1 : Operation 220 [2/2] (3.25ns)   --->   "%local_input_90_load = load i8 %local_input_90_addr" [conv.cpp:65]   --->   Operation 220 'load' 'local_input_90_load' <Predicate = (!icmp_ln65)> <Delay = 3.25> <CoreInst = "RAM">   --->   Core 82 'RAM' <Latency = 1> <II = 1> <Delay = 3.25> <Storage> <Opcode : 'load' 'store'> <Ports = 2> <Width = 32> <Depth = 228> <RAM>
ST_1 : Operation 221 [1/1] (0.00ns)   --->   "%local_input_91_addr = getelementptr i32 %local_input_91, i64 0, i64 %zext_ln65_1" [conv.cpp:65]   --->   Operation 221 'getelementptr' 'local_input_91_addr' <Predicate = (!icmp_ln65)> <Delay = 0.00>
ST_1 : Operation 222 [2/2] (3.25ns)   --->   "%local_input_91_load = load i8 %local_input_91_addr" [conv.cpp:65]   --->   Operation 222 'load' 'local_input_91_load' <Predicate = (!icmp_ln65)> <Delay = 3.25> <CoreInst = "RAM">   --->   Core 82 'RAM' <Latency = 1> <II = 1> <Delay = 3.25> <Storage> <Opcode : 'load' 'store'> <Ports = 2> <Width = 32> <Depth = 228> <RAM>
ST_1 : Operation 223 [1/1] (0.00ns)   --->   "%local_input_92_addr = getelementptr i32 %local_input_92, i64 0, i64 %zext_ln65_1" [conv.cpp:65]   --->   Operation 223 'getelementptr' 'local_input_92_addr' <Predicate = (!icmp_ln65)> <Delay = 0.00>
ST_1 : Operation 224 [2/2] (3.25ns)   --->   "%local_input_92_load = load i8 %local_input_92_addr" [conv.cpp:65]   --->   Operation 224 'load' 'local_input_92_load' <Predicate = (!icmp_ln65)> <Delay = 3.25> <CoreInst = "RAM">   --->   Core 82 'RAM' <Latency = 1> <II = 1> <Delay = 3.25> <Storage> <Opcode : 'load' 'store'> <Ports = 2> <Width = 32> <Depth = 228> <RAM>
ST_1 : Operation 225 [1/1] (0.00ns)   --->   "%local_input_93_addr = getelementptr i32 %local_input_93, i64 0, i64 %zext_ln65_1" [conv.cpp:65]   --->   Operation 225 'getelementptr' 'local_input_93_addr' <Predicate = (!icmp_ln65)> <Delay = 0.00>
ST_1 : Operation 226 [2/2] (3.25ns)   --->   "%local_input_93_load = load i8 %local_input_93_addr" [conv.cpp:65]   --->   Operation 226 'load' 'local_input_93_load' <Predicate = (!icmp_ln65)> <Delay = 3.25> <CoreInst = "RAM">   --->   Core 82 'RAM' <Latency = 1> <II = 1> <Delay = 3.25> <Storage> <Opcode : 'load' 'store'> <Ports = 2> <Width = 32> <Depth = 228> <RAM>
ST_1 : Operation 227 [1/1] (0.00ns)   --->   "%local_input_94_addr = getelementptr i32 %local_input_94, i64 0, i64 %zext_ln65_1" [conv.cpp:65]   --->   Operation 227 'getelementptr' 'local_input_94_addr' <Predicate = (!icmp_ln65)> <Delay = 0.00>
ST_1 : Operation 228 [2/2] (3.25ns)   --->   "%local_input_94_load = load i8 %local_input_94_addr" [conv.cpp:65]   --->   Operation 228 'load' 'local_input_94_load' <Predicate = (!icmp_ln65)> <Delay = 3.25> <CoreInst = "RAM">   --->   Core 82 'RAM' <Latency = 1> <II = 1> <Delay = 3.25> <Storage> <Opcode : 'load' 'store'> <Ports = 2> <Width = 32> <Depth = 228> <RAM>
ST_1 : Operation 229 [1/1] (0.00ns)   --->   "%local_input_95_addr = getelementptr i32 %local_input_95, i64 0, i64 %zext_ln65_1" [conv.cpp:65]   --->   Operation 229 'getelementptr' 'local_input_95_addr' <Predicate = (!icmp_ln65)> <Delay = 0.00>
ST_1 : Operation 230 [2/2] (3.25ns)   --->   "%local_input_95_load = load i8 %local_input_95_addr" [conv.cpp:65]   --->   Operation 230 'load' 'local_input_95_load' <Predicate = (!icmp_ln65)> <Delay = 3.25> <CoreInst = "RAM">   --->   Core 82 'RAM' <Latency = 1> <II = 1> <Delay = 3.25> <Storage> <Opcode : 'load' 'store'> <Ports = 2> <Width = 32> <Depth = 228> <RAM>
ST_1 : Operation 231 [1/1] (0.00ns)   --->   "%local_input_96_addr = getelementptr i32 %local_input_96, i64 0, i64 %zext_ln65_1" [conv.cpp:65]   --->   Operation 231 'getelementptr' 'local_input_96_addr' <Predicate = (!icmp_ln65)> <Delay = 0.00>
ST_1 : Operation 232 [2/2] (3.25ns)   --->   "%local_input_96_load = load i8 %local_input_96_addr" [conv.cpp:65]   --->   Operation 232 'load' 'local_input_96_load' <Predicate = (!icmp_ln65)> <Delay = 3.25> <CoreInst = "RAM">   --->   Core 82 'RAM' <Latency = 1> <II = 1> <Delay = 3.25> <Storage> <Opcode : 'load' 'store'> <Ports = 2> <Width = 32> <Depth = 228> <RAM>
ST_1 : Operation 233 [1/1] (0.00ns)   --->   "%local_input_97_addr = getelementptr i32 %local_input_97, i64 0, i64 %zext_ln65_1" [conv.cpp:65]   --->   Operation 233 'getelementptr' 'local_input_97_addr' <Predicate = (!icmp_ln65)> <Delay = 0.00>
ST_1 : Operation 234 [2/2] (3.25ns)   --->   "%local_input_97_load = load i8 %local_input_97_addr" [conv.cpp:65]   --->   Operation 234 'load' 'local_input_97_load' <Predicate = (!icmp_ln65)> <Delay = 3.25> <CoreInst = "RAM">   --->   Core 82 'RAM' <Latency = 1> <II = 1> <Delay = 3.25> <Storage> <Opcode : 'load' 'store'> <Ports = 2> <Width = 32> <Depth = 228> <RAM>
ST_1 : Operation 235 [1/1] (0.00ns)   --->   "%local_input_98_addr = getelementptr i32 %local_input_98, i64 0, i64 %zext_ln65_1" [conv.cpp:65]   --->   Operation 235 'getelementptr' 'local_input_98_addr' <Predicate = (!icmp_ln65)> <Delay = 0.00>
ST_1 : Operation 236 [2/2] (3.25ns)   --->   "%local_input_98_load = load i8 %local_input_98_addr" [conv.cpp:65]   --->   Operation 236 'load' 'local_input_98_load' <Predicate = (!icmp_ln65)> <Delay = 3.25> <CoreInst = "RAM">   --->   Core 82 'RAM' <Latency = 1> <II = 1> <Delay = 3.25> <Storage> <Opcode : 'load' 'store'> <Ports = 2> <Width = 32> <Depth = 228> <RAM>
ST_1 : Operation 237 [1/1] (0.00ns)   --->   "%local_input_99_addr = getelementptr i32 %local_input_99, i64 0, i64 %zext_ln65_1" [conv.cpp:65]   --->   Operation 237 'getelementptr' 'local_input_99_addr' <Predicate = (!icmp_ln65)> <Delay = 0.00>
ST_1 : Operation 238 [2/2] (3.25ns)   --->   "%local_input_99_load = load i8 %local_input_99_addr" [conv.cpp:65]   --->   Operation 238 'load' 'local_input_99_load' <Predicate = (!icmp_ln65)> <Delay = 3.25> <CoreInst = "RAM">   --->   Core 82 'RAM' <Latency = 1> <II = 1> <Delay = 3.25> <Storage> <Opcode : 'load' 'store'> <Ports = 2> <Width = 32> <Depth = 228> <RAM>
ST_1 : Operation 239 [1/1] (0.00ns)   --->   "%local_input_100_addr = getelementptr i32 %local_input_100, i64 0, i64 %zext_ln65_1" [conv.cpp:65]   --->   Operation 239 'getelementptr' 'local_input_100_addr' <Predicate = (!icmp_ln65)> <Delay = 0.00>
ST_1 : Operation 240 [2/2] (3.25ns)   --->   "%local_input_100_load = load i8 %local_input_100_addr" [conv.cpp:65]   --->   Operation 240 'load' 'local_input_100_load' <Predicate = (!icmp_ln65)> <Delay = 3.25> <CoreInst = "RAM">   --->   Core 82 'RAM' <Latency = 1> <II = 1> <Delay = 3.25> <Storage> <Opcode : 'load' 'store'> <Ports = 2> <Width = 32> <Depth = 228> <RAM>
ST_1 : Operation 241 [1/1] (0.00ns)   --->   "%local_input_101_addr = getelementptr i32 %local_input_101, i64 0, i64 %zext_ln65_1" [conv.cpp:65]   --->   Operation 241 'getelementptr' 'local_input_101_addr' <Predicate = (!icmp_ln65)> <Delay = 0.00>
ST_1 : Operation 242 [2/2] (3.25ns)   --->   "%local_input_101_load = load i8 %local_input_101_addr" [conv.cpp:65]   --->   Operation 242 'load' 'local_input_101_load' <Predicate = (!icmp_ln65)> <Delay = 3.25> <CoreInst = "RAM">   --->   Core 82 'RAM' <Latency = 1> <II = 1> <Delay = 3.25> <Storage> <Opcode : 'load' 'store'> <Ports = 2> <Width = 32> <Depth = 228> <RAM>
ST_1 : Operation 243 [1/1] (0.00ns)   --->   "%local_input_102_addr = getelementptr i32 %local_input_102, i64 0, i64 %zext_ln65_1" [conv.cpp:65]   --->   Operation 243 'getelementptr' 'local_input_102_addr' <Predicate = (!icmp_ln65)> <Delay = 0.00>
ST_1 : Operation 244 [2/2] (3.25ns)   --->   "%local_input_102_load = load i8 %local_input_102_addr" [conv.cpp:65]   --->   Operation 244 'load' 'local_input_102_load' <Predicate = (!icmp_ln65)> <Delay = 3.25> <CoreInst = "RAM">   --->   Core 82 'RAM' <Latency = 1> <II = 1> <Delay = 3.25> <Storage> <Opcode : 'load' 'store'> <Ports = 2> <Width = 32> <Depth = 228> <RAM>
ST_1 : Operation 245 [1/1] (0.00ns)   --->   "%local_input_103_addr = getelementptr i32 %local_input_103, i64 0, i64 %zext_ln65_1" [conv.cpp:65]   --->   Operation 245 'getelementptr' 'local_input_103_addr' <Predicate = (!icmp_ln65)> <Delay = 0.00>
ST_1 : Operation 246 [2/2] (3.25ns)   --->   "%local_input_103_load = load i8 %local_input_103_addr" [conv.cpp:65]   --->   Operation 246 'load' 'local_input_103_load' <Predicate = (!icmp_ln65)> <Delay = 3.25> <CoreInst = "RAM">   --->   Core 82 'RAM' <Latency = 1> <II = 1> <Delay = 3.25> <Storage> <Opcode : 'load' 'store'> <Ports = 2> <Width = 32> <Depth = 228> <RAM>
ST_1 : Operation 247 [1/1] (0.00ns)   --->   "%local_input_104_addr = getelementptr i32 %local_input_104, i64 0, i64 %zext_ln65_1" [conv.cpp:65]   --->   Operation 247 'getelementptr' 'local_input_104_addr' <Predicate = (!icmp_ln65)> <Delay = 0.00>
ST_1 : Operation 248 [2/2] (3.25ns)   --->   "%local_input_104_load = load i8 %local_input_104_addr" [conv.cpp:65]   --->   Operation 248 'load' 'local_input_104_load' <Predicate = (!icmp_ln65)> <Delay = 3.25> <CoreInst = "RAM">   --->   Core 82 'RAM' <Latency = 1> <II = 1> <Delay = 3.25> <Storage> <Opcode : 'load' 'store'> <Ports = 2> <Width = 32> <Depth = 228> <RAM>
ST_1 : Operation 249 [1/1] (0.00ns)   --->   "%local_input_105_addr = getelementptr i32 %local_input_105, i64 0, i64 %zext_ln65_1" [conv.cpp:65]   --->   Operation 249 'getelementptr' 'local_input_105_addr' <Predicate = (!icmp_ln65)> <Delay = 0.00>
ST_1 : Operation 250 [2/2] (3.25ns)   --->   "%local_input_105_load = load i8 %local_input_105_addr" [conv.cpp:65]   --->   Operation 250 'load' 'local_input_105_load' <Predicate = (!icmp_ln65)> <Delay = 3.25> <CoreInst = "RAM">   --->   Core 82 'RAM' <Latency = 1> <II = 1> <Delay = 3.25> <Storage> <Opcode : 'load' 'store'> <Ports = 2> <Width = 32> <Depth = 228> <RAM>
ST_1 : Operation 251 [1/1] (0.00ns)   --->   "%local_input_106_addr = getelementptr i32 %local_input_106, i64 0, i64 %zext_ln65_1" [conv.cpp:65]   --->   Operation 251 'getelementptr' 'local_input_106_addr' <Predicate = (!icmp_ln65)> <Delay = 0.00>
ST_1 : Operation 252 [2/2] (3.25ns)   --->   "%local_input_106_load = load i8 %local_input_106_addr" [conv.cpp:65]   --->   Operation 252 'load' 'local_input_106_load' <Predicate = (!icmp_ln65)> <Delay = 3.25> <CoreInst = "RAM">   --->   Core 82 'RAM' <Latency = 1> <II = 1> <Delay = 3.25> <Storage> <Opcode : 'load' 'store'> <Ports = 2> <Width = 32> <Depth = 228> <RAM>
ST_1 : Operation 253 [1/1] (0.00ns)   --->   "%local_input_107_addr = getelementptr i32 %local_input_107, i64 0, i64 %zext_ln65_1" [conv.cpp:65]   --->   Operation 253 'getelementptr' 'local_input_107_addr' <Predicate = (!icmp_ln65)> <Delay = 0.00>
ST_1 : Operation 254 [2/2] (3.25ns)   --->   "%local_input_107_load = load i8 %local_input_107_addr" [conv.cpp:65]   --->   Operation 254 'load' 'local_input_107_load' <Predicate = (!icmp_ln65)> <Delay = 3.25> <CoreInst = "RAM">   --->   Core 82 'RAM' <Latency = 1> <II = 1> <Delay = 3.25> <Storage> <Opcode : 'load' 'store'> <Ports = 2> <Width = 32> <Depth = 228> <RAM>
ST_1 : Operation 255 [1/1] (0.00ns)   --->   "%local_input_108_addr = getelementptr i32 %local_input_108, i64 0, i64 %zext_ln65_1" [conv.cpp:65]   --->   Operation 255 'getelementptr' 'local_input_108_addr' <Predicate = (!icmp_ln65)> <Delay = 0.00>
ST_1 : Operation 256 [2/2] (3.25ns)   --->   "%local_input_108_load = load i8 %local_input_108_addr" [conv.cpp:65]   --->   Operation 256 'load' 'local_input_108_load' <Predicate = (!icmp_ln65)> <Delay = 3.25> <CoreInst = "RAM">   --->   Core 82 'RAM' <Latency = 1> <II = 1> <Delay = 3.25> <Storage> <Opcode : 'load' 'store'> <Ports = 2> <Width = 32> <Depth = 228> <RAM>
ST_1 : Operation 257 [1/1] (0.00ns)   --->   "%local_input_109_addr = getelementptr i32 %local_input_109, i64 0, i64 %zext_ln65_1" [conv.cpp:65]   --->   Operation 257 'getelementptr' 'local_input_109_addr' <Predicate = (!icmp_ln65)> <Delay = 0.00>
ST_1 : Operation 258 [2/2] (3.25ns)   --->   "%local_input_109_load = load i8 %local_input_109_addr" [conv.cpp:65]   --->   Operation 258 'load' 'local_input_109_load' <Predicate = (!icmp_ln65)> <Delay = 3.25> <CoreInst = "RAM">   --->   Core 82 'RAM' <Latency = 1> <II = 1> <Delay = 3.25> <Storage> <Opcode : 'load' 'store'> <Ports = 2> <Width = 32> <Depth = 228> <RAM>
ST_1 : Operation 259 [1/1] (0.00ns)   --->   "%local_input_110_addr = getelementptr i32 %local_input_110, i64 0, i64 %zext_ln65_1" [conv.cpp:65]   --->   Operation 259 'getelementptr' 'local_input_110_addr' <Predicate = (!icmp_ln65)> <Delay = 0.00>
ST_1 : Operation 260 [2/2] (3.25ns)   --->   "%local_input_110_load = load i8 %local_input_110_addr" [conv.cpp:65]   --->   Operation 260 'load' 'local_input_110_load' <Predicate = (!icmp_ln65)> <Delay = 3.25> <CoreInst = "RAM">   --->   Core 82 'RAM' <Latency = 1> <II = 1> <Delay = 3.25> <Storage> <Opcode : 'load' 'store'> <Ports = 2> <Width = 32> <Depth = 228> <RAM>
ST_1 : Operation 261 [1/1] (0.00ns)   --->   "%local_input_111_addr = getelementptr i32 %local_input_111, i64 0, i64 %zext_ln65_1" [conv.cpp:65]   --->   Operation 261 'getelementptr' 'local_input_111_addr' <Predicate = (!icmp_ln65)> <Delay = 0.00>
ST_1 : Operation 262 [2/2] (3.25ns)   --->   "%local_input_111_load = load i8 %local_input_111_addr" [conv.cpp:65]   --->   Operation 262 'load' 'local_input_111_load' <Predicate = (!icmp_ln65)> <Delay = 3.25> <CoreInst = "RAM">   --->   Core 82 'RAM' <Latency = 1> <II = 1> <Delay = 3.25> <Storage> <Opcode : 'load' 'store'> <Ports = 2> <Width = 32> <Depth = 228> <RAM>
ST_1 : Operation 263 [1/1] (0.00ns)   --->   "%local_input_112_addr = getelementptr i32 %local_input_112, i64 0, i64 %zext_ln65_1" [conv.cpp:65]   --->   Operation 263 'getelementptr' 'local_input_112_addr' <Predicate = (!icmp_ln65)> <Delay = 0.00>
ST_1 : Operation 264 [2/2] (3.25ns)   --->   "%local_input_112_load = load i8 %local_input_112_addr" [conv.cpp:65]   --->   Operation 264 'load' 'local_input_112_load' <Predicate = (!icmp_ln65)> <Delay = 3.25> <CoreInst = "RAM">   --->   Core 82 'RAM' <Latency = 1> <II = 1> <Delay = 3.25> <Storage> <Opcode : 'load' 'store'> <Ports = 2> <Width = 32> <Depth = 228> <RAM>
ST_1 : Operation 265 [1/1] (0.00ns)   --->   "%local_input_113_addr = getelementptr i32 %local_input_113, i64 0, i64 %zext_ln65_1" [conv.cpp:65]   --->   Operation 265 'getelementptr' 'local_input_113_addr' <Predicate = (!icmp_ln65)> <Delay = 0.00>
ST_1 : Operation 266 [2/2] (3.25ns)   --->   "%local_input_113_load = load i8 %local_input_113_addr" [conv.cpp:65]   --->   Operation 266 'load' 'local_input_113_load' <Predicate = (!icmp_ln65)> <Delay = 3.25> <CoreInst = "RAM">   --->   Core 82 'RAM' <Latency = 1> <II = 1> <Delay = 3.25> <Storage> <Opcode : 'load' 'store'> <Ports = 2> <Width = 32> <Depth = 228> <RAM>
ST_1 : Operation 267 [1/1] (0.00ns)   --->   "%local_input_114_addr = getelementptr i32 %local_input_114, i64 0, i64 %zext_ln65_1" [conv.cpp:65]   --->   Operation 267 'getelementptr' 'local_input_114_addr' <Predicate = (!icmp_ln65)> <Delay = 0.00>
ST_1 : Operation 268 [2/2] (3.25ns)   --->   "%local_input_114_load = load i8 %local_input_114_addr" [conv.cpp:65]   --->   Operation 268 'load' 'local_input_114_load' <Predicate = (!icmp_ln65)> <Delay = 3.25> <CoreInst = "RAM">   --->   Core 82 'RAM' <Latency = 1> <II = 1> <Delay = 3.25> <Storage> <Opcode : 'load' 'store'> <Ports = 2> <Width = 32> <Depth = 228> <RAM>
ST_1 : Operation 269 [1/1] (0.00ns)   --->   "%local_input_115_addr = getelementptr i32 %local_input_115, i64 0, i64 %zext_ln65_1" [conv.cpp:65]   --->   Operation 269 'getelementptr' 'local_input_115_addr' <Predicate = (!icmp_ln65)> <Delay = 0.00>
ST_1 : Operation 270 [2/2] (3.25ns)   --->   "%local_input_115_load = load i8 %local_input_115_addr" [conv.cpp:65]   --->   Operation 270 'load' 'local_input_115_load' <Predicate = (!icmp_ln65)> <Delay = 3.25> <CoreInst = "RAM">   --->   Core 82 'RAM' <Latency = 1> <II = 1> <Delay = 3.25> <Storage> <Opcode : 'load' 'store'> <Ports = 2> <Width = 32> <Depth = 228> <RAM>
ST_1 : Operation 271 [1/1] (0.00ns)   --->   "%local_input_116_addr = getelementptr i32 %local_input_116, i64 0, i64 %zext_ln65_1" [conv.cpp:65]   --->   Operation 271 'getelementptr' 'local_input_116_addr' <Predicate = (!icmp_ln65)> <Delay = 0.00>
ST_1 : Operation 272 [2/2] (3.25ns)   --->   "%local_input_116_load = load i8 %local_input_116_addr" [conv.cpp:65]   --->   Operation 272 'load' 'local_input_116_load' <Predicate = (!icmp_ln65)> <Delay = 3.25> <CoreInst = "RAM">   --->   Core 82 'RAM' <Latency = 1> <II = 1> <Delay = 3.25> <Storage> <Opcode : 'load' 'store'> <Ports = 2> <Width = 32> <Depth = 228> <RAM>
ST_1 : Operation 273 [1/1] (0.00ns)   --->   "%local_input_117_addr = getelementptr i32 %local_input_117, i64 0, i64 %zext_ln65_1" [conv.cpp:65]   --->   Operation 273 'getelementptr' 'local_input_117_addr' <Predicate = (!icmp_ln65)> <Delay = 0.00>
ST_1 : Operation 274 [2/2] (3.25ns)   --->   "%local_input_117_load = load i8 %local_input_117_addr" [conv.cpp:65]   --->   Operation 274 'load' 'local_input_117_load' <Predicate = (!icmp_ln65)> <Delay = 3.25> <CoreInst = "RAM">   --->   Core 82 'RAM' <Latency = 1> <II = 1> <Delay = 3.25> <Storage> <Opcode : 'load' 'store'> <Ports = 2> <Width = 32> <Depth = 228> <RAM>
ST_1 : Operation 275 [1/1] (0.00ns)   --->   "%local_input_118_addr = getelementptr i32 %local_input_118, i64 0, i64 %zext_ln65_1" [conv.cpp:65]   --->   Operation 275 'getelementptr' 'local_input_118_addr' <Predicate = (!icmp_ln65)> <Delay = 0.00>
ST_1 : Operation 276 [2/2] (3.25ns)   --->   "%local_input_118_load = load i8 %local_input_118_addr" [conv.cpp:65]   --->   Operation 276 'load' 'local_input_118_load' <Predicate = (!icmp_ln65)> <Delay = 3.25> <CoreInst = "RAM">   --->   Core 82 'RAM' <Latency = 1> <II = 1> <Delay = 3.25> <Storage> <Opcode : 'load' 'store'> <Ports = 2> <Width = 32> <Depth = 228> <RAM>
ST_1 : Operation 277 [1/1] (0.00ns)   --->   "%local_input_119_addr = getelementptr i32 %local_input_119, i64 0, i64 %zext_ln65_1" [conv.cpp:65]   --->   Operation 277 'getelementptr' 'local_input_119_addr' <Predicate = (!icmp_ln65)> <Delay = 0.00>
ST_1 : Operation 278 [2/2] (3.25ns)   --->   "%local_input_119_load = load i8 %local_input_119_addr" [conv.cpp:65]   --->   Operation 278 'load' 'local_input_119_load' <Predicate = (!icmp_ln65)> <Delay = 3.25> <CoreInst = "RAM">   --->   Core 82 'RAM' <Latency = 1> <II = 1> <Delay = 3.25> <Storage> <Opcode : 'load' 'store'> <Ports = 2> <Width = 32> <Depth = 228> <RAM>
ST_1 : Operation 279 [1/1] (0.00ns)   --->   "%local_input_120_addr = getelementptr i32 %local_input_120, i64 0, i64 %zext_ln65_1" [conv.cpp:65]   --->   Operation 279 'getelementptr' 'local_input_120_addr' <Predicate = (!icmp_ln65)> <Delay = 0.00>
ST_1 : Operation 280 [2/2] (3.25ns)   --->   "%local_input_120_load = load i8 %local_input_120_addr" [conv.cpp:65]   --->   Operation 280 'load' 'local_input_120_load' <Predicate = (!icmp_ln65)> <Delay = 3.25> <CoreInst = "RAM">   --->   Core 82 'RAM' <Latency = 1> <II = 1> <Delay = 3.25> <Storage> <Opcode : 'load' 'store'> <Ports = 2> <Width = 32> <Depth = 228> <RAM>
ST_1 : Operation 281 [1/1] (0.00ns)   --->   "%local_input_121_addr = getelementptr i32 %local_input_121, i64 0, i64 %zext_ln65_1" [conv.cpp:65]   --->   Operation 281 'getelementptr' 'local_input_121_addr' <Predicate = (!icmp_ln65)> <Delay = 0.00>
ST_1 : Operation 282 [2/2] (3.25ns)   --->   "%local_input_121_load = load i8 %local_input_121_addr" [conv.cpp:65]   --->   Operation 282 'load' 'local_input_121_load' <Predicate = (!icmp_ln65)> <Delay = 3.25> <CoreInst = "RAM">   --->   Core 82 'RAM' <Latency = 1> <II = 1> <Delay = 3.25> <Storage> <Opcode : 'load' 'store'> <Ports = 2> <Width = 32> <Depth = 228> <RAM>
ST_1 : Operation 283 [1/1] (0.00ns)   --->   "%local_input_122_addr = getelementptr i32 %local_input_122, i64 0, i64 %zext_ln65_1" [conv.cpp:65]   --->   Operation 283 'getelementptr' 'local_input_122_addr' <Predicate = (!icmp_ln65)> <Delay = 0.00>
ST_1 : Operation 284 [2/2] (3.25ns)   --->   "%local_input_122_load = load i8 %local_input_122_addr" [conv.cpp:65]   --->   Operation 284 'load' 'local_input_122_load' <Predicate = (!icmp_ln65)> <Delay = 3.25> <CoreInst = "RAM">   --->   Core 82 'RAM' <Latency = 1> <II = 1> <Delay = 3.25> <Storage> <Opcode : 'load' 'store'> <Ports = 2> <Width = 32> <Depth = 228> <RAM>
ST_1 : Operation 285 [1/1] (0.00ns)   --->   "%local_input_123_addr = getelementptr i32 %local_input_123, i64 0, i64 %zext_ln65_1" [conv.cpp:65]   --->   Operation 285 'getelementptr' 'local_input_123_addr' <Predicate = (!icmp_ln65)> <Delay = 0.00>
ST_1 : Operation 286 [2/2] (3.25ns)   --->   "%local_input_123_load = load i8 %local_input_123_addr" [conv.cpp:65]   --->   Operation 286 'load' 'local_input_123_load' <Predicate = (!icmp_ln65)> <Delay = 3.25> <CoreInst = "RAM">   --->   Core 82 'RAM' <Latency = 1> <II = 1> <Delay = 3.25> <Storage> <Opcode : 'load' 'store'> <Ports = 2> <Width = 32> <Depth = 228> <RAM>
ST_1 : Operation 287 [1/1] (0.00ns)   --->   "%local_input_124_addr = getelementptr i32 %local_input_124, i64 0, i64 %zext_ln65_1" [conv.cpp:65]   --->   Operation 287 'getelementptr' 'local_input_124_addr' <Predicate = (!icmp_ln65)> <Delay = 0.00>
ST_1 : Operation 288 [2/2] (3.25ns)   --->   "%local_input_124_load = load i8 %local_input_124_addr" [conv.cpp:65]   --->   Operation 288 'load' 'local_input_124_load' <Predicate = (!icmp_ln65)> <Delay = 3.25> <CoreInst = "RAM">   --->   Core 82 'RAM' <Latency = 1> <II = 1> <Delay = 3.25> <Storage> <Opcode : 'load' 'store'> <Ports = 2> <Width = 32> <Depth = 228> <RAM>
ST_1 : Operation 289 [1/1] (0.00ns)   --->   "%local_input_125_addr = getelementptr i32 %local_input_125, i64 0, i64 %zext_ln65_1" [conv.cpp:65]   --->   Operation 289 'getelementptr' 'local_input_125_addr' <Predicate = (!icmp_ln65)> <Delay = 0.00>
ST_1 : Operation 290 [2/2] (3.25ns)   --->   "%local_input_125_load = load i8 %local_input_125_addr" [conv.cpp:65]   --->   Operation 290 'load' 'local_input_125_load' <Predicate = (!icmp_ln65)> <Delay = 3.25> <CoreInst = "RAM">   --->   Core 82 'RAM' <Latency = 1> <II = 1> <Delay = 3.25> <Storage> <Opcode : 'load' 'store'> <Ports = 2> <Width = 32> <Depth = 228> <RAM>
ST_1 : Operation 291 [1/1] (0.00ns)   --->   "%local_input_126_addr = getelementptr i32 %local_input_126, i64 0, i64 %zext_ln65_1" [conv.cpp:65]   --->   Operation 291 'getelementptr' 'local_input_126_addr' <Predicate = (!icmp_ln65)> <Delay = 0.00>
ST_1 : Operation 292 [2/2] (3.25ns)   --->   "%local_input_126_load = load i8 %local_input_126_addr" [conv.cpp:65]   --->   Operation 292 'load' 'local_input_126_load' <Predicate = (!icmp_ln65)> <Delay = 3.25> <CoreInst = "RAM">   --->   Core 82 'RAM' <Latency = 1> <II = 1> <Delay = 3.25> <Storage> <Opcode : 'load' 'store'> <Ports = 2> <Width = 32> <Depth = 228> <RAM>
ST_1 : Operation 293 [1/1] (0.00ns)   --->   "%local_input_127_addr = getelementptr i32 %local_input_127, i64 0, i64 %zext_ln65_1" [conv.cpp:65]   --->   Operation 293 'getelementptr' 'local_input_127_addr' <Predicate = (!icmp_ln65)> <Delay = 0.00>
ST_1 : Operation 294 [2/2] (3.25ns)   --->   "%local_input_127_load = load i8 %local_input_127_addr" [conv.cpp:65]   --->   Operation 294 'load' 'local_input_127_load' <Predicate = (!icmp_ln65)> <Delay = 3.25> <CoreInst = "RAM">   --->   Core 82 'RAM' <Latency = 1> <II = 1> <Delay = 3.25> <Storage> <Opcode : 'load' 'store'> <Ports = 2> <Width = 32> <Depth = 228> <RAM>
ST_1 : Operation 295 [1/1] (0.00ns)   --->   "%local_input_128_addr = getelementptr i32 %local_input_128, i64 0, i64 %zext_ln65_1" [conv.cpp:65]   --->   Operation 295 'getelementptr' 'local_input_128_addr' <Predicate = (!icmp_ln65)> <Delay = 0.00>
ST_1 : Operation 296 [2/2] (3.25ns)   --->   "%local_input_128_load = load i8 %local_input_128_addr" [conv.cpp:65]   --->   Operation 296 'load' 'local_input_128_load' <Predicate = (!icmp_ln65)> <Delay = 3.25> <CoreInst = "RAM">   --->   Core 82 'RAM' <Latency = 1> <II = 1> <Delay = 3.25> <Storage> <Opcode : 'load' 'store'> <Ports = 2> <Width = 32> <Depth = 228> <RAM>
ST_1 : Operation 297 [1/1] (0.00ns)   --->   "%local_input_129_addr = getelementptr i32 %local_input_129, i64 0, i64 %zext_ln65_1" [conv.cpp:65]   --->   Operation 297 'getelementptr' 'local_input_129_addr' <Predicate = (!icmp_ln65)> <Delay = 0.00>
ST_1 : Operation 298 [2/2] (3.25ns)   --->   "%local_input_129_load = load i8 %local_input_129_addr" [conv.cpp:65]   --->   Operation 298 'load' 'local_input_129_load' <Predicate = (!icmp_ln65)> <Delay = 3.25> <CoreInst = "RAM">   --->   Core 82 'RAM' <Latency = 1> <II = 1> <Delay = 3.25> <Storage> <Opcode : 'load' 'store'> <Ports = 2> <Width = 32> <Depth = 228> <RAM>
ST_1 : Operation 299 [1/1] (0.00ns)   --->   "%local_input_130_addr = getelementptr i32 %local_input_130, i64 0, i64 %zext_ln65_1" [conv.cpp:65]   --->   Operation 299 'getelementptr' 'local_input_130_addr' <Predicate = (!icmp_ln65)> <Delay = 0.00>
ST_1 : Operation 300 [2/2] (3.25ns)   --->   "%local_input_130_load = load i8 %local_input_130_addr" [conv.cpp:65]   --->   Operation 300 'load' 'local_input_130_load' <Predicate = (!icmp_ln65)> <Delay = 3.25> <CoreInst = "RAM">   --->   Core 82 'RAM' <Latency = 1> <II = 1> <Delay = 3.25> <Storage> <Opcode : 'load' 'store'> <Ports = 2> <Width = 32> <Depth = 228> <RAM>
ST_1 : Operation 301 [1/1] (0.00ns)   --->   "%local_input_131_addr = getelementptr i32 %local_input_131, i64 0, i64 %zext_ln65_1" [conv.cpp:65]   --->   Operation 301 'getelementptr' 'local_input_131_addr' <Predicate = (!icmp_ln65)> <Delay = 0.00>
ST_1 : Operation 302 [2/2] (3.25ns)   --->   "%local_input_131_load = load i8 %local_input_131_addr" [conv.cpp:65]   --->   Operation 302 'load' 'local_input_131_load' <Predicate = (!icmp_ln65)> <Delay = 3.25> <CoreInst = "RAM">   --->   Core 82 'RAM' <Latency = 1> <II = 1> <Delay = 3.25> <Storage> <Opcode : 'load' 'store'> <Ports = 2> <Width = 32> <Depth = 228> <RAM>
ST_1 : Operation 303 [1/1] (0.00ns)   --->   "%local_input_132_addr = getelementptr i32 %local_input_132, i64 0, i64 %zext_ln65_1" [conv.cpp:65]   --->   Operation 303 'getelementptr' 'local_input_132_addr' <Predicate = (!icmp_ln65)> <Delay = 0.00>
ST_1 : Operation 304 [2/2] (3.25ns)   --->   "%local_input_132_load = load i8 %local_input_132_addr" [conv.cpp:65]   --->   Operation 304 'load' 'local_input_132_load' <Predicate = (!icmp_ln65)> <Delay = 3.25> <CoreInst = "RAM">   --->   Core 82 'RAM' <Latency = 1> <II = 1> <Delay = 3.25> <Storage> <Opcode : 'load' 'store'> <Ports = 2> <Width = 32> <Depth = 228> <RAM>
ST_1 : Operation 305 [1/1] (0.00ns)   --->   "%local_input_133_addr = getelementptr i32 %local_input_133, i64 0, i64 %zext_ln65_1" [conv.cpp:65]   --->   Operation 305 'getelementptr' 'local_input_133_addr' <Predicate = (!icmp_ln65)> <Delay = 0.00>
ST_1 : Operation 306 [2/2] (3.25ns)   --->   "%local_input_133_load = load i8 %local_input_133_addr" [conv.cpp:65]   --->   Operation 306 'load' 'local_input_133_load' <Predicate = (!icmp_ln65)> <Delay = 3.25> <CoreInst = "RAM">   --->   Core 82 'RAM' <Latency = 1> <II = 1> <Delay = 3.25> <Storage> <Opcode : 'load' 'store'> <Ports = 2> <Width = 32> <Depth = 228> <RAM>
ST_1 : Operation 307 [1/1] (0.00ns)   --->   "%local_input_134_addr = getelementptr i32 %local_input_134, i64 0, i64 %zext_ln65_1" [conv.cpp:65]   --->   Operation 307 'getelementptr' 'local_input_134_addr' <Predicate = (!icmp_ln65)> <Delay = 0.00>
ST_1 : Operation 308 [2/2] (3.25ns)   --->   "%local_input_134_load = load i8 %local_input_134_addr" [conv.cpp:65]   --->   Operation 308 'load' 'local_input_134_load' <Predicate = (!icmp_ln65)> <Delay = 3.25> <CoreInst = "RAM">   --->   Core 82 'RAM' <Latency = 1> <II = 1> <Delay = 3.25> <Storage> <Opcode : 'load' 'store'> <Ports = 2> <Width = 32> <Depth = 228> <RAM>
ST_1 : Operation 309 [1/1] (0.00ns)   --->   "%local_input_135_addr = getelementptr i32 %local_input_135, i64 0, i64 %zext_ln65_1" [conv.cpp:65]   --->   Operation 309 'getelementptr' 'local_input_135_addr' <Predicate = (!icmp_ln65)> <Delay = 0.00>
ST_1 : Operation 310 [2/2] (3.25ns)   --->   "%local_input_135_load = load i8 %local_input_135_addr" [conv.cpp:65]   --->   Operation 310 'load' 'local_input_135_load' <Predicate = (!icmp_ln65)> <Delay = 3.25> <CoreInst = "RAM">   --->   Core 82 'RAM' <Latency = 1> <II = 1> <Delay = 3.25> <Storage> <Opcode : 'load' 'store'> <Ports = 2> <Width = 32> <Depth = 228> <RAM>
ST_1 : Operation 311 [1/1] (0.00ns)   --->   "%local_input_136_addr = getelementptr i32 %local_input_136, i64 0, i64 %zext_ln65_1" [conv.cpp:65]   --->   Operation 311 'getelementptr' 'local_input_136_addr' <Predicate = (!icmp_ln65)> <Delay = 0.00>
ST_1 : Operation 312 [2/2] (3.25ns)   --->   "%local_input_136_load = load i8 %local_input_136_addr" [conv.cpp:65]   --->   Operation 312 'load' 'local_input_136_load' <Predicate = (!icmp_ln65)> <Delay = 3.25> <CoreInst = "RAM">   --->   Core 82 'RAM' <Latency = 1> <II = 1> <Delay = 3.25> <Storage> <Opcode : 'load' 'store'> <Ports = 2> <Width = 32> <Depth = 228> <RAM>
ST_1 : Operation 313 [1/1] (0.00ns)   --->   "%local_input_137_addr = getelementptr i32 %local_input_137, i64 0, i64 %zext_ln65_1" [conv.cpp:65]   --->   Operation 313 'getelementptr' 'local_input_137_addr' <Predicate = (!icmp_ln65)> <Delay = 0.00>
ST_1 : Operation 314 [2/2] (3.25ns)   --->   "%local_input_137_load = load i8 %local_input_137_addr" [conv.cpp:65]   --->   Operation 314 'load' 'local_input_137_load' <Predicate = (!icmp_ln65)> <Delay = 3.25> <CoreInst = "RAM">   --->   Core 82 'RAM' <Latency = 1> <II = 1> <Delay = 3.25> <Storage> <Opcode : 'load' 'store'> <Ports = 2> <Width = 32> <Depth = 228> <RAM>
ST_1 : Operation 315 [1/1] (0.00ns)   --->   "%local_input_138_addr = getelementptr i32 %local_input_138, i64 0, i64 %zext_ln65_1" [conv.cpp:65]   --->   Operation 315 'getelementptr' 'local_input_138_addr' <Predicate = (!icmp_ln65)> <Delay = 0.00>
ST_1 : Operation 316 [2/2] (3.25ns)   --->   "%local_input_138_load = load i8 %local_input_138_addr" [conv.cpp:65]   --->   Operation 316 'load' 'local_input_138_load' <Predicate = (!icmp_ln65)> <Delay = 3.25> <CoreInst = "RAM">   --->   Core 82 'RAM' <Latency = 1> <II = 1> <Delay = 3.25> <Storage> <Opcode : 'load' 'store'> <Ports = 2> <Width = 32> <Depth = 228> <RAM>
ST_1 : Operation 317 [1/1] (0.00ns)   --->   "%local_input_139_addr = getelementptr i32 %local_input_139, i64 0, i64 %zext_ln65_1" [conv.cpp:65]   --->   Operation 317 'getelementptr' 'local_input_139_addr' <Predicate = (!icmp_ln65)> <Delay = 0.00>
ST_1 : Operation 318 [2/2] (3.25ns)   --->   "%local_input_139_load = load i8 %local_input_139_addr" [conv.cpp:65]   --->   Operation 318 'load' 'local_input_139_load' <Predicate = (!icmp_ln65)> <Delay = 3.25> <CoreInst = "RAM">   --->   Core 82 'RAM' <Latency = 1> <II = 1> <Delay = 3.25> <Storage> <Opcode : 'load' 'store'> <Ports = 2> <Width = 32> <Depth = 228> <RAM>
ST_1 : Operation 319 [1/1] (0.00ns)   --->   "%local_input_140_addr = getelementptr i32 %local_input_140, i64 0, i64 %zext_ln65_1" [conv.cpp:65]   --->   Operation 319 'getelementptr' 'local_input_140_addr' <Predicate = (!icmp_ln65)> <Delay = 0.00>
ST_1 : Operation 320 [2/2] (3.25ns)   --->   "%local_input_140_load = load i8 %local_input_140_addr" [conv.cpp:65]   --->   Operation 320 'load' 'local_input_140_load' <Predicate = (!icmp_ln65)> <Delay = 3.25> <CoreInst = "RAM">   --->   Core 82 'RAM' <Latency = 1> <II = 1> <Delay = 3.25> <Storage> <Opcode : 'load' 'store'> <Ports = 2> <Width = 32> <Depth = 228> <RAM>
ST_1 : Operation 321 [1/1] (0.00ns)   --->   "%local_input_141_addr = getelementptr i32 %local_input_141, i64 0, i64 %zext_ln65_1" [conv.cpp:65]   --->   Operation 321 'getelementptr' 'local_input_141_addr' <Predicate = (!icmp_ln65)> <Delay = 0.00>
ST_1 : Operation 322 [2/2] (3.25ns)   --->   "%local_input_141_load = load i8 %local_input_141_addr" [conv.cpp:65]   --->   Operation 322 'load' 'local_input_141_load' <Predicate = (!icmp_ln65)> <Delay = 3.25> <CoreInst = "RAM">   --->   Core 82 'RAM' <Latency = 1> <II = 1> <Delay = 3.25> <Storage> <Opcode : 'load' 'store'> <Ports = 2> <Width = 32> <Depth = 228> <RAM>
ST_1 : Operation 323 [1/1] (0.00ns)   --->   "%local_input_142_addr = getelementptr i32 %local_input_142, i64 0, i64 %zext_ln65_1" [conv.cpp:65]   --->   Operation 323 'getelementptr' 'local_input_142_addr' <Predicate = (!icmp_ln65)> <Delay = 0.00>
ST_1 : Operation 324 [2/2] (3.25ns)   --->   "%local_input_142_load = load i8 %local_input_142_addr" [conv.cpp:65]   --->   Operation 324 'load' 'local_input_142_load' <Predicate = (!icmp_ln65)> <Delay = 3.25> <CoreInst = "RAM">   --->   Core 82 'RAM' <Latency = 1> <II = 1> <Delay = 3.25> <Storage> <Opcode : 'load' 'store'> <Ports = 2> <Width = 32> <Depth = 228> <RAM>
ST_1 : Operation 325 [1/1] (0.00ns)   --->   "%local_input_143_addr = getelementptr i32 %local_input_143, i64 0, i64 %zext_ln65_1" [conv.cpp:65]   --->   Operation 325 'getelementptr' 'local_input_143_addr' <Predicate = (!icmp_ln65)> <Delay = 0.00>
ST_1 : Operation 326 [2/2] (3.25ns)   --->   "%local_input_143_load = load i8 %local_input_143_addr" [conv.cpp:65]   --->   Operation 326 'load' 'local_input_143_load' <Predicate = (!icmp_ln65)> <Delay = 3.25> <CoreInst = "RAM">   --->   Core 82 'RAM' <Latency = 1> <II = 1> <Delay = 3.25> <Storage> <Opcode : 'load' 'store'> <Ports = 2> <Width = 32> <Depth = 228> <RAM>
ST_1 : Operation 327 [1/1] (0.00ns)   --->   "%local_input_144_addr = getelementptr i32 %local_input_144, i64 0, i64 %zext_ln65_1" [conv.cpp:65]   --->   Operation 327 'getelementptr' 'local_input_144_addr' <Predicate = (!icmp_ln65)> <Delay = 0.00>
ST_1 : Operation 328 [2/2] (3.25ns)   --->   "%local_input_144_load = load i8 %local_input_144_addr" [conv.cpp:65]   --->   Operation 328 'load' 'local_input_144_load' <Predicate = (!icmp_ln65)> <Delay = 3.25> <CoreInst = "RAM">   --->   Core 82 'RAM' <Latency = 1> <II = 1> <Delay = 3.25> <Storage> <Opcode : 'load' 'store'> <Ports = 2> <Width = 32> <Depth = 228> <RAM>
ST_1 : Operation 329 [1/1] (0.00ns)   --->   "%local_input_145_addr = getelementptr i32 %local_input_145, i64 0, i64 %zext_ln65_1" [conv.cpp:65]   --->   Operation 329 'getelementptr' 'local_input_145_addr' <Predicate = (!icmp_ln65)> <Delay = 0.00>
ST_1 : Operation 330 [2/2] (3.25ns)   --->   "%local_input_145_load = load i8 %local_input_145_addr" [conv.cpp:65]   --->   Operation 330 'load' 'local_input_145_load' <Predicate = (!icmp_ln65)> <Delay = 3.25> <CoreInst = "RAM">   --->   Core 82 'RAM' <Latency = 1> <II = 1> <Delay = 3.25> <Storage> <Opcode : 'load' 'store'> <Ports = 2> <Width = 32> <Depth = 228> <RAM>
ST_1 : Operation 331 [1/1] (0.00ns)   --->   "%local_input_146_addr = getelementptr i32 %local_input_146, i64 0, i64 %zext_ln65_1" [conv.cpp:65]   --->   Operation 331 'getelementptr' 'local_input_146_addr' <Predicate = (!icmp_ln65)> <Delay = 0.00>
ST_1 : Operation 332 [2/2] (3.25ns)   --->   "%local_input_146_load = load i8 %local_input_146_addr" [conv.cpp:65]   --->   Operation 332 'load' 'local_input_146_load' <Predicate = (!icmp_ln65)> <Delay = 3.25> <CoreInst = "RAM">   --->   Core 82 'RAM' <Latency = 1> <II = 1> <Delay = 3.25> <Storage> <Opcode : 'load' 'store'> <Ports = 2> <Width = 32> <Depth = 228> <RAM>
ST_1 : Operation 333 [1/1] (0.00ns)   --->   "%local_input_147_addr = getelementptr i32 %local_input_147, i64 0, i64 %zext_ln65_1" [conv.cpp:65]   --->   Operation 333 'getelementptr' 'local_input_147_addr' <Predicate = (!icmp_ln65)> <Delay = 0.00>
ST_1 : Operation 334 [2/2] (3.25ns)   --->   "%local_input_147_load = load i8 %local_input_147_addr" [conv.cpp:65]   --->   Operation 334 'load' 'local_input_147_load' <Predicate = (!icmp_ln65)> <Delay = 3.25> <CoreInst = "RAM">   --->   Core 82 'RAM' <Latency = 1> <II = 1> <Delay = 3.25> <Storage> <Opcode : 'load' 'store'> <Ports = 2> <Width = 32> <Depth = 228> <RAM>
ST_1 : Operation 335 [1/1] (0.00ns)   --->   "%local_input_148_addr = getelementptr i32 %local_input_148, i64 0, i64 %zext_ln65_1" [conv.cpp:65]   --->   Operation 335 'getelementptr' 'local_input_148_addr' <Predicate = (!icmp_ln65)> <Delay = 0.00>
ST_1 : Operation 336 [2/2] (3.25ns)   --->   "%local_input_148_load = load i8 %local_input_148_addr" [conv.cpp:65]   --->   Operation 336 'load' 'local_input_148_load' <Predicate = (!icmp_ln65)> <Delay = 3.25> <CoreInst = "RAM">   --->   Core 82 'RAM' <Latency = 1> <II = 1> <Delay = 3.25> <Storage> <Opcode : 'load' 'store'> <Ports = 2> <Width = 32> <Depth = 228> <RAM>
ST_1 : Operation 337 [1/1] (0.00ns)   --->   "%local_input_149_addr = getelementptr i32 %local_input_149, i64 0, i64 %zext_ln65_1" [conv.cpp:65]   --->   Operation 337 'getelementptr' 'local_input_149_addr' <Predicate = (!icmp_ln65)> <Delay = 0.00>
ST_1 : Operation 338 [2/2] (3.25ns)   --->   "%local_input_149_load = load i8 %local_input_149_addr" [conv.cpp:65]   --->   Operation 338 'load' 'local_input_149_load' <Predicate = (!icmp_ln65)> <Delay = 3.25> <CoreInst = "RAM">   --->   Core 82 'RAM' <Latency = 1> <II = 1> <Delay = 3.25> <Storage> <Opcode : 'load' 'store'> <Ports = 2> <Width = 32> <Depth = 228> <RAM>
ST_1 : Operation 339 [1/1] (0.00ns)   --->   "%local_input_150_addr = getelementptr i32 %local_input_150, i64 0, i64 %zext_ln65_1" [conv.cpp:65]   --->   Operation 339 'getelementptr' 'local_input_150_addr' <Predicate = (!icmp_ln65)> <Delay = 0.00>
ST_1 : Operation 340 [2/2] (3.25ns)   --->   "%local_input_150_load = load i8 %local_input_150_addr" [conv.cpp:65]   --->   Operation 340 'load' 'local_input_150_load' <Predicate = (!icmp_ln65)> <Delay = 3.25> <CoreInst = "RAM">   --->   Core 82 'RAM' <Latency = 1> <II = 1> <Delay = 3.25> <Storage> <Opcode : 'load' 'store'> <Ports = 2> <Width = 32> <Depth = 228> <RAM>
ST_1 : Operation 341 [1/1] (0.00ns)   --->   "%local_input_151_addr = getelementptr i32 %local_input_151, i64 0, i64 %zext_ln65_1" [conv.cpp:65]   --->   Operation 341 'getelementptr' 'local_input_151_addr' <Predicate = (!icmp_ln65)> <Delay = 0.00>
ST_1 : Operation 342 [2/2] (3.25ns)   --->   "%local_input_151_load = load i8 %local_input_151_addr" [conv.cpp:65]   --->   Operation 342 'load' 'local_input_151_load' <Predicate = (!icmp_ln65)> <Delay = 3.25> <CoreInst = "RAM">   --->   Core 82 'RAM' <Latency = 1> <II = 1> <Delay = 3.25> <Storage> <Opcode : 'load' 'store'> <Ports = 2> <Width = 32> <Depth = 228> <RAM>
ST_1 : Operation 343 [1/1] (0.00ns)   --->   "%local_input_152_addr = getelementptr i32 %local_input_152, i64 0, i64 %zext_ln65_1" [conv.cpp:65]   --->   Operation 343 'getelementptr' 'local_input_152_addr' <Predicate = (!icmp_ln65)> <Delay = 0.00>
ST_1 : Operation 344 [2/2] (3.25ns)   --->   "%local_input_152_load = load i8 %local_input_152_addr" [conv.cpp:65]   --->   Operation 344 'load' 'local_input_152_load' <Predicate = (!icmp_ln65)> <Delay = 3.25> <CoreInst = "RAM">   --->   Core 82 'RAM' <Latency = 1> <II = 1> <Delay = 3.25> <Storage> <Opcode : 'load' 'store'> <Ports = 2> <Width = 32> <Depth = 228> <RAM>
ST_1 : Operation 345 [1/1] (0.00ns)   --->   "%local_input_153_addr = getelementptr i32 %local_input_153, i64 0, i64 %zext_ln65_1" [conv.cpp:65]   --->   Operation 345 'getelementptr' 'local_input_153_addr' <Predicate = (!icmp_ln65)> <Delay = 0.00>
ST_1 : Operation 346 [2/2] (3.25ns)   --->   "%local_input_153_load = load i8 %local_input_153_addr" [conv.cpp:65]   --->   Operation 346 'load' 'local_input_153_load' <Predicate = (!icmp_ln65)> <Delay = 3.25> <CoreInst = "RAM">   --->   Core 82 'RAM' <Latency = 1> <II = 1> <Delay = 3.25> <Storage> <Opcode : 'load' 'store'> <Ports = 2> <Width = 32> <Depth = 228> <RAM>
ST_1 : Operation 347 [1/1] (0.00ns)   --->   "%local_input_154_addr = getelementptr i32 %local_input_154, i64 0, i64 %zext_ln65_1" [conv.cpp:65]   --->   Operation 347 'getelementptr' 'local_input_154_addr' <Predicate = (!icmp_ln65)> <Delay = 0.00>
ST_1 : Operation 348 [2/2] (3.25ns)   --->   "%local_input_154_load = load i8 %local_input_154_addr" [conv.cpp:65]   --->   Operation 348 'load' 'local_input_154_load' <Predicate = (!icmp_ln65)> <Delay = 3.25> <CoreInst = "RAM">   --->   Core 82 'RAM' <Latency = 1> <II = 1> <Delay = 3.25> <Storage> <Opcode : 'load' 'store'> <Ports = 2> <Width = 32> <Depth = 228> <RAM>
ST_1 : Operation 349 [1/1] (0.00ns)   --->   "%local_input_155_addr = getelementptr i32 %local_input_155, i64 0, i64 %zext_ln65_1" [conv.cpp:65]   --->   Operation 349 'getelementptr' 'local_input_155_addr' <Predicate = (!icmp_ln65)> <Delay = 0.00>
ST_1 : Operation 350 [2/2] (3.25ns)   --->   "%local_input_155_load = load i8 %local_input_155_addr" [conv.cpp:65]   --->   Operation 350 'load' 'local_input_155_load' <Predicate = (!icmp_ln65)> <Delay = 3.25> <CoreInst = "RAM">   --->   Core 82 'RAM' <Latency = 1> <II = 1> <Delay = 3.25> <Storage> <Opcode : 'load' 'store'> <Ports = 2> <Width = 32> <Depth = 228> <RAM>
ST_1 : Operation 351 [1/1] (0.00ns)   --->   "%local_input_156_addr = getelementptr i32 %local_input_156, i64 0, i64 %zext_ln65_1" [conv.cpp:65]   --->   Operation 351 'getelementptr' 'local_input_156_addr' <Predicate = (!icmp_ln65)> <Delay = 0.00>
ST_1 : Operation 352 [2/2] (3.25ns)   --->   "%local_input_156_load = load i8 %local_input_156_addr" [conv.cpp:65]   --->   Operation 352 'load' 'local_input_156_load' <Predicate = (!icmp_ln65)> <Delay = 3.25> <CoreInst = "RAM">   --->   Core 82 'RAM' <Latency = 1> <II = 1> <Delay = 3.25> <Storage> <Opcode : 'load' 'store'> <Ports = 2> <Width = 32> <Depth = 228> <RAM>
ST_1 : Operation 353 [1/1] (0.00ns)   --->   "%local_input_157_addr = getelementptr i32 %local_input_157, i64 0, i64 %zext_ln65_1" [conv.cpp:65]   --->   Operation 353 'getelementptr' 'local_input_157_addr' <Predicate = (!icmp_ln65)> <Delay = 0.00>
ST_1 : Operation 354 [2/2] (3.25ns)   --->   "%local_input_157_load = load i8 %local_input_157_addr" [conv.cpp:65]   --->   Operation 354 'load' 'local_input_157_load' <Predicate = (!icmp_ln65)> <Delay = 3.25> <CoreInst = "RAM">   --->   Core 82 'RAM' <Latency = 1> <II = 1> <Delay = 3.25> <Storage> <Opcode : 'load' 'store'> <Ports = 2> <Width = 32> <Depth = 228> <RAM>
ST_1 : Operation 355 [1/1] (0.00ns)   --->   "%local_input_158_addr = getelementptr i32 %local_input_158, i64 0, i64 %zext_ln65_1" [conv.cpp:65]   --->   Operation 355 'getelementptr' 'local_input_158_addr' <Predicate = (!icmp_ln65)> <Delay = 0.00>
ST_1 : Operation 356 [2/2] (3.25ns)   --->   "%local_input_158_load = load i8 %local_input_158_addr" [conv.cpp:65]   --->   Operation 356 'load' 'local_input_158_load' <Predicate = (!icmp_ln65)> <Delay = 3.25> <CoreInst = "RAM">   --->   Core 82 'RAM' <Latency = 1> <II = 1> <Delay = 3.25> <Storage> <Opcode : 'load' 'store'> <Ports = 2> <Width = 32> <Depth = 228> <RAM>
ST_1 : Operation 357 [1/1] (0.00ns)   --->   "%local_input_159_addr = getelementptr i32 %local_input_159, i64 0, i64 %zext_ln65_1" [conv.cpp:65]   --->   Operation 357 'getelementptr' 'local_input_159_addr' <Predicate = (!icmp_ln65)> <Delay = 0.00>
ST_1 : Operation 358 [2/2] (3.25ns)   --->   "%local_input_159_load = load i8 %local_input_159_addr" [conv.cpp:65]   --->   Operation 358 'load' 'local_input_159_load' <Predicate = (!icmp_ln65)> <Delay = 3.25> <CoreInst = "RAM">   --->   Core 82 'RAM' <Latency = 1> <II = 1> <Delay = 3.25> <Storage> <Opcode : 'load' 'store'> <Ports = 2> <Width = 32> <Depth = 228> <RAM>
ST_1 : Operation 359 [1/1] (0.00ns)   --->   "%local_input_160_addr = getelementptr i32 %local_input_160, i64 0, i64 %zext_ln65_1" [conv.cpp:65]   --->   Operation 359 'getelementptr' 'local_input_160_addr' <Predicate = (!icmp_ln65)> <Delay = 0.00>
ST_1 : Operation 360 [2/2] (3.25ns)   --->   "%local_input_160_load = load i8 %local_input_160_addr" [conv.cpp:65]   --->   Operation 360 'load' 'local_input_160_load' <Predicate = (!icmp_ln65)> <Delay = 3.25> <CoreInst = "RAM">   --->   Core 82 'RAM' <Latency = 1> <II = 1> <Delay = 3.25> <Storage> <Opcode : 'load' 'store'> <Ports = 2> <Width = 32> <Depth = 228> <RAM>
ST_1 : Operation 361 [1/1] (0.00ns)   --->   "%local_input_161_addr = getelementptr i32 %local_input_161, i64 0, i64 %zext_ln65_1" [conv.cpp:65]   --->   Operation 361 'getelementptr' 'local_input_161_addr' <Predicate = (!icmp_ln65)> <Delay = 0.00>
ST_1 : Operation 362 [2/2] (3.25ns)   --->   "%local_input_161_load = load i8 %local_input_161_addr" [conv.cpp:65]   --->   Operation 362 'load' 'local_input_161_load' <Predicate = (!icmp_ln65)> <Delay = 3.25> <CoreInst = "RAM">   --->   Core 82 'RAM' <Latency = 1> <II = 1> <Delay = 3.25> <Storage> <Opcode : 'load' 'store'> <Ports = 2> <Width = 32> <Depth = 228> <RAM>
ST_1 : Operation 363 [1/1] (0.00ns)   --->   "%local_input_162_addr = getelementptr i32 %local_input_162, i64 0, i64 %zext_ln65_1" [conv.cpp:65]   --->   Operation 363 'getelementptr' 'local_input_162_addr' <Predicate = (!icmp_ln65)> <Delay = 0.00>
ST_1 : Operation 364 [2/2] (3.25ns)   --->   "%local_input_162_load = load i8 %local_input_162_addr" [conv.cpp:65]   --->   Operation 364 'load' 'local_input_162_load' <Predicate = (!icmp_ln65)> <Delay = 3.25> <CoreInst = "RAM">   --->   Core 82 'RAM' <Latency = 1> <II = 1> <Delay = 3.25> <Storage> <Opcode : 'load' 'store'> <Ports = 2> <Width = 32> <Depth = 228> <RAM>
ST_1 : Operation 365 [1/1] (0.00ns)   --->   "%local_input_163_addr = getelementptr i32 %local_input_163, i64 0, i64 %zext_ln65_1" [conv.cpp:65]   --->   Operation 365 'getelementptr' 'local_input_163_addr' <Predicate = (!icmp_ln65)> <Delay = 0.00>
ST_1 : Operation 366 [2/2] (3.25ns)   --->   "%local_input_163_load = load i8 %local_input_163_addr" [conv.cpp:65]   --->   Operation 366 'load' 'local_input_163_load' <Predicate = (!icmp_ln65)> <Delay = 3.25> <CoreInst = "RAM">   --->   Core 82 'RAM' <Latency = 1> <II = 1> <Delay = 3.25> <Storage> <Opcode : 'load' 'store'> <Ports = 2> <Width = 32> <Depth = 228> <RAM>
ST_1 : Operation 367 [1/1] (0.00ns)   --->   "%local_input_164_addr = getelementptr i32 %local_input_164, i64 0, i64 %zext_ln65_1" [conv.cpp:65]   --->   Operation 367 'getelementptr' 'local_input_164_addr' <Predicate = (!icmp_ln65)> <Delay = 0.00>
ST_1 : Operation 368 [2/2] (3.25ns)   --->   "%local_input_164_load = load i8 %local_input_164_addr" [conv.cpp:65]   --->   Operation 368 'load' 'local_input_164_load' <Predicate = (!icmp_ln65)> <Delay = 3.25> <CoreInst = "RAM">   --->   Core 82 'RAM' <Latency = 1> <II = 1> <Delay = 3.25> <Storage> <Opcode : 'load' 'store'> <Ports = 2> <Width = 32> <Depth = 228> <RAM>
ST_1 : Operation 369 [1/1] (0.00ns)   --->   "%local_input_165_addr = getelementptr i32 %local_input_165, i64 0, i64 %zext_ln65_1" [conv.cpp:65]   --->   Operation 369 'getelementptr' 'local_input_165_addr' <Predicate = (!icmp_ln65)> <Delay = 0.00>
ST_1 : Operation 370 [2/2] (3.25ns)   --->   "%local_input_165_load = load i8 %local_input_165_addr" [conv.cpp:65]   --->   Operation 370 'load' 'local_input_165_load' <Predicate = (!icmp_ln65)> <Delay = 3.25> <CoreInst = "RAM">   --->   Core 82 'RAM' <Latency = 1> <II = 1> <Delay = 3.25> <Storage> <Opcode : 'load' 'store'> <Ports = 2> <Width = 32> <Depth = 228> <RAM>
ST_1 : Operation 371 [1/1] (0.00ns)   --->   "%local_input_166_addr = getelementptr i32 %local_input_166, i64 0, i64 %zext_ln65_1" [conv.cpp:65]   --->   Operation 371 'getelementptr' 'local_input_166_addr' <Predicate = (!icmp_ln65)> <Delay = 0.00>
ST_1 : Operation 372 [2/2] (3.25ns)   --->   "%local_input_166_load = load i8 %local_input_166_addr" [conv.cpp:65]   --->   Operation 372 'load' 'local_input_166_load' <Predicate = (!icmp_ln65)> <Delay = 3.25> <CoreInst = "RAM">   --->   Core 82 'RAM' <Latency = 1> <II = 1> <Delay = 3.25> <Storage> <Opcode : 'load' 'store'> <Ports = 2> <Width = 32> <Depth = 228> <RAM>
ST_1 : Operation 373 [1/1] (0.00ns)   --->   "%local_input_167_addr = getelementptr i32 %local_input_167, i64 0, i64 %zext_ln65_1" [conv.cpp:65]   --->   Operation 373 'getelementptr' 'local_input_167_addr' <Predicate = (!icmp_ln65)> <Delay = 0.00>
ST_1 : Operation 374 [2/2] (3.25ns)   --->   "%local_input_167_load = load i8 %local_input_167_addr" [conv.cpp:65]   --->   Operation 374 'load' 'local_input_167_load' <Predicate = (!icmp_ln65)> <Delay = 3.25> <CoreInst = "RAM">   --->   Core 82 'RAM' <Latency = 1> <II = 1> <Delay = 3.25> <Storage> <Opcode : 'load' 'store'> <Ports = 2> <Width = 32> <Depth = 228> <RAM>
ST_1 : Operation 375 [1/1] (0.00ns)   --->   "%local_input_168_addr = getelementptr i32 %local_input_168, i64 0, i64 %zext_ln65_1" [conv.cpp:65]   --->   Operation 375 'getelementptr' 'local_input_168_addr' <Predicate = (!icmp_ln65)> <Delay = 0.00>
ST_1 : Operation 376 [2/2] (3.25ns)   --->   "%local_input_168_load = load i8 %local_input_168_addr" [conv.cpp:65]   --->   Operation 376 'load' 'local_input_168_load' <Predicate = (!icmp_ln65)> <Delay = 3.25> <CoreInst = "RAM">   --->   Core 82 'RAM' <Latency = 1> <II = 1> <Delay = 3.25> <Storage> <Opcode : 'load' 'store'> <Ports = 2> <Width = 32> <Depth = 228> <RAM>
ST_1 : Operation 377 [1/1] (0.00ns)   --->   "%local_input_169_addr = getelementptr i32 %local_input_169, i64 0, i64 %zext_ln65_1" [conv.cpp:65]   --->   Operation 377 'getelementptr' 'local_input_169_addr' <Predicate = (!icmp_ln65)> <Delay = 0.00>
ST_1 : Operation 378 [2/2] (3.25ns)   --->   "%local_input_169_load = load i8 %local_input_169_addr" [conv.cpp:65]   --->   Operation 378 'load' 'local_input_169_load' <Predicate = (!icmp_ln65)> <Delay = 3.25> <CoreInst = "RAM">   --->   Core 82 'RAM' <Latency = 1> <II = 1> <Delay = 3.25> <Storage> <Opcode : 'load' 'store'> <Ports = 2> <Width = 32> <Depth = 228> <RAM>
ST_1 : Operation 379 [1/1] (0.00ns)   --->   "%local_input_170_addr = getelementptr i32 %local_input_170, i64 0, i64 %zext_ln65_1" [conv.cpp:65]   --->   Operation 379 'getelementptr' 'local_input_170_addr' <Predicate = (!icmp_ln65)> <Delay = 0.00>
ST_1 : Operation 380 [2/2] (3.25ns)   --->   "%local_input_170_load = load i8 %local_input_170_addr" [conv.cpp:65]   --->   Operation 380 'load' 'local_input_170_load' <Predicate = (!icmp_ln65)> <Delay = 3.25> <CoreInst = "RAM">   --->   Core 82 'RAM' <Latency = 1> <II = 1> <Delay = 3.25> <Storage> <Opcode : 'load' 'store'> <Ports = 2> <Width = 32> <Depth = 228> <RAM>
ST_1 : Operation 381 [1/1] (0.00ns)   --->   "%local_input_171_addr = getelementptr i32 %local_input_171, i64 0, i64 %zext_ln65_1" [conv.cpp:65]   --->   Operation 381 'getelementptr' 'local_input_171_addr' <Predicate = (!icmp_ln65)> <Delay = 0.00>
ST_1 : Operation 382 [2/2] (3.25ns)   --->   "%local_input_171_load = load i8 %local_input_171_addr" [conv.cpp:65]   --->   Operation 382 'load' 'local_input_171_load' <Predicate = (!icmp_ln65)> <Delay = 3.25> <CoreInst = "RAM">   --->   Core 82 'RAM' <Latency = 1> <II = 1> <Delay = 3.25> <Storage> <Opcode : 'load' 'store'> <Ports = 2> <Width = 32> <Depth = 228> <RAM>
ST_1 : Operation 383 [1/1] (0.00ns)   --->   "%local_input_172_addr = getelementptr i32 %local_input_172, i64 0, i64 %zext_ln65_1" [conv.cpp:65]   --->   Operation 383 'getelementptr' 'local_input_172_addr' <Predicate = (!icmp_ln65)> <Delay = 0.00>
ST_1 : Operation 384 [2/2] (3.25ns)   --->   "%local_input_172_load = load i8 %local_input_172_addr" [conv.cpp:65]   --->   Operation 384 'load' 'local_input_172_load' <Predicate = (!icmp_ln65)> <Delay = 3.25> <CoreInst = "RAM">   --->   Core 82 'RAM' <Latency = 1> <II = 1> <Delay = 3.25> <Storage> <Opcode : 'load' 'store'> <Ports = 2> <Width = 32> <Depth = 228> <RAM>
ST_1 : Operation 385 [1/1] (0.00ns)   --->   "%local_input_173_addr = getelementptr i32 %local_input_173, i64 0, i64 %zext_ln65_1" [conv.cpp:65]   --->   Operation 385 'getelementptr' 'local_input_173_addr' <Predicate = (!icmp_ln65)> <Delay = 0.00>
ST_1 : Operation 386 [2/2] (3.25ns)   --->   "%local_input_173_load = load i8 %local_input_173_addr" [conv.cpp:65]   --->   Operation 386 'load' 'local_input_173_load' <Predicate = (!icmp_ln65)> <Delay = 3.25> <CoreInst = "RAM">   --->   Core 82 'RAM' <Latency = 1> <II = 1> <Delay = 3.25> <Storage> <Opcode : 'load' 'store'> <Ports = 2> <Width = 32> <Depth = 228> <RAM>
ST_1 : Operation 387 [1/1] (0.00ns)   --->   "%local_input_174_addr = getelementptr i32 %local_input_174, i64 0, i64 %zext_ln65_1" [conv.cpp:65]   --->   Operation 387 'getelementptr' 'local_input_174_addr' <Predicate = (!icmp_ln65)> <Delay = 0.00>
ST_1 : Operation 388 [2/2] (3.25ns)   --->   "%local_input_174_load = load i8 %local_input_174_addr" [conv.cpp:65]   --->   Operation 388 'load' 'local_input_174_load' <Predicate = (!icmp_ln65)> <Delay = 3.25> <CoreInst = "RAM">   --->   Core 82 'RAM' <Latency = 1> <II = 1> <Delay = 3.25> <Storage> <Opcode : 'load' 'store'> <Ports = 2> <Width = 32> <Depth = 228> <RAM>
ST_1 : Operation 389 [1/1] (0.00ns)   --->   "%local_input_175_addr = getelementptr i32 %local_input_175, i64 0, i64 %zext_ln65_1" [conv.cpp:65]   --->   Operation 389 'getelementptr' 'local_input_175_addr' <Predicate = (!icmp_ln65)> <Delay = 0.00>
ST_1 : Operation 390 [2/2] (3.25ns)   --->   "%local_input_175_load = load i8 %local_input_175_addr" [conv.cpp:65]   --->   Operation 390 'load' 'local_input_175_load' <Predicate = (!icmp_ln65)> <Delay = 3.25> <CoreInst = "RAM">   --->   Core 82 'RAM' <Latency = 1> <II = 1> <Delay = 3.25> <Storage> <Opcode : 'load' 'store'> <Ports = 2> <Width = 32> <Depth = 228> <RAM>
ST_1 : Operation 391 [1/1] (0.00ns)   --->   "%local_input_176_addr = getelementptr i32 %local_input_176, i64 0, i64 %zext_ln65_1" [conv.cpp:65]   --->   Operation 391 'getelementptr' 'local_input_176_addr' <Predicate = (!icmp_ln65)> <Delay = 0.00>
ST_1 : Operation 392 [2/2] (3.25ns)   --->   "%local_input_176_load = load i8 %local_input_176_addr" [conv.cpp:65]   --->   Operation 392 'load' 'local_input_176_load' <Predicate = (!icmp_ln65)> <Delay = 3.25> <CoreInst = "RAM">   --->   Core 82 'RAM' <Latency = 1> <II = 1> <Delay = 3.25> <Storage> <Opcode : 'load' 'store'> <Ports = 2> <Width = 32> <Depth = 228> <RAM>
ST_1 : Operation 393 [1/1] (0.00ns)   --->   "%local_input_177_addr = getelementptr i32 %local_input_177, i64 0, i64 %zext_ln65_1" [conv.cpp:65]   --->   Operation 393 'getelementptr' 'local_input_177_addr' <Predicate = (!icmp_ln65)> <Delay = 0.00>
ST_1 : Operation 394 [2/2] (3.25ns)   --->   "%local_input_177_load = load i8 %local_input_177_addr" [conv.cpp:65]   --->   Operation 394 'load' 'local_input_177_load' <Predicate = (!icmp_ln65)> <Delay = 3.25> <CoreInst = "RAM">   --->   Core 82 'RAM' <Latency = 1> <II = 1> <Delay = 3.25> <Storage> <Opcode : 'load' 'store'> <Ports = 2> <Width = 32> <Depth = 228> <RAM>
ST_1 : Operation 395 [1/1] (0.00ns)   --->   "%local_input_178_addr = getelementptr i32 %local_input_178, i64 0, i64 %zext_ln65_1" [conv.cpp:65]   --->   Operation 395 'getelementptr' 'local_input_178_addr' <Predicate = (!icmp_ln65)> <Delay = 0.00>
ST_1 : Operation 396 [2/2] (3.25ns)   --->   "%local_input_178_load = load i8 %local_input_178_addr" [conv.cpp:65]   --->   Operation 396 'load' 'local_input_178_load' <Predicate = (!icmp_ln65)> <Delay = 3.25> <CoreInst = "RAM">   --->   Core 82 'RAM' <Latency = 1> <II = 1> <Delay = 3.25> <Storage> <Opcode : 'load' 'store'> <Ports = 2> <Width = 32> <Depth = 228> <RAM>
ST_1 : Operation 397 [1/1] (0.00ns)   --->   "%local_input_179_addr = getelementptr i32 %local_input_179, i64 0, i64 %zext_ln65_1" [conv.cpp:65]   --->   Operation 397 'getelementptr' 'local_input_179_addr' <Predicate = (!icmp_ln65)> <Delay = 0.00>
ST_1 : Operation 398 [2/2] (3.25ns)   --->   "%local_input_179_load = load i8 %local_input_179_addr" [conv.cpp:65]   --->   Operation 398 'load' 'local_input_179_load' <Predicate = (!icmp_ln65)> <Delay = 3.25> <CoreInst = "RAM">   --->   Core 82 'RAM' <Latency = 1> <II = 1> <Delay = 3.25> <Storage> <Opcode : 'load' 'store'> <Ports = 2> <Width = 32> <Depth = 228> <RAM>
ST_1 : Operation 399 [1/1] (0.00ns)   --->   "%local_input_180_addr = getelementptr i32 %local_input_180, i64 0, i64 %zext_ln65_1" [conv.cpp:65]   --->   Operation 399 'getelementptr' 'local_input_180_addr' <Predicate = (!icmp_ln65)> <Delay = 0.00>
ST_1 : Operation 400 [2/2] (3.25ns)   --->   "%local_input_180_load = load i8 %local_input_180_addr" [conv.cpp:65]   --->   Operation 400 'load' 'local_input_180_load' <Predicate = (!icmp_ln65)> <Delay = 3.25> <CoreInst = "RAM">   --->   Core 82 'RAM' <Latency = 1> <II = 1> <Delay = 3.25> <Storage> <Opcode : 'load' 'store'> <Ports = 2> <Width = 32> <Depth = 228> <RAM>
ST_1 : Operation 401 [1/1] (0.00ns)   --->   "%local_input_181_addr = getelementptr i32 %local_input_181, i64 0, i64 %zext_ln65_1" [conv.cpp:65]   --->   Operation 401 'getelementptr' 'local_input_181_addr' <Predicate = (!icmp_ln65)> <Delay = 0.00>
ST_1 : Operation 402 [2/2] (3.25ns)   --->   "%local_input_181_load = load i8 %local_input_181_addr" [conv.cpp:65]   --->   Operation 402 'load' 'local_input_181_load' <Predicate = (!icmp_ln65)> <Delay = 3.25> <CoreInst = "RAM">   --->   Core 82 'RAM' <Latency = 1> <II = 1> <Delay = 3.25> <Storage> <Opcode : 'load' 'store'> <Ports = 2> <Width = 32> <Depth = 228> <RAM>
ST_1 : Operation 403 [1/1] (0.00ns)   --->   "%local_input_182_addr = getelementptr i32 %local_input_182, i64 0, i64 %zext_ln65_1" [conv.cpp:65]   --->   Operation 403 'getelementptr' 'local_input_182_addr' <Predicate = (!icmp_ln65)> <Delay = 0.00>
ST_1 : Operation 404 [2/2] (3.25ns)   --->   "%local_input_182_load = load i8 %local_input_182_addr" [conv.cpp:65]   --->   Operation 404 'load' 'local_input_182_load' <Predicate = (!icmp_ln65)> <Delay = 3.25> <CoreInst = "RAM">   --->   Core 82 'RAM' <Latency = 1> <II = 1> <Delay = 3.25> <Storage> <Opcode : 'load' 'store'> <Ports = 2> <Width = 32> <Depth = 228> <RAM>
ST_1 : Operation 405 [1/1] (0.00ns)   --->   "%local_input_183_addr = getelementptr i32 %local_input_183, i64 0, i64 %zext_ln65_1" [conv.cpp:65]   --->   Operation 405 'getelementptr' 'local_input_183_addr' <Predicate = (!icmp_ln65)> <Delay = 0.00>
ST_1 : Operation 406 [2/2] (3.25ns)   --->   "%local_input_183_load = load i8 %local_input_183_addr" [conv.cpp:65]   --->   Operation 406 'load' 'local_input_183_load' <Predicate = (!icmp_ln65)> <Delay = 3.25> <CoreInst = "RAM">   --->   Core 82 'RAM' <Latency = 1> <II = 1> <Delay = 3.25> <Storage> <Opcode : 'load' 'store'> <Ports = 2> <Width = 32> <Depth = 228> <RAM>
ST_1 : Operation 407 [1/1] (0.00ns)   --->   "%local_input_184_addr = getelementptr i32 %local_input_184, i64 0, i64 %zext_ln65_1" [conv.cpp:65]   --->   Operation 407 'getelementptr' 'local_input_184_addr' <Predicate = (!icmp_ln65)> <Delay = 0.00>
ST_1 : Operation 408 [2/2] (3.25ns)   --->   "%local_input_184_load = load i8 %local_input_184_addr" [conv.cpp:65]   --->   Operation 408 'load' 'local_input_184_load' <Predicate = (!icmp_ln65)> <Delay = 3.25> <CoreInst = "RAM">   --->   Core 82 'RAM' <Latency = 1> <II = 1> <Delay = 3.25> <Storage> <Opcode : 'load' 'store'> <Ports = 2> <Width = 32> <Depth = 228> <RAM>
ST_1 : Operation 409 [1/1] (0.00ns)   --->   "%local_input_185_addr = getelementptr i32 %local_input_185, i64 0, i64 %zext_ln65_1" [conv.cpp:65]   --->   Operation 409 'getelementptr' 'local_input_185_addr' <Predicate = (!icmp_ln65)> <Delay = 0.00>
ST_1 : Operation 410 [2/2] (3.25ns)   --->   "%local_input_185_load = load i8 %local_input_185_addr" [conv.cpp:65]   --->   Operation 410 'load' 'local_input_185_load' <Predicate = (!icmp_ln65)> <Delay = 3.25> <CoreInst = "RAM">   --->   Core 82 'RAM' <Latency = 1> <II = 1> <Delay = 3.25> <Storage> <Opcode : 'load' 'store'> <Ports = 2> <Width = 32> <Depth = 228> <RAM>
ST_1 : Operation 411 [1/1] (0.00ns)   --->   "%local_input_186_addr = getelementptr i32 %local_input_186, i64 0, i64 %zext_ln65_1" [conv.cpp:65]   --->   Operation 411 'getelementptr' 'local_input_186_addr' <Predicate = (!icmp_ln65)> <Delay = 0.00>
ST_1 : Operation 412 [2/2] (3.25ns)   --->   "%local_input_186_load = load i8 %local_input_186_addr" [conv.cpp:65]   --->   Operation 412 'load' 'local_input_186_load' <Predicate = (!icmp_ln65)> <Delay = 3.25> <CoreInst = "RAM">   --->   Core 82 'RAM' <Latency = 1> <II = 1> <Delay = 3.25> <Storage> <Opcode : 'load' 'store'> <Ports = 2> <Width = 32> <Depth = 228> <RAM>
ST_1 : Operation 413 [1/1] (0.00ns)   --->   "%local_input_187_addr = getelementptr i32 %local_input_187, i64 0, i64 %zext_ln65_1" [conv.cpp:65]   --->   Operation 413 'getelementptr' 'local_input_187_addr' <Predicate = (!icmp_ln65)> <Delay = 0.00>
ST_1 : Operation 414 [2/2] (3.25ns)   --->   "%local_input_187_load = load i8 %local_input_187_addr" [conv.cpp:65]   --->   Operation 414 'load' 'local_input_187_load' <Predicate = (!icmp_ln65)> <Delay = 3.25> <CoreInst = "RAM">   --->   Core 82 'RAM' <Latency = 1> <II = 1> <Delay = 3.25> <Storage> <Opcode : 'load' 'store'> <Ports = 2> <Width = 32> <Depth = 228> <RAM>
ST_1 : Operation 415 [1/1] (0.00ns)   --->   "%local_input_188_addr = getelementptr i32 %local_input_188, i64 0, i64 %zext_ln65_1" [conv.cpp:65]   --->   Operation 415 'getelementptr' 'local_input_188_addr' <Predicate = (!icmp_ln65)> <Delay = 0.00>
ST_1 : Operation 416 [2/2] (3.25ns)   --->   "%local_input_188_load = load i8 %local_input_188_addr" [conv.cpp:65]   --->   Operation 416 'load' 'local_input_188_load' <Predicate = (!icmp_ln65)> <Delay = 3.25> <CoreInst = "RAM">   --->   Core 82 'RAM' <Latency = 1> <II = 1> <Delay = 3.25> <Storage> <Opcode : 'load' 'store'> <Ports = 2> <Width = 32> <Depth = 228> <RAM>
ST_1 : Operation 417 [1/1] (0.00ns)   --->   "%local_input_189_addr = getelementptr i32 %local_input_189, i64 0, i64 %zext_ln65_1" [conv.cpp:65]   --->   Operation 417 'getelementptr' 'local_input_189_addr' <Predicate = (!icmp_ln65)> <Delay = 0.00>
ST_1 : Operation 418 [2/2] (3.25ns)   --->   "%local_input_189_load = load i8 %local_input_189_addr" [conv.cpp:65]   --->   Operation 418 'load' 'local_input_189_load' <Predicate = (!icmp_ln65)> <Delay = 3.25> <CoreInst = "RAM">   --->   Core 82 'RAM' <Latency = 1> <II = 1> <Delay = 3.25> <Storage> <Opcode : 'load' 'store'> <Ports = 2> <Width = 32> <Depth = 228> <RAM>
ST_1 : Operation 419 [1/1] (0.00ns)   --->   "%local_input_190_addr = getelementptr i32 %local_input_190, i64 0, i64 %zext_ln65_1" [conv.cpp:65]   --->   Operation 419 'getelementptr' 'local_input_190_addr' <Predicate = (!icmp_ln65)> <Delay = 0.00>
ST_1 : Operation 420 [2/2] (3.25ns)   --->   "%local_input_190_load = load i8 %local_input_190_addr" [conv.cpp:65]   --->   Operation 420 'load' 'local_input_190_load' <Predicate = (!icmp_ln65)> <Delay = 3.25> <CoreInst = "RAM">   --->   Core 82 'RAM' <Latency = 1> <II = 1> <Delay = 3.25> <Storage> <Opcode : 'load' 'store'> <Ports = 2> <Width = 32> <Depth = 228> <RAM>
ST_1 : Operation 421 [1/1] (0.00ns)   --->   "%local_input_191_addr = getelementptr i32 %local_input_191, i64 0, i64 %zext_ln65_1" [conv.cpp:65]   --->   Operation 421 'getelementptr' 'local_input_191_addr' <Predicate = (!icmp_ln65)> <Delay = 0.00>
ST_1 : Operation 422 [2/2] (3.25ns)   --->   "%local_input_191_load = load i8 %local_input_191_addr" [conv.cpp:65]   --->   Operation 422 'load' 'local_input_191_load' <Predicate = (!icmp_ln65)> <Delay = 3.25> <CoreInst = "RAM">   --->   Core 82 'RAM' <Latency = 1> <II = 1> <Delay = 3.25> <Storage> <Opcode : 'load' 'store'> <Ports = 2> <Width = 32> <Depth = 228> <RAM>
ST_1 : Operation 423 [1/1] (0.00ns)   --->   "%local_input_192_addr = getelementptr i32 %local_input_192, i64 0, i64 %zext_ln65_1" [conv.cpp:65]   --->   Operation 423 'getelementptr' 'local_input_192_addr' <Predicate = (!icmp_ln65)> <Delay = 0.00>
ST_1 : Operation 424 [2/2] (3.25ns)   --->   "%local_input_192_load = load i8 %local_input_192_addr" [conv.cpp:65]   --->   Operation 424 'load' 'local_input_192_load' <Predicate = (!icmp_ln65)> <Delay = 3.25> <CoreInst = "RAM">   --->   Core 82 'RAM' <Latency = 1> <II = 1> <Delay = 3.25> <Storage> <Opcode : 'load' 'store'> <Ports = 2> <Width = 32> <Depth = 228> <RAM>
ST_1 : Operation 425 [1/1] (0.00ns)   --->   "%local_input_193_addr = getelementptr i32 %local_input_193, i64 0, i64 %zext_ln65_1" [conv.cpp:65]   --->   Operation 425 'getelementptr' 'local_input_193_addr' <Predicate = (!icmp_ln65)> <Delay = 0.00>
ST_1 : Operation 426 [2/2] (3.25ns)   --->   "%local_input_193_load = load i8 %local_input_193_addr" [conv.cpp:65]   --->   Operation 426 'load' 'local_input_193_load' <Predicate = (!icmp_ln65)> <Delay = 3.25> <CoreInst = "RAM">   --->   Core 82 'RAM' <Latency = 1> <II = 1> <Delay = 3.25> <Storage> <Opcode : 'load' 'store'> <Ports = 2> <Width = 32> <Depth = 228> <RAM>
ST_1 : Operation 427 [1/1] (0.00ns)   --->   "%local_input_194_addr = getelementptr i32 %local_input_194, i64 0, i64 %zext_ln65_1" [conv.cpp:65]   --->   Operation 427 'getelementptr' 'local_input_194_addr' <Predicate = (!icmp_ln65)> <Delay = 0.00>
ST_1 : Operation 428 [2/2] (3.25ns)   --->   "%local_input_194_load = load i8 %local_input_194_addr" [conv.cpp:65]   --->   Operation 428 'load' 'local_input_194_load' <Predicate = (!icmp_ln65)> <Delay = 3.25> <CoreInst = "RAM">   --->   Core 82 'RAM' <Latency = 1> <II = 1> <Delay = 3.25> <Storage> <Opcode : 'load' 'store'> <Ports = 2> <Width = 32> <Depth = 228> <RAM>
ST_1 : Operation 429 [1/1] (0.00ns)   --->   "%local_input_195_addr = getelementptr i32 %local_input_195, i64 0, i64 %zext_ln65_1" [conv.cpp:65]   --->   Operation 429 'getelementptr' 'local_input_195_addr' <Predicate = (!icmp_ln65)> <Delay = 0.00>
ST_1 : Operation 430 [2/2] (3.25ns)   --->   "%local_input_195_load = load i8 %local_input_195_addr" [conv.cpp:65]   --->   Operation 430 'load' 'local_input_195_load' <Predicate = (!icmp_ln65)> <Delay = 3.25> <CoreInst = "RAM">   --->   Core 82 'RAM' <Latency = 1> <II = 1> <Delay = 3.25> <Storage> <Opcode : 'load' 'store'> <Ports = 2> <Width = 32> <Depth = 228> <RAM>
ST_1 : Operation 431 [1/1] (0.00ns)   --->   "%local_input_196_addr = getelementptr i32 %local_input_196, i64 0, i64 %zext_ln65_1" [conv.cpp:65]   --->   Operation 431 'getelementptr' 'local_input_196_addr' <Predicate = (!icmp_ln65)> <Delay = 0.00>
ST_1 : Operation 432 [2/2] (3.25ns)   --->   "%local_input_196_load = load i8 %local_input_196_addr" [conv.cpp:65]   --->   Operation 432 'load' 'local_input_196_load' <Predicate = (!icmp_ln65)> <Delay = 3.25> <CoreInst = "RAM">   --->   Core 82 'RAM' <Latency = 1> <II = 1> <Delay = 3.25> <Storage> <Opcode : 'load' 'store'> <Ports = 2> <Width = 32> <Depth = 228> <RAM>
ST_1 : Operation 433 [1/1] (0.00ns)   --->   "%local_input_197_addr = getelementptr i32 %local_input_197, i64 0, i64 %zext_ln65_1" [conv.cpp:65]   --->   Operation 433 'getelementptr' 'local_input_197_addr' <Predicate = (!icmp_ln65)> <Delay = 0.00>
ST_1 : Operation 434 [2/2] (3.25ns)   --->   "%local_input_197_load = load i8 %local_input_197_addr" [conv.cpp:65]   --->   Operation 434 'load' 'local_input_197_load' <Predicate = (!icmp_ln65)> <Delay = 3.25> <CoreInst = "RAM">   --->   Core 82 'RAM' <Latency = 1> <II = 1> <Delay = 3.25> <Storage> <Opcode : 'load' 'store'> <Ports = 2> <Width = 32> <Depth = 228> <RAM>
ST_1 : Operation 435 [1/1] (0.00ns)   --->   "%local_input_198_addr = getelementptr i32 %local_input_198, i64 0, i64 %zext_ln65_1" [conv.cpp:65]   --->   Operation 435 'getelementptr' 'local_input_198_addr' <Predicate = (!icmp_ln65)> <Delay = 0.00>
ST_1 : Operation 436 [2/2] (3.25ns)   --->   "%local_input_198_load = load i8 %local_input_198_addr" [conv.cpp:65]   --->   Operation 436 'load' 'local_input_198_load' <Predicate = (!icmp_ln65)> <Delay = 3.25> <CoreInst = "RAM">   --->   Core 82 'RAM' <Latency = 1> <II = 1> <Delay = 3.25> <Storage> <Opcode : 'load' 'store'> <Ports = 2> <Width = 32> <Depth = 228> <RAM>
ST_1 : Operation 437 [1/1] (0.00ns)   --->   "%local_input_199_addr = getelementptr i32 %local_input_199, i64 0, i64 %zext_ln65_1" [conv.cpp:65]   --->   Operation 437 'getelementptr' 'local_input_199_addr' <Predicate = (!icmp_ln65)> <Delay = 0.00>
ST_1 : Operation 438 [2/2] (3.25ns)   --->   "%local_input_199_load = load i8 %local_input_199_addr" [conv.cpp:65]   --->   Operation 438 'load' 'local_input_199_load' <Predicate = (!icmp_ln65)> <Delay = 3.25> <CoreInst = "RAM">   --->   Core 82 'RAM' <Latency = 1> <II = 1> <Delay = 3.25> <Storage> <Opcode : 'load' 'store'> <Ports = 2> <Width = 32> <Depth = 228> <RAM>
ST_1 : Operation 439 [1/1] (0.00ns)   --->   "%local_input_200_addr = getelementptr i32 %local_input_200, i64 0, i64 %zext_ln65_1" [conv.cpp:65]   --->   Operation 439 'getelementptr' 'local_input_200_addr' <Predicate = (!icmp_ln65)> <Delay = 0.00>
ST_1 : Operation 440 [2/2] (3.25ns)   --->   "%local_input_200_load = load i8 %local_input_200_addr" [conv.cpp:65]   --->   Operation 440 'load' 'local_input_200_load' <Predicate = (!icmp_ln65)> <Delay = 3.25> <CoreInst = "RAM">   --->   Core 82 'RAM' <Latency = 1> <II = 1> <Delay = 3.25> <Storage> <Opcode : 'load' 'store'> <Ports = 2> <Width = 32> <Depth = 228> <RAM>
ST_1 : Operation 441 [1/1] (0.00ns)   --->   "%local_input_201_addr = getelementptr i32 %local_input_201, i64 0, i64 %zext_ln65_1" [conv.cpp:65]   --->   Operation 441 'getelementptr' 'local_input_201_addr' <Predicate = (!icmp_ln65)> <Delay = 0.00>
ST_1 : Operation 442 [2/2] (3.25ns)   --->   "%local_input_201_load = load i8 %local_input_201_addr" [conv.cpp:65]   --->   Operation 442 'load' 'local_input_201_load' <Predicate = (!icmp_ln65)> <Delay = 3.25> <CoreInst = "RAM">   --->   Core 82 'RAM' <Latency = 1> <II = 1> <Delay = 3.25> <Storage> <Opcode : 'load' 'store'> <Ports = 2> <Width = 32> <Depth = 228> <RAM>
ST_1 : Operation 443 [1/1] (0.00ns)   --->   "%local_input_202_addr = getelementptr i32 %local_input_202, i64 0, i64 %zext_ln65_1" [conv.cpp:65]   --->   Operation 443 'getelementptr' 'local_input_202_addr' <Predicate = (!icmp_ln65)> <Delay = 0.00>
ST_1 : Operation 444 [2/2] (3.25ns)   --->   "%local_input_202_load = load i8 %local_input_202_addr" [conv.cpp:65]   --->   Operation 444 'load' 'local_input_202_load' <Predicate = (!icmp_ln65)> <Delay = 3.25> <CoreInst = "RAM">   --->   Core 82 'RAM' <Latency = 1> <II = 1> <Delay = 3.25> <Storage> <Opcode : 'load' 'store'> <Ports = 2> <Width = 32> <Depth = 228> <RAM>
ST_1 : Operation 445 [1/1] (0.00ns)   --->   "%local_input_203_addr = getelementptr i32 %local_input_203, i64 0, i64 %zext_ln65_1" [conv.cpp:65]   --->   Operation 445 'getelementptr' 'local_input_203_addr' <Predicate = (!icmp_ln65)> <Delay = 0.00>
ST_1 : Operation 446 [2/2] (3.25ns)   --->   "%local_input_203_load = load i8 %local_input_203_addr" [conv.cpp:65]   --->   Operation 446 'load' 'local_input_203_load' <Predicate = (!icmp_ln65)> <Delay = 3.25> <CoreInst = "RAM">   --->   Core 82 'RAM' <Latency = 1> <II = 1> <Delay = 3.25> <Storage> <Opcode : 'load' 'store'> <Ports = 2> <Width = 32> <Depth = 228> <RAM>
ST_1 : Operation 447 [1/1] (0.00ns)   --->   "%local_input_204_addr = getelementptr i32 %local_input_204, i64 0, i64 %zext_ln65_1" [conv.cpp:65]   --->   Operation 447 'getelementptr' 'local_input_204_addr' <Predicate = (!icmp_ln65)> <Delay = 0.00>
ST_1 : Operation 448 [2/2] (3.25ns)   --->   "%local_input_204_load = load i8 %local_input_204_addr" [conv.cpp:65]   --->   Operation 448 'load' 'local_input_204_load' <Predicate = (!icmp_ln65)> <Delay = 3.25> <CoreInst = "RAM">   --->   Core 82 'RAM' <Latency = 1> <II = 1> <Delay = 3.25> <Storage> <Opcode : 'load' 'store'> <Ports = 2> <Width = 32> <Depth = 228> <RAM>
ST_1 : Operation 449 [1/1] (0.00ns)   --->   "%local_input_205_addr = getelementptr i32 %local_input_205, i64 0, i64 %zext_ln65_1" [conv.cpp:65]   --->   Operation 449 'getelementptr' 'local_input_205_addr' <Predicate = (!icmp_ln65)> <Delay = 0.00>
ST_1 : Operation 450 [2/2] (3.25ns)   --->   "%local_input_205_load = load i8 %local_input_205_addr" [conv.cpp:65]   --->   Operation 450 'load' 'local_input_205_load' <Predicate = (!icmp_ln65)> <Delay = 3.25> <CoreInst = "RAM">   --->   Core 82 'RAM' <Latency = 1> <II = 1> <Delay = 3.25> <Storage> <Opcode : 'load' 'store'> <Ports = 2> <Width = 32> <Depth = 228> <RAM>
ST_1 : Operation 451 [1/1] (0.00ns)   --->   "%local_input_206_addr = getelementptr i32 %local_input_206, i64 0, i64 %zext_ln65_1" [conv.cpp:65]   --->   Operation 451 'getelementptr' 'local_input_206_addr' <Predicate = (!icmp_ln65)> <Delay = 0.00>
ST_1 : Operation 452 [2/2] (3.25ns)   --->   "%local_input_206_load = load i8 %local_input_206_addr" [conv.cpp:65]   --->   Operation 452 'load' 'local_input_206_load' <Predicate = (!icmp_ln65)> <Delay = 3.25> <CoreInst = "RAM">   --->   Core 82 'RAM' <Latency = 1> <II = 1> <Delay = 3.25> <Storage> <Opcode : 'load' 'store'> <Ports = 2> <Width = 32> <Depth = 228> <RAM>
ST_1 : Operation 453 [1/1] (0.00ns)   --->   "%local_input_207_addr = getelementptr i32 %local_input_207, i64 0, i64 %zext_ln65_1" [conv.cpp:65]   --->   Operation 453 'getelementptr' 'local_input_207_addr' <Predicate = (!icmp_ln65)> <Delay = 0.00>
ST_1 : Operation 454 [2/2] (3.25ns)   --->   "%local_input_207_load = load i8 %local_input_207_addr" [conv.cpp:65]   --->   Operation 454 'load' 'local_input_207_load' <Predicate = (!icmp_ln65)> <Delay = 3.25> <CoreInst = "RAM">   --->   Core 82 'RAM' <Latency = 1> <II = 1> <Delay = 3.25> <Storage> <Opcode : 'load' 'store'> <Ports = 2> <Width = 32> <Depth = 228> <RAM>
ST_1 : Operation 455 [1/1] (0.00ns)   --->   "%local_input_208_addr = getelementptr i32 %local_input_208, i64 0, i64 %zext_ln65_1" [conv.cpp:65]   --->   Operation 455 'getelementptr' 'local_input_208_addr' <Predicate = (!icmp_ln65)> <Delay = 0.00>
ST_1 : Operation 456 [2/2] (3.25ns)   --->   "%local_input_208_load = load i8 %local_input_208_addr" [conv.cpp:65]   --->   Operation 456 'load' 'local_input_208_load' <Predicate = (!icmp_ln65)> <Delay = 3.25> <CoreInst = "RAM">   --->   Core 82 'RAM' <Latency = 1> <II = 1> <Delay = 3.25> <Storage> <Opcode : 'load' 'store'> <Ports = 2> <Width = 32> <Depth = 228> <RAM>
ST_1 : Operation 457 [1/1] (0.00ns)   --->   "%local_input_209_addr = getelementptr i32 %local_input_209, i64 0, i64 %zext_ln65_1" [conv.cpp:65]   --->   Operation 457 'getelementptr' 'local_input_209_addr' <Predicate = (!icmp_ln65)> <Delay = 0.00>
ST_1 : Operation 458 [2/2] (3.25ns)   --->   "%local_input_209_load = load i8 %local_input_209_addr" [conv.cpp:65]   --->   Operation 458 'load' 'local_input_209_load' <Predicate = (!icmp_ln65)> <Delay = 3.25> <CoreInst = "RAM">   --->   Core 82 'RAM' <Latency = 1> <II = 1> <Delay = 3.25> <Storage> <Opcode : 'load' 'store'> <Ports = 2> <Width = 32> <Depth = 228> <RAM>
ST_1 : Operation 459 [1/1] (0.00ns)   --->   "%local_input_210_addr = getelementptr i32 %local_input_210, i64 0, i64 %zext_ln65_1" [conv.cpp:65]   --->   Operation 459 'getelementptr' 'local_input_210_addr' <Predicate = (!icmp_ln65)> <Delay = 0.00>
ST_1 : Operation 460 [2/2] (3.25ns)   --->   "%local_input_210_load = load i8 %local_input_210_addr" [conv.cpp:65]   --->   Operation 460 'load' 'local_input_210_load' <Predicate = (!icmp_ln65)> <Delay = 3.25> <CoreInst = "RAM">   --->   Core 82 'RAM' <Latency = 1> <II = 1> <Delay = 3.25> <Storage> <Opcode : 'load' 'store'> <Ports = 2> <Width = 32> <Depth = 228> <RAM>
ST_1 : Operation 461 [1/1] (0.00ns)   --->   "%local_input_211_addr = getelementptr i32 %local_input_211, i64 0, i64 %zext_ln65_1" [conv.cpp:65]   --->   Operation 461 'getelementptr' 'local_input_211_addr' <Predicate = (!icmp_ln65)> <Delay = 0.00>
ST_1 : Operation 462 [2/2] (3.25ns)   --->   "%local_input_211_load = load i8 %local_input_211_addr" [conv.cpp:65]   --->   Operation 462 'load' 'local_input_211_load' <Predicate = (!icmp_ln65)> <Delay = 3.25> <CoreInst = "RAM">   --->   Core 82 'RAM' <Latency = 1> <II = 1> <Delay = 3.25> <Storage> <Opcode : 'load' 'store'> <Ports = 2> <Width = 32> <Depth = 228> <RAM>
ST_1 : Operation 463 [1/1] (0.00ns)   --->   "%local_input_212_addr = getelementptr i32 %local_input_212, i64 0, i64 %zext_ln65_1" [conv.cpp:65]   --->   Operation 463 'getelementptr' 'local_input_212_addr' <Predicate = (!icmp_ln65)> <Delay = 0.00>
ST_1 : Operation 464 [2/2] (3.25ns)   --->   "%local_input_212_load = load i8 %local_input_212_addr" [conv.cpp:65]   --->   Operation 464 'load' 'local_input_212_load' <Predicate = (!icmp_ln65)> <Delay = 3.25> <CoreInst = "RAM">   --->   Core 82 'RAM' <Latency = 1> <II = 1> <Delay = 3.25> <Storage> <Opcode : 'load' 'store'> <Ports = 2> <Width = 32> <Depth = 228> <RAM>
ST_1 : Operation 465 [1/1] (0.00ns)   --->   "%local_input_213_addr = getelementptr i32 %local_input_213, i64 0, i64 %zext_ln65_1" [conv.cpp:65]   --->   Operation 465 'getelementptr' 'local_input_213_addr' <Predicate = (!icmp_ln65)> <Delay = 0.00>
ST_1 : Operation 466 [2/2] (3.25ns)   --->   "%local_input_213_load = load i8 %local_input_213_addr" [conv.cpp:65]   --->   Operation 466 'load' 'local_input_213_load' <Predicate = (!icmp_ln65)> <Delay = 3.25> <CoreInst = "RAM">   --->   Core 82 'RAM' <Latency = 1> <II = 1> <Delay = 3.25> <Storage> <Opcode : 'load' 'store'> <Ports = 2> <Width = 32> <Depth = 228> <RAM>
ST_1 : Operation 467 [1/1] (0.00ns)   --->   "%local_input_214_addr = getelementptr i32 %local_input_214, i64 0, i64 %zext_ln65_1" [conv.cpp:65]   --->   Operation 467 'getelementptr' 'local_input_214_addr' <Predicate = (!icmp_ln65)> <Delay = 0.00>
ST_1 : Operation 468 [2/2] (3.25ns)   --->   "%local_input_214_load = load i8 %local_input_214_addr" [conv.cpp:65]   --->   Operation 468 'load' 'local_input_214_load' <Predicate = (!icmp_ln65)> <Delay = 3.25> <CoreInst = "RAM">   --->   Core 82 'RAM' <Latency = 1> <II = 1> <Delay = 3.25> <Storage> <Opcode : 'load' 'store'> <Ports = 2> <Width = 32> <Depth = 228> <RAM>
ST_1 : Operation 469 [1/1] (0.00ns)   --->   "%local_input_215_addr = getelementptr i32 %local_input_215, i64 0, i64 %zext_ln65_1" [conv.cpp:65]   --->   Operation 469 'getelementptr' 'local_input_215_addr' <Predicate = (!icmp_ln65)> <Delay = 0.00>
ST_1 : Operation 470 [2/2] (3.25ns)   --->   "%local_input_215_load = load i8 %local_input_215_addr" [conv.cpp:65]   --->   Operation 470 'load' 'local_input_215_load' <Predicate = (!icmp_ln65)> <Delay = 3.25> <CoreInst = "RAM">   --->   Core 82 'RAM' <Latency = 1> <II = 1> <Delay = 3.25> <Storage> <Opcode : 'load' 'store'> <Ports = 2> <Width = 32> <Depth = 228> <RAM>
ST_1 : Operation 471 [1/1] (0.00ns)   --->   "%local_input_216_addr = getelementptr i32 %local_input_216, i64 0, i64 %zext_ln65_1" [conv.cpp:65]   --->   Operation 471 'getelementptr' 'local_input_216_addr' <Predicate = (!icmp_ln65)> <Delay = 0.00>
ST_1 : Operation 472 [2/2] (3.25ns)   --->   "%local_input_216_load = load i8 %local_input_216_addr" [conv.cpp:65]   --->   Operation 472 'load' 'local_input_216_load' <Predicate = (!icmp_ln65)> <Delay = 3.25> <CoreInst = "RAM">   --->   Core 82 'RAM' <Latency = 1> <II = 1> <Delay = 3.25> <Storage> <Opcode : 'load' 'store'> <Ports = 2> <Width = 32> <Depth = 228> <RAM>
ST_1 : Operation 473 [1/1] (0.00ns)   --->   "%local_input_217_addr = getelementptr i32 %local_input_217, i64 0, i64 %zext_ln65_1" [conv.cpp:65]   --->   Operation 473 'getelementptr' 'local_input_217_addr' <Predicate = (!icmp_ln65)> <Delay = 0.00>
ST_1 : Operation 474 [2/2] (3.25ns)   --->   "%local_input_217_load = load i8 %local_input_217_addr" [conv.cpp:65]   --->   Operation 474 'load' 'local_input_217_load' <Predicate = (!icmp_ln65)> <Delay = 3.25> <CoreInst = "RAM">   --->   Core 82 'RAM' <Latency = 1> <II = 1> <Delay = 3.25> <Storage> <Opcode : 'load' 'store'> <Ports = 2> <Width = 32> <Depth = 228> <RAM>
ST_1 : Operation 475 [1/1] (0.00ns)   --->   "%local_input_218_addr = getelementptr i32 %local_input_218, i64 0, i64 %zext_ln65_1" [conv.cpp:65]   --->   Operation 475 'getelementptr' 'local_input_218_addr' <Predicate = (!icmp_ln65)> <Delay = 0.00>
ST_1 : Operation 476 [2/2] (3.25ns)   --->   "%local_input_218_load = load i8 %local_input_218_addr" [conv.cpp:65]   --->   Operation 476 'load' 'local_input_218_load' <Predicate = (!icmp_ln65)> <Delay = 3.25> <CoreInst = "RAM">   --->   Core 82 'RAM' <Latency = 1> <II = 1> <Delay = 3.25> <Storage> <Opcode : 'load' 'store'> <Ports = 2> <Width = 32> <Depth = 228> <RAM>
ST_1 : Operation 477 [1/1] (0.00ns)   --->   "%local_input_219_addr = getelementptr i32 %local_input_219, i64 0, i64 %zext_ln65_1" [conv.cpp:65]   --->   Operation 477 'getelementptr' 'local_input_219_addr' <Predicate = (!icmp_ln65)> <Delay = 0.00>
ST_1 : Operation 478 [2/2] (3.25ns)   --->   "%local_input_219_load = load i8 %local_input_219_addr" [conv.cpp:65]   --->   Operation 478 'load' 'local_input_219_load' <Predicate = (!icmp_ln65)> <Delay = 3.25> <CoreInst = "RAM">   --->   Core 82 'RAM' <Latency = 1> <II = 1> <Delay = 3.25> <Storage> <Opcode : 'load' 'store'> <Ports = 2> <Width = 32> <Depth = 228> <RAM>
ST_1 : Operation 479 [1/1] (0.00ns)   --->   "%local_input_220_addr = getelementptr i32 %local_input_220, i64 0, i64 %zext_ln65_1" [conv.cpp:65]   --->   Operation 479 'getelementptr' 'local_input_220_addr' <Predicate = (!icmp_ln65)> <Delay = 0.00>
ST_1 : Operation 480 [2/2] (3.25ns)   --->   "%local_input_220_load = load i8 %local_input_220_addr" [conv.cpp:65]   --->   Operation 480 'load' 'local_input_220_load' <Predicate = (!icmp_ln65)> <Delay = 3.25> <CoreInst = "RAM">   --->   Core 82 'RAM' <Latency = 1> <II = 1> <Delay = 3.25> <Storage> <Opcode : 'load' 'store'> <Ports = 2> <Width = 32> <Depth = 228> <RAM>
ST_1 : Operation 481 [1/1] (0.00ns)   --->   "%local_input_221_addr = getelementptr i32 %local_input_221, i64 0, i64 %zext_ln65_1" [conv.cpp:65]   --->   Operation 481 'getelementptr' 'local_input_221_addr' <Predicate = (!icmp_ln65)> <Delay = 0.00>
ST_1 : Operation 482 [2/2] (3.25ns)   --->   "%local_input_221_load = load i8 %local_input_221_addr" [conv.cpp:65]   --->   Operation 482 'load' 'local_input_221_load' <Predicate = (!icmp_ln65)> <Delay = 3.25> <CoreInst = "RAM">   --->   Core 82 'RAM' <Latency = 1> <II = 1> <Delay = 3.25> <Storage> <Opcode : 'load' 'store'> <Ports = 2> <Width = 32> <Depth = 228> <RAM>
ST_1 : Operation 483 [1/1] (0.00ns)   --->   "%local_input_222_addr = getelementptr i32 %local_input_222, i64 0, i64 %zext_ln65_1" [conv.cpp:65]   --->   Operation 483 'getelementptr' 'local_input_222_addr' <Predicate = (!icmp_ln65)> <Delay = 0.00>
ST_1 : Operation 484 [2/2] (3.25ns)   --->   "%local_input_222_load = load i8 %local_input_222_addr" [conv.cpp:65]   --->   Operation 484 'load' 'local_input_222_load' <Predicate = (!icmp_ln65)> <Delay = 3.25> <CoreInst = "RAM">   --->   Core 82 'RAM' <Latency = 1> <II = 1> <Delay = 3.25> <Storage> <Opcode : 'load' 'store'> <Ports = 2> <Width = 32> <Depth = 228> <RAM>
ST_1 : Operation 485 [1/1] (0.00ns)   --->   "%local_input_223_addr = getelementptr i32 %local_input_223, i64 0, i64 %zext_ln65_1" [conv.cpp:65]   --->   Operation 485 'getelementptr' 'local_input_223_addr' <Predicate = (!icmp_ln65)> <Delay = 0.00>
ST_1 : Operation 486 [2/2] (3.25ns)   --->   "%local_input_223_load = load i8 %local_input_223_addr" [conv.cpp:65]   --->   Operation 486 'load' 'local_input_223_load' <Predicate = (!icmp_ln65)> <Delay = 3.25> <CoreInst = "RAM">   --->   Core 82 'RAM' <Latency = 1> <II = 1> <Delay = 3.25> <Storage> <Opcode : 'load' 'store'> <Ports = 2> <Width = 32> <Depth = 228> <RAM>
ST_1 : Operation 487 [1/1] (0.00ns)   --->   "%local_input_224_addr = getelementptr i32 %local_input_224, i64 0, i64 %zext_ln65_1" [conv.cpp:65]   --->   Operation 487 'getelementptr' 'local_input_224_addr' <Predicate = (!icmp_ln65)> <Delay = 0.00>
ST_1 : Operation 488 [2/2] (3.25ns)   --->   "%local_input_224_load = load i8 %local_input_224_addr" [conv.cpp:65]   --->   Operation 488 'load' 'local_input_224_load' <Predicate = (!icmp_ln65)> <Delay = 3.25> <CoreInst = "RAM">   --->   Core 82 'RAM' <Latency = 1> <II = 1> <Delay = 3.25> <Storage> <Opcode : 'load' 'store'> <Ports = 2> <Width = 32> <Depth = 228> <RAM>
ST_1 : Operation 489 [1/1] (0.00ns)   --->   "%local_input_225_addr = getelementptr i32 %local_input_225, i64 0, i64 %zext_ln65_1" [conv.cpp:65]   --->   Operation 489 'getelementptr' 'local_input_225_addr' <Predicate = (!icmp_ln65)> <Delay = 0.00>
ST_1 : Operation 490 [2/2] (3.25ns)   --->   "%local_input_225_load = load i8 %local_input_225_addr" [conv.cpp:65]   --->   Operation 490 'load' 'local_input_225_load' <Predicate = (!icmp_ln65)> <Delay = 3.25> <CoreInst = "RAM">   --->   Core 82 'RAM' <Latency = 1> <II = 1> <Delay = 3.25> <Storage> <Opcode : 'load' 'store'> <Ports = 2> <Width = 32> <Depth = 228> <RAM>
ST_1 : Operation 491 [1/1] (0.00ns)   --->   "%local_input_226_addr = getelementptr i32 %local_input_226, i64 0, i64 %zext_ln65_1" [conv.cpp:65]   --->   Operation 491 'getelementptr' 'local_input_226_addr' <Predicate = (!icmp_ln65)> <Delay = 0.00>
ST_1 : Operation 492 [2/2] (3.25ns)   --->   "%local_input_226_load = load i8 %local_input_226_addr" [conv.cpp:65]   --->   Operation 492 'load' 'local_input_226_load' <Predicate = (!icmp_ln65)> <Delay = 3.25> <CoreInst = "RAM">   --->   Core 82 'RAM' <Latency = 1> <II = 1> <Delay = 3.25> <Storage> <Opcode : 'load' 'store'> <Ports = 2> <Width = 32> <Depth = 228> <RAM>
ST_1 : Operation 493 [1/1] (0.00ns)   --->   "%zext_ln65_2 = zext i4 %select_ln65_2" [conv.cpp:65]   --->   Operation 493 'zext' 'zext_ln65_2' <Predicate = (!icmp_ln65)> <Delay = 0.00>
ST_1 : Operation 494 [1/1] (0.00ns)   --->   "%local_weights_addr = getelementptr i32 %local_weights, i64 0, i64 %zext_ln65_2" [conv.cpp:65]   --->   Operation 494 'getelementptr' 'local_weights_addr' <Predicate = (!icmp_ln65)> <Delay = 0.00>
ST_1 : Operation 495 [2/2] (2.32ns)   --->   "%local_weights_load = load i4 %local_weights_addr" [conv.cpp:65]   --->   Operation 495 'load' 'local_weights_load' <Predicate = (!icmp_ln65)> <Delay = 2.32> <CoreInst = "RAM">   --->   Core 82 'RAM' <Latency = 1> <II = 1> <Delay = 2.32> <Storage> <Opcode : 'load' 'store'> <Ports = 2> <Width = 32> <Depth = 11> <RAM>
ST_1 : Operation 496 [1/1] (0.00ns)   --->   "%local_weights_1_addr = getelementptr i32 %local_weights_1, i64 0, i64 %zext_ln65_2" [conv.cpp:65]   --->   Operation 496 'getelementptr' 'local_weights_1_addr' <Predicate = (!icmp_ln65)> <Delay = 0.00>
ST_1 : Operation 497 [2/2] (2.32ns)   --->   "%local_weights_1_load = load i4 %local_weights_1_addr" [conv.cpp:65]   --->   Operation 497 'load' 'local_weights_1_load' <Predicate = (!icmp_ln65)> <Delay = 2.32> <CoreInst = "RAM">   --->   Core 82 'RAM' <Latency = 1> <II = 1> <Delay = 2.32> <Storage> <Opcode : 'load' 'store'> <Ports = 2> <Width = 32> <Depth = 11> <RAM>
ST_1 : Operation 498 [1/1] (0.00ns)   --->   "%local_weights_2_addr = getelementptr i32 %local_weights_2, i64 0, i64 %zext_ln65_2" [conv.cpp:65]   --->   Operation 498 'getelementptr' 'local_weights_2_addr' <Predicate = (!icmp_ln65)> <Delay = 0.00>
ST_1 : Operation 499 [2/2] (2.32ns)   --->   "%local_weights_2_load = load i4 %local_weights_2_addr" [conv.cpp:65]   --->   Operation 499 'load' 'local_weights_2_load' <Predicate = (!icmp_ln65)> <Delay = 2.32> <CoreInst = "RAM">   --->   Core 82 'RAM' <Latency = 1> <II = 1> <Delay = 2.32> <Storage> <Opcode : 'load' 'store'> <Ports = 2> <Width = 32> <Depth = 11> <RAM>
ST_1 : Operation 500 [1/1] (0.00ns)   --->   "%local_weights_3_addr = getelementptr i32 %local_weights_3, i64 0, i64 %zext_ln65_2" [conv.cpp:65]   --->   Operation 500 'getelementptr' 'local_weights_3_addr' <Predicate = (!icmp_ln65)> <Delay = 0.00>
ST_1 : Operation 501 [2/2] (2.32ns)   --->   "%local_weights_3_load = load i4 %local_weights_3_addr" [conv.cpp:65]   --->   Operation 501 'load' 'local_weights_3_load' <Predicate = (!icmp_ln65)> <Delay = 2.32> <CoreInst = "RAM">   --->   Core 82 'RAM' <Latency = 1> <II = 1> <Delay = 2.32> <Storage> <Opcode : 'load' 'store'> <Ports = 2> <Width = 32> <Depth = 11> <RAM>
ST_1 : Operation 502 [1/1] (0.00ns)   --->   "%local_weights_4_addr = getelementptr i32 %local_weights_4, i64 0, i64 %zext_ln65_2" [conv.cpp:65]   --->   Operation 502 'getelementptr' 'local_weights_4_addr' <Predicate = (!icmp_ln65)> <Delay = 0.00>
ST_1 : Operation 503 [2/2] (2.32ns)   --->   "%local_weights_4_load = load i4 %local_weights_4_addr" [conv.cpp:65]   --->   Operation 503 'load' 'local_weights_4_load' <Predicate = (!icmp_ln65)> <Delay = 2.32> <CoreInst = "RAM">   --->   Core 82 'RAM' <Latency = 1> <II = 1> <Delay = 2.32> <Storage> <Opcode : 'load' 'store'> <Ports = 2> <Width = 32> <Depth = 11> <RAM>
ST_1 : Operation 504 [1/1] (0.00ns)   --->   "%local_weights_5_addr = getelementptr i32 %local_weights_5, i64 0, i64 %zext_ln65_2" [conv.cpp:65]   --->   Operation 504 'getelementptr' 'local_weights_5_addr' <Predicate = (!icmp_ln65)> <Delay = 0.00>
ST_1 : Operation 505 [2/2] (2.32ns)   --->   "%local_weights_5_load = load i4 %local_weights_5_addr" [conv.cpp:65]   --->   Operation 505 'load' 'local_weights_5_load' <Predicate = (!icmp_ln65)> <Delay = 2.32> <CoreInst = "RAM">   --->   Core 82 'RAM' <Latency = 1> <II = 1> <Delay = 2.32> <Storage> <Opcode : 'load' 'store'> <Ports = 2> <Width = 32> <Depth = 11> <RAM>
ST_1 : Operation 506 [1/1] (0.00ns)   --->   "%local_weights_6_addr = getelementptr i32 %local_weights_6, i64 0, i64 %zext_ln65_2" [conv.cpp:65]   --->   Operation 506 'getelementptr' 'local_weights_6_addr' <Predicate = (!icmp_ln65)> <Delay = 0.00>
ST_1 : Operation 507 [2/2] (2.32ns)   --->   "%local_weights_6_load = load i4 %local_weights_6_addr" [conv.cpp:65]   --->   Operation 507 'load' 'local_weights_6_load' <Predicate = (!icmp_ln65)> <Delay = 2.32> <CoreInst = "RAM">   --->   Core 82 'RAM' <Latency = 1> <II = 1> <Delay = 2.32> <Storage> <Opcode : 'load' 'store'> <Ports = 2> <Width = 32> <Depth = 11> <RAM>
ST_1 : Operation 508 [1/1] (0.00ns)   --->   "%local_weights_7_addr = getelementptr i32 %local_weights_7, i64 0, i64 %zext_ln65_2" [conv.cpp:65]   --->   Operation 508 'getelementptr' 'local_weights_7_addr' <Predicate = (!icmp_ln65)> <Delay = 0.00>
ST_1 : Operation 509 [2/2] (2.32ns)   --->   "%local_weights_7_load = load i4 %local_weights_7_addr" [conv.cpp:65]   --->   Operation 509 'load' 'local_weights_7_load' <Predicate = (!icmp_ln65)> <Delay = 2.32> <CoreInst = "RAM">   --->   Core 82 'RAM' <Latency = 1> <II = 1> <Delay = 2.32> <Storage> <Opcode : 'load' 'store'> <Ports = 2> <Width = 32> <Depth = 11> <RAM>
ST_1 : Operation 510 [1/1] (0.00ns)   --->   "%local_weights_8_addr = getelementptr i32 %local_weights_8, i64 0, i64 %zext_ln65_2" [conv.cpp:65]   --->   Operation 510 'getelementptr' 'local_weights_8_addr' <Predicate = (!icmp_ln65)> <Delay = 0.00>
ST_1 : Operation 511 [2/2] (2.32ns)   --->   "%local_weights_8_load = load i4 %local_weights_8_addr" [conv.cpp:65]   --->   Operation 511 'load' 'local_weights_8_load' <Predicate = (!icmp_ln65)> <Delay = 2.32> <CoreInst = "RAM">   --->   Core 82 'RAM' <Latency = 1> <II = 1> <Delay = 2.32> <Storage> <Opcode : 'load' 'store'> <Ports = 2> <Width = 32> <Depth = 11> <RAM>
ST_1 : Operation 512 [1/1] (0.00ns)   --->   "%local_weights_9_addr = getelementptr i32 %local_weights_9, i64 0, i64 %zext_ln65_2" [conv.cpp:65]   --->   Operation 512 'getelementptr' 'local_weights_9_addr' <Predicate = (!icmp_ln65)> <Delay = 0.00>
ST_1 : Operation 513 [2/2] (2.32ns)   --->   "%local_weights_9_load = load i4 %local_weights_9_addr" [conv.cpp:65]   --->   Operation 513 'load' 'local_weights_9_load' <Predicate = (!icmp_ln65)> <Delay = 2.32> <CoreInst = "RAM">   --->   Core 82 'RAM' <Latency = 1> <II = 1> <Delay = 2.32> <Storage> <Opcode : 'load' 'store'> <Ports = 2> <Width = 32> <Depth = 11> <RAM>
ST_1 : Operation 514 [1/1] (0.00ns)   --->   "%local_weights_10_addr = getelementptr i32 %local_weights_10, i64 0, i64 %zext_ln65_2" [conv.cpp:65]   --->   Operation 514 'getelementptr' 'local_weights_10_addr' <Predicate = (!icmp_ln65)> <Delay = 0.00>
ST_1 : Operation 515 [2/2] (2.32ns)   --->   "%local_weights_10_load = load i4 %local_weights_10_addr" [conv.cpp:65]   --->   Operation 515 'load' 'local_weights_10_load' <Predicate = (!icmp_ln65)> <Delay = 2.32> <CoreInst = "RAM">   --->   Core 82 'RAM' <Latency = 1> <II = 1> <Delay = 2.32> <Storage> <Opcode : 'load' 'store'> <Ports = 2> <Width = 32> <Depth = 11> <RAM>
ST_1 : Operation 516 [1/1] (1.73ns)   --->   "%add_ln67 = add i4 %select_ln65, i4 1" [conv.cpp:67]   --->   Operation 516 'add' 'add_ln67' <Predicate = (!icmp_ln65)> <Delay = 1.73> <CoreInst = "Adder">   --->   Core 1 'Adder' <Latency = 0> <II = 1> <Delay = 1.73> <FuncUnit> <Opcode : 'add' 'sub'> <InPorts = 2> <OutPorts = 1>
ST_1 : Operation 517 [1/1] (1.58ns)   --->   "%store_ln67 = store i7 %add_ln65, i7 %indvar_flatten551" [conv.cpp:67]   --->   Operation 517 'store' 'store_ln67' <Predicate = (!icmp_ln65)> <Delay = 1.58>
ST_1 : Operation 518 [1/1] (1.58ns)   --->   "%store_ln67 = store i4 %select_ln65_2, i4 %kr" [conv.cpp:67]   --->   Operation 518 'store' 'store_ln67' <Predicate = (!icmp_ln65)> <Delay = 1.58>
ST_1 : Operation 519 [1/1] (1.58ns)   --->   "%store_ln67 = store i4 %add_ln67, i4 %kc" [conv.cpp:67]   --->   Operation 519 'store' 'store_ln67' <Predicate = (!icmp_ln65)> <Delay = 1.58>

State 2 <SV = 1> <Delay = 7.91>
ST_2 : Operation 520 [1/2] (3.25ns)   --->   "%local_input_load = load i8 %local_input_addr" [conv.cpp:65]   --->   Operation 520 'load' 'local_input_load' <Predicate = (!icmp_ln65)> <Delay = 3.25> <CoreInst = "RAM">   --->   Core 82 'RAM' <Latency = 1> <II = 1> <Delay = 3.25> <Storage> <Opcode : 'load' 'store'> <Ports = 2> <Width = 32> <Depth = 228> <RAM>
ST_2 : Operation 521 [1/2] (3.25ns)   --->   "%local_input_1_load = load i8 %local_input_1_addr" [conv.cpp:65]   --->   Operation 521 'load' 'local_input_1_load' <Predicate = (!icmp_ln65)> <Delay = 3.25> <CoreInst = "RAM">   --->   Core 82 'RAM' <Latency = 1> <II = 1> <Delay = 3.25> <Storage> <Opcode : 'load' 'store'> <Ports = 2> <Width = 32> <Depth = 228> <RAM>
ST_2 : Operation 522 [1/2] (3.25ns)   --->   "%local_input_2_load = load i8 %local_input_2_addr" [conv.cpp:65]   --->   Operation 522 'load' 'local_input_2_load' <Predicate = (!icmp_ln65)> <Delay = 3.25> <CoreInst = "RAM">   --->   Core 82 'RAM' <Latency = 1> <II = 1> <Delay = 3.25> <Storage> <Opcode : 'load' 'store'> <Ports = 2> <Width = 32> <Depth = 228> <RAM>
ST_2 : Operation 523 [1/2] (3.25ns)   --->   "%local_input_3_load = load i8 %local_input_3_addr" [conv.cpp:65]   --->   Operation 523 'load' 'local_input_3_load' <Predicate = (!icmp_ln65)> <Delay = 3.25> <CoreInst = "RAM">   --->   Core 82 'RAM' <Latency = 1> <II = 1> <Delay = 3.25> <Storage> <Opcode : 'load' 'store'> <Ports = 2> <Width = 32> <Depth = 228> <RAM>
ST_2 : Operation 524 [1/2] (3.25ns)   --->   "%local_input_4_load = load i8 %local_input_4_addr" [conv.cpp:65]   --->   Operation 524 'load' 'local_input_4_load' <Predicate = (!icmp_ln65)> <Delay = 3.25> <CoreInst = "RAM">   --->   Core 82 'RAM' <Latency = 1> <II = 1> <Delay = 3.25> <Storage> <Opcode : 'load' 'store'> <Ports = 2> <Width = 32> <Depth = 228> <RAM>
ST_2 : Operation 525 [1/2] (3.25ns)   --->   "%local_input_5_load = load i8 %local_input_5_addr" [conv.cpp:65]   --->   Operation 525 'load' 'local_input_5_load' <Predicate = (!icmp_ln65)> <Delay = 3.25> <CoreInst = "RAM">   --->   Core 82 'RAM' <Latency = 1> <II = 1> <Delay = 3.25> <Storage> <Opcode : 'load' 'store'> <Ports = 2> <Width = 32> <Depth = 228> <RAM>
ST_2 : Operation 526 [1/2] (3.25ns)   --->   "%local_input_6_load = load i8 %local_input_6_addr" [conv.cpp:65]   --->   Operation 526 'load' 'local_input_6_load' <Predicate = (!icmp_ln65)> <Delay = 3.25> <CoreInst = "RAM">   --->   Core 82 'RAM' <Latency = 1> <II = 1> <Delay = 3.25> <Storage> <Opcode : 'load' 'store'> <Ports = 2> <Width = 32> <Depth = 228> <RAM>
ST_2 : Operation 527 [1/2] (3.25ns)   --->   "%local_input_7_load = load i8 %local_input_7_addr" [conv.cpp:65]   --->   Operation 527 'load' 'local_input_7_load' <Predicate = (!icmp_ln65)> <Delay = 3.25> <CoreInst = "RAM">   --->   Core 82 'RAM' <Latency = 1> <II = 1> <Delay = 3.25> <Storage> <Opcode : 'load' 'store'> <Ports = 2> <Width = 32> <Depth = 228> <RAM>
ST_2 : Operation 528 [1/2] (3.25ns)   --->   "%local_input_8_load = load i8 %local_input_8_addr" [conv.cpp:65]   --->   Operation 528 'load' 'local_input_8_load' <Predicate = (!icmp_ln65)> <Delay = 3.25> <CoreInst = "RAM">   --->   Core 82 'RAM' <Latency = 1> <II = 1> <Delay = 3.25> <Storage> <Opcode : 'load' 'store'> <Ports = 2> <Width = 32> <Depth = 228> <RAM>
ST_2 : Operation 529 [1/2] (3.25ns)   --->   "%local_input_9_load = load i8 %local_input_9_addr" [conv.cpp:65]   --->   Operation 529 'load' 'local_input_9_load' <Predicate = (!icmp_ln65)> <Delay = 3.25> <CoreInst = "RAM">   --->   Core 82 'RAM' <Latency = 1> <II = 1> <Delay = 3.25> <Storage> <Opcode : 'load' 'store'> <Ports = 2> <Width = 32> <Depth = 228> <RAM>
ST_2 : Operation 530 [1/2] (3.25ns)   --->   "%local_input_10_load = load i8 %local_input_10_addr" [conv.cpp:65]   --->   Operation 530 'load' 'local_input_10_load' <Predicate = (!icmp_ln65)> <Delay = 3.25> <CoreInst = "RAM">   --->   Core 82 'RAM' <Latency = 1> <II = 1> <Delay = 3.25> <Storage> <Opcode : 'load' 'store'> <Ports = 2> <Width = 32> <Depth = 228> <RAM>
ST_2 : Operation 531 [1/2] (3.25ns)   --->   "%local_input_11_load = load i8 %local_input_11_addr" [conv.cpp:65]   --->   Operation 531 'load' 'local_input_11_load' <Predicate = (!icmp_ln65)> <Delay = 3.25> <CoreInst = "RAM">   --->   Core 82 'RAM' <Latency = 1> <II = 1> <Delay = 3.25> <Storage> <Opcode : 'load' 'store'> <Ports = 2> <Width = 32> <Depth = 228> <RAM>
ST_2 : Operation 532 [1/2] (3.25ns)   --->   "%local_input_12_load = load i8 %local_input_12_addr" [conv.cpp:65]   --->   Operation 532 'load' 'local_input_12_load' <Predicate = (!icmp_ln65)> <Delay = 3.25> <CoreInst = "RAM">   --->   Core 82 'RAM' <Latency = 1> <II = 1> <Delay = 3.25> <Storage> <Opcode : 'load' 'store'> <Ports = 2> <Width = 32> <Depth = 228> <RAM>
ST_2 : Operation 533 [1/2] (3.25ns)   --->   "%local_input_13_load = load i8 %local_input_13_addr" [conv.cpp:65]   --->   Operation 533 'load' 'local_input_13_load' <Predicate = (!icmp_ln65)> <Delay = 3.25> <CoreInst = "RAM">   --->   Core 82 'RAM' <Latency = 1> <II = 1> <Delay = 3.25> <Storage> <Opcode : 'load' 'store'> <Ports = 2> <Width = 32> <Depth = 228> <RAM>
ST_2 : Operation 534 [1/2] (3.25ns)   --->   "%local_input_14_load = load i8 %local_input_14_addr" [conv.cpp:65]   --->   Operation 534 'load' 'local_input_14_load' <Predicate = (!icmp_ln65)> <Delay = 3.25> <CoreInst = "RAM">   --->   Core 82 'RAM' <Latency = 1> <II = 1> <Delay = 3.25> <Storage> <Opcode : 'load' 'store'> <Ports = 2> <Width = 32> <Depth = 228> <RAM>
ST_2 : Operation 535 [1/2] (3.25ns)   --->   "%local_input_15_load = load i8 %local_input_15_addr" [conv.cpp:65]   --->   Operation 535 'load' 'local_input_15_load' <Predicate = (!icmp_ln65)> <Delay = 3.25> <CoreInst = "RAM">   --->   Core 82 'RAM' <Latency = 1> <II = 1> <Delay = 3.25> <Storage> <Opcode : 'load' 'store'> <Ports = 2> <Width = 32> <Depth = 228> <RAM>
ST_2 : Operation 536 [1/2] (3.25ns)   --->   "%local_input_16_load = load i8 %local_input_16_addr" [conv.cpp:65]   --->   Operation 536 'load' 'local_input_16_load' <Predicate = (!icmp_ln65)> <Delay = 3.25> <CoreInst = "RAM">   --->   Core 82 'RAM' <Latency = 1> <II = 1> <Delay = 3.25> <Storage> <Opcode : 'load' 'store'> <Ports = 2> <Width = 32> <Depth = 228> <RAM>
ST_2 : Operation 537 [1/2] (3.25ns)   --->   "%local_input_17_load = load i8 %local_input_17_addr" [conv.cpp:65]   --->   Operation 537 'load' 'local_input_17_load' <Predicate = (!icmp_ln65)> <Delay = 3.25> <CoreInst = "RAM">   --->   Core 82 'RAM' <Latency = 1> <II = 1> <Delay = 3.25> <Storage> <Opcode : 'load' 'store'> <Ports = 2> <Width = 32> <Depth = 228> <RAM>
ST_2 : Operation 538 [1/2] (3.25ns)   --->   "%local_input_18_load = load i8 %local_input_18_addr" [conv.cpp:65]   --->   Operation 538 'load' 'local_input_18_load' <Predicate = (!icmp_ln65)> <Delay = 3.25> <CoreInst = "RAM">   --->   Core 82 'RAM' <Latency = 1> <II = 1> <Delay = 3.25> <Storage> <Opcode : 'load' 'store'> <Ports = 2> <Width = 32> <Depth = 228> <RAM>
ST_2 : Operation 539 [1/2] (3.25ns)   --->   "%local_input_19_load = load i8 %local_input_19_addr" [conv.cpp:65]   --->   Operation 539 'load' 'local_input_19_load' <Predicate = (!icmp_ln65)> <Delay = 3.25> <CoreInst = "RAM">   --->   Core 82 'RAM' <Latency = 1> <II = 1> <Delay = 3.25> <Storage> <Opcode : 'load' 'store'> <Ports = 2> <Width = 32> <Depth = 228> <RAM>
ST_2 : Operation 540 [1/2] (3.25ns)   --->   "%local_input_20_load = load i8 %local_input_20_addr" [conv.cpp:65]   --->   Operation 540 'load' 'local_input_20_load' <Predicate = (!icmp_ln65)> <Delay = 3.25> <CoreInst = "RAM">   --->   Core 82 'RAM' <Latency = 1> <II = 1> <Delay = 3.25> <Storage> <Opcode : 'load' 'store'> <Ports = 2> <Width = 32> <Depth = 228> <RAM>
ST_2 : Operation 541 [1/2] (3.25ns)   --->   "%local_input_21_load = load i8 %local_input_21_addr" [conv.cpp:65]   --->   Operation 541 'load' 'local_input_21_load' <Predicate = (!icmp_ln65)> <Delay = 3.25> <CoreInst = "RAM">   --->   Core 82 'RAM' <Latency = 1> <II = 1> <Delay = 3.25> <Storage> <Opcode : 'load' 'store'> <Ports = 2> <Width = 32> <Depth = 228> <RAM>
ST_2 : Operation 542 [1/2] (3.25ns)   --->   "%local_input_22_load = load i8 %local_input_22_addr" [conv.cpp:65]   --->   Operation 542 'load' 'local_input_22_load' <Predicate = (!icmp_ln65)> <Delay = 3.25> <CoreInst = "RAM">   --->   Core 82 'RAM' <Latency = 1> <II = 1> <Delay = 3.25> <Storage> <Opcode : 'load' 'store'> <Ports = 2> <Width = 32> <Depth = 228> <RAM>
ST_2 : Operation 543 [1/2] (3.25ns)   --->   "%local_input_23_load = load i8 %local_input_23_addr" [conv.cpp:65]   --->   Operation 543 'load' 'local_input_23_load' <Predicate = (!icmp_ln65)> <Delay = 3.25> <CoreInst = "RAM">   --->   Core 82 'RAM' <Latency = 1> <II = 1> <Delay = 3.25> <Storage> <Opcode : 'load' 'store'> <Ports = 2> <Width = 32> <Depth = 228> <RAM>
ST_2 : Operation 544 [1/2] (3.25ns)   --->   "%local_input_24_load = load i8 %local_input_24_addr" [conv.cpp:65]   --->   Operation 544 'load' 'local_input_24_load' <Predicate = (!icmp_ln65)> <Delay = 3.25> <CoreInst = "RAM">   --->   Core 82 'RAM' <Latency = 1> <II = 1> <Delay = 3.25> <Storage> <Opcode : 'load' 'store'> <Ports = 2> <Width = 32> <Depth = 228> <RAM>
ST_2 : Operation 545 [1/2] (3.25ns)   --->   "%local_input_25_load = load i8 %local_input_25_addr" [conv.cpp:65]   --->   Operation 545 'load' 'local_input_25_load' <Predicate = (!icmp_ln65)> <Delay = 3.25> <CoreInst = "RAM">   --->   Core 82 'RAM' <Latency = 1> <II = 1> <Delay = 3.25> <Storage> <Opcode : 'load' 'store'> <Ports = 2> <Width = 32> <Depth = 228> <RAM>
ST_2 : Operation 546 [1/2] (3.25ns)   --->   "%local_input_26_load = load i8 %local_input_26_addr" [conv.cpp:65]   --->   Operation 546 'load' 'local_input_26_load' <Predicate = (!icmp_ln65)> <Delay = 3.25> <CoreInst = "RAM">   --->   Core 82 'RAM' <Latency = 1> <II = 1> <Delay = 3.25> <Storage> <Opcode : 'load' 'store'> <Ports = 2> <Width = 32> <Depth = 228> <RAM>
ST_2 : Operation 547 [1/2] (3.25ns)   --->   "%local_input_27_load = load i8 %local_input_27_addr" [conv.cpp:65]   --->   Operation 547 'load' 'local_input_27_load' <Predicate = (!icmp_ln65)> <Delay = 3.25> <CoreInst = "RAM">   --->   Core 82 'RAM' <Latency = 1> <II = 1> <Delay = 3.25> <Storage> <Opcode : 'load' 'store'> <Ports = 2> <Width = 32> <Depth = 228> <RAM>
ST_2 : Operation 548 [1/2] (3.25ns)   --->   "%local_input_28_load = load i8 %local_input_28_addr" [conv.cpp:65]   --->   Operation 548 'load' 'local_input_28_load' <Predicate = (!icmp_ln65)> <Delay = 3.25> <CoreInst = "RAM">   --->   Core 82 'RAM' <Latency = 1> <II = 1> <Delay = 3.25> <Storage> <Opcode : 'load' 'store'> <Ports = 2> <Width = 32> <Depth = 228> <RAM>
ST_2 : Operation 549 [1/2] (3.25ns)   --->   "%local_input_29_load = load i8 %local_input_29_addr" [conv.cpp:65]   --->   Operation 549 'load' 'local_input_29_load' <Predicate = (!icmp_ln65)> <Delay = 3.25> <CoreInst = "RAM">   --->   Core 82 'RAM' <Latency = 1> <II = 1> <Delay = 3.25> <Storage> <Opcode : 'load' 'store'> <Ports = 2> <Width = 32> <Depth = 228> <RAM>
ST_2 : Operation 550 [1/2] (3.25ns)   --->   "%local_input_30_load = load i8 %local_input_30_addr" [conv.cpp:65]   --->   Operation 550 'load' 'local_input_30_load' <Predicate = (!icmp_ln65)> <Delay = 3.25> <CoreInst = "RAM">   --->   Core 82 'RAM' <Latency = 1> <II = 1> <Delay = 3.25> <Storage> <Opcode : 'load' 'store'> <Ports = 2> <Width = 32> <Depth = 228> <RAM>
ST_2 : Operation 551 [1/2] (3.25ns)   --->   "%local_input_31_load = load i8 %local_input_31_addr" [conv.cpp:65]   --->   Operation 551 'load' 'local_input_31_load' <Predicate = (!icmp_ln65)> <Delay = 3.25> <CoreInst = "RAM">   --->   Core 82 'RAM' <Latency = 1> <II = 1> <Delay = 3.25> <Storage> <Opcode : 'load' 'store'> <Ports = 2> <Width = 32> <Depth = 228> <RAM>
ST_2 : Operation 552 [1/2] (3.25ns)   --->   "%local_input_32_load = load i8 %local_input_32_addr" [conv.cpp:65]   --->   Operation 552 'load' 'local_input_32_load' <Predicate = (!icmp_ln65)> <Delay = 3.25> <CoreInst = "RAM">   --->   Core 82 'RAM' <Latency = 1> <II = 1> <Delay = 3.25> <Storage> <Opcode : 'load' 'store'> <Ports = 2> <Width = 32> <Depth = 228> <RAM>
ST_2 : Operation 553 [1/2] (3.25ns)   --->   "%local_input_33_load = load i8 %local_input_33_addr" [conv.cpp:65]   --->   Operation 553 'load' 'local_input_33_load' <Predicate = (!icmp_ln65)> <Delay = 3.25> <CoreInst = "RAM">   --->   Core 82 'RAM' <Latency = 1> <II = 1> <Delay = 3.25> <Storage> <Opcode : 'load' 'store'> <Ports = 2> <Width = 32> <Depth = 228> <RAM>
ST_2 : Operation 554 [1/2] (3.25ns)   --->   "%local_input_34_load = load i8 %local_input_34_addr" [conv.cpp:65]   --->   Operation 554 'load' 'local_input_34_load' <Predicate = (!icmp_ln65)> <Delay = 3.25> <CoreInst = "RAM">   --->   Core 82 'RAM' <Latency = 1> <II = 1> <Delay = 3.25> <Storage> <Opcode : 'load' 'store'> <Ports = 2> <Width = 32> <Depth = 228> <RAM>
ST_2 : Operation 555 [1/2] (3.25ns)   --->   "%local_input_35_load = load i8 %local_input_35_addr" [conv.cpp:65]   --->   Operation 555 'load' 'local_input_35_load' <Predicate = (!icmp_ln65)> <Delay = 3.25> <CoreInst = "RAM">   --->   Core 82 'RAM' <Latency = 1> <II = 1> <Delay = 3.25> <Storage> <Opcode : 'load' 'store'> <Ports = 2> <Width = 32> <Depth = 228> <RAM>
ST_2 : Operation 556 [1/2] (3.25ns)   --->   "%local_input_36_load = load i8 %local_input_36_addr" [conv.cpp:65]   --->   Operation 556 'load' 'local_input_36_load' <Predicate = (!icmp_ln65)> <Delay = 3.25> <CoreInst = "RAM">   --->   Core 82 'RAM' <Latency = 1> <II = 1> <Delay = 3.25> <Storage> <Opcode : 'load' 'store'> <Ports = 2> <Width = 32> <Depth = 228> <RAM>
ST_2 : Operation 557 [1/2] (3.25ns)   --->   "%local_input_37_load = load i8 %local_input_37_addr" [conv.cpp:65]   --->   Operation 557 'load' 'local_input_37_load' <Predicate = (!icmp_ln65)> <Delay = 3.25> <CoreInst = "RAM">   --->   Core 82 'RAM' <Latency = 1> <II = 1> <Delay = 3.25> <Storage> <Opcode : 'load' 'store'> <Ports = 2> <Width = 32> <Depth = 228> <RAM>
ST_2 : Operation 558 [1/2] (3.25ns)   --->   "%local_input_38_load = load i8 %local_input_38_addr" [conv.cpp:65]   --->   Operation 558 'load' 'local_input_38_load' <Predicate = (!icmp_ln65)> <Delay = 3.25> <CoreInst = "RAM">   --->   Core 82 'RAM' <Latency = 1> <II = 1> <Delay = 3.25> <Storage> <Opcode : 'load' 'store'> <Ports = 2> <Width = 32> <Depth = 228> <RAM>
ST_2 : Operation 559 [1/2] (3.25ns)   --->   "%local_input_39_load = load i8 %local_input_39_addr" [conv.cpp:65]   --->   Operation 559 'load' 'local_input_39_load' <Predicate = (!icmp_ln65)> <Delay = 3.25> <CoreInst = "RAM">   --->   Core 82 'RAM' <Latency = 1> <II = 1> <Delay = 3.25> <Storage> <Opcode : 'load' 'store'> <Ports = 2> <Width = 32> <Depth = 228> <RAM>
ST_2 : Operation 560 [1/2] (3.25ns)   --->   "%local_input_40_load = load i8 %local_input_40_addr" [conv.cpp:65]   --->   Operation 560 'load' 'local_input_40_load' <Predicate = (!icmp_ln65)> <Delay = 3.25> <CoreInst = "RAM">   --->   Core 82 'RAM' <Latency = 1> <II = 1> <Delay = 3.25> <Storage> <Opcode : 'load' 'store'> <Ports = 2> <Width = 32> <Depth = 228> <RAM>
ST_2 : Operation 561 [1/2] (3.25ns)   --->   "%local_input_41_load = load i8 %local_input_41_addr" [conv.cpp:65]   --->   Operation 561 'load' 'local_input_41_load' <Predicate = (!icmp_ln65)> <Delay = 3.25> <CoreInst = "RAM">   --->   Core 82 'RAM' <Latency = 1> <II = 1> <Delay = 3.25> <Storage> <Opcode : 'load' 'store'> <Ports = 2> <Width = 32> <Depth = 228> <RAM>
ST_2 : Operation 562 [1/2] (3.25ns)   --->   "%local_input_42_load = load i8 %local_input_42_addr" [conv.cpp:65]   --->   Operation 562 'load' 'local_input_42_load' <Predicate = (!icmp_ln65)> <Delay = 3.25> <CoreInst = "RAM">   --->   Core 82 'RAM' <Latency = 1> <II = 1> <Delay = 3.25> <Storage> <Opcode : 'load' 'store'> <Ports = 2> <Width = 32> <Depth = 228> <RAM>
ST_2 : Operation 563 [1/2] (3.25ns)   --->   "%local_input_43_load = load i8 %local_input_43_addr" [conv.cpp:65]   --->   Operation 563 'load' 'local_input_43_load' <Predicate = (!icmp_ln65)> <Delay = 3.25> <CoreInst = "RAM">   --->   Core 82 'RAM' <Latency = 1> <II = 1> <Delay = 3.25> <Storage> <Opcode : 'load' 'store'> <Ports = 2> <Width = 32> <Depth = 228> <RAM>
ST_2 : Operation 564 [1/2] (3.25ns)   --->   "%local_input_44_load = load i8 %local_input_44_addr" [conv.cpp:65]   --->   Operation 564 'load' 'local_input_44_load' <Predicate = (!icmp_ln65)> <Delay = 3.25> <CoreInst = "RAM">   --->   Core 82 'RAM' <Latency = 1> <II = 1> <Delay = 3.25> <Storage> <Opcode : 'load' 'store'> <Ports = 2> <Width = 32> <Depth = 228> <RAM>
ST_2 : Operation 565 [1/2] (3.25ns)   --->   "%local_input_45_load = load i8 %local_input_45_addr" [conv.cpp:65]   --->   Operation 565 'load' 'local_input_45_load' <Predicate = (!icmp_ln65)> <Delay = 3.25> <CoreInst = "RAM">   --->   Core 82 'RAM' <Latency = 1> <II = 1> <Delay = 3.25> <Storage> <Opcode : 'load' 'store'> <Ports = 2> <Width = 32> <Depth = 228> <RAM>
ST_2 : Operation 566 [1/2] (3.25ns)   --->   "%local_input_46_load = load i8 %local_input_46_addr" [conv.cpp:65]   --->   Operation 566 'load' 'local_input_46_load' <Predicate = (!icmp_ln65)> <Delay = 3.25> <CoreInst = "RAM">   --->   Core 82 'RAM' <Latency = 1> <II = 1> <Delay = 3.25> <Storage> <Opcode : 'load' 'store'> <Ports = 2> <Width = 32> <Depth = 228> <RAM>
ST_2 : Operation 567 [1/2] (3.25ns)   --->   "%local_input_47_load = load i8 %local_input_47_addr" [conv.cpp:65]   --->   Operation 567 'load' 'local_input_47_load' <Predicate = (!icmp_ln65)> <Delay = 3.25> <CoreInst = "RAM">   --->   Core 82 'RAM' <Latency = 1> <II = 1> <Delay = 3.25> <Storage> <Opcode : 'load' 'store'> <Ports = 2> <Width = 32> <Depth = 228> <RAM>
ST_2 : Operation 568 [1/2] (3.25ns)   --->   "%local_input_48_load = load i8 %local_input_48_addr" [conv.cpp:65]   --->   Operation 568 'load' 'local_input_48_load' <Predicate = (!icmp_ln65)> <Delay = 3.25> <CoreInst = "RAM">   --->   Core 82 'RAM' <Latency = 1> <II = 1> <Delay = 3.25> <Storage> <Opcode : 'load' 'store'> <Ports = 2> <Width = 32> <Depth = 228> <RAM>
ST_2 : Operation 569 [1/2] (3.25ns)   --->   "%local_input_49_load = load i8 %local_input_49_addr" [conv.cpp:65]   --->   Operation 569 'load' 'local_input_49_load' <Predicate = (!icmp_ln65)> <Delay = 3.25> <CoreInst = "RAM">   --->   Core 82 'RAM' <Latency = 1> <II = 1> <Delay = 3.25> <Storage> <Opcode : 'load' 'store'> <Ports = 2> <Width = 32> <Depth = 228> <RAM>
ST_2 : Operation 570 [1/2] (3.25ns)   --->   "%local_input_50_load = load i8 %local_input_50_addr" [conv.cpp:65]   --->   Operation 570 'load' 'local_input_50_load' <Predicate = (!icmp_ln65)> <Delay = 3.25> <CoreInst = "RAM">   --->   Core 82 'RAM' <Latency = 1> <II = 1> <Delay = 3.25> <Storage> <Opcode : 'load' 'store'> <Ports = 2> <Width = 32> <Depth = 228> <RAM>
ST_2 : Operation 571 [1/2] (3.25ns)   --->   "%local_input_51_load = load i8 %local_input_51_addr" [conv.cpp:65]   --->   Operation 571 'load' 'local_input_51_load' <Predicate = (!icmp_ln65)> <Delay = 3.25> <CoreInst = "RAM">   --->   Core 82 'RAM' <Latency = 1> <II = 1> <Delay = 3.25> <Storage> <Opcode : 'load' 'store'> <Ports = 2> <Width = 32> <Depth = 228> <RAM>
ST_2 : Operation 572 [1/2] (3.25ns)   --->   "%local_input_52_load = load i8 %local_input_52_addr" [conv.cpp:65]   --->   Operation 572 'load' 'local_input_52_load' <Predicate = (!icmp_ln65)> <Delay = 3.25> <CoreInst = "RAM">   --->   Core 82 'RAM' <Latency = 1> <II = 1> <Delay = 3.25> <Storage> <Opcode : 'load' 'store'> <Ports = 2> <Width = 32> <Depth = 228> <RAM>
ST_2 : Operation 573 [1/2] (3.25ns)   --->   "%local_input_53_load = load i8 %local_input_53_addr" [conv.cpp:65]   --->   Operation 573 'load' 'local_input_53_load' <Predicate = (!icmp_ln65)> <Delay = 3.25> <CoreInst = "RAM">   --->   Core 82 'RAM' <Latency = 1> <II = 1> <Delay = 3.25> <Storage> <Opcode : 'load' 'store'> <Ports = 2> <Width = 32> <Depth = 228> <RAM>
ST_2 : Operation 574 [1/2] (3.25ns)   --->   "%local_input_54_load = load i8 %local_input_54_addr" [conv.cpp:65]   --->   Operation 574 'load' 'local_input_54_load' <Predicate = (!icmp_ln65)> <Delay = 3.25> <CoreInst = "RAM">   --->   Core 82 'RAM' <Latency = 1> <II = 1> <Delay = 3.25> <Storage> <Opcode : 'load' 'store'> <Ports = 2> <Width = 32> <Depth = 228> <RAM>
ST_2 : Operation 575 [1/2] (3.25ns)   --->   "%local_input_55_load = load i8 %local_input_55_addr" [conv.cpp:65]   --->   Operation 575 'load' 'local_input_55_load' <Predicate = (!icmp_ln65)> <Delay = 3.25> <CoreInst = "RAM">   --->   Core 82 'RAM' <Latency = 1> <II = 1> <Delay = 3.25> <Storage> <Opcode : 'load' 'store'> <Ports = 2> <Width = 32> <Depth = 228> <RAM>
ST_2 : Operation 576 [1/2] (3.25ns)   --->   "%local_input_56_load = load i8 %local_input_56_addr" [conv.cpp:65]   --->   Operation 576 'load' 'local_input_56_load' <Predicate = (!icmp_ln65)> <Delay = 3.25> <CoreInst = "RAM">   --->   Core 82 'RAM' <Latency = 1> <II = 1> <Delay = 3.25> <Storage> <Opcode : 'load' 'store'> <Ports = 2> <Width = 32> <Depth = 228> <RAM>
ST_2 : Operation 577 [1/2] (3.25ns)   --->   "%local_input_57_load = load i8 %local_input_57_addr" [conv.cpp:65]   --->   Operation 577 'load' 'local_input_57_load' <Predicate = (!icmp_ln65)> <Delay = 3.25> <CoreInst = "RAM">   --->   Core 82 'RAM' <Latency = 1> <II = 1> <Delay = 3.25> <Storage> <Opcode : 'load' 'store'> <Ports = 2> <Width = 32> <Depth = 228> <RAM>
ST_2 : Operation 578 [1/2] (3.25ns)   --->   "%local_input_58_load = load i8 %local_input_58_addr" [conv.cpp:65]   --->   Operation 578 'load' 'local_input_58_load' <Predicate = (!icmp_ln65)> <Delay = 3.25> <CoreInst = "RAM">   --->   Core 82 'RAM' <Latency = 1> <II = 1> <Delay = 3.25> <Storage> <Opcode : 'load' 'store'> <Ports = 2> <Width = 32> <Depth = 228> <RAM>
ST_2 : Operation 579 [1/2] (3.25ns)   --->   "%local_input_59_load = load i8 %local_input_59_addr" [conv.cpp:65]   --->   Operation 579 'load' 'local_input_59_load' <Predicate = (!icmp_ln65)> <Delay = 3.25> <CoreInst = "RAM">   --->   Core 82 'RAM' <Latency = 1> <II = 1> <Delay = 3.25> <Storage> <Opcode : 'load' 'store'> <Ports = 2> <Width = 32> <Depth = 228> <RAM>
ST_2 : Operation 580 [1/2] (3.25ns)   --->   "%local_input_60_load = load i8 %local_input_60_addr" [conv.cpp:65]   --->   Operation 580 'load' 'local_input_60_load' <Predicate = (!icmp_ln65)> <Delay = 3.25> <CoreInst = "RAM">   --->   Core 82 'RAM' <Latency = 1> <II = 1> <Delay = 3.25> <Storage> <Opcode : 'load' 'store'> <Ports = 2> <Width = 32> <Depth = 228> <RAM>
ST_2 : Operation 581 [1/2] (3.25ns)   --->   "%local_input_61_load = load i8 %local_input_61_addr" [conv.cpp:65]   --->   Operation 581 'load' 'local_input_61_load' <Predicate = (!icmp_ln65)> <Delay = 3.25> <CoreInst = "RAM">   --->   Core 82 'RAM' <Latency = 1> <II = 1> <Delay = 3.25> <Storage> <Opcode : 'load' 'store'> <Ports = 2> <Width = 32> <Depth = 228> <RAM>
ST_2 : Operation 582 [1/2] (3.25ns)   --->   "%local_input_62_load = load i8 %local_input_62_addr" [conv.cpp:65]   --->   Operation 582 'load' 'local_input_62_load' <Predicate = (!icmp_ln65)> <Delay = 3.25> <CoreInst = "RAM">   --->   Core 82 'RAM' <Latency = 1> <II = 1> <Delay = 3.25> <Storage> <Opcode : 'load' 'store'> <Ports = 2> <Width = 32> <Depth = 228> <RAM>
ST_2 : Operation 583 [1/2] (3.25ns)   --->   "%local_input_63_load = load i8 %local_input_63_addr" [conv.cpp:65]   --->   Operation 583 'load' 'local_input_63_load' <Predicate = (!icmp_ln65)> <Delay = 3.25> <CoreInst = "RAM">   --->   Core 82 'RAM' <Latency = 1> <II = 1> <Delay = 3.25> <Storage> <Opcode : 'load' 'store'> <Ports = 2> <Width = 32> <Depth = 228> <RAM>
ST_2 : Operation 584 [1/2] (3.25ns)   --->   "%local_input_64_load = load i8 %local_input_64_addr" [conv.cpp:65]   --->   Operation 584 'load' 'local_input_64_load' <Predicate = (!icmp_ln65)> <Delay = 3.25> <CoreInst = "RAM">   --->   Core 82 'RAM' <Latency = 1> <II = 1> <Delay = 3.25> <Storage> <Opcode : 'load' 'store'> <Ports = 2> <Width = 32> <Depth = 228> <RAM>
ST_2 : Operation 585 [1/2] (3.25ns)   --->   "%local_input_65_load = load i8 %local_input_65_addr" [conv.cpp:65]   --->   Operation 585 'load' 'local_input_65_load' <Predicate = (!icmp_ln65)> <Delay = 3.25> <CoreInst = "RAM">   --->   Core 82 'RAM' <Latency = 1> <II = 1> <Delay = 3.25> <Storage> <Opcode : 'load' 'store'> <Ports = 2> <Width = 32> <Depth = 228> <RAM>
ST_2 : Operation 586 [1/2] (3.25ns)   --->   "%local_input_66_load = load i8 %local_input_66_addr" [conv.cpp:65]   --->   Operation 586 'load' 'local_input_66_load' <Predicate = (!icmp_ln65)> <Delay = 3.25> <CoreInst = "RAM">   --->   Core 82 'RAM' <Latency = 1> <II = 1> <Delay = 3.25> <Storage> <Opcode : 'load' 'store'> <Ports = 2> <Width = 32> <Depth = 228> <RAM>
ST_2 : Operation 587 [1/2] (3.25ns)   --->   "%local_input_67_load = load i8 %local_input_67_addr" [conv.cpp:65]   --->   Operation 587 'load' 'local_input_67_load' <Predicate = (!icmp_ln65)> <Delay = 3.25> <CoreInst = "RAM">   --->   Core 82 'RAM' <Latency = 1> <II = 1> <Delay = 3.25> <Storage> <Opcode : 'load' 'store'> <Ports = 2> <Width = 32> <Depth = 228> <RAM>
ST_2 : Operation 588 [1/2] (3.25ns)   --->   "%local_input_68_load = load i8 %local_input_68_addr" [conv.cpp:65]   --->   Operation 588 'load' 'local_input_68_load' <Predicate = (!icmp_ln65)> <Delay = 3.25> <CoreInst = "RAM">   --->   Core 82 'RAM' <Latency = 1> <II = 1> <Delay = 3.25> <Storage> <Opcode : 'load' 'store'> <Ports = 2> <Width = 32> <Depth = 228> <RAM>
ST_2 : Operation 589 [1/2] (3.25ns)   --->   "%local_input_69_load = load i8 %local_input_69_addr" [conv.cpp:65]   --->   Operation 589 'load' 'local_input_69_load' <Predicate = (!icmp_ln65)> <Delay = 3.25> <CoreInst = "RAM">   --->   Core 82 'RAM' <Latency = 1> <II = 1> <Delay = 3.25> <Storage> <Opcode : 'load' 'store'> <Ports = 2> <Width = 32> <Depth = 228> <RAM>
ST_2 : Operation 590 [1/2] (3.25ns)   --->   "%local_input_70_load = load i8 %local_input_70_addr" [conv.cpp:65]   --->   Operation 590 'load' 'local_input_70_load' <Predicate = (!icmp_ln65)> <Delay = 3.25> <CoreInst = "RAM">   --->   Core 82 'RAM' <Latency = 1> <II = 1> <Delay = 3.25> <Storage> <Opcode : 'load' 'store'> <Ports = 2> <Width = 32> <Depth = 228> <RAM>
ST_2 : Operation 591 [1/2] (3.25ns)   --->   "%local_input_71_load = load i8 %local_input_71_addr" [conv.cpp:65]   --->   Operation 591 'load' 'local_input_71_load' <Predicate = (!icmp_ln65)> <Delay = 3.25> <CoreInst = "RAM">   --->   Core 82 'RAM' <Latency = 1> <II = 1> <Delay = 3.25> <Storage> <Opcode : 'load' 'store'> <Ports = 2> <Width = 32> <Depth = 228> <RAM>
ST_2 : Operation 592 [1/2] (3.25ns)   --->   "%local_input_72_load = load i8 %local_input_72_addr" [conv.cpp:65]   --->   Operation 592 'load' 'local_input_72_load' <Predicate = (!icmp_ln65)> <Delay = 3.25> <CoreInst = "RAM">   --->   Core 82 'RAM' <Latency = 1> <II = 1> <Delay = 3.25> <Storage> <Opcode : 'load' 'store'> <Ports = 2> <Width = 32> <Depth = 228> <RAM>
ST_2 : Operation 593 [1/2] (3.25ns)   --->   "%local_input_73_load = load i8 %local_input_73_addr" [conv.cpp:65]   --->   Operation 593 'load' 'local_input_73_load' <Predicate = (!icmp_ln65)> <Delay = 3.25> <CoreInst = "RAM">   --->   Core 82 'RAM' <Latency = 1> <II = 1> <Delay = 3.25> <Storage> <Opcode : 'load' 'store'> <Ports = 2> <Width = 32> <Depth = 228> <RAM>
ST_2 : Operation 594 [1/2] (3.25ns)   --->   "%local_input_74_load = load i8 %local_input_74_addr" [conv.cpp:65]   --->   Operation 594 'load' 'local_input_74_load' <Predicate = (!icmp_ln65)> <Delay = 3.25> <CoreInst = "RAM">   --->   Core 82 'RAM' <Latency = 1> <II = 1> <Delay = 3.25> <Storage> <Opcode : 'load' 'store'> <Ports = 2> <Width = 32> <Depth = 228> <RAM>
ST_2 : Operation 595 [1/2] (3.25ns)   --->   "%local_input_75_load = load i8 %local_input_75_addr" [conv.cpp:65]   --->   Operation 595 'load' 'local_input_75_load' <Predicate = (!icmp_ln65)> <Delay = 3.25> <CoreInst = "RAM">   --->   Core 82 'RAM' <Latency = 1> <II = 1> <Delay = 3.25> <Storage> <Opcode : 'load' 'store'> <Ports = 2> <Width = 32> <Depth = 228> <RAM>
ST_2 : Operation 596 [1/2] (3.25ns)   --->   "%local_input_76_load = load i8 %local_input_76_addr" [conv.cpp:65]   --->   Operation 596 'load' 'local_input_76_load' <Predicate = (!icmp_ln65)> <Delay = 3.25> <CoreInst = "RAM">   --->   Core 82 'RAM' <Latency = 1> <II = 1> <Delay = 3.25> <Storage> <Opcode : 'load' 'store'> <Ports = 2> <Width = 32> <Depth = 228> <RAM>
ST_2 : Operation 597 [1/2] (3.25ns)   --->   "%local_input_77_load = load i8 %local_input_77_addr" [conv.cpp:65]   --->   Operation 597 'load' 'local_input_77_load' <Predicate = (!icmp_ln65)> <Delay = 3.25> <CoreInst = "RAM">   --->   Core 82 'RAM' <Latency = 1> <II = 1> <Delay = 3.25> <Storage> <Opcode : 'load' 'store'> <Ports = 2> <Width = 32> <Depth = 228> <RAM>
ST_2 : Operation 598 [1/2] (3.25ns)   --->   "%local_input_78_load = load i8 %local_input_78_addr" [conv.cpp:65]   --->   Operation 598 'load' 'local_input_78_load' <Predicate = (!icmp_ln65)> <Delay = 3.25> <CoreInst = "RAM">   --->   Core 82 'RAM' <Latency = 1> <II = 1> <Delay = 3.25> <Storage> <Opcode : 'load' 'store'> <Ports = 2> <Width = 32> <Depth = 228> <RAM>
ST_2 : Operation 599 [1/2] (3.25ns)   --->   "%local_input_79_load = load i8 %local_input_79_addr" [conv.cpp:65]   --->   Operation 599 'load' 'local_input_79_load' <Predicate = (!icmp_ln65)> <Delay = 3.25> <CoreInst = "RAM">   --->   Core 82 'RAM' <Latency = 1> <II = 1> <Delay = 3.25> <Storage> <Opcode : 'load' 'store'> <Ports = 2> <Width = 32> <Depth = 228> <RAM>
ST_2 : Operation 600 [1/2] (3.25ns)   --->   "%local_input_80_load = load i8 %local_input_80_addr" [conv.cpp:65]   --->   Operation 600 'load' 'local_input_80_load' <Predicate = (!icmp_ln65)> <Delay = 3.25> <CoreInst = "RAM">   --->   Core 82 'RAM' <Latency = 1> <II = 1> <Delay = 3.25> <Storage> <Opcode : 'load' 'store'> <Ports = 2> <Width = 32> <Depth = 228> <RAM>
ST_2 : Operation 601 [1/2] (3.25ns)   --->   "%local_input_81_load = load i8 %local_input_81_addr" [conv.cpp:65]   --->   Operation 601 'load' 'local_input_81_load' <Predicate = (!icmp_ln65)> <Delay = 3.25> <CoreInst = "RAM">   --->   Core 82 'RAM' <Latency = 1> <II = 1> <Delay = 3.25> <Storage> <Opcode : 'load' 'store'> <Ports = 2> <Width = 32> <Depth = 228> <RAM>
ST_2 : Operation 602 [1/2] (3.25ns)   --->   "%local_input_82_load = load i8 %local_input_82_addr" [conv.cpp:65]   --->   Operation 602 'load' 'local_input_82_load' <Predicate = (!icmp_ln65)> <Delay = 3.25> <CoreInst = "RAM">   --->   Core 82 'RAM' <Latency = 1> <II = 1> <Delay = 3.25> <Storage> <Opcode : 'load' 'store'> <Ports = 2> <Width = 32> <Depth = 228> <RAM>
ST_2 : Operation 603 [1/2] (3.25ns)   --->   "%local_input_83_load = load i8 %local_input_83_addr" [conv.cpp:65]   --->   Operation 603 'load' 'local_input_83_load' <Predicate = (!icmp_ln65)> <Delay = 3.25> <CoreInst = "RAM">   --->   Core 82 'RAM' <Latency = 1> <II = 1> <Delay = 3.25> <Storage> <Opcode : 'load' 'store'> <Ports = 2> <Width = 32> <Depth = 228> <RAM>
ST_2 : Operation 604 [1/2] (3.25ns)   --->   "%local_input_84_load = load i8 %local_input_84_addr" [conv.cpp:65]   --->   Operation 604 'load' 'local_input_84_load' <Predicate = (!icmp_ln65)> <Delay = 3.25> <CoreInst = "RAM">   --->   Core 82 'RAM' <Latency = 1> <II = 1> <Delay = 3.25> <Storage> <Opcode : 'load' 'store'> <Ports = 2> <Width = 32> <Depth = 228> <RAM>
ST_2 : Operation 605 [1/2] (3.25ns)   --->   "%local_input_85_load = load i8 %local_input_85_addr" [conv.cpp:65]   --->   Operation 605 'load' 'local_input_85_load' <Predicate = (!icmp_ln65)> <Delay = 3.25> <CoreInst = "RAM">   --->   Core 82 'RAM' <Latency = 1> <II = 1> <Delay = 3.25> <Storage> <Opcode : 'load' 'store'> <Ports = 2> <Width = 32> <Depth = 228> <RAM>
ST_2 : Operation 606 [1/2] (3.25ns)   --->   "%local_input_86_load = load i8 %local_input_86_addr" [conv.cpp:65]   --->   Operation 606 'load' 'local_input_86_load' <Predicate = (!icmp_ln65)> <Delay = 3.25> <CoreInst = "RAM">   --->   Core 82 'RAM' <Latency = 1> <II = 1> <Delay = 3.25> <Storage> <Opcode : 'load' 'store'> <Ports = 2> <Width = 32> <Depth = 228> <RAM>
ST_2 : Operation 607 [1/2] (3.25ns)   --->   "%local_input_87_load = load i8 %local_input_87_addr" [conv.cpp:65]   --->   Operation 607 'load' 'local_input_87_load' <Predicate = (!icmp_ln65)> <Delay = 3.25> <CoreInst = "RAM">   --->   Core 82 'RAM' <Latency = 1> <II = 1> <Delay = 3.25> <Storage> <Opcode : 'load' 'store'> <Ports = 2> <Width = 32> <Depth = 228> <RAM>
ST_2 : Operation 608 [1/2] (3.25ns)   --->   "%local_input_88_load = load i8 %local_input_88_addr" [conv.cpp:65]   --->   Operation 608 'load' 'local_input_88_load' <Predicate = (!icmp_ln65)> <Delay = 3.25> <CoreInst = "RAM">   --->   Core 82 'RAM' <Latency = 1> <II = 1> <Delay = 3.25> <Storage> <Opcode : 'load' 'store'> <Ports = 2> <Width = 32> <Depth = 228> <RAM>
ST_2 : Operation 609 [1/2] (3.25ns)   --->   "%local_input_89_load = load i8 %local_input_89_addr" [conv.cpp:65]   --->   Operation 609 'load' 'local_input_89_load' <Predicate = (!icmp_ln65)> <Delay = 3.25> <CoreInst = "RAM">   --->   Core 82 'RAM' <Latency = 1> <II = 1> <Delay = 3.25> <Storage> <Opcode : 'load' 'store'> <Ports = 2> <Width = 32> <Depth = 228> <RAM>
ST_2 : Operation 610 [1/2] (3.25ns)   --->   "%local_input_90_load = load i8 %local_input_90_addr" [conv.cpp:65]   --->   Operation 610 'load' 'local_input_90_load' <Predicate = (!icmp_ln65)> <Delay = 3.25> <CoreInst = "RAM">   --->   Core 82 'RAM' <Latency = 1> <II = 1> <Delay = 3.25> <Storage> <Opcode : 'load' 'store'> <Ports = 2> <Width = 32> <Depth = 228> <RAM>
ST_2 : Operation 611 [1/2] (3.25ns)   --->   "%local_input_91_load = load i8 %local_input_91_addr" [conv.cpp:65]   --->   Operation 611 'load' 'local_input_91_load' <Predicate = (!icmp_ln65)> <Delay = 3.25> <CoreInst = "RAM">   --->   Core 82 'RAM' <Latency = 1> <II = 1> <Delay = 3.25> <Storage> <Opcode : 'load' 'store'> <Ports = 2> <Width = 32> <Depth = 228> <RAM>
ST_2 : Operation 612 [1/2] (3.25ns)   --->   "%local_input_92_load = load i8 %local_input_92_addr" [conv.cpp:65]   --->   Operation 612 'load' 'local_input_92_load' <Predicate = (!icmp_ln65)> <Delay = 3.25> <CoreInst = "RAM">   --->   Core 82 'RAM' <Latency = 1> <II = 1> <Delay = 3.25> <Storage> <Opcode : 'load' 'store'> <Ports = 2> <Width = 32> <Depth = 228> <RAM>
ST_2 : Operation 613 [1/2] (3.25ns)   --->   "%local_input_93_load = load i8 %local_input_93_addr" [conv.cpp:65]   --->   Operation 613 'load' 'local_input_93_load' <Predicate = (!icmp_ln65)> <Delay = 3.25> <CoreInst = "RAM">   --->   Core 82 'RAM' <Latency = 1> <II = 1> <Delay = 3.25> <Storage> <Opcode : 'load' 'store'> <Ports = 2> <Width = 32> <Depth = 228> <RAM>
ST_2 : Operation 614 [1/2] (3.25ns)   --->   "%local_input_94_load = load i8 %local_input_94_addr" [conv.cpp:65]   --->   Operation 614 'load' 'local_input_94_load' <Predicate = (!icmp_ln65)> <Delay = 3.25> <CoreInst = "RAM">   --->   Core 82 'RAM' <Latency = 1> <II = 1> <Delay = 3.25> <Storage> <Opcode : 'load' 'store'> <Ports = 2> <Width = 32> <Depth = 228> <RAM>
ST_2 : Operation 615 [1/2] (3.25ns)   --->   "%local_input_95_load = load i8 %local_input_95_addr" [conv.cpp:65]   --->   Operation 615 'load' 'local_input_95_load' <Predicate = (!icmp_ln65)> <Delay = 3.25> <CoreInst = "RAM">   --->   Core 82 'RAM' <Latency = 1> <II = 1> <Delay = 3.25> <Storage> <Opcode : 'load' 'store'> <Ports = 2> <Width = 32> <Depth = 228> <RAM>
ST_2 : Operation 616 [1/2] (3.25ns)   --->   "%local_input_96_load = load i8 %local_input_96_addr" [conv.cpp:65]   --->   Operation 616 'load' 'local_input_96_load' <Predicate = (!icmp_ln65)> <Delay = 3.25> <CoreInst = "RAM">   --->   Core 82 'RAM' <Latency = 1> <II = 1> <Delay = 3.25> <Storage> <Opcode : 'load' 'store'> <Ports = 2> <Width = 32> <Depth = 228> <RAM>
ST_2 : Operation 617 [1/2] (3.25ns)   --->   "%local_input_97_load = load i8 %local_input_97_addr" [conv.cpp:65]   --->   Operation 617 'load' 'local_input_97_load' <Predicate = (!icmp_ln65)> <Delay = 3.25> <CoreInst = "RAM">   --->   Core 82 'RAM' <Latency = 1> <II = 1> <Delay = 3.25> <Storage> <Opcode : 'load' 'store'> <Ports = 2> <Width = 32> <Depth = 228> <RAM>
ST_2 : Operation 618 [1/2] (3.25ns)   --->   "%local_input_98_load = load i8 %local_input_98_addr" [conv.cpp:65]   --->   Operation 618 'load' 'local_input_98_load' <Predicate = (!icmp_ln65)> <Delay = 3.25> <CoreInst = "RAM">   --->   Core 82 'RAM' <Latency = 1> <II = 1> <Delay = 3.25> <Storage> <Opcode : 'load' 'store'> <Ports = 2> <Width = 32> <Depth = 228> <RAM>
ST_2 : Operation 619 [1/2] (3.25ns)   --->   "%local_input_99_load = load i8 %local_input_99_addr" [conv.cpp:65]   --->   Operation 619 'load' 'local_input_99_load' <Predicate = (!icmp_ln65)> <Delay = 3.25> <CoreInst = "RAM">   --->   Core 82 'RAM' <Latency = 1> <II = 1> <Delay = 3.25> <Storage> <Opcode : 'load' 'store'> <Ports = 2> <Width = 32> <Depth = 228> <RAM>
ST_2 : Operation 620 [1/2] (3.25ns)   --->   "%local_input_100_load = load i8 %local_input_100_addr" [conv.cpp:65]   --->   Operation 620 'load' 'local_input_100_load' <Predicate = (!icmp_ln65)> <Delay = 3.25> <CoreInst = "RAM">   --->   Core 82 'RAM' <Latency = 1> <II = 1> <Delay = 3.25> <Storage> <Opcode : 'load' 'store'> <Ports = 2> <Width = 32> <Depth = 228> <RAM>
ST_2 : Operation 621 [1/2] (3.25ns)   --->   "%local_input_101_load = load i8 %local_input_101_addr" [conv.cpp:65]   --->   Operation 621 'load' 'local_input_101_load' <Predicate = (!icmp_ln65)> <Delay = 3.25> <CoreInst = "RAM">   --->   Core 82 'RAM' <Latency = 1> <II = 1> <Delay = 3.25> <Storage> <Opcode : 'load' 'store'> <Ports = 2> <Width = 32> <Depth = 228> <RAM>
ST_2 : Operation 622 [1/2] (3.25ns)   --->   "%local_input_102_load = load i8 %local_input_102_addr" [conv.cpp:65]   --->   Operation 622 'load' 'local_input_102_load' <Predicate = (!icmp_ln65)> <Delay = 3.25> <CoreInst = "RAM">   --->   Core 82 'RAM' <Latency = 1> <II = 1> <Delay = 3.25> <Storage> <Opcode : 'load' 'store'> <Ports = 2> <Width = 32> <Depth = 228> <RAM>
ST_2 : Operation 623 [1/2] (3.25ns)   --->   "%local_input_103_load = load i8 %local_input_103_addr" [conv.cpp:65]   --->   Operation 623 'load' 'local_input_103_load' <Predicate = (!icmp_ln65)> <Delay = 3.25> <CoreInst = "RAM">   --->   Core 82 'RAM' <Latency = 1> <II = 1> <Delay = 3.25> <Storage> <Opcode : 'load' 'store'> <Ports = 2> <Width = 32> <Depth = 228> <RAM>
ST_2 : Operation 624 [1/2] (3.25ns)   --->   "%local_input_104_load = load i8 %local_input_104_addr" [conv.cpp:65]   --->   Operation 624 'load' 'local_input_104_load' <Predicate = (!icmp_ln65)> <Delay = 3.25> <CoreInst = "RAM">   --->   Core 82 'RAM' <Latency = 1> <II = 1> <Delay = 3.25> <Storage> <Opcode : 'load' 'store'> <Ports = 2> <Width = 32> <Depth = 228> <RAM>
ST_2 : Operation 625 [1/2] (3.25ns)   --->   "%local_input_105_load = load i8 %local_input_105_addr" [conv.cpp:65]   --->   Operation 625 'load' 'local_input_105_load' <Predicate = (!icmp_ln65)> <Delay = 3.25> <CoreInst = "RAM">   --->   Core 82 'RAM' <Latency = 1> <II = 1> <Delay = 3.25> <Storage> <Opcode : 'load' 'store'> <Ports = 2> <Width = 32> <Depth = 228> <RAM>
ST_2 : Operation 626 [1/2] (3.25ns)   --->   "%local_input_106_load = load i8 %local_input_106_addr" [conv.cpp:65]   --->   Operation 626 'load' 'local_input_106_load' <Predicate = (!icmp_ln65)> <Delay = 3.25> <CoreInst = "RAM">   --->   Core 82 'RAM' <Latency = 1> <II = 1> <Delay = 3.25> <Storage> <Opcode : 'load' 'store'> <Ports = 2> <Width = 32> <Depth = 228> <RAM>
ST_2 : Operation 627 [1/2] (3.25ns)   --->   "%local_input_107_load = load i8 %local_input_107_addr" [conv.cpp:65]   --->   Operation 627 'load' 'local_input_107_load' <Predicate = (!icmp_ln65)> <Delay = 3.25> <CoreInst = "RAM">   --->   Core 82 'RAM' <Latency = 1> <II = 1> <Delay = 3.25> <Storage> <Opcode : 'load' 'store'> <Ports = 2> <Width = 32> <Depth = 228> <RAM>
ST_2 : Operation 628 [1/2] (3.25ns)   --->   "%local_input_108_load = load i8 %local_input_108_addr" [conv.cpp:65]   --->   Operation 628 'load' 'local_input_108_load' <Predicate = (!icmp_ln65)> <Delay = 3.25> <CoreInst = "RAM">   --->   Core 82 'RAM' <Latency = 1> <II = 1> <Delay = 3.25> <Storage> <Opcode : 'load' 'store'> <Ports = 2> <Width = 32> <Depth = 228> <RAM>
ST_2 : Operation 629 [1/2] (3.25ns)   --->   "%local_input_109_load = load i8 %local_input_109_addr" [conv.cpp:65]   --->   Operation 629 'load' 'local_input_109_load' <Predicate = (!icmp_ln65)> <Delay = 3.25> <CoreInst = "RAM">   --->   Core 82 'RAM' <Latency = 1> <II = 1> <Delay = 3.25> <Storage> <Opcode : 'load' 'store'> <Ports = 2> <Width = 32> <Depth = 228> <RAM>
ST_2 : Operation 630 [1/2] (3.25ns)   --->   "%local_input_110_load = load i8 %local_input_110_addr" [conv.cpp:65]   --->   Operation 630 'load' 'local_input_110_load' <Predicate = (!icmp_ln65)> <Delay = 3.25> <CoreInst = "RAM">   --->   Core 82 'RAM' <Latency = 1> <II = 1> <Delay = 3.25> <Storage> <Opcode : 'load' 'store'> <Ports = 2> <Width = 32> <Depth = 228> <RAM>
ST_2 : Operation 631 [1/2] (3.25ns)   --->   "%local_input_111_load = load i8 %local_input_111_addr" [conv.cpp:65]   --->   Operation 631 'load' 'local_input_111_load' <Predicate = (!icmp_ln65)> <Delay = 3.25> <CoreInst = "RAM">   --->   Core 82 'RAM' <Latency = 1> <II = 1> <Delay = 3.25> <Storage> <Opcode : 'load' 'store'> <Ports = 2> <Width = 32> <Depth = 228> <RAM>
ST_2 : Operation 632 [1/2] (3.25ns)   --->   "%local_input_112_load = load i8 %local_input_112_addr" [conv.cpp:65]   --->   Operation 632 'load' 'local_input_112_load' <Predicate = (!icmp_ln65)> <Delay = 3.25> <CoreInst = "RAM">   --->   Core 82 'RAM' <Latency = 1> <II = 1> <Delay = 3.25> <Storage> <Opcode : 'load' 'store'> <Ports = 2> <Width = 32> <Depth = 228> <RAM>
ST_2 : Operation 633 [1/2] (3.25ns)   --->   "%local_input_113_load = load i8 %local_input_113_addr" [conv.cpp:65]   --->   Operation 633 'load' 'local_input_113_load' <Predicate = (!icmp_ln65)> <Delay = 3.25> <CoreInst = "RAM">   --->   Core 82 'RAM' <Latency = 1> <II = 1> <Delay = 3.25> <Storage> <Opcode : 'load' 'store'> <Ports = 2> <Width = 32> <Depth = 228> <RAM>
ST_2 : Operation 634 [1/2] (3.25ns)   --->   "%local_input_114_load = load i8 %local_input_114_addr" [conv.cpp:65]   --->   Operation 634 'load' 'local_input_114_load' <Predicate = (!icmp_ln65)> <Delay = 3.25> <CoreInst = "RAM">   --->   Core 82 'RAM' <Latency = 1> <II = 1> <Delay = 3.25> <Storage> <Opcode : 'load' 'store'> <Ports = 2> <Width = 32> <Depth = 228> <RAM>
ST_2 : Operation 635 [1/2] (3.25ns)   --->   "%local_input_115_load = load i8 %local_input_115_addr" [conv.cpp:65]   --->   Operation 635 'load' 'local_input_115_load' <Predicate = (!icmp_ln65)> <Delay = 3.25> <CoreInst = "RAM">   --->   Core 82 'RAM' <Latency = 1> <II = 1> <Delay = 3.25> <Storage> <Opcode : 'load' 'store'> <Ports = 2> <Width = 32> <Depth = 228> <RAM>
ST_2 : Operation 636 [1/2] (3.25ns)   --->   "%local_input_116_load = load i8 %local_input_116_addr" [conv.cpp:65]   --->   Operation 636 'load' 'local_input_116_load' <Predicate = (!icmp_ln65)> <Delay = 3.25> <CoreInst = "RAM">   --->   Core 82 'RAM' <Latency = 1> <II = 1> <Delay = 3.25> <Storage> <Opcode : 'load' 'store'> <Ports = 2> <Width = 32> <Depth = 228> <RAM>
ST_2 : Operation 637 [1/2] (3.25ns)   --->   "%local_input_117_load = load i8 %local_input_117_addr" [conv.cpp:65]   --->   Operation 637 'load' 'local_input_117_load' <Predicate = (!icmp_ln65)> <Delay = 3.25> <CoreInst = "RAM">   --->   Core 82 'RAM' <Latency = 1> <II = 1> <Delay = 3.25> <Storage> <Opcode : 'load' 'store'> <Ports = 2> <Width = 32> <Depth = 228> <RAM>
ST_2 : Operation 638 [1/2] (3.25ns)   --->   "%local_input_118_load = load i8 %local_input_118_addr" [conv.cpp:65]   --->   Operation 638 'load' 'local_input_118_load' <Predicate = (!icmp_ln65)> <Delay = 3.25> <CoreInst = "RAM">   --->   Core 82 'RAM' <Latency = 1> <II = 1> <Delay = 3.25> <Storage> <Opcode : 'load' 'store'> <Ports = 2> <Width = 32> <Depth = 228> <RAM>
ST_2 : Operation 639 [1/2] (3.25ns)   --->   "%local_input_119_load = load i8 %local_input_119_addr" [conv.cpp:65]   --->   Operation 639 'load' 'local_input_119_load' <Predicate = (!icmp_ln65)> <Delay = 3.25> <CoreInst = "RAM">   --->   Core 82 'RAM' <Latency = 1> <II = 1> <Delay = 3.25> <Storage> <Opcode : 'load' 'store'> <Ports = 2> <Width = 32> <Depth = 228> <RAM>
ST_2 : Operation 640 [1/2] (3.25ns)   --->   "%local_input_120_load = load i8 %local_input_120_addr" [conv.cpp:65]   --->   Operation 640 'load' 'local_input_120_load' <Predicate = (!icmp_ln65)> <Delay = 3.25> <CoreInst = "RAM">   --->   Core 82 'RAM' <Latency = 1> <II = 1> <Delay = 3.25> <Storage> <Opcode : 'load' 'store'> <Ports = 2> <Width = 32> <Depth = 228> <RAM>
ST_2 : Operation 641 [1/2] (3.25ns)   --->   "%local_input_121_load = load i8 %local_input_121_addr" [conv.cpp:65]   --->   Operation 641 'load' 'local_input_121_load' <Predicate = (!icmp_ln65)> <Delay = 3.25> <CoreInst = "RAM">   --->   Core 82 'RAM' <Latency = 1> <II = 1> <Delay = 3.25> <Storage> <Opcode : 'load' 'store'> <Ports = 2> <Width = 32> <Depth = 228> <RAM>
ST_2 : Operation 642 [1/2] (3.25ns)   --->   "%local_input_122_load = load i8 %local_input_122_addr" [conv.cpp:65]   --->   Operation 642 'load' 'local_input_122_load' <Predicate = (!icmp_ln65)> <Delay = 3.25> <CoreInst = "RAM">   --->   Core 82 'RAM' <Latency = 1> <II = 1> <Delay = 3.25> <Storage> <Opcode : 'load' 'store'> <Ports = 2> <Width = 32> <Depth = 228> <RAM>
ST_2 : Operation 643 [1/2] (3.25ns)   --->   "%local_input_123_load = load i8 %local_input_123_addr" [conv.cpp:65]   --->   Operation 643 'load' 'local_input_123_load' <Predicate = (!icmp_ln65)> <Delay = 3.25> <CoreInst = "RAM">   --->   Core 82 'RAM' <Latency = 1> <II = 1> <Delay = 3.25> <Storage> <Opcode : 'load' 'store'> <Ports = 2> <Width = 32> <Depth = 228> <RAM>
ST_2 : Operation 644 [1/2] (3.25ns)   --->   "%local_input_124_load = load i8 %local_input_124_addr" [conv.cpp:65]   --->   Operation 644 'load' 'local_input_124_load' <Predicate = (!icmp_ln65)> <Delay = 3.25> <CoreInst = "RAM">   --->   Core 82 'RAM' <Latency = 1> <II = 1> <Delay = 3.25> <Storage> <Opcode : 'load' 'store'> <Ports = 2> <Width = 32> <Depth = 228> <RAM>
ST_2 : Operation 645 [1/2] (3.25ns)   --->   "%local_input_125_load = load i8 %local_input_125_addr" [conv.cpp:65]   --->   Operation 645 'load' 'local_input_125_load' <Predicate = (!icmp_ln65)> <Delay = 3.25> <CoreInst = "RAM">   --->   Core 82 'RAM' <Latency = 1> <II = 1> <Delay = 3.25> <Storage> <Opcode : 'load' 'store'> <Ports = 2> <Width = 32> <Depth = 228> <RAM>
ST_2 : Operation 646 [1/2] (3.25ns)   --->   "%local_input_126_load = load i8 %local_input_126_addr" [conv.cpp:65]   --->   Operation 646 'load' 'local_input_126_load' <Predicate = (!icmp_ln65)> <Delay = 3.25> <CoreInst = "RAM">   --->   Core 82 'RAM' <Latency = 1> <II = 1> <Delay = 3.25> <Storage> <Opcode : 'load' 'store'> <Ports = 2> <Width = 32> <Depth = 228> <RAM>
ST_2 : Operation 647 [1/2] (3.25ns)   --->   "%local_input_127_load = load i8 %local_input_127_addr" [conv.cpp:65]   --->   Operation 647 'load' 'local_input_127_load' <Predicate = (!icmp_ln65)> <Delay = 3.25> <CoreInst = "RAM">   --->   Core 82 'RAM' <Latency = 1> <II = 1> <Delay = 3.25> <Storage> <Opcode : 'load' 'store'> <Ports = 2> <Width = 32> <Depth = 228> <RAM>
ST_2 : Operation 648 [1/2] (3.25ns)   --->   "%local_input_128_load = load i8 %local_input_128_addr" [conv.cpp:65]   --->   Operation 648 'load' 'local_input_128_load' <Predicate = (!icmp_ln65)> <Delay = 3.25> <CoreInst = "RAM">   --->   Core 82 'RAM' <Latency = 1> <II = 1> <Delay = 3.25> <Storage> <Opcode : 'load' 'store'> <Ports = 2> <Width = 32> <Depth = 228> <RAM>
ST_2 : Operation 649 [1/2] (3.25ns)   --->   "%local_input_129_load = load i8 %local_input_129_addr" [conv.cpp:65]   --->   Operation 649 'load' 'local_input_129_load' <Predicate = (!icmp_ln65)> <Delay = 3.25> <CoreInst = "RAM">   --->   Core 82 'RAM' <Latency = 1> <II = 1> <Delay = 3.25> <Storage> <Opcode : 'load' 'store'> <Ports = 2> <Width = 32> <Depth = 228> <RAM>
ST_2 : Operation 650 [1/2] (3.25ns)   --->   "%local_input_130_load = load i8 %local_input_130_addr" [conv.cpp:65]   --->   Operation 650 'load' 'local_input_130_load' <Predicate = (!icmp_ln65)> <Delay = 3.25> <CoreInst = "RAM">   --->   Core 82 'RAM' <Latency = 1> <II = 1> <Delay = 3.25> <Storage> <Opcode : 'load' 'store'> <Ports = 2> <Width = 32> <Depth = 228> <RAM>
ST_2 : Operation 651 [1/2] (3.25ns)   --->   "%local_input_131_load = load i8 %local_input_131_addr" [conv.cpp:65]   --->   Operation 651 'load' 'local_input_131_load' <Predicate = (!icmp_ln65)> <Delay = 3.25> <CoreInst = "RAM">   --->   Core 82 'RAM' <Latency = 1> <II = 1> <Delay = 3.25> <Storage> <Opcode : 'load' 'store'> <Ports = 2> <Width = 32> <Depth = 228> <RAM>
ST_2 : Operation 652 [1/2] (3.25ns)   --->   "%local_input_132_load = load i8 %local_input_132_addr" [conv.cpp:65]   --->   Operation 652 'load' 'local_input_132_load' <Predicate = (!icmp_ln65)> <Delay = 3.25> <CoreInst = "RAM">   --->   Core 82 'RAM' <Latency = 1> <II = 1> <Delay = 3.25> <Storage> <Opcode : 'load' 'store'> <Ports = 2> <Width = 32> <Depth = 228> <RAM>
ST_2 : Operation 653 [1/2] (3.25ns)   --->   "%local_input_133_load = load i8 %local_input_133_addr" [conv.cpp:65]   --->   Operation 653 'load' 'local_input_133_load' <Predicate = (!icmp_ln65)> <Delay = 3.25> <CoreInst = "RAM">   --->   Core 82 'RAM' <Latency = 1> <II = 1> <Delay = 3.25> <Storage> <Opcode : 'load' 'store'> <Ports = 2> <Width = 32> <Depth = 228> <RAM>
ST_2 : Operation 654 [1/2] (3.25ns)   --->   "%local_input_134_load = load i8 %local_input_134_addr" [conv.cpp:65]   --->   Operation 654 'load' 'local_input_134_load' <Predicate = (!icmp_ln65)> <Delay = 3.25> <CoreInst = "RAM">   --->   Core 82 'RAM' <Latency = 1> <II = 1> <Delay = 3.25> <Storage> <Opcode : 'load' 'store'> <Ports = 2> <Width = 32> <Depth = 228> <RAM>
ST_2 : Operation 655 [1/2] (3.25ns)   --->   "%local_input_135_load = load i8 %local_input_135_addr" [conv.cpp:65]   --->   Operation 655 'load' 'local_input_135_load' <Predicate = (!icmp_ln65)> <Delay = 3.25> <CoreInst = "RAM">   --->   Core 82 'RAM' <Latency = 1> <II = 1> <Delay = 3.25> <Storage> <Opcode : 'load' 'store'> <Ports = 2> <Width = 32> <Depth = 228> <RAM>
ST_2 : Operation 656 [1/2] (3.25ns)   --->   "%local_input_136_load = load i8 %local_input_136_addr" [conv.cpp:65]   --->   Operation 656 'load' 'local_input_136_load' <Predicate = (!icmp_ln65)> <Delay = 3.25> <CoreInst = "RAM">   --->   Core 82 'RAM' <Latency = 1> <II = 1> <Delay = 3.25> <Storage> <Opcode : 'load' 'store'> <Ports = 2> <Width = 32> <Depth = 228> <RAM>
ST_2 : Operation 657 [1/2] (3.25ns)   --->   "%local_input_137_load = load i8 %local_input_137_addr" [conv.cpp:65]   --->   Operation 657 'load' 'local_input_137_load' <Predicate = (!icmp_ln65)> <Delay = 3.25> <CoreInst = "RAM">   --->   Core 82 'RAM' <Latency = 1> <II = 1> <Delay = 3.25> <Storage> <Opcode : 'load' 'store'> <Ports = 2> <Width = 32> <Depth = 228> <RAM>
ST_2 : Operation 658 [1/2] (3.25ns)   --->   "%local_input_138_load = load i8 %local_input_138_addr" [conv.cpp:65]   --->   Operation 658 'load' 'local_input_138_load' <Predicate = (!icmp_ln65)> <Delay = 3.25> <CoreInst = "RAM">   --->   Core 82 'RAM' <Latency = 1> <II = 1> <Delay = 3.25> <Storage> <Opcode : 'load' 'store'> <Ports = 2> <Width = 32> <Depth = 228> <RAM>
ST_2 : Operation 659 [1/2] (3.25ns)   --->   "%local_input_139_load = load i8 %local_input_139_addr" [conv.cpp:65]   --->   Operation 659 'load' 'local_input_139_load' <Predicate = (!icmp_ln65)> <Delay = 3.25> <CoreInst = "RAM">   --->   Core 82 'RAM' <Latency = 1> <II = 1> <Delay = 3.25> <Storage> <Opcode : 'load' 'store'> <Ports = 2> <Width = 32> <Depth = 228> <RAM>
ST_2 : Operation 660 [1/2] (3.25ns)   --->   "%local_input_140_load = load i8 %local_input_140_addr" [conv.cpp:65]   --->   Operation 660 'load' 'local_input_140_load' <Predicate = (!icmp_ln65)> <Delay = 3.25> <CoreInst = "RAM">   --->   Core 82 'RAM' <Latency = 1> <II = 1> <Delay = 3.25> <Storage> <Opcode : 'load' 'store'> <Ports = 2> <Width = 32> <Depth = 228> <RAM>
ST_2 : Operation 661 [1/2] (3.25ns)   --->   "%local_input_141_load = load i8 %local_input_141_addr" [conv.cpp:65]   --->   Operation 661 'load' 'local_input_141_load' <Predicate = (!icmp_ln65)> <Delay = 3.25> <CoreInst = "RAM">   --->   Core 82 'RAM' <Latency = 1> <II = 1> <Delay = 3.25> <Storage> <Opcode : 'load' 'store'> <Ports = 2> <Width = 32> <Depth = 228> <RAM>
ST_2 : Operation 662 [1/2] (3.25ns)   --->   "%local_input_142_load = load i8 %local_input_142_addr" [conv.cpp:65]   --->   Operation 662 'load' 'local_input_142_load' <Predicate = (!icmp_ln65)> <Delay = 3.25> <CoreInst = "RAM">   --->   Core 82 'RAM' <Latency = 1> <II = 1> <Delay = 3.25> <Storage> <Opcode : 'load' 'store'> <Ports = 2> <Width = 32> <Depth = 228> <RAM>
ST_2 : Operation 663 [1/2] (3.25ns)   --->   "%local_input_143_load = load i8 %local_input_143_addr" [conv.cpp:65]   --->   Operation 663 'load' 'local_input_143_load' <Predicate = (!icmp_ln65)> <Delay = 3.25> <CoreInst = "RAM">   --->   Core 82 'RAM' <Latency = 1> <II = 1> <Delay = 3.25> <Storage> <Opcode : 'load' 'store'> <Ports = 2> <Width = 32> <Depth = 228> <RAM>
ST_2 : Operation 664 [1/2] (3.25ns)   --->   "%local_input_144_load = load i8 %local_input_144_addr" [conv.cpp:65]   --->   Operation 664 'load' 'local_input_144_load' <Predicate = (!icmp_ln65)> <Delay = 3.25> <CoreInst = "RAM">   --->   Core 82 'RAM' <Latency = 1> <II = 1> <Delay = 3.25> <Storage> <Opcode : 'load' 'store'> <Ports = 2> <Width = 32> <Depth = 228> <RAM>
ST_2 : Operation 665 [1/2] (3.25ns)   --->   "%local_input_145_load = load i8 %local_input_145_addr" [conv.cpp:65]   --->   Operation 665 'load' 'local_input_145_load' <Predicate = (!icmp_ln65)> <Delay = 3.25> <CoreInst = "RAM">   --->   Core 82 'RAM' <Latency = 1> <II = 1> <Delay = 3.25> <Storage> <Opcode : 'load' 'store'> <Ports = 2> <Width = 32> <Depth = 228> <RAM>
ST_2 : Operation 666 [1/2] (3.25ns)   --->   "%local_input_146_load = load i8 %local_input_146_addr" [conv.cpp:65]   --->   Operation 666 'load' 'local_input_146_load' <Predicate = (!icmp_ln65)> <Delay = 3.25> <CoreInst = "RAM">   --->   Core 82 'RAM' <Latency = 1> <II = 1> <Delay = 3.25> <Storage> <Opcode : 'load' 'store'> <Ports = 2> <Width = 32> <Depth = 228> <RAM>
ST_2 : Operation 667 [1/2] (3.25ns)   --->   "%local_input_147_load = load i8 %local_input_147_addr" [conv.cpp:65]   --->   Operation 667 'load' 'local_input_147_load' <Predicate = (!icmp_ln65)> <Delay = 3.25> <CoreInst = "RAM">   --->   Core 82 'RAM' <Latency = 1> <II = 1> <Delay = 3.25> <Storage> <Opcode : 'load' 'store'> <Ports = 2> <Width = 32> <Depth = 228> <RAM>
ST_2 : Operation 668 [1/2] (3.25ns)   --->   "%local_input_148_load = load i8 %local_input_148_addr" [conv.cpp:65]   --->   Operation 668 'load' 'local_input_148_load' <Predicate = (!icmp_ln65)> <Delay = 3.25> <CoreInst = "RAM">   --->   Core 82 'RAM' <Latency = 1> <II = 1> <Delay = 3.25> <Storage> <Opcode : 'load' 'store'> <Ports = 2> <Width = 32> <Depth = 228> <RAM>
ST_2 : Operation 669 [1/2] (3.25ns)   --->   "%local_input_149_load = load i8 %local_input_149_addr" [conv.cpp:65]   --->   Operation 669 'load' 'local_input_149_load' <Predicate = (!icmp_ln65)> <Delay = 3.25> <CoreInst = "RAM">   --->   Core 82 'RAM' <Latency = 1> <II = 1> <Delay = 3.25> <Storage> <Opcode : 'load' 'store'> <Ports = 2> <Width = 32> <Depth = 228> <RAM>
ST_2 : Operation 670 [1/2] (3.25ns)   --->   "%local_input_150_load = load i8 %local_input_150_addr" [conv.cpp:65]   --->   Operation 670 'load' 'local_input_150_load' <Predicate = (!icmp_ln65)> <Delay = 3.25> <CoreInst = "RAM">   --->   Core 82 'RAM' <Latency = 1> <II = 1> <Delay = 3.25> <Storage> <Opcode : 'load' 'store'> <Ports = 2> <Width = 32> <Depth = 228> <RAM>
ST_2 : Operation 671 [1/2] (3.25ns)   --->   "%local_input_151_load = load i8 %local_input_151_addr" [conv.cpp:65]   --->   Operation 671 'load' 'local_input_151_load' <Predicate = (!icmp_ln65)> <Delay = 3.25> <CoreInst = "RAM">   --->   Core 82 'RAM' <Latency = 1> <II = 1> <Delay = 3.25> <Storage> <Opcode : 'load' 'store'> <Ports = 2> <Width = 32> <Depth = 228> <RAM>
ST_2 : Operation 672 [1/2] (3.25ns)   --->   "%local_input_152_load = load i8 %local_input_152_addr" [conv.cpp:65]   --->   Operation 672 'load' 'local_input_152_load' <Predicate = (!icmp_ln65)> <Delay = 3.25> <CoreInst = "RAM">   --->   Core 82 'RAM' <Latency = 1> <II = 1> <Delay = 3.25> <Storage> <Opcode : 'load' 'store'> <Ports = 2> <Width = 32> <Depth = 228> <RAM>
ST_2 : Operation 673 [1/2] (3.25ns)   --->   "%local_input_153_load = load i8 %local_input_153_addr" [conv.cpp:65]   --->   Operation 673 'load' 'local_input_153_load' <Predicate = (!icmp_ln65)> <Delay = 3.25> <CoreInst = "RAM">   --->   Core 82 'RAM' <Latency = 1> <II = 1> <Delay = 3.25> <Storage> <Opcode : 'load' 'store'> <Ports = 2> <Width = 32> <Depth = 228> <RAM>
ST_2 : Operation 674 [1/2] (3.25ns)   --->   "%local_input_154_load = load i8 %local_input_154_addr" [conv.cpp:65]   --->   Operation 674 'load' 'local_input_154_load' <Predicate = (!icmp_ln65)> <Delay = 3.25> <CoreInst = "RAM">   --->   Core 82 'RAM' <Latency = 1> <II = 1> <Delay = 3.25> <Storage> <Opcode : 'load' 'store'> <Ports = 2> <Width = 32> <Depth = 228> <RAM>
ST_2 : Operation 675 [1/2] (3.25ns)   --->   "%local_input_155_load = load i8 %local_input_155_addr" [conv.cpp:65]   --->   Operation 675 'load' 'local_input_155_load' <Predicate = (!icmp_ln65)> <Delay = 3.25> <CoreInst = "RAM">   --->   Core 82 'RAM' <Latency = 1> <II = 1> <Delay = 3.25> <Storage> <Opcode : 'load' 'store'> <Ports = 2> <Width = 32> <Depth = 228> <RAM>
ST_2 : Operation 676 [1/2] (3.25ns)   --->   "%local_input_156_load = load i8 %local_input_156_addr" [conv.cpp:65]   --->   Operation 676 'load' 'local_input_156_load' <Predicate = (!icmp_ln65)> <Delay = 3.25> <CoreInst = "RAM">   --->   Core 82 'RAM' <Latency = 1> <II = 1> <Delay = 3.25> <Storage> <Opcode : 'load' 'store'> <Ports = 2> <Width = 32> <Depth = 228> <RAM>
ST_2 : Operation 677 [1/2] (3.25ns)   --->   "%local_input_157_load = load i8 %local_input_157_addr" [conv.cpp:65]   --->   Operation 677 'load' 'local_input_157_load' <Predicate = (!icmp_ln65)> <Delay = 3.25> <CoreInst = "RAM">   --->   Core 82 'RAM' <Latency = 1> <II = 1> <Delay = 3.25> <Storage> <Opcode : 'load' 'store'> <Ports = 2> <Width = 32> <Depth = 228> <RAM>
ST_2 : Operation 678 [1/2] (3.25ns)   --->   "%local_input_158_load = load i8 %local_input_158_addr" [conv.cpp:65]   --->   Operation 678 'load' 'local_input_158_load' <Predicate = (!icmp_ln65)> <Delay = 3.25> <CoreInst = "RAM">   --->   Core 82 'RAM' <Latency = 1> <II = 1> <Delay = 3.25> <Storage> <Opcode : 'load' 'store'> <Ports = 2> <Width = 32> <Depth = 228> <RAM>
ST_2 : Operation 679 [1/2] (3.25ns)   --->   "%local_input_159_load = load i8 %local_input_159_addr" [conv.cpp:65]   --->   Operation 679 'load' 'local_input_159_load' <Predicate = (!icmp_ln65)> <Delay = 3.25> <CoreInst = "RAM">   --->   Core 82 'RAM' <Latency = 1> <II = 1> <Delay = 3.25> <Storage> <Opcode : 'load' 'store'> <Ports = 2> <Width = 32> <Depth = 228> <RAM>
ST_2 : Operation 680 [1/2] (3.25ns)   --->   "%local_input_160_load = load i8 %local_input_160_addr" [conv.cpp:65]   --->   Operation 680 'load' 'local_input_160_load' <Predicate = (!icmp_ln65)> <Delay = 3.25> <CoreInst = "RAM">   --->   Core 82 'RAM' <Latency = 1> <II = 1> <Delay = 3.25> <Storage> <Opcode : 'load' 'store'> <Ports = 2> <Width = 32> <Depth = 228> <RAM>
ST_2 : Operation 681 [1/2] (3.25ns)   --->   "%local_input_161_load = load i8 %local_input_161_addr" [conv.cpp:65]   --->   Operation 681 'load' 'local_input_161_load' <Predicate = (!icmp_ln65)> <Delay = 3.25> <CoreInst = "RAM">   --->   Core 82 'RAM' <Latency = 1> <II = 1> <Delay = 3.25> <Storage> <Opcode : 'load' 'store'> <Ports = 2> <Width = 32> <Depth = 228> <RAM>
ST_2 : Operation 682 [1/2] (3.25ns)   --->   "%local_input_162_load = load i8 %local_input_162_addr" [conv.cpp:65]   --->   Operation 682 'load' 'local_input_162_load' <Predicate = (!icmp_ln65)> <Delay = 3.25> <CoreInst = "RAM">   --->   Core 82 'RAM' <Latency = 1> <II = 1> <Delay = 3.25> <Storage> <Opcode : 'load' 'store'> <Ports = 2> <Width = 32> <Depth = 228> <RAM>
ST_2 : Operation 683 [1/2] (3.25ns)   --->   "%local_input_163_load = load i8 %local_input_163_addr" [conv.cpp:65]   --->   Operation 683 'load' 'local_input_163_load' <Predicate = (!icmp_ln65)> <Delay = 3.25> <CoreInst = "RAM">   --->   Core 82 'RAM' <Latency = 1> <II = 1> <Delay = 3.25> <Storage> <Opcode : 'load' 'store'> <Ports = 2> <Width = 32> <Depth = 228> <RAM>
ST_2 : Operation 684 [1/2] (3.25ns)   --->   "%local_input_164_load = load i8 %local_input_164_addr" [conv.cpp:65]   --->   Operation 684 'load' 'local_input_164_load' <Predicate = (!icmp_ln65)> <Delay = 3.25> <CoreInst = "RAM">   --->   Core 82 'RAM' <Latency = 1> <II = 1> <Delay = 3.25> <Storage> <Opcode : 'load' 'store'> <Ports = 2> <Width = 32> <Depth = 228> <RAM>
ST_2 : Operation 685 [1/2] (3.25ns)   --->   "%local_input_165_load = load i8 %local_input_165_addr" [conv.cpp:65]   --->   Operation 685 'load' 'local_input_165_load' <Predicate = (!icmp_ln65)> <Delay = 3.25> <CoreInst = "RAM">   --->   Core 82 'RAM' <Latency = 1> <II = 1> <Delay = 3.25> <Storage> <Opcode : 'load' 'store'> <Ports = 2> <Width = 32> <Depth = 228> <RAM>
ST_2 : Operation 686 [1/2] (3.25ns)   --->   "%local_input_166_load = load i8 %local_input_166_addr" [conv.cpp:65]   --->   Operation 686 'load' 'local_input_166_load' <Predicate = (!icmp_ln65)> <Delay = 3.25> <CoreInst = "RAM">   --->   Core 82 'RAM' <Latency = 1> <II = 1> <Delay = 3.25> <Storage> <Opcode : 'load' 'store'> <Ports = 2> <Width = 32> <Depth = 228> <RAM>
ST_2 : Operation 687 [1/2] (3.25ns)   --->   "%local_input_167_load = load i8 %local_input_167_addr" [conv.cpp:65]   --->   Operation 687 'load' 'local_input_167_load' <Predicate = (!icmp_ln65)> <Delay = 3.25> <CoreInst = "RAM">   --->   Core 82 'RAM' <Latency = 1> <II = 1> <Delay = 3.25> <Storage> <Opcode : 'load' 'store'> <Ports = 2> <Width = 32> <Depth = 228> <RAM>
ST_2 : Operation 688 [1/2] (3.25ns)   --->   "%local_input_168_load = load i8 %local_input_168_addr" [conv.cpp:65]   --->   Operation 688 'load' 'local_input_168_load' <Predicate = (!icmp_ln65)> <Delay = 3.25> <CoreInst = "RAM">   --->   Core 82 'RAM' <Latency = 1> <II = 1> <Delay = 3.25> <Storage> <Opcode : 'load' 'store'> <Ports = 2> <Width = 32> <Depth = 228> <RAM>
ST_2 : Operation 689 [1/2] (3.25ns)   --->   "%local_input_169_load = load i8 %local_input_169_addr" [conv.cpp:65]   --->   Operation 689 'load' 'local_input_169_load' <Predicate = (!icmp_ln65)> <Delay = 3.25> <CoreInst = "RAM">   --->   Core 82 'RAM' <Latency = 1> <II = 1> <Delay = 3.25> <Storage> <Opcode : 'load' 'store'> <Ports = 2> <Width = 32> <Depth = 228> <RAM>
ST_2 : Operation 690 [1/2] (3.25ns)   --->   "%local_input_170_load = load i8 %local_input_170_addr" [conv.cpp:65]   --->   Operation 690 'load' 'local_input_170_load' <Predicate = (!icmp_ln65)> <Delay = 3.25> <CoreInst = "RAM">   --->   Core 82 'RAM' <Latency = 1> <II = 1> <Delay = 3.25> <Storage> <Opcode : 'load' 'store'> <Ports = 2> <Width = 32> <Depth = 228> <RAM>
ST_2 : Operation 691 [1/2] (3.25ns)   --->   "%local_input_171_load = load i8 %local_input_171_addr" [conv.cpp:65]   --->   Operation 691 'load' 'local_input_171_load' <Predicate = (!icmp_ln65)> <Delay = 3.25> <CoreInst = "RAM">   --->   Core 82 'RAM' <Latency = 1> <II = 1> <Delay = 3.25> <Storage> <Opcode : 'load' 'store'> <Ports = 2> <Width = 32> <Depth = 228> <RAM>
ST_2 : Operation 692 [1/2] (3.25ns)   --->   "%local_input_172_load = load i8 %local_input_172_addr" [conv.cpp:65]   --->   Operation 692 'load' 'local_input_172_load' <Predicate = (!icmp_ln65)> <Delay = 3.25> <CoreInst = "RAM">   --->   Core 82 'RAM' <Latency = 1> <II = 1> <Delay = 3.25> <Storage> <Opcode : 'load' 'store'> <Ports = 2> <Width = 32> <Depth = 228> <RAM>
ST_2 : Operation 693 [1/2] (3.25ns)   --->   "%local_input_173_load = load i8 %local_input_173_addr" [conv.cpp:65]   --->   Operation 693 'load' 'local_input_173_load' <Predicate = (!icmp_ln65)> <Delay = 3.25> <CoreInst = "RAM">   --->   Core 82 'RAM' <Latency = 1> <II = 1> <Delay = 3.25> <Storage> <Opcode : 'load' 'store'> <Ports = 2> <Width = 32> <Depth = 228> <RAM>
ST_2 : Operation 694 [1/2] (3.25ns)   --->   "%local_input_174_load = load i8 %local_input_174_addr" [conv.cpp:65]   --->   Operation 694 'load' 'local_input_174_load' <Predicate = (!icmp_ln65)> <Delay = 3.25> <CoreInst = "RAM">   --->   Core 82 'RAM' <Latency = 1> <II = 1> <Delay = 3.25> <Storage> <Opcode : 'load' 'store'> <Ports = 2> <Width = 32> <Depth = 228> <RAM>
ST_2 : Operation 695 [1/2] (3.25ns)   --->   "%local_input_175_load = load i8 %local_input_175_addr" [conv.cpp:65]   --->   Operation 695 'load' 'local_input_175_load' <Predicate = (!icmp_ln65)> <Delay = 3.25> <CoreInst = "RAM">   --->   Core 82 'RAM' <Latency = 1> <II = 1> <Delay = 3.25> <Storage> <Opcode : 'load' 'store'> <Ports = 2> <Width = 32> <Depth = 228> <RAM>
ST_2 : Operation 696 [1/2] (3.25ns)   --->   "%local_input_176_load = load i8 %local_input_176_addr" [conv.cpp:65]   --->   Operation 696 'load' 'local_input_176_load' <Predicate = (!icmp_ln65)> <Delay = 3.25> <CoreInst = "RAM">   --->   Core 82 'RAM' <Latency = 1> <II = 1> <Delay = 3.25> <Storage> <Opcode : 'load' 'store'> <Ports = 2> <Width = 32> <Depth = 228> <RAM>
ST_2 : Operation 697 [1/2] (3.25ns)   --->   "%local_input_177_load = load i8 %local_input_177_addr" [conv.cpp:65]   --->   Operation 697 'load' 'local_input_177_load' <Predicate = (!icmp_ln65)> <Delay = 3.25> <CoreInst = "RAM">   --->   Core 82 'RAM' <Latency = 1> <II = 1> <Delay = 3.25> <Storage> <Opcode : 'load' 'store'> <Ports = 2> <Width = 32> <Depth = 228> <RAM>
ST_2 : Operation 698 [1/2] (3.25ns)   --->   "%local_input_178_load = load i8 %local_input_178_addr" [conv.cpp:65]   --->   Operation 698 'load' 'local_input_178_load' <Predicate = (!icmp_ln65)> <Delay = 3.25> <CoreInst = "RAM">   --->   Core 82 'RAM' <Latency = 1> <II = 1> <Delay = 3.25> <Storage> <Opcode : 'load' 'store'> <Ports = 2> <Width = 32> <Depth = 228> <RAM>
ST_2 : Operation 699 [1/2] (3.25ns)   --->   "%local_input_179_load = load i8 %local_input_179_addr" [conv.cpp:65]   --->   Operation 699 'load' 'local_input_179_load' <Predicate = (!icmp_ln65)> <Delay = 3.25> <CoreInst = "RAM">   --->   Core 82 'RAM' <Latency = 1> <II = 1> <Delay = 3.25> <Storage> <Opcode : 'load' 'store'> <Ports = 2> <Width = 32> <Depth = 228> <RAM>
ST_2 : Operation 700 [1/2] (3.25ns)   --->   "%local_input_180_load = load i8 %local_input_180_addr" [conv.cpp:65]   --->   Operation 700 'load' 'local_input_180_load' <Predicate = (!icmp_ln65)> <Delay = 3.25> <CoreInst = "RAM">   --->   Core 82 'RAM' <Latency = 1> <II = 1> <Delay = 3.25> <Storage> <Opcode : 'load' 'store'> <Ports = 2> <Width = 32> <Depth = 228> <RAM>
ST_2 : Operation 701 [1/2] (3.25ns)   --->   "%local_input_181_load = load i8 %local_input_181_addr" [conv.cpp:65]   --->   Operation 701 'load' 'local_input_181_load' <Predicate = (!icmp_ln65)> <Delay = 3.25> <CoreInst = "RAM">   --->   Core 82 'RAM' <Latency = 1> <II = 1> <Delay = 3.25> <Storage> <Opcode : 'load' 'store'> <Ports = 2> <Width = 32> <Depth = 228> <RAM>
ST_2 : Operation 702 [1/2] (3.25ns)   --->   "%local_input_182_load = load i8 %local_input_182_addr" [conv.cpp:65]   --->   Operation 702 'load' 'local_input_182_load' <Predicate = (!icmp_ln65)> <Delay = 3.25> <CoreInst = "RAM">   --->   Core 82 'RAM' <Latency = 1> <II = 1> <Delay = 3.25> <Storage> <Opcode : 'load' 'store'> <Ports = 2> <Width = 32> <Depth = 228> <RAM>
ST_2 : Operation 703 [1/2] (3.25ns)   --->   "%local_input_183_load = load i8 %local_input_183_addr" [conv.cpp:65]   --->   Operation 703 'load' 'local_input_183_load' <Predicate = (!icmp_ln65)> <Delay = 3.25> <CoreInst = "RAM">   --->   Core 82 'RAM' <Latency = 1> <II = 1> <Delay = 3.25> <Storage> <Opcode : 'load' 'store'> <Ports = 2> <Width = 32> <Depth = 228> <RAM>
ST_2 : Operation 704 [1/2] (3.25ns)   --->   "%local_input_184_load = load i8 %local_input_184_addr" [conv.cpp:65]   --->   Operation 704 'load' 'local_input_184_load' <Predicate = (!icmp_ln65)> <Delay = 3.25> <CoreInst = "RAM">   --->   Core 82 'RAM' <Latency = 1> <II = 1> <Delay = 3.25> <Storage> <Opcode : 'load' 'store'> <Ports = 2> <Width = 32> <Depth = 228> <RAM>
ST_2 : Operation 705 [1/2] (3.25ns)   --->   "%local_input_185_load = load i8 %local_input_185_addr" [conv.cpp:65]   --->   Operation 705 'load' 'local_input_185_load' <Predicate = (!icmp_ln65)> <Delay = 3.25> <CoreInst = "RAM">   --->   Core 82 'RAM' <Latency = 1> <II = 1> <Delay = 3.25> <Storage> <Opcode : 'load' 'store'> <Ports = 2> <Width = 32> <Depth = 228> <RAM>
ST_2 : Operation 706 [1/2] (3.25ns)   --->   "%local_input_186_load = load i8 %local_input_186_addr" [conv.cpp:65]   --->   Operation 706 'load' 'local_input_186_load' <Predicate = (!icmp_ln65)> <Delay = 3.25> <CoreInst = "RAM">   --->   Core 82 'RAM' <Latency = 1> <II = 1> <Delay = 3.25> <Storage> <Opcode : 'load' 'store'> <Ports = 2> <Width = 32> <Depth = 228> <RAM>
ST_2 : Operation 707 [1/2] (3.25ns)   --->   "%local_input_187_load = load i8 %local_input_187_addr" [conv.cpp:65]   --->   Operation 707 'load' 'local_input_187_load' <Predicate = (!icmp_ln65)> <Delay = 3.25> <CoreInst = "RAM">   --->   Core 82 'RAM' <Latency = 1> <II = 1> <Delay = 3.25> <Storage> <Opcode : 'load' 'store'> <Ports = 2> <Width = 32> <Depth = 228> <RAM>
ST_2 : Operation 708 [1/2] (3.25ns)   --->   "%local_input_188_load = load i8 %local_input_188_addr" [conv.cpp:65]   --->   Operation 708 'load' 'local_input_188_load' <Predicate = (!icmp_ln65)> <Delay = 3.25> <CoreInst = "RAM">   --->   Core 82 'RAM' <Latency = 1> <II = 1> <Delay = 3.25> <Storage> <Opcode : 'load' 'store'> <Ports = 2> <Width = 32> <Depth = 228> <RAM>
ST_2 : Operation 709 [1/2] (3.25ns)   --->   "%local_input_189_load = load i8 %local_input_189_addr" [conv.cpp:65]   --->   Operation 709 'load' 'local_input_189_load' <Predicate = (!icmp_ln65)> <Delay = 3.25> <CoreInst = "RAM">   --->   Core 82 'RAM' <Latency = 1> <II = 1> <Delay = 3.25> <Storage> <Opcode : 'load' 'store'> <Ports = 2> <Width = 32> <Depth = 228> <RAM>
ST_2 : Operation 710 [1/2] (3.25ns)   --->   "%local_input_190_load = load i8 %local_input_190_addr" [conv.cpp:65]   --->   Operation 710 'load' 'local_input_190_load' <Predicate = (!icmp_ln65)> <Delay = 3.25> <CoreInst = "RAM">   --->   Core 82 'RAM' <Latency = 1> <II = 1> <Delay = 3.25> <Storage> <Opcode : 'load' 'store'> <Ports = 2> <Width = 32> <Depth = 228> <RAM>
ST_2 : Operation 711 [1/2] (3.25ns)   --->   "%local_input_191_load = load i8 %local_input_191_addr" [conv.cpp:65]   --->   Operation 711 'load' 'local_input_191_load' <Predicate = (!icmp_ln65)> <Delay = 3.25> <CoreInst = "RAM">   --->   Core 82 'RAM' <Latency = 1> <II = 1> <Delay = 3.25> <Storage> <Opcode : 'load' 'store'> <Ports = 2> <Width = 32> <Depth = 228> <RAM>
ST_2 : Operation 712 [1/2] (3.25ns)   --->   "%local_input_192_load = load i8 %local_input_192_addr" [conv.cpp:65]   --->   Operation 712 'load' 'local_input_192_load' <Predicate = (!icmp_ln65)> <Delay = 3.25> <CoreInst = "RAM">   --->   Core 82 'RAM' <Latency = 1> <II = 1> <Delay = 3.25> <Storage> <Opcode : 'load' 'store'> <Ports = 2> <Width = 32> <Depth = 228> <RAM>
ST_2 : Operation 713 [1/2] (3.25ns)   --->   "%local_input_193_load = load i8 %local_input_193_addr" [conv.cpp:65]   --->   Operation 713 'load' 'local_input_193_load' <Predicate = (!icmp_ln65)> <Delay = 3.25> <CoreInst = "RAM">   --->   Core 82 'RAM' <Latency = 1> <II = 1> <Delay = 3.25> <Storage> <Opcode : 'load' 'store'> <Ports = 2> <Width = 32> <Depth = 228> <RAM>
ST_2 : Operation 714 [1/2] (3.25ns)   --->   "%local_input_194_load = load i8 %local_input_194_addr" [conv.cpp:65]   --->   Operation 714 'load' 'local_input_194_load' <Predicate = (!icmp_ln65)> <Delay = 3.25> <CoreInst = "RAM">   --->   Core 82 'RAM' <Latency = 1> <II = 1> <Delay = 3.25> <Storage> <Opcode : 'load' 'store'> <Ports = 2> <Width = 32> <Depth = 228> <RAM>
ST_2 : Operation 715 [1/2] (3.25ns)   --->   "%local_input_195_load = load i8 %local_input_195_addr" [conv.cpp:65]   --->   Operation 715 'load' 'local_input_195_load' <Predicate = (!icmp_ln65)> <Delay = 3.25> <CoreInst = "RAM">   --->   Core 82 'RAM' <Latency = 1> <II = 1> <Delay = 3.25> <Storage> <Opcode : 'load' 'store'> <Ports = 2> <Width = 32> <Depth = 228> <RAM>
ST_2 : Operation 716 [1/2] (3.25ns)   --->   "%local_input_196_load = load i8 %local_input_196_addr" [conv.cpp:65]   --->   Operation 716 'load' 'local_input_196_load' <Predicate = (!icmp_ln65)> <Delay = 3.25> <CoreInst = "RAM">   --->   Core 82 'RAM' <Latency = 1> <II = 1> <Delay = 3.25> <Storage> <Opcode : 'load' 'store'> <Ports = 2> <Width = 32> <Depth = 228> <RAM>
ST_2 : Operation 717 [1/2] (3.25ns)   --->   "%local_input_197_load = load i8 %local_input_197_addr" [conv.cpp:65]   --->   Operation 717 'load' 'local_input_197_load' <Predicate = (!icmp_ln65)> <Delay = 3.25> <CoreInst = "RAM">   --->   Core 82 'RAM' <Latency = 1> <II = 1> <Delay = 3.25> <Storage> <Opcode : 'load' 'store'> <Ports = 2> <Width = 32> <Depth = 228> <RAM>
ST_2 : Operation 718 [1/2] (3.25ns)   --->   "%local_input_198_load = load i8 %local_input_198_addr" [conv.cpp:65]   --->   Operation 718 'load' 'local_input_198_load' <Predicate = (!icmp_ln65)> <Delay = 3.25> <CoreInst = "RAM">   --->   Core 82 'RAM' <Latency = 1> <II = 1> <Delay = 3.25> <Storage> <Opcode : 'load' 'store'> <Ports = 2> <Width = 32> <Depth = 228> <RAM>
ST_2 : Operation 719 [1/2] (3.25ns)   --->   "%local_input_199_load = load i8 %local_input_199_addr" [conv.cpp:65]   --->   Operation 719 'load' 'local_input_199_load' <Predicate = (!icmp_ln65)> <Delay = 3.25> <CoreInst = "RAM">   --->   Core 82 'RAM' <Latency = 1> <II = 1> <Delay = 3.25> <Storage> <Opcode : 'load' 'store'> <Ports = 2> <Width = 32> <Depth = 228> <RAM>
ST_2 : Operation 720 [1/2] (3.25ns)   --->   "%local_input_200_load = load i8 %local_input_200_addr" [conv.cpp:65]   --->   Operation 720 'load' 'local_input_200_load' <Predicate = (!icmp_ln65)> <Delay = 3.25> <CoreInst = "RAM">   --->   Core 82 'RAM' <Latency = 1> <II = 1> <Delay = 3.25> <Storage> <Opcode : 'load' 'store'> <Ports = 2> <Width = 32> <Depth = 228> <RAM>
ST_2 : Operation 721 [1/2] (3.25ns)   --->   "%local_input_201_load = load i8 %local_input_201_addr" [conv.cpp:65]   --->   Operation 721 'load' 'local_input_201_load' <Predicate = (!icmp_ln65)> <Delay = 3.25> <CoreInst = "RAM">   --->   Core 82 'RAM' <Latency = 1> <II = 1> <Delay = 3.25> <Storage> <Opcode : 'load' 'store'> <Ports = 2> <Width = 32> <Depth = 228> <RAM>
ST_2 : Operation 722 [1/2] (3.25ns)   --->   "%local_input_202_load = load i8 %local_input_202_addr" [conv.cpp:65]   --->   Operation 722 'load' 'local_input_202_load' <Predicate = (!icmp_ln65)> <Delay = 3.25> <CoreInst = "RAM">   --->   Core 82 'RAM' <Latency = 1> <II = 1> <Delay = 3.25> <Storage> <Opcode : 'load' 'store'> <Ports = 2> <Width = 32> <Depth = 228> <RAM>
ST_2 : Operation 723 [1/2] (3.25ns)   --->   "%local_input_203_load = load i8 %local_input_203_addr" [conv.cpp:65]   --->   Operation 723 'load' 'local_input_203_load' <Predicate = (!icmp_ln65)> <Delay = 3.25> <CoreInst = "RAM">   --->   Core 82 'RAM' <Latency = 1> <II = 1> <Delay = 3.25> <Storage> <Opcode : 'load' 'store'> <Ports = 2> <Width = 32> <Depth = 228> <RAM>
ST_2 : Operation 724 [1/2] (3.25ns)   --->   "%local_input_204_load = load i8 %local_input_204_addr" [conv.cpp:65]   --->   Operation 724 'load' 'local_input_204_load' <Predicate = (!icmp_ln65)> <Delay = 3.25> <CoreInst = "RAM">   --->   Core 82 'RAM' <Latency = 1> <II = 1> <Delay = 3.25> <Storage> <Opcode : 'load' 'store'> <Ports = 2> <Width = 32> <Depth = 228> <RAM>
ST_2 : Operation 725 [1/2] (3.25ns)   --->   "%local_input_205_load = load i8 %local_input_205_addr" [conv.cpp:65]   --->   Operation 725 'load' 'local_input_205_load' <Predicate = (!icmp_ln65)> <Delay = 3.25> <CoreInst = "RAM">   --->   Core 82 'RAM' <Latency = 1> <II = 1> <Delay = 3.25> <Storage> <Opcode : 'load' 'store'> <Ports = 2> <Width = 32> <Depth = 228> <RAM>
ST_2 : Operation 726 [1/2] (3.25ns)   --->   "%local_input_206_load = load i8 %local_input_206_addr" [conv.cpp:65]   --->   Operation 726 'load' 'local_input_206_load' <Predicate = (!icmp_ln65)> <Delay = 3.25> <CoreInst = "RAM">   --->   Core 82 'RAM' <Latency = 1> <II = 1> <Delay = 3.25> <Storage> <Opcode : 'load' 'store'> <Ports = 2> <Width = 32> <Depth = 228> <RAM>
ST_2 : Operation 727 [1/2] (3.25ns)   --->   "%local_input_207_load = load i8 %local_input_207_addr" [conv.cpp:65]   --->   Operation 727 'load' 'local_input_207_load' <Predicate = (!icmp_ln65)> <Delay = 3.25> <CoreInst = "RAM">   --->   Core 82 'RAM' <Latency = 1> <II = 1> <Delay = 3.25> <Storage> <Opcode : 'load' 'store'> <Ports = 2> <Width = 32> <Depth = 228> <RAM>
ST_2 : Operation 728 [1/2] (3.25ns)   --->   "%local_input_208_load = load i8 %local_input_208_addr" [conv.cpp:65]   --->   Operation 728 'load' 'local_input_208_load' <Predicate = (!icmp_ln65)> <Delay = 3.25> <CoreInst = "RAM">   --->   Core 82 'RAM' <Latency = 1> <II = 1> <Delay = 3.25> <Storage> <Opcode : 'load' 'store'> <Ports = 2> <Width = 32> <Depth = 228> <RAM>
ST_2 : Operation 729 [1/2] (3.25ns)   --->   "%local_input_209_load = load i8 %local_input_209_addr" [conv.cpp:65]   --->   Operation 729 'load' 'local_input_209_load' <Predicate = (!icmp_ln65)> <Delay = 3.25> <CoreInst = "RAM">   --->   Core 82 'RAM' <Latency = 1> <II = 1> <Delay = 3.25> <Storage> <Opcode : 'load' 'store'> <Ports = 2> <Width = 32> <Depth = 228> <RAM>
ST_2 : Operation 730 [1/2] (3.25ns)   --->   "%local_input_210_load = load i8 %local_input_210_addr" [conv.cpp:65]   --->   Operation 730 'load' 'local_input_210_load' <Predicate = (!icmp_ln65)> <Delay = 3.25> <CoreInst = "RAM">   --->   Core 82 'RAM' <Latency = 1> <II = 1> <Delay = 3.25> <Storage> <Opcode : 'load' 'store'> <Ports = 2> <Width = 32> <Depth = 228> <RAM>
ST_2 : Operation 731 [1/2] (3.25ns)   --->   "%local_input_211_load = load i8 %local_input_211_addr" [conv.cpp:65]   --->   Operation 731 'load' 'local_input_211_load' <Predicate = (!icmp_ln65)> <Delay = 3.25> <CoreInst = "RAM">   --->   Core 82 'RAM' <Latency = 1> <II = 1> <Delay = 3.25> <Storage> <Opcode : 'load' 'store'> <Ports = 2> <Width = 32> <Depth = 228> <RAM>
ST_2 : Operation 732 [1/2] (3.25ns)   --->   "%local_input_212_load = load i8 %local_input_212_addr" [conv.cpp:65]   --->   Operation 732 'load' 'local_input_212_load' <Predicate = (!icmp_ln65)> <Delay = 3.25> <CoreInst = "RAM">   --->   Core 82 'RAM' <Latency = 1> <II = 1> <Delay = 3.25> <Storage> <Opcode : 'load' 'store'> <Ports = 2> <Width = 32> <Depth = 228> <RAM>
ST_2 : Operation 733 [1/2] (3.25ns)   --->   "%local_input_213_load = load i8 %local_input_213_addr" [conv.cpp:65]   --->   Operation 733 'load' 'local_input_213_load' <Predicate = (!icmp_ln65)> <Delay = 3.25> <CoreInst = "RAM">   --->   Core 82 'RAM' <Latency = 1> <II = 1> <Delay = 3.25> <Storage> <Opcode : 'load' 'store'> <Ports = 2> <Width = 32> <Depth = 228> <RAM>
ST_2 : Operation 734 [1/2] (3.25ns)   --->   "%local_input_214_load = load i8 %local_input_214_addr" [conv.cpp:65]   --->   Operation 734 'load' 'local_input_214_load' <Predicate = (!icmp_ln65)> <Delay = 3.25> <CoreInst = "RAM">   --->   Core 82 'RAM' <Latency = 1> <II = 1> <Delay = 3.25> <Storage> <Opcode : 'load' 'store'> <Ports = 2> <Width = 32> <Depth = 228> <RAM>
ST_2 : Operation 735 [1/2] (3.25ns)   --->   "%local_input_215_load = load i8 %local_input_215_addr" [conv.cpp:65]   --->   Operation 735 'load' 'local_input_215_load' <Predicate = (!icmp_ln65)> <Delay = 3.25> <CoreInst = "RAM">   --->   Core 82 'RAM' <Latency = 1> <II = 1> <Delay = 3.25> <Storage> <Opcode : 'load' 'store'> <Ports = 2> <Width = 32> <Depth = 228> <RAM>
ST_2 : Operation 736 [1/2] (3.25ns)   --->   "%local_input_216_load = load i8 %local_input_216_addr" [conv.cpp:65]   --->   Operation 736 'load' 'local_input_216_load' <Predicate = (!icmp_ln65)> <Delay = 3.25> <CoreInst = "RAM">   --->   Core 82 'RAM' <Latency = 1> <II = 1> <Delay = 3.25> <Storage> <Opcode : 'load' 'store'> <Ports = 2> <Width = 32> <Depth = 228> <RAM>
ST_2 : Operation 737 [1/2] (3.25ns)   --->   "%local_input_217_load = load i8 %local_input_217_addr" [conv.cpp:65]   --->   Operation 737 'load' 'local_input_217_load' <Predicate = (!icmp_ln65)> <Delay = 3.25> <CoreInst = "RAM">   --->   Core 82 'RAM' <Latency = 1> <II = 1> <Delay = 3.25> <Storage> <Opcode : 'load' 'store'> <Ports = 2> <Width = 32> <Depth = 228> <RAM>
ST_2 : Operation 738 [1/2] (3.25ns)   --->   "%local_input_218_load = load i8 %local_input_218_addr" [conv.cpp:65]   --->   Operation 738 'load' 'local_input_218_load' <Predicate = (!icmp_ln65)> <Delay = 3.25> <CoreInst = "RAM">   --->   Core 82 'RAM' <Latency = 1> <II = 1> <Delay = 3.25> <Storage> <Opcode : 'load' 'store'> <Ports = 2> <Width = 32> <Depth = 228> <RAM>
ST_2 : Operation 739 [1/2] (3.25ns)   --->   "%local_input_219_load = load i8 %local_input_219_addr" [conv.cpp:65]   --->   Operation 739 'load' 'local_input_219_load' <Predicate = (!icmp_ln65)> <Delay = 3.25> <CoreInst = "RAM">   --->   Core 82 'RAM' <Latency = 1> <II = 1> <Delay = 3.25> <Storage> <Opcode : 'load' 'store'> <Ports = 2> <Width = 32> <Depth = 228> <RAM>
ST_2 : Operation 740 [1/2] (3.25ns)   --->   "%local_input_220_load = load i8 %local_input_220_addr" [conv.cpp:65]   --->   Operation 740 'load' 'local_input_220_load' <Predicate = (!icmp_ln65)> <Delay = 3.25> <CoreInst = "RAM">   --->   Core 82 'RAM' <Latency = 1> <II = 1> <Delay = 3.25> <Storage> <Opcode : 'load' 'store'> <Ports = 2> <Width = 32> <Depth = 228> <RAM>
ST_2 : Operation 741 [1/2] (3.25ns)   --->   "%local_input_221_load = load i8 %local_input_221_addr" [conv.cpp:65]   --->   Operation 741 'load' 'local_input_221_load' <Predicate = (!icmp_ln65)> <Delay = 3.25> <CoreInst = "RAM">   --->   Core 82 'RAM' <Latency = 1> <II = 1> <Delay = 3.25> <Storage> <Opcode : 'load' 'store'> <Ports = 2> <Width = 32> <Depth = 228> <RAM>
ST_2 : Operation 742 [1/2] (3.25ns)   --->   "%local_input_222_load = load i8 %local_input_222_addr" [conv.cpp:65]   --->   Operation 742 'load' 'local_input_222_load' <Predicate = (!icmp_ln65)> <Delay = 3.25> <CoreInst = "RAM">   --->   Core 82 'RAM' <Latency = 1> <II = 1> <Delay = 3.25> <Storage> <Opcode : 'load' 'store'> <Ports = 2> <Width = 32> <Depth = 228> <RAM>
ST_2 : Operation 743 [1/2] (3.25ns)   --->   "%local_input_223_load = load i8 %local_input_223_addr" [conv.cpp:65]   --->   Operation 743 'load' 'local_input_223_load' <Predicate = (!icmp_ln65)> <Delay = 3.25> <CoreInst = "RAM">   --->   Core 82 'RAM' <Latency = 1> <II = 1> <Delay = 3.25> <Storage> <Opcode : 'load' 'store'> <Ports = 2> <Width = 32> <Depth = 228> <RAM>
ST_2 : Operation 744 [1/2] (3.25ns)   --->   "%local_input_224_load = load i8 %local_input_224_addr" [conv.cpp:65]   --->   Operation 744 'load' 'local_input_224_load' <Predicate = (!icmp_ln65)> <Delay = 3.25> <CoreInst = "RAM">   --->   Core 82 'RAM' <Latency = 1> <II = 1> <Delay = 3.25> <Storage> <Opcode : 'load' 'store'> <Ports = 2> <Width = 32> <Depth = 228> <RAM>
ST_2 : Operation 745 [1/2] (3.25ns)   --->   "%local_input_225_load = load i8 %local_input_225_addr" [conv.cpp:65]   --->   Operation 745 'load' 'local_input_225_load' <Predicate = (!icmp_ln65)> <Delay = 3.25> <CoreInst = "RAM">   --->   Core 82 'RAM' <Latency = 1> <II = 1> <Delay = 3.25> <Storage> <Opcode : 'load' 'store'> <Ports = 2> <Width = 32> <Depth = 228> <RAM>
ST_2 : Operation 746 [1/2] (3.25ns)   --->   "%local_input_226_load = load i8 %local_input_226_addr" [conv.cpp:65]   --->   Operation 746 'load' 'local_input_226_load' <Predicate = (!icmp_ln65)> <Delay = 3.25> <CoreInst = "RAM">   --->   Core 82 'RAM' <Latency = 1> <II = 1> <Delay = 3.25> <Storage> <Opcode : 'load' 'store'> <Ports = 2> <Width = 32> <Depth = 228> <RAM>
ST_2 : Operation 747 [1/2] (2.32ns)   --->   "%local_weights_load = load i4 %local_weights_addr" [conv.cpp:65]   --->   Operation 747 'load' 'local_weights_load' <Predicate = (!icmp_ln65)> <Delay = 2.32> <CoreInst = "RAM">   --->   Core 82 'RAM' <Latency = 1> <II = 1> <Delay = 2.32> <Storage> <Opcode : 'load' 'store'> <Ports = 2> <Width = 32> <Depth = 11> <RAM>
ST_2 : Operation 748 [1/2] (2.32ns)   --->   "%local_weights_1_load = load i4 %local_weights_1_addr" [conv.cpp:65]   --->   Operation 748 'load' 'local_weights_1_load' <Predicate = (!icmp_ln65)> <Delay = 2.32> <CoreInst = "RAM">   --->   Core 82 'RAM' <Latency = 1> <II = 1> <Delay = 2.32> <Storage> <Opcode : 'load' 'store'> <Ports = 2> <Width = 32> <Depth = 11> <RAM>
ST_2 : Operation 749 [1/2] (2.32ns)   --->   "%local_weights_2_load = load i4 %local_weights_2_addr" [conv.cpp:65]   --->   Operation 749 'load' 'local_weights_2_load' <Predicate = (!icmp_ln65)> <Delay = 2.32> <CoreInst = "RAM">   --->   Core 82 'RAM' <Latency = 1> <II = 1> <Delay = 2.32> <Storage> <Opcode : 'load' 'store'> <Ports = 2> <Width = 32> <Depth = 11> <RAM>
ST_2 : Operation 750 [1/2] (2.32ns)   --->   "%local_weights_3_load = load i4 %local_weights_3_addr" [conv.cpp:65]   --->   Operation 750 'load' 'local_weights_3_load' <Predicate = (!icmp_ln65)> <Delay = 2.32> <CoreInst = "RAM">   --->   Core 82 'RAM' <Latency = 1> <II = 1> <Delay = 2.32> <Storage> <Opcode : 'load' 'store'> <Ports = 2> <Width = 32> <Depth = 11> <RAM>
ST_2 : Operation 751 [1/2] (2.32ns)   --->   "%local_weights_4_load = load i4 %local_weights_4_addr" [conv.cpp:65]   --->   Operation 751 'load' 'local_weights_4_load' <Predicate = (!icmp_ln65)> <Delay = 2.32> <CoreInst = "RAM">   --->   Core 82 'RAM' <Latency = 1> <II = 1> <Delay = 2.32> <Storage> <Opcode : 'load' 'store'> <Ports = 2> <Width = 32> <Depth = 11> <RAM>
ST_2 : Operation 752 [1/2] (2.32ns)   --->   "%local_weights_5_load = load i4 %local_weights_5_addr" [conv.cpp:65]   --->   Operation 752 'load' 'local_weights_5_load' <Predicate = (!icmp_ln65)> <Delay = 2.32> <CoreInst = "RAM">   --->   Core 82 'RAM' <Latency = 1> <II = 1> <Delay = 2.32> <Storage> <Opcode : 'load' 'store'> <Ports = 2> <Width = 32> <Depth = 11> <RAM>
ST_2 : Operation 753 [1/2] (2.32ns)   --->   "%local_weights_6_load = load i4 %local_weights_6_addr" [conv.cpp:65]   --->   Operation 753 'load' 'local_weights_6_load' <Predicate = (!icmp_ln65)> <Delay = 2.32> <CoreInst = "RAM">   --->   Core 82 'RAM' <Latency = 1> <II = 1> <Delay = 2.32> <Storage> <Opcode : 'load' 'store'> <Ports = 2> <Width = 32> <Depth = 11> <RAM>
ST_2 : Operation 754 [1/2] (2.32ns)   --->   "%local_weights_7_load = load i4 %local_weights_7_addr" [conv.cpp:65]   --->   Operation 754 'load' 'local_weights_7_load' <Predicate = (!icmp_ln65)> <Delay = 2.32> <CoreInst = "RAM">   --->   Core 82 'RAM' <Latency = 1> <II = 1> <Delay = 2.32> <Storage> <Opcode : 'load' 'store'> <Ports = 2> <Width = 32> <Depth = 11> <RAM>
ST_2 : Operation 755 [1/2] (2.32ns)   --->   "%local_weights_8_load = load i4 %local_weights_8_addr" [conv.cpp:65]   --->   Operation 755 'load' 'local_weights_8_load' <Predicate = (!icmp_ln65)> <Delay = 2.32> <CoreInst = "RAM">   --->   Core 82 'RAM' <Latency = 1> <II = 1> <Delay = 2.32> <Storage> <Opcode : 'load' 'store'> <Ports = 2> <Width = 32> <Depth = 11> <RAM>
ST_2 : Operation 756 [1/2] (2.32ns)   --->   "%local_weights_9_load = load i4 %local_weights_9_addr" [conv.cpp:65]   --->   Operation 756 'load' 'local_weights_9_load' <Predicate = (!icmp_ln65)> <Delay = 2.32> <CoreInst = "RAM">   --->   Core 82 'RAM' <Latency = 1> <II = 1> <Delay = 2.32> <Storage> <Opcode : 'load' 'store'> <Ports = 2> <Width = 32> <Depth = 11> <RAM>
ST_2 : Operation 757 [1/2] (2.32ns)   --->   "%local_weights_10_load = load i4 %local_weights_10_addr" [conv.cpp:65]   --->   Operation 757 'load' 'local_weights_10_load' <Predicate = (!icmp_ln65)> <Delay = 2.32> <CoreInst = "RAM">   --->   Core 82 'RAM' <Latency = 1> <II = 1> <Delay = 2.32> <Storage> <Opcode : 'load' 'store'> <Ports = 2> <Width = 32> <Depth = 11> <RAM>
ST_2 : Operation 758 [1/1] (0.00ns)   --->   "%zext_ln72 = zext i4 %select_ln65" [conv.cpp:72]   --->   Operation 758 'zext' 'zext_ln72' <Predicate = (!icmp_ln65)> <Delay = 0.00>
ST_2 : Operation 759 [1/1] (1.91ns)   --->   "%add_ln74 = add i8 %zext_ln72, i8 %shl_ln1_read" [conv.cpp:74]   --->   Operation 759 'add' 'add_ln74' <Predicate = (!icmp_ln65)> <Delay = 1.91> <CoreInst = "Adder">   --->   Core 1 'Adder' <Latency = 0> <II = 1> <Delay = 1.91> <FuncUnit> <Opcode : 'add' 'sub'> <InPorts = 2> <OutPorts = 1>
ST_2 : Operation 760 [1/1] (4.66ns)   --->   "%tmp = mux i32 @_ssdm_op_Mux.ap_auto.227f32.i8, i32 %local_input_load, i32 %local_input_1_load, i32 %local_input_2_load, i32 %local_input_3_load, i32 %local_input_4_load, i32 %local_input_5_load, i32 %local_input_6_load, i32 %local_input_7_load, i32 %local_input_8_load, i32 %local_input_9_load, i32 %local_input_10_load, i32 %local_input_11_load, i32 %local_input_12_load, i32 %local_input_13_load, i32 %local_input_14_load, i32 %local_input_15_load, i32 %local_input_16_load, i32 %local_input_17_load, i32 %local_input_18_load, i32 %local_input_19_load, i32 %local_input_20_load, i32 %local_input_21_load, i32 %local_input_22_load, i32 %local_input_23_load, i32 %local_input_24_load, i32 %local_input_25_load, i32 %local_input_26_load, i32 %local_input_27_load, i32 %local_input_28_load, i32 %local_input_29_load, i32 %local_input_30_load, i32 %local_input_31_load, i32 %local_input_32_load, i32 %local_input_33_load, i32 %local_input_34_load, i32 %local_input_35_load, i32 %local_input_36_load, i32 %local_input_37_load, i32 %local_input_38_load, i32 %local_input_39_load, i32 %local_input_40_load, i32 %local_input_41_load, i32 %local_input_42_load, i32 %local_input_43_load, i32 %local_input_44_load, i32 %local_input_45_load, i32 %local_input_46_load, i32 %local_input_47_load, i32 %local_input_48_load, i32 %local_input_49_load, i32 %local_input_50_load, i32 %local_input_51_load, i32 %local_input_52_load, i32 %local_input_53_load, i32 %local_input_54_load, i32 %local_input_55_load, i32 %local_input_56_load, i32 %local_input_57_load, i32 %local_input_58_load, i32 %local_input_59_load, i32 %local_input_60_load, i32 %local_input_61_load, i32 %local_input_62_load, i32 %local_input_63_load, i32 %local_input_64_load, i32 %local_input_65_load, i32 %local_input_66_load, i32 %local_input_67_load, i32 %local_input_68_load, i32 %local_input_69_load, i32 %local_input_70_load, i32 %local_input_71_load, i32 %local_input_72_load, i32 %local_input_73_load, i32 %local_input_74_load, i32 %local_input_75_load, i32 %local_input_76_load, i32 %local_input_77_load, i32 %local_input_78_load, i32 %local_input_79_load, i32 %local_input_80_load, i32 %local_input_81_load, i32 %local_input_82_load, i32 %local_input_83_load, i32 %local_input_84_load, i32 %local_input_85_load, i32 %local_input_86_load, i32 %local_input_87_load, i32 %local_input_88_load, i32 %local_input_89_load, i32 %local_input_90_load, i32 %local_input_91_load, i32 %local_input_92_load, i32 %local_input_93_load, i32 %local_input_94_load, i32 %local_input_95_load, i32 %local_input_96_load, i32 %local_input_97_load, i32 %local_input_98_load, i32 %local_input_99_load, i32 %local_input_100_load, i32 %local_input_101_load, i32 %local_input_102_load, i32 %local_input_103_load, i32 %local_input_104_load, i32 %local_input_105_load, i32 %local_input_106_load, i32 %local_input_107_load, i32 %local_input_108_load, i32 %local_input_109_load, i32 %local_input_110_load, i32 %local_input_111_load, i32 %local_input_112_load, i32 %local_input_113_load, i32 %local_input_114_load, i32 %local_input_115_load, i32 %local_input_116_load, i32 %local_input_117_load, i32 %local_input_118_load, i32 %local_input_119_load, i32 %local_input_120_load, i32 %local_input_121_load, i32 %local_input_122_load, i32 %local_input_123_load, i32 %local_input_124_load, i32 %local_input_125_load, i32 %local_input_126_load, i32 %local_input_127_load, i32 %local_input_128_load, i32 %local_input_129_load, i32 %local_input_130_load, i32 %local_input_131_load, i32 %local_input_132_load, i32 %local_input_133_load, i32 %local_input_134_load, i32 %local_input_135_load, i32 %local_input_136_load, i32 %local_input_137_load, i32 %local_input_138_load, i32 %local_input_139_load, i32 %local_input_140_load, i32 %local_input_141_load, i32 %local_input_142_load, i32 %local_input_143_load, i32 %local_input_144_load, i32 %local_input_145_load, i32 %local_input_146_load, i32 %local_input_147_load, i32 %local_input_148_load, i32 %local_input_149_load, i32 %local_input_150_load, i32 %local_input_151_load, i32 %local_input_152_load, i32 %local_input_153_load, i32 %local_input_154_load, i32 %local_input_155_load, i32 %local_input_156_load, i32 %local_input_157_load, i32 %local_input_158_load, i32 %local_input_159_load, i32 %local_input_160_load, i32 %local_input_161_load, i32 %local_input_162_load, i32 %local_input_163_load, i32 %local_input_164_load, i32 %local_input_165_load, i32 %local_input_166_load, i32 %local_input_167_load, i32 %local_input_168_load, i32 %local_input_169_load, i32 %local_input_170_load, i32 %local_input_171_load, i32 %local_input_172_load, i32 %local_input_173_load, i32 %local_input_174_load, i32 %local_input_175_load, i32 %local_input_176_load, i32 %local_input_177_load, i32 %local_input_178_load, i32 %local_input_179_load, i32 %local_input_180_load, i32 %local_input_181_load, i32 %local_input_182_load, i32 %local_input_183_load, i32 %local_input_184_load, i32 %local_input_185_load, i32 %local_input_186_load, i32 %local_input_187_load, i32 %local_input_188_load, i32 %local_input_189_load, i32 %local_input_190_load, i32 %local_input_191_load, i32 %local_input_192_load, i32 %local_input_193_load, i32 %local_input_194_load, i32 %local_input_195_load, i32 %local_input_196_load, i32 %local_input_197_load, i32 %local_input_198_load, i32 %local_input_199_load, i32 %local_input_200_load, i32 %local_input_201_load, i32 %local_input_202_load, i32 %local_input_203_load, i32 %local_input_204_load, i32 %local_input_205_load, i32 %local_input_206_load, i32 %local_input_207_load, i32 %local_input_208_load, i32 %local_input_209_load, i32 %local_input_210_load, i32 %local_input_211_load, i32 %local_input_212_load, i32 %local_input_213_load, i32 %local_input_214_load, i32 %local_input_215_load, i32 %local_input_216_load, i32 %local_input_217_load, i32 %local_input_218_load, i32 %local_input_219_load, i32 %local_input_220_load, i32 %local_input_221_load, i32 %local_input_222_load, i32 %local_input_223_load, i32 %local_input_224_load, i32 %local_input_225_load, i32 %local_input_226_load, i8 %add_ln74" [conv.cpp:74]   --->   Operation 760 'mux' 'tmp' <Predicate = (!icmp_ln65)> <Delay = 4.66> <CoreInst = "Multiplexer">   --->   Core 76 'Multiplexer' <Latency = 0> <II = 1> <Delay = 4.66> <FuncUnit> <Opcode : 'mux'> <InPorts = 2> <OutPorts = 1>
ST_2 : Operation 761 [1/1] (2.66ns)   --->   "%tmp_1 = mux i32 @_ssdm_op_Mux.ap_auto.11f32.i4, i32 %local_weights_load, i32 %local_weights_1_load, i32 %local_weights_2_load, i32 %local_weights_3_load, i32 %local_weights_4_load, i32 %local_weights_5_load, i32 %local_weights_6_load, i32 %local_weights_7_load, i32 %local_weights_8_load, i32 %local_weights_9_load, i32 %local_weights_10_load, i4 %select_ln65" [conv.cpp:75]   --->   Operation 761 'mux' 'tmp_1' <Predicate = (!icmp_ln65)> <Delay = 2.66> <CoreInst = "Multiplexer">   --->   Core 76 'Multiplexer' <Latency = 0> <II = 1> <Delay = 2.66> <FuncUnit> <Opcode : 'mux'> <InPorts = 2> <OutPorts = 1>

State 3 <SV = 2> <Delay = 5.70>
ST_3 : Operation 762 [4/4] (5.70ns)   --->   "%mul = fmul i32 %tmp, i32 %tmp_1" [conv.cpp:74]   --->   Operation 762 'fmul' 'mul' <Predicate = (!icmp_ln65)> <Delay = 5.70> <CoreInst = "FMul_maxdsp">   --->   Core 30 'FMul_maxdsp' <Latency = 3> <II = 1> <Delay = 5.70> <FuncUnit> <Opcode : 'fmul'> <InPorts = 2> <OutPorts = 1>

State 4 <SV = 3> <Delay = 5.70>
ST_4 : Operation 763 [3/4] (5.70ns)   --->   "%mul = fmul i32 %tmp, i32 %tmp_1" [conv.cpp:74]   --->   Operation 763 'fmul' 'mul' <Predicate = (!icmp_ln65)> <Delay = 5.70> <CoreInst = "FMul_maxdsp">   --->   Core 30 'FMul_maxdsp' <Latency = 3> <II = 1> <Delay = 5.70> <FuncUnit> <Opcode : 'fmul'> <InPorts = 2> <OutPorts = 1>

State 5 <SV = 4> <Delay = 5.70>
ST_5 : Operation 764 [2/4] (5.70ns)   --->   "%mul = fmul i32 %tmp, i32 %tmp_1" [conv.cpp:74]   --->   Operation 764 'fmul' 'mul' <Predicate = true> <Delay = 5.70> <CoreInst = "FMul_maxdsp">   --->   Core 30 'FMul_maxdsp' <Latency = 3> <II = 1> <Delay = 5.70> <FuncUnit> <Opcode : 'fmul'> <InPorts = 2> <OutPorts = 1>

State 6 <SV = 5> <Delay = 5.70>
ST_6 : Operation 765 [1/4] (5.70ns)   --->   "%mul = fmul i32 %tmp, i32 %tmp_1" [conv.cpp:74]   --->   Operation 765 'fmul' 'mul' <Predicate = true> <Delay = 5.70> <CoreInst = "FMul_maxdsp">   --->   Core 30 'FMul_maxdsp' <Latency = 3> <II = 1> <Delay = 5.70> <FuncUnit> <Opcode : 'fmul'> <InPorts = 2> <OutPorts = 1>

State 7 <SV = 6> <Delay = 7.25>
ST_7 : Operation 766 [1/1] (0.00ns)   --->   "%sum_2_load = load i32 %sum_2" [conv.cpp:74]   --->   Operation 766 'load' 'sum_2_load' <Predicate = true> <Delay = 0.00>
ST_7 : Operation 767 [5/5] (7.25ns)   --->   "%sum_1 = fadd i32 %sum_2_load, i32 %mul" [conv.cpp:74]   --->   Operation 767 'fadd' 'sum_1' <Predicate = true> <Delay = 7.25> <CoreInst = "FAddSub_fulldsp">   --->   Core 18 'FAddSub_fulldsp' <Latency = 4> <II = 1> <Delay = 7.25> <FuncUnit> <Opcode : 'fadd' 'fsub'> <InPorts = 2> <OutPorts = 1>
ST_7 : Operation 778 [1/1] (0.00ns)   --->   "%sum_2_load_1 = load i32 %sum_2"   --->   Operation 778 'load' 'sum_2_load_1' <Predicate = (icmp_ln65)> <Delay = 0.00>
ST_7 : Operation 779 [1/1] (0.00ns)   --->   "%write_ln0 = write void @_ssdm_op_Write.ap_auto.floatP0A, i32 %sum_2_out, i32 %sum_2_load_1"   --->   Operation 779 'write' 'write_ln0' <Predicate = (icmp_ln65)> <Delay = 0.00>
ST_7 : Operation 780 [1/1] (0.00ns)   --->   "%ret_ln0 = ret"   --->   Operation 780 'ret' 'ret_ln0' <Predicate = (icmp_ln65)> <Delay = 0.00>

State 8 <SV = 7> <Delay = 7.25>
ST_8 : Operation 768 [4/5] (7.25ns)   --->   "%sum_1 = fadd i32 %sum_2_load, i32 %mul" [conv.cpp:74]   --->   Operation 768 'fadd' 'sum_1' <Predicate = true> <Delay = 7.25> <CoreInst = "FAddSub_fulldsp">   --->   Core 18 'FAddSub_fulldsp' <Latency = 4> <II = 1> <Delay = 7.25> <FuncUnit> <Opcode : 'fadd' 'fsub'> <InPorts = 2> <OutPorts = 1>

State 9 <SV = 8> <Delay = 7.25>
ST_9 : Operation 769 [3/5] (7.25ns)   --->   "%sum_1 = fadd i32 %sum_2_load, i32 %mul" [conv.cpp:74]   --->   Operation 769 'fadd' 'sum_1' <Predicate = true> <Delay = 7.25> <CoreInst = "FAddSub_fulldsp">   --->   Core 18 'FAddSub_fulldsp' <Latency = 4> <II = 1> <Delay = 7.25> <FuncUnit> <Opcode : 'fadd' 'fsub'> <InPorts = 2> <OutPorts = 1>

State 10 <SV = 9> <Delay = 7.25>
ST_10 : Operation 770 [2/5] (7.25ns)   --->   "%sum_1 = fadd i32 %sum_2_load, i32 %mul" [conv.cpp:74]   --->   Operation 770 'fadd' 'sum_1' <Predicate = true> <Delay = 7.25> <CoreInst = "FAddSub_fulldsp">   --->   Core 18 'FAddSub_fulldsp' <Latency = 4> <II = 1> <Delay = 7.25> <FuncUnit> <Opcode : 'fadd' 'fsub'> <InPorts = 2> <OutPorts = 1>

State 11 <SV = 10> <Delay = 8.84>
ST_11 : Operation 771 [1/1] (0.00ns)   --->   "%specloopname_ln0 = specloopname void @_ssdm_op_SpecLoopName, void @VITIS_LOOP_65_11_VITIS_LOOP_67_12_str"   --->   Operation 771 'specloopname' 'specloopname_ln0' <Predicate = true> <Delay = 0.00>
ST_11 : Operation 772 [1/1] (0.00ns)   --->   "%empty = speclooptripcount i32 @_ssdm_op_SpecLoopTripCount, i64 121, i64 121, i64 121"   --->   Operation 772 'speclooptripcount' 'empty' <Predicate = true> <Delay = 0.00>
ST_11 : Operation 773 [1/1] (0.00ns)   --->   "%specpipeline_ln69 = specpipeline void @_ssdm_op_SpecPipeline, i32 1, i32 0, i32 0, i32 0, void @empty_3" [conv.cpp:69]   --->   Operation 773 'specpipeline' 'specpipeline_ln69' <Predicate = true> <Delay = 0.00>
ST_11 : Operation 774 [1/1] (0.00ns)   --->   "%specloopname_ln63 = specloopname void @_ssdm_op_SpecLoopName, void @empty_15" [conv.cpp:63]   --->   Operation 774 'specloopname' 'specloopname_ln63' <Predicate = true> <Delay = 0.00>
ST_11 : Operation 775 [1/5] (7.25ns)   --->   "%sum_1 = fadd i32 %sum_2_load, i32 %mul" [conv.cpp:74]   --->   Operation 775 'fadd' 'sum_1' <Predicate = true> <Delay = 7.25> <CoreInst = "FAddSub_fulldsp">   --->   Core 18 'FAddSub_fulldsp' <Latency = 4> <II = 1> <Delay = 7.25> <FuncUnit> <Opcode : 'fadd' 'fsub'> <InPorts = 2> <OutPorts = 1>
ST_11 : Operation 776 [1/1] (1.58ns)   --->   "%store_ln67 = store i32 %sum_1, i32 %sum_2" [conv.cpp:67]   --->   Operation 776 'store' 'store_ln67' <Predicate = true> <Delay = 1.58>
ST_11 : Operation 777 [1/1] (0.00ns)   --->   "%br_ln67 = br void %for.inc106" [conv.cpp:67]   --->   Operation 777 'br' 'br_ln67' <Predicate = true> <Delay = 0.00>


============================================================
+ Verbose Summary: Binding
============================================================
STG Binding: 
---------------- STG Properties BEGIN ----------------
- Is combinational: 0
- Is one-state seq: 0
- Is datapath-only: 0
- Is pipelined: 0
- Is top level: 0
Port [ Return ] is wired: 1; IO mode=ap_ctrl_hs:ce=0
Port [ sum]:  wired=1; compound=0; hidden=0; nouse=0; global=0; static=0; extern=0; dir=0; type=0; pingpong=0; private_global=0; IO mode=ap_none:ce=0
Port [ tmp_5]:  wired=1; compound=0; hidden=0; nouse=0; global=0; static=0; extern=0; dir=0; type=0; pingpong=0; private_global=0; IO mode=ap_none:ce=0
Port [ local_input]:  wired=1; compound=1; hidden=0; nouse=0; global=0; static=0; extern=0; dir=0; type=1; pingpong=0; private_global=0; MemPort=[13]; IO mode=ap_memory:ce=0
Port [ local_input_1]:  wired=1; compound=1; hidden=0; nouse=0; global=0; static=0; extern=0; dir=0; type=1; pingpong=0; private_global=0; MemPort=[13]; IO mode=ap_memory:ce=0
Port [ local_input_2]:  wired=1; compound=1; hidden=0; nouse=0; global=0; static=0; extern=0; dir=0; type=1; pingpong=0; private_global=0; MemPort=[13]; IO mode=ap_memory:ce=0
Port [ local_input_3]:  wired=1; compound=1; hidden=0; nouse=0; global=0; static=0; extern=0; dir=0; type=1; pingpong=0; private_global=0; MemPort=[13]; IO mode=ap_memory:ce=0
Port [ local_input_4]:  wired=1; compound=1; hidden=0; nouse=0; global=0; static=0; extern=0; dir=0; type=1; pingpong=0; private_global=0; MemPort=[13]; IO mode=ap_memory:ce=0
Port [ local_input_5]:  wired=1; compound=1; hidden=0; nouse=0; global=0; static=0; extern=0; dir=0; type=1; pingpong=0; private_global=0; MemPort=[13]; IO mode=ap_memory:ce=0
Port [ local_input_6]:  wired=1; compound=1; hidden=0; nouse=0; global=0; static=0; extern=0; dir=0; type=1; pingpong=0; private_global=0; MemPort=[13]; IO mode=ap_memory:ce=0
Port [ local_input_7]:  wired=1; compound=1; hidden=0; nouse=0; global=0; static=0; extern=0; dir=0; type=1; pingpong=0; private_global=0; MemPort=[13]; IO mode=ap_memory:ce=0
Port [ local_input_8]:  wired=1; compound=1; hidden=0; nouse=0; global=0; static=0; extern=0; dir=0; type=1; pingpong=0; private_global=0; MemPort=[13]; IO mode=ap_memory:ce=0
Port [ local_input_9]:  wired=1; compound=1; hidden=0; nouse=0; global=0; static=0; extern=0; dir=0; type=1; pingpong=0; private_global=0; MemPort=[13]; IO mode=ap_memory:ce=0
Port [ local_input_10]:  wired=1; compound=1; hidden=0; nouse=0; global=0; static=0; extern=0; dir=0; type=1; pingpong=0; private_global=0; MemPort=[13]; IO mode=ap_memory:ce=0
Port [ local_input_11]:  wired=1; compound=1; hidden=0; nouse=0; global=0; static=0; extern=0; dir=0; type=1; pingpong=0; private_global=0; MemPort=[13]; IO mode=ap_memory:ce=0
Port [ local_input_12]:  wired=1; compound=1; hidden=0; nouse=0; global=0; static=0; extern=0; dir=0; type=1; pingpong=0; private_global=0; MemPort=[13]; IO mode=ap_memory:ce=0
Port [ local_input_13]:  wired=1; compound=1; hidden=0; nouse=0; global=0; static=0; extern=0; dir=0; type=1; pingpong=0; private_global=0; MemPort=[13]; IO mode=ap_memory:ce=0
Port [ local_input_14]:  wired=1; compound=1; hidden=0; nouse=0; global=0; static=0; extern=0; dir=0; type=1; pingpong=0; private_global=0; MemPort=[13]; IO mode=ap_memory:ce=0
Port [ local_input_15]:  wired=1; compound=1; hidden=0; nouse=0; global=0; static=0; extern=0; dir=0; type=1; pingpong=0; private_global=0; MemPort=[13]; IO mode=ap_memory:ce=0
Port [ local_input_16]:  wired=1; compound=1; hidden=0; nouse=0; global=0; static=0; extern=0; dir=0; type=1; pingpong=0; private_global=0; MemPort=[13]; IO mode=ap_memory:ce=0
Port [ local_input_17]:  wired=1; compound=1; hidden=0; nouse=0; global=0; static=0; extern=0; dir=0; type=1; pingpong=0; private_global=0; MemPort=[13]; IO mode=ap_memory:ce=0
Port [ local_input_18]:  wired=1; compound=1; hidden=0; nouse=0; global=0; static=0; extern=0; dir=0; type=1; pingpong=0; private_global=0; MemPort=[13]; IO mode=ap_memory:ce=0
Port [ local_input_19]:  wired=1; compound=1; hidden=0; nouse=0; global=0; static=0; extern=0; dir=0; type=1; pingpong=0; private_global=0; MemPort=[13]; IO mode=ap_memory:ce=0
Port [ local_input_20]:  wired=1; compound=1; hidden=0; nouse=0; global=0; static=0; extern=0; dir=0; type=1; pingpong=0; private_global=0; MemPort=[13]; IO mode=ap_memory:ce=0
Port [ local_input_21]:  wired=1; compound=1; hidden=0; nouse=0; global=0; static=0; extern=0; dir=0; type=1; pingpong=0; private_global=0; MemPort=[13]; IO mode=ap_memory:ce=0
Port [ local_input_22]:  wired=1; compound=1; hidden=0; nouse=0; global=0; static=0; extern=0; dir=0; type=1; pingpong=0; private_global=0; MemPort=[13]; IO mode=ap_memory:ce=0
Port [ local_input_23]:  wired=1; compound=1; hidden=0; nouse=0; global=0; static=0; extern=0; dir=0; type=1; pingpong=0; private_global=0; MemPort=[13]; IO mode=ap_memory:ce=0
Port [ local_input_24]:  wired=1; compound=1; hidden=0; nouse=0; global=0; static=0; extern=0; dir=0; type=1; pingpong=0; private_global=0; MemPort=[13]; IO mode=ap_memory:ce=0
Port [ local_input_25]:  wired=1; compound=1; hidden=0; nouse=0; global=0; static=0; extern=0; dir=0; type=1; pingpong=0; private_global=0; MemPort=[13]; IO mode=ap_memory:ce=0
Port [ local_input_26]:  wired=1; compound=1; hidden=0; nouse=0; global=0; static=0; extern=0; dir=0; type=1; pingpong=0; private_global=0; MemPort=[13]; IO mode=ap_memory:ce=0
Port [ local_input_27]:  wired=1; compound=1; hidden=0; nouse=0; global=0; static=0; extern=0; dir=0; type=1; pingpong=0; private_global=0; MemPort=[13]; IO mode=ap_memory:ce=0
Port [ local_input_28]:  wired=1; compound=1; hidden=0; nouse=0; global=0; static=0; extern=0; dir=0; type=1; pingpong=0; private_global=0; MemPort=[13]; IO mode=ap_memory:ce=0
Port [ local_input_29]:  wired=1; compound=1; hidden=0; nouse=0; global=0; static=0; extern=0; dir=0; type=1; pingpong=0; private_global=0; MemPort=[13]; IO mode=ap_memory:ce=0
Port [ local_input_30]:  wired=1; compound=1; hidden=0; nouse=0; global=0; static=0; extern=0; dir=0; type=1; pingpong=0; private_global=0; MemPort=[13]; IO mode=ap_memory:ce=0
Port [ local_input_31]:  wired=1; compound=1; hidden=0; nouse=0; global=0; static=0; extern=0; dir=0; type=1; pingpong=0; private_global=0; MemPort=[13]; IO mode=ap_memory:ce=0
Port [ local_input_32]:  wired=1; compound=1; hidden=0; nouse=0; global=0; static=0; extern=0; dir=0; type=1; pingpong=0; private_global=0; MemPort=[13]; IO mode=ap_memory:ce=0
Port [ local_input_33]:  wired=1; compound=1; hidden=0; nouse=0; global=0; static=0; extern=0; dir=0; type=1; pingpong=0; private_global=0; MemPort=[13]; IO mode=ap_memory:ce=0
Port [ local_input_34]:  wired=1; compound=1; hidden=0; nouse=0; global=0; static=0; extern=0; dir=0; type=1; pingpong=0; private_global=0; MemPort=[13]; IO mode=ap_memory:ce=0
Port [ local_input_35]:  wired=1; compound=1; hidden=0; nouse=0; global=0; static=0; extern=0; dir=0; type=1; pingpong=0; private_global=0; MemPort=[13]; IO mode=ap_memory:ce=0
Port [ local_input_36]:  wired=1; compound=1; hidden=0; nouse=0; global=0; static=0; extern=0; dir=0; type=1; pingpong=0; private_global=0; MemPort=[13]; IO mode=ap_memory:ce=0
Port [ local_input_37]:  wired=1; compound=1; hidden=0; nouse=0; global=0; static=0; extern=0; dir=0; type=1; pingpong=0; private_global=0; MemPort=[13]; IO mode=ap_memory:ce=0
Port [ local_input_38]:  wired=1; compound=1; hidden=0; nouse=0; global=0; static=0; extern=0; dir=0; type=1; pingpong=0; private_global=0; MemPort=[13]; IO mode=ap_memory:ce=0
Port [ local_input_39]:  wired=1; compound=1; hidden=0; nouse=0; global=0; static=0; extern=0; dir=0; type=1; pingpong=0; private_global=0; MemPort=[13]; IO mode=ap_memory:ce=0
Port [ local_input_40]:  wired=1; compound=1; hidden=0; nouse=0; global=0; static=0; extern=0; dir=0; type=1; pingpong=0; private_global=0; MemPort=[13]; IO mode=ap_memory:ce=0
Port [ local_input_41]:  wired=1; compound=1; hidden=0; nouse=0; global=0; static=0; extern=0; dir=0; type=1; pingpong=0; private_global=0; MemPort=[13]; IO mode=ap_memory:ce=0
Port [ local_input_42]:  wired=1; compound=1; hidden=0; nouse=0; global=0; static=0; extern=0; dir=0; type=1; pingpong=0; private_global=0; MemPort=[13]; IO mode=ap_memory:ce=0
Port [ local_input_43]:  wired=1; compound=1; hidden=0; nouse=0; global=0; static=0; extern=0; dir=0; type=1; pingpong=0; private_global=0; MemPort=[13]; IO mode=ap_memory:ce=0
Port [ local_input_44]:  wired=1; compound=1; hidden=0; nouse=0; global=0; static=0; extern=0; dir=0; type=1; pingpong=0; private_global=0; MemPort=[13]; IO mode=ap_memory:ce=0
Port [ local_input_45]:  wired=1; compound=1; hidden=0; nouse=0; global=0; static=0; extern=0; dir=0; type=1; pingpong=0; private_global=0; MemPort=[13]; IO mode=ap_memory:ce=0
Port [ local_input_46]:  wired=1; compound=1; hidden=0; nouse=0; global=0; static=0; extern=0; dir=0; type=1; pingpong=0; private_global=0; MemPort=[13]; IO mode=ap_memory:ce=0
Port [ local_input_47]:  wired=1; compound=1; hidden=0; nouse=0; global=0; static=0; extern=0; dir=0; type=1; pingpong=0; private_global=0; MemPort=[13]; IO mode=ap_memory:ce=0
Port [ local_input_48]:  wired=1; compound=1; hidden=0; nouse=0; global=0; static=0; extern=0; dir=0; type=1; pingpong=0; private_global=0; MemPort=[13]; IO mode=ap_memory:ce=0
Port [ local_input_49]:  wired=1; compound=1; hidden=0; nouse=0; global=0; static=0; extern=0; dir=0; type=1; pingpong=0; private_global=0; MemPort=[13]; IO mode=ap_memory:ce=0
Port [ local_input_50]:  wired=1; compound=1; hidden=0; nouse=0; global=0; static=0; extern=0; dir=0; type=1; pingpong=0; private_global=0; MemPort=[13]; IO mode=ap_memory:ce=0
Port [ local_input_51]:  wired=1; compound=1; hidden=0; nouse=0; global=0; static=0; extern=0; dir=0; type=1; pingpong=0; private_global=0; MemPort=[13]; IO mode=ap_memory:ce=0
Port [ local_input_52]:  wired=1; compound=1; hidden=0; nouse=0; global=0; static=0; extern=0; dir=0; type=1; pingpong=0; private_global=0; MemPort=[13]; IO mode=ap_memory:ce=0
Port [ local_input_53]:  wired=1; compound=1; hidden=0; nouse=0; global=0; static=0; extern=0; dir=0; type=1; pingpong=0; private_global=0; MemPort=[13]; IO mode=ap_memory:ce=0
Port [ local_input_54]:  wired=1; compound=1; hidden=0; nouse=0; global=0; static=0; extern=0; dir=0; type=1; pingpong=0; private_global=0; MemPort=[13]; IO mode=ap_memory:ce=0
Port [ local_input_55]:  wired=1; compound=1; hidden=0; nouse=0; global=0; static=0; extern=0; dir=0; type=1; pingpong=0; private_global=0; MemPort=[13]; IO mode=ap_memory:ce=0
Port [ local_input_56]:  wired=1; compound=1; hidden=0; nouse=0; global=0; static=0; extern=0; dir=0; type=1; pingpong=0; private_global=0; MemPort=[13]; IO mode=ap_memory:ce=0
Port [ local_input_57]:  wired=1; compound=1; hidden=0; nouse=0; global=0; static=0; extern=0; dir=0; type=1; pingpong=0; private_global=0; MemPort=[13]; IO mode=ap_memory:ce=0
Port [ local_input_58]:  wired=1; compound=1; hidden=0; nouse=0; global=0; static=0; extern=0; dir=0; type=1; pingpong=0; private_global=0; MemPort=[13]; IO mode=ap_memory:ce=0
Port [ local_input_59]:  wired=1; compound=1; hidden=0; nouse=0; global=0; static=0; extern=0; dir=0; type=1; pingpong=0; private_global=0; MemPort=[13]; IO mode=ap_memory:ce=0
Port [ local_input_60]:  wired=1; compound=1; hidden=0; nouse=0; global=0; static=0; extern=0; dir=0; type=1; pingpong=0; private_global=0; MemPort=[13]; IO mode=ap_memory:ce=0
Port [ local_input_61]:  wired=1; compound=1; hidden=0; nouse=0; global=0; static=0; extern=0; dir=0; type=1; pingpong=0; private_global=0; MemPort=[13]; IO mode=ap_memory:ce=0
Port [ local_input_62]:  wired=1; compound=1; hidden=0; nouse=0; global=0; static=0; extern=0; dir=0; type=1; pingpong=0; private_global=0; MemPort=[13]; IO mode=ap_memory:ce=0
Port [ local_input_63]:  wired=1; compound=1; hidden=0; nouse=0; global=0; static=0; extern=0; dir=0; type=1; pingpong=0; private_global=0; MemPort=[13]; IO mode=ap_memory:ce=0
Port [ local_input_64]:  wired=1; compound=1; hidden=0; nouse=0; global=0; static=0; extern=0; dir=0; type=1; pingpong=0; private_global=0; MemPort=[13]; IO mode=ap_memory:ce=0
Port [ local_input_65]:  wired=1; compound=1; hidden=0; nouse=0; global=0; static=0; extern=0; dir=0; type=1; pingpong=0; private_global=0; MemPort=[13]; IO mode=ap_memory:ce=0
Port [ local_input_66]:  wired=1; compound=1; hidden=0; nouse=0; global=0; static=0; extern=0; dir=0; type=1; pingpong=0; private_global=0; MemPort=[13]; IO mode=ap_memory:ce=0
Port [ local_input_67]:  wired=1; compound=1; hidden=0; nouse=0; global=0; static=0; extern=0; dir=0; type=1; pingpong=0; private_global=0; MemPort=[13]; IO mode=ap_memory:ce=0
Port [ local_input_68]:  wired=1; compound=1; hidden=0; nouse=0; global=0; static=0; extern=0; dir=0; type=1; pingpong=0; private_global=0; MemPort=[13]; IO mode=ap_memory:ce=0
Port [ local_input_69]:  wired=1; compound=1; hidden=0; nouse=0; global=0; static=0; extern=0; dir=0; type=1; pingpong=0; private_global=0; MemPort=[13]; IO mode=ap_memory:ce=0
Port [ local_input_70]:  wired=1; compound=1; hidden=0; nouse=0; global=0; static=0; extern=0; dir=0; type=1; pingpong=0; private_global=0; MemPort=[13]; IO mode=ap_memory:ce=0
Port [ local_input_71]:  wired=1; compound=1; hidden=0; nouse=0; global=0; static=0; extern=0; dir=0; type=1; pingpong=0; private_global=0; MemPort=[13]; IO mode=ap_memory:ce=0
Port [ local_input_72]:  wired=1; compound=1; hidden=0; nouse=0; global=0; static=0; extern=0; dir=0; type=1; pingpong=0; private_global=0; MemPort=[13]; IO mode=ap_memory:ce=0
Port [ local_input_73]:  wired=1; compound=1; hidden=0; nouse=0; global=0; static=0; extern=0; dir=0; type=1; pingpong=0; private_global=0; MemPort=[13]; IO mode=ap_memory:ce=0
Port [ local_input_74]:  wired=1; compound=1; hidden=0; nouse=0; global=0; static=0; extern=0; dir=0; type=1; pingpong=0; private_global=0; MemPort=[13]; IO mode=ap_memory:ce=0
Port [ local_input_75]:  wired=1; compound=1; hidden=0; nouse=0; global=0; static=0; extern=0; dir=0; type=1; pingpong=0; private_global=0; MemPort=[13]; IO mode=ap_memory:ce=0
Port [ local_input_76]:  wired=1; compound=1; hidden=0; nouse=0; global=0; static=0; extern=0; dir=0; type=1; pingpong=0; private_global=0; MemPort=[13]; IO mode=ap_memory:ce=0
Port [ local_input_77]:  wired=1; compound=1; hidden=0; nouse=0; global=0; static=0; extern=0; dir=0; type=1; pingpong=0; private_global=0; MemPort=[13]; IO mode=ap_memory:ce=0
Port [ local_input_78]:  wired=1; compound=1; hidden=0; nouse=0; global=0; static=0; extern=0; dir=0; type=1; pingpong=0; private_global=0; MemPort=[13]; IO mode=ap_memory:ce=0
Port [ local_input_79]:  wired=1; compound=1; hidden=0; nouse=0; global=0; static=0; extern=0; dir=0; type=1; pingpong=0; private_global=0; MemPort=[13]; IO mode=ap_memory:ce=0
Port [ local_input_80]:  wired=1; compound=1; hidden=0; nouse=0; global=0; static=0; extern=0; dir=0; type=1; pingpong=0; private_global=0; MemPort=[13]; IO mode=ap_memory:ce=0
Port [ local_input_81]:  wired=1; compound=1; hidden=0; nouse=0; global=0; static=0; extern=0; dir=0; type=1; pingpong=0; private_global=0; MemPort=[13]; IO mode=ap_memory:ce=0
Port [ local_input_82]:  wired=1; compound=1; hidden=0; nouse=0; global=0; static=0; extern=0; dir=0; type=1; pingpong=0; private_global=0; MemPort=[13]; IO mode=ap_memory:ce=0
Port [ local_input_83]:  wired=1; compound=1; hidden=0; nouse=0; global=0; static=0; extern=0; dir=0; type=1; pingpong=0; private_global=0; MemPort=[13]; IO mode=ap_memory:ce=0
Port [ local_input_84]:  wired=1; compound=1; hidden=0; nouse=0; global=0; static=0; extern=0; dir=0; type=1; pingpong=0; private_global=0; MemPort=[13]; IO mode=ap_memory:ce=0
Port [ local_input_85]:  wired=1; compound=1; hidden=0; nouse=0; global=0; static=0; extern=0; dir=0; type=1; pingpong=0; private_global=0; MemPort=[13]; IO mode=ap_memory:ce=0
Port [ local_input_86]:  wired=1; compound=1; hidden=0; nouse=0; global=0; static=0; extern=0; dir=0; type=1; pingpong=0; private_global=0; MemPort=[13]; IO mode=ap_memory:ce=0
Port [ local_input_87]:  wired=1; compound=1; hidden=0; nouse=0; global=0; static=0; extern=0; dir=0; type=1; pingpong=0; private_global=0; MemPort=[13]; IO mode=ap_memory:ce=0
Port [ local_input_88]:  wired=1; compound=1; hidden=0; nouse=0; global=0; static=0; extern=0; dir=0; type=1; pingpong=0; private_global=0; MemPort=[13]; IO mode=ap_memory:ce=0
Port [ local_input_89]:  wired=1; compound=1; hidden=0; nouse=0; global=0; static=0; extern=0; dir=0; type=1; pingpong=0; private_global=0; MemPort=[13]; IO mode=ap_memory:ce=0
Port [ local_input_90]:  wired=1; compound=1; hidden=0; nouse=0; global=0; static=0; extern=0; dir=0; type=1; pingpong=0; private_global=0; MemPort=[13]; IO mode=ap_memory:ce=0
Port [ local_input_91]:  wired=1; compound=1; hidden=0; nouse=0; global=0; static=0; extern=0; dir=0; type=1; pingpong=0; private_global=0; MemPort=[13]; IO mode=ap_memory:ce=0
Port [ local_input_92]:  wired=1; compound=1; hidden=0; nouse=0; global=0; static=0; extern=0; dir=0; type=1; pingpong=0; private_global=0; MemPort=[13]; IO mode=ap_memory:ce=0
Port [ local_input_93]:  wired=1; compound=1; hidden=0; nouse=0; global=0; static=0; extern=0; dir=0; type=1; pingpong=0; private_global=0; MemPort=[13]; IO mode=ap_memory:ce=0
Port [ local_input_94]:  wired=1; compound=1; hidden=0; nouse=0; global=0; static=0; extern=0; dir=0; type=1; pingpong=0; private_global=0; MemPort=[13]; IO mode=ap_memory:ce=0
Port [ local_input_95]:  wired=1; compound=1; hidden=0; nouse=0; global=0; static=0; extern=0; dir=0; type=1; pingpong=0; private_global=0; MemPort=[13]; IO mode=ap_memory:ce=0
Port [ local_input_96]:  wired=1; compound=1; hidden=0; nouse=0; global=0; static=0; extern=0; dir=0; type=1; pingpong=0; private_global=0; MemPort=[13]; IO mode=ap_memory:ce=0
Port [ local_input_97]:  wired=1; compound=1; hidden=0; nouse=0; global=0; static=0; extern=0; dir=0; type=1; pingpong=0; private_global=0; MemPort=[13]; IO mode=ap_memory:ce=0
Port [ local_input_98]:  wired=1; compound=1; hidden=0; nouse=0; global=0; static=0; extern=0; dir=0; type=1; pingpong=0; private_global=0; MemPort=[13]; IO mode=ap_memory:ce=0
Port [ local_input_99]:  wired=1; compound=1; hidden=0; nouse=0; global=0; static=0; extern=0; dir=0; type=1; pingpong=0; private_global=0; MemPort=[13]; IO mode=ap_memory:ce=0
Port [ local_input_100]:  wired=1; compound=1; hidden=0; nouse=0; global=0; static=0; extern=0; dir=0; type=1; pingpong=0; private_global=0; MemPort=[13]; IO mode=ap_memory:ce=0
Port [ local_input_101]:  wired=1; compound=1; hidden=0; nouse=0; global=0; static=0; extern=0; dir=0; type=1; pingpong=0; private_global=0; MemPort=[13]; IO mode=ap_memory:ce=0
Port [ local_input_102]:  wired=1; compound=1; hidden=0; nouse=0; global=0; static=0; extern=0; dir=0; type=1; pingpong=0; private_global=0; MemPort=[13]; IO mode=ap_memory:ce=0
Port [ local_input_103]:  wired=1; compound=1; hidden=0; nouse=0; global=0; static=0; extern=0; dir=0; type=1; pingpong=0; private_global=0; MemPort=[13]; IO mode=ap_memory:ce=0
Port [ local_input_104]:  wired=1; compound=1; hidden=0; nouse=0; global=0; static=0; extern=0; dir=0; type=1; pingpong=0; private_global=0; MemPort=[13]; IO mode=ap_memory:ce=0
Port [ local_input_105]:  wired=1; compound=1; hidden=0; nouse=0; global=0; static=0; extern=0; dir=0; type=1; pingpong=0; private_global=0; MemPort=[13]; IO mode=ap_memory:ce=0
Port [ local_input_106]:  wired=1; compound=1; hidden=0; nouse=0; global=0; static=0; extern=0; dir=0; type=1; pingpong=0; private_global=0; MemPort=[13]; IO mode=ap_memory:ce=0
Port [ local_input_107]:  wired=1; compound=1; hidden=0; nouse=0; global=0; static=0; extern=0; dir=0; type=1; pingpong=0; private_global=0; MemPort=[13]; IO mode=ap_memory:ce=0
Port [ local_input_108]:  wired=1; compound=1; hidden=0; nouse=0; global=0; static=0; extern=0; dir=0; type=1; pingpong=0; private_global=0; MemPort=[13]; IO mode=ap_memory:ce=0
Port [ local_input_109]:  wired=1; compound=1; hidden=0; nouse=0; global=0; static=0; extern=0; dir=0; type=1; pingpong=0; private_global=0; MemPort=[13]; IO mode=ap_memory:ce=0
Port [ local_input_110]:  wired=1; compound=1; hidden=0; nouse=0; global=0; static=0; extern=0; dir=0; type=1; pingpong=0; private_global=0; MemPort=[13]; IO mode=ap_memory:ce=0
Port [ local_input_111]:  wired=1; compound=1; hidden=0; nouse=0; global=0; static=0; extern=0; dir=0; type=1; pingpong=0; private_global=0; MemPort=[13]; IO mode=ap_memory:ce=0
Port [ local_input_112]:  wired=1; compound=1; hidden=0; nouse=0; global=0; static=0; extern=0; dir=0; type=1; pingpong=0; private_global=0; MemPort=[13]; IO mode=ap_memory:ce=0
Port [ local_input_113]:  wired=1; compound=1; hidden=0; nouse=0; global=0; static=0; extern=0; dir=0; type=1; pingpong=0; private_global=0; MemPort=[13]; IO mode=ap_memory:ce=0
Port [ local_input_114]:  wired=1; compound=1; hidden=0; nouse=0; global=0; static=0; extern=0; dir=0; type=1; pingpong=0; private_global=0; MemPort=[13]; IO mode=ap_memory:ce=0
Port [ local_input_115]:  wired=1; compound=1; hidden=0; nouse=0; global=0; static=0; extern=0; dir=0; type=1; pingpong=0; private_global=0; MemPort=[13]; IO mode=ap_memory:ce=0
Port [ local_input_116]:  wired=1; compound=1; hidden=0; nouse=0; global=0; static=0; extern=0; dir=0; type=1; pingpong=0; private_global=0; MemPort=[13]; IO mode=ap_memory:ce=0
Port [ local_input_117]:  wired=1; compound=1; hidden=0; nouse=0; global=0; static=0; extern=0; dir=0; type=1; pingpong=0; private_global=0; MemPort=[13]; IO mode=ap_memory:ce=0
Port [ local_input_118]:  wired=1; compound=1; hidden=0; nouse=0; global=0; static=0; extern=0; dir=0; type=1; pingpong=0; private_global=0; MemPort=[13]; IO mode=ap_memory:ce=0
Port [ local_input_119]:  wired=1; compound=1; hidden=0; nouse=0; global=0; static=0; extern=0; dir=0; type=1; pingpong=0; private_global=0; MemPort=[13]; IO mode=ap_memory:ce=0
Port [ local_input_120]:  wired=1; compound=1; hidden=0; nouse=0; global=0; static=0; extern=0; dir=0; type=1; pingpong=0; private_global=0; MemPort=[13]; IO mode=ap_memory:ce=0
Port [ local_input_121]:  wired=1; compound=1; hidden=0; nouse=0; global=0; static=0; extern=0; dir=0; type=1; pingpong=0; private_global=0; MemPort=[13]; IO mode=ap_memory:ce=0
Port [ local_input_122]:  wired=1; compound=1; hidden=0; nouse=0; global=0; static=0; extern=0; dir=0; type=1; pingpong=0; private_global=0; MemPort=[13]; IO mode=ap_memory:ce=0
Port [ local_input_123]:  wired=1; compound=1; hidden=0; nouse=0; global=0; static=0; extern=0; dir=0; type=1; pingpong=0; private_global=0; MemPort=[13]; IO mode=ap_memory:ce=0
Port [ local_input_124]:  wired=1; compound=1; hidden=0; nouse=0; global=0; static=0; extern=0; dir=0; type=1; pingpong=0; private_global=0; MemPort=[13]; IO mode=ap_memory:ce=0
Port [ local_input_125]:  wired=1; compound=1; hidden=0; nouse=0; global=0; static=0; extern=0; dir=0; type=1; pingpong=0; private_global=0; MemPort=[13]; IO mode=ap_memory:ce=0
Port [ local_input_126]:  wired=1; compound=1; hidden=0; nouse=0; global=0; static=0; extern=0; dir=0; type=1; pingpong=0; private_global=0; MemPort=[13]; IO mode=ap_memory:ce=0
Port [ local_input_127]:  wired=1; compound=1; hidden=0; nouse=0; global=0; static=0; extern=0; dir=0; type=1; pingpong=0; private_global=0; MemPort=[13]; IO mode=ap_memory:ce=0
Port [ local_input_128]:  wired=1; compound=1; hidden=0; nouse=0; global=0; static=0; extern=0; dir=0; type=1; pingpong=0; private_global=0; MemPort=[13]; IO mode=ap_memory:ce=0
Port [ local_input_129]:  wired=1; compound=1; hidden=0; nouse=0; global=0; static=0; extern=0; dir=0; type=1; pingpong=0; private_global=0; MemPort=[13]; IO mode=ap_memory:ce=0
Port [ local_input_130]:  wired=1; compound=1; hidden=0; nouse=0; global=0; static=0; extern=0; dir=0; type=1; pingpong=0; private_global=0; MemPort=[13]; IO mode=ap_memory:ce=0
Port [ local_input_131]:  wired=1; compound=1; hidden=0; nouse=0; global=0; static=0; extern=0; dir=0; type=1; pingpong=0; private_global=0; MemPort=[13]; IO mode=ap_memory:ce=0
Port [ local_input_132]:  wired=1; compound=1; hidden=0; nouse=0; global=0; static=0; extern=0; dir=0; type=1; pingpong=0; private_global=0; MemPort=[13]; IO mode=ap_memory:ce=0
Port [ local_input_133]:  wired=1; compound=1; hidden=0; nouse=0; global=0; static=0; extern=0; dir=0; type=1; pingpong=0; private_global=0; MemPort=[13]; IO mode=ap_memory:ce=0
Port [ local_input_134]:  wired=1; compound=1; hidden=0; nouse=0; global=0; static=0; extern=0; dir=0; type=1; pingpong=0; private_global=0; MemPort=[13]; IO mode=ap_memory:ce=0
Port [ local_input_135]:  wired=1; compound=1; hidden=0; nouse=0; global=0; static=0; extern=0; dir=0; type=1; pingpong=0; private_global=0; MemPort=[13]; IO mode=ap_memory:ce=0
Port [ local_input_136]:  wired=1; compound=1; hidden=0; nouse=0; global=0; static=0; extern=0; dir=0; type=1; pingpong=0; private_global=0; MemPort=[13]; IO mode=ap_memory:ce=0
Port [ local_input_137]:  wired=1; compound=1; hidden=0; nouse=0; global=0; static=0; extern=0; dir=0; type=1; pingpong=0; private_global=0; MemPort=[13]; IO mode=ap_memory:ce=0
Port [ local_input_138]:  wired=1; compound=1; hidden=0; nouse=0; global=0; static=0; extern=0; dir=0; type=1; pingpong=0; private_global=0; MemPort=[13]; IO mode=ap_memory:ce=0
Port [ local_input_139]:  wired=1; compound=1; hidden=0; nouse=0; global=0; static=0; extern=0; dir=0; type=1; pingpong=0; private_global=0; MemPort=[13]; IO mode=ap_memory:ce=0
Port [ local_input_140]:  wired=1; compound=1; hidden=0; nouse=0; global=0; static=0; extern=0; dir=0; type=1; pingpong=0; private_global=0; MemPort=[13]; IO mode=ap_memory:ce=0
Port [ local_input_141]:  wired=1; compound=1; hidden=0; nouse=0; global=0; static=0; extern=0; dir=0; type=1; pingpong=0; private_global=0; MemPort=[13]; IO mode=ap_memory:ce=0
Port [ local_input_142]:  wired=1; compound=1; hidden=0; nouse=0; global=0; static=0; extern=0; dir=0; type=1; pingpong=0; private_global=0; MemPort=[13]; IO mode=ap_memory:ce=0
Port [ local_input_143]:  wired=1; compound=1; hidden=0; nouse=0; global=0; static=0; extern=0; dir=0; type=1; pingpong=0; private_global=0; MemPort=[13]; IO mode=ap_memory:ce=0
Port [ local_input_144]:  wired=1; compound=1; hidden=0; nouse=0; global=0; static=0; extern=0; dir=0; type=1; pingpong=0; private_global=0; MemPort=[13]; IO mode=ap_memory:ce=0
Port [ local_input_145]:  wired=1; compound=1; hidden=0; nouse=0; global=0; static=0; extern=0; dir=0; type=1; pingpong=0; private_global=0; MemPort=[13]; IO mode=ap_memory:ce=0
Port [ local_input_146]:  wired=1; compound=1; hidden=0; nouse=0; global=0; static=0; extern=0; dir=0; type=1; pingpong=0; private_global=0; MemPort=[13]; IO mode=ap_memory:ce=0
Port [ local_input_147]:  wired=1; compound=1; hidden=0; nouse=0; global=0; static=0; extern=0; dir=0; type=1; pingpong=0; private_global=0; MemPort=[13]; IO mode=ap_memory:ce=0
Port [ local_input_148]:  wired=1; compound=1; hidden=0; nouse=0; global=0; static=0; extern=0; dir=0; type=1; pingpong=0; private_global=0; MemPort=[13]; IO mode=ap_memory:ce=0
Port [ local_input_149]:  wired=1; compound=1; hidden=0; nouse=0; global=0; static=0; extern=0; dir=0; type=1; pingpong=0; private_global=0; MemPort=[13]; IO mode=ap_memory:ce=0
Port [ local_input_150]:  wired=1; compound=1; hidden=0; nouse=0; global=0; static=0; extern=0; dir=0; type=1; pingpong=0; private_global=0; MemPort=[13]; IO mode=ap_memory:ce=0
Port [ local_input_151]:  wired=1; compound=1; hidden=0; nouse=0; global=0; static=0; extern=0; dir=0; type=1; pingpong=0; private_global=0; MemPort=[13]; IO mode=ap_memory:ce=0
Port [ local_input_152]:  wired=1; compound=1; hidden=0; nouse=0; global=0; static=0; extern=0; dir=0; type=1; pingpong=0; private_global=0; MemPort=[13]; IO mode=ap_memory:ce=0
Port [ local_input_153]:  wired=1; compound=1; hidden=0; nouse=0; global=0; static=0; extern=0; dir=0; type=1; pingpong=0; private_global=0; MemPort=[13]; IO mode=ap_memory:ce=0
Port [ local_input_154]:  wired=1; compound=1; hidden=0; nouse=0; global=0; static=0; extern=0; dir=0; type=1; pingpong=0; private_global=0; MemPort=[13]; IO mode=ap_memory:ce=0
Port [ local_input_155]:  wired=1; compound=1; hidden=0; nouse=0; global=0; static=0; extern=0; dir=0; type=1; pingpong=0; private_global=0; MemPort=[13]; IO mode=ap_memory:ce=0
Port [ local_input_156]:  wired=1; compound=1; hidden=0; nouse=0; global=0; static=0; extern=0; dir=0; type=1; pingpong=0; private_global=0; MemPort=[13]; IO mode=ap_memory:ce=0
Port [ local_input_157]:  wired=1; compound=1; hidden=0; nouse=0; global=0; static=0; extern=0; dir=0; type=1; pingpong=0; private_global=0; MemPort=[13]; IO mode=ap_memory:ce=0
Port [ local_input_158]:  wired=1; compound=1; hidden=0; nouse=0; global=0; static=0; extern=0; dir=0; type=1; pingpong=0; private_global=0; MemPort=[13]; IO mode=ap_memory:ce=0
Port [ local_input_159]:  wired=1; compound=1; hidden=0; nouse=0; global=0; static=0; extern=0; dir=0; type=1; pingpong=0; private_global=0; MemPort=[13]; IO mode=ap_memory:ce=0
Port [ local_input_160]:  wired=1; compound=1; hidden=0; nouse=0; global=0; static=0; extern=0; dir=0; type=1; pingpong=0; private_global=0; MemPort=[13]; IO mode=ap_memory:ce=0
Port [ local_input_161]:  wired=1; compound=1; hidden=0; nouse=0; global=0; static=0; extern=0; dir=0; type=1; pingpong=0; private_global=0; MemPort=[13]; IO mode=ap_memory:ce=0
Port [ local_input_162]:  wired=1; compound=1; hidden=0; nouse=0; global=0; static=0; extern=0; dir=0; type=1; pingpong=0; private_global=0; MemPort=[13]; IO mode=ap_memory:ce=0
Port [ local_input_163]:  wired=1; compound=1; hidden=0; nouse=0; global=0; static=0; extern=0; dir=0; type=1; pingpong=0; private_global=0; MemPort=[13]; IO mode=ap_memory:ce=0
Port [ local_input_164]:  wired=1; compound=1; hidden=0; nouse=0; global=0; static=0; extern=0; dir=0; type=1; pingpong=0; private_global=0; MemPort=[13]; IO mode=ap_memory:ce=0
Port [ local_input_165]:  wired=1; compound=1; hidden=0; nouse=0; global=0; static=0; extern=0; dir=0; type=1; pingpong=0; private_global=0; MemPort=[13]; IO mode=ap_memory:ce=0
Port [ local_input_166]:  wired=1; compound=1; hidden=0; nouse=0; global=0; static=0; extern=0; dir=0; type=1; pingpong=0; private_global=0; MemPort=[13]; IO mode=ap_memory:ce=0
Port [ local_input_167]:  wired=1; compound=1; hidden=0; nouse=0; global=0; static=0; extern=0; dir=0; type=1; pingpong=0; private_global=0; MemPort=[13]; IO mode=ap_memory:ce=0
Port [ local_input_168]:  wired=1; compound=1; hidden=0; nouse=0; global=0; static=0; extern=0; dir=0; type=1; pingpong=0; private_global=0; MemPort=[13]; IO mode=ap_memory:ce=0
Port [ local_input_169]:  wired=1; compound=1; hidden=0; nouse=0; global=0; static=0; extern=0; dir=0; type=1; pingpong=0; private_global=0; MemPort=[13]; IO mode=ap_memory:ce=0
Port [ local_input_170]:  wired=1; compound=1; hidden=0; nouse=0; global=0; static=0; extern=0; dir=0; type=1; pingpong=0; private_global=0; MemPort=[13]; IO mode=ap_memory:ce=0
Port [ local_input_171]:  wired=1; compound=1; hidden=0; nouse=0; global=0; static=0; extern=0; dir=0; type=1; pingpong=0; private_global=0; MemPort=[13]; IO mode=ap_memory:ce=0
Port [ local_input_172]:  wired=1; compound=1; hidden=0; nouse=0; global=0; static=0; extern=0; dir=0; type=1; pingpong=0; private_global=0; MemPort=[13]; IO mode=ap_memory:ce=0
Port [ local_input_173]:  wired=1; compound=1; hidden=0; nouse=0; global=0; static=0; extern=0; dir=0; type=1; pingpong=0; private_global=0; MemPort=[13]; IO mode=ap_memory:ce=0
Port [ local_input_174]:  wired=1; compound=1; hidden=0; nouse=0; global=0; static=0; extern=0; dir=0; type=1; pingpong=0; private_global=0; MemPort=[13]; IO mode=ap_memory:ce=0
Port [ local_input_175]:  wired=1; compound=1; hidden=0; nouse=0; global=0; static=0; extern=0; dir=0; type=1; pingpong=0; private_global=0; MemPort=[13]; IO mode=ap_memory:ce=0
Port [ local_input_176]:  wired=1; compound=1; hidden=0; nouse=0; global=0; static=0; extern=0; dir=0; type=1; pingpong=0; private_global=0; MemPort=[13]; IO mode=ap_memory:ce=0
Port [ local_input_177]:  wired=1; compound=1; hidden=0; nouse=0; global=0; static=0; extern=0; dir=0; type=1; pingpong=0; private_global=0; MemPort=[13]; IO mode=ap_memory:ce=0
Port [ local_input_178]:  wired=1; compound=1; hidden=0; nouse=0; global=0; static=0; extern=0; dir=0; type=1; pingpong=0; private_global=0; MemPort=[13]; IO mode=ap_memory:ce=0
Port [ local_input_179]:  wired=1; compound=1; hidden=0; nouse=0; global=0; static=0; extern=0; dir=0; type=1; pingpong=0; private_global=0; MemPort=[13]; IO mode=ap_memory:ce=0
Port [ local_input_180]:  wired=1; compound=1; hidden=0; nouse=0; global=0; static=0; extern=0; dir=0; type=1; pingpong=0; private_global=0; MemPort=[13]; IO mode=ap_memory:ce=0
Port [ local_input_181]:  wired=1; compound=1; hidden=0; nouse=0; global=0; static=0; extern=0; dir=0; type=1; pingpong=0; private_global=0; MemPort=[13]; IO mode=ap_memory:ce=0
Port [ local_input_182]:  wired=1; compound=1; hidden=0; nouse=0; global=0; static=0; extern=0; dir=0; type=1; pingpong=0; private_global=0; MemPort=[13]; IO mode=ap_memory:ce=0
Port [ local_input_183]:  wired=1; compound=1; hidden=0; nouse=0; global=0; static=0; extern=0; dir=0; type=1; pingpong=0; private_global=0; MemPort=[13]; IO mode=ap_memory:ce=0
Port [ local_input_184]:  wired=1; compound=1; hidden=0; nouse=0; global=0; static=0; extern=0; dir=0; type=1; pingpong=0; private_global=0; MemPort=[13]; IO mode=ap_memory:ce=0
Port [ local_input_185]:  wired=1; compound=1; hidden=0; nouse=0; global=0; static=0; extern=0; dir=0; type=1; pingpong=0; private_global=0; MemPort=[13]; IO mode=ap_memory:ce=0
Port [ local_input_186]:  wired=1; compound=1; hidden=0; nouse=0; global=0; static=0; extern=0; dir=0; type=1; pingpong=0; private_global=0; MemPort=[13]; IO mode=ap_memory:ce=0
Port [ local_input_187]:  wired=1; compound=1; hidden=0; nouse=0; global=0; static=0; extern=0; dir=0; type=1; pingpong=0; private_global=0; MemPort=[13]; IO mode=ap_memory:ce=0
Port [ local_input_188]:  wired=1; compound=1; hidden=0; nouse=0; global=0; static=0; extern=0; dir=0; type=1; pingpong=0; private_global=0; MemPort=[13]; IO mode=ap_memory:ce=0
Port [ local_input_189]:  wired=1; compound=1; hidden=0; nouse=0; global=0; static=0; extern=0; dir=0; type=1; pingpong=0; private_global=0; MemPort=[13]; IO mode=ap_memory:ce=0
Port [ local_input_190]:  wired=1; compound=1; hidden=0; nouse=0; global=0; static=0; extern=0; dir=0; type=1; pingpong=0; private_global=0; MemPort=[13]; IO mode=ap_memory:ce=0
Port [ local_input_191]:  wired=1; compound=1; hidden=0; nouse=0; global=0; static=0; extern=0; dir=0; type=1; pingpong=0; private_global=0; MemPort=[13]; IO mode=ap_memory:ce=0
Port [ local_input_192]:  wired=1; compound=1; hidden=0; nouse=0; global=0; static=0; extern=0; dir=0; type=1; pingpong=0; private_global=0; MemPort=[13]; IO mode=ap_memory:ce=0
Port [ local_input_193]:  wired=1; compound=1; hidden=0; nouse=0; global=0; static=0; extern=0; dir=0; type=1; pingpong=0; private_global=0; MemPort=[13]; IO mode=ap_memory:ce=0
Port [ local_input_194]:  wired=1; compound=1; hidden=0; nouse=0; global=0; static=0; extern=0; dir=0; type=1; pingpong=0; private_global=0; MemPort=[13]; IO mode=ap_memory:ce=0
Port [ local_input_195]:  wired=1; compound=1; hidden=0; nouse=0; global=0; static=0; extern=0; dir=0; type=1; pingpong=0; private_global=0; MemPort=[13]; IO mode=ap_memory:ce=0
Port [ local_input_196]:  wired=1; compound=1; hidden=0; nouse=0; global=0; static=0; extern=0; dir=0; type=1; pingpong=0; private_global=0; MemPort=[13]; IO mode=ap_memory:ce=0
Port [ local_input_197]:  wired=1; compound=1; hidden=0; nouse=0; global=0; static=0; extern=0; dir=0; type=1; pingpong=0; private_global=0; MemPort=[13]; IO mode=ap_memory:ce=0
Port [ local_input_198]:  wired=1; compound=1; hidden=0; nouse=0; global=0; static=0; extern=0; dir=0; type=1; pingpong=0; private_global=0; MemPort=[13]; IO mode=ap_memory:ce=0
Port [ local_input_199]:  wired=1; compound=1; hidden=0; nouse=0; global=0; static=0; extern=0; dir=0; type=1; pingpong=0; private_global=0; MemPort=[13]; IO mode=ap_memory:ce=0
Port [ local_input_200]:  wired=1; compound=1; hidden=0; nouse=0; global=0; static=0; extern=0; dir=0; type=1; pingpong=0; private_global=0; MemPort=[13]; IO mode=ap_memory:ce=0
Port [ local_input_201]:  wired=1; compound=1; hidden=0; nouse=0; global=0; static=0; extern=0; dir=0; type=1; pingpong=0; private_global=0; MemPort=[13]; IO mode=ap_memory:ce=0
Port [ local_input_202]:  wired=1; compound=1; hidden=0; nouse=0; global=0; static=0; extern=0; dir=0; type=1; pingpong=0; private_global=0; MemPort=[13]; IO mode=ap_memory:ce=0
Port [ local_input_203]:  wired=1; compound=1; hidden=0; nouse=0; global=0; static=0; extern=0; dir=0; type=1; pingpong=0; private_global=0; MemPort=[13]; IO mode=ap_memory:ce=0
Port [ local_input_204]:  wired=1; compound=1; hidden=0; nouse=0; global=0; static=0; extern=0; dir=0; type=1; pingpong=0; private_global=0; MemPort=[13]; IO mode=ap_memory:ce=0
Port [ local_input_205]:  wired=1; compound=1; hidden=0; nouse=0; global=0; static=0; extern=0; dir=0; type=1; pingpong=0; private_global=0; MemPort=[13]; IO mode=ap_memory:ce=0
Port [ local_input_206]:  wired=1; compound=1; hidden=0; nouse=0; global=0; static=0; extern=0; dir=0; type=1; pingpong=0; private_global=0; MemPort=[13]; IO mode=ap_memory:ce=0
Port [ local_input_207]:  wired=1; compound=1; hidden=0; nouse=0; global=0; static=0; extern=0; dir=0; type=1; pingpong=0; private_global=0; MemPort=[13]; IO mode=ap_memory:ce=0
Port [ local_input_208]:  wired=1; compound=1; hidden=0; nouse=0; global=0; static=0; extern=0; dir=0; type=1; pingpong=0; private_global=0; MemPort=[13]; IO mode=ap_memory:ce=0
Port [ local_input_209]:  wired=1; compound=1; hidden=0; nouse=0; global=0; static=0; extern=0; dir=0; type=1; pingpong=0; private_global=0; MemPort=[13]; IO mode=ap_memory:ce=0
Port [ local_input_210]:  wired=1; compound=1; hidden=0; nouse=0; global=0; static=0; extern=0; dir=0; type=1; pingpong=0; private_global=0; MemPort=[13]; IO mode=ap_memory:ce=0
Port [ local_input_211]:  wired=1; compound=1; hidden=0; nouse=0; global=0; static=0; extern=0; dir=0; type=1; pingpong=0; private_global=0; MemPort=[13]; IO mode=ap_memory:ce=0
Port [ local_input_212]:  wired=1; compound=1; hidden=0; nouse=0; global=0; static=0; extern=0; dir=0; type=1; pingpong=0; private_global=0; MemPort=[13]; IO mode=ap_memory:ce=0
Port [ local_input_213]:  wired=1; compound=1; hidden=0; nouse=0; global=0; static=0; extern=0; dir=0; type=1; pingpong=0; private_global=0; MemPort=[13]; IO mode=ap_memory:ce=0
Port [ local_input_214]:  wired=1; compound=1; hidden=0; nouse=0; global=0; static=0; extern=0; dir=0; type=1; pingpong=0; private_global=0; MemPort=[13]; IO mode=ap_memory:ce=0
Port [ local_input_215]:  wired=1; compound=1; hidden=0; nouse=0; global=0; static=0; extern=0; dir=0; type=1; pingpong=0; private_global=0; MemPort=[13]; IO mode=ap_memory:ce=0
Port [ local_input_216]:  wired=1; compound=1; hidden=0; nouse=0; global=0; static=0; extern=0; dir=0; type=1; pingpong=0; private_global=0; MemPort=[13]; IO mode=ap_memory:ce=0
Port [ local_input_217]:  wired=1; compound=1; hidden=0; nouse=0; global=0; static=0; extern=0; dir=0; type=1; pingpong=0; private_global=0; MemPort=[13]; IO mode=ap_memory:ce=0
Port [ local_input_218]:  wired=1; compound=1; hidden=0; nouse=0; global=0; static=0; extern=0; dir=0; type=1; pingpong=0; private_global=0; MemPort=[13]; IO mode=ap_memory:ce=0
Port [ local_input_219]:  wired=1; compound=1; hidden=0; nouse=0; global=0; static=0; extern=0; dir=0; type=1; pingpong=0; private_global=0; MemPort=[13]; IO mode=ap_memory:ce=0
Port [ local_input_220]:  wired=1; compound=1; hidden=0; nouse=0; global=0; static=0; extern=0; dir=0; type=1; pingpong=0; private_global=0; MemPort=[13]; IO mode=ap_memory:ce=0
Port [ local_input_221]:  wired=1; compound=1; hidden=0; nouse=0; global=0; static=0; extern=0; dir=0; type=1; pingpong=0; private_global=0; MemPort=[13]; IO mode=ap_memory:ce=0
Port [ local_input_222]:  wired=1; compound=1; hidden=0; nouse=0; global=0; static=0; extern=0; dir=0; type=1; pingpong=0; private_global=0; MemPort=[13]; IO mode=ap_memory:ce=0
Port [ local_input_223]:  wired=1; compound=1; hidden=0; nouse=0; global=0; static=0; extern=0; dir=0; type=1; pingpong=0; private_global=0; MemPort=[13]; IO mode=ap_memory:ce=0
Port [ local_input_224]:  wired=1; compound=1; hidden=0; nouse=0; global=0; static=0; extern=0; dir=0; type=1; pingpong=0; private_global=0; MemPort=[13]; IO mode=ap_memory:ce=0
Port [ local_input_225]:  wired=1; compound=1; hidden=0; nouse=0; global=0; static=0; extern=0; dir=0; type=1; pingpong=0; private_global=0; MemPort=[13]; IO mode=ap_memory:ce=0
Port [ local_input_226]:  wired=1; compound=1; hidden=0; nouse=0; global=0; static=0; extern=0; dir=0; type=1; pingpong=0; private_global=0; MemPort=[13]; IO mode=ap_memory:ce=0
Port [ local_weights]:  wired=1; compound=1; hidden=0; nouse=0; global=0; static=0; extern=0; dir=0; type=1; pingpong=0; private_global=0; MemPort=[13]; IO mode=ap_memory:ce=0
Port [ local_weights_1]:  wired=1; compound=1; hidden=0; nouse=0; global=0; static=0; extern=0; dir=0; type=1; pingpong=0; private_global=0; MemPort=[13]; IO mode=ap_memory:ce=0
Port [ local_weights_2]:  wired=1; compound=1; hidden=0; nouse=0; global=0; static=0; extern=0; dir=0; type=1; pingpong=0; private_global=0; MemPort=[13]; IO mode=ap_memory:ce=0
Port [ local_weights_3]:  wired=1; compound=1; hidden=0; nouse=0; global=0; static=0; extern=0; dir=0; type=1; pingpong=0; private_global=0; MemPort=[13]; IO mode=ap_memory:ce=0
Port [ local_weights_4]:  wired=1; compound=1; hidden=0; nouse=0; global=0; static=0; extern=0; dir=0; type=1; pingpong=0; private_global=0; MemPort=[13]; IO mode=ap_memory:ce=0
Port [ local_weights_5]:  wired=1; compound=1; hidden=0; nouse=0; global=0; static=0; extern=0; dir=0; type=1; pingpong=0; private_global=0; MemPort=[13]; IO mode=ap_memory:ce=0
Port [ local_weights_6]:  wired=1; compound=1; hidden=0; nouse=0; global=0; static=0; extern=0; dir=0; type=1; pingpong=0; private_global=0; MemPort=[13]; IO mode=ap_memory:ce=0
Port [ local_weights_7]:  wired=1; compound=1; hidden=0; nouse=0; global=0; static=0; extern=0; dir=0; type=1; pingpong=0; private_global=0; MemPort=[13]; IO mode=ap_memory:ce=0
Port [ local_weights_8]:  wired=1; compound=1; hidden=0; nouse=0; global=0; static=0; extern=0; dir=0; type=1; pingpong=0; private_global=0; MemPort=[13]; IO mode=ap_memory:ce=0
Port [ local_weights_9]:  wired=1; compound=1; hidden=0; nouse=0; global=0; static=0; extern=0; dir=0; type=1; pingpong=0; private_global=0; MemPort=[13]; IO mode=ap_memory:ce=0
Port [ local_weights_10]:  wired=1; compound=1; hidden=0; nouse=0; global=0; static=0; extern=0; dir=0; type=1; pingpong=0; private_global=0; MemPort=[13]; IO mode=ap_memory:ce=0
Port [ shl_ln1]:  wired=1; compound=0; hidden=0; nouse=0; global=0; static=0; extern=0; dir=0; type=0; pingpong=0; private_global=0; IO mode=ap_none:ce=0
Port [ sum_2_out]:  wired=1; compound=0; hidden=0; nouse=0; global=0; static=0; extern=0; dir=1; type=0; pingpong=0; private_global=0; IO mode=ap_vld:ce=0
---------------- STG Properties END ------------------

---------------- Datapath Model BEGIN ----------------

<LifeTime>
<method=bitvector/>
sum_2                  (alloca           ) [ 011111111111]
kc                     (alloca           ) [ 010000000000]
kr                     (alloca           ) [ 010000000000]
indvar_flatten551      (alloca           ) [ 010000000000]
shl_ln1_read           (read             ) [ 001000000000]
tmp_5_read             (read             ) [ 000000000000]
sum_read               (read             ) [ 000000000000]
store_ln0              (store            ) [ 000000000000]
store_ln0              (store            ) [ 000000000000]
store_ln0              (store            ) [ 000000000000]
store_ln0              (store            ) [ 000000000000]
br_ln0                 (br               ) [ 000000000000]
indvar_flatten551_load (load             ) [ 000000000000]
icmp_ln65              (icmp             ) [ 011111110000]
add_ln65               (add              ) [ 000000000000]
br_ln65                (br               ) [ 000000000000]
kc_load                (load             ) [ 000000000000]
kr_load                (load             ) [ 000000000000]
icmp_ln67              (icmp             ) [ 000000000000]
select_ln65            (select           ) [ 001000000000]
add_ln65_1             (add              ) [ 000000000000]
select_ln65_2          (select           ) [ 000000000000]
zext_ln65              (zext             ) [ 000000000000]
add_ln65_2             (add              ) [ 000000000000]
zext_ln65_1            (zext             ) [ 000000000000]
local_input_addr       (getelementptr    ) [ 001000000000]
local_input_1_addr     (getelementptr    ) [ 001000000000]
local_input_2_addr     (getelementptr    ) [ 001000000000]
local_input_3_addr     (getelementptr    ) [ 001000000000]
local_input_4_addr     (getelementptr    ) [ 001000000000]
local_input_5_addr     (getelementptr    ) [ 001000000000]
local_input_6_addr     (getelementptr    ) [ 001000000000]
local_input_7_addr     (getelementptr    ) [ 001000000000]
local_input_8_addr     (getelementptr    ) [ 001000000000]
local_input_9_addr     (getelementptr    ) [ 001000000000]
local_input_10_addr    (getelementptr    ) [ 001000000000]
local_input_11_addr    (getelementptr    ) [ 001000000000]
local_input_12_addr    (getelementptr    ) [ 001000000000]
local_input_13_addr    (getelementptr    ) [ 001000000000]
local_input_14_addr    (getelementptr    ) [ 001000000000]
local_input_15_addr    (getelementptr    ) [ 001000000000]
local_input_16_addr    (getelementptr    ) [ 001000000000]
local_input_17_addr    (getelementptr    ) [ 001000000000]
local_input_18_addr    (getelementptr    ) [ 001000000000]
local_input_19_addr    (getelementptr    ) [ 001000000000]
local_input_20_addr    (getelementptr    ) [ 001000000000]
local_input_21_addr    (getelementptr    ) [ 001000000000]
local_input_22_addr    (getelementptr    ) [ 001000000000]
local_input_23_addr    (getelementptr    ) [ 001000000000]
local_input_24_addr    (getelementptr    ) [ 001000000000]
local_input_25_addr    (getelementptr    ) [ 001000000000]
local_input_26_addr    (getelementptr    ) [ 001000000000]
local_input_27_addr    (getelementptr    ) [ 001000000000]
local_input_28_addr    (getelementptr    ) [ 001000000000]
local_input_29_addr    (getelementptr    ) [ 001000000000]
local_input_30_addr    (getelementptr    ) [ 001000000000]
local_input_31_addr    (getelementptr    ) [ 001000000000]
local_input_32_addr    (getelementptr    ) [ 001000000000]
local_input_33_addr    (getelementptr    ) [ 001000000000]
local_input_34_addr    (getelementptr    ) [ 001000000000]
local_input_35_addr    (getelementptr    ) [ 001000000000]
local_input_36_addr    (getelementptr    ) [ 001000000000]
local_input_37_addr    (getelementptr    ) [ 001000000000]
local_input_38_addr    (getelementptr    ) [ 001000000000]
local_input_39_addr    (getelementptr    ) [ 001000000000]
local_input_40_addr    (getelementptr    ) [ 001000000000]
local_input_41_addr    (getelementptr    ) [ 001000000000]
local_input_42_addr    (getelementptr    ) [ 001000000000]
local_input_43_addr    (getelementptr    ) [ 001000000000]
local_input_44_addr    (getelementptr    ) [ 001000000000]
local_input_45_addr    (getelementptr    ) [ 001000000000]
local_input_46_addr    (getelementptr    ) [ 001000000000]
local_input_47_addr    (getelementptr    ) [ 001000000000]
local_input_48_addr    (getelementptr    ) [ 001000000000]
local_input_49_addr    (getelementptr    ) [ 001000000000]
local_input_50_addr    (getelementptr    ) [ 001000000000]
local_input_51_addr    (getelementptr    ) [ 001000000000]
local_input_52_addr    (getelementptr    ) [ 001000000000]
local_input_53_addr    (getelementptr    ) [ 001000000000]
local_input_54_addr    (getelementptr    ) [ 001000000000]
local_input_55_addr    (getelementptr    ) [ 001000000000]
local_input_56_addr    (getelementptr    ) [ 001000000000]
local_input_57_addr    (getelementptr    ) [ 001000000000]
local_input_58_addr    (getelementptr    ) [ 001000000000]
local_input_59_addr    (getelementptr    ) [ 001000000000]
local_input_60_addr    (getelementptr    ) [ 001000000000]
local_input_61_addr    (getelementptr    ) [ 001000000000]
local_input_62_addr    (getelementptr    ) [ 001000000000]
local_input_63_addr    (getelementptr    ) [ 001000000000]
local_input_64_addr    (getelementptr    ) [ 001000000000]
local_input_65_addr    (getelementptr    ) [ 001000000000]
local_input_66_addr    (getelementptr    ) [ 001000000000]
local_input_67_addr    (getelementptr    ) [ 001000000000]
local_input_68_addr    (getelementptr    ) [ 001000000000]
local_input_69_addr    (getelementptr    ) [ 001000000000]
local_input_70_addr    (getelementptr    ) [ 001000000000]
local_input_71_addr    (getelementptr    ) [ 001000000000]
local_input_72_addr    (getelementptr    ) [ 001000000000]
local_input_73_addr    (getelementptr    ) [ 001000000000]
local_input_74_addr    (getelementptr    ) [ 001000000000]
local_input_75_addr    (getelementptr    ) [ 001000000000]
local_input_76_addr    (getelementptr    ) [ 001000000000]
local_input_77_addr    (getelementptr    ) [ 001000000000]
local_input_78_addr    (getelementptr    ) [ 001000000000]
local_input_79_addr    (getelementptr    ) [ 001000000000]
local_input_80_addr    (getelementptr    ) [ 001000000000]
local_input_81_addr    (getelementptr    ) [ 001000000000]
local_input_82_addr    (getelementptr    ) [ 001000000000]
local_input_83_addr    (getelementptr    ) [ 001000000000]
local_input_84_addr    (getelementptr    ) [ 001000000000]
local_input_85_addr    (getelementptr    ) [ 001000000000]
local_input_86_addr    (getelementptr    ) [ 001000000000]
local_input_87_addr    (getelementptr    ) [ 001000000000]
local_input_88_addr    (getelementptr    ) [ 001000000000]
local_input_89_addr    (getelementptr    ) [ 001000000000]
local_input_90_addr    (getelementptr    ) [ 001000000000]
local_input_91_addr    (getelementptr    ) [ 001000000000]
local_input_92_addr    (getelementptr    ) [ 001000000000]
local_input_93_addr    (getelementptr    ) [ 001000000000]
local_input_94_addr    (getelementptr    ) [ 001000000000]
local_input_95_addr    (getelementptr    ) [ 001000000000]
local_input_96_addr    (getelementptr    ) [ 001000000000]
local_input_97_addr    (getelementptr    ) [ 001000000000]
local_input_98_addr    (getelementptr    ) [ 001000000000]
local_input_99_addr    (getelementptr    ) [ 001000000000]
local_input_100_addr   (getelementptr    ) [ 001000000000]
local_input_101_addr   (getelementptr    ) [ 001000000000]
local_input_102_addr   (getelementptr    ) [ 001000000000]
local_input_103_addr   (getelementptr    ) [ 001000000000]
local_input_104_addr   (getelementptr    ) [ 001000000000]
local_input_105_addr   (getelementptr    ) [ 001000000000]
local_input_106_addr   (getelementptr    ) [ 001000000000]
local_input_107_addr   (getelementptr    ) [ 001000000000]
local_input_108_addr   (getelementptr    ) [ 001000000000]
local_input_109_addr   (getelementptr    ) [ 001000000000]
local_input_110_addr   (getelementptr    ) [ 001000000000]
local_input_111_addr   (getelementptr    ) [ 001000000000]
local_input_112_addr   (getelementptr    ) [ 001000000000]
local_input_113_addr   (getelementptr    ) [ 001000000000]
local_input_114_addr   (getelementptr    ) [ 001000000000]
local_input_115_addr   (getelementptr    ) [ 001000000000]
local_input_116_addr   (getelementptr    ) [ 001000000000]
local_input_117_addr   (getelementptr    ) [ 001000000000]
local_input_118_addr   (getelementptr    ) [ 001000000000]
local_input_119_addr   (getelementptr    ) [ 001000000000]
local_input_120_addr   (getelementptr    ) [ 001000000000]
local_input_121_addr   (getelementptr    ) [ 001000000000]
local_input_122_addr   (getelementptr    ) [ 001000000000]
local_input_123_addr   (getelementptr    ) [ 001000000000]
local_input_124_addr   (getelementptr    ) [ 001000000000]
local_input_125_addr   (getelementptr    ) [ 001000000000]
local_input_126_addr   (getelementptr    ) [ 001000000000]
local_input_127_addr   (getelementptr    ) [ 001000000000]
local_input_128_addr   (getelementptr    ) [ 001000000000]
local_input_129_addr   (getelementptr    ) [ 001000000000]
local_input_130_addr   (getelementptr    ) [ 001000000000]
local_input_131_addr   (getelementptr    ) [ 001000000000]
local_input_132_addr   (getelementptr    ) [ 001000000000]
local_input_133_addr   (getelementptr    ) [ 001000000000]
local_input_134_addr   (getelementptr    ) [ 001000000000]
local_input_135_addr   (getelementptr    ) [ 001000000000]
local_input_136_addr   (getelementptr    ) [ 001000000000]
local_input_137_addr   (getelementptr    ) [ 001000000000]
local_input_138_addr   (getelementptr    ) [ 001000000000]
local_input_139_addr   (getelementptr    ) [ 001000000000]
local_input_140_addr   (getelementptr    ) [ 001000000000]
local_input_141_addr   (getelementptr    ) [ 001000000000]
local_input_142_addr   (getelementptr    ) [ 001000000000]
local_input_143_addr   (getelementptr    ) [ 001000000000]
local_input_144_addr   (getelementptr    ) [ 001000000000]
local_input_145_addr   (getelementptr    ) [ 001000000000]
local_input_146_addr   (getelementptr    ) [ 001000000000]
local_input_147_addr   (getelementptr    ) [ 001000000000]
local_input_148_addr   (getelementptr    ) [ 001000000000]
local_input_149_addr   (getelementptr    ) [ 001000000000]
local_input_150_addr   (getelementptr    ) [ 001000000000]
local_input_151_addr   (getelementptr    ) [ 001000000000]
local_input_152_addr   (getelementptr    ) [ 001000000000]
local_input_153_addr   (getelementptr    ) [ 001000000000]
local_input_154_addr   (getelementptr    ) [ 001000000000]
local_input_155_addr   (getelementptr    ) [ 001000000000]
local_input_156_addr   (getelementptr    ) [ 001000000000]
local_input_157_addr   (getelementptr    ) [ 001000000000]
local_input_158_addr   (getelementptr    ) [ 001000000000]
local_input_159_addr   (getelementptr    ) [ 001000000000]
local_input_160_addr   (getelementptr    ) [ 001000000000]
local_input_161_addr   (getelementptr    ) [ 001000000000]
local_input_162_addr   (getelementptr    ) [ 001000000000]
local_input_163_addr   (getelementptr    ) [ 001000000000]
local_input_164_addr   (getelementptr    ) [ 001000000000]
local_input_165_addr   (getelementptr    ) [ 001000000000]
local_input_166_addr   (getelementptr    ) [ 001000000000]
local_input_167_addr   (getelementptr    ) [ 001000000000]
local_input_168_addr   (getelementptr    ) [ 001000000000]
local_input_169_addr   (getelementptr    ) [ 001000000000]
local_input_170_addr   (getelementptr    ) [ 001000000000]
local_input_171_addr   (getelementptr    ) [ 001000000000]
local_input_172_addr   (getelementptr    ) [ 001000000000]
local_input_173_addr   (getelementptr    ) [ 001000000000]
local_input_174_addr   (getelementptr    ) [ 001000000000]
local_input_175_addr   (getelementptr    ) [ 001000000000]
local_input_176_addr   (getelementptr    ) [ 001000000000]
local_input_177_addr   (getelementptr    ) [ 001000000000]
local_input_178_addr   (getelementptr    ) [ 001000000000]
local_input_179_addr   (getelementptr    ) [ 001000000000]
local_input_180_addr   (getelementptr    ) [ 001000000000]
local_input_181_addr   (getelementptr    ) [ 001000000000]
local_input_182_addr   (getelementptr    ) [ 001000000000]
local_input_183_addr   (getelementptr    ) [ 001000000000]
local_input_184_addr   (getelementptr    ) [ 001000000000]
local_input_185_addr   (getelementptr    ) [ 001000000000]
local_input_186_addr   (getelementptr    ) [ 001000000000]
local_input_187_addr   (getelementptr    ) [ 001000000000]
local_input_188_addr   (getelementptr    ) [ 001000000000]
local_input_189_addr   (getelementptr    ) [ 001000000000]
local_input_190_addr   (getelementptr    ) [ 001000000000]
local_input_191_addr   (getelementptr    ) [ 001000000000]
local_input_192_addr   (getelementptr    ) [ 001000000000]
local_input_193_addr   (getelementptr    ) [ 001000000000]
local_input_194_addr   (getelementptr    ) [ 001000000000]
local_input_195_addr   (getelementptr    ) [ 001000000000]
local_input_196_addr   (getelementptr    ) [ 001000000000]
local_input_197_addr   (getelementptr    ) [ 001000000000]
local_input_198_addr   (getelementptr    ) [ 001000000000]
local_input_199_addr   (getelementptr    ) [ 001000000000]
local_input_200_addr   (getelementptr    ) [ 001000000000]
local_input_201_addr   (getelementptr    ) [ 001000000000]
local_input_202_addr   (getelementptr    ) [ 001000000000]
local_input_203_addr   (getelementptr    ) [ 001000000000]
local_input_204_addr   (getelementptr    ) [ 001000000000]
local_input_205_addr   (getelementptr    ) [ 001000000000]
local_input_206_addr   (getelementptr    ) [ 001000000000]
local_input_207_addr   (getelementptr    ) [ 001000000000]
local_input_208_addr   (getelementptr    ) [ 001000000000]
local_input_209_addr   (getelementptr    ) [ 001000000000]
local_input_210_addr   (getelementptr    ) [ 001000000000]
local_input_211_addr   (getelementptr    ) [ 001000000000]
local_input_212_addr   (getelementptr    ) [ 001000000000]
local_input_213_addr   (getelementptr    ) [ 001000000000]
local_input_214_addr   (getelementptr    ) [ 001000000000]
local_input_215_addr   (getelementptr    ) [ 001000000000]
local_input_216_addr   (getelementptr    ) [ 001000000000]
local_input_217_addr   (getelementptr    ) [ 001000000000]
local_input_218_addr   (getelementptr    ) [ 001000000000]
local_input_219_addr   (getelementptr    ) [ 001000000000]
local_input_220_addr   (getelementptr    ) [ 001000000000]
local_input_221_addr   (getelementptr    ) [ 001000000000]
local_input_222_addr   (getelementptr    ) [ 001000000000]
local_input_223_addr   (getelementptr    ) [ 001000000000]
local_input_224_addr   (getelementptr    ) [ 001000000000]
local_input_225_addr   (getelementptr    ) [ 001000000000]
local_input_226_addr   (getelementptr    ) [ 001000000000]
zext_ln65_2            (zext             ) [ 000000000000]
local_weights_addr     (getelementptr    ) [ 001000000000]
local_weights_1_addr   (getelementptr    ) [ 001000000000]
local_weights_2_addr   (getelementptr    ) [ 001000000000]
local_weights_3_addr   (getelementptr    ) [ 001000000000]
local_weights_4_addr   (getelementptr    ) [ 001000000000]
local_weights_5_addr   (getelementptr    ) [ 001000000000]
local_weights_6_addr   (getelementptr    ) [ 001000000000]
local_weights_7_addr   (getelementptr    ) [ 001000000000]
local_weights_8_addr   (getelementptr    ) [ 001000000000]
local_weights_9_addr   (getelementptr    ) [ 001000000000]
local_weights_10_addr  (getelementptr    ) [ 001000000000]
add_ln67               (add              ) [ 000000000000]
store_ln67             (store            ) [ 000000000000]
store_ln67             (store            ) [ 000000000000]
store_ln67             (store            ) [ 000000000000]
local_input_load       (load             ) [ 000000000000]
local_input_1_load     (load             ) [ 000000000000]
local_input_2_load     (load             ) [ 000000000000]
local_input_3_load     (load             ) [ 000000000000]
local_input_4_load     (load             ) [ 000000000000]
local_input_5_load     (load             ) [ 000000000000]
local_input_6_load     (load             ) [ 000000000000]
local_input_7_load     (load             ) [ 000000000000]
local_input_8_load     (load             ) [ 000000000000]
local_input_9_load     (load             ) [ 000000000000]
local_input_10_load    (load             ) [ 000000000000]
local_input_11_load    (load             ) [ 000000000000]
local_input_12_load    (load             ) [ 000000000000]
local_input_13_load    (load             ) [ 000000000000]
local_input_14_load    (load             ) [ 000000000000]
local_input_15_load    (load             ) [ 000000000000]
local_input_16_load    (load             ) [ 000000000000]
local_input_17_load    (load             ) [ 000000000000]
local_input_18_load    (load             ) [ 000000000000]
local_input_19_load    (load             ) [ 000000000000]
local_input_20_load    (load             ) [ 000000000000]
local_input_21_load    (load             ) [ 000000000000]
local_input_22_load    (load             ) [ 000000000000]
local_input_23_load    (load             ) [ 000000000000]
local_input_24_load    (load             ) [ 000000000000]
local_input_25_load    (load             ) [ 000000000000]
local_input_26_load    (load             ) [ 000000000000]
local_input_27_load    (load             ) [ 000000000000]
local_input_28_load    (load             ) [ 000000000000]
local_input_29_load    (load             ) [ 000000000000]
local_input_30_load    (load             ) [ 000000000000]
local_input_31_load    (load             ) [ 000000000000]
local_input_32_load    (load             ) [ 000000000000]
local_input_33_load    (load             ) [ 000000000000]
local_input_34_load    (load             ) [ 000000000000]
local_input_35_load    (load             ) [ 000000000000]
local_input_36_load    (load             ) [ 000000000000]
local_input_37_load    (load             ) [ 000000000000]
local_input_38_load    (load             ) [ 000000000000]
local_input_39_load    (load             ) [ 000000000000]
local_input_40_load    (load             ) [ 000000000000]
local_input_41_load    (load             ) [ 000000000000]
local_input_42_load    (load             ) [ 000000000000]
local_input_43_load    (load             ) [ 000000000000]
local_input_44_load    (load             ) [ 000000000000]
local_input_45_load    (load             ) [ 000000000000]
local_input_46_load    (load             ) [ 000000000000]
local_input_47_load    (load             ) [ 000000000000]
local_input_48_load    (load             ) [ 000000000000]
local_input_49_load    (load             ) [ 000000000000]
local_input_50_load    (load             ) [ 000000000000]
local_input_51_load    (load             ) [ 000000000000]
local_input_52_load    (load             ) [ 000000000000]
local_input_53_load    (load             ) [ 000000000000]
local_input_54_load    (load             ) [ 000000000000]
local_input_55_load    (load             ) [ 000000000000]
local_input_56_load    (load             ) [ 000000000000]
local_input_57_load    (load             ) [ 000000000000]
local_input_58_load    (load             ) [ 000000000000]
local_input_59_load    (load             ) [ 000000000000]
local_input_60_load    (load             ) [ 000000000000]
local_input_61_load    (load             ) [ 000000000000]
local_input_62_load    (load             ) [ 000000000000]
local_input_63_load    (load             ) [ 000000000000]
local_input_64_load    (load             ) [ 000000000000]
local_input_65_load    (load             ) [ 000000000000]
local_input_66_load    (load             ) [ 000000000000]
local_input_67_load    (load             ) [ 000000000000]
local_input_68_load    (load             ) [ 000000000000]
local_input_69_load    (load             ) [ 000000000000]
local_input_70_load    (load             ) [ 000000000000]
local_input_71_load    (load             ) [ 000000000000]
local_input_72_load    (load             ) [ 000000000000]
local_input_73_load    (load             ) [ 000000000000]
local_input_74_load    (load             ) [ 000000000000]
local_input_75_load    (load             ) [ 000000000000]
local_input_76_load    (load             ) [ 000000000000]
local_input_77_load    (load             ) [ 000000000000]
local_input_78_load    (load             ) [ 000000000000]
local_input_79_load    (load             ) [ 000000000000]
local_input_80_load    (load             ) [ 000000000000]
local_input_81_load    (load             ) [ 000000000000]
local_input_82_load    (load             ) [ 000000000000]
local_input_83_load    (load             ) [ 000000000000]
local_input_84_load    (load             ) [ 000000000000]
local_input_85_load    (load             ) [ 000000000000]
local_input_86_load    (load             ) [ 000000000000]
local_input_87_load    (load             ) [ 000000000000]
local_input_88_load    (load             ) [ 000000000000]
local_input_89_load    (load             ) [ 000000000000]
local_input_90_load    (load             ) [ 000000000000]
local_input_91_load    (load             ) [ 000000000000]
local_input_92_load    (load             ) [ 000000000000]
local_input_93_load    (load             ) [ 000000000000]
local_input_94_load    (load             ) [ 000000000000]
local_input_95_load    (load             ) [ 000000000000]
local_input_96_load    (load             ) [ 000000000000]
local_input_97_load    (load             ) [ 000000000000]
local_input_98_load    (load             ) [ 000000000000]
local_input_99_load    (load             ) [ 000000000000]
local_input_100_load   (load             ) [ 000000000000]
local_input_101_load   (load             ) [ 000000000000]
local_input_102_load   (load             ) [ 000000000000]
local_input_103_load   (load             ) [ 000000000000]
local_input_104_load   (load             ) [ 000000000000]
local_input_105_load   (load             ) [ 000000000000]
local_input_106_load   (load             ) [ 000000000000]
local_input_107_load   (load             ) [ 000000000000]
local_input_108_load   (load             ) [ 000000000000]
local_input_109_load   (load             ) [ 000000000000]
local_input_110_load   (load             ) [ 000000000000]
local_input_111_load   (load             ) [ 000000000000]
local_input_112_load   (load             ) [ 000000000000]
local_input_113_load   (load             ) [ 000000000000]
local_input_114_load   (load             ) [ 000000000000]
local_input_115_load   (load             ) [ 000000000000]
local_input_116_load   (load             ) [ 000000000000]
local_input_117_load   (load             ) [ 000000000000]
local_input_118_load   (load             ) [ 000000000000]
local_input_119_load   (load             ) [ 000000000000]
local_input_120_load   (load             ) [ 000000000000]
local_input_121_load   (load             ) [ 000000000000]
local_input_122_load   (load             ) [ 000000000000]
local_input_123_load   (load             ) [ 000000000000]
local_input_124_load   (load             ) [ 000000000000]
local_input_125_load   (load             ) [ 000000000000]
local_input_126_load   (load             ) [ 000000000000]
local_input_127_load   (load             ) [ 000000000000]
local_input_128_load   (load             ) [ 000000000000]
local_input_129_load   (load             ) [ 000000000000]
local_input_130_load   (load             ) [ 000000000000]
local_input_131_load   (load             ) [ 000000000000]
local_input_132_load   (load             ) [ 000000000000]
local_input_133_load   (load             ) [ 000000000000]
local_input_134_load   (load             ) [ 000000000000]
local_input_135_load   (load             ) [ 000000000000]
local_input_136_load   (load             ) [ 000000000000]
local_input_137_load   (load             ) [ 000000000000]
local_input_138_load   (load             ) [ 000000000000]
local_input_139_load   (load             ) [ 000000000000]
local_input_140_load   (load             ) [ 000000000000]
local_input_141_load   (load             ) [ 000000000000]
local_input_142_load   (load             ) [ 000000000000]
local_input_143_load   (load             ) [ 000000000000]
local_input_144_load   (load             ) [ 000000000000]
local_input_145_load   (load             ) [ 000000000000]
local_input_146_load   (load             ) [ 000000000000]
local_input_147_load   (load             ) [ 000000000000]
local_input_148_load   (load             ) [ 000000000000]
local_input_149_load   (load             ) [ 000000000000]
local_input_150_load   (load             ) [ 000000000000]
local_input_151_load   (load             ) [ 000000000000]
local_input_152_load   (load             ) [ 000000000000]
local_input_153_load   (load             ) [ 000000000000]
local_input_154_load   (load             ) [ 000000000000]
local_input_155_load   (load             ) [ 000000000000]
local_input_156_load   (load             ) [ 000000000000]
local_input_157_load   (load             ) [ 000000000000]
local_input_158_load   (load             ) [ 000000000000]
local_input_159_load   (load             ) [ 000000000000]
local_input_160_load   (load             ) [ 000000000000]
local_input_161_load   (load             ) [ 000000000000]
local_input_162_load   (load             ) [ 000000000000]
local_input_163_load   (load             ) [ 000000000000]
local_input_164_load   (load             ) [ 000000000000]
local_input_165_load   (load             ) [ 000000000000]
local_input_166_load   (load             ) [ 000000000000]
local_input_167_load   (load             ) [ 000000000000]
local_input_168_load   (load             ) [ 000000000000]
local_input_169_load   (load             ) [ 000000000000]
local_input_170_load   (load             ) [ 000000000000]
local_input_171_load   (load             ) [ 000000000000]
local_input_172_load   (load             ) [ 000000000000]
local_input_173_load   (load             ) [ 000000000000]
local_input_174_load   (load             ) [ 000000000000]
local_input_175_load   (load             ) [ 000000000000]
local_input_176_load   (load             ) [ 000000000000]
local_input_177_load   (load             ) [ 000000000000]
local_input_178_load   (load             ) [ 000000000000]
local_input_179_load   (load             ) [ 000000000000]
local_input_180_load   (load             ) [ 000000000000]
local_input_181_load   (load             ) [ 000000000000]
local_input_182_load   (load             ) [ 000000000000]
local_input_183_load   (load             ) [ 000000000000]
local_input_184_load   (load             ) [ 000000000000]
local_input_185_load   (load             ) [ 000000000000]
local_input_186_load   (load             ) [ 000000000000]
local_input_187_load   (load             ) [ 000000000000]
local_input_188_load   (load             ) [ 000000000000]
local_input_189_load   (load             ) [ 000000000000]
local_input_190_load   (load             ) [ 000000000000]
local_input_191_load   (load             ) [ 000000000000]
local_input_192_load   (load             ) [ 000000000000]
local_input_193_load   (load             ) [ 000000000000]
local_input_194_load   (load             ) [ 000000000000]
local_input_195_load   (load             ) [ 000000000000]
local_input_196_load   (load             ) [ 000000000000]
local_input_197_load   (load             ) [ 000000000000]
local_input_198_load   (load             ) [ 000000000000]
local_input_199_load   (load             ) [ 000000000000]
local_input_200_load   (load             ) [ 000000000000]
local_input_201_load   (load             ) [ 000000000000]
local_input_202_load   (load             ) [ 000000000000]
local_input_203_load   (load             ) [ 000000000000]
local_input_204_load   (load             ) [ 000000000000]
local_input_205_load   (load             ) [ 000000000000]
local_input_206_load   (load             ) [ 000000000000]
local_input_207_load   (load             ) [ 000000000000]
local_input_208_load   (load             ) [ 000000000000]
local_input_209_load   (load             ) [ 000000000000]
local_input_210_load   (load             ) [ 000000000000]
local_input_211_load   (load             ) [ 000000000000]
local_input_212_load   (load             ) [ 000000000000]
local_input_213_load   (load             ) [ 000000000000]
local_input_214_load   (load             ) [ 000000000000]
local_input_215_load   (load             ) [ 000000000000]
local_input_216_load   (load             ) [ 000000000000]
local_input_217_load   (load             ) [ 000000000000]
local_input_218_load   (load             ) [ 000000000000]
local_input_219_load   (load             ) [ 000000000000]
local_input_220_load   (load             ) [ 000000000000]
local_input_221_load   (load             ) [ 000000000000]
local_input_222_load   (load             ) [ 000000000000]
local_input_223_load   (load             ) [ 000000000000]
local_input_224_load   (load             ) [ 000000000000]
local_input_225_load   (load             ) [ 000000000000]
local_input_226_load   (load             ) [ 000000000000]
local_weights_load     (load             ) [ 000000000000]
local_weights_1_load   (load             ) [ 000000000000]
local_weights_2_load   (load             ) [ 000000000000]
local_weights_3_load   (load             ) [ 000000000000]
local_weights_4_load   (load             ) [ 000000000000]
local_weights_5_load   (load             ) [ 000000000000]
local_weights_6_load   (load             ) [ 000000000000]
local_weights_7_load   (load             ) [ 000000000000]
local_weights_8_load   (load             ) [ 000000000000]
local_weights_9_load   (load             ) [ 000000000000]
local_weights_10_load  (load             ) [ 000000000000]
zext_ln72              (zext             ) [ 000000000000]
add_ln74               (add              ) [ 000000000000]
tmp                    (mux              ) [ 011111100000]
tmp_1                  (mux              ) [ 011111100000]
mul                    (fmul             ) [ 011110011111]
sum_2_load             (load             ) [ 011110001111]
specloopname_ln0       (specloopname     ) [ 000000000000]
empty                  (speclooptripcount) [ 000000000000]
specpipeline_ln69      (specpipeline     ) [ 000000000000]
specloopname_ln63      (specloopname     ) [ 000000000000]
sum_1                  (fadd             ) [ 000000000000]
store_ln67             (store            ) [ 000000000000]
br_ln67                (br               ) [ 000000000000]
sum_2_load_1           (load             ) [ 000000000000]
write_ln0              (write            ) [ 000000000000]
ret_ln0                (ret              ) [ 000000000000]
</LifeTime>

<model>

<comp_list>
<comp id="0" class="1000" name="sum">
<pin_list>
<pin id="1" dir="1" index="0" bw="1" slack="0"/>
</pin_list>
<bind>
<StgValue><ssdm name="sum"/></StgValue>
</bind>
</comp>

<comp id="2" class="1000" name="tmp_5">
<pin_list>
<pin id="3" dir="1" index="0" bw="1" slack="0"/>
</pin_list>
<bind>
<StgValue><ssdm name="tmp_5"/></StgValue>
</bind>
</comp>

<comp id="4" class="1000" name="local_input">
<pin_list>
<pin id="5" dir="1" index="0" bw="1" slack="0"/>
</pin_list>
<bind>
<StgValue><ssdm name="local_input"/><MemPortTyVec>1 3 </MemPortTyVec>
</StgValue>
</bind>
</comp>

<comp id="6" class="1000" name="local_input_1">
<pin_list>
<pin id="7" dir="1" index="0" bw="1" slack="0"/>
</pin_list>
<bind>
<StgValue><ssdm name="local_input_1"/><MemPortTyVec>1 3 </MemPortTyVec>
</StgValue>
</bind>
</comp>

<comp id="8" class="1000" name="local_input_2">
<pin_list>
<pin id="9" dir="1" index="0" bw="1" slack="0"/>
</pin_list>
<bind>
<StgValue><ssdm name="local_input_2"/><MemPortTyVec>1 3 </MemPortTyVec>
</StgValue>
</bind>
</comp>

<comp id="10" class="1000" name="local_input_3">
<pin_list>
<pin id="11" dir="1" index="0" bw="1" slack="0"/>
</pin_list>
<bind>
<StgValue><ssdm name="local_input_3"/><MemPortTyVec>1 3 </MemPortTyVec>
</StgValue>
</bind>
</comp>

<comp id="12" class="1000" name="local_input_4">
<pin_list>
<pin id="13" dir="1" index="0" bw="1" slack="0"/>
</pin_list>
<bind>
<StgValue><ssdm name="local_input_4"/><MemPortTyVec>1 3 </MemPortTyVec>
</StgValue>
</bind>
</comp>

<comp id="14" class="1000" name="local_input_5">
<pin_list>
<pin id="15" dir="1" index="0" bw="1" slack="0"/>
</pin_list>
<bind>
<StgValue><ssdm name="local_input_5"/><MemPortTyVec>1 3 </MemPortTyVec>
</StgValue>
</bind>
</comp>

<comp id="16" class="1000" name="local_input_6">
<pin_list>
<pin id="17" dir="1" index="0" bw="1" slack="0"/>
</pin_list>
<bind>
<StgValue><ssdm name="local_input_6"/><MemPortTyVec>1 3 </MemPortTyVec>
</StgValue>
</bind>
</comp>

<comp id="18" class="1000" name="local_input_7">
<pin_list>
<pin id="19" dir="1" index="0" bw="1" slack="0"/>
</pin_list>
<bind>
<StgValue><ssdm name="local_input_7"/><MemPortTyVec>1 3 </MemPortTyVec>
</StgValue>
</bind>
</comp>

<comp id="20" class="1000" name="local_input_8">
<pin_list>
<pin id="21" dir="1" index="0" bw="1" slack="0"/>
</pin_list>
<bind>
<StgValue><ssdm name="local_input_8"/><MemPortTyVec>1 3 </MemPortTyVec>
</StgValue>
</bind>
</comp>

<comp id="22" class="1000" name="local_input_9">
<pin_list>
<pin id="23" dir="1" index="0" bw="1" slack="0"/>
</pin_list>
<bind>
<StgValue><ssdm name="local_input_9"/><MemPortTyVec>1 3 </MemPortTyVec>
</StgValue>
</bind>
</comp>

<comp id="24" class="1000" name="local_input_10">
<pin_list>
<pin id="25" dir="1" index="0" bw="1" slack="0"/>
</pin_list>
<bind>
<StgValue><ssdm name="local_input_10"/><MemPortTyVec>1 3 </MemPortTyVec>
</StgValue>
</bind>
</comp>

<comp id="26" class="1000" name="local_input_11">
<pin_list>
<pin id="27" dir="1" index="0" bw="1" slack="0"/>
</pin_list>
<bind>
<StgValue><ssdm name="local_input_11"/><MemPortTyVec>1 3 </MemPortTyVec>
</StgValue>
</bind>
</comp>

<comp id="28" class="1000" name="local_input_12">
<pin_list>
<pin id="29" dir="1" index="0" bw="1" slack="0"/>
</pin_list>
<bind>
<StgValue><ssdm name="local_input_12"/><MemPortTyVec>1 3 </MemPortTyVec>
</StgValue>
</bind>
</comp>

<comp id="30" class="1000" name="local_input_13">
<pin_list>
<pin id="31" dir="1" index="0" bw="1" slack="0"/>
</pin_list>
<bind>
<StgValue><ssdm name="local_input_13"/><MemPortTyVec>1 3 </MemPortTyVec>
</StgValue>
</bind>
</comp>

<comp id="32" class="1000" name="local_input_14">
<pin_list>
<pin id="33" dir="1" index="0" bw="1" slack="0"/>
</pin_list>
<bind>
<StgValue><ssdm name="local_input_14"/><MemPortTyVec>1 3 </MemPortTyVec>
</StgValue>
</bind>
</comp>

<comp id="34" class="1000" name="local_input_15">
<pin_list>
<pin id="35" dir="1" index="0" bw="1" slack="0"/>
</pin_list>
<bind>
<StgValue><ssdm name="local_input_15"/><MemPortTyVec>1 3 </MemPortTyVec>
</StgValue>
</bind>
</comp>

<comp id="36" class="1000" name="local_input_16">
<pin_list>
<pin id="37" dir="1" index="0" bw="1" slack="0"/>
</pin_list>
<bind>
<StgValue><ssdm name="local_input_16"/><MemPortTyVec>1 3 </MemPortTyVec>
</StgValue>
</bind>
</comp>

<comp id="38" class="1000" name="local_input_17">
<pin_list>
<pin id="39" dir="1" index="0" bw="1" slack="0"/>
</pin_list>
<bind>
<StgValue><ssdm name="local_input_17"/><MemPortTyVec>1 3 </MemPortTyVec>
</StgValue>
</bind>
</comp>

<comp id="40" class="1000" name="local_input_18">
<pin_list>
<pin id="41" dir="1" index="0" bw="1" slack="0"/>
</pin_list>
<bind>
<StgValue><ssdm name="local_input_18"/><MemPortTyVec>1 3 </MemPortTyVec>
</StgValue>
</bind>
</comp>

<comp id="42" class="1000" name="local_input_19">
<pin_list>
<pin id="43" dir="1" index="0" bw="1" slack="0"/>
</pin_list>
<bind>
<StgValue><ssdm name="local_input_19"/><MemPortTyVec>1 3 </MemPortTyVec>
</StgValue>
</bind>
</comp>

<comp id="44" class="1000" name="local_input_20">
<pin_list>
<pin id="45" dir="1" index="0" bw="1" slack="0"/>
</pin_list>
<bind>
<StgValue><ssdm name="local_input_20"/><MemPortTyVec>1 3 </MemPortTyVec>
</StgValue>
</bind>
</comp>

<comp id="46" class="1000" name="local_input_21">
<pin_list>
<pin id="47" dir="1" index="0" bw="1" slack="0"/>
</pin_list>
<bind>
<StgValue><ssdm name="local_input_21"/><MemPortTyVec>1 3 </MemPortTyVec>
</StgValue>
</bind>
</comp>

<comp id="48" class="1000" name="local_input_22">
<pin_list>
<pin id="49" dir="1" index="0" bw="1" slack="0"/>
</pin_list>
<bind>
<StgValue><ssdm name="local_input_22"/><MemPortTyVec>1 3 </MemPortTyVec>
</StgValue>
</bind>
</comp>

<comp id="50" class="1000" name="local_input_23">
<pin_list>
<pin id="51" dir="1" index="0" bw="1" slack="0"/>
</pin_list>
<bind>
<StgValue><ssdm name="local_input_23"/><MemPortTyVec>1 3 </MemPortTyVec>
</StgValue>
</bind>
</comp>

<comp id="52" class="1000" name="local_input_24">
<pin_list>
<pin id="53" dir="1" index="0" bw="1" slack="0"/>
</pin_list>
<bind>
<StgValue><ssdm name="local_input_24"/><MemPortTyVec>1 3 </MemPortTyVec>
</StgValue>
</bind>
</comp>

<comp id="54" class="1000" name="local_input_25">
<pin_list>
<pin id="55" dir="1" index="0" bw="1" slack="0"/>
</pin_list>
<bind>
<StgValue><ssdm name="local_input_25"/><MemPortTyVec>1 3 </MemPortTyVec>
</StgValue>
</bind>
</comp>

<comp id="56" class="1000" name="local_input_26">
<pin_list>
<pin id="57" dir="1" index="0" bw="1" slack="0"/>
</pin_list>
<bind>
<StgValue><ssdm name="local_input_26"/><MemPortTyVec>1 3 </MemPortTyVec>
</StgValue>
</bind>
</comp>

<comp id="58" class="1000" name="local_input_27">
<pin_list>
<pin id="59" dir="1" index="0" bw="1" slack="0"/>
</pin_list>
<bind>
<StgValue><ssdm name="local_input_27"/><MemPortTyVec>1 3 </MemPortTyVec>
</StgValue>
</bind>
</comp>

<comp id="60" class="1000" name="local_input_28">
<pin_list>
<pin id="61" dir="1" index="0" bw="1" slack="0"/>
</pin_list>
<bind>
<StgValue><ssdm name="local_input_28"/><MemPortTyVec>1 3 </MemPortTyVec>
</StgValue>
</bind>
</comp>

<comp id="62" class="1000" name="local_input_29">
<pin_list>
<pin id="63" dir="1" index="0" bw="1" slack="0"/>
</pin_list>
<bind>
<StgValue><ssdm name="local_input_29"/><MemPortTyVec>1 3 </MemPortTyVec>
</StgValue>
</bind>
</comp>

<comp id="64" class="1000" name="local_input_30">
<pin_list>
<pin id="65" dir="1" index="0" bw="1" slack="0"/>
</pin_list>
<bind>
<StgValue><ssdm name="local_input_30"/><MemPortTyVec>1 3 </MemPortTyVec>
</StgValue>
</bind>
</comp>

<comp id="66" class="1000" name="local_input_31">
<pin_list>
<pin id="67" dir="1" index="0" bw="1" slack="0"/>
</pin_list>
<bind>
<StgValue><ssdm name="local_input_31"/><MemPortTyVec>1 3 </MemPortTyVec>
</StgValue>
</bind>
</comp>

<comp id="68" class="1000" name="local_input_32">
<pin_list>
<pin id="69" dir="1" index="0" bw="1" slack="0"/>
</pin_list>
<bind>
<StgValue><ssdm name="local_input_32"/><MemPortTyVec>1 3 </MemPortTyVec>
</StgValue>
</bind>
</comp>

<comp id="70" class="1000" name="local_input_33">
<pin_list>
<pin id="71" dir="1" index="0" bw="1" slack="0"/>
</pin_list>
<bind>
<StgValue><ssdm name="local_input_33"/><MemPortTyVec>1 3 </MemPortTyVec>
</StgValue>
</bind>
</comp>

<comp id="72" class="1000" name="local_input_34">
<pin_list>
<pin id="73" dir="1" index="0" bw="1" slack="0"/>
</pin_list>
<bind>
<StgValue><ssdm name="local_input_34"/><MemPortTyVec>1 3 </MemPortTyVec>
</StgValue>
</bind>
</comp>

<comp id="74" class="1000" name="local_input_35">
<pin_list>
<pin id="75" dir="1" index="0" bw="1" slack="0"/>
</pin_list>
<bind>
<StgValue><ssdm name="local_input_35"/><MemPortTyVec>1 3 </MemPortTyVec>
</StgValue>
</bind>
</comp>

<comp id="76" class="1000" name="local_input_36">
<pin_list>
<pin id="77" dir="1" index="0" bw="1" slack="0"/>
</pin_list>
<bind>
<StgValue><ssdm name="local_input_36"/><MemPortTyVec>1 3 </MemPortTyVec>
</StgValue>
</bind>
</comp>

<comp id="78" class="1000" name="local_input_37">
<pin_list>
<pin id="79" dir="1" index="0" bw="1" slack="0"/>
</pin_list>
<bind>
<StgValue><ssdm name="local_input_37"/><MemPortTyVec>1 3 </MemPortTyVec>
</StgValue>
</bind>
</comp>

<comp id="80" class="1000" name="local_input_38">
<pin_list>
<pin id="81" dir="1" index="0" bw="1" slack="0"/>
</pin_list>
<bind>
<StgValue><ssdm name="local_input_38"/><MemPortTyVec>1 3 </MemPortTyVec>
</StgValue>
</bind>
</comp>

<comp id="82" class="1000" name="local_input_39">
<pin_list>
<pin id="83" dir="1" index="0" bw="1" slack="0"/>
</pin_list>
<bind>
<StgValue><ssdm name="local_input_39"/><MemPortTyVec>1 3 </MemPortTyVec>
</StgValue>
</bind>
</comp>

<comp id="84" class="1000" name="local_input_40">
<pin_list>
<pin id="85" dir="1" index="0" bw="1" slack="0"/>
</pin_list>
<bind>
<StgValue><ssdm name="local_input_40"/><MemPortTyVec>1 3 </MemPortTyVec>
</StgValue>
</bind>
</comp>

<comp id="86" class="1000" name="local_input_41">
<pin_list>
<pin id="87" dir="1" index="0" bw="1" slack="0"/>
</pin_list>
<bind>
<StgValue><ssdm name="local_input_41"/><MemPortTyVec>1 3 </MemPortTyVec>
</StgValue>
</bind>
</comp>

<comp id="88" class="1000" name="local_input_42">
<pin_list>
<pin id="89" dir="1" index="0" bw="1" slack="0"/>
</pin_list>
<bind>
<StgValue><ssdm name="local_input_42"/><MemPortTyVec>1 3 </MemPortTyVec>
</StgValue>
</bind>
</comp>

<comp id="90" class="1000" name="local_input_43">
<pin_list>
<pin id="91" dir="1" index="0" bw="1" slack="0"/>
</pin_list>
<bind>
<StgValue><ssdm name="local_input_43"/><MemPortTyVec>1 3 </MemPortTyVec>
</StgValue>
</bind>
</comp>

<comp id="92" class="1000" name="local_input_44">
<pin_list>
<pin id="93" dir="1" index="0" bw="1" slack="0"/>
</pin_list>
<bind>
<StgValue><ssdm name="local_input_44"/><MemPortTyVec>1 3 </MemPortTyVec>
</StgValue>
</bind>
</comp>

<comp id="94" class="1000" name="local_input_45">
<pin_list>
<pin id="95" dir="1" index="0" bw="1" slack="0"/>
</pin_list>
<bind>
<StgValue><ssdm name="local_input_45"/><MemPortTyVec>1 3 </MemPortTyVec>
</StgValue>
</bind>
</comp>

<comp id="96" class="1000" name="local_input_46">
<pin_list>
<pin id="97" dir="1" index="0" bw="1" slack="0"/>
</pin_list>
<bind>
<StgValue><ssdm name="local_input_46"/><MemPortTyVec>1 3 </MemPortTyVec>
</StgValue>
</bind>
</comp>

<comp id="98" class="1000" name="local_input_47">
<pin_list>
<pin id="99" dir="1" index="0" bw="1" slack="0"/>
</pin_list>
<bind>
<StgValue><ssdm name="local_input_47"/><MemPortTyVec>1 3 </MemPortTyVec>
</StgValue>
</bind>
</comp>

<comp id="100" class="1000" name="local_input_48">
<pin_list>
<pin id="101" dir="1" index="0" bw="1" slack="0"/>
</pin_list>
<bind>
<StgValue><ssdm name="local_input_48"/><MemPortTyVec>1 3 </MemPortTyVec>
</StgValue>
</bind>
</comp>

<comp id="102" class="1000" name="local_input_49">
<pin_list>
<pin id="103" dir="1" index="0" bw="1" slack="0"/>
</pin_list>
<bind>
<StgValue><ssdm name="local_input_49"/><MemPortTyVec>1 3 </MemPortTyVec>
</StgValue>
</bind>
</comp>

<comp id="104" class="1000" name="local_input_50">
<pin_list>
<pin id="105" dir="1" index="0" bw="1" slack="0"/>
</pin_list>
<bind>
<StgValue><ssdm name="local_input_50"/><MemPortTyVec>1 3 </MemPortTyVec>
</StgValue>
</bind>
</comp>

<comp id="106" class="1000" name="local_input_51">
<pin_list>
<pin id="107" dir="1" index="0" bw="1" slack="0"/>
</pin_list>
<bind>
<StgValue><ssdm name="local_input_51"/><MemPortTyVec>1 3 </MemPortTyVec>
</StgValue>
</bind>
</comp>

<comp id="108" class="1000" name="local_input_52">
<pin_list>
<pin id="109" dir="1" index="0" bw="1" slack="0"/>
</pin_list>
<bind>
<StgValue><ssdm name="local_input_52"/><MemPortTyVec>1 3 </MemPortTyVec>
</StgValue>
</bind>
</comp>

<comp id="110" class="1000" name="local_input_53">
<pin_list>
<pin id="111" dir="1" index="0" bw="1" slack="0"/>
</pin_list>
<bind>
<StgValue><ssdm name="local_input_53"/><MemPortTyVec>1 3 </MemPortTyVec>
</StgValue>
</bind>
</comp>

<comp id="112" class="1000" name="local_input_54">
<pin_list>
<pin id="113" dir="1" index="0" bw="1" slack="0"/>
</pin_list>
<bind>
<StgValue><ssdm name="local_input_54"/><MemPortTyVec>1 3 </MemPortTyVec>
</StgValue>
</bind>
</comp>

<comp id="114" class="1000" name="local_input_55">
<pin_list>
<pin id="115" dir="1" index="0" bw="1" slack="0"/>
</pin_list>
<bind>
<StgValue><ssdm name="local_input_55"/><MemPortTyVec>1 3 </MemPortTyVec>
</StgValue>
</bind>
</comp>

<comp id="116" class="1000" name="local_input_56">
<pin_list>
<pin id="117" dir="1" index="0" bw="1" slack="0"/>
</pin_list>
<bind>
<StgValue><ssdm name="local_input_56"/><MemPortTyVec>1 3 </MemPortTyVec>
</StgValue>
</bind>
</comp>

<comp id="118" class="1000" name="local_input_57">
<pin_list>
<pin id="119" dir="1" index="0" bw="1" slack="0"/>
</pin_list>
<bind>
<StgValue><ssdm name="local_input_57"/><MemPortTyVec>1 3 </MemPortTyVec>
</StgValue>
</bind>
</comp>

<comp id="120" class="1000" name="local_input_58">
<pin_list>
<pin id="121" dir="1" index="0" bw="1" slack="0"/>
</pin_list>
<bind>
<StgValue><ssdm name="local_input_58"/><MemPortTyVec>1 3 </MemPortTyVec>
</StgValue>
</bind>
</comp>

<comp id="122" class="1000" name="local_input_59">
<pin_list>
<pin id="123" dir="1" index="0" bw="1" slack="0"/>
</pin_list>
<bind>
<StgValue><ssdm name="local_input_59"/><MemPortTyVec>1 3 </MemPortTyVec>
</StgValue>
</bind>
</comp>

<comp id="124" class="1000" name="local_input_60">
<pin_list>
<pin id="125" dir="1" index="0" bw="1" slack="0"/>
</pin_list>
<bind>
<StgValue><ssdm name="local_input_60"/><MemPortTyVec>1 3 </MemPortTyVec>
</StgValue>
</bind>
</comp>

<comp id="126" class="1000" name="local_input_61">
<pin_list>
<pin id="127" dir="1" index="0" bw="1" slack="0"/>
</pin_list>
<bind>
<StgValue><ssdm name="local_input_61"/><MemPortTyVec>1 3 </MemPortTyVec>
</StgValue>
</bind>
</comp>

<comp id="128" class="1000" name="local_input_62">
<pin_list>
<pin id="129" dir="1" index="0" bw="1" slack="0"/>
</pin_list>
<bind>
<StgValue><ssdm name="local_input_62"/><MemPortTyVec>1 3 </MemPortTyVec>
</StgValue>
</bind>
</comp>

<comp id="130" class="1000" name="local_input_63">
<pin_list>
<pin id="131" dir="1" index="0" bw="1" slack="0"/>
</pin_list>
<bind>
<StgValue><ssdm name="local_input_63"/><MemPortTyVec>1 3 </MemPortTyVec>
</StgValue>
</bind>
</comp>

<comp id="132" class="1000" name="local_input_64">
<pin_list>
<pin id="133" dir="1" index="0" bw="1" slack="0"/>
</pin_list>
<bind>
<StgValue><ssdm name="local_input_64"/><MemPortTyVec>1 3 </MemPortTyVec>
</StgValue>
</bind>
</comp>

<comp id="134" class="1000" name="local_input_65">
<pin_list>
<pin id="135" dir="1" index="0" bw="1" slack="0"/>
</pin_list>
<bind>
<StgValue><ssdm name="local_input_65"/><MemPortTyVec>1 3 </MemPortTyVec>
</StgValue>
</bind>
</comp>

<comp id="136" class="1000" name="local_input_66">
<pin_list>
<pin id="137" dir="1" index="0" bw="1" slack="0"/>
</pin_list>
<bind>
<StgValue><ssdm name="local_input_66"/><MemPortTyVec>1 3 </MemPortTyVec>
</StgValue>
</bind>
</comp>

<comp id="138" class="1000" name="local_input_67">
<pin_list>
<pin id="139" dir="1" index="0" bw="1" slack="0"/>
</pin_list>
<bind>
<StgValue><ssdm name="local_input_67"/><MemPortTyVec>1 3 </MemPortTyVec>
</StgValue>
</bind>
</comp>

<comp id="140" class="1000" name="local_input_68">
<pin_list>
<pin id="141" dir="1" index="0" bw="1" slack="0"/>
</pin_list>
<bind>
<StgValue><ssdm name="local_input_68"/><MemPortTyVec>1 3 </MemPortTyVec>
</StgValue>
</bind>
</comp>

<comp id="142" class="1000" name="local_input_69">
<pin_list>
<pin id="143" dir="1" index="0" bw="1" slack="0"/>
</pin_list>
<bind>
<StgValue><ssdm name="local_input_69"/><MemPortTyVec>1 3 </MemPortTyVec>
</StgValue>
</bind>
</comp>

<comp id="144" class="1000" name="local_input_70">
<pin_list>
<pin id="145" dir="1" index="0" bw="1" slack="0"/>
</pin_list>
<bind>
<StgValue><ssdm name="local_input_70"/><MemPortTyVec>1 3 </MemPortTyVec>
</StgValue>
</bind>
</comp>

<comp id="146" class="1000" name="local_input_71">
<pin_list>
<pin id="147" dir="1" index="0" bw="1" slack="0"/>
</pin_list>
<bind>
<StgValue><ssdm name="local_input_71"/><MemPortTyVec>1 3 </MemPortTyVec>
</StgValue>
</bind>
</comp>

<comp id="148" class="1000" name="local_input_72">
<pin_list>
<pin id="149" dir="1" index="0" bw="1" slack="0"/>
</pin_list>
<bind>
<StgValue><ssdm name="local_input_72"/><MemPortTyVec>1 3 </MemPortTyVec>
</StgValue>
</bind>
</comp>

<comp id="150" class="1000" name="local_input_73">
<pin_list>
<pin id="151" dir="1" index="0" bw="1" slack="0"/>
</pin_list>
<bind>
<StgValue><ssdm name="local_input_73"/><MemPortTyVec>1 3 </MemPortTyVec>
</StgValue>
</bind>
</comp>

<comp id="152" class="1000" name="local_input_74">
<pin_list>
<pin id="153" dir="1" index="0" bw="1" slack="0"/>
</pin_list>
<bind>
<StgValue><ssdm name="local_input_74"/><MemPortTyVec>1 3 </MemPortTyVec>
</StgValue>
</bind>
</comp>

<comp id="154" class="1000" name="local_input_75">
<pin_list>
<pin id="155" dir="1" index="0" bw="1" slack="0"/>
</pin_list>
<bind>
<StgValue><ssdm name="local_input_75"/><MemPortTyVec>1 3 </MemPortTyVec>
</StgValue>
</bind>
</comp>

<comp id="156" class="1000" name="local_input_76">
<pin_list>
<pin id="157" dir="1" index="0" bw="1" slack="0"/>
</pin_list>
<bind>
<StgValue><ssdm name="local_input_76"/><MemPortTyVec>1 3 </MemPortTyVec>
</StgValue>
</bind>
</comp>

<comp id="158" class="1000" name="local_input_77">
<pin_list>
<pin id="159" dir="1" index="0" bw="1" slack="0"/>
</pin_list>
<bind>
<StgValue><ssdm name="local_input_77"/><MemPortTyVec>1 3 </MemPortTyVec>
</StgValue>
</bind>
</comp>

<comp id="160" class="1000" name="local_input_78">
<pin_list>
<pin id="161" dir="1" index="0" bw="1" slack="0"/>
</pin_list>
<bind>
<StgValue><ssdm name="local_input_78"/><MemPortTyVec>1 3 </MemPortTyVec>
</StgValue>
</bind>
</comp>

<comp id="162" class="1000" name="local_input_79">
<pin_list>
<pin id="163" dir="1" index="0" bw="1" slack="0"/>
</pin_list>
<bind>
<StgValue><ssdm name="local_input_79"/><MemPortTyVec>1 3 </MemPortTyVec>
</StgValue>
</bind>
</comp>

<comp id="164" class="1000" name="local_input_80">
<pin_list>
<pin id="165" dir="1" index="0" bw="1" slack="0"/>
</pin_list>
<bind>
<StgValue><ssdm name="local_input_80"/><MemPortTyVec>1 3 </MemPortTyVec>
</StgValue>
</bind>
</comp>

<comp id="166" class="1000" name="local_input_81">
<pin_list>
<pin id="167" dir="1" index="0" bw="1" slack="0"/>
</pin_list>
<bind>
<StgValue><ssdm name="local_input_81"/><MemPortTyVec>1 3 </MemPortTyVec>
</StgValue>
</bind>
</comp>

<comp id="168" class="1000" name="local_input_82">
<pin_list>
<pin id="169" dir="1" index="0" bw="1" slack="0"/>
</pin_list>
<bind>
<StgValue><ssdm name="local_input_82"/><MemPortTyVec>1 3 </MemPortTyVec>
</StgValue>
</bind>
</comp>

<comp id="170" class="1000" name="local_input_83">
<pin_list>
<pin id="171" dir="1" index="0" bw="1" slack="0"/>
</pin_list>
<bind>
<StgValue><ssdm name="local_input_83"/><MemPortTyVec>1 3 </MemPortTyVec>
</StgValue>
</bind>
</comp>

<comp id="172" class="1000" name="local_input_84">
<pin_list>
<pin id="173" dir="1" index="0" bw="1" slack="0"/>
</pin_list>
<bind>
<StgValue><ssdm name="local_input_84"/><MemPortTyVec>1 3 </MemPortTyVec>
</StgValue>
</bind>
</comp>

<comp id="174" class="1000" name="local_input_85">
<pin_list>
<pin id="175" dir="1" index="0" bw="1" slack="0"/>
</pin_list>
<bind>
<StgValue><ssdm name="local_input_85"/><MemPortTyVec>1 3 </MemPortTyVec>
</StgValue>
</bind>
</comp>

<comp id="176" class="1000" name="local_input_86">
<pin_list>
<pin id="177" dir="1" index="0" bw="1" slack="0"/>
</pin_list>
<bind>
<StgValue><ssdm name="local_input_86"/><MemPortTyVec>1 3 </MemPortTyVec>
</StgValue>
</bind>
</comp>

<comp id="178" class="1000" name="local_input_87">
<pin_list>
<pin id="179" dir="1" index="0" bw="1" slack="0"/>
</pin_list>
<bind>
<StgValue><ssdm name="local_input_87"/><MemPortTyVec>1 3 </MemPortTyVec>
</StgValue>
</bind>
</comp>

<comp id="180" class="1000" name="local_input_88">
<pin_list>
<pin id="181" dir="1" index="0" bw="1" slack="0"/>
</pin_list>
<bind>
<StgValue><ssdm name="local_input_88"/><MemPortTyVec>1 3 </MemPortTyVec>
</StgValue>
</bind>
</comp>

<comp id="182" class="1000" name="local_input_89">
<pin_list>
<pin id="183" dir="1" index="0" bw="1" slack="0"/>
</pin_list>
<bind>
<StgValue><ssdm name="local_input_89"/><MemPortTyVec>1 3 </MemPortTyVec>
</StgValue>
</bind>
</comp>

<comp id="184" class="1000" name="local_input_90">
<pin_list>
<pin id="185" dir="1" index="0" bw="1" slack="0"/>
</pin_list>
<bind>
<StgValue><ssdm name="local_input_90"/><MemPortTyVec>1 3 </MemPortTyVec>
</StgValue>
</bind>
</comp>

<comp id="186" class="1000" name="local_input_91">
<pin_list>
<pin id="187" dir="1" index="0" bw="1" slack="0"/>
</pin_list>
<bind>
<StgValue><ssdm name="local_input_91"/><MemPortTyVec>1 3 </MemPortTyVec>
</StgValue>
</bind>
</comp>

<comp id="188" class="1000" name="local_input_92">
<pin_list>
<pin id="189" dir="1" index="0" bw="1" slack="0"/>
</pin_list>
<bind>
<StgValue><ssdm name="local_input_92"/><MemPortTyVec>1 3 </MemPortTyVec>
</StgValue>
</bind>
</comp>

<comp id="190" class="1000" name="local_input_93">
<pin_list>
<pin id="191" dir="1" index="0" bw="1" slack="0"/>
</pin_list>
<bind>
<StgValue><ssdm name="local_input_93"/><MemPortTyVec>1 3 </MemPortTyVec>
</StgValue>
</bind>
</comp>

<comp id="192" class="1000" name="local_input_94">
<pin_list>
<pin id="193" dir="1" index="0" bw="1" slack="0"/>
</pin_list>
<bind>
<StgValue><ssdm name="local_input_94"/><MemPortTyVec>1 3 </MemPortTyVec>
</StgValue>
</bind>
</comp>

<comp id="194" class="1000" name="local_input_95">
<pin_list>
<pin id="195" dir="1" index="0" bw="1" slack="0"/>
</pin_list>
<bind>
<StgValue><ssdm name="local_input_95"/><MemPortTyVec>1 3 </MemPortTyVec>
</StgValue>
</bind>
</comp>

<comp id="196" class="1000" name="local_input_96">
<pin_list>
<pin id="197" dir="1" index="0" bw="1" slack="0"/>
</pin_list>
<bind>
<StgValue><ssdm name="local_input_96"/><MemPortTyVec>1 3 </MemPortTyVec>
</StgValue>
</bind>
</comp>

<comp id="198" class="1000" name="local_input_97">
<pin_list>
<pin id="199" dir="1" index="0" bw="1" slack="0"/>
</pin_list>
<bind>
<StgValue><ssdm name="local_input_97"/><MemPortTyVec>1 3 </MemPortTyVec>
</StgValue>
</bind>
</comp>

<comp id="200" class="1000" name="local_input_98">
<pin_list>
<pin id="201" dir="1" index="0" bw="1" slack="0"/>
</pin_list>
<bind>
<StgValue><ssdm name="local_input_98"/><MemPortTyVec>1 3 </MemPortTyVec>
</StgValue>
</bind>
</comp>

<comp id="202" class="1000" name="local_input_99">
<pin_list>
<pin id="203" dir="1" index="0" bw="1" slack="0"/>
</pin_list>
<bind>
<StgValue><ssdm name="local_input_99"/><MemPortTyVec>1 3 </MemPortTyVec>
</StgValue>
</bind>
</comp>

<comp id="204" class="1000" name="local_input_100">
<pin_list>
<pin id="205" dir="1" index="0" bw="1" slack="0"/>
</pin_list>
<bind>
<StgValue><ssdm name="local_input_100"/><MemPortTyVec>1 3 </MemPortTyVec>
</StgValue>
</bind>
</comp>

<comp id="206" class="1000" name="local_input_101">
<pin_list>
<pin id="207" dir="1" index="0" bw="1" slack="0"/>
</pin_list>
<bind>
<StgValue><ssdm name="local_input_101"/><MemPortTyVec>1 3 </MemPortTyVec>
</StgValue>
</bind>
</comp>

<comp id="208" class="1000" name="local_input_102">
<pin_list>
<pin id="209" dir="1" index="0" bw="1" slack="0"/>
</pin_list>
<bind>
<StgValue><ssdm name="local_input_102"/><MemPortTyVec>1 3 </MemPortTyVec>
</StgValue>
</bind>
</comp>

<comp id="210" class="1000" name="local_input_103">
<pin_list>
<pin id="211" dir="1" index="0" bw="1" slack="0"/>
</pin_list>
<bind>
<StgValue><ssdm name="local_input_103"/><MemPortTyVec>1 3 </MemPortTyVec>
</StgValue>
</bind>
</comp>

<comp id="212" class="1000" name="local_input_104">
<pin_list>
<pin id="213" dir="1" index="0" bw="1" slack="0"/>
</pin_list>
<bind>
<StgValue><ssdm name="local_input_104"/><MemPortTyVec>1 3 </MemPortTyVec>
</StgValue>
</bind>
</comp>

<comp id="214" class="1000" name="local_input_105">
<pin_list>
<pin id="215" dir="1" index="0" bw="1" slack="0"/>
</pin_list>
<bind>
<StgValue><ssdm name="local_input_105"/><MemPortTyVec>1 3 </MemPortTyVec>
</StgValue>
</bind>
</comp>

<comp id="216" class="1000" name="local_input_106">
<pin_list>
<pin id="217" dir="1" index="0" bw="1" slack="0"/>
</pin_list>
<bind>
<StgValue><ssdm name="local_input_106"/><MemPortTyVec>1 3 </MemPortTyVec>
</StgValue>
</bind>
</comp>

<comp id="218" class="1000" name="local_input_107">
<pin_list>
<pin id="219" dir="1" index="0" bw="1" slack="0"/>
</pin_list>
<bind>
<StgValue><ssdm name="local_input_107"/><MemPortTyVec>1 3 </MemPortTyVec>
</StgValue>
</bind>
</comp>

<comp id="220" class="1000" name="local_input_108">
<pin_list>
<pin id="221" dir="1" index="0" bw="1" slack="0"/>
</pin_list>
<bind>
<StgValue><ssdm name="local_input_108"/><MemPortTyVec>1 3 </MemPortTyVec>
</StgValue>
</bind>
</comp>

<comp id="222" class="1000" name="local_input_109">
<pin_list>
<pin id="223" dir="1" index="0" bw="1" slack="0"/>
</pin_list>
<bind>
<StgValue><ssdm name="local_input_109"/><MemPortTyVec>1 3 </MemPortTyVec>
</StgValue>
</bind>
</comp>

<comp id="224" class="1000" name="local_input_110">
<pin_list>
<pin id="225" dir="1" index="0" bw="1" slack="0"/>
</pin_list>
<bind>
<StgValue><ssdm name="local_input_110"/><MemPortTyVec>1 3 </MemPortTyVec>
</StgValue>
</bind>
</comp>

<comp id="226" class="1000" name="local_input_111">
<pin_list>
<pin id="227" dir="1" index="0" bw="1" slack="0"/>
</pin_list>
<bind>
<StgValue><ssdm name="local_input_111"/><MemPortTyVec>1 3 </MemPortTyVec>
</StgValue>
</bind>
</comp>

<comp id="228" class="1000" name="local_input_112">
<pin_list>
<pin id="229" dir="1" index="0" bw="1" slack="0"/>
</pin_list>
<bind>
<StgValue><ssdm name="local_input_112"/><MemPortTyVec>1 3 </MemPortTyVec>
</StgValue>
</bind>
</comp>

<comp id="230" class="1000" name="local_input_113">
<pin_list>
<pin id="231" dir="1" index="0" bw="1" slack="0"/>
</pin_list>
<bind>
<StgValue><ssdm name="local_input_113"/><MemPortTyVec>1 3 </MemPortTyVec>
</StgValue>
</bind>
</comp>

<comp id="232" class="1000" name="local_input_114">
<pin_list>
<pin id="233" dir="1" index="0" bw="1" slack="0"/>
</pin_list>
<bind>
<StgValue><ssdm name="local_input_114"/><MemPortTyVec>1 3 </MemPortTyVec>
</StgValue>
</bind>
</comp>

<comp id="234" class="1000" name="local_input_115">
<pin_list>
<pin id="235" dir="1" index="0" bw="1" slack="0"/>
</pin_list>
<bind>
<StgValue><ssdm name="local_input_115"/><MemPortTyVec>1 3 </MemPortTyVec>
</StgValue>
</bind>
</comp>

<comp id="236" class="1000" name="local_input_116">
<pin_list>
<pin id="237" dir="1" index="0" bw="1" slack="0"/>
</pin_list>
<bind>
<StgValue><ssdm name="local_input_116"/><MemPortTyVec>1 3 </MemPortTyVec>
</StgValue>
</bind>
</comp>

<comp id="238" class="1000" name="local_input_117">
<pin_list>
<pin id="239" dir="1" index="0" bw="1" slack="0"/>
</pin_list>
<bind>
<StgValue><ssdm name="local_input_117"/><MemPortTyVec>1 3 </MemPortTyVec>
</StgValue>
</bind>
</comp>

<comp id="240" class="1000" name="local_input_118">
<pin_list>
<pin id="241" dir="1" index="0" bw="1" slack="0"/>
</pin_list>
<bind>
<StgValue><ssdm name="local_input_118"/><MemPortTyVec>1 3 </MemPortTyVec>
</StgValue>
</bind>
</comp>

<comp id="242" class="1000" name="local_input_119">
<pin_list>
<pin id="243" dir="1" index="0" bw="1" slack="0"/>
</pin_list>
<bind>
<StgValue><ssdm name="local_input_119"/><MemPortTyVec>1 3 </MemPortTyVec>
</StgValue>
</bind>
</comp>

<comp id="244" class="1000" name="local_input_120">
<pin_list>
<pin id="245" dir="1" index="0" bw="1" slack="0"/>
</pin_list>
<bind>
<StgValue><ssdm name="local_input_120"/><MemPortTyVec>1 3 </MemPortTyVec>
</StgValue>
</bind>
</comp>

<comp id="246" class="1000" name="local_input_121">
<pin_list>
<pin id="247" dir="1" index="0" bw="1" slack="0"/>
</pin_list>
<bind>
<StgValue><ssdm name="local_input_121"/><MemPortTyVec>1 3 </MemPortTyVec>
</StgValue>
</bind>
</comp>

<comp id="248" class="1000" name="local_input_122">
<pin_list>
<pin id="249" dir="1" index="0" bw="1" slack="0"/>
</pin_list>
<bind>
<StgValue><ssdm name="local_input_122"/><MemPortTyVec>1 3 </MemPortTyVec>
</StgValue>
</bind>
</comp>

<comp id="250" class="1000" name="local_input_123">
<pin_list>
<pin id="251" dir="1" index="0" bw="1" slack="0"/>
</pin_list>
<bind>
<StgValue><ssdm name="local_input_123"/><MemPortTyVec>1 3 </MemPortTyVec>
</StgValue>
</bind>
</comp>

<comp id="252" class="1000" name="local_input_124">
<pin_list>
<pin id="253" dir="1" index="0" bw="1" slack="0"/>
</pin_list>
<bind>
<StgValue><ssdm name="local_input_124"/><MemPortTyVec>1 3 </MemPortTyVec>
</StgValue>
</bind>
</comp>

<comp id="254" class="1000" name="local_input_125">
<pin_list>
<pin id="255" dir="1" index="0" bw="1" slack="0"/>
</pin_list>
<bind>
<StgValue><ssdm name="local_input_125"/><MemPortTyVec>1 3 </MemPortTyVec>
</StgValue>
</bind>
</comp>

<comp id="256" class="1000" name="local_input_126">
<pin_list>
<pin id="257" dir="1" index="0" bw="1" slack="0"/>
</pin_list>
<bind>
<StgValue><ssdm name="local_input_126"/><MemPortTyVec>1 3 </MemPortTyVec>
</StgValue>
</bind>
</comp>

<comp id="258" class="1000" name="local_input_127">
<pin_list>
<pin id="259" dir="1" index="0" bw="1" slack="0"/>
</pin_list>
<bind>
<StgValue><ssdm name="local_input_127"/><MemPortTyVec>1 3 </MemPortTyVec>
</StgValue>
</bind>
</comp>

<comp id="260" class="1000" name="local_input_128">
<pin_list>
<pin id="261" dir="1" index="0" bw="1" slack="0"/>
</pin_list>
<bind>
<StgValue><ssdm name="local_input_128"/><MemPortTyVec>1 3 </MemPortTyVec>
</StgValue>
</bind>
</comp>

<comp id="262" class="1000" name="local_input_129">
<pin_list>
<pin id="263" dir="1" index="0" bw="1" slack="0"/>
</pin_list>
<bind>
<StgValue><ssdm name="local_input_129"/><MemPortTyVec>1 3 </MemPortTyVec>
</StgValue>
</bind>
</comp>

<comp id="264" class="1000" name="local_input_130">
<pin_list>
<pin id="265" dir="1" index="0" bw="1" slack="0"/>
</pin_list>
<bind>
<StgValue><ssdm name="local_input_130"/><MemPortTyVec>1 3 </MemPortTyVec>
</StgValue>
</bind>
</comp>

<comp id="266" class="1000" name="local_input_131">
<pin_list>
<pin id="267" dir="1" index="0" bw="1" slack="0"/>
</pin_list>
<bind>
<StgValue><ssdm name="local_input_131"/><MemPortTyVec>1 3 </MemPortTyVec>
</StgValue>
</bind>
</comp>

<comp id="268" class="1000" name="local_input_132">
<pin_list>
<pin id="269" dir="1" index="0" bw="1" slack="0"/>
</pin_list>
<bind>
<StgValue><ssdm name="local_input_132"/><MemPortTyVec>1 3 </MemPortTyVec>
</StgValue>
</bind>
</comp>

<comp id="270" class="1000" name="local_input_133">
<pin_list>
<pin id="271" dir="1" index="0" bw="1" slack="0"/>
</pin_list>
<bind>
<StgValue><ssdm name="local_input_133"/><MemPortTyVec>1 3 </MemPortTyVec>
</StgValue>
</bind>
</comp>

<comp id="272" class="1000" name="local_input_134">
<pin_list>
<pin id="273" dir="1" index="0" bw="1" slack="0"/>
</pin_list>
<bind>
<StgValue><ssdm name="local_input_134"/><MemPortTyVec>1 3 </MemPortTyVec>
</StgValue>
</bind>
</comp>

<comp id="274" class="1000" name="local_input_135">
<pin_list>
<pin id="275" dir="1" index="0" bw="1" slack="0"/>
</pin_list>
<bind>
<StgValue><ssdm name="local_input_135"/><MemPortTyVec>1 3 </MemPortTyVec>
</StgValue>
</bind>
</comp>

<comp id="276" class="1000" name="local_input_136">
<pin_list>
<pin id="277" dir="1" index="0" bw="1" slack="0"/>
</pin_list>
<bind>
<StgValue><ssdm name="local_input_136"/><MemPortTyVec>1 3 </MemPortTyVec>
</StgValue>
</bind>
</comp>

<comp id="278" class="1000" name="local_input_137">
<pin_list>
<pin id="279" dir="1" index="0" bw="1" slack="0"/>
</pin_list>
<bind>
<StgValue><ssdm name="local_input_137"/><MemPortTyVec>1 3 </MemPortTyVec>
</StgValue>
</bind>
</comp>

<comp id="280" class="1000" name="local_input_138">
<pin_list>
<pin id="281" dir="1" index="0" bw="1" slack="0"/>
</pin_list>
<bind>
<StgValue><ssdm name="local_input_138"/><MemPortTyVec>1 3 </MemPortTyVec>
</StgValue>
</bind>
</comp>

<comp id="282" class="1000" name="local_input_139">
<pin_list>
<pin id="283" dir="1" index="0" bw="1" slack="0"/>
</pin_list>
<bind>
<StgValue><ssdm name="local_input_139"/><MemPortTyVec>1 3 </MemPortTyVec>
</StgValue>
</bind>
</comp>

<comp id="284" class="1000" name="local_input_140">
<pin_list>
<pin id="285" dir="1" index="0" bw="1" slack="0"/>
</pin_list>
<bind>
<StgValue><ssdm name="local_input_140"/><MemPortTyVec>1 3 </MemPortTyVec>
</StgValue>
</bind>
</comp>

<comp id="286" class="1000" name="local_input_141">
<pin_list>
<pin id="287" dir="1" index="0" bw="1" slack="0"/>
</pin_list>
<bind>
<StgValue><ssdm name="local_input_141"/><MemPortTyVec>1 3 </MemPortTyVec>
</StgValue>
</bind>
</comp>

<comp id="288" class="1000" name="local_input_142">
<pin_list>
<pin id="289" dir="1" index="0" bw="1" slack="0"/>
</pin_list>
<bind>
<StgValue><ssdm name="local_input_142"/><MemPortTyVec>1 3 </MemPortTyVec>
</StgValue>
</bind>
</comp>

<comp id="290" class="1000" name="local_input_143">
<pin_list>
<pin id="291" dir="1" index="0" bw="1" slack="0"/>
</pin_list>
<bind>
<StgValue><ssdm name="local_input_143"/><MemPortTyVec>1 3 </MemPortTyVec>
</StgValue>
</bind>
</comp>

<comp id="292" class="1000" name="local_input_144">
<pin_list>
<pin id="293" dir="1" index="0" bw="1" slack="0"/>
</pin_list>
<bind>
<StgValue><ssdm name="local_input_144"/><MemPortTyVec>1 3 </MemPortTyVec>
</StgValue>
</bind>
</comp>

<comp id="294" class="1000" name="local_input_145">
<pin_list>
<pin id="295" dir="1" index="0" bw="1" slack="0"/>
</pin_list>
<bind>
<StgValue><ssdm name="local_input_145"/><MemPortTyVec>1 3 </MemPortTyVec>
</StgValue>
</bind>
</comp>

<comp id="296" class="1000" name="local_input_146">
<pin_list>
<pin id="297" dir="1" index="0" bw="1" slack="0"/>
</pin_list>
<bind>
<StgValue><ssdm name="local_input_146"/><MemPortTyVec>1 3 </MemPortTyVec>
</StgValue>
</bind>
</comp>

<comp id="298" class="1000" name="local_input_147">
<pin_list>
<pin id="299" dir="1" index="0" bw="1" slack="0"/>
</pin_list>
<bind>
<StgValue><ssdm name="local_input_147"/><MemPortTyVec>1 3 </MemPortTyVec>
</StgValue>
</bind>
</comp>

<comp id="300" class="1000" name="local_input_148">
<pin_list>
<pin id="301" dir="1" index="0" bw="1" slack="0"/>
</pin_list>
<bind>
<StgValue><ssdm name="local_input_148"/><MemPortTyVec>1 3 </MemPortTyVec>
</StgValue>
</bind>
</comp>

<comp id="302" class="1000" name="local_input_149">
<pin_list>
<pin id="303" dir="1" index="0" bw="1" slack="0"/>
</pin_list>
<bind>
<StgValue><ssdm name="local_input_149"/><MemPortTyVec>1 3 </MemPortTyVec>
</StgValue>
</bind>
</comp>

<comp id="304" class="1000" name="local_input_150">
<pin_list>
<pin id="305" dir="1" index="0" bw="1" slack="0"/>
</pin_list>
<bind>
<StgValue><ssdm name="local_input_150"/><MemPortTyVec>1 3 </MemPortTyVec>
</StgValue>
</bind>
</comp>

<comp id="306" class="1000" name="local_input_151">
<pin_list>
<pin id="307" dir="1" index="0" bw="1" slack="0"/>
</pin_list>
<bind>
<StgValue><ssdm name="local_input_151"/><MemPortTyVec>1 3 </MemPortTyVec>
</StgValue>
</bind>
</comp>

<comp id="308" class="1000" name="local_input_152">
<pin_list>
<pin id="309" dir="1" index="0" bw="1" slack="0"/>
</pin_list>
<bind>
<StgValue><ssdm name="local_input_152"/><MemPortTyVec>1 3 </MemPortTyVec>
</StgValue>
</bind>
</comp>

<comp id="310" class="1000" name="local_input_153">
<pin_list>
<pin id="311" dir="1" index="0" bw="1" slack="0"/>
</pin_list>
<bind>
<StgValue><ssdm name="local_input_153"/><MemPortTyVec>1 3 </MemPortTyVec>
</StgValue>
</bind>
</comp>

<comp id="312" class="1000" name="local_input_154">
<pin_list>
<pin id="313" dir="1" index="0" bw="1" slack="0"/>
</pin_list>
<bind>
<StgValue><ssdm name="local_input_154"/><MemPortTyVec>1 3 </MemPortTyVec>
</StgValue>
</bind>
</comp>

<comp id="314" class="1000" name="local_input_155">
<pin_list>
<pin id="315" dir="1" index="0" bw="1" slack="0"/>
</pin_list>
<bind>
<StgValue><ssdm name="local_input_155"/><MemPortTyVec>1 3 </MemPortTyVec>
</StgValue>
</bind>
</comp>

<comp id="316" class="1000" name="local_input_156">
<pin_list>
<pin id="317" dir="1" index="0" bw="1" slack="0"/>
</pin_list>
<bind>
<StgValue><ssdm name="local_input_156"/><MemPortTyVec>1 3 </MemPortTyVec>
</StgValue>
</bind>
</comp>

<comp id="318" class="1000" name="local_input_157">
<pin_list>
<pin id="319" dir="1" index="0" bw="1" slack="0"/>
</pin_list>
<bind>
<StgValue><ssdm name="local_input_157"/><MemPortTyVec>1 3 </MemPortTyVec>
</StgValue>
</bind>
</comp>

<comp id="320" class="1000" name="local_input_158">
<pin_list>
<pin id="321" dir="1" index="0" bw="1" slack="0"/>
</pin_list>
<bind>
<StgValue><ssdm name="local_input_158"/><MemPortTyVec>1 3 </MemPortTyVec>
</StgValue>
</bind>
</comp>

<comp id="322" class="1000" name="local_input_159">
<pin_list>
<pin id="323" dir="1" index="0" bw="1" slack="0"/>
</pin_list>
<bind>
<StgValue><ssdm name="local_input_159"/><MemPortTyVec>1 3 </MemPortTyVec>
</StgValue>
</bind>
</comp>

<comp id="324" class="1000" name="local_input_160">
<pin_list>
<pin id="325" dir="1" index="0" bw="1" slack="0"/>
</pin_list>
<bind>
<StgValue><ssdm name="local_input_160"/><MemPortTyVec>1 3 </MemPortTyVec>
</StgValue>
</bind>
</comp>

<comp id="326" class="1000" name="local_input_161">
<pin_list>
<pin id="327" dir="1" index="0" bw="1" slack="0"/>
</pin_list>
<bind>
<StgValue><ssdm name="local_input_161"/><MemPortTyVec>1 3 </MemPortTyVec>
</StgValue>
</bind>
</comp>

<comp id="328" class="1000" name="local_input_162">
<pin_list>
<pin id="329" dir="1" index="0" bw="1" slack="0"/>
</pin_list>
<bind>
<StgValue><ssdm name="local_input_162"/><MemPortTyVec>1 3 </MemPortTyVec>
</StgValue>
</bind>
</comp>

<comp id="330" class="1000" name="local_input_163">
<pin_list>
<pin id="331" dir="1" index="0" bw="1" slack="0"/>
</pin_list>
<bind>
<StgValue><ssdm name="local_input_163"/><MemPortTyVec>1 3 </MemPortTyVec>
</StgValue>
</bind>
</comp>

<comp id="332" class="1000" name="local_input_164">
<pin_list>
<pin id="333" dir="1" index="0" bw="1" slack="0"/>
</pin_list>
<bind>
<StgValue><ssdm name="local_input_164"/><MemPortTyVec>1 3 </MemPortTyVec>
</StgValue>
</bind>
</comp>

<comp id="334" class="1000" name="local_input_165">
<pin_list>
<pin id="335" dir="1" index="0" bw="1" slack="0"/>
</pin_list>
<bind>
<StgValue><ssdm name="local_input_165"/><MemPortTyVec>1 3 </MemPortTyVec>
</StgValue>
</bind>
</comp>

<comp id="336" class="1000" name="local_input_166">
<pin_list>
<pin id="337" dir="1" index="0" bw="1" slack="0"/>
</pin_list>
<bind>
<StgValue><ssdm name="local_input_166"/><MemPortTyVec>1 3 </MemPortTyVec>
</StgValue>
</bind>
</comp>

<comp id="338" class="1000" name="local_input_167">
<pin_list>
<pin id="339" dir="1" index="0" bw="1" slack="0"/>
</pin_list>
<bind>
<StgValue><ssdm name="local_input_167"/><MemPortTyVec>1 3 </MemPortTyVec>
</StgValue>
</bind>
</comp>

<comp id="340" class="1000" name="local_input_168">
<pin_list>
<pin id="341" dir="1" index="0" bw="1" slack="0"/>
</pin_list>
<bind>
<StgValue><ssdm name="local_input_168"/><MemPortTyVec>1 3 </MemPortTyVec>
</StgValue>
</bind>
</comp>

<comp id="342" class="1000" name="local_input_169">
<pin_list>
<pin id="343" dir="1" index="0" bw="1" slack="0"/>
</pin_list>
<bind>
<StgValue><ssdm name="local_input_169"/><MemPortTyVec>1 3 </MemPortTyVec>
</StgValue>
</bind>
</comp>

<comp id="344" class="1000" name="local_input_170">
<pin_list>
<pin id="345" dir="1" index="0" bw="1" slack="0"/>
</pin_list>
<bind>
<StgValue><ssdm name="local_input_170"/><MemPortTyVec>1 3 </MemPortTyVec>
</StgValue>
</bind>
</comp>

<comp id="346" class="1000" name="local_input_171">
<pin_list>
<pin id="347" dir="1" index="0" bw="1" slack="0"/>
</pin_list>
<bind>
<StgValue><ssdm name="local_input_171"/><MemPortTyVec>1 3 </MemPortTyVec>
</StgValue>
</bind>
</comp>

<comp id="348" class="1000" name="local_input_172">
<pin_list>
<pin id="349" dir="1" index="0" bw="1" slack="0"/>
</pin_list>
<bind>
<StgValue><ssdm name="local_input_172"/><MemPortTyVec>1 3 </MemPortTyVec>
</StgValue>
</bind>
</comp>

<comp id="350" class="1000" name="local_input_173">
<pin_list>
<pin id="351" dir="1" index="0" bw="1" slack="0"/>
</pin_list>
<bind>
<StgValue><ssdm name="local_input_173"/><MemPortTyVec>1 3 </MemPortTyVec>
</StgValue>
</bind>
</comp>

<comp id="352" class="1000" name="local_input_174">
<pin_list>
<pin id="353" dir="1" index="0" bw="1" slack="0"/>
</pin_list>
<bind>
<StgValue><ssdm name="local_input_174"/><MemPortTyVec>1 3 </MemPortTyVec>
</StgValue>
</bind>
</comp>

<comp id="354" class="1000" name="local_input_175">
<pin_list>
<pin id="355" dir="1" index="0" bw="1" slack="0"/>
</pin_list>
<bind>
<StgValue><ssdm name="local_input_175"/><MemPortTyVec>1 3 </MemPortTyVec>
</StgValue>
</bind>
</comp>

<comp id="356" class="1000" name="local_input_176">
<pin_list>
<pin id="357" dir="1" index="0" bw="1" slack="0"/>
</pin_list>
<bind>
<StgValue><ssdm name="local_input_176"/><MemPortTyVec>1 3 </MemPortTyVec>
</StgValue>
</bind>
</comp>

<comp id="358" class="1000" name="local_input_177">
<pin_list>
<pin id="359" dir="1" index="0" bw="1" slack="0"/>
</pin_list>
<bind>
<StgValue><ssdm name="local_input_177"/><MemPortTyVec>1 3 </MemPortTyVec>
</StgValue>
</bind>
</comp>

<comp id="360" class="1000" name="local_input_178">
<pin_list>
<pin id="361" dir="1" index="0" bw="1" slack="0"/>
</pin_list>
<bind>
<StgValue><ssdm name="local_input_178"/><MemPortTyVec>1 3 </MemPortTyVec>
</StgValue>
</bind>
</comp>

<comp id="362" class="1000" name="local_input_179">
<pin_list>
<pin id="363" dir="1" index="0" bw="1" slack="0"/>
</pin_list>
<bind>
<StgValue><ssdm name="local_input_179"/><MemPortTyVec>1 3 </MemPortTyVec>
</StgValue>
</bind>
</comp>

<comp id="364" class="1000" name="local_input_180">
<pin_list>
<pin id="365" dir="1" index="0" bw="1" slack="0"/>
</pin_list>
<bind>
<StgValue><ssdm name="local_input_180"/><MemPortTyVec>1 3 </MemPortTyVec>
</StgValue>
</bind>
</comp>

<comp id="366" class="1000" name="local_input_181">
<pin_list>
<pin id="367" dir="1" index="0" bw="1" slack="0"/>
</pin_list>
<bind>
<StgValue><ssdm name="local_input_181"/><MemPortTyVec>1 3 </MemPortTyVec>
</StgValue>
</bind>
</comp>

<comp id="368" class="1000" name="local_input_182">
<pin_list>
<pin id="369" dir="1" index="0" bw="1" slack="0"/>
</pin_list>
<bind>
<StgValue><ssdm name="local_input_182"/><MemPortTyVec>1 3 </MemPortTyVec>
</StgValue>
</bind>
</comp>

<comp id="370" class="1000" name="local_input_183">
<pin_list>
<pin id="371" dir="1" index="0" bw="1" slack="0"/>
</pin_list>
<bind>
<StgValue><ssdm name="local_input_183"/><MemPortTyVec>1 3 </MemPortTyVec>
</StgValue>
</bind>
</comp>

<comp id="372" class="1000" name="local_input_184">
<pin_list>
<pin id="373" dir="1" index="0" bw="1" slack="0"/>
</pin_list>
<bind>
<StgValue><ssdm name="local_input_184"/><MemPortTyVec>1 3 </MemPortTyVec>
</StgValue>
</bind>
</comp>

<comp id="374" class="1000" name="local_input_185">
<pin_list>
<pin id="375" dir="1" index="0" bw="1" slack="0"/>
</pin_list>
<bind>
<StgValue><ssdm name="local_input_185"/><MemPortTyVec>1 3 </MemPortTyVec>
</StgValue>
</bind>
</comp>

<comp id="376" class="1000" name="local_input_186">
<pin_list>
<pin id="377" dir="1" index="0" bw="1" slack="0"/>
</pin_list>
<bind>
<StgValue><ssdm name="local_input_186"/><MemPortTyVec>1 3 </MemPortTyVec>
</StgValue>
</bind>
</comp>

<comp id="378" class="1000" name="local_input_187">
<pin_list>
<pin id="379" dir="1" index="0" bw="1" slack="0"/>
</pin_list>
<bind>
<StgValue><ssdm name="local_input_187"/><MemPortTyVec>1 3 </MemPortTyVec>
</StgValue>
</bind>
</comp>

<comp id="380" class="1000" name="local_input_188">
<pin_list>
<pin id="381" dir="1" index="0" bw="1" slack="0"/>
</pin_list>
<bind>
<StgValue><ssdm name="local_input_188"/><MemPortTyVec>1 3 </MemPortTyVec>
</StgValue>
</bind>
</comp>

<comp id="382" class="1000" name="local_input_189">
<pin_list>
<pin id="383" dir="1" index="0" bw="1" slack="0"/>
</pin_list>
<bind>
<StgValue><ssdm name="local_input_189"/><MemPortTyVec>1 3 </MemPortTyVec>
</StgValue>
</bind>
</comp>

<comp id="384" class="1000" name="local_input_190">
<pin_list>
<pin id="385" dir="1" index="0" bw="1" slack="0"/>
</pin_list>
<bind>
<StgValue><ssdm name="local_input_190"/><MemPortTyVec>1 3 </MemPortTyVec>
</StgValue>
</bind>
</comp>

<comp id="386" class="1000" name="local_input_191">
<pin_list>
<pin id="387" dir="1" index="0" bw="1" slack="0"/>
</pin_list>
<bind>
<StgValue><ssdm name="local_input_191"/><MemPortTyVec>1 3 </MemPortTyVec>
</StgValue>
</bind>
</comp>

<comp id="388" class="1000" name="local_input_192">
<pin_list>
<pin id="389" dir="1" index="0" bw="1" slack="0"/>
</pin_list>
<bind>
<StgValue><ssdm name="local_input_192"/><MemPortTyVec>1 3 </MemPortTyVec>
</StgValue>
</bind>
</comp>

<comp id="390" class="1000" name="local_input_193">
<pin_list>
<pin id="391" dir="1" index="0" bw="1" slack="0"/>
</pin_list>
<bind>
<StgValue><ssdm name="local_input_193"/><MemPortTyVec>1 3 </MemPortTyVec>
</StgValue>
</bind>
</comp>

<comp id="392" class="1000" name="local_input_194">
<pin_list>
<pin id="393" dir="1" index="0" bw="1" slack="0"/>
</pin_list>
<bind>
<StgValue><ssdm name="local_input_194"/><MemPortTyVec>1 3 </MemPortTyVec>
</StgValue>
</bind>
</comp>

<comp id="394" class="1000" name="local_input_195">
<pin_list>
<pin id="395" dir="1" index="0" bw="1" slack="0"/>
</pin_list>
<bind>
<StgValue><ssdm name="local_input_195"/><MemPortTyVec>1 3 </MemPortTyVec>
</StgValue>
</bind>
</comp>

<comp id="396" class="1000" name="local_input_196">
<pin_list>
<pin id="397" dir="1" index="0" bw="1" slack="0"/>
</pin_list>
<bind>
<StgValue><ssdm name="local_input_196"/><MemPortTyVec>1 3 </MemPortTyVec>
</StgValue>
</bind>
</comp>

<comp id="398" class="1000" name="local_input_197">
<pin_list>
<pin id="399" dir="1" index="0" bw="1" slack="0"/>
</pin_list>
<bind>
<StgValue><ssdm name="local_input_197"/><MemPortTyVec>1 3 </MemPortTyVec>
</StgValue>
</bind>
</comp>

<comp id="400" class="1000" name="local_input_198">
<pin_list>
<pin id="401" dir="1" index="0" bw="1" slack="0"/>
</pin_list>
<bind>
<StgValue><ssdm name="local_input_198"/><MemPortTyVec>1 3 </MemPortTyVec>
</StgValue>
</bind>
</comp>

<comp id="402" class="1000" name="local_input_199">
<pin_list>
<pin id="403" dir="1" index="0" bw="1" slack="0"/>
</pin_list>
<bind>
<StgValue><ssdm name="local_input_199"/><MemPortTyVec>1 3 </MemPortTyVec>
</StgValue>
</bind>
</comp>

<comp id="404" class="1000" name="local_input_200">
<pin_list>
<pin id="405" dir="1" index="0" bw="1" slack="0"/>
</pin_list>
<bind>
<StgValue><ssdm name="local_input_200"/><MemPortTyVec>1 3 </MemPortTyVec>
</StgValue>
</bind>
</comp>

<comp id="406" class="1000" name="local_input_201">
<pin_list>
<pin id="407" dir="1" index="0" bw="1" slack="0"/>
</pin_list>
<bind>
<StgValue><ssdm name="local_input_201"/><MemPortTyVec>1 3 </MemPortTyVec>
</StgValue>
</bind>
</comp>

<comp id="408" class="1000" name="local_input_202">
<pin_list>
<pin id="409" dir="1" index="0" bw="1" slack="0"/>
</pin_list>
<bind>
<StgValue><ssdm name="local_input_202"/><MemPortTyVec>1 3 </MemPortTyVec>
</StgValue>
</bind>
</comp>

<comp id="410" class="1000" name="local_input_203">
<pin_list>
<pin id="411" dir="1" index="0" bw="1" slack="0"/>
</pin_list>
<bind>
<StgValue><ssdm name="local_input_203"/><MemPortTyVec>1 3 </MemPortTyVec>
</StgValue>
</bind>
</comp>

<comp id="412" class="1000" name="local_input_204">
<pin_list>
<pin id="413" dir="1" index="0" bw="1" slack="0"/>
</pin_list>
<bind>
<StgValue><ssdm name="local_input_204"/><MemPortTyVec>1 3 </MemPortTyVec>
</StgValue>
</bind>
</comp>

<comp id="414" class="1000" name="local_input_205">
<pin_list>
<pin id="415" dir="1" index="0" bw="1" slack="0"/>
</pin_list>
<bind>
<StgValue><ssdm name="local_input_205"/><MemPortTyVec>1 3 </MemPortTyVec>
</StgValue>
</bind>
</comp>

<comp id="416" class="1000" name="local_input_206">
<pin_list>
<pin id="417" dir="1" index="0" bw="1" slack="0"/>
</pin_list>
<bind>
<StgValue><ssdm name="local_input_206"/><MemPortTyVec>1 3 </MemPortTyVec>
</StgValue>
</bind>
</comp>

<comp id="418" class="1000" name="local_input_207">
<pin_list>
<pin id="419" dir="1" index="0" bw="1" slack="0"/>
</pin_list>
<bind>
<StgValue><ssdm name="local_input_207"/><MemPortTyVec>1 3 </MemPortTyVec>
</StgValue>
</bind>
</comp>

<comp id="420" class="1000" name="local_input_208">
<pin_list>
<pin id="421" dir="1" index="0" bw="1" slack="0"/>
</pin_list>
<bind>
<StgValue><ssdm name="local_input_208"/><MemPortTyVec>1 3 </MemPortTyVec>
</StgValue>
</bind>
</comp>

<comp id="422" class="1000" name="local_input_209">
<pin_list>
<pin id="423" dir="1" index="0" bw="1" slack="0"/>
</pin_list>
<bind>
<StgValue><ssdm name="local_input_209"/><MemPortTyVec>1 3 </MemPortTyVec>
</StgValue>
</bind>
</comp>

<comp id="424" class="1000" name="local_input_210">
<pin_list>
<pin id="425" dir="1" index="0" bw="1" slack="0"/>
</pin_list>
<bind>
<StgValue><ssdm name="local_input_210"/><MemPortTyVec>1 3 </MemPortTyVec>
</StgValue>
</bind>
</comp>

<comp id="426" class="1000" name="local_input_211">
<pin_list>
<pin id="427" dir="1" index="0" bw="1" slack="0"/>
</pin_list>
<bind>
<StgValue><ssdm name="local_input_211"/><MemPortTyVec>1 3 </MemPortTyVec>
</StgValue>
</bind>
</comp>

<comp id="428" class="1000" name="local_input_212">
<pin_list>
<pin id="429" dir="1" index="0" bw="1" slack="0"/>
</pin_list>
<bind>
<StgValue><ssdm name="local_input_212"/><MemPortTyVec>1 3 </MemPortTyVec>
</StgValue>
</bind>
</comp>

<comp id="430" class="1000" name="local_input_213">
<pin_list>
<pin id="431" dir="1" index="0" bw="1" slack="0"/>
</pin_list>
<bind>
<StgValue><ssdm name="local_input_213"/><MemPortTyVec>1 3 </MemPortTyVec>
</StgValue>
</bind>
</comp>

<comp id="432" class="1000" name="local_input_214">
<pin_list>
<pin id="433" dir="1" index="0" bw="1" slack="0"/>
</pin_list>
<bind>
<StgValue><ssdm name="local_input_214"/><MemPortTyVec>1 3 </MemPortTyVec>
</StgValue>
</bind>
</comp>

<comp id="434" class="1000" name="local_input_215">
<pin_list>
<pin id="435" dir="1" index="0" bw="1" slack="0"/>
</pin_list>
<bind>
<StgValue><ssdm name="local_input_215"/><MemPortTyVec>1 3 </MemPortTyVec>
</StgValue>
</bind>
</comp>

<comp id="436" class="1000" name="local_input_216">
<pin_list>
<pin id="437" dir="1" index="0" bw="1" slack="0"/>
</pin_list>
<bind>
<StgValue><ssdm name="local_input_216"/><MemPortTyVec>1 3 </MemPortTyVec>
</StgValue>
</bind>
</comp>

<comp id="438" class="1000" name="local_input_217">
<pin_list>
<pin id="439" dir="1" index="0" bw="1" slack="0"/>
</pin_list>
<bind>
<StgValue><ssdm name="local_input_217"/><MemPortTyVec>1 3 </MemPortTyVec>
</StgValue>
</bind>
</comp>

<comp id="440" class="1000" name="local_input_218">
<pin_list>
<pin id="441" dir="1" index="0" bw="1" slack="0"/>
</pin_list>
<bind>
<StgValue><ssdm name="local_input_218"/><MemPortTyVec>1 3 </MemPortTyVec>
</StgValue>
</bind>
</comp>

<comp id="442" class="1000" name="local_input_219">
<pin_list>
<pin id="443" dir="1" index="0" bw="1" slack="0"/>
</pin_list>
<bind>
<StgValue><ssdm name="local_input_219"/><MemPortTyVec>1 3 </MemPortTyVec>
</StgValue>
</bind>
</comp>

<comp id="444" class="1000" name="local_input_220">
<pin_list>
<pin id="445" dir="1" index="0" bw="1" slack="0"/>
</pin_list>
<bind>
<StgValue><ssdm name="local_input_220"/><MemPortTyVec>1 3 </MemPortTyVec>
</StgValue>
</bind>
</comp>

<comp id="446" class="1000" name="local_input_221">
<pin_list>
<pin id="447" dir="1" index="0" bw="1" slack="0"/>
</pin_list>
<bind>
<StgValue><ssdm name="local_input_221"/><MemPortTyVec>1 3 </MemPortTyVec>
</StgValue>
</bind>
</comp>

<comp id="448" class="1000" name="local_input_222">
<pin_list>
<pin id="449" dir="1" index="0" bw="1" slack="0"/>
</pin_list>
<bind>
<StgValue><ssdm name="local_input_222"/><MemPortTyVec>1 3 </MemPortTyVec>
</StgValue>
</bind>
</comp>

<comp id="450" class="1000" name="local_input_223">
<pin_list>
<pin id="451" dir="1" index="0" bw="1" slack="0"/>
</pin_list>
<bind>
<StgValue><ssdm name="local_input_223"/><MemPortTyVec>1 3 </MemPortTyVec>
</StgValue>
</bind>
</comp>

<comp id="452" class="1000" name="local_input_224">
<pin_list>
<pin id="453" dir="1" index="0" bw="1" slack="0"/>
</pin_list>
<bind>
<StgValue><ssdm name="local_input_224"/><MemPortTyVec>1 3 </MemPortTyVec>
</StgValue>
</bind>
</comp>

<comp id="454" class="1000" name="local_input_225">
<pin_list>
<pin id="455" dir="1" index="0" bw="1" slack="0"/>
</pin_list>
<bind>
<StgValue><ssdm name="local_input_225"/><MemPortTyVec>1 3 </MemPortTyVec>
</StgValue>
</bind>
</comp>

<comp id="456" class="1000" name="local_input_226">
<pin_list>
<pin id="457" dir="1" index="0" bw="1" slack="0"/>
</pin_list>
<bind>
<StgValue><ssdm name="local_input_226"/><MemPortTyVec>1 3 </MemPortTyVec>
</StgValue>
</bind>
</comp>

<comp id="458" class="1000" name="local_weights">
<pin_list>
<pin id="459" dir="1" index="0" bw="1" slack="0"/>
</pin_list>
<bind>
<StgValue><ssdm name="local_weights"/><MemPortTyVec>1 3 </MemPortTyVec>
</StgValue>
</bind>
</comp>

<comp id="460" class="1000" name="local_weights_1">
<pin_list>
<pin id="461" dir="1" index="0" bw="1" slack="0"/>
</pin_list>
<bind>
<StgValue><ssdm name="local_weights_1"/><MemPortTyVec>1 3 </MemPortTyVec>
</StgValue>
</bind>
</comp>

<comp id="462" class="1000" name="local_weights_2">
<pin_list>
<pin id="463" dir="1" index="0" bw="1" slack="0"/>
</pin_list>
<bind>
<StgValue><ssdm name="local_weights_2"/><MemPortTyVec>1 3 </MemPortTyVec>
</StgValue>
</bind>
</comp>

<comp id="464" class="1000" name="local_weights_3">
<pin_list>
<pin id="465" dir="1" index="0" bw="1" slack="0"/>
</pin_list>
<bind>
<StgValue><ssdm name="local_weights_3"/><MemPortTyVec>1 3 </MemPortTyVec>
</StgValue>
</bind>
</comp>

<comp id="466" class="1000" name="local_weights_4">
<pin_list>
<pin id="467" dir="1" index="0" bw="1" slack="0"/>
</pin_list>
<bind>
<StgValue><ssdm name="local_weights_4"/><MemPortTyVec>1 3 </MemPortTyVec>
</StgValue>
</bind>
</comp>

<comp id="468" class="1000" name="local_weights_5">
<pin_list>
<pin id="469" dir="1" index="0" bw="1" slack="0"/>
</pin_list>
<bind>
<StgValue><ssdm name="local_weights_5"/><MemPortTyVec>1 3 </MemPortTyVec>
</StgValue>
</bind>
</comp>

<comp id="470" class="1000" name="local_weights_6">
<pin_list>
<pin id="471" dir="1" index="0" bw="1" slack="0"/>
</pin_list>
<bind>
<StgValue><ssdm name="local_weights_6"/><MemPortTyVec>1 3 </MemPortTyVec>
</StgValue>
</bind>
</comp>

<comp id="472" class="1000" name="local_weights_7">
<pin_list>
<pin id="473" dir="1" index="0" bw="1" slack="0"/>
</pin_list>
<bind>
<StgValue><ssdm name="local_weights_7"/><MemPortTyVec>1 3 </MemPortTyVec>
</StgValue>
</bind>
</comp>

<comp id="474" class="1000" name="local_weights_8">
<pin_list>
<pin id="475" dir="1" index="0" bw="1" slack="0"/>
</pin_list>
<bind>
<StgValue><ssdm name="local_weights_8"/><MemPortTyVec>1 3 </MemPortTyVec>
</StgValue>
</bind>
</comp>

<comp id="476" class="1000" name="local_weights_9">
<pin_list>
<pin id="477" dir="1" index="0" bw="1" slack="0"/>
</pin_list>
<bind>
<StgValue><ssdm name="local_weights_9"/><MemPortTyVec>1 3 </MemPortTyVec>
</StgValue>
</bind>
</comp>

<comp id="478" class="1000" name="local_weights_10">
<pin_list>
<pin id="479" dir="1" index="0" bw="1" slack="0"/>
</pin_list>
<bind>
<StgValue><ssdm name="local_weights_10"/><MemPortTyVec>1 3 </MemPortTyVec>
</StgValue>
</bind>
</comp>

<comp id="480" class="1000" name="shl_ln1">
<pin_list>
<pin id="481" dir="1" index="0" bw="1" slack="0"/>
</pin_list>
<bind>
<StgValue><ssdm name="shl_ln1"/></StgValue>
</bind>
</comp>

<comp id="482" class="1000" name="sum_2_out">
<pin_list>
<pin id="483" dir="1" index="0" bw="1" slack="0"/>
</pin_list>
<bind>
<StgValue><ssdm name="sum_2_out"/></StgValue>
</bind>
</comp>

<comp id="484" class="1001" name="const_484">
<pin_list>
<pin id="485" dir="1" index="0" bw="1" slack="0"/>
</pin_list>
<bind>
<StgValue><ssdm name=""/></StgValue>
</bind>
</comp>

<comp id="486" class="1001" name="const_486">
<pin_list>
<pin id="487" dir="1" index="0" bw="1" slack="0"/>
</pin_list>
<bind>
<StgValue><ssdm name="_ssdm_op_Read.ap_auto.i8"/></StgValue>
</bind>
</comp>

<comp id="488" class="1001" name="const_488">
<pin_list>
<pin id="489" dir="1" index="0" bw="1" slack="0"/>
</pin_list>
<bind>
<StgValue><ssdm name="_ssdm_op_Read.ap_auto.float"/></StgValue>
</bind>
</comp>

<comp id="490" class="1001" name="const_490">
<pin_list>
<pin id="491" dir="1" index="0" bw="1" slack="0"/>
</pin_list>
<bind>
<StgValue><ssdm name=""/></StgValue>
</bind>
</comp>

<comp id="492" class="1001" name="const_492">
<pin_list>
<pin id="493" dir="1" index="0" bw="1" slack="0"/>
</pin_list>
<bind>
<StgValue><ssdm name=""/></StgValue>
</bind>
</comp>

<comp id="494" class="1001" name="const_494">
<pin_list>
<pin id="495" dir="1" index="0" bw="1" slack="0"/>
</pin_list>
<bind>
<StgValue><ssdm name=""/></StgValue>
</bind>
</comp>

<comp id="496" class="1001" name="const_496">
<pin_list>
<pin id="497" dir="1" index="0" bw="1" slack="0"/>
</pin_list>
<bind>
<StgValue><ssdm name=""/></StgValue>
</bind>
</comp>

<comp id="498" class="1001" name="const_498">
<pin_list>
<pin id="499" dir="1" index="0" bw="1" slack="0"/>
</pin_list>
<bind>
<StgValue><ssdm name=""/></StgValue>
</bind>
</comp>

<comp id="500" class="1001" name="const_500">
<pin_list>
<pin id="501" dir="1" index="0" bw="1" slack="0"/>
</pin_list>
<bind>
<StgValue><ssdm name=""/></StgValue>
</bind>
</comp>

<comp id="502" class="1001" name="const_502">
<pin_list>
<pin id="503" dir="1" index="0" bw="1" slack="0"/>
</pin_list>
<bind>
<StgValue><ssdm name=""/></StgValue>
</bind>
</comp>

<comp id="504" class="1001" name="const_504">
<pin_list>
<pin id="505" dir="1" index="0" bw="1" slack="0"/>
</pin_list>
<bind>
<StgValue><ssdm name="_ssdm_op_Mux.ap_auto.227f32.i8"/></StgValue>
</bind>
</comp>

<comp id="506" class="1001" name="const_506">
<pin_list>
<pin id="507" dir="1" index="0" bw="1" slack="0"/>
</pin_list>
<bind>
<StgValue><ssdm name="_ssdm_op_Mux.ap_auto.11f32.i4"/></StgValue>
</bind>
</comp>

<comp id="508" class="1001" name="const_508">
<pin_list>
<pin id="509" dir="1" index="0" bw="1" slack="2147483647"/>
</pin_list>
<bind>
<StgValue><ssdm name="_ssdm_op_SpecLoopName"/></StgValue>
</bind>
</comp>

<comp id="510" class="1001" name="const_510">
<pin_list>
<pin id="511" dir="1" index="0" bw="1" slack="2147483647"/>
</pin_list>
<bind>
<StgValue><ssdm name="VITIS_LOOP_65_11_VITIS_LOOP_67_12_str"/></StgValue>
</bind>
</comp>

<comp id="512" class="1001" name="const_512">
<pin_list>
<pin id="513" dir="1" index="0" bw="1" slack="2147483647"/>
</pin_list>
<bind>
<StgValue><ssdm name="_ssdm_op_SpecLoopTripCount"/></StgValue>
</bind>
</comp>

<comp id="514" class="1001" name="const_514">
<pin_list>
<pin id="515" dir="1" index="0" bw="1" slack="2147483647"/>
</pin_list>
<bind>
<StgValue><ssdm name=""/></StgValue>
</bind>
</comp>

<comp id="516" class="1001" name="const_516">
<pin_list>
<pin id="517" dir="1" index="0" bw="1" slack="2147483647"/>
</pin_list>
<bind>
<StgValue><ssdm name="_ssdm_op_SpecPipeline"/></StgValue>
</bind>
</comp>

<comp id="518" class="1001" name="const_518">
<pin_list>
<pin id="519" dir="1" index="0" bw="1" slack="2147483647"/>
</pin_list>
<bind>
<StgValue><ssdm name=""/></StgValue>
</bind>
</comp>

<comp id="520" class="1001" name="const_520">
<pin_list>
<pin id="521" dir="1" index="0" bw="1" slack="2147483647"/>
</pin_list>
<bind>
<StgValue><ssdm name="empty_3"/></StgValue>
</bind>
</comp>

<comp id="522" class="1001" name="const_522">
<pin_list>
<pin id="523" dir="1" index="0" bw="1" slack="2147483647"/>
</pin_list>
<bind>
<StgValue><ssdm name="empty_15"/></StgValue>
</bind>
</comp>

<comp id="524" class="1001" name="const_524">
<pin_list>
<pin id="525" dir="1" index="0" bw="1" slack="0"/>
</pin_list>
<bind>
<StgValue><ssdm name="_ssdm_op_Write.ap_auto.floatP0A"/></StgValue>
</bind>
</comp>

<comp id="526" class="1004" name="sum_2_fu_526">
<pin_list>
<pin id="527" dir="0" index="0" bw="1" slack="0"/>
<pin id="528" dir="1" index="1" bw="32" slack="0"/>
</pin_list>
<bind>
<opcode="alloca(26) " fcode="alloca"/>
<opset="sum_2/1 "/>
</bind>
</comp>

<comp id="530" class="1004" name="kc_fu_530">
<pin_list>
<pin id="531" dir="0" index="0" bw="1" slack="0"/>
<pin id="532" dir="1" index="1" bw="4" slack="0"/>
</pin_list>
<bind>
<opcode="alloca(26) " fcode="alloca"/>
<opset="kc/1 "/>
</bind>
</comp>

<comp id="534" class="1004" name="kr_fu_534">
<pin_list>
<pin id="535" dir="0" index="0" bw="1" slack="0"/>
<pin id="536" dir="1" index="1" bw="4" slack="0"/>
</pin_list>
<bind>
<opcode="alloca(26) " fcode="alloca"/>
<opset="kr/1 "/>
</bind>
</comp>

<comp id="538" class="1004" name="indvar_flatten551_fu_538">
<pin_list>
<pin id="539" dir="0" index="0" bw="1" slack="0"/>
<pin id="540" dir="1" index="1" bw="7" slack="0"/>
</pin_list>
<bind>
<opcode="alloca(26) " fcode="alloca"/>
<opset="indvar_flatten551/1 "/>
</bind>
</comp>

<comp id="542" class="1004" name="shl_ln1_read_read_fu_542">
<pin_list>
<pin id="543" dir="0" index="0" bw="8" slack="0"/>
<pin id="544" dir="0" index="1" bw="8" slack="0"/>
<pin id="545" dir="1" index="2" bw="8" slack="1"/>
</pin_list>
<bind>
<opcode="read(1150) " fcode="read"/>
<opset="shl_ln1_read/1 "/>
</bind>
</comp>

<comp id="548" class="1004" name="tmp_5_read_read_fu_548">
<pin_list>
<pin id="549" dir="0" index="0" bw="8" slack="0"/>
<pin id="550" dir="0" index="1" bw="8" slack="0"/>
<pin id="551" dir="1" index="2" bw="8" slack="0"/>
</pin_list>
<bind>
<opcode="read(1150) " fcode="read"/>
<opset="tmp_5_read/1 "/>
</bind>
</comp>

<comp id="554" class="1004" name="sum_read_read_fu_554">
<pin_list>
<pin id="555" dir="0" index="0" bw="32" slack="0"/>
<pin id="556" dir="0" index="1" bw="32" slack="0"/>
<pin id="557" dir="1" index="2" bw="32" slack="0"/>
</pin_list>
<bind>
<opcode="read(1150) " fcode="read"/>
<opset="sum_read/1 "/>
</bind>
</comp>

<comp id="560" class="1004" name="write_ln0_write_fu_560">
<pin_list>
<pin id="561" dir="0" index="0" bw="0" slack="0"/>
<pin id="562" dir="0" index="1" bw="32" slack="0"/>
<pin id="563" dir="0" index="2" bw="32" slack="0"/>
<pin id="564" dir="1" index="3" bw="0" slack="2147483647"/>
</pin_list>
<bind>
<opcode="write(1151) " fcode="write"/>
<opset="write_ln0/7 "/>
</bind>
</comp>

<comp id="567" class="1004" name="local_input_addr_gep_fu_567">
<pin_list>
<pin id="568" dir="0" index="0" bw="32" slack="0"/>
<pin id="569" dir="0" index="1" bw="1" slack="0"/>
<pin id="570" dir="0" index="2" bw="8" slack="0"/>
<pin id="571" dir="1" index="3" bw="8" slack="0"/>
</pin_list>
<bind>
<opcode="getelementptr(29) " fcode="getelementptr"/>
<opset="local_input_addr/1 "/>
</bind>
</comp>

<comp id="574" class="1004" name="grp_access_fu_574">
<pin_list>
<pin id="575" dir="0" index="0" bw="8" slack="0"/>
<pin id="576" dir="0" index="1" bw="32" slack="2147483647"/>
<pin id="577" dir="0" index="2" bw="0" slack="2147483647"/>
<pin id="578" dir="1" index="3" bw="32" slack="0"/>
</pin_list>
<bind>
<opcode="load(27) " fcode="load"/>
<opset="local_input_load/1 "/>
</bind>
</comp>

<comp id="580" class="1004" name="local_input_1_addr_gep_fu_580">
<pin_list>
<pin id="581" dir="0" index="0" bw="32" slack="0"/>
<pin id="582" dir="0" index="1" bw="1" slack="0"/>
<pin id="583" dir="0" index="2" bw="8" slack="0"/>
<pin id="584" dir="1" index="3" bw="8" slack="0"/>
</pin_list>
<bind>
<opcode="getelementptr(29) " fcode="getelementptr"/>
<opset="local_input_1_addr/1 "/>
</bind>
</comp>

<comp id="587" class="1004" name="grp_access_fu_587">
<pin_list>
<pin id="588" dir="0" index="0" bw="8" slack="0"/>
<pin id="589" dir="0" index="1" bw="32" slack="2147483647"/>
<pin id="590" dir="0" index="2" bw="0" slack="2147483647"/>
<pin id="591" dir="1" index="3" bw="32" slack="0"/>
</pin_list>
<bind>
<opcode="load(27) " fcode="load"/>
<opset="local_input_1_load/1 "/>
</bind>
</comp>

<comp id="593" class="1004" name="local_input_2_addr_gep_fu_593">
<pin_list>
<pin id="594" dir="0" index="0" bw="32" slack="0"/>
<pin id="595" dir="0" index="1" bw="1" slack="0"/>
<pin id="596" dir="0" index="2" bw="8" slack="0"/>
<pin id="597" dir="1" index="3" bw="8" slack="0"/>
</pin_list>
<bind>
<opcode="getelementptr(29) " fcode="getelementptr"/>
<opset="local_input_2_addr/1 "/>
</bind>
</comp>

<comp id="600" class="1004" name="grp_access_fu_600">
<pin_list>
<pin id="601" dir="0" index="0" bw="8" slack="0"/>
<pin id="602" dir="0" index="1" bw="32" slack="2147483647"/>
<pin id="603" dir="0" index="2" bw="0" slack="2147483647"/>
<pin id="604" dir="1" index="3" bw="32" slack="0"/>
</pin_list>
<bind>
<opcode="load(27) " fcode="load"/>
<opset="local_input_2_load/1 "/>
</bind>
</comp>

<comp id="606" class="1004" name="local_input_3_addr_gep_fu_606">
<pin_list>
<pin id="607" dir="0" index="0" bw="32" slack="0"/>
<pin id="608" dir="0" index="1" bw="1" slack="0"/>
<pin id="609" dir="0" index="2" bw="8" slack="0"/>
<pin id="610" dir="1" index="3" bw="8" slack="0"/>
</pin_list>
<bind>
<opcode="getelementptr(29) " fcode="getelementptr"/>
<opset="local_input_3_addr/1 "/>
</bind>
</comp>

<comp id="613" class="1004" name="grp_access_fu_613">
<pin_list>
<pin id="614" dir="0" index="0" bw="8" slack="0"/>
<pin id="615" dir="0" index="1" bw="32" slack="2147483647"/>
<pin id="616" dir="0" index="2" bw="0" slack="2147483647"/>
<pin id="617" dir="1" index="3" bw="32" slack="0"/>
</pin_list>
<bind>
<opcode="load(27) " fcode="load"/>
<opset="local_input_3_load/1 "/>
</bind>
</comp>

<comp id="619" class="1004" name="local_input_4_addr_gep_fu_619">
<pin_list>
<pin id="620" dir="0" index="0" bw="32" slack="0"/>
<pin id="621" dir="0" index="1" bw="1" slack="0"/>
<pin id="622" dir="0" index="2" bw="8" slack="0"/>
<pin id="623" dir="1" index="3" bw="8" slack="0"/>
</pin_list>
<bind>
<opcode="getelementptr(29) " fcode="getelementptr"/>
<opset="local_input_4_addr/1 "/>
</bind>
</comp>

<comp id="626" class="1004" name="grp_access_fu_626">
<pin_list>
<pin id="627" dir="0" index="0" bw="8" slack="0"/>
<pin id="628" dir="0" index="1" bw="32" slack="2147483647"/>
<pin id="629" dir="0" index="2" bw="0" slack="2147483647"/>
<pin id="630" dir="1" index="3" bw="32" slack="0"/>
</pin_list>
<bind>
<opcode="load(27) " fcode="load"/>
<opset="local_input_4_load/1 "/>
</bind>
</comp>

<comp id="632" class="1004" name="local_input_5_addr_gep_fu_632">
<pin_list>
<pin id="633" dir="0" index="0" bw="32" slack="0"/>
<pin id="634" dir="0" index="1" bw="1" slack="0"/>
<pin id="635" dir="0" index="2" bw="8" slack="0"/>
<pin id="636" dir="1" index="3" bw="8" slack="0"/>
</pin_list>
<bind>
<opcode="getelementptr(29) " fcode="getelementptr"/>
<opset="local_input_5_addr/1 "/>
</bind>
</comp>

<comp id="639" class="1004" name="grp_access_fu_639">
<pin_list>
<pin id="640" dir="0" index="0" bw="8" slack="0"/>
<pin id="641" dir="0" index="1" bw="32" slack="2147483647"/>
<pin id="642" dir="0" index="2" bw="0" slack="2147483647"/>
<pin id="643" dir="1" index="3" bw="32" slack="0"/>
</pin_list>
<bind>
<opcode="load(27) " fcode="load"/>
<opset="local_input_5_load/1 "/>
</bind>
</comp>

<comp id="645" class="1004" name="local_input_6_addr_gep_fu_645">
<pin_list>
<pin id="646" dir="0" index="0" bw="32" slack="0"/>
<pin id="647" dir="0" index="1" bw="1" slack="0"/>
<pin id="648" dir="0" index="2" bw="8" slack="0"/>
<pin id="649" dir="1" index="3" bw="8" slack="0"/>
</pin_list>
<bind>
<opcode="getelementptr(29) " fcode="getelementptr"/>
<opset="local_input_6_addr/1 "/>
</bind>
</comp>

<comp id="652" class="1004" name="grp_access_fu_652">
<pin_list>
<pin id="653" dir="0" index="0" bw="8" slack="0"/>
<pin id="654" dir="0" index="1" bw="32" slack="2147483647"/>
<pin id="655" dir="0" index="2" bw="0" slack="2147483647"/>
<pin id="656" dir="1" index="3" bw="32" slack="0"/>
</pin_list>
<bind>
<opcode="load(27) " fcode="load"/>
<opset="local_input_6_load/1 "/>
</bind>
</comp>

<comp id="658" class="1004" name="local_input_7_addr_gep_fu_658">
<pin_list>
<pin id="659" dir="0" index="0" bw="32" slack="0"/>
<pin id="660" dir="0" index="1" bw="1" slack="0"/>
<pin id="661" dir="0" index="2" bw="8" slack="0"/>
<pin id="662" dir="1" index="3" bw="8" slack="0"/>
</pin_list>
<bind>
<opcode="getelementptr(29) " fcode="getelementptr"/>
<opset="local_input_7_addr/1 "/>
</bind>
</comp>

<comp id="665" class="1004" name="grp_access_fu_665">
<pin_list>
<pin id="666" dir="0" index="0" bw="8" slack="0"/>
<pin id="667" dir="0" index="1" bw="32" slack="2147483647"/>
<pin id="668" dir="0" index="2" bw="0" slack="2147483647"/>
<pin id="669" dir="1" index="3" bw="32" slack="0"/>
</pin_list>
<bind>
<opcode="load(27) " fcode="load"/>
<opset="local_input_7_load/1 "/>
</bind>
</comp>

<comp id="671" class="1004" name="local_input_8_addr_gep_fu_671">
<pin_list>
<pin id="672" dir="0" index="0" bw="32" slack="0"/>
<pin id="673" dir="0" index="1" bw="1" slack="0"/>
<pin id="674" dir="0" index="2" bw="8" slack="0"/>
<pin id="675" dir="1" index="3" bw="8" slack="0"/>
</pin_list>
<bind>
<opcode="getelementptr(29) " fcode="getelementptr"/>
<opset="local_input_8_addr/1 "/>
</bind>
</comp>

<comp id="678" class="1004" name="grp_access_fu_678">
<pin_list>
<pin id="679" dir="0" index="0" bw="8" slack="0"/>
<pin id="680" dir="0" index="1" bw="32" slack="2147483647"/>
<pin id="681" dir="0" index="2" bw="0" slack="2147483647"/>
<pin id="682" dir="1" index="3" bw="32" slack="0"/>
</pin_list>
<bind>
<opcode="load(27) " fcode="load"/>
<opset="local_input_8_load/1 "/>
</bind>
</comp>

<comp id="684" class="1004" name="local_input_9_addr_gep_fu_684">
<pin_list>
<pin id="685" dir="0" index="0" bw="32" slack="0"/>
<pin id="686" dir="0" index="1" bw="1" slack="0"/>
<pin id="687" dir="0" index="2" bw="8" slack="0"/>
<pin id="688" dir="1" index="3" bw="8" slack="0"/>
</pin_list>
<bind>
<opcode="getelementptr(29) " fcode="getelementptr"/>
<opset="local_input_9_addr/1 "/>
</bind>
</comp>

<comp id="691" class="1004" name="grp_access_fu_691">
<pin_list>
<pin id="692" dir="0" index="0" bw="8" slack="0"/>
<pin id="693" dir="0" index="1" bw="32" slack="2147483647"/>
<pin id="694" dir="0" index="2" bw="0" slack="2147483647"/>
<pin id="695" dir="1" index="3" bw="32" slack="0"/>
</pin_list>
<bind>
<opcode="load(27) " fcode="load"/>
<opset="local_input_9_load/1 "/>
</bind>
</comp>

<comp id="697" class="1004" name="local_input_10_addr_gep_fu_697">
<pin_list>
<pin id="698" dir="0" index="0" bw="32" slack="0"/>
<pin id="699" dir="0" index="1" bw="1" slack="0"/>
<pin id="700" dir="0" index="2" bw="8" slack="0"/>
<pin id="701" dir="1" index="3" bw="8" slack="0"/>
</pin_list>
<bind>
<opcode="getelementptr(29) " fcode="getelementptr"/>
<opset="local_input_10_addr/1 "/>
</bind>
</comp>

<comp id="704" class="1004" name="grp_access_fu_704">
<pin_list>
<pin id="705" dir="0" index="0" bw="8" slack="0"/>
<pin id="706" dir="0" index="1" bw="32" slack="2147483647"/>
<pin id="707" dir="0" index="2" bw="0" slack="2147483647"/>
<pin id="708" dir="1" index="3" bw="32" slack="0"/>
</pin_list>
<bind>
<opcode="load(27) " fcode="load"/>
<opset="local_input_10_load/1 "/>
</bind>
</comp>

<comp id="710" class="1004" name="local_input_11_addr_gep_fu_710">
<pin_list>
<pin id="711" dir="0" index="0" bw="32" slack="0"/>
<pin id="712" dir="0" index="1" bw="1" slack="0"/>
<pin id="713" dir="0" index="2" bw="8" slack="0"/>
<pin id="714" dir="1" index="3" bw="8" slack="0"/>
</pin_list>
<bind>
<opcode="getelementptr(29) " fcode="getelementptr"/>
<opset="local_input_11_addr/1 "/>
</bind>
</comp>

<comp id="717" class="1004" name="grp_access_fu_717">
<pin_list>
<pin id="718" dir="0" index="0" bw="8" slack="0"/>
<pin id="719" dir="0" index="1" bw="32" slack="2147483647"/>
<pin id="720" dir="0" index="2" bw="0" slack="2147483647"/>
<pin id="721" dir="1" index="3" bw="32" slack="0"/>
</pin_list>
<bind>
<opcode="load(27) " fcode="load"/>
<opset="local_input_11_load/1 "/>
</bind>
</comp>

<comp id="723" class="1004" name="local_input_12_addr_gep_fu_723">
<pin_list>
<pin id="724" dir="0" index="0" bw="32" slack="0"/>
<pin id="725" dir="0" index="1" bw="1" slack="0"/>
<pin id="726" dir="0" index="2" bw="8" slack="0"/>
<pin id="727" dir="1" index="3" bw="8" slack="0"/>
</pin_list>
<bind>
<opcode="getelementptr(29) " fcode="getelementptr"/>
<opset="local_input_12_addr/1 "/>
</bind>
</comp>

<comp id="730" class="1004" name="grp_access_fu_730">
<pin_list>
<pin id="731" dir="0" index="0" bw="8" slack="0"/>
<pin id="732" dir="0" index="1" bw="32" slack="2147483647"/>
<pin id="733" dir="0" index="2" bw="0" slack="2147483647"/>
<pin id="734" dir="1" index="3" bw="32" slack="0"/>
</pin_list>
<bind>
<opcode="load(27) " fcode="load"/>
<opset="local_input_12_load/1 "/>
</bind>
</comp>

<comp id="736" class="1004" name="local_input_13_addr_gep_fu_736">
<pin_list>
<pin id="737" dir="0" index="0" bw="32" slack="0"/>
<pin id="738" dir="0" index="1" bw="1" slack="0"/>
<pin id="739" dir="0" index="2" bw="8" slack="0"/>
<pin id="740" dir="1" index="3" bw="8" slack="0"/>
</pin_list>
<bind>
<opcode="getelementptr(29) " fcode="getelementptr"/>
<opset="local_input_13_addr/1 "/>
</bind>
</comp>

<comp id="743" class="1004" name="grp_access_fu_743">
<pin_list>
<pin id="744" dir="0" index="0" bw="8" slack="0"/>
<pin id="745" dir="0" index="1" bw="32" slack="2147483647"/>
<pin id="746" dir="0" index="2" bw="0" slack="2147483647"/>
<pin id="747" dir="1" index="3" bw="32" slack="0"/>
</pin_list>
<bind>
<opcode="load(27) " fcode="load"/>
<opset="local_input_13_load/1 "/>
</bind>
</comp>

<comp id="749" class="1004" name="local_input_14_addr_gep_fu_749">
<pin_list>
<pin id="750" dir="0" index="0" bw="32" slack="0"/>
<pin id="751" dir="0" index="1" bw="1" slack="0"/>
<pin id="752" dir="0" index="2" bw="8" slack="0"/>
<pin id="753" dir="1" index="3" bw="8" slack="0"/>
</pin_list>
<bind>
<opcode="getelementptr(29) " fcode="getelementptr"/>
<opset="local_input_14_addr/1 "/>
</bind>
</comp>

<comp id="756" class="1004" name="grp_access_fu_756">
<pin_list>
<pin id="757" dir="0" index="0" bw="8" slack="0"/>
<pin id="758" dir="0" index="1" bw="32" slack="2147483647"/>
<pin id="759" dir="0" index="2" bw="0" slack="2147483647"/>
<pin id="760" dir="1" index="3" bw="32" slack="0"/>
</pin_list>
<bind>
<opcode="load(27) " fcode="load"/>
<opset="local_input_14_load/1 "/>
</bind>
</comp>

<comp id="762" class="1004" name="local_input_15_addr_gep_fu_762">
<pin_list>
<pin id="763" dir="0" index="0" bw="32" slack="0"/>
<pin id="764" dir="0" index="1" bw="1" slack="0"/>
<pin id="765" dir="0" index="2" bw="8" slack="0"/>
<pin id="766" dir="1" index="3" bw="8" slack="0"/>
</pin_list>
<bind>
<opcode="getelementptr(29) " fcode="getelementptr"/>
<opset="local_input_15_addr/1 "/>
</bind>
</comp>

<comp id="769" class="1004" name="grp_access_fu_769">
<pin_list>
<pin id="770" dir="0" index="0" bw="8" slack="0"/>
<pin id="771" dir="0" index="1" bw="32" slack="2147483647"/>
<pin id="772" dir="0" index="2" bw="0" slack="2147483647"/>
<pin id="773" dir="1" index="3" bw="32" slack="0"/>
</pin_list>
<bind>
<opcode="load(27) " fcode="load"/>
<opset="local_input_15_load/1 "/>
</bind>
</comp>

<comp id="775" class="1004" name="local_input_16_addr_gep_fu_775">
<pin_list>
<pin id="776" dir="0" index="0" bw="32" slack="0"/>
<pin id="777" dir="0" index="1" bw="1" slack="0"/>
<pin id="778" dir="0" index="2" bw="8" slack="0"/>
<pin id="779" dir="1" index="3" bw="8" slack="0"/>
</pin_list>
<bind>
<opcode="getelementptr(29) " fcode="getelementptr"/>
<opset="local_input_16_addr/1 "/>
</bind>
</comp>

<comp id="782" class="1004" name="grp_access_fu_782">
<pin_list>
<pin id="783" dir="0" index="0" bw="8" slack="0"/>
<pin id="784" dir="0" index="1" bw="32" slack="2147483647"/>
<pin id="785" dir="0" index="2" bw="0" slack="2147483647"/>
<pin id="786" dir="1" index="3" bw="32" slack="0"/>
</pin_list>
<bind>
<opcode="load(27) " fcode="load"/>
<opset="local_input_16_load/1 "/>
</bind>
</comp>

<comp id="788" class="1004" name="local_input_17_addr_gep_fu_788">
<pin_list>
<pin id="789" dir="0" index="0" bw="32" slack="0"/>
<pin id="790" dir="0" index="1" bw="1" slack="0"/>
<pin id="791" dir="0" index="2" bw="8" slack="0"/>
<pin id="792" dir="1" index="3" bw="8" slack="0"/>
</pin_list>
<bind>
<opcode="getelementptr(29) " fcode="getelementptr"/>
<opset="local_input_17_addr/1 "/>
</bind>
</comp>

<comp id="795" class="1004" name="grp_access_fu_795">
<pin_list>
<pin id="796" dir="0" index="0" bw="8" slack="0"/>
<pin id="797" dir="0" index="1" bw="32" slack="2147483647"/>
<pin id="798" dir="0" index="2" bw="0" slack="2147483647"/>
<pin id="799" dir="1" index="3" bw="32" slack="0"/>
</pin_list>
<bind>
<opcode="load(27) " fcode="load"/>
<opset="local_input_17_load/1 "/>
</bind>
</comp>

<comp id="801" class="1004" name="local_input_18_addr_gep_fu_801">
<pin_list>
<pin id="802" dir="0" index="0" bw="32" slack="0"/>
<pin id="803" dir="0" index="1" bw="1" slack="0"/>
<pin id="804" dir="0" index="2" bw="8" slack="0"/>
<pin id="805" dir="1" index="3" bw="8" slack="0"/>
</pin_list>
<bind>
<opcode="getelementptr(29) " fcode="getelementptr"/>
<opset="local_input_18_addr/1 "/>
</bind>
</comp>

<comp id="808" class="1004" name="grp_access_fu_808">
<pin_list>
<pin id="809" dir="0" index="0" bw="8" slack="0"/>
<pin id="810" dir="0" index="1" bw="32" slack="2147483647"/>
<pin id="811" dir="0" index="2" bw="0" slack="2147483647"/>
<pin id="812" dir="1" index="3" bw="32" slack="0"/>
</pin_list>
<bind>
<opcode="load(27) " fcode="load"/>
<opset="local_input_18_load/1 "/>
</bind>
</comp>

<comp id="814" class="1004" name="local_input_19_addr_gep_fu_814">
<pin_list>
<pin id="815" dir="0" index="0" bw="32" slack="0"/>
<pin id="816" dir="0" index="1" bw="1" slack="0"/>
<pin id="817" dir="0" index="2" bw="8" slack="0"/>
<pin id="818" dir="1" index="3" bw="8" slack="0"/>
</pin_list>
<bind>
<opcode="getelementptr(29) " fcode="getelementptr"/>
<opset="local_input_19_addr/1 "/>
</bind>
</comp>

<comp id="821" class="1004" name="grp_access_fu_821">
<pin_list>
<pin id="822" dir="0" index="0" bw="8" slack="0"/>
<pin id="823" dir="0" index="1" bw="32" slack="2147483647"/>
<pin id="824" dir="0" index="2" bw="0" slack="2147483647"/>
<pin id="825" dir="1" index="3" bw="32" slack="0"/>
</pin_list>
<bind>
<opcode="load(27) " fcode="load"/>
<opset="local_input_19_load/1 "/>
</bind>
</comp>

<comp id="827" class="1004" name="local_input_20_addr_gep_fu_827">
<pin_list>
<pin id="828" dir="0" index="0" bw="32" slack="0"/>
<pin id="829" dir="0" index="1" bw="1" slack="0"/>
<pin id="830" dir="0" index="2" bw="8" slack="0"/>
<pin id="831" dir="1" index="3" bw="8" slack="0"/>
</pin_list>
<bind>
<opcode="getelementptr(29) " fcode="getelementptr"/>
<opset="local_input_20_addr/1 "/>
</bind>
</comp>

<comp id="834" class="1004" name="grp_access_fu_834">
<pin_list>
<pin id="835" dir="0" index="0" bw="8" slack="0"/>
<pin id="836" dir="0" index="1" bw="32" slack="2147483647"/>
<pin id="837" dir="0" index="2" bw="0" slack="2147483647"/>
<pin id="838" dir="1" index="3" bw="32" slack="0"/>
</pin_list>
<bind>
<opcode="load(27) " fcode="load"/>
<opset="local_input_20_load/1 "/>
</bind>
</comp>

<comp id="840" class="1004" name="local_input_21_addr_gep_fu_840">
<pin_list>
<pin id="841" dir="0" index="0" bw="32" slack="0"/>
<pin id="842" dir="0" index="1" bw="1" slack="0"/>
<pin id="843" dir="0" index="2" bw="8" slack="0"/>
<pin id="844" dir="1" index="3" bw="8" slack="0"/>
</pin_list>
<bind>
<opcode="getelementptr(29) " fcode="getelementptr"/>
<opset="local_input_21_addr/1 "/>
</bind>
</comp>

<comp id="847" class="1004" name="grp_access_fu_847">
<pin_list>
<pin id="848" dir="0" index="0" bw="8" slack="0"/>
<pin id="849" dir="0" index="1" bw="32" slack="2147483647"/>
<pin id="850" dir="0" index="2" bw="0" slack="2147483647"/>
<pin id="851" dir="1" index="3" bw="32" slack="0"/>
</pin_list>
<bind>
<opcode="load(27) " fcode="load"/>
<opset="local_input_21_load/1 "/>
</bind>
</comp>

<comp id="853" class="1004" name="local_input_22_addr_gep_fu_853">
<pin_list>
<pin id="854" dir="0" index="0" bw="32" slack="0"/>
<pin id="855" dir="0" index="1" bw="1" slack="0"/>
<pin id="856" dir="0" index="2" bw="8" slack="0"/>
<pin id="857" dir="1" index="3" bw="8" slack="0"/>
</pin_list>
<bind>
<opcode="getelementptr(29) " fcode="getelementptr"/>
<opset="local_input_22_addr/1 "/>
</bind>
</comp>

<comp id="860" class="1004" name="grp_access_fu_860">
<pin_list>
<pin id="861" dir="0" index="0" bw="8" slack="0"/>
<pin id="862" dir="0" index="1" bw="32" slack="2147483647"/>
<pin id="863" dir="0" index="2" bw="0" slack="2147483647"/>
<pin id="864" dir="1" index="3" bw="32" slack="0"/>
</pin_list>
<bind>
<opcode="load(27) " fcode="load"/>
<opset="local_input_22_load/1 "/>
</bind>
</comp>

<comp id="866" class="1004" name="local_input_23_addr_gep_fu_866">
<pin_list>
<pin id="867" dir="0" index="0" bw="32" slack="0"/>
<pin id="868" dir="0" index="1" bw="1" slack="0"/>
<pin id="869" dir="0" index="2" bw="8" slack="0"/>
<pin id="870" dir="1" index="3" bw="8" slack="0"/>
</pin_list>
<bind>
<opcode="getelementptr(29) " fcode="getelementptr"/>
<opset="local_input_23_addr/1 "/>
</bind>
</comp>

<comp id="873" class="1004" name="grp_access_fu_873">
<pin_list>
<pin id="874" dir="0" index="0" bw="8" slack="0"/>
<pin id="875" dir="0" index="1" bw="32" slack="2147483647"/>
<pin id="876" dir="0" index="2" bw="0" slack="2147483647"/>
<pin id="877" dir="1" index="3" bw="32" slack="0"/>
</pin_list>
<bind>
<opcode="load(27) " fcode="load"/>
<opset="local_input_23_load/1 "/>
</bind>
</comp>

<comp id="879" class="1004" name="local_input_24_addr_gep_fu_879">
<pin_list>
<pin id="880" dir="0" index="0" bw="32" slack="0"/>
<pin id="881" dir="0" index="1" bw="1" slack="0"/>
<pin id="882" dir="0" index="2" bw="8" slack="0"/>
<pin id="883" dir="1" index="3" bw="8" slack="0"/>
</pin_list>
<bind>
<opcode="getelementptr(29) " fcode="getelementptr"/>
<opset="local_input_24_addr/1 "/>
</bind>
</comp>

<comp id="886" class="1004" name="grp_access_fu_886">
<pin_list>
<pin id="887" dir="0" index="0" bw="8" slack="0"/>
<pin id="888" dir="0" index="1" bw="32" slack="2147483647"/>
<pin id="889" dir="0" index="2" bw="0" slack="2147483647"/>
<pin id="890" dir="1" index="3" bw="32" slack="0"/>
</pin_list>
<bind>
<opcode="load(27) " fcode="load"/>
<opset="local_input_24_load/1 "/>
</bind>
</comp>

<comp id="892" class="1004" name="local_input_25_addr_gep_fu_892">
<pin_list>
<pin id="893" dir="0" index="0" bw="32" slack="0"/>
<pin id="894" dir="0" index="1" bw="1" slack="0"/>
<pin id="895" dir="0" index="2" bw="8" slack="0"/>
<pin id="896" dir="1" index="3" bw="8" slack="0"/>
</pin_list>
<bind>
<opcode="getelementptr(29) " fcode="getelementptr"/>
<opset="local_input_25_addr/1 "/>
</bind>
</comp>

<comp id="899" class="1004" name="grp_access_fu_899">
<pin_list>
<pin id="900" dir="0" index="0" bw="8" slack="0"/>
<pin id="901" dir="0" index="1" bw="32" slack="2147483647"/>
<pin id="902" dir="0" index="2" bw="0" slack="2147483647"/>
<pin id="903" dir="1" index="3" bw="32" slack="0"/>
</pin_list>
<bind>
<opcode="load(27) " fcode="load"/>
<opset="local_input_25_load/1 "/>
</bind>
</comp>

<comp id="905" class="1004" name="local_input_26_addr_gep_fu_905">
<pin_list>
<pin id="906" dir="0" index="0" bw="32" slack="0"/>
<pin id="907" dir="0" index="1" bw="1" slack="0"/>
<pin id="908" dir="0" index="2" bw="8" slack="0"/>
<pin id="909" dir="1" index="3" bw="8" slack="0"/>
</pin_list>
<bind>
<opcode="getelementptr(29) " fcode="getelementptr"/>
<opset="local_input_26_addr/1 "/>
</bind>
</comp>

<comp id="912" class="1004" name="grp_access_fu_912">
<pin_list>
<pin id="913" dir="0" index="0" bw="8" slack="0"/>
<pin id="914" dir="0" index="1" bw="32" slack="2147483647"/>
<pin id="915" dir="0" index="2" bw="0" slack="2147483647"/>
<pin id="916" dir="1" index="3" bw="32" slack="0"/>
</pin_list>
<bind>
<opcode="load(27) " fcode="load"/>
<opset="local_input_26_load/1 "/>
</bind>
</comp>

<comp id="918" class="1004" name="local_input_27_addr_gep_fu_918">
<pin_list>
<pin id="919" dir="0" index="0" bw="32" slack="0"/>
<pin id="920" dir="0" index="1" bw="1" slack="0"/>
<pin id="921" dir="0" index="2" bw="8" slack="0"/>
<pin id="922" dir="1" index="3" bw="8" slack="0"/>
</pin_list>
<bind>
<opcode="getelementptr(29) " fcode="getelementptr"/>
<opset="local_input_27_addr/1 "/>
</bind>
</comp>

<comp id="925" class="1004" name="grp_access_fu_925">
<pin_list>
<pin id="926" dir="0" index="0" bw="8" slack="0"/>
<pin id="927" dir="0" index="1" bw="32" slack="2147483647"/>
<pin id="928" dir="0" index="2" bw="0" slack="2147483647"/>
<pin id="929" dir="1" index="3" bw="32" slack="0"/>
</pin_list>
<bind>
<opcode="load(27) " fcode="load"/>
<opset="local_input_27_load/1 "/>
</bind>
</comp>

<comp id="931" class="1004" name="local_input_28_addr_gep_fu_931">
<pin_list>
<pin id="932" dir="0" index="0" bw="32" slack="0"/>
<pin id="933" dir="0" index="1" bw="1" slack="0"/>
<pin id="934" dir="0" index="2" bw="8" slack="0"/>
<pin id="935" dir="1" index="3" bw="8" slack="0"/>
</pin_list>
<bind>
<opcode="getelementptr(29) " fcode="getelementptr"/>
<opset="local_input_28_addr/1 "/>
</bind>
</comp>

<comp id="938" class="1004" name="grp_access_fu_938">
<pin_list>
<pin id="939" dir="0" index="0" bw="8" slack="0"/>
<pin id="940" dir="0" index="1" bw="32" slack="2147483647"/>
<pin id="941" dir="0" index="2" bw="0" slack="2147483647"/>
<pin id="942" dir="1" index="3" bw="32" slack="0"/>
</pin_list>
<bind>
<opcode="load(27) " fcode="load"/>
<opset="local_input_28_load/1 "/>
</bind>
</comp>

<comp id="944" class="1004" name="local_input_29_addr_gep_fu_944">
<pin_list>
<pin id="945" dir="0" index="0" bw="32" slack="0"/>
<pin id="946" dir="0" index="1" bw="1" slack="0"/>
<pin id="947" dir="0" index="2" bw="8" slack="0"/>
<pin id="948" dir="1" index="3" bw="8" slack="0"/>
</pin_list>
<bind>
<opcode="getelementptr(29) " fcode="getelementptr"/>
<opset="local_input_29_addr/1 "/>
</bind>
</comp>

<comp id="951" class="1004" name="grp_access_fu_951">
<pin_list>
<pin id="952" dir="0" index="0" bw="8" slack="0"/>
<pin id="953" dir="0" index="1" bw="32" slack="2147483647"/>
<pin id="954" dir="0" index="2" bw="0" slack="2147483647"/>
<pin id="955" dir="1" index="3" bw="32" slack="0"/>
</pin_list>
<bind>
<opcode="load(27) " fcode="load"/>
<opset="local_input_29_load/1 "/>
</bind>
</comp>

<comp id="957" class="1004" name="local_input_30_addr_gep_fu_957">
<pin_list>
<pin id="958" dir="0" index="0" bw="32" slack="0"/>
<pin id="959" dir="0" index="1" bw="1" slack="0"/>
<pin id="960" dir="0" index="2" bw="8" slack="0"/>
<pin id="961" dir="1" index="3" bw="8" slack="0"/>
</pin_list>
<bind>
<opcode="getelementptr(29) " fcode="getelementptr"/>
<opset="local_input_30_addr/1 "/>
</bind>
</comp>

<comp id="964" class="1004" name="grp_access_fu_964">
<pin_list>
<pin id="965" dir="0" index="0" bw="8" slack="0"/>
<pin id="966" dir="0" index="1" bw="32" slack="2147483647"/>
<pin id="967" dir="0" index="2" bw="0" slack="2147483647"/>
<pin id="968" dir="1" index="3" bw="32" slack="0"/>
</pin_list>
<bind>
<opcode="load(27) " fcode="load"/>
<opset="local_input_30_load/1 "/>
</bind>
</comp>

<comp id="970" class="1004" name="local_input_31_addr_gep_fu_970">
<pin_list>
<pin id="971" dir="0" index="0" bw="32" slack="0"/>
<pin id="972" dir="0" index="1" bw="1" slack="0"/>
<pin id="973" dir="0" index="2" bw="8" slack="0"/>
<pin id="974" dir="1" index="3" bw="8" slack="0"/>
</pin_list>
<bind>
<opcode="getelementptr(29) " fcode="getelementptr"/>
<opset="local_input_31_addr/1 "/>
</bind>
</comp>

<comp id="977" class="1004" name="grp_access_fu_977">
<pin_list>
<pin id="978" dir="0" index="0" bw="8" slack="0"/>
<pin id="979" dir="0" index="1" bw="32" slack="2147483647"/>
<pin id="980" dir="0" index="2" bw="0" slack="2147483647"/>
<pin id="981" dir="1" index="3" bw="32" slack="0"/>
</pin_list>
<bind>
<opcode="load(27) " fcode="load"/>
<opset="local_input_31_load/1 "/>
</bind>
</comp>

<comp id="983" class="1004" name="local_input_32_addr_gep_fu_983">
<pin_list>
<pin id="984" dir="0" index="0" bw="32" slack="0"/>
<pin id="985" dir="0" index="1" bw="1" slack="0"/>
<pin id="986" dir="0" index="2" bw="8" slack="0"/>
<pin id="987" dir="1" index="3" bw="8" slack="0"/>
</pin_list>
<bind>
<opcode="getelementptr(29) " fcode="getelementptr"/>
<opset="local_input_32_addr/1 "/>
</bind>
</comp>

<comp id="990" class="1004" name="grp_access_fu_990">
<pin_list>
<pin id="991" dir="0" index="0" bw="8" slack="0"/>
<pin id="992" dir="0" index="1" bw="32" slack="2147483647"/>
<pin id="993" dir="0" index="2" bw="0" slack="2147483647"/>
<pin id="994" dir="1" index="3" bw="32" slack="0"/>
</pin_list>
<bind>
<opcode="load(27) " fcode="load"/>
<opset="local_input_32_load/1 "/>
</bind>
</comp>

<comp id="996" class="1004" name="local_input_33_addr_gep_fu_996">
<pin_list>
<pin id="997" dir="0" index="0" bw="32" slack="0"/>
<pin id="998" dir="0" index="1" bw="1" slack="0"/>
<pin id="999" dir="0" index="2" bw="8" slack="0"/>
<pin id="1000" dir="1" index="3" bw="8" slack="0"/>
</pin_list>
<bind>
<opcode="getelementptr(29) " fcode="getelementptr"/>
<opset="local_input_33_addr/1 "/>
</bind>
</comp>

<comp id="1003" class="1004" name="grp_access_fu_1003">
<pin_list>
<pin id="1004" dir="0" index="0" bw="8" slack="0"/>
<pin id="1005" dir="0" index="1" bw="32" slack="2147483647"/>
<pin id="1006" dir="0" index="2" bw="0" slack="2147483647"/>
<pin id="1007" dir="1" index="3" bw="32" slack="0"/>
</pin_list>
<bind>
<opcode="load(27) " fcode="load"/>
<opset="local_input_33_load/1 "/>
</bind>
</comp>

<comp id="1009" class="1004" name="local_input_34_addr_gep_fu_1009">
<pin_list>
<pin id="1010" dir="0" index="0" bw="32" slack="0"/>
<pin id="1011" dir="0" index="1" bw="1" slack="0"/>
<pin id="1012" dir="0" index="2" bw="8" slack="0"/>
<pin id="1013" dir="1" index="3" bw="8" slack="0"/>
</pin_list>
<bind>
<opcode="getelementptr(29) " fcode="getelementptr"/>
<opset="local_input_34_addr/1 "/>
</bind>
</comp>

<comp id="1016" class="1004" name="grp_access_fu_1016">
<pin_list>
<pin id="1017" dir="0" index="0" bw="8" slack="0"/>
<pin id="1018" dir="0" index="1" bw="32" slack="2147483647"/>
<pin id="1019" dir="0" index="2" bw="0" slack="2147483647"/>
<pin id="1020" dir="1" index="3" bw="32" slack="0"/>
</pin_list>
<bind>
<opcode="load(27) " fcode="load"/>
<opset="local_input_34_load/1 "/>
</bind>
</comp>

<comp id="1022" class="1004" name="local_input_35_addr_gep_fu_1022">
<pin_list>
<pin id="1023" dir="0" index="0" bw="32" slack="0"/>
<pin id="1024" dir="0" index="1" bw="1" slack="0"/>
<pin id="1025" dir="0" index="2" bw="8" slack="0"/>
<pin id="1026" dir="1" index="3" bw="8" slack="0"/>
</pin_list>
<bind>
<opcode="getelementptr(29) " fcode="getelementptr"/>
<opset="local_input_35_addr/1 "/>
</bind>
</comp>

<comp id="1029" class="1004" name="grp_access_fu_1029">
<pin_list>
<pin id="1030" dir="0" index="0" bw="8" slack="0"/>
<pin id="1031" dir="0" index="1" bw="32" slack="2147483647"/>
<pin id="1032" dir="0" index="2" bw="0" slack="2147483647"/>
<pin id="1033" dir="1" index="3" bw="32" slack="0"/>
</pin_list>
<bind>
<opcode="load(27) " fcode="load"/>
<opset="local_input_35_load/1 "/>
</bind>
</comp>

<comp id="1035" class="1004" name="local_input_36_addr_gep_fu_1035">
<pin_list>
<pin id="1036" dir="0" index="0" bw="32" slack="0"/>
<pin id="1037" dir="0" index="1" bw="1" slack="0"/>
<pin id="1038" dir="0" index="2" bw="8" slack="0"/>
<pin id="1039" dir="1" index="3" bw="8" slack="0"/>
</pin_list>
<bind>
<opcode="getelementptr(29) " fcode="getelementptr"/>
<opset="local_input_36_addr/1 "/>
</bind>
</comp>

<comp id="1042" class="1004" name="grp_access_fu_1042">
<pin_list>
<pin id="1043" dir="0" index="0" bw="8" slack="0"/>
<pin id="1044" dir="0" index="1" bw="32" slack="2147483647"/>
<pin id="1045" dir="0" index="2" bw="0" slack="2147483647"/>
<pin id="1046" dir="1" index="3" bw="32" slack="0"/>
</pin_list>
<bind>
<opcode="load(27) " fcode="load"/>
<opset="local_input_36_load/1 "/>
</bind>
</comp>

<comp id="1048" class="1004" name="local_input_37_addr_gep_fu_1048">
<pin_list>
<pin id="1049" dir="0" index="0" bw="32" slack="0"/>
<pin id="1050" dir="0" index="1" bw="1" slack="0"/>
<pin id="1051" dir="0" index="2" bw="8" slack="0"/>
<pin id="1052" dir="1" index="3" bw="8" slack="0"/>
</pin_list>
<bind>
<opcode="getelementptr(29) " fcode="getelementptr"/>
<opset="local_input_37_addr/1 "/>
</bind>
</comp>

<comp id="1055" class="1004" name="grp_access_fu_1055">
<pin_list>
<pin id="1056" dir="0" index="0" bw="8" slack="0"/>
<pin id="1057" dir="0" index="1" bw="32" slack="2147483647"/>
<pin id="1058" dir="0" index="2" bw="0" slack="2147483647"/>
<pin id="1059" dir="1" index="3" bw="32" slack="0"/>
</pin_list>
<bind>
<opcode="load(27) " fcode="load"/>
<opset="local_input_37_load/1 "/>
</bind>
</comp>

<comp id="1061" class="1004" name="local_input_38_addr_gep_fu_1061">
<pin_list>
<pin id="1062" dir="0" index="0" bw="32" slack="0"/>
<pin id="1063" dir="0" index="1" bw="1" slack="0"/>
<pin id="1064" dir="0" index="2" bw="8" slack="0"/>
<pin id="1065" dir="1" index="3" bw="8" slack="0"/>
</pin_list>
<bind>
<opcode="getelementptr(29) " fcode="getelementptr"/>
<opset="local_input_38_addr/1 "/>
</bind>
</comp>

<comp id="1068" class="1004" name="grp_access_fu_1068">
<pin_list>
<pin id="1069" dir="0" index="0" bw="8" slack="0"/>
<pin id="1070" dir="0" index="1" bw="32" slack="2147483647"/>
<pin id="1071" dir="0" index="2" bw="0" slack="2147483647"/>
<pin id="1072" dir="1" index="3" bw="32" slack="0"/>
</pin_list>
<bind>
<opcode="load(27) " fcode="load"/>
<opset="local_input_38_load/1 "/>
</bind>
</comp>

<comp id="1074" class="1004" name="local_input_39_addr_gep_fu_1074">
<pin_list>
<pin id="1075" dir="0" index="0" bw="32" slack="0"/>
<pin id="1076" dir="0" index="1" bw="1" slack="0"/>
<pin id="1077" dir="0" index="2" bw="8" slack="0"/>
<pin id="1078" dir="1" index="3" bw="8" slack="0"/>
</pin_list>
<bind>
<opcode="getelementptr(29) " fcode="getelementptr"/>
<opset="local_input_39_addr/1 "/>
</bind>
</comp>

<comp id="1081" class="1004" name="grp_access_fu_1081">
<pin_list>
<pin id="1082" dir="0" index="0" bw="8" slack="0"/>
<pin id="1083" dir="0" index="1" bw="32" slack="2147483647"/>
<pin id="1084" dir="0" index="2" bw="0" slack="2147483647"/>
<pin id="1085" dir="1" index="3" bw="32" slack="0"/>
</pin_list>
<bind>
<opcode="load(27) " fcode="load"/>
<opset="local_input_39_load/1 "/>
</bind>
</comp>

<comp id="1087" class="1004" name="local_input_40_addr_gep_fu_1087">
<pin_list>
<pin id="1088" dir="0" index="0" bw="32" slack="0"/>
<pin id="1089" dir="0" index="1" bw="1" slack="0"/>
<pin id="1090" dir="0" index="2" bw="8" slack="0"/>
<pin id="1091" dir="1" index="3" bw="8" slack="0"/>
</pin_list>
<bind>
<opcode="getelementptr(29) " fcode="getelementptr"/>
<opset="local_input_40_addr/1 "/>
</bind>
</comp>

<comp id="1094" class="1004" name="grp_access_fu_1094">
<pin_list>
<pin id="1095" dir="0" index="0" bw="8" slack="0"/>
<pin id="1096" dir="0" index="1" bw="32" slack="2147483647"/>
<pin id="1097" dir="0" index="2" bw="0" slack="2147483647"/>
<pin id="1098" dir="1" index="3" bw="32" slack="0"/>
</pin_list>
<bind>
<opcode="load(27) " fcode="load"/>
<opset="local_input_40_load/1 "/>
</bind>
</comp>

<comp id="1100" class="1004" name="local_input_41_addr_gep_fu_1100">
<pin_list>
<pin id="1101" dir="0" index="0" bw="32" slack="0"/>
<pin id="1102" dir="0" index="1" bw="1" slack="0"/>
<pin id="1103" dir="0" index="2" bw="8" slack="0"/>
<pin id="1104" dir="1" index="3" bw="8" slack="0"/>
</pin_list>
<bind>
<opcode="getelementptr(29) " fcode="getelementptr"/>
<opset="local_input_41_addr/1 "/>
</bind>
</comp>

<comp id="1107" class="1004" name="grp_access_fu_1107">
<pin_list>
<pin id="1108" dir="0" index="0" bw="8" slack="0"/>
<pin id="1109" dir="0" index="1" bw="32" slack="2147483647"/>
<pin id="1110" dir="0" index="2" bw="0" slack="2147483647"/>
<pin id="1111" dir="1" index="3" bw="32" slack="0"/>
</pin_list>
<bind>
<opcode="load(27) " fcode="load"/>
<opset="local_input_41_load/1 "/>
</bind>
</comp>

<comp id="1113" class="1004" name="local_input_42_addr_gep_fu_1113">
<pin_list>
<pin id="1114" dir="0" index="0" bw="32" slack="0"/>
<pin id="1115" dir="0" index="1" bw="1" slack="0"/>
<pin id="1116" dir="0" index="2" bw="8" slack="0"/>
<pin id="1117" dir="1" index="3" bw="8" slack="0"/>
</pin_list>
<bind>
<opcode="getelementptr(29) " fcode="getelementptr"/>
<opset="local_input_42_addr/1 "/>
</bind>
</comp>

<comp id="1120" class="1004" name="grp_access_fu_1120">
<pin_list>
<pin id="1121" dir="0" index="0" bw="8" slack="0"/>
<pin id="1122" dir="0" index="1" bw="32" slack="2147483647"/>
<pin id="1123" dir="0" index="2" bw="0" slack="2147483647"/>
<pin id="1124" dir="1" index="3" bw="32" slack="0"/>
</pin_list>
<bind>
<opcode="load(27) " fcode="load"/>
<opset="local_input_42_load/1 "/>
</bind>
</comp>

<comp id="1126" class="1004" name="local_input_43_addr_gep_fu_1126">
<pin_list>
<pin id="1127" dir="0" index="0" bw="32" slack="0"/>
<pin id="1128" dir="0" index="1" bw="1" slack="0"/>
<pin id="1129" dir="0" index="2" bw="8" slack="0"/>
<pin id="1130" dir="1" index="3" bw="8" slack="0"/>
</pin_list>
<bind>
<opcode="getelementptr(29) " fcode="getelementptr"/>
<opset="local_input_43_addr/1 "/>
</bind>
</comp>

<comp id="1133" class="1004" name="grp_access_fu_1133">
<pin_list>
<pin id="1134" dir="0" index="0" bw="8" slack="0"/>
<pin id="1135" dir="0" index="1" bw="32" slack="2147483647"/>
<pin id="1136" dir="0" index="2" bw="0" slack="2147483647"/>
<pin id="1137" dir="1" index="3" bw="32" slack="0"/>
</pin_list>
<bind>
<opcode="load(27) " fcode="load"/>
<opset="local_input_43_load/1 "/>
</bind>
</comp>

<comp id="1139" class="1004" name="local_input_44_addr_gep_fu_1139">
<pin_list>
<pin id="1140" dir="0" index="0" bw="32" slack="0"/>
<pin id="1141" dir="0" index="1" bw="1" slack="0"/>
<pin id="1142" dir="0" index="2" bw="8" slack="0"/>
<pin id="1143" dir="1" index="3" bw="8" slack="0"/>
</pin_list>
<bind>
<opcode="getelementptr(29) " fcode="getelementptr"/>
<opset="local_input_44_addr/1 "/>
</bind>
</comp>

<comp id="1146" class="1004" name="grp_access_fu_1146">
<pin_list>
<pin id="1147" dir="0" index="0" bw="8" slack="0"/>
<pin id="1148" dir="0" index="1" bw="32" slack="2147483647"/>
<pin id="1149" dir="0" index="2" bw="0" slack="2147483647"/>
<pin id="1150" dir="1" index="3" bw="32" slack="0"/>
</pin_list>
<bind>
<opcode="load(27) " fcode="load"/>
<opset="local_input_44_load/1 "/>
</bind>
</comp>

<comp id="1152" class="1004" name="local_input_45_addr_gep_fu_1152">
<pin_list>
<pin id="1153" dir="0" index="0" bw="32" slack="0"/>
<pin id="1154" dir="0" index="1" bw="1" slack="0"/>
<pin id="1155" dir="0" index="2" bw="8" slack="0"/>
<pin id="1156" dir="1" index="3" bw="8" slack="0"/>
</pin_list>
<bind>
<opcode="getelementptr(29) " fcode="getelementptr"/>
<opset="local_input_45_addr/1 "/>
</bind>
</comp>

<comp id="1159" class="1004" name="grp_access_fu_1159">
<pin_list>
<pin id="1160" dir="0" index="0" bw="8" slack="0"/>
<pin id="1161" dir="0" index="1" bw="32" slack="2147483647"/>
<pin id="1162" dir="0" index="2" bw="0" slack="2147483647"/>
<pin id="1163" dir="1" index="3" bw="32" slack="0"/>
</pin_list>
<bind>
<opcode="load(27) " fcode="load"/>
<opset="local_input_45_load/1 "/>
</bind>
</comp>

<comp id="1165" class="1004" name="local_input_46_addr_gep_fu_1165">
<pin_list>
<pin id="1166" dir="0" index="0" bw="32" slack="0"/>
<pin id="1167" dir="0" index="1" bw="1" slack="0"/>
<pin id="1168" dir="0" index="2" bw="8" slack="0"/>
<pin id="1169" dir="1" index="3" bw="8" slack="0"/>
</pin_list>
<bind>
<opcode="getelementptr(29) " fcode="getelementptr"/>
<opset="local_input_46_addr/1 "/>
</bind>
</comp>

<comp id="1172" class="1004" name="grp_access_fu_1172">
<pin_list>
<pin id="1173" dir="0" index="0" bw="8" slack="0"/>
<pin id="1174" dir="0" index="1" bw="32" slack="2147483647"/>
<pin id="1175" dir="0" index="2" bw="0" slack="2147483647"/>
<pin id="1176" dir="1" index="3" bw="32" slack="0"/>
</pin_list>
<bind>
<opcode="load(27) " fcode="load"/>
<opset="local_input_46_load/1 "/>
</bind>
</comp>

<comp id="1178" class="1004" name="local_input_47_addr_gep_fu_1178">
<pin_list>
<pin id="1179" dir="0" index="0" bw="32" slack="0"/>
<pin id="1180" dir="0" index="1" bw="1" slack="0"/>
<pin id="1181" dir="0" index="2" bw="8" slack="0"/>
<pin id="1182" dir="1" index="3" bw="8" slack="0"/>
</pin_list>
<bind>
<opcode="getelementptr(29) " fcode="getelementptr"/>
<opset="local_input_47_addr/1 "/>
</bind>
</comp>

<comp id="1185" class="1004" name="grp_access_fu_1185">
<pin_list>
<pin id="1186" dir="0" index="0" bw="8" slack="0"/>
<pin id="1187" dir="0" index="1" bw="32" slack="2147483647"/>
<pin id="1188" dir="0" index="2" bw="0" slack="2147483647"/>
<pin id="1189" dir="1" index="3" bw="32" slack="0"/>
</pin_list>
<bind>
<opcode="load(27) " fcode="load"/>
<opset="local_input_47_load/1 "/>
</bind>
</comp>

<comp id="1191" class="1004" name="local_input_48_addr_gep_fu_1191">
<pin_list>
<pin id="1192" dir="0" index="0" bw="32" slack="0"/>
<pin id="1193" dir="0" index="1" bw="1" slack="0"/>
<pin id="1194" dir="0" index="2" bw="8" slack="0"/>
<pin id="1195" dir="1" index="3" bw="8" slack="0"/>
</pin_list>
<bind>
<opcode="getelementptr(29) " fcode="getelementptr"/>
<opset="local_input_48_addr/1 "/>
</bind>
</comp>

<comp id="1198" class="1004" name="grp_access_fu_1198">
<pin_list>
<pin id="1199" dir="0" index="0" bw="8" slack="0"/>
<pin id="1200" dir="0" index="1" bw="32" slack="2147483647"/>
<pin id="1201" dir="0" index="2" bw="0" slack="2147483647"/>
<pin id="1202" dir="1" index="3" bw="32" slack="0"/>
</pin_list>
<bind>
<opcode="load(27) " fcode="load"/>
<opset="local_input_48_load/1 "/>
</bind>
</comp>

<comp id="1204" class="1004" name="local_input_49_addr_gep_fu_1204">
<pin_list>
<pin id="1205" dir="0" index="0" bw="32" slack="0"/>
<pin id="1206" dir="0" index="1" bw="1" slack="0"/>
<pin id="1207" dir="0" index="2" bw="8" slack="0"/>
<pin id="1208" dir="1" index="3" bw="8" slack="0"/>
</pin_list>
<bind>
<opcode="getelementptr(29) " fcode="getelementptr"/>
<opset="local_input_49_addr/1 "/>
</bind>
</comp>

<comp id="1211" class="1004" name="grp_access_fu_1211">
<pin_list>
<pin id="1212" dir="0" index="0" bw="8" slack="0"/>
<pin id="1213" dir="0" index="1" bw="32" slack="2147483647"/>
<pin id="1214" dir="0" index="2" bw="0" slack="2147483647"/>
<pin id="1215" dir="1" index="3" bw="32" slack="0"/>
</pin_list>
<bind>
<opcode="load(27) " fcode="load"/>
<opset="local_input_49_load/1 "/>
</bind>
</comp>

<comp id="1217" class="1004" name="local_input_50_addr_gep_fu_1217">
<pin_list>
<pin id="1218" dir="0" index="0" bw="32" slack="0"/>
<pin id="1219" dir="0" index="1" bw="1" slack="0"/>
<pin id="1220" dir="0" index="2" bw="8" slack="0"/>
<pin id="1221" dir="1" index="3" bw="8" slack="0"/>
</pin_list>
<bind>
<opcode="getelementptr(29) " fcode="getelementptr"/>
<opset="local_input_50_addr/1 "/>
</bind>
</comp>

<comp id="1224" class="1004" name="grp_access_fu_1224">
<pin_list>
<pin id="1225" dir="0" index="0" bw="8" slack="0"/>
<pin id="1226" dir="0" index="1" bw="32" slack="2147483647"/>
<pin id="1227" dir="0" index="2" bw="0" slack="2147483647"/>
<pin id="1228" dir="1" index="3" bw="32" slack="0"/>
</pin_list>
<bind>
<opcode="load(27) " fcode="load"/>
<opset="local_input_50_load/1 "/>
</bind>
</comp>

<comp id="1230" class="1004" name="local_input_51_addr_gep_fu_1230">
<pin_list>
<pin id="1231" dir="0" index="0" bw="32" slack="0"/>
<pin id="1232" dir="0" index="1" bw="1" slack="0"/>
<pin id="1233" dir="0" index="2" bw="8" slack="0"/>
<pin id="1234" dir="1" index="3" bw="8" slack="0"/>
</pin_list>
<bind>
<opcode="getelementptr(29) " fcode="getelementptr"/>
<opset="local_input_51_addr/1 "/>
</bind>
</comp>

<comp id="1237" class="1004" name="grp_access_fu_1237">
<pin_list>
<pin id="1238" dir="0" index="0" bw="8" slack="0"/>
<pin id="1239" dir="0" index="1" bw="32" slack="2147483647"/>
<pin id="1240" dir="0" index="2" bw="0" slack="2147483647"/>
<pin id="1241" dir="1" index="3" bw="32" slack="0"/>
</pin_list>
<bind>
<opcode="load(27) " fcode="load"/>
<opset="local_input_51_load/1 "/>
</bind>
</comp>

<comp id="1243" class="1004" name="local_input_52_addr_gep_fu_1243">
<pin_list>
<pin id="1244" dir="0" index="0" bw="32" slack="0"/>
<pin id="1245" dir="0" index="1" bw="1" slack="0"/>
<pin id="1246" dir="0" index="2" bw="8" slack="0"/>
<pin id="1247" dir="1" index="3" bw="8" slack="0"/>
</pin_list>
<bind>
<opcode="getelementptr(29) " fcode="getelementptr"/>
<opset="local_input_52_addr/1 "/>
</bind>
</comp>

<comp id="1250" class="1004" name="grp_access_fu_1250">
<pin_list>
<pin id="1251" dir="0" index="0" bw="8" slack="0"/>
<pin id="1252" dir="0" index="1" bw="32" slack="2147483647"/>
<pin id="1253" dir="0" index="2" bw="0" slack="2147483647"/>
<pin id="1254" dir="1" index="3" bw="32" slack="0"/>
</pin_list>
<bind>
<opcode="load(27) " fcode="load"/>
<opset="local_input_52_load/1 "/>
</bind>
</comp>

<comp id="1256" class="1004" name="local_input_53_addr_gep_fu_1256">
<pin_list>
<pin id="1257" dir="0" index="0" bw="32" slack="0"/>
<pin id="1258" dir="0" index="1" bw="1" slack="0"/>
<pin id="1259" dir="0" index="2" bw="8" slack="0"/>
<pin id="1260" dir="1" index="3" bw="8" slack="0"/>
</pin_list>
<bind>
<opcode="getelementptr(29) " fcode="getelementptr"/>
<opset="local_input_53_addr/1 "/>
</bind>
</comp>

<comp id="1263" class="1004" name="grp_access_fu_1263">
<pin_list>
<pin id="1264" dir="0" index="0" bw="8" slack="0"/>
<pin id="1265" dir="0" index="1" bw="32" slack="2147483647"/>
<pin id="1266" dir="0" index="2" bw="0" slack="2147483647"/>
<pin id="1267" dir="1" index="3" bw="32" slack="0"/>
</pin_list>
<bind>
<opcode="load(27) " fcode="load"/>
<opset="local_input_53_load/1 "/>
</bind>
</comp>

<comp id="1269" class="1004" name="local_input_54_addr_gep_fu_1269">
<pin_list>
<pin id="1270" dir="0" index="0" bw="32" slack="0"/>
<pin id="1271" dir="0" index="1" bw="1" slack="0"/>
<pin id="1272" dir="0" index="2" bw="8" slack="0"/>
<pin id="1273" dir="1" index="3" bw="8" slack="0"/>
</pin_list>
<bind>
<opcode="getelementptr(29) " fcode="getelementptr"/>
<opset="local_input_54_addr/1 "/>
</bind>
</comp>

<comp id="1276" class="1004" name="grp_access_fu_1276">
<pin_list>
<pin id="1277" dir="0" index="0" bw="8" slack="0"/>
<pin id="1278" dir="0" index="1" bw="32" slack="2147483647"/>
<pin id="1279" dir="0" index="2" bw="0" slack="2147483647"/>
<pin id="1280" dir="1" index="3" bw="32" slack="0"/>
</pin_list>
<bind>
<opcode="load(27) " fcode="load"/>
<opset="local_input_54_load/1 "/>
</bind>
</comp>

<comp id="1282" class="1004" name="local_input_55_addr_gep_fu_1282">
<pin_list>
<pin id="1283" dir="0" index="0" bw="32" slack="0"/>
<pin id="1284" dir="0" index="1" bw="1" slack="0"/>
<pin id="1285" dir="0" index="2" bw="8" slack="0"/>
<pin id="1286" dir="1" index="3" bw="8" slack="0"/>
</pin_list>
<bind>
<opcode="getelementptr(29) " fcode="getelementptr"/>
<opset="local_input_55_addr/1 "/>
</bind>
</comp>

<comp id="1289" class="1004" name="grp_access_fu_1289">
<pin_list>
<pin id="1290" dir="0" index="0" bw="8" slack="0"/>
<pin id="1291" dir="0" index="1" bw="32" slack="2147483647"/>
<pin id="1292" dir="0" index="2" bw="0" slack="2147483647"/>
<pin id="1293" dir="1" index="3" bw="32" slack="0"/>
</pin_list>
<bind>
<opcode="load(27) " fcode="load"/>
<opset="local_input_55_load/1 "/>
</bind>
</comp>

<comp id="1295" class="1004" name="local_input_56_addr_gep_fu_1295">
<pin_list>
<pin id="1296" dir="0" index="0" bw="32" slack="0"/>
<pin id="1297" dir="0" index="1" bw="1" slack="0"/>
<pin id="1298" dir="0" index="2" bw="8" slack="0"/>
<pin id="1299" dir="1" index="3" bw="8" slack="0"/>
</pin_list>
<bind>
<opcode="getelementptr(29) " fcode="getelementptr"/>
<opset="local_input_56_addr/1 "/>
</bind>
</comp>

<comp id="1302" class="1004" name="grp_access_fu_1302">
<pin_list>
<pin id="1303" dir="0" index="0" bw="8" slack="0"/>
<pin id="1304" dir="0" index="1" bw="32" slack="2147483647"/>
<pin id="1305" dir="0" index="2" bw="0" slack="2147483647"/>
<pin id="1306" dir="1" index="3" bw="32" slack="0"/>
</pin_list>
<bind>
<opcode="load(27) " fcode="load"/>
<opset="local_input_56_load/1 "/>
</bind>
</comp>

<comp id="1308" class="1004" name="local_input_57_addr_gep_fu_1308">
<pin_list>
<pin id="1309" dir="0" index="0" bw="32" slack="0"/>
<pin id="1310" dir="0" index="1" bw="1" slack="0"/>
<pin id="1311" dir="0" index="2" bw="8" slack="0"/>
<pin id="1312" dir="1" index="3" bw="8" slack="0"/>
</pin_list>
<bind>
<opcode="getelementptr(29) " fcode="getelementptr"/>
<opset="local_input_57_addr/1 "/>
</bind>
</comp>

<comp id="1315" class="1004" name="grp_access_fu_1315">
<pin_list>
<pin id="1316" dir="0" index="0" bw="8" slack="0"/>
<pin id="1317" dir="0" index="1" bw="32" slack="2147483647"/>
<pin id="1318" dir="0" index="2" bw="0" slack="2147483647"/>
<pin id="1319" dir="1" index="3" bw="32" slack="0"/>
</pin_list>
<bind>
<opcode="load(27) " fcode="load"/>
<opset="local_input_57_load/1 "/>
</bind>
</comp>

<comp id="1321" class="1004" name="local_input_58_addr_gep_fu_1321">
<pin_list>
<pin id="1322" dir="0" index="0" bw="32" slack="0"/>
<pin id="1323" dir="0" index="1" bw="1" slack="0"/>
<pin id="1324" dir="0" index="2" bw="8" slack="0"/>
<pin id="1325" dir="1" index="3" bw="8" slack="0"/>
</pin_list>
<bind>
<opcode="getelementptr(29) " fcode="getelementptr"/>
<opset="local_input_58_addr/1 "/>
</bind>
</comp>

<comp id="1328" class="1004" name="grp_access_fu_1328">
<pin_list>
<pin id="1329" dir="0" index="0" bw="8" slack="0"/>
<pin id="1330" dir="0" index="1" bw="32" slack="2147483647"/>
<pin id="1331" dir="0" index="2" bw="0" slack="2147483647"/>
<pin id="1332" dir="1" index="3" bw="32" slack="0"/>
</pin_list>
<bind>
<opcode="load(27) " fcode="load"/>
<opset="local_input_58_load/1 "/>
</bind>
</comp>

<comp id="1334" class="1004" name="local_input_59_addr_gep_fu_1334">
<pin_list>
<pin id="1335" dir="0" index="0" bw="32" slack="0"/>
<pin id="1336" dir="0" index="1" bw="1" slack="0"/>
<pin id="1337" dir="0" index="2" bw="8" slack="0"/>
<pin id="1338" dir="1" index="3" bw="8" slack="0"/>
</pin_list>
<bind>
<opcode="getelementptr(29) " fcode="getelementptr"/>
<opset="local_input_59_addr/1 "/>
</bind>
</comp>

<comp id="1341" class="1004" name="grp_access_fu_1341">
<pin_list>
<pin id="1342" dir="0" index="0" bw="8" slack="0"/>
<pin id="1343" dir="0" index="1" bw="32" slack="2147483647"/>
<pin id="1344" dir="0" index="2" bw="0" slack="2147483647"/>
<pin id="1345" dir="1" index="3" bw="32" slack="0"/>
</pin_list>
<bind>
<opcode="load(27) " fcode="load"/>
<opset="local_input_59_load/1 "/>
</bind>
</comp>

<comp id="1347" class="1004" name="local_input_60_addr_gep_fu_1347">
<pin_list>
<pin id="1348" dir="0" index="0" bw="32" slack="0"/>
<pin id="1349" dir="0" index="1" bw="1" slack="0"/>
<pin id="1350" dir="0" index="2" bw="8" slack="0"/>
<pin id="1351" dir="1" index="3" bw="8" slack="0"/>
</pin_list>
<bind>
<opcode="getelementptr(29) " fcode="getelementptr"/>
<opset="local_input_60_addr/1 "/>
</bind>
</comp>

<comp id="1354" class="1004" name="grp_access_fu_1354">
<pin_list>
<pin id="1355" dir="0" index="0" bw="8" slack="0"/>
<pin id="1356" dir="0" index="1" bw="32" slack="2147483647"/>
<pin id="1357" dir="0" index="2" bw="0" slack="2147483647"/>
<pin id="1358" dir="1" index="3" bw="32" slack="0"/>
</pin_list>
<bind>
<opcode="load(27) " fcode="load"/>
<opset="local_input_60_load/1 "/>
</bind>
</comp>

<comp id="1360" class="1004" name="local_input_61_addr_gep_fu_1360">
<pin_list>
<pin id="1361" dir="0" index="0" bw="32" slack="0"/>
<pin id="1362" dir="0" index="1" bw="1" slack="0"/>
<pin id="1363" dir="0" index="2" bw="8" slack="0"/>
<pin id="1364" dir="1" index="3" bw="8" slack="0"/>
</pin_list>
<bind>
<opcode="getelementptr(29) " fcode="getelementptr"/>
<opset="local_input_61_addr/1 "/>
</bind>
</comp>

<comp id="1367" class="1004" name="grp_access_fu_1367">
<pin_list>
<pin id="1368" dir="0" index="0" bw="8" slack="0"/>
<pin id="1369" dir="0" index="1" bw="32" slack="2147483647"/>
<pin id="1370" dir="0" index="2" bw="0" slack="2147483647"/>
<pin id="1371" dir="1" index="3" bw="32" slack="0"/>
</pin_list>
<bind>
<opcode="load(27) " fcode="load"/>
<opset="local_input_61_load/1 "/>
</bind>
</comp>

<comp id="1373" class="1004" name="local_input_62_addr_gep_fu_1373">
<pin_list>
<pin id="1374" dir="0" index="0" bw="32" slack="0"/>
<pin id="1375" dir="0" index="1" bw="1" slack="0"/>
<pin id="1376" dir="0" index="2" bw="8" slack="0"/>
<pin id="1377" dir="1" index="3" bw="8" slack="0"/>
</pin_list>
<bind>
<opcode="getelementptr(29) " fcode="getelementptr"/>
<opset="local_input_62_addr/1 "/>
</bind>
</comp>

<comp id="1380" class="1004" name="grp_access_fu_1380">
<pin_list>
<pin id="1381" dir="0" index="0" bw="8" slack="0"/>
<pin id="1382" dir="0" index="1" bw="32" slack="2147483647"/>
<pin id="1383" dir="0" index="2" bw="0" slack="2147483647"/>
<pin id="1384" dir="1" index="3" bw="32" slack="0"/>
</pin_list>
<bind>
<opcode="load(27) " fcode="load"/>
<opset="local_input_62_load/1 "/>
</bind>
</comp>

<comp id="1386" class="1004" name="local_input_63_addr_gep_fu_1386">
<pin_list>
<pin id="1387" dir="0" index="0" bw="32" slack="0"/>
<pin id="1388" dir="0" index="1" bw="1" slack="0"/>
<pin id="1389" dir="0" index="2" bw="8" slack="0"/>
<pin id="1390" dir="1" index="3" bw="8" slack="0"/>
</pin_list>
<bind>
<opcode="getelementptr(29) " fcode="getelementptr"/>
<opset="local_input_63_addr/1 "/>
</bind>
</comp>

<comp id="1393" class="1004" name="grp_access_fu_1393">
<pin_list>
<pin id="1394" dir="0" index="0" bw="8" slack="0"/>
<pin id="1395" dir="0" index="1" bw="32" slack="2147483647"/>
<pin id="1396" dir="0" index="2" bw="0" slack="2147483647"/>
<pin id="1397" dir="1" index="3" bw="32" slack="0"/>
</pin_list>
<bind>
<opcode="load(27) " fcode="load"/>
<opset="local_input_63_load/1 "/>
</bind>
</comp>

<comp id="1399" class="1004" name="local_input_64_addr_gep_fu_1399">
<pin_list>
<pin id="1400" dir="0" index="0" bw="32" slack="0"/>
<pin id="1401" dir="0" index="1" bw="1" slack="0"/>
<pin id="1402" dir="0" index="2" bw="8" slack="0"/>
<pin id="1403" dir="1" index="3" bw="8" slack="0"/>
</pin_list>
<bind>
<opcode="getelementptr(29) " fcode="getelementptr"/>
<opset="local_input_64_addr/1 "/>
</bind>
</comp>

<comp id="1406" class="1004" name="grp_access_fu_1406">
<pin_list>
<pin id="1407" dir="0" index="0" bw="8" slack="0"/>
<pin id="1408" dir="0" index="1" bw="32" slack="2147483647"/>
<pin id="1409" dir="0" index="2" bw="0" slack="2147483647"/>
<pin id="1410" dir="1" index="3" bw="32" slack="0"/>
</pin_list>
<bind>
<opcode="load(27) " fcode="load"/>
<opset="local_input_64_load/1 "/>
</bind>
</comp>

<comp id="1412" class="1004" name="local_input_65_addr_gep_fu_1412">
<pin_list>
<pin id="1413" dir="0" index="0" bw="32" slack="0"/>
<pin id="1414" dir="0" index="1" bw="1" slack="0"/>
<pin id="1415" dir="0" index="2" bw="8" slack="0"/>
<pin id="1416" dir="1" index="3" bw="8" slack="0"/>
</pin_list>
<bind>
<opcode="getelementptr(29) " fcode="getelementptr"/>
<opset="local_input_65_addr/1 "/>
</bind>
</comp>

<comp id="1419" class="1004" name="grp_access_fu_1419">
<pin_list>
<pin id="1420" dir="0" index="0" bw="8" slack="0"/>
<pin id="1421" dir="0" index="1" bw="32" slack="2147483647"/>
<pin id="1422" dir="0" index="2" bw="0" slack="2147483647"/>
<pin id="1423" dir="1" index="3" bw="32" slack="0"/>
</pin_list>
<bind>
<opcode="load(27) " fcode="load"/>
<opset="local_input_65_load/1 "/>
</bind>
</comp>

<comp id="1425" class="1004" name="local_input_66_addr_gep_fu_1425">
<pin_list>
<pin id="1426" dir="0" index="0" bw="32" slack="0"/>
<pin id="1427" dir="0" index="1" bw="1" slack="0"/>
<pin id="1428" dir="0" index="2" bw="8" slack="0"/>
<pin id="1429" dir="1" index="3" bw="8" slack="0"/>
</pin_list>
<bind>
<opcode="getelementptr(29) " fcode="getelementptr"/>
<opset="local_input_66_addr/1 "/>
</bind>
</comp>

<comp id="1432" class="1004" name="grp_access_fu_1432">
<pin_list>
<pin id="1433" dir="0" index="0" bw="8" slack="0"/>
<pin id="1434" dir="0" index="1" bw="32" slack="2147483647"/>
<pin id="1435" dir="0" index="2" bw="0" slack="2147483647"/>
<pin id="1436" dir="1" index="3" bw="32" slack="0"/>
</pin_list>
<bind>
<opcode="load(27) " fcode="load"/>
<opset="local_input_66_load/1 "/>
</bind>
</comp>

<comp id="1438" class="1004" name="local_input_67_addr_gep_fu_1438">
<pin_list>
<pin id="1439" dir="0" index="0" bw="32" slack="0"/>
<pin id="1440" dir="0" index="1" bw="1" slack="0"/>
<pin id="1441" dir="0" index="2" bw="8" slack="0"/>
<pin id="1442" dir="1" index="3" bw="8" slack="0"/>
</pin_list>
<bind>
<opcode="getelementptr(29) " fcode="getelementptr"/>
<opset="local_input_67_addr/1 "/>
</bind>
</comp>

<comp id="1445" class="1004" name="grp_access_fu_1445">
<pin_list>
<pin id="1446" dir="0" index="0" bw="8" slack="0"/>
<pin id="1447" dir="0" index="1" bw="32" slack="2147483647"/>
<pin id="1448" dir="0" index="2" bw="0" slack="2147483647"/>
<pin id="1449" dir="1" index="3" bw="32" slack="0"/>
</pin_list>
<bind>
<opcode="load(27) " fcode="load"/>
<opset="local_input_67_load/1 "/>
</bind>
</comp>

<comp id="1451" class="1004" name="local_input_68_addr_gep_fu_1451">
<pin_list>
<pin id="1452" dir="0" index="0" bw="32" slack="0"/>
<pin id="1453" dir="0" index="1" bw="1" slack="0"/>
<pin id="1454" dir="0" index="2" bw="8" slack="0"/>
<pin id="1455" dir="1" index="3" bw="8" slack="0"/>
</pin_list>
<bind>
<opcode="getelementptr(29) " fcode="getelementptr"/>
<opset="local_input_68_addr/1 "/>
</bind>
</comp>

<comp id="1458" class="1004" name="grp_access_fu_1458">
<pin_list>
<pin id="1459" dir="0" index="0" bw="8" slack="0"/>
<pin id="1460" dir="0" index="1" bw="32" slack="2147483647"/>
<pin id="1461" dir="0" index="2" bw="0" slack="2147483647"/>
<pin id="1462" dir="1" index="3" bw="32" slack="0"/>
</pin_list>
<bind>
<opcode="load(27) " fcode="load"/>
<opset="local_input_68_load/1 "/>
</bind>
</comp>

<comp id="1464" class="1004" name="local_input_69_addr_gep_fu_1464">
<pin_list>
<pin id="1465" dir="0" index="0" bw="32" slack="0"/>
<pin id="1466" dir="0" index="1" bw="1" slack="0"/>
<pin id="1467" dir="0" index="2" bw="8" slack="0"/>
<pin id="1468" dir="1" index="3" bw="8" slack="0"/>
</pin_list>
<bind>
<opcode="getelementptr(29) " fcode="getelementptr"/>
<opset="local_input_69_addr/1 "/>
</bind>
</comp>

<comp id="1471" class="1004" name="grp_access_fu_1471">
<pin_list>
<pin id="1472" dir="0" index="0" bw="8" slack="0"/>
<pin id="1473" dir="0" index="1" bw="32" slack="2147483647"/>
<pin id="1474" dir="0" index="2" bw="0" slack="2147483647"/>
<pin id="1475" dir="1" index="3" bw="32" slack="0"/>
</pin_list>
<bind>
<opcode="load(27) " fcode="load"/>
<opset="local_input_69_load/1 "/>
</bind>
</comp>

<comp id="1477" class="1004" name="local_input_70_addr_gep_fu_1477">
<pin_list>
<pin id="1478" dir="0" index="0" bw="32" slack="0"/>
<pin id="1479" dir="0" index="1" bw="1" slack="0"/>
<pin id="1480" dir="0" index="2" bw="8" slack="0"/>
<pin id="1481" dir="1" index="3" bw="8" slack="0"/>
</pin_list>
<bind>
<opcode="getelementptr(29) " fcode="getelementptr"/>
<opset="local_input_70_addr/1 "/>
</bind>
</comp>

<comp id="1484" class="1004" name="grp_access_fu_1484">
<pin_list>
<pin id="1485" dir="0" index="0" bw="8" slack="0"/>
<pin id="1486" dir="0" index="1" bw="32" slack="2147483647"/>
<pin id="1487" dir="0" index="2" bw="0" slack="2147483647"/>
<pin id="1488" dir="1" index="3" bw="32" slack="0"/>
</pin_list>
<bind>
<opcode="load(27) " fcode="load"/>
<opset="local_input_70_load/1 "/>
</bind>
</comp>

<comp id="1490" class="1004" name="local_input_71_addr_gep_fu_1490">
<pin_list>
<pin id="1491" dir="0" index="0" bw="32" slack="0"/>
<pin id="1492" dir="0" index="1" bw="1" slack="0"/>
<pin id="1493" dir="0" index="2" bw="8" slack="0"/>
<pin id="1494" dir="1" index="3" bw="8" slack="0"/>
</pin_list>
<bind>
<opcode="getelementptr(29) " fcode="getelementptr"/>
<opset="local_input_71_addr/1 "/>
</bind>
</comp>

<comp id="1497" class="1004" name="grp_access_fu_1497">
<pin_list>
<pin id="1498" dir="0" index="0" bw="8" slack="0"/>
<pin id="1499" dir="0" index="1" bw="32" slack="2147483647"/>
<pin id="1500" dir="0" index="2" bw="0" slack="2147483647"/>
<pin id="1501" dir="1" index="3" bw="32" slack="0"/>
</pin_list>
<bind>
<opcode="load(27) " fcode="load"/>
<opset="local_input_71_load/1 "/>
</bind>
</comp>

<comp id="1503" class="1004" name="local_input_72_addr_gep_fu_1503">
<pin_list>
<pin id="1504" dir="0" index="0" bw="32" slack="0"/>
<pin id="1505" dir="0" index="1" bw="1" slack="0"/>
<pin id="1506" dir="0" index="2" bw="8" slack="0"/>
<pin id="1507" dir="1" index="3" bw="8" slack="0"/>
</pin_list>
<bind>
<opcode="getelementptr(29) " fcode="getelementptr"/>
<opset="local_input_72_addr/1 "/>
</bind>
</comp>

<comp id="1510" class="1004" name="grp_access_fu_1510">
<pin_list>
<pin id="1511" dir="0" index="0" bw="8" slack="0"/>
<pin id="1512" dir="0" index="1" bw="32" slack="2147483647"/>
<pin id="1513" dir="0" index="2" bw="0" slack="2147483647"/>
<pin id="1514" dir="1" index="3" bw="32" slack="0"/>
</pin_list>
<bind>
<opcode="load(27) " fcode="load"/>
<opset="local_input_72_load/1 "/>
</bind>
</comp>

<comp id="1516" class="1004" name="local_input_73_addr_gep_fu_1516">
<pin_list>
<pin id="1517" dir="0" index="0" bw="32" slack="0"/>
<pin id="1518" dir="0" index="1" bw="1" slack="0"/>
<pin id="1519" dir="0" index="2" bw="8" slack="0"/>
<pin id="1520" dir="1" index="3" bw="8" slack="0"/>
</pin_list>
<bind>
<opcode="getelementptr(29) " fcode="getelementptr"/>
<opset="local_input_73_addr/1 "/>
</bind>
</comp>

<comp id="1523" class="1004" name="grp_access_fu_1523">
<pin_list>
<pin id="1524" dir="0" index="0" bw="8" slack="0"/>
<pin id="1525" dir="0" index="1" bw="32" slack="2147483647"/>
<pin id="1526" dir="0" index="2" bw="0" slack="2147483647"/>
<pin id="1527" dir="1" index="3" bw="32" slack="0"/>
</pin_list>
<bind>
<opcode="load(27) " fcode="load"/>
<opset="local_input_73_load/1 "/>
</bind>
</comp>

<comp id="1529" class="1004" name="local_input_74_addr_gep_fu_1529">
<pin_list>
<pin id="1530" dir="0" index="0" bw="32" slack="0"/>
<pin id="1531" dir="0" index="1" bw="1" slack="0"/>
<pin id="1532" dir="0" index="2" bw="8" slack="0"/>
<pin id="1533" dir="1" index="3" bw="8" slack="0"/>
</pin_list>
<bind>
<opcode="getelementptr(29) " fcode="getelementptr"/>
<opset="local_input_74_addr/1 "/>
</bind>
</comp>

<comp id="1536" class="1004" name="grp_access_fu_1536">
<pin_list>
<pin id="1537" dir="0" index="0" bw="8" slack="0"/>
<pin id="1538" dir="0" index="1" bw="32" slack="2147483647"/>
<pin id="1539" dir="0" index="2" bw="0" slack="2147483647"/>
<pin id="1540" dir="1" index="3" bw="32" slack="0"/>
</pin_list>
<bind>
<opcode="load(27) " fcode="load"/>
<opset="local_input_74_load/1 "/>
</bind>
</comp>

<comp id="1542" class="1004" name="local_input_75_addr_gep_fu_1542">
<pin_list>
<pin id="1543" dir="0" index="0" bw="32" slack="0"/>
<pin id="1544" dir="0" index="1" bw="1" slack="0"/>
<pin id="1545" dir="0" index="2" bw="8" slack="0"/>
<pin id="1546" dir="1" index="3" bw="8" slack="0"/>
</pin_list>
<bind>
<opcode="getelementptr(29) " fcode="getelementptr"/>
<opset="local_input_75_addr/1 "/>
</bind>
</comp>

<comp id="1549" class="1004" name="grp_access_fu_1549">
<pin_list>
<pin id="1550" dir="0" index="0" bw="8" slack="0"/>
<pin id="1551" dir="0" index="1" bw="32" slack="2147483647"/>
<pin id="1552" dir="0" index="2" bw="0" slack="2147483647"/>
<pin id="1553" dir="1" index="3" bw="32" slack="0"/>
</pin_list>
<bind>
<opcode="load(27) " fcode="load"/>
<opset="local_input_75_load/1 "/>
</bind>
</comp>

<comp id="1555" class="1004" name="local_input_76_addr_gep_fu_1555">
<pin_list>
<pin id="1556" dir="0" index="0" bw="32" slack="0"/>
<pin id="1557" dir="0" index="1" bw="1" slack="0"/>
<pin id="1558" dir="0" index="2" bw="8" slack="0"/>
<pin id="1559" dir="1" index="3" bw="8" slack="0"/>
</pin_list>
<bind>
<opcode="getelementptr(29) " fcode="getelementptr"/>
<opset="local_input_76_addr/1 "/>
</bind>
</comp>

<comp id="1562" class="1004" name="grp_access_fu_1562">
<pin_list>
<pin id="1563" dir="0" index="0" bw="8" slack="0"/>
<pin id="1564" dir="0" index="1" bw="32" slack="2147483647"/>
<pin id="1565" dir="0" index="2" bw="0" slack="2147483647"/>
<pin id="1566" dir="1" index="3" bw="32" slack="0"/>
</pin_list>
<bind>
<opcode="load(27) " fcode="load"/>
<opset="local_input_76_load/1 "/>
</bind>
</comp>

<comp id="1568" class="1004" name="local_input_77_addr_gep_fu_1568">
<pin_list>
<pin id="1569" dir="0" index="0" bw="32" slack="0"/>
<pin id="1570" dir="0" index="1" bw="1" slack="0"/>
<pin id="1571" dir="0" index="2" bw="8" slack="0"/>
<pin id="1572" dir="1" index="3" bw="8" slack="0"/>
</pin_list>
<bind>
<opcode="getelementptr(29) " fcode="getelementptr"/>
<opset="local_input_77_addr/1 "/>
</bind>
</comp>

<comp id="1575" class="1004" name="grp_access_fu_1575">
<pin_list>
<pin id="1576" dir="0" index="0" bw="8" slack="0"/>
<pin id="1577" dir="0" index="1" bw="32" slack="2147483647"/>
<pin id="1578" dir="0" index="2" bw="0" slack="2147483647"/>
<pin id="1579" dir="1" index="3" bw="32" slack="0"/>
</pin_list>
<bind>
<opcode="load(27) " fcode="load"/>
<opset="local_input_77_load/1 "/>
</bind>
</comp>

<comp id="1581" class="1004" name="local_input_78_addr_gep_fu_1581">
<pin_list>
<pin id="1582" dir="0" index="0" bw="32" slack="0"/>
<pin id="1583" dir="0" index="1" bw="1" slack="0"/>
<pin id="1584" dir="0" index="2" bw="8" slack="0"/>
<pin id="1585" dir="1" index="3" bw="8" slack="0"/>
</pin_list>
<bind>
<opcode="getelementptr(29) " fcode="getelementptr"/>
<opset="local_input_78_addr/1 "/>
</bind>
</comp>

<comp id="1588" class="1004" name="grp_access_fu_1588">
<pin_list>
<pin id="1589" dir="0" index="0" bw="8" slack="0"/>
<pin id="1590" dir="0" index="1" bw="32" slack="2147483647"/>
<pin id="1591" dir="0" index="2" bw="0" slack="2147483647"/>
<pin id="1592" dir="1" index="3" bw="32" slack="0"/>
</pin_list>
<bind>
<opcode="load(27) " fcode="load"/>
<opset="local_input_78_load/1 "/>
</bind>
</comp>

<comp id="1594" class="1004" name="local_input_79_addr_gep_fu_1594">
<pin_list>
<pin id="1595" dir="0" index="0" bw="32" slack="0"/>
<pin id="1596" dir="0" index="1" bw="1" slack="0"/>
<pin id="1597" dir="0" index="2" bw="8" slack="0"/>
<pin id="1598" dir="1" index="3" bw="8" slack="0"/>
</pin_list>
<bind>
<opcode="getelementptr(29) " fcode="getelementptr"/>
<opset="local_input_79_addr/1 "/>
</bind>
</comp>

<comp id="1601" class="1004" name="grp_access_fu_1601">
<pin_list>
<pin id="1602" dir="0" index="0" bw="8" slack="0"/>
<pin id="1603" dir="0" index="1" bw="32" slack="2147483647"/>
<pin id="1604" dir="0" index="2" bw="0" slack="2147483647"/>
<pin id="1605" dir="1" index="3" bw="32" slack="0"/>
</pin_list>
<bind>
<opcode="load(27) " fcode="load"/>
<opset="local_input_79_load/1 "/>
</bind>
</comp>

<comp id="1607" class="1004" name="local_input_80_addr_gep_fu_1607">
<pin_list>
<pin id="1608" dir="0" index="0" bw="32" slack="0"/>
<pin id="1609" dir="0" index="1" bw="1" slack="0"/>
<pin id="1610" dir="0" index="2" bw="8" slack="0"/>
<pin id="1611" dir="1" index="3" bw="8" slack="0"/>
</pin_list>
<bind>
<opcode="getelementptr(29) " fcode="getelementptr"/>
<opset="local_input_80_addr/1 "/>
</bind>
</comp>

<comp id="1614" class="1004" name="grp_access_fu_1614">
<pin_list>
<pin id="1615" dir="0" index="0" bw="8" slack="0"/>
<pin id="1616" dir="0" index="1" bw="32" slack="2147483647"/>
<pin id="1617" dir="0" index="2" bw="0" slack="2147483647"/>
<pin id="1618" dir="1" index="3" bw="32" slack="0"/>
</pin_list>
<bind>
<opcode="load(27) " fcode="load"/>
<opset="local_input_80_load/1 "/>
</bind>
</comp>

<comp id="1620" class="1004" name="local_input_81_addr_gep_fu_1620">
<pin_list>
<pin id="1621" dir="0" index="0" bw="32" slack="0"/>
<pin id="1622" dir="0" index="1" bw="1" slack="0"/>
<pin id="1623" dir="0" index="2" bw="8" slack="0"/>
<pin id="1624" dir="1" index="3" bw="8" slack="0"/>
</pin_list>
<bind>
<opcode="getelementptr(29) " fcode="getelementptr"/>
<opset="local_input_81_addr/1 "/>
</bind>
</comp>

<comp id="1627" class="1004" name="grp_access_fu_1627">
<pin_list>
<pin id="1628" dir="0" index="0" bw="8" slack="0"/>
<pin id="1629" dir="0" index="1" bw="32" slack="2147483647"/>
<pin id="1630" dir="0" index="2" bw="0" slack="2147483647"/>
<pin id="1631" dir="1" index="3" bw="32" slack="0"/>
</pin_list>
<bind>
<opcode="load(27) " fcode="load"/>
<opset="local_input_81_load/1 "/>
</bind>
</comp>

<comp id="1633" class="1004" name="local_input_82_addr_gep_fu_1633">
<pin_list>
<pin id="1634" dir="0" index="0" bw="32" slack="0"/>
<pin id="1635" dir="0" index="1" bw="1" slack="0"/>
<pin id="1636" dir="0" index="2" bw="8" slack="0"/>
<pin id="1637" dir="1" index="3" bw="8" slack="0"/>
</pin_list>
<bind>
<opcode="getelementptr(29) " fcode="getelementptr"/>
<opset="local_input_82_addr/1 "/>
</bind>
</comp>

<comp id="1640" class="1004" name="grp_access_fu_1640">
<pin_list>
<pin id="1641" dir="0" index="0" bw="8" slack="0"/>
<pin id="1642" dir="0" index="1" bw="32" slack="2147483647"/>
<pin id="1643" dir="0" index="2" bw="0" slack="2147483647"/>
<pin id="1644" dir="1" index="3" bw="32" slack="0"/>
</pin_list>
<bind>
<opcode="load(27) " fcode="load"/>
<opset="local_input_82_load/1 "/>
</bind>
</comp>

<comp id="1646" class="1004" name="local_input_83_addr_gep_fu_1646">
<pin_list>
<pin id="1647" dir="0" index="0" bw="32" slack="0"/>
<pin id="1648" dir="0" index="1" bw="1" slack="0"/>
<pin id="1649" dir="0" index="2" bw="8" slack="0"/>
<pin id="1650" dir="1" index="3" bw="8" slack="0"/>
</pin_list>
<bind>
<opcode="getelementptr(29) " fcode="getelementptr"/>
<opset="local_input_83_addr/1 "/>
</bind>
</comp>

<comp id="1653" class="1004" name="grp_access_fu_1653">
<pin_list>
<pin id="1654" dir="0" index="0" bw="8" slack="0"/>
<pin id="1655" dir="0" index="1" bw="32" slack="2147483647"/>
<pin id="1656" dir="0" index="2" bw="0" slack="2147483647"/>
<pin id="1657" dir="1" index="3" bw="32" slack="0"/>
</pin_list>
<bind>
<opcode="load(27) " fcode="load"/>
<opset="local_input_83_load/1 "/>
</bind>
</comp>

<comp id="1659" class="1004" name="local_input_84_addr_gep_fu_1659">
<pin_list>
<pin id="1660" dir="0" index="0" bw="32" slack="0"/>
<pin id="1661" dir="0" index="1" bw="1" slack="0"/>
<pin id="1662" dir="0" index="2" bw="8" slack="0"/>
<pin id="1663" dir="1" index="3" bw="8" slack="0"/>
</pin_list>
<bind>
<opcode="getelementptr(29) " fcode="getelementptr"/>
<opset="local_input_84_addr/1 "/>
</bind>
</comp>

<comp id="1666" class="1004" name="grp_access_fu_1666">
<pin_list>
<pin id="1667" dir="0" index="0" bw="8" slack="0"/>
<pin id="1668" dir="0" index="1" bw="32" slack="2147483647"/>
<pin id="1669" dir="0" index="2" bw="0" slack="2147483647"/>
<pin id="1670" dir="1" index="3" bw="32" slack="0"/>
</pin_list>
<bind>
<opcode="load(27) " fcode="load"/>
<opset="local_input_84_load/1 "/>
</bind>
</comp>

<comp id="1672" class="1004" name="local_input_85_addr_gep_fu_1672">
<pin_list>
<pin id="1673" dir="0" index="0" bw="32" slack="0"/>
<pin id="1674" dir="0" index="1" bw="1" slack="0"/>
<pin id="1675" dir="0" index="2" bw="8" slack="0"/>
<pin id="1676" dir="1" index="3" bw="8" slack="0"/>
</pin_list>
<bind>
<opcode="getelementptr(29) " fcode="getelementptr"/>
<opset="local_input_85_addr/1 "/>
</bind>
</comp>

<comp id="1679" class="1004" name="grp_access_fu_1679">
<pin_list>
<pin id="1680" dir="0" index="0" bw="8" slack="0"/>
<pin id="1681" dir="0" index="1" bw="32" slack="2147483647"/>
<pin id="1682" dir="0" index="2" bw="0" slack="2147483647"/>
<pin id="1683" dir="1" index="3" bw="32" slack="0"/>
</pin_list>
<bind>
<opcode="load(27) " fcode="load"/>
<opset="local_input_85_load/1 "/>
</bind>
</comp>

<comp id="1685" class="1004" name="local_input_86_addr_gep_fu_1685">
<pin_list>
<pin id="1686" dir="0" index="0" bw="32" slack="0"/>
<pin id="1687" dir="0" index="1" bw="1" slack="0"/>
<pin id="1688" dir="0" index="2" bw="8" slack="0"/>
<pin id="1689" dir="1" index="3" bw="8" slack="0"/>
</pin_list>
<bind>
<opcode="getelementptr(29) " fcode="getelementptr"/>
<opset="local_input_86_addr/1 "/>
</bind>
</comp>

<comp id="1692" class="1004" name="grp_access_fu_1692">
<pin_list>
<pin id="1693" dir="0" index="0" bw="8" slack="0"/>
<pin id="1694" dir="0" index="1" bw="32" slack="2147483647"/>
<pin id="1695" dir="0" index="2" bw="0" slack="2147483647"/>
<pin id="1696" dir="1" index="3" bw="32" slack="0"/>
</pin_list>
<bind>
<opcode="load(27) " fcode="load"/>
<opset="local_input_86_load/1 "/>
</bind>
</comp>

<comp id="1698" class="1004" name="local_input_87_addr_gep_fu_1698">
<pin_list>
<pin id="1699" dir="0" index="0" bw="32" slack="0"/>
<pin id="1700" dir="0" index="1" bw="1" slack="0"/>
<pin id="1701" dir="0" index="2" bw="8" slack="0"/>
<pin id="1702" dir="1" index="3" bw="8" slack="0"/>
</pin_list>
<bind>
<opcode="getelementptr(29) " fcode="getelementptr"/>
<opset="local_input_87_addr/1 "/>
</bind>
</comp>

<comp id="1705" class="1004" name="grp_access_fu_1705">
<pin_list>
<pin id="1706" dir="0" index="0" bw="8" slack="0"/>
<pin id="1707" dir="0" index="1" bw="32" slack="2147483647"/>
<pin id="1708" dir="0" index="2" bw="0" slack="2147483647"/>
<pin id="1709" dir="1" index="3" bw="32" slack="0"/>
</pin_list>
<bind>
<opcode="load(27) " fcode="load"/>
<opset="local_input_87_load/1 "/>
</bind>
</comp>

<comp id="1711" class="1004" name="local_input_88_addr_gep_fu_1711">
<pin_list>
<pin id="1712" dir="0" index="0" bw="32" slack="0"/>
<pin id="1713" dir="0" index="1" bw="1" slack="0"/>
<pin id="1714" dir="0" index="2" bw="8" slack="0"/>
<pin id="1715" dir="1" index="3" bw="8" slack="0"/>
</pin_list>
<bind>
<opcode="getelementptr(29) " fcode="getelementptr"/>
<opset="local_input_88_addr/1 "/>
</bind>
</comp>

<comp id="1718" class="1004" name="grp_access_fu_1718">
<pin_list>
<pin id="1719" dir="0" index="0" bw="8" slack="0"/>
<pin id="1720" dir="0" index="1" bw="32" slack="2147483647"/>
<pin id="1721" dir="0" index="2" bw="0" slack="2147483647"/>
<pin id="1722" dir="1" index="3" bw="32" slack="0"/>
</pin_list>
<bind>
<opcode="load(27) " fcode="load"/>
<opset="local_input_88_load/1 "/>
</bind>
</comp>

<comp id="1724" class="1004" name="local_input_89_addr_gep_fu_1724">
<pin_list>
<pin id="1725" dir="0" index="0" bw="32" slack="0"/>
<pin id="1726" dir="0" index="1" bw="1" slack="0"/>
<pin id="1727" dir="0" index="2" bw="8" slack="0"/>
<pin id="1728" dir="1" index="3" bw="8" slack="0"/>
</pin_list>
<bind>
<opcode="getelementptr(29) " fcode="getelementptr"/>
<opset="local_input_89_addr/1 "/>
</bind>
</comp>

<comp id="1731" class="1004" name="grp_access_fu_1731">
<pin_list>
<pin id="1732" dir="0" index="0" bw="8" slack="0"/>
<pin id="1733" dir="0" index="1" bw="32" slack="2147483647"/>
<pin id="1734" dir="0" index="2" bw="0" slack="2147483647"/>
<pin id="1735" dir="1" index="3" bw="32" slack="0"/>
</pin_list>
<bind>
<opcode="load(27) " fcode="load"/>
<opset="local_input_89_load/1 "/>
</bind>
</comp>

<comp id="1737" class="1004" name="local_input_90_addr_gep_fu_1737">
<pin_list>
<pin id="1738" dir="0" index="0" bw="32" slack="0"/>
<pin id="1739" dir="0" index="1" bw="1" slack="0"/>
<pin id="1740" dir="0" index="2" bw="8" slack="0"/>
<pin id="1741" dir="1" index="3" bw="8" slack="0"/>
</pin_list>
<bind>
<opcode="getelementptr(29) " fcode="getelementptr"/>
<opset="local_input_90_addr/1 "/>
</bind>
</comp>

<comp id="1744" class="1004" name="grp_access_fu_1744">
<pin_list>
<pin id="1745" dir="0" index="0" bw="8" slack="0"/>
<pin id="1746" dir="0" index="1" bw="32" slack="2147483647"/>
<pin id="1747" dir="0" index="2" bw="0" slack="2147483647"/>
<pin id="1748" dir="1" index="3" bw="32" slack="0"/>
</pin_list>
<bind>
<opcode="load(27) " fcode="load"/>
<opset="local_input_90_load/1 "/>
</bind>
</comp>

<comp id="1750" class="1004" name="local_input_91_addr_gep_fu_1750">
<pin_list>
<pin id="1751" dir="0" index="0" bw="32" slack="0"/>
<pin id="1752" dir="0" index="1" bw="1" slack="0"/>
<pin id="1753" dir="0" index="2" bw="8" slack="0"/>
<pin id="1754" dir="1" index="3" bw="8" slack="0"/>
</pin_list>
<bind>
<opcode="getelementptr(29) " fcode="getelementptr"/>
<opset="local_input_91_addr/1 "/>
</bind>
</comp>

<comp id="1757" class="1004" name="grp_access_fu_1757">
<pin_list>
<pin id="1758" dir="0" index="0" bw="8" slack="0"/>
<pin id="1759" dir="0" index="1" bw="32" slack="2147483647"/>
<pin id="1760" dir="0" index="2" bw="0" slack="2147483647"/>
<pin id="1761" dir="1" index="3" bw="32" slack="0"/>
</pin_list>
<bind>
<opcode="load(27) " fcode="load"/>
<opset="local_input_91_load/1 "/>
</bind>
</comp>

<comp id="1763" class="1004" name="local_input_92_addr_gep_fu_1763">
<pin_list>
<pin id="1764" dir="0" index="0" bw="32" slack="0"/>
<pin id="1765" dir="0" index="1" bw="1" slack="0"/>
<pin id="1766" dir="0" index="2" bw="8" slack="0"/>
<pin id="1767" dir="1" index="3" bw="8" slack="0"/>
</pin_list>
<bind>
<opcode="getelementptr(29) " fcode="getelementptr"/>
<opset="local_input_92_addr/1 "/>
</bind>
</comp>

<comp id="1770" class="1004" name="grp_access_fu_1770">
<pin_list>
<pin id="1771" dir="0" index="0" bw="8" slack="0"/>
<pin id="1772" dir="0" index="1" bw="32" slack="2147483647"/>
<pin id="1773" dir="0" index="2" bw="0" slack="2147483647"/>
<pin id="1774" dir="1" index="3" bw="32" slack="0"/>
</pin_list>
<bind>
<opcode="load(27) " fcode="load"/>
<opset="local_input_92_load/1 "/>
</bind>
</comp>

<comp id="1776" class="1004" name="local_input_93_addr_gep_fu_1776">
<pin_list>
<pin id="1777" dir="0" index="0" bw="32" slack="0"/>
<pin id="1778" dir="0" index="1" bw="1" slack="0"/>
<pin id="1779" dir="0" index="2" bw="8" slack="0"/>
<pin id="1780" dir="1" index="3" bw="8" slack="0"/>
</pin_list>
<bind>
<opcode="getelementptr(29) " fcode="getelementptr"/>
<opset="local_input_93_addr/1 "/>
</bind>
</comp>

<comp id="1783" class="1004" name="grp_access_fu_1783">
<pin_list>
<pin id="1784" dir="0" index="0" bw="8" slack="0"/>
<pin id="1785" dir="0" index="1" bw="32" slack="2147483647"/>
<pin id="1786" dir="0" index="2" bw="0" slack="2147483647"/>
<pin id="1787" dir="1" index="3" bw="32" slack="0"/>
</pin_list>
<bind>
<opcode="load(27) " fcode="load"/>
<opset="local_input_93_load/1 "/>
</bind>
</comp>

<comp id="1789" class="1004" name="local_input_94_addr_gep_fu_1789">
<pin_list>
<pin id="1790" dir="0" index="0" bw="32" slack="0"/>
<pin id="1791" dir="0" index="1" bw="1" slack="0"/>
<pin id="1792" dir="0" index="2" bw="8" slack="0"/>
<pin id="1793" dir="1" index="3" bw="8" slack="0"/>
</pin_list>
<bind>
<opcode="getelementptr(29) " fcode="getelementptr"/>
<opset="local_input_94_addr/1 "/>
</bind>
</comp>

<comp id="1796" class="1004" name="grp_access_fu_1796">
<pin_list>
<pin id="1797" dir="0" index="0" bw="8" slack="0"/>
<pin id="1798" dir="0" index="1" bw="32" slack="2147483647"/>
<pin id="1799" dir="0" index="2" bw="0" slack="2147483647"/>
<pin id="1800" dir="1" index="3" bw="32" slack="0"/>
</pin_list>
<bind>
<opcode="load(27) " fcode="load"/>
<opset="local_input_94_load/1 "/>
</bind>
</comp>

<comp id="1802" class="1004" name="local_input_95_addr_gep_fu_1802">
<pin_list>
<pin id="1803" dir="0" index="0" bw="32" slack="0"/>
<pin id="1804" dir="0" index="1" bw="1" slack="0"/>
<pin id="1805" dir="0" index="2" bw="8" slack="0"/>
<pin id="1806" dir="1" index="3" bw="8" slack="0"/>
</pin_list>
<bind>
<opcode="getelementptr(29) " fcode="getelementptr"/>
<opset="local_input_95_addr/1 "/>
</bind>
</comp>

<comp id="1809" class="1004" name="grp_access_fu_1809">
<pin_list>
<pin id="1810" dir="0" index="0" bw="8" slack="0"/>
<pin id="1811" dir="0" index="1" bw="32" slack="2147483647"/>
<pin id="1812" dir="0" index="2" bw="0" slack="2147483647"/>
<pin id="1813" dir="1" index="3" bw="32" slack="0"/>
</pin_list>
<bind>
<opcode="load(27) " fcode="load"/>
<opset="local_input_95_load/1 "/>
</bind>
</comp>

<comp id="1815" class="1004" name="local_input_96_addr_gep_fu_1815">
<pin_list>
<pin id="1816" dir="0" index="0" bw="32" slack="0"/>
<pin id="1817" dir="0" index="1" bw="1" slack="0"/>
<pin id="1818" dir="0" index="2" bw="8" slack="0"/>
<pin id="1819" dir="1" index="3" bw="8" slack="0"/>
</pin_list>
<bind>
<opcode="getelementptr(29) " fcode="getelementptr"/>
<opset="local_input_96_addr/1 "/>
</bind>
</comp>

<comp id="1822" class="1004" name="grp_access_fu_1822">
<pin_list>
<pin id="1823" dir="0" index="0" bw="8" slack="0"/>
<pin id="1824" dir="0" index="1" bw="32" slack="2147483647"/>
<pin id="1825" dir="0" index="2" bw="0" slack="2147483647"/>
<pin id="1826" dir="1" index="3" bw="32" slack="0"/>
</pin_list>
<bind>
<opcode="load(27) " fcode="load"/>
<opset="local_input_96_load/1 "/>
</bind>
</comp>

<comp id="1828" class="1004" name="local_input_97_addr_gep_fu_1828">
<pin_list>
<pin id="1829" dir="0" index="0" bw="32" slack="0"/>
<pin id="1830" dir="0" index="1" bw="1" slack="0"/>
<pin id="1831" dir="0" index="2" bw="8" slack="0"/>
<pin id="1832" dir="1" index="3" bw="8" slack="0"/>
</pin_list>
<bind>
<opcode="getelementptr(29) " fcode="getelementptr"/>
<opset="local_input_97_addr/1 "/>
</bind>
</comp>

<comp id="1835" class="1004" name="grp_access_fu_1835">
<pin_list>
<pin id="1836" dir="0" index="0" bw="8" slack="0"/>
<pin id="1837" dir="0" index="1" bw="32" slack="2147483647"/>
<pin id="1838" dir="0" index="2" bw="0" slack="2147483647"/>
<pin id="1839" dir="1" index="3" bw="32" slack="0"/>
</pin_list>
<bind>
<opcode="load(27) " fcode="load"/>
<opset="local_input_97_load/1 "/>
</bind>
</comp>

<comp id="1841" class="1004" name="local_input_98_addr_gep_fu_1841">
<pin_list>
<pin id="1842" dir="0" index="0" bw="32" slack="0"/>
<pin id="1843" dir="0" index="1" bw="1" slack="0"/>
<pin id="1844" dir="0" index="2" bw="8" slack="0"/>
<pin id="1845" dir="1" index="3" bw="8" slack="0"/>
</pin_list>
<bind>
<opcode="getelementptr(29) " fcode="getelementptr"/>
<opset="local_input_98_addr/1 "/>
</bind>
</comp>

<comp id="1848" class="1004" name="grp_access_fu_1848">
<pin_list>
<pin id="1849" dir="0" index="0" bw="8" slack="0"/>
<pin id="1850" dir="0" index="1" bw="32" slack="2147483647"/>
<pin id="1851" dir="0" index="2" bw="0" slack="2147483647"/>
<pin id="1852" dir="1" index="3" bw="32" slack="0"/>
</pin_list>
<bind>
<opcode="load(27) " fcode="load"/>
<opset="local_input_98_load/1 "/>
</bind>
</comp>

<comp id="1854" class="1004" name="local_input_99_addr_gep_fu_1854">
<pin_list>
<pin id="1855" dir="0" index="0" bw="32" slack="0"/>
<pin id="1856" dir="0" index="1" bw="1" slack="0"/>
<pin id="1857" dir="0" index="2" bw="8" slack="0"/>
<pin id="1858" dir="1" index="3" bw="8" slack="0"/>
</pin_list>
<bind>
<opcode="getelementptr(29) " fcode="getelementptr"/>
<opset="local_input_99_addr/1 "/>
</bind>
</comp>

<comp id="1861" class="1004" name="grp_access_fu_1861">
<pin_list>
<pin id="1862" dir="0" index="0" bw="8" slack="0"/>
<pin id="1863" dir="0" index="1" bw="32" slack="2147483647"/>
<pin id="1864" dir="0" index="2" bw="0" slack="2147483647"/>
<pin id="1865" dir="1" index="3" bw="32" slack="0"/>
</pin_list>
<bind>
<opcode="load(27) " fcode="load"/>
<opset="local_input_99_load/1 "/>
</bind>
</comp>

<comp id="1867" class="1004" name="local_input_100_addr_gep_fu_1867">
<pin_list>
<pin id="1868" dir="0" index="0" bw="32" slack="0"/>
<pin id="1869" dir="0" index="1" bw="1" slack="0"/>
<pin id="1870" dir="0" index="2" bw="8" slack="0"/>
<pin id="1871" dir="1" index="3" bw="8" slack="0"/>
</pin_list>
<bind>
<opcode="getelementptr(29) " fcode="getelementptr"/>
<opset="local_input_100_addr/1 "/>
</bind>
</comp>

<comp id="1874" class="1004" name="grp_access_fu_1874">
<pin_list>
<pin id="1875" dir="0" index="0" bw="8" slack="0"/>
<pin id="1876" dir="0" index="1" bw="32" slack="2147483647"/>
<pin id="1877" dir="0" index="2" bw="0" slack="2147483647"/>
<pin id="1878" dir="1" index="3" bw="32" slack="0"/>
</pin_list>
<bind>
<opcode="load(27) " fcode="load"/>
<opset="local_input_100_load/1 "/>
</bind>
</comp>

<comp id="1880" class="1004" name="local_input_101_addr_gep_fu_1880">
<pin_list>
<pin id="1881" dir="0" index="0" bw="32" slack="0"/>
<pin id="1882" dir="0" index="1" bw="1" slack="0"/>
<pin id="1883" dir="0" index="2" bw="8" slack="0"/>
<pin id="1884" dir="1" index="3" bw="8" slack="0"/>
</pin_list>
<bind>
<opcode="getelementptr(29) " fcode="getelementptr"/>
<opset="local_input_101_addr/1 "/>
</bind>
</comp>

<comp id="1887" class="1004" name="grp_access_fu_1887">
<pin_list>
<pin id="1888" dir="0" index="0" bw="8" slack="0"/>
<pin id="1889" dir="0" index="1" bw="32" slack="2147483647"/>
<pin id="1890" dir="0" index="2" bw="0" slack="2147483647"/>
<pin id="1891" dir="1" index="3" bw="32" slack="0"/>
</pin_list>
<bind>
<opcode="load(27) " fcode="load"/>
<opset="local_input_101_load/1 "/>
</bind>
</comp>

<comp id="1893" class="1004" name="local_input_102_addr_gep_fu_1893">
<pin_list>
<pin id="1894" dir="0" index="0" bw="32" slack="0"/>
<pin id="1895" dir="0" index="1" bw="1" slack="0"/>
<pin id="1896" dir="0" index="2" bw="8" slack="0"/>
<pin id="1897" dir="1" index="3" bw="8" slack="0"/>
</pin_list>
<bind>
<opcode="getelementptr(29) " fcode="getelementptr"/>
<opset="local_input_102_addr/1 "/>
</bind>
</comp>

<comp id="1900" class="1004" name="grp_access_fu_1900">
<pin_list>
<pin id="1901" dir="0" index="0" bw="8" slack="0"/>
<pin id="1902" dir="0" index="1" bw="32" slack="2147483647"/>
<pin id="1903" dir="0" index="2" bw="0" slack="2147483647"/>
<pin id="1904" dir="1" index="3" bw="32" slack="0"/>
</pin_list>
<bind>
<opcode="load(27) " fcode="load"/>
<opset="local_input_102_load/1 "/>
</bind>
</comp>

<comp id="1906" class="1004" name="local_input_103_addr_gep_fu_1906">
<pin_list>
<pin id="1907" dir="0" index="0" bw="32" slack="0"/>
<pin id="1908" dir="0" index="1" bw="1" slack="0"/>
<pin id="1909" dir="0" index="2" bw="8" slack="0"/>
<pin id="1910" dir="1" index="3" bw="8" slack="0"/>
</pin_list>
<bind>
<opcode="getelementptr(29) " fcode="getelementptr"/>
<opset="local_input_103_addr/1 "/>
</bind>
</comp>

<comp id="1913" class="1004" name="grp_access_fu_1913">
<pin_list>
<pin id="1914" dir="0" index="0" bw="8" slack="0"/>
<pin id="1915" dir="0" index="1" bw="32" slack="2147483647"/>
<pin id="1916" dir="0" index="2" bw="0" slack="2147483647"/>
<pin id="1917" dir="1" index="3" bw="32" slack="0"/>
</pin_list>
<bind>
<opcode="load(27) " fcode="load"/>
<opset="local_input_103_load/1 "/>
</bind>
</comp>

<comp id="1919" class="1004" name="local_input_104_addr_gep_fu_1919">
<pin_list>
<pin id="1920" dir="0" index="0" bw="32" slack="0"/>
<pin id="1921" dir="0" index="1" bw="1" slack="0"/>
<pin id="1922" dir="0" index="2" bw="8" slack="0"/>
<pin id="1923" dir="1" index="3" bw="8" slack="0"/>
</pin_list>
<bind>
<opcode="getelementptr(29) " fcode="getelementptr"/>
<opset="local_input_104_addr/1 "/>
</bind>
</comp>

<comp id="1926" class="1004" name="grp_access_fu_1926">
<pin_list>
<pin id="1927" dir="0" index="0" bw="8" slack="0"/>
<pin id="1928" dir="0" index="1" bw="32" slack="2147483647"/>
<pin id="1929" dir="0" index="2" bw="0" slack="2147483647"/>
<pin id="1930" dir="1" index="3" bw="32" slack="0"/>
</pin_list>
<bind>
<opcode="load(27) " fcode="load"/>
<opset="local_input_104_load/1 "/>
</bind>
</comp>

<comp id="1932" class="1004" name="local_input_105_addr_gep_fu_1932">
<pin_list>
<pin id="1933" dir="0" index="0" bw="32" slack="0"/>
<pin id="1934" dir="0" index="1" bw="1" slack="0"/>
<pin id="1935" dir="0" index="2" bw="8" slack="0"/>
<pin id="1936" dir="1" index="3" bw="8" slack="0"/>
</pin_list>
<bind>
<opcode="getelementptr(29) " fcode="getelementptr"/>
<opset="local_input_105_addr/1 "/>
</bind>
</comp>

<comp id="1939" class="1004" name="grp_access_fu_1939">
<pin_list>
<pin id="1940" dir="0" index="0" bw="8" slack="0"/>
<pin id="1941" dir="0" index="1" bw="32" slack="2147483647"/>
<pin id="1942" dir="0" index="2" bw="0" slack="2147483647"/>
<pin id="1943" dir="1" index="3" bw="32" slack="0"/>
</pin_list>
<bind>
<opcode="load(27) " fcode="load"/>
<opset="local_input_105_load/1 "/>
</bind>
</comp>

<comp id="1945" class="1004" name="local_input_106_addr_gep_fu_1945">
<pin_list>
<pin id="1946" dir="0" index="0" bw="32" slack="0"/>
<pin id="1947" dir="0" index="1" bw="1" slack="0"/>
<pin id="1948" dir="0" index="2" bw="8" slack="0"/>
<pin id="1949" dir="1" index="3" bw="8" slack="0"/>
</pin_list>
<bind>
<opcode="getelementptr(29) " fcode="getelementptr"/>
<opset="local_input_106_addr/1 "/>
</bind>
</comp>

<comp id="1952" class="1004" name="grp_access_fu_1952">
<pin_list>
<pin id="1953" dir="0" index="0" bw="8" slack="0"/>
<pin id="1954" dir="0" index="1" bw="32" slack="2147483647"/>
<pin id="1955" dir="0" index="2" bw="0" slack="2147483647"/>
<pin id="1956" dir="1" index="3" bw="32" slack="0"/>
</pin_list>
<bind>
<opcode="load(27) " fcode="load"/>
<opset="local_input_106_load/1 "/>
</bind>
</comp>

<comp id="1958" class="1004" name="local_input_107_addr_gep_fu_1958">
<pin_list>
<pin id="1959" dir="0" index="0" bw="32" slack="0"/>
<pin id="1960" dir="0" index="1" bw="1" slack="0"/>
<pin id="1961" dir="0" index="2" bw="8" slack="0"/>
<pin id="1962" dir="1" index="3" bw="8" slack="0"/>
</pin_list>
<bind>
<opcode="getelementptr(29) " fcode="getelementptr"/>
<opset="local_input_107_addr/1 "/>
</bind>
</comp>

<comp id="1965" class="1004" name="grp_access_fu_1965">
<pin_list>
<pin id="1966" dir="0" index="0" bw="8" slack="0"/>
<pin id="1967" dir="0" index="1" bw="32" slack="2147483647"/>
<pin id="1968" dir="0" index="2" bw="0" slack="2147483647"/>
<pin id="1969" dir="1" index="3" bw="32" slack="0"/>
</pin_list>
<bind>
<opcode="load(27) " fcode="load"/>
<opset="local_input_107_load/1 "/>
</bind>
</comp>

<comp id="1971" class="1004" name="local_input_108_addr_gep_fu_1971">
<pin_list>
<pin id="1972" dir="0" index="0" bw="32" slack="0"/>
<pin id="1973" dir="0" index="1" bw="1" slack="0"/>
<pin id="1974" dir="0" index="2" bw="8" slack="0"/>
<pin id="1975" dir="1" index="3" bw="8" slack="0"/>
</pin_list>
<bind>
<opcode="getelementptr(29) " fcode="getelementptr"/>
<opset="local_input_108_addr/1 "/>
</bind>
</comp>

<comp id="1978" class="1004" name="grp_access_fu_1978">
<pin_list>
<pin id="1979" dir="0" index="0" bw="8" slack="0"/>
<pin id="1980" dir="0" index="1" bw="32" slack="2147483647"/>
<pin id="1981" dir="0" index="2" bw="0" slack="2147483647"/>
<pin id="1982" dir="1" index="3" bw="32" slack="0"/>
</pin_list>
<bind>
<opcode="load(27) " fcode="load"/>
<opset="local_input_108_load/1 "/>
</bind>
</comp>

<comp id="1984" class="1004" name="local_input_109_addr_gep_fu_1984">
<pin_list>
<pin id="1985" dir="0" index="0" bw="32" slack="0"/>
<pin id="1986" dir="0" index="1" bw="1" slack="0"/>
<pin id="1987" dir="0" index="2" bw="8" slack="0"/>
<pin id="1988" dir="1" index="3" bw="8" slack="0"/>
</pin_list>
<bind>
<opcode="getelementptr(29) " fcode="getelementptr"/>
<opset="local_input_109_addr/1 "/>
</bind>
</comp>

<comp id="1991" class="1004" name="grp_access_fu_1991">
<pin_list>
<pin id="1992" dir="0" index="0" bw="8" slack="0"/>
<pin id="1993" dir="0" index="1" bw="32" slack="2147483647"/>
<pin id="1994" dir="0" index="2" bw="0" slack="2147483647"/>
<pin id="1995" dir="1" index="3" bw="32" slack="0"/>
</pin_list>
<bind>
<opcode="load(27) " fcode="load"/>
<opset="local_input_109_load/1 "/>
</bind>
</comp>

<comp id="1997" class="1004" name="local_input_110_addr_gep_fu_1997">
<pin_list>
<pin id="1998" dir="0" index="0" bw="32" slack="0"/>
<pin id="1999" dir="0" index="1" bw="1" slack="0"/>
<pin id="2000" dir="0" index="2" bw="8" slack="0"/>
<pin id="2001" dir="1" index="3" bw="8" slack="0"/>
</pin_list>
<bind>
<opcode="getelementptr(29) " fcode="getelementptr"/>
<opset="local_input_110_addr/1 "/>
</bind>
</comp>

<comp id="2004" class="1004" name="grp_access_fu_2004">
<pin_list>
<pin id="2005" dir="0" index="0" bw="8" slack="0"/>
<pin id="2006" dir="0" index="1" bw="32" slack="2147483647"/>
<pin id="2007" dir="0" index="2" bw="0" slack="2147483647"/>
<pin id="2008" dir="1" index="3" bw="32" slack="0"/>
</pin_list>
<bind>
<opcode="load(27) " fcode="load"/>
<opset="local_input_110_load/1 "/>
</bind>
</comp>

<comp id="2010" class="1004" name="local_input_111_addr_gep_fu_2010">
<pin_list>
<pin id="2011" dir="0" index="0" bw="32" slack="0"/>
<pin id="2012" dir="0" index="1" bw="1" slack="0"/>
<pin id="2013" dir="0" index="2" bw="8" slack="0"/>
<pin id="2014" dir="1" index="3" bw="8" slack="0"/>
</pin_list>
<bind>
<opcode="getelementptr(29) " fcode="getelementptr"/>
<opset="local_input_111_addr/1 "/>
</bind>
</comp>

<comp id="2017" class="1004" name="grp_access_fu_2017">
<pin_list>
<pin id="2018" dir="0" index="0" bw="8" slack="0"/>
<pin id="2019" dir="0" index="1" bw="32" slack="2147483647"/>
<pin id="2020" dir="0" index="2" bw="0" slack="2147483647"/>
<pin id="2021" dir="1" index="3" bw="32" slack="0"/>
</pin_list>
<bind>
<opcode="load(27) " fcode="load"/>
<opset="local_input_111_load/1 "/>
</bind>
</comp>

<comp id="2023" class="1004" name="local_input_112_addr_gep_fu_2023">
<pin_list>
<pin id="2024" dir="0" index="0" bw="32" slack="0"/>
<pin id="2025" dir="0" index="1" bw="1" slack="0"/>
<pin id="2026" dir="0" index="2" bw="8" slack="0"/>
<pin id="2027" dir="1" index="3" bw="8" slack="0"/>
</pin_list>
<bind>
<opcode="getelementptr(29) " fcode="getelementptr"/>
<opset="local_input_112_addr/1 "/>
</bind>
</comp>

<comp id="2030" class="1004" name="grp_access_fu_2030">
<pin_list>
<pin id="2031" dir="0" index="0" bw="8" slack="0"/>
<pin id="2032" dir="0" index="1" bw="32" slack="2147483647"/>
<pin id="2033" dir="0" index="2" bw="0" slack="2147483647"/>
<pin id="2034" dir="1" index="3" bw="32" slack="0"/>
</pin_list>
<bind>
<opcode="load(27) " fcode="load"/>
<opset="local_input_112_load/1 "/>
</bind>
</comp>

<comp id="2036" class="1004" name="local_input_113_addr_gep_fu_2036">
<pin_list>
<pin id="2037" dir="0" index="0" bw="32" slack="0"/>
<pin id="2038" dir="0" index="1" bw="1" slack="0"/>
<pin id="2039" dir="0" index="2" bw="8" slack="0"/>
<pin id="2040" dir="1" index="3" bw="8" slack="0"/>
</pin_list>
<bind>
<opcode="getelementptr(29) " fcode="getelementptr"/>
<opset="local_input_113_addr/1 "/>
</bind>
</comp>

<comp id="2043" class="1004" name="grp_access_fu_2043">
<pin_list>
<pin id="2044" dir="0" index="0" bw="8" slack="0"/>
<pin id="2045" dir="0" index="1" bw="32" slack="2147483647"/>
<pin id="2046" dir="0" index="2" bw="0" slack="2147483647"/>
<pin id="2047" dir="1" index="3" bw="32" slack="0"/>
</pin_list>
<bind>
<opcode="load(27) " fcode="load"/>
<opset="local_input_113_load/1 "/>
</bind>
</comp>

<comp id="2049" class="1004" name="local_input_114_addr_gep_fu_2049">
<pin_list>
<pin id="2050" dir="0" index="0" bw="32" slack="0"/>
<pin id="2051" dir="0" index="1" bw="1" slack="0"/>
<pin id="2052" dir="0" index="2" bw="8" slack="0"/>
<pin id="2053" dir="1" index="3" bw="8" slack="0"/>
</pin_list>
<bind>
<opcode="getelementptr(29) " fcode="getelementptr"/>
<opset="local_input_114_addr/1 "/>
</bind>
</comp>

<comp id="2056" class="1004" name="grp_access_fu_2056">
<pin_list>
<pin id="2057" dir="0" index="0" bw="8" slack="0"/>
<pin id="2058" dir="0" index="1" bw="32" slack="2147483647"/>
<pin id="2059" dir="0" index="2" bw="0" slack="2147483647"/>
<pin id="2060" dir="1" index="3" bw="32" slack="0"/>
</pin_list>
<bind>
<opcode="load(27) " fcode="load"/>
<opset="local_input_114_load/1 "/>
</bind>
</comp>

<comp id="2062" class="1004" name="local_input_115_addr_gep_fu_2062">
<pin_list>
<pin id="2063" dir="0" index="0" bw="32" slack="0"/>
<pin id="2064" dir="0" index="1" bw="1" slack="0"/>
<pin id="2065" dir="0" index="2" bw="8" slack="0"/>
<pin id="2066" dir="1" index="3" bw="8" slack="0"/>
</pin_list>
<bind>
<opcode="getelementptr(29) " fcode="getelementptr"/>
<opset="local_input_115_addr/1 "/>
</bind>
</comp>

<comp id="2069" class="1004" name="grp_access_fu_2069">
<pin_list>
<pin id="2070" dir="0" index="0" bw="8" slack="0"/>
<pin id="2071" dir="0" index="1" bw="32" slack="2147483647"/>
<pin id="2072" dir="0" index="2" bw="0" slack="2147483647"/>
<pin id="2073" dir="1" index="3" bw="32" slack="0"/>
</pin_list>
<bind>
<opcode="load(27) " fcode="load"/>
<opset="local_input_115_load/1 "/>
</bind>
</comp>

<comp id="2075" class="1004" name="local_input_116_addr_gep_fu_2075">
<pin_list>
<pin id="2076" dir="0" index="0" bw="32" slack="0"/>
<pin id="2077" dir="0" index="1" bw="1" slack="0"/>
<pin id="2078" dir="0" index="2" bw="8" slack="0"/>
<pin id="2079" dir="1" index="3" bw="8" slack="0"/>
</pin_list>
<bind>
<opcode="getelementptr(29) " fcode="getelementptr"/>
<opset="local_input_116_addr/1 "/>
</bind>
</comp>

<comp id="2082" class="1004" name="grp_access_fu_2082">
<pin_list>
<pin id="2083" dir="0" index="0" bw="8" slack="0"/>
<pin id="2084" dir="0" index="1" bw="32" slack="2147483647"/>
<pin id="2085" dir="0" index="2" bw="0" slack="2147483647"/>
<pin id="2086" dir="1" index="3" bw="32" slack="0"/>
</pin_list>
<bind>
<opcode="load(27) " fcode="load"/>
<opset="local_input_116_load/1 "/>
</bind>
</comp>

<comp id="2088" class="1004" name="local_input_117_addr_gep_fu_2088">
<pin_list>
<pin id="2089" dir="0" index="0" bw="32" slack="0"/>
<pin id="2090" dir="0" index="1" bw="1" slack="0"/>
<pin id="2091" dir="0" index="2" bw="8" slack="0"/>
<pin id="2092" dir="1" index="3" bw="8" slack="0"/>
</pin_list>
<bind>
<opcode="getelementptr(29) " fcode="getelementptr"/>
<opset="local_input_117_addr/1 "/>
</bind>
</comp>

<comp id="2095" class="1004" name="grp_access_fu_2095">
<pin_list>
<pin id="2096" dir="0" index="0" bw="8" slack="0"/>
<pin id="2097" dir="0" index="1" bw="32" slack="2147483647"/>
<pin id="2098" dir="0" index="2" bw="0" slack="2147483647"/>
<pin id="2099" dir="1" index="3" bw="32" slack="0"/>
</pin_list>
<bind>
<opcode="load(27) " fcode="load"/>
<opset="local_input_117_load/1 "/>
</bind>
</comp>

<comp id="2101" class="1004" name="local_input_118_addr_gep_fu_2101">
<pin_list>
<pin id="2102" dir="0" index="0" bw="32" slack="0"/>
<pin id="2103" dir="0" index="1" bw="1" slack="0"/>
<pin id="2104" dir="0" index="2" bw="8" slack="0"/>
<pin id="2105" dir="1" index="3" bw="8" slack="0"/>
</pin_list>
<bind>
<opcode="getelementptr(29) " fcode="getelementptr"/>
<opset="local_input_118_addr/1 "/>
</bind>
</comp>

<comp id="2108" class="1004" name="grp_access_fu_2108">
<pin_list>
<pin id="2109" dir="0" index="0" bw="8" slack="0"/>
<pin id="2110" dir="0" index="1" bw="32" slack="2147483647"/>
<pin id="2111" dir="0" index="2" bw="0" slack="2147483647"/>
<pin id="2112" dir="1" index="3" bw="32" slack="0"/>
</pin_list>
<bind>
<opcode="load(27) " fcode="load"/>
<opset="local_input_118_load/1 "/>
</bind>
</comp>

<comp id="2114" class="1004" name="local_input_119_addr_gep_fu_2114">
<pin_list>
<pin id="2115" dir="0" index="0" bw="32" slack="0"/>
<pin id="2116" dir="0" index="1" bw="1" slack="0"/>
<pin id="2117" dir="0" index="2" bw="8" slack="0"/>
<pin id="2118" dir="1" index="3" bw="8" slack="0"/>
</pin_list>
<bind>
<opcode="getelementptr(29) " fcode="getelementptr"/>
<opset="local_input_119_addr/1 "/>
</bind>
</comp>

<comp id="2121" class="1004" name="grp_access_fu_2121">
<pin_list>
<pin id="2122" dir="0" index="0" bw="8" slack="0"/>
<pin id="2123" dir="0" index="1" bw="32" slack="2147483647"/>
<pin id="2124" dir="0" index="2" bw="0" slack="2147483647"/>
<pin id="2125" dir="1" index="3" bw="32" slack="0"/>
</pin_list>
<bind>
<opcode="load(27) " fcode="load"/>
<opset="local_input_119_load/1 "/>
</bind>
</comp>

<comp id="2127" class="1004" name="local_input_120_addr_gep_fu_2127">
<pin_list>
<pin id="2128" dir="0" index="0" bw="32" slack="0"/>
<pin id="2129" dir="0" index="1" bw="1" slack="0"/>
<pin id="2130" dir="0" index="2" bw="8" slack="0"/>
<pin id="2131" dir="1" index="3" bw="8" slack="0"/>
</pin_list>
<bind>
<opcode="getelementptr(29) " fcode="getelementptr"/>
<opset="local_input_120_addr/1 "/>
</bind>
</comp>

<comp id="2134" class="1004" name="grp_access_fu_2134">
<pin_list>
<pin id="2135" dir="0" index="0" bw="8" slack="0"/>
<pin id="2136" dir="0" index="1" bw="32" slack="2147483647"/>
<pin id="2137" dir="0" index="2" bw="0" slack="2147483647"/>
<pin id="2138" dir="1" index="3" bw="32" slack="0"/>
</pin_list>
<bind>
<opcode="load(27) " fcode="load"/>
<opset="local_input_120_load/1 "/>
</bind>
</comp>

<comp id="2140" class="1004" name="local_input_121_addr_gep_fu_2140">
<pin_list>
<pin id="2141" dir="0" index="0" bw="32" slack="0"/>
<pin id="2142" dir="0" index="1" bw="1" slack="0"/>
<pin id="2143" dir="0" index="2" bw="8" slack="0"/>
<pin id="2144" dir="1" index="3" bw="8" slack="0"/>
</pin_list>
<bind>
<opcode="getelementptr(29) " fcode="getelementptr"/>
<opset="local_input_121_addr/1 "/>
</bind>
</comp>

<comp id="2147" class="1004" name="grp_access_fu_2147">
<pin_list>
<pin id="2148" dir="0" index="0" bw="8" slack="0"/>
<pin id="2149" dir="0" index="1" bw="32" slack="2147483647"/>
<pin id="2150" dir="0" index="2" bw="0" slack="2147483647"/>
<pin id="2151" dir="1" index="3" bw="32" slack="0"/>
</pin_list>
<bind>
<opcode="load(27) " fcode="load"/>
<opset="local_input_121_load/1 "/>
</bind>
</comp>

<comp id="2153" class="1004" name="local_input_122_addr_gep_fu_2153">
<pin_list>
<pin id="2154" dir="0" index="0" bw="32" slack="0"/>
<pin id="2155" dir="0" index="1" bw="1" slack="0"/>
<pin id="2156" dir="0" index="2" bw="8" slack="0"/>
<pin id="2157" dir="1" index="3" bw="8" slack="0"/>
</pin_list>
<bind>
<opcode="getelementptr(29) " fcode="getelementptr"/>
<opset="local_input_122_addr/1 "/>
</bind>
</comp>

<comp id="2160" class="1004" name="grp_access_fu_2160">
<pin_list>
<pin id="2161" dir="0" index="0" bw="8" slack="0"/>
<pin id="2162" dir="0" index="1" bw="32" slack="2147483647"/>
<pin id="2163" dir="0" index="2" bw="0" slack="2147483647"/>
<pin id="2164" dir="1" index="3" bw="32" slack="0"/>
</pin_list>
<bind>
<opcode="load(27) " fcode="load"/>
<opset="local_input_122_load/1 "/>
</bind>
</comp>

<comp id="2166" class="1004" name="local_input_123_addr_gep_fu_2166">
<pin_list>
<pin id="2167" dir="0" index="0" bw="32" slack="0"/>
<pin id="2168" dir="0" index="1" bw="1" slack="0"/>
<pin id="2169" dir="0" index="2" bw="8" slack="0"/>
<pin id="2170" dir="1" index="3" bw="8" slack="0"/>
</pin_list>
<bind>
<opcode="getelementptr(29) " fcode="getelementptr"/>
<opset="local_input_123_addr/1 "/>
</bind>
</comp>

<comp id="2173" class="1004" name="grp_access_fu_2173">
<pin_list>
<pin id="2174" dir="0" index="0" bw="8" slack="0"/>
<pin id="2175" dir="0" index="1" bw="32" slack="2147483647"/>
<pin id="2176" dir="0" index="2" bw="0" slack="2147483647"/>
<pin id="2177" dir="1" index="3" bw="32" slack="0"/>
</pin_list>
<bind>
<opcode="load(27) " fcode="load"/>
<opset="local_input_123_load/1 "/>
</bind>
</comp>

<comp id="2179" class="1004" name="local_input_124_addr_gep_fu_2179">
<pin_list>
<pin id="2180" dir="0" index="0" bw="32" slack="0"/>
<pin id="2181" dir="0" index="1" bw="1" slack="0"/>
<pin id="2182" dir="0" index="2" bw="8" slack="0"/>
<pin id="2183" dir="1" index="3" bw="8" slack="0"/>
</pin_list>
<bind>
<opcode="getelementptr(29) " fcode="getelementptr"/>
<opset="local_input_124_addr/1 "/>
</bind>
</comp>

<comp id="2186" class="1004" name="grp_access_fu_2186">
<pin_list>
<pin id="2187" dir="0" index="0" bw="8" slack="0"/>
<pin id="2188" dir="0" index="1" bw="32" slack="2147483647"/>
<pin id="2189" dir="0" index="2" bw="0" slack="2147483647"/>
<pin id="2190" dir="1" index="3" bw="32" slack="0"/>
</pin_list>
<bind>
<opcode="load(27) " fcode="load"/>
<opset="local_input_124_load/1 "/>
</bind>
</comp>

<comp id="2192" class="1004" name="local_input_125_addr_gep_fu_2192">
<pin_list>
<pin id="2193" dir="0" index="0" bw="32" slack="0"/>
<pin id="2194" dir="0" index="1" bw="1" slack="0"/>
<pin id="2195" dir="0" index="2" bw="8" slack="0"/>
<pin id="2196" dir="1" index="3" bw="8" slack="0"/>
</pin_list>
<bind>
<opcode="getelementptr(29) " fcode="getelementptr"/>
<opset="local_input_125_addr/1 "/>
</bind>
</comp>

<comp id="2199" class="1004" name="grp_access_fu_2199">
<pin_list>
<pin id="2200" dir="0" index="0" bw="8" slack="0"/>
<pin id="2201" dir="0" index="1" bw="32" slack="2147483647"/>
<pin id="2202" dir="0" index="2" bw="0" slack="2147483647"/>
<pin id="2203" dir="1" index="3" bw="32" slack="0"/>
</pin_list>
<bind>
<opcode="load(27) " fcode="load"/>
<opset="local_input_125_load/1 "/>
</bind>
</comp>

<comp id="2205" class="1004" name="local_input_126_addr_gep_fu_2205">
<pin_list>
<pin id="2206" dir="0" index="0" bw="32" slack="0"/>
<pin id="2207" dir="0" index="1" bw="1" slack="0"/>
<pin id="2208" dir="0" index="2" bw="8" slack="0"/>
<pin id="2209" dir="1" index="3" bw="8" slack="0"/>
</pin_list>
<bind>
<opcode="getelementptr(29) " fcode="getelementptr"/>
<opset="local_input_126_addr/1 "/>
</bind>
</comp>

<comp id="2212" class="1004" name="grp_access_fu_2212">
<pin_list>
<pin id="2213" dir="0" index="0" bw="8" slack="0"/>
<pin id="2214" dir="0" index="1" bw="32" slack="2147483647"/>
<pin id="2215" dir="0" index="2" bw="0" slack="2147483647"/>
<pin id="2216" dir="1" index="3" bw="32" slack="0"/>
</pin_list>
<bind>
<opcode="load(27) " fcode="load"/>
<opset="local_input_126_load/1 "/>
</bind>
</comp>

<comp id="2218" class="1004" name="local_input_127_addr_gep_fu_2218">
<pin_list>
<pin id="2219" dir="0" index="0" bw="32" slack="0"/>
<pin id="2220" dir="0" index="1" bw="1" slack="0"/>
<pin id="2221" dir="0" index="2" bw="8" slack="0"/>
<pin id="2222" dir="1" index="3" bw="8" slack="0"/>
</pin_list>
<bind>
<opcode="getelementptr(29) " fcode="getelementptr"/>
<opset="local_input_127_addr/1 "/>
</bind>
</comp>

<comp id="2225" class="1004" name="grp_access_fu_2225">
<pin_list>
<pin id="2226" dir="0" index="0" bw="8" slack="0"/>
<pin id="2227" dir="0" index="1" bw="32" slack="2147483647"/>
<pin id="2228" dir="0" index="2" bw="0" slack="2147483647"/>
<pin id="2229" dir="1" index="3" bw="32" slack="0"/>
</pin_list>
<bind>
<opcode="load(27) " fcode="load"/>
<opset="local_input_127_load/1 "/>
</bind>
</comp>

<comp id="2231" class="1004" name="local_input_128_addr_gep_fu_2231">
<pin_list>
<pin id="2232" dir="0" index="0" bw="32" slack="0"/>
<pin id="2233" dir="0" index="1" bw="1" slack="0"/>
<pin id="2234" dir="0" index="2" bw="8" slack="0"/>
<pin id="2235" dir="1" index="3" bw="8" slack="0"/>
</pin_list>
<bind>
<opcode="getelementptr(29) " fcode="getelementptr"/>
<opset="local_input_128_addr/1 "/>
</bind>
</comp>

<comp id="2238" class="1004" name="grp_access_fu_2238">
<pin_list>
<pin id="2239" dir="0" index="0" bw="8" slack="0"/>
<pin id="2240" dir="0" index="1" bw="32" slack="2147483647"/>
<pin id="2241" dir="0" index="2" bw="0" slack="2147483647"/>
<pin id="2242" dir="1" index="3" bw="32" slack="0"/>
</pin_list>
<bind>
<opcode="load(27) " fcode="load"/>
<opset="local_input_128_load/1 "/>
</bind>
</comp>

<comp id="2244" class="1004" name="local_input_129_addr_gep_fu_2244">
<pin_list>
<pin id="2245" dir="0" index="0" bw="32" slack="0"/>
<pin id="2246" dir="0" index="1" bw="1" slack="0"/>
<pin id="2247" dir="0" index="2" bw="8" slack="0"/>
<pin id="2248" dir="1" index="3" bw="8" slack="0"/>
</pin_list>
<bind>
<opcode="getelementptr(29) " fcode="getelementptr"/>
<opset="local_input_129_addr/1 "/>
</bind>
</comp>

<comp id="2251" class="1004" name="grp_access_fu_2251">
<pin_list>
<pin id="2252" dir="0" index="0" bw="8" slack="0"/>
<pin id="2253" dir="0" index="1" bw="32" slack="2147483647"/>
<pin id="2254" dir="0" index="2" bw="0" slack="2147483647"/>
<pin id="2255" dir="1" index="3" bw="32" slack="0"/>
</pin_list>
<bind>
<opcode="load(27) " fcode="load"/>
<opset="local_input_129_load/1 "/>
</bind>
</comp>

<comp id="2257" class="1004" name="local_input_130_addr_gep_fu_2257">
<pin_list>
<pin id="2258" dir="0" index="0" bw="32" slack="0"/>
<pin id="2259" dir="0" index="1" bw="1" slack="0"/>
<pin id="2260" dir="0" index="2" bw="8" slack="0"/>
<pin id="2261" dir="1" index="3" bw="8" slack="0"/>
</pin_list>
<bind>
<opcode="getelementptr(29) " fcode="getelementptr"/>
<opset="local_input_130_addr/1 "/>
</bind>
</comp>

<comp id="2264" class="1004" name="grp_access_fu_2264">
<pin_list>
<pin id="2265" dir="0" index="0" bw="8" slack="0"/>
<pin id="2266" dir="0" index="1" bw="32" slack="2147483647"/>
<pin id="2267" dir="0" index="2" bw="0" slack="2147483647"/>
<pin id="2268" dir="1" index="3" bw="32" slack="0"/>
</pin_list>
<bind>
<opcode="load(27) " fcode="load"/>
<opset="local_input_130_load/1 "/>
</bind>
</comp>

<comp id="2270" class="1004" name="local_input_131_addr_gep_fu_2270">
<pin_list>
<pin id="2271" dir="0" index="0" bw="32" slack="0"/>
<pin id="2272" dir="0" index="1" bw="1" slack="0"/>
<pin id="2273" dir="0" index="2" bw="8" slack="0"/>
<pin id="2274" dir="1" index="3" bw="8" slack="0"/>
</pin_list>
<bind>
<opcode="getelementptr(29) " fcode="getelementptr"/>
<opset="local_input_131_addr/1 "/>
</bind>
</comp>

<comp id="2277" class="1004" name="grp_access_fu_2277">
<pin_list>
<pin id="2278" dir="0" index="0" bw="8" slack="0"/>
<pin id="2279" dir="0" index="1" bw="32" slack="2147483647"/>
<pin id="2280" dir="0" index="2" bw="0" slack="2147483647"/>
<pin id="2281" dir="1" index="3" bw="32" slack="0"/>
</pin_list>
<bind>
<opcode="load(27) " fcode="load"/>
<opset="local_input_131_load/1 "/>
</bind>
</comp>

<comp id="2283" class="1004" name="local_input_132_addr_gep_fu_2283">
<pin_list>
<pin id="2284" dir="0" index="0" bw="32" slack="0"/>
<pin id="2285" dir="0" index="1" bw="1" slack="0"/>
<pin id="2286" dir="0" index="2" bw="8" slack="0"/>
<pin id="2287" dir="1" index="3" bw="8" slack="0"/>
</pin_list>
<bind>
<opcode="getelementptr(29) " fcode="getelementptr"/>
<opset="local_input_132_addr/1 "/>
</bind>
</comp>

<comp id="2290" class="1004" name="grp_access_fu_2290">
<pin_list>
<pin id="2291" dir="0" index="0" bw="8" slack="0"/>
<pin id="2292" dir="0" index="1" bw="32" slack="2147483647"/>
<pin id="2293" dir="0" index="2" bw="0" slack="2147483647"/>
<pin id="2294" dir="1" index="3" bw="32" slack="0"/>
</pin_list>
<bind>
<opcode="load(27) " fcode="load"/>
<opset="local_input_132_load/1 "/>
</bind>
</comp>

<comp id="2296" class="1004" name="local_input_133_addr_gep_fu_2296">
<pin_list>
<pin id="2297" dir="0" index="0" bw="32" slack="0"/>
<pin id="2298" dir="0" index="1" bw="1" slack="0"/>
<pin id="2299" dir="0" index="2" bw="8" slack="0"/>
<pin id="2300" dir="1" index="3" bw="8" slack="0"/>
</pin_list>
<bind>
<opcode="getelementptr(29) " fcode="getelementptr"/>
<opset="local_input_133_addr/1 "/>
</bind>
</comp>

<comp id="2303" class="1004" name="grp_access_fu_2303">
<pin_list>
<pin id="2304" dir="0" index="0" bw="8" slack="0"/>
<pin id="2305" dir="0" index="1" bw="32" slack="2147483647"/>
<pin id="2306" dir="0" index="2" bw="0" slack="2147483647"/>
<pin id="2307" dir="1" index="3" bw="32" slack="0"/>
</pin_list>
<bind>
<opcode="load(27) " fcode="load"/>
<opset="local_input_133_load/1 "/>
</bind>
</comp>

<comp id="2309" class="1004" name="local_input_134_addr_gep_fu_2309">
<pin_list>
<pin id="2310" dir="0" index="0" bw="32" slack="0"/>
<pin id="2311" dir="0" index="1" bw="1" slack="0"/>
<pin id="2312" dir="0" index="2" bw="8" slack="0"/>
<pin id="2313" dir="1" index="3" bw="8" slack="0"/>
</pin_list>
<bind>
<opcode="getelementptr(29) " fcode="getelementptr"/>
<opset="local_input_134_addr/1 "/>
</bind>
</comp>

<comp id="2316" class="1004" name="grp_access_fu_2316">
<pin_list>
<pin id="2317" dir="0" index="0" bw="8" slack="0"/>
<pin id="2318" dir="0" index="1" bw="32" slack="2147483647"/>
<pin id="2319" dir="0" index="2" bw="0" slack="2147483647"/>
<pin id="2320" dir="1" index="3" bw="32" slack="0"/>
</pin_list>
<bind>
<opcode="load(27) " fcode="load"/>
<opset="local_input_134_load/1 "/>
</bind>
</comp>

<comp id="2322" class="1004" name="local_input_135_addr_gep_fu_2322">
<pin_list>
<pin id="2323" dir="0" index="0" bw="32" slack="0"/>
<pin id="2324" dir="0" index="1" bw="1" slack="0"/>
<pin id="2325" dir="0" index="2" bw="8" slack="0"/>
<pin id="2326" dir="1" index="3" bw="8" slack="0"/>
</pin_list>
<bind>
<opcode="getelementptr(29) " fcode="getelementptr"/>
<opset="local_input_135_addr/1 "/>
</bind>
</comp>

<comp id="2329" class="1004" name="grp_access_fu_2329">
<pin_list>
<pin id="2330" dir="0" index="0" bw="8" slack="0"/>
<pin id="2331" dir="0" index="1" bw="32" slack="2147483647"/>
<pin id="2332" dir="0" index="2" bw="0" slack="2147483647"/>
<pin id="2333" dir="1" index="3" bw="32" slack="0"/>
</pin_list>
<bind>
<opcode="load(27) " fcode="load"/>
<opset="local_input_135_load/1 "/>
</bind>
</comp>

<comp id="2335" class="1004" name="local_input_136_addr_gep_fu_2335">
<pin_list>
<pin id="2336" dir="0" index="0" bw="32" slack="0"/>
<pin id="2337" dir="0" index="1" bw="1" slack="0"/>
<pin id="2338" dir="0" index="2" bw="8" slack="0"/>
<pin id="2339" dir="1" index="3" bw="8" slack="0"/>
</pin_list>
<bind>
<opcode="getelementptr(29) " fcode="getelementptr"/>
<opset="local_input_136_addr/1 "/>
</bind>
</comp>

<comp id="2342" class="1004" name="grp_access_fu_2342">
<pin_list>
<pin id="2343" dir="0" index="0" bw="8" slack="0"/>
<pin id="2344" dir="0" index="1" bw="32" slack="2147483647"/>
<pin id="2345" dir="0" index="2" bw="0" slack="2147483647"/>
<pin id="2346" dir="1" index="3" bw="32" slack="0"/>
</pin_list>
<bind>
<opcode="load(27) " fcode="load"/>
<opset="local_input_136_load/1 "/>
</bind>
</comp>

<comp id="2348" class="1004" name="local_input_137_addr_gep_fu_2348">
<pin_list>
<pin id="2349" dir="0" index="0" bw="32" slack="0"/>
<pin id="2350" dir="0" index="1" bw="1" slack="0"/>
<pin id="2351" dir="0" index="2" bw="8" slack="0"/>
<pin id="2352" dir="1" index="3" bw="8" slack="0"/>
</pin_list>
<bind>
<opcode="getelementptr(29) " fcode="getelementptr"/>
<opset="local_input_137_addr/1 "/>
</bind>
</comp>

<comp id="2355" class="1004" name="grp_access_fu_2355">
<pin_list>
<pin id="2356" dir="0" index="0" bw="8" slack="0"/>
<pin id="2357" dir="0" index="1" bw="32" slack="2147483647"/>
<pin id="2358" dir="0" index="2" bw="0" slack="2147483647"/>
<pin id="2359" dir="1" index="3" bw="32" slack="0"/>
</pin_list>
<bind>
<opcode="load(27) " fcode="load"/>
<opset="local_input_137_load/1 "/>
</bind>
</comp>

<comp id="2361" class="1004" name="local_input_138_addr_gep_fu_2361">
<pin_list>
<pin id="2362" dir="0" index="0" bw="32" slack="0"/>
<pin id="2363" dir="0" index="1" bw="1" slack="0"/>
<pin id="2364" dir="0" index="2" bw="8" slack="0"/>
<pin id="2365" dir="1" index="3" bw="8" slack="0"/>
</pin_list>
<bind>
<opcode="getelementptr(29) " fcode="getelementptr"/>
<opset="local_input_138_addr/1 "/>
</bind>
</comp>

<comp id="2368" class="1004" name="grp_access_fu_2368">
<pin_list>
<pin id="2369" dir="0" index="0" bw="8" slack="0"/>
<pin id="2370" dir="0" index="1" bw="32" slack="2147483647"/>
<pin id="2371" dir="0" index="2" bw="0" slack="2147483647"/>
<pin id="2372" dir="1" index="3" bw="32" slack="0"/>
</pin_list>
<bind>
<opcode="load(27) " fcode="load"/>
<opset="local_input_138_load/1 "/>
</bind>
</comp>

<comp id="2374" class="1004" name="local_input_139_addr_gep_fu_2374">
<pin_list>
<pin id="2375" dir="0" index="0" bw="32" slack="0"/>
<pin id="2376" dir="0" index="1" bw="1" slack="0"/>
<pin id="2377" dir="0" index="2" bw="8" slack="0"/>
<pin id="2378" dir="1" index="3" bw="8" slack="0"/>
</pin_list>
<bind>
<opcode="getelementptr(29) " fcode="getelementptr"/>
<opset="local_input_139_addr/1 "/>
</bind>
</comp>

<comp id="2381" class="1004" name="grp_access_fu_2381">
<pin_list>
<pin id="2382" dir="0" index="0" bw="8" slack="0"/>
<pin id="2383" dir="0" index="1" bw="32" slack="2147483647"/>
<pin id="2384" dir="0" index="2" bw="0" slack="2147483647"/>
<pin id="2385" dir="1" index="3" bw="32" slack="0"/>
</pin_list>
<bind>
<opcode="load(27) " fcode="load"/>
<opset="local_input_139_load/1 "/>
</bind>
</comp>

<comp id="2387" class="1004" name="local_input_140_addr_gep_fu_2387">
<pin_list>
<pin id="2388" dir="0" index="0" bw="32" slack="0"/>
<pin id="2389" dir="0" index="1" bw="1" slack="0"/>
<pin id="2390" dir="0" index="2" bw="8" slack="0"/>
<pin id="2391" dir="1" index="3" bw="8" slack="0"/>
</pin_list>
<bind>
<opcode="getelementptr(29) " fcode="getelementptr"/>
<opset="local_input_140_addr/1 "/>
</bind>
</comp>

<comp id="2394" class="1004" name="grp_access_fu_2394">
<pin_list>
<pin id="2395" dir="0" index="0" bw="8" slack="0"/>
<pin id="2396" dir="0" index="1" bw="32" slack="2147483647"/>
<pin id="2397" dir="0" index="2" bw="0" slack="2147483647"/>
<pin id="2398" dir="1" index="3" bw="32" slack="0"/>
</pin_list>
<bind>
<opcode="load(27) " fcode="load"/>
<opset="local_input_140_load/1 "/>
</bind>
</comp>

<comp id="2400" class="1004" name="local_input_141_addr_gep_fu_2400">
<pin_list>
<pin id="2401" dir="0" index="0" bw="32" slack="0"/>
<pin id="2402" dir="0" index="1" bw="1" slack="0"/>
<pin id="2403" dir="0" index="2" bw="8" slack="0"/>
<pin id="2404" dir="1" index="3" bw="8" slack="0"/>
</pin_list>
<bind>
<opcode="getelementptr(29) " fcode="getelementptr"/>
<opset="local_input_141_addr/1 "/>
</bind>
</comp>

<comp id="2407" class="1004" name="grp_access_fu_2407">
<pin_list>
<pin id="2408" dir="0" index="0" bw="8" slack="0"/>
<pin id="2409" dir="0" index="1" bw="32" slack="2147483647"/>
<pin id="2410" dir="0" index="2" bw="0" slack="2147483647"/>
<pin id="2411" dir="1" index="3" bw="32" slack="0"/>
</pin_list>
<bind>
<opcode="load(27) " fcode="load"/>
<opset="local_input_141_load/1 "/>
</bind>
</comp>

<comp id="2413" class="1004" name="local_input_142_addr_gep_fu_2413">
<pin_list>
<pin id="2414" dir="0" index="0" bw="32" slack="0"/>
<pin id="2415" dir="0" index="1" bw="1" slack="0"/>
<pin id="2416" dir="0" index="2" bw="8" slack="0"/>
<pin id="2417" dir="1" index="3" bw="8" slack="0"/>
</pin_list>
<bind>
<opcode="getelementptr(29) " fcode="getelementptr"/>
<opset="local_input_142_addr/1 "/>
</bind>
</comp>

<comp id="2420" class="1004" name="grp_access_fu_2420">
<pin_list>
<pin id="2421" dir="0" index="0" bw="8" slack="0"/>
<pin id="2422" dir="0" index="1" bw="32" slack="2147483647"/>
<pin id="2423" dir="0" index="2" bw="0" slack="2147483647"/>
<pin id="2424" dir="1" index="3" bw="32" slack="0"/>
</pin_list>
<bind>
<opcode="load(27) " fcode="load"/>
<opset="local_input_142_load/1 "/>
</bind>
</comp>

<comp id="2426" class="1004" name="local_input_143_addr_gep_fu_2426">
<pin_list>
<pin id="2427" dir="0" index="0" bw="32" slack="0"/>
<pin id="2428" dir="0" index="1" bw="1" slack="0"/>
<pin id="2429" dir="0" index="2" bw="8" slack="0"/>
<pin id="2430" dir="1" index="3" bw="8" slack="0"/>
</pin_list>
<bind>
<opcode="getelementptr(29) " fcode="getelementptr"/>
<opset="local_input_143_addr/1 "/>
</bind>
</comp>

<comp id="2433" class="1004" name="grp_access_fu_2433">
<pin_list>
<pin id="2434" dir="0" index="0" bw="8" slack="0"/>
<pin id="2435" dir="0" index="1" bw="32" slack="2147483647"/>
<pin id="2436" dir="0" index="2" bw="0" slack="2147483647"/>
<pin id="2437" dir="1" index="3" bw="32" slack="0"/>
</pin_list>
<bind>
<opcode="load(27) " fcode="load"/>
<opset="local_input_143_load/1 "/>
</bind>
</comp>

<comp id="2439" class="1004" name="local_input_144_addr_gep_fu_2439">
<pin_list>
<pin id="2440" dir="0" index="0" bw="32" slack="0"/>
<pin id="2441" dir="0" index="1" bw="1" slack="0"/>
<pin id="2442" dir="0" index="2" bw="8" slack="0"/>
<pin id="2443" dir="1" index="3" bw="8" slack="0"/>
</pin_list>
<bind>
<opcode="getelementptr(29) " fcode="getelementptr"/>
<opset="local_input_144_addr/1 "/>
</bind>
</comp>

<comp id="2446" class="1004" name="grp_access_fu_2446">
<pin_list>
<pin id="2447" dir="0" index="0" bw="8" slack="0"/>
<pin id="2448" dir="0" index="1" bw="32" slack="2147483647"/>
<pin id="2449" dir="0" index="2" bw="0" slack="2147483647"/>
<pin id="2450" dir="1" index="3" bw="32" slack="0"/>
</pin_list>
<bind>
<opcode="load(27) " fcode="load"/>
<opset="local_input_144_load/1 "/>
</bind>
</comp>

<comp id="2452" class="1004" name="local_input_145_addr_gep_fu_2452">
<pin_list>
<pin id="2453" dir="0" index="0" bw="32" slack="0"/>
<pin id="2454" dir="0" index="1" bw="1" slack="0"/>
<pin id="2455" dir="0" index="2" bw="8" slack="0"/>
<pin id="2456" dir="1" index="3" bw="8" slack="0"/>
</pin_list>
<bind>
<opcode="getelementptr(29) " fcode="getelementptr"/>
<opset="local_input_145_addr/1 "/>
</bind>
</comp>

<comp id="2459" class="1004" name="grp_access_fu_2459">
<pin_list>
<pin id="2460" dir="0" index="0" bw="8" slack="0"/>
<pin id="2461" dir="0" index="1" bw="32" slack="2147483647"/>
<pin id="2462" dir="0" index="2" bw="0" slack="2147483647"/>
<pin id="2463" dir="1" index="3" bw="32" slack="0"/>
</pin_list>
<bind>
<opcode="load(27) " fcode="load"/>
<opset="local_input_145_load/1 "/>
</bind>
</comp>

<comp id="2465" class="1004" name="local_input_146_addr_gep_fu_2465">
<pin_list>
<pin id="2466" dir="0" index="0" bw="32" slack="0"/>
<pin id="2467" dir="0" index="1" bw="1" slack="0"/>
<pin id="2468" dir="0" index="2" bw="8" slack="0"/>
<pin id="2469" dir="1" index="3" bw="8" slack="0"/>
</pin_list>
<bind>
<opcode="getelementptr(29) " fcode="getelementptr"/>
<opset="local_input_146_addr/1 "/>
</bind>
</comp>

<comp id="2472" class="1004" name="grp_access_fu_2472">
<pin_list>
<pin id="2473" dir="0" index="0" bw="8" slack="0"/>
<pin id="2474" dir="0" index="1" bw="32" slack="2147483647"/>
<pin id="2475" dir="0" index="2" bw="0" slack="2147483647"/>
<pin id="2476" dir="1" index="3" bw="32" slack="0"/>
</pin_list>
<bind>
<opcode="load(27) " fcode="load"/>
<opset="local_input_146_load/1 "/>
</bind>
</comp>

<comp id="2478" class="1004" name="local_input_147_addr_gep_fu_2478">
<pin_list>
<pin id="2479" dir="0" index="0" bw="32" slack="0"/>
<pin id="2480" dir="0" index="1" bw="1" slack="0"/>
<pin id="2481" dir="0" index="2" bw="8" slack="0"/>
<pin id="2482" dir="1" index="3" bw="8" slack="0"/>
</pin_list>
<bind>
<opcode="getelementptr(29) " fcode="getelementptr"/>
<opset="local_input_147_addr/1 "/>
</bind>
</comp>

<comp id="2485" class="1004" name="grp_access_fu_2485">
<pin_list>
<pin id="2486" dir="0" index="0" bw="8" slack="0"/>
<pin id="2487" dir="0" index="1" bw="32" slack="2147483647"/>
<pin id="2488" dir="0" index="2" bw="0" slack="2147483647"/>
<pin id="2489" dir="1" index="3" bw="32" slack="0"/>
</pin_list>
<bind>
<opcode="load(27) " fcode="load"/>
<opset="local_input_147_load/1 "/>
</bind>
</comp>

<comp id="2491" class="1004" name="local_input_148_addr_gep_fu_2491">
<pin_list>
<pin id="2492" dir="0" index="0" bw="32" slack="0"/>
<pin id="2493" dir="0" index="1" bw="1" slack="0"/>
<pin id="2494" dir="0" index="2" bw="8" slack="0"/>
<pin id="2495" dir="1" index="3" bw="8" slack="0"/>
</pin_list>
<bind>
<opcode="getelementptr(29) " fcode="getelementptr"/>
<opset="local_input_148_addr/1 "/>
</bind>
</comp>

<comp id="2498" class="1004" name="grp_access_fu_2498">
<pin_list>
<pin id="2499" dir="0" index="0" bw="8" slack="0"/>
<pin id="2500" dir="0" index="1" bw="32" slack="2147483647"/>
<pin id="2501" dir="0" index="2" bw="0" slack="2147483647"/>
<pin id="2502" dir="1" index="3" bw="32" slack="0"/>
</pin_list>
<bind>
<opcode="load(27) " fcode="load"/>
<opset="local_input_148_load/1 "/>
</bind>
</comp>

<comp id="2504" class="1004" name="local_input_149_addr_gep_fu_2504">
<pin_list>
<pin id="2505" dir="0" index="0" bw="32" slack="0"/>
<pin id="2506" dir="0" index="1" bw="1" slack="0"/>
<pin id="2507" dir="0" index="2" bw="8" slack="0"/>
<pin id="2508" dir="1" index="3" bw="8" slack="0"/>
</pin_list>
<bind>
<opcode="getelementptr(29) " fcode="getelementptr"/>
<opset="local_input_149_addr/1 "/>
</bind>
</comp>

<comp id="2511" class="1004" name="grp_access_fu_2511">
<pin_list>
<pin id="2512" dir="0" index="0" bw="8" slack="0"/>
<pin id="2513" dir="0" index="1" bw="32" slack="2147483647"/>
<pin id="2514" dir="0" index="2" bw="0" slack="2147483647"/>
<pin id="2515" dir="1" index="3" bw="32" slack="0"/>
</pin_list>
<bind>
<opcode="load(27) " fcode="load"/>
<opset="local_input_149_load/1 "/>
</bind>
</comp>

<comp id="2517" class="1004" name="local_input_150_addr_gep_fu_2517">
<pin_list>
<pin id="2518" dir="0" index="0" bw="32" slack="0"/>
<pin id="2519" dir="0" index="1" bw="1" slack="0"/>
<pin id="2520" dir="0" index="2" bw="8" slack="0"/>
<pin id="2521" dir="1" index="3" bw="8" slack="0"/>
</pin_list>
<bind>
<opcode="getelementptr(29) " fcode="getelementptr"/>
<opset="local_input_150_addr/1 "/>
</bind>
</comp>

<comp id="2524" class="1004" name="grp_access_fu_2524">
<pin_list>
<pin id="2525" dir="0" index="0" bw="8" slack="0"/>
<pin id="2526" dir="0" index="1" bw="32" slack="2147483647"/>
<pin id="2527" dir="0" index="2" bw="0" slack="2147483647"/>
<pin id="2528" dir="1" index="3" bw="32" slack="0"/>
</pin_list>
<bind>
<opcode="load(27) " fcode="load"/>
<opset="local_input_150_load/1 "/>
</bind>
</comp>

<comp id="2530" class="1004" name="local_input_151_addr_gep_fu_2530">
<pin_list>
<pin id="2531" dir="0" index="0" bw="32" slack="0"/>
<pin id="2532" dir="0" index="1" bw="1" slack="0"/>
<pin id="2533" dir="0" index="2" bw="8" slack="0"/>
<pin id="2534" dir="1" index="3" bw="8" slack="0"/>
</pin_list>
<bind>
<opcode="getelementptr(29) " fcode="getelementptr"/>
<opset="local_input_151_addr/1 "/>
</bind>
</comp>

<comp id="2537" class="1004" name="grp_access_fu_2537">
<pin_list>
<pin id="2538" dir="0" index="0" bw="8" slack="0"/>
<pin id="2539" dir="0" index="1" bw="32" slack="2147483647"/>
<pin id="2540" dir="0" index="2" bw="0" slack="2147483647"/>
<pin id="2541" dir="1" index="3" bw="32" slack="0"/>
</pin_list>
<bind>
<opcode="load(27) " fcode="load"/>
<opset="local_input_151_load/1 "/>
</bind>
</comp>

<comp id="2543" class="1004" name="local_input_152_addr_gep_fu_2543">
<pin_list>
<pin id="2544" dir="0" index="0" bw="32" slack="0"/>
<pin id="2545" dir="0" index="1" bw="1" slack="0"/>
<pin id="2546" dir="0" index="2" bw="8" slack="0"/>
<pin id="2547" dir="1" index="3" bw="8" slack="0"/>
</pin_list>
<bind>
<opcode="getelementptr(29) " fcode="getelementptr"/>
<opset="local_input_152_addr/1 "/>
</bind>
</comp>

<comp id="2550" class="1004" name="grp_access_fu_2550">
<pin_list>
<pin id="2551" dir="0" index="0" bw="8" slack="0"/>
<pin id="2552" dir="0" index="1" bw="32" slack="2147483647"/>
<pin id="2553" dir="0" index="2" bw="0" slack="2147483647"/>
<pin id="2554" dir="1" index="3" bw="32" slack="0"/>
</pin_list>
<bind>
<opcode="load(27) " fcode="load"/>
<opset="local_input_152_load/1 "/>
</bind>
</comp>

<comp id="2556" class="1004" name="local_input_153_addr_gep_fu_2556">
<pin_list>
<pin id="2557" dir="0" index="0" bw="32" slack="0"/>
<pin id="2558" dir="0" index="1" bw="1" slack="0"/>
<pin id="2559" dir="0" index="2" bw="8" slack="0"/>
<pin id="2560" dir="1" index="3" bw="8" slack="0"/>
</pin_list>
<bind>
<opcode="getelementptr(29) " fcode="getelementptr"/>
<opset="local_input_153_addr/1 "/>
</bind>
</comp>

<comp id="2563" class="1004" name="grp_access_fu_2563">
<pin_list>
<pin id="2564" dir="0" index="0" bw="8" slack="0"/>
<pin id="2565" dir="0" index="1" bw="32" slack="2147483647"/>
<pin id="2566" dir="0" index="2" bw="0" slack="2147483647"/>
<pin id="2567" dir="1" index="3" bw="32" slack="0"/>
</pin_list>
<bind>
<opcode="load(27) " fcode="load"/>
<opset="local_input_153_load/1 "/>
</bind>
</comp>

<comp id="2569" class="1004" name="local_input_154_addr_gep_fu_2569">
<pin_list>
<pin id="2570" dir="0" index="0" bw="32" slack="0"/>
<pin id="2571" dir="0" index="1" bw="1" slack="0"/>
<pin id="2572" dir="0" index="2" bw="8" slack="0"/>
<pin id="2573" dir="1" index="3" bw="8" slack="0"/>
</pin_list>
<bind>
<opcode="getelementptr(29) " fcode="getelementptr"/>
<opset="local_input_154_addr/1 "/>
</bind>
</comp>

<comp id="2576" class="1004" name="grp_access_fu_2576">
<pin_list>
<pin id="2577" dir="0" index="0" bw="8" slack="0"/>
<pin id="2578" dir="0" index="1" bw="32" slack="2147483647"/>
<pin id="2579" dir="0" index="2" bw="0" slack="2147483647"/>
<pin id="2580" dir="1" index="3" bw="32" slack="0"/>
</pin_list>
<bind>
<opcode="load(27) " fcode="load"/>
<opset="local_input_154_load/1 "/>
</bind>
</comp>

<comp id="2582" class="1004" name="local_input_155_addr_gep_fu_2582">
<pin_list>
<pin id="2583" dir="0" index="0" bw="32" slack="0"/>
<pin id="2584" dir="0" index="1" bw="1" slack="0"/>
<pin id="2585" dir="0" index="2" bw="8" slack="0"/>
<pin id="2586" dir="1" index="3" bw="8" slack="0"/>
</pin_list>
<bind>
<opcode="getelementptr(29) " fcode="getelementptr"/>
<opset="local_input_155_addr/1 "/>
</bind>
</comp>

<comp id="2589" class="1004" name="grp_access_fu_2589">
<pin_list>
<pin id="2590" dir="0" index="0" bw="8" slack="0"/>
<pin id="2591" dir="0" index="1" bw="32" slack="2147483647"/>
<pin id="2592" dir="0" index="2" bw="0" slack="2147483647"/>
<pin id="2593" dir="1" index="3" bw="32" slack="0"/>
</pin_list>
<bind>
<opcode="load(27) " fcode="load"/>
<opset="local_input_155_load/1 "/>
</bind>
</comp>

<comp id="2595" class="1004" name="local_input_156_addr_gep_fu_2595">
<pin_list>
<pin id="2596" dir="0" index="0" bw="32" slack="0"/>
<pin id="2597" dir="0" index="1" bw="1" slack="0"/>
<pin id="2598" dir="0" index="2" bw="8" slack="0"/>
<pin id="2599" dir="1" index="3" bw="8" slack="0"/>
</pin_list>
<bind>
<opcode="getelementptr(29) " fcode="getelementptr"/>
<opset="local_input_156_addr/1 "/>
</bind>
</comp>

<comp id="2602" class="1004" name="grp_access_fu_2602">
<pin_list>
<pin id="2603" dir="0" index="0" bw="8" slack="0"/>
<pin id="2604" dir="0" index="1" bw="32" slack="2147483647"/>
<pin id="2605" dir="0" index="2" bw="0" slack="2147483647"/>
<pin id="2606" dir="1" index="3" bw="32" slack="0"/>
</pin_list>
<bind>
<opcode="load(27) " fcode="load"/>
<opset="local_input_156_load/1 "/>
</bind>
</comp>

<comp id="2608" class="1004" name="local_input_157_addr_gep_fu_2608">
<pin_list>
<pin id="2609" dir="0" index="0" bw="32" slack="0"/>
<pin id="2610" dir="0" index="1" bw="1" slack="0"/>
<pin id="2611" dir="0" index="2" bw="8" slack="0"/>
<pin id="2612" dir="1" index="3" bw="8" slack="0"/>
</pin_list>
<bind>
<opcode="getelementptr(29) " fcode="getelementptr"/>
<opset="local_input_157_addr/1 "/>
</bind>
</comp>

<comp id="2615" class="1004" name="grp_access_fu_2615">
<pin_list>
<pin id="2616" dir="0" index="0" bw="8" slack="0"/>
<pin id="2617" dir="0" index="1" bw="32" slack="2147483647"/>
<pin id="2618" dir="0" index="2" bw="0" slack="2147483647"/>
<pin id="2619" dir="1" index="3" bw="32" slack="0"/>
</pin_list>
<bind>
<opcode="load(27) " fcode="load"/>
<opset="local_input_157_load/1 "/>
</bind>
</comp>

<comp id="2621" class="1004" name="local_input_158_addr_gep_fu_2621">
<pin_list>
<pin id="2622" dir="0" index="0" bw="32" slack="0"/>
<pin id="2623" dir="0" index="1" bw="1" slack="0"/>
<pin id="2624" dir="0" index="2" bw="8" slack="0"/>
<pin id="2625" dir="1" index="3" bw="8" slack="0"/>
</pin_list>
<bind>
<opcode="getelementptr(29) " fcode="getelementptr"/>
<opset="local_input_158_addr/1 "/>
</bind>
</comp>

<comp id="2628" class="1004" name="grp_access_fu_2628">
<pin_list>
<pin id="2629" dir="0" index="0" bw="8" slack="0"/>
<pin id="2630" dir="0" index="1" bw="32" slack="2147483647"/>
<pin id="2631" dir="0" index="2" bw="0" slack="2147483647"/>
<pin id="2632" dir="1" index="3" bw="32" slack="0"/>
</pin_list>
<bind>
<opcode="load(27) " fcode="load"/>
<opset="local_input_158_load/1 "/>
</bind>
</comp>

<comp id="2634" class="1004" name="local_input_159_addr_gep_fu_2634">
<pin_list>
<pin id="2635" dir="0" index="0" bw="32" slack="0"/>
<pin id="2636" dir="0" index="1" bw="1" slack="0"/>
<pin id="2637" dir="0" index="2" bw="8" slack="0"/>
<pin id="2638" dir="1" index="3" bw="8" slack="0"/>
</pin_list>
<bind>
<opcode="getelementptr(29) " fcode="getelementptr"/>
<opset="local_input_159_addr/1 "/>
</bind>
</comp>

<comp id="2641" class="1004" name="grp_access_fu_2641">
<pin_list>
<pin id="2642" dir="0" index="0" bw="8" slack="0"/>
<pin id="2643" dir="0" index="1" bw="32" slack="2147483647"/>
<pin id="2644" dir="0" index="2" bw="0" slack="2147483647"/>
<pin id="2645" dir="1" index="3" bw="32" slack="0"/>
</pin_list>
<bind>
<opcode="load(27) " fcode="load"/>
<opset="local_input_159_load/1 "/>
</bind>
</comp>

<comp id="2647" class="1004" name="local_input_160_addr_gep_fu_2647">
<pin_list>
<pin id="2648" dir="0" index="0" bw="32" slack="0"/>
<pin id="2649" dir="0" index="1" bw="1" slack="0"/>
<pin id="2650" dir="0" index="2" bw="8" slack="0"/>
<pin id="2651" dir="1" index="3" bw="8" slack="0"/>
</pin_list>
<bind>
<opcode="getelementptr(29) " fcode="getelementptr"/>
<opset="local_input_160_addr/1 "/>
</bind>
</comp>

<comp id="2654" class="1004" name="grp_access_fu_2654">
<pin_list>
<pin id="2655" dir="0" index="0" bw="8" slack="0"/>
<pin id="2656" dir="0" index="1" bw="32" slack="2147483647"/>
<pin id="2657" dir="0" index="2" bw="0" slack="2147483647"/>
<pin id="2658" dir="1" index="3" bw="32" slack="0"/>
</pin_list>
<bind>
<opcode="load(27) " fcode="load"/>
<opset="local_input_160_load/1 "/>
</bind>
</comp>

<comp id="2660" class="1004" name="local_input_161_addr_gep_fu_2660">
<pin_list>
<pin id="2661" dir="0" index="0" bw="32" slack="0"/>
<pin id="2662" dir="0" index="1" bw="1" slack="0"/>
<pin id="2663" dir="0" index="2" bw="8" slack="0"/>
<pin id="2664" dir="1" index="3" bw="8" slack="0"/>
</pin_list>
<bind>
<opcode="getelementptr(29) " fcode="getelementptr"/>
<opset="local_input_161_addr/1 "/>
</bind>
</comp>

<comp id="2667" class="1004" name="grp_access_fu_2667">
<pin_list>
<pin id="2668" dir="0" index="0" bw="8" slack="0"/>
<pin id="2669" dir="0" index="1" bw="32" slack="2147483647"/>
<pin id="2670" dir="0" index="2" bw="0" slack="2147483647"/>
<pin id="2671" dir="1" index="3" bw="32" slack="0"/>
</pin_list>
<bind>
<opcode="load(27) " fcode="load"/>
<opset="local_input_161_load/1 "/>
</bind>
</comp>

<comp id="2673" class="1004" name="local_input_162_addr_gep_fu_2673">
<pin_list>
<pin id="2674" dir="0" index="0" bw="32" slack="0"/>
<pin id="2675" dir="0" index="1" bw="1" slack="0"/>
<pin id="2676" dir="0" index="2" bw="8" slack="0"/>
<pin id="2677" dir="1" index="3" bw="8" slack="0"/>
</pin_list>
<bind>
<opcode="getelementptr(29) " fcode="getelementptr"/>
<opset="local_input_162_addr/1 "/>
</bind>
</comp>

<comp id="2680" class="1004" name="grp_access_fu_2680">
<pin_list>
<pin id="2681" dir="0" index="0" bw="8" slack="0"/>
<pin id="2682" dir="0" index="1" bw="32" slack="2147483647"/>
<pin id="2683" dir="0" index="2" bw="0" slack="2147483647"/>
<pin id="2684" dir="1" index="3" bw="32" slack="0"/>
</pin_list>
<bind>
<opcode="load(27) " fcode="load"/>
<opset="local_input_162_load/1 "/>
</bind>
</comp>

<comp id="2686" class="1004" name="local_input_163_addr_gep_fu_2686">
<pin_list>
<pin id="2687" dir="0" index="0" bw="32" slack="0"/>
<pin id="2688" dir="0" index="1" bw="1" slack="0"/>
<pin id="2689" dir="0" index="2" bw="8" slack="0"/>
<pin id="2690" dir="1" index="3" bw="8" slack="0"/>
</pin_list>
<bind>
<opcode="getelementptr(29) " fcode="getelementptr"/>
<opset="local_input_163_addr/1 "/>
</bind>
</comp>

<comp id="2693" class="1004" name="grp_access_fu_2693">
<pin_list>
<pin id="2694" dir="0" index="0" bw="8" slack="0"/>
<pin id="2695" dir="0" index="1" bw="32" slack="2147483647"/>
<pin id="2696" dir="0" index="2" bw="0" slack="2147483647"/>
<pin id="2697" dir="1" index="3" bw="32" slack="0"/>
</pin_list>
<bind>
<opcode="load(27) " fcode="load"/>
<opset="local_input_163_load/1 "/>
</bind>
</comp>

<comp id="2699" class="1004" name="local_input_164_addr_gep_fu_2699">
<pin_list>
<pin id="2700" dir="0" index="0" bw="32" slack="0"/>
<pin id="2701" dir="0" index="1" bw="1" slack="0"/>
<pin id="2702" dir="0" index="2" bw="8" slack="0"/>
<pin id="2703" dir="1" index="3" bw="8" slack="0"/>
</pin_list>
<bind>
<opcode="getelementptr(29) " fcode="getelementptr"/>
<opset="local_input_164_addr/1 "/>
</bind>
</comp>

<comp id="2706" class="1004" name="grp_access_fu_2706">
<pin_list>
<pin id="2707" dir="0" index="0" bw="8" slack="0"/>
<pin id="2708" dir="0" index="1" bw="32" slack="2147483647"/>
<pin id="2709" dir="0" index="2" bw="0" slack="2147483647"/>
<pin id="2710" dir="1" index="3" bw="32" slack="0"/>
</pin_list>
<bind>
<opcode="load(27) " fcode="load"/>
<opset="local_input_164_load/1 "/>
</bind>
</comp>

<comp id="2712" class="1004" name="local_input_165_addr_gep_fu_2712">
<pin_list>
<pin id="2713" dir="0" index="0" bw="32" slack="0"/>
<pin id="2714" dir="0" index="1" bw="1" slack="0"/>
<pin id="2715" dir="0" index="2" bw="8" slack="0"/>
<pin id="2716" dir="1" index="3" bw="8" slack="0"/>
</pin_list>
<bind>
<opcode="getelementptr(29) " fcode="getelementptr"/>
<opset="local_input_165_addr/1 "/>
</bind>
</comp>

<comp id="2719" class="1004" name="grp_access_fu_2719">
<pin_list>
<pin id="2720" dir="0" index="0" bw="8" slack="0"/>
<pin id="2721" dir="0" index="1" bw="32" slack="2147483647"/>
<pin id="2722" dir="0" index="2" bw="0" slack="2147483647"/>
<pin id="2723" dir="1" index="3" bw="32" slack="0"/>
</pin_list>
<bind>
<opcode="load(27) " fcode="load"/>
<opset="local_input_165_load/1 "/>
</bind>
</comp>

<comp id="2725" class="1004" name="local_input_166_addr_gep_fu_2725">
<pin_list>
<pin id="2726" dir="0" index="0" bw="32" slack="0"/>
<pin id="2727" dir="0" index="1" bw="1" slack="0"/>
<pin id="2728" dir="0" index="2" bw="8" slack="0"/>
<pin id="2729" dir="1" index="3" bw="8" slack="0"/>
</pin_list>
<bind>
<opcode="getelementptr(29) " fcode="getelementptr"/>
<opset="local_input_166_addr/1 "/>
</bind>
</comp>

<comp id="2732" class="1004" name="grp_access_fu_2732">
<pin_list>
<pin id="2733" dir="0" index="0" bw="8" slack="0"/>
<pin id="2734" dir="0" index="1" bw="32" slack="2147483647"/>
<pin id="2735" dir="0" index="2" bw="0" slack="2147483647"/>
<pin id="2736" dir="1" index="3" bw="32" slack="0"/>
</pin_list>
<bind>
<opcode="load(27) " fcode="load"/>
<opset="local_input_166_load/1 "/>
</bind>
</comp>

<comp id="2738" class="1004" name="local_input_167_addr_gep_fu_2738">
<pin_list>
<pin id="2739" dir="0" index="0" bw="32" slack="0"/>
<pin id="2740" dir="0" index="1" bw="1" slack="0"/>
<pin id="2741" dir="0" index="2" bw="8" slack="0"/>
<pin id="2742" dir="1" index="3" bw="8" slack="0"/>
</pin_list>
<bind>
<opcode="getelementptr(29) " fcode="getelementptr"/>
<opset="local_input_167_addr/1 "/>
</bind>
</comp>

<comp id="2745" class="1004" name="grp_access_fu_2745">
<pin_list>
<pin id="2746" dir="0" index="0" bw="8" slack="0"/>
<pin id="2747" dir="0" index="1" bw="32" slack="2147483647"/>
<pin id="2748" dir="0" index="2" bw="0" slack="2147483647"/>
<pin id="2749" dir="1" index="3" bw="32" slack="0"/>
</pin_list>
<bind>
<opcode="load(27) " fcode="load"/>
<opset="local_input_167_load/1 "/>
</bind>
</comp>

<comp id="2751" class="1004" name="local_input_168_addr_gep_fu_2751">
<pin_list>
<pin id="2752" dir="0" index="0" bw="32" slack="0"/>
<pin id="2753" dir="0" index="1" bw="1" slack="0"/>
<pin id="2754" dir="0" index="2" bw="8" slack="0"/>
<pin id="2755" dir="1" index="3" bw="8" slack="0"/>
</pin_list>
<bind>
<opcode="getelementptr(29) " fcode="getelementptr"/>
<opset="local_input_168_addr/1 "/>
</bind>
</comp>

<comp id="2758" class="1004" name="grp_access_fu_2758">
<pin_list>
<pin id="2759" dir="0" index="0" bw="8" slack="0"/>
<pin id="2760" dir="0" index="1" bw="32" slack="2147483647"/>
<pin id="2761" dir="0" index="2" bw="0" slack="2147483647"/>
<pin id="2762" dir="1" index="3" bw="32" slack="0"/>
</pin_list>
<bind>
<opcode="load(27) " fcode="load"/>
<opset="local_input_168_load/1 "/>
</bind>
</comp>

<comp id="2764" class="1004" name="local_input_169_addr_gep_fu_2764">
<pin_list>
<pin id="2765" dir="0" index="0" bw="32" slack="0"/>
<pin id="2766" dir="0" index="1" bw="1" slack="0"/>
<pin id="2767" dir="0" index="2" bw="8" slack="0"/>
<pin id="2768" dir="1" index="3" bw="8" slack="0"/>
</pin_list>
<bind>
<opcode="getelementptr(29) " fcode="getelementptr"/>
<opset="local_input_169_addr/1 "/>
</bind>
</comp>

<comp id="2771" class="1004" name="grp_access_fu_2771">
<pin_list>
<pin id="2772" dir="0" index="0" bw="8" slack="0"/>
<pin id="2773" dir="0" index="1" bw="32" slack="2147483647"/>
<pin id="2774" dir="0" index="2" bw="0" slack="2147483647"/>
<pin id="2775" dir="1" index="3" bw="32" slack="0"/>
</pin_list>
<bind>
<opcode="load(27) " fcode="load"/>
<opset="local_input_169_load/1 "/>
</bind>
</comp>

<comp id="2777" class="1004" name="local_input_170_addr_gep_fu_2777">
<pin_list>
<pin id="2778" dir="0" index="0" bw="32" slack="0"/>
<pin id="2779" dir="0" index="1" bw="1" slack="0"/>
<pin id="2780" dir="0" index="2" bw="8" slack="0"/>
<pin id="2781" dir="1" index="3" bw="8" slack="0"/>
</pin_list>
<bind>
<opcode="getelementptr(29) " fcode="getelementptr"/>
<opset="local_input_170_addr/1 "/>
</bind>
</comp>

<comp id="2784" class="1004" name="grp_access_fu_2784">
<pin_list>
<pin id="2785" dir="0" index="0" bw="8" slack="0"/>
<pin id="2786" dir="0" index="1" bw="32" slack="2147483647"/>
<pin id="2787" dir="0" index="2" bw="0" slack="2147483647"/>
<pin id="2788" dir="1" index="3" bw="32" slack="0"/>
</pin_list>
<bind>
<opcode="load(27) " fcode="load"/>
<opset="local_input_170_load/1 "/>
</bind>
</comp>

<comp id="2790" class="1004" name="local_input_171_addr_gep_fu_2790">
<pin_list>
<pin id="2791" dir="0" index="0" bw="32" slack="0"/>
<pin id="2792" dir="0" index="1" bw="1" slack="0"/>
<pin id="2793" dir="0" index="2" bw="8" slack="0"/>
<pin id="2794" dir="1" index="3" bw="8" slack="0"/>
</pin_list>
<bind>
<opcode="getelementptr(29) " fcode="getelementptr"/>
<opset="local_input_171_addr/1 "/>
</bind>
</comp>

<comp id="2797" class="1004" name="grp_access_fu_2797">
<pin_list>
<pin id="2798" dir="0" index="0" bw="8" slack="0"/>
<pin id="2799" dir="0" index="1" bw="32" slack="2147483647"/>
<pin id="2800" dir="0" index="2" bw="0" slack="2147483647"/>
<pin id="2801" dir="1" index="3" bw="32" slack="0"/>
</pin_list>
<bind>
<opcode="load(27) " fcode="load"/>
<opset="local_input_171_load/1 "/>
</bind>
</comp>

<comp id="2803" class="1004" name="local_input_172_addr_gep_fu_2803">
<pin_list>
<pin id="2804" dir="0" index="0" bw="32" slack="0"/>
<pin id="2805" dir="0" index="1" bw="1" slack="0"/>
<pin id="2806" dir="0" index="2" bw="8" slack="0"/>
<pin id="2807" dir="1" index="3" bw="8" slack="0"/>
</pin_list>
<bind>
<opcode="getelementptr(29) " fcode="getelementptr"/>
<opset="local_input_172_addr/1 "/>
</bind>
</comp>

<comp id="2810" class="1004" name="grp_access_fu_2810">
<pin_list>
<pin id="2811" dir="0" index="0" bw="8" slack="0"/>
<pin id="2812" dir="0" index="1" bw="32" slack="2147483647"/>
<pin id="2813" dir="0" index="2" bw="0" slack="2147483647"/>
<pin id="2814" dir="1" index="3" bw="32" slack="0"/>
</pin_list>
<bind>
<opcode="load(27) " fcode="load"/>
<opset="local_input_172_load/1 "/>
</bind>
</comp>

<comp id="2816" class="1004" name="local_input_173_addr_gep_fu_2816">
<pin_list>
<pin id="2817" dir="0" index="0" bw="32" slack="0"/>
<pin id="2818" dir="0" index="1" bw="1" slack="0"/>
<pin id="2819" dir="0" index="2" bw="8" slack="0"/>
<pin id="2820" dir="1" index="3" bw="8" slack="0"/>
</pin_list>
<bind>
<opcode="getelementptr(29) " fcode="getelementptr"/>
<opset="local_input_173_addr/1 "/>
</bind>
</comp>

<comp id="2823" class="1004" name="grp_access_fu_2823">
<pin_list>
<pin id="2824" dir="0" index="0" bw="8" slack="0"/>
<pin id="2825" dir="0" index="1" bw="32" slack="2147483647"/>
<pin id="2826" dir="0" index="2" bw="0" slack="2147483647"/>
<pin id="2827" dir="1" index="3" bw="32" slack="0"/>
</pin_list>
<bind>
<opcode="load(27) " fcode="load"/>
<opset="local_input_173_load/1 "/>
</bind>
</comp>

<comp id="2829" class="1004" name="local_input_174_addr_gep_fu_2829">
<pin_list>
<pin id="2830" dir="0" index="0" bw="32" slack="0"/>
<pin id="2831" dir="0" index="1" bw="1" slack="0"/>
<pin id="2832" dir="0" index="2" bw="8" slack="0"/>
<pin id="2833" dir="1" index="3" bw="8" slack="0"/>
</pin_list>
<bind>
<opcode="getelementptr(29) " fcode="getelementptr"/>
<opset="local_input_174_addr/1 "/>
</bind>
</comp>

<comp id="2836" class="1004" name="grp_access_fu_2836">
<pin_list>
<pin id="2837" dir="0" index="0" bw="8" slack="0"/>
<pin id="2838" dir="0" index="1" bw="32" slack="2147483647"/>
<pin id="2839" dir="0" index="2" bw="0" slack="2147483647"/>
<pin id="2840" dir="1" index="3" bw="32" slack="0"/>
</pin_list>
<bind>
<opcode="load(27) " fcode="load"/>
<opset="local_input_174_load/1 "/>
</bind>
</comp>

<comp id="2842" class="1004" name="local_input_175_addr_gep_fu_2842">
<pin_list>
<pin id="2843" dir="0" index="0" bw="32" slack="0"/>
<pin id="2844" dir="0" index="1" bw="1" slack="0"/>
<pin id="2845" dir="0" index="2" bw="8" slack="0"/>
<pin id="2846" dir="1" index="3" bw="8" slack="0"/>
</pin_list>
<bind>
<opcode="getelementptr(29) " fcode="getelementptr"/>
<opset="local_input_175_addr/1 "/>
</bind>
</comp>

<comp id="2849" class="1004" name="grp_access_fu_2849">
<pin_list>
<pin id="2850" dir="0" index="0" bw="8" slack="0"/>
<pin id="2851" dir="0" index="1" bw="32" slack="2147483647"/>
<pin id="2852" dir="0" index="2" bw="0" slack="2147483647"/>
<pin id="2853" dir="1" index="3" bw="32" slack="0"/>
</pin_list>
<bind>
<opcode="load(27) " fcode="load"/>
<opset="local_input_175_load/1 "/>
</bind>
</comp>

<comp id="2855" class="1004" name="local_input_176_addr_gep_fu_2855">
<pin_list>
<pin id="2856" dir="0" index="0" bw="32" slack="0"/>
<pin id="2857" dir="0" index="1" bw="1" slack="0"/>
<pin id="2858" dir="0" index="2" bw="8" slack="0"/>
<pin id="2859" dir="1" index="3" bw="8" slack="0"/>
</pin_list>
<bind>
<opcode="getelementptr(29) " fcode="getelementptr"/>
<opset="local_input_176_addr/1 "/>
</bind>
</comp>

<comp id="2862" class="1004" name="grp_access_fu_2862">
<pin_list>
<pin id="2863" dir="0" index="0" bw="8" slack="0"/>
<pin id="2864" dir="0" index="1" bw="32" slack="2147483647"/>
<pin id="2865" dir="0" index="2" bw="0" slack="2147483647"/>
<pin id="2866" dir="1" index="3" bw="32" slack="0"/>
</pin_list>
<bind>
<opcode="load(27) " fcode="load"/>
<opset="local_input_176_load/1 "/>
</bind>
</comp>

<comp id="2868" class="1004" name="local_input_177_addr_gep_fu_2868">
<pin_list>
<pin id="2869" dir="0" index="0" bw="32" slack="0"/>
<pin id="2870" dir="0" index="1" bw="1" slack="0"/>
<pin id="2871" dir="0" index="2" bw="8" slack="0"/>
<pin id="2872" dir="1" index="3" bw="8" slack="0"/>
</pin_list>
<bind>
<opcode="getelementptr(29) " fcode="getelementptr"/>
<opset="local_input_177_addr/1 "/>
</bind>
</comp>

<comp id="2875" class="1004" name="grp_access_fu_2875">
<pin_list>
<pin id="2876" dir="0" index="0" bw="8" slack="0"/>
<pin id="2877" dir="0" index="1" bw="32" slack="2147483647"/>
<pin id="2878" dir="0" index="2" bw="0" slack="2147483647"/>
<pin id="2879" dir="1" index="3" bw="32" slack="0"/>
</pin_list>
<bind>
<opcode="load(27) " fcode="load"/>
<opset="local_input_177_load/1 "/>
</bind>
</comp>

<comp id="2881" class="1004" name="local_input_178_addr_gep_fu_2881">
<pin_list>
<pin id="2882" dir="0" index="0" bw="32" slack="0"/>
<pin id="2883" dir="0" index="1" bw="1" slack="0"/>
<pin id="2884" dir="0" index="2" bw="8" slack="0"/>
<pin id="2885" dir="1" index="3" bw="8" slack="0"/>
</pin_list>
<bind>
<opcode="getelementptr(29) " fcode="getelementptr"/>
<opset="local_input_178_addr/1 "/>
</bind>
</comp>

<comp id="2888" class="1004" name="grp_access_fu_2888">
<pin_list>
<pin id="2889" dir="0" index="0" bw="8" slack="0"/>
<pin id="2890" dir="0" index="1" bw="32" slack="2147483647"/>
<pin id="2891" dir="0" index="2" bw="0" slack="2147483647"/>
<pin id="2892" dir="1" index="3" bw="32" slack="0"/>
</pin_list>
<bind>
<opcode="load(27) " fcode="load"/>
<opset="local_input_178_load/1 "/>
</bind>
</comp>

<comp id="2894" class="1004" name="local_input_179_addr_gep_fu_2894">
<pin_list>
<pin id="2895" dir="0" index="0" bw="32" slack="0"/>
<pin id="2896" dir="0" index="1" bw="1" slack="0"/>
<pin id="2897" dir="0" index="2" bw="8" slack="0"/>
<pin id="2898" dir="1" index="3" bw="8" slack="0"/>
</pin_list>
<bind>
<opcode="getelementptr(29) " fcode="getelementptr"/>
<opset="local_input_179_addr/1 "/>
</bind>
</comp>

<comp id="2901" class="1004" name="grp_access_fu_2901">
<pin_list>
<pin id="2902" dir="0" index="0" bw="8" slack="0"/>
<pin id="2903" dir="0" index="1" bw="32" slack="2147483647"/>
<pin id="2904" dir="0" index="2" bw="0" slack="2147483647"/>
<pin id="2905" dir="1" index="3" bw="32" slack="0"/>
</pin_list>
<bind>
<opcode="load(27) " fcode="load"/>
<opset="local_input_179_load/1 "/>
</bind>
</comp>

<comp id="2907" class="1004" name="local_input_180_addr_gep_fu_2907">
<pin_list>
<pin id="2908" dir="0" index="0" bw="32" slack="0"/>
<pin id="2909" dir="0" index="1" bw="1" slack="0"/>
<pin id="2910" dir="0" index="2" bw="8" slack="0"/>
<pin id="2911" dir="1" index="3" bw="8" slack="0"/>
</pin_list>
<bind>
<opcode="getelementptr(29) " fcode="getelementptr"/>
<opset="local_input_180_addr/1 "/>
</bind>
</comp>

<comp id="2914" class="1004" name="grp_access_fu_2914">
<pin_list>
<pin id="2915" dir="0" index="0" bw="8" slack="0"/>
<pin id="2916" dir="0" index="1" bw="32" slack="2147483647"/>
<pin id="2917" dir="0" index="2" bw="0" slack="2147483647"/>
<pin id="2918" dir="1" index="3" bw="32" slack="0"/>
</pin_list>
<bind>
<opcode="load(27) " fcode="load"/>
<opset="local_input_180_load/1 "/>
</bind>
</comp>

<comp id="2920" class="1004" name="local_input_181_addr_gep_fu_2920">
<pin_list>
<pin id="2921" dir="0" index="0" bw="32" slack="0"/>
<pin id="2922" dir="0" index="1" bw="1" slack="0"/>
<pin id="2923" dir="0" index="2" bw="8" slack="0"/>
<pin id="2924" dir="1" index="3" bw="8" slack="0"/>
</pin_list>
<bind>
<opcode="getelementptr(29) " fcode="getelementptr"/>
<opset="local_input_181_addr/1 "/>
</bind>
</comp>

<comp id="2927" class="1004" name="grp_access_fu_2927">
<pin_list>
<pin id="2928" dir="0" index="0" bw="8" slack="0"/>
<pin id="2929" dir="0" index="1" bw="32" slack="2147483647"/>
<pin id="2930" dir="0" index="2" bw="0" slack="2147483647"/>
<pin id="2931" dir="1" index="3" bw="32" slack="0"/>
</pin_list>
<bind>
<opcode="load(27) " fcode="load"/>
<opset="local_input_181_load/1 "/>
</bind>
</comp>

<comp id="2933" class="1004" name="local_input_182_addr_gep_fu_2933">
<pin_list>
<pin id="2934" dir="0" index="0" bw="32" slack="0"/>
<pin id="2935" dir="0" index="1" bw="1" slack="0"/>
<pin id="2936" dir="0" index="2" bw="8" slack="0"/>
<pin id="2937" dir="1" index="3" bw="8" slack="0"/>
</pin_list>
<bind>
<opcode="getelementptr(29) " fcode="getelementptr"/>
<opset="local_input_182_addr/1 "/>
</bind>
</comp>

<comp id="2940" class="1004" name="grp_access_fu_2940">
<pin_list>
<pin id="2941" dir="0" index="0" bw="8" slack="0"/>
<pin id="2942" dir="0" index="1" bw="32" slack="2147483647"/>
<pin id="2943" dir="0" index="2" bw="0" slack="2147483647"/>
<pin id="2944" dir="1" index="3" bw="32" slack="0"/>
</pin_list>
<bind>
<opcode="load(27) " fcode="load"/>
<opset="local_input_182_load/1 "/>
</bind>
</comp>

<comp id="2946" class="1004" name="local_input_183_addr_gep_fu_2946">
<pin_list>
<pin id="2947" dir="0" index="0" bw="32" slack="0"/>
<pin id="2948" dir="0" index="1" bw="1" slack="0"/>
<pin id="2949" dir="0" index="2" bw="8" slack="0"/>
<pin id="2950" dir="1" index="3" bw="8" slack="0"/>
</pin_list>
<bind>
<opcode="getelementptr(29) " fcode="getelementptr"/>
<opset="local_input_183_addr/1 "/>
</bind>
</comp>

<comp id="2953" class="1004" name="grp_access_fu_2953">
<pin_list>
<pin id="2954" dir="0" index="0" bw="8" slack="0"/>
<pin id="2955" dir="0" index="1" bw="32" slack="2147483647"/>
<pin id="2956" dir="0" index="2" bw="0" slack="2147483647"/>
<pin id="2957" dir="1" index="3" bw="32" slack="0"/>
</pin_list>
<bind>
<opcode="load(27) " fcode="load"/>
<opset="local_input_183_load/1 "/>
</bind>
</comp>

<comp id="2959" class="1004" name="local_input_184_addr_gep_fu_2959">
<pin_list>
<pin id="2960" dir="0" index="0" bw="32" slack="0"/>
<pin id="2961" dir="0" index="1" bw="1" slack="0"/>
<pin id="2962" dir="0" index="2" bw="8" slack="0"/>
<pin id="2963" dir="1" index="3" bw="8" slack="0"/>
</pin_list>
<bind>
<opcode="getelementptr(29) " fcode="getelementptr"/>
<opset="local_input_184_addr/1 "/>
</bind>
</comp>

<comp id="2966" class="1004" name="grp_access_fu_2966">
<pin_list>
<pin id="2967" dir="0" index="0" bw="8" slack="0"/>
<pin id="2968" dir="0" index="1" bw="32" slack="2147483647"/>
<pin id="2969" dir="0" index="2" bw="0" slack="2147483647"/>
<pin id="2970" dir="1" index="3" bw="32" slack="0"/>
</pin_list>
<bind>
<opcode="load(27) " fcode="load"/>
<opset="local_input_184_load/1 "/>
</bind>
</comp>

<comp id="2972" class="1004" name="local_input_185_addr_gep_fu_2972">
<pin_list>
<pin id="2973" dir="0" index="0" bw="32" slack="0"/>
<pin id="2974" dir="0" index="1" bw="1" slack="0"/>
<pin id="2975" dir="0" index="2" bw="8" slack="0"/>
<pin id="2976" dir="1" index="3" bw="8" slack="0"/>
</pin_list>
<bind>
<opcode="getelementptr(29) " fcode="getelementptr"/>
<opset="local_input_185_addr/1 "/>
</bind>
</comp>

<comp id="2979" class="1004" name="grp_access_fu_2979">
<pin_list>
<pin id="2980" dir="0" index="0" bw="8" slack="0"/>
<pin id="2981" dir="0" index="1" bw="32" slack="2147483647"/>
<pin id="2982" dir="0" index="2" bw="0" slack="2147483647"/>
<pin id="2983" dir="1" index="3" bw="32" slack="0"/>
</pin_list>
<bind>
<opcode="load(27) " fcode="load"/>
<opset="local_input_185_load/1 "/>
</bind>
</comp>

<comp id="2985" class="1004" name="local_input_186_addr_gep_fu_2985">
<pin_list>
<pin id="2986" dir="0" index="0" bw="32" slack="0"/>
<pin id="2987" dir="0" index="1" bw="1" slack="0"/>
<pin id="2988" dir="0" index="2" bw="8" slack="0"/>
<pin id="2989" dir="1" index="3" bw="8" slack="0"/>
</pin_list>
<bind>
<opcode="getelementptr(29) " fcode="getelementptr"/>
<opset="local_input_186_addr/1 "/>
</bind>
</comp>

<comp id="2992" class="1004" name="grp_access_fu_2992">
<pin_list>
<pin id="2993" dir="0" index="0" bw="8" slack="0"/>
<pin id="2994" dir="0" index="1" bw="32" slack="2147483647"/>
<pin id="2995" dir="0" index="2" bw="0" slack="2147483647"/>
<pin id="2996" dir="1" index="3" bw="32" slack="0"/>
</pin_list>
<bind>
<opcode="load(27) " fcode="load"/>
<opset="local_input_186_load/1 "/>
</bind>
</comp>

<comp id="2998" class="1004" name="local_input_187_addr_gep_fu_2998">
<pin_list>
<pin id="2999" dir="0" index="0" bw="32" slack="0"/>
<pin id="3000" dir="0" index="1" bw="1" slack="0"/>
<pin id="3001" dir="0" index="2" bw="8" slack="0"/>
<pin id="3002" dir="1" index="3" bw="8" slack="0"/>
</pin_list>
<bind>
<opcode="getelementptr(29) " fcode="getelementptr"/>
<opset="local_input_187_addr/1 "/>
</bind>
</comp>

<comp id="3005" class="1004" name="grp_access_fu_3005">
<pin_list>
<pin id="3006" dir="0" index="0" bw="8" slack="0"/>
<pin id="3007" dir="0" index="1" bw="32" slack="2147483647"/>
<pin id="3008" dir="0" index="2" bw="0" slack="2147483647"/>
<pin id="3009" dir="1" index="3" bw="32" slack="0"/>
</pin_list>
<bind>
<opcode="load(27) " fcode="load"/>
<opset="local_input_187_load/1 "/>
</bind>
</comp>

<comp id="3011" class="1004" name="local_input_188_addr_gep_fu_3011">
<pin_list>
<pin id="3012" dir="0" index="0" bw="32" slack="0"/>
<pin id="3013" dir="0" index="1" bw="1" slack="0"/>
<pin id="3014" dir="0" index="2" bw="8" slack="0"/>
<pin id="3015" dir="1" index="3" bw="8" slack="0"/>
</pin_list>
<bind>
<opcode="getelementptr(29) " fcode="getelementptr"/>
<opset="local_input_188_addr/1 "/>
</bind>
</comp>

<comp id="3018" class="1004" name="grp_access_fu_3018">
<pin_list>
<pin id="3019" dir="0" index="0" bw="8" slack="0"/>
<pin id="3020" dir="0" index="1" bw="32" slack="2147483647"/>
<pin id="3021" dir="0" index="2" bw="0" slack="2147483647"/>
<pin id="3022" dir="1" index="3" bw="32" slack="0"/>
</pin_list>
<bind>
<opcode="load(27) " fcode="load"/>
<opset="local_input_188_load/1 "/>
</bind>
</comp>

<comp id="3024" class="1004" name="local_input_189_addr_gep_fu_3024">
<pin_list>
<pin id="3025" dir="0" index="0" bw="32" slack="0"/>
<pin id="3026" dir="0" index="1" bw="1" slack="0"/>
<pin id="3027" dir="0" index="2" bw="8" slack="0"/>
<pin id="3028" dir="1" index="3" bw="8" slack="0"/>
</pin_list>
<bind>
<opcode="getelementptr(29) " fcode="getelementptr"/>
<opset="local_input_189_addr/1 "/>
</bind>
</comp>

<comp id="3031" class="1004" name="grp_access_fu_3031">
<pin_list>
<pin id="3032" dir="0" index="0" bw="8" slack="0"/>
<pin id="3033" dir="0" index="1" bw="32" slack="2147483647"/>
<pin id="3034" dir="0" index="2" bw="0" slack="2147483647"/>
<pin id="3035" dir="1" index="3" bw="32" slack="0"/>
</pin_list>
<bind>
<opcode="load(27) " fcode="load"/>
<opset="local_input_189_load/1 "/>
</bind>
</comp>

<comp id="3037" class="1004" name="local_input_190_addr_gep_fu_3037">
<pin_list>
<pin id="3038" dir="0" index="0" bw="32" slack="0"/>
<pin id="3039" dir="0" index="1" bw="1" slack="0"/>
<pin id="3040" dir="0" index="2" bw="8" slack="0"/>
<pin id="3041" dir="1" index="3" bw="8" slack="0"/>
</pin_list>
<bind>
<opcode="getelementptr(29) " fcode="getelementptr"/>
<opset="local_input_190_addr/1 "/>
</bind>
</comp>

<comp id="3044" class="1004" name="grp_access_fu_3044">
<pin_list>
<pin id="3045" dir="0" index="0" bw="8" slack="0"/>
<pin id="3046" dir="0" index="1" bw="32" slack="2147483647"/>
<pin id="3047" dir="0" index="2" bw="0" slack="2147483647"/>
<pin id="3048" dir="1" index="3" bw="32" slack="0"/>
</pin_list>
<bind>
<opcode="load(27) " fcode="load"/>
<opset="local_input_190_load/1 "/>
</bind>
</comp>

<comp id="3050" class="1004" name="local_input_191_addr_gep_fu_3050">
<pin_list>
<pin id="3051" dir="0" index="0" bw="32" slack="0"/>
<pin id="3052" dir="0" index="1" bw="1" slack="0"/>
<pin id="3053" dir="0" index="2" bw="8" slack="0"/>
<pin id="3054" dir="1" index="3" bw="8" slack="0"/>
</pin_list>
<bind>
<opcode="getelementptr(29) " fcode="getelementptr"/>
<opset="local_input_191_addr/1 "/>
</bind>
</comp>

<comp id="3057" class="1004" name="grp_access_fu_3057">
<pin_list>
<pin id="3058" dir="0" index="0" bw="8" slack="0"/>
<pin id="3059" dir="0" index="1" bw="32" slack="2147483647"/>
<pin id="3060" dir="0" index="2" bw="0" slack="2147483647"/>
<pin id="3061" dir="1" index="3" bw="32" slack="0"/>
</pin_list>
<bind>
<opcode="load(27) " fcode="load"/>
<opset="local_input_191_load/1 "/>
</bind>
</comp>

<comp id="3063" class="1004" name="local_input_192_addr_gep_fu_3063">
<pin_list>
<pin id="3064" dir="0" index="0" bw="32" slack="0"/>
<pin id="3065" dir="0" index="1" bw="1" slack="0"/>
<pin id="3066" dir="0" index="2" bw="8" slack="0"/>
<pin id="3067" dir="1" index="3" bw="8" slack="0"/>
</pin_list>
<bind>
<opcode="getelementptr(29) " fcode="getelementptr"/>
<opset="local_input_192_addr/1 "/>
</bind>
</comp>

<comp id="3070" class="1004" name="grp_access_fu_3070">
<pin_list>
<pin id="3071" dir="0" index="0" bw="8" slack="0"/>
<pin id="3072" dir="0" index="1" bw="32" slack="2147483647"/>
<pin id="3073" dir="0" index="2" bw="0" slack="2147483647"/>
<pin id="3074" dir="1" index="3" bw="32" slack="0"/>
</pin_list>
<bind>
<opcode="load(27) " fcode="load"/>
<opset="local_input_192_load/1 "/>
</bind>
</comp>

<comp id="3076" class="1004" name="local_input_193_addr_gep_fu_3076">
<pin_list>
<pin id="3077" dir="0" index="0" bw="32" slack="0"/>
<pin id="3078" dir="0" index="1" bw="1" slack="0"/>
<pin id="3079" dir="0" index="2" bw="8" slack="0"/>
<pin id="3080" dir="1" index="3" bw="8" slack="0"/>
</pin_list>
<bind>
<opcode="getelementptr(29) " fcode="getelementptr"/>
<opset="local_input_193_addr/1 "/>
</bind>
</comp>

<comp id="3083" class="1004" name="grp_access_fu_3083">
<pin_list>
<pin id="3084" dir="0" index="0" bw="8" slack="0"/>
<pin id="3085" dir="0" index="1" bw="32" slack="2147483647"/>
<pin id="3086" dir="0" index="2" bw="0" slack="2147483647"/>
<pin id="3087" dir="1" index="3" bw="32" slack="0"/>
</pin_list>
<bind>
<opcode="load(27) " fcode="load"/>
<opset="local_input_193_load/1 "/>
</bind>
</comp>

<comp id="3089" class="1004" name="local_input_194_addr_gep_fu_3089">
<pin_list>
<pin id="3090" dir="0" index="0" bw="32" slack="0"/>
<pin id="3091" dir="0" index="1" bw="1" slack="0"/>
<pin id="3092" dir="0" index="2" bw="8" slack="0"/>
<pin id="3093" dir="1" index="3" bw="8" slack="0"/>
</pin_list>
<bind>
<opcode="getelementptr(29) " fcode="getelementptr"/>
<opset="local_input_194_addr/1 "/>
</bind>
</comp>

<comp id="3096" class="1004" name="grp_access_fu_3096">
<pin_list>
<pin id="3097" dir="0" index="0" bw="8" slack="0"/>
<pin id="3098" dir="0" index="1" bw="32" slack="2147483647"/>
<pin id="3099" dir="0" index="2" bw="0" slack="2147483647"/>
<pin id="3100" dir="1" index="3" bw="32" slack="0"/>
</pin_list>
<bind>
<opcode="load(27) " fcode="load"/>
<opset="local_input_194_load/1 "/>
</bind>
</comp>

<comp id="3102" class="1004" name="local_input_195_addr_gep_fu_3102">
<pin_list>
<pin id="3103" dir="0" index="0" bw="32" slack="0"/>
<pin id="3104" dir="0" index="1" bw="1" slack="0"/>
<pin id="3105" dir="0" index="2" bw="8" slack="0"/>
<pin id="3106" dir="1" index="3" bw="8" slack="0"/>
</pin_list>
<bind>
<opcode="getelementptr(29) " fcode="getelementptr"/>
<opset="local_input_195_addr/1 "/>
</bind>
</comp>

<comp id="3109" class="1004" name="grp_access_fu_3109">
<pin_list>
<pin id="3110" dir="0" index="0" bw="8" slack="0"/>
<pin id="3111" dir="0" index="1" bw="32" slack="2147483647"/>
<pin id="3112" dir="0" index="2" bw="0" slack="2147483647"/>
<pin id="3113" dir="1" index="3" bw="32" slack="0"/>
</pin_list>
<bind>
<opcode="load(27) " fcode="load"/>
<opset="local_input_195_load/1 "/>
</bind>
</comp>

<comp id="3115" class="1004" name="local_input_196_addr_gep_fu_3115">
<pin_list>
<pin id="3116" dir="0" index="0" bw="32" slack="0"/>
<pin id="3117" dir="0" index="1" bw="1" slack="0"/>
<pin id="3118" dir="0" index="2" bw="8" slack="0"/>
<pin id="3119" dir="1" index="3" bw="8" slack="0"/>
</pin_list>
<bind>
<opcode="getelementptr(29) " fcode="getelementptr"/>
<opset="local_input_196_addr/1 "/>
</bind>
</comp>

<comp id="3122" class="1004" name="grp_access_fu_3122">
<pin_list>
<pin id="3123" dir="0" index="0" bw="8" slack="0"/>
<pin id="3124" dir="0" index="1" bw="32" slack="2147483647"/>
<pin id="3125" dir="0" index="2" bw="0" slack="2147483647"/>
<pin id="3126" dir="1" index="3" bw="32" slack="0"/>
</pin_list>
<bind>
<opcode="load(27) " fcode="load"/>
<opset="local_input_196_load/1 "/>
</bind>
</comp>

<comp id="3128" class="1004" name="local_input_197_addr_gep_fu_3128">
<pin_list>
<pin id="3129" dir="0" index="0" bw="32" slack="0"/>
<pin id="3130" dir="0" index="1" bw="1" slack="0"/>
<pin id="3131" dir="0" index="2" bw="8" slack="0"/>
<pin id="3132" dir="1" index="3" bw="8" slack="0"/>
</pin_list>
<bind>
<opcode="getelementptr(29) " fcode="getelementptr"/>
<opset="local_input_197_addr/1 "/>
</bind>
</comp>

<comp id="3135" class="1004" name="grp_access_fu_3135">
<pin_list>
<pin id="3136" dir="0" index="0" bw="8" slack="0"/>
<pin id="3137" dir="0" index="1" bw="32" slack="2147483647"/>
<pin id="3138" dir="0" index="2" bw="0" slack="2147483647"/>
<pin id="3139" dir="1" index="3" bw="32" slack="0"/>
</pin_list>
<bind>
<opcode="load(27) " fcode="load"/>
<opset="local_input_197_load/1 "/>
</bind>
</comp>

<comp id="3141" class="1004" name="local_input_198_addr_gep_fu_3141">
<pin_list>
<pin id="3142" dir="0" index="0" bw="32" slack="0"/>
<pin id="3143" dir="0" index="1" bw="1" slack="0"/>
<pin id="3144" dir="0" index="2" bw="8" slack="0"/>
<pin id="3145" dir="1" index="3" bw="8" slack="0"/>
</pin_list>
<bind>
<opcode="getelementptr(29) " fcode="getelementptr"/>
<opset="local_input_198_addr/1 "/>
</bind>
</comp>

<comp id="3148" class="1004" name="grp_access_fu_3148">
<pin_list>
<pin id="3149" dir="0" index="0" bw="8" slack="0"/>
<pin id="3150" dir="0" index="1" bw="32" slack="2147483647"/>
<pin id="3151" dir="0" index="2" bw="0" slack="2147483647"/>
<pin id="3152" dir="1" index="3" bw="32" slack="0"/>
</pin_list>
<bind>
<opcode="load(27) " fcode="load"/>
<opset="local_input_198_load/1 "/>
</bind>
</comp>

<comp id="3154" class="1004" name="local_input_199_addr_gep_fu_3154">
<pin_list>
<pin id="3155" dir="0" index="0" bw="32" slack="0"/>
<pin id="3156" dir="0" index="1" bw="1" slack="0"/>
<pin id="3157" dir="0" index="2" bw="8" slack="0"/>
<pin id="3158" dir="1" index="3" bw="8" slack="0"/>
</pin_list>
<bind>
<opcode="getelementptr(29) " fcode="getelementptr"/>
<opset="local_input_199_addr/1 "/>
</bind>
</comp>

<comp id="3161" class="1004" name="grp_access_fu_3161">
<pin_list>
<pin id="3162" dir="0" index="0" bw="8" slack="0"/>
<pin id="3163" dir="0" index="1" bw="32" slack="2147483647"/>
<pin id="3164" dir="0" index="2" bw="0" slack="2147483647"/>
<pin id="3165" dir="1" index="3" bw="32" slack="0"/>
</pin_list>
<bind>
<opcode="load(27) " fcode="load"/>
<opset="local_input_199_load/1 "/>
</bind>
</comp>

<comp id="3167" class="1004" name="local_input_200_addr_gep_fu_3167">
<pin_list>
<pin id="3168" dir="0" index="0" bw="32" slack="0"/>
<pin id="3169" dir="0" index="1" bw="1" slack="0"/>
<pin id="3170" dir="0" index="2" bw="8" slack="0"/>
<pin id="3171" dir="1" index="3" bw="8" slack="0"/>
</pin_list>
<bind>
<opcode="getelementptr(29) " fcode="getelementptr"/>
<opset="local_input_200_addr/1 "/>
</bind>
</comp>

<comp id="3174" class="1004" name="grp_access_fu_3174">
<pin_list>
<pin id="3175" dir="0" index="0" bw="8" slack="0"/>
<pin id="3176" dir="0" index="1" bw="32" slack="2147483647"/>
<pin id="3177" dir="0" index="2" bw="0" slack="2147483647"/>
<pin id="3178" dir="1" index="3" bw="32" slack="0"/>
</pin_list>
<bind>
<opcode="load(27) " fcode="load"/>
<opset="local_input_200_load/1 "/>
</bind>
</comp>

<comp id="3180" class="1004" name="local_input_201_addr_gep_fu_3180">
<pin_list>
<pin id="3181" dir="0" index="0" bw="32" slack="0"/>
<pin id="3182" dir="0" index="1" bw="1" slack="0"/>
<pin id="3183" dir="0" index="2" bw="8" slack="0"/>
<pin id="3184" dir="1" index="3" bw="8" slack="0"/>
</pin_list>
<bind>
<opcode="getelementptr(29) " fcode="getelementptr"/>
<opset="local_input_201_addr/1 "/>
</bind>
</comp>

<comp id="3187" class="1004" name="grp_access_fu_3187">
<pin_list>
<pin id="3188" dir="0" index="0" bw="8" slack="0"/>
<pin id="3189" dir="0" index="1" bw="32" slack="2147483647"/>
<pin id="3190" dir="0" index="2" bw="0" slack="2147483647"/>
<pin id="3191" dir="1" index="3" bw="32" slack="0"/>
</pin_list>
<bind>
<opcode="load(27) " fcode="load"/>
<opset="local_input_201_load/1 "/>
</bind>
</comp>

<comp id="3193" class="1004" name="local_input_202_addr_gep_fu_3193">
<pin_list>
<pin id="3194" dir="0" index="0" bw="32" slack="0"/>
<pin id="3195" dir="0" index="1" bw="1" slack="0"/>
<pin id="3196" dir="0" index="2" bw="8" slack="0"/>
<pin id="3197" dir="1" index="3" bw="8" slack="0"/>
</pin_list>
<bind>
<opcode="getelementptr(29) " fcode="getelementptr"/>
<opset="local_input_202_addr/1 "/>
</bind>
</comp>

<comp id="3200" class="1004" name="grp_access_fu_3200">
<pin_list>
<pin id="3201" dir="0" index="0" bw="8" slack="0"/>
<pin id="3202" dir="0" index="1" bw="32" slack="2147483647"/>
<pin id="3203" dir="0" index="2" bw="0" slack="2147483647"/>
<pin id="3204" dir="1" index="3" bw="32" slack="0"/>
</pin_list>
<bind>
<opcode="load(27) " fcode="load"/>
<opset="local_input_202_load/1 "/>
</bind>
</comp>

<comp id="3206" class="1004" name="local_input_203_addr_gep_fu_3206">
<pin_list>
<pin id="3207" dir="0" index="0" bw="32" slack="0"/>
<pin id="3208" dir="0" index="1" bw="1" slack="0"/>
<pin id="3209" dir="0" index="2" bw="8" slack="0"/>
<pin id="3210" dir="1" index="3" bw="8" slack="0"/>
</pin_list>
<bind>
<opcode="getelementptr(29) " fcode="getelementptr"/>
<opset="local_input_203_addr/1 "/>
</bind>
</comp>

<comp id="3213" class="1004" name="grp_access_fu_3213">
<pin_list>
<pin id="3214" dir="0" index="0" bw="8" slack="0"/>
<pin id="3215" dir="0" index="1" bw="32" slack="2147483647"/>
<pin id="3216" dir="0" index="2" bw="0" slack="2147483647"/>
<pin id="3217" dir="1" index="3" bw="32" slack="0"/>
</pin_list>
<bind>
<opcode="load(27) " fcode="load"/>
<opset="local_input_203_load/1 "/>
</bind>
</comp>

<comp id="3219" class="1004" name="local_input_204_addr_gep_fu_3219">
<pin_list>
<pin id="3220" dir="0" index="0" bw="32" slack="0"/>
<pin id="3221" dir="0" index="1" bw="1" slack="0"/>
<pin id="3222" dir="0" index="2" bw="8" slack="0"/>
<pin id="3223" dir="1" index="3" bw="8" slack="0"/>
</pin_list>
<bind>
<opcode="getelementptr(29) " fcode="getelementptr"/>
<opset="local_input_204_addr/1 "/>
</bind>
</comp>

<comp id="3226" class="1004" name="grp_access_fu_3226">
<pin_list>
<pin id="3227" dir="0" index="0" bw="8" slack="0"/>
<pin id="3228" dir="0" index="1" bw="32" slack="2147483647"/>
<pin id="3229" dir="0" index="2" bw="0" slack="2147483647"/>
<pin id="3230" dir="1" index="3" bw="32" slack="0"/>
</pin_list>
<bind>
<opcode="load(27) " fcode="load"/>
<opset="local_input_204_load/1 "/>
</bind>
</comp>

<comp id="3232" class="1004" name="local_input_205_addr_gep_fu_3232">
<pin_list>
<pin id="3233" dir="0" index="0" bw="32" slack="0"/>
<pin id="3234" dir="0" index="1" bw="1" slack="0"/>
<pin id="3235" dir="0" index="2" bw="8" slack="0"/>
<pin id="3236" dir="1" index="3" bw="8" slack="0"/>
</pin_list>
<bind>
<opcode="getelementptr(29) " fcode="getelementptr"/>
<opset="local_input_205_addr/1 "/>
</bind>
</comp>

<comp id="3239" class="1004" name="grp_access_fu_3239">
<pin_list>
<pin id="3240" dir="0" index="0" bw="8" slack="0"/>
<pin id="3241" dir="0" index="1" bw="32" slack="2147483647"/>
<pin id="3242" dir="0" index="2" bw="0" slack="2147483647"/>
<pin id="3243" dir="1" index="3" bw="32" slack="0"/>
</pin_list>
<bind>
<opcode="load(27) " fcode="load"/>
<opset="local_input_205_load/1 "/>
</bind>
</comp>

<comp id="3245" class="1004" name="local_input_206_addr_gep_fu_3245">
<pin_list>
<pin id="3246" dir="0" index="0" bw="32" slack="0"/>
<pin id="3247" dir="0" index="1" bw="1" slack="0"/>
<pin id="3248" dir="0" index="2" bw="8" slack="0"/>
<pin id="3249" dir="1" index="3" bw="8" slack="0"/>
</pin_list>
<bind>
<opcode="getelementptr(29) " fcode="getelementptr"/>
<opset="local_input_206_addr/1 "/>
</bind>
</comp>

<comp id="3252" class="1004" name="grp_access_fu_3252">
<pin_list>
<pin id="3253" dir="0" index="0" bw="8" slack="0"/>
<pin id="3254" dir="0" index="1" bw="32" slack="2147483647"/>
<pin id="3255" dir="0" index="2" bw="0" slack="2147483647"/>
<pin id="3256" dir="1" index="3" bw="32" slack="0"/>
</pin_list>
<bind>
<opcode="load(27) " fcode="load"/>
<opset="local_input_206_load/1 "/>
</bind>
</comp>

<comp id="3258" class="1004" name="local_input_207_addr_gep_fu_3258">
<pin_list>
<pin id="3259" dir="0" index="0" bw="32" slack="0"/>
<pin id="3260" dir="0" index="1" bw="1" slack="0"/>
<pin id="3261" dir="0" index="2" bw="8" slack="0"/>
<pin id="3262" dir="1" index="3" bw="8" slack="0"/>
</pin_list>
<bind>
<opcode="getelementptr(29) " fcode="getelementptr"/>
<opset="local_input_207_addr/1 "/>
</bind>
</comp>

<comp id="3265" class="1004" name="grp_access_fu_3265">
<pin_list>
<pin id="3266" dir="0" index="0" bw="8" slack="0"/>
<pin id="3267" dir="0" index="1" bw="32" slack="2147483647"/>
<pin id="3268" dir="0" index="2" bw="0" slack="2147483647"/>
<pin id="3269" dir="1" index="3" bw="32" slack="0"/>
</pin_list>
<bind>
<opcode="load(27) " fcode="load"/>
<opset="local_input_207_load/1 "/>
</bind>
</comp>

<comp id="3271" class="1004" name="local_input_208_addr_gep_fu_3271">
<pin_list>
<pin id="3272" dir="0" index="0" bw="32" slack="0"/>
<pin id="3273" dir="0" index="1" bw="1" slack="0"/>
<pin id="3274" dir="0" index="2" bw="8" slack="0"/>
<pin id="3275" dir="1" index="3" bw="8" slack="0"/>
</pin_list>
<bind>
<opcode="getelementptr(29) " fcode="getelementptr"/>
<opset="local_input_208_addr/1 "/>
</bind>
</comp>

<comp id="3278" class="1004" name="grp_access_fu_3278">
<pin_list>
<pin id="3279" dir="0" index="0" bw="8" slack="0"/>
<pin id="3280" dir="0" index="1" bw="32" slack="2147483647"/>
<pin id="3281" dir="0" index="2" bw="0" slack="2147483647"/>
<pin id="3282" dir="1" index="3" bw="32" slack="0"/>
</pin_list>
<bind>
<opcode="load(27) " fcode="load"/>
<opset="local_input_208_load/1 "/>
</bind>
</comp>

<comp id="3284" class="1004" name="local_input_209_addr_gep_fu_3284">
<pin_list>
<pin id="3285" dir="0" index="0" bw="32" slack="0"/>
<pin id="3286" dir="0" index="1" bw="1" slack="0"/>
<pin id="3287" dir="0" index="2" bw="8" slack="0"/>
<pin id="3288" dir="1" index="3" bw="8" slack="0"/>
</pin_list>
<bind>
<opcode="getelementptr(29) " fcode="getelementptr"/>
<opset="local_input_209_addr/1 "/>
</bind>
</comp>

<comp id="3291" class="1004" name="grp_access_fu_3291">
<pin_list>
<pin id="3292" dir="0" index="0" bw="8" slack="0"/>
<pin id="3293" dir="0" index="1" bw="32" slack="2147483647"/>
<pin id="3294" dir="0" index="2" bw="0" slack="2147483647"/>
<pin id="3295" dir="1" index="3" bw="32" slack="0"/>
</pin_list>
<bind>
<opcode="load(27) " fcode="load"/>
<opset="local_input_209_load/1 "/>
</bind>
</comp>

<comp id="3297" class="1004" name="local_input_210_addr_gep_fu_3297">
<pin_list>
<pin id="3298" dir="0" index="0" bw="32" slack="0"/>
<pin id="3299" dir="0" index="1" bw="1" slack="0"/>
<pin id="3300" dir="0" index="2" bw="8" slack="0"/>
<pin id="3301" dir="1" index="3" bw="8" slack="0"/>
</pin_list>
<bind>
<opcode="getelementptr(29) " fcode="getelementptr"/>
<opset="local_input_210_addr/1 "/>
</bind>
</comp>

<comp id="3304" class="1004" name="grp_access_fu_3304">
<pin_list>
<pin id="3305" dir="0" index="0" bw="8" slack="0"/>
<pin id="3306" dir="0" index="1" bw="32" slack="2147483647"/>
<pin id="3307" dir="0" index="2" bw="0" slack="2147483647"/>
<pin id="3308" dir="1" index="3" bw="32" slack="0"/>
</pin_list>
<bind>
<opcode="load(27) " fcode="load"/>
<opset="local_input_210_load/1 "/>
</bind>
</comp>

<comp id="3310" class="1004" name="local_input_211_addr_gep_fu_3310">
<pin_list>
<pin id="3311" dir="0" index="0" bw="32" slack="0"/>
<pin id="3312" dir="0" index="1" bw="1" slack="0"/>
<pin id="3313" dir="0" index="2" bw="8" slack="0"/>
<pin id="3314" dir="1" index="3" bw="8" slack="0"/>
</pin_list>
<bind>
<opcode="getelementptr(29) " fcode="getelementptr"/>
<opset="local_input_211_addr/1 "/>
</bind>
</comp>

<comp id="3317" class="1004" name="grp_access_fu_3317">
<pin_list>
<pin id="3318" dir="0" index="0" bw="8" slack="0"/>
<pin id="3319" dir="0" index="1" bw="32" slack="2147483647"/>
<pin id="3320" dir="0" index="2" bw="0" slack="2147483647"/>
<pin id="3321" dir="1" index="3" bw="32" slack="0"/>
</pin_list>
<bind>
<opcode="load(27) " fcode="load"/>
<opset="local_input_211_load/1 "/>
</bind>
</comp>

<comp id="3323" class="1004" name="local_input_212_addr_gep_fu_3323">
<pin_list>
<pin id="3324" dir="0" index="0" bw="32" slack="0"/>
<pin id="3325" dir="0" index="1" bw="1" slack="0"/>
<pin id="3326" dir="0" index="2" bw="8" slack="0"/>
<pin id="3327" dir="1" index="3" bw="8" slack="0"/>
</pin_list>
<bind>
<opcode="getelementptr(29) " fcode="getelementptr"/>
<opset="local_input_212_addr/1 "/>
</bind>
</comp>

<comp id="3330" class="1004" name="grp_access_fu_3330">
<pin_list>
<pin id="3331" dir="0" index="0" bw="8" slack="0"/>
<pin id="3332" dir="0" index="1" bw="32" slack="2147483647"/>
<pin id="3333" dir="0" index="2" bw="0" slack="2147483647"/>
<pin id="3334" dir="1" index="3" bw="32" slack="0"/>
</pin_list>
<bind>
<opcode="load(27) " fcode="load"/>
<opset="local_input_212_load/1 "/>
</bind>
</comp>

<comp id="3336" class="1004" name="local_input_213_addr_gep_fu_3336">
<pin_list>
<pin id="3337" dir="0" index="0" bw="32" slack="0"/>
<pin id="3338" dir="0" index="1" bw="1" slack="0"/>
<pin id="3339" dir="0" index="2" bw="8" slack="0"/>
<pin id="3340" dir="1" index="3" bw="8" slack="0"/>
</pin_list>
<bind>
<opcode="getelementptr(29) " fcode="getelementptr"/>
<opset="local_input_213_addr/1 "/>
</bind>
</comp>

<comp id="3343" class="1004" name="grp_access_fu_3343">
<pin_list>
<pin id="3344" dir="0" index="0" bw="8" slack="0"/>
<pin id="3345" dir="0" index="1" bw="32" slack="2147483647"/>
<pin id="3346" dir="0" index="2" bw="0" slack="2147483647"/>
<pin id="3347" dir="1" index="3" bw="32" slack="0"/>
</pin_list>
<bind>
<opcode="load(27) " fcode="load"/>
<opset="local_input_213_load/1 "/>
</bind>
</comp>

<comp id="3349" class="1004" name="local_input_214_addr_gep_fu_3349">
<pin_list>
<pin id="3350" dir="0" index="0" bw="32" slack="0"/>
<pin id="3351" dir="0" index="1" bw="1" slack="0"/>
<pin id="3352" dir="0" index="2" bw="8" slack="0"/>
<pin id="3353" dir="1" index="3" bw="8" slack="0"/>
</pin_list>
<bind>
<opcode="getelementptr(29) " fcode="getelementptr"/>
<opset="local_input_214_addr/1 "/>
</bind>
</comp>

<comp id="3356" class="1004" name="grp_access_fu_3356">
<pin_list>
<pin id="3357" dir="0" index="0" bw="8" slack="0"/>
<pin id="3358" dir="0" index="1" bw="32" slack="2147483647"/>
<pin id="3359" dir="0" index="2" bw="0" slack="2147483647"/>
<pin id="3360" dir="1" index="3" bw="32" slack="0"/>
</pin_list>
<bind>
<opcode="load(27) " fcode="load"/>
<opset="local_input_214_load/1 "/>
</bind>
</comp>

<comp id="3362" class="1004" name="local_input_215_addr_gep_fu_3362">
<pin_list>
<pin id="3363" dir="0" index="0" bw="32" slack="0"/>
<pin id="3364" dir="0" index="1" bw="1" slack="0"/>
<pin id="3365" dir="0" index="2" bw="8" slack="0"/>
<pin id="3366" dir="1" index="3" bw="8" slack="0"/>
</pin_list>
<bind>
<opcode="getelementptr(29) " fcode="getelementptr"/>
<opset="local_input_215_addr/1 "/>
</bind>
</comp>

<comp id="3369" class="1004" name="grp_access_fu_3369">
<pin_list>
<pin id="3370" dir="0" index="0" bw="8" slack="0"/>
<pin id="3371" dir="0" index="1" bw="32" slack="2147483647"/>
<pin id="3372" dir="0" index="2" bw="0" slack="2147483647"/>
<pin id="3373" dir="1" index="3" bw="32" slack="0"/>
</pin_list>
<bind>
<opcode="load(27) " fcode="load"/>
<opset="local_input_215_load/1 "/>
</bind>
</comp>

<comp id="3375" class="1004" name="local_input_216_addr_gep_fu_3375">
<pin_list>
<pin id="3376" dir="0" index="0" bw="32" slack="0"/>
<pin id="3377" dir="0" index="1" bw="1" slack="0"/>
<pin id="3378" dir="0" index="2" bw="8" slack="0"/>
<pin id="3379" dir="1" index="3" bw="8" slack="0"/>
</pin_list>
<bind>
<opcode="getelementptr(29) " fcode="getelementptr"/>
<opset="local_input_216_addr/1 "/>
</bind>
</comp>

<comp id="3382" class="1004" name="grp_access_fu_3382">
<pin_list>
<pin id="3383" dir="0" index="0" bw="8" slack="0"/>
<pin id="3384" dir="0" index="1" bw="32" slack="2147483647"/>
<pin id="3385" dir="0" index="2" bw="0" slack="2147483647"/>
<pin id="3386" dir="1" index="3" bw="32" slack="0"/>
</pin_list>
<bind>
<opcode="load(27) " fcode="load"/>
<opset="local_input_216_load/1 "/>
</bind>
</comp>

<comp id="3388" class="1004" name="local_input_217_addr_gep_fu_3388">
<pin_list>
<pin id="3389" dir="0" index="0" bw="32" slack="0"/>
<pin id="3390" dir="0" index="1" bw="1" slack="0"/>
<pin id="3391" dir="0" index="2" bw="8" slack="0"/>
<pin id="3392" dir="1" index="3" bw="8" slack="0"/>
</pin_list>
<bind>
<opcode="getelementptr(29) " fcode="getelementptr"/>
<opset="local_input_217_addr/1 "/>
</bind>
</comp>

<comp id="3395" class="1004" name="grp_access_fu_3395">
<pin_list>
<pin id="3396" dir="0" index="0" bw="8" slack="0"/>
<pin id="3397" dir="0" index="1" bw="32" slack="2147483647"/>
<pin id="3398" dir="0" index="2" bw="0" slack="2147483647"/>
<pin id="3399" dir="1" index="3" bw="32" slack="0"/>
</pin_list>
<bind>
<opcode="load(27) " fcode="load"/>
<opset="local_input_217_load/1 "/>
</bind>
</comp>

<comp id="3401" class="1004" name="local_input_218_addr_gep_fu_3401">
<pin_list>
<pin id="3402" dir="0" index="0" bw="32" slack="0"/>
<pin id="3403" dir="0" index="1" bw="1" slack="0"/>
<pin id="3404" dir="0" index="2" bw="8" slack="0"/>
<pin id="3405" dir="1" index="3" bw="8" slack="0"/>
</pin_list>
<bind>
<opcode="getelementptr(29) " fcode="getelementptr"/>
<opset="local_input_218_addr/1 "/>
</bind>
</comp>

<comp id="3408" class="1004" name="grp_access_fu_3408">
<pin_list>
<pin id="3409" dir="0" index="0" bw="8" slack="0"/>
<pin id="3410" dir="0" index="1" bw="32" slack="2147483647"/>
<pin id="3411" dir="0" index="2" bw="0" slack="2147483647"/>
<pin id="3412" dir="1" index="3" bw="32" slack="0"/>
</pin_list>
<bind>
<opcode="load(27) " fcode="load"/>
<opset="local_input_218_load/1 "/>
</bind>
</comp>

<comp id="3414" class="1004" name="local_input_219_addr_gep_fu_3414">
<pin_list>
<pin id="3415" dir="0" index="0" bw="32" slack="0"/>
<pin id="3416" dir="0" index="1" bw="1" slack="0"/>
<pin id="3417" dir="0" index="2" bw="8" slack="0"/>
<pin id="3418" dir="1" index="3" bw="8" slack="0"/>
</pin_list>
<bind>
<opcode="getelementptr(29) " fcode="getelementptr"/>
<opset="local_input_219_addr/1 "/>
</bind>
</comp>

<comp id="3421" class="1004" name="grp_access_fu_3421">
<pin_list>
<pin id="3422" dir="0" index="0" bw="8" slack="0"/>
<pin id="3423" dir="0" index="1" bw="32" slack="2147483647"/>
<pin id="3424" dir="0" index="2" bw="0" slack="2147483647"/>
<pin id="3425" dir="1" index="3" bw="32" slack="0"/>
</pin_list>
<bind>
<opcode="load(27) " fcode="load"/>
<opset="local_input_219_load/1 "/>
</bind>
</comp>

<comp id="3427" class="1004" name="local_input_220_addr_gep_fu_3427">
<pin_list>
<pin id="3428" dir="0" index="0" bw="32" slack="0"/>
<pin id="3429" dir="0" index="1" bw="1" slack="0"/>
<pin id="3430" dir="0" index="2" bw="8" slack="0"/>
<pin id="3431" dir="1" index="3" bw="8" slack="0"/>
</pin_list>
<bind>
<opcode="getelementptr(29) " fcode="getelementptr"/>
<opset="local_input_220_addr/1 "/>
</bind>
</comp>

<comp id="3434" class="1004" name="grp_access_fu_3434">
<pin_list>
<pin id="3435" dir="0" index="0" bw="8" slack="0"/>
<pin id="3436" dir="0" index="1" bw="32" slack="2147483647"/>
<pin id="3437" dir="0" index="2" bw="0" slack="2147483647"/>
<pin id="3438" dir="1" index="3" bw="32" slack="0"/>
</pin_list>
<bind>
<opcode="load(27) " fcode="load"/>
<opset="local_input_220_load/1 "/>
</bind>
</comp>

<comp id="3440" class="1004" name="local_input_221_addr_gep_fu_3440">
<pin_list>
<pin id="3441" dir="0" index="0" bw="32" slack="0"/>
<pin id="3442" dir="0" index="1" bw="1" slack="0"/>
<pin id="3443" dir="0" index="2" bw="8" slack="0"/>
<pin id="3444" dir="1" index="3" bw="8" slack="0"/>
</pin_list>
<bind>
<opcode="getelementptr(29) " fcode="getelementptr"/>
<opset="local_input_221_addr/1 "/>
</bind>
</comp>

<comp id="3447" class="1004" name="grp_access_fu_3447">
<pin_list>
<pin id="3448" dir="0" index="0" bw="8" slack="0"/>
<pin id="3449" dir="0" index="1" bw="32" slack="2147483647"/>
<pin id="3450" dir="0" index="2" bw="0" slack="2147483647"/>
<pin id="3451" dir="1" index="3" bw="32" slack="0"/>
</pin_list>
<bind>
<opcode="load(27) " fcode="load"/>
<opset="local_input_221_load/1 "/>
</bind>
</comp>

<comp id="3453" class="1004" name="local_input_222_addr_gep_fu_3453">
<pin_list>
<pin id="3454" dir="0" index="0" bw="32" slack="0"/>
<pin id="3455" dir="0" index="1" bw="1" slack="0"/>
<pin id="3456" dir="0" index="2" bw="8" slack="0"/>
<pin id="3457" dir="1" index="3" bw="8" slack="0"/>
</pin_list>
<bind>
<opcode="getelementptr(29) " fcode="getelementptr"/>
<opset="local_input_222_addr/1 "/>
</bind>
</comp>

<comp id="3460" class="1004" name="grp_access_fu_3460">
<pin_list>
<pin id="3461" dir="0" index="0" bw="8" slack="0"/>
<pin id="3462" dir="0" index="1" bw="32" slack="2147483647"/>
<pin id="3463" dir="0" index="2" bw="0" slack="2147483647"/>
<pin id="3464" dir="1" index="3" bw="32" slack="0"/>
</pin_list>
<bind>
<opcode="load(27) " fcode="load"/>
<opset="local_input_222_load/1 "/>
</bind>
</comp>

<comp id="3466" class="1004" name="local_input_223_addr_gep_fu_3466">
<pin_list>
<pin id="3467" dir="0" index="0" bw="32" slack="0"/>
<pin id="3468" dir="0" index="1" bw="1" slack="0"/>
<pin id="3469" dir="0" index="2" bw="8" slack="0"/>
<pin id="3470" dir="1" index="3" bw="8" slack="0"/>
</pin_list>
<bind>
<opcode="getelementptr(29) " fcode="getelementptr"/>
<opset="local_input_223_addr/1 "/>
</bind>
</comp>

<comp id="3473" class="1004" name="grp_access_fu_3473">
<pin_list>
<pin id="3474" dir="0" index="0" bw="8" slack="0"/>
<pin id="3475" dir="0" index="1" bw="32" slack="2147483647"/>
<pin id="3476" dir="0" index="2" bw="0" slack="2147483647"/>
<pin id="3477" dir="1" index="3" bw="32" slack="0"/>
</pin_list>
<bind>
<opcode="load(27) " fcode="load"/>
<opset="local_input_223_load/1 "/>
</bind>
</comp>

<comp id="3479" class="1004" name="local_input_224_addr_gep_fu_3479">
<pin_list>
<pin id="3480" dir="0" index="0" bw="32" slack="0"/>
<pin id="3481" dir="0" index="1" bw="1" slack="0"/>
<pin id="3482" dir="0" index="2" bw="8" slack="0"/>
<pin id="3483" dir="1" index="3" bw="8" slack="0"/>
</pin_list>
<bind>
<opcode="getelementptr(29) " fcode="getelementptr"/>
<opset="local_input_224_addr/1 "/>
</bind>
</comp>

<comp id="3486" class="1004" name="grp_access_fu_3486">
<pin_list>
<pin id="3487" dir="0" index="0" bw="8" slack="0"/>
<pin id="3488" dir="0" index="1" bw="32" slack="2147483647"/>
<pin id="3489" dir="0" index="2" bw="0" slack="2147483647"/>
<pin id="3490" dir="1" index="3" bw="32" slack="0"/>
</pin_list>
<bind>
<opcode="load(27) " fcode="load"/>
<opset="local_input_224_load/1 "/>
</bind>
</comp>

<comp id="3492" class="1004" name="local_input_225_addr_gep_fu_3492">
<pin_list>
<pin id="3493" dir="0" index="0" bw="32" slack="0"/>
<pin id="3494" dir="0" index="1" bw="1" slack="0"/>
<pin id="3495" dir="0" index="2" bw="8" slack="0"/>
<pin id="3496" dir="1" index="3" bw="8" slack="0"/>
</pin_list>
<bind>
<opcode="getelementptr(29) " fcode="getelementptr"/>
<opset="local_input_225_addr/1 "/>
</bind>
</comp>

<comp id="3499" class="1004" name="grp_access_fu_3499">
<pin_list>
<pin id="3500" dir="0" index="0" bw="8" slack="0"/>
<pin id="3501" dir="0" index="1" bw="32" slack="2147483647"/>
<pin id="3502" dir="0" index="2" bw="0" slack="2147483647"/>
<pin id="3503" dir="1" index="3" bw="32" slack="0"/>
</pin_list>
<bind>
<opcode="load(27) " fcode="load"/>
<opset="local_input_225_load/1 "/>
</bind>
</comp>

<comp id="3505" class="1004" name="local_input_226_addr_gep_fu_3505">
<pin_list>
<pin id="3506" dir="0" index="0" bw="32" slack="0"/>
<pin id="3507" dir="0" index="1" bw="1" slack="0"/>
<pin id="3508" dir="0" index="2" bw="8" slack="0"/>
<pin id="3509" dir="1" index="3" bw="8" slack="0"/>
</pin_list>
<bind>
<opcode="getelementptr(29) " fcode="getelementptr"/>
<opset="local_input_226_addr/1 "/>
</bind>
</comp>

<comp id="3512" class="1004" name="grp_access_fu_3512">
<pin_list>
<pin id="3513" dir="0" index="0" bw="8" slack="0"/>
<pin id="3514" dir="0" index="1" bw="32" slack="2147483647"/>
<pin id="3515" dir="0" index="2" bw="0" slack="2147483647"/>
<pin id="3516" dir="1" index="3" bw="32" slack="0"/>
</pin_list>
<bind>
<opcode="load(27) " fcode="load"/>
<opset="local_input_226_load/1 "/>
</bind>
</comp>

<comp id="3518" class="1004" name="local_weights_addr_gep_fu_3518">
<pin_list>
<pin id="3519" dir="0" index="0" bw="32" slack="0"/>
<pin id="3520" dir="0" index="1" bw="1" slack="0"/>
<pin id="3521" dir="0" index="2" bw="4" slack="0"/>
<pin id="3522" dir="1" index="3" bw="4" slack="0"/>
</pin_list>
<bind>
<opcode="getelementptr(29) " fcode="getelementptr"/>
<opset="local_weights_addr/1 "/>
</bind>
</comp>

<comp id="3525" class="1004" name="grp_access_fu_3525">
<pin_list>
<pin id="3526" dir="0" index="0" bw="4" slack="0"/>
<pin id="3527" dir="0" index="1" bw="32" slack="2147483647"/>
<pin id="3528" dir="0" index="2" bw="0" slack="2147483647"/>
<pin id="3529" dir="1" index="3" bw="32" slack="0"/>
</pin_list>
<bind>
<opcode="load(27) " fcode="load"/>
<opset="local_weights_load/1 "/>
</bind>
</comp>

<comp id="3531" class="1004" name="local_weights_1_addr_gep_fu_3531">
<pin_list>
<pin id="3532" dir="0" index="0" bw="32" slack="0"/>
<pin id="3533" dir="0" index="1" bw="1" slack="0"/>
<pin id="3534" dir="0" index="2" bw="4" slack="0"/>
<pin id="3535" dir="1" index="3" bw="4" slack="0"/>
</pin_list>
<bind>
<opcode="getelementptr(29) " fcode="getelementptr"/>
<opset="local_weights_1_addr/1 "/>
</bind>
</comp>

<comp id="3538" class="1004" name="grp_access_fu_3538">
<pin_list>
<pin id="3539" dir="0" index="0" bw="4" slack="0"/>
<pin id="3540" dir="0" index="1" bw="32" slack="2147483647"/>
<pin id="3541" dir="0" index="2" bw="0" slack="2147483647"/>
<pin id="3542" dir="1" index="3" bw="32" slack="0"/>
</pin_list>
<bind>
<opcode="load(27) " fcode="load"/>
<opset="local_weights_1_load/1 "/>
</bind>
</comp>

<comp id="3544" class="1004" name="local_weights_2_addr_gep_fu_3544">
<pin_list>
<pin id="3545" dir="0" index="0" bw="32" slack="0"/>
<pin id="3546" dir="0" index="1" bw="1" slack="0"/>
<pin id="3547" dir="0" index="2" bw="4" slack="0"/>
<pin id="3548" dir="1" index="3" bw="4" slack="0"/>
</pin_list>
<bind>
<opcode="getelementptr(29) " fcode="getelementptr"/>
<opset="local_weights_2_addr/1 "/>
</bind>
</comp>

<comp id="3551" class="1004" name="grp_access_fu_3551">
<pin_list>
<pin id="3552" dir="0" index="0" bw="4" slack="0"/>
<pin id="3553" dir="0" index="1" bw="32" slack="2147483647"/>
<pin id="3554" dir="0" index="2" bw="0" slack="2147483647"/>
<pin id="3555" dir="1" index="3" bw="32" slack="0"/>
</pin_list>
<bind>
<opcode="load(27) " fcode="load"/>
<opset="local_weights_2_load/1 "/>
</bind>
</comp>

<comp id="3557" class="1004" name="local_weights_3_addr_gep_fu_3557">
<pin_list>
<pin id="3558" dir="0" index="0" bw="32" slack="0"/>
<pin id="3559" dir="0" index="1" bw="1" slack="0"/>
<pin id="3560" dir="0" index="2" bw="4" slack="0"/>
<pin id="3561" dir="1" index="3" bw="4" slack="0"/>
</pin_list>
<bind>
<opcode="getelementptr(29) " fcode="getelementptr"/>
<opset="local_weights_3_addr/1 "/>
</bind>
</comp>

<comp id="3564" class="1004" name="grp_access_fu_3564">
<pin_list>
<pin id="3565" dir="0" index="0" bw="4" slack="0"/>
<pin id="3566" dir="0" index="1" bw="32" slack="2147483647"/>
<pin id="3567" dir="0" index="2" bw="0" slack="2147483647"/>
<pin id="3568" dir="1" index="3" bw="32" slack="0"/>
</pin_list>
<bind>
<opcode="load(27) " fcode="load"/>
<opset="local_weights_3_load/1 "/>
</bind>
</comp>

<comp id="3570" class="1004" name="local_weights_4_addr_gep_fu_3570">
<pin_list>
<pin id="3571" dir="0" index="0" bw="32" slack="0"/>
<pin id="3572" dir="0" index="1" bw="1" slack="0"/>
<pin id="3573" dir="0" index="2" bw="4" slack="0"/>
<pin id="3574" dir="1" index="3" bw="4" slack="0"/>
</pin_list>
<bind>
<opcode="getelementptr(29) " fcode="getelementptr"/>
<opset="local_weights_4_addr/1 "/>
</bind>
</comp>

<comp id="3577" class="1004" name="grp_access_fu_3577">
<pin_list>
<pin id="3578" dir="0" index="0" bw="4" slack="0"/>
<pin id="3579" dir="0" index="1" bw="32" slack="2147483647"/>
<pin id="3580" dir="0" index="2" bw="0" slack="2147483647"/>
<pin id="3581" dir="1" index="3" bw="32" slack="0"/>
</pin_list>
<bind>
<opcode="load(27) " fcode="load"/>
<opset="local_weights_4_load/1 "/>
</bind>
</comp>

<comp id="3583" class="1004" name="local_weights_5_addr_gep_fu_3583">
<pin_list>
<pin id="3584" dir="0" index="0" bw="32" slack="0"/>
<pin id="3585" dir="0" index="1" bw="1" slack="0"/>
<pin id="3586" dir="0" index="2" bw="4" slack="0"/>
<pin id="3587" dir="1" index="3" bw="4" slack="0"/>
</pin_list>
<bind>
<opcode="getelementptr(29) " fcode="getelementptr"/>
<opset="local_weights_5_addr/1 "/>
</bind>
</comp>

<comp id="3590" class="1004" name="grp_access_fu_3590">
<pin_list>
<pin id="3591" dir="0" index="0" bw="4" slack="0"/>
<pin id="3592" dir="0" index="1" bw="32" slack="2147483647"/>
<pin id="3593" dir="0" index="2" bw="0" slack="2147483647"/>
<pin id="3594" dir="1" index="3" bw="32" slack="0"/>
</pin_list>
<bind>
<opcode="load(27) " fcode="load"/>
<opset="local_weights_5_load/1 "/>
</bind>
</comp>

<comp id="3596" class="1004" name="local_weights_6_addr_gep_fu_3596">
<pin_list>
<pin id="3597" dir="0" index="0" bw="32" slack="0"/>
<pin id="3598" dir="0" index="1" bw="1" slack="0"/>
<pin id="3599" dir="0" index="2" bw="4" slack="0"/>
<pin id="3600" dir="1" index="3" bw="4" slack="0"/>
</pin_list>
<bind>
<opcode="getelementptr(29) " fcode="getelementptr"/>
<opset="local_weights_6_addr/1 "/>
</bind>
</comp>

<comp id="3603" class="1004" name="grp_access_fu_3603">
<pin_list>
<pin id="3604" dir="0" index="0" bw="4" slack="0"/>
<pin id="3605" dir="0" index="1" bw="32" slack="2147483647"/>
<pin id="3606" dir="0" index="2" bw="0" slack="2147483647"/>
<pin id="3607" dir="1" index="3" bw="32" slack="0"/>
</pin_list>
<bind>
<opcode="load(27) " fcode="load"/>
<opset="local_weights_6_load/1 "/>
</bind>
</comp>

<comp id="3609" class="1004" name="local_weights_7_addr_gep_fu_3609">
<pin_list>
<pin id="3610" dir="0" index="0" bw="32" slack="0"/>
<pin id="3611" dir="0" index="1" bw="1" slack="0"/>
<pin id="3612" dir="0" index="2" bw="4" slack="0"/>
<pin id="3613" dir="1" index="3" bw="4" slack="0"/>
</pin_list>
<bind>
<opcode="getelementptr(29) " fcode="getelementptr"/>
<opset="local_weights_7_addr/1 "/>
</bind>
</comp>

<comp id="3616" class="1004" name="grp_access_fu_3616">
<pin_list>
<pin id="3617" dir="0" index="0" bw="4" slack="0"/>
<pin id="3618" dir="0" index="1" bw="32" slack="2147483647"/>
<pin id="3619" dir="0" index="2" bw="0" slack="2147483647"/>
<pin id="3620" dir="1" index="3" bw="32" slack="0"/>
</pin_list>
<bind>
<opcode="load(27) " fcode="load"/>
<opset="local_weights_7_load/1 "/>
</bind>
</comp>

<comp id="3622" class="1004" name="local_weights_8_addr_gep_fu_3622">
<pin_list>
<pin id="3623" dir="0" index="0" bw="32" slack="0"/>
<pin id="3624" dir="0" index="1" bw="1" slack="0"/>
<pin id="3625" dir="0" index="2" bw="4" slack="0"/>
<pin id="3626" dir="1" index="3" bw="4" slack="0"/>
</pin_list>
<bind>
<opcode="getelementptr(29) " fcode="getelementptr"/>
<opset="local_weights_8_addr/1 "/>
</bind>
</comp>

<comp id="3629" class="1004" name="grp_access_fu_3629">
<pin_list>
<pin id="3630" dir="0" index="0" bw="4" slack="0"/>
<pin id="3631" dir="0" index="1" bw="32" slack="2147483647"/>
<pin id="3632" dir="0" index="2" bw="0" slack="2147483647"/>
<pin id="3633" dir="1" index="3" bw="32" slack="0"/>
</pin_list>
<bind>
<opcode="load(27) " fcode="load"/>
<opset="local_weights_8_load/1 "/>
</bind>
</comp>

<comp id="3635" class="1004" name="local_weights_9_addr_gep_fu_3635">
<pin_list>
<pin id="3636" dir="0" index="0" bw="32" slack="0"/>
<pin id="3637" dir="0" index="1" bw="1" slack="0"/>
<pin id="3638" dir="0" index="2" bw="4" slack="0"/>
<pin id="3639" dir="1" index="3" bw="4" slack="0"/>
</pin_list>
<bind>
<opcode="getelementptr(29) " fcode="getelementptr"/>
<opset="local_weights_9_addr/1 "/>
</bind>
</comp>

<comp id="3642" class="1004" name="grp_access_fu_3642">
<pin_list>
<pin id="3643" dir="0" index="0" bw="4" slack="0"/>
<pin id="3644" dir="0" index="1" bw="32" slack="2147483647"/>
<pin id="3645" dir="0" index="2" bw="0" slack="2147483647"/>
<pin id="3646" dir="1" index="3" bw="32" slack="0"/>
</pin_list>
<bind>
<opcode="load(27) " fcode="load"/>
<opset="local_weights_9_load/1 "/>
</bind>
</comp>

<comp id="3648" class="1004" name="local_weights_10_addr_gep_fu_3648">
<pin_list>
<pin id="3649" dir="0" index="0" bw="32" slack="0"/>
<pin id="3650" dir="0" index="1" bw="1" slack="0"/>
<pin id="3651" dir="0" index="2" bw="4" slack="0"/>
<pin id="3652" dir="1" index="3" bw="4" slack="0"/>
</pin_list>
<bind>
<opcode="getelementptr(29) " fcode="getelementptr"/>
<opset="local_weights_10_addr/1 "/>
</bind>
</comp>

<comp id="3655" class="1004" name="grp_access_fu_3655">
<pin_list>
<pin id="3656" dir="0" index="0" bw="4" slack="0"/>
<pin id="3657" dir="0" index="1" bw="32" slack="2147483647"/>
<pin id="3658" dir="0" index="2" bw="0" slack="2147483647"/>
<pin id="3659" dir="1" index="3" bw="32" slack="0"/>
</pin_list>
<bind>
<opcode="load(27) " fcode="load"/>
<opset="local_weights_10_load/1 "/>
</bind>
</comp>

<comp id="3661" class="1004" name="grp_fu_3661">
<pin_list>
<pin id="3662" dir="0" index="0" bw="32" slack="0"/>
<pin id="3663" dir="0" index="1" bw="32" slack="1"/>
<pin id="3664" dir="1" index="2" bw="32" slack="0"/>
</pin_list>
<bind>
<opcode="fadd(9) " fcode="fadd"/>
<opset="sum_1/7 "/>
</bind>
</comp>

<comp id="3665" class="1004" name="grp_fu_3665">
<pin_list>
<pin id="3666" dir="0" index="0" bw="32" slack="1"/>
<pin id="3667" dir="0" index="1" bw="32" slack="1"/>
<pin id="3668" dir="1" index="2" bw="32" slack="1"/>
</pin_list>
<bind>
<opcode="fmul(13) " fcode="fmul"/>
<opset="mul/3 "/>
</bind>
</comp>

<comp id="3669" class="1004" name="store_ln0_store_fu_3669">
<pin_list>
<pin id="3670" dir="0" index="0" bw="1" slack="0"/>
<pin id="3671" dir="0" index="1" bw="7" slack="0"/>
<pin id="3672" dir="1" index="2" bw="0" slack="2147483647"/>
</pin_list>
<bind>
<opcode="store(28) " fcode="store"/>
<opset="store_ln0/1 "/>
</bind>
</comp>

<comp id="3674" class="1004" name="store_ln0_store_fu_3674">
<pin_list>
<pin id="3675" dir="0" index="0" bw="1" slack="0"/>
<pin id="3676" dir="0" index="1" bw="4" slack="0"/>
<pin id="3677" dir="1" index="2" bw="0" slack="2147483647"/>
</pin_list>
<bind>
<opcode="store(28) " fcode="store"/>
<opset="store_ln0/1 "/>
</bind>
</comp>

<comp id="3679" class="1004" name="store_ln0_store_fu_3679">
<pin_list>
<pin id="3680" dir="0" index="0" bw="1" slack="0"/>
<pin id="3681" dir="0" index="1" bw="4" slack="0"/>
<pin id="3682" dir="1" index="2" bw="0" slack="2147483647"/>
</pin_list>
<bind>
<opcode="store(28) " fcode="store"/>
<opset="store_ln0/1 "/>
</bind>
</comp>

<comp id="3684" class="1004" name="store_ln0_store_fu_3684">
<pin_list>
<pin id="3685" dir="0" index="0" bw="32" slack="0"/>
<pin id="3686" dir="0" index="1" bw="32" slack="0"/>
<pin id="3687" dir="1" index="2" bw="0" slack="2147483647"/>
</pin_list>
<bind>
<opcode="store(28) " fcode="store"/>
<opset="store_ln0/1 "/>
</bind>
</comp>

<comp id="3689" class="1004" name="indvar_flatten551_load_load_fu_3689">
<pin_list>
<pin id="3690" dir="0" index="0" bw="7" slack="0"/>
<pin id="3691" dir="1" index="1" bw="7" slack="0"/>
</pin_list>
<bind>
<opcode="load(27) " fcode="load"/>
<opset="indvar_flatten551_load/1 "/>
</bind>
</comp>

<comp id="3692" class="1004" name="icmp_ln65_fu_3692">
<pin_list>
<pin id="3693" dir="0" index="0" bw="7" slack="0"/>
<pin id="3694" dir="0" index="1" bw="4" slack="0"/>
<pin id="3695" dir="1" index="2" bw="1" slack="1"/>
</pin_list>
<bind>
<opcode="icmp(45) " fcode="icmp"/>
<opset="icmp_ln65/1 "/>
</bind>
</comp>

<comp id="3698" class="1004" name="add_ln65_fu_3698">
<pin_list>
<pin id="3699" dir="0" index="0" bw="7" slack="0"/>
<pin id="3700" dir="0" index="1" bw="1" slack="0"/>
<pin id="3701" dir="1" index="2" bw="7" slack="0"/>
</pin_list>
<bind>
<opcode="add(8) " fcode="add"/>
<opset="add_ln65/1 "/>
</bind>
</comp>

<comp id="3704" class="1004" name="kc_load_load_fu_3704">
<pin_list>
<pin id="3705" dir="0" index="0" bw="4" slack="0"/>
<pin id="3706" dir="1" index="1" bw="4" slack="0"/>
</pin_list>
<bind>
<opcode="load(27) " fcode="load"/>
<opset="kc_load/1 "/>
</bind>
</comp>

<comp id="3707" class="1004" name="kr_load_load_fu_3707">
<pin_list>
<pin id="3708" dir="0" index="0" bw="4" slack="0"/>
<pin id="3709" dir="1" index="1" bw="4" slack="0"/>
</pin_list>
<bind>
<opcode="load(27) " fcode="load"/>
<opset="kr_load/1 "/>
</bind>
</comp>

<comp id="3710" class="1004" name="icmp_ln67_fu_3710">
<pin_list>
<pin id="3711" dir="0" index="0" bw="4" slack="0"/>
<pin id="3712" dir="0" index="1" bw="4" slack="0"/>
<pin id="3713" dir="1" index="2" bw="1" slack="0"/>
</pin_list>
<bind>
<opcode="icmp(45) " fcode="icmp"/>
<opset="icmp_ln67/1 "/>
</bind>
</comp>

<comp id="3716" class="1004" name="select_ln65_fu_3716">
<pin_list>
<pin id="3717" dir="0" index="0" bw="1" slack="0"/>
<pin id="3718" dir="0" index="1" bw="1" slack="0"/>
<pin id="3719" dir="0" index="2" bw="4" slack="0"/>
<pin id="3720" dir="1" index="3" bw="4" slack="0"/>
</pin_list>
<bind>
<opcode="select(49) " fcode="select"/>
<opset="select_ln65/1 "/>
</bind>
</comp>

<comp id="3724" class="1004" name="add_ln65_1_fu_3724">
<pin_list>
<pin id="3725" dir="0" index="0" bw="4" slack="0"/>
<pin id="3726" dir="0" index="1" bw="1" slack="0"/>
<pin id="3727" dir="1" index="2" bw="4" slack="0"/>
</pin_list>
<bind>
<opcode="add(8) " fcode="add"/>
<opset="add_ln65_1/1 "/>
</bind>
</comp>

<comp id="3730" class="1004" name="select_ln65_2_fu_3730">
<pin_list>
<pin id="3731" dir="0" index="0" bw="1" slack="0"/>
<pin id="3732" dir="0" index="1" bw="4" slack="0"/>
<pin id="3733" dir="0" index="2" bw="4" slack="0"/>
<pin id="3734" dir="1" index="3" bw="4" slack="0"/>
</pin_list>
<bind>
<opcode="select(49) " fcode="select"/>
<opset="select_ln65_2/1 "/>
</bind>
</comp>

<comp id="3738" class="1004" name="zext_ln65_fu_3738">
<pin_list>
<pin id="3739" dir="0" index="0" bw="4" slack="0"/>
<pin id="3740" dir="1" index="1" bw="8" slack="0"/>
</pin_list>
<bind>
<opcode="zext(34) " fcode="zext"/>
<opset="zext_ln65/1 "/>
</bind>
</comp>

<comp id="3742" class="1004" name="add_ln65_2_fu_3742">
<pin_list>
<pin id="3743" dir="0" index="0" bw="4" slack="0"/>
<pin id="3744" dir="0" index="1" bw="8" slack="0"/>
<pin id="3745" dir="1" index="2" bw="8" slack="0"/>
</pin_list>
<bind>
<opcode="add(8) " fcode="add"/>
<opset="add_ln65_2/1 "/>
</bind>
</comp>

<comp id="3748" class="1004" name="zext_ln65_1_fu_3748">
<pin_list>
<pin id="3749" dir="0" index="0" bw="8" slack="0"/>
<pin id="3750" dir="1" index="1" bw="64" slack="0"/>
</pin_list>
<bind>
<opcode="zext(34) " fcode="zext"/>
<opset="zext_ln65_1/1 "/>
</bind>
</comp>

<comp id="3979" class="1004" name="zext_ln65_2_fu_3979">
<pin_list>
<pin id="3980" dir="0" index="0" bw="4" slack="0"/>
<pin id="3981" dir="1" index="1" bw="64" slack="0"/>
</pin_list>
<bind>
<opcode="zext(34) " fcode="zext"/>
<opset="zext_ln65_2/1 "/>
</bind>
</comp>

<comp id="3994" class="1004" name="add_ln67_fu_3994">
<pin_list>
<pin id="3995" dir="0" index="0" bw="4" slack="0"/>
<pin id="3996" dir="0" index="1" bw="1" slack="0"/>
<pin id="3997" dir="1" index="2" bw="4" slack="0"/>
</pin_list>
<bind>
<opcode="add(8) " fcode="add"/>
<opset="add_ln67/1 "/>
</bind>
</comp>

<comp id="4000" class="1004" name="store_ln67_store_fu_4000">
<pin_list>
<pin id="4001" dir="0" index="0" bw="7" slack="0"/>
<pin id="4002" dir="0" index="1" bw="7" slack="0"/>
<pin id="4003" dir="1" index="2" bw="0" slack="2147483647"/>
</pin_list>
<bind>
<opcode="store(28) " fcode="store"/>
<opset="store_ln67/1 "/>
</bind>
</comp>

<comp id="4005" class="1004" name="store_ln67_store_fu_4005">
<pin_list>
<pin id="4006" dir="0" index="0" bw="4" slack="0"/>
<pin id="4007" dir="0" index="1" bw="4" slack="0"/>
<pin id="4008" dir="1" index="2" bw="0" slack="2147483647"/>
</pin_list>
<bind>
<opcode="store(28) " fcode="store"/>
<opset="store_ln67/1 "/>
</bind>
</comp>

<comp id="4010" class="1004" name="store_ln67_store_fu_4010">
<pin_list>
<pin id="4011" dir="0" index="0" bw="4" slack="0"/>
<pin id="4012" dir="0" index="1" bw="4" slack="0"/>
<pin id="4013" dir="1" index="2" bw="0" slack="2147483647"/>
</pin_list>
<bind>
<opcode="store(28) " fcode="store"/>
<opset="store_ln67/1 "/>
</bind>
</comp>

<comp id="4015" class="1004" name="zext_ln72_fu_4015">
<pin_list>
<pin id="4016" dir="0" index="0" bw="4" slack="1"/>
<pin id="4017" dir="1" index="1" bw="8" slack="0"/>
</pin_list>
<bind>
<opcode="zext(34) " fcode="zext"/>
<opset="zext_ln72/2 "/>
</bind>
</comp>

<comp id="4018" class="1004" name="add_ln74_fu_4018">
<pin_list>
<pin id="4019" dir="0" index="0" bw="4" slack="0"/>
<pin id="4020" dir="0" index="1" bw="8" slack="1"/>
<pin id="4021" dir="1" index="2" bw="8" slack="0"/>
</pin_list>
<bind>
<opcode="add(8) " fcode="add"/>
<opset="add_ln74/2 "/>
</bind>
</comp>

<comp id="4023" class="1004" name="tmp_fu_4023">
<pin_list>
<pin id="4024" dir="0" index="0" bw="32" slack="0"/>
<pin id="4025" dir="0" index="1" bw="32" slack="0"/>
<pin id="4026" dir="0" index="2" bw="32" slack="0"/>
<pin id="4027" dir="0" index="3" bw="32" slack="0"/>
<pin id="4028" dir="0" index="4" bw="32" slack="0"/>
<pin id="4029" dir="0" index="5" bw="32" slack="0"/>
<pin id="4030" dir="0" index="6" bw="32" slack="0"/>
<pin id="4031" dir="0" index="7" bw="32" slack="0"/>
<pin id="4032" dir="0" index="8" bw="32" slack="0"/>
<pin id="4033" dir="0" index="9" bw="32" slack="0"/>
<pin id="4034" dir="0" index="10" bw="32" slack="0"/>
<pin id="4035" dir="0" index="11" bw="32" slack="0"/>
<pin id="4036" dir="0" index="12" bw="32" slack="0"/>
<pin id="4037" dir="0" index="13" bw="32" slack="0"/>
<pin id="4038" dir="0" index="14" bw="32" slack="0"/>
<pin id="4039" dir="0" index="15" bw="32" slack="0"/>
<pin id="4040" dir="0" index="16" bw="32" slack="0"/>
<pin id="4041" dir="0" index="17" bw="32" slack="0"/>
<pin id="4042" dir="0" index="18" bw="32" slack="0"/>
<pin id="4043" dir="0" index="19" bw="32" slack="0"/>
<pin id="4044" dir="0" index="20" bw="32" slack="0"/>
<pin id="4045" dir="0" index="21" bw="32" slack="0"/>
<pin id="4046" dir="0" index="22" bw="32" slack="0"/>
<pin id="4047" dir="0" index="23" bw="32" slack="0"/>
<pin id="4048" dir="0" index="24" bw="32" slack="0"/>
<pin id="4049" dir="0" index="25" bw="32" slack="0"/>
<pin id="4050" dir="0" index="26" bw="32" slack="0"/>
<pin id="4051" dir="0" index="27" bw="32" slack="0"/>
<pin id="4052" dir="0" index="28" bw="32" slack="0"/>
<pin id="4053" dir="0" index="29" bw="32" slack="0"/>
<pin id="4054" dir="0" index="30" bw="32" slack="0"/>
<pin id="4055" dir="0" index="31" bw="32" slack="0"/>
<pin id="4056" dir="0" index="32" bw="32" slack="0"/>
<pin id="4057" dir="0" index="33" bw="32" slack="0"/>
<pin id="4058" dir="0" index="34" bw="32" slack="0"/>
<pin id="4059" dir="0" index="35" bw="32" slack="0"/>
<pin id="4060" dir="0" index="36" bw="32" slack="0"/>
<pin id="4061" dir="0" index="37" bw="32" slack="0"/>
<pin id="4062" dir="0" index="38" bw="32" slack="0"/>
<pin id="4063" dir="0" index="39" bw="32" slack="0"/>
<pin id="4064" dir="0" index="40" bw="32" slack="0"/>
<pin id="4065" dir="0" index="41" bw="32" slack="0"/>
<pin id="4066" dir="0" index="42" bw="32" slack="0"/>
<pin id="4067" dir="0" index="43" bw="32" slack="0"/>
<pin id="4068" dir="0" index="44" bw="32" slack="0"/>
<pin id="4069" dir="0" index="45" bw="32" slack="0"/>
<pin id="4070" dir="0" index="46" bw="32" slack="0"/>
<pin id="4071" dir="0" index="47" bw="32" slack="0"/>
<pin id="4072" dir="0" index="48" bw="32" slack="0"/>
<pin id="4073" dir="0" index="49" bw="32" slack="0"/>
<pin id="4074" dir="0" index="50" bw="32" slack="0"/>
<pin id="4075" dir="0" index="51" bw="32" slack="0"/>
<pin id="4076" dir="0" index="52" bw="32" slack="0"/>
<pin id="4077" dir="0" index="53" bw="32" slack="0"/>
<pin id="4078" dir="0" index="54" bw="32" slack="0"/>
<pin id="4079" dir="0" index="55" bw="32" slack="0"/>
<pin id="4080" dir="0" index="56" bw="32" slack="0"/>
<pin id="4081" dir="0" index="57" bw="32" slack="0"/>
<pin id="4082" dir="0" index="58" bw="32" slack="0"/>
<pin id="4083" dir="0" index="59" bw="32" slack="0"/>
<pin id="4084" dir="0" index="60" bw="32" slack="0"/>
<pin id="4085" dir="0" index="61" bw="32" slack="0"/>
<pin id="4086" dir="0" index="62" bw="32" slack="0"/>
<pin id="4087" dir="0" index="63" bw="32" slack="0"/>
<pin id="4088" dir="0" index="64" bw="32" slack="0"/>
<pin id="4089" dir="0" index="65" bw="32" slack="0"/>
<pin id="4090" dir="0" index="66" bw="32" slack="0"/>
<pin id="4091" dir="0" index="67" bw="32" slack="0"/>
<pin id="4092" dir="0" index="68" bw="32" slack="0"/>
<pin id="4093" dir="0" index="69" bw="32" slack="0"/>
<pin id="4094" dir="0" index="70" bw="32" slack="0"/>
<pin id="4095" dir="0" index="71" bw="32" slack="0"/>
<pin id="4096" dir="0" index="72" bw="32" slack="0"/>
<pin id="4097" dir="0" index="73" bw="32" slack="0"/>
<pin id="4098" dir="0" index="74" bw="32" slack="0"/>
<pin id="4099" dir="0" index="75" bw="32" slack="0"/>
<pin id="4100" dir="0" index="76" bw="32" slack="0"/>
<pin id="4101" dir="0" index="77" bw="32" slack="0"/>
<pin id="4102" dir="0" index="78" bw="32" slack="0"/>
<pin id="4103" dir="0" index="79" bw="32" slack="0"/>
<pin id="4104" dir="0" index="80" bw="32" slack="0"/>
<pin id="4105" dir="0" index="81" bw="32" slack="0"/>
<pin id="4106" dir="0" index="82" bw="32" slack="0"/>
<pin id="4107" dir="0" index="83" bw="32" slack="0"/>
<pin id="4108" dir="0" index="84" bw="32" slack="0"/>
<pin id="4109" dir="0" index="85" bw="32" slack="0"/>
<pin id="4110" dir="0" index="86" bw="32" slack="0"/>
<pin id="4111" dir="0" index="87" bw="32" slack="0"/>
<pin id="4112" dir="0" index="88" bw="32" slack="0"/>
<pin id="4113" dir="0" index="89" bw="32" slack="0"/>
<pin id="4114" dir="0" index="90" bw="32" slack="0"/>
<pin id="4115" dir="0" index="91" bw="32" slack="0"/>
<pin id="4116" dir="0" index="92" bw="32" slack="0"/>
<pin id="4117" dir="0" index="93" bw="32" slack="0"/>
<pin id="4118" dir="0" index="94" bw="32" slack="0"/>
<pin id="4119" dir="0" index="95" bw="32" slack="0"/>
<pin id="4120" dir="0" index="96" bw="32" slack="0"/>
<pin id="4121" dir="0" index="97" bw="32" slack="0"/>
<pin id="4122" dir="0" index="98" bw="32" slack="0"/>
<pin id="4123" dir="0" index="99" bw="32" slack="0"/>
<pin id="4124" dir="0" index="100" bw="32" slack="0"/>
<pin id="4125" dir="0" index="101" bw="32" slack="0"/>
<pin id="4126" dir="0" index="102" bw="32" slack="0"/>
<pin id="4127" dir="0" index="103" bw="32" slack="0"/>
<pin id="4128" dir="0" index="104" bw="32" slack="0"/>
<pin id="4129" dir="0" index="105" bw="32" slack="0"/>
<pin id="4130" dir="0" index="106" bw="32" slack="0"/>
<pin id="4131" dir="0" index="107" bw="32" slack="0"/>
<pin id="4132" dir="0" index="108" bw="32" slack="0"/>
<pin id="4133" dir="0" index="109" bw="32" slack="0"/>
<pin id="4134" dir="0" index="110" bw="32" slack="0"/>
<pin id="4135" dir="0" index="111" bw="32" slack="0"/>
<pin id="4136" dir="0" index="112" bw="32" slack="0"/>
<pin id="4137" dir="0" index="113" bw="32" slack="0"/>
<pin id="4138" dir="0" index="114" bw="32" slack="0"/>
<pin id="4139" dir="0" index="115" bw="32" slack="0"/>
<pin id="4140" dir="0" index="116" bw="32" slack="0"/>
<pin id="4141" dir="0" index="117" bw="32" slack="0"/>
<pin id="4142" dir="0" index="118" bw="32" slack="0"/>
<pin id="4143" dir="0" index="119" bw="32" slack="0"/>
<pin id="4144" dir="0" index="120" bw="32" slack="0"/>
<pin id="4145" dir="0" index="121" bw="32" slack="0"/>
<pin id="4146" dir="0" index="122" bw="32" slack="0"/>
<pin id="4147" dir="0" index="123" bw="32" slack="0"/>
<pin id="4148" dir="0" index="124" bw="32" slack="0"/>
<pin id="4149" dir="0" index="125" bw="32" slack="0"/>
<pin id="4150" dir="0" index="126" bw="32" slack="0"/>
<pin id="4151" dir="0" index="127" bw="32" slack="0"/>
<pin id="4152" dir="0" index="128" bw="32" slack="0"/>
<pin id="4153" dir="0" index="129" bw="32" slack="0"/>
<pin id="4154" dir="0" index="130" bw="32" slack="0"/>
<pin id="4155" dir="0" index="131" bw="32" slack="0"/>
<pin id="4156" dir="0" index="132" bw="32" slack="0"/>
<pin id="4157" dir="0" index="133" bw="32" slack="0"/>
<pin id="4158" dir="0" index="134" bw="32" slack="0"/>
<pin id="4159" dir="0" index="135" bw="32" slack="0"/>
<pin id="4160" dir="0" index="136" bw="32" slack="0"/>
<pin id="4161" dir="0" index="137" bw="32" slack="0"/>
<pin id="4162" dir="0" index="138" bw="32" slack="0"/>
<pin id="4163" dir="0" index="139" bw="32" slack="0"/>
<pin id="4164" dir="0" index="140" bw="32" slack="0"/>
<pin id="4165" dir="0" index="141" bw="32" slack="0"/>
<pin id="4166" dir="0" index="142" bw="32" slack="0"/>
<pin id="4167" dir="0" index="143" bw="32" slack="0"/>
<pin id="4168" dir="0" index="144" bw="32" slack="0"/>
<pin id="4169" dir="0" index="145" bw="32" slack="0"/>
<pin id="4170" dir="0" index="146" bw="32" slack="0"/>
<pin id="4171" dir="0" index="147" bw="32" slack="0"/>
<pin id="4172" dir="0" index="148" bw="32" slack="0"/>
<pin id="4173" dir="0" index="149" bw="32" slack="0"/>
<pin id="4174" dir="0" index="150" bw="32" slack="0"/>
<pin id="4175" dir="0" index="151" bw="32" slack="0"/>
<pin id="4176" dir="0" index="152" bw="32" slack="0"/>
<pin id="4177" dir="0" index="153" bw="32" slack="0"/>
<pin id="4178" dir="0" index="154" bw="32" slack="0"/>
<pin id="4179" dir="0" index="155" bw="32" slack="0"/>
<pin id="4180" dir="0" index="156" bw="32" slack="0"/>
<pin id="4181" dir="0" index="157" bw="32" slack="0"/>
<pin id="4182" dir="0" index="158" bw="32" slack="0"/>
<pin id="4183" dir="0" index="159" bw="32" slack="0"/>
<pin id="4184" dir="0" index="160" bw="32" slack="0"/>
<pin id="4185" dir="0" index="161" bw="32" slack="0"/>
<pin id="4186" dir="0" index="162" bw="32" slack="0"/>
<pin id="4187" dir="0" index="163" bw="32" slack="0"/>
<pin id="4188" dir="0" index="164" bw="32" slack="0"/>
<pin id="4189" dir="0" index="165" bw="32" slack="0"/>
<pin id="4190" dir="0" index="166" bw="32" slack="0"/>
<pin id="4191" dir="0" index="167" bw="32" slack="0"/>
<pin id="4192" dir="0" index="168" bw="32" slack="0"/>
<pin id="4193" dir="0" index="169" bw="32" slack="0"/>
<pin id="4194" dir="0" index="170" bw="32" slack="0"/>
<pin id="4195" dir="0" index="171" bw="32" slack="0"/>
<pin id="4196" dir="0" index="172" bw="32" slack="0"/>
<pin id="4197" dir="0" index="173" bw="32" slack="0"/>
<pin id="4198" dir="0" index="174" bw="32" slack="0"/>
<pin id="4199" dir="0" index="175" bw="32" slack="0"/>
<pin id="4200" dir="0" index="176" bw="32" slack="0"/>
<pin id="4201" dir="0" index="177" bw="32" slack="0"/>
<pin id="4202" dir="0" index="178" bw="32" slack="0"/>
<pin id="4203" dir="0" index="179" bw="32" slack="0"/>
<pin id="4204" dir="0" index="180" bw="32" slack="0"/>
<pin id="4205" dir="0" index="181" bw="32" slack="0"/>
<pin id="4206" dir="0" index="182" bw="32" slack="0"/>
<pin id="4207" dir="0" index="183" bw="32" slack="0"/>
<pin id="4208" dir="0" index="184" bw="32" slack="0"/>
<pin id="4209" dir="0" index="185" bw="32" slack="0"/>
<pin id="4210" dir="0" index="186" bw="32" slack="0"/>
<pin id="4211" dir="0" index="187" bw="32" slack="0"/>
<pin id="4212" dir="0" index="188" bw="32" slack="0"/>
<pin id="4213" dir="0" index="189" bw="32" slack="0"/>
<pin id="4214" dir="0" index="190" bw="32" slack="0"/>
<pin id="4215" dir="0" index="191" bw="32" slack="0"/>
<pin id="4216" dir="0" index="192" bw="32" slack="0"/>
<pin id="4217" dir="0" index="193" bw="32" slack="0"/>
<pin id="4218" dir="0" index="194" bw="32" slack="0"/>
<pin id="4219" dir="0" index="195" bw="32" slack="0"/>
<pin id="4220" dir="0" index="196" bw="32" slack="0"/>
<pin id="4221" dir="0" index="197" bw="32" slack="0"/>
<pin id="4222" dir="0" index="198" bw="32" slack="0"/>
<pin id="4223" dir="0" index="199" bw="32" slack="0"/>
<pin id="4224" dir="0" index="200" bw="32" slack="0"/>
<pin id="4225" dir="0" index="201" bw="32" slack="0"/>
<pin id="4226" dir="0" index="202" bw="32" slack="0"/>
<pin id="4227" dir="0" index="203" bw="32" slack="0"/>
<pin id="4228" dir="0" index="204" bw="32" slack="0"/>
<pin id="4229" dir="0" index="205" bw="32" slack="0"/>
<pin id="4230" dir="0" index="206" bw="32" slack="0"/>
<pin id="4231" dir="0" index="207" bw="32" slack="0"/>
<pin id="4232" dir="0" index="208" bw="32" slack="0"/>
<pin id="4233" dir="0" index="209" bw="32" slack="0"/>
<pin id="4234" dir="0" index="210" bw="32" slack="0"/>
<pin id="4235" dir="0" index="211" bw="32" slack="0"/>
<pin id="4236" dir="0" index="212" bw="32" slack="0"/>
<pin id="4237" dir="0" index="213" bw="32" slack="0"/>
<pin id="4238" dir="0" index="214" bw="32" slack="0"/>
<pin id="4239" dir="0" index="215" bw="32" slack="0"/>
<pin id="4240" dir="0" index="216" bw="32" slack="0"/>
<pin id="4241" dir="0" index="217" bw="32" slack="0"/>
<pin id="4242" dir="0" index="218" bw="32" slack="0"/>
<pin id="4243" dir="0" index="219" bw="32" slack="0"/>
<pin id="4244" dir="0" index="220" bw="32" slack="0"/>
<pin id="4245" dir="0" index="221" bw="32" slack="0"/>
<pin id="4246" dir="0" index="222" bw="32" slack="0"/>
<pin id="4247" dir="0" index="223" bw="32" slack="0"/>
<pin id="4248" dir="0" index="224" bw="32" slack="0"/>
<pin id="4249" dir="0" index="225" bw="32" slack="0"/>
<pin id="4250" dir="0" index="226" bw="32" slack="0"/>
<pin id="4251" dir="0" index="227" bw="32" slack="0"/>
<pin id="4252" dir="0" index="228" bw="8" slack="0"/>
<pin id="4253" dir="1" index="229" bw="32" slack="1"/>
</pin_list>
<bind>
<opcode="mux(1196) " fcode="mux"/>
<opset="tmp/2 "/>
</bind>
</comp>

<comp id="4483" class="1004" name="tmp_1_fu_4483">
<pin_list>
<pin id="4484" dir="0" index="0" bw="32" slack="0"/>
<pin id="4485" dir="0" index="1" bw="32" slack="0"/>
<pin id="4486" dir="0" index="2" bw="32" slack="0"/>
<pin id="4487" dir="0" index="3" bw="32" slack="0"/>
<pin id="4488" dir="0" index="4" bw="32" slack="0"/>
<pin id="4489" dir="0" index="5" bw="32" slack="0"/>
<pin id="4490" dir="0" index="6" bw="32" slack="0"/>
<pin id="4491" dir="0" index="7" bw="32" slack="0"/>
<pin id="4492" dir="0" index="8" bw="32" slack="0"/>
<pin id="4493" dir="0" index="9" bw="32" slack="0"/>
<pin id="4494" dir="0" index="10" bw="32" slack="0"/>
<pin id="4495" dir="0" index="11" bw="32" slack="0"/>
<pin id="4496" dir="0" index="12" bw="4" slack="1"/>
<pin id="4497" dir="1" index="13" bw="32" slack="1"/>
</pin_list>
<bind>
<opcode="mux(1196) " fcode="mux"/>
<opset="tmp_1/2 "/>
</bind>
</comp>

<comp id="4510" class="1004" name="sum_2_load_load_fu_4510">
<pin_list>
<pin id="4511" dir="0" index="0" bw="32" slack="6"/>
<pin id="4512" dir="1" index="1" bw="32" slack="0"/>
</pin_list>
<bind>
<opcode="load(27) " fcode="load"/>
<opset="sum_2_load/7 "/>
</bind>
</comp>

<comp id="4514" class="1004" name="store_ln67_store_fu_4514">
<pin_list>
<pin id="4515" dir="0" index="0" bw="32" slack="0"/>
<pin id="4516" dir="0" index="1" bw="32" slack="10"/>
<pin id="4517" dir="1" index="2" bw="0" slack="2147483647"/>
</pin_list>
<bind>
<opcode="store(28) " fcode="store"/>
<opset="store_ln67/11 "/>
</bind>
</comp>

<comp id="4519" class="1004" name="sum_2_load_1_load_fu_4519">
<pin_list>
<pin id="4520" dir="0" index="0" bw="32" slack="6"/>
<pin id="4521" dir="1" index="1" bw="32" slack="0"/>
</pin_list>
<bind>
<opcode="load(27) " fcode="load"/>
<opset="sum_2_load_1/7 "/>
</bind>
</comp>

<comp id="4523" class="1005" name="sum_2_reg_4523">
<pin_list>
<pin id="4524" dir="0" index="0" bw="32" slack="0"/>
<pin id="4525" dir="1" index="1" bw="32" slack="0"/>
</pin_list>
<bind>
<opset="sum_2 "/>
</bind>
</comp>

<comp id="4531" class="1005" name="kc_reg_4531">
<pin_list>
<pin id="4532" dir="0" index="0" bw="4" slack="0"/>
<pin id="4533" dir="1" index="1" bw="4" slack="0"/>
</pin_list>
<bind>
<opset="kc "/>
</bind>
</comp>

<comp id="4538" class="1005" name="kr_reg_4538">
<pin_list>
<pin id="4539" dir="0" index="0" bw="4" slack="0"/>
<pin id="4540" dir="1" index="1" bw="4" slack="0"/>
</pin_list>
<bind>
<opset="kr "/>
</bind>
</comp>

<comp id="4545" class="1005" name="indvar_flatten551_reg_4545">
<pin_list>
<pin id="4546" dir="0" index="0" bw="7" slack="0"/>
<pin id="4547" dir="1" index="1" bw="7" slack="0"/>
</pin_list>
<bind>
<opset="indvar_flatten551 "/>
</bind>
</comp>

<comp id="4552" class="1005" name="shl_ln1_read_reg_4552">
<pin_list>
<pin id="4553" dir="0" index="0" bw="8" slack="1"/>
<pin id="4554" dir="1" index="1" bw="8" slack="1"/>
</pin_list>
<bind>
<opset="shl_ln1_read "/>
</bind>
</comp>

<comp id="4557" class="1005" name="icmp_ln65_reg_4557">
<pin_list>
<pin id="4558" dir="0" index="0" bw="1" slack="1"/>
<pin id="4559" dir="1" index="1" bw="1" slack="2147483647"/>
</pin_list>
<bind>
<opset="icmp_ln65 "/>
</bind>
</comp>

<comp id="4561" class="1005" name="select_ln65_reg_4561">
<pin_list>
<pin id="4562" dir="0" index="0" bw="4" slack="1"/>
<pin id="4563" dir="1" index="1" bw="4" slack="1"/>
</pin_list>
<bind>
<opset="select_ln65 "/>
</bind>
</comp>

<comp id="4567" class="1005" name="local_input_addr_reg_4567">
<pin_list>
<pin id="4568" dir="0" index="0" bw="8" slack="1"/>
<pin id="4569" dir="1" index="1" bw="8" slack="1"/>
</pin_list>
<bind>
<opset="local_input_addr "/>
</bind>
</comp>

<comp id="4572" class="1005" name="local_input_1_addr_reg_4572">
<pin_list>
<pin id="4573" dir="0" index="0" bw="8" slack="1"/>
<pin id="4574" dir="1" index="1" bw="8" slack="1"/>
</pin_list>
<bind>
<opset="local_input_1_addr "/>
</bind>
</comp>

<comp id="4577" class="1005" name="local_input_2_addr_reg_4577">
<pin_list>
<pin id="4578" dir="0" index="0" bw="8" slack="1"/>
<pin id="4579" dir="1" index="1" bw="8" slack="1"/>
</pin_list>
<bind>
<opset="local_input_2_addr "/>
</bind>
</comp>

<comp id="4582" class="1005" name="local_input_3_addr_reg_4582">
<pin_list>
<pin id="4583" dir="0" index="0" bw="8" slack="1"/>
<pin id="4584" dir="1" index="1" bw="8" slack="1"/>
</pin_list>
<bind>
<opset="local_input_3_addr "/>
</bind>
</comp>

<comp id="4587" class="1005" name="local_input_4_addr_reg_4587">
<pin_list>
<pin id="4588" dir="0" index="0" bw="8" slack="1"/>
<pin id="4589" dir="1" index="1" bw="8" slack="1"/>
</pin_list>
<bind>
<opset="local_input_4_addr "/>
</bind>
</comp>

<comp id="4592" class="1005" name="local_input_5_addr_reg_4592">
<pin_list>
<pin id="4593" dir="0" index="0" bw="8" slack="1"/>
<pin id="4594" dir="1" index="1" bw="8" slack="1"/>
</pin_list>
<bind>
<opset="local_input_5_addr "/>
</bind>
</comp>

<comp id="4597" class="1005" name="local_input_6_addr_reg_4597">
<pin_list>
<pin id="4598" dir="0" index="0" bw="8" slack="1"/>
<pin id="4599" dir="1" index="1" bw="8" slack="1"/>
</pin_list>
<bind>
<opset="local_input_6_addr "/>
</bind>
</comp>

<comp id="4602" class="1005" name="local_input_7_addr_reg_4602">
<pin_list>
<pin id="4603" dir="0" index="0" bw="8" slack="1"/>
<pin id="4604" dir="1" index="1" bw="8" slack="1"/>
</pin_list>
<bind>
<opset="local_input_7_addr "/>
</bind>
</comp>

<comp id="4607" class="1005" name="local_input_8_addr_reg_4607">
<pin_list>
<pin id="4608" dir="0" index="0" bw="8" slack="1"/>
<pin id="4609" dir="1" index="1" bw="8" slack="1"/>
</pin_list>
<bind>
<opset="local_input_8_addr "/>
</bind>
</comp>

<comp id="4612" class="1005" name="local_input_9_addr_reg_4612">
<pin_list>
<pin id="4613" dir="0" index="0" bw="8" slack="1"/>
<pin id="4614" dir="1" index="1" bw="8" slack="1"/>
</pin_list>
<bind>
<opset="local_input_9_addr "/>
</bind>
</comp>

<comp id="4617" class="1005" name="local_input_10_addr_reg_4617">
<pin_list>
<pin id="4618" dir="0" index="0" bw="8" slack="1"/>
<pin id="4619" dir="1" index="1" bw="8" slack="1"/>
</pin_list>
<bind>
<opset="local_input_10_addr "/>
</bind>
</comp>

<comp id="4622" class="1005" name="local_input_11_addr_reg_4622">
<pin_list>
<pin id="4623" dir="0" index="0" bw="8" slack="1"/>
<pin id="4624" dir="1" index="1" bw="8" slack="1"/>
</pin_list>
<bind>
<opset="local_input_11_addr "/>
</bind>
</comp>

<comp id="4627" class="1005" name="local_input_12_addr_reg_4627">
<pin_list>
<pin id="4628" dir="0" index="0" bw="8" slack="1"/>
<pin id="4629" dir="1" index="1" bw="8" slack="1"/>
</pin_list>
<bind>
<opset="local_input_12_addr "/>
</bind>
</comp>

<comp id="4632" class="1005" name="local_input_13_addr_reg_4632">
<pin_list>
<pin id="4633" dir="0" index="0" bw="8" slack="1"/>
<pin id="4634" dir="1" index="1" bw="8" slack="1"/>
</pin_list>
<bind>
<opset="local_input_13_addr "/>
</bind>
</comp>

<comp id="4637" class="1005" name="local_input_14_addr_reg_4637">
<pin_list>
<pin id="4638" dir="0" index="0" bw="8" slack="1"/>
<pin id="4639" dir="1" index="1" bw="8" slack="1"/>
</pin_list>
<bind>
<opset="local_input_14_addr "/>
</bind>
</comp>

<comp id="4642" class="1005" name="local_input_15_addr_reg_4642">
<pin_list>
<pin id="4643" dir="0" index="0" bw="8" slack="1"/>
<pin id="4644" dir="1" index="1" bw="8" slack="1"/>
</pin_list>
<bind>
<opset="local_input_15_addr "/>
</bind>
</comp>

<comp id="4647" class="1005" name="local_input_16_addr_reg_4647">
<pin_list>
<pin id="4648" dir="0" index="0" bw="8" slack="1"/>
<pin id="4649" dir="1" index="1" bw="8" slack="1"/>
</pin_list>
<bind>
<opset="local_input_16_addr "/>
</bind>
</comp>

<comp id="4652" class="1005" name="local_input_17_addr_reg_4652">
<pin_list>
<pin id="4653" dir="0" index="0" bw="8" slack="1"/>
<pin id="4654" dir="1" index="1" bw="8" slack="1"/>
</pin_list>
<bind>
<opset="local_input_17_addr "/>
</bind>
</comp>

<comp id="4657" class="1005" name="local_input_18_addr_reg_4657">
<pin_list>
<pin id="4658" dir="0" index="0" bw="8" slack="1"/>
<pin id="4659" dir="1" index="1" bw="8" slack="1"/>
</pin_list>
<bind>
<opset="local_input_18_addr "/>
</bind>
</comp>

<comp id="4662" class="1005" name="local_input_19_addr_reg_4662">
<pin_list>
<pin id="4663" dir="0" index="0" bw="8" slack="1"/>
<pin id="4664" dir="1" index="1" bw="8" slack="1"/>
</pin_list>
<bind>
<opset="local_input_19_addr "/>
</bind>
</comp>

<comp id="4667" class="1005" name="local_input_20_addr_reg_4667">
<pin_list>
<pin id="4668" dir="0" index="0" bw="8" slack="1"/>
<pin id="4669" dir="1" index="1" bw="8" slack="1"/>
</pin_list>
<bind>
<opset="local_input_20_addr "/>
</bind>
</comp>

<comp id="4672" class="1005" name="local_input_21_addr_reg_4672">
<pin_list>
<pin id="4673" dir="0" index="0" bw="8" slack="1"/>
<pin id="4674" dir="1" index="1" bw="8" slack="1"/>
</pin_list>
<bind>
<opset="local_input_21_addr "/>
</bind>
</comp>

<comp id="4677" class="1005" name="local_input_22_addr_reg_4677">
<pin_list>
<pin id="4678" dir="0" index="0" bw="8" slack="1"/>
<pin id="4679" dir="1" index="1" bw="8" slack="1"/>
</pin_list>
<bind>
<opset="local_input_22_addr "/>
</bind>
</comp>

<comp id="4682" class="1005" name="local_input_23_addr_reg_4682">
<pin_list>
<pin id="4683" dir="0" index="0" bw="8" slack="1"/>
<pin id="4684" dir="1" index="1" bw="8" slack="1"/>
</pin_list>
<bind>
<opset="local_input_23_addr "/>
</bind>
</comp>

<comp id="4687" class="1005" name="local_input_24_addr_reg_4687">
<pin_list>
<pin id="4688" dir="0" index="0" bw="8" slack="1"/>
<pin id="4689" dir="1" index="1" bw="8" slack="1"/>
</pin_list>
<bind>
<opset="local_input_24_addr "/>
</bind>
</comp>

<comp id="4692" class="1005" name="local_input_25_addr_reg_4692">
<pin_list>
<pin id="4693" dir="0" index="0" bw="8" slack="1"/>
<pin id="4694" dir="1" index="1" bw="8" slack="1"/>
</pin_list>
<bind>
<opset="local_input_25_addr "/>
</bind>
</comp>

<comp id="4697" class="1005" name="local_input_26_addr_reg_4697">
<pin_list>
<pin id="4698" dir="0" index="0" bw="8" slack="1"/>
<pin id="4699" dir="1" index="1" bw="8" slack="1"/>
</pin_list>
<bind>
<opset="local_input_26_addr "/>
</bind>
</comp>

<comp id="4702" class="1005" name="local_input_27_addr_reg_4702">
<pin_list>
<pin id="4703" dir="0" index="0" bw="8" slack="1"/>
<pin id="4704" dir="1" index="1" bw="8" slack="1"/>
</pin_list>
<bind>
<opset="local_input_27_addr "/>
</bind>
</comp>

<comp id="4707" class="1005" name="local_input_28_addr_reg_4707">
<pin_list>
<pin id="4708" dir="0" index="0" bw="8" slack="1"/>
<pin id="4709" dir="1" index="1" bw="8" slack="1"/>
</pin_list>
<bind>
<opset="local_input_28_addr "/>
</bind>
</comp>

<comp id="4712" class="1005" name="local_input_29_addr_reg_4712">
<pin_list>
<pin id="4713" dir="0" index="0" bw="8" slack="1"/>
<pin id="4714" dir="1" index="1" bw="8" slack="1"/>
</pin_list>
<bind>
<opset="local_input_29_addr "/>
</bind>
</comp>

<comp id="4717" class="1005" name="local_input_30_addr_reg_4717">
<pin_list>
<pin id="4718" dir="0" index="0" bw="8" slack="1"/>
<pin id="4719" dir="1" index="1" bw="8" slack="1"/>
</pin_list>
<bind>
<opset="local_input_30_addr "/>
</bind>
</comp>

<comp id="4722" class="1005" name="local_input_31_addr_reg_4722">
<pin_list>
<pin id="4723" dir="0" index="0" bw="8" slack="1"/>
<pin id="4724" dir="1" index="1" bw="8" slack="1"/>
</pin_list>
<bind>
<opset="local_input_31_addr "/>
</bind>
</comp>

<comp id="4727" class="1005" name="local_input_32_addr_reg_4727">
<pin_list>
<pin id="4728" dir="0" index="0" bw="8" slack="1"/>
<pin id="4729" dir="1" index="1" bw="8" slack="1"/>
</pin_list>
<bind>
<opset="local_input_32_addr "/>
</bind>
</comp>

<comp id="4732" class="1005" name="local_input_33_addr_reg_4732">
<pin_list>
<pin id="4733" dir="0" index="0" bw="8" slack="1"/>
<pin id="4734" dir="1" index="1" bw="8" slack="1"/>
</pin_list>
<bind>
<opset="local_input_33_addr "/>
</bind>
</comp>

<comp id="4737" class="1005" name="local_input_34_addr_reg_4737">
<pin_list>
<pin id="4738" dir="0" index="0" bw="8" slack="1"/>
<pin id="4739" dir="1" index="1" bw="8" slack="1"/>
</pin_list>
<bind>
<opset="local_input_34_addr "/>
</bind>
</comp>

<comp id="4742" class="1005" name="local_input_35_addr_reg_4742">
<pin_list>
<pin id="4743" dir="0" index="0" bw="8" slack="1"/>
<pin id="4744" dir="1" index="1" bw="8" slack="1"/>
</pin_list>
<bind>
<opset="local_input_35_addr "/>
</bind>
</comp>

<comp id="4747" class="1005" name="local_input_36_addr_reg_4747">
<pin_list>
<pin id="4748" dir="0" index="0" bw="8" slack="1"/>
<pin id="4749" dir="1" index="1" bw="8" slack="1"/>
</pin_list>
<bind>
<opset="local_input_36_addr "/>
</bind>
</comp>

<comp id="4752" class="1005" name="local_input_37_addr_reg_4752">
<pin_list>
<pin id="4753" dir="0" index="0" bw="8" slack="1"/>
<pin id="4754" dir="1" index="1" bw="8" slack="1"/>
</pin_list>
<bind>
<opset="local_input_37_addr "/>
</bind>
</comp>

<comp id="4757" class="1005" name="local_input_38_addr_reg_4757">
<pin_list>
<pin id="4758" dir="0" index="0" bw="8" slack="1"/>
<pin id="4759" dir="1" index="1" bw="8" slack="1"/>
</pin_list>
<bind>
<opset="local_input_38_addr "/>
</bind>
</comp>

<comp id="4762" class="1005" name="local_input_39_addr_reg_4762">
<pin_list>
<pin id="4763" dir="0" index="0" bw="8" slack="1"/>
<pin id="4764" dir="1" index="1" bw="8" slack="1"/>
</pin_list>
<bind>
<opset="local_input_39_addr "/>
</bind>
</comp>

<comp id="4767" class="1005" name="local_input_40_addr_reg_4767">
<pin_list>
<pin id="4768" dir="0" index="0" bw="8" slack="1"/>
<pin id="4769" dir="1" index="1" bw="8" slack="1"/>
</pin_list>
<bind>
<opset="local_input_40_addr "/>
</bind>
</comp>

<comp id="4772" class="1005" name="local_input_41_addr_reg_4772">
<pin_list>
<pin id="4773" dir="0" index="0" bw="8" slack="1"/>
<pin id="4774" dir="1" index="1" bw="8" slack="1"/>
</pin_list>
<bind>
<opset="local_input_41_addr "/>
</bind>
</comp>

<comp id="4777" class="1005" name="local_input_42_addr_reg_4777">
<pin_list>
<pin id="4778" dir="0" index="0" bw="8" slack="1"/>
<pin id="4779" dir="1" index="1" bw="8" slack="1"/>
</pin_list>
<bind>
<opset="local_input_42_addr "/>
</bind>
</comp>

<comp id="4782" class="1005" name="local_input_43_addr_reg_4782">
<pin_list>
<pin id="4783" dir="0" index="0" bw="8" slack="1"/>
<pin id="4784" dir="1" index="1" bw="8" slack="1"/>
</pin_list>
<bind>
<opset="local_input_43_addr "/>
</bind>
</comp>

<comp id="4787" class="1005" name="local_input_44_addr_reg_4787">
<pin_list>
<pin id="4788" dir="0" index="0" bw="8" slack="1"/>
<pin id="4789" dir="1" index="1" bw="8" slack="1"/>
</pin_list>
<bind>
<opset="local_input_44_addr "/>
</bind>
</comp>

<comp id="4792" class="1005" name="local_input_45_addr_reg_4792">
<pin_list>
<pin id="4793" dir="0" index="0" bw="8" slack="1"/>
<pin id="4794" dir="1" index="1" bw="8" slack="1"/>
</pin_list>
<bind>
<opset="local_input_45_addr "/>
</bind>
</comp>

<comp id="4797" class="1005" name="local_input_46_addr_reg_4797">
<pin_list>
<pin id="4798" dir="0" index="0" bw="8" slack="1"/>
<pin id="4799" dir="1" index="1" bw="8" slack="1"/>
</pin_list>
<bind>
<opset="local_input_46_addr "/>
</bind>
</comp>

<comp id="4802" class="1005" name="local_input_47_addr_reg_4802">
<pin_list>
<pin id="4803" dir="0" index="0" bw="8" slack="1"/>
<pin id="4804" dir="1" index="1" bw="8" slack="1"/>
</pin_list>
<bind>
<opset="local_input_47_addr "/>
</bind>
</comp>

<comp id="4807" class="1005" name="local_input_48_addr_reg_4807">
<pin_list>
<pin id="4808" dir="0" index="0" bw="8" slack="1"/>
<pin id="4809" dir="1" index="1" bw="8" slack="1"/>
</pin_list>
<bind>
<opset="local_input_48_addr "/>
</bind>
</comp>

<comp id="4812" class="1005" name="local_input_49_addr_reg_4812">
<pin_list>
<pin id="4813" dir="0" index="0" bw="8" slack="1"/>
<pin id="4814" dir="1" index="1" bw="8" slack="1"/>
</pin_list>
<bind>
<opset="local_input_49_addr "/>
</bind>
</comp>

<comp id="4817" class="1005" name="local_input_50_addr_reg_4817">
<pin_list>
<pin id="4818" dir="0" index="0" bw="8" slack="1"/>
<pin id="4819" dir="1" index="1" bw="8" slack="1"/>
</pin_list>
<bind>
<opset="local_input_50_addr "/>
</bind>
</comp>

<comp id="4822" class="1005" name="local_input_51_addr_reg_4822">
<pin_list>
<pin id="4823" dir="0" index="0" bw="8" slack="1"/>
<pin id="4824" dir="1" index="1" bw="8" slack="1"/>
</pin_list>
<bind>
<opset="local_input_51_addr "/>
</bind>
</comp>

<comp id="4827" class="1005" name="local_input_52_addr_reg_4827">
<pin_list>
<pin id="4828" dir="0" index="0" bw="8" slack="1"/>
<pin id="4829" dir="1" index="1" bw="8" slack="1"/>
</pin_list>
<bind>
<opset="local_input_52_addr "/>
</bind>
</comp>

<comp id="4832" class="1005" name="local_input_53_addr_reg_4832">
<pin_list>
<pin id="4833" dir="0" index="0" bw="8" slack="1"/>
<pin id="4834" dir="1" index="1" bw="8" slack="1"/>
</pin_list>
<bind>
<opset="local_input_53_addr "/>
</bind>
</comp>

<comp id="4837" class="1005" name="local_input_54_addr_reg_4837">
<pin_list>
<pin id="4838" dir="0" index="0" bw="8" slack="1"/>
<pin id="4839" dir="1" index="1" bw="8" slack="1"/>
</pin_list>
<bind>
<opset="local_input_54_addr "/>
</bind>
</comp>

<comp id="4842" class="1005" name="local_input_55_addr_reg_4842">
<pin_list>
<pin id="4843" dir="0" index="0" bw="8" slack="1"/>
<pin id="4844" dir="1" index="1" bw="8" slack="1"/>
</pin_list>
<bind>
<opset="local_input_55_addr "/>
</bind>
</comp>

<comp id="4847" class="1005" name="local_input_56_addr_reg_4847">
<pin_list>
<pin id="4848" dir="0" index="0" bw="8" slack="1"/>
<pin id="4849" dir="1" index="1" bw="8" slack="1"/>
</pin_list>
<bind>
<opset="local_input_56_addr "/>
</bind>
</comp>

<comp id="4852" class="1005" name="local_input_57_addr_reg_4852">
<pin_list>
<pin id="4853" dir="0" index="0" bw="8" slack="1"/>
<pin id="4854" dir="1" index="1" bw="8" slack="1"/>
</pin_list>
<bind>
<opset="local_input_57_addr "/>
</bind>
</comp>

<comp id="4857" class="1005" name="local_input_58_addr_reg_4857">
<pin_list>
<pin id="4858" dir="0" index="0" bw="8" slack="1"/>
<pin id="4859" dir="1" index="1" bw="8" slack="1"/>
</pin_list>
<bind>
<opset="local_input_58_addr "/>
</bind>
</comp>

<comp id="4862" class="1005" name="local_input_59_addr_reg_4862">
<pin_list>
<pin id="4863" dir="0" index="0" bw="8" slack="1"/>
<pin id="4864" dir="1" index="1" bw="8" slack="1"/>
</pin_list>
<bind>
<opset="local_input_59_addr "/>
</bind>
</comp>

<comp id="4867" class="1005" name="local_input_60_addr_reg_4867">
<pin_list>
<pin id="4868" dir="0" index="0" bw="8" slack="1"/>
<pin id="4869" dir="1" index="1" bw="8" slack="1"/>
</pin_list>
<bind>
<opset="local_input_60_addr "/>
</bind>
</comp>

<comp id="4872" class="1005" name="local_input_61_addr_reg_4872">
<pin_list>
<pin id="4873" dir="0" index="0" bw="8" slack="1"/>
<pin id="4874" dir="1" index="1" bw="8" slack="1"/>
</pin_list>
<bind>
<opset="local_input_61_addr "/>
</bind>
</comp>

<comp id="4877" class="1005" name="local_input_62_addr_reg_4877">
<pin_list>
<pin id="4878" dir="0" index="0" bw="8" slack="1"/>
<pin id="4879" dir="1" index="1" bw="8" slack="1"/>
</pin_list>
<bind>
<opset="local_input_62_addr "/>
</bind>
</comp>

<comp id="4882" class="1005" name="local_input_63_addr_reg_4882">
<pin_list>
<pin id="4883" dir="0" index="0" bw="8" slack="1"/>
<pin id="4884" dir="1" index="1" bw="8" slack="1"/>
</pin_list>
<bind>
<opset="local_input_63_addr "/>
</bind>
</comp>

<comp id="4887" class="1005" name="local_input_64_addr_reg_4887">
<pin_list>
<pin id="4888" dir="0" index="0" bw="8" slack="1"/>
<pin id="4889" dir="1" index="1" bw="8" slack="1"/>
</pin_list>
<bind>
<opset="local_input_64_addr "/>
</bind>
</comp>

<comp id="4892" class="1005" name="local_input_65_addr_reg_4892">
<pin_list>
<pin id="4893" dir="0" index="0" bw="8" slack="1"/>
<pin id="4894" dir="1" index="1" bw="8" slack="1"/>
</pin_list>
<bind>
<opset="local_input_65_addr "/>
</bind>
</comp>

<comp id="4897" class="1005" name="local_input_66_addr_reg_4897">
<pin_list>
<pin id="4898" dir="0" index="0" bw="8" slack="1"/>
<pin id="4899" dir="1" index="1" bw="8" slack="1"/>
</pin_list>
<bind>
<opset="local_input_66_addr "/>
</bind>
</comp>

<comp id="4902" class="1005" name="local_input_67_addr_reg_4902">
<pin_list>
<pin id="4903" dir="0" index="0" bw="8" slack="1"/>
<pin id="4904" dir="1" index="1" bw="8" slack="1"/>
</pin_list>
<bind>
<opset="local_input_67_addr "/>
</bind>
</comp>

<comp id="4907" class="1005" name="local_input_68_addr_reg_4907">
<pin_list>
<pin id="4908" dir="0" index="0" bw="8" slack="1"/>
<pin id="4909" dir="1" index="1" bw="8" slack="1"/>
</pin_list>
<bind>
<opset="local_input_68_addr "/>
</bind>
</comp>

<comp id="4912" class="1005" name="local_input_69_addr_reg_4912">
<pin_list>
<pin id="4913" dir="0" index="0" bw="8" slack="1"/>
<pin id="4914" dir="1" index="1" bw="8" slack="1"/>
</pin_list>
<bind>
<opset="local_input_69_addr "/>
</bind>
</comp>

<comp id="4917" class="1005" name="local_input_70_addr_reg_4917">
<pin_list>
<pin id="4918" dir="0" index="0" bw="8" slack="1"/>
<pin id="4919" dir="1" index="1" bw="8" slack="1"/>
</pin_list>
<bind>
<opset="local_input_70_addr "/>
</bind>
</comp>

<comp id="4922" class="1005" name="local_input_71_addr_reg_4922">
<pin_list>
<pin id="4923" dir="0" index="0" bw="8" slack="1"/>
<pin id="4924" dir="1" index="1" bw="8" slack="1"/>
</pin_list>
<bind>
<opset="local_input_71_addr "/>
</bind>
</comp>

<comp id="4927" class="1005" name="local_input_72_addr_reg_4927">
<pin_list>
<pin id="4928" dir="0" index="0" bw="8" slack="1"/>
<pin id="4929" dir="1" index="1" bw="8" slack="1"/>
</pin_list>
<bind>
<opset="local_input_72_addr "/>
</bind>
</comp>

<comp id="4932" class="1005" name="local_input_73_addr_reg_4932">
<pin_list>
<pin id="4933" dir="0" index="0" bw="8" slack="1"/>
<pin id="4934" dir="1" index="1" bw="8" slack="1"/>
</pin_list>
<bind>
<opset="local_input_73_addr "/>
</bind>
</comp>

<comp id="4937" class="1005" name="local_input_74_addr_reg_4937">
<pin_list>
<pin id="4938" dir="0" index="0" bw="8" slack="1"/>
<pin id="4939" dir="1" index="1" bw="8" slack="1"/>
</pin_list>
<bind>
<opset="local_input_74_addr "/>
</bind>
</comp>

<comp id="4942" class="1005" name="local_input_75_addr_reg_4942">
<pin_list>
<pin id="4943" dir="0" index="0" bw="8" slack="1"/>
<pin id="4944" dir="1" index="1" bw="8" slack="1"/>
</pin_list>
<bind>
<opset="local_input_75_addr "/>
</bind>
</comp>

<comp id="4947" class="1005" name="local_input_76_addr_reg_4947">
<pin_list>
<pin id="4948" dir="0" index="0" bw="8" slack="1"/>
<pin id="4949" dir="1" index="1" bw="8" slack="1"/>
</pin_list>
<bind>
<opset="local_input_76_addr "/>
</bind>
</comp>

<comp id="4952" class="1005" name="local_input_77_addr_reg_4952">
<pin_list>
<pin id="4953" dir="0" index="0" bw="8" slack="1"/>
<pin id="4954" dir="1" index="1" bw="8" slack="1"/>
</pin_list>
<bind>
<opset="local_input_77_addr "/>
</bind>
</comp>

<comp id="4957" class="1005" name="local_input_78_addr_reg_4957">
<pin_list>
<pin id="4958" dir="0" index="0" bw="8" slack="1"/>
<pin id="4959" dir="1" index="1" bw="8" slack="1"/>
</pin_list>
<bind>
<opset="local_input_78_addr "/>
</bind>
</comp>

<comp id="4962" class="1005" name="local_input_79_addr_reg_4962">
<pin_list>
<pin id="4963" dir="0" index="0" bw="8" slack="1"/>
<pin id="4964" dir="1" index="1" bw="8" slack="1"/>
</pin_list>
<bind>
<opset="local_input_79_addr "/>
</bind>
</comp>

<comp id="4967" class="1005" name="local_input_80_addr_reg_4967">
<pin_list>
<pin id="4968" dir="0" index="0" bw="8" slack="1"/>
<pin id="4969" dir="1" index="1" bw="8" slack="1"/>
</pin_list>
<bind>
<opset="local_input_80_addr "/>
</bind>
</comp>

<comp id="4972" class="1005" name="local_input_81_addr_reg_4972">
<pin_list>
<pin id="4973" dir="0" index="0" bw="8" slack="1"/>
<pin id="4974" dir="1" index="1" bw="8" slack="1"/>
</pin_list>
<bind>
<opset="local_input_81_addr "/>
</bind>
</comp>

<comp id="4977" class="1005" name="local_input_82_addr_reg_4977">
<pin_list>
<pin id="4978" dir="0" index="0" bw="8" slack="1"/>
<pin id="4979" dir="1" index="1" bw="8" slack="1"/>
</pin_list>
<bind>
<opset="local_input_82_addr "/>
</bind>
</comp>

<comp id="4982" class="1005" name="local_input_83_addr_reg_4982">
<pin_list>
<pin id="4983" dir="0" index="0" bw="8" slack="1"/>
<pin id="4984" dir="1" index="1" bw="8" slack="1"/>
</pin_list>
<bind>
<opset="local_input_83_addr "/>
</bind>
</comp>

<comp id="4987" class="1005" name="local_input_84_addr_reg_4987">
<pin_list>
<pin id="4988" dir="0" index="0" bw="8" slack="1"/>
<pin id="4989" dir="1" index="1" bw="8" slack="1"/>
</pin_list>
<bind>
<opset="local_input_84_addr "/>
</bind>
</comp>

<comp id="4992" class="1005" name="local_input_85_addr_reg_4992">
<pin_list>
<pin id="4993" dir="0" index="0" bw="8" slack="1"/>
<pin id="4994" dir="1" index="1" bw="8" slack="1"/>
</pin_list>
<bind>
<opset="local_input_85_addr "/>
</bind>
</comp>

<comp id="4997" class="1005" name="local_input_86_addr_reg_4997">
<pin_list>
<pin id="4998" dir="0" index="0" bw="8" slack="1"/>
<pin id="4999" dir="1" index="1" bw="8" slack="1"/>
</pin_list>
<bind>
<opset="local_input_86_addr "/>
</bind>
</comp>

<comp id="5002" class="1005" name="local_input_87_addr_reg_5002">
<pin_list>
<pin id="5003" dir="0" index="0" bw="8" slack="1"/>
<pin id="5004" dir="1" index="1" bw="8" slack="1"/>
</pin_list>
<bind>
<opset="local_input_87_addr "/>
</bind>
</comp>

<comp id="5007" class="1005" name="local_input_88_addr_reg_5007">
<pin_list>
<pin id="5008" dir="0" index="0" bw="8" slack="1"/>
<pin id="5009" dir="1" index="1" bw="8" slack="1"/>
</pin_list>
<bind>
<opset="local_input_88_addr "/>
</bind>
</comp>

<comp id="5012" class="1005" name="local_input_89_addr_reg_5012">
<pin_list>
<pin id="5013" dir="0" index="0" bw="8" slack="1"/>
<pin id="5014" dir="1" index="1" bw="8" slack="1"/>
</pin_list>
<bind>
<opset="local_input_89_addr "/>
</bind>
</comp>

<comp id="5017" class="1005" name="local_input_90_addr_reg_5017">
<pin_list>
<pin id="5018" dir="0" index="0" bw="8" slack="1"/>
<pin id="5019" dir="1" index="1" bw="8" slack="1"/>
</pin_list>
<bind>
<opset="local_input_90_addr "/>
</bind>
</comp>

<comp id="5022" class="1005" name="local_input_91_addr_reg_5022">
<pin_list>
<pin id="5023" dir="0" index="0" bw="8" slack="1"/>
<pin id="5024" dir="1" index="1" bw="8" slack="1"/>
</pin_list>
<bind>
<opset="local_input_91_addr "/>
</bind>
</comp>

<comp id="5027" class="1005" name="local_input_92_addr_reg_5027">
<pin_list>
<pin id="5028" dir="0" index="0" bw="8" slack="1"/>
<pin id="5029" dir="1" index="1" bw="8" slack="1"/>
</pin_list>
<bind>
<opset="local_input_92_addr "/>
</bind>
</comp>

<comp id="5032" class="1005" name="local_input_93_addr_reg_5032">
<pin_list>
<pin id="5033" dir="0" index="0" bw="8" slack="1"/>
<pin id="5034" dir="1" index="1" bw="8" slack="1"/>
</pin_list>
<bind>
<opset="local_input_93_addr "/>
</bind>
</comp>

<comp id="5037" class="1005" name="local_input_94_addr_reg_5037">
<pin_list>
<pin id="5038" dir="0" index="0" bw="8" slack="1"/>
<pin id="5039" dir="1" index="1" bw="8" slack="1"/>
</pin_list>
<bind>
<opset="local_input_94_addr "/>
</bind>
</comp>

<comp id="5042" class="1005" name="local_input_95_addr_reg_5042">
<pin_list>
<pin id="5043" dir="0" index="0" bw="8" slack="1"/>
<pin id="5044" dir="1" index="1" bw="8" slack="1"/>
</pin_list>
<bind>
<opset="local_input_95_addr "/>
</bind>
</comp>

<comp id="5047" class="1005" name="local_input_96_addr_reg_5047">
<pin_list>
<pin id="5048" dir="0" index="0" bw="8" slack="1"/>
<pin id="5049" dir="1" index="1" bw="8" slack="1"/>
</pin_list>
<bind>
<opset="local_input_96_addr "/>
</bind>
</comp>

<comp id="5052" class="1005" name="local_input_97_addr_reg_5052">
<pin_list>
<pin id="5053" dir="0" index="0" bw="8" slack="1"/>
<pin id="5054" dir="1" index="1" bw="8" slack="1"/>
</pin_list>
<bind>
<opset="local_input_97_addr "/>
</bind>
</comp>

<comp id="5057" class="1005" name="local_input_98_addr_reg_5057">
<pin_list>
<pin id="5058" dir="0" index="0" bw="8" slack="1"/>
<pin id="5059" dir="1" index="1" bw="8" slack="1"/>
</pin_list>
<bind>
<opset="local_input_98_addr "/>
</bind>
</comp>

<comp id="5062" class="1005" name="local_input_99_addr_reg_5062">
<pin_list>
<pin id="5063" dir="0" index="0" bw="8" slack="1"/>
<pin id="5064" dir="1" index="1" bw="8" slack="1"/>
</pin_list>
<bind>
<opset="local_input_99_addr "/>
</bind>
</comp>

<comp id="5067" class="1005" name="local_input_100_addr_reg_5067">
<pin_list>
<pin id="5068" dir="0" index="0" bw="8" slack="1"/>
<pin id="5069" dir="1" index="1" bw="8" slack="1"/>
</pin_list>
<bind>
<opset="local_input_100_addr "/>
</bind>
</comp>

<comp id="5072" class="1005" name="local_input_101_addr_reg_5072">
<pin_list>
<pin id="5073" dir="0" index="0" bw="8" slack="1"/>
<pin id="5074" dir="1" index="1" bw="8" slack="1"/>
</pin_list>
<bind>
<opset="local_input_101_addr "/>
</bind>
</comp>

<comp id="5077" class="1005" name="local_input_102_addr_reg_5077">
<pin_list>
<pin id="5078" dir="0" index="0" bw="8" slack="1"/>
<pin id="5079" dir="1" index="1" bw="8" slack="1"/>
</pin_list>
<bind>
<opset="local_input_102_addr "/>
</bind>
</comp>

<comp id="5082" class="1005" name="local_input_103_addr_reg_5082">
<pin_list>
<pin id="5083" dir="0" index="0" bw="8" slack="1"/>
<pin id="5084" dir="1" index="1" bw="8" slack="1"/>
</pin_list>
<bind>
<opset="local_input_103_addr "/>
</bind>
</comp>

<comp id="5087" class="1005" name="local_input_104_addr_reg_5087">
<pin_list>
<pin id="5088" dir="0" index="0" bw="8" slack="1"/>
<pin id="5089" dir="1" index="1" bw="8" slack="1"/>
</pin_list>
<bind>
<opset="local_input_104_addr "/>
</bind>
</comp>

<comp id="5092" class="1005" name="local_input_105_addr_reg_5092">
<pin_list>
<pin id="5093" dir="0" index="0" bw="8" slack="1"/>
<pin id="5094" dir="1" index="1" bw="8" slack="1"/>
</pin_list>
<bind>
<opset="local_input_105_addr "/>
</bind>
</comp>

<comp id="5097" class="1005" name="local_input_106_addr_reg_5097">
<pin_list>
<pin id="5098" dir="0" index="0" bw="8" slack="1"/>
<pin id="5099" dir="1" index="1" bw="8" slack="1"/>
</pin_list>
<bind>
<opset="local_input_106_addr "/>
</bind>
</comp>

<comp id="5102" class="1005" name="local_input_107_addr_reg_5102">
<pin_list>
<pin id="5103" dir="0" index="0" bw="8" slack="1"/>
<pin id="5104" dir="1" index="1" bw="8" slack="1"/>
</pin_list>
<bind>
<opset="local_input_107_addr "/>
</bind>
</comp>

<comp id="5107" class="1005" name="local_input_108_addr_reg_5107">
<pin_list>
<pin id="5108" dir="0" index="0" bw="8" slack="1"/>
<pin id="5109" dir="1" index="1" bw="8" slack="1"/>
</pin_list>
<bind>
<opset="local_input_108_addr "/>
</bind>
</comp>

<comp id="5112" class="1005" name="local_input_109_addr_reg_5112">
<pin_list>
<pin id="5113" dir="0" index="0" bw="8" slack="1"/>
<pin id="5114" dir="1" index="1" bw="8" slack="1"/>
</pin_list>
<bind>
<opset="local_input_109_addr "/>
</bind>
</comp>

<comp id="5117" class="1005" name="local_input_110_addr_reg_5117">
<pin_list>
<pin id="5118" dir="0" index="0" bw="8" slack="1"/>
<pin id="5119" dir="1" index="1" bw="8" slack="1"/>
</pin_list>
<bind>
<opset="local_input_110_addr "/>
</bind>
</comp>

<comp id="5122" class="1005" name="local_input_111_addr_reg_5122">
<pin_list>
<pin id="5123" dir="0" index="0" bw="8" slack="1"/>
<pin id="5124" dir="1" index="1" bw="8" slack="1"/>
</pin_list>
<bind>
<opset="local_input_111_addr "/>
</bind>
</comp>

<comp id="5127" class="1005" name="local_input_112_addr_reg_5127">
<pin_list>
<pin id="5128" dir="0" index="0" bw="8" slack="1"/>
<pin id="5129" dir="1" index="1" bw="8" slack="1"/>
</pin_list>
<bind>
<opset="local_input_112_addr "/>
</bind>
</comp>

<comp id="5132" class="1005" name="local_input_113_addr_reg_5132">
<pin_list>
<pin id="5133" dir="0" index="0" bw="8" slack="1"/>
<pin id="5134" dir="1" index="1" bw="8" slack="1"/>
</pin_list>
<bind>
<opset="local_input_113_addr "/>
</bind>
</comp>

<comp id="5137" class="1005" name="local_input_114_addr_reg_5137">
<pin_list>
<pin id="5138" dir="0" index="0" bw="8" slack="1"/>
<pin id="5139" dir="1" index="1" bw="8" slack="1"/>
</pin_list>
<bind>
<opset="local_input_114_addr "/>
</bind>
</comp>

<comp id="5142" class="1005" name="local_input_115_addr_reg_5142">
<pin_list>
<pin id="5143" dir="0" index="0" bw="8" slack="1"/>
<pin id="5144" dir="1" index="1" bw="8" slack="1"/>
</pin_list>
<bind>
<opset="local_input_115_addr "/>
</bind>
</comp>

<comp id="5147" class="1005" name="local_input_116_addr_reg_5147">
<pin_list>
<pin id="5148" dir="0" index="0" bw="8" slack="1"/>
<pin id="5149" dir="1" index="1" bw="8" slack="1"/>
</pin_list>
<bind>
<opset="local_input_116_addr "/>
</bind>
</comp>

<comp id="5152" class="1005" name="local_input_117_addr_reg_5152">
<pin_list>
<pin id="5153" dir="0" index="0" bw="8" slack="1"/>
<pin id="5154" dir="1" index="1" bw="8" slack="1"/>
</pin_list>
<bind>
<opset="local_input_117_addr "/>
</bind>
</comp>

<comp id="5157" class="1005" name="local_input_118_addr_reg_5157">
<pin_list>
<pin id="5158" dir="0" index="0" bw="8" slack="1"/>
<pin id="5159" dir="1" index="1" bw="8" slack="1"/>
</pin_list>
<bind>
<opset="local_input_118_addr "/>
</bind>
</comp>

<comp id="5162" class="1005" name="local_input_119_addr_reg_5162">
<pin_list>
<pin id="5163" dir="0" index="0" bw="8" slack="1"/>
<pin id="5164" dir="1" index="1" bw="8" slack="1"/>
</pin_list>
<bind>
<opset="local_input_119_addr "/>
</bind>
</comp>

<comp id="5167" class="1005" name="local_input_120_addr_reg_5167">
<pin_list>
<pin id="5168" dir="0" index="0" bw="8" slack="1"/>
<pin id="5169" dir="1" index="1" bw="8" slack="1"/>
</pin_list>
<bind>
<opset="local_input_120_addr "/>
</bind>
</comp>

<comp id="5172" class="1005" name="local_input_121_addr_reg_5172">
<pin_list>
<pin id="5173" dir="0" index="0" bw="8" slack="1"/>
<pin id="5174" dir="1" index="1" bw="8" slack="1"/>
</pin_list>
<bind>
<opset="local_input_121_addr "/>
</bind>
</comp>

<comp id="5177" class="1005" name="local_input_122_addr_reg_5177">
<pin_list>
<pin id="5178" dir="0" index="0" bw="8" slack="1"/>
<pin id="5179" dir="1" index="1" bw="8" slack="1"/>
</pin_list>
<bind>
<opset="local_input_122_addr "/>
</bind>
</comp>

<comp id="5182" class="1005" name="local_input_123_addr_reg_5182">
<pin_list>
<pin id="5183" dir="0" index="0" bw="8" slack="1"/>
<pin id="5184" dir="1" index="1" bw="8" slack="1"/>
</pin_list>
<bind>
<opset="local_input_123_addr "/>
</bind>
</comp>

<comp id="5187" class="1005" name="local_input_124_addr_reg_5187">
<pin_list>
<pin id="5188" dir="0" index="0" bw="8" slack="1"/>
<pin id="5189" dir="1" index="1" bw="8" slack="1"/>
</pin_list>
<bind>
<opset="local_input_124_addr "/>
</bind>
</comp>

<comp id="5192" class="1005" name="local_input_125_addr_reg_5192">
<pin_list>
<pin id="5193" dir="0" index="0" bw="8" slack="1"/>
<pin id="5194" dir="1" index="1" bw="8" slack="1"/>
</pin_list>
<bind>
<opset="local_input_125_addr "/>
</bind>
</comp>

<comp id="5197" class="1005" name="local_input_126_addr_reg_5197">
<pin_list>
<pin id="5198" dir="0" index="0" bw="8" slack="1"/>
<pin id="5199" dir="1" index="1" bw="8" slack="1"/>
</pin_list>
<bind>
<opset="local_input_126_addr "/>
</bind>
</comp>

<comp id="5202" class="1005" name="local_input_127_addr_reg_5202">
<pin_list>
<pin id="5203" dir="0" index="0" bw="8" slack="1"/>
<pin id="5204" dir="1" index="1" bw="8" slack="1"/>
</pin_list>
<bind>
<opset="local_input_127_addr "/>
</bind>
</comp>

<comp id="5207" class="1005" name="local_input_128_addr_reg_5207">
<pin_list>
<pin id="5208" dir="0" index="0" bw="8" slack="1"/>
<pin id="5209" dir="1" index="1" bw="8" slack="1"/>
</pin_list>
<bind>
<opset="local_input_128_addr "/>
</bind>
</comp>

<comp id="5212" class="1005" name="local_input_129_addr_reg_5212">
<pin_list>
<pin id="5213" dir="0" index="0" bw="8" slack="1"/>
<pin id="5214" dir="1" index="1" bw="8" slack="1"/>
</pin_list>
<bind>
<opset="local_input_129_addr "/>
</bind>
</comp>

<comp id="5217" class="1005" name="local_input_130_addr_reg_5217">
<pin_list>
<pin id="5218" dir="0" index="0" bw="8" slack="1"/>
<pin id="5219" dir="1" index="1" bw="8" slack="1"/>
</pin_list>
<bind>
<opset="local_input_130_addr "/>
</bind>
</comp>

<comp id="5222" class="1005" name="local_input_131_addr_reg_5222">
<pin_list>
<pin id="5223" dir="0" index="0" bw="8" slack="1"/>
<pin id="5224" dir="1" index="1" bw="8" slack="1"/>
</pin_list>
<bind>
<opset="local_input_131_addr "/>
</bind>
</comp>

<comp id="5227" class="1005" name="local_input_132_addr_reg_5227">
<pin_list>
<pin id="5228" dir="0" index="0" bw="8" slack="1"/>
<pin id="5229" dir="1" index="1" bw="8" slack="1"/>
</pin_list>
<bind>
<opset="local_input_132_addr "/>
</bind>
</comp>

<comp id="5232" class="1005" name="local_input_133_addr_reg_5232">
<pin_list>
<pin id="5233" dir="0" index="0" bw="8" slack="1"/>
<pin id="5234" dir="1" index="1" bw="8" slack="1"/>
</pin_list>
<bind>
<opset="local_input_133_addr "/>
</bind>
</comp>

<comp id="5237" class="1005" name="local_input_134_addr_reg_5237">
<pin_list>
<pin id="5238" dir="0" index="0" bw="8" slack="1"/>
<pin id="5239" dir="1" index="1" bw="8" slack="1"/>
</pin_list>
<bind>
<opset="local_input_134_addr "/>
</bind>
</comp>

<comp id="5242" class="1005" name="local_input_135_addr_reg_5242">
<pin_list>
<pin id="5243" dir="0" index="0" bw="8" slack="1"/>
<pin id="5244" dir="1" index="1" bw="8" slack="1"/>
</pin_list>
<bind>
<opset="local_input_135_addr "/>
</bind>
</comp>

<comp id="5247" class="1005" name="local_input_136_addr_reg_5247">
<pin_list>
<pin id="5248" dir="0" index="0" bw="8" slack="1"/>
<pin id="5249" dir="1" index="1" bw="8" slack="1"/>
</pin_list>
<bind>
<opset="local_input_136_addr "/>
</bind>
</comp>

<comp id="5252" class="1005" name="local_input_137_addr_reg_5252">
<pin_list>
<pin id="5253" dir="0" index="0" bw="8" slack="1"/>
<pin id="5254" dir="1" index="1" bw="8" slack="1"/>
</pin_list>
<bind>
<opset="local_input_137_addr "/>
</bind>
</comp>

<comp id="5257" class="1005" name="local_input_138_addr_reg_5257">
<pin_list>
<pin id="5258" dir="0" index="0" bw="8" slack="1"/>
<pin id="5259" dir="1" index="1" bw="8" slack="1"/>
</pin_list>
<bind>
<opset="local_input_138_addr "/>
</bind>
</comp>

<comp id="5262" class="1005" name="local_input_139_addr_reg_5262">
<pin_list>
<pin id="5263" dir="0" index="0" bw="8" slack="1"/>
<pin id="5264" dir="1" index="1" bw="8" slack="1"/>
</pin_list>
<bind>
<opset="local_input_139_addr "/>
</bind>
</comp>

<comp id="5267" class="1005" name="local_input_140_addr_reg_5267">
<pin_list>
<pin id="5268" dir="0" index="0" bw="8" slack="1"/>
<pin id="5269" dir="1" index="1" bw="8" slack="1"/>
</pin_list>
<bind>
<opset="local_input_140_addr "/>
</bind>
</comp>

<comp id="5272" class="1005" name="local_input_141_addr_reg_5272">
<pin_list>
<pin id="5273" dir="0" index="0" bw="8" slack="1"/>
<pin id="5274" dir="1" index="1" bw="8" slack="1"/>
</pin_list>
<bind>
<opset="local_input_141_addr "/>
</bind>
</comp>

<comp id="5277" class="1005" name="local_input_142_addr_reg_5277">
<pin_list>
<pin id="5278" dir="0" index="0" bw="8" slack="1"/>
<pin id="5279" dir="1" index="1" bw="8" slack="1"/>
</pin_list>
<bind>
<opset="local_input_142_addr "/>
</bind>
</comp>

<comp id="5282" class="1005" name="local_input_143_addr_reg_5282">
<pin_list>
<pin id="5283" dir="0" index="0" bw="8" slack="1"/>
<pin id="5284" dir="1" index="1" bw="8" slack="1"/>
</pin_list>
<bind>
<opset="local_input_143_addr "/>
</bind>
</comp>

<comp id="5287" class="1005" name="local_input_144_addr_reg_5287">
<pin_list>
<pin id="5288" dir="0" index="0" bw="8" slack="1"/>
<pin id="5289" dir="1" index="1" bw="8" slack="1"/>
</pin_list>
<bind>
<opset="local_input_144_addr "/>
</bind>
</comp>

<comp id="5292" class="1005" name="local_input_145_addr_reg_5292">
<pin_list>
<pin id="5293" dir="0" index="0" bw="8" slack="1"/>
<pin id="5294" dir="1" index="1" bw="8" slack="1"/>
</pin_list>
<bind>
<opset="local_input_145_addr "/>
</bind>
</comp>

<comp id="5297" class="1005" name="local_input_146_addr_reg_5297">
<pin_list>
<pin id="5298" dir="0" index="0" bw="8" slack="1"/>
<pin id="5299" dir="1" index="1" bw="8" slack="1"/>
</pin_list>
<bind>
<opset="local_input_146_addr "/>
</bind>
</comp>

<comp id="5302" class="1005" name="local_input_147_addr_reg_5302">
<pin_list>
<pin id="5303" dir="0" index="0" bw="8" slack="1"/>
<pin id="5304" dir="1" index="1" bw="8" slack="1"/>
</pin_list>
<bind>
<opset="local_input_147_addr "/>
</bind>
</comp>

<comp id="5307" class="1005" name="local_input_148_addr_reg_5307">
<pin_list>
<pin id="5308" dir="0" index="0" bw="8" slack="1"/>
<pin id="5309" dir="1" index="1" bw="8" slack="1"/>
</pin_list>
<bind>
<opset="local_input_148_addr "/>
</bind>
</comp>

<comp id="5312" class="1005" name="local_input_149_addr_reg_5312">
<pin_list>
<pin id="5313" dir="0" index="0" bw="8" slack="1"/>
<pin id="5314" dir="1" index="1" bw="8" slack="1"/>
</pin_list>
<bind>
<opset="local_input_149_addr "/>
</bind>
</comp>

<comp id="5317" class="1005" name="local_input_150_addr_reg_5317">
<pin_list>
<pin id="5318" dir="0" index="0" bw="8" slack="1"/>
<pin id="5319" dir="1" index="1" bw="8" slack="1"/>
</pin_list>
<bind>
<opset="local_input_150_addr "/>
</bind>
</comp>

<comp id="5322" class="1005" name="local_input_151_addr_reg_5322">
<pin_list>
<pin id="5323" dir="0" index="0" bw="8" slack="1"/>
<pin id="5324" dir="1" index="1" bw="8" slack="1"/>
</pin_list>
<bind>
<opset="local_input_151_addr "/>
</bind>
</comp>

<comp id="5327" class="1005" name="local_input_152_addr_reg_5327">
<pin_list>
<pin id="5328" dir="0" index="0" bw="8" slack="1"/>
<pin id="5329" dir="1" index="1" bw="8" slack="1"/>
</pin_list>
<bind>
<opset="local_input_152_addr "/>
</bind>
</comp>

<comp id="5332" class="1005" name="local_input_153_addr_reg_5332">
<pin_list>
<pin id="5333" dir="0" index="0" bw="8" slack="1"/>
<pin id="5334" dir="1" index="1" bw="8" slack="1"/>
</pin_list>
<bind>
<opset="local_input_153_addr "/>
</bind>
</comp>

<comp id="5337" class="1005" name="local_input_154_addr_reg_5337">
<pin_list>
<pin id="5338" dir="0" index="0" bw="8" slack="1"/>
<pin id="5339" dir="1" index="1" bw="8" slack="1"/>
</pin_list>
<bind>
<opset="local_input_154_addr "/>
</bind>
</comp>

<comp id="5342" class="1005" name="local_input_155_addr_reg_5342">
<pin_list>
<pin id="5343" dir="0" index="0" bw="8" slack="1"/>
<pin id="5344" dir="1" index="1" bw="8" slack="1"/>
</pin_list>
<bind>
<opset="local_input_155_addr "/>
</bind>
</comp>

<comp id="5347" class="1005" name="local_input_156_addr_reg_5347">
<pin_list>
<pin id="5348" dir="0" index="0" bw="8" slack="1"/>
<pin id="5349" dir="1" index="1" bw="8" slack="1"/>
</pin_list>
<bind>
<opset="local_input_156_addr "/>
</bind>
</comp>

<comp id="5352" class="1005" name="local_input_157_addr_reg_5352">
<pin_list>
<pin id="5353" dir="0" index="0" bw="8" slack="1"/>
<pin id="5354" dir="1" index="1" bw="8" slack="1"/>
</pin_list>
<bind>
<opset="local_input_157_addr "/>
</bind>
</comp>

<comp id="5357" class="1005" name="local_input_158_addr_reg_5357">
<pin_list>
<pin id="5358" dir="0" index="0" bw="8" slack="1"/>
<pin id="5359" dir="1" index="1" bw="8" slack="1"/>
</pin_list>
<bind>
<opset="local_input_158_addr "/>
</bind>
</comp>

<comp id="5362" class="1005" name="local_input_159_addr_reg_5362">
<pin_list>
<pin id="5363" dir="0" index="0" bw="8" slack="1"/>
<pin id="5364" dir="1" index="1" bw="8" slack="1"/>
</pin_list>
<bind>
<opset="local_input_159_addr "/>
</bind>
</comp>

<comp id="5367" class="1005" name="local_input_160_addr_reg_5367">
<pin_list>
<pin id="5368" dir="0" index="0" bw="8" slack="1"/>
<pin id="5369" dir="1" index="1" bw="8" slack="1"/>
</pin_list>
<bind>
<opset="local_input_160_addr "/>
</bind>
</comp>

<comp id="5372" class="1005" name="local_input_161_addr_reg_5372">
<pin_list>
<pin id="5373" dir="0" index="0" bw="8" slack="1"/>
<pin id="5374" dir="1" index="1" bw="8" slack="1"/>
</pin_list>
<bind>
<opset="local_input_161_addr "/>
</bind>
</comp>

<comp id="5377" class="1005" name="local_input_162_addr_reg_5377">
<pin_list>
<pin id="5378" dir="0" index="0" bw="8" slack="1"/>
<pin id="5379" dir="1" index="1" bw="8" slack="1"/>
</pin_list>
<bind>
<opset="local_input_162_addr "/>
</bind>
</comp>

<comp id="5382" class="1005" name="local_input_163_addr_reg_5382">
<pin_list>
<pin id="5383" dir="0" index="0" bw="8" slack="1"/>
<pin id="5384" dir="1" index="1" bw="8" slack="1"/>
</pin_list>
<bind>
<opset="local_input_163_addr "/>
</bind>
</comp>

<comp id="5387" class="1005" name="local_input_164_addr_reg_5387">
<pin_list>
<pin id="5388" dir="0" index="0" bw="8" slack="1"/>
<pin id="5389" dir="1" index="1" bw="8" slack="1"/>
</pin_list>
<bind>
<opset="local_input_164_addr "/>
</bind>
</comp>

<comp id="5392" class="1005" name="local_input_165_addr_reg_5392">
<pin_list>
<pin id="5393" dir="0" index="0" bw="8" slack="1"/>
<pin id="5394" dir="1" index="1" bw="8" slack="1"/>
</pin_list>
<bind>
<opset="local_input_165_addr "/>
</bind>
</comp>

<comp id="5397" class="1005" name="local_input_166_addr_reg_5397">
<pin_list>
<pin id="5398" dir="0" index="0" bw="8" slack="1"/>
<pin id="5399" dir="1" index="1" bw="8" slack="1"/>
</pin_list>
<bind>
<opset="local_input_166_addr "/>
</bind>
</comp>

<comp id="5402" class="1005" name="local_input_167_addr_reg_5402">
<pin_list>
<pin id="5403" dir="0" index="0" bw="8" slack="1"/>
<pin id="5404" dir="1" index="1" bw="8" slack="1"/>
</pin_list>
<bind>
<opset="local_input_167_addr "/>
</bind>
</comp>

<comp id="5407" class="1005" name="local_input_168_addr_reg_5407">
<pin_list>
<pin id="5408" dir="0" index="0" bw="8" slack="1"/>
<pin id="5409" dir="1" index="1" bw="8" slack="1"/>
</pin_list>
<bind>
<opset="local_input_168_addr "/>
</bind>
</comp>

<comp id="5412" class="1005" name="local_input_169_addr_reg_5412">
<pin_list>
<pin id="5413" dir="0" index="0" bw="8" slack="1"/>
<pin id="5414" dir="1" index="1" bw="8" slack="1"/>
</pin_list>
<bind>
<opset="local_input_169_addr "/>
</bind>
</comp>

<comp id="5417" class="1005" name="local_input_170_addr_reg_5417">
<pin_list>
<pin id="5418" dir="0" index="0" bw="8" slack="1"/>
<pin id="5419" dir="1" index="1" bw="8" slack="1"/>
</pin_list>
<bind>
<opset="local_input_170_addr "/>
</bind>
</comp>

<comp id="5422" class="1005" name="local_input_171_addr_reg_5422">
<pin_list>
<pin id="5423" dir="0" index="0" bw="8" slack="1"/>
<pin id="5424" dir="1" index="1" bw="8" slack="1"/>
</pin_list>
<bind>
<opset="local_input_171_addr "/>
</bind>
</comp>

<comp id="5427" class="1005" name="local_input_172_addr_reg_5427">
<pin_list>
<pin id="5428" dir="0" index="0" bw="8" slack="1"/>
<pin id="5429" dir="1" index="1" bw="8" slack="1"/>
</pin_list>
<bind>
<opset="local_input_172_addr "/>
</bind>
</comp>

<comp id="5432" class="1005" name="local_input_173_addr_reg_5432">
<pin_list>
<pin id="5433" dir="0" index="0" bw="8" slack="1"/>
<pin id="5434" dir="1" index="1" bw="8" slack="1"/>
</pin_list>
<bind>
<opset="local_input_173_addr "/>
</bind>
</comp>

<comp id="5437" class="1005" name="local_input_174_addr_reg_5437">
<pin_list>
<pin id="5438" dir="0" index="0" bw="8" slack="1"/>
<pin id="5439" dir="1" index="1" bw="8" slack="1"/>
</pin_list>
<bind>
<opset="local_input_174_addr "/>
</bind>
</comp>

<comp id="5442" class="1005" name="local_input_175_addr_reg_5442">
<pin_list>
<pin id="5443" dir="0" index="0" bw="8" slack="1"/>
<pin id="5444" dir="1" index="1" bw="8" slack="1"/>
</pin_list>
<bind>
<opset="local_input_175_addr "/>
</bind>
</comp>

<comp id="5447" class="1005" name="local_input_176_addr_reg_5447">
<pin_list>
<pin id="5448" dir="0" index="0" bw="8" slack="1"/>
<pin id="5449" dir="1" index="1" bw="8" slack="1"/>
</pin_list>
<bind>
<opset="local_input_176_addr "/>
</bind>
</comp>

<comp id="5452" class="1005" name="local_input_177_addr_reg_5452">
<pin_list>
<pin id="5453" dir="0" index="0" bw="8" slack="1"/>
<pin id="5454" dir="1" index="1" bw="8" slack="1"/>
</pin_list>
<bind>
<opset="local_input_177_addr "/>
</bind>
</comp>

<comp id="5457" class="1005" name="local_input_178_addr_reg_5457">
<pin_list>
<pin id="5458" dir="0" index="0" bw="8" slack="1"/>
<pin id="5459" dir="1" index="1" bw="8" slack="1"/>
</pin_list>
<bind>
<opset="local_input_178_addr "/>
</bind>
</comp>

<comp id="5462" class="1005" name="local_input_179_addr_reg_5462">
<pin_list>
<pin id="5463" dir="0" index="0" bw="8" slack="1"/>
<pin id="5464" dir="1" index="1" bw="8" slack="1"/>
</pin_list>
<bind>
<opset="local_input_179_addr "/>
</bind>
</comp>

<comp id="5467" class="1005" name="local_input_180_addr_reg_5467">
<pin_list>
<pin id="5468" dir="0" index="0" bw="8" slack="1"/>
<pin id="5469" dir="1" index="1" bw="8" slack="1"/>
</pin_list>
<bind>
<opset="local_input_180_addr "/>
</bind>
</comp>

<comp id="5472" class="1005" name="local_input_181_addr_reg_5472">
<pin_list>
<pin id="5473" dir="0" index="0" bw="8" slack="1"/>
<pin id="5474" dir="1" index="1" bw="8" slack="1"/>
</pin_list>
<bind>
<opset="local_input_181_addr "/>
</bind>
</comp>

<comp id="5477" class="1005" name="local_input_182_addr_reg_5477">
<pin_list>
<pin id="5478" dir="0" index="0" bw="8" slack="1"/>
<pin id="5479" dir="1" index="1" bw="8" slack="1"/>
</pin_list>
<bind>
<opset="local_input_182_addr "/>
</bind>
</comp>

<comp id="5482" class="1005" name="local_input_183_addr_reg_5482">
<pin_list>
<pin id="5483" dir="0" index="0" bw="8" slack="1"/>
<pin id="5484" dir="1" index="1" bw="8" slack="1"/>
</pin_list>
<bind>
<opset="local_input_183_addr "/>
</bind>
</comp>

<comp id="5487" class="1005" name="local_input_184_addr_reg_5487">
<pin_list>
<pin id="5488" dir="0" index="0" bw="8" slack="1"/>
<pin id="5489" dir="1" index="1" bw="8" slack="1"/>
</pin_list>
<bind>
<opset="local_input_184_addr "/>
</bind>
</comp>

<comp id="5492" class="1005" name="local_input_185_addr_reg_5492">
<pin_list>
<pin id="5493" dir="0" index="0" bw="8" slack="1"/>
<pin id="5494" dir="1" index="1" bw="8" slack="1"/>
</pin_list>
<bind>
<opset="local_input_185_addr "/>
</bind>
</comp>

<comp id="5497" class="1005" name="local_input_186_addr_reg_5497">
<pin_list>
<pin id="5498" dir="0" index="0" bw="8" slack="1"/>
<pin id="5499" dir="1" index="1" bw="8" slack="1"/>
</pin_list>
<bind>
<opset="local_input_186_addr "/>
</bind>
</comp>

<comp id="5502" class="1005" name="local_input_187_addr_reg_5502">
<pin_list>
<pin id="5503" dir="0" index="0" bw="8" slack="1"/>
<pin id="5504" dir="1" index="1" bw="8" slack="1"/>
</pin_list>
<bind>
<opset="local_input_187_addr "/>
</bind>
</comp>

<comp id="5507" class="1005" name="local_input_188_addr_reg_5507">
<pin_list>
<pin id="5508" dir="0" index="0" bw="8" slack="1"/>
<pin id="5509" dir="1" index="1" bw="8" slack="1"/>
</pin_list>
<bind>
<opset="local_input_188_addr "/>
</bind>
</comp>

<comp id="5512" class="1005" name="local_input_189_addr_reg_5512">
<pin_list>
<pin id="5513" dir="0" index="0" bw="8" slack="1"/>
<pin id="5514" dir="1" index="1" bw="8" slack="1"/>
</pin_list>
<bind>
<opset="local_input_189_addr "/>
</bind>
</comp>

<comp id="5517" class="1005" name="local_input_190_addr_reg_5517">
<pin_list>
<pin id="5518" dir="0" index="0" bw="8" slack="1"/>
<pin id="5519" dir="1" index="1" bw="8" slack="1"/>
</pin_list>
<bind>
<opset="local_input_190_addr "/>
</bind>
</comp>

<comp id="5522" class="1005" name="local_input_191_addr_reg_5522">
<pin_list>
<pin id="5523" dir="0" index="0" bw="8" slack="1"/>
<pin id="5524" dir="1" index="1" bw="8" slack="1"/>
</pin_list>
<bind>
<opset="local_input_191_addr "/>
</bind>
</comp>

<comp id="5527" class="1005" name="local_input_192_addr_reg_5527">
<pin_list>
<pin id="5528" dir="0" index="0" bw="8" slack="1"/>
<pin id="5529" dir="1" index="1" bw="8" slack="1"/>
</pin_list>
<bind>
<opset="local_input_192_addr "/>
</bind>
</comp>

<comp id="5532" class="1005" name="local_input_193_addr_reg_5532">
<pin_list>
<pin id="5533" dir="0" index="0" bw="8" slack="1"/>
<pin id="5534" dir="1" index="1" bw="8" slack="1"/>
</pin_list>
<bind>
<opset="local_input_193_addr "/>
</bind>
</comp>

<comp id="5537" class="1005" name="local_input_194_addr_reg_5537">
<pin_list>
<pin id="5538" dir="0" index="0" bw="8" slack="1"/>
<pin id="5539" dir="1" index="1" bw="8" slack="1"/>
</pin_list>
<bind>
<opset="local_input_194_addr "/>
</bind>
</comp>

<comp id="5542" class="1005" name="local_input_195_addr_reg_5542">
<pin_list>
<pin id="5543" dir="0" index="0" bw="8" slack="1"/>
<pin id="5544" dir="1" index="1" bw="8" slack="1"/>
</pin_list>
<bind>
<opset="local_input_195_addr "/>
</bind>
</comp>

<comp id="5547" class="1005" name="local_input_196_addr_reg_5547">
<pin_list>
<pin id="5548" dir="0" index="0" bw="8" slack="1"/>
<pin id="5549" dir="1" index="1" bw="8" slack="1"/>
</pin_list>
<bind>
<opset="local_input_196_addr "/>
</bind>
</comp>

<comp id="5552" class="1005" name="local_input_197_addr_reg_5552">
<pin_list>
<pin id="5553" dir="0" index="0" bw="8" slack="1"/>
<pin id="5554" dir="1" index="1" bw="8" slack="1"/>
</pin_list>
<bind>
<opset="local_input_197_addr "/>
</bind>
</comp>

<comp id="5557" class="1005" name="local_input_198_addr_reg_5557">
<pin_list>
<pin id="5558" dir="0" index="0" bw="8" slack="1"/>
<pin id="5559" dir="1" index="1" bw="8" slack="1"/>
</pin_list>
<bind>
<opset="local_input_198_addr "/>
</bind>
</comp>

<comp id="5562" class="1005" name="local_input_199_addr_reg_5562">
<pin_list>
<pin id="5563" dir="0" index="0" bw="8" slack="1"/>
<pin id="5564" dir="1" index="1" bw="8" slack="1"/>
</pin_list>
<bind>
<opset="local_input_199_addr "/>
</bind>
</comp>

<comp id="5567" class="1005" name="local_input_200_addr_reg_5567">
<pin_list>
<pin id="5568" dir="0" index="0" bw="8" slack="1"/>
<pin id="5569" dir="1" index="1" bw="8" slack="1"/>
</pin_list>
<bind>
<opset="local_input_200_addr "/>
</bind>
</comp>

<comp id="5572" class="1005" name="local_input_201_addr_reg_5572">
<pin_list>
<pin id="5573" dir="0" index="0" bw="8" slack="1"/>
<pin id="5574" dir="1" index="1" bw="8" slack="1"/>
</pin_list>
<bind>
<opset="local_input_201_addr "/>
</bind>
</comp>

<comp id="5577" class="1005" name="local_input_202_addr_reg_5577">
<pin_list>
<pin id="5578" dir="0" index="0" bw="8" slack="1"/>
<pin id="5579" dir="1" index="1" bw="8" slack="1"/>
</pin_list>
<bind>
<opset="local_input_202_addr "/>
</bind>
</comp>

<comp id="5582" class="1005" name="local_input_203_addr_reg_5582">
<pin_list>
<pin id="5583" dir="0" index="0" bw="8" slack="1"/>
<pin id="5584" dir="1" index="1" bw="8" slack="1"/>
</pin_list>
<bind>
<opset="local_input_203_addr "/>
</bind>
</comp>

<comp id="5587" class="1005" name="local_input_204_addr_reg_5587">
<pin_list>
<pin id="5588" dir="0" index="0" bw="8" slack="1"/>
<pin id="5589" dir="1" index="1" bw="8" slack="1"/>
</pin_list>
<bind>
<opset="local_input_204_addr "/>
</bind>
</comp>

<comp id="5592" class="1005" name="local_input_205_addr_reg_5592">
<pin_list>
<pin id="5593" dir="0" index="0" bw="8" slack="1"/>
<pin id="5594" dir="1" index="1" bw="8" slack="1"/>
</pin_list>
<bind>
<opset="local_input_205_addr "/>
</bind>
</comp>

<comp id="5597" class="1005" name="local_input_206_addr_reg_5597">
<pin_list>
<pin id="5598" dir="0" index="0" bw="8" slack="1"/>
<pin id="5599" dir="1" index="1" bw="8" slack="1"/>
</pin_list>
<bind>
<opset="local_input_206_addr "/>
</bind>
</comp>

<comp id="5602" class="1005" name="local_input_207_addr_reg_5602">
<pin_list>
<pin id="5603" dir="0" index="0" bw="8" slack="1"/>
<pin id="5604" dir="1" index="1" bw="8" slack="1"/>
</pin_list>
<bind>
<opset="local_input_207_addr "/>
</bind>
</comp>

<comp id="5607" class="1005" name="local_input_208_addr_reg_5607">
<pin_list>
<pin id="5608" dir="0" index="0" bw="8" slack="1"/>
<pin id="5609" dir="1" index="1" bw="8" slack="1"/>
</pin_list>
<bind>
<opset="local_input_208_addr "/>
</bind>
</comp>

<comp id="5612" class="1005" name="local_input_209_addr_reg_5612">
<pin_list>
<pin id="5613" dir="0" index="0" bw="8" slack="1"/>
<pin id="5614" dir="1" index="1" bw="8" slack="1"/>
</pin_list>
<bind>
<opset="local_input_209_addr "/>
</bind>
</comp>

<comp id="5617" class="1005" name="local_input_210_addr_reg_5617">
<pin_list>
<pin id="5618" dir="0" index="0" bw="8" slack="1"/>
<pin id="5619" dir="1" index="1" bw="8" slack="1"/>
</pin_list>
<bind>
<opset="local_input_210_addr "/>
</bind>
</comp>

<comp id="5622" class="1005" name="local_input_211_addr_reg_5622">
<pin_list>
<pin id="5623" dir="0" index="0" bw="8" slack="1"/>
<pin id="5624" dir="1" index="1" bw="8" slack="1"/>
</pin_list>
<bind>
<opset="local_input_211_addr "/>
</bind>
</comp>

<comp id="5627" class="1005" name="local_input_212_addr_reg_5627">
<pin_list>
<pin id="5628" dir="0" index="0" bw="8" slack="1"/>
<pin id="5629" dir="1" index="1" bw="8" slack="1"/>
</pin_list>
<bind>
<opset="local_input_212_addr "/>
</bind>
</comp>

<comp id="5632" class="1005" name="local_input_213_addr_reg_5632">
<pin_list>
<pin id="5633" dir="0" index="0" bw="8" slack="1"/>
<pin id="5634" dir="1" index="1" bw="8" slack="1"/>
</pin_list>
<bind>
<opset="local_input_213_addr "/>
</bind>
</comp>

<comp id="5637" class="1005" name="local_input_214_addr_reg_5637">
<pin_list>
<pin id="5638" dir="0" index="0" bw="8" slack="1"/>
<pin id="5639" dir="1" index="1" bw="8" slack="1"/>
</pin_list>
<bind>
<opset="local_input_214_addr "/>
</bind>
</comp>

<comp id="5642" class="1005" name="local_input_215_addr_reg_5642">
<pin_list>
<pin id="5643" dir="0" index="0" bw="8" slack="1"/>
<pin id="5644" dir="1" index="1" bw="8" slack="1"/>
</pin_list>
<bind>
<opset="local_input_215_addr "/>
</bind>
</comp>

<comp id="5647" class="1005" name="local_input_216_addr_reg_5647">
<pin_list>
<pin id="5648" dir="0" index="0" bw="8" slack="1"/>
<pin id="5649" dir="1" index="1" bw="8" slack="1"/>
</pin_list>
<bind>
<opset="local_input_216_addr "/>
</bind>
</comp>

<comp id="5652" class="1005" name="local_input_217_addr_reg_5652">
<pin_list>
<pin id="5653" dir="0" index="0" bw="8" slack="1"/>
<pin id="5654" dir="1" index="1" bw="8" slack="1"/>
</pin_list>
<bind>
<opset="local_input_217_addr "/>
</bind>
</comp>

<comp id="5657" class="1005" name="local_input_218_addr_reg_5657">
<pin_list>
<pin id="5658" dir="0" index="0" bw="8" slack="1"/>
<pin id="5659" dir="1" index="1" bw="8" slack="1"/>
</pin_list>
<bind>
<opset="local_input_218_addr "/>
</bind>
</comp>

<comp id="5662" class="1005" name="local_input_219_addr_reg_5662">
<pin_list>
<pin id="5663" dir="0" index="0" bw="8" slack="1"/>
<pin id="5664" dir="1" index="1" bw="8" slack="1"/>
</pin_list>
<bind>
<opset="local_input_219_addr "/>
</bind>
</comp>

<comp id="5667" class="1005" name="local_input_220_addr_reg_5667">
<pin_list>
<pin id="5668" dir="0" index="0" bw="8" slack="1"/>
<pin id="5669" dir="1" index="1" bw="8" slack="1"/>
</pin_list>
<bind>
<opset="local_input_220_addr "/>
</bind>
</comp>

<comp id="5672" class="1005" name="local_input_221_addr_reg_5672">
<pin_list>
<pin id="5673" dir="0" index="0" bw="8" slack="1"/>
<pin id="5674" dir="1" index="1" bw="8" slack="1"/>
</pin_list>
<bind>
<opset="local_input_221_addr "/>
</bind>
</comp>

<comp id="5677" class="1005" name="local_input_222_addr_reg_5677">
<pin_list>
<pin id="5678" dir="0" index="0" bw="8" slack="1"/>
<pin id="5679" dir="1" index="1" bw="8" slack="1"/>
</pin_list>
<bind>
<opset="local_input_222_addr "/>
</bind>
</comp>

<comp id="5682" class="1005" name="local_input_223_addr_reg_5682">
<pin_list>
<pin id="5683" dir="0" index="0" bw="8" slack="1"/>
<pin id="5684" dir="1" index="1" bw="8" slack="1"/>
</pin_list>
<bind>
<opset="local_input_223_addr "/>
</bind>
</comp>

<comp id="5687" class="1005" name="local_input_224_addr_reg_5687">
<pin_list>
<pin id="5688" dir="0" index="0" bw="8" slack="1"/>
<pin id="5689" dir="1" index="1" bw="8" slack="1"/>
</pin_list>
<bind>
<opset="local_input_224_addr "/>
</bind>
</comp>

<comp id="5692" class="1005" name="local_input_225_addr_reg_5692">
<pin_list>
<pin id="5693" dir="0" index="0" bw="8" slack="1"/>
<pin id="5694" dir="1" index="1" bw="8" slack="1"/>
</pin_list>
<bind>
<opset="local_input_225_addr "/>
</bind>
</comp>

<comp id="5697" class="1005" name="local_input_226_addr_reg_5697">
<pin_list>
<pin id="5698" dir="0" index="0" bw="8" slack="1"/>
<pin id="5699" dir="1" index="1" bw="8" slack="1"/>
</pin_list>
<bind>
<opset="local_input_226_addr "/>
</bind>
</comp>

<comp id="5702" class="1005" name="local_weights_addr_reg_5702">
<pin_list>
<pin id="5703" dir="0" index="0" bw="4" slack="1"/>
<pin id="5704" dir="1" index="1" bw="4" slack="1"/>
</pin_list>
<bind>
<opset="local_weights_addr "/>
</bind>
</comp>

<comp id="5707" class="1005" name="local_weights_1_addr_reg_5707">
<pin_list>
<pin id="5708" dir="0" index="0" bw="4" slack="1"/>
<pin id="5709" dir="1" index="1" bw="4" slack="1"/>
</pin_list>
<bind>
<opset="local_weights_1_addr "/>
</bind>
</comp>

<comp id="5712" class="1005" name="local_weights_2_addr_reg_5712">
<pin_list>
<pin id="5713" dir="0" index="0" bw="4" slack="1"/>
<pin id="5714" dir="1" index="1" bw="4" slack="1"/>
</pin_list>
<bind>
<opset="local_weights_2_addr "/>
</bind>
</comp>

<comp id="5717" class="1005" name="local_weights_3_addr_reg_5717">
<pin_list>
<pin id="5718" dir="0" index="0" bw="4" slack="1"/>
<pin id="5719" dir="1" index="1" bw="4" slack="1"/>
</pin_list>
<bind>
<opset="local_weights_3_addr "/>
</bind>
</comp>

<comp id="5722" class="1005" name="local_weights_4_addr_reg_5722">
<pin_list>
<pin id="5723" dir="0" index="0" bw="4" slack="1"/>
<pin id="5724" dir="1" index="1" bw="4" slack="1"/>
</pin_list>
<bind>
<opset="local_weights_4_addr "/>
</bind>
</comp>

<comp id="5727" class="1005" name="local_weights_5_addr_reg_5727">
<pin_list>
<pin id="5728" dir="0" index="0" bw="4" slack="1"/>
<pin id="5729" dir="1" index="1" bw="4" slack="1"/>
</pin_list>
<bind>
<opset="local_weights_5_addr "/>
</bind>
</comp>

<comp id="5732" class="1005" name="local_weights_6_addr_reg_5732">
<pin_list>
<pin id="5733" dir="0" index="0" bw="4" slack="1"/>
<pin id="5734" dir="1" index="1" bw="4" slack="1"/>
</pin_list>
<bind>
<opset="local_weights_6_addr "/>
</bind>
</comp>

<comp id="5737" class="1005" name="local_weights_7_addr_reg_5737">
<pin_list>
<pin id="5738" dir="0" index="0" bw="4" slack="1"/>
<pin id="5739" dir="1" index="1" bw="4" slack="1"/>
</pin_list>
<bind>
<opset="local_weights_7_addr "/>
</bind>
</comp>

<comp id="5742" class="1005" name="local_weights_8_addr_reg_5742">
<pin_list>
<pin id="5743" dir="0" index="0" bw="4" slack="1"/>
<pin id="5744" dir="1" index="1" bw="4" slack="1"/>
</pin_list>
<bind>
<opset="local_weights_8_addr "/>
</bind>
</comp>

<comp id="5747" class="1005" name="local_weights_9_addr_reg_5747">
<pin_list>
<pin id="5748" dir="0" index="0" bw="4" slack="1"/>
<pin id="5749" dir="1" index="1" bw="4" slack="1"/>
</pin_list>
<bind>
<opset="local_weights_9_addr "/>
</bind>
</comp>

<comp id="5752" class="1005" name="local_weights_10_addr_reg_5752">
<pin_list>
<pin id="5753" dir="0" index="0" bw="4" slack="1"/>
<pin id="5754" dir="1" index="1" bw="4" slack="1"/>
</pin_list>
<bind>
<opset="local_weights_10_addr "/>
</bind>
</comp>

<comp id="5757" class="1005" name="tmp_reg_5757">
<pin_list>
<pin id="5758" dir="0" index="0" bw="32" slack="1"/>
<pin id="5759" dir="1" index="1" bw="32" slack="1"/>
</pin_list>
<bind>
<opset="tmp "/>
</bind>
</comp>

<comp id="5762" class="1005" name="tmp_1_reg_5762">
<pin_list>
<pin id="5763" dir="0" index="0" bw="32" slack="1"/>
<pin id="5764" dir="1" index="1" bw="32" slack="1"/>
</pin_list>
<bind>
<opset="tmp_1 "/>
</bind>
</comp>

<comp id="5767" class="1005" name="mul_reg_5767">
<pin_list>
<pin id="5768" dir="0" index="0" bw="32" slack="1"/>
<pin id="5769" dir="1" index="1" bw="32" slack="1"/>
</pin_list>
<bind>
<opset="mul "/>
</bind>
</comp>

<comp id="5772" class="1005" name="sum_2_load_reg_5772">
<pin_list>
<pin id="5773" dir="0" index="0" bw="32" slack="1"/>
<pin id="5774" dir="1" index="1" bw="32" slack="1"/>
</pin_list>
<bind>
<opset="sum_2_load "/>
</bind>
</comp>

</comp_list>

<net_list>
<net id="529"><net_src comp="484" pin="0"/><net_sink comp="526" pin=0"/></net>

<net id="533"><net_src comp="484" pin="0"/><net_sink comp="530" pin=0"/></net>

<net id="537"><net_src comp="484" pin="0"/><net_sink comp="534" pin=0"/></net>

<net id="541"><net_src comp="484" pin="0"/><net_sink comp="538" pin=0"/></net>

<net id="546"><net_src comp="486" pin="0"/><net_sink comp="542" pin=0"/></net>

<net id="547"><net_src comp="480" pin="0"/><net_sink comp="542" pin=1"/></net>

<net id="552"><net_src comp="486" pin="0"/><net_sink comp="548" pin=0"/></net>

<net id="553"><net_src comp="2" pin="0"/><net_sink comp="548" pin=1"/></net>

<net id="558"><net_src comp="488" pin="0"/><net_sink comp="554" pin=0"/></net>

<net id="559"><net_src comp="0" pin="0"/><net_sink comp="554" pin=1"/></net>

<net id="565"><net_src comp="524" pin="0"/><net_sink comp="560" pin=0"/></net>

<net id="566"><net_src comp="482" pin="0"/><net_sink comp="560" pin=1"/></net>

<net id="572"><net_src comp="4" pin="0"/><net_sink comp="567" pin=0"/></net>

<net id="573"><net_src comp="502" pin="0"/><net_sink comp="567" pin=1"/></net>

<net id="579"><net_src comp="567" pin="3"/><net_sink comp="574" pin=0"/></net>

<net id="585"><net_src comp="6" pin="0"/><net_sink comp="580" pin=0"/></net>

<net id="586"><net_src comp="502" pin="0"/><net_sink comp="580" pin=1"/></net>

<net id="592"><net_src comp="580" pin="3"/><net_sink comp="587" pin=0"/></net>

<net id="598"><net_src comp="8" pin="0"/><net_sink comp="593" pin=0"/></net>

<net id="599"><net_src comp="502" pin="0"/><net_sink comp="593" pin=1"/></net>

<net id="605"><net_src comp="593" pin="3"/><net_sink comp="600" pin=0"/></net>

<net id="611"><net_src comp="10" pin="0"/><net_sink comp="606" pin=0"/></net>

<net id="612"><net_src comp="502" pin="0"/><net_sink comp="606" pin=1"/></net>

<net id="618"><net_src comp="606" pin="3"/><net_sink comp="613" pin=0"/></net>

<net id="624"><net_src comp="12" pin="0"/><net_sink comp="619" pin=0"/></net>

<net id="625"><net_src comp="502" pin="0"/><net_sink comp="619" pin=1"/></net>

<net id="631"><net_src comp="619" pin="3"/><net_sink comp="626" pin=0"/></net>

<net id="637"><net_src comp="14" pin="0"/><net_sink comp="632" pin=0"/></net>

<net id="638"><net_src comp="502" pin="0"/><net_sink comp="632" pin=1"/></net>

<net id="644"><net_src comp="632" pin="3"/><net_sink comp="639" pin=0"/></net>

<net id="650"><net_src comp="16" pin="0"/><net_sink comp="645" pin=0"/></net>

<net id="651"><net_src comp="502" pin="0"/><net_sink comp="645" pin=1"/></net>

<net id="657"><net_src comp="645" pin="3"/><net_sink comp="652" pin=0"/></net>

<net id="663"><net_src comp="18" pin="0"/><net_sink comp="658" pin=0"/></net>

<net id="664"><net_src comp="502" pin="0"/><net_sink comp="658" pin=1"/></net>

<net id="670"><net_src comp="658" pin="3"/><net_sink comp="665" pin=0"/></net>

<net id="676"><net_src comp="20" pin="0"/><net_sink comp="671" pin=0"/></net>

<net id="677"><net_src comp="502" pin="0"/><net_sink comp="671" pin=1"/></net>

<net id="683"><net_src comp="671" pin="3"/><net_sink comp="678" pin=0"/></net>

<net id="689"><net_src comp="22" pin="0"/><net_sink comp="684" pin=0"/></net>

<net id="690"><net_src comp="502" pin="0"/><net_sink comp="684" pin=1"/></net>

<net id="696"><net_src comp="684" pin="3"/><net_sink comp="691" pin=0"/></net>

<net id="702"><net_src comp="24" pin="0"/><net_sink comp="697" pin=0"/></net>

<net id="703"><net_src comp="502" pin="0"/><net_sink comp="697" pin=1"/></net>

<net id="709"><net_src comp="697" pin="3"/><net_sink comp="704" pin=0"/></net>

<net id="715"><net_src comp="26" pin="0"/><net_sink comp="710" pin=0"/></net>

<net id="716"><net_src comp="502" pin="0"/><net_sink comp="710" pin=1"/></net>

<net id="722"><net_src comp="710" pin="3"/><net_sink comp="717" pin=0"/></net>

<net id="728"><net_src comp="28" pin="0"/><net_sink comp="723" pin=0"/></net>

<net id="729"><net_src comp="502" pin="0"/><net_sink comp="723" pin=1"/></net>

<net id="735"><net_src comp="723" pin="3"/><net_sink comp="730" pin=0"/></net>

<net id="741"><net_src comp="30" pin="0"/><net_sink comp="736" pin=0"/></net>

<net id="742"><net_src comp="502" pin="0"/><net_sink comp="736" pin=1"/></net>

<net id="748"><net_src comp="736" pin="3"/><net_sink comp="743" pin=0"/></net>

<net id="754"><net_src comp="32" pin="0"/><net_sink comp="749" pin=0"/></net>

<net id="755"><net_src comp="502" pin="0"/><net_sink comp="749" pin=1"/></net>

<net id="761"><net_src comp="749" pin="3"/><net_sink comp="756" pin=0"/></net>

<net id="767"><net_src comp="34" pin="0"/><net_sink comp="762" pin=0"/></net>

<net id="768"><net_src comp="502" pin="0"/><net_sink comp="762" pin=1"/></net>

<net id="774"><net_src comp="762" pin="3"/><net_sink comp="769" pin=0"/></net>

<net id="780"><net_src comp="36" pin="0"/><net_sink comp="775" pin=0"/></net>

<net id="781"><net_src comp="502" pin="0"/><net_sink comp="775" pin=1"/></net>

<net id="787"><net_src comp="775" pin="3"/><net_sink comp="782" pin=0"/></net>

<net id="793"><net_src comp="38" pin="0"/><net_sink comp="788" pin=0"/></net>

<net id="794"><net_src comp="502" pin="0"/><net_sink comp="788" pin=1"/></net>

<net id="800"><net_src comp="788" pin="3"/><net_sink comp="795" pin=0"/></net>

<net id="806"><net_src comp="40" pin="0"/><net_sink comp="801" pin=0"/></net>

<net id="807"><net_src comp="502" pin="0"/><net_sink comp="801" pin=1"/></net>

<net id="813"><net_src comp="801" pin="3"/><net_sink comp="808" pin=0"/></net>

<net id="819"><net_src comp="42" pin="0"/><net_sink comp="814" pin=0"/></net>

<net id="820"><net_src comp="502" pin="0"/><net_sink comp="814" pin=1"/></net>

<net id="826"><net_src comp="814" pin="3"/><net_sink comp="821" pin=0"/></net>

<net id="832"><net_src comp="44" pin="0"/><net_sink comp="827" pin=0"/></net>

<net id="833"><net_src comp="502" pin="0"/><net_sink comp="827" pin=1"/></net>

<net id="839"><net_src comp="827" pin="3"/><net_sink comp="834" pin=0"/></net>

<net id="845"><net_src comp="46" pin="0"/><net_sink comp="840" pin=0"/></net>

<net id="846"><net_src comp="502" pin="0"/><net_sink comp="840" pin=1"/></net>

<net id="852"><net_src comp="840" pin="3"/><net_sink comp="847" pin=0"/></net>

<net id="858"><net_src comp="48" pin="0"/><net_sink comp="853" pin=0"/></net>

<net id="859"><net_src comp="502" pin="0"/><net_sink comp="853" pin=1"/></net>

<net id="865"><net_src comp="853" pin="3"/><net_sink comp="860" pin=0"/></net>

<net id="871"><net_src comp="50" pin="0"/><net_sink comp="866" pin=0"/></net>

<net id="872"><net_src comp="502" pin="0"/><net_sink comp="866" pin=1"/></net>

<net id="878"><net_src comp="866" pin="3"/><net_sink comp="873" pin=0"/></net>

<net id="884"><net_src comp="52" pin="0"/><net_sink comp="879" pin=0"/></net>

<net id="885"><net_src comp="502" pin="0"/><net_sink comp="879" pin=1"/></net>

<net id="891"><net_src comp="879" pin="3"/><net_sink comp="886" pin=0"/></net>

<net id="897"><net_src comp="54" pin="0"/><net_sink comp="892" pin=0"/></net>

<net id="898"><net_src comp="502" pin="0"/><net_sink comp="892" pin=1"/></net>

<net id="904"><net_src comp="892" pin="3"/><net_sink comp="899" pin=0"/></net>

<net id="910"><net_src comp="56" pin="0"/><net_sink comp="905" pin=0"/></net>

<net id="911"><net_src comp="502" pin="0"/><net_sink comp="905" pin=1"/></net>

<net id="917"><net_src comp="905" pin="3"/><net_sink comp="912" pin=0"/></net>

<net id="923"><net_src comp="58" pin="0"/><net_sink comp="918" pin=0"/></net>

<net id="924"><net_src comp="502" pin="0"/><net_sink comp="918" pin=1"/></net>

<net id="930"><net_src comp="918" pin="3"/><net_sink comp="925" pin=0"/></net>

<net id="936"><net_src comp="60" pin="0"/><net_sink comp="931" pin=0"/></net>

<net id="937"><net_src comp="502" pin="0"/><net_sink comp="931" pin=1"/></net>

<net id="943"><net_src comp="931" pin="3"/><net_sink comp="938" pin=0"/></net>

<net id="949"><net_src comp="62" pin="0"/><net_sink comp="944" pin=0"/></net>

<net id="950"><net_src comp="502" pin="0"/><net_sink comp="944" pin=1"/></net>

<net id="956"><net_src comp="944" pin="3"/><net_sink comp="951" pin=0"/></net>

<net id="962"><net_src comp="64" pin="0"/><net_sink comp="957" pin=0"/></net>

<net id="963"><net_src comp="502" pin="0"/><net_sink comp="957" pin=1"/></net>

<net id="969"><net_src comp="957" pin="3"/><net_sink comp="964" pin=0"/></net>

<net id="975"><net_src comp="66" pin="0"/><net_sink comp="970" pin=0"/></net>

<net id="976"><net_src comp="502" pin="0"/><net_sink comp="970" pin=1"/></net>

<net id="982"><net_src comp="970" pin="3"/><net_sink comp="977" pin=0"/></net>

<net id="988"><net_src comp="68" pin="0"/><net_sink comp="983" pin=0"/></net>

<net id="989"><net_src comp="502" pin="0"/><net_sink comp="983" pin=1"/></net>

<net id="995"><net_src comp="983" pin="3"/><net_sink comp="990" pin=0"/></net>

<net id="1001"><net_src comp="70" pin="0"/><net_sink comp="996" pin=0"/></net>

<net id="1002"><net_src comp="502" pin="0"/><net_sink comp="996" pin=1"/></net>

<net id="1008"><net_src comp="996" pin="3"/><net_sink comp="1003" pin=0"/></net>

<net id="1014"><net_src comp="72" pin="0"/><net_sink comp="1009" pin=0"/></net>

<net id="1015"><net_src comp="502" pin="0"/><net_sink comp="1009" pin=1"/></net>

<net id="1021"><net_src comp="1009" pin="3"/><net_sink comp="1016" pin=0"/></net>

<net id="1027"><net_src comp="74" pin="0"/><net_sink comp="1022" pin=0"/></net>

<net id="1028"><net_src comp="502" pin="0"/><net_sink comp="1022" pin=1"/></net>

<net id="1034"><net_src comp="1022" pin="3"/><net_sink comp="1029" pin=0"/></net>

<net id="1040"><net_src comp="76" pin="0"/><net_sink comp="1035" pin=0"/></net>

<net id="1041"><net_src comp="502" pin="0"/><net_sink comp="1035" pin=1"/></net>

<net id="1047"><net_src comp="1035" pin="3"/><net_sink comp="1042" pin=0"/></net>

<net id="1053"><net_src comp="78" pin="0"/><net_sink comp="1048" pin=0"/></net>

<net id="1054"><net_src comp="502" pin="0"/><net_sink comp="1048" pin=1"/></net>

<net id="1060"><net_src comp="1048" pin="3"/><net_sink comp="1055" pin=0"/></net>

<net id="1066"><net_src comp="80" pin="0"/><net_sink comp="1061" pin=0"/></net>

<net id="1067"><net_src comp="502" pin="0"/><net_sink comp="1061" pin=1"/></net>

<net id="1073"><net_src comp="1061" pin="3"/><net_sink comp="1068" pin=0"/></net>

<net id="1079"><net_src comp="82" pin="0"/><net_sink comp="1074" pin=0"/></net>

<net id="1080"><net_src comp="502" pin="0"/><net_sink comp="1074" pin=1"/></net>

<net id="1086"><net_src comp="1074" pin="3"/><net_sink comp="1081" pin=0"/></net>

<net id="1092"><net_src comp="84" pin="0"/><net_sink comp="1087" pin=0"/></net>

<net id="1093"><net_src comp="502" pin="0"/><net_sink comp="1087" pin=1"/></net>

<net id="1099"><net_src comp="1087" pin="3"/><net_sink comp="1094" pin=0"/></net>

<net id="1105"><net_src comp="86" pin="0"/><net_sink comp="1100" pin=0"/></net>

<net id="1106"><net_src comp="502" pin="0"/><net_sink comp="1100" pin=1"/></net>

<net id="1112"><net_src comp="1100" pin="3"/><net_sink comp="1107" pin=0"/></net>

<net id="1118"><net_src comp="88" pin="0"/><net_sink comp="1113" pin=0"/></net>

<net id="1119"><net_src comp="502" pin="0"/><net_sink comp="1113" pin=1"/></net>

<net id="1125"><net_src comp="1113" pin="3"/><net_sink comp="1120" pin=0"/></net>

<net id="1131"><net_src comp="90" pin="0"/><net_sink comp="1126" pin=0"/></net>

<net id="1132"><net_src comp="502" pin="0"/><net_sink comp="1126" pin=1"/></net>

<net id="1138"><net_src comp="1126" pin="3"/><net_sink comp="1133" pin=0"/></net>

<net id="1144"><net_src comp="92" pin="0"/><net_sink comp="1139" pin=0"/></net>

<net id="1145"><net_src comp="502" pin="0"/><net_sink comp="1139" pin=1"/></net>

<net id="1151"><net_src comp="1139" pin="3"/><net_sink comp="1146" pin=0"/></net>

<net id="1157"><net_src comp="94" pin="0"/><net_sink comp="1152" pin=0"/></net>

<net id="1158"><net_src comp="502" pin="0"/><net_sink comp="1152" pin=1"/></net>

<net id="1164"><net_src comp="1152" pin="3"/><net_sink comp="1159" pin=0"/></net>

<net id="1170"><net_src comp="96" pin="0"/><net_sink comp="1165" pin=0"/></net>

<net id="1171"><net_src comp="502" pin="0"/><net_sink comp="1165" pin=1"/></net>

<net id="1177"><net_src comp="1165" pin="3"/><net_sink comp="1172" pin=0"/></net>

<net id="1183"><net_src comp="98" pin="0"/><net_sink comp="1178" pin=0"/></net>

<net id="1184"><net_src comp="502" pin="0"/><net_sink comp="1178" pin=1"/></net>

<net id="1190"><net_src comp="1178" pin="3"/><net_sink comp="1185" pin=0"/></net>

<net id="1196"><net_src comp="100" pin="0"/><net_sink comp="1191" pin=0"/></net>

<net id="1197"><net_src comp="502" pin="0"/><net_sink comp="1191" pin=1"/></net>

<net id="1203"><net_src comp="1191" pin="3"/><net_sink comp="1198" pin=0"/></net>

<net id="1209"><net_src comp="102" pin="0"/><net_sink comp="1204" pin=0"/></net>

<net id="1210"><net_src comp="502" pin="0"/><net_sink comp="1204" pin=1"/></net>

<net id="1216"><net_src comp="1204" pin="3"/><net_sink comp="1211" pin=0"/></net>

<net id="1222"><net_src comp="104" pin="0"/><net_sink comp="1217" pin=0"/></net>

<net id="1223"><net_src comp="502" pin="0"/><net_sink comp="1217" pin=1"/></net>

<net id="1229"><net_src comp="1217" pin="3"/><net_sink comp="1224" pin=0"/></net>

<net id="1235"><net_src comp="106" pin="0"/><net_sink comp="1230" pin=0"/></net>

<net id="1236"><net_src comp="502" pin="0"/><net_sink comp="1230" pin=1"/></net>

<net id="1242"><net_src comp="1230" pin="3"/><net_sink comp="1237" pin=0"/></net>

<net id="1248"><net_src comp="108" pin="0"/><net_sink comp="1243" pin=0"/></net>

<net id="1249"><net_src comp="502" pin="0"/><net_sink comp="1243" pin=1"/></net>

<net id="1255"><net_src comp="1243" pin="3"/><net_sink comp="1250" pin=0"/></net>

<net id="1261"><net_src comp="110" pin="0"/><net_sink comp="1256" pin=0"/></net>

<net id="1262"><net_src comp="502" pin="0"/><net_sink comp="1256" pin=1"/></net>

<net id="1268"><net_src comp="1256" pin="3"/><net_sink comp="1263" pin=0"/></net>

<net id="1274"><net_src comp="112" pin="0"/><net_sink comp="1269" pin=0"/></net>

<net id="1275"><net_src comp="502" pin="0"/><net_sink comp="1269" pin=1"/></net>

<net id="1281"><net_src comp="1269" pin="3"/><net_sink comp="1276" pin=0"/></net>

<net id="1287"><net_src comp="114" pin="0"/><net_sink comp="1282" pin=0"/></net>

<net id="1288"><net_src comp="502" pin="0"/><net_sink comp="1282" pin=1"/></net>

<net id="1294"><net_src comp="1282" pin="3"/><net_sink comp="1289" pin=0"/></net>

<net id="1300"><net_src comp="116" pin="0"/><net_sink comp="1295" pin=0"/></net>

<net id="1301"><net_src comp="502" pin="0"/><net_sink comp="1295" pin=1"/></net>

<net id="1307"><net_src comp="1295" pin="3"/><net_sink comp="1302" pin=0"/></net>

<net id="1313"><net_src comp="118" pin="0"/><net_sink comp="1308" pin=0"/></net>

<net id="1314"><net_src comp="502" pin="0"/><net_sink comp="1308" pin=1"/></net>

<net id="1320"><net_src comp="1308" pin="3"/><net_sink comp="1315" pin=0"/></net>

<net id="1326"><net_src comp="120" pin="0"/><net_sink comp="1321" pin=0"/></net>

<net id="1327"><net_src comp="502" pin="0"/><net_sink comp="1321" pin=1"/></net>

<net id="1333"><net_src comp="1321" pin="3"/><net_sink comp="1328" pin=0"/></net>

<net id="1339"><net_src comp="122" pin="0"/><net_sink comp="1334" pin=0"/></net>

<net id="1340"><net_src comp="502" pin="0"/><net_sink comp="1334" pin=1"/></net>

<net id="1346"><net_src comp="1334" pin="3"/><net_sink comp="1341" pin=0"/></net>

<net id="1352"><net_src comp="124" pin="0"/><net_sink comp="1347" pin=0"/></net>

<net id="1353"><net_src comp="502" pin="0"/><net_sink comp="1347" pin=1"/></net>

<net id="1359"><net_src comp="1347" pin="3"/><net_sink comp="1354" pin=0"/></net>

<net id="1365"><net_src comp="126" pin="0"/><net_sink comp="1360" pin=0"/></net>

<net id="1366"><net_src comp="502" pin="0"/><net_sink comp="1360" pin=1"/></net>

<net id="1372"><net_src comp="1360" pin="3"/><net_sink comp="1367" pin=0"/></net>

<net id="1378"><net_src comp="128" pin="0"/><net_sink comp="1373" pin=0"/></net>

<net id="1379"><net_src comp="502" pin="0"/><net_sink comp="1373" pin=1"/></net>

<net id="1385"><net_src comp="1373" pin="3"/><net_sink comp="1380" pin=0"/></net>

<net id="1391"><net_src comp="130" pin="0"/><net_sink comp="1386" pin=0"/></net>

<net id="1392"><net_src comp="502" pin="0"/><net_sink comp="1386" pin=1"/></net>

<net id="1398"><net_src comp="1386" pin="3"/><net_sink comp="1393" pin=0"/></net>

<net id="1404"><net_src comp="132" pin="0"/><net_sink comp="1399" pin=0"/></net>

<net id="1405"><net_src comp="502" pin="0"/><net_sink comp="1399" pin=1"/></net>

<net id="1411"><net_src comp="1399" pin="3"/><net_sink comp="1406" pin=0"/></net>

<net id="1417"><net_src comp="134" pin="0"/><net_sink comp="1412" pin=0"/></net>

<net id="1418"><net_src comp="502" pin="0"/><net_sink comp="1412" pin=1"/></net>

<net id="1424"><net_src comp="1412" pin="3"/><net_sink comp="1419" pin=0"/></net>

<net id="1430"><net_src comp="136" pin="0"/><net_sink comp="1425" pin=0"/></net>

<net id="1431"><net_src comp="502" pin="0"/><net_sink comp="1425" pin=1"/></net>

<net id="1437"><net_src comp="1425" pin="3"/><net_sink comp="1432" pin=0"/></net>

<net id="1443"><net_src comp="138" pin="0"/><net_sink comp="1438" pin=0"/></net>

<net id="1444"><net_src comp="502" pin="0"/><net_sink comp="1438" pin=1"/></net>

<net id="1450"><net_src comp="1438" pin="3"/><net_sink comp="1445" pin=0"/></net>

<net id="1456"><net_src comp="140" pin="0"/><net_sink comp="1451" pin=0"/></net>

<net id="1457"><net_src comp="502" pin="0"/><net_sink comp="1451" pin=1"/></net>

<net id="1463"><net_src comp="1451" pin="3"/><net_sink comp="1458" pin=0"/></net>

<net id="1469"><net_src comp="142" pin="0"/><net_sink comp="1464" pin=0"/></net>

<net id="1470"><net_src comp="502" pin="0"/><net_sink comp="1464" pin=1"/></net>

<net id="1476"><net_src comp="1464" pin="3"/><net_sink comp="1471" pin=0"/></net>

<net id="1482"><net_src comp="144" pin="0"/><net_sink comp="1477" pin=0"/></net>

<net id="1483"><net_src comp="502" pin="0"/><net_sink comp="1477" pin=1"/></net>

<net id="1489"><net_src comp="1477" pin="3"/><net_sink comp="1484" pin=0"/></net>

<net id="1495"><net_src comp="146" pin="0"/><net_sink comp="1490" pin=0"/></net>

<net id="1496"><net_src comp="502" pin="0"/><net_sink comp="1490" pin=1"/></net>

<net id="1502"><net_src comp="1490" pin="3"/><net_sink comp="1497" pin=0"/></net>

<net id="1508"><net_src comp="148" pin="0"/><net_sink comp="1503" pin=0"/></net>

<net id="1509"><net_src comp="502" pin="0"/><net_sink comp="1503" pin=1"/></net>

<net id="1515"><net_src comp="1503" pin="3"/><net_sink comp="1510" pin=0"/></net>

<net id="1521"><net_src comp="150" pin="0"/><net_sink comp="1516" pin=0"/></net>

<net id="1522"><net_src comp="502" pin="0"/><net_sink comp="1516" pin=1"/></net>

<net id="1528"><net_src comp="1516" pin="3"/><net_sink comp="1523" pin=0"/></net>

<net id="1534"><net_src comp="152" pin="0"/><net_sink comp="1529" pin=0"/></net>

<net id="1535"><net_src comp="502" pin="0"/><net_sink comp="1529" pin=1"/></net>

<net id="1541"><net_src comp="1529" pin="3"/><net_sink comp="1536" pin=0"/></net>

<net id="1547"><net_src comp="154" pin="0"/><net_sink comp="1542" pin=0"/></net>

<net id="1548"><net_src comp="502" pin="0"/><net_sink comp="1542" pin=1"/></net>

<net id="1554"><net_src comp="1542" pin="3"/><net_sink comp="1549" pin=0"/></net>

<net id="1560"><net_src comp="156" pin="0"/><net_sink comp="1555" pin=0"/></net>

<net id="1561"><net_src comp="502" pin="0"/><net_sink comp="1555" pin=1"/></net>

<net id="1567"><net_src comp="1555" pin="3"/><net_sink comp="1562" pin=0"/></net>

<net id="1573"><net_src comp="158" pin="0"/><net_sink comp="1568" pin=0"/></net>

<net id="1574"><net_src comp="502" pin="0"/><net_sink comp="1568" pin=1"/></net>

<net id="1580"><net_src comp="1568" pin="3"/><net_sink comp="1575" pin=0"/></net>

<net id="1586"><net_src comp="160" pin="0"/><net_sink comp="1581" pin=0"/></net>

<net id="1587"><net_src comp="502" pin="0"/><net_sink comp="1581" pin=1"/></net>

<net id="1593"><net_src comp="1581" pin="3"/><net_sink comp="1588" pin=0"/></net>

<net id="1599"><net_src comp="162" pin="0"/><net_sink comp="1594" pin=0"/></net>

<net id="1600"><net_src comp="502" pin="0"/><net_sink comp="1594" pin=1"/></net>

<net id="1606"><net_src comp="1594" pin="3"/><net_sink comp="1601" pin=0"/></net>

<net id="1612"><net_src comp="164" pin="0"/><net_sink comp="1607" pin=0"/></net>

<net id="1613"><net_src comp="502" pin="0"/><net_sink comp="1607" pin=1"/></net>

<net id="1619"><net_src comp="1607" pin="3"/><net_sink comp="1614" pin=0"/></net>

<net id="1625"><net_src comp="166" pin="0"/><net_sink comp="1620" pin=0"/></net>

<net id="1626"><net_src comp="502" pin="0"/><net_sink comp="1620" pin=1"/></net>

<net id="1632"><net_src comp="1620" pin="3"/><net_sink comp="1627" pin=0"/></net>

<net id="1638"><net_src comp="168" pin="0"/><net_sink comp="1633" pin=0"/></net>

<net id="1639"><net_src comp="502" pin="0"/><net_sink comp="1633" pin=1"/></net>

<net id="1645"><net_src comp="1633" pin="3"/><net_sink comp="1640" pin=0"/></net>

<net id="1651"><net_src comp="170" pin="0"/><net_sink comp="1646" pin=0"/></net>

<net id="1652"><net_src comp="502" pin="0"/><net_sink comp="1646" pin=1"/></net>

<net id="1658"><net_src comp="1646" pin="3"/><net_sink comp="1653" pin=0"/></net>

<net id="1664"><net_src comp="172" pin="0"/><net_sink comp="1659" pin=0"/></net>

<net id="1665"><net_src comp="502" pin="0"/><net_sink comp="1659" pin=1"/></net>

<net id="1671"><net_src comp="1659" pin="3"/><net_sink comp="1666" pin=0"/></net>

<net id="1677"><net_src comp="174" pin="0"/><net_sink comp="1672" pin=0"/></net>

<net id="1678"><net_src comp="502" pin="0"/><net_sink comp="1672" pin=1"/></net>

<net id="1684"><net_src comp="1672" pin="3"/><net_sink comp="1679" pin=0"/></net>

<net id="1690"><net_src comp="176" pin="0"/><net_sink comp="1685" pin=0"/></net>

<net id="1691"><net_src comp="502" pin="0"/><net_sink comp="1685" pin=1"/></net>

<net id="1697"><net_src comp="1685" pin="3"/><net_sink comp="1692" pin=0"/></net>

<net id="1703"><net_src comp="178" pin="0"/><net_sink comp="1698" pin=0"/></net>

<net id="1704"><net_src comp="502" pin="0"/><net_sink comp="1698" pin=1"/></net>

<net id="1710"><net_src comp="1698" pin="3"/><net_sink comp="1705" pin=0"/></net>

<net id="1716"><net_src comp="180" pin="0"/><net_sink comp="1711" pin=0"/></net>

<net id="1717"><net_src comp="502" pin="0"/><net_sink comp="1711" pin=1"/></net>

<net id="1723"><net_src comp="1711" pin="3"/><net_sink comp="1718" pin=0"/></net>

<net id="1729"><net_src comp="182" pin="0"/><net_sink comp="1724" pin=0"/></net>

<net id="1730"><net_src comp="502" pin="0"/><net_sink comp="1724" pin=1"/></net>

<net id="1736"><net_src comp="1724" pin="3"/><net_sink comp="1731" pin=0"/></net>

<net id="1742"><net_src comp="184" pin="0"/><net_sink comp="1737" pin=0"/></net>

<net id="1743"><net_src comp="502" pin="0"/><net_sink comp="1737" pin=1"/></net>

<net id="1749"><net_src comp="1737" pin="3"/><net_sink comp="1744" pin=0"/></net>

<net id="1755"><net_src comp="186" pin="0"/><net_sink comp="1750" pin=0"/></net>

<net id="1756"><net_src comp="502" pin="0"/><net_sink comp="1750" pin=1"/></net>

<net id="1762"><net_src comp="1750" pin="3"/><net_sink comp="1757" pin=0"/></net>

<net id="1768"><net_src comp="188" pin="0"/><net_sink comp="1763" pin=0"/></net>

<net id="1769"><net_src comp="502" pin="0"/><net_sink comp="1763" pin=1"/></net>

<net id="1775"><net_src comp="1763" pin="3"/><net_sink comp="1770" pin=0"/></net>

<net id="1781"><net_src comp="190" pin="0"/><net_sink comp="1776" pin=0"/></net>

<net id="1782"><net_src comp="502" pin="0"/><net_sink comp="1776" pin=1"/></net>

<net id="1788"><net_src comp="1776" pin="3"/><net_sink comp="1783" pin=0"/></net>

<net id="1794"><net_src comp="192" pin="0"/><net_sink comp="1789" pin=0"/></net>

<net id="1795"><net_src comp="502" pin="0"/><net_sink comp="1789" pin=1"/></net>

<net id="1801"><net_src comp="1789" pin="3"/><net_sink comp="1796" pin=0"/></net>

<net id="1807"><net_src comp="194" pin="0"/><net_sink comp="1802" pin=0"/></net>

<net id="1808"><net_src comp="502" pin="0"/><net_sink comp="1802" pin=1"/></net>

<net id="1814"><net_src comp="1802" pin="3"/><net_sink comp="1809" pin=0"/></net>

<net id="1820"><net_src comp="196" pin="0"/><net_sink comp="1815" pin=0"/></net>

<net id="1821"><net_src comp="502" pin="0"/><net_sink comp="1815" pin=1"/></net>

<net id="1827"><net_src comp="1815" pin="3"/><net_sink comp="1822" pin=0"/></net>

<net id="1833"><net_src comp="198" pin="0"/><net_sink comp="1828" pin=0"/></net>

<net id="1834"><net_src comp="502" pin="0"/><net_sink comp="1828" pin=1"/></net>

<net id="1840"><net_src comp="1828" pin="3"/><net_sink comp="1835" pin=0"/></net>

<net id="1846"><net_src comp="200" pin="0"/><net_sink comp="1841" pin=0"/></net>

<net id="1847"><net_src comp="502" pin="0"/><net_sink comp="1841" pin=1"/></net>

<net id="1853"><net_src comp="1841" pin="3"/><net_sink comp="1848" pin=0"/></net>

<net id="1859"><net_src comp="202" pin="0"/><net_sink comp="1854" pin=0"/></net>

<net id="1860"><net_src comp="502" pin="0"/><net_sink comp="1854" pin=1"/></net>

<net id="1866"><net_src comp="1854" pin="3"/><net_sink comp="1861" pin=0"/></net>

<net id="1872"><net_src comp="204" pin="0"/><net_sink comp="1867" pin=0"/></net>

<net id="1873"><net_src comp="502" pin="0"/><net_sink comp="1867" pin=1"/></net>

<net id="1879"><net_src comp="1867" pin="3"/><net_sink comp="1874" pin=0"/></net>

<net id="1885"><net_src comp="206" pin="0"/><net_sink comp="1880" pin=0"/></net>

<net id="1886"><net_src comp="502" pin="0"/><net_sink comp="1880" pin=1"/></net>

<net id="1892"><net_src comp="1880" pin="3"/><net_sink comp="1887" pin=0"/></net>

<net id="1898"><net_src comp="208" pin="0"/><net_sink comp="1893" pin=0"/></net>

<net id="1899"><net_src comp="502" pin="0"/><net_sink comp="1893" pin=1"/></net>

<net id="1905"><net_src comp="1893" pin="3"/><net_sink comp="1900" pin=0"/></net>

<net id="1911"><net_src comp="210" pin="0"/><net_sink comp="1906" pin=0"/></net>

<net id="1912"><net_src comp="502" pin="0"/><net_sink comp="1906" pin=1"/></net>

<net id="1918"><net_src comp="1906" pin="3"/><net_sink comp="1913" pin=0"/></net>

<net id="1924"><net_src comp="212" pin="0"/><net_sink comp="1919" pin=0"/></net>

<net id="1925"><net_src comp="502" pin="0"/><net_sink comp="1919" pin=1"/></net>

<net id="1931"><net_src comp="1919" pin="3"/><net_sink comp="1926" pin=0"/></net>

<net id="1937"><net_src comp="214" pin="0"/><net_sink comp="1932" pin=0"/></net>

<net id="1938"><net_src comp="502" pin="0"/><net_sink comp="1932" pin=1"/></net>

<net id="1944"><net_src comp="1932" pin="3"/><net_sink comp="1939" pin=0"/></net>

<net id="1950"><net_src comp="216" pin="0"/><net_sink comp="1945" pin=0"/></net>

<net id="1951"><net_src comp="502" pin="0"/><net_sink comp="1945" pin=1"/></net>

<net id="1957"><net_src comp="1945" pin="3"/><net_sink comp="1952" pin=0"/></net>

<net id="1963"><net_src comp="218" pin="0"/><net_sink comp="1958" pin=0"/></net>

<net id="1964"><net_src comp="502" pin="0"/><net_sink comp="1958" pin=1"/></net>

<net id="1970"><net_src comp="1958" pin="3"/><net_sink comp="1965" pin=0"/></net>

<net id="1976"><net_src comp="220" pin="0"/><net_sink comp="1971" pin=0"/></net>

<net id="1977"><net_src comp="502" pin="0"/><net_sink comp="1971" pin=1"/></net>

<net id="1983"><net_src comp="1971" pin="3"/><net_sink comp="1978" pin=0"/></net>

<net id="1989"><net_src comp="222" pin="0"/><net_sink comp="1984" pin=0"/></net>

<net id="1990"><net_src comp="502" pin="0"/><net_sink comp="1984" pin=1"/></net>

<net id="1996"><net_src comp="1984" pin="3"/><net_sink comp="1991" pin=0"/></net>

<net id="2002"><net_src comp="224" pin="0"/><net_sink comp="1997" pin=0"/></net>

<net id="2003"><net_src comp="502" pin="0"/><net_sink comp="1997" pin=1"/></net>

<net id="2009"><net_src comp="1997" pin="3"/><net_sink comp="2004" pin=0"/></net>

<net id="2015"><net_src comp="226" pin="0"/><net_sink comp="2010" pin=0"/></net>

<net id="2016"><net_src comp="502" pin="0"/><net_sink comp="2010" pin=1"/></net>

<net id="2022"><net_src comp="2010" pin="3"/><net_sink comp="2017" pin=0"/></net>

<net id="2028"><net_src comp="228" pin="0"/><net_sink comp="2023" pin=0"/></net>

<net id="2029"><net_src comp="502" pin="0"/><net_sink comp="2023" pin=1"/></net>

<net id="2035"><net_src comp="2023" pin="3"/><net_sink comp="2030" pin=0"/></net>

<net id="2041"><net_src comp="230" pin="0"/><net_sink comp="2036" pin=0"/></net>

<net id="2042"><net_src comp="502" pin="0"/><net_sink comp="2036" pin=1"/></net>

<net id="2048"><net_src comp="2036" pin="3"/><net_sink comp="2043" pin=0"/></net>

<net id="2054"><net_src comp="232" pin="0"/><net_sink comp="2049" pin=0"/></net>

<net id="2055"><net_src comp="502" pin="0"/><net_sink comp="2049" pin=1"/></net>

<net id="2061"><net_src comp="2049" pin="3"/><net_sink comp="2056" pin=0"/></net>

<net id="2067"><net_src comp="234" pin="0"/><net_sink comp="2062" pin=0"/></net>

<net id="2068"><net_src comp="502" pin="0"/><net_sink comp="2062" pin=1"/></net>

<net id="2074"><net_src comp="2062" pin="3"/><net_sink comp="2069" pin=0"/></net>

<net id="2080"><net_src comp="236" pin="0"/><net_sink comp="2075" pin=0"/></net>

<net id="2081"><net_src comp="502" pin="0"/><net_sink comp="2075" pin=1"/></net>

<net id="2087"><net_src comp="2075" pin="3"/><net_sink comp="2082" pin=0"/></net>

<net id="2093"><net_src comp="238" pin="0"/><net_sink comp="2088" pin=0"/></net>

<net id="2094"><net_src comp="502" pin="0"/><net_sink comp="2088" pin=1"/></net>

<net id="2100"><net_src comp="2088" pin="3"/><net_sink comp="2095" pin=0"/></net>

<net id="2106"><net_src comp="240" pin="0"/><net_sink comp="2101" pin=0"/></net>

<net id="2107"><net_src comp="502" pin="0"/><net_sink comp="2101" pin=1"/></net>

<net id="2113"><net_src comp="2101" pin="3"/><net_sink comp="2108" pin=0"/></net>

<net id="2119"><net_src comp="242" pin="0"/><net_sink comp="2114" pin=0"/></net>

<net id="2120"><net_src comp="502" pin="0"/><net_sink comp="2114" pin=1"/></net>

<net id="2126"><net_src comp="2114" pin="3"/><net_sink comp="2121" pin=0"/></net>

<net id="2132"><net_src comp="244" pin="0"/><net_sink comp="2127" pin=0"/></net>

<net id="2133"><net_src comp="502" pin="0"/><net_sink comp="2127" pin=1"/></net>

<net id="2139"><net_src comp="2127" pin="3"/><net_sink comp="2134" pin=0"/></net>

<net id="2145"><net_src comp="246" pin="0"/><net_sink comp="2140" pin=0"/></net>

<net id="2146"><net_src comp="502" pin="0"/><net_sink comp="2140" pin=1"/></net>

<net id="2152"><net_src comp="2140" pin="3"/><net_sink comp="2147" pin=0"/></net>

<net id="2158"><net_src comp="248" pin="0"/><net_sink comp="2153" pin=0"/></net>

<net id="2159"><net_src comp="502" pin="0"/><net_sink comp="2153" pin=1"/></net>

<net id="2165"><net_src comp="2153" pin="3"/><net_sink comp="2160" pin=0"/></net>

<net id="2171"><net_src comp="250" pin="0"/><net_sink comp="2166" pin=0"/></net>

<net id="2172"><net_src comp="502" pin="0"/><net_sink comp="2166" pin=1"/></net>

<net id="2178"><net_src comp="2166" pin="3"/><net_sink comp="2173" pin=0"/></net>

<net id="2184"><net_src comp="252" pin="0"/><net_sink comp="2179" pin=0"/></net>

<net id="2185"><net_src comp="502" pin="0"/><net_sink comp="2179" pin=1"/></net>

<net id="2191"><net_src comp="2179" pin="3"/><net_sink comp="2186" pin=0"/></net>

<net id="2197"><net_src comp="254" pin="0"/><net_sink comp="2192" pin=0"/></net>

<net id="2198"><net_src comp="502" pin="0"/><net_sink comp="2192" pin=1"/></net>

<net id="2204"><net_src comp="2192" pin="3"/><net_sink comp="2199" pin=0"/></net>

<net id="2210"><net_src comp="256" pin="0"/><net_sink comp="2205" pin=0"/></net>

<net id="2211"><net_src comp="502" pin="0"/><net_sink comp="2205" pin=1"/></net>

<net id="2217"><net_src comp="2205" pin="3"/><net_sink comp="2212" pin=0"/></net>

<net id="2223"><net_src comp="258" pin="0"/><net_sink comp="2218" pin=0"/></net>

<net id="2224"><net_src comp="502" pin="0"/><net_sink comp="2218" pin=1"/></net>

<net id="2230"><net_src comp="2218" pin="3"/><net_sink comp="2225" pin=0"/></net>

<net id="2236"><net_src comp="260" pin="0"/><net_sink comp="2231" pin=0"/></net>

<net id="2237"><net_src comp="502" pin="0"/><net_sink comp="2231" pin=1"/></net>

<net id="2243"><net_src comp="2231" pin="3"/><net_sink comp="2238" pin=0"/></net>

<net id="2249"><net_src comp="262" pin="0"/><net_sink comp="2244" pin=0"/></net>

<net id="2250"><net_src comp="502" pin="0"/><net_sink comp="2244" pin=1"/></net>

<net id="2256"><net_src comp="2244" pin="3"/><net_sink comp="2251" pin=0"/></net>

<net id="2262"><net_src comp="264" pin="0"/><net_sink comp="2257" pin=0"/></net>

<net id="2263"><net_src comp="502" pin="0"/><net_sink comp="2257" pin=1"/></net>

<net id="2269"><net_src comp="2257" pin="3"/><net_sink comp="2264" pin=0"/></net>

<net id="2275"><net_src comp="266" pin="0"/><net_sink comp="2270" pin=0"/></net>

<net id="2276"><net_src comp="502" pin="0"/><net_sink comp="2270" pin=1"/></net>

<net id="2282"><net_src comp="2270" pin="3"/><net_sink comp="2277" pin=0"/></net>

<net id="2288"><net_src comp="268" pin="0"/><net_sink comp="2283" pin=0"/></net>

<net id="2289"><net_src comp="502" pin="0"/><net_sink comp="2283" pin=1"/></net>

<net id="2295"><net_src comp="2283" pin="3"/><net_sink comp="2290" pin=0"/></net>

<net id="2301"><net_src comp="270" pin="0"/><net_sink comp="2296" pin=0"/></net>

<net id="2302"><net_src comp="502" pin="0"/><net_sink comp="2296" pin=1"/></net>

<net id="2308"><net_src comp="2296" pin="3"/><net_sink comp="2303" pin=0"/></net>

<net id="2314"><net_src comp="272" pin="0"/><net_sink comp="2309" pin=0"/></net>

<net id="2315"><net_src comp="502" pin="0"/><net_sink comp="2309" pin=1"/></net>

<net id="2321"><net_src comp="2309" pin="3"/><net_sink comp="2316" pin=0"/></net>

<net id="2327"><net_src comp="274" pin="0"/><net_sink comp="2322" pin=0"/></net>

<net id="2328"><net_src comp="502" pin="0"/><net_sink comp="2322" pin=1"/></net>

<net id="2334"><net_src comp="2322" pin="3"/><net_sink comp="2329" pin=0"/></net>

<net id="2340"><net_src comp="276" pin="0"/><net_sink comp="2335" pin=0"/></net>

<net id="2341"><net_src comp="502" pin="0"/><net_sink comp="2335" pin=1"/></net>

<net id="2347"><net_src comp="2335" pin="3"/><net_sink comp="2342" pin=0"/></net>

<net id="2353"><net_src comp="278" pin="0"/><net_sink comp="2348" pin=0"/></net>

<net id="2354"><net_src comp="502" pin="0"/><net_sink comp="2348" pin=1"/></net>

<net id="2360"><net_src comp="2348" pin="3"/><net_sink comp="2355" pin=0"/></net>

<net id="2366"><net_src comp="280" pin="0"/><net_sink comp="2361" pin=0"/></net>

<net id="2367"><net_src comp="502" pin="0"/><net_sink comp="2361" pin=1"/></net>

<net id="2373"><net_src comp="2361" pin="3"/><net_sink comp="2368" pin=0"/></net>

<net id="2379"><net_src comp="282" pin="0"/><net_sink comp="2374" pin=0"/></net>

<net id="2380"><net_src comp="502" pin="0"/><net_sink comp="2374" pin=1"/></net>

<net id="2386"><net_src comp="2374" pin="3"/><net_sink comp="2381" pin=0"/></net>

<net id="2392"><net_src comp="284" pin="0"/><net_sink comp="2387" pin=0"/></net>

<net id="2393"><net_src comp="502" pin="0"/><net_sink comp="2387" pin=1"/></net>

<net id="2399"><net_src comp="2387" pin="3"/><net_sink comp="2394" pin=0"/></net>

<net id="2405"><net_src comp="286" pin="0"/><net_sink comp="2400" pin=0"/></net>

<net id="2406"><net_src comp="502" pin="0"/><net_sink comp="2400" pin=1"/></net>

<net id="2412"><net_src comp="2400" pin="3"/><net_sink comp="2407" pin=0"/></net>

<net id="2418"><net_src comp="288" pin="0"/><net_sink comp="2413" pin=0"/></net>

<net id="2419"><net_src comp="502" pin="0"/><net_sink comp="2413" pin=1"/></net>

<net id="2425"><net_src comp="2413" pin="3"/><net_sink comp="2420" pin=0"/></net>

<net id="2431"><net_src comp="290" pin="0"/><net_sink comp="2426" pin=0"/></net>

<net id="2432"><net_src comp="502" pin="0"/><net_sink comp="2426" pin=1"/></net>

<net id="2438"><net_src comp="2426" pin="3"/><net_sink comp="2433" pin=0"/></net>

<net id="2444"><net_src comp="292" pin="0"/><net_sink comp="2439" pin=0"/></net>

<net id="2445"><net_src comp="502" pin="0"/><net_sink comp="2439" pin=1"/></net>

<net id="2451"><net_src comp="2439" pin="3"/><net_sink comp="2446" pin=0"/></net>

<net id="2457"><net_src comp="294" pin="0"/><net_sink comp="2452" pin=0"/></net>

<net id="2458"><net_src comp="502" pin="0"/><net_sink comp="2452" pin=1"/></net>

<net id="2464"><net_src comp="2452" pin="3"/><net_sink comp="2459" pin=0"/></net>

<net id="2470"><net_src comp="296" pin="0"/><net_sink comp="2465" pin=0"/></net>

<net id="2471"><net_src comp="502" pin="0"/><net_sink comp="2465" pin=1"/></net>

<net id="2477"><net_src comp="2465" pin="3"/><net_sink comp="2472" pin=0"/></net>

<net id="2483"><net_src comp="298" pin="0"/><net_sink comp="2478" pin=0"/></net>

<net id="2484"><net_src comp="502" pin="0"/><net_sink comp="2478" pin=1"/></net>

<net id="2490"><net_src comp="2478" pin="3"/><net_sink comp="2485" pin=0"/></net>

<net id="2496"><net_src comp="300" pin="0"/><net_sink comp="2491" pin=0"/></net>

<net id="2497"><net_src comp="502" pin="0"/><net_sink comp="2491" pin=1"/></net>

<net id="2503"><net_src comp="2491" pin="3"/><net_sink comp="2498" pin=0"/></net>

<net id="2509"><net_src comp="302" pin="0"/><net_sink comp="2504" pin=0"/></net>

<net id="2510"><net_src comp="502" pin="0"/><net_sink comp="2504" pin=1"/></net>

<net id="2516"><net_src comp="2504" pin="3"/><net_sink comp="2511" pin=0"/></net>

<net id="2522"><net_src comp="304" pin="0"/><net_sink comp="2517" pin=0"/></net>

<net id="2523"><net_src comp="502" pin="0"/><net_sink comp="2517" pin=1"/></net>

<net id="2529"><net_src comp="2517" pin="3"/><net_sink comp="2524" pin=0"/></net>

<net id="2535"><net_src comp="306" pin="0"/><net_sink comp="2530" pin=0"/></net>

<net id="2536"><net_src comp="502" pin="0"/><net_sink comp="2530" pin=1"/></net>

<net id="2542"><net_src comp="2530" pin="3"/><net_sink comp="2537" pin=0"/></net>

<net id="2548"><net_src comp="308" pin="0"/><net_sink comp="2543" pin=0"/></net>

<net id="2549"><net_src comp="502" pin="0"/><net_sink comp="2543" pin=1"/></net>

<net id="2555"><net_src comp="2543" pin="3"/><net_sink comp="2550" pin=0"/></net>

<net id="2561"><net_src comp="310" pin="0"/><net_sink comp="2556" pin=0"/></net>

<net id="2562"><net_src comp="502" pin="0"/><net_sink comp="2556" pin=1"/></net>

<net id="2568"><net_src comp="2556" pin="3"/><net_sink comp="2563" pin=0"/></net>

<net id="2574"><net_src comp="312" pin="0"/><net_sink comp="2569" pin=0"/></net>

<net id="2575"><net_src comp="502" pin="0"/><net_sink comp="2569" pin=1"/></net>

<net id="2581"><net_src comp="2569" pin="3"/><net_sink comp="2576" pin=0"/></net>

<net id="2587"><net_src comp="314" pin="0"/><net_sink comp="2582" pin=0"/></net>

<net id="2588"><net_src comp="502" pin="0"/><net_sink comp="2582" pin=1"/></net>

<net id="2594"><net_src comp="2582" pin="3"/><net_sink comp="2589" pin=0"/></net>

<net id="2600"><net_src comp="316" pin="0"/><net_sink comp="2595" pin=0"/></net>

<net id="2601"><net_src comp="502" pin="0"/><net_sink comp="2595" pin=1"/></net>

<net id="2607"><net_src comp="2595" pin="3"/><net_sink comp="2602" pin=0"/></net>

<net id="2613"><net_src comp="318" pin="0"/><net_sink comp="2608" pin=0"/></net>

<net id="2614"><net_src comp="502" pin="0"/><net_sink comp="2608" pin=1"/></net>

<net id="2620"><net_src comp="2608" pin="3"/><net_sink comp="2615" pin=0"/></net>

<net id="2626"><net_src comp="320" pin="0"/><net_sink comp="2621" pin=0"/></net>

<net id="2627"><net_src comp="502" pin="0"/><net_sink comp="2621" pin=1"/></net>

<net id="2633"><net_src comp="2621" pin="3"/><net_sink comp="2628" pin=0"/></net>

<net id="2639"><net_src comp="322" pin="0"/><net_sink comp="2634" pin=0"/></net>

<net id="2640"><net_src comp="502" pin="0"/><net_sink comp="2634" pin=1"/></net>

<net id="2646"><net_src comp="2634" pin="3"/><net_sink comp="2641" pin=0"/></net>

<net id="2652"><net_src comp="324" pin="0"/><net_sink comp="2647" pin=0"/></net>

<net id="2653"><net_src comp="502" pin="0"/><net_sink comp="2647" pin=1"/></net>

<net id="2659"><net_src comp="2647" pin="3"/><net_sink comp="2654" pin=0"/></net>

<net id="2665"><net_src comp="326" pin="0"/><net_sink comp="2660" pin=0"/></net>

<net id="2666"><net_src comp="502" pin="0"/><net_sink comp="2660" pin=1"/></net>

<net id="2672"><net_src comp="2660" pin="3"/><net_sink comp="2667" pin=0"/></net>

<net id="2678"><net_src comp="328" pin="0"/><net_sink comp="2673" pin=0"/></net>

<net id="2679"><net_src comp="502" pin="0"/><net_sink comp="2673" pin=1"/></net>

<net id="2685"><net_src comp="2673" pin="3"/><net_sink comp="2680" pin=0"/></net>

<net id="2691"><net_src comp="330" pin="0"/><net_sink comp="2686" pin=0"/></net>

<net id="2692"><net_src comp="502" pin="0"/><net_sink comp="2686" pin=1"/></net>

<net id="2698"><net_src comp="2686" pin="3"/><net_sink comp="2693" pin=0"/></net>

<net id="2704"><net_src comp="332" pin="0"/><net_sink comp="2699" pin=0"/></net>

<net id="2705"><net_src comp="502" pin="0"/><net_sink comp="2699" pin=1"/></net>

<net id="2711"><net_src comp="2699" pin="3"/><net_sink comp="2706" pin=0"/></net>

<net id="2717"><net_src comp="334" pin="0"/><net_sink comp="2712" pin=0"/></net>

<net id="2718"><net_src comp="502" pin="0"/><net_sink comp="2712" pin=1"/></net>

<net id="2724"><net_src comp="2712" pin="3"/><net_sink comp="2719" pin=0"/></net>

<net id="2730"><net_src comp="336" pin="0"/><net_sink comp="2725" pin=0"/></net>

<net id="2731"><net_src comp="502" pin="0"/><net_sink comp="2725" pin=1"/></net>

<net id="2737"><net_src comp="2725" pin="3"/><net_sink comp="2732" pin=0"/></net>

<net id="2743"><net_src comp="338" pin="0"/><net_sink comp="2738" pin=0"/></net>

<net id="2744"><net_src comp="502" pin="0"/><net_sink comp="2738" pin=1"/></net>

<net id="2750"><net_src comp="2738" pin="3"/><net_sink comp="2745" pin=0"/></net>

<net id="2756"><net_src comp="340" pin="0"/><net_sink comp="2751" pin=0"/></net>

<net id="2757"><net_src comp="502" pin="0"/><net_sink comp="2751" pin=1"/></net>

<net id="2763"><net_src comp="2751" pin="3"/><net_sink comp="2758" pin=0"/></net>

<net id="2769"><net_src comp="342" pin="0"/><net_sink comp="2764" pin=0"/></net>

<net id="2770"><net_src comp="502" pin="0"/><net_sink comp="2764" pin=1"/></net>

<net id="2776"><net_src comp="2764" pin="3"/><net_sink comp="2771" pin=0"/></net>

<net id="2782"><net_src comp="344" pin="0"/><net_sink comp="2777" pin=0"/></net>

<net id="2783"><net_src comp="502" pin="0"/><net_sink comp="2777" pin=1"/></net>

<net id="2789"><net_src comp="2777" pin="3"/><net_sink comp="2784" pin=0"/></net>

<net id="2795"><net_src comp="346" pin="0"/><net_sink comp="2790" pin=0"/></net>

<net id="2796"><net_src comp="502" pin="0"/><net_sink comp="2790" pin=1"/></net>

<net id="2802"><net_src comp="2790" pin="3"/><net_sink comp="2797" pin=0"/></net>

<net id="2808"><net_src comp="348" pin="0"/><net_sink comp="2803" pin=0"/></net>

<net id="2809"><net_src comp="502" pin="0"/><net_sink comp="2803" pin=1"/></net>

<net id="2815"><net_src comp="2803" pin="3"/><net_sink comp="2810" pin=0"/></net>

<net id="2821"><net_src comp="350" pin="0"/><net_sink comp="2816" pin=0"/></net>

<net id="2822"><net_src comp="502" pin="0"/><net_sink comp="2816" pin=1"/></net>

<net id="2828"><net_src comp="2816" pin="3"/><net_sink comp="2823" pin=0"/></net>

<net id="2834"><net_src comp="352" pin="0"/><net_sink comp="2829" pin=0"/></net>

<net id="2835"><net_src comp="502" pin="0"/><net_sink comp="2829" pin=1"/></net>

<net id="2841"><net_src comp="2829" pin="3"/><net_sink comp="2836" pin=0"/></net>

<net id="2847"><net_src comp="354" pin="0"/><net_sink comp="2842" pin=0"/></net>

<net id="2848"><net_src comp="502" pin="0"/><net_sink comp="2842" pin=1"/></net>

<net id="2854"><net_src comp="2842" pin="3"/><net_sink comp="2849" pin=0"/></net>

<net id="2860"><net_src comp="356" pin="0"/><net_sink comp="2855" pin=0"/></net>

<net id="2861"><net_src comp="502" pin="0"/><net_sink comp="2855" pin=1"/></net>

<net id="2867"><net_src comp="2855" pin="3"/><net_sink comp="2862" pin=0"/></net>

<net id="2873"><net_src comp="358" pin="0"/><net_sink comp="2868" pin=0"/></net>

<net id="2874"><net_src comp="502" pin="0"/><net_sink comp="2868" pin=1"/></net>

<net id="2880"><net_src comp="2868" pin="3"/><net_sink comp="2875" pin=0"/></net>

<net id="2886"><net_src comp="360" pin="0"/><net_sink comp="2881" pin=0"/></net>

<net id="2887"><net_src comp="502" pin="0"/><net_sink comp="2881" pin=1"/></net>

<net id="2893"><net_src comp="2881" pin="3"/><net_sink comp="2888" pin=0"/></net>

<net id="2899"><net_src comp="362" pin="0"/><net_sink comp="2894" pin=0"/></net>

<net id="2900"><net_src comp="502" pin="0"/><net_sink comp="2894" pin=1"/></net>

<net id="2906"><net_src comp="2894" pin="3"/><net_sink comp="2901" pin=0"/></net>

<net id="2912"><net_src comp="364" pin="0"/><net_sink comp="2907" pin=0"/></net>

<net id="2913"><net_src comp="502" pin="0"/><net_sink comp="2907" pin=1"/></net>

<net id="2919"><net_src comp="2907" pin="3"/><net_sink comp="2914" pin=0"/></net>

<net id="2925"><net_src comp="366" pin="0"/><net_sink comp="2920" pin=0"/></net>

<net id="2926"><net_src comp="502" pin="0"/><net_sink comp="2920" pin=1"/></net>

<net id="2932"><net_src comp="2920" pin="3"/><net_sink comp="2927" pin=0"/></net>

<net id="2938"><net_src comp="368" pin="0"/><net_sink comp="2933" pin=0"/></net>

<net id="2939"><net_src comp="502" pin="0"/><net_sink comp="2933" pin=1"/></net>

<net id="2945"><net_src comp="2933" pin="3"/><net_sink comp="2940" pin=0"/></net>

<net id="2951"><net_src comp="370" pin="0"/><net_sink comp="2946" pin=0"/></net>

<net id="2952"><net_src comp="502" pin="0"/><net_sink comp="2946" pin=1"/></net>

<net id="2958"><net_src comp="2946" pin="3"/><net_sink comp="2953" pin=0"/></net>

<net id="2964"><net_src comp="372" pin="0"/><net_sink comp="2959" pin=0"/></net>

<net id="2965"><net_src comp="502" pin="0"/><net_sink comp="2959" pin=1"/></net>

<net id="2971"><net_src comp="2959" pin="3"/><net_sink comp="2966" pin=0"/></net>

<net id="2977"><net_src comp="374" pin="0"/><net_sink comp="2972" pin=0"/></net>

<net id="2978"><net_src comp="502" pin="0"/><net_sink comp="2972" pin=1"/></net>

<net id="2984"><net_src comp="2972" pin="3"/><net_sink comp="2979" pin=0"/></net>

<net id="2990"><net_src comp="376" pin="0"/><net_sink comp="2985" pin=0"/></net>

<net id="2991"><net_src comp="502" pin="0"/><net_sink comp="2985" pin=1"/></net>

<net id="2997"><net_src comp="2985" pin="3"/><net_sink comp="2992" pin=0"/></net>

<net id="3003"><net_src comp="378" pin="0"/><net_sink comp="2998" pin=0"/></net>

<net id="3004"><net_src comp="502" pin="0"/><net_sink comp="2998" pin=1"/></net>

<net id="3010"><net_src comp="2998" pin="3"/><net_sink comp="3005" pin=0"/></net>

<net id="3016"><net_src comp="380" pin="0"/><net_sink comp="3011" pin=0"/></net>

<net id="3017"><net_src comp="502" pin="0"/><net_sink comp="3011" pin=1"/></net>

<net id="3023"><net_src comp="3011" pin="3"/><net_sink comp="3018" pin=0"/></net>

<net id="3029"><net_src comp="382" pin="0"/><net_sink comp="3024" pin=0"/></net>

<net id="3030"><net_src comp="502" pin="0"/><net_sink comp="3024" pin=1"/></net>

<net id="3036"><net_src comp="3024" pin="3"/><net_sink comp="3031" pin=0"/></net>

<net id="3042"><net_src comp="384" pin="0"/><net_sink comp="3037" pin=0"/></net>

<net id="3043"><net_src comp="502" pin="0"/><net_sink comp="3037" pin=1"/></net>

<net id="3049"><net_src comp="3037" pin="3"/><net_sink comp="3044" pin=0"/></net>

<net id="3055"><net_src comp="386" pin="0"/><net_sink comp="3050" pin=0"/></net>

<net id="3056"><net_src comp="502" pin="0"/><net_sink comp="3050" pin=1"/></net>

<net id="3062"><net_src comp="3050" pin="3"/><net_sink comp="3057" pin=0"/></net>

<net id="3068"><net_src comp="388" pin="0"/><net_sink comp="3063" pin=0"/></net>

<net id="3069"><net_src comp="502" pin="0"/><net_sink comp="3063" pin=1"/></net>

<net id="3075"><net_src comp="3063" pin="3"/><net_sink comp="3070" pin=0"/></net>

<net id="3081"><net_src comp="390" pin="0"/><net_sink comp="3076" pin=0"/></net>

<net id="3082"><net_src comp="502" pin="0"/><net_sink comp="3076" pin=1"/></net>

<net id="3088"><net_src comp="3076" pin="3"/><net_sink comp="3083" pin=0"/></net>

<net id="3094"><net_src comp="392" pin="0"/><net_sink comp="3089" pin=0"/></net>

<net id="3095"><net_src comp="502" pin="0"/><net_sink comp="3089" pin=1"/></net>

<net id="3101"><net_src comp="3089" pin="3"/><net_sink comp="3096" pin=0"/></net>

<net id="3107"><net_src comp="394" pin="0"/><net_sink comp="3102" pin=0"/></net>

<net id="3108"><net_src comp="502" pin="0"/><net_sink comp="3102" pin=1"/></net>

<net id="3114"><net_src comp="3102" pin="3"/><net_sink comp="3109" pin=0"/></net>

<net id="3120"><net_src comp="396" pin="0"/><net_sink comp="3115" pin=0"/></net>

<net id="3121"><net_src comp="502" pin="0"/><net_sink comp="3115" pin=1"/></net>

<net id="3127"><net_src comp="3115" pin="3"/><net_sink comp="3122" pin=0"/></net>

<net id="3133"><net_src comp="398" pin="0"/><net_sink comp="3128" pin=0"/></net>

<net id="3134"><net_src comp="502" pin="0"/><net_sink comp="3128" pin=1"/></net>

<net id="3140"><net_src comp="3128" pin="3"/><net_sink comp="3135" pin=0"/></net>

<net id="3146"><net_src comp="400" pin="0"/><net_sink comp="3141" pin=0"/></net>

<net id="3147"><net_src comp="502" pin="0"/><net_sink comp="3141" pin=1"/></net>

<net id="3153"><net_src comp="3141" pin="3"/><net_sink comp="3148" pin=0"/></net>

<net id="3159"><net_src comp="402" pin="0"/><net_sink comp="3154" pin=0"/></net>

<net id="3160"><net_src comp="502" pin="0"/><net_sink comp="3154" pin=1"/></net>

<net id="3166"><net_src comp="3154" pin="3"/><net_sink comp="3161" pin=0"/></net>

<net id="3172"><net_src comp="404" pin="0"/><net_sink comp="3167" pin=0"/></net>

<net id="3173"><net_src comp="502" pin="0"/><net_sink comp="3167" pin=1"/></net>

<net id="3179"><net_src comp="3167" pin="3"/><net_sink comp="3174" pin=0"/></net>

<net id="3185"><net_src comp="406" pin="0"/><net_sink comp="3180" pin=0"/></net>

<net id="3186"><net_src comp="502" pin="0"/><net_sink comp="3180" pin=1"/></net>

<net id="3192"><net_src comp="3180" pin="3"/><net_sink comp="3187" pin=0"/></net>

<net id="3198"><net_src comp="408" pin="0"/><net_sink comp="3193" pin=0"/></net>

<net id="3199"><net_src comp="502" pin="0"/><net_sink comp="3193" pin=1"/></net>

<net id="3205"><net_src comp="3193" pin="3"/><net_sink comp="3200" pin=0"/></net>

<net id="3211"><net_src comp="410" pin="0"/><net_sink comp="3206" pin=0"/></net>

<net id="3212"><net_src comp="502" pin="0"/><net_sink comp="3206" pin=1"/></net>

<net id="3218"><net_src comp="3206" pin="3"/><net_sink comp="3213" pin=0"/></net>

<net id="3224"><net_src comp="412" pin="0"/><net_sink comp="3219" pin=0"/></net>

<net id="3225"><net_src comp="502" pin="0"/><net_sink comp="3219" pin=1"/></net>

<net id="3231"><net_src comp="3219" pin="3"/><net_sink comp="3226" pin=0"/></net>

<net id="3237"><net_src comp="414" pin="0"/><net_sink comp="3232" pin=0"/></net>

<net id="3238"><net_src comp="502" pin="0"/><net_sink comp="3232" pin=1"/></net>

<net id="3244"><net_src comp="3232" pin="3"/><net_sink comp="3239" pin=0"/></net>

<net id="3250"><net_src comp="416" pin="0"/><net_sink comp="3245" pin=0"/></net>

<net id="3251"><net_src comp="502" pin="0"/><net_sink comp="3245" pin=1"/></net>

<net id="3257"><net_src comp="3245" pin="3"/><net_sink comp="3252" pin=0"/></net>

<net id="3263"><net_src comp="418" pin="0"/><net_sink comp="3258" pin=0"/></net>

<net id="3264"><net_src comp="502" pin="0"/><net_sink comp="3258" pin=1"/></net>

<net id="3270"><net_src comp="3258" pin="3"/><net_sink comp="3265" pin=0"/></net>

<net id="3276"><net_src comp="420" pin="0"/><net_sink comp="3271" pin=0"/></net>

<net id="3277"><net_src comp="502" pin="0"/><net_sink comp="3271" pin=1"/></net>

<net id="3283"><net_src comp="3271" pin="3"/><net_sink comp="3278" pin=0"/></net>

<net id="3289"><net_src comp="422" pin="0"/><net_sink comp="3284" pin=0"/></net>

<net id="3290"><net_src comp="502" pin="0"/><net_sink comp="3284" pin=1"/></net>

<net id="3296"><net_src comp="3284" pin="3"/><net_sink comp="3291" pin=0"/></net>

<net id="3302"><net_src comp="424" pin="0"/><net_sink comp="3297" pin=0"/></net>

<net id="3303"><net_src comp="502" pin="0"/><net_sink comp="3297" pin=1"/></net>

<net id="3309"><net_src comp="3297" pin="3"/><net_sink comp="3304" pin=0"/></net>

<net id="3315"><net_src comp="426" pin="0"/><net_sink comp="3310" pin=0"/></net>

<net id="3316"><net_src comp="502" pin="0"/><net_sink comp="3310" pin=1"/></net>

<net id="3322"><net_src comp="3310" pin="3"/><net_sink comp="3317" pin=0"/></net>

<net id="3328"><net_src comp="428" pin="0"/><net_sink comp="3323" pin=0"/></net>

<net id="3329"><net_src comp="502" pin="0"/><net_sink comp="3323" pin=1"/></net>

<net id="3335"><net_src comp="3323" pin="3"/><net_sink comp="3330" pin=0"/></net>

<net id="3341"><net_src comp="430" pin="0"/><net_sink comp="3336" pin=0"/></net>

<net id="3342"><net_src comp="502" pin="0"/><net_sink comp="3336" pin=1"/></net>

<net id="3348"><net_src comp="3336" pin="3"/><net_sink comp="3343" pin=0"/></net>

<net id="3354"><net_src comp="432" pin="0"/><net_sink comp="3349" pin=0"/></net>

<net id="3355"><net_src comp="502" pin="0"/><net_sink comp="3349" pin=1"/></net>

<net id="3361"><net_src comp="3349" pin="3"/><net_sink comp="3356" pin=0"/></net>

<net id="3367"><net_src comp="434" pin="0"/><net_sink comp="3362" pin=0"/></net>

<net id="3368"><net_src comp="502" pin="0"/><net_sink comp="3362" pin=1"/></net>

<net id="3374"><net_src comp="3362" pin="3"/><net_sink comp="3369" pin=0"/></net>

<net id="3380"><net_src comp="436" pin="0"/><net_sink comp="3375" pin=0"/></net>

<net id="3381"><net_src comp="502" pin="0"/><net_sink comp="3375" pin=1"/></net>

<net id="3387"><net_src comp="3375" pin="3"/><net_sink comp="3382" pin=0"/></net>

<net id="3393"><net_src comp="438" pin="0"/><net_sink comp="3388" pin=0"/></net>

<net id="3394"><net_src comp="502" pin="0"/><net_sink comp="3388" pin=1"/></net>

<net id="3400"><net_src comp="3388" pin="3"/><net_sink comp="3395" pin=0"/></net>

<net id="3406"><net_src comp="440" pin="0"/><net_sink comp="3401" pin=0"/></net>

<net id="3407"><net_src comp="502" pin="0"/><net_sink comp="3401" pin=1"/></net>

<net id="3413"><net_src comp="3401" pin="3"/><net_sink comp="3408" pin=0"/></net>

<net id="3419"><net_src comp="442" pin="0"/><net_sink comp="3414" pin=0"/></net>

<net id="3420"><net_src comp="502" pin="0"/><net_sink comp="3414" pin=1"/></net>

<net id="3426"><net_src comp="3414" pin="3"/><net_sink comp="3421" pin=0"/></net>

<net id="3432"><net_src comp="444" pin="0"/><net_sink comp="3427" pin=0"/></net>

<net id="3433"><net_src comp="502" pin="0"/><net_sink comp="3427" pin=1"/></net>

<net id="3439"><net_src comp="3427" pin="3"/><net_sink comp="3434" pin=0"/></net>

<net id="3445"><net_src comp="446" pin="0"/><net_sink comp="3440" pin=0"/></net>

<net id="3446"><net_src comp="502" pin="0"/><net_sink comp="3440" pin=1"/></net>

<net id="3452"><net_src comp="3440" pin="3"/><net_sink comp="3447" pin=0"/></net>

<net id="3458"><net_src comp="448" pin="0"/><net_sink comp="3453" pin=0"/></net>

<net id="3459"><net_src comp="502" pin="0"/><net_sink comp="3453" pin=1"/></net>

<net id="3465"><net_src comp="3453" pin="3"/><net_sink comp="3460" pin=0"/></net>

<net id="3471"><net_src comp="450" pin="0"/><net_sink comp="3466" pin=0"/></net>

<net id="3472"><net_src comp="502" pin="0"/><net_sink comp="3466" pin=1"/></net>

<net id="3478"><net_src comp="3466" pin="3"/><net_sink comp="3473" pin=0"/></net>

<net id="3484"><net_src comp="452" pin="0"/><net_sink comp="3479" pin=0"/></net>

<net id="3485"><net_src comp="502" pin="0"/><net_sink comp="3479" pin=1"/></net>

<net id="3491"><net_src comp="3479" pin="3"/><net_sink comp="3486" pin=0"/></net>

<net id="3497"><net_src comp="454" pin="0"/><net_sink comp="3492" pin=0"/></net>

<net id="3498"><net_src comp="502" pin="0"/><net_sink comp="3492" pin=1"/></net>

<net id="3504"><net_src comp="3492" pin="3"/><net_sink comp="3499" pin=0"/></net>

<net id="3510"><net_src comp="456" pin="0"/><net_sink comp="3505" pin=0"/></net>

<net id="3511"><net_src comp="502" pin="0"/><net_sink comp="3505" pin=1"/></net>

<net id="3517"><net_src comp="3505" pin="3"/><net_sink comp="3512" pin=0"/></net>

<net id="3523"><net_src comp="458" pin="0"/><net_sink comp="3518" pin=0"/></net>

<net id="3524"><net_src comp="502" pin="0"/><net_sink comp="3518" pin=1"/></net>

<net id="3530"><net_src comp="3518" pin="3"/><net_sink comp="3525" pin=0"/></net>

<net id="3536"><net_src comp="460" pin="0"/><net_sink comp="3531" pin=0"/></net>

<net id="3537"><net_src comp="502" pin="0"/><net_sink comp="3531" pin=1"/></net>

<net id="3543"><net_src comp="3531" pin="3"/><net_sink comp="3538" pin=0"/></net>

<net id="3549"><net_src comp="462" pin="0"/><net_sink comp="3544" pin=0"/></net>

<net id="3550"><net_src comp="502" pin="0"/><net_sink comp="3544" pin=1"/></net>

<net id="3556"><net_src comp="3544" pin="3"/><net_sink comp="3551" pin=0"/></net>

<net id="3562"><net_src comp="464" pin="0"/><net_sink comp="3557" pin=0"/></net>

<net id="3563"><net_src comp="502" pin="0"/><net_sink comp="3557" pin=1"/></net>

<net id="3569"><net_src comp="3557" pin="3"/><net_sink comp="3564" pin=0"/></net>

<net id="3575"><net_src comp="466" pin="0"/><net_sink comp="3570" pin=0"/></net>

<net id="3576"><net_src comp="502" pin="0"/><net_sink comp="3570" pin=1"/></net>

<net id="3582"><net_src comp="3570" pin="3"/><net_sink comp="3577" pin=0"/></net>

<net id="3588"><net_src comp="468" pin="0"/><net_sink comp="3583" pin=0"/></net>

<net id="3589"><net_src comp="502" pin="0"/><net_sink comp="3583" pin=1"/></net>

<net id="3595"><net_src comp="3583" pin="3"/><net_sink comp="3590" pin=0"/></net>

<net id="3601"><net_src comp="470" pin="0"/><net_sink comp="3596" pin=0"/></net>

<net id="3602"><net_src comp="502" pin="0"/><net_sink comp="3596" pin=1"/></net>

<net id="3608"><net_src comp="3596" pin="3"/><net_sink comp="3603" pin=0"/></net>

<net id="3614"><net_src comp="472" pin="0"/><net_sink comp="3609" pin=0"/></net>

<net id="3615"><net_src comp="502" pin="0"/><net_sink comp="3609" pin=1"/></net>

<net id="3621"><net_src comp="3609" pin="3"/><net_sink comp="3616" pin=0"/></net>

<net id="3627"><net_src comp="474" pin="0"/><net_sink comp="3622" pin=0"/></net>

<net id="3628"><net_src comp="502" pin="0"/><net_sink comp="3622" pin=1"/></net>

<net id="3634"><net_src comp="3622" pin="3"/><net_sink comp="3629" pin=0"/></net>

<net id="3640"><net_src comp="476" pin="0"/><net_sink comp="3635" pin=0"/></net>

<net id="3641"><net_src comp="502" pin="0"/><net_sink comp="3635" pin=1"/></net>

<net id="3647"><net_src comp="3635" pin="3"/><net_sink comp="3642" pin=0"/></net>

<net id="3653"><net_src comp="478" pin="0"/><net_sink comp="3648" pin=0"/></net>

<net id="3654"><net_src comp="502" pin="0"/><net_sink comp="3648" pin=1"/></net>

<net id="3660"><net_src comp="3648" pin="3"/><net_sink comp="3655" pin=0"/></net>

<net id="3673"><net_src comp="490" pin="0"/><net_sink comp="3669" pin=0"/></net>

<net id="3678"><net_src comp="492" pin="0"/><net_sink comp="3674" pin=0"/></net>

<net id="3683"><net_src comp="492" pin="0"/><net_sink comp="3679" pin=0"/></net>

<net id="3688"><net_src comp="554" pin="2"/><net_sink comp="3684" pin=0"/></net>

<net id="3696"><net_src comp="3689" pin="1"/><net_sink comp="3692" pin=0"/></net>

<net id="3697"><net_src comp="494" pin="0"/><net_sink comp="3692" pin=1"/></net>

<net id="3702"><net_src comp="3689" pin="1"/><net_sink comp="3698" pin=0"/></net>

<net id="3703"><net_src comp="496" pin="0"/><net_sink comp="3698" pin=1"/></net>

<net id="3714"><net_src comp="3704" pin="1"/><net_sink comp="3710" pin=0"/></net>

<net id="3715"><net_src comp="498" pin="0"/><net_sink comp="3710" pin=1"/></net>

<net id="3721"><net_src comp="3710" pin="2"/><net_sink comp="3716" pin=0"/></net>

<net id="3722"><net_src comp="492" pin="0"/><net_sink comp="3716" pin=1"/></net>

<net id="3723"><net_src comp="3704" pin="1"/><net_sink comp="3716" pin=2"/></net>

<net id="3728"><net_src comp="3707" pin="1"/><net_sink comp="3724" pin=0"/></net>

<net id="3729"><net_src comp="500" pin="0"/><net_sink comp="3724" pin=1"/></net>

<net id="3735"><net_src comp="3710" pin="2"/><net_sink comp="3730" pin=0"/></net>

<net id="3736"><net_src comp="3724" pin="2"/><net_sink comp="3730" pin=1"/></net>

<net id="3737"><net_src comp="3707" pin="1"/><net_sink comp="3730" pin=2"/></net>

<net id="3741"><net_src comp="3730" pin="3"/><net_sink comp="3738" pin=0"/></net>

<net id="3746"><net_src comp="3738" pin="1"/><net_sink comp="3742" pin=0"/></net>

<net id="3747"><net_src comp="548" pin="2"/><net_sink comp="3742" pin=1"/></net>

<net id="3751"><net_src comp="3742" pin="2"/><net_sink comp="3748" pin=0"/></net>

<net id="3752"><net_src comp="3748" pin="1"/><net_sink comp="567" pin=2"/></net>

<net id="3753"><net_src comp="3748" pin="1"/><net_sink comp="580" pin=2"/></net>

<net id="3754"><net_src comp="3748" pin="1"/><net_sink comp="593" pin=2"/></net>

<net id="3755"><net_src comp="3748" pin="1"/><net_sink comp="606" pin=2"/></net>

<net id="3756"><net_src comp="3748" pin="1"/><net_sink comp="619" pin=2"/></net>

<net id="3757"><net_src comp="3748" pin="1"/><net_sink comp="632" pin=2"/></net>

<net id="3758"><net_src comp="3748" pin="1"/><net_sink comp="645" pin=2"/></net>

<net id="3759"><net_src comp="3748" pin="1"/><net_sink comp="658" pin=2"/></net>

<net id="3760"><net_src comp="3748" pin="1"/><net_sink comp="671" pin=2"/></net>

<net id="3761"><net_src comp="3748" pin="1"/><net_sink comp="684" pin=2"/></net>

<net id="3762"><net_src comp="3748" pin="1"/><net_sink comp="697" pin=2"/></net>

<net id="3763"><net_src comp="3748" pin="1"/><net_sink comp="710" pin=2"/></net>

<net id="3764"><net_src comp="3748" pin="1"/><net_sink comp="723" pin=2"/></net>

<net id="3765"><net_src comp="3748" pin="1"/><net_sink comp="736" pin=2"/></net>

<net id="3766"><net_src comp="3748" pin="1"/><net_sink comp="749" pin=2"/></net>

<net id="3767"><net_src comp="3748" pin="1"/><net_sink comp="762" pin=2"/></net>

<net id="3768"><net_src comp="3748" pin="1"/><net_sink comp="775" pin=2"/></net>

<net id="3769"><net_src comp="3748" pin="1"/><net_sink comp="788" pin=2"/></net>

<net id="3770"><net_src comp="3748" pin="1"/><net_sink comp="801" pin=2"/></net>

<net id="3771"><net_src comp="3748" pin="1"/><net_sink comp="814" pin=2"/></net>

<net id="3772"><net_src comp="3748" pin="1"/><net_sink comp="827" pin=2"/></net>

<net id="3773"><net_src comp="3748" pin="1"/><net_sink comp="840" pin=2"/></net>

<net id="3774"><net_src comp="3748" pin="1"/><net_sink comp="853" pin=2"/></net>

<net id="3775"><net_src comp="3748" pin="1"/><net_sink comp="866" pin=2"/></net>

<net id="3776"><net_src comp="3748" pin="1"/><net_sink comp="879" pin=2"/></net>

<net id="3777"><net_src comp="3748" pin="1"/><net_sink comp="892" pin=2"/></net>

<net id="3778"><net_src comp="3748" pin="1"/><net_sink comp="905" pin=2"/></net>

<net id="3779"><net_src comp="3748" pin="1"/><net_sink comp="918" pin=2"/></net>

<net id="3780"><net_src comp="3748" pin="1"/><net_sink comp="931" pin=2"/></net>

<net id="3781"><net_src comp="3748" pin="1"/><net_sink comp="944" pin=2"/></net>

<net id="3782"><net_src comp="3748" pin="1"/><net_sink comp="957" pin=2"/></net>

<net id="3783"><net_src comp="3748" pin="1"/><net_sink comp="970" pin=2"/></net>

<net id="3784"><net_src comp="3748" pin="1"/><net_sink comp="983" pin=2"/></net>

<net id="3785"><net_src comp="3748" pin="1"/><net_sink comp="996" pin=2"/></net>

<net id="3786"><net_src comp="3748" pin="1"/><net_sink comp="1009" pin=2"/></net>

<net id="3787"><net_src comp="3748" pin="1"/><net_sink comp="1022" pin=2"/></net>

<net id="3788"><net_src comp="3748" pin="1"/><net_sink comp="1035" pin=2"/></net>

<net id="3789"><net_src comp="3748" pin="1"/><net_sink comp="1048" pin=2"/></net>

<net id="3790"><net_src comp="3748" pin="1"/><net_sink comp="1061" pin=2"/></net>

<net id="3791"><net_src comp="3748" pin="1"/><net_sink comp="1074" pin=2"/></net>

<net id="3792"><net_src comp="3748" pin="1"/><net_sink comp="1087" pin=2"/></net>

<net id="3793"><net_src comp="3748" pin="1"/><net_sink comp="1100" pin=2"/></net>

<net id="3794"><net_src comp="3748" pin="1"/><net_sink comp="1113" pin=2"/></net>

<net id="3795"><net_src comp="3748" pin="1"/><net_sink comp="1126" pin=2"/></net>

<net id="3796"><net_src comp="3748" pin="1"/><net_sink comp="1139" pin=2"/></net>

<net id="3797"><net_src comp="3748" pin="1"/><net_sink comp="1152" pin=2"/></net>

<net id="3798"><net_src comp="3748" pin="1"/><net_sink comp="1165" pin=2"/></net>

<net id="3799"><net_src comp="3748" pin="1"/><net_sink comp="1178" pin=2"/></net>

<net id="3800"><net_src comp="3748" pin="1"/><net_sink comp="1191" pin=2"/></net>

<net id="3801"><net_src comp="3748" pin="1"/><net_sink comp="1204" pin=2"/></net>

<net id="3802"><net_src comp="3748" pin="1"/><net_sink comp="1217" pin=2"/></net>

<net id="3803"><net_src comp="3748" pin="1"/><net_sink comp="1230" pin=2"/></net>

<net id="3804"><net_src comp="3748" pin="1"/><net_sink comp="1243" pin=2"/></net>

<net id="3805"><net_src comp="3748" pin="1"/><net_sink comp="1256" pin=2"/></net>

<net id="3806"><net_src comp="3748" pin="1"/><net_sink comp="1269" pin=2"/></net>

<net id="3807"><net_src comp="3748" pin="1"/><net_sink comp="1282" pin=2"/></net>

<net id="3808"><net_src comp="3748" pin="1"/><net_sink comp="1295" pin=2"/></net>

<net id="3809"><net_src comp="3748" pin="1"/><net_sink comp="1308" pin=2"/></net>

<net id="3810"><net_src comp="3748" pin="1"/><net_sink comp="1321" pin=2"/></net>

<net id="3811"><net_src comp="3748" pin="1"/><net_sink comp="1334" pin=2"/></net>

<net id="3812"><net_src comp="3748" pin="1"/><net_sink comp="1347" pin=2"/></net>

<net id="3813"><net_src comp="3748" pin="1"/><net_sink comp="1360" pin=2"/></net>

<net id="3814"><net_src comp="3748" pin="1"/><net_sink comp="1373" pin=2"/></net>

<net id="3815"><net_src comp="3748" pin="1"/><net_sink comp="1386" pin=2"/></net>

<net id="3816"><net_src comp="3748" pin="1"/><net_sink comp="1399" pin=2"/></net>

<net id="3817"><net_src comp="3748" pin="1"/><net_sink comp="1412" pin=2"/></net>

<net id="3818"><net_src comp="3748" pin="1"/><net_sink comp="1425" pin=2"/></net>

<net id="3819"><net_src comp="3748" pin="1"/><net_sink comp="1438" pin=2"/></net>

<net id="3820"><net_src comp="3748" pin="1"/><net_sink comp="1451" pin=2"/></net>

<net id="3821"><net_src comp="3748" pin="1"/><net_sink comp="1464" pin=2"/></net>

<net id="3822"><net_src comp="3748" pin="1"/><net_sink comp="1477" pin=2"/></net>

<net id="3823"><net_src comp="3748" pin="1"/><net_sink comp="1490" pin=2"/></net>

<net id="3824"><net_src comp="3748" pin="1"/><net_sink comp="1503" pin=2"/></net>

<net id="3825"><net_src comp="3748" pin="1"/><net_sink comp="1516" pin=2"/></net>

<net id="3826"><net_src comp="3748" pin="1"/><net_sink comp="1529" pin=2"/></net>

<net id="3827"><net_src comp="3748" pin="1"/><net_sink comp="1542" pin=2"/></net>

<net id="3828"><net_src comp="3748" pin="1"/><net_sink comp="1555" pin=2"/></net>

<net id="3829"><net_src comp="3748" pin="1"/><net_sink comp="1568" pin=2"/></net>

<net id="3830"><net_src comp="3748" pin="1"/><net_sink comp="1581" pin=2"/></net>

<net id="3831"><net_src comp="3748" pin="1"/><net_sink comp="1594" pin=2"/></net>

<net id="3832"><net_src comp="3748" pin="1"/><net_sink comp="1607" pin=2"/></net>

<net id="3833"><net_src comp="3748" pin="1"/><net_sink comp="1620" pin=2"/></net>

<net id="3834"><net_src comp="3748" pin="1"/><net_sink comp="1633" pin=2"/></net>

<net id="3835"><net_src comp="3748" pin="1"/><net_sink comp="1646" pin=2"/></net>

<net id="3836"><net_src comp="3748" pin="1"/><net_sink comp="1659" pin=2"/></net>

<net id="3837"><net_src comp="3748" pin="1"/><net_sink comp="1672" pin=2"/></net>

<net id="3838"><net_src comp="3748" pin="1"/><net_sink comp="1685" pin=2"/></net>

<net id="3839"><net_src comp="3748" pin="1"/><net_sink comp="1698" pin=2"/></net>

<net id="3840"><net_src comp="3748" pin="1"/><net_sink comp="1711" pin=2"/></net>

<net id="3841"><net_src comp="3748" pin="1"/><net_sink comp="1724" pin=2"/></net>

<net id="3842"><net_src comp="3748" pin="1"/><net_sink comp="1737" pin=2"/></net>

<net id="3843"><net_src comp="3748" pin="1"/><net_sink comp="1750" pin=2"/></net>

<net id="3844"><net_src comp="3748" pin="1"/><net_sink comp="1763" pin=2"/></net>

<net id="3845"><net_src comp="3748" pin="1"/><net_sink comp="1776" pin=2"/></net>

<net id="3846"><net_src comp="3748" pin="1"/><net_sink comp="1789" pin=2"/></net>

<net id="3847"><net_src comp="3748" pin="1"/><net_sink comp="1802" pin=2"/></net>

<net id="3848"><net_src comp="3748" pin="1"/><net_sink comp="1815" pin=2"/></net>

<net id="3849"><net_src comp="3748" pin="1"/><net_sink comp="1828" pin=2"/></net>

<net id="3850"><net_src comp="3748" pin="1"/><net_sink comp="1841" pin=2"/></net>

<net id="3851"><net_src comp="3748" pin="1"/><net_sink comp="1854" pin=2"/></net>

<net id="3852"><net_src comp="3748" pin="1"/><net_sink comp="1867" pin=2"/></net>

<net id="3853"><net_src comp="3748" pin="1"/><net_sink comp="1880" pin=2"/></net>

<net id="3854"><net_src comp="3748" pin="1"/><net_sink comp="1893" pin=2"/></net>

<net id="3855"><net_src comp="3748" pin="1"/><net_sink comp="1906" pin=2"/></net>

<net id="3856"><net_src comp="3748" pin="1"/><net_sink comp="1919" pin=2"/></net>

<net id="3857"><net_src comp="3748" pin="1"/><net_sink comp="1932" pin=2"/></net>

<net id="3858"><net_src comp="3748" pin="1"/><net_sink comp="1945" pin=2"/></net>

<net id="3859"><net_src comp="3748" pin="1"/><net_sink comp="1958" pin=2"/></net>

<net id="3860"><net_src comp="3748" pin="1"/><net_sink comp="1971" pin=2"/></net>

<net id="3861"><net_src comp="3748" pin="1"/><net_sink comp="1984" pin=2"/></net>

<net id="3862"><net_src comp="3748" pin="1"/><net_sink comp="1997" pin=2"/></net>

<net id="3863"><net_src comp="3748" pin="1"/><net_sink comp="2010" pin=2"/></net>

<net id="3864"><net_src comp="3748" pin="1"/><net_sink comp="2023" pin=2"/></net>

<net id="3865"><net_src comp="3748" pin="1"/><net_sink comp="2036" pin=2"/></net>

<net id="3866"><net_src comp="3748" pin="1"/><net_sink comp="2049" pin=2"/></net>

<net id="3867"><net_src comp="3748" pin="1"/><net_sink comp="2062" pin=2"/></net>

<net id="3868"><net_src comp="3748" pin="1"/><net_sink comp="2075" pin=2"/></net>

<net id="3869"><net_src comp="3748" pin="1"/><net_sink comp="2088" pin=2"/></net>

<net id="3870"><net_src comp="3748" pin="1"/><net_sink comp="2101" pin=2"/></net>

<net id="3871"><net_src comp="3748" pin="1"/><net_sink comp="2114" pin=2"/></net>

<net id="3872"><net_src comp="3748" pin="1"/><net_sink comp="2127" pin=2"/></net>

<net id="3873"><net_src comp="3748" pin="1"/><net_sink comp="2140" pin=2"/></net>

<net id="3874"><net_src comp="3748" pin="1"/><net_sink comp="2153" pin=2"/></net>

<net id="3875"><net_src comp="3748" pin="1"/><net_sink comp="2166" pin=2"/></net>

<net id="3876"><net_src comp="3748" pin="1"/><net_sink comp="2179" pin=2"/></net>

<net id="3877"><net_src comp="3748" pin="1"/><net_sink comp="2192" pin=2"/></net>

<net id="3878"><net_src comp="3748" pin="1"/><net_sink comp="2205" pin=2"/></net>

<net id="3879"><net_src comp="3748" pin="1"/><net_sink comp="2218" pin=2"/></net>

<net id="3880"><net_src comp="3748" pin="1"/><net_sink comp="2231" pin=2"/></net>

<net id="3881"><net_src comp="3748" pin="1"/><net_sink comp="2244" pin=2"/></net>

<net id="3882"><net_src comp="3748" pin="1"/><net_sink comp="2257" pin=2"/></net>

<net id="3883"><net_src comp="3748" pin="1"/><net_sink comp="2270" pin=2"/></net>

<net id="3884"><net_src comp="3748" pin="1"/><net_sink comp="2283" pin=2"/></net>

<net id="3885"><net_src comp="3748" pin="1"/><net_sink comp="2296" pin=2"/></net>

<net id="3886"><net_src comp="3748" pin="1"/><net_sink comp="2309" pin=2"/></net>

<net id="3887"><net_src comp="3748" pin="1"/><net_sink comp="2322" pin=2"/></net>

<net id="3888"><net_src comp="3748" pin="1"/><net_sink comp="2335" pin=2"/></net>

<net id="3889"><net_src comp="3748" pin="1"/><net_sink comp="2348" pin=2"/></net>

<net id="3890"><net_src comp="3748" pin="1"/><net_sink comp="2361" pin=2"/></net>

<net id="3891"><net_src comp="3748" pin="1"/><net_sink comp="2374" pin=2"/></net>

<net id="3892"><net_src comp="3748" pin="1"/><net_sink comp="2387" pin=2"/></net>

<net id="3893"><net_src comp="3748" pin="1"/><net_sink comp="2400" pin=2"/></net>

<net id="3894"><net_src comp="3748" pin="1"/><net_sink comp="2413" pin=2"/></net>

<net id="3895"><net_src comp="3748" pin="1"/><net_sink comp="2426" pin=2"/></net>

<net id="3896"><net_src comp="3748" pin="1"/><net_sink comp="2439" pin=2"/></net>

<net id="3897"><net_src comp="3748" pin="1"/><net_sink comp="2452" pin=2"/></net>

<net id="3898"><net_src comp="3748" pin="1"/><net_sink comp="2465" pin=2"/></net>

<net id="3899"><net_src comp="3748" pin="1"/><net_sink comp="2478" pin=2"/></net>

<net id="3900"><net_src comp="3748" pin="1"/><net_sink comp="2491" pin=2"/></net>

<net id="3901"><net_src comp="3748" pin="1"/><net_sink comp="2504" pin=2"/></net>

<net id="3902"><net_src comp="3748" pin="1"/><net_sink comp="2517" pin=2"/></net>

<net id="3903"><net_src comp="3748" pin="1"/><net_sink comp="2530" pin=2"/></net>

<net id="3904"><net_src comp="3748" pin="1"/><net_sink comp="2543" pin=2"/></net>

<net id="3905"><net_src comp="3748" pin="1"/><net_sink comp="2556" pin=2"/></net>

<net id="3906"><net_src comp="3748" pin="1"/><net_sink comp="2569" pin=2"/></net>

<net id="3907"><net_src comp="3748" pin="1"/><net_sink comp="2582" pin=2"/></net>

<net id="3908"><net_src comp="3748" pin="1"/><net_sink comp="2595" pin=2"/></net>

<net id="3909"><net_src comp="3748" pin="1"/><net_sink comp="2608" pin=2"/></net>

<net id="3910"><net_src comp="3748" pin="1"/><net_sink comp="2621" pin=2"/></net>

<net id="3911"><net_src comp="3748" pin="1"/><net_sink comp="2634" pin=2"/></net>

<net id="3912"><net_src comp="3748" pin="1"/><net_sink comp="2647" pin=2"/></net>

<net id="3913"><net_src comp="3748" pin="1"/><net_sink comp="2660" pin=2"/></net>

<net id="3914"><net_src comp="3748" pin="1"/><net_sink comp="2673" pin=2"/></net>

<net id="3915"><net_src comp="3748" pin="1"/><net_sink comp="2686" pin=2"/></net>

<net id="3916"><net_src comp="3748" pin="1"/><net_sink comp="2699" pin=2"/></net>

<net id="3917"><net_src comp="3748" pin="1"/><net_sink comp="2712" pin=2"/></net>

<net id="3918"><net_src comp="3748" pin="1"/><net_sink comp="2725" pin=2"/></net>

<net id="3919"><net_src comp="3748" pin="1"/><net_sink comp="2738" pin=2"/></net>

<net id="3920"><net_src comp="3748" pin="1"/><net_sink comp="2751" pin=2"/></net>

<net id="3921"><net_src comp="3748" pin="1"/><net_sink comp="2764" pin=2"/></net>

<net id="3922"><net_src comp="3748" pin="1"/><net_sink comp="2777" pin=2"/></net>

<net id="3923"><net_src comp="3748" pin="1"/><net_sink comp="2790" pin=2"/></net>

<net id="3924"><net_src comp="3748" pin="1"/><net_sink comp="2803" pin=2"/></net>

<net id="3925"><net_src comp="3748" pin="1"/><net_sink comp="2816" pin=2"/></net>

<net id="3926"><net_src comp="3748" pin="1"/><net_sink comp="2829" pin=2"/></net>

<net id="3927"><net_src comp="3748" pin="1"/><net_sink comp="2842" pin=2"/></net>

<net id="3928"><net_src comp="3748" pin="1"/><net_sink comp="2855" pin=2"/></net>

<net id="3929"><net_src comp="3748" pin="1"/><net_sink comp="2868" pin=2"/></net>

<net id="3930"><net_src comp="3748" pin="1"/><net_sink comp="2881" pin=2"/></net>

<net id="3931"><net_src comp="3748" pin="1"/><net_sink comp="2894" pin=2"/></net>

<net id="3932"><net_src comp="3748" pin="1"/><net_sink comp="2907" pin=2"/></net>

<net id="3933"><net_src comp="3748" pin="1"/><net_sink comp="2920" pin=2"/></net>

<net id="3934"><net_src comp="3748" pin="1"/><net_sink comp="2933" pin=2"/></net>

<net id="3935"><net_src comp="3748" pin="1"/><net_sink comp="2946" pin=2"/></net>

<net id="3936"><net_src comp="3748" pin="1"/><net_sink comp="2959" pin=2"/></net>

<net id="3937"><net_src comp="3748" pin="1"/><net_sink comp="2972" pin=2"/></net>

<net id="3938"><net_src comp="3748" pin="1"/><net_sink comp="2985" pin=2"/></net>

<net id="3939"><net_src comp="3748" pin="1"/><net_sink comp="2998" pin=2"/></net>

<net id="3940"><net_src comp="3748" pin="1"/><net_sink comp="3011" pin=2"/></net>

<net id="3941"><net_src comp="3748" pin="1"/><net_sink comp="3024" pin=2"/></net>

<net id="3942"><net_src comp="3748" pin="1"/><net_sink comp="3037" pin=2"/></net>

<net id="3943"><net_src comp="3748" pin="1"/><net_sink comp="3050" pin=2"/></net>

<net id="3944"><net_src comp="3748" pin="1"/><net_sink comp="3063" pin=2"/></net>

<net id="3945"><net_src comp="3748" pin="1"/><net_sink comp="3076" pin=2"/></net>

<net id="3946"><net_src comp="3748" pin="1"/><net_sink comp="3089" pin=2"/></net>

<net id="3947"><net_src comp="3748" pin="1"/><net_sink comp="3102" pin=2"/></net>

<net id="3948"><net_src comp="3748" pin="1"/><net_sink comp="3115" pin=2"/></net>

<net id="3949"><net_src comp="3748" pin="1"/><net_sink comp="3128" pin=2"/></net>

<net id="3950"><net_src comp="3748" pin="1"/><net_sink comp="3141" pin=2"/></net>

<net id="3951"><net_src comp="3748" pin="1"/><net_sink comp="3154" pin=2"/></net>

<net id="3952"><net_src comp="3748" pin="1"/><net_sink comp="3167" pin=2"/></net>

<net id="3953"><net_src comp="3748" pin="1"/><net_sink comp="3180" pin=2"/></net>

<net id="3954"><net_src comp="3748" pin="1"/><net_sink comp="3193" pin=2"/></net>

<net id="3955"><net_src comp="3748" pin="1"/><net_sink comp="3206" pin=2"/></net>

<net id="3956"><net_src comp="3748" pin="1"/><net_sink comp="3219" pin=2"/></net>

<net id="3957"><net_src comp="3748" pin="1"/><net_sink comp="3232" pin=2"/></net>

<net id="3958"><net_src comp="3748" pin="1"/><net_sink comp="3245" pin=2"/></net>

<net id="3959"><net_src comp="3748" pin="1"/><net_sink comp="3258" pin=2"/></net>

<net id="3960"><net_src comp="3748" pin="1"/><net_sink comp="3271" pin=2"/></net>

<net id="3961"><net_src comp="3748" pin="1"/><net_sink comp="3284" pin=2"/></net>

<net id="3962"><net_src comp="3748" pin="1"/><net_sink comp="3297" pin=2"/></net>

<net id="3963"><net_src comp="3748" pin="1"/><net_sink comp="3310" pin=2"/></net>

<net id="3964"><net_src comp="3748" pin="1"/><net_sink comp="3323" pin=2"/></net>

<net id="3965"><net_src comp="3748" pin="1"/><net_sink comp="3336" pin=2"/></net>

<net id="3966"><net_src comp="3748" pin="1"/><net_sink comp="3349" pin=2"/></net>

<net id="3967"><net_src comp="3748" pin="1"/><net_sink comp="3362" pin=2"/></net>

<net id="3968"><net_src comp="3748" pin="1"/><net_sink comp="3375" pin=2"/></net>

<net id="3969"><net_src comp="3748" pin="1"/><net_sink comp="3388" pin=2"/></net>

<net id="3970"><net_src comp="3748" pin="1"/><net_sink comp="3401" pin=2"/></net>

<net id="3971"><net_src comp="3748" pin="1"/><net_sink comp="3414" pin=2"/></net>

<net id="3972"><net_src comp="3748" pin="1"/><net_sink comp="3427" pin=2"/></net>

<net id="3973"><net_src comp="3748" pin="1"/><net_sink comp="3440" pin=2"/></net>

<net id="3974"><net_src comp="3748" pin="1"/><net_sink comp="3453" pin=2"/></net>

<net id="3975"><net_src comp="3748" pin="1"/><net_sink comp="3466" pin=2"/></net>

<net id="3976"><net_src comp="3748" pin="1"/><net_sink comp="3479" pin=2"/></net>

<net id="3977"><net_src comp="3748" pin="1"/><net_sink comp="3492" pin=2"/></net>

<net id="3978"><net_src comp="3748" pin="1"/><net_sink comp="3505" pin=2"/></net>

<net id="3982"><net_src comp="3730" pin="3"/><net_sink comp="3979" pin=0"/></net>

<net id="3983"><net_src comp="3979" pin="1"/><net_sink comp="3518" pin=2"/></net>

<net id="3984"><net_src comp="3979" pin="1"/><net_sink comp="3531" pin=2"/></net>

<net id="3985"><net_src comp="3979" pin="1"/><net_sink comp="3544" pin=2"/></net>

<net id="3986"><net_src comp="3979" pin="1"/><net_sink comp="3557" pin=2"/></net>

<net id="3987"><net_src comp="3979" pin="1"/><net_sink comp="3570" pin=2"/></net>

<net id="3988"><net_src comp="3979" pin="1"/><net_sink comp="3583" pin=2"/></net>

<net id="3989"><net_src comp="3979" pin="1"/><net_sink comp="3596" pin=2"/></net>

<net id="3990"><net_src comp="3979" pin="1"/><net_sink comp="3609" pin=2"/></net>

<net id="3991"><net_src comp="3979" pin="1"/><net_sink comp="3622" pin=2"/></net>

<net id="3992"><net_src comp="3979" pin="1"/><net_sink comp="3635" pin=2"/></net>

<net id="3993"><net_src comp="3979" pin="1"/><net_sink comp="3648" pin=2"/></net>

<net id="3998"><net_src comp="3716" pin="3"/><net_sink comp="3994" pin=0"/></net>

<net id="3999"><net_src comp="500" pin="0"/><net_sink comp="3994" pin=1"/></net>

<net id="4004"><net_src comp="3698" pin="2"/><net_sink comp="4000" pin=0"/></net>

<net id="4009"><net_src comp="3730" pin="3"/><net_sink comp="4005" pin=0"/></net>

<net id="4014"><net_src comp="3994" pin="2"/><net_sink comp="4010" pin=0"/></net>

<net id="4022"><net_src comp="4015" pin="1"/><net_sink comp="4018" pin=0"/></net>

<net id="4254"><net_src comp="504" pin="0"/><net_sink comp="4023" pin=0"/></net>

<net id="4255"><net_src comp="574" pin="3"/><net_sink comp="4023" pin=1"/></net>

<net id="4256"><net_src comp="587" pin="3"/><net_sink comp="4023" pin=2"/></net>

<net id="4257"><net_src comp="600" pin="3"/><net_sink comp="4023" pin=3"/></net>

<net id="4258"><net_src comp="613" pin="3"/><net_sink comp="4023" pin=4"/></net>

<net id="4259"><net_src comp="626" pin="3"/><net_sink comp="4023" pin=5"/></net>

<net id="4260"><net_src comp="639" pin="3"/><net_sink comp="4023" pin=6"/></net>

<net id="4261"><net_src comp="652" pin="3"/><net_sink comp="4023" pin=7"/></net>

<net id="4262"><net_src comp="665" pin="3"/><net_sink comp="4023" pin=8"/></net>

<net id="4263"><net_src comp="678" pin="3"/><net_sink comp="4023" pin=9"/></net>

<net id="4264"><net_src comp="691" pin="3"/><net_sink comp="4023" pin=10"/></net>

<net id="4265"><net_src comp="704" pin="3"/><net_sink comp="4023" pin=11"/></net>

<net id="4266"><net_src comp="717" pin="3"/><net_sink comp="4023" pin=12"/></net>

<net id="4267"><net_src comp="730" pin="3"/><net_sink comp="4023" pin=13"/></net>

<net id="4268"><net_src comp="743" pin="3"/><net_sink comp="4023" pin=14"/></net>

<net id="4269"><net_src comp="756" pin="3"/><net_sink comp="4023" pin=15"/></net>

<net id="4270"><net_src comp="769" pin="3"/><net_sink comp="4023" pin=16"/></net>

<net id="4271"><net_src comp="782" pin="3"/><net_sink comp="4023" pin=17"/></net>

<net id="4272"><net_src comp="795" pin="3"/><net_sink comp="4023" pin=18"/></net>

<net id="4273"><net_src comp="808" pin="3"/><net_sink comp="4023" pin=19"/></net>

<net id="4274"><net_src comp="821" pin="3"/><net_sink comp="4023" pin=20"/></net>

<net id="4275"><net_src comp="834" pin="3"/><net_sink comp="4023" pin=21"/></net>

<net id="4276"><net_src comp="847" pin="3"/><net_sink comp="4023" pin=22"/></net>

<net id="4277"><net_src comp="860" pin="3"/><net_sink comp="4023" pin=23"/></net>

<net id="4278"><net_src comp="873" pin="3"/><net_sink comp="4023" pin=24"/></net>

<net id="4279"><net_src comp="886" pin="3"/><net_sink comp="4023" pin=25"/></net>

<net id="4280"><net_src comp="899" pin="3"/><net_sink comp="4023" pin=26"/></net>

<net id="4281"><net_src comp="912" pin="3"/><net_sink comp="4023" pin=27"/></net>

<net id="4282"><net_src comp="925" pin="3"/><net_sink comp="4023" pin=28"/></net>

<net id="4283"><net_src comp="938" pin="3"/><net_sink comp="4023" pin=29"/></net>

<net id="4284"><net_src comp="951" pin="3"/><net_sink comp="4023" pin=30"/></net>

<net id="4285"><net_src comp="964" pin="3"/><net_sink comp="4023" pin=31"/></net>

<net id="4286"><net_src comp="977" pin="3"/><net_sink comp="4023" pin=32"/></net>

<net id="4287"><net_src comp="990" pin="3"/><net_sink comp="4023" pin=33"/></net>

<net id="4288"><net_src comp="1003" pin="3"/><net_sink comp="4023" pin=34"/></net>

<net id="4289"><net_src comp="1016" pin="3"/><net_sink comp="4023" pin=35"/></net>

<net id="4290"><net_src comp="1029" pin="3"/><net_sink comp="4023" pin=36"/></net>

<net id="4291"><net_src comp="1042" pin="3"/><net_sink comp="4023" pin=37"/></net>

<net id="4292"><net_src comp="1055" pin="3"/><net_sink comp="4023" pin=38"/></net>

<net id="4293"><net_src comp="1068" pin="3"/><net_sink comp="4023" pin=39"/></net>

<net id="4294"><net_src comp="1081" pin="3"/><net_sink comp="4023" pin=40"/></net>

<net id="4295"><net_src comp="1094" pin="3"/><net_sink comp="4023" pin=41"/></net>

<net id="4296"><net_src comp="1107" pin="3"/><net_sink comp="4023" pin=42"/></net>

<net id="4297"><net_src comp="1120" pin="3"/><net_sink comp="4023" pin=43"/></net>

<net id="4298"><net_src comp="1133" pin="3"/><net_sink comp="4023" pin=44"/></net>

<net id="4299"><net_src comp="1146" pin="3"/><net_sink comp="4023" pin=45"/></net>

<net id="4300"><net_src comp="1159" pin="3"/><net_sink comp="4023" pin=46"/></net>

<net id="4301"><net_src comp="1172" pin="3"/><net_sink comp="4023" pin=47"/></net>

<net id="4302"><net_src comp="1185" pin="3"/><net_sink comp="4023" pin=48"/></net>

<net id="4303"><net_src comp="1198" pin="3"/><net_sink comp="4023" pin=49"/></net>

<net id="4304"><net_src comp="1211" pin="3"/><net_sink comp="4023" pin=50"/></net>

<net id="4305"><net_src comp="1224" pin="3"/><net_sink comp="4023" pin=51"/></net>

<net id="4306"><net_src comp="1237" pin="3"/><net_sink comp="4023" pin=52"/></net>

<net id="4307"><net_src comp="1250" pin="3"/><net_sink comp="4023" pin=53"/></net>

<net id="4308"><net_src comp="1263" pin="3"/><net_sink comp="4023" pin=54"/></net>

<net id="4309"><net_src comp="1276" pin="3"/><net_sink comp="4023" pin=55"/></net>

<net id="4310"><net_src comp="1289" pin="3"/><net_sink comp="4023" pin=56"/></net>

<net id="4311"><net_src comp="1302" pin="3"/><net_sink comp="4023" pin=57"/></net>

<net id="4312"><net_src comp="1315" pin="3"/><net_sink comp="4023" pin=58"/></net>

<net id="4313"><net_src comp="1328" pin="3"/><net_sink comp="4023" pin=59"/></net>

<net id="4314"><net_src comp="1341" pin="3"/><net_sink comp="4023" pin=60"/></net>

<net id="4315"><net_src comp="1354" pin="3"/><net_sink comp="4023" pin=61"/></net>

<net id="4316"><net_src comp="1367" pin="3"/><net_sink comp="4023" pin=62"/></net>

<net id="4317"><net_src comp="1380" pin="3"/><net_sink comp="4023" pin=63"/></net>

<net id="4318"><net_src comp="1393" pin="3"/><net_sink comp="4023" pin=64"/></net>

<net id="4319"><net_src comp="1406" pin="3"/><net_sink comp="4023" pin=65"/></net>

<net id="4320"><net_src comp="1419" pin="3"/><net_sink comp="4023" pin=66"/></net>

<net id="4321"><net_src comp="1432" pin="3"/><net_sink comp="4023" pin=67"/></net>

<net id="4322"><net_src comp="1445" pin="3"/><net_sink comp="4023" pin=68"/></net>

<net id="4323"><net_src comp="1458" pin="3"/><net_sink comp="4023" pin=69"/></net>

<net id="4324"><net_src comp="1471" pin="3"/><net_sink comp="4023" pin=70"/></net>

<net id="4325"><net_src comp="1484" pin="3"/><net_sink comp="4023" pin=71"/></net>

<net id="4326"><net_src comp="1497" pin="3"/><net_sink comp="4023" pin=72"/></net>

<net id="4327"><net_src comp="1510" pin="3"/><net_sink comp="4023" pin=73"/></net>

<net id="4328"><net_src comp="1523" pin="3"/><net_sink comp="4023" pin=74"/></net>

<net id="4329"><net_src comp="1536" pin="3"/><net_sink comp="4023" pin=75"/></net>

<net id="4330"><net_src comp="1549" pin="3"/><net_sink comp="4023" pin=76"/></net>

<net id="4331"><net_src comp="1562" pin="3"/><net_sink comp="4023" pin=77"/></net>

<net id="4332"><net_src comp="1575" pin="3"/><net_sink comp="4023" pin=78"/></net>

<net id="4333"><net_src comp="1588" pin="3"/><net_sink comp="4023" pin=79"/></net>

<net id="4334"><net_src comp="1601" pin="3"/><net_sink comp="4023" pin=80"/></net>

<net id="4335"><net_src comp="1614" pin="3"/><net_sink comp="4023" pin=81"/></net>

<net id="4336"><net_src comp="1627" pin="3"/><net_sink comp="4023" pin=82"/></net>

<net id="4337"><net_src comp="1640" pin="3"/><net_sink comp="4023" pin=83"/></net>

<net id="4338"><net_src comp="1653" pin="3"/><net_sink comp="4023" pin=84"/></net>

<net id="4339"><net_src comp="1666" pin="3"/><net_sink comp="4023" pin=85"/></net>

<net id="4340"><net_src comp="1679" pin="3"/><net_sink comp="4023" pin=86"/></net>

<net id="4341"><net_src comp="1692" pin="3"/><net_sink comp="4023" pin=87"/></net>

<net id="4342"><net_src comp="1705" pin="3"/><net_sink comp="4023" pin=88"/></net>

<net id="4343"><net_src comp="1718" pin="3"/><net_sink comp="4023" pin=89"/></net>

<net id="4344"><net_src comp="1731" pin="3"/><net_sink comp="4023" pin=90"/></net>

<net id="4345"><net_src comp="1744" pin="3"/><net_sink comp="4023" pin=91"/></net>

<net id="4346"><net_src comp="1757" pin="3"/><net_sink comp="4023" pin=92"/></net>

<net id="4347"><net_src comp="1770" pin="3"/><net_sink comp="4023" pin=93"/></net>

<net id="4348"><net_src comp="1783" pin="3"/><net_sink comp="4023" pin=94"/></net>

<net id="4349"><net_src comp="1796" pin="3"/><net_sink comp="4023" pin=95"/></net>

<net id="4350"><net_src comp="1809" pin="3"/><net_sink comp="4023" pin=96"/></net>

<net id="4351"><net_src comp="1822" pin="3"/><net_sink comp="4023" pin=97"/></net>

<net id="4352"><net_src comp="1835" pin="3"/><net_sink comp="4023" pin=98"/></net>

<net id="4353"><net_src comp="1848" pin="3"/><net_sink comp="4023" pin=99"/></net>

<net id="4354"><net_src comp="1861" pin="3"/><net_sink comp="4023" pin=100"/></net>

<net id="4355"><net_src comp="1874" pin="3"/><net_sink comp="4023" pin=101"/></net>

<net id="4356"><net_src comp="1887" pin="3"/><net_sink comp="4023" pin=102"/></net>

<net id="4357"><net_src comp="1900" pin="3"/><net_sink comp="4023" pin=103"/></net>

<net id="4358"><net_src comp="1913" pin="3"/><net_sink comp="4023" pin=104"/></net>

<net id="4359"><net_src comp="1926" pin="3"/><net_sink comp="4023" pin=105"/></net>

<net id="4360"><net_src comp="1939" pin="3"/><net_sink comp="4023" pin=106"/></net>

<net id="4361"><net_src comp="1952" pin="3"/><net_sink comp="4023" pin=107"/></net>

<net id="4362"><net_src comp="1965" pin="3"/><net_sink comp="4023" pin=108"/></net>

<net id="4363"><net_src comp="1978" pin="3"/><net_sink comp="4023" pin=109"/></net>

<net id="4364"><net_src comp="1991" pin="3"/><net_sink comp="4023" pin=110"/></net>

<net id="4365"><net_src comp="2004" pin="3"/><net_sink comp="4023" pin=111"/></net>

<net id="4366"><net_src comp="2017" pin="3"/><net_sink comp="4023" pin=112"/></net>

<net id="4367"><net_src comp="2030" pin="3"/><net_sink comp="4023" pin=113"/></net>

<net id="4368"><net_src comp="2043" pin="3"/><net_sink comp="4023" pin=114"/></net>

<net id="4369"><net_src comp="2056" pin="3"/><net_sink comp="4023" pin=115"/></net>

<net id="4370"><net_src comp="2069" pin="3"/><net_sink comp="4023" pin=116"/></net>

<net id="4371"><net_src comp="2082" pin="3"/><net_sink comp="4023" pin=117"/></net>

<net id="4372"><net_src comp="2095" pin="3"/><net_sink comp="4023" pin=118"/></net>

<net id="4373"><net_src comp="2108" pin="3"/><net_sink comp="4023" pin=119"/></net>

<net id="4374"><net_src comp="2121" pin="3"/><net_sink comp="4023" pin=120"/></net>

<net id="4375"><net_src comp="2134" pin="3"/><net_sink comp="4023" pin=121"/></net>

<net id="4376"><net_src comp="2147" pin="3"/><net_sink comp="4023" pin=122"/></net>

<net id="4377"><net_src comp="2160" pin="3"/><net_sink comp="4023" pin=123"/></net>

<net id="4378"><net_src comp="2173" pin="3"/><net_sink comp="4023" pin=124"/></net>

<net id="4379"><net_src comp="2186" pin="3"/><net_sink comp="4023" pin=125"/></net>

<net id="4380"><net_src comp="2199" pin="3"/><net_sink comp="4023" pin=126"/></net>

<net id="4381"><net_src comp="2212" pin="3"/><net_sink comp="4023" pin=127"/></net>

<net id="4382"><net_src comp="2225" pin="3"/><net_sink comp="4023" pin=128"/></net>

<net id="4383"><net_src comp="2238" pin="3"/><net_sink comp="4023" pin=129"/></net>

<net id="4384"><net_src comp="2251" pin="3"/><net_sink comp="4023" pin=130"/></net>

<net id="4385"><net_src comp="2264" pin="3"/><net_sink comp="4023" pin=131"/></net>

<net id="4386"><net_src comp="2277" pin="3"/><net_sink comp="4023" pin=132"/></net>

<net id="4387"><net_src comp="2290" pin="3"/><net_sink comp="4023" pin=133"/></net>

<net id="4388"><net_src comp="2303" pin="3"/><net_sink comp="4023" pin=134"/></net>

<net id="4389"><net_src comp="2316" pin="3"/><net_sink comp="4023" pin=135"/></net>

<net id="4390"><net_src comp="2329" pin="3"/><net_sink comp="4023" pin=136"/></net>

<net id="4391"><net_src comp="2342" pin="3"/><net_sink comp="4023" pin=137"/></net>

<net id="4392"><net_src comp="2355" pin="3"/><net_sink comp="4023" pin=138"/></net>

<net id="4393"><net_src comp="2368" pin="3"/><net_sink comp="4023" pin=139"/></net>

<net id="4394"><net_src comp="2381" pin="3"/><net_sink comp="4023" pin=140"/></net>

<net id="4395"><net_src comp="2394" pin="3"/><net_sink comp="4023" pin=141"/></net>

<net id="4396"><net_src comp="2407" pin="3"/><net_sink comp="4023" pin=142"/></net>

<net id="4397"><net_src comp="2420" pin="3"/><net_sink comp="4023" pin=143"/></net>

<net id="4398"><net_src comp="2433" pin="3"/><net_sink comp="4023" pin=144"/></net>

<net id="4399"><net_src comp="2446" pin="3"/><net_sink comp="4023" pin=145"/></net>

<net id="4400"><net_src comp="2459" pin="3"/><net_sink comp="4023" pin=146"/></net>

<net id="4401"><net_src comp="2472" pin="3"/><net_sink comp="4023" pin=147"/></net>

<net id="4402"><net_src comp="2485" pin="3"/><net_sink comp="4023" pin=148"/></net>

<net id="4403"><net_src comp="2498" pin="3"/><net_sink comp="4023" pin=149"/></net>

<net id="4404"><net_src comp="2511" pin="3"/><net_sink comp="4023" pin=150"/></net>

<net id="4405"><net_src comp="2524" pin="3"/><net_sink comp="4023" pin=151"/></net>

<net id="4406"><net_src comp="2537" pin="3"/><net_sink comp="4023" pin=152"/></net>

<net id="4407"><net_src comp="2550" pin="3"/><net_sink comp="4023" pin=153"/></net>

<net id="4408"><net_src comp="2563" pin="3"/><net_sink comp="4023" pin=154"/></net>

<net id="4409"><net_src comp="2576" pin="3"/><net_sink comp="4023" pin=155"/></net>

<net id="4410"><net_src comp="2589" pin="3"/><net_sink comp="4023" pin=156"/></net>

<net id="4411"><net_src comp="2602" pin="3"/><net_sink comp="4023" pin=157"/></net>

<net id="4412"><net_src comp="2615" pin="3"/><net_sink comp="4023" pin=158"/></net>

<net id="4413"><net_src comp="2628" pin="3"/><net_sink comp="4023" pin=159"/></net>

<net id="4414"><net_src comp="2641" pin="3"/><net_sink comp="4023" pin=160"/></net>

<net id="4415"><net_src comp="2654" pin="3"/><net_sink comp="4023" pin=161"/></net>

<net id="4416"><net_src comp="2667" pin="3"/><net_sink comp="4023" pin=162"/></net>

<net id="4417"><net_src comp="2680" pin="3"/><net_sink comp="4023" pin=163"/></net>

<net id="4418"><net_src comp="2693" pin="3"/><net_sink comp="4023" pin=164"/></net>

<net id="4419"><net_src comp="2706" pin="3"/><net_sink comp="4023" pin=165"/></net>

<net id="4420"><net_src comp="2719" pin="3"/><net_sink comp="4023" pin=166"/></net>

<net id="4421"><net_src comp="2732" pin="3"/><net_sink comp="4023" pin=167"/></net>

<net id="4422"><net_src comp="2745" pin="3"/><net_sink comp="4023" pin=168"/></net>

<net id="4423"><net_src comp="2758" pin="3"/><net_sink comp="4023" pin=169"/></net>

<net id="4424"><net_src comp="2771" pin="3"/><net_sink comp="4023" pin=170"/></net>

<net id="4425"><net_src comp="2784" pin="3"/><net_sink comp="4023" pin=171"/></net>

<net id="4426"><net_src comp="2797" pin="3"/><net_sink comp="4023" pin=172"/></net>

<net id="4427"><net_src comp="2810" pin="3"/><net_sink comp="4023" pin=173"/></net>

<net id="4428"><net_src comp="2823" pin="3"/><net_sink comp="4023" pin=174"/></net>

<net id="4429"><net_src comp="2836" pin="3"/><net_sink comp="4023" pin=175"/></net>

<net id="4430"><net_src comp="2849" pin="3"/><net_sink comp="4023" pin=176"/></net>

<net id="4431"><net_src comp="2862" pin="3"/><net_sink comp="4023" pin=177"/></net>

<net id="4432"><net_src comp="2875" pin="3"/><net_sink comp="4023" pin=178"/></net>

<net id="4433"><net_src comp="2888" pin="3"/><net_sink comp="4023" pin=179"/></net>

<net id="4434"><net_src comp="2901" pin="3"/><net_sink comp="4023" pin=180"/></net>

<net id="4435"><net_src comp="2914" pin="3"/><net_sink comp="4023" pin=181"/></net>

<net id="4436"><net_src comp="2927" pin="3"/><net_sink comp="4023" pin=182"/></net>

<net id="4437"><net_src comp="2940" pin="3"/><net_sink comp="4023" pin=183"/></net>

<net id="4438"><net_src comp="2953" pin="3"/><net_sink comp="4023" pin=184"/></net>

<net id="4439"><net_src comp="2966" pin="3"/><net_sink comp="4023" pin=185"/></net>

<net id="4440"><net_src comp="2979" pin="3"/><net_sink comp="4023" pin=186"/></net>

<net id="4441"><net_src comp="2992" pin="3"/><net_sink comp="4023" pin=187"/></net>

<net id="4442"><net_src comp="3005" pin="3"/><net_sink comp="4023" pin=188"/></net>

<net id="4443"><net_src comp="3018" pin="3"/><net_sink comp="4023" pin=189"/></net>

<net id="4444"><net_src comp="3031" pin="3"/><net_sink comp="4023" pin=190"/></net>

<net id="4445"><net_src comp="3044" pin="3"/><net_sink comp="4023" pin=191"/></net>

<net id="4446"><net_src comp="3057" pin="3"/><net_sink comp="4023" pin=192"/></net>

<net id="4447"><net_src comp="3070" pin="3"/><net_sink comp="4023" pin=193"/></net>

<net id="4448"><net_src comp="3083" pin="3"/><net_sink comp="4023" pin=194"/></net>

<net id="4449"><net_src comp="3096" pin="3"/><net_sink comp="4023" pin=195"/></net>

<net id="4450"><net_src comp="3109" pin="3"/><net_sink comp="4023" pin=196"/></net>

<net id="4451"><net_src comp="3122" pin="3"/><net_sink comp="4023" pin=197"/></net>

<net id="4452"><net_src comp="3135" pin="3"/><net_sink comp="4023" pin=198"/></net>

<net id="4453"><net_src comp="3148" pin="3"/><net_sink comp="4023" pin=199"/></net>

<net id="4454"><net_src comp="3161" pin="3"/><net_sink comp="4023" pin=200"/></net>

<net id="4455"><net_src comp="3174" pin="3"/><net_sink comp="4023" pin=201"/></net>

<net id="4456"><net_src comp="3187" pin="3"/><net_sink comp="4023" pin=202"/></net>

<net id="4457"><net_src comp="3200" pin="3"/><net_sink comp="4023" pin=203"/></net>

<net id="4458"><net_src comp="3213" pin="3"/><net_sink comp="4023" pin=204"/></net>

<net id="4459"><net_src comp="3226" pin="3"/><net_sink comp="4023" pin=205"/></net>

<net id="4460"><net_src comp="3239" pin="3"/><net_sink comp="4023" pin=206"/></net>

<net id="4461"><net_src comp="3252" pin="3"/><net_sink comp="4023" pin=207"/></net>

<net id="4462"><net_src comp="3265" pin="3"/><net_sink comp="4023" pin=208"/></net>

<net id="4463"><net_src comp="3278" pin="3"/><net_sink comp="4023" pin=209"/></net>

<net id="4464"><net_src comp="3291" pin="3"/><net_sink comp="4023" pin=210"/></net>

<net id="4465"><net_src comp="3304" pin="3"/><net_sink comp="4023" pin=211"/></net>

<net id="4466"><net_src comp="3317" pin="3"/><net_sink comp="4023" pin=212"/></net>

<net id="4467"><net_src comp="3330" pin="3"/><net_sink comp="4023" pin=213"/></net>

<net id="4468"><net_src comp="3343" pin="3"/><net_sink comp="4023" pin=214"/></net>

<net id="4469"><net_src comp="3356" pin="3"/><net_sink comp="4023" pin=215"/></net>

<net id="4470"><net_src comp="3369" pin="3"/><net_sink comp="4023" pin=216"/></net>

<net id="4471"><net_src comp="3382" pin="3"/><net_sink comp="4023" pin=217"/></net>

<net id="4472"><net_src comp="3395" pin="3"/><net_sink comp="4023" pin=218"/></net>

<net id="4473"><net_src comp="3408" pin="3"/><net_sink comp="4023" pin=219"/></net>

<net id="4474"><net_src comp="3421" pin="3"/><net_sink comp="4023" pin=220"/></net>

<net id="4475"><net_src comp="3434" pin="3"/><net_sink comp="4023" pin=221"/></net>

<net id="4476"><net_src comp="3447" pin="3"/><net_sink comp="4023" pin=222"/></net>

<net id="4477"><net_src comp="3460" pin="3"/><net_sink comp="4023" pin=223"/></net>

<net id="4478"><net_src comp="3473" pin="3"/><net_sink comp="4023" pin=224"/></net>

<net id="4479"><net_src comp="3486" pin="3"/><net_sink comp="4023" pin=225"/></net>

<net id="4480"><net_src comp="3499" pin="3"/><net_sink comp="4023" pin=226"/></net>

<net id="4481"><net_src comp="3512" pin="3"/><net_sink comp="4023" pin=227"/></net>

<net id="4482"><net_src comp="4018" pin="2"/><net_sink comp="4023" pin=228"/></net>

<net id="4498"><net_src comp="506" pin="0"/><net_sink comp="4483" pin=0"/></net>

<net id="4499"><net_src comp="3525" pin="3"/><net_sink comp="4483" pin=1"/></net>

<net id="4500"><net_src comp="3538" pin="3"/><net_sink comp="4483" pin=2"/></net>

<net id="4501"><net_src comp="3551" pin="3"/><net_sink comp="4483" pin=3"/></net>

<net id="4502"><net_src comp="3564" pin="3"/><net_sink comp="4483" pin=4"/></net>

<net id="4503"><net_src comp="3577" pin="3"/><net_sink comp="4483" pin=5"/></net>

<net id="4504"><net_src comp="3590" pin="3"/><net_sink comp="4483" pin=6"/></net>

<net id="4505"><net_src comp="3603" pin="3"/><net_sink comp="4483" pin=7"/></net>

<net id="4506"><net_src comp="3616" pin="3"/><net_sink comp="4483" pin=8"/></net>

<net id="4507"><net_src comp="3629" pin="3"/><net_sink comp="4483" pin=9"/></net>

<net id="4508"><net_src comp="3642" pin="3"/><net_sink comp="4483" pin=10"/></net>

<net id="4509"><net_src comp="3655" pin="3"/><net_sink comp="4483" pin=11"/></net>

<net id="4513"><net_src comp="4510" pin="1"/><net_sink comp="3661" pin=0"/></net>

<net id="4518"><net_src comp="3661" pin="2"/><net_sink comp="4514" pin=0"/></net>

<net id="4522"><net_src comp="4519" pin="1"/><net_sink comp="560" pin=2"/></net>

<net id="4526"><net_src comp="526" pin="1"/><net_sink comp="4523" pin=0"/></net>

<net id="4527"><net_src comp="4523" pin="1"/><net_sink comp="3684" pin=1"/></net>

<net id="4528"><net_src comp="4523" pin="1"/><net_sink comp="4510" pin=0"/></net>

<net id="4529"><net_src comp="4523" pin="1"/><net_sink comp="4514" pin=1"/></net>

<net id="4530"><net_src comp="4523" pin="1"/><net_sink comp="4519" pin=0"/></net>

<net id="4534"><net_src comp="530" pin="1"/><net_sink comp="4531" pin=0"/></net>

<net id="4535"><net_src comp="4531" pin="1"/><net_sink comp="3679" pin=1"/></net>

<net id="4536"><net_src comp="4531" pin="1"/><net_sink comp="3704" pin=0"/></net>

<net id="4537"><net_src comp="4531" pin="1"/><net_sink comp="4010" pin=1"/></net>

<net id="4541"><net_src comp="534" pin="1"/><net_sink comp="4538" pin=0"/></net>

<net id="4542"><net_src comp="4538" pin="1"/><net_sink comp="3674" pin=1"/></net>

<net id="4543"><net_src comp="4538" pin="1"/><net_sink comp="3707" pin=0"/></net>

<net id="4544"><net_src comp="4538" pin="1"/><net_sink comp="4005" pin=1"/></net>

<net id="4548"><net_src comp="538" pin="1"/><net_sink comp="4545" pin=0"/></net>

<net id="4549"><net_src comp="4545" pin="1"/><net_sink comp="3669" pin=1"/></net>

<net id="4550"><net_src comp="4545" pin="1"/><net_sink comp="3689" pin=0"/></net>

<net id="4551"><net_src comp="4545" pin="1"/><net_sink comp="4000" pin=1"/></net>

<net id="4555"><net_src comp="542" pin="2"/><net_sink comp="4552" pin=0"/></net>

<net id="4556"><net_src comp="4552" pin="1"/><net_sink comp="4018" pin=1"/></net>

<net id="4560"><net_src comp="3692" pin="2"/><net_sink comp="4557" pin=0"/></net>

<net id="4564"><net_src comp="3716" pin="3"/><net_sink comp="4561" pin=0"/></net>

<net id="4565"><net_src comp="4561" pin="1"/><net_sink comp="4015" pin=0"/></net>

<net id="4566"><net_src comp="4561" pin="1"/><net_sink comp="4483" pin=12"/></net>

<net id="4570"><net_src comp="567" pin="3"/><net_sink comp="4567" pin=0"/></net>

<net id="4571"><net_src comp="4567" pin="1"/><net_sink comp="574" pin=0"/></net>

<net id="4575"><net_src comp="580" pin="3"/><net_sink comp="4572" pin=0"/></net>

<net id="4576"><net_src comp="4572" pin="1"/><net_sink comp="587" pin=0"/></net>

<net id="4580"><net_src comp="593" pin="3"/><net_sink comp="4577" pin=0"/></net>

<net id="4581"><net_src comp="4577" pin="1"/><net_sink comp="600" pin=0"/></net>

<net id="4585"><net_src comp="606" pin="3"/><net_sink comp="4582" pin=0"/></net>

<net id="4586"><net_src comp="4582" pin="1"/><net_sink comp="613" pin=0"/></net>

<net id="4590"><net_src comp="619" pin="3"/><net_sink comp="4587" pin=0"/></net>

<net id="4591"><net_src comp="4587" pin="1"/><net_sink comp="626" pin=0"/></net>

<net id="4595"><net_src comp="632" pin="3"/><net_sink comp="4592" pin=0"/></net>

<net id="4596"><net_src comp="4592" pin="1"/><net_sink comp="639" pin=0"/></net>

<net id="4600"><net_src comp="645" pin="3"/><net_sink comp="4597" pin=0"/></net>

<net id="4601"><net_src comp="4597" pin="1"/><net_sink comp="652" pin=0"/></net>

<net id="4605"><net_src comp="658" pin="3"/><net_sink comp="4602" pin=0"/></net>

<net id="4606"><net_src comp="4602" pin="1"/><net_sink comp="665" pin=0"/></net>

<net id="4610"><net_src comp="671" pin="3"/><net_sink comp="4607" pin=0"/></net>

<net id="4611"><net_src comp="4607" pin="1"/><net_sink comp="678" pin=0"/></net>

<net id="4615"><net_src comp="684" pin="3"/><net_sink comp="4612" pin=0"/></net>

<net id="4616"><net_src comp="4612" pin="1"/><net_sink comp="691" pin=0"/></net>

<net id="4620"><net_src comp="697" pin="3"/><net_sink comp="4617" pin=0"/></net>

<net id="4621"><net_src comp="4617" pin="1"/><net_sink comp="704" pin=0"/></net>

<net id="4625"><net_src comp="710" pin="3"/><net_sink comp="4622" pin=0"/></net>

<net id="4626"><net_src comp="4622" pin="1"/><net_sink comp="717" pin=0"/></net>

<net id="4630"><net_src comp="723" pin="3"/><net_sink comp="4627" pin=0"/></net>

<net id="4631"><net_src comp="4627" pin="1"/><net_sink comp="730" pin=0"/></net>

<net id="4635"><net_src comp="736" pin="3"/><net_sink comp="4632" pin=0"/></net>

<net id="4636"><net_src comp="4632" pin="1"/><net_sink comp="743" pin=0"/></net>

<net id="4640"><net_src comp="749" pin="3"/><net_sink comp="4637" pin=0"/></net>

<net id="4641"><net_src comp="4637" pin="1"/><net_sink comp="756" pin=0"/></net>

<net id="4645"><net_src comp="762" pin="3"/><net_sink comp="4642" pin=0"/></net>

<net id="4646"><net_src comp="4642" pin="1"/><net_sink comp="769" pin=0"/></net>

<net id="4650"><net_src comp="775" pin="3"/><net_sink comp="4647" pin=0"/></net>

<net id="4651"><net_src comp="4647" pin="1"/><net_sink comp="782" pin=0"/></net>

<net id="4655"><net_src comp="788" pin="3"/><net_sink comp="4652" pin=0"/></net>

<net id="4656"><net_src comp="4652" pin="1"/><net_sink comp="795" pin=0"/></net>

<net id="4660"><net_src comp="801" pin="3"/><net_sink comp="4657" pin=0"/></net>

<net id="4661"><net_src comp="4657" pin="1"/><net_sink comp="808" pin=0"/></net>

<net id="4665"><net_src comp="814" pin="3"/><net_sink comp="4662" pin=0"/></net>

<net id="4666"><net_src comp="4662" pin="1"/><net_sink comp="821" pin=0"/></net>

<net id="4670"><net_src comp="827" pin="3"/><net_sink comp="4667" pin=0"/></net>

<net id="4671"><net_src comp="4667" pin="1"/><net_sink comp="834" pin=0"/></net>

<net id="4675"><net_src comp="840" pin="3"/><net_sink comp="4672" pin=0"/></net>

<net id="4676"><net_src comp="4672" pin="1"/><net_sink comp="847" pin=0"/></net>

<net id="4680"><net_src comp="853" pin="3"/><net_sink comp="4677" pin=0"/></net>

<net id="4681"><net_src comp="4677" pin="1"/><net_sink comp="860" pin=0"/></net>

<net id="4685"><net_src comp="866" pin="3"/><net_sink comp="4682" pin=0"/></net>

<net id="4686"><net_src comp="4682" pin="1"/><net_sink comp="873" pin=0"/></net>

<net id="4690"><net_src comp="879" pin="3"/><net_sink comp="4687" pin=0"/></net>

<net id="4691"><net_src comp="4687" pin="1"/><net_sink comp="886" pin=0"/></net>

<net id="4695"><net_src comp="892" pin="3"/><net_sink comp="4692" pin=0"/></net>

<net id="4696"><net_src comp="4692" pin="1"/><net_sink comp="899" pin=0"/></net>

<net id="4700"><net_src comp="905" pin="3"/><net_sink comp="4697" pin=0"/></net>

<net id="4701"><net_src comp="4697" pin="1"/><net_sink comp="912" pin=0"/></net>

<net id="4705"><net_src comp="918" pin="3"/><net_sink comp="4702" pin=0"/></net>

<net id="4706"><net_src comp="4702" pin="1"/><net_sink comp="925" pin=0"/></net>

<net id="4710"><net_src comp="931" pin="3"/><net_sink comp="4707" pin=0"/></net>

<net id="4711"><net_src comp="4707" pin="1"/><net_sink comp="938" pin=0"/></net>

<net id="4715"><net_src comp="944" pin="3"/><net_sink comp="4712" pin=0"/></net>

<net id="4716"><net_src comp="4712" pin="1"/><net_sink comp="951" pin=0"/></net>

<net id="4720"><net_src comp="957" pin="3"/><net_sink comp="4717" pin=0"/></net>

<net id="4721"><net_src comp="4717" pin="1"/><net_sink comp="964" pin=0"/></net>

<net id="4725"><net_src comp="970" pin="3"/><net_sink comp="4722" pin=0"/></net>

<net id="4726"><net_src comp="4722" pin="1"/><net_sink comp="977" pin=0"/></net>

<net id="4730"><net_src comp="983" pin="3"/><net_sink comp="4727" pin=0"/></net>

<net id="4731"><net_src comp="4727" pin="1"/><net_sink comp="990" pin=0"/></net>

<net id="4735"><net_src comp="996" pin="3"/><net_sink comp="4732" pin=0"/></net>

<net id="4736"><net_src comp="4732" pin="1"/><net_sink comp="1003" pin=0"/></net>

<net id="4740"><net_src comp="1009" pin="3"/><net_sink comp="4737" pin=0"/></net>

<net id="4741"><net_src comp="4737" pin="1"/><net_sink comp="1016" pin=0"/></net>

<net id="4745"><net_src comp="1022" pin="3"/><net_sink comp="4742" pin=0"/></net>

<net id="4746"><net_src comp="4742" pin="1"/><net_sink comp="1029" pin=0"/></net>

<net id="4750"><net_src comp="1035" pin="3"/><net_sink comp="4747" pin=0"/></net>

<net id="4751"><net_src comp="4747" pin="1"/><net_sink comp="1042" pin=0"/></net>

<net id="4755"><net_src comp="1048" pin="3"/><net_sink comp="4752" pin=0"/></net>

<net id="4756"><net_src comp="4752" pin="1"/><net_sink comp="1055" pin=0"/></net>

<net id="4760"><net_src comp="1061" pin="3"/><net_sink comp="4757" pin=0"/></net>

<net id="4761"><net_src comp="4757" pin="1"/><net_sink comp="1068" pin=0"/></net>

<net id="4765"><net_src comp="1074" pin="3"/><net_sink comp="4762" pin=0"/></net>

<net id="4766"><net_src comp="4762" pin="1"/><net_sink comp="1081" pin=0"/></net>

<net id="4770"><net_src comp="1087" pin="3"/><net_sink comp="4767" pin=0"/></net>

<net id="4771"><net_src comp="4767" pin="1"/><net_sink comp="1094" pin=0"/></net>

<net id="4775"><net_src comp="1100" pin="3"/><net_sink comp="4772" pin=0"/></net>

<net id="4776"><net_src comp="4772" pin="1"/><net_sink comp="1107" pin=0"/></net>

<net id="4780"><net_src comp="1113" pin="3"/><net_sink comp="4777" pin=0"/></net>

<net id="4781"><net_src comp="4777" pin="1"/><net_sink comp="1120" pin=0"/></net>

<net id="4785"><net_src comp="1126" pin="3"/><net_sink comp="4782" pin=0"/></net>

<net id="4786"><net_src comp="4782" pin="1"/><net_sink comp="1133" pin=0"/></net>

<net id="4790"><net_src comp="1139" pin="3"/><net_sink comp="4787" pin=0"/></net>

<net id="4791"><net_src comp="4787" pin="1"/><net_sink comp="1146" pin=0"/></net>

<net id="4795"><net_src comp="1152" pin="3"/><net_sink comp="4792" pin=0"/></net>

<net id="4796"><net_src comp="4792" pin="1"/><net_sink comp="1159" pin=0"/></net>

<net id="4800"><net_src comp="1165" pin="3"/><net_sink comp="4797" pin=0"/></net>

<net id="4801"><net_src comp="4797" pin="1"/><net_sink comp="1172" pin=0"/></net>

<net id="4805"><net_src comp="1178" pin="3"/><net_sink comp="4802" pin=0"/></net>

<net id="4806"><net_src comp="4802" pin="1"/><net_sink comp="1185" pin=0"/></net>

<net id="4810"><net_src comp="1191" pin="3"/><net_sink comp="4807" pin=0"/></net>

<net id="4811"><net_src comp="4807" pin="1"/><net_sink comp="1198" pin=0"/></net>

<net id="4815"><net_src comp="1204" pin="3"/><net_sink comp="4812" pin=0"/></net>

<net id="4816"><net_src comp="4812" pin="1"/><net_sink comp="1211" pin=0"/></net>

<net id="4820"><net_src comp="1217" pin="3"/><net_sink comp="4817" pin=0"/></net>

<net id="4821"><net_src comp="4817" pin="1"/><net_sink comp="1224" pin=0"/></net>

<net id="4825"><net_src comp="1230" pin="3"/><net_sink comp="4822" pin=0"/></net>

<net id="4826"><net_src comp="4822" pin="1"/><net_sink comp="1237" pin=0"/></net>

<net id="4830"><net_src comp="1243" pin="3"/><net_sink comp="4827" pin=0"/></net>

<net id="4831"><net_src comp="4827" pin="1"/><net_sink comp="1250" pin=0"/></net>

<net id="4835"><net_src comp="1256" pin="3"/><net_sink comp="4832" pin=0"/></net>

<net id="4836"><net_src comp="4832" pin="1"/><net_sink comp="1263" pin=0"/></net>

<net id="4840"><net_src comp="1269" pin="3"/><net_sink comp="4837" pin=0"/></net>

<net id="4841"><net_src comp="4837" pin="1"/><net_sink comp="1276" pin=0"/></net>

<net id="4845"><net_src comp="1282" pin="3"/><net_sink comp="4842" pin=0"/></net>

<net id="4846"><net_src comp="4842" pin="1"/><net_sink comp="1289" pin=0"/></net>

<net id="4850"><net_src comp="1295" pin="3"/><net_sink comp="4847" pin=0"/></net>

<net id="4851"><net_src comp="4847" pin="1"/><net_sink comp="1302" pin=0"/></net>

<net id="4855"><net_src comp="1308" pin="3"/><net_sink comp="4852" pin=0"/></net>

<net id="4856"><net_src comp="4852" pin="1"/><net_sink comp="1315" pin=0"/></net>

<net id="4860"><net_src comp="1321" pin="3"/><net_sink comp="4857" pin=0"/></net>

<net id="4861"><net_src comp="4857" pin="1"/><net_sink comp="1328" pin=0"/></net>

<net id="4865"><net_src comp="1334" pin="3"/><net_sink comp="4862" pin=0"/></net>

<net id="4866"><net_src comp="4862" pin="1"/><net_sink comp="1341" pin=0"/></net>

<net id="4870"><net_src comp="1347" pin="3"/><net_sink comp="4867" pin=0"/></net>

<net id="4871"><net_src comp="4867" pin="1"/><net_sink comp="1354" pin=0"/></net>

<net id="4875"><net_src comp="1360" pin="3"/><net_sink comp="4872" pin=0"/></net>

<net id="4876"><net_src comp="4872" pin="1"/><net_sink comp="1367" pin=0"/></net>

<net id="4880"><net_src comp="1373" pin="3"/><net_sink comp="4877" pin=0"/></net>

<net id="4881"><net_src comp="4877" pin="1"/><net_sink comp="1380" pin=0"/></net>

<net id="4885"><net_src comp="1386" pin="3"/><net_sink comp="4882" pin=0"/></net>

<net id="4886"><net_src comp="4882" pin="1"/><net_sink comp="1393" pin=0"/></net>

<net id="4890"><net_src comp="1399" pin="3"/><net_sink comp="4887" pin=0"/></net>

<net id="4891"><net_src comp="4887" pin="1"/><net_sink comp="1406" pin=0"/></net>

<net id="4895"><net_src comp="1412" pin="3"/><net_sink comp="4892" pin=0"/></net>

<net id="4896"><net_src comp="4892" pin="1"/><net_sink comp="1419" pin=0"/></net>

<net id="4900"><net_src comp="1425" pin="3"/><net_sink comp="4897" pin=0"/></net>

<net id="4901"><net_src comp="4897" pin="1"/><net_sink comp="1432" pin=0"/></net>

<net id="4905"><net_src comp="1438" pin="3"/><net_sink comp="4902" pin=0"/></net>

<net id="4906"><net_src comp="4902" pin="1"/><net_sink comp="1445" pin=0"/></net>

<net id="4910"><net_src comp="1451" pin="3"/><net_sink comp="4907" pin=0"/></net>

<net id="4911"><net_src comp="4907" pin="1"/><net_sink comp="1458" pin=0"/></net>

<net id="4915"><net_src comp="1464" pin="3"/><net_sink comp="4912" pin=0"/></net>

<net id="4916"><net_src comp="4912" pin="1"/><net_sink comp="1471" pin=0"/></net>

<net id="4920"><net_src comp="1477" pin="3"/><net_sink comp="4917" pin=0"/></net>

<net id="4921"><net_src comp="4917" pin="1"/><net_sink comp="1484" pin=0"/></net>

<net id="4925"><net_src comp="1490" pin="3"/><net_sink comp="4922" pin=0"/></net>

<net id="4926"><net_src comp="4922" pin="1"/><net_sink comp="1497" pin=0"/></net>

<net id="4930"><net_src comp="1503" pin="3"/><net_sink comp="4927" pin=0"/></net>

<net id="4931"><net_src comp="4927" pin="1"/><net_sink comp="1510" pin=0"/></net>

<net id="4935"><net_src comp="1516" pin="3"/><net_sink comp="4932" pin=0"/></net>

<net id="4936"><net_src comp="4932" pin="1"/><net_sink comp="1523" pin=0"/></net>

<net id="4940"><net_src comp="1529" pin="3"/><net_sink comp="4937" pin=0"/></net>

<net id="4941"><net_src comp="4937" pin="1"/><net_sink comp="1536" pin=0"/></net>

<net id="4945"><net_src comp="1542" pin="3"/><net_sink comp="4942" pin=0"/></net>

<net id="4946"><net_src comp="4942" pin="1"/><net_sink comp="1549" pin=0"/></net>

<net id="4950"><net_src comp="1555" pin="3"/><net_sink comp="4947" pin=0"/></net>

<net id="4951"><net_src comp="4947" pin="1"/><net_sink comp="1562" pin=0"/></net>

<net id="4955"><net_src comp="1568" pin="3"/><net_sink comp="4952" pin=0"/></net>

<net id="4956"><net_src comp="4952" pin="1"/><net_sink comp="1575" pin=0"/></net>

<net id="4960"><net_src comp="1581" pin="3"/><net_sink comp="4957" pin=0"/></net>

<net id="4961"><net_src comp="4957" pin="1"/><net_sink comp="1588" pin=0"/></net>

<net id="4965"><net_src comp="1594" pin="3"/><net_sink comp="4962" pin=0"/></net>

<net id="4966"><net_src comp="4962" pin="1"/><net_sink comp="1601" pin=0"/></net>

<net id="4970"><net_src comp="1607" pin="3"/><net_sink comp="4967" pin=0"/></net>

<net id="4971"><net_src comp="4967" pin="1"/><net_sink comp="1614" pin=0"/></net>

<net id="4975"><net_src comp="1620" pin="3"/><net_sink comp="4972" pin=0"/></net>

<net id="4976"><net_src comp="4972" pin="1"/><net_sink comp="1627" pin=0"/></net>

<net id="4980"><net_src comp="1633" pin="3"/><net_sink comp="4977" pin=0"/></net>

<net id="4981"><net_src comp="4977" pin="1"/><net_sink comp="1640" pin=0"/></net>

<net id="4985"><net_src comp="1646" pin="3"/><net_sink comp="4982" pin=0"/></net>

<net id="4986"><net_src comp="4982" pin="1"/><net_sink comp="1653" pin=0"/></net>

<net id="4990"><net_src comp="1659" pin="3"/><net_sink comp="4987" pin=0"/></net>

<net id="4991"><net_src comp="4987" pin="1"/><net_sink comp="1666" pin=0"/></net>

<net id="4995"><net_src comp="1672" pin="3"/><net_sink comp="4992" pin=0"/></net>

<net id="4996"><net_src comp="4992" pin="1"/><net_sink comp="1679" pin=0"/></net>

<net id="5000"><net_src comp="1685" pin="3"/><net_sink comp="4997" pin=0"/></net>

<net id="5001"><net_src comp="4997" pin="1"/><net_sink comp="1692" pin=0"/></net>

<net id="5005"><net_src comp="1698" pin="3"/><net_sink comp="5002" pin=0"/></net>

<net id="5006"><net_src comp="5002" pin="1"/><net_sink comp="1705" pin=0"/></net>

<net id="5010"><net_src comp="1711" pin="3"/><net_sink comp="5007" pin=0"/></net>

<net id="5011"><net_src comp="5007" pin="1"/><net_sink comp="1718" pin=0"/></net>

<net id="5015"><net_src comp="1724" pin="3"/><net_sink comp="5012" pin=0"/></net>

<net id="5016"><net_src comp="5012" pin="1"/><net_sink comp="1731" pin=0"/></net>

<net id="5020"><net_src comp="1737" pin="3"/><net_sink comp="5017" pin=0"/></net>

<net id="5021"><net_src comp="5017" pin="1"/><net_sink comp="1744" pin=0"/></net>

<net id="5025"><net_src comp="1750" pin="3"/><net_sink comp="5022" pin=0"/></net>

<net id="5026"><net_src comp="5022" pin="1"/><net_sink comp="1757" pin=0"/></net>

<net id="5030"><net_src comp="1763" pin="3"/><net_sink comp="5027" pin=0"/></net>

<net id="5031"><net_src comp="5027" pin="1"/><net_sink comp="1770" pin=0"/></net>

<net id="5035"><net_src comp="1776" pin="3"/><net_sink comp="5032" pin=0"/></net>

<net id="5036"><net_src comp="5032" pin="1"/><net_sink comp="1783" pin=0"/></net>

<net id="5040"><net_src comp="1789" pin="3"/><net_sink comp="5037" pin=0"/></net>

<net id="5041"><net_src comp="5037" pin="1"/><net_sink comp="1796" pin=0"/></net>

<net id="5045"><net_src comp="1802" pin="3"/><net_sink comp="5042" pin=0"/></net>

<net id="5046"><net_src comp="5042" pin="1"/><net_sink comp="1809" pin=0"/></net>

<net id="5050"><net_src comp="1815" pin="3"/><net_sink comp="5047" pin=0"/></net>

<net id="5051"><net_src comp="5047" pin="1"/><net_sink comp="1822" pin=0"/></net>

<net id="5055"><net_src comp="1828" pin="3"/><net_sink comp="5052" pin=0"/></net>

<net id="5056"><net_src comp="5052" pin="1"/><net_sink comp="1835" pin=0"/></net>

<net id="5060"><net_src comp="1841" pin="3"/><net_sink comp="5057" pin=0"/></net>

<net id="5061"><net_src comp="5057" pin="1"/><net_sink comp="1848" pin=0"/></net>

<net id="5065"><net_src comp="1854" pin="3"/><net_sink comp="5062" pin=0"/></net>

<net id="5066"><net_src comp="5062" pin="1"/><net_sink comp="1861" pin=0"/></net>

<net id="5070"><net_src comp="1867" pin="3"/><net_sink comp="5067" pin=0"/></net>

<net id="5071"><net_src comp="5067" pin="1"/><net_sink comp="1874" pin=0"/></net>

<net id="5075"><net_src comp="1880" pin="3"/><net_sink comp="5072" pin=0"/></net>

<net id="5076"><net_src comp="5072" pin="1"/><net_sink comp="1887" pin=0"/></net>

<net id="5080"><net_src comp="1893" pin="3"/><net_sink comp="5077" pin=0"/></net>

<net id="5081"><net_src comp="5077" pin="1"/><net_sink comp="1900" pin=0"/></net>

<net id="5085"><net_src comp="1906" pin="3"/><net_sink comp="5082" pin=0"/></net>

<net id="5086"><net_src comp="5082" pin="1"/><net_sink comp="1913" pin=0"/></net>

<net id="5090"><net_src comp="1919" pin="3"/><net_sink comp="5087" pin=0"/></net>

<net id="5091"><net_src comp="5087" pin="1"/><net_sink comp="1926" pin=0"/></net>

<net id="5095"><net_src comp="1932" pin="3"/><net_sink comp="5092" pin=0"/></net>

<net id="5096"><net_src comp="5092" pin="1"/><net_sink comp="1939" pin=0"/></net>

<net id="5100"><net_src comp="1945" pin="3"/><net_sink comp="5097" pin=0"/></net>

<net id="5101"><net_src comp="5097" pin="1"/><net_sink comp="1952" pin=0"/></net>

<net id="5105"><net_src comp="1958" pin="3"/><net_sink comp="5102" pin=0"/></net>

<net id="5106"><net_src comp="5102" pin="1"/><net_sink comp="1965" pin=0"/></net>

<net id="5110"><net_src comp="1971" pin="3"/><net_sink comp="5107" pin=0"/></net>

<net id="5111"><net_src comp="5107" pin="1"/><net_sink comp="1978" pin=0"/></net>

<net id="5115"><net_src comp="1984" pin="3"/><net_sink comp="5112" pin=0"/></net>

<net id="5116"><net_src comp="5112" pin="1"/><net_sink comp="1991" pin=0"/></net>

<net id="5120"><net_src comp="1997" pin="3"/><net_sink comp="5117" pin=0"/></net>

<net id="5121"><net_src comp="5117" pin="1"/><net_sink comp="2004" pin=0"/></net>

<net id="5125"><net_src comp="2010" pin="3"/><net_sink comp="5122" pin=0"/></net>

<net id="5126"><net_src comp="5122" pin="1"/><net_sink comp="2017" pin=0"/></net>

<net id="5130"><net_src comp="2023" pin="3"/><net_sink comp="5127" pin=0"/></net>

<net id="5131"><net_src comp="5127" pin="1"/><net_sink comp="2030" pin=0"/></net>

<net id="5135"><net_src comp="2036" pin="3"/><net_sink comp="5132" pin=0"/></net>

<net id="5136"><net_src comp="5132" pin="1"/><net_sink comp="2043" pin=0"/></net>

<net id="5140"><net_src comp="2049" pin="3"/><net_sink comp="5137" pin=0"/></net>

<net id="5141"><net_src comp="5137" pin="1"/><net_sink comp="2056" pin=0"/></net>

<net id="5145"><net_src comp="2062" pin="3"/><net_sink comp="5142" pin=0"/></net>

<net id="5146"><net_src comp="5142" pin="1"/><net_sink comp="2069" pin=0"/></net>

<net id="5150"><net_src comp="2075" pin="3"/><net_sink comp="5147" pin=0"/></net>

<net id="5151"><net_src comp="5147" pin="1"/><net_sink comp="2082" pin=0"/></net>

<net id="5155"><net_src comp="2088" pin="3"/><net_sink comp="5152" pin=0"/></net>

<net id="5156"><net_src comp="5152" pin="1"/><net_sink comp="2095" pin=0"/></net>

<net id="5160"><net_src comp="2101" pin="3"/><net_sink comp="5157" pin=0"/></net>

<net id="5161"><net_src comp="5157" pin="1"/><net_sink comp="2108" pin=0"/></net>

<net id="5165"><net_src comp="2114" pin="3"/><net_sink comp="5162" pin=0"/></net>

<net id="5166"><net_src comp="5162" pin="1"/><net_sink comp="2121" pin=0"/></net>

<net id="5170"><net_src comp="2127" pin="3"/><net_sink comp="5167" pin=0"/></net>

<net id="5171"><net_src comp="5167" pin="1"/><net_sink comp="2134" pin=0"/></net>

<net id="5175"><net_src comp="2140" pin="3"/><net_sink comp="5172" pin=0"/></net>

<net id="5176"><net_src comp="5172" pin="1"/><net_sink comp="2147" pin=0"/></net>

<net id="5180"><net_src comp="2153" pin="3"/><net_sink comp="5177" pin=0"/></net>

<net id="5181"><net_src comp="5177" pin="1"/><net_sink comp="2160" pin=0"/></net>

<net id="5185"><net_src comp="2166" pin="3"/><net_sink comp="5182" pin=0"/></net>

<net id="5186"><net_src comp="5182" pin="1"/><net_sink comp="2173" pin=0"/></net>

<net id="5190"><net_src comp="2179" pin="3"/><net_sink comp="5187" pin=0"/></net>

<net id="5191"><net_src comp="5187" pin="1"/><net_sink comp="2186" pin=0"/></net>

<net id="5195"><net_src comp="2192" pin="3"/><net_sink comp="5192" pin=0"/></net>

<net id="5196"><net_src comp="5192" pin="1"/><net_sink comp="2199" pin=0"/></net>

<net id="5200"><net_src comp="2205" pin="3"/><net_sink comp="5197" pin=0"/></net>

<net id="5201"><net_src comp="5197" pin="1"/><net_sink comp="2212" pin=0"/></net>

<net id="5205"><net_src comp="2218" pin="3"/><net_sink comp="5202" pin=0"/></net>

<net id="5206"><net_src comp="5202" pin="1"/><net_sink comp="2225" pin=0"/></net>

<net id="5210"><net_src comp="2231" pin="3"/><net_sink comp="5207" pin=0"/></net>

<net id="5211"><net_src comp="5207" pin="1"/><net_sink comp="2238" pin=0"/></net>

<net id="5215"><net_src comp="2244" pin="3"/><net_sink comp="5212" pin=0"/></net>

<net id="5216"><net_src comp="5212" pin="1"/><net_sink comp="2251" pin=0"/></net>

<net id="5220"><net_src comp="2257" pin="3"/><net_sink comp="5217" pin=0"/></net>

<net id="5221"><net_src comp="5217" pin="1"/><net_sink comp="2264" pin=0"/></net>

<net id="5225"><net_src comp="2270" pin="3"/><net_sink comp="5222" pin=0"/></net>

<net id="5226"><net_src comp="5222" pin="1"/><net_sink comp="2277" pin=0"/></net>

<net id="5230"><net_src comp="2283" pin="3"/><net_sink comp="5227" pin=0"/></net>

<net id="5231"><net_src comp="5227" pin="1"/><net_sink comp="2290" pin=0"/></net>

<net id="5235"><net_src comp="2296" pin="3"/><net_sink comp="5232" pin=0"/></net>

<net id="5236"><net_src comp="5232" pin="1"/><net_sink comp="2303" pin=0"/></net>

<net id="5240"><net_src comp="2309" pin="3"/><net_sink comp="5237" pin=0"/></net>

<net id="5241"><net_src comp="5237" pin="1"/><net_sink comp="2316" pin=0"/></net>

<net id="5245"><net_src comp="2322" pin="3"/><net_sink comp="5242" pin=0"/></net>

<net id="5246"><net_src comp="5242" pin="1"/><net_sink comp="2329" pin=0"/></net>

<net id="5250"><net_src comp="2335" pin="3"/><net_sink comp="5247" pin=0"/></net>

<net id="5251"><net_src comp="5247" pin="1"/><net_sink comp="2342" pin=0"/></net>

<net id="5255"><net_src comp="2348" pin="3"/><net_sink comp="5252" pin=0"/></net>

<net id="5256"><net_src comp="5252" pin="1"/><net_sink comp="2355" pin=0"/></net>

<net id="5260"><net_src comp="2361" pin="3"/><net_sink comp="5257" pin=0"/></net>

<net id="5261"><net_src comp="5257" pin="1"/><net_sink comp="2368" pin=0"/></net>

<net id="5265"><net_src comp="2374" pin="3"/><net_sink comp="5262" pin=0"/></net>

<net id="5266"><net_src comp="5262" pin="1"/><net_sink comp="2381" pin=0"/></net>

<net id="5270"><net_src comp="2387" pin="3"/><net_sink comp="5267" pin=0"/></net>

<net id="5271"><net_src comp="5267" pin="1"/><net_sink comp="2394" pin=0"/></net>

<net id="5275"><net_src comp="2400" pin="3"/><net_sink comp="5272" pin=0"/></net>

<net id="5276"><net_src comp="5272" pin="1"/><net_sink comp="2407" pin=0"/></net>

<net id="5280"><net_src comp="2413" pin="3"/><net_sink comp="5277" pin=0"/></net>

<net id="5281"><net_src comp="5277" pin="1"/><net_sink comp="2420" pin=0"/></net>

<net id="5285"><net_src comp="2426" pin="3"/><net_sink comp="5282" pin=0"/></net>

<net id="5286"><net_src comp="5282" pin="1"/><net_sink comp="2433" pin=0"/></net>

<net id="5290"><net_src comp="2439" pin="3"/><net_sink comp="5287" pin=0"/></net>

<net id="5291"><net_src comp="5287" pin="1"/><net_sink comp="2446" pin=0"/></net>

<net id="5295"><net_src comp="2452" pin="3"/><net_sink comp="5292" pin=0"/></net>

<net id="5296"><net_src comp="5292" pin="1"/><net_sink comp="2459" pin=0"/></net>

<net id="5300"><net_src comp="2465" pin="3"/><net_sink comp="5297" pin=0"/></net>

<net id="5301"><net_src comp="5297" pin="1"/><net_sink comp="2472" pin=0"/></net>

<net id="5305"><net_src comp="2478" pin="3"/><net_sink comp="5302" pin=0"/></net>

<net id="5306"><net_src comp="5302" pin="1"/><net_sink comp="2485" pin=0"/></net>

<net id="5310"><net_src comp="2491" pin="3"/><net_sink comp="5307" pin=0"/></net>

<net id="5311"><net_src comp="5307" pin="1"/><net_sink comp="2498" pin=0"/></net>

<net id="5315"><net_src comp="2504" pin="3"/><net_sink comp="5312" pin=0"/></net>

<net id="5316"><net_src comp="5312" pin="1"/><net_sink comp="2511" pin=0"/></net>

<net id="5320"><net_src comp="2517" pin="3"/><net_sink comp="5317" pin=0"/></net>

<net id="5321"><net_src comp="5317" pin="1"/><net_sink comp="2524" pin=0"/></net>

<net id="5325"><net_src comp="2530" pin="3"/><net_sink comp="5322" pin=0"/></net>

<net id="5326"><net_src comp="5322" pin="1"/><net_sink comp="2537" pin=0"/></net>

<net id="5330"><net_src comp="2543" pin="3"/><net_sink comp="5327" pin=0"/></net>

<net id="5331"><net_src comp="5327" pin="1"/><net_sink comp="2550" pin=0"/></net>

<net id="5335"><net_src comp="2556" pin="3"/><net_sink comp="5332" pin=0"/></net>

<net id="5336"><net_src comp="5332" pin="1"/><net_sink comp="2563" pin=0"/></net>

<net id="5340"><net_src comp="2569" pin="3"/><net_sink comp="5337" pin=0"/></net>

<net id="5341"><net_src comp="5337" pin="1"/><net_sink comp="2576" pin=0"/></net>

<net id="5345"><net_src comp="2582" pin="3"/><net_sink comp="5342" pin=0"/></net>

<net id="5346"><net_src comp="5342" pin="1"/><net_sink comp="2589" pin=0"/></net>

<net id="5350"><net_src comp="2595" pin="3"/><net_sink comp="5347" pin=0"/></net>

<net id="5351"><net_src comp="5347" pin="1"/><net_sink comp="2602" pin=0"/></net>

<net id="5355"><net_src comp="2608" pin="3"/><net_sink comp="5352" pin=0"/></net>

<net id="5356"><net_src comp="5352" pin="1"/><net_sink comp="2615" pin=0"/></net>

<net id="5360"><net_src comp="2621" pin="3"/><net_sink comp="5357" pin=0"/></net>

<net id="5361"><net_src comp="5357" pin="1"/><net_sink comp="2628" pin=0"/></net>

<net id="5365"><net_src comp="2634" pin="3"/><net_sink comp="5362" pin=0"/></net>

<net id="5366"><net_src comp="5362" pin="1"/><net_sink comp="2641" pin=0"/></net>

<net id="5370"><net_src comp="2647" pin="3"/><net_sink comp="5367" pin=0"/></net>

<net id="5371"><net_src comp="5367" pin="1"/><net_sink comp="2654" pin=0"/></net>

<net id="5375"><net_src comp="2660" pin="3"/><net_sink comp="5372" pin=0"/></net>

<net id="5376"><net_src comp="5372" pin="1"/><net_sink comp="2667" pin=0"/></net>

<net id="5380"><net_src comp="2673" pin="3"/><net_sink comp="5377" pin=0"/></net>

<net id="5381"><net_src comp="5377" pin="1"/><net_sink comp="2680" pin=0"/></net>

<net id="5385"><net_src comp="2686" pin="3"/><net_sink comp="5382" pin=0"/></net>

<net id="5386"><net_src comp="5382" pin="1"/><net_sink comp="2693" pin=0"/></net>

<net id="5390"><net_src comp="2699" pin="3"/><net_sink comp="5387" pin=0"/></net>

<net id="5391"><net_src comp="5387" pin="1"/><net_sink comp="2706" pin=0"/></net>

<net id="5395"><net_src comp="2712" pin="3"/><net_sink comp="5392" pin=0"/></net>

<net id="5396"><net_src comp="5392" pin="1"/><net_sink comp="2719" pin=0"/></net>

<net id="5400"><net_src comp="2725" pin="3"/><net_sink comp="5397" pin=0"/></net>

<net id="5401"><net_src comp="5397" pin="1"/><net_sink comp="2732" pin=0"/></net>

<net id="5405"><net_src comp="2738" pin="3"/><net_sink comp="5402" pin=0"/></net>

<net id="5406"><net_src comp="5402" pin="1"/><net_sink comp="2745" pin=0"/></net>

<net id="5410"><net_src comp="2751" pin="3"/><net_sink comp="5407" pin=0"/></net>

<net id="5411"><net_src comp="5407" pin="1"/><net_sink comp="2758" pin=0"/></net>

<net id="5415"><net_src comp="2764" pin="3"/><net_sink comp="5412" pin=0"/></net>

<net id="5416"><net_src comp="5412" pin="1"/><net_sink comp="2771" pin=0"/></net>

<net id="5420"><net_src comp="2777" pin="3"/><net_sink comp="5417" pin=0"/></net>

<net id="5421"><net_src comp="5417" pin="1"/><net_sink comp="2784" pin=0"/></net>

<net id="5425"><net_src comp="2790" pin="3"/><net_sink comp="5422" pin=0"/></net>

<net id="5426"><net_src comp="5422" pin="1"/><net_sink comp="2797" pin=0"/></net>

<net id="5430"><net_src comp="2803" pin="3"/><net_sink comp="5427" pin=0"/></net>

<net id="5431"><net_src comp="5427" pin="1"/><net_sink comp="2810" pin=0"/></net>

<net id="5435"><net_src comp="2816" pin="3"/><net_sink comp="5432" pin=0"/></net>

<net id="5436"><net_src comp="5432" pin="1"/><net_sink comp="2823" pin=0"/></net>

<net id="5440"><net_src comp="2829" pin="3"/><net_sink comp="5437" pin=0"/></net>

<net id="5441"><net_src comp="5437" pin="1"/><net_sink comp="2836" pin=0"/></net>

<net id="5445"><net_src comp="2842" pin="3"/><net_sink comp="5442" pin=0"/></net>

<net id="5446"><net_src comp="5442" pin="1"/><net_sink comp="2849" pin=0"/></net>

<net id="5450"><net_src comp="2855" pin="3"/><net_sink comp="5447" pin=0"/></net>

<net id="5451"><net_src comp="5447" pin="1"/><net_sink comp="2862" pin=0"/></net>

<net id="5455"><net_src comp="2868" pin="3"/><net_sink comp="5452" pin=0"/></net>

<net id="5456"><net_src comp="5452" pin="1"/><net_sink comp="2875" pin=0"/></net>

<net id="5460"><net_src comp="2881" pin="3"/><net_sink comp="5457" pin=0"/></net>

<net id="5461"><net_src comp="5457" pin="1"/><net_sink comp="2888" pin=0"/></net>

<net id="5465"><net_src comp="2894" pin="3"/><net_sink comp="5462" pin=0"/></net>

<net id="5466"><net_src comp="5462" pin="1"/><net_sink comp="2901" pin=0"/></net>

<net id="5470"><net_src comp="2907" pin="3"/><net_sink comp="5467" pin=0"/></net>

<net id="5471"><net_src comp="5467" pin="1"/><net_sink comp="2914" pin=0"/></net>

<net id="5475"><net_src comp="2920" pin="3"/><net_sink comp="5472" pin=0"/></net>

<net id="5476"><net_src comp="5472" pin="1"/><net_sink comp="2927" pin=0"/></net>

<net id="5480"><net_src comp="2933" pin="3"/><net_sink comp="5477" pin=0"/></net>

<net id="5481"><net_src comp="5477" pin="1"/><net_sink comp="2940" pin=0"/></net>

<net id="5485"><net_src comp="2946" pin="3"/><net_sink comp="5482" pin=0"/></net>

<net id="5486"><net_src comp="5482" pin="1"/><net_sink comp="2953" pin=0"/></net>

<net id="5490"><net_src comp="2959" pin="3"/><net_sink comp="5487" pin=0"/></net>

<net id="5491"><net_src comp="5487" pin="1"/><net_sink comp="2966" pin=0"/></net>

<net id="5495"><net_src comp="2972" pin="3"/><net_sink comp="5492" pin=0"/></net>

<net id="5496"><net_src comp="5492" pin="1"/><net_sink comp="2979" pin=0"/></net>

<net id="5500"><net_src comp="2985" pin="3"/><net_sink comp="5497" pin=0"/></net>

<net id="5501"><net_src comp="5497" pin="1"/><net_sink comp="2992" pin=0"/></net>

<net id="5505"><net_src comp="2998" pin="3"/><net_sink comp="5502" pin=0"/></net>

<net id="5506"><net_src comp="5502" pin="1"/><net_sink comp="3005" pin=0"/></net>

<net id="5510"><net_src comp="3011" pin="3"/><net_sink comp="5507" pin=0"/></net>

<net id="5511"><net_src comp="5507" pin="1"/><net_sink comp="3018" pin=0"/></net>

<net id="5515"><net_src comp="3024" pin="3"/><net_sink comp="5512" pin=0"/></net>

<net id="5516"><net_src comp="5512" pin="1"/><net_sink comp="3031" pin=0"/></net>

<net id="5520"><net_src comp="3037" pin="3"/><net_sink comp="5517" pin=0"/></net>

<net id="5521"><net_src comp="5517" pin="1"/><net_sink comp="3044" pin=0"/></net>

<net id="5525"><net_src comp="3050" pin="3"/><net_sink comp="5522" pin=0"/></net>

<net id="5526"><net_src comp="5522" pin="1"/><net_sink comp="3057" pin=0"/></net>

<net id="5530"><net_src comp="3063" pin="3"/><net_sink comp="5527" pin=0"/></net>

<net id="5531"><net_src comp="5527" pin="1"/><net_sink comp="3070" pin=0"/></net>

<net id="5535"><net_src comp="3076" pin="3"/><net_sink comp="5532" pin=0"/></net>

<net id="5536"><net_src comp="5532" pin="1"/><net_sink comp="3083" pin=0"/></net>

<net id="5540"><net_src comp="3089" pin="3"/><net_sink comp="5537" pin=0"/></net>

<net id="5541"><net_src comp="5537" pin="1"/><net_sink comp="3096" pin=0"/></net>

<net id="5545"><net_src comp="3102" pin="3"/><net_sink comp="5542" pin=0"/></net>

<net id="5546"><net_src comp="5542" pin="1"/><net_sink comp="3109" pin=0"/></net>

<net id="5550"><net_src comp="3115" pin="3"/><net_sink comp="5547" pin=0"/></net>

<net id="5551"><net_src comp="5547" pin="1"/><net_sink comp="3122" pin=0"/></net>

<net id="5555"><net_src comp="3128" pin="3"/><net_sink comp="5552" pin=0"/></net>

<net id="5556"><net_src comp="5552" pin="1"/><net_sink comp="3135" pin=0"/></net>

<net id="5560"><net_src comp="3141" pin="3"/><net_sink comp="5557" pin=0"/></net>

<net id="5561"><net_src comp="5557" pin="1"/><net_sink comp="3148" pin=0"/></net>

<net id="5565"><net_src comp="3154" pin="3"/><net_sink comp="5562" pin=0"/></net>

<net id="5566"><net_src comp="5562" pin="1"/><net_sink comp="3161" pin=0"/></net>

<net id="5570"><net_src comp="3167" pin="3"/><net_sink comp="5567" pin=0"/></net>

<net id="5571"><net_src comp="5567" pin="1"/><net_sink comp="3174" pin=0"/></net>

<net id="5575"><net_src comp="3180" pin="3"/><net_sink comp="5572" pin=0"/></net>

<net id="5576"><net_src comp="5572" pin="1"/><net_sink comp="3187" pin=0"/></net>

<net id="5580"><net_src comp="3193" pin="3"/><net_sink comp="5577" pin=0"/></net>

<net id="5581"><net_src comp="5577" pin="1"/><net_sink comp="3200" pin=0"/></net>

<net id="5585"><net_src comp="3206" pin="3"/><net_sink comp="5582" pin=0"/></net>

<net id="5586"><net_src comp="5582" pin="1"/><net_sink comp="3213" pin=0"/></net>

<net id="5590"><net_src comp="3219" pin="3"/><net_sink comp="5587" pin=0"/></net>

<net id="5591"><net_src comp="5587" pin="1"/><net_sink comp="3226" pin=0"/></net>

<net id="5595"><net_src comp="3232" pin="3"/><net_sink comp="5592" pin=0"/></net>

<net id="5596"><net_src comp="5592" pin="1"/><net_sink comp="3239" pin=0"/></net>

<net id="5600"><net_src comp="3245" pin="3"/><net_sink comp="5597" pin=0"/></net>

<net id="5601"><net_src comp="5597" pin="1"/><net_sink comp="3252" pin=0"/></net>

<net id="5605"><net_src comp="3258" pin="3"/><net_sink comp="5602" pin=0"/></net>

<net id="5606"><net_src comp="5602" pin="1"/><net_sink comp="3265" pin=0"/></net>

<net id="5610"><net_src comp="3271" pin="3"/><net_sink comp="5607" pin=0"/></net>

<net id="5611"><net_src comp="5607" pin="1"/><net_sink comp="3278" pin=0"/></net>

<net id="5615"><net_src comp="3284" pin="3"/><net_sink comp="5612" pin=0"/></net>

<net id="5616"><net_src comp="5612" pin="1"/><net_sink comp="3291" pin=0"/></net>

<net id="5620"><net_src comp="3297" pin="3"/><net_sink comp="5617" pin=0"/></net>

<net id="5621"><net_src comp="5617" pin="1"/><net_sink comp="3304" pin=0"/></net>

<net id="5625"><net_src comp="3310" pin="3"/><net_sink comp="5622" pin=0"/></net>

<net id="5626"><net_src comp="5622" pin="1"/><net_sink comp="3317" pin=0"/></net>

<net id="5630"><net_src comp="3323" pin="3"/><net_sink comp="5627" pin=0"/></net>

<net id="5631"><net_src comp="5627" pin="1"/><net_sink comp="3330" pin=0"/></net>

<net id="5635"><net_src comp="3336" pin="3"/><net_sink comp="5632" pin=0"/></net>

<net id="5636"><net_src comp="5632" pin="1"/><net_sink comp="3343" pin=0"/></net>

<net id="5640"><net_src comp="3349" pin="3"/><net_sink comp="5637" pin=0"/></net>

<net id="5641"><net_src comp="5637" pin="1"/><net_sink comp="3356" pin=0"/></net>

<net id="5645"><net_src comp="3362" pin="3"/><net_sink comp="5642" pin=0"/></net>

<net id="5646"><net_src comp="5642" pin="1"/><net_sink comp="3369" pin=0"/></net>

<net id="5650"><net_src comp="3375" pin="3"/><net_sink comp="5647" pin=0"/></net>

<net id="5651"><net_src comp="5647" pin="1"/><net_sink comp="3382" pin=0"/></net>

<net id="5655"><net_src comp="3388" pin="3"/><net_sink comp="5652" pin=0"/></net>

<net id="5656"><net_src comp="5652" pin="1"/><net_sink comp="3395" pin=0"/></net>

<net id="5660"><net_src comp="3401" pin="3"/><net_sink comp="5657" pin=0"/></net>

<net id="5661"><net_src comp="5657" pin="1"/><net_sink comp="3408" pin=0"/></net>

<net id="5665"><net_src comp="3414" pin="3"/><net_sink comp="5662" pin=0"/></net>

<net id="5666"><net_src comp="5662" pin="1"/><net_sink comp="3421" pin=0"/></net>

<net id="5670"><net_src comp="3427" pin="3"/><net_sink comp="5667" pin=0"/></net>

<net id="5671"><net_src comp="5667" pin="1"/><net_sink comp="3434" pin=0"/></net>

<net id="5675"><net_src comp="3440" pin="3"/><net_sink comp="5672" pin=0"/></net>

<net id="5676"><net_src comp="5672" pin="1"/><net_sink comp="3447" pin=0"/></net>

<net id="5680"><net_src comp="3453" pin="3"/><net_sink comp="5677" pin=0"/></net>

<net id="5681"><net_src comp="5677" pin="1"/><net_sink comp="3460" pin=0"/></net>

<net id="5685"><net_src comp="3466" pin="3"/><net_sink comp="5682" pin=0"/></net>

<net id="5686"><net_src comp="5682" pin="1"/><net_sink comp="3473" pin=0"/></net>

<net id="5690"><net_src comp="3479" pin="3"/><net_sink comp="5687" pin=0"/></net>

<net id="5691"><net_src comp="5687" pin="1"/><net_sink comp="3486" pin=0"/></net>

<net id="5695"><net_src comp="3492" pin="3"/><net_sink comp="5692" pin=0"/></net>

<net id="5696"><net_src comp="5692" pin="1"/><net_sink comp="3499" pin=0"/></net>

<net id="5700"><net_src comp="3505" pin="3"/><net_sink comp="5697" pin=0"/></net>

<net id="5701"><net_src comp="5697" pin="1"/><net_sink comp="3512" pin=0"/></net>

<net id="5705"><net_src comp="3518" pin="3"/><net_sink comp="5702" pin=0"/></net>

<net id="5706"><net_src comp="5702" pin="1"/><net_sink comp="3525" pin=0"/></net>

<net id="5710"><net_src comp="3531" pin="3"/><net_sink comp="5707" pin=0"/></net>

<net id="5711"><net_src comp="5707" pin="1"/><net_sink comp="3538" pin=0"/></net>

<net id="5715"><net_src comp="3544" pin="3"/><net_sink comp="5712" pin=0"/></net>

<net id="5716"><net_src comp="5712" pin="1"/><net_sink comp="3551" pin=0"/></net>

<net id="5720"><net_src comp="3557" pin="3"/><net_sink comp="5717" pin=0"/></net>

<net id="5721"><net_src comp="5717" pin="1"/><net_sink comp="3564" pin=0"/></net>

<net id="5725"><net_src comp="3570" pin="3"/><net_sink comp="5722" pin=0"/></net>

<net id="5726"><net_src comp="5722" pin="1"/><net_sink comp="3577" pin=0"/></net>

<net id="5730"><net_src comp="3583" pin="3"/><net_sink comp="5727" pin=0"/></net>

<net id="5731"><net_src comp="5727" pin="1"/><net_sink comp="3590" pin=0"/></net>

<net id="5735"><net_src comp="3596" pin="3"/><net_sink comp="5732" pin=0"/></net>

<net id="5736"><net_src comp="5732" pin="1"/><net_sink comp="3603" pin=0"/></net>

<net id="5740"><net_src comp="3609" pin="3"/><net_sink comp="5737" pin=0"/></net>

<net id="5741"><net_src comp="5737" pin="1"/><net_sink comp="3616" pin=0"/></net>

<net id="5745"><net_src comp="3622" pin="3"/><net_sink comp="5742" pin=0"/></net>

<net id="5746"><net_src comp="5742" pin="1"/><net_sink comp="3629" pin=0"/></net>

<net id="5750"><net_src comp="3635" pin="3"/><net_sink comp="5747" pin=0"/></net>

<net id="5751"><net_src comp="5747" pin="1"/><net_sink comp="3642" pin=0"/></net>

<net id="5755"><net_src comp="3648" pin="3"/><net_sink comp="5752" pin=0"/></net>

<net id="5756"><net_src comp="5752" pin="1"/><net_sink comp="3655" pin=0"/></net>

<net id="5760"><net_src comp="4023" pin="229"/><net_sink comp="5757" pin=0"/></net>

<net id="5761"><net_src comp="5757" pin="1"/><net_sink comp="3665" pin=0"/></net>

<net id="5765"><net_src comp="4483" pin="13"/><net_sink comp="5762" pin=0"/></net>

<net id="5766"><net_src comp="5762" pin="1"/><net_sink comp="3665" pin=1"/></net>

<net id="5770"><net_src comp="3665" pin="2"/><net_sink comp="5767" pin=0"/></net>

<net id="5771"><net_src comp="5767" pin="1"/><net_sink comp="3661" pin=1"/></net>

<net id="5775"><net_src comp="4510" pin="1"/><net_sink comp="5772" pin=0"/></net>

<net id="5776"><net_src comp="5772" pin="1"/><net_sink comp="3661" pin=0"/></net>

</net_list>

</model> 
---------------- Datapath Model END ------------------

* FSMD analyzer results:
  - Output states:
	Port: sum_2_out | {7 }
 - Input state : 
	Port: conv_Pipeline_VITIS_LOOP_65_11_VITIS_LOOP_67_12 : sum | {1 }
	Port: conv_Pipeline_VITIS_LOOP_65_11_VITIS_LOOP_67_12 : tmp_5 | {1 }
	Port: conv_Pipeline_VITIS_LOOP_65_11_VITIS_LOOP_67_12 : local_input | {1 2 }
	Port: conv_Pipeline_VITIS_LOOP_65_11_VITIS_LOOP_67_12 : local_input_1 | {1 2 }
	Port: conv_Pipeline_VITIS_LOOP_65_11_VITIS_LOOP_67_12 : local_input_2 | {1 2 }
	Port: conv_Pipeline_VITIS_LOOP_65_11_VITIS_LOOP_67_12 : local_input_3 | {1 2 }
	Port: conv_Pipeline_VITIS_LOOP_65_11_VITIS_LOOP_67_12 : local_input_4 | {1 2 }
	Port: conv_Pipeline_VITIS_LOOP_65_11_VITIS_LOOP_67_12 : local_input_5 | {1 2 }
	Port: conv_Pipeline_VITIS_LOOP_65_11_VITIS_LOOP_67_12 : local_input_6 | {1 2 }
	Port: conv_Pipeline_VITIS_LOOP_65_11_VITIS_LOOP_67_12 : local_input_7 | {1 2 }
	Port: conv_Pipeline_VITIS_LOOP_65_11_VITIS_LOOP_67_12 : local_input_8 | {1 2 }
	Port: conv_Pipeline_VITIS_LOOP_65_11_VITIS_LOOP_67_12 : local_input_9 | {1 2 }
	Port: conv_Pipeline_VITIS_LOOP_65_11_VITIS_LOOP_67_12 : local_input_10 | {1 2 }
	Port: conv_Pipeline_VITIS_LOOP_65_11_VITIS_LOOP_67_12 : local_input_11 | {1 2 }
	Port: conv_Pipeline_VITIS_LOOP_65_11_VITIS_LOOP_67_12 : local_input_12 | {1 2 }
	Port: conv_Pipeline_VITIS_LOOP_65_11_VITIS_LOOP_67_12 : local_input_13 | {1 2 }
	Port: conv_Pipeline_VITIS_LOOP_65_11_VITIS_LOOP_67_12 : local_input_14 | {1 2 }
	Port: conv_Pipeline_VITIS_LOOP_65_11_VITIS_LOOP_67_12 : local_input_15 | {1 2 }
	Port: conv_Pipeline_VITIS_LOOP_65_11_VITIS_LOOP_67_12 : local_input_16 | {1 2 }
	Port: conv_Pipeline_VITIS_LOOP_65_11_VITIS_LOOP_67_12 : local_input_17 | {1 2 }
	Port: conv_Pipeline_VITIS_LOOP_65_11_VITIS_LOOP_67_12 : local_input_18 | {1 2 }
	Port: conv_Pipeline_VITIS_LOOP_65_11_VITIS_LOOP_67_12 : local_input_19 | {1 2 }
	Port: conv_Pipeline_VITIS_LOOP_65_11_VITIS_LOOP_67_12 : local_input_20 | {1 2 }
	Port: conv_Pipeline_VITIS_LOOP_65_11_VITIS_LOOP_67_12 : local_input_21 | {1 2 }
	Port: conv_Pipeline_VITIS_LOOP_65_11_VITIS_LOOP_67_12 : local_input_22 | {1 2 }
	Port: conv_Pipeline_VITIS_LOOP_65_11_VITIS_LOOP_67_12 : local_input_23 | {1 2 }
	Port: conv_Pipeline_VITIS_LOOP_65_11_VITIS_LOOP_67_12 : local_input_24 | {1 2 }
	Port: conv_Pipeline_VITIS_LOOP_65_11_VITIS_LOOP_67_12 : local_input_25 | {1 2 }
	Port: conv_Pipeline_VITIS_LOOP_65_11_VITIS_LOOP_67_12 : local_input_26 | {1 2 }
	Port: conv_Pipeline_VITIS_LOOP_65_11_VITIS_LOOP_67_12 : local_input_27 | {1 2 }
	Port: conv_Pipeline_VITIS_LOOP_65_11_VITIS_LOOP_67_12 : local_input_28 | {1 2 }
	Port: conv_Pipeline_VITIS_LOOP_65_11_VITIS_LOOP_67_12 : local_input_29 | {1 2 }
	Port: conv_Pipeline_VITIS_LOOP_65_11_VITIS_LOOP_67_12 : local_input_30 | {1 2 }
	Port: conv_Pipeline_VITIS_LOOP_65_11_VITIS_LOOP_67_12 : local_input_31 | {1 2 }
	Port: conv_Pipeline_VITIS_LOOP_65_11_VITIS_LOOP_67_12 : local_input_32 | {1 2 }
	Port: conv_Pipeline_VITIS_LOOP_65_11_VITIS_LOOP_67_12 : local_input_33 | {1 2 }
	Port: conv_Pipeline_VITIS_LOOP_65_11_VITIS_LOOP_67_12 : local_input_34 | {1 2 }
	Port: conv_Pipeline_VITIS_LOOP_65_11_VITIS_LOOP_67_12 : local_input_35 | {1 2 }
	Port: conv_Pipeline_VITIS_LOOP_65_11_VITIS_LOOP_67_12 : local_input_36 | {1 2 }
	Port: conv_Pipeline_VITIS_LOOP_65_11_VITIS_LOOP_67_12 : local_input_37 | {1 2 }
	Port: conv_Pipeline_VITIS_LOOP_65_11_VITIS_LOOP_67_12 : local_input_38 | {1 2 }
	Port: conv_Pipeline_VITIS_LOOP_65_11_VITIS_LOOP_67_12 : local_input_39 | {1 2 }
	Port: conv_Pipeline_VITIS_LOOP_65_11_VITIS_LOOP_67_12 : local_input_40 | {1 2 }
	Port: conv_Pipeline_VITIS_LOOP_65_11_VITIS_LOOP_67_12 : local_input_41 | {1 2 }
	Port: conv_Pipeline_VITIS_LOOP_65_11_VITIS_LOOP_67_12 : local_input_42 | {1 2 }
	Port: conv_Pipeline_VITIS_LOOP_65_11_VITIS_LOOP_67_12 : local_input_43 | {1 2 }
	Port: conv_Pipeline_VITIS_LOOP_65_11_VITIS_LOOP_67_12 : local_input_44 | {1 2 }
	Port: conv_Pipeline_VITIS_LOOP_65_11_VITIS_LOOP_67_12 : local_input_45 | {1 2 }
	Port: conv_Pipeline_VITIS_LOOP_65_11_VITIS_LOOP_67_12 : local_input_46 | {1 2 }
	Port: conv_Pipeline_VITIS_LOOP_65_11_VITIS_LOOP_67_12 : local_input_47 | {1 2 }
	Port: conv_Pipeline_VITIS_LOOP_65_11_VITIS_LOOP_67_12 : local_input_48 | {1 2 }
	Port: conv_Pipeline_VITIS_LOOP_65_11_VITIS_LOOP_67_12 : local_input_49 | {1 2 }
	Port: conv_Pipeline_VITIS_LOOP_65_11_VITIS_LOOP_67_12 : local_input_50 | {1 2 }
	Port: conv_Pipeline_VITIS_LOOP_65_11_VITIS_LOOP_67_12 : local_input_51 | {1 2 }
	Port: conv_Pipeline_VITIS_LOOP_65_11_VITIS_LOOP_67_12 : local_input_52 | {1 2 }
	Port: conv_Pipeline_VITIS_LOOP_65_11_VITIS_LOOP_67_12 : local_input_53 | {1 2 }
	Port: conv_Pipeline_VITIS_LOOP_65_11_VITIS_LOOP_67_12 : local_input_54 | {1 2 }
	Port: conv_Pipeline_VITIS_LOOP_65_11_VITIS_LOOP_67_12 : local_input_55 | {1 2 }
	Port: conv_Pipeline_VITIS_LOOP_65_11_VITIS_LOOP_67_12 : local_input_56 | {1 2 }
	Port: conv_Pipeline_VITIS_LOOP_65_11_VITIS_LOOP_67_12 : local_input_57 | {1 2 }
	Port: conv_Pipeline_VITIS_LOOP_65_11_VITIS_LOOP_67_12 : local_input_58 | {1 2 }
	Port: conv_Pipeline_VITIS_LOOP_65_11_VITIS_LOOP_67_12 : local_input_59 | {1 2 }
	Port: conv_Pipeline_VITIS_LOOP_65_11_VITIS_LOOP_67_12 : local_input_60 | {1 2 }
	Port: conv_Pipeline_VITIS_LOOP_65_11_VITIS_LOOP_67_12 : local_input_61 | {1 2 }
	Port: conv_Pipeline_VITIS_LOOP_65_11_VITIS_LOOP_67_12 : local_input_62 | {1 2 }
	Port: conv_Pipeline_VITIS_LOOP_65_11_VITIS_LOOP_67_12 : local_input_63 | {1 2 }
	Port: conv_Pipeline_VITIS_LOOP_65_11_VITIS_LOOP_67_12 : local_input_64 | {1 2 }
	Port: conv_Pipeline_VITIS_LOOP_65_11_VITIS_LOOP_67_12 : local_input_65 | {1 2 }
	Port: conv_Pipeline_VITIS_LOOP_65_11_VITIS_LOOP_67_12 : local_input_66 | {1 2 }
	Port: conv_Pipeline_VITIS_LOOP_65_11_VITIS_LOOP_67_12 : local_input_67 | {1 2 }
	Port: conv_Pipeline_VITIS_LOOP_65_11_VITIS_LOOP_67_12 : local_input_68 | {1 2 }
	Port: conv_Pipeline_VITIS_LOOP_65_11_VITIS_LOOP_67_12 : local_input_69 | {1 2 }
	Port: conv_Pipeline_VITIS_LOOP_65_11_VITIS_LOOP_67_12 : local_input_70 | {1 2 }
	Port: conv_Pipeline_VITIS_LOOP_65_11_VITIS_LOOP_67_12 : local_input_71 | {1 2 }
	Port: conv_Pipeline_VITIS_LOOP_65_11_VITIS_LOOP_67_12 : local_input_72 | {1 2 }
	Port: conv_Pipeline_VITIS_LOOP_65_11_VITIS_LOOP_67_12 : local_input_73 | {1 2 }
	Port: conv_Pipeline_VITIS_LOOP_65_11_VITIS_LOOP_67_12 : local_input_74 | {1 2 }
	Port: conv_Pipeline_VITIS_LOOP_65_11_VITIS_LOOP_67_12 : local_input_75 | {1 2 }
	Port: conv_Pipeline_VITIS_LOOP_65_11_VITIS_LOOP_67_12 : local_input_76 | {1 2 }
	Port: conv_Pipeline_VITIS_LOOP_65_11_VITIS_LOOP_67_12 : local_input_77 | {1 2 }
	Port: conv_Pipeline_VITIS_LOOP_65_11_VITIS_LOOP_67_12 : local_input_78 | {1 2 }
	Port: conv_Pipeline_VITIS_LOOP_65_11_VITIS_LOOP_67_12 : local_input_79 | {1 2 }
	Port: conv_Pipeline_VITIS_LOOP_65_11_VITIS_LOOP_67_12 : local_input_80 | {1 2 }
	Port: conv_Pipeline_VITIS_LOOP_65_11_VITIS_LOOP_67_12 : local_input_81 | {1 2 }
	Port: conv_Pipeline_VITIS_LOOP_65_11_VITIS_LOOP_67_12 : local_input_82 | {1 2 }
	Port: conv_Pipeline_VITIS_LOOP_65_11_VITIS_LOOP_67_12 : local_input_83 | {1 2 }
	Port: conv_Pipeline_VITIS_LOOP_65_11_VITIS_LOOP_67_12 : local_input_84 | {1 2 }
	Port: conv_Pipeline_VITIS_LOOP_65_11_VITIS_LOOP_67_12 : local_input_85 | {1 2 }
	Port: conv_Pipeline_VITIS_LOOP_65_11_VITIS_LOOP_67_12 : local_input_86 | {1 2 }
	Port: conv_Pipeline_VITIS_LOOP_65_11_VITIS_LOOP_67_12 : local_input_87 | {1 2 }
	Port: conv_Pipeline_VITIS_LOOP_65_11_VITIS_LOOP_67_12 : local_input_88 | {1 2 }
	Port: conv_Pipeline_VITIS_LOOP_65_11_VITIS_LOOP_67_12 : local_input_89 | {1 2 }
	Port: conv_Pipeline_VITIS_LOOP_65_11_VITIS_LOOP_67_12 : local_input_90 | {1 2 }
	Port: conv_Pipeline_VITIS_LOOP_65_11_VITIS_LOOP_67_12 : local_input_91 | {1 2 }
	Port: conv_Pipeline_VITIS_LOOP_65_11_VITIS_LOOP_67_12 : local_input_92 | {1 2 }
	Port: conv_Pipeline_VITIS_LOOP_65_11_VITIS_LOOP_67_12 : local_input_93 | {1 2 }
	Port: conv_Pipeline_VITIS_LOOP_65_11_VITIS_LOOP_67_12 : local_input_94 | {1 2 }
	Port: conv_Pipeline_VITIS_LOOP_65_11_VITIS_LOOP_67_12 : local_input_95 | {1 2 }
	Port: conv_Pipeline_VITIS_LOOP_65_11_VITIS_LOOP_67_12 : local_input_96 | {1 2 }
	Port: conv_Pipeline_VITIS_LOOP_65_11_VITIS_LOOP_67_12 : local_input_97 | {1 2 }
	Port: conv_Pipeline_VITIS_LOOP_65_11_VITIS_LOOP_67_12 : local_input_98 | {1 2 }
	Port: conv_Pipeline_VITIS_LOOP_65_11_VITIS_LOOP_67_12 : local_input_99 | {1 2 }
	Port: conv_Pipeline_VITIS_LOOP_65_11_VITIS_LOOP_67_12 : local_input_100 | {1 2 }
	Port: conv_Pipeline_VITIS_LOOP_65_11_VITIS_LOOP_67_12 : local_input_101 | {1 2 }
	Port: conv_Pipeline_VITIS_LOOP_65_11_VITIS_LOOP_67_12 : local_input_102 | {1 2 }
	Port: conv_Pipeline_VITIS_LOOP_65_11_VITIS_LOOP_67_12 : local_input_103 | {1 2 }
	Port: conv_Pipeline_VITIS_LOOP_65_11_VITIS_LOOP_67_12 : local_input_104 | {1 2 }
	Port: conv_Pipeline_VITIS_LOOP_65_11_VITIS_LOOP_67_12 : local_input_105 | {1 2 }
	Port: conv_Pipeline_VITIS_LOOP_65_11_VITIS_LOOP_67_12 : local_input_106 | {1 2 }
	Port: conv_Pipeline_VITIS_LOOP_65_11_VITIS_LOOP_67_12 : local_input_107 | {1 2 }
	Port: conv_Pipeline_VITIS_LOOP_65_11_VITIS_LOOP_67_12 : local_input_108 | {1 2 }
	Port: conv_Pipeline_VITIS_LOOP_65_11_VITIS_LOOP_67_12 : local_input_109 | {1 2 }
	Port: conv_Pipeline_VITIS_LOOP_65_11_VITIS_LOOP_67_12 : local_input_110 | {1 2 }
	Port: conv_Pipeline_VITIS_LOOP_65_11_VITIS_LOOP_67_12 : local_input_111 | {1 2 }
	Port: conv_Pipeline_VITIS_LOOP_65_11_VITIS_LOOP_67_12 : local_input_112 | {1 2 }
	Port: conv_Pipeline_VITIS_LOOP_65_11_VITIS_LOOP_67_12 : local_input_113 | {1 2 }
	Port: conv_Pipeline_VITIS_LOOP_65_11_VITIS_LOOP_67_12 : local_input_114 | {1 2 }
	Port: conv_Pipeline_VITIS_LOOP_65_11_VITIS_LOOP_67_12 : local_input_115 | {1 2 }
	Port: conv_Pipeline_VITIS_LOOP_65_11_VITIS_LOOP_67_12 : local_input_116 | {1 2 }
	Port: conv_Pipeline_VITIS_LOOP_65_11_VITIS_LOOP_67_12 : local_input_117 | {1 2 }
	Port: conv_Pipeline_VITIS_LOOP_65_11_VITIS_LOOP_67_12 : local_input_118 | {1 2 }
	Port: conv_Pipeline_VITIS_LOOP_65_11_VITIS_LOOP_67_12 : local_input_119 | {1 2 }
	Port: conv_Pipeline_VITIS_LOOP_65_11_VITIS_LOOP_67_12 : local_input_120 | {1 2 }
	Port: conv_Pipeline_VITIS_LOOP_65_11_VITIS_LOOP_67_12 : local_input_121 | {1 2 }
	Port: conv_Pipeline_VITIS_LOOP_65_11_VITIS_LOOP_67_12 : local_input_122 | {1 2 }
	Port: conv_Pipeline_VITIS_LOOP_65_11_VITIS_LOOP_67_12 : local_input_123 | {1 2 }
	Port: conv_Pipeline_VITIS_LOOP_65_11_VITIS_LOOP_67_12 : local_input_124 | {1 2 }
	Port: conv_Pipeline_VITIS_LOOP_65_11_VITIS_LOOP_67_12 : local_input_125 | {1 2 }
	Port: conv_Pipeline_VITIS_LOOP_65_11_VITIS_LOOP_67_12 : local_input_126 | {1 2 }
	Port: conv_Pipeline_VITIS_LOOP_65_11_VITIS_LOOP_67_12 : local_input_127 | {1 2 }
	Port: conv_Pipeline_VITIS_LOOP_65_11_VITIS_LOOP_67_12 : local_input_128 | {1 2 }
	Port: conv_Pipeline_VITIS_LOOP_65_11_VITIS_LOOP_67_12 : local_input_129 | {1 2 }
	Port: conv_Pipeline_VITIS_LOOP_65_11_VITIS_LOOP_67_12 : local_input_130 | {1 2 }
	Port: conv_Pipeline_VITIS_LOOP_65_11_VITIS_LOOP_67_12 : local_input_131 | {1 2 }
	Port: conv_Pipeline_VITIS_LOOP_65_11_VITIS_LOOP_67_12 : local_input_132 | {1 2 }
	Port: conv_Pipeline_VITIS_LOOP_65_11_VITIS_LOOP_67_12 : local_input_133 | {1 2 }
	Port: conv_Pipeline_VITIS_LOOP_65_11_VITIS_LOOP_67_12 : local_input_134 | {1 2 }
	Port: conv_Pipeline_VITIS_LOOP_65_11_VITIS_LOOP_67_12 : local_input_135 | {1 2 }
	Port: conv_Pipeline_VITIS_LOOP_65_11_VITIS_LOOP_67_12 : local_input_136 | {1 2 }
	Port: conv_Pipeline_VITIS_LOOP_65_11_VITIS_LOOP_67_12 : local_input_137 | {1 2 }
	Port: conv_Pipeline_VITIS_LOOP_65_11_VITIS_LOOP_67_12 : local_input_138 | {1 2 }
	Port: conv_Pipeline_VITIS_LOOP_65_11_VITIS_LOOP_67_12 : local_input_139 | {1 2 }
	Port: conv_Pipeline_VITIS_LOOP_65_11_VITIS_LOOP_67_12 : local_input_140 | {1 2 }
	Port: conv_Pipeline_VITIS_LOOP_65_11_VITIS_LOOP_67_12 : local_input_141 | {1 2 }
	Port: conv_Pipeline_VITIS_LOOP_65_11_VITIS_LOOP_67_12 : local_input_142 | {1 2 }
	Port: conv_Pipeline_VITIS_LOOP_65_11_VITIS_LOOP_67_12 : local_input_143 | {1 2 }
	Port: conv_Pipeline_VITIS_LOOP_65_11_VITIS_LOOP_67_12 : local_input_144 | {1 2 }
	Port: conv_Pipeline_VITIS_LOOP_65_11_VITIS_LOOP_67_12 : local_input_145 | {1 2 }
	Port: conv_Pipeline_VITIS_LOOP_65_11_VITIS_LOOP_67_12 : local_input_146 | {1 2 }
	Port: conv_Pipeline_VITIS_LOOP_65_11_VITIS_LOOP_67_12 : local_input_147 | {1 2 }
	Port: conv_Pipeline_VITIS_LOOP_65_11_VITIS_LOOP_67_12 : local_input_148 | {1 2 }
	Port: conv_Pipeline_VITIS_LOOP_65_11_VITIS_LOOP_67_12 : local_input_149 | {1 2 }
	Port: conv_Pipeline_VITIS_LOOP_65_11_VITIS_LOOP_67_12 : local_input_150 | {1 2 }
	Port: conv_Pipeline_VITIS_LOOP_65_11_VITIS_LOOP_67_12 : local_input_151 | {1 2 }
	Port: conv_Pipeline_VITIS_LOOP_65_11_VITIS_LOOP_67_12 : local_input_152 | {1 2 }
	Port: conv_Pipeline_VITIS_LOOP_65_11_VITIS_LOOP_67_12 : local_input_153 | {1 2 }
	Port: conv_Pipeline_VITIS_LOOP_65_11_VITIS_LOOP_67_12 : local_input_154 | {1 2 }
	Port: conv_Pipeline_VITIS_LOOP_65_11_VITIS_LOOP_67_12 : local_input_155 | {1 2 }
	Port: conv_Pipeline_VITIS_LOOP_65_11_VITIS_LOOP_67_12 : local_input_156 | {1 2 }
	Port: conv_Pipeline_VITIS_LOOP_65_11_VITIS_LOOP_67_12 : local_input_157 | {1 2 }
	Port: conv_Pipeline_VITIS_LOOP_65_11_VITIS_LOOP_67_12 : local_input_158 | {1 2 }
	Port: conv_Pipeline_VITIS_LOOP_65_11_VITIS_LOOP_67_12 : local_input_159 | {1 2 }
	Port: conv_Pipeline_VITIS_LOOP_65_11_VITIS_LOOP_67_12 : local_input_160 | {1 2 }
	Port: conv_Pipeline_VITIS_LOOP_65_11_VITIS_LOOP_67_12 : local_input_161 | {1 2 }
	Port: conv_Pipeline_VITIS_LOOP_65_11_VITIS_LOOP_67_12 : local_input_162 | {1 2 }
	Port: conv_Pipeline_VITIS_LOOP_65_11_VITIS_LOOP_67_12 : local_input_163 | {1 2 }
	Port: conv_Pipeline_VITIS_LOOP_65_11_VITIS_LOOP_67_12 : local_input_164 | {1 2 }
	Port: conv_Pipeline_VITIS_LOOP_65_11_VITIS_LOOP_67_12 : local_input_165 | {1 2 }
	Port: conv_Pipeline_VITIS_LOOP_65_11_VITIS_LOOP_67_12 : local_input_166 | {1 2 }
	Port: conv_Pipeline_VITIS_LOOP_65_11_VITIS_LOOP_67_12 : local_input_167 | {1 2 }
	Port: conv_Pipeline_VITIS_LOOP_65_11_VITIS_LOOP_67_12 : local_input_168 | {1 2 }
	Port: conv_Pipeline_VITIS_LOOP_65_11_VITIS_LOOP_67_12 : local_input_169 | {1 2 }
	Port: conv_Pipeline_VITIS_LOOP_65_11_VITIS_LOOP_67_12 : local_input_170 | {1 2 }
	Port: conv_Pipeline_VITIS_LOOP_65_11_VITIS_LOOP_67_12 : local_input_171 | {1 2 }
	Port: conv_Pipeline_VITIS_LOOP_65_11_VITIS_LOOP_67_12 : local_input_172 | {1 2 }
	Port: conv_Pipeline_VITIS_LOOP_65_11_VITIS_LOOP_67_12 : local_input_173 | {1 2 }
	Port: conv_Pipeline_VITIS_LOOP_65_11_VITIS_LOOP_67_12 : local_input_174 | {1 2 }
	Port: conv_Pipeline_VITIS_LOOP_65_11_VITIS_LOOP_67_12 : local_input_175 | {1 2 }
	Port: conv_Pipeline_VITIS_LOOP_65_11_VITIS_LOOP_67_12 : local_input_176 | {1 2 }
	Port: conv_Pipeline_VITIS_LOOP_65_11_VITIS_LOOP_67_12 : local_input_177 | {1 2 }
	Port: conv_Pipeline_VITIS_LOOP_65_11_VITIS_LOOP_67_12 : local_input_178 | {1 2 }
	Port: conv_Pipeline_VITIS_LOOP_65_11_VITIS_LOOP_67_12 : local_input_179 | {1 2 }
	Port: conv_Pipeline_VITIS_LOOP_65_11_VITIS_LOOP_67_12 : local_input_180 | {1 2 }
	Port: conv_Pipeline_VITIS_LOOP_65_11_VITIS_LOOP_67_12 : local_input_181 | {1 2 }
	Port: conv_Pipeline_VITIS_LOOP_65_11_VITIS_LOOP_67_12 : local_input_182 | {1 2 }
	Port: conv_Pipeline_VITIS_LOOP_65_11_VITIS_LOOP_67_12 : local_input_183 | {1 2 }
	Port: conv_Pipeline_VITIS_LOOP_65_11_VITIS_LOOP_67_12 : local_input_184 | {1 2 }
	Port: conv_Pipeline_VITIS_LOOP_65_11_VITIS_LOOP_67_12 : local_input_185 | {1 2 }
	Port: conv_Pipeline_VITIS_LOOP_65_11_VITIS_LOOP_67_12 : local_input_186 | {1 2 }
	Port: conv_Pipeline_VITIS_LOOP_65_11_VITIS_LOOP_67_12 : local_input_187 | {1 2 }
	Port: conv_Pipeline_VITIS_LOOP_65_11_VITIS_LOOP_67_12 : local_input_188 | {1 2 }
	Port: conv_Pipeline_VITIS_LOOP_65_11_VITIS_LOOP_67_12 : local_input_189 | {1 2 }
	Port: conv_Pipeline_VITIS_LOOP_65_11_VITIS_LOOP_67_12 : local_input_190 | {1 2 }
	Port: conv_Pipeline_VITIS_LOOP_65_11_VITIS_LOOP_67_12 : local_input_191 | {1 2 }
	Port: conv_Pipeline_VITIS_LOOP_65_11_VITIS_LOOP_67_12 : local_input_192 | {1 2 }
	Port: conv_Pipeline_VITIS_LOOP_65_11_VITIS_LOOP_67_12 : local_input_193 | {1 2 }
	Port: conv_Pipeline_VITIS_LOOP_65_11_VITIS_LOOP_67_12 : local_input_194 | {1 2 }
	Port: conv_Pipeline_VITIS_LOOP_65_11_VITIS_LOOP_67_12 : local_input_195 | {1 2 }
	Port: conv_Pipeline_VITIS_LOOP_65_11_VITIS_LOOP_67_12 : local_input_196 | {1 2 }
	Port: conv_Pipeline_VITIS_LOOP_65_11_VITIS_LOOP_67_12 : local_input_197 | {1 2 }
	Port: conv_Pipeline_VITIS_LOOP_65_11_VITIS_LOOP_67_12 : local_input_198 | {1 2 }
	Port: conv_Pipeline_VITIS_LOOP_65_11_VITIS_LOOP_67_12 : local_input_199 | {1 2 }
	Port: conv_Pipeline_VITIS_LOOP_65_11_VITIS_LOOP_67_12 : local_input_200 | {1 2 }
	Port: conv_Pipeline_VITIS_LOOP_65_11_VITIS_LOOP_67_12 : local_input_201 | {1 2 }
	Port: conv_Pipeline_VITIS_LOOP_65_11_VITIS_LOOP_67_12 : local_input_202 | {1 2 }
	Port: conv_Pipeline_VITIS_LOOP_65_11_VITIS_LOOP_67_12 : local_input_203 | {1 2 }
	Port: conv_Pipeline_VITIS_LOOP_65_11_VITIS_LOOP_67_12 : local_input_204 | {1 2 }
	Port: conv_Pipeline_VITIS_LOOP_65_11_VITIS_LOOP_67_12 : local_input_205 | {1 2 }
	Port: conv_Pipeline_VITIS_LOOP_65_11_VITIS_LOOP_67_12 : local_input_206 | {1 2 }
	Port: conv_Pipeline_VITIS_LOOP_65_11_VITIS_LOOP_67_12 : local_input_207 | {1 2 }
	Port: conv_Pipeline_VITIS_LOOP_65_11_VITIS_LOOP_67_12 : local_input_208 | {1 2 }
	Port: conv_Pipeline_VITIS_LOOP_65_11_VITIS_LOOP_67_12 : local_input_209 | {1 2 }
	Port: conv_Pipeline_VITIS_LOOP_65_11_VITIS_LOOP_67_12 : local_input_210 | {1 2 }
	Port: conv_Pipeline_VITIS_LOOP_65_11_VITIS_LOOP_67_12 : local_input_211 | {1 2 }
	Port: conv_Pipeline_VITIS_LOOP_65_11_VITIS_LOOP_67_12 : local_input_212 | {1 2 }
	Port: conv_Pipeline_VITIS_LOOP_65_11_VITIS_LOOP_67_12 : local_input_213 | {1 2 }
	Port: conv_Pipeline_VITIS_LOOP_65_11_VITIS_LOOP_67_12 : local_input_214 | {1 2 }
	Port: conv_Pipeline_VITIS_LOOP_65_11_VITIS_LOOP_67_12 : local_input_215 | {1 2 }
	Port: conv_Pipeline_VITIS_LOOP_65_11_VITIS_LOOP_67_12 : local_input_216 | {1 2 }
	Port: conv_Pipeline_VITIS_LOOP_65_11_VITIS_LOOP_67_12 : local_input_217 | {1 2 }
	Port: conv_Pipeline_VITIS_LOOP_65_11_VITIS_LOOP_67_12 : local_input_218 | {1 2 }
	Port: conv_Pipeline_VITIS_LOOP_65_11_VITIS_LOOP_67_12 : local_input_219 | {1 2 }
	Port: conv_Pipeline_VITIS_LOOP_65_11_VITIS_LOOP_67_12 : local_input_220 | {1 2 }
	Port: conv_Pipeline_VITIS_LOOP_65_11_VITIS_LOOP_67_12 : local_input_221 | {1 2 }
	Port: conv_Pipeline_VITIS_LOOP_65_11_VITIS_LOOP_67_12 : local_input_222 | {1 2 }
	Port: conv_Pipeline_VITIS_LOOP_65_11_VITIS_LOOP_67_12 : local_input_223 | {1 2 }
	Port: conv_Pipeline_VITIS_LOOP_65_11_VITIS_LOOP_67_12 : local_input_224 | {1 2 }
	Port: conv_Pipeline_VITIS_LOOP_65_11_VITIS_LOOP_67_12 : local_input_225 | {1 2 }
	Port: conv_Pipeline_VITIS_LOOP_65_11_VITIS_LOOP_67_12 : local_input_226 | {1 2 }
	Port: conv_Pipeline_VITIS_LOOP_65_11_VITIS_LOOP_67_12 : local_weights | {1 2 }
	Port: conv_Pipeline_VITIS_LOOP_65_11_VITIS_LOOP_67_12 : local_weights_1 | {1 2 }
	Port: conv_Pipeline_VITIS_LOOP_65_11_VITIS_LOOP_67_12 : local_weights_2 | {1 2 }
	Port: conv_Pipeline_VITIS_LOOP_65_11_VITIS_LOOP_67_12 : local_weights_3 | {1 2 }
	Port: conv_Pipeline_VITIS_LOOP_65_11_VITIS_LOOP_67_12 : local_weights_4 | {1 2 }
	Port: conv_Pipeline_VITIS_LOOP_65_11_VITIS_LOOP_67_12 : local_weights_5 | {1 2 }
	Port: conv_Pipeline_VITIS_LOOP_65_11_VITIS_LOOP_67_12 : local_weights_6 | {1 2 }
	Port: conv_Pipeline_VITIS_LOOP_65_11_VITIS_LOOP_67_12 : local_weights_7 | {1 2 }
	Port: conv_Pipeline_VITIS_LOOP_65_11_VITIS_LOOP_67_12 : local_weights_8 | {1 2 }
	Port: conv_Pipeline_VITIS_LOOP_65_11_VITIS_LOOP_67_12 : local_weights_9 | {1 2 }
	Port: conv_Pipeline_VITIS_LOOP_65_11_VITIS_LOOP_67_12 : local_weights_10 | {1 2 }
	Port: conv_Pipeline_VITIS_LOOP_65_11_VITIS_LOOP_67_12 : shl_ln1 | {1 }
  - Chain level:
	State 1
		store_ln0 : 1
		store_ln0 : 1
		store_ln0 : 1
		indvar_flatten551_load : 1
		icmp_ln65 : 2
		add_ln65 : 2
		br_ln65 : 3
		kc_load : 1
		kr_load : 1
		icmp_ln67 : 2
		select_ln65 : 3
		add_ln65_1 : 2
		select_ln65_2 : 3
		zext_ln65 : 4
		add_ln65_2 : 5
		zext_ln65_1 : 6
		local_input_addr : 7
		local_input_load : 8
		local_input_1_addr : 7
		local_input_1_load : 8
		local_input_2_addr : 7
		local_input_2_load : 8
		local_input_3_addr : 7
		local_input_3_load : 8
		local_input_4_addr : 7
		local_input_4_load : 8
		local_input_5_addr : 7
		local_input_5_load : 8
		local_input_6_addr : 7
		local_input_6_load : 8
		local_input_7_addr : 7
		local_input_7_load : 8
		local_input_8_addr : 7
		local_input_8_load : 8
		local_input_9_addr : 7
		local_input_9_load : 8
		local_input_10_addr : 7
		local_input_10_load : 8
		local_input_11_addr : 7
		local_input_11_load : 8
		local_input_12_addr : 7
		local_input_12_load : 8
		local_input_13_addr : 7
		local_input_13_load : 8
		local_input_14_addr : 7
		local_input_14_load : 8
		local_input_15_addr : 7
		local_input_15_load : 8
		local_input_16_addr : 7
		local_input_16_load : 8
		local_input_17_addr : 7
		local_input_17_load : 8
		local_input_18_addr : 7
		local_input_18_load : 8
		local_input_19_addr : 7
		local_input_19_load : 8
		local_input_20_addr : 7
		local_input_20_load : 8
		local_input_21_addr : 7
		local_input_21_load : 8
		local_input_22_addr : 7
		local_input_22_load : 8
		local_input_23_addr : 7
		local_input_23_load : 8
		local_input_24_addr : 7
		local_input_24_load : 8
		local_input_25_addr : 7
		local_input_25_load : 8
		local_input_26_addr : 7
		local_input_26_load : 8
		local_input_27_addr : 7
		local_input_27_load : 8
		local_input_28_addr : 7
		local_input_28_load : 8
		local_input_29_addr : 7
		local_input_29_load : 8
		local_input_30_addr : 7
		local_input_30_load : 8
		local_input_31_addr : 7
		local_input_31_load : 8
		local_input_32_addr : 7
		local_input_32_load : 8
		local_input_33_addr : 7
		local_input_33_load : 8
		local_input_34_addr : 7
		local_input_34_load : 8
		local_input_35_addr : 7
		local_input_35_load : 8
		local_input_36_addr : 7
		local_input_36_load : 8
		local_input_37_addr : 7
		local_input_37_load : 8
		local_input_38_addr : 7
		local_input_38_load : 8
		local_input_39_addr : 7
		local_input_39_load : 8
		local_input_40_addr : 7
		local_input_40_load : 8
		local_input_41_addr : 7
		local_input_41_load : 8
		local_input_42_addr : 7
		local_input_42_load : 8
		local_input_43_addr : 7
		local_input_43_load : 8
		local_input_44_addr : 7
		local_input_44_load : 8
		local_input_45_addr : 7
		local_input_45_load : 8
		local_input_46_addr : 7
		local_input_46_load : 8
		local_input_47_addr : 7
		local_input_47_load : 8
		local_input_48_addr : 7
		local_input_48_load : 8
		local_input_49_addr : 7
		local_input_49_load : 8
		local_input_50_addr : 7
		local_input_50_load : 8
		local_input_51_addr : 7
		local_input_51_load : 8
		local_input_52_addr : 7
		local_input_52_load : 8
		local_input_53_addr : 7
		local_input_53_load : 8
		local_input_54_addr : 7
		local_input_54_load : 8
		local_input_55_addr : 7
		local_input_55_load : 8
		local_input_56_addr : 7
		local_input_56_load : 8
		local_input_57_addr : 7
		local_input_57_load : 8
		local_input_58_addr : 7
		local_input_58_load : 8
		local_input_59_addr : 7
		local_input_59_load : 8
		local_input_60_addr : 7
		local_input_60_load : 8
		local_input_61_addr : 7
		local_input_61_load : 8
		local_input_62_addr : 7
		local_input_62_load : 8
		local_input_63_addr : 7
		local_input_63_load : 8
		local_input_64_addr : 7
		local_input_64_load : 8
		local_input_65_addr : 7
		local_input_65_load : 8
		local_input_66_addr : 7
		local_input_66_load : 8
		local_input_67_addr : 7
		local_input_67_load : 8
		local_input_68_addr : 7
		local_input_68_load : 8
		local_input_69_addr : 7
		local_input_69_load : 8
		local_input_70_addr : 7
		local_input_70_load : 8
		local_input_71_addr : 7
		local_input_71_load : 8
		local_input_72_addr : 7
		local_input_72_load : 8
		local_input_73_addr : 7
		local_input_73_load : 8
		local_input_74_addr : 7
		local_input_74_load : 8
		local_input_75_addr : 7
		local_input_75_load : 8
		local_input_76_addr : 7
		local_input_76_load : 8
		local_input_77_addr : 7
		local_input_77_load : 8
		local_input_78_addr : 7
		local_input_78_load : 8
		local_input_79_addr : 7
		local_input_79_load : 8
		local_input_80_addr : 7
		local_input_80_load : 8
		local_input_81_addr : 7
		local_input_81_load : 8
		local_input_82_addr : 7
		local_input_82_load : 8
		local_input_83_addr : 7
		local_input_83_load : 8
		local_input_84_addr : 7
		local_input_84_load : 8
		local_input_85_addr : 7
		local_input_85_load : 8
		local_input_86_addr : 7
		local_input_86_load : 8
		local_input_87_addr : 7
		local_input_87_load : 8
		local_input_88_addr : 7
		local_input_88_load : 8
		local_input_89_addr : 7
		local_input_89_load : 8
		local_input_90_addr : 7
		local_input_90_load : 8
		local_input_91_addr : 7
		local_input_91_load : 8
		local_input_92_addr : 7
		local_input_92_load : 8
		local_input_93_addr : 7
		local_input_93_load : 8
		local_input_94_addr : 7
		local_input_94_load : 8
		local_input_95_addr : 7
		local_input_95_load : 8
		local_input_96_addr : 7
		local_input_96_load : 8
		local_input_97_addr : 7
		local_input_97_load : 8
		local_input_98_addr : 7
		local_input_98_load : 8
		local_input_99_addr : 7
		local_input_99_load : 8
		local_input_100_addr : 7
		local_input_100_load : 8
		local_input_101_addr : 7
		local_input_101_load : 8
		local_input_102_addr : 7
		local_input_102_load : 8
		local_input_103_addr : 7
		local_input_103_load : 8
		local_input_104_addr : 7
		local_input_104_load : 8
		local_input_105_addr : 7
		local_input_105_load : 8
		local_input_106_addr : 7
		local_input_106_load : 8
		local_input_107_addr : 7
		local_input_107_load : 8
		local_input_108_addr : 7
		local_input_108_load : 8
		local_input_109_addr : 7
		local_input_109_load : 8
		local_input_110_addr : 7
		local_input_110_load : 8
		local_input_111_addr : 7
		local_input_111_load : 8
		local_input_112_addr : 7
		local_input_112_load : 8
		local_input_113_addr : 7
		local_input_113_load : 8
		local_input_114_addr : 7
		local_input_114_load : 8
		local_input_115_addr : 7
		local_input_115_load : 8
		local_input_116_addr : 7
		local_input_116_load : 8
		local_input_117_addr : 7
		local_input_117_load : 8
		local_input_118_addr : 7
		local_input_118_load : 8
		local_input_119_addr : 7
		local_input_119_load : 8
		local_input_120_addr : 7
		local_input_120_load : 8
		local_input_121_addr : 7
		local_input_121_load : 8
		local_input_122_addr : 7
		local_input_122_load : 8
		local_input_123_addr : 7
		local_input_123_load : 8
		local_input_124_addr : 7
		local_input_124_load : 8
		local_input_125_addr : 7
		local_input_125_load : 8
		local_input_126_addr : 7
		local_input_126_load : 8
		local_input_127_addr : 7
		local_input_127_load : 8
		local_input_128_addr : 7
		local_input_128_load : 8
		local_input_129_addr : 7
		local_input_129_load : 8
		local_input_130_addr : 7
		local_input_130_load : 8
		local_input_131_addr : 7
		local_input_131_load : 8
		local_input_132_addr : 7
		local_input_132_load : 8
		local_input_133_addr : 7
		local_input_133_load : 8
		local_input_134_addr : 7
		local_input_134_load : 8
		local_input_135_addr : 7
		local_input_135_load : 8
		local_input_136_addr : 7
		local_input_136_load : 8
		local_input_137_addr : 7
		local_input_137_load : 8
		local_input_138_addr : 7
		local_input_138_load : 8
		local_input_139_addr : 7
		local_input_139_load : 8
		local_input_140_addr : 7
		local_input_140_load : 8
		local_input_141_addr : 7
		local_input_141_load : 8
		local_input_142_addr : 7
		local_input_142_load : 8
		local_input_143_addr : 7
		local_input_143_load : 8
		local_input_144_addr : 7
		local_input_144_load : 8
		local_input_145_addr : 7
		local_input_145_load : 8
		local_input_146_addr : 7
		local_input_146_load : 8
		local_input_147_addr : 7
		local_input_147_load : 8
		local_input_148_addr : 7
		local_input_148_load : 8
		local_input_149_addr : 7
		local_input_149_load : 8
		local_input_150_addr : 7
		local_input_150_load : 8
		local_input_151_addr : 7
		local_input_151_load : 8
		local_input_152_addr : 7
		local_input_152_load : 8
		local_input_153_addr : 7
		local_input_153_load : 8
		local_input_154_addr : 7
		local_input_154_load : 8
		local_input_155_addr : 7
		local_input_155_load : 8
		local_input_156_addr : 7
		local_input_156_load : 8
		local_input_157_addr : 7
		local_input_157_load : 8
		local_input_158_addr : 7
		local_input_158_load : 8
		local_input_159_addr : 7
		local_input_159_load : 8
		local_input_160_addr : 7
		local_input_160_load : 8
		local_input_161_addr : 7
		local_input_161_load : 8
		local_input_162_addr : 7
		local_input_162_load : 8
		local_input_163_addr : 7
		local_input_163_load : 8
		local_input_164_addr : 7
		local_input_164_load : 8
		local_input_165_addr : 7
		local_input_165_load : 8
		local_input_166_addr : 7
		local_input_166_load : 8
		local_input_167_addr : 7
		local_input_167_load : 8
		local_input_168_addr : 7
		local_input_168_load : 8
		local_input_169_addr : 7
		local_input_169_load : 8
		local_input_170_addr : 7
		local_input_170_load : 8
		local_input_171_addr : 7
		local_input_171_load : 8
		local_input_172_addr : 7
		local_input_172_load : 8
		local_input_173_addr : 7
		local_input_173_load : 8
		local_input_174_addr : 7
		local_input_174_load : 8
		local_input_175_addr : 7
		local_input_175_load : 8
		local_input_176_addr : 7
		local_input_176_load : 8
		local_input_177_addr : 7
		local_input_177_load : 8
		local_input_178_addr : 7
		local_input_178_load : 8
		local_input_179_addr : 7
		local_input_179_load : 8
		local_input_180_addr : 7
		local_input_180_load : 8
		local_input_181_addr : 7
		local_input_181_load : 8
		local_input_182_addr : 7
		local_input_182_load : 8
		local_input_183_addr : 7
		local_input_183_load : 8
		local_input_184_addr : 7
		local_input_184_load : 8
		local_input_185_addr : 7
		local_input_185_load : 8
		local_input_186_addr : 7
		local_input_186_load : 8
		local_input_187_addr : 7
		local_input_187_load : 8
		local_input_188_addr : 7
		local_input_188_load : 8
		local_input_189_addr : 7
		local_input_189_load : 8
		local_input_190_addr : 7
		local_input_190_load : 8
		local_input_191_addr : 7
		local_input_191_load : 8
		local_input_192_addr : 7
		local_input_192_load : 8
		local_input_193_addr : 7
		local_input_193_load : 8
		local_input_194_addr : 7
		local_input_194_load : 8
		local_input_195_addr : 7
		local_input_195_load : 8
		local_input_196_addr : 7
		local_input_196_load : 8
		local_input_197_addr : 7
		local_input_197_load : 8
		local_input_198_addr : 7
		local_input_198_load : 8
		local_input_199_addr : 7
		local_input_199_load : 8
		local_input_200_addr : 7
		local_input_200_load : 8
		local_input_201_addr : 7
		local_input_201_load : 8
		local_input_202_addr : 7
		local_input_202_load : 8
		local_input_203_addr : 7
		local_input_203_load : 8
		local_input_204_addr : 7
		local_input_204_load : 8
		local_input_205_addr : 7
		local_input_205_load : 8
		local_input_206_addr : 7
		local_input_206_load : 8
		local_input_207_addr : 7
		local_input_207_load : 8
		local_input_208_addr : 7
		local_input_208_load : 8
		local_input_209_addr : 7
		local_input_209_load : 8
		local_input_210_addr : 7
		local_input_210_load : 8
		local_input_211_addr : 7
		local_input_211_load : 8
		local_input_212_addr : 7
		local_input_212_load : 8
		local_input_213_addr : 7
		local_input_213_load : 8
		local_input_214_addr : 7
		local_input_214_load : 8
		local_input_215_addr : 7
		local_input_215_load : 8
		local_input_216_addr : 7
		local_input_216_load : 8
		local_input_217_addr : 7
		local_input_217_load : 8
		local_input_218_addr : 7
		local_input_218_load : 8
		local_input_219_addr : 7
		local_input_219_load : 8
		local_input_220_addr : 7
		local_input_220_load : 8
		local_input_221_addr : 7
		local_input_221_load : 8
		local_input_222_addr : 7
		local_input_222_load : 8
		local_input_223_addr : 7
		local_input_223_load : 8
		local_input_224_addr : 7
		local_input_224_load : 8
		local_input_225_addr : 7
		local_input_225_load : 8
		local_input_226_addr : 7
		local_input_226_load : 8
		zext_ln65_2 : 4
		local_weights_addr : 5
		local_weights_load : 6
		local_weights_1_addr : 5
		local_weights_1_load : 6
		local_weights_2_addr : 5
		local_weights_2_load : 6
		local_weights_3_addr : 5
		local_weights_3_load : 6
		local_weights_4_addr : 5
		local_weights_4_load : 6
		local_weights_5_addr : 5
		local_weights_5_load : 6
		local_weights_6_addr : 5
		local_weights_6_load : 6
		local_weights_7_addr : 5
		local_weights_7_load : 6
		local_weights_8_addr : 5
		local_weights_8_load : 6
		local_weights_9_addr : 5
		local_weights_9_load : 6
		local_weights_10_addr : 5
		local_weights_10_load : 6
		add_ln67 : 4
		store_ln67 : 3
		store_ln67 : 4
		store_ln67 : 5
	State 2
		add_ln74 : 1
		tmp : 2
		tmp_1 : 1
	State 3
	State 4
	State 5
	State 6
	State 7
		sum_1 : 1
		write_ln0 : 1
	State 8
	State 9
	State 10
	State 11
		store_ln67 : 1


============================================================
+ Verbose Summary: Datapath Resource usage 
============================================================

* Functional unit list:
|----------|--------------------------|---------|---------|---------|
| Operation|      Functional Unit     |   DSP   |    FF   |   LUT   |
|----------|--------------------------|---------|---------|---------|
|    mux   |        tmp_fu_4023       |    0    |    0    |   1208  |
|          |       tmp_1_fu_4483      |    0    |    0    |    59   |
|----------|--------------------------|---------|---------|---------|
|   fadd   |        grp_fu_3661       |    2    |   205   |   390   |
|----------|--------------------------|---------|---------|---------|
|   fmul   |        grp_fu_3665       |    3    |   143   |   321   |
|----------|--------------------------|---------|---------|---------|
|          |     add_ln65_fu_3698     |    0    |    0    |    14   |
|          |    add_ln65_1_fu_3724    |    0    |    0    |    13   |
|    add   |    add_ln65_2_fu_3742    |    0    |    0    |    15   |
|          |     add_ln67_fu_3994     |    0    |    0    |    13   |
|          |     add_ln74_fu_4018     |    0    |    0    |    15   |
|----------|--------------------------|---------|---------|---------|
|   icmp   |     icmp_ln65_fu_3692    |    0    |    0    |    10   |
|          |     icmp_ln67_fu_3710    |    0    |    0    |    9    |
|----------|--------------------------|---------|---------|---------|
|  select  |    select_ln65_fu_3716   |    0    |    0    |    4    |
|          |   select_ln65_2_fu_3730  |    0    |    0    |    4    |
|----------|--------------------------|---------|---------|---------|
|          | shl_ln1_read_read_fu_542 |    0    |    0    |    0    |
|   read   |  tmp_5_read_read_fu_548  |    0    |    0    |    0    |
|          |   sum_read_read_fu_554   |    0    |    0    |    0    |
|----------|--------------------------|---------|---------|---------|
|   write  |  write_ln0_write_fu_560  |    0    |    0    |    0    |
|----------|--------------------------|---------|---------|---------|
|          |     zext_ln65_fu_3738    |    0    |    0    |    0    |
|   zext   |    zext_ln65_1_fu_3748   |    0    |    0    |    0    |
|          |    zext_ln65_2_fu_3979   |    0    |    0    |    0    |
|          |     zext_ln72_fu_4015    |    0    |    0    |    0    |
|----------|--------------------------|---------|---------|---------|
|   Total  |                          |    5    |   348   |   2075  |
|----------|--------------------------|---------|---------|---------|

Memories:
N/A

* Register list:
+------------------------------+--------+
|                              |   FF   |
+------------------------------+--------+
|      icmp_ln65_reg_4557      |    1   |
|  indvar_flatten551_reg_4545  |    7   |
|          kc_reg_4531         |    4   |
|          kr_reg_4538         |    4   |
| local_input_100_addr_reg_5067|    8   |
| local_input_101_addr_reg_5072|    8   |
| local_input_102_addr_reg_5077|    8   |
| local_input_103_addr_reg_5082|    8   |
| local_input_104_addr_reg_5087|    8   |
| local_input_105_addr_reg_5092|    8   |
| local_input_106_addr_reg_5097|    8   |
| local_input_107_addr_reg_5102|    8   |
| local_input_108_addr_reg_5107|    8   |
| local_input_109_addr_reg_5112|    8   |
| local_input_10_addr_reg_4617 |    8   |
| local_input_110_addr_reg_5117|    8   |
| local_input_111_addr_reg_5122|    8   |
| local_input_112_addr_reg_5127|    8   |
| local_input_113_addr_reg_5132|    8   |
| local_input_114_addr_reg_5137|    8   |
| local_input_115_addr_reg_5142|    8   |
| local_input_116_addr_reg_5147|    8   |
| local_input_117_addr_reg_5152|    8   |
| local_input_118_addr_reg_5157|    8   |
| local_input_119_addr_reg_5162|    8   |
| local_input_11_addr_reg_4622 |    8   |
| local_input_120_addr_reg_5167|    8   |
| local_input_121_addr_reg_5172|    8   |
| local_input_122_addr_reg_5177|    8   |
| local_input_123_addr_reg_5182|    8   |
| local_input_124_addr_reg_5187|    8   |
| local_input_125_addr_reg_5192|    8   |
| local_input_126_addr_reg_5197|    8   |
| local_input_127_addr_reg_5202|    8   |
| local_input_128_addr_reg_5207|    8   |
| local_input_129_addr_reg_5212|    8   |
| local_input_12_addr_reg_4627 |    8   |
| local_input_130_addr_reg_5217|    8   |
| local_input_131_addr_reg_5222|    8   |
| local_input_132_addr_reg_5227|    8   |
| local_input_133_addr_reg_5232|    8   |
| local_input_134_addr_reg_5237|    8   |
| local_input_135_addr_reg_5242|    8   |
| local_input_136_addr_reg_5247|    8   |
| local_input_137_addr_reg_5252|    8   |
| local_input_138_addr_reg_5257|    8   |
| local_input_139_addr_reg_5262|    8   |
| local_input_13_addr_reg_4632 |    8   |
| local_input_140_addr_reg_5267|    8   |
| local_input_141_addr_reg_5272|    8   |
| local_input_142_addr_reg_5277|    8   |
| local_input_143_addr_reg_5282|    8   |
| local_input_144_addr_reg_5287|    8   |
| local_input_145_addr_reg_5292|    8   |
| local_input_146_addr_reg_5297|    8   |
| local_input_147_addr_reg_5302|    8   |
| local_input_148_addr_reg_5307|    8   |
| local_input_149_addr_reg_5312|    8   |
| local_input_14_addr_reg_4637 |    8   |
| local_input_150_addr_reg_5317|    8   |
| local_input_151_addr_reg_5322|    8   |
| local_input_152_addr_reg_5327|    8   |
| local_input_153_addr_reg_5332|    8   |
| local_input_154_addr_reg_5337|    8   |
| local_input_155_addr_reg_5342|    8   |
| local_input_156_addr_reg_5347|    8   |
| local_input_157_addr_reg_5352|    8   |
| local_input_158_addr_reg_5357|    8   |
| local_input_159_addr_reg_5362|    8   |
| local_input_15_addr_reg_4642 |    8   |
| local_input_160_addr_reg_5367|    8   |
| local_input_161_addr_reg_5372|    8   |
| local_input_162_addr_reg_5377|    8   |
| local_input_163_addr_reg_5382|    8   |
| local_input_164_addr_reg_5387|    8   |
| local_input_165_addr_reg_5392|    8   |
| local_input_166_addr_reg_5397|    8   |
| local_input_167_addr_reg_5402|    8   |
| local_input_168_addr_reg_5407|    8   |
| local_input_169_addr_reg_5412|    8   |
| local_input_16_addr_reg_4647 |    8   |
| local_input_170_addr_reg_5417|    8   |
| local_input_171_addr_reg_5422|    8   |
| local_input_172_addr_reg_5427|    8   |
| local_input_173_addr_reg_5432|    8   |
| local_input_174_addr_reg_5437|    8   |
| local_input_175_addr_reg_5442|    8   |
| local_input_176_addr_reg_5447|    8   |
| local_input_177_addr_reg_5452|    8   |
| local_input_178_addr_reg_5457|    8   |
| local_input_179_addr_reg_5462|    8   |
| local_input_17_addr_reg_4652 |    8   |
| local_input_180_addr_reg_5467|    8   |
| local_input_181_addr_reg_5472|    8   |
| local_input_182_addr_reg_5477|    8   |
| local_input_183_addr_reg_5482|    8   |
| local_input_184_addr_reg_5487|    8   |
| local_input_185_addr_reg_5492|    8   |
| local_input_186_addr_reg_5497|    8   |
| local_input_187_addr_reg_5502|    8   |
| local_input_188_addr_reg_5507|    8   |
| local_input_189_addr_reg_5512|    8   |
| local_input_18_addr_reg_4657 |    8   |
| local_input_190_addr_reg_5517|    8   |
| local_input_191_addr_reg_5522|    8   |
| local_input_192_addr_reg_5527|    8   |
| local_input_193_addr_reg_5532|    8   |
| local_input_194_addr_reg_5537|    8   |
| local_input_195_addr_reg_5542|    8   |
| local_input_196_addr_reg_5547|    8   |
| local_input_197_addr_reg_5552|    8   |
| local_input_198_addr_reg_5557|    8   |
| local_input_199_addr_reg_5562|    8   |
| local_input_19_addr_reg_4662 |    8   |
|  local_input_1_addr_reg_4572 |    8   |
| local_input_200_addr_reg_5567|    8   |
| local_input_201_addr_reg_5572|    8   |
| local_input_202_addr_reg_5577|    8   |
| local_input_203_addr_reg_5582|    8   |
| local_input_204_addr_reg_5587|    8   |
| local_input_205_addr_reg_5592|    8   |
| local_input_206_addr_reg_5597|    8   |
| local_input_207_addr_reg_5602|    8   |
| local_input_208_addr_reg_5607|    8   |
| local_input_209_addr_reg_5612|    8   |
| local_input_20_addr_reg_4667 |    8   |
| local_input_210_addr_reg_5617|    8   |
| local_input_211_addr_reg_5622|    8   |
| local_input_212_addr_reg_5627|    8   |
| local_input_213_addr_reg_5632|    8   |
| local_input_214_addr_reg_5637|    8   |
| local_input_215_addr_reg_5642|    8   |
| local_input_216_addr_reg_5647|    8   |
| local_input_217_addr_reg_5652|    8   |
| local_input_218_addr_reg_5657|    8   |
| local_input_219_addr_reg_5662|    8   |
| local_input_21_addr_reg_4672 |    8   |
| local_input_220_addr_reg_5667|    8   |
| local_input_221_addr_reg_5672|    8   |
| local_input_222_addr_reg_5677|    8   |
| local_input_223_addr_reg_5682|    8   |
| local_input_224_addr_reg_5687|    8   |
| local_input_225_addr_reg_5692|    8   |
| local_input_226_addr_reg_5697|    8   |
| local_input_22_addr_reg_4677 |    8   |
| local_input_23_addr_reg_4682 |    8   |
| local_input_24_addr_reg_4687 |    8   |
| local_input_25_addr_reg_4692 |    8   |
| local_input_26_addr_reg_4697 |    8   |
| local_input_27_addr_reg_4702 |    8   |
| local_input_28_addr_reg_4707 |    8   |
| local_input_29_addr_reg_4712 |    8   |
|  local_input_2_addr_reg_4577 |    8   |
| local_input_30_addr_reg_4717 |    8   |
| local_input_31_addr_reg_4722 |    8   |
| local_input_32_addr_reg_4727 |    8   |
| local_input_33_addr_reg_4732 |    8   |
| local_input_34_addr_reg_4737 |    8   |
| local_input_35_addr_reg_4742 |    8   |
| local_input_36_addr_reg_4747 |    8   |
| local_input_37_addr_reg_4752 |    8   |
| local_input_38_addr_reg_4757 |    8   |
| local_input_39_addr_reg_4762 |    8   |
|  local_input_3_addr_reg_4582 |    8   |
| local_input_40_addr_reg_4767 |    8   |
| local_input_41_addr_reg_4772 |    8   |
| local_input_42_addr_reg_4777 |    8   |
| local_input_43_addr_reg_4782 |    8   |
| local_input_44_addr_reg_4787 |    8   |
| local_input_45_addr_reg_4792 |    8   |
| local_input_46_addr_reg_4797 |    8   |
| local_input_47_addr_reg_4802 |    8   |
| local_input_48_addr_reg_4807 |    8   |
| local_input_49_addr_reg_4812 |    8   |
|  local_input_4_addr_reg_4587 |    8   |
| local_input_50_addr_reg_4817 |    8   |
| local_input_51_addr_reg_4822 |    8   |
| local_input_52_addr_reg_4827 |    8   |
| local_input_53_addr_reg_4832 |    8   |
| local_input_54_addr_reg_4837 |    8   |
| local_input_55_addr_reg_4842 |    8   |
| local_input_56_addr_reg_4847 |    8   |
| local_input_57_addr_reg_4852 |    8   |
| local_input_58_addr_reg_4857 |    8   |
| local_input_59_addr_reg_4862 |    8   |
|  local_input_5_addr_reg_4592 |    8   |
| local_input_60_addr_reg_4867 |    8   |
| local_input_61_addr_reg_4872 |    8   |
| local_input_62_addr_reg_4877 |    8   |
| local_input_63_addr_reg_4882 |    8   |
| local_input_64_addr_reg_4887 |    8   |
| local_input_65_addr_reg_4892 |    8   |
| local_input_66_addr_reg_4897 |    8   |
| local_input_67_addr_reg_4902 |    8   |
| local_input_68_addr_reg_4907 |    8   |
| local_input_69_addr_reg_4912 |    8   |
|  local_input_6_addr_reg_4597 |    8   |
| local_input_70_addr_reg_4917 |    8   |
| local_input_71_addr_reg_4922 |    8   |
| local_input_72_addr_reg_4927 |    8   |
| local_input_73_addr_reg_4932 |    8   |
| local_input_74_addr_reg_4937 |    8   |
| local_input_75_addr_reg_4942 |    8   |
| local_input_76_addr_reg_4947 |    8   |
| local_input_77_addr_reg_4952 |    8   |
| local_input_78_addr_reg_4957 |    8   |
| local_input_79_addr_reg_4962 |    8   |
|  local_input_7_addr_reg_4602 |    8   |
| local_input_80_addr_reg_4967 |    8   |
| local_input_81_addr_reg_4972 |    8   |
| local_input_82_addr_reg_4977 |    8   |
| local_input_83_addr_reg_4982 |    8   |
| local_input_84_addr_reg_4987 |    8   |
| local_input_85_addr_reg_4992 |    8   |
| local_input_86_addr_reg_4997 |    8   |
| local_input_87_addr_reg_5002 |    8   |
| local_input_88_addr_reg_5007 |    8   |
| local_input_89_addr_reg_5012 |    8   |
|  local_input_8_addr_reg_4607 |    8   |
| local_input_90_addr_reg_5017 |    8   |
| local_input_91_addr_reg_5022 |    8   |
| local_input_92_addr_reg_5027 |    8   |
| local_input_93_addr_reg_5032 |    8   |
| local_input_94_addr_reg_5037 |    8   |
| local_input_95_addr_reg_5042 |    8   |
| local_input_96_addr_reg_5047 |    8   |
| local_input_97_addr_reg_5052 |    8   |
| local_input_98_addr_reg_5057 |    8   |
| local_input_99_addr_reg_5062 |    8   |
|  local_input_9_addr_reg_4612 |    8   |
|   local_input_addr_reg_4567  |    8   |
|local_weights_10_addr_reg_5752|    4   |
| local_weights_1_addr_reg_5707|    4   |
| local_weights_2_addr_reg_5712|    4   |
| local_weights_3_addr_reg_5717|    4   |
| local_weights_4_addr_reg_5722|    4   |
| local_weights_5_addr_reg_5727|    4   |
| local_weights_6_addr_reg_5732|    4   |
| local_weights_7_addr_reg_5737|    4   |
| local_weights_8_addr_reg_5742|    4   |
| local_weights_9_addr_reg_5747|    4   |
|  local_weights_addr_reg_5702 |    4   |
|         mul_reg_5767         |   32   |
|     select_ln65_reg_4561     |    4   |
|     shl_ln1_read_reg_4552    |    8   |
|      sum_2_load_reg_5772     |   32   |
|        sum_2_reg_4523        |   32   |
|        tmp_1_reg_5762        |   32   |
|         tmp_reg_5757         |   32   |
+------------------------------+--------+
|             Total            |  2048  |
+------------------------------+--------+

* Multiplexer (MUX) list: 
|--------------------|------|------|------|--------||---------||---------|
|        Comp        |  Pin | Size |  BW  | S x BW ||  Delay  ||   LUT   |
|--------------------|------|------|------|--------||---------||---------|
|  grp_access_fu_574 |  p0  |   2  |   8  |   16   ||    9    |
|  grp_access_fu_587 |  p0  |   2  |   8  |   16   ||    9    |
|  grp_access_fu_600 |  p0  |   2  |   8  |   16   ||    9    |
|  grp_access_fu_613 |  p0  |   2  |   8  |   16   ||    9    |
|  grp_access_fu_626 |  p0  |   2  |   8  |   16   ||    9    |
|  grp_access_fu_639 |  p0  |   2  |   8  |   16   ||    9    |
|  grp_access_fu_652 |  p0  |   2  |   8  |   16   ||    9    |
|  grp_access_fu_665 |  p0  |   2  |   8  |   16   ||    9    |
|  grp_access_fu_678 |  p0  |   2  |   8  |   16   ||    9    |
|  grp_access_fu_691 |  p0  |   2  |   8  |   16   ||    9    |
|  grp_access_fu_704 |  p0  |   2  |   8  |   16   ||    9    |
|  grp_access_fu_717 |  p0  |   2  |   8  |   16   ||    9    |
|  grp_access_fu_730 |  p0  |   2  |   8  |   16   ||    9    |
|  grp_access_fu_743 |  p0  |   2  |   8  |   16   ||    9    |
|  grp_access_fu_756 |  p0  |   2  |   8  |   16   ||    9    |
|  grp_access_fu_769 |  p0  |   2  |   8  |   16   ||    9    |
|  grp_access_fu_782 |  p0  |   2  |   8  |   16   ||    9    |
|  grp_access_fu_795 |  p0  |   2  |   8  |   16   ||    9    |
|  grp_access_fu_808 |  p0  |   2  |   8  |   16   ||    9    |
|  grp_access_fu_821 |  p0  |   2  |   8  |   16   ||    9    |
|  grp_access_fu_834 |  p0  |   2  |   8  |   16   ||    9    |
|  grp_access_fu_847 |  p0  |   2  |   8  |   16   ||    9    |
|  grp_access_fu_860 |  p0  |   2  |   8  |   16   ||    9    |
|  grp_access_fu_873 |  p0  |   2  |   8  |   16   ||    9    |
|  grp_access_fu_886 |  p0  |   2  |   8  |   16   ||    9    |
|  grp_access_fu_899 |  p0  |   2  |   8  |   16   ||    9    |
|  grp_access_fu_912 |  p0  |   2  |   8  |   16   ||    9    |
|  grp_access_fu_925 |  p0  |   2  |   8  |   16   ||    9    |
|  grp_access_fu_938 |  p0  |   2  |   8  |   16   ||    9    |
|  grp_access_fu_951 |  p0  |   2  |   8  |   16   ||    9    |
|  grp_access_fu_964 |  p0  |   2  |   8  |   16   ||    9    |
|  grp_access_fu_977 |  p0  |   2  |   8  |   16   ||    9    |
|  grp_access_fu_990 |  p0  |   2  |   8  |   16   ||    9    |
| grp_access_fu_1003 |  p0  |   2  |   8  |   16   ||    9    |
| grp_access_fu_1016 |  p0  |   2  |   8  |   16   ||    9    |
| grp_access_fu_1029 |  p0  |   2  |   8  |   16   ||    9    |
| grp_access_fu_1042 |  p0  |   2  |   8  |   16   ||    9    |
| grp_access_fu_1055 |  p0  |   2  |   8  |   16   ||    9    |
| grp_access_fu_1068 |  p0  |   2  |   8  |   16   ||    9    |
| grp_access_fu_1081 |  p0  |   2  |   8  |   16   ||    9    |
| grp_access_fu_1094 |  p0  |   2  |   8  |   16   ||    9    |
| grp_access_fu_1107 |  p0  |   2  |   8  |   16   ||    9    |
| grp_access_fu_1120 |  p0  |   2  |   8  |   16   ||    9    |
| grp_access_fu_1133 |  p0  |   2  |   8  |   16   ||    9    |
| grp_access_fu_1146 |  p0  |   2  |   8  |   16   ||    9    |
| grp_access_fu_1159 |  p0  |   2  |   8  |   16   ||    9    |
| grp_access_fu_1172 |  p0  |   2  |   8  |   16   ||    9    |
| grp_access_fu_1185 |  p0  |   2  |   8  |   16   ||    9    |
| grp_access_fu_1198 |  p0  |   2  |   8  |   16   ||    9    |
| grp_access_fu_1211 |  p0  |   2  |   8  |   16   ||    9    |
| grp_access_fu_1224 |  p0  |   2  |   8  |   16   ||    9    |
| grp_access_fu_1237 |  p0  |   2  |   8  |   16   ||    9    |
| grp_access_fu_1250 |  p0  |   2  |   8  |   16   ||    9    |
| grp_access_fu_1263 |  p0  |   2  |   8  |   16   ||    9    |
| grp_access_fu_1276 |  p0  |   2  |   8  |   16   ||    9    |
| grp_access_fu_1289 |  p0  |   2  |   8  |   16   ||    9    |
| grp_access_fu_1302 |  p0  |   2  |   8  |   16   ||    9    |
| grp_access_fu_1315 |  p0  |   2  |   8  |   16   ||    9    |
| grp_access_fu_1328 |  p0  |   2  |   8  |   16   ||    9    |
| grp_access_fu_1341 |  p0  |   2  |   8  |   16   ||    9    |
| grp_access_fu_1354 |  p0  |   2  |   8  |   16   ||    9    |
| grp_access_fu_1367 |  p0  |   2  |   8  |   16   ||    9    |
| grp_access_fu_1380 |  p0  |   2  |   8  |   16   ||    9    |
| grp_access_fu_1393 |  p0  |   2  |   8  |   16   ||    9    |
| grp_access_fu_1406 |  p0  |   2  |   8  |   16   ||    9    |
| grp_access_fu_1419 |  p0  |   2  |   8  |   16   ||    9    |
| grp_access_fu_1432 |  p0  |   2  |   8  |   16   ||    9    |
| grp_access_fu_1445 |  p0  |   2  |   8  |   16   ||    9    |
| grp_access_fu_1458 |  p0  |   2  |   8  |   16   ||    9    |
| grp_access_fu_1471 |  p0  |   2  |   8  |   16   ||    9    |
| grp_access_fu_1484 |  p0  |   2  |   8  |   16   ||    9    |
| grp_access_fu_1497 |  p0  |   2  |   8  |   16   ||    9    |
| grp_access_fu_1510 |  p0  |   2  |   8  |   16   ||    9    |
| grp_access_fu_1523 |  p0  |   2  |   8  |   16   ||    9    |
| grp_access_fu_1536 |  p0  |   2  |   8  |   16   ||    9    |
| grp_access_fu_1549 |  p0  |   2  |   8  |   16   ||    9    |
| grp_access_fu_1562 |  p0  |   2  |   8  |   16   ||    9    |
| grp_access_fu_1575 |  p0  |   2  |   8  |   16   ||    9    |
| grp_access_fu_1588 |  p0  |   2  |   8  |   16   ||    9    |
| grp_access_fu_1601 |  p0  |   2  |   8  |   16   ||    9    |
| grp_access_fu_1614 |  p0  |   2  |   8  |   16   ||    9    |
| grp_access_fu_1627 |  p0  |   2  |   8  |   16   ||    9    |
| grp_access_fu_1640 |  p0  |   2  |   8  |   16   ||    9    |
| grp_access_fu_1653 |  p0  |   2  |   8  |   16   ||    9    |
| grp_access_fu_1666 |  p0  |   2  |   8  |   16   ||    9    |
| grp_access_fu_1679 |  p0  |   2  |   8  |   16   ||    9    |
| grp_access_fu_1692 |  p0  |   2  |   8  |   16   ||    9    |
| grp_access_fu_1705 |  p0  |   2  |   8  |   16   ||    9    |
| grp_access_fu_1718 |  p0  |   2  |   8  |   16   ||    9    |
| grp_access_fu_1731 |  p0  |   2  |   8  |   16   ||    9    |
| grp_access_fu_1744 |  p0  |   2  |   8  |   16   ||    9    |
| grp_access_fu_1757 |  p0  |   2  |   8  |   16   ||    9    |
| grp_access_fu_1770 |  p0  |   2  |   8  |   16   ||    9    |
| grp_access_fu_1783 |  p0  |   2  |   8  |   16   ||    9    |
| grp_access_fu_1796 |  p0  |   2  |   8  |   16   ||    9    |
| grp_access_fu_1809 |  p0  |   2  |   8  |   16   ||    9    |
| grp_access_fu_1822 |  p0  |   2  |   8  |   16   ||    9    |
| grp_access_fu_1835 |  p0  |   2  |   8  |   16   ||    9    |
| grp_access_fu_1848 |  p0  |   2  |   8  |   16   ||    9    |
| grp_access_fu_1861 |  p0  |   2  |   8  |   16   ||    9    |
| grp_access_fu_1874 |  p0  |   2  |   8  |   16   ||    9    |
| grp_access_fu_1887 |  p0  |   2  |   8  |   16   ||    9    |
| grp_access_fu_1900 |  p0  |   2  |   8  |   16   ||    9    |
| grp_access_fu_1913 |  p0  |   2  |   8  |   16   ||    9    |
| grp_access_fu_1926 |  p0  |   2  |   8  |   16   ||    9    |
| grp_access_fu_1939 |  p0  |   2  |   8  |   16   ||    9    |
| grp_access_fu_1952 |  p0  |   2  |   8  |   16   ||    9    |
| grp_access_fu_1965 |  p0  |   2  |   8  |   16   ||    9    |
| grp_access_fu_1978 |  p0  |   2  |   8  |   16   ||    9    |
| grp_access_fu_1991 |  p0  |   2  |   8  |   16   ||    9    |
| grp_access_fu_2004 |  p0  |   2  |   8  |   16   ||    9    |
| grp_access_fu_2017 |  p0  |   2  |   8  |   16   ||    9    |
| grp_access_fu_2030 |  p0  |   2  |   8  |   16   ||    9    |
| grp_access_fu_2043 |  p0  |   2  |   8  |   16   ||    9    |
| grp_access_fu_2056 |  p0  |   2  |   8  |   16   ||    9    |
| grp_access_fu_2069 |  p0  |   2  |   8  |   16   ||    9    |
| grp_access_fu_2082 |  p0  |   2  |   8  |   16   ||    9    |
| grp_access_fu_2095 |  p0  |   2  |   8  |   16   ||    9    |
| grp_access_fu_2108 |  p0  |   2  |   8  |   16   ||    9    |
| grp_access_fu_2121 |  p0  |   2  |   8  |   16   ||    9    |
| grp_access_fu_2134 |  p0  |   2  |   8  |   16   ||    9    |
| grp_access_fu_2147 |  p0  |   2  |   8  |   16   ||    9    |
| grp_access_fu_2160 |  p0  |   2  |   8  |   16   ||    9    |
| grp_access_fu_2173 |  p0  |   2  |   8  |   16   ||    9    |
| grp_access_fu_2186 |  p0  |   2  |   8  |   16   ||    9    |
| grp_access_fu_2199 |  p0  |   2  |   8  |   16   ||    9    |
| grp_access_fu_2212 |  p0  |   2  |   8  |   16   ||    9    |
| grp_access_fu_2225 |  p0  |   2  |   8  |   16   ||    9    |
| grp_access_fu_2238 |  p0  |   2  |   8  |   16   ||    9    |
| grp_access_fu_2251 |  p0  |   2  |   8  |   16   ||    9    |
| grp_access_fu_2264 |  p0  |   2  |   8  |   16   ||    9    |
| grp_access_fu_2277 |  p0  |   2  |   8  |   16   ||    9    |
| grp_access_fu_2290 |  p0  |   2  |   8  |   16   ||    9    |
| grp_access_fu_2303 |  p0  |   2  |   8  |   16   ||    9    |
| grp_access_fu_2316 |  p0  |   2  |   8  |   16   ||    9    |
| grp_access_fu_2329 |  p0  |   2  |   8  |   16   ||    9    |
| grp_access_fu_2342 |  p0  |   2  |   8  |   16   ||    9    |
| grp_access_fu_2355 |  p0  |   2  |   8  |   16   ||    9    |
| grp_access_fu_2368 |  p0  |   2  |   8  |   16   ||    9    |
| grp_access_fu_2381 |  p0  |   2  |   8  |   16   ||    9    |
| grp_access_fu_2394 |  p0  |   2  |   8  |   16   ||    9    |
| grp_access_fu_2407 |  p0  |   2  |   8  |   16   ||    9    |
| grp_access_fu_2420 |  p0  |   2  |   8  |   16   ||    9    |
| grp_access_fu_2433 |  p0  |   2  |   8  |   16   ||    9    |
| grp_access_fu_2446 |  p0  |   2  |   8  |   16   ||    9    |
| grp_access_fu_2459 |  p0  |   2  |   8  |   16   ||    9    |
| grp_access_fu_2472 |  p0  |   2  |   8  |   16   ||    9    |
| grp_access_fu_2485 |  p0  |   2  |   8  |   16   ||    9    |
| grp_access_fu_2498 |  p0  |   2  |   8  |   16   ||    9    |
| grp_access_fu_2511 |  p0  |   2  |   8  |   16   ||    9    |
| grp_access_fu_2524 |  p0  |   2  |   8  |   16   ||    9    |
| grp_access_fu_2537 |  p0  |   2  |   8  |   16   ||    9    |
| grp_access_fu_2550 |  p0  |   2  |   8  |   16   ||    9    |
| grp_access_fu_2563 |  p0  |   2  |   8  |   16   ||    9    |
| grp_access_fu_2576 |  p0  |   2  |   8  |   16   ||    9    |
| grp_access_fu_2589 |  p0  |   2  |   8  |   16   ||    9    |
| grp_access_fu_2602 |  p0  |   2  |   8  |   16   ||    9    |
| grp_access_fu_2615 |  p0  |   2  |   8  |   16   ||    9    |
| grp_access_fu_2628 |  p0  |   2  |   8  |   16   ||    9    |
| grp_access_fu_2641 |  p0  |   2  |   8  |   16   ||    9    |
| grp_access_fu_2654 |  p0  |   2  |   8  |   16   ||    9    |
| grp_access_fu_2667 |  p0  |   2  |   8  |   16   ||    9    |
| grp_access_fu_2680 |  p0  |   2  |   8  |   16   ||    9    |
| grp_access_fu_2693 |  p0  |   2  |   8  |   16   ||    9    |
| grp_access_fu_2706 |  p0  |   2  |   8  |   16   ||    9    |
| grp_access_fu_2719 |  p0  |   2  |   8  |   16   ||    9    |
| grp_access_fu_2732 |  p0  |   2  |   8  |   16   ||    9    |
| grp_access_fu_2745 |  p0  |   2  |   8  |   16   ||    9    |
| grp_access_fu_2758 |  p0  |   2  |   8  |   16   ||    9    |
| grp_access_fu_2771 |  p0  |   2  |   8  |   16   ||    9    |
| grp_access_fu_2784 |  p0  |   2  |   8  |   16   ||    9    |
| grp_access_fu_2797 |  p0  |   2  |   8  |   16   ||    9    |
| grp_access_fu_2810 |  p0  |   2  |   8  |   16   ||    9    |
| grp_access_fu_2823 |  p0  |   2  |   8  |   16   ||    9    |
| grp_access_fu_2836 |  p0  |   2  |   8  |   16   ||    9    |
| grp_access_fu_2849 |  p0  |   2  |   8  |   16   ||    9    |
| grp_access_fu_2862 |  p0  |   2  |   8  |   16   ||    9    |
| grp_access_fu_2875 |  p0  |   2  |   8  |   16   ||    9    |
| grp_access_fu_2888 |  p0  |   2  |   8  |   16   ||    9    |
| grp_access_fu_2901 |  p0  |   2  |   8  |   16   ||    9    |
| grp_access_fu_2914 |  p0  |   2  |   8  |   16   ||    9    |
| grp_access_fu_2927 |  p0  |   2  |   8  |   16   ||    9    |
| grp_access_fu_2940 |  p0  |   2  |   8  |   16   ||    9    |
| grp_access_fu_2953 |  p0  |   2  |   8  |   16   ||    9    |
| grp_access_fu_2966 |  p0  |   2  |   8  |   16   ||    9    |
| grp_access_fu_2979 |  p0  |   2  |   8  |   16   ||    9    |
| grp_access_fu_2992 |  p0  |   2  |   8  |   16   ||    9    |
| grp_access_fu_3005 |  p0  |   2  |   8  |   16   ||    9    |
| grp_access_fu_3018 |  p0  |   2  |   8  |   16   ||    9    |
| grp_access_fu_3031 |  p0  |   2  |   8  |   16   ||    9    |
| grp_access_fu_3044 |  p0  |   2  |   8  |   16   ||    9    |
| grp_access_fu_3057 |  p0  |   2  |   8  |   16   ||    9    |
| grp_access_fu_3070 |  p0  |   2  |   8  |   16   ||    9    |
| grp_access_fu_3083 |  p0  |   2  |   8  |   16   ||    9    |
| grp_access_fu_3096 |  p0  |   2  |   8  |   16   ||    9    |
| grp_access_fu_3109 |  p0  |   2  |   8  |   16   ||    9    |
| grp_access_fu_3122 |  p0  |   2  |   8  |   16   ||    9    |
| grp_access_fu_3135 |  p0  |   2  |   8  |   16   ||    9    |
| grp_access_fu_3148 |  p0  |   2  |   8  |   16   ||    9    |
| grp_access_fu_3161 |  p0  |   2  |   8  |   16   ||    9    |
| grp_access_fu_3174 |  p0  |   2  |   8  |   16   ||    9    |
| grp_access_fu_3187 |  p0  |   2  |   8  |   16   ||    9    |
| grp_access_fu_3200 |  p0  |   2  |   8  |   16   ||    9    |
| grp_access_fu_3213 |  p0  |   2  |   8  |   16   ||    9    |
| grp_access_fu_3226 |  p0  |   2  |   8  |   16   ||    9    |
| grp_access_fu_3239 |  p0  |   2  |   8  |   16   ||    9    |
| grp_access_fu_3252 |  p0  |   2  |   8  |   16   ||    9    |
| grp_access_fu_3265 |  p0  |   2  |   8  |   16   ||    9    |
| grp_access_fu_3278 |  p0  |   2  |   8  |   16   ||    9    |
| grp_access_fu_3291 |  p0  |   2  |   8  |   16   ||    9    |
| grp_access_fu_3304 |  p0  |   2  |   8  |   16   ||    9    |
| grp_access_fu_3317 |  p0  |   2  |   8  |   16   ||    9    |
| grp_access_fu_3330 |  p0  |   2  |   8  |   16   ||    9    |
| grp_access_fu_3343 |  p0  |   2  |   8  |   16   ||    9    |
| grp_access_fu_3356 |  p0  |   2  |   8  |   16   ||    9    |
| grp_access_fu_3369 |  p0  |   2  |   8  |   16   ||    9    |
| grp_access_fu_3382 |  p0  |   2  |   8  |   16   ||    9    |
| grp_access_fu_3395 |  p0  |   2  |   8  |   16   ||    9    |
| grp_access_fu_3408 |  p0  |   2  |   8  |   16   ||    9    |
| grp_access_fu_3421 |  p0  |   2  |   8  |   16   ||    9    |
| grp_access_fu_3434 |  p0  |   2  |   8  |   16   ||    9    |
| grp_access_fu_3447 |  p0  |   2  |   8  |   16   ||    9    |
| grp_access_fu_3460 |  p0  |   2  |   8  |   16   ||    9    |
| grp_access_fu_3473 |  p0  |   2  |   8  |   16   ||    9    |
| grp_access_fu_3486 |  p0  |   2  |   8  |   16   ||    9    |
| grp_access_fu_3499 |  p0  |   2  |   8  |   16   ||    9    |
| grp_access_fu_3512 |  p0  |   2  |   8  |   16   ||    9    |
| grp_access_fu_3525 |  p0  |   2  |   4  |    8   ||    9    |
| grp_access_fu_3538 |  p0  |   2  |   4  |    8   ||    9    |
| grp_access_fu_3551 |  p0  |   2  |   4  |    8   ||    9    |
| grp_access_fu_3564 |  p0  |   2  |   4  |    8   ||    9    |
| grp_access_fu_3577 |  p0  |   2  |   4  |    8   ||    9    |
| grp_access_fu_3590 |  p0  |   2  |   4  |    8   ||    9    |
| grp_access_fu_3603 |  p0  |   2  |   4  |    8   ||    9    |
| grp_access_fu_3616 |  p0  |   2  |   4  |    8   ||    9    |
| grp_access_fu_3629 |  p0  |   2  |   4  |    8   ||    9    |
| grp_access_fu_3642 |  p0  |   2  |   4  |    8   ||    9    |
| grp_access_fu_3655 |  p0  |   2  |   4  |    8   ||    9    |
|     grp_fu_3661    |  p0  |   2  |  32  |   64   ||    9    |
|--------------------|------|------|------|--------||---------||---------|
|        Total       |      |      |      |  3784  || 379.532 ||   2151  |
|--------------------|------|------|------|--------||---------||---------|



* Summary:
+-----------+--------+--------+--------+--------+
|           |   DSP  |  Delay |   FF   |   LUT  |
+-----------+--------+--------+--------+--------+
|  Function |    5   |    -   |   348  |  2075  |
|   Memory  |    -   |    -   |    -   |    -   |
|Multiplexer|    -   |   379  |    -   |  2151  |
|  Register |    -   |    -   |  2048  |    -   |
+-----------+--------+--------+--------+--------+
|   Total   |    5   |   379  |  2396  |  4226  |
+-----------+--------+--------+--------+--------+
