

================================================================
== Vitis HLS Report for 'conv_Pipeline_VITIS_LOOP_27_4_VITIS_LOOP_29_6_VITIS_LOOP_35_8_VITIS_LOOP_36_9'
================================================================
* Date:           Wed Oct  7 15:22:19 2026

* Version:        2022.2 (Build 3670227 on Oct 13 2022)
* Project:        vitis.prj
* Solution:       solution1 (Vivado IP Flow Target)
* Product family: zynq
* Target device:  xc7z020-clg400-1


================================================================
== Performance Estimates
================================================================
+ Timing: 
    * Summary: 
    +--------+----------+----------+------------+
    |  Clock |  Target  | Estimated| Uncertainty|
    +--------+----------+----------+------------+
    |ap_clk  |  10.00 ns|  7.256 ns|     2.70 ns|
    +--------+----------+----------+------------+

+ Latency: 
    * Summary: 
    +-----------+-----------+-----------+-----------+-----------+-----------+---------+
    |    Latency (cycles)   |   Latency (absolute)  |        Interval       | Pipeline|
    |    min    |    max    |    min    |    max    |    min    |    max    |   Type  |
    +-----------+-----------+-----------+-----------+-----------+-----------+---------+
    |  562214412|  562214412|  5.622 sec|  5.622 sec|  562214412|  562214412|       no|
    +-----------+-----------+-----------+-----------+-----------+-----------+---------+

    + Detail: 
        * Instance: 
        N/A

        * Loop: 
        +-------------------------------------------------------------------+-----------+-----------+----------+-----------+-----------+----------+----------+
        |                                                                   |    Latency (cycles)   | Iteration|  Initiation Interval  |   Trip   |          |
        |                             Loop Name                             |    min    |    max    |  Latency |  achieved |   target  |   Count  | Pipelined|
        +-------------------------------------------------------------------+-----------+-----------+----------+-----------+-----------+----------+----------+
        |- VITIS_LOOP_27_4_VITIS_LOOP_29_6_VITIS_LOOP_35_8_VITIS_LOOP_36_9  |  562214410|  562214410|        19|          8|          1|  70276800|       yes|
        +-------------------------------------------------------------------+-----------+-----------+----------+-----------+-----------+----------+----------+

============================================================
+ Verbose Summary: Synthesis Manager
============================================================
InlineROM: 1
ExposeGlobal: 0
============================================================
+ Verbose Summary: CDFG Model
============================================================
IsTopModel: 0
ResetActiveHigh: 1
IsCombinational: 0
IsDatapathOnly: 0
HasWiredReturn: 1
HasMFsm: 2
HasVarLatency: 1
IsPipeline: 0
IsRtlPipelined: 0
IsInstanceOverlapped: 0
IsDontTouch: 0
HasImplIP: 0
IsGatedGlobalClock: 0

+ Individual pipeline summary: 
  * Pipeline-0: initiation interval (II) = 8, depth = 20


============================================================
+ Verbose Summary: Schedule
============================================================
* Number of FSM states : 20
* Pipeline : 1
  Pipeline-0 : II = 8, D = 20, States = { 1 2 3 4 5 6 7 8 9 10 11 12 13 14 15 16 17 18 19 20 }
* Dataflow Pipeline: 0

* FSM state transitions: 
1 --> 2 
2 --> 3 
3 --> 4 
4 --> 5 
5 --> 6 
6 --> 7 
7 --> 8 
8 --> 9 
9 --> 10 
10 --> 11 
11 --> 12 
12 --> 13 
13 --> 14 
14 --> 15 
15 --> 16 
16 --> 17 
17 --> 18 
18 --> 19 
19 --> 20 
20 --> 

* FSM state operations: 

State 1 <SV = 0> <Delay = 1.58>
ST_1 : Operation 22 [1/1] (0.00ns)   --->   "%k = alloca i32 1"   --->   Operation 22 'alloca' 'k' <Predicate = true> <Delay = 0.00>
ST_1 : Operation 23 [1/1] (0.00ns)   --->   "%j = alloca i32 1"   --->   Operation 23 'alloca' 'j' <Predicate = true> <Delay = 0.00>
ST_1 : Operation 24 [1/1] (0.00ns)   --->   "%indvar_flatten21 = alloca i32 1"   --->   Operation 24 'alloca' 'indvar_flatten21' <Predicate = true> <Delay = 0.00>
ST_1 : Operation 25 [1/1] (0.00ns)   --->   "%a = alloca i32 1"   --->   Operation 25 'alloca' 'a' <Predicate = true> <Delay = 0.00>
ST_1 : Operation 26 [1/1] (0.00ns)   --->   "%indvar_flatten50 = alloca i32 1"   --->   Operation 26 'alloca' 'indvar_flatten50' <Predicate = true> <Delay = 0.00>
ST_1 : Operation 27 [1/1] (0.00ns)   --->   "%i = alloca i32 1"   --->   Operation 27 'alloca' 'i' <Predicate = true> <Delay = 0.00>
ST_1 : Operation 28 [1/1] (0.00ns)   --->   "%indvar_flatten95 = alloca i32 1"   --->   Operation 28 'alloca' 'indvar_flatten95' <Predicate = true> <Delay = 0.00>
ST_1 : Operation 29 [1/1] (0.00ns)   --->   "%m = alloca i32 1"   --->   Operation 29 'alloca' 'm' <Predicate = true> <Delay = 0.00>
ST_1 : Operation 30 [1/1] (0.00ns)   --->   "%indvar_flatten153 = alloca i32 1"   --->   Operation 30 'alloca' 'indvar_flatten153' <Predicate = true> <Delay = 0.00>
ST_1 : Operation 31 [1/1] (0.00ns)   --->   "%f = alloca i32 1"   --->   Operation 31 'alloca' 'f' <Predicate = true> <Delay = 0.00>
ST_1 : Operation 32 [1/1] (0.00ns)   --->   "%indvar_flatten221 = alloca i32 1"   --->   Operation 32 'alloca' 'indvar_flatten221' <Predicate = true> <Delay = 0.00>
ST_1 : Operation 33 [1/1] (0.00ns)   --->   "%specinterface_ln0 = specinterface void @_ssdm_op_SpecInterface, i32 %output_fm, void @empty_4, i32 0, i32 0, void @empty, i32 4294967295, i32 0, void @empty, void @empty, void @empty, i32 0, i32 0, i32 0, i32 0, void @empty, void @empty, i32 4294967295, i32 0"   --->   Operation 33 'specinterface' 'specinterface_ln0' <Predicate = true> <Delay = 0.00>
ST_1 : Operation 34 [1/1] (0.00ns)   --->   "%specinterface_ln0 = specinterface void @_ssdm_op_SpecInterface, i32 %weights, void @empty_4, i32 0, i32 0, void @empty, i32 4294967295, i32 0, void @empty, void @empty, void @empty, i32 0, i32 0, i32 0, i32 0, void @empty, void @empty, i32 4294967295, i32 0"   --->   Operation 34 'specinterface' 'specinterface_ln0' <Predicate = true> <Delay = 0.00>
ST_1 : Operation 35 [1/1] (0.00ns)   --->   "%specinterface_ln0 = specinterface void @_ssdm_op_SpecInterface, i32 %input_fm, void @empty_4, i32 0, i32 0, void @empty, i32 4294967295, i32 0, void @empty, void @empty, void @empty, i32 0, i32 0, i32 0, i32 0, void @empty, void @empty, i32 4294967295, i32 0"   --->   Operation 35 'specinterface' 'specinterface_ln0' <Predicate = true> <Delay = 0.00>
ST_1 : Operation 36 [1/1] (1.58ns)   --->   "%store_ln0 = store i27 0, i27 %indvar_flatten221"   --->   Operation 36 'store' 'store_ln0' <Predicate = true> <Delay = 1.58>
ST_1 : Operation 37 [1/1] (1.58ns)   --->   "%store_ln0 = store i7 0, i7 %f"   --->   Operation 37 'store' 'store_ln0' <Predicate = true> <Delay = 1.58>
ST_1 : Operation 38 [1/1] (1.58ns)   --->   "%store_ln0 = store i21 0, i21 %indvar_flatten153"   --->   Operation 38 'store' 'store_ln0' <Predicate = true> <Delay = 1.58>
ST_1 : Operation 39 [1/1] (1.58ns)   --->   "%store_ln0 = store i2 0, i2 %m"   --->   Operation 39 'store' 'store_ln0' <Predicate = true> <Delay = 1.58>
ST_1 : Operation 40 [1/1] (1.58ns)   --->   "%store_ln0 = store i19 0, i19 %indvar_flatten95"   --->   Operation 40 'store' 'store_ln0' <Predicate = true> <Delay = 1.58>
ST_1 : Operation 41 [1/1] (1.58ns)   --->   "%store_ln0 = store i8 4, i8 %i"   --->   Operation 41 'store' 'store_ln0' <Predicate = true> <Delay = 1.58>
ST_1 : Operation 42 [1/1] (1.58ns)   --->   "%store_ln0 = store i13 0, i13 %indvar_flatten50"   --->   Operation 42 'store' 'store_ln0' <Predicate = true> <Delay = 1.58>
ST_1 : Operation 43 [1/1] (1.58ns)   --->   "%store_ln0 = store i8 4, i8 %a"   --->   Operation 43 'store' 'store_ln0' <Predicate = true> <Delay = 1.58>
ST_1 : Operation 44 [1/1] (1.58ns)   --->   "%store_ln0 = store i8 0, i8 %indvar_flatten21"   --->   Operation 44 'store' 'store_ln0' <Predicate = true> <Delay = 1.58>
ST_1 : Operation 45 [1/1] (1.58ns)   --->   "%store_ln0 = store i4 0, i4 %j"   --->   Operation 45 'store' 'store_ln0' <Predicate = true> <Delay = 1.58>
ST_1 : Operation 46 [1/1] (1.58ns)   --->   "%store_ln0 = store i4 0, i4 %k"   --->   Operation 46 'store' 'store_ln0' <Predicate = true> <Delay = 1.58>
ST_1 : Operation 47 [1/1] (0.00ns)   --->   "%br_ln0 = br void %for.body38"   --->   Operation 47 'br' 'br_ln0' <Predicate = true> <Delay = 0.00>

State 2 <SV = 1> <Delay = 7.04>
ST_2 : Operation 48 [1/1] (0.00ns)   --->   "%indvar_flatten50_load = load i13 %indvar_flatten50" [conv.cpp:31]   --->   Operation 48 'load' 'indvar_flatten50_load' <Predicate = true> <Delay = 0.00>
ST_2 : Operation 49 [1/1] (0.00ns)   --->   "%indvar_flatten95_load = load i19 %indvar_flatten95" [conv.cpp:29]   --->   Operation 49 'load' 'indvar_flatten95_load' <Predicate = true> <Delay = 0.00>
ST_2 : Operation 50 [1/1] (0.00ns)   --->   "%indvar_flatten153_load = load i21 %indvar_flatten153" [conv.cpp:28]   --->   Operation 50 'load' 'indvar_flatten153_load' <Predicate = true> <Delay = 0.00>
ST_2 : Operation 51 [1/1] (0.00ns)   --->   "%indvar_flatten221_load = load i27 %indvar_flatten221" [conv.cpp:27]   --->   Operation 51 'load' 'indvar_flatten221_load' <Predicate = true> <Delay = 0.00>
ST_2 : Operation 52 [1/1] (2.45ns)   --->   "%icmp_ln27 = icmp_eq  i27 %indvar_flatten221_load, i27 70276800" [conv.cpp:27]   --->   Operation 52 'icmp' 'icmp_ln27' <Predicate = true> <Delay = 2.45> <CoreInst = "Cmp">   --->   Core 9 'Cmp' <Latency = 0> <II = 1> <Delay = 2.45> <FuncUnit> <Opcode : 'icmp'> <InPorts = 2> <OutPorts = 1>
ST_2 : Operation 53 [1/1] (2.40ns)   --->   "%add_ln27_1 = add i27 %indvar_flatten221_load, i27 1" [conv.cpp:27]   --->   Operation 53 'add' 'add_ln27_1' <Predicate = true> <Delay = 2.40> <CoreInst = "Adder">   --->   Core 1 'Adder' <Latency = 0> <II = 1> <Delay = 2.40> <FuncUnit> <Opcode : 'add' 'sub'> <InPorts = 2> <OutPorts = 1>
ST_2 : Operation 54 [1/1] (0.00ns)   --->   "%br_ln27 = br i1 %icmp_ln27, void %for.inc84, void %for.body95.preheader.exitStub" [conv.cpp:27]   --->   Operation 54 'br' 'br_ln27' <Predicate = true> <Delay = 0.00>
ST_2 : Operation 55 [1/1] (0.00ns)   --->   "%m_load = load i2 %m" [conv.cpp:27]   --->   Operation 55 'load' 'm_load' <Predicate = (!icmp_ln27)> <Delay = 0.00>
ST_2 : Operation 56 [1/1] (0.00ns)   --->   "%f_load = load i7 %f" [conv.cpp:27]   --->   Operation 56 'load' 'f_load' <Predicate = (!icmp_ln27)> <Delay = 0.00>
ST_2 : Operation 57 [1/1] (1.87ns)   --->   "%add_ln27 = add i7 %f_load, i7 1" [conv.cpp:27]   --->   Operation 57 'add' 'add_ln27' <Predicate = (!icmp_ln27)> <Delay = 1.87> <CoreInst = "Adder">   --->   Core 1 'Adder' <Latency = 0> <II = 1> <Delay = 1.87> <FuncUnit> <Opcode : 'add' 'sub'> <InPorts = 2> <OutPorts = 1>
ST_2 : Operation 58 [1/1] (2.44ns)   --->   "%icmp_ln28 = icmp_eq  i21 %indvar_flatten153_load, i21 1098075" [conv.cpp:28]   --->   Operation 58 'icmp' 'icmp_ln28' <Predicate = (!icmp_ln27)> <Delay = 2.44> <CoreInst = "Cmp">   --->   Core 9 'Cmp' <Latency = 0> <II = 1> <Delay = 2.44> <FuncUnit> <Opcode : 'icmp'> <InPorts = 2> <OutPorts = 1>
ST_2 : Operation 59 [1/1] (0.99ns)   --->   "%select_ln27 = select i1 %icmp_ln28, i2 0, i2 %m_load" [conv.cpp:27]   --->   Operation 59 'select' 'select_ln27' <Predicate = (!icmp_ln27)> <Delay = 0.99> <CoreInst = "Sel">   --->   Core 73 'Sel' <Latency = 0> <II = 1> <Delay = 0.99> <FuncUnit> <Opcode : 'select'> <InPorts = 3> <OutPorts = 1>
ST_2 : Operation 60 [1/1] (0.97ns)   --->   "%xor_ln27 = xor i1 %icmp_ln28, i1 1" [conv.cpp:27]   --->   Operation 60 'xor' 'xor_ln27' <Predicate = (!icmp_ln27)> <Delay = 0.97> <CoreInst = "LogicGate">   --->   Core 74 'LogicGate' <Latency = 0> <II = 1> <Delay = 0.97> <FuncUnit> <Opcode : 'and' 'or' 'xor'> <InPorts = 2> <OutPorts = 1>
ST_2 : Operation 61 [1/1] (2.09ns)   --->   "%icmp_ln31 = icmp_eq  i13 %indvar_flatten50_load, i13 6655" [conv.cpp:31]   --->   Operation 61 'icmp' 'icmp_ln31' <Predicate = (!icmp_ln27)> <Delay = 2.09> <CoreInst = "Cmp">   --->   Core 9 'Cmp' <Latency = 0> <II = 1> <Delay = 2.09> <FuncUnit> <Opcode : 'icmp'> <InPorts = 2> <OutPorts = 1>
ST_2 : Operation 62 [1/1] (2.43ns)   --->   "%icmp_ln29 = icmp_eq  i19 %indvar_flatten95_load, i19 366025" [conv.cpp:29]   --->   Operation 62 'icmp' 'icmp_ln29' <Predicate = (!icmp_ln27)> <Delay = 2.43> <CoreInst = "Cmp">   --->   Core 9 'Cmp' <Latency = 0> <II = 1> <Delay = 2.43> <FuncUnit> <Opcode : 'icmp'> <InPorts = 2> <OutPorts = 1>
ST_2 : Operation 63 [1/1] (0.97ns)   --->   "%and_ln27_4 = and i1 %icmp_ln29, i1 %xor_ln27" [conv.cpp:27]   --->   Operation 63 'and' 'and_ln27_4' <Predicate = (!icmp_ln27)> <Delay = 0.97> <CoreInst = "LogicGate">   --->   Core 74 'LogicGate' <Latency = 0> <II = 1> <Delay = 0.97> <FuncUnit> <Opcode : 'and' 'or' 'xor'> <InPorts = 2> <OutPorts = 1>
ST_2 : Operation 64 [1/1] (1.56ns)   --->   "%add_ln28 = add i2 %select_ln27, i2 1" [conv.cpp:28]   --->   Operation 64 'add' 'add_ln28' <Predicate = (!icmp_ln27)> <Delay = 1.56> <CoreInst = "Adder">   --->   Core 1 'Adder' <Latency = 0> <II = 1> <Delay = 1.56> <FuncUnit> <Opcode : 'add' 'sub'> <InPorts = 2> <OutPorts = 1>
ST_2 : Operation 65 [1/1] (0.99ns)   --->   "%select_ln28_1 = select i1 %and_ln27_4, i2 %add_ln28, i2 %select_ln27" [conv.cpp:28]   --->   Operation 65 'select' 'select_ln28_1' <Predicate = (!icmp_ln27)> <Delay = 0.99> <CoreInst = "Sel">   --->   Core 73 'Sel' <Latency = 0> <II = 1> <Delay = 0.99> <FuncUnit> <Opcode : 'select'> <InPorts = 3> <OutPorts = 1>
ST_2 : Operation 66 [1/1] (0.00ns)   --->   "%zext_ln41_4 = zext i2 %select_ln28_1" [conv.cpp:41]   --->   Operation 66 'zext' 'zext_ln41_4' <Predicate = (!icmp_ln27)> <Delay = 0.00>
ST_2 : Operation 67 [3/3] (1.05ns) (grouped into DSP with root node add_ln41_4)   --->   "%mul_ln41_1 = mul i10 %zext_ln41_4, i10 226" [conv.cpp:41]   --->   Operation 67 'mul' 'mul_ln41_1' <Predicate = (!icmp_ln27)> <Delay = 1.05> <CoreInst = "DSP48">   --->   Core 119 'DSP48' <Latency = 3> <II = 1> <Delay = 2.15> <IPBlock> <Opcode : 'mul' 'add' 'sub' 'select'> <InPorts = 0> <OutPorts = 1> <Sync> <CReg>

State 3 <SV = 2> <Delay = 7.07>
ST_3 : Operation 68 [1/1] (0.00ns)   --->   "%j_1 = load i4 %j"   --->   Operation 68 'load' 'j_1' <Predicate = true> <Delay = 0.00>
ST_3 : Operation 69 [1/1] (0.00ns)   --->   "%indvar_flatten21_load = load i8 %indvar_flatten21" [conv.cpp:35]   --->   Operation 69 'load' 'indvar_flatten21_load' <Predicate = true> <Delay = 0.00>
ST_3 : Operation 70 [1/1] (0.00ns)   --->   "%a_1 = load i8 %a" [conv.cpp:34]   --->   Operation 70 'load' 'a_1' <Predicate = true> <Delay = 0.00>
ST_3 : Operation 71 [1/1] (0.00ns)   --->   "%i_1 = load i8 %i" [conv.cpp:30]   --->   Operation 71 'load' 'i_1' <Predicate = true> <Delay = 0.00>
ST_3 : Operation 72 [1/1] (0.00ns)   --->   "%zext_ln29 = zext i8 %i_1" [conv.cpp:29]   --->   Operation 72 'zext' 'zext_ln29' <Predicate = true> <Delay = 0.00>
ST_3 : Operation 73 [1/1] (1.91ns)   --->   "%add_ln30 = add i8 %i_1, i8 252" [conv.cpp:30]   --->   Operation 73 'add' 'add_ln30' <Predicate = true> <Delay = 1.91> <CoreInst = "Adder">   --->   Core 1 'Adder' <Latency = 0> <II = 1> <Delay = 1.91> <FuncUnit> <Opcode : 'add' 'sub'> <InPorts = 2> <OutPorts = 1>
ST_3 : Operation 74 [1/1] (0.00ns)   --->   "%tmp_3 = partselect i6 @_ssdm_op_PartSelect.i6.i8.i32.i32, i8 %add_ln30, i32 2, i32 7" [conv.cpp:30]   --->   Operation 74 'partselect' 'tmp_3' <Predicate = true> <Delay = 0.00>
ST_3 : Operation 75 [1/1] (1.91ns)   --->   "%add_ln34 = add i8 %a_1, i8 252" [conv.cpp:34]   --->   Operation 75 'add' 'add_ln34' <Predicate = true> <Delay = 1.91> <CoreInst = "Adder">   --->   Core 1 'Adder' <Latency = 0> <II = 1> <Delay = 1.91> <FuncUnit> <Opcode : 'add' 'sub'> <InPorts = 2> <OutPorts = 1>
ST_3 : Operation 76 [1/1] (0.00ns)   --->   "%tmp_4 = partselect i6 @_ssdm_op_PartSelect.i6.i8.i32.i32, i8 %add_ln34, i32 2, i32 7" [conv.cpp:34]   --->   Operation 76 'partselect' 'tmp_4' <Predicate = true> <Delay = 0.00>
ST_3 : Operation 77 [1/1] (1.73ns)   --->   "%tmp = add i4 %j_1, i4 11"   --->   Operation 77 'add' 'tmp' <Predicate = true> <Delay = 1.73> <CoreInst = "Adder">   --->   Core 1 'Adder' <Latency = 0> <II = 1> <Delay = 1.73> <FuncUnit> <Opcode : 'add' 'sub'> <InPorts = 2> <OutPorts = 1>
ST_3 : Operation 78 [1/1] (0.00ns)   --->   "%tmp_cast = sext i4 %tmp"   --->   Operation 78 'sext' 'tmp_cast' <Predicate = true> <Delay = 0.00>
ST_3 : Operation 79 [1/1] (1.91ns)   --->   "%empty = add i9 %tmp_cast, i9 %zext_ln29" [conv.cpp:29]   --->   Operation 79 'add' 'empty' <Predicate = true> <Delay = 1.91> <CoreInst = "Adder">   --->   Core 1 'Adder' <Latency = 0> <II = 1> <Delay = 1.91> <FuncUnit> <Opcode : 'add' 'sub'> <InPorts = 2> <OutPorts = 1>
ST_3 : Operation 80 [1/1] (0.00ns)   --->   "%tmp_1 = bitselect i1 @_ssdm_op_BitSelect.i1.i9.i32, i9 %empty, i32 8" [conv.cpp:29]   --->   Operation 80 'bitselect' 'tmp_1' <Predicate = true> <Delay = 0.00>
ST_3 : Operation 81 [1/1] (0.97ns)   --->   "%rev = xor i1 %tmp_1, i1 1" [conv.cpp:29]   --->   Operation 81 'xor' 'rev' <Predicate = true> <Delay = 0.97> <CoreInst = "LogicGate">   --->   Core 74 'LogicGate' <Latency = 0> <II = 1> <Delay = 0.97> <FuncUnit> <Opcode : 'and' 'or' 'xor'> <InPorts = 2> <OutPorts = 1>
ST_3 : Operation 82 [1/1] (0.00ns)   --->   "%specpipeline_ln0 = specpipeline void @_ssdm_op_SpecPipeline, i32 4294967295, i32 0, i32 1, i32 0, void @p_str"   --->   Operation 82 'specpipeline' 'specpipeline_ln0' <Predicate = true> <Delay = 0.00>
ST_3 : Operation 83 [1/1] (0.00ns)   --->   "%k_load = load i4 %k" [conv.cpp:35]   --->   Operation 83 'load' 'k_load' <Predicate = (!icmp_ln27)> <Delay = 0.00>
ST_3 : Operation 84 [1/1] (0.99ns)   --->   "%select_ln27_1 = select i1 %icmp_ln28, i7 %add_ln27, i7 %f_load" [conv.cpp:27]   --->   Operation 84 'select' 'select_ln27_1' <Predicate = (!icmp_ln27)> <Delay = 0.99> <CoreInst = "Sel">   --->   Core 73 'Sel' <Latency = 0> <II = 1> <Delay = 0.99> <FuncUnit> <Opcode : 'select'> <InPorts = 3> <OutPorts = 1>
ST_3 : Operation 85 [1/1] (0.00ns)   --->   "%zext_ln41_1 = zext i7 %select_ln27_1" [conv.cpp:41]   --->   Operation 85 'zext' 'zext_ln41_1' <Predicate = (!icmp_ln27)> <Delay = 0.00>
ST_3 : Operation 86 [1/1] (0.00ns)   --->   "%tmp_5 = bitconcatenate i9 @_ssdm_op_BitConcatenate.i9.i7.i2, i7 %select_ln27_1, i2 0" [conv.cpp:41]   --->   Operation 86 'bitconcatenate' 'tmp_5' <Predicate = (!icmp_ln27)> <Delay = 0.00>
ST_3 : Operation 87 [1/1] (0.00ns)   --->   "%zext_ln41_2 = zext i9 %tmp_5" [conv.cpp:41]   --->   Operation 87 'zext' 'zext_ln41_2' <Predicate = (!icmp_ln27)> <Delay = 0.00>
ST_3 : Operation 88 [1/1] (1.82ns)   --->   "%sub_ln41 = sub i10 %zext_ln41_2, i10 %zext_ln41_1" [conv.cpp:41]   --->   Operation 88 'sub' 'sub_ln41' <Predicate = (!icmp_ln27)> <Delay = 1.82> <CoreInst = "Adder">   --->   Core 1 'Adder' <Latency = 0> <II = 1> <Delay = 1.82> <FuncUnit> <Opcode : 'add' 'sub'> <InPorts = 2> <OutPorts = 1>
ST_3 : Operation 89 [1/1] (0.00ns)   --->   "%sext_ln41 = sext i10 %sub_ln41" [conv.cpp:41]   --->   Operation 89 'sext' 'sext_ln41' <Predicate = (!icmp_ln27)> <Delay = 0.00>
ST_3 : Operation 90 [1/1] (1.30ns)   --->   "%icmp_ln36 = icmp_eq  i4 %k_load, i4 11" [conv.cpp:36]   --->   Operation 90 'icmp' 'icmp_ln36' <Predicate = (!icmp_ln27)> <Delay = 1.30> <CoreInst = "Cmp">   --->   Core 9 'Cmp' <Latency = 0> <II = 1> <Delay = 1.30> <FuncUnit> <Opcode : 'icmp'> <InPorts = 2> <OutPorts = 1>
ST_3 : Operation 91 [1/1] (0.00ns) (grouped into LUT with out node and_ln31)   --->   "%and_ln27_1 = and i1 %icmp_ln36, i1 %xor_ln27" [conv.cpp:27]   --->   Operation 91 'and' 'and_ln27_1' <Predicate = (!icmp_ln27)> <Delay = 0.00> <CoreInst = "LogicGate">   --->   Core 74 'LogicGate' <Latency = 0> <II = 1> <Delay = 0.97> <FuncUnit> <Opcode : 'and' 'or' 'xor'> <InPorts = 2> <OutPorts = 1>
ST_3 : Operation 92 [1/1] (1.55ns)   --->   "%icmp_ln35 = icmp_eq  i8 %indvar_flatten21_load, i8 121" [conv.cpp:35]   --->   Operation 92 'icmp' 'icmp_ln35' <Predicate = (!icmp_ln27)> <Delay = 1.55> <CoreInst = "Cmp">   --->   Core 9 'Cmp' <Latency = 0> <II = 1> <Delay = 1.55> <FuncUnit> <Opcode : 'icmp'> <InPorts = 2> <OutPorts = 1>
ST_3 : Operation 93 [1/1] (0.00ns) (grouped into LUT with out node and_ln28_2)   --->   "%and_ln27_2 = and i1 %icmp_ln35, i1 %xor_ln27" [conv.cpp:27]   --->   Operation 93 'and' 'and_ln27_2' <Predicate = (!icmp_ln27)> <Delay = 0.00> <CoreInst = "LogicGate">   --->   Core 74 'LogicGate' <Latency = 0> <II = 1> <Delay = 0.97> <FuncUnit> <Opcode : 'and' 'or' 'xor'> <InPorts = 2> <OutPorts = 1>
ST_3 : Operation 94 [1/1] (0.97ns)   --->   "%or_ln28 = or i1 %and_ln27_4, i1 %icmp_ln28" [conv.cpp:28]   --->   Operation 94 'or' 'or_ln28' <Predicate = (!icmp_ln27)> <Delay = 0.97> <CoreInst = "LogicGate">   --->   Core 74 'LogicGate' <Latency = 0> <II = 1> <Delay = 0.97> <FuncUnit> <Opcode : 'and' 'or' 'xor'> <InPorts = 2> <OutPorts = 1>
ST_3 : Operation 95 [1/1] (1.24ns)   --->   "%select_ln28 = select i1 %or_ln28, i8 4, i8 %i_1" [conv.cpp:28]   --->   Operation 95 'select' 'select_ln28' <Predicate = (!icmp_ln27)> <Delay = 1.24> <CoreInst = "Sel">   --->   Core 73 'Sel' <Latency = 0> <II = 1> <Delay = 1.24> <FuncUnit> <Opcode : 'select'> <InPorts = 3> <OutPorts = 1>
ST_3 : Operation 96 [1/1] (0.00ns)   --->   "%zext_ln41_3 = zext i2 %select_ln28_1" [conv.cpp:41]   --->   Operation 96 'zext' 'zext_ln41_3' <Predicate = (!icmp_ln27)> <Delay = 0.00>
ST_3 : Operation 97 [2/3] (1.05ns) (grouped into DSP with root node add_ln41_4)   --->   "%mul_ln41_1 = mul i10 %zext_ln41_4, i10 226" [conv.cpp:41]   --->   Operation 97 'mul' 'mul_ln41_1' <Predicate = (!icmp_ln27)> <Delay = 1.05> <CoreInst = "DSP48">   --->   Core 119 'DSP48' <Latency = 3> <II = 1> <Delay = 2.15> <IPBlock> <Opcode : 'mul' 'add' 'sub' 'select'> <InPorts = 0> <OutPorts = 1> <Sync> <CReg>
ST_3 : Operation 98 [1/1] (1.73ns)   --->   "%add_ln41 = add i11 %sext_ln41, i11 %zext_ln41_3" [conv.cpp:41]   --->   Operation 98 'add' 'add_ln41' <Predicate = (!icmp_ln27)> <Delay = 1.73> <CoreInst = "Adder">   --->   Core 1 'Adder' <Latency = 0> <II = 1> <Delay = 1.73> <FuncUnit> <Opcode : 'add' 'sub'> <InPorts = 2> <OutPorts = 1>
ST_3 : Operation 99 [1/1] (0.00ns)   --->   "%sext_ln28 = sext i11 %add_ln41" [conv.cpp:28]   --->   Operation 99 'sext' 'sext_ln28' <Predicate = (!icmp_ln27)> <Delay = 0.00>
ST_3 : Operation 100 [3/3] (1.05ns) (grouped into DSP with root node add_ln41_3)   --->   "%mul_ln28 = mul i14 %sext_ln28, i14 11" [conv.cpp:28]   --->   Operation 100 'mul' 'mul_ln28' <Predicate = (!icmp_ln27)> <Delay = 1.05> <CoreInst = "DSP48">   --->   Core 119 'DSP48' <Latency = 3> <II = 1> <Delay = 2.15> <IPBlock> <Opcode : 'mul' 'add' 'sub' 'select'> <InPorts = 0> <OutPorts = 1> <Sync> <CReg>
ST_3 : Operation 101 [1/1] (0.00ns) (grouped into LUT with out node select_ln29_2)   --->   "%select_ln28_2 = select i1 %or_ln28, i6 0, i6 %tmp_3" [conv.cpp:28]   --->   Operation 101 'select' 'select_ln28_2' <Predicate = (!icmp_ln27)> <Delay = 0.00> <CoreInst = "Sel">   --->   Core 73 'Sel' <Latency = 0> <II = 1> <Delay = 1.18> <FuncUnit> <Opcode : 'select'> <InPorts = 3> <OutPorts = 1>
ST_3 : Operation 102 [1/1] (0.00ns) (grouped into LUT with out node or_ln28_1)   --->   "%xor_ln28 = xor i1 %icmp_ln29, i1 1" [conv.cpp:28]   --->   Operation 102 'xor' 'xor_ln28' <Predicate = (!icmp_ln27)> <Delay = 0.00> <CoreInst = "LogicGate">   --->   Core 74 'LogicGate' <Latency = 0> <II = 1> <Delay = 0.97> <FuncUnit> <Opcode : 'and' 'or' 'xor'> <InPorts = 2> <OutPorts = 1>
ST_3 : Operation 103 [1/1] (0.97ns) (out node of the LUT)   --->   "%or_ln28_1 = or i1 %icmp_ln28, i1 %xor_ln28" [conv.cpp:28]   --->   Operation 103 'or' 'or_ln28_1' <Predicate = (!icmp_ln27)> <Delay = 0.97> <CoreInst = "LogicGate">   --->   Core 74 'LogicGate' <Latency = 0> <II = 1> <Delay = 0.97> <FuncUnit> <Opcode : 'and' 'or' 'xor'> <InPorts = 2> <OutPorts = 1>
ST_3 : Operation 104 [1/1] (0.00ns) (grouped into LUT with out node and_ln31)   --->   "%and_ln28_1 = and i1 %and_ln27_1, i1 %or_ln28_1" [conv.cpp:28]   --->   Operation 104 'and' 'and_ln28_1' <Predicate = (!icmp_ln27)> <Delay = 0.00> <CoreInst = "LogicGate">   --->   Core 74 'LogicGate' <Latency = 0> <II = 1> <Delay = 0.97> <FuncUnit> <Opcode : 'and' 'or' 'xor'> <InPorts = 2> <OutPorts = 1>
ST_3 : Operation 105 [1/1] (0.97ns) (out node of the LUT)   --->   "%and_ln28_2 = and i1 %and_ln27_2, i1 %or_ln28_1" [conv.cpp:28]   --->   Operation 105 'and' 'and_ln28_2' <Predicate = (!icmp_ln27)> <Delay = 0.97> <CoreInst = "LogicGate">   --->   Core 74 'LogicGate' <Latency = 0> <II = 1> <Delay = 0.97> <FuncUnit> <Opcode : 'and' 'or' 'xor'> <InPorts = 2> <OutPorts = 1>
ST_3 : Operation 106 [1/1] (0.00ns) (grouped into LUT with out node and_ln28_3)   --->   "%and_ln27_3 = and i1 %xor_ln27, i1 %icmp_ln31" [conv.cpp:27]   --->   Operation 106 'and' 'and_ln27_3' <Predicate = (!icmp_ln27)> <Delay = 0.00> <CoreInst = "LogicGate">   --->   Core 74 'LogicGate' <Latency = 0> <II = 1> <Delay = 0.97> <FuncUnit> <Opcode : 'and' 'or' 'xor'> <InPorts = 2> <OutPorts = 1>
ST_3 : Operation 107 [1/1] (0.97ns) (out node of the LUT)   --->   "%and_ln28_3 = and i1 %and_ln27_3, i1 %or_ln28_1" [conv.cpp:28]   --->   Operation 107 'and' 'and_ln28_3' <Predicate = (!icmp_ln27)> <Delay = 0.97> <CoreInst = "LogicGate">   --->   Core 74 'LogicGate' <Latency = 0> <II = 1> <Delay = 0.97> <FuncUnit> <Opcode : 'and' 'or' 'xor'> <InPorts = 2> <OutPorts = 1>
ST_3 : Operation 108 [1/1] (1.91ns)   --->   "%add_ln29 = add i8 %select_ln28, i8 4" [conv.cpp:29]   --->   Operation 108 'add' 'add_ln29' <Predicate = (!icmp_ln27)> <Delay = 1.91> <CoreInst = "Adder">   --->   Core 1 'Adder' <Latency = 0> <II = 1> <Delay = 1.91> <FuncUnit> <Opcode : 'add' 'sub'> <InPorts = 2> <OutPorts = 1>
ST_3 : Operation 109 [1/1] (0.97ns)   --->   "%or_ln29 = or i1 %and_ln28_3, i1 %and_ln27_4" [conv.cpp:29]   --->   Operation 109 'or' 'or_ln29' <Predicate = (!icmp_ln27)> <Delay = 0.97> <CoreInst = "LogicGate">   --->   Core 74 'LogicGate' <Latency = 0> <II = 1> <Delay = 0.97> <FuncUnit> <Opcode : 'and' 'or' 'xor'> <InPorts = 2> <OutPorts = 1>
ST_3 : Operation 110 [1/1] (0.97ns)   --->   "%or_ln29_1 = or i1 %or_ln29, i1 %icmp_ln28" [conv.cpp:29]   --->   Operation 110 'or' 'or_ln29_1' <Predicate = (!icmp_ln27)> <Delay = 0.97> <CoreInst = "LogicGate">   --->   Core 74 'LogicGate' <Latency = 0> <II = 1> <Delay = 0.97> <FuncUnit> <Opcode : 'and' 'or' 'xor'> <InPorts = 2> <OutPorts = 1>
ST_3 : Operation 111 [1/1] (1.24ns)   --->   "%select_ln29 = select i1 %or_ln29_1, i8 4, i8 %a_1" [conv.cpp:29]   --->   Operation 111 'select' 'select_ln29' <Predicate = (!icmp_ln27)> <Delay = 1.24> <CoreInst = "Sel">   --->   Core 73 'Sel' <Latency = 0> <II = 1> <Delay = 1.24> <FuncUnit> <Opcode : 'select'> <InPorts = 3> <OutPorts = 1>
ST_3 : Operation 112 [1/1] (0.00ns) (grouped into LUT with out node select_ln29_2)   --->   "%p_mid = partselect i6 @_ssdm_op_PartSelect.i6.i8.i32.i32, i8 %select_ln28, i32 2, i32 7" [conv.cpp:28]   --->   Operation 112 'partselect' 'p_mid' <Predicate = (!icmp_ln27)> <Delay = 0.00>
ST_3 : Operation 113 [1/1] (1.18ns) (out node of the LUT)   --->   "%select_ln29_2 = select i1 %and_ln28_3, i6 %p_mid, i6 %select_ln28_2" [conv.cpp:29]   --->   Operation 113 'select' 'select_ln29_2' <Predicate = (!icmp_ln27)> <Delay = 1.18> <CoreInst = "Sel">   --->   Core 73 'Sel' <Latency = 0> <II = 1> <Delay = 1.18> <FuncUnit> <Opcode : 'select'> <InPorts = 3> <OutPorts = 1>
ST_3 : Operation 114 [1/1] (0.00ns) (grouped into LUT with out node select_ln31_2)   --->   "%select_ln29_3 = select i1 %or_ln29_1, i6 0, i6 %tmp_4" [conv.cpp:29]   --->   Operation 114 'select' 'select_ln29_3' <Predicate = (!icmp_ln27)> <Delay = 0.00> <CoreInst = "Sel">   --->   Core 73 'Sel' <Latency = 0> <II = 1> <Delay = 1.18> <FuncUnit> <Opcode : 'select'> <InPorts = 3> <OutPorts = 1>
ST_3 : Operation 115 [1/1] (0.97ns)   --->   "%xor_ln29 = xor i1 %and_ln28_3, i1 1" [conv.cpp:29]   --->   Operation 115 'xor' 'xor_ln29' <Predicate = (!icmp_ln27)> <Delay = 0.97> <CoreInst = "LogicGate">   --->   Core 74 'LogicGate' <Latency = 0> <II = 1> <Delay = 0.97> <FuncUnit> <Opcode : 'and' 'or' 'xor'> <InPorts = 2> <OutPorts = 1>
ST_3 : Operation 116 [1/1] (0.00ns) (grouped into LUT with out node and_ln31)   --->   "%and_ln29 = and i1 %and_ln28_1, i1 %xor_ln29" [conv.cpp:29]   --->   Operation 116 'and' 'and_ln29' <Predicate = (!icmp_ln27)> <Delay = 0.00> <CoreInst = "LogicGate">   --->   Core 74 'LogicGate' <Latency = 0> <II = 1> <Delay = 0.97> <FuncUnit> <Opcode : 'and' 'or' 'xor'> <InPorts = 2> <OutPorts = 1>
ST_3 : Operation 117 [1/1] (0.97ns)   --->   "%and_ln29_1 = and i1 %and_ln28_2, i1 %xor_ln29" [conv.cpp:29]   --->   Operation 117 'and' 'and_ln29_1' <Predicate = (!icmp_ln27)> <Delay = 0.97> <CoreInst = "LogicGate">   --->   Core 74 'LogicGate' <Latency = 0> <II = 1> <Delay = 0.97> <FuncUnit> <Opcode : 'and' 'or' 'xor'> <InPorts = 2> <OutPorts = 1>
ST_3 : Operation 118 [1/1] (1.91ns)   --->   "%add_ln31 = add i8 %select_ln29, i8 4" [conv.cpp:31]   --->   Operation 118 'add' 'add_ln31' <Predicate = (!icmp_ln27)> <Delay = 1.91> <CoreInst = "Adder">   --->   Core 1 'Adder' <Latency = 0> <II = 1> <Delay = 1.91> <FuncUnit> <Opcode : 'add' 'sub'> <InPorts = 2> <OutPorts = 1>
ST_3 : Operation 119 [1/1] (0.00ns) (grouped into LUT with out node or_ln31_1)   --->   "%or_ln31 = or i1 %or_ln28, i1 %and_ln28_3" [conv.cpp:31]   --->   Operation 119 'or' 'or_ln31' <Predicate = (!icmp_ln27)> <Delay = 0.00> <CoreInst = "LogicGate">   --->   Core 74 'LogicGate' <Latency = 0> <II = 1> <Delay = 0.97> <FuncUnit> <Opcode : 'and' 'or' 'xor'> <InPorts = 2> <OutPorts = 1>
ST_3 : Operation 120 [1/1] (0.97ns) (out node of the LUT)   --->   "%or_ln31_1 = or i1 %or_ln31, i1 %and_ln29_1" [conv.cpp:31]   --->   Operation 120 'or' 'or_ln31_1' <Predicate = (!icmp_ln27)> <Delay = 0.97> <CoreInst = "LogicGate">   --->   Core 74 'LogicGate' <Latency = 0> <II = 1> <Delay = 0.97> <FuncUnit> <Opcode : 'and' 'or' 'xor'> <InPorts = 2> <OutPorts = 1>
ST_3 : Operation 121 [1/1] (1.02ns)   --->   "%select_ln31 = select i1 %or_ln31_1, i4 0, i4 %j_1" [conv.cpp:31]   --->   Operation 121 'select' 'select_ln31' <Predicate = (!icmp_ln27)> <Delay = 1.02> <CoreInst = "Sel">   --->   Core 73 'Sel' <Latency = 0> <II = 1> <Delay = 1.02> <FuncUnit> <Opcode : 'select'> <InPorts = 3> <OutPorts = 1>
ST_3 : Operation 122 [1/1] (0.00ns) (grouped into LUT with out node select_ln31_2)   --->   "%p_mid2 = partselect i6 @_ssdm_op_PartSelect.i6.i8.i32.i32, i8 %select_ln29, i32 2, i32 7" [conv.cpp:29]   --->   Operation 122 'partselect' 'p_mid2' <Predicate = (!icmp_ln27)> <Delay = 0.00>
ST_3 : Operation 123 [1/1] (1.18ns) (out node of the LUT)   --->   "%select_ln31_2 = select i1 %and_ln29_1, i6 %p_mid2, i6 %select_ln29_3" [conv.cpp:31]   --->   Operation 123 'select' 'select_ln31_2' <Predicate = (!icmp_ln27)> <Delay = 1.18> <CoreInst = "Sel">   --->   Core 73 'Sel' <Latency = 0> <II = 1> <Delay = 1.18> <FuncUnit> <Opcode : 'select'> <InPorts = 3> <OutPorts = 1>
ST_3 : Operation 124 [1/1] (0.00ns) (grouped into LUT with out node and_ln31)   --->   "%xor_ln31 = xor i1 %and_ln28_2, i1 1" [conv.cpp:31]   --->   Operation 124 'xor' 'xor_ln31' <Predicate = (!icmp_ln27)> <Delay = 0.00> <CoreInst = "LogicGate">   --->   Core 74 'LogicGate' <Latency = 0> <II = 1> <Delay = 0.97> <FuncUnit> <Opcode : 'and' 'or' 'xor'> <InPorts = 2> <OutPorts = 1>
ST_3 : Operation 125 [1/1] (0.00ns) (grouped into LUT with out node and_ln31)   --->   "%or_ln31_2 = or i1 %and_ln28_3, i1 %xor_ln31" [conv.cpp:31]   --->   Operation 125 'or' 'or_ln31_2' <Predicate = (!icmp_ln27)> <Delay = 0.00> <CoreInst = "LogicGate">   --->   Core 74 'LogicGate' <Latency = 0> <II = 1> <Delay = 0.97> <FuncUnit> <Opcode : 'and' 'or' 'xor'> <InPorts = 2> <OutPorts = 1>
ST_3 : Operation 126 [1/1] (0.97ns) (out node of the LUT)   --->   "%and_ln31 = and i1 %and_ln29, i1 %or_ln31_2" [conv.cpp:31]   --->   Operation 126 'and' 'and_ln31' <Predicate = (!icmp_ln27)> <Delay = 0.97> <CoreInst = "LogicGate">   --->   Core 74 'LogicGate' <Latency = 0> <II = 1> <Delay = 0.97> <FuncUnit> <Opcode : 'and' 'or' 'xor'> <InPorts = 2> <OutPorts = 1>
ST_3 : Operation 127 [1/1] (0.00ns) (grouped into LUT with out node select_ln35)   --->   "%or_ln35 = or i1 %and_ln31, i1 %and_ln29_1" [conv.cpp:35]   --->   Operation 127 'or' 'or_ln35' <Predicate = (!icmp_ln27)> <Delay = 0.00> <CoreInst = "LogicGate">   --->   Core 74 'LogicGate' <Latency = 0> <II = 1> <Delay = 0.97> <FuncUnit> <Opcode : 'and' 'or' 'xor'> <InPorts = 2> <OutPorts = 1>
ST_3 : Operation 128 [1/1] (0.00ns) (grouped into LUT with out node select_ln35)   --->   "%or_ln35_1 = or i1 %or_ln35, i1 %or_ln29" [conv.cpp:35]   --->   Operation 128 'or' 'or_ln35_1' <Predicate = (!icmp_ln27)> <Delay = 0.00> <CoreInst = "LogicGate">   --->   Core 74 'LogicGate' <Latency = 0> <II = 1> <Delay = 0.97> <FuncUnit> <Opcode : 'and' 'or' 'xor'> <InPorts = 2> <OutPorts = 1>
ST_3 : Operation 129 [1/1] (0.00ns) (grouped into LUT with out node select_ln35)   --->   "%or_ln35_2 = or i1 %or_ln35_1, i1 %icmp_ln28" [conv.cpp:35]   --->   Operation 129 'or' 'or_ln35_2' <Predicate = (!icmp_ln27)> <Delay = 0.00> <CoreInst = "LogicGate">   --->   Core 74 'LogicGate' <Latency = 0> <II = 1> <Delay = 0.97> <FuncUnit> <Opcode : 'and' 'or' 'xor'> <InPorts = 2> <OutPorts = 1>
ST_3 : Operation 130 [1/1] (1.02ns) (out node of the LUT)   --->   "%select_ln35 = select i1 %or_ln35_2, i4 0, i4 %k_load" [conv.cpp:35]   --->   Operation 130 'select' 'select_ln35' <Predicate = (!icmp_ln27)> <Delay = 1.02> <CoreInst = "Sel">   --->   Core 73 'Sel' <Latency = 0> <II = 1> <Delay = 1.02> <FuncUnit> <Opcode : 'select'> <InPorts = 3> <OutPorts = 1>
ST_3 : Operation 131 [1/1] (1.58ns)   --->   "%store_ln36 = store i27 %add_ln27_1, i27 %indvar_flatten221" [conv.cpp:36]   --->   Operation 131 'store' 'store_ln36' <Predicate = (!icmp_ln27)> <Delay = 1.58>
ST_3 : Operation 132 [1/1] (1.58ns)   --->   "%store_ln36 = store i7 %select_ln27_1, i7 %f" [conv.cpp:36]   --->   Operation 132 'store' 'store_ln36' <Predicate = (!icmp_ln27)> <Delay = 1.58>
ST_3 : Operation 133 [1/1] (1.58ns)   --->   "%store_ln36 = store i2 %select_ln28_1, i2 %m" [conv.cpp:36]   --->   Operation 133 'store' 'store_ln36' <Predicate = (!icmp_ln27)> <Delay = 1.58>

State 4 <SV = 3> <Delay = 7.19>
ST_4 : Operation 134 [1/1] (0.00ns)   --->   "%zext_ln41 = zext i7 %select_ln27_1" [conv.cpp:41]   --->   Operation 134 'zext' 'zext_ln41' <Predicate = (!icmp_ln27)> <Delay = 0.00>
ST_4 : Operation 135 [1/1] (3.74ns)   --->   "%mul_ln41 = mul i13 %zext_ln41, i13 55" [conv.cpp:41]   --->   Operation 135 'mul' 'mul_ln41' <Predicate = (!icmp_ln27)> <Delay = 3.74> <CoreInst = "Multiplier">   --->   Core 3 'Multiplier' <Latency = 0> <II = 1> <Delay = 3.74> <FuncUnit> <Opcode : 'mul'> <InPorts = 2> <OutPorts = 1>
ST_4 : Operation 136 [1/1] (0.00ns) (grouped into LUT with out node select_ln29_5)   --->   "%and_ln27 = and i1 %rev, i1 %xor_ln27" [conv.cpp:27]   --->   Operation 136 'and' 'and_ln27' <Predicate = (!icmp_ln27 & !and_ln28_3 & !and_ln29_1 & !and_ln31)> <Delay = 0.00> <CoreInst = "LogicGate">   --->   Core 74 'LogicGate' <Latency = 0> <II = 1> <Delay = 0.97> <FuncUnit> <Opcode : 'and' 'or' 'xor'> <InPorts = 2> <OutPorts = 1>
ST_4 : Operation 137 [1/3] (0.00ns) (grouped into DSP with root node add_ln41_4)   --->   "%mul_ln41_1 = mul i10 %zext_ln41_4, i10 226" [conv.cpp:41]   --->   Operation 137 'mul' 'mul_ln41_1' <Predicate = (!icmp_ln27)> <Delay = 0.00> <CoreInst = "DSP48">   --->   Core 119 'DSP48' <Latency = 3> <II = 1> <Delay = 2.15> <IPBlock> <Opcode : 'mul' 'add' 'sub' 'select'> <InPorts = 0> <OutPorts = 1> <Sync> <CReg>
ST_4 : Operation 138 [1/1] (0.00ns) (grouped into DSP with root node add_ln41_4)   --->   "%zext_ln41_5 = zext i10 %mul_ln41_1" [conv.cpp:41]   --->   Operation 138 'zext' 'zext_ln41_5' <Predicate = (!icmp_ln27)> <Delay = 0.00>
ST_4 : Operation 139 [2/3] (1.05ns) (grouped into DSP with root node add_ln41_3)   --->   "%mul_ln28 = mul i14 %sext_ln28, i14 11" [conv.cpp:28]   --->   Operation 139 'mul' 'mul_ln28' <Predicate = (!icmp_ln27)> <Delay = 1.05> <CoreInst = "DSP48">   --->   Core 119 'DSP48' <Latency = 3> <II = 1> <Delay = 2.15> <IPBlock> <Opcode : 'mul' 'add' 'sub' 'select'> <InPorts = 0> <OutPorts = 1> <Sync> <CReg>
ST_4 : Operation 140 [1/1] (0.00ns) (grouped into LUT with out node select_ln31_3)   --->   "%select_ln28_3 = select i1 %or_ln28, i9 511, i9 %empty" [conv.cpp:28]   --->   Operation 140 'select' 'select_ln28_3' <Predicate = (!icmp_ln27 & !and_ln28_3 & !and_ln29_1 & !and_ln31)> <Delay = 0.00> <CoreInst = "Sel">   --->   Core 73 'Sel' <Latency = 0> <II = 1> <Delay = 0.96> <FuncUnit> <Opcode : 'select'> <InPorts = 3> <OutPorts = 1>
ST_4 : Operation 141 [1/1] (0.00ns) (grouped into LUT with out node select_ln29_5)   --->   "%and_ln28 = and i1 %and_ln27, i1 %or_ln28_1" [conv.cpp:28]   --->   Operation 141 'and' 'and_ln28' <Predicate = (!icmp_ln27 & !and_ln28_3 & !and_ln29_1 & !and_ln31)> <Delay = 0.00> <CoreInst = "LogicGate">   --->   Core 74 'LogicGate' <Latency = 0> <II = 1> <Delay = 0.97> <FuncUnit> <Opcode : 'and' 'or' 'xor'> <InPorts = 2> <OutPorts = 1>
ST_4 : Operation 142 [1/1] (0.00ns)   --->   "%zext_ln29_1 = zext i8 %add_ln29" [conv.cpp:29]   --->   Operation 142 'zext' 'zext_ln29_1' <Predicate = (!icmp_ln27)> <Delay = 0.00>
ST_4 : Operation 143 [1/1] (1.24ns)   --->   "%select_ln29_1 = select i1 %and_ln28_3, i8 %add_ln29, i8 %select_ln28" [conv.cpp:29]   --->   Operation 143 'select' 'select_ln29_1' <Predicate = (!icmp_ln27)> <Delay = 1.24> <CoreInst = "Sel">   --->   Core 73 'Sel' <Latency = 0> <II = 1> <Delay = 1.24> <FuncUnit> <Opcode : 'select'> <InPorts = 3> <OutPorts = 1>
ST_4 : Operation 144 [1/1] (0.00ns)   --->   "%select_ln29_2_cast = zext i8 %select_ln29_1" [conv.cpp:29]   --->   Operation 144 'zext' 'select_ln29_2_cast' <Predicate = (!icmp_ln27)> <Delay = 0.00>
ST_4 : Operation 145 [1/1] (0.00ns)   --->   "%zext_ln41_6 = zext i6 %select_ln29_2" [conv.cpp:41]   --->   Operation 145 'zext' 'zext_ln41_6' <Predicate = (!icmp_ln27)> <Delay = 0.00>
ST_4 : Operation 146 [1/1] (1.65ns) (grouped into DSP with root node add_ln41_2)   --->   "%add_ln41_1 = add i13 %mul_ln41, i13 %zext_ln41_6" [conv.cpp:41]   --->   Operation 146 'add' 'add_ln41_1' <Predicate = (!icmp_ln27)> <Delay = 1.65> <CoreInst = "DSP48">   --->   Core 119 'DSP48' <Latency = 3> <II = 1> <Delay = 2.15> <IPBlock> <Opcode : 'mul' 'add' 'sub' 'select'> <InPorts = 0> <OutPorts = 1> <Sync> <CReg>
ST_4 : Operation 147 [1/1] (0.00ns) (grouped into DSP with root node add_ln41_2)   --->   "%zext_ln29_2 = zext i13 %add_ln41_1" [conv.cpp:29]   --->   Operation 147 'zext' 'zext_ln29_2' <Predicate = (!icmp_ln27)> <Delay = 0.00>
ST_4 : Operation 148 [3/3] (1.05ns) (grouped into DSP with root node add_ln41_2)   --->   "%mul_ln29 = mul i18 %zext_ln29_2, i18 55" [conv.cpp:29]   --->   Operation 148 'mul' 'mul_ln29' <Predicate = (!icmp_ln27)> <Delay = 1.05> <CoreInst = "DSP48">   --->   Core 119 'DSP48' <Latency = 3> <II = 1> <Delay = 2.15> <IPBlock> <Opcode : 'mul' 'add' 'sub' 'select'> <InPorts = 0> <OutPorts = 1> <Sync> <CReg>
ST_4 : Operation 149 [1/1] (1.91ns)   --->   "%p_mid183 = add i9 %zext_ln29_1, i9 507" [conv.cpp:29]   --->   Operation 149 'add' 'p_mid183' <Predicate = (!icmp_ln27)> <Delay = 1.91> <CoreInst = "Adder">   --->   Core 1 'Adder' <Latency = 0> <II = 1> <Delay = 1.91> <FuncUnit> <Opcode : 'add' 'sub'> <InPorts = 2> <OutPorts = 1>
ST_4 : Operation 150 [1/1] (0.00ns) (grouped into LUT with out node select_ln31_3)   --->   "%select_ln29_4 = select i1 %and_ln28_3, i9 %p_mid183, i9 %select_ln28_3" [conv.cpp:29]   --->   Operation 150 'select' 'select_ln29_4' <Predicate = (!icmp_ln27 & !and_ln29_1 & !and_ln31)> <Delay = 0.00> <CoreInst = "Sel">   --->   Core 73 'Sel' <Latency = 0> <II = 1> <Delay = 0.96> <FuncUnit> <Opcode : 'select'> <InPorts = 3> <OutPorts = 1>
ST_4 : Operation 151 [1/1] (0.00ns) (grouped into LUT with out node select_ln29_5)   --->   "%tmp_2 = bitselect i1 @_ssdm_op_BitSelect.i1.i9.i32, i9 %p_mid183, i32 8" [conv.cpp:29]   --->   Operation 151 'bitselect' 'tmp_2' <Predicate = (!icmp_ln27 & and_ln28_3 & !and_ln29_1 & !and_ln31)> <Delay = 0.00>
ST_4 : Operation 152 [1/1] (0.00ns) (grouped into LUT with out node select_ln29_5)   --->   "%rev34 = xor i1 %tmp_2, i1 1" [conv.cpp:29]   --->   Operation 152 'xor' 'rev34' <Predicate = (!icmp_ln27 & and_ln28_3 & !and_ln29_1 & !and_ln31)> <Delay = 0.00> <CoreInst = "LogicGate">   --->   Core 74 'LogicGate' <Latency = 0> <II = 1> <Delay = 0.97> <FuncUnit> <Opcode : 'and' 'or' 'xor'> <InPorts = 2> <OutPorts = 1>
ST_4 : Operation 153 [1/1] (0.99ns) (out node of the LUT)   --->   "%select_ln29_5 = select i1 %and_ln28_3, i1 %rev34, i1 %and_ln28" [conv.cpp:29]   --->   Operation 153 'select' 'select_ln29_5' <Predicate = (!icmp_ln27 & !and_ln29_1 & !and_ln31)> <Delay = 0.99> <CoreInst = "Sel">   --->   Core 73 'Sel' <Latency = 0> <II = 1> <Delay = 0.99> <FuncUnit> <Opcode : 'select'> <InPorts = 3> <OutPorts = 1>
ST_4 : Operation 154 [1/1] (1.24ns)   --->   "%select_ln31_1 = select i1 %and_ln29_1, i8 %add_ln31, i8 %select_ln29" [conv.cpp:31]   --->   Operation 154 'select' 'select_ln31_1' <Predicate = (!icmp_ln27)> <Delay = 1.24> <CoreInst = "Sel">   --->   Core 73 'Sel' <Latency = 0> <II = 1> <Delay = 1.24> <FuncUnit> <Opcode : 'select'> <InPorts = 3> <OutPorts = 1>
ST_4 : Operation 155 [1/1] (0.00ns)   --->   "%select_ln31_1_cast = zext i8 %select_ln31_1" [conv.cpp:31]   --->   Operation 155 'zext' 'select_ln31_1_cast' <Predicate = (!icmp_ln27)> <Delay = 0.00>
ST_4 : Operation 156 [1/1] (1.91ns)   --->   "%p_mid142 = add i9 %select_ln29_2_cast, i9 507" [conv.cpp:29]   --->   Operation 156 'add' 'p_mid142' <Predicate = (!icmp_ln27)> <Delay = 1.91> <CoreInst = "Adder">   --->   Core 1 'Adder' <Latency = 0> <II = 1> <Delay = 1.91> <FuncUnit> <Opcode : 'add' 'sub'> <InPorts = 2> <OutPorts = 1>
ST_4 : Operation 157 [1/1] (0.96ns) (out node of the LUT)   --->   "%select_ln31_3 = select i1 %and_ln29_1, i9 %p_mid142, i9 %select_ln29_4" [conv.cpp:31]   --->   Operation 157 'select' 'select_ln31_3' <Predicate = (!icmp_ln27 & !and_ln31)> <Delay = 0.96> <CoreInst = "Sel">   --->   Core 73 'Sel' <Latency = 0> <II = 1> <Delay = 0.96> <FuncUnit> <Opcode : 'select'> <InPorts = 3> <OutPorts = 1>
ST_4 : Operation 158 [1/1] (0.00ns) (grouped into LUT with out node and_ln40)   --->   "%tmp_6 = bitselect i1 @_ssdm_op_BitSelect.i1.i9.i32, i9 %p_mid142, i32 8" [conv.cpp:29]   --->   Operation 158 'bitselect' 'tmp_6' <Predicate = (!icmp_ln27 & and_ln29_1 & !and_ln31)> <Delay = 0.00>
ST_4 : Operation 159 [1/1] (0.00ns) (grouped into LUT with out node and_ln40)   --->   "%rev37 = xor i1 %tmp_6, i1 1" [conv.cpp:29]   --->   Operation 159 'xor' 'rev37' <Predicate = (!icmp_ln27 & and_ln29_1 & !and_ln31)> <Delay = 0.00> <CoreInst = "LogicGate">   --->   Core 74 'LogicGate' <Latency = 0> <II = 1> <Delay = 0.97> <FuncUnit> <Opcode : 'and' 'or' 'xor'> <InPorts = 2> <OutPorts = 1>
ST_4 : Operation 160 [1/1] (0.00ns) (grouped into LUT with out node and_ln40)   --->   "%select_ln31_4 = select i1 %and_ln29_1, i1 %rev37, i1 %select_ln29_5" [conv.cpp:31]   --->   Operation 160 'select' 'select_ln31_4' <Predicate = (!icmp_ln27 & !and_ln31)> <Delay = 0.00> <CoreInst = "Sel">   --->   Core 73 'Sel' <Latency = 0> <II = 1> <Delay = 0.99> <FuncUnit> <Opcode : 'select'> <InPorts = 3> <OutPorts = 1>
ST_4 : Operation 161 [1/1] (1.73ns)   --->   "%tmp_mid1 = add i4 %select_ln31, i4 12" [conv.cpp:31]   --->   Operation 161 'add' 'tmp_mid1' <Predicate = (!icmp_ln27)> <Delay = 1.73> <CoreInst = "Adder">   --->   Core 1 'Adder' <Latency = 0> <II = 1> <Delay = 1.73> <FuncUnit> <Opcode : 'add' 'sub'> <InPorts = 2> <OutPorts = 1>
ST_4 : Operation 162 [1/1] (0.00ns)   --->   "%tmp_cast_mid1 = sext i4 %tmp_mid1" [conv.cpp:31]   --->   Operation 162 'sext' 'tmp_cast_mid1' <Predicate = (!icmp_ln27)> <Delay = 0.00>
ST_4 : Operation 163 [1/1] (1.91ns)   --->   "%p_mid1 = add i9 %tmp_cast_mid1, i9 %select_ln29_2_cast" [conv.cpp:31]   --->   Operation 163 'add' 'p_mid1' <Predicate = (!icmp_ln27)> <Delay = 1.91> <CoreInst = "Adder">   --->   Core 1 'Adder' <Latency = 0> <II = 1> <Delay = 1.91> <FuncUnit> <Opcode : 'add' 'sub'> <InPorts = 2> <OutPorts = 1>
ST_4 : Operation 164 [1/1] (0.96ns) (out node of the LUT)   --->   "%select_ln35_2 = select i1 %and_ln31, i9 %p_mid1, i9 %select_ln31_3" [conv.cpp:35]   --->   Operation 164 'select' 'select_ln35_2' <Predicate = (!icmp_ln27)> <Delay = 0.96> <CoreInst = "Sel">   --->   Core 73 'Sel' <Latency = 0> <II = 1> <Delay = 0.96> <FuncUnit> <Opcode : 'select'> <InPorts = 3> <OutPorts = 1>
ST_4 : Operation 165 [1/1] (0.00ns)   --->   "%sext_ln41_1 = sext i9 %select_ln35_2" [conv.cpp:41]   --->   Operation 165 'sext' 'sext_ln41_1' <Predicate = (!icmp_ln27)> <Delay = 0.00>
ST_4 : Operation 166 [2/2] (2.10ns) (root node of the DSP)   --->   "%add_ln41_4 = add i11 %zext_ln41_5, i11 %sext_ln41_1" [conv.cpp:41]   --->   Operation 166 'add' 'add_ln41_4' <Predicate = (!icmp_ln27)> <Delay = 2.10> <CoreInst = "DSP48">   --->   Core 119 'DSP48' <Latency = 3> <II = 1> <Delay = 2.15> <IPBlock> <Opcode : 'mul' 'add' 'sub' 'select'> <InPorts = 0> <OutPorts = 1> <Sync> <CReg>
ST_4 : Operation 167 [1/1] (0.00ns) (grouped into LUT with out node and_ln40)   --->   "%tmp_7 = bitselect i1 @_ssdm_op_BitSelect.i1.i9.i32, i9 %p_mid1, i32 8" [conv.cpp:31]   --->   Operation 167 'bitselect' 'tmp_7' <Predicate = (!icmp_ln27 & and_ln31)> <Delay = 0.00>
ST_4 : Operation 168 [1/1] (0.00ns) (grouped into LUT with out node and_ln40)   --->   "%rev40 = xor i1 %tmp_7, i1 1" [conv.cpp:31]   --->   Operation 168 'xor' 'rev40' <Predicate = (!icmp_ln27 & and_ln31)> <Delay = 0.00> <CoreInst = "LogicGate">   --->   Core 74 'LogicGate' <Latency = 0> <II = 1> <Delay = 0.97> <FuncUnit> <Opcode : 'and' 'or' 'xor'> <InPorts = 2> <OutPorts = 1>
ST_4 : Operation 169 [1/1] (0.00ns) (grouped into LUT with out node and_ln40)   --->   "%select_ln35_3 = select i1 %and_ln31, i1 %rev40, i1 %select_ln31_4" [conv.cpp:35]   --->   Operation 169 'select' 'select_ln35_3' <Predicate = (!icmp_ln27)> <Delay = 0.00> <CoreInst = "Sel">   --->   Core 73 'Sel' <Latency = 0> <II = 1> <Delay = 0.99> <FuncUnit> <Opcode : 'select'> <InPorts = 3> <OutPorts = 1>
ST_4 : Operation 170 [1/1] (1.73ns)   --->   "%add_ln39_1 = add i4 %select_ln35, i4 11" [conv.cpp:39]   --->   Operation 170 'add' 'add_ln39_1' <Predicate = (!icmp_ln27)> <Delay = 1.73> <CoreInst = "Adder">   --->   Core 1 'Adder' <Latency = 0> <II = 1> <Delay = 1.73> <FuncUnit> <Opcode : 'add' 'sub'> <InPorts = 2> <OutPorts = 1>
ST_4 : Operation 171 [1/1] (0.00ns)   --->   "%sext_ln39 = sext i4 %add_ln39_1" [conv.cpp:39]   --->   Operation 171 'sext' 'sext_ln39' <Predicate = (!icmp_ln27)> <Delay = 0.00>
ST_4 : Operation 172 [1/1] (1.91ns)   --->   "%add_ln39 = add i9 %sext_ln39, i9 %select_ln31_1_cast" [conv.cpp:39]   --->   Operation 172 'add' 'add_ln39' <Predicate = (!icmp_ln27)> <Delay = 1.91> <CoreInst = "Adder">   --->   Core 1 'Adder' <Latency = 0> <II = 1> <Delay = 1.91> <FuncUnit> <Opcode : 'add' 'sub'> <InPorts = 2> <OutPorts = 1>
ST_4 : Operation 173 [1/1] (1.66ns)   --->   "%icmp_ln40 = icmp_ult  i9 %add_ln39, i9 226" [conv.cpp:40]   --->   Operation 173 'icmp' 'icmp_ln40' <Predicate = (!icmp_ln27)> <Delay = 1.66> <CoreInst = "Cmp">   --->   Core 9 'Cmp' <Latency = 0> <II = 1> <Delay = 1.66> <FuncUnit> <Opcode : 'icmp'> <InPorts = 2> <OutPorts = 1>
ST_4 : Operation 174 [1/1] (0.99ns) (out node of the LUT)   --->   "%and_ln40 = and i1 %icmp_ln40, i1 %select_ln35_3" [conv.cpp:40]   --->   Operation 174 'and' 'and_ln40' <Predicate = (!icmp_ln27)> <Delay = 0.99> <CoreInst = "LogicGate">   --->   Core 74 'LogicGate' <Latency = 0> <II = 1> <Delay = 0.97> <FuncUnit> <Opcode : 'and' 'or' 'xor'> <InPorts = 2> <OutPorts = 1>
ST_4 : Operation 175 [1/1] (0.00ns)   --->   "%br_ln40 = br i1 %and_ln40, void %for.inc69, void %if.then" [conv.cpp:40]   --->   Operation 175 'br' 'br_ln40' <Predicate = (!icmp_ln27)> <Delay = 0.00>
ST_4 : Operation 176 [1/1] (1.58ns)   --->   "%store_ln36 = store i8 %select_ln29_1, i8 %i" [conv.cpp:36]   --->   Operation 176 'store' 'store_ln36' <Predicate = (!icmp_ln27)> <Delay = 1.58>
ST_4 : Operation 177 [1/1] (1.58ns)   --->   "%store_ln36 = store i8 %select_ln31_1, i8 %a" [conv.cpp:36]   --->   Operation 177 'store' 'store_ln36' <Predicate = (!icmp_ln27)> <Delay = 1.58>

State 5 <SV = 4> <Delay = 4.85>
ST_5 : Operation 178 [1/3] (0.00ns) (grouped into DSP with root node add_ln41_3)   --->   "%mul_ln28 = mul i14 %sext_ln28, i14 11" [conv.cpp:28]   --->   Operation 178 'mul' 'mul_ln28' <Predicate = (!icmp_ln27)> <Delay = 0.00> <CoreInst = "DSP48">   --->   Core 119 'DSP48' <Latency = 3> <II = 1> <Delay = 2.15> <IPBlock> <Opcode : 'mul' 'add' 'sub' 'select'> <InPorts = 0> <OutPorts = 1> <Sync> <CReg>
ST_5 : Operation 179 [2/3] (1.05ns) (grouped into DSP with root node add_ln41_2)   --->   "%mul_ln29 = mul i18 %zext_ln29_2, i18 55" [conv.cpp:29]   --->   Operation 179 'mul' 'mul_ln29' <Predicate = (!icmp_ln27)> <Delay = 1.05> <CoreInst = "DSP48">   --->   Core 119 'DSP48' <Latency = 3> <II = 1> <Delay = 2.15> <IPBlock> <Opcode : 'mul' 'add' 'sub' 'select'> <InPorts = 0> <OutPorts = 1> <Sync> <CReg>
ST_5 : Operation 180 [1/1] (1.73ns)   --->   "%add_ln35 = add i4 %select_ln31, i4 1" [conv.cpp:35]   --->   Operation 180 'add' 'add_ln35' <Predicate = (!icmp_ln27 & and_ln31)> <Delay = 1.73> <CoreInst = "Adder">   --->   Core 1 'Adder' <Latency = 0> <II = 1> <Delay = 1.73> <FuncUnit> <Opcode : 'add' 'sub'> <InPorts = 2> <OutPorts = 1>
ST_5 : Operation 181 [1/1] (1.02ns)   --->   "%select_ln35_1 = select i1 %and_ln31, i4 %add_ln35, i4 %select_ln31" [conv.cpp:35]   --->   Operation 181 'select' 'select_ln35_1' <Predicate = (!icmp_ln27)> <Delay = 1.02> <CoreInst = "Sel">   --->   Core 73 'Sel' <Latency = 0> <II = 1> <Delay = 1.02> <FuncUnit> <Opcode : 'select'> <InPorts = 3> <OutPorts = 1>
ST_5 : Operation 182 [1/1] (0.00ns)   --->   "%zext_ln41_9 = zext i4 %select_ln35_1" [conv.cpp:41]   --->   Operation 182 'zext' 'zext_ln41_9' <Predicate = (!icmp_ln27)> <Delay = 0.00>
ST_5 : Operation 183 [2/2] (2.10ns) (root node of the DSP)   --->   "%add_ln41_3 = add i14 %mul_ln28, i14 %zext_ln41_9" [conv.cpp:41]   --->   Operation 183 'add' 'add_ln41_3' <Predicate = (!icmp_ln27)> <Delay = 2.10> <CoreInst = "DSP48">   --->   Core 119 'DSP48' <Latency = 3> <II = 1> <Delay = 2.15> <IPBlock> <Opcode : 'mul' 'add' 'sub' 'select'> <InPorts = 0> <OutPorts = 1> <Sync> <CReg>
ST_5 : Operation 184 [1/2] (2.10ns) (root node of the DSP)   --->   "%add_ln41_4 = add i11 %zext_ln41_5, i11 %sext_ln41_1" [conv.cpp:41]   --->   Operation 184 'add' 'add_ln41_4' <Predicate = (!icmp_ln27)> <Delay = 2.10> <CoreInst = "DSP48">   --->   Core 119 'DSP48' <Latency = 3> <II = 1> <Delay = 2.15> <IPBlock> <Opcode : 'mul' 'add' 'sub' 'select'> <InPorts = 0> <OutPorts = 1> <Sync> <CReg>
ST_5 : Operation 185 [1/1] (0.00ns)   --->   "%add_ln41_4_cast = sext i11 %add_ln41_4" [conv.cpp:41]   --->   Operation 185 'sext' 'add_ln41_4_cast' <Predicate = (!icmp_ln27)> <Delay = 0.00>
ST_5 : Operation 186 [3/3] (1.05ns) (grouped into DSP with root node add_ln41_6)   --->   "%mul_ln41_5 = mul i18 %add_ln41_4_cast, i18 226" [conv.cpp:41]   --->   Operation 186 'mul' 'mul_ln41_5' <Predicate = (!icmp_ln27)> <Delay = 1.05> <CoreInst = "DSP48">   --->   Core 119 'DSP48' <Latency = 3> <II = 1> <Delay = 2.15> <IPBlock> <Opcode : 'mul' 'add' 'sub' 'select'> <InPorts = 0> <OutPorts = 1> <Sync> <CReg>
ST_5 : Operation 187 [1/1] (1.58ns)   --->   "%store_ln36 = store i4 %select_ln35_1, i4 %j" [conv.cpp:36]   --->   Operation 187 'store' 'store_ln36' <Predicate = (!icmp_ln27)> <Delay = 1.58>

State 6 <SV = 5> <Delay = 3.15>
ST_6 : Operation 188 [1/3] (0.00ns) (grouped into DSP with root node add_ln41_2)   --->   "%mul_ln29 = mul i18 %zext_ln29_2, i18 55" [conv.cpp:29]   --->   Operation 188 'mul' 'mul_ln29' <Predicate = (!icmp_ln27)> <Delay = 0.00> <CoreInst = "DSP48">   --->   Core 119 'DSP48' <Latency = 3> <II = 1> <Delay = 2.15> <IPBlock> <Opcode : 'mul' 'add' 'sub' 'select'> <InPorts = 0> <OutPorts = 1> <Sync> <CReg>
ST_6 : Operation 189 [1/1] (0.00ns)   --->   "%zext_ln41_7 = zext i6 %select_ln31_2" [conv.cpp:41]   --->   Operation 189 'zext' 'zext_ln41_7' <Predicate = (!icmp_ln27)> <Delay = 0.00>
ST_6 : Operation 190 [2/2] (2.10ns) (root node of the DSP)   --->   "%add_ln41_2 = add i18 %mul_ln29, i18 %zext_ln41_7" [conv.cpp:41]   --->   Operation 190 'add' 'add_ln41_2' <Predicate = (!icmp_ln27)> <Delay = 2.10> <CoreInst = "DSP48">   --->   Core 119 'DSP48' <Latency = 3> <II = 1> <Delay = 2.15> <IPBlock> <Opcode : 'mul' 'add' 'sub' 'select'> <InPorts = 0> <OutPorts = 1> <Sync> <CReg>
ST_6 : Operation 191 [1/2] (2.10ns) (root node of the DSP)   --->   "%add_ln41_3 = add i14 %mul_ln28, i14 %zext_ln41_9" [conv.cpp:41]   --->   Operation 191 'add' 'add_ln41_3' <Predicate = (!icmp_ln27)> <Delay = 2.10> <CoreInst = "DSP48">   --->   Core 119 'DSP48' <Latency = 3> <II = 1> <Delay = 2.15> <IPBlock> <Opcode : 'mul' 'add' 'sub' 'select'> <InPorts = 0> <OutPorts = 1> <Sync> <CReg>
ST_6 : Operation 192 [1/1] (0.00ns)   --->   "%add_ln41_3_cast = sext i14 %add_ln41_3" [conv.cpp:41]   --->   Operation 192 'sext' 'add_ln41_3_cast' <Predicate = (!icmp_ln27)> <Delay = 0.00>
ST_6 : Operation 193 [3/3] (1.05ns) (grouped into DSP with root node add_ln41_5)   --->   "%mul_ln41_4 = mul i15 %add_ln41_3_cast, i15 11" [conv.cpp:41]   --->   Operation 193 'mul' 'mul_ln41_4' <Predicate = (!icmp_ln27)> <Delay = 1.05> <CoreInst = "DSP48">   --->   Core 119 'DSP48' <Latency = 3> <II = 1> <Delay = 2.15> <IPBlock> <Opcode : 'mul' 'add' 'sub' 'select'> <InPorts = 0> <OutPorts = 1> <Sync> <CReg>
ST_6 : Operation 194 [2/3] (1.05ns) (grouped into DSP with root node add_ln41_6)   --->   "%mul_ln41_5 = mul i18 %add_ln41_4_cast, i18 226" [conv.cpp:41]   --->   Operation 194 'mul' 'mul_ln41_5' <Predicate = (!icmp_ln27)> <Delay = 1.05> <CoreInst = "DSP48">   --->   Core 119 'DSP48' <Latency = 3> <II = 1> <Delay = 2.15> <IPBlock> <Opcode : 'mul' 'add' 'sub' 'select'> <InPorts = 0> <OutPorts = 1> <Sync> <CReg>

State 7 <SV = 6> <Delay = 4.48>
ST_7 : Operation 195 [1/2] (2.10ns) (root node of the DSP)   --->   "%add_ln41_2 = add i18 %mul_ln29, i18 %zext_ln41_7" [conv.cpp:41]   --->   Operation 195 'add' 'add_ln41_2' <Predicate = (!icmp_ln27)> <Delay = 2.10> <CoreInst = "DSP48">   --->   Core 119 'DSP48' <Latency = 3> <II = 1> <Delay = 2.15> <IPBlock> <Opcode : 'mul' 'add' 'sub' 'select'> <InPorts = 0> <OutPorts = 1> <Sync> <CReg>
ST_7 : Operation 196 [2/3] (1.05ns) (grouped into DSP with root node add_ln41_5)   --->   "%mul_ln41_4 = mul i15 %add_ln41_3_cast, i15 11" [conv.cpp:41]   --->   Operation 196 'mul' 'mul_ln41_4' <Predicate = (!icmp_ln27)> <Delay = 1.05> <CoreInst = "DSP48">   --->   Core 119 'DSP48' <Latency = 3> <II = 1> <Delay = 2.15> <IPBlock> <Opcode : 'mul' 'add' 'sub' 'select'> <InPorts = 0> <OutPorts = 1> <Sync> <CReg>
ST_7 : Operation 197 [1/3] (0.00ns) (grouped into DSP with root node add_ln41_6)   --->   "%mul_ln41_5 = mul i18 %add_ln41_4_cast, i18 226" [conv.cpp:41]   --->   Operation 197 'mul' 'mul_ln41_5' <Predicate = (!icmp_ln27)> <Delay = 0.00> <CoreInst = "DSP48">   --->   Core 119 'DSP48' <Latency = 3> <II = 1> <Delay = 2.15> <IPBlock> <Opcode : 'mul' 'add' 'sub' 'select'> <InPorts = 0> <OutPorts = 1> <Sync> <CReg>
ST_7 : Operation 198 [1/1] (0.00ns)   --->   "%sext_ln41_2 = sext i9 %add_ln39" [conv.cpp:41]   --->   Operation 198 'sext' 'sext_ln41_2' <Predicate = (!icmp_ln27)> <Delay = 0.00>
ST_7 : Operation 199 [2/2] (2.10ns) (root node of the DSP)   --->   "%add_ln41_6 = add i18 %mul_ln41_5, i18 %sext_ln41_2" [conv.cpp:41]   --->   Operation 199 'add' 'add_ln41_6' <Predicate = (!icmp_ln27)> <Delay = 2.10> <CoreInst = "DSP48">   --->   Core 119 'DSP48' <Latency = 3> <II = 1> <Delay = 2.15> <IPBlock> <Opcode : 'mul' 'add' 'sub' 'select'> <InPorts = 0> <OutPorts = 1> <Sync> <CReg>
ST_7 : Operation 200 [1/1] (1.73ns)   --->   "%add_ln36 = add i4 %select_ln35, i4 1" [conv.cpp:36]   --->   Operation 200 'add' 'add_ln36' <Predicate = (!icmp_ln27)> <Delay = 1.73> <CoreInst = "Adder">   --->   Core 1 'Adder' <Latency = 0> <II = 1> <Delay = 1.73> <FuncUnit> <Opcode : 'add' 'sub'> <InPorts = 2> <OutPorts = 1>
ST_7 : Operation 201 [1/1] (1.67ns)   --->   "%add_ln31_1 = add i13 %indvar_flatten50_load, i13 1" [conv.cpp:31]   --->   Operation 201 'add' 'add_ln31_1' <Predicate = (!icmp_ln27 & !or_ln29_1)> <Delay = 1.67> <CoreInst = "Adder">   --->   Core 1 'Adder' <Latency = 0> <II = 1> <Delay = 1.67> <FuncUnit> <Opcode : 'add' 'sub'> <InPorts = 2> <OutPorts = 1>
ST_7 : Operation 202 [1/1] (0.69ns)   --->   "%select_ln31_5 = select i1 %or_ln29_1, i13 1, i13 %add_ln31_1" [conv.cpp:31]   --->   Operation 202 'select' 'select_ln31_5' <Predicate = (!icmp_ln27)> <Delay = 0.69> <CoreInst = "Sel">   --->   Core 73 'Sel' <Latency = 0> <II = 1> <Delay = 0.69> <FuncUnit> <Opcode : 'select'> <InPorts = 3> <OutPorts = 1>
ST_7 : Operation 203 [1/1] (2.16ns)   --->   "%add_ln29_1 = add i19 %indvar_flatten95_load, i19 1" [conv.cpp:29]   --->   Operation 203 'add' 'add_ln29_1' <Predicate = (!icmp_ln27 & !or_ln28)> <Delay = 2.16> <CoreInst = "Adder">   --->   Core 1 'Adder' <Latency = 0> <II = 1> <Delay = 2.16> <FuncUnit> <Opcode : 'add' 'sub'> <InPorts = 2> <OutPorts = 1>
ST_7 : Operation 204 [1/1] (0.73ns)   --->   "%select_ln29_6 = select i1 %or_ln28, i19 1, i19 %add_ln29_1" [conv.cpp:29]   --->   Operation 204 'select' 'select_ln29_6' <Predicate = (!icmp_ln27)> <Delay = 0.73> <CoreInst = "Sel">   --->   Core 73 'Sel' <Latency = 0> <II = 1> <Delay = 0.73> <FuncUnit> <Opcode : 'select'> <InPorts = 3> <OutPorts = 1>
ST_7 : Operation 205 [1/1] (1.58ns)   --->   "%store_ln36 = store i19 %select_ln29_6, i19 %indvar_flatten95" [conv.cpp:36]   --->   Operation 205 'store' 'store_ln36' <Predicate = (!icmp_ln27)> <Delay = 1.58>
ST_7 : Operation 206 [1/1] (1.58ns)   --->   "%store_ln36 = store i13 %select_ln31_5, i13 %indvar_flatten50" [conv.cpp:36]   --->   Operation 206 'store' 'store_ln36' <Predicate = (!icmp_ln27)> <Delay = 1.58>
ST_7 : Operation 207 [1/1] (1.58ns)   --->   "%store_ln36 = store i4 %add_ln36, i4 %k" [conv.cpp:36]   --->   Operation 207 'store' 'store_ln36' <Predicate = (!icmp_ln27)> <Delay = 1.58>

State 8 <SV = 7> <Delay = 5.35>
ST_8 : Operation 208 [1/3] (0.00ns) (grouped into DSP with root node add_ln41_5)   --->   "%mul_ln41_4 = mul i15 %add_ln41_3_cast, i15 11" [conv.cpp:41]   --->   Operation 208 'mul' 'mul_ln41_4' <Predicate = (!icmp_ln27)> <Delay = 0.00> <CoreInst = "DSP48">   --->   Core 119 'DSP48' <Latency = 3> <II = 1> <Delay = 2.15> <IPBlock> <Opcode : 'mul' 'add' 'sub' 'select'> <InPorts = 0> <OutPorts = 1> <Sync> <CReg>
ST_8 : Operation 209 [1/1] (0.00ns)   --->   "%zext_ln41_10 = zext i4 %select_ln35" [conv.cpp:41]   --->   Operation 209 'zext' 'zext_ln41_10' <Predicate = (!icmp_ln27)> <Delay = 0.00>
ST_8 : Operation 210 [2/2] (2.10ns) (root node of the DSP)   --->   "%add_ln41_5 = add i15 %mul_ln41_4, i15 %zext_ln41_10" [conv.cpp:41]   --->   Operation 210 'add' 'add_ln41_5' <Predicate = (!icmp_ln27)> <Delay = 2.10> <CoreInst = "DSP48">   --->   Core 119 'DSP48' <Latency = 3> <II = 1> <Delay = 2.15> <IPBlock> <Opcode : 'mul' 'add' 'sub' 'select'> <InPorts = 0> <OutPorts = 1> <Sync> <CReg>
ST_8 : Operation 211 [1/2] (2.10ns) (root node of the DSP)   --->   "%add_ln41_6 = add i18 %mul_ln41_5, i18 %sext_ln41_2" [conv.cpp:41]   --->   Operation 211 'add' 'add_ln41_6' <Predicate = (!icmp_ln27)> <Delay = 2.10> <CoreInst = "DSP48">   --->   Core 119 'DSP48' <Latency = 3> <II = 1> <Delay = 2.15> <IPBlock> <Opcode : 'mul' 'add' 'sub' 'select'> <InPorts = 0> <OutPorts = 1> <Sync> <CReg>
ST_8 : Operation 212 [1/1] (0.00ns)   --->   "%zext_ln41_12 = zext i18 %add_ln41_6" [conv.cpp:41]   --->   Operation 212 'zext' 'zext_ln41_12' <Predicate = (!icmp_ln27)> <Delay = 0.00>
ST_8 : Operation 213 [1/1] (0.00ns)   --->   "%input_fm_addr = getelementptr i32 %input_fm, i64 0, i64 %zext_ln41_12" [conv.cpp:41]   --->   Operation 213 'getelementptr' 'input_fm_addr' <Predicate = (!icmp_ln27)> <Delay = 0.00>
ST_8 : Operation 214 [2/2] (3.25ns)   --->   "%input_fm_load = load i18 %input_fm_addr" [conv.cpp:41]   --->   Operation 214 'load' 'input_fm_load' <Predicate = (!icmp_ln27 & and_ln40)> <Delay = 3.25> <CoreInst = "RAM">   --->   Core 82 'RAM' <Latency = 1> <II = 1> <Delay = 3.25> <Storage> <Opcode : 'load' 'store'> <Ports = 2> <Width = 32> <Depth = 153228> <RAM>
ST_8 : Operation 215 [1/1] (1.91ns)   --->   "%add_ln35_1 = add i8 %indvar_flatten21_load, i8 1" [conv.cpp:35]   --->   Operation 215 'add' 'add_ln35_1' <Predicate = (!icmp_ln27 & !or_ln31_1)> <Delay = 1.91> <CoreInst = "Adder">   --->   Core 1 'Adder' <Latency = 0> <II = 1> <Delay = 1.91> <FuncUnit> <Opcode : 'add' 'sub'> <InPorts = 2> <OutPorts = 1>
ST_8 : Operation 216 [1/1] (1.24ns)   --->   "%select_ln35_4 = select i1 %or_ln31_1, i8 1, i8 %add_ln35_1" [conv.cpp:35]   --->   Operation 216 'select' 'select_ln35_4' <Predicate = (!icmp_ln27)> <Delay = 1.24> <CoreInst = "Sel">   --->   Core 73 'Sel' <Latency = 0> <II = 1> <Delay = 1.24> <FuncUnit> <Opcode : 'select'> <InPorts = 3> <OutPorts = 1>
ST_8 : Operation 217 [1/1] (1.58ns)   --->   "%store_ln36 = store i8 %select_ln35_4, i8 %indvar_flatten21" [conv.cpp:36]   --->   Operation 217 'store' 'store_ln36' <Predicate = (!icmp_ln27)> <Delay = 1.58>

State 9 <SV = 8> <Delay = 5.35>
ST_9 : Operation 218 [1/1] (0.00ns)   --->   "%specloopname_ln0 = specloopname void @_ssdm_op_SpecLoopName, void @VITIS_LOOP_27_4_VITIS_LOOP_29_6_VITIS_LOOP_35_8_VITIS_LOOP_36_9_str"   --->   Operation 218 'specloopname' 'specloopname_ln0' <Predicate = (!icmp_ln27)> <Delay = 0.00>
ST_9 : Operation 219 [1/1] (0.00ns)   --->   "%empty_12 = speclooptripcount i32 @_ssdm_op_SpecLoopTripCount, i64 70276800, i64 70276800, i64 70276800"   --->   Operation 219 'speclooptripcount' 'empty_12' <Predicate = (!icmp_ln27)> <Delay = 0.00>
ST_9 : Operation 220 [1/1] (0.00ns)   --->   "%specpipeline_ln0 = specpipeline void @_ssdm_op_SpecPipeline, i32 4294967295, i32 0, i32 1, i32 0, void @p_str"   --->   Operation 220 'specpipeline' 'specpipeline_ln0' <Predicate = (!icmp_ln27)> <Delay = 0.00>
ST_9 : Operation 221 [1/1] (0.00ns)   --->   "%specloopname_ln0 = specloopname void @_ssdm_op_SpecLoopName, void @VITIS_LOOP_28_5_VITIS_LOOP_31_7_VITIS_LOOP_35_8_VITIS_LOOP_36_9_str"   --->   Operation 221 'specloopname' 'specloopname_ln0' <Predicate = (!icmp_ln27)> <Delay = 0.00>
ST_9 : Operation 222 [1/1] (0.00ns)   --->   "%specpipeline_ln0 = specpipeline void @_ssdm_op_SpecPipeline, i32 4294967295, i32 0, i32 1, i32 0, void @p_str"   --->   Operation 222 'specpipeline' 'specpipeline_ln0' <Predicate = (!icmp_ln27)> <Delay = 0.00>
ST_9 : Operation 223 [1/1] (0.00ns)   --->   "%specloopname_ln0 = specloopname void @_ssdm_op_SpecLoopName, void @VITIS_LOOP_29_6_VITIS_LOOP_35_8_VITIS_LOOP_36_9_str"   --->   Operation 223 'specloopname' 'specloopname_ln0' <Predicate = (!icmp_ln27)> <Delay = 0.00>
ST_9 : Operation 224 [1/1] (0.00ns)   --->   "%specpipeline_ln0 = specpipeline void @_ssdm_op_SpecPipeline, i32 4294967295, i32 0, i32 1, i32 0, void @p_str"   --->   Operation 224 'specpipeline' 'specpipeline_ln0' <Predicate = (!icmp_ln27)> <Delay = 0.00>
ST_9 : Operation 225 [1/1] (0.00ns)   --->   "%specloopname_ln0 = specloopname void @_ssdm_op_SpecLoopName, void @VITIS_LOOP_31_7_VITIS_LOOP_35_8_VITIS_LOOP_36_9_str"   --->   Operation 225 'specloopname' 'specloopname_ln0' <Predicate = (!icmp_ln27)> <Delay = 0.00>
ST_9 : Operation 226 [1/1] (0.00ns)   --->   "%zext_ln41_8 = zext i18 %add_ln41_2" [conv.cpp:41]   --->   Operation 226 'zext' 'zext_ln41_8' <Predicate = (!icmp_ln27)> <Delay = 0.00>
ST_9 : Operation 227 [1/1] (0.00ns)   --->   "%output_fm_addr = getelementptr i32 %output_fm, i64 0, i64 %zext_ln41_8" [conv.cpp:41]   --->   Operation 227 'getelementptr' 'output_fm_addr' <Predicate = (!icmp_ln27)> <Delay = 0.00>
ST_9 : Operation 228 [1/1] (0.00ns)   --->   "%specpipeline_ln0 = specpipeline void @_ssdm_op_SpecPipeline, i32 4294967295, i32 0, i32 1, i32 0, void @p_str"   --->   Operation 228 'specpipeline' 'specpipeline_ln0' <Predicate = (!icmp_ln27)> <Delay = 0.00>
ST_9 : Operation 229 [1/1] (0.00ns)   --->   "%specloopname_ln0 = specloopname void @_ssdm_op_SpecLoopName, void @VITIS_LOOP_35_8_VITIS_LOOP_36_9_str"   --->   Operation 229 'specloopname' 'specloopname_ln0' <Predicate = (!icmp_ln27)> <Delay = 0.00>
ST_9 : Operation 230 [1/1] (0.00ns)   --->   "%specpipeline_ln0 = specpipeline void @_ssdm_op_SpecPipeline, i32 4294967295, i32 0, i32 1, i32 0, void @p_str"   --->   Operation 230 'specpipeline' 'specpipeline_ln0' <Predicate = (!icmp_ln27)> <Delay = 0.00>
ST_9 : Operation 231 [1/2] (2.10ns) (root node of the DSP)   --->   "%add_ln41_5 = add i15 %mul_ln41_4, i15 %zext_ln41_10" [conv.cpp:41]   --->   Operation 231 'add' 'add_ln41_5' <Predicate = (!icmp_ln27)> <Delay = 2.10> <CoreInst = "DSP48">   --->   Core 119 'DSP48' <Latency = 3> <II = 1> <Delay = 2.15> <IPBlock> <Opcode : 'mul' 'add' 'sub' 'select'> <InPorts = 0> <OutPorts = 1> <Sync> <CReg>
ST_9 : Operation 232 [1/1] (0.00ns)   --->   "%zext_ln41_11 = zext i15 %add_ln41_5" [conv.cpp:41]   --->   Operation 232 'zext' 'zext_ln41_11' <Predicate = (!icmp_ln27)> <Delay = 0.00>
ST_9 : Operation 233 [1/1] (0.00ns)   --->   "%weights_addr = getelementptr i32 %weights, i64 0, i64 %zext_ln41_11" [conv.cpp:41]   --->   Operation 233 'getelementptr' 'weights_addr' <Predicate = (!icmp_ln27)> <Delay = 0.00>
ST_9 : Operation 234 [1/1] (0.00ns)   --->   "%specloopname_ln26 = specloopname void @_ssdm_op_SpecLoopName, void @empty_2" [conv.cpp:26]   --->   Operation 234 'specloopname' 'specloopname_ln26' <Predicate = (!icmp_ln27)> <Delay = 0.00>
ST_9 : Operation 235 [2/2] (3.25ns)   --->   "%weights_load = load i15 %weights_addr" [conv.cpp:41]   --->   Operation 235 'load' 'weights_load' <Predicate = (!icmp_ln27 & and_ln40)> <Delay = 3.25> <CoreInst = "RAM">   --->   Core 82 'RAM' <Latency = 1> <II = 1> <Delay = 3.25> <Storage> <Opcode : 'load' 'store'> <Ports = 2> <Width = 32> <Depth = 23232> <RAM>
ST_9 : Operation 236 [1/2] (3.25ns)   --->   "%input_fm_load = load i18 %input_fm_addr" [conv.cpp:41]   --->   Operation 236 'load' 'input_fm_load' <Predicate = (!icmp_ln27 & and_ln40)> <Delay = 3.25> <CoreInst = "RAM">   --->   Core 82 'RAM' <Latency = 1> <II = 1> <Delay = 3.25> <Storage> <Opcode : 'load' 'store'> <Ports = 2> <Width = 32> <Depth = 153228> <RAM>
ST_9 : Operation 237 [1/1] (2.22ns)   --->   "%add_ln28_1 = add i21 %indvar_flatten153_load, i21 1" [conv.cpp:28]   --->   Operation 237 'add' 'add_ln28_1' <Predicate = (!icmp_ln27 & !icmp_ln28)> <Delay = 2.22> <CoreInst = "Adder">   --->   Core 1 'Adder' <Latency = 0> <II = 1> <Delay = 2.22> <FuncUnit> <Opcode : 'add' 'sub'> <InPorts = 2> <OutPorts = 1>
ST_9 : Operation 238 [1/1] (0.70ns)   --->   "%select_ln28_4 = select i1 %icmp_ln28, i21 1, i21 %add_ln28_1" [conv.cpp:28]   --->   Operation 238 'select' 'select_ln28_4' <Predicate = (!icmp_ln27)> <Delay = 0.70> <CoreInst = "Sel">   --->   Core 73 'Sel' <Latency = 0> <II = 1> <Delay = 0.70> <FuncUnit> <Opcode : 'select'> <InPorts = 3> <OutPorts = 1>
ST_9 : Operation 239 [1/1] (1.58ns)   --->   "%store_ln36 = store i21 %select_ln28_4, i21 %indvar_flatten153" [conv.cpp:36]   --->   Operation 239 'store' 'store_ln36' <Predicate = (!icmp_ln27)> <Delay = 1.58>
ST_9 : Operation 240 [1/1] (0.00ns)   --->   "%br_ln36 = br void %for.body38" [conv.cpp:36]   --->   Operation 240 'br' 'br_ln36' <Predicate = (!icmp_ln27)> <Delay = 0.00>

State 10 <SV = 9> <Delay = 3.25>
ST_10 : Operation 241 [1/2] (3.25ns)   --->   "%weights_load = load i15 %weights_addr" [conv.cpp:41]   --->   Operation 241 'load' 'weights_load' <Predicate = (and_ln40)> <Delay = 3.25> <CoreInst = "RAM">   --->   Core 82 'RAM' <Latency = 1> <II = 1> <Delay = 3.25> <Storage> <Opcode : 'load' 'store'> <Ports = 2> <Width = 32> <Depth = 23232> <RAM>

State 11 <SV = 10> <Delay = 5.70>
ST_11 : Operation 242 [1/1] (0.00ns)   --->   "%bitcast_ln41 = bitcast i32 %weights_load" [conv.cpp:41]   --->   Operation 242 'bitcast' 'bitcast_ln41' <Predicate = (and_ln40)> <Delay = 0.00>
ST_11 : Operation 243 [1/1] (0.00ns)   --->   "%bitcast_ln41_1 = bitcast i32 %input_fm_load" [conv.cpp:41]   --->   Operation 243 'bitcast' 'bitcast_ln41_1' <Predicate = (and_ln40)> <Delay = 0.00>
ST_11 : Operation 244 [4/4] (5.70ns)   --->   "%mul = fmul i32 %bitcast_ln41, i32 %bitcast_ln41_1" [conv.cpp:41]   --->   Operation 244 'fmul' 'mul' <Predicate = (and_ln40)> <Delay = 5.70> <CoreInst = "FMul_maxdsp">   --->   Core 30 'FMul_maxdsp' <Latency = 3> <II = 1> <Delay = 5.70> <FuncUnit> <Opcode : 'fmul'> <InPorts = 2> <OutPorts = 1>

State 12 <SV = 11> <Delay = 5.70>
ST_12 : Operation 245 [3/4] (5.70ns)   --->   "%mul = fmul i32 %bitcast_ln41, i32 %bitcast_ln41_1" [conv.cpp:41]   --->   Operation 245 'fmul' 'mul' <Predicate = (and_ln40)> <Delay = 5.70> <CoreInst = "FMul_maxdsp">   --->   Core 30 'FMul_maxdsp' <Latency = 3> <II = 1> <Delay = 5.70> <FuncUnit> <Opcode : 'fmul'> <InPorts = 2> <OutPorts = 1>
ST_12 : Operation 259 [1/1] (0.00ns)   --->   "%ret_ln0 = ret"   --->   Operation 259 'ret' 'ret_ln0' <Predicate = (icmp_ln27)> <Delay = 0.00>

State 13 <SV = 12> <Delay = 5.70>
ST_13 : Operation 246 [2/4] (5.70ns)   --->   "%mul = fmul i32 %bitcast_ln41, i32 %bitcast_ln41_1" [conv.cpp:41]   --->   Operation 246 'fmul' 'mul' <Predicate = (and_ln40)> <Delay = 5.70> <CoreInst = "FMul_maxdsp">   --->   Core 30 'FMul_maxdsp' <Latency = 3> <II = 1> <Delay = 5.70> <FuncUnit> <Opcode : 'fmul'> <InPorts = 2> <OutPorts = 1>
ST_13 : Operation 247 [2/2] (3.25ns)   --->   "%output_fm_load = load i18 %output_fm_addr" [conv.cpp:41]   --->   Operation 247 'load' 'output_fm_load' <Predicate = (and_ln40)> <Delay = 3.25> <CoreInst = "RAM">   --->   Core 82 'RAM' <Latency = 1> <II = 1> <Delay = 3.25> <Storage> <Opcode : 'load' 'store'> <Ports = 2> <Width = 32> <Depth = 193600> <RAM>

State 14 <SV = 13> <Delay = 5.70>
ST_14 : Operation 248 [1/4] (5.70ns)   --->   "%mul = fmul i32 %bitcast_ln41, i32 %bitcast_ln41_1" [conv.cpp:41]   --->   Operation 248 'fmul' 'mul' <Predicate = (and_ln40)> <Delay = 5.70> <CoreInst = "FMul_maxdsp">   --->   Core 30 'FMul_maxdsp' <Latency = 3> <II = 1> <Delay = 5.70> <FuncUnit> <Opcode : 'fmul'> <InPorts = 2> <OutPorts = 1>
ST_14 : Operation 249 [1/2] (3.25ns)   --->   "%output_fm_load = load i18 %output_fm_addr" [conv.cpp:41]   --->   Operation 249 'load' 'output_fm_load' <Predicate = (and_ln40)> <Delay = 3.25> <CoreInst = "RAM">   --->   Core 82 'RAM' <Latency = 1> <II = 1> <Delay = 3.25> <Storage> <Opcode : 'load' 'store'> <Ports = 2> <Width = 32> <Depth = 193600> <RAM>

State 15 <SV = 14> <Delay = 7.25>
ST_15 : Operation 250 [1/1] (0.00ns)   --->   "%bitcast_ln41_2 = bitcast i32 %output_fm_load" [conv.cpp:41]   --->   Operation 250 'bitcast' 'bitcast_ln41_2' <Predicate = (and_ln40)> <Delay = 0.00>
ST_15 : Operation 251 [5/5] (7.25ns)   --->   "%add = fadd i32 %bitcast_ln41_2, i32 %mul" [conv.cpp:41]   --->   Operation 251 'fadd' 'add' <Predicate = (and_ln40)> <Delay = 7.25> <CoreInst = "FAddSub_fulldsp">   --->   Core 18 'FAddSub_fulldsp' <Latency = 4> <II = 1> <Delay = 7.25> <FuncUnit> <Opcode : 'fadd' 'fsub'> <InPorts = 2> <OutPorts = 1>

State 16 <SV = 15> <Delay = 7.25>
ST_16 : Operation 252 [4/5] (7.25ns)   --->   "%add = fadd i32 %bitcast_ln41_2, i32 %mul" [conv.cpp:41]   --->   Operation 252 'fadd' 'add' <Predicate = (and_ln40)> <Delay = 7.25> <CoreInst = "FAddSub_fulldsp">   --->   Core 18 'FAddSub_fulldsp' <Latency = 4> <II = 1> <Delay = 7.25> <FuncUnit> <Opcode : 'fadd' 'fsub'> <InPorts = 2> <OutPorts = 1>

State 17 <SV = 16> <Delay = 7.25>
ST_17 : Operation 253 [3/5] (7.25ns)   --->   "%add = fadd i32 %bitcast_ln41_2, i32 %mul" [conv.cpp:41]   --->   Operation 253 'fadd' 'add' <Predicate = (and_ln40)> <Delay = 7.25> <CoreInst = "FAddSub_fulldsp">   --->   Core 18 'FAddSub_fulldsp' <Latency = 4> <II = 1> <Delay = 7.25> <FuncUnit> <Opcode : 'fadd' 'fsub'> <InPorts = 2> <OutPorts = 1>

State 18 <SV = 17> <Delay = 7.25>
ST_18 : Operation 254 [2/5] (7.25ns)   --->   "%add = fadd i32 %bitcast_ln41_2, i32 %mul" [conv.cpp:41]   --->   Operation 254 'fadd' 'add' <Predicate = (and_ln40)> <Delay = 7.25> <CoreInst = "FAddSub_fulldsp">   --->   Core 18 'FAddSub_fulldsp' <Latency = 4> <II = 1> <Delay = 7.25> <FuncUnit> <Opcode : 'fadd' 'fsub'> <InPorts = 2> <OutPorts = 1>

State 19 <SV = 18> <Delay = 7.25>
ST_19 : Operation 255 [1/5] (7.25ns)   --->   "%add = fadd i32 %bitcast_ln41_2, i32 %mul" [conv.cpp:41]   --->   Operation 255 'fadd' 'add' <Predicate = (and_ln40)> <Delay = 7.25> <CoreInst = "FAddSub_fulldsp">   --->   Core 18 'FAddSub_fulldsp' <Latency = 4> <II = 1> <Delay = 7.25> <FuncUnit> <Opcode : 'fadd' 'fsub'> <InPorts = 2> <OutPorts = 1>

State 20 <SV = 19> <Delay = 3.25>
ST_20 : Operation 256 [1/1] (0.00ns)   --->   "%bitcast_ln41_3 = bitcast i32 %add" [conv.cpp:41]   --->   Operation 256 'bitcast' 'bitcast_ln41_3' <Predicate = (and_ln40)> <Delay = 0.00>
ST_20 : Operation 257 [1/1] (3.25ns)   --->   "%store_ln41 = store i32 %bitcast_ln41_3, i18 %output_fm_addr" [conv.cpp:41]   --->   Operation 257 'store' 'store_ln41' <Predicate = (and_ln40)> <Delay = 3.25> <CoreInst = "RAM">   --->   Core 82 'RAM' <Latency = 1> <II = 1> <Delay = 3.25> <Storage> <Opcode : 'load' 'store'> <Ports = 2> <Width = 32> <Depth = 193600> <RAM>
ST_20 : Operation 258 [1/1] (0.00ns)   --->   "%br_ln42 = br void %for.inc69" [conv.cpp:42]   --->   Operation 258 'br' 'br_ln42' <Predicate = (and_ln40)> <Delay = 0.00>


============================================================
+ Verbose Summary: Binding
============================================================
STG Binding: 
---------------- STG Properties BEGIN ----------------
- Is combinational: 0
- Is one-state seq: 0
- Is datapath-only: 0
- Is pipelined: 0
- Is top level: 0
Port [ Return ] is wired: 1; IO mode=ap_ctrl_hs:ce=0
Port [ output_fm]:  wired=1; compound=1; hidden=0; nouse=0; global=0; static=0; extern=0; dir=2; type=1; pingpong=0; private_global=0; MemPort=[23]; IO mode=ap_memory:ce=0
Port [ weights]:  wired=1; compound=1; hidden=0; nouse=0; global=0; static=0; extern=0; dir=0; type=1; pingpong=0; private_global=0; MemPort=[13]; IO mode=ap_memory:ce=0
Port [ input_fm]:  wired=1; compound=1; hidden=0; nouse=0; global=0; static=0; extern=0; dir=0; type=1; pingpong=0; private_global=0; MemPort=[13]; IO mode=ap_memory:ce=0
---------------- STG Properties END ------------------

---------------- Datapath Model BEGIN ----------------

<LifeTime>
<method=bitvector/>
k                      (alloca           ) [ 011111110000000000000]
j                      (alloca           ) [ 011111000000000000000]
indvar_flatten21       (alloca           ) [ 011111111000000000000]
a                      (alloca           ) [ 011110000000000000000]
indvar_flatten50       (alloca           ) [ 011111110000000000000]
i                      (alloca           ) [ 011110000000000000000]
indvar_flatten95       (alloca           ) [ 011111110000000000000]
m                      (alloca           ) [ 011100000000000000000]
indvar_flatten153      (alloca           ) [ 011111111100000000000]
f                      (alloca           ) [ 011100000000000000000]
indvar_flatten221      (alloca           ) [ 011100000000000000000]
specinterface_ln0      (specinterface    ) [ 000000000000000000000]
specinterface_ln0      (specinterface    ) [ 000000000000000000000]
specinterface_ln0      (specinterface    ) [ 000000000000000000000]
store_ln0              (store            ) [ 000000000000000000000]
store_ln0              (store            ) [ 000000000000000000000]
store_ln0              (store            ) [ 000000000000000000000]
store_ln0              (store            ) [ 000000000000000000000]
store_ln0              (store            ) [ 000000000000000000000]
store_ln0              (store            ) [ 000000000000000000000]
store_ln0              (store            ) [ 000000000000000000000]
store_ln0              (store            ) [ 000000000000000000000]
store_ln0              (store            ) [ 000000000000000000000]
store_ln0              (store            ) [ 000000000000000000000]
store_ln0              (store            ) [ 000000000000000000000]
br_ln0                 (br               ) [ 000000000000000000000]
indvar_flatten50_load  (load             ) [ 000111110000000000000]
indvar_flatten95_load  (load             ) [ 000111110000000000000]
indvar_flatten153_load (load             ) [ 010111111100000000000]
indvar_flatten221_load (load             ) [ 000000000000000000000]
icmp_ln27              (icmp             ) [ 011111111111100000000]
add_ln27_1             (add              ) [ 000100000000000000000]
br_ln27                (br               ) [ 000000000000000000000]
m_load                 (load             ) [ 000000000000000000000]
f_load                 (load             ) [ 000100000000000000000]
add_ln27               (add              ) [ 000100000000000000000]
icmp_ln28              (icmp             ) [ 010111111100000000000]
select_ln27            (select           ) [ 000000000000000000000]
xor_ln27               (xor              ) [ 000110000000000000000]
icmp_ln31              (icmp             ) [ 000100000000000000000]
icmp_ln29              (icmp             ) [ 000100000000000000000]
and_ln27_4             (and              ) [ 000100000000000000000]
add_ln28               (add              ) [ 000000000000000000000]
select_ln28_1          (select           ) [ 000100000000000000000]
zext_ln41_4            (zext             ) [ 000110000000000000000]
j_1                    (load             ) [ 000000000000000000000]
indvar_flatten21_load  (load             ) [ 000011111000000000000]
a_1                    (load             ) [ 000000000000000000000]
i_1                    (load             ) [ 000000000000000000000]
zext_ln29              (zext             ) [ 000000000000000000000]
add_ln30               (add              ) [ 000000000000000000000]
tmp_3                  (partselect       ) [ 000000000000000000000]
add_ln34               (add              ) [ 000000000000000000000]
tmp_4                  (partselect       ) [ 000000000000000000000]
tmp                    (add              ) [ 000000000000000000000]
tmp_cast               (sext             ) [ 000000000000000000000]
empty                  (add              ) [ 000010000000000000000]
tmp_1                  (bitselect        ) [ 000000000000000000000]
rev                    (xor              ) [ 000010000000000000000]
specpipeline_ln0       (specpipeline     ) [ 000000000000000000000]
k_load                 (load             ) [ 000000000000000000000]
select_ln27_1          (select           ) [ 000010000000000000000]
zext_ln41_1            (zext             ) [ 000000000000000000000]
tmp_5                  (bitconcatenate   ) [ 000000000000000000000]
zext_ln41_2            (zext             ) [ 000000000000000000000]
sub_ln41               (sub              ) [ 000000000000000000000]
sext_ln41              (sext             ) [ 000000000000000000000]
icmp_ln36              (icmp             ) [ 000000000000000000000]
and_ln27_1             (and              ) [ 000000000000000000000]
icmp_ln35              (icmp             ) [ 000000000000000000000]
and_ln27_2             (and              ) [ 000000000000000000000]
or_ln28                (or               ) [ 000011110000000000000]
select_ln28            (select           ) [ 000010000000000000000]
zext_ln41_3            (zext             ) [ 000000000000000000000]
add_ln41               (add              ) [ 000000000000000000000]
sext_ln28              (sext             ) [ 000011000000000000000]
select_ln28_2          (select           ) [ 000000000000000000000]
xor_ln28               (xor              ) [ 000000000000000000000]
or_ln28_1              (or               ) [ 000010000000000000000]
and_ln28_1             (and              ) [ 000000000000000000000]
and_ln28_2             (and              ) [ 000000000000000000000]
and_ln27_3             (and              ) [ 000000000000000000000]
and_ln28_3             (and              ) [ 000010000000000000000]
add_ln29               (add              ) [ 000010000000000000000]
or_ln29                (or               ) [ 000000000000000000000]
or_ln29_1              (or               ) [ 000011110000000000000]
select_ln29            (select           ) [ 000010000000000000000]
p_mid                  (partselect       ) [ 000000000000000000000]
select_ln29_2          (select           ) [ 000010000000000000000]
select_ln29_3          (select           ) [ 000000000000000000000]
xor_ln29               (xor              ) [ 000000000000000000000]
and_ln29               (and              ) [ 000000000000000000000]
and_ln29_1             (and              ) [ 000010000000000000000]
add_ln31               (add              ) [ 000010000000000000000]
or_ln31                (or               ) [ 000000000000000000000]
or_ln31_1              (or               ) [ 000011111000000000000]
select_ln31            (select           ) [ 000011000000000000000]
p_mid2                 (partselect       ) [ 000000000000000000000]
select_ln31_2          (select           ) [ 000011100000000000000]
xor_ln31               (xor              ) [ 000000000000000000000]
or_ln31_2              (or               ) [ 000000000000000000000]
and_ln31               (and              ) [ 000011000000000000000]
or_ln35                (or               ) [ 000000000000000000000]
or_ln35_1              (or               ) [ 000000000000000000000]
or_ln35_2              (or               ) [ 000000000000000000000]
select_ln35            (select           ) [ 000011111000000000000]
store_ln36             (store            ) [ 000000000000000000000]
store_ln36             (store            ) [ 000000000000000000000]
store_ln36             (store            ) [ 000000000000000000000]
zext_ln41              (zext             ) [ 000000000000000000000]
mul_ln41               (mul              ) [ 000000000000000000000]
and_ln27               (and              ) [ 000000000000000000000]
mul_ln41_1             (mul              ) [ 000000000000000000000]
zext_ln41_5            (zext             ) [ 000001000000000000000]
select_ln28_3          (select           ) [ 000000000000000000000]
and_ln28               (and              ) [ 000000000000000000000]
zext_ln29_1            (zext             ) [ 000000000000000000000]
select_ln29_1          (select           ) [ 000000000000000000000]
select_ln29_2_cast     (zext             ) [ 000000000000000000000]
zext_ln41_6            (zext             ) [ 000000000000000000000]
add_ln41_1             (add              ) [ 000000000000000000000]
zext_ln29_2            (zext             ) [ 000001100000000000000]
p_mid183               (add              ) [ 000000000000000000000]
select_ln29_4          (select           ) [ 000000000000000000000]
tmp_2                  (bitselect        ) [ 000000000000000000000]
rev34                  (xor              ) [ 000000000000000000000]
select_ln29_5          (select           ) [ 000000000000000000000]
select_ln31_1          (select           ) [ 000000000000000000000]
select_ln31_1_cast     (zext             ) [ 000000000000000000000]
p_mid142               (add              ) [ 000000000000000000000]
select_ln31_3          (select           ) [ 000000000000000000000]
tmp_6                  (bitselect        ) [ 000000000000000000000]
rev37                  (xor              ) [ 000000000000000000000]
select_ln31_4          (select           ) [ 000000000000000000000]
tmp_mid1               (add              ) [ 000000000000000000000]
tmp_cast_mid1          (sext             ) [ 000000000000000000000]
p_mid1                 (add              ) [ 000000000000000000000]
select_ln35_2          (select           ) [ 000000000000000000000]
sext_ln41_1            (sext             ) [ 000001000000000000000]
tmp_7                  (bitselect        ) [ 000000000000000000000]
rev40                  (xor              ) [ 000000000000000000000]
select_ln35_3          (select           ) [ 000000000000000000000]
add_ln39_1             (add              ) [ 000000000000000000000]
sext_ln39              (sext             ) [ 000000000000000000000]
add_ln39               (add              ) [ 000001110000000000000]
icmp_ln40              (icmp             ) [ 000000000000000000000]
and_ln40               (and              ) [ 011111111111111111111]
br_ln40                (br               ) [ 000000000000000000000]
store_ln36             (store            ) [ 000000000000000000000]
store_ln36             (store            ) [ 000000000000000000000]
mul_ln28               (mul              ) [ 000000100000000000000]
add_ln35               (add              ) [ 000000000000000000000]
select_ln35_1          (select           ) [ 000000000000000000000]
zext_ln41_9            (zext             ) [ 000000100000000000000]
add_ln41_4             (add              ) [ 000000000000000000000]
add_ln41_4_cast        (sext             ) [ 000000110000000000000]
store_ln36             (store            ) [ 000000000000000000000]
mul_ln29               (mul              ) [ 000000010000000000000]
zext_ln41_7            (zext             ) [ 000000010000000000000]
add_ln41_3             (add              ) [ 000000000000000000000]
add_ln41_3_cast        (sext             ) [ 000000011000000000000]
add_ln41_2             (add              ) [ 010000001100000000000]
mul_ln41_5             (mul              ) [ 000000001000000000000]
sext_ln41_2            (sext             ) [ 000000001000000000000]
add_ln36               (add              ) [ 000000000000000000000]
add_ln31_1             (add              ) [ 000000000000000000000]
select_ln31_5          (select           ) [ 000000000000000000000]
add_ln29_1             (add              ) [ 000000000000000000000]
select_ln29_6          (select           ) [ 000000000000000000000]
store_ln36             (store            ) [ 000000000000000000000]
store_ln36             (store            ) [ 000000000000000000000]
store_ln36             (store            ) [ 000000000000000000000]
mul_ln41_4             (mul              ) [ 010000000100000000000]
zext_ln41_10           (zext             ) [ 010000000100000000000]
add_ln41_6             (add              ) [ 000000000000000000000]
zext_ln41_12           (zext             ) [ 000000000000000000000]
input_fm_addr          (getelementptr    ) [ 010000000100000000000]
add_ln35_1             (add              ) [ 000000000000000000000]
select_ln35_4          (select           ) [ 000000000000000000000]
store_ln36             (store            ) [ 000000000000000000000]
specloopname_ln0       (specloopname     ) [ 000000000000000000000]
empty_12               (speclooptripcount) [ 000000000000000000000]
specpipeline_ln0       (specpipeline     ) [ 000000000000000000000]
specloopname_ln0       (specloopname     ) [ 000000000000000000000]
specpipeline_ln0       (specpipeline     ) [ 000000000000000000000]
specloopname_ln0       (specloopname     ) [ 000000000000000000000]
specpipeline_ln0       (specpipeline     ) [ 000000000000000000000]
specloopname_ln0       (specloopname     ) [ 000000000000000000000]
zext_ln41_8            (zext             ) [ 000000000000000000000]
output_fm_addr         (getelementptr    ) [ 011111111011111111111]
specpipeline_ln0       (specpipeline     ) [ 000000000000000000000]
specloopname_ln0       (specloopname     ) [ 000000000000000000000]
specpipeline_ln0       (specpipeline     ) [ 000000000000000000000]
add_ln41_5             (add              ) [ 000000000000000000000]
zext_ln41_11           (zext             ) [ 000000000000000000000]
weights_addr           (getelementptr    ) [ 001000000010000000000]
specloopname_ln26      (specloopname     ) [ 000000000000000000000]
input_fm_load          (load             ) [ 001100000011000000000]
add_ln28_1             (add              ) [ 000000000000000000000]
select_ln28_4          (select           ) [ 000000000000000000000]
store_ln36             (store            ) [ 000000000000000000000]
br_ln36                (br               ) [ 000000000000000000000]
weights_load           (load             ) [ 000100000001000000000]
bitcast_ln41           (bitcast          ) [ 000011100000111000000]
bitcast_ln41_1         (bitcast          ) [ 000011100000111000000]
mul                    (fmul             ) [ 011100011000000111110]
output_fm_load         (load             ) [ 000000010000000100000]
bitcast_ln41_2         (bitcast          ) [ 011100001000000011110]
add                    (fadd             ) [ 000010000000000000001]
bitcast_ln41_3         (bitcast          ) [ 000000000000000000000]
store_ln41             (store            ) [ 000000000000000000000]
br_ln42                (br               ) [ 000000000000000000000]
ret_ln0                (ret              ) [ 000000000000000000000]
</LifeTime>

<model>

<comp_list>
<comp id="0" class="1000" name="output_fm">
<pin_list>
<pin id="1" dir="1" index="0" bw="1" slack="0"/>
</pin_list>
<bind>
<StgValue><ssdm name="output_fm"/><MemPortTyVec>2 3 </MemPortTyVec>
</StgValue>
</bind>
</comp>

<comp id="2" class="1000" name="weights">
<pin_list>
<pin id="3" dir="1" index="0" bw="1" slack="0"/>
</pin_list>
<bind>
<StgValue><ssdm name="weights"/><MemPortTyVec>1 3 </MemPortTyVec>
</StgValue>
</bind>
</comp>

<comp id="4" class="1000" name="input_fm">
<pin_list>
<pin id="5" dir="1" index="0" bw="1" slack="0"/>
</pin_list>
<bind>
<StgValue><ssdm name="input_fm"/><MemPortTyVec>1 3 </MemPortTyVec>
</StgValue>
</bind>
</comp>

<comp id="6" class="1001" name="const_6">
<pin_list>
<pin id="7" dir="1" index="0" bw="1" slack="0"/>
</pin_list>
<bind>
<StgValue><ssdm name=""/></StgValue>
</bind>
</comp>

<comp id="8" class="1001" name="const_8">
<pin_list>
<pin id="9" dir="1" index="0" bw="1" slack="2147483647"/>
</pin_list>
<bind>
<StgValue><ssdm name="_ssdm_op_SpecInterface"/></StgValue>
</bind>
</comp>

<comp id="10" class="1001" name="const_10">
<pin_list>
<pin id="11" dir="1" index="0" bw="1" slack="2147483647"/>
</pin_list>
<bind>
<StgValue><ssdm name="empty_4"/></StgValue>
</bind>
</comp>

<comp id="12" class="1001" name="const_12">
<pin_list>
<pin id="13" dir="1" index="0" bw="1" slack="2147483647"/>
</pin_list>
<bind>
<StgValue><ssdm name=""/></StgValue>
</bind>
</comp>

<comp id="14" class="1001" name="const_14">
<pin_list>
<pin id="15" dir="1" index="0" bw="1" slack="2147483647"/>
</pin_list>
<bind>
<StgValue><ssdm name="empty"/></StgValue>
</bind>
</comp>

<comp id="16" class="1001" name="const_16">
<pin_list>
<pin id="17" dir="1" index="0" bw="1" slack="2147483647"/>
</pin_list>
<bind>
<StgValue><ssdm name=""/></StgValue>
</bind>
</comp>

<comp id="18" class="1001" name="const_18">
<pin_list>
<pin id="19" dir="1" index="0" bw="1" slack="0"/>
</pin_list>
<bind>
<StgValue><ssdm name=""/></StgValue>
</bind>
</comp>

<comp id="20" class="1001" name="const_20">
<pin_list>
<pin id="21" dir="1" index="0" bw="1" slack="0"/>
</pin_list>
<bind>
<StgValue><ssdm name=""/></StgValue>
</bind>
</comp>

<comp id="22" class="1001" name="const_22">
<pin_list>
<pin id="23" dir="1" index="0" bw="1" slack="0"/>
</pin_list>
<bind>
<StgValue><ssdm name=""/></StgValue>
</bind>
</comp>

<comp id="24" class="1001" name="const_24">
<pin_list>
<pin id="25" dir="1" index="0" bw="1" slack="0"/>
</pin_list>
<bind>
<StgValue><ssdm name=""/></StgValue>
</bind>
</comp>

<comp id="26" class="1001" name="const_26">
<pin_list>
<pin id="27" dir="1" index="0" bw="1" slack="0"/>
</pin_list>
<bind>
<StgValue><ssdm name=""/></StgValue>
</bind>
</comp>

<comp id="28" class="1001" name="const_28">
<pin_list>
<pin id="29" dir="1" index="0" bw="1" slack="0"/>
</pin_list>
<bind>
<StgValue><ssdm name=""/></StgValue>
</bind>
</comp>

<comp id="30" class="1001" name="const_30">
<pin_list>
<pin id="31" dir="1" index="0" bw="1" slack="0"/>
</pin_list>
<bind>
<StgValue><ssdm name=""/></StgValue>
</bind>
</comp>

<comp id="32" class="1001" name="const_32">
<pin_list>
<pin id="33" dir="1" index="0" bw="1" slack="0"/>
</pin_list>
<bind>
<StgValue><ssdm name=""/></StgValue>
</bind>
</comp>

<comp id="34" class="1001" name="const_34">
<pin_list>
<pin id="35" dir="1" index="0" bw="1" slack="0"/>
</pin_list>
<bind>
<StgValue><ssdm name=""/></StgValue>
</bind>
</comp>

<comp id="36" class="1001" name="const_36">
<pin_list>
<pin id="37" dir="1" index="0" bw="1" slack="0"/>
</pin_list>
<bind>
<StgValue><ssdm name=""/></StgValue>
</bind>
</comp>

<comp id="38" class="1001" name="const_38">
<pin_list>
<pin id="39" dir="1" index="0" bw="1" slack="0"/>
</pin_list>
<bind>
<StgValue><ssdm name=""/></StgValue>
</bind>
</comp>

<comp id="40" class="1001" name="const_40">
<pin_list>
<pin id="41" dir="1" index="0" bw="1" slack="0"/>
</pin_list>
<bind>
<StgValue><ssdm name=""/></StgValue>
</bind>
</comp>

<comp id="42" class="1001" name="const_42">
<pin_list>
<pin id="43" dir="1" index="0" bw="1" slack="0"/>
</pin_list>
<bind>
<StgValue><ssdm name=""/></StgValue>
</bind>
</comp>

<comp id="44" class="1001" name="const_44">
<pin_list>
<pin id="45" dir="1" index="0" bw="1" slack="0"/>
</pin_list>
<bind>
<StgValue><ssdm name=""/></StgValue>
</bind>
</comp>

<comp id="46" class="1001" name="const_46">
<pin_list>
<pin id="47" dir="1" index="0" bw="1" slack="0"/>
</pin_list>
<bind>
<StgValue><ssdm name=""/></StgValue>
</bind>
</comp>

<comp id="48" class="1001" name="const_48">
<pin_list>
<pin id="49" dir="1" index="0" bw="1" slack="0"/>
</pin_list>
<bind>
<StgValue><ssdm name=""/></StgValue>
</bind>
</comp>

<comp id="50" class="1001" name="const_50">
<pin_list>
<pin id="51" dir="1" index="0" bw="1" slack="0"/>
</pin_list>
<bind>
<StgValue><ssdm name=""/></StgValue>
</bind>
</comp>

<comp id="52" class="1001" name="const_52">
<pin_list>
<pin id="53" dir="1" index="0" bw="1" slack="0"/>
</pin_list>
<bind>
<StgValue><ssdm name=""/></StgValue>
</bind>
</comp>

<comp id="54" class="1001" name="const_54">
<pin_list>
<pin id="55" dir="1" index="0" bw="1" slack="0"/>
</pin_list>
<bind>
<StgValue><ssdm name=""/></StgValue>
</bind>
</comp>

<comp id="56" class="1001" name="const_56">
<pin_list>
<pin id="57" dir="1" index="0" bw="1" slack="0"/>
</pin_list>
<bind>
<StgValue><ssdm name="_ssdm_op_PartSelect.i6.i8.i32.i32"/></StgValue>
</bind>
</comp>

<comp id="58" class="1001" name="const_58">
<pin_list>
<pin id="59" dir="1" index="0" bw="1" slack="0"/>
</pin_list>
<bind>
<StgValue><ssdm name=""/></StgValue>
</bind>
</comp>

<comp id="60" class="1001" name="const_60">
<pin_list>
<pin id="61" dir="1" index="0" bw="1" slack="0"/>
</pin_list>
<bind>
<StgValue><ssdm name=""/></StgValue>
</bind>
</comp>

<comp id="62" class="1001" name="const_62">
<pin_list>
<pin id="63" dir="1" index="0" bw="1" slack="0"/>
</pin_list>
<bind>
<StgValue><ssdm name=""/></StgValue>
</bind>
</comp>

<comp id="64" class="1001" name="const_64">
<pin_list>
<pin id="65" dir="1" index="0" bw="1" slack="0"/>
</pin_list>
<bind>
<StgValue><ssdm name="_ssdm_op_BitSelect.i1.i9.i32"/></StgValue>
</bind>
</comp>

<comp id="66" class="1001" name="const_66">
<pin_list>
<pin id="67" dir="1" index="0" bw="1" slack="0"/>
</pin_list>
<bind>
<StgValue><ssdm name=""/></StgValue>
</bind>
</comp>

<comp id="68" class="1001" name="const_68">
<pin_list>
<pin id="69" dir="1" index="0" bw="1" slack="2147483647"/>
</pin_list>
<bind>
<StgValue><ssdm name="_ssdm_op_SpecPipeline"/></StgValue>
</bind>
</comp>

<comp id="70" class="1001" name="const_70">
<pin_list>
<pin id="71" dir="1" index="0" bw="1" slack="2147483647"/>
</pin_list>
<bind>
<StgValue><ssdm name="p_str"/></StgValue>
</bind>
</comp>

<comp id="72" class="1001" name="const_72">
<pin_list>
<pin id="73" dir="1" index="0" bw="1" slack="0"/>
</pin_list>
<bind>
<StgValue><ssdm name="_ssdm_op_BitConcatenate.i9.i7.i2"/></StgValue>
</bind>
</comp>

<comp id="74" class="1001" name="const_74">
<pin_list>
<pin id="75" dir="1" index="0" bw="1" slack="0"/>
</pin_list>
<bind>
<StgValue><ssdm name=""/></StgValue>
</bind>
</comp>

<comp id="76" class="1001" name="const_76">
<pin_list>
<pin id="77" dir="1" index="0" bw="1" slack="0"/>
</pin_list>
<bind>
<StgValue><ssdm name=""/></StgValue>
</bind>
</comp>

<comp id="78" class="1001" name="const_78">
<pin_list>
<pin id="79" dir="1" index="0" bw="1" slack="0"/>
</pin_list>
<bind>
<StgValue><ssdm name=""/></StgValue>
</bind>
</comp>

<comp id="80" class="1001" name="const_80">
<pin_list>
<pin id="81" dir="1" index="0" bw="1" slack="0"/>
</pin_list>
<bind>
<StgValue><ssdm name=""/></StgValue>
</bind>
</comp>

<comp id="82" class="1001" name="const_82">
<pin_list>
<pin id="83" dir="1" index="0" bw="1" slack="0"/>
</pin_list>
<bind>
<StgValue><ssdm name=""/></StgValue>
</bind>
</comp>

<comp id="84" class="1001" name="const_84">
<pin_list>
<pin id="85" dir="1" index="0" bw="1" slack="0"/>
</pin_list>
<bind>
<StgValue><ssdm name=""/></StgValue>
</bind>
</comp>

<comp id="86" class="1001" name="const_86">
<pin_list>
<pin id="87" dir="1" index="0" bw="1" slack="0"/>
</pin_list>
<bind>
<StgValue><ssdm name=""/></StgValue>
</bind>
</comp>

<comp id="88" class="1001" name="const_88">
<pin_list>
<pin id="89" dir="1" index="0" bw="1" slack="0"/>
</pin_list>
<bind>
<StgValue><ssdm name=""/></StgValue>
</bind>
</comp>

<comp id="90" class="1001" name="const_90">
<pin_list>
<pin id="91" dir="1" index="0" bw="1" slack="0"/>
</pin_list>
<bind>
<StgValue><ssdm name=""/></StgValue>
</bind>
</comp>

<comp id="92" class="1001" name="const_92">
<pin_list>
<pin id="93" dir="1" index="0" bw="1" slack="0"/>
</pin_list>
<bind>
<StgValue><ssdm name=""/></StgValue>
</bind>
</comp>

<comp id="94" class="1001" name="const_94">
<pin_list>
<pin id="95" dir="1" index="0" bw="1" slack="0"/>
</pin_list>
<bind>
<StgValue><ssdm name=""/></StgValue>
</bind>
</comp>

<comp id="96" class="1001" name="const_96">
<pin_list>
<pin id="97" dir="1" index="0" bw="1" slack="0"/>
</pin_list>
<bind>
<StgValue><ssdm name=""/></StgValue>
</bind>
</comp>

<comp id="98" class="1001" name="const_98">
<pin_list>
<pin id="99" dir="1" index="0" bw="1" slack="0"/>
</pin_list>
<bind>
<StgValue><ssdm name=""/></StgValue>
</bind>
</comp>

<comp id="100" class="1001" name="const_100">
<pin_list>
<pin id="101" dir="1" index="0" bw="1" slack="0"/>
</pin_list>
<bind>
<StgValue><ssdm name=""/></StgValue>
</bind>
</comp>

<comp id="102" class="1001" name="const_102">
<pin_list>
<pin id="103" dir="1" index="0" bw="1" slack="0"/>
</pin_list>
<bind>
<StgValue><ssdm name=""/></StgValue>
</bind>
</comp>

<comp id="104" class="1001" name="const_104">
<pin_list>
<pin id="105" dir="1" index="0" bw="1" slack="0"/>
</pin_list>
<bind>
<StgValue><ssdm name=""/></StgValue>
</bind>
</comp>

<comp id="106" class="1001" name="const_106">
<pin_list>
<pin id="107" dir="1" index="0" bw="1" slack="2147483647"/>
</pin_list>
<bind>
<StgValue><ssdm name="_ssdm_op_SpecLoopName"/></StgValue>
</bind>
</comp>

<comp id="108" class="1001" name="const_108">
<pin_list>
<pin id="109" dir="1" index="0" bw="1" slack="2147483647"/>
</pin_list>
<bind>
<StgValue><ssdm name="VITIS_LOOP_27_4_VITIS_LOOP_29_6_VITIS_LOOP_35_8_VITIS_LOOP_36_9_str"/></StgValue>
</bind>
</comp>

<comp id="110" class="1001" name="const_110">
<pin_list>
<pin id="111" dir="1" index="0" bw="1" slack="2147483647"/>
</pin_list>
<bind>
<StgValue><ssdm name="_ssdm_op_SpecLoopTripCount"/></StgValue>
</bind>
</comp>

<comp id="112" class="1001" name="const_112">
<pin_list>
<pin id="113" dir="1" index="0" bw="1" slack="2147483647"/>
</pin_list>
<bind>
<StgValue><ssdm name=""/></StgValue>
</bind>
</comp>

<comp id="114" class="1001" name="const_114">
<pin_list>
<pin id="115" dir="1" index="0" bw="1" slack="2147483647"/>
</pin_list>
<bind>
<StgValue><ssdm name="VITIS_LOOP_28_5_VITIS_LOOP_31_7_VITIS_LOOP_35_8_VITIS_LOOP_36_9_str"/></StgValue>
</bind>
</comp>

<comp id="116" class="1001" name="const_116">
<pin_list>
<pin id="117" dir="1" index="0" bw="1" slack="2147483647"/>
</pin_list>
<bind>
<StgValue><ssdm name="VITIS_LOOP_29_6_VITIS_LOOP_35_8_VITIS_LOOP_36_9_str"/></StgValue>
</bind>
</comp>

<comp id="118" class="1001" name="const_118">
<pin_list>
<pin id="119" dir="1" index="0" bw="1" slack="2147483647"/>
</pin_list>
<bind>
<StgValue><ssdm name="VITIS_LOOP_31_7_VITIS_LOOP_35_8_VITIS_LOOP_36_9_str"/></StgValue>
</bind>
</comp>

<comp id="120" class="1001" name="const_120">
<pin_list>
<pin id="121" dir="1" index="0" bw="1" slack="2147483647"/>
</pin_list>
<bind>
<StgValue><ssdm name="VITIS_LOOP_35_8_VITIS_LOOP_36_9_str"/></StgValue>
</bind>
</comp>

<comp id="122" class="1001" name="const_122">
<pin_list>
<pin id="123" dir="1" index="0" bw="1" slack="2147483647"/>
</pin_list>
<bind>
<StgValue><ssdm name="empty_2"/></StgValue>
</bind>
</comp>

<comp id="124" class="1001" name="const_124">
<pin_list>
<pin id="125" dir="1" index="0" bw="1" slack="0"/>
</pin_list>
<bind>
<StgValue><ssdm name=""/></StgValue>
</bind>
</comp>

<comp id="126" class="1004" name="k_fu_126">
<pin_list>
<pin id="127" dir="0" index="0" bw="1" slack="0"/>
<pin id="128" dir="1" index="1" bw="4" slack="0"/>
</pin_list>
<bind>
<opcode="alloca(26) " fcode="alloca"/>
<opset="k/1 "/>
</bind>
</comp>

<comp id="130" class="1004" name="j_fu_130">
<pin_list>
<pin id="131" dir="0" index="0" bw="1" slack="0"/>
<pin id="132" dir="1" index="1" bw="4" slack="0"/>
</pin_list>
<bind>
<opcode="alloca(26) " fcode="alloca"/>
<opset="j/1 "/>
</bind>
</comp>

<comp id="134" class="1004" name="indvar_flatten21_fu_134">
<pin_list>
<pin id="135" dir="0" index="0" bw="1" slack="0"/>
<pin id="136" dir="1" index="1" bw="8" slack="0"/>
</pin_list>
<bind>
<opcode="alloca(26) " fcode="alloca"/>
<opset="indvar_flatten21/1 "/>
</bind>
</comp>

<comp id="138" class="1004" name="a_fu_138">
<pin_list>
<pin id="139" dir="0" index="0" bw="1" slack="0"/>
<pin id="140" dir="1" index="1" bw="8" slack="0"/>
</pin_list>
<bind>
<opcode="alloca(26) " fcode="alloca"/>
<opset="a/1 "/>
</bind>
</comp>

<comp id="142" class="1004" name="indvar_flatten50_fu_142">
<pin_list>
<pin id="143" dir="0" index="0" bw="1" slack="0"/>
<pin id="144" dir="1" index="1" bw="13" slack="0"/>
</pin_list>
<bind>
<opcode="alloca(26) " fcode="alloca"/>
<opset="indvar_flatten50/1 "/>
</bind>
</comp>

<comp id="146" class="1004" name="i_fu_146">
<pin_list>
<pin id="147" dir="0" index="0" bw="1" slack="0"/>
<pin id="148" dir="1" index="1" bw="8" slack="0"/>
</pin_list>
<bind>
<opcode="alloca(26) " fcode="alloca"/>
<opset="i/1 "/>
</bind>
</comp>

<comp id="150" class="1004" name="indvar_flatten95_fu_150">
<pin_list>
<pin id="151" dir="0" index="0" bw="1" slack="0"/>
<pin id="152" dir="1" index="1" bw="19" slack="0"/>
</pin_list>
<bind>
<opcode="alloca(26) " fcode="alloca"/>
<opset="indvar_flatten95/1 "/>
</bind>
</comp>

<comp id="154" class="1004" name="m_fu_154">
<pin_list>
<pin id="155" dir="0" index="0" bw="1" slack="0"/>
<pin id="156" dir="1" index="1" bw="2" slack="0"/>
</pin_list>
<bind>
<opcode="alloca(26) " fcode="alloca"/>
<opset="m/1 "/>
</bind>
</comp>

<comp id="158" class="1004" name="indvar_flatten153_fu_158">
<pin_list>
<pin id="159" dir="0" index="0" bw="1" slack="0"/>
<pin id="160" dir="1" index="1" bw="21" slack="0"/>
</pin_list>
<bind>
<opcode="alloca(26) " fcode="alloca"/>
<opset="indvar_flatten153/1 "/>
</bind>
</comp>

<comp id="162" class="1004" name="f_fu_162">
<pin_list>
<pin id="163" dir="0" index="0" bw="1" slack="0"/>
<pin id="164" dir="1" index="1" bw="7" slack="0"/>
</pin_list>
<bind>
<opcode="alloca(26) " fcode="alloca"/>
<opset="f/1 "/>
</bind>
</comp>

<comp id="166" class="1004" name="indvar_flatten221_fu_166">
<pin_list>
<pin id="167" dir="0" index="0" bw="1" slack="0"/>
<pin id="168" dir="1" index="1" bw="27" slack="0"/>
</pin_list>
<bind>
<opcode="alloca(26) " fcode="alloca"/>
<opset="indvar_flatten221/1 "/>
</bind>
</comp>

<comp id="170" class="1004" name="input_fm_addr_gep_fu_170">
<pin_list>
<pin id="171" dir="0" index="0" bw="32" slack="0"/>
<pin id="172" dir="0" index="1" bw="1" slack="0"/>
<pin id="173" dir="0" index="2" bw="18" slack="0"/>
<pin id="174" dir="1" index="3" bw="18" slack="0"/>
</pin_list>
<bind>
<opcode="getelementptr(29) " fcode="getelementptr"/>
<opset="input_fm_addr/8 "/>
</bind>
</comp>

<comp id="177" class="1004" name="grp_access_fu_177">
<pin_list>
<pin id="178" dir="0" index="0" bw="18" slack="0"/>
<pin id="179" dir="0" index="1" bw="32" slack="2147483647"/>
<pin id="180" dir="0" index="2" bw="0" slack="2147483647"/>
<pin id="181" dir="1" index="3" bw="32" slack="2"/>
</pin_list>
<bind>
<opcode="load(27) " fcode="load"/>
<opset="input_fm_load/8 "/>
</bind>
</comp>

<comp id="183" class="1004" name="output_fm_addr_gep_fu_183">
<pin_list>
<pin id="184" dir="0" index="0" bw="32" slack="0"/>
<pin id="185" dir="0" index="1" bw="1" slack="0"/>
<pin id="186" dir="0" index="2" bw="18" slack="0"/>
<pin id="187" dir="1" index="3" bw="18" slack="4"/>
</pin_list>
<bind>
<opcode="getelementptr(29) " fcode="getelementptr"/>
<opset="output_fm_addr/9 "/>
</bind>
</comp>

<comp id="190" class="1004" name="weights_addr_gep_fu_190">
<pin_list>
<pin id="191" dir="0" index="0" bw="32" slack="0"/>
<pin id="192" dir="0" index="1" bw="1" slack="0"/>
<pin id="193" dir="0" index="2" bw="15" slack="0"/>
<pin id="194" dir="1" index="3" bw="15" slack="0"/>
</pin_list>
<bind>
<opcode="getelementptr(29) " fcode="getelementptr"/>
<opset="weights_addr/9 "/>
</bind>
</comp>

<comp id="197" class="1004" name="grp_access_fu_197">
<pin_list>
<pin id="198" dir="0" index="0" bw="15" slack="0"/>
<pin id="199" dir="0" index="1" bw="32" slack="2147483647"/>
<pin id="200" dir="0" index="2" bw="0" slack="2147483647"/>
<pin id="201" dir="1" index="3" bw="32" slack="1"/>
</pin_list>
<bind>
<opcode="load(27) " fcode="load"/>
<opset="weights_load/9 "/>
</bind>
</comp>

<comp id="203" class="1004" name="grp_access_fu_203">
<pin_list>
<pin id="204" dir="0" index="0" bw="18" slack="4"/>
<pin id="205" dir="0" index="1" bw="32" slack="0"/>
<pin id="206" dir="0" index="2" bw="0" slack="2147483647"/>
<pin id="207" dir="1" index="3" bw="32" slack="1"/>
</pin_list>
<bind>
<opcode="load(27) store(28) " fcode="store"/>
<opset="output_fm_load/13 store_ln41/20 "/>
</bind>
</comp>

<comp id="208" class="1004" name="grp_fu_208">
<pin_list>
<pin id="209" dir="0" index="0" bw="32" slack="0"/>
<pin id="210" dir="0" index="1" bw="32" slack="1"/>
<pin id="211" dir="1" index="2" bw="32" slack="1"/>
</pin_list>
<bind>
<opcode="fadd(9) " fcode="fadd"/>
<opset="add/15 "/>
</bind>
</comp>

<comp id="212" class="1004" name="grp_fu_212">
<pin_list>
<pin id="213" dir="0" index="0" bw="32" slack="0"/>
<pin id="214" dir="0" index="1" bw="32" slack="0"/>
<pin id="215" dir="1" index="2" bw="32" slack="1"/>
</pin_list>
<bind>
<opcode="fmul(13) " fcode="fmul"/>
<opset="mul/11 "/>
</bind>
</comp>

<comp id="216" class="1004" name="store_ln0_store_fu_216">
<pin_list>
<pin id="217" dir="0" index="0" bw="1" slack="0"/>
<pin id="218" dir="0" index="1" bw="27" slack="0"/>
<pin id="219" dir="1" index="2" bw="0" slack="2147483647"/>
</pin_list>
<bind>
<opcode="store(28) " fcode="store"/>
<opset="store_ln0/1 "/>
</bind>
</comp>

<comp id="221" class="1004" name="store_ln0_store_fu_221">
<pin_list>
<pin id="222" dir="0" index="0" bw="1" slack="0"/>
<pin id="223" dir="0" index="1" bw="7" slack="0"/>
<pin id="224" dir="1" index="2" bw="0" slack="2147483647"/>
</pin_list>
<bind>
<opcode="store(28) " fcode="store"/>
<opset="store_ln0/1 "/>
</bind>
</comp>

<comp id="226" class="1004" name="store_ln0_store_fu_226">
<pin_list>
<pin id="227" dir="0" index="0" bw="1" slack="0"/>
<pin id="228" dir="0" index="1" bw="21" slack="0"/>
<pin id="229" dir="1" index="2" bw="0" slack="2147483647"/>
</pin_list>
<bind>
<opcode="store(28) " fcode="store"/>
<opset="store_ln0/1 "/>
</bind>
</comp>

<comp id="231" class="1004" name="store_ln0_store_fu_231">
<pin_list>
<pin id="232" dir="0" index="0" bw="1" slack="0"/>
<pin id="233" dir="0" index="1" bw="2" slack="0"/>
<pin id="234" dir="1" index="2" bw="0" slack="2147483647"/>
</pin_list>
<bind>
<opcode="store(28) " fcode="store"/>
<opset="store_ln0/1 "/>
</bind>
</comp>

<comp id="236" class="1004" name="store_ln0_store_fu_236">
<pin_list>
<pin id="237" dir="0" index="0" bw="1" slack="0"/>
<pin id="238" dir="0" index="1" bw="19" slack="0"/>
<pin id="239" dir="1" index="2" bw="0" slack="2147483647"/>
</pin_list>
<bind>
<opcode="store(28) " fcode="store"/>
<opset="store_ln0/1 "/>
</bind>
</comp>

<comp id="241" class="1004" name="store_ln0_store_fu_241">
<pin_list>
<pin id="242" dir="0" index="0" bw="4" slack="0"/>
<pin id="243" dir="0" index="1" bw="8" slack="0"/>
<pin id="244" dir="1" index="2" bw="0" slack="2147483647"/>
</pin_list>
<bind>
<opcode="store(28) " fcode="store"/>
<opset="store_ln0/1 "/>
</bind>
</comp>

<comp id="246" class="1004" name="store_ln0_store_fu_246">
<pin_list>
<pin id="247" dir="0" index="0" bw="1" slack="0"/>
<pin id="248" dir="0" index="1" bw="13" slack="0"/>
<pin id="249" dir="1" index="2" bw="0" slack="2147483647"/>
</pin_list>
<bind>
<opcode="store(28) " fcode="store"/>
<opset="store_ln0/1 "/>
</bind>
</comp>

<comp id="251" class="1004" name="store_ln0_store_fu_251">
<pin_list>
<pin id="252" dir="0" index="0" bw="4" slack="0"/>
<pin id="253" dir="0" index="1" bw="8" slack="0"/>
<pin id="254" dir="1" index="2" bw="0" slack="2147483647"/>
</pin_list>
<bind>
<opcode="store(28) " fcode="store"/>
<opset="store_ln0/1 "/>
</bind>
</comp>

<comp id="256" class="1004" name="store_ln0_store_fu_256">
<pin_list>
<pin id="257" dir="0" index="0" bw="1" slack="0"/>
<pin id="258" dir="0" index="1" bw="8" slack="0"/>
<pin id="259" dir="1" index="2" bw="0" slack="2147483647"/>
</pin_list>
<bind>
<opcode="store(28) " fcode="store"/>
<opset="store_ln0/1 "/>
</bind>
</comp>

<comp id="261" class="1004" name="store_ln0_store_fu_261">
<pin_list>
<pin id="262" dir="0" index="0" bw="1" slack="0"/>
<pin id="263" dir="0" index="1" bw="4" slack="0"/>
<pin id="264" dir="1" index="2" bw="0" slack="2147483647"/>
</pin_list>
<bind>
<opcode="store(28) " fcode="store"/>
<opset="store_ln0/1 "/>
</bind>
</comp>

<comp id="266" class="1004" name="store_ln0_store_fu_266">
<pin_list>
<pin id="267" dir="0" index="0" bw="1" slack="0"/>
<pin id="268" dir="0" index="1" bw="4" slack="0"/>
<pin id="269" dir="1" index="2" bw="0" slack="2147483647"/>
</pin_list>
<bind>
<opcode="store(28) " fcode="store"/>
<opset="store_ln0/1 "/>
</bind>
</comp>

<comp id="271" class="1004" name="indvar_flatten50_load_load_fu_271">
<pin_list>
<pin id="272" dir="0" index="0" bw="13" slack="1"/>
<pin id="273" dir="1" index="1" bw="13" slack="0"/>
</pin_list>
<bind>
<opcode="load(27) " fcode="load"/>
<opset="indvar_flatten50_load/2 "/>
</bind>
</comp>

<comp id="274" class="1004" name="indvar_flatten95_load_load_fu_274">
<pin_list>
<pin id="275" dir="0" index="0" bw="19" slack="1"/>
<pin id="276" dir="1" index="1" bw="19" slack="0"/>
</pin_list>
<bind>
<opcode="load(27) " fcode="load"/>
<opset="indvar_flatten95_load/2 "/>
</bind>
</comp>

<comp id="277" class="1004" name="indvar_flatten153_load_load_fu_277">
<pin_list>
<pin id="278" dir="0" index="0" bw="21" slack="1"/>
<pin id="279" dir="1" index="1" bw="21" slack="0"/>
</pin_list>
<bind>
<opcode="load(27) " fcode="load"/>
<opset="indvar_flatten153_load/2 "/>
</bind>
</comp>

<comp id="280" class="1004" name="indvar_flatten221_load_load_fu_280">
<pin_list>
<pin id="281" dir="0" index="0" bw="27" slack="1"/>
<pin id="282" dir="1" index="1" bw="27" slack="0"/>
</pin_list>
<bind>
<opcode="load(27) " fcode="load"/>
<opset="indvar_flatten221_load/2 "/>
</bind>
</comp>

<comp id="283" class="1004" name="icmp_ln27_fu_283">
<pin_list>
<pin id="284" dir="0" index="0" bw="27" slack="0"/>
<pin id="285" dir="0" index="1" bw="27" slack="0"/>
<pin id="286" dir="1" index="2" bw="1" slack="1"/>
</pin_list>
<bind>
<opcode="icmp(45) " fcode="icmp"/>
<opset="icmp_ln27/2 "/>
</bind>
</comp>

<comp id="289" class="1004" name="add_ln27_1_fu_289">
<pin_list>
<pin id="290" dir="0" index="0" bw="27" slack="0"/>
<pin id="291" dir="0" index="1" bw="1" slack="0"/>
<pin id="292" dir="1" index="2" bw="27" slack="1"/>
</pin_list>
<bind>
<opcode="add(8) " fcode="add"/>
<opset="add_ln27_1/2 "/>
</bind>
</comp>

<comp id="295" class="1004" name="m_load_load_fu_295">
<pin_list>
<pin id="296" dir="0" index="0" bw="2" slack="1"/>
<pin id="297" dir="1" index="1" bw="2" slack="0"/>
</pin_list>
<bind>
<opcode="load(27) " fcode="load"/>
<opset="m_load/2 "/>
</bind>
</comp>

<comp id="298" class="1004" name="f_load_load_fu_298">
<pin_list>
<pin id="299" dir="0" index="0" bw="7" slack="1"/>
<pin id="300" dir="1" index="1" bw="7" slack="0"/>
</pin_list>
<bind>
<opcode="load(27) " fcode="load"/>
<opset="f_load/2 "/>
</bind>
</comp>

<comp id="301" class="1004" name="add_ln27_fu_301">
<pin_list>
<pin id="302" dir="0" index="0" bw="7" slack="0"/>
<pin id="303" dir="0" index="1" bw="1" slack="0"/>
<pin id="304" dir="1" index="2" bw="7" slack="1"/>
</pin_list>
<bind>
<opcode="add(8) " fcode="add"/>
<opset="add_ln27/2 "/>
</bind>
</comp>

<comp id="307" class="1004" name="icmp_ln28_fu_307">
<pin_list>
<pin id="308" dir="0" index="0" bw="21" slack="0"/>
<pin id="309" dir="0" index="1" bw="21" slack="0"/>
<pin id="310" dir="1" index="2" bw="1" slack="0"/>
</pin_list>
<bind>
<opcode="icmp(45) " fcode="icmp"/>
<opset="icmp_ln28/2 "/>
</bind>
</comp>

<comp id="313" class="1004" name="select_ln27_fu_313">
<pin_list>
<pin id="314" dir="0" index="0" bw="1" slack="0"/>
<pin id="315" dir="0" index="1" bw="1" slack="0"/>
<pin id="316" dir="0" index="2" bw="2" slack="0"/>
<pin id="317" dir="1" index="3" bw="2" slack="0"/>
</pin_list>
<bind>
<opcode="select(49) " fcode="select"/>
<opset="select_ln27/2 "/>
</bind>
</comp>

<comp id="321" class="1004" name="xor_ln27_fu_321">
<pin_list>
<pin id="322" dir="0" index="0" bw="1" slack="0"/>
<pin id="323" dir="0" index="1" bw="1" slack="0"/>
<pin id="324" dir="1" index="2" bw="1" slack="0"/>
</pin_list>
<bind>
<opcode="xor(25) " fcode="xor"/>
<opset="xor_ln27/2 "/>
</bind>
</comp>

<comp id="327" class="1004" name="icmp_ln31_fu_327">
<pin_list>
<pin id="328" dir="0" index="0" bw="13" slack="0"/>
<pin id="329" dir="0" index="1" bw="12" slack="0"/>
<pin id="330" dir="1" index="2" bw="1" slack="1"/>
</pin_list>
<bind>
<opcode="icmp(45) " fcode="icmp"/>
<opset="icmp_ln31/2 "/>
</bind>
</comp>

<comp id="333" class="1004" name="icmp_ln29_fu_333">
<pin_list>
<pin id="334" dir="0" index="0" bw="19" slack="0"/>
<pin id="335" dir="0" index="1" bw="19" slack="0"/>
<pin id="336" dir="1" index="2" bw="1" slack="0"/>
</pin_list>
<bind>
<opcode="icmp(45) " fcode="icmp"/>
<opset="icmp_ln29/2 "/>
</bind>
</comp>

<comp id="339" class="1004" name="and_ln27_4_fu_339">
<pin_list>
<pin id="340" dir="0" index="0" bw="1" slack="0"/>
<pin id="341" dir="0" index="1" bw="1" slack="0"/>
<pin id="342" dir="1" index="2" bw="1" slack="0"/>
</pin_list>
<bind>
<opcode="and(23) " fcode="and"/>
<opset="and_ln27_4/2 "/>
</bind>
</comp>

<comp id="345" class="1004" name="add_ln28_fu_345">
<pin_list>
<pin id="346" dir="0" index="0" bw="2" slack="0"/>
<pin id="347" dir="0" index="1" bw="1" slack="0"/>
<pin id="348" dir="1" index="2" bw="2" slack="0"/>
</pin_list>
<bind>
<opcode="add(8) " fcode="add"/>
<opset="add_ln28/2 "/>
</bind>
</comp>

<comp id="351" class="1004" name="select_ln28_1_fu_351">
<pin_list>
<pin id="352" dir="0" index="0" bw="1" slack="0"/>
<pin id="353" dir="0" index="1" bw="2" slack="0"/>
<pin id="354" dir="0" index="2" bw="2" slack="0"/>
<pin id="355" dir="1" index="3" bw="2" slack="0"/>
</pin_list>
<bind>
<opcode="select(49) " fcode="select"/>
<opset="select_ln28_1/2 "/>
</bind>
</comp>

<comp id="359" class="1004" name="zext_ln41_4_fu_359">
<pin_list>
<pin id="360" dir="0" index="0" bw="2" slack="0"/>
<pin id="361" dir="1" index="1" bw="10" slack="0"/>
</pin_list>
<bind>
<opcode="zext(34) " fcode="zext"/>
<opset="zext_ln41_4/2 "/>
</bind>
</comp>

<comp id="363" class="1004" name="j_1_load_fu_363">
<pin_list>
<pin id="364" dir="0" index="0" bw="4" slack="2"/>
<pin id="365" dir="1" index="1" bw="4" slack="0"/>
</pin_list>
<bind>
<opcode="load(27) " fcode="load"/>
<opset="j_1/3 "/>
</bind>
</comp>

<comp id="366" class="1004" name="indvar_flatten21_load_load_fu_366">
<pin_list>
<pin id="367" dir="0" index="0" bw="8" slack="2"/>
<pin id="368" dir="1" index="1" bw="8" slack="0"/>
</pin_list>
<bind>
<opcode="load(27) " fcode="load"/>
<opset="indvar_flatten21_load/3 "/>
</bind>
</comp>

<comp id="369" class="1004" name="a_1_load_fu_369">
<pin_list>
<pin id="370" dir="0" index="0" bw="8" slack="2"/>
<pin id="371" dir="1" index="1" bw="8" slack="0"/>
</pin_list>
<bind>
<opcode="load(27) " fcode="load"/>
<opset="a_1/3 "/>
</bind>
</comp>

<comp id="372" class="1004" name="i_1_load_fu_372">
<pin_list>
<pin id="373" dir="0" index="0" bw="8" slack="2"/>
<pin id="374" dir="1" index="1" bw="8" slack="0"/>
</pin_list>
<bind>
<opcode="load(27) " fcode="load"/>
<opset="i_1/3 "/>
</bind>
</comp>

<comp id="375" class="1004" name="zext_ln29_fu_375">
<pin_list>
<pin id="376" dir="0" index="0" bw="8" slack="0"/>
<pin id="377" dir="1" index="1" bw="9" slack="0"/>
</pin_list>
<bind>
<opcode="zext(34) " fcode="zext"/>
<opset="zext_ln29/3 "/>
</bind>
</comp>

<comp id="379" class="1004" name="add_ln30_fu_379">
<pin_list>
<pin id="380" dir="0" index="0" bw="8" slack="0"/>
<pin id="381" dir="0" index="1" bw="3" slack="0"/>
<pin id="382" dir="1" index="2" bw="8" slack="0"/>
</pin_list>
<bind>
<opcode="add(8) " fcode="add"/>
<opset="add_ln30/3 "/>
</bind>
</comp>

<comp id="385" class="1004" name="tmp_3_fu_385">
<pin_list>
<pin id="386" dir="0" index="0" bw="6" slack="0"/>
<pin id="387" dir="0" index="1" bw="8" slack="0"/>
<pin id="388" dir="0" index="2" bw="3" slack="0"/>
<pin id="389" dir="0" index="3" bw="4" slack="0"/>
<pin id="390" dir="1" index="4" bw="6" slack="0"/>
</pin_list>
<bind>
<opcode="partselect(1002) " fcode="partselect"/>
<opset="tmp_3/3 "/>
</bind>
</comp>

<comp id="395" class="1004" name="add_ln34_fu_395">
<pin_list>
<pin id="396" dir="0" index="0" bw="8" slack="0"/>
<pin id="397" dir="0" index="1" bw="3" slack="0"/>
<pin id="398" dir="1" index="2" bw="8" slack="0"/>
</pin_list>
<bind>
<opcode="add(8) " fcode="add"/>
<opset="add_ln34/3 "/>
</bind>
</comp>

<comp id="401" class="1004" name="tmp_4_fu_401">
<pin_list>
<pin id="402" dir="0" index="0" bw="6" slack="0"/>
<pin id="403" dir="0" index="1" bw="8" slack="0"/>
<pin id="404" dir="0" index="2" bw="3" slack="0"/>
<pin id="405" dir="0" index="3" bw="4" slack="0"/>
<pin id="406" dir="1" index="4" bw="6" slack="0"/>
</pin_list>
<bind>
<opcode="partselect(1002) " fcode="partselect"/>
<opset="tmp_4/3 "/>
</bind>
</comp>

<comp id="411" class="1004" name="tmp_fu_411">
<pin_list>
<pin id="412" dir="0" index="0" bw="4" slack="0"/>
<pin id="413" dir="0" index="1" bw="4" slack="0"/>
<pin id="414" dir="1" index="2" bw="4" slack="0"/>
</pin_list>
<bind>
<opcode="add(8) " fcode="add"/>
<opset="tmp/3 "/>
</bind>
</comp>

<comp id="417" class="1004" name="tmp_cast_fu_417">
<pin_list>
<pin id="418" dir="0" index="0" bw="4" slack="0"/>
<pin id="419" dir="1" index="1" bw="9" slack="0"/>
</pin_list>
<bind>
<opcode="sext(35) " fcode="sext"/>
<opset="tmp_cast/3 "/>
</bind>
</comp>

<comp id="421" class="1004" name="empty_fu_421">
<pin_list>
<pin id="422" dir="0" index="0" bw="4" slack="0"/>
<pin id="423" dir="0" index="1" bw="8" slack="0"/>
<pin id="424" dir="1" index="2" bw="9" slack="0"/>
</pin_list>
<bind>
<opcode="add(8) " fcode="add"/>
<opset="empty/3 "/>
</bind>
</comp>

<comp id="427" class="1004" name="tmp_1_fu_427">
<pin_list>
<pin id="428" dir="0" index="0" bw="1" slack="0"/>
<pin id="429" dir="0" index="1" bw="9" slack="0"/>
<pin id="430" dir="0" index="2" bw="5" slack="0"/>
<pin id="431" dir="1" index="3" bw="1" slack="0"/>
</pin_list>
<bind>
<opcode="bitselect(1000) " fcode="bitselect"/>
<opset="tmp_1/3 "/>
</bind>
</comp>

<comp id="435" class="1004" name="rev_fu_435">
<pin_list>
<pin id="436" dir="0" index="0" bw="1" slack="0"/>
<pin id="437" dir="0" index="1" bw="1" slack="0"/>
<pin id="438" dir="1" index="2" bw="1" slack="1"/>
</pin_list>
<bind>
<opcode="xor(25) " fcode="xor"/>
<opset="rev/3 "/>
</bind>
</comp>

<comp id="441" class="1004" name="k_load_load_fu_441">
<pin_list>
<pin id="442" dir="0" index="0" bw="4" slack="2"/>
<pin id="443" dir="1" index="1" bw="4" slack="0"/>
</pin_list>
<bind>
<opcode="load(27) " fcode="load"/>
<opset="k_load/3 "/>
</bind>
</comp>

<comp id="444" class="1004" name="select_ln27_1_fu_444">
<pin_list>
<pin id="445" dir="0" index="0" bw="1" slack="1"/>
<pin id="446" dir="0" index="1" bw="7" slack="1"/>
<pin id="447" dir="0" index="2" bw="7" slack="1"/>
<pin id="448" dir="1" index="3" bw="7" slack="0"/>
</pin_list>
<bind>
<opcode="select(49) " fcode="select"/>
<opset="select_ln27_1/3 "/>
</bind>
</comp>

<comp id="449" class="1004" name="zext_ln41_1_fu_449">
<pin_list>
<pin id="450" dir="0" index="0" bw="7" slack="0"/>
<pin id="451" dir="1" index="1" bw="10" slack="0"/>
</pin_list>
<bind>
<opcode="zext(34) " fcode="zext"/>
<opset="zext_ln41_1/3 "/>
</bind>
</comp>

<comp id="453" class="1004" name="tmp_5_fu_453">
<pin_list>
<pin id="454" dir="0" index="0" bw="9" slack="0"/>
<pin id="455" dir="0" index="1" bw="7" slack="0"/>
<pin id="456" dir="0" index="2" bw="1" slack="0"/>
<pin id="457" dir="1" index="3" bw="9" slack="0"/>
</pin_list>
<bind>
<opcode="bitconcatenate(1004) " fcode="bitconcatenate"/>
<opset="tmp_5/3 "/>
</bind>
</comp>

<comp id="461" class="1004" name="zext_ln41_2_fu_461">
<pin_list>
<pin id="462" dir="0" index="0" bw="9" slack="0"/>
<pin id="463" dir="1" index="1" bw="10" slack="0"/>
</pin_list>
<bind>
<opcode="zext(34) " fcode="zext"/>
<opset="zext_ln41_2/3 "/>
</bind>
</comp>

<comp id="465" class="1004" name="sub_ln41_fu_465">
<pin_list>
<pin id="466" dir="0" index="0" bw="9" slack="0"/>
<pin id="467" dir="0" index="1" bw="7" slack="0"/>
<pin id="468" dir="1" index="2" bw="10" slack="0"/>
</pin_list>
<bind>
<opcode="sub(10) " fcode="sub"/>
<opset="sub_ln41/3 "/>
</bind>
</comp>

<comp id="471" class="1004" name="sext_ln41_fu_471">
<pin_list>
<pin id="472" dir="0" index="0" bw="10" slack="0"/>
<pin id="473" dir="1" index="1" bw="11" slack="0"/>
</pin_list>
<bind>
<opcode="sext(35) " fcode="sext"/>
<opset="sext_ln41/3 "/>
</bind>
</comp>

<comp id="475" class="1004" name="icmp_ln36_fu_475">
<pin_list>
<pin id="476" dir="0" index="0" bw="4" slack="0"/>
<pin id="477" dir="0" index="1" bw="4" slack="0"/>
<pin id="478" dir="1" index="2" bw="1" slack="0"/>
</pin_list>
<bind>
<opcode="icmp(45) " fcode="icmp"/>
<opset="icmp_ln36/3 "/>
</bind>
</comp>

<comp id="481" class="1004" name="and_ln27_1_fu_481">
<pin_list>
<pin id="482" dir="0" index="0" bw="1" slack="0"/>
<pin id="483" dir="0" index="1" bw="1" slack="1"/>
<pin id="484" dir="1" index="2" bw="1" slack="0"/>
</pin_list>
<bind>
<opcode="and(23) " fcode="and"/>
<opset="and_ln27_1/3 "/>
</bind>
</comp>

<comp id="486" class="1004" name="icmp_ln35_fu_486">
<pin_list>
<pin id="487" dir="0" index="0" bw="8" slack="0"/>
<pin id="488" dir="0" index="1" bw="8" slack="0"/>
<pin id="489" dir="1" index="2" bw="1" slack="0"/>
</pin_list>
<bind>
<opcode="icmp(45) " fcode="icmp"/>
<opset="icmp_ln35/3 "/>
</bind>
</comp>

<comp id="492" class="1004" name="and_ln27_2_fu_492">
<pin_list>
<pin id="493" dir="0" index="0" bw="1" slack="0"/>
<pin id="494" dir="0" index="1" bw="1" slack="1"/>
<pin id="495" dir="1" index="2" bw="1" slack="0"/>
</pin_list>
<bind>
<opcode="and(23) " fcode="and"/>
<opset="and_ln27_2/3 "/>
</bind>
</comp>

<comp id="497" class="1004" name="or_ln28_fu_497">
<pin_list>
<pin id="498" dir="0" index="0" bw="1" slack="1"/>
<pin id="499" dir="0" index="1" bw="1" slack="1"/>
<pin id="500" dir="1" index="2" bw="1" slack="0"/>
</pin_list>
<bind>
<opcode="or(24) " fcode="or"/>
<opset="or_ln28/3 "/>
</bind>
</comp>

<comp id="501" class="1004" name="select_ln28_fu_501">
<pin_list>
<pin id="502" dir="0" index="0" bw="1" slack="0"/>
<pin id="503" dir="0" index="1" bw="4" slack="0"/>
<pin id="504" dir="0" index="2" bw="8" slack="0"/>
<pin id="505" dir="1" index="3" bw="8" slack="0"/>
</pin_list>
<bind>
<opcode="select(49) " fcode="select"/>
<opset="select_ln28/3 "/>
</bind>
</comp>

<comp id="509" class="1004" name="zext_ln41_3_fu_509">
<pin_list>
<pin id="510" dir="0" index="0" bw="2" slack="1"/>
<pin id="511" dir="1" index="1" bw="11" slack="0"/>
</pin_list>
<bind>
<opcode="zext(34) " fcode="zext"/>
<opset="zext_ln41_3/3 "/>
</bind>
</comp>

<comp id="512" class="1004" name="add_ln41_fu_512">
<pin_list>
<pin id="513" dir="0" index="0" bw="10" slack="0"/>
<pin id="514" dir="0" index="1" bw="2" slack="0"/>
<pin id="515" dir="1" index="2" bw="11" slack="0"/>
</pin_list>
<bind>
<opcode="add(8) " fcode="add"/>
<opset="add_ln41/3 "/>
</bind>
</comp>

<comp id="518" class="1004" name="sext_ln28_fu_518">
<pin_list>
<pin id="519" dir="0" index="0" bw="11" slack="0"/>
<pin id="520" dir="1" index="1" bw="14" slack="0"/>
</pin_list>
<bind>
<opcode="sext(35) " fcode="sext"/>
<opset="sext_ln28/3 "/>
</bind>
</comp>

<comp id="522" class="1004" name="select_ln28_2_fu_522">
<pin_list>
<pin id="523" dir="0" index="0" bw="1" slack="0"/>
<pin id="524" dir="0" index="1" bw="1" slack="0"/>
<pin id="525" dir="0" index="2" bw="6" slack="0"/>
<pin id="526" dir="1" index="3" bw="6" slack="0"/>
</pin_list>
<bind>
<opcode="select(49) " fcode="select"/>
<opset="select_ln28_2/3 "/>
</bind>
</comp>

<comp id="530" class="1004" name="xor_ln28_fu_530">
<pin_list>
<pin id="531" dir="0" index="0" bw="1" slack="1"/>
<pin id="532" dir="0" index="1" bw="1" slack="0"/>
<pin id="533" dir="1" index="2" bw="1" slack="0"/>
</pin_list>
<bind>
<opcode="xor(25) " fcode="xor"/>
<opset="xor_ln28/3 "/>
</bind>
</comp>

<comp id="535" class="1004" name="or_ln28_1_fu_535">
<pin_list>
<pin id="536" dir="0" index="0" bw="1" slack="1"/>
<pin id="537" dir="0" index="1" bw="1" slack="0"/>
<pin id="538" dir="1" index="2" bw="1" slack="0"/>
</pin_list>
<bind>
<opcode="or(24) " fcode="or"/>
<opset="or_ln28_1/3 "/>
</bind>
</comp>

<comp id="540" class="1004" name="and_ln28_1_fu_540">
<pin_list>
<pin id="541" dir="0" index="0" bw="1" slack="0"/>
<pin id="542" dir="0" index="1" bw="1" slack="0"/>
<pin id="543" dir="1" index="2" bw="1" slack="0"/>
</pin_list>
<bind>
<opcode="and(23) " fcode="and"/>
<opset="and_ln28_1/3 "/>
</bind>
</comp>

<comp id="546" class="1004" name="and_ln28_2_fu_546">
<pin_list>
<pin id="547" dir="0" index="0" bw="1" slack="0"/>
<pin id="548" dir="0" index="1" bw="1" slack="0"/>
<pin id="549" dir="1" index="2" bw="1" slack="0"/>
</pin_list>
<bind>
<opcode="and(23) " fcode="and"/>
<opset="and_ln28_2/3 "/>
</bind>
</comp>

<comp id="552" class="1004" name="and_ln27_3_fu_552">
<pin_list>
<pin id="553" dir="0" index="0" bw="1" slack="1"/>
<pin id="554" dir="0" index="1" bw="1" slack="1"/>
<pin id="555" dir="1" index="2" bw="1" slack="0"/>
</pin_list>
<bind>
<opcode="and(23) " fcode="and"/>
<opset="and_ln27_3/3 "/>
</bind>
</comp>

<comp id="556" class="1004" name="and_ln28_3_fu_556">
<pin_list>
<pin id="557" dir="0" index="0" bw="1" slack="0"/>
<pin id="558" dir="0" index="1" bw="1" slack="0"/>
<pin id="559" dir="1" index="2" bw="1" slack="0"/>
</pin_list>
<bind>
<opcode="and(23) " fcode="and"/>
<opset="and_ln28_3/3 "/>
</bind>
</comp>

<comp id="562" class="1004" name="add_ln29_fu_562">
<pin_list>
<pin id="563" dir="0" index="0" bw="8" slack="0"/>
<pin id="564" dir="0" index="1" bw="4" slack="0"/>
<pin id="565" dir="1" index="2" bw="8" slack="1"/>
</pin_list>
<bind>
<opcode="add(8) " fcode="add"/>
<opset="add_ln29/3 "/>
</bind>
</comp>

<comp id="568" class="1004" name="or_ln29_fu_568">
<pin_list>
<pin id="569" dir="0" index="0" bw="1" slack="0"/>
<pin id="570" dir="0" index="1" bw="1" slack="1"/>
<pin id="571" dir="1" index="2" bw="1" slack="0"/>
</pin_list>
<bind>
<opcode="or(24) " fcode="or"/>
<opset="or_ln29/3 "/>
</bind>
</comp>

<comp id="573" class="1004" name="or_ln29_1_fu_573">
<pin_list>
<pin id="574" dir="0" index="0" bw="1" slack="0"/>
<pin id="575" dir="0" index="1" bw="1" slack="1"/>
<pin id="576" dir="1" index="2" bw="1" slack="0"/>
</pin_list>
<bind>
<opcode="or(24) " fcode="or"/>
<opset="or_ln29_1/3 "/>
</bind>
</comp>

<comp id="578" class="1004" name="select_ln29_fu_578">
<pin_list>
<pin id="579" dir="0" index="0" bw="1" slack="0"/>
<pin id="580" dir="0" index="1" bw="4" slack="0"/>
<pin id="581" dir="0" index="2" bw="8" slack="0"/>
<pin id="582" dir="1" index="3" bw="8" slack="0"/>
</pin_list>
<bind>
<opcode="select(49) " fcode="select"/>
<opset="select_ln29/3 "/>
</bind>
</comp>

<comp id="586" class="1004" name="p_mid_fu_586">
<pin_list>
<pin id="587" dir="0" index="0" bw="6" slack="0"/>
<pin id="588" dir="0" index="1" bw="8" slack="0"/>
<pin id="589" dir="0" index="2" bw="3" slack="0"/>
<pin id="590" dir="0" index="3" bw="4" slack="0"/>
<pin id="591" dir="1" index="4" bw="6" slack="0"/>
</pin_list>
<bind>
<opcode="partselect(1002) " fcode="partselect"/>
<opset="p_mid/3 "/>
</bind>
</comp>

<comp id="596" class="1004" name="select_ln29_2_fu_596">
<pin_list>
<pin id="597" dir="0" index="0" bw="1" slack="0"/>
<pin id="598" dir="0" index="1" bw="6" slack="0"/>
<pin id="599" dir="0" index="2" bw="6" slack="0"/>
<pin id="600" dir="1" index="3" bw="6" slack="1"/>
</pin_list>
<bind>
<opcode="select(49) " fcode="select"/>
<opset="select_ln29_2/3 "/>
</bind>
</comp>

<comp id="604" class="1004" name="select_ln29_3_fu_604">
<pin_list>
<pin id="605" dir="0" index="0" bw="1" slack="0"/>
<pin id="606" dir="0" index="1" bw="1" slack="0"/>
<pin id="607" dir="0" index="2" bw="6" slack="0"/>
<pin id="608" dir="1" index="3" bw="6" slack="0"/>
</pin_list>
<bind>
<opcode="select(49) " fcode="select"/>
<opset="select_ln29_3/3 "/>
</bind>
</comp>

<comp id="612" class="1004" name="xor_ln29_fu_612">
<pin_list>
<pin id="613" dir="0" index="0" bw="1" slack="0"/>
<pin id="614" dir="0" index="1" bw="1" slack="0"/>
<pin id="615" dir="1" index="2" bw="1" slack="0"/>
</pin_list>
<bind>
<opcode="xor(25) " fcode="xor"/>
<opset="xor_ln29/3 "/>
</bind>
</comp>

<comp id="618" class="1004" name="and_ln29_fu_618">
<pin_list>
<pin id="619" dir="0" index="0" bw="1" slack="0"/>
<pin id="620" dir="0" index="1" bw="1" slack="0"/>
<pin id="621" dir="1" index="2" bw="1" slack="0"/>
</pin_list>
<bind>
<opcode="and(23) " fcode="and"/>
<opset="and_ln29/3 "/>
</bind>
</comp>

<comp id="624" class="1004" name="and_ln29_1_fu_624">
<pin_list>
<pin id="625" dir="0" index="0" bw="1" slack="0"/>
<pin id="626" dir="0" index="1" bw="1" slack="0"/>
<pin id="627" dir="1" index="2" bw="1" slack="0"/>
</pin_list>
<bind>
<opcode="and(23) " fcode="and"/>
<opset="and_ln29_1/3 "/>
</bind>
</comp>

<comp id="630" class="1004" name="add_ln31_fu_630">
<pin_list>
<pin id="631" dir="0" index="0" bw="8" slack="0"/>
<pin id="632" dir="0" index="1" bw="4" slack="0"/>
<pin id="633" dir="1" index="2" bw="8" slack="1"/>
</pin_list>
<bind>
<opcode="add(8) " fcode="add"/>
<opset="add_ln31/3 "/>
</bind>
</comp>

<comp id="636" class="1004" name="or_ln31_fu_636">
<pin_list>
<pin id="637" dir="0" index="0" bw="1" slack="0"/>
<pin id="638" dir="0" index="1" bw="1" slack="0"/>
<pin id="639" dir="1" index="2" bw="1" slack="0"/>
</pin_list>
<bind>
<opcode="or(24) " fcode="or"/>
<opset="or_ln31/3 "/>
</bind>
</comp>

<comp id="642" class="1004" name="or_ln31_1_fu_642">
<pin_list>
<pin id="643" dir="0" index="0" bw="1" slack="0"/>
<pin id="644" dir="0" index="1" bw="1" slack="0"/>
<pin id="645" dir="1" index="2" bw="1" slack="0"/>
</pin_list>
<bind>
<opcode="or(24) " fcode="or"/>
<opset="or_ln31_1/3 "/>
</bind>
</comp>

<comp id="648" class="1004" name="select_ln31_fu_648">
<pin_list>
<pin id="649" dir="0" index="0" bw="1" slack="0"/>
<pin id="650" dir="0" index="1" bw="1" slack="0"/>
<pin id="651" dir="0" index="2" bw="4" slack="0"/>
<pin id="652" dir="1" index="3" bw="4" slack="1"/>
</pin_list>
<bind>
<opcode="select(49) " fcode="select"/>
<opset="select_ln31/3 "/>
</bind>
</comp>

<comp id="656" class="1004" name="p_mid2_fu_656">
<pin_list>
<pin id="657" dir="0" index="0" bw="6" slack="0"/>
<pin id="658" dir="0" index="1" bw="8" slack="0"/>
<pin id="659" dir="0" index="2" bw="3" slack="0"/>
<pin id="660" dir="0" index="3" bw="4" slack="0"/>
<pin id="661" dir="1" index="4" bw="6" slack="0"/>
</pin_list>
<bind>
<opcode="partselect(1002) " fcode="partselect"/>
<opset="p_mid2/3 "/>
</bind>
</comp>

<comp id="666" class="1004" name="select_ln31_2_fu_666">
<pin_list>
<pin id="667" dir="0" index="0" bw="1" slack="0"/>
<pin id="668" dir="0" index="1" bw="6" slack="0"/>
<pin id="669" dir="0" index="2" bw="6" slack="0"/>
<pin id="670" dir="1" index="3" bw="6" slack="3"/>
</pin_list>
<bind>
<opcode="select(49) " fcode="select"/>
<opset="select_ln31_2/3 "/>
</bind>
</comp>

<comp id="674" class="1004" name="xor_ln31_fu_674">
<pin_list>
<pin id="675" dir="0" index="0" bw="1" slack="0"/>
<pin id="676" dir="0" index="1" bw="1" slack="0"/>
<pin id="677" dir="1" index="2" bw="1" slack="0"/>
</pin_list>
<bind>
<opcode="xor(25) " fcode="xor"/>
<opset="xor_ln31/3 "/>
</bind>
</comp>

<comp id="680" class="1004" name="or_ln31_2_fu_680">
<pin_list>
<pin id="681" dir="0" index="0" bw="1" slack="0"/>
<pin id="682" dir="0" index="1" bw="1" slack="0"/>
<pin id="683" dir="1" index="2" bw="1" slack="0"/>
</pin_list>
<bind>
<opcode="or(24) " fcode="or"/>
<opset="or_ln31_2/3 "/>
</bind>
</comp>

<comp id="686" class="1004" name="and_ln31_fu_686">
<pin_list>
<pin id="687" dir="0" index="0" bw="1" slack="0"/>
<pin id="688" dir="0" index="1" bw="1" slack="0"/>
<pin id="689" dir="1" index="2" bw="1" slack="0"/>
</pin_list>
<bind>
<opcode="and(23) " fcode="and"/>
<opset="and_ln31/3 "/>
</bind>
</comp>

<comp id="692" class="1004" name="or_ln35_fu_692">
<pin_list>
<pin id="693" dir="0" index="0" bw="1" slack="0"/>
<pin id="694" dir="0" index="1" bw="1" slack="0"/>
<pin id="695" dir="1" index="2" bw="1" slack="0"/>
</pin_list>
<bind>
<opcode="or(24) " fcode="or"/>
<opset="or_ln35/3 "/>
</bind>
</comp>

<comp id="698" class="1004" name="or_ln35_1_fu_698">
<pin_list>
<pin id="699" dir="0" index="0" bw="1" slack="0"/>
<pin id="700" dir="0" index="1" bw="1" slack="0"/>
<pin id="701" dir="1" index="2" bw="1" slack="0"/>
</pin_list>
<bind>
<opcode="or(24) " fcode="or"/>
<opset="or_ln35_1/3 "/>
</bind>
</comp>

<comp id="704" class="1004" name="or_ln35_2_fu_704">
<pin_list>
<pin id="705" dir="0" index="0" bw="1" slack="0"/>
<pin id="706" dir="0" index="1" bw="1" slack="1"/>
<pin id="707" dir="1" index="2" bw="1" slack="0"/>
</pin_list>
<bind>
<opcode="or(24) " fcode="or"/>
<opset="or_ln35_2/3 "/>
</bind>
</comp>

<comp id="709" class="1004" name="select_ln35_fu_709">
<pin_list>
<pin id="710" dir="0" index="0" bw="1" slack="0"/>
<pin id="711" dir="0" index="1" bw="1" slack="0"/>
<pin id="712" dir="0" index="2" bw="4" slack="0"/>
<pin id="713" dir="1" index="3" bw="4" slack="1"/>
</pin_list>
<bind>
<opcode="select(49) " fcode="select"/>
<opset="select_ln35/3 "/>
</bind>
</comp>

<comp id="717" class="1004" name="store_ln36_store_fu_717">
<pin_list>
<pin id="718" dir="0" index="0" bw="27" slack="1"/>
<pin id="719" dir="0" index="1" bw="27" slack="2"/>
<pin id="720" dir="1" index="2" bw="0" slack="2147483647"/>
</pin_list>
<bind>
<opcode="store(28) " fcode="store"/>
<opset="store_ln36/3 "/>
</bind>
</comp>

<comp id="721" class="1004" name="store_ln36_store_fu_721">
<pin_list>
<pin id="722" dir="0" index="0" bw="7" slack="0"/>
<pin id="723" dir="0" index="1" bw="7" slack="2"/>
<pin id="724" dir="1" index="2" bw="0" slack="2147483647"/>
</pin_list>
<bind>
<opcode="store(28) " fcode="store"/>
<opset="store_ln36/3 "/>
</bind>
</comp>

<comp id="726" class="1004" name="store_ln36_store_fu_726">
<pin_list>
<pin id="727" dir="0" index="0" bw="2" slack="1"/>
<pin id="728" dir="0" index="1" bw="2" slack="2"/>
<pin id="729" dir="1" index="2" bw="0" slack="2147483647"/>
</pin_list>
<bind>
<opcode="store(28) " fcode="store"/>
<opset="store_ln36/3 "/>
</bind>
</comp>

<comp id="730" class="1004" name="zext_ln41_fu_730">
<pin_list>
<pin id="731" dir="0" index="0" bw="7" slack="1"/>
<pin id="732" dir="1" index="1" bw="13" slack="0"/>
</pin_list>
<bind>
<opcode="zext(34) " fcode="zext"/>
<opset="zext_ln41/4 "/>
</bind>
</comp>

<comp id="733" class="1004" name="mul_ln41_fu_733">
<pin_list>
<pin id="734" dir="0" index="0" bw="7" slack="0"/>
<pin id="735" dir="0" index="1" bw="7" slack="0"/>
<pin id="736" dir="1" index="2" bw="13" slack="0"/>
</pin_list>
<bind>
<opcode="mul(12) " fcode="mul"/>
<opset="mul_ln41/4 "/>
</bind>
</comp>

<comp id="739" class="1004" name="and_ln27_fu_739">
<pin_list>
<pin id="740" dir="0" index="0" bw="1" slack="1"/>
<pin id="741" dir="0" index="1" bw="1" slack="2"/>
<pin id="742" dir="1" index="2" bw="1" slack="0"/>
</pin_list>
<bind>
<opcode="and(23) " fcode="and"/>
<opset="and_ln27/4 "/>
</bind>
</comp>

<comp id="743" class="1004" name="select_ln28_3_fu_743">
<pin_list>
<pin id="744" dir="0" index="0" bw="1" slack="1"/>
<pin id="745" dir="0" index="1" bw="1" slack="0"/>
<pin id="746" dir="0" index="2" bw="9" slack="1"/>
<pin id="747" dir="1" index="3" bw="9" slack="0"/>
</pin_list>
<bind>
<opcode="select(49) " fcode="select"/>
<opset="select_ln28_3/4 "/>
</bind>
</comp>

<comp id="749" class="1004" name="and_ln28_fu_749">
<pin_list>
<pin id="750" dir="0" index="0" bw="1" slack="0"/>
<pin id="751" dir="0" index="1" bw="1" slack="1"/>
<pin id="752" dir="1" index="2" bw="1" slack="0"/>
</pin_list>
<bind>
<opcode="and(23) " fcode="and"/>
<opset="and_ln28/4 "/>
</bind>
</comp>

<comp id="754" class="1004" name="zext_ln29_1_fu_754">
<pin_list>
<pin id="755" dir="0" index="0" bw="8" slack="1"/>
<pin id="756" dir="1" index="1" bw="9" slack="0"/>
</pin_list>
<bind>
<opcode="zext(34) " fcode="zext"/>
<opset="zext_ln29_1/4 "/>
</bind>
</comp>

<comp id="757" class="1004" name="select_ln29_1_fu_757">
<pin_list>
<pin id="758" dir="0" index="0" bw="1" slack="1"/>
<pin id="759" dir="0" index="1" bw="8" slack="1"/>
<pin id="760" dir="0" index="2" bw="8" slack="1"/>
<pin id="761" dir="1" index="3" bw="8" slack="0"/>
</pin_list>
<bind>
<opcode="select(49) " fcode="select"/>
<opset="select_ln29_1/4 "/>
</bind>
</comp>

<comp id="762" class="1004" name="select_ln29_2_cast_fu_762">
<pin_list>
<pin id="763" dir="0" index="0" bw="8" slack="0"/>
<pin id="764" dir="1" index="1" bw="9" slack="0"/>
</pin_list>
<bind>
<opcode="zext(34) " fcode="zext"/>
<opset="select_ln29_2_cast/4 "/>
</bind>
</comp>

<comp id="766" class="1004" name="zext_ln41_6_fu_766">
<pin_list>
<pin id="767" dir="0" index="0" bw="6" slack="1"/>
<pin id="768" dir="1" index="1" bw="13" slack="0"/>
</pin_list>
<bind>
<opcode="zext(34) " fcode="zext"/>
<opset="zext_ln41_6/4 "/>
</bind>
</comp>

<comp id="769" class="1004" name="p_mid183_fu_769">
<pin_list>
<pin id="770" dir="0" index="0" bw="8" slack="0"/>
<pin id="771" dir="0" index="1" bw="4" slack="0"/>
<pin id="772" dir="1" index="2" bw="9" slack="0"/>
</pin_list>
<bind>
<opcode="add(8) " fcode="add"/>
<opset="p_mid183/4 "/>
</bind>
</comp>

<comp id="775" class="1004" name="select_ln29_4_fu_775">
<pin_list>
<pin id="776" dir="0" index="0" bw="1" slack="1"/>
<pin id="777" dir="0" index="1" bw="9" slack="0"/>
<pin id="778" dir="0" index="2" bw="9" slack="0"/>
<pin id="779" dir="1" index="3" bw="9" slack="0"/>
</pin_list>
<bind>
<opcode="select(49) " fcode="select"/>
<opset="select_ln29_4/4 "/>
</bind>
</comp>

<comp id="782" class="1004" name="tmp_2_fu_782">
<pin_list>
<pin id="783" dir="0" index="0" bw="1" slack="0"/>
<pin id="784" dir="0" index="1" bw="9" slack="0"/>
<pin id="785" dir="0" index="2" bw="5" slack="0"/>
<pin id="786" dir="1" index="3" bw="1" slack="0"/>
</pin_list>
<bind>
<opcode="bitselect(1000) " fcode="bitselect"/>
<opset="tmp_2/4 "/>
</bind>
</comp>

<comp id="790" class="1004" name="rev34_fu_790">
<pin_list>
<pin id="791" dir="0" index="0" bw="1" slack="0"/>
<pin id="792" dir="0" index="1" bw="1" slack="0"/>
<pin id="793" dir="1" index="2" bw="1" slack="0"/>
</pin_list>
<bind>
<opcode="xor(25) " fcode="xor"/>
<opset="rev34/4 "/>
</bind>
</comp>

<comp id="796" class="1004" name="select_ln29_5_fu_796">
<pin_list>
<pin id="797" dir="0" index="0" bw="1" slack="1"/>
<pin id="798" dir="0" index="1" bw="1" slack="0"/>
<pin id="799" dir="0" index="2" bw="1" slack="0"/>
<pin id="800" dir="1" index="3" bw="1" slack="0"/>
</pin_list>
<bind>
<opcode="select(49) " fcode="select"/>
<opset="select_ln29_5/4 "/>
</bind>
</comp>

<comp id="803" class="1004" name="select_ln31_1_fu_803">
<pin_list>
<pin id="804" dir="0" index="0" bw="1" slack="1"/>
<pin id="805" dir="0" index="1" bw="8" slack="1"/>
<pin id="806" dir="0" index="2" bw="8" slack="1"/>
<pin id="807" dir="1" index="3" bw="8" slack="0"/>
</pin_list>
<bind>
<opcode="select(49) " fcode="select"/>
<opset="select_ln31_1/4 "/>
</bind>
</comp>

<comp id="808" class="1004" name="select_ln31_1_cast_fu_808">
<pin_list>
<pin id="809" dir="0" index="0" bw="8" slack="0"/>
<pin id="810" dir="1" index="1" bw="9" slack="0"/>
</pin_list>
<bind>
<opcode="zext(34) " fcode="zext"/>
<opset="select_ln31_1_cast/4 "/>
</bind>
</comp>

<comp id="812" class="1004" name="p_mid142_fu_812">
<pin_list>
<pin id="813" dir="0" index="0" bw="8" slack="0"/>
<pin id="814" dir="0" index="1" bw="4" slack="0"/>
<pin id="815" dir="1" index="2" bw="9" slack="0"/>
</pin_list>
<bind>
<opcode="add(8) " fcode="add"/>
<opset="p_mid142/4 "/>
</bind>
</comp>

<comp id="818" class="1004" name="select_ln31_3_fu_818">
<pin_list>
<pin id="819" dir="0" index="0" bw="1" slack="1"/>
<pin id="820" dir="0" index="1" bw="9" slack="0"/>
<pin id="821" dir="0" index="2" bw="9" slack="0"/>
<pin id="822" dir="1" index="3" bw="9" slack="0"/>
</pin_list>
<bind>
<opcode="select(49) " fcode="select"/>
<opset="select_ln31_3/4 "/>
</bind>
</comp>

<comp id="825" class="1004" name="tmp_6_fu_825">
<pin_list>
<pin id="826" dir="0" index="0" bw="1" slack="0"/>
<pin id="827" dir="0" index="1" bw="9" slack="0"/>
<pin id="828" dir="0" index="2" bw="5" slack="0"/>
<pin id="829" dir="1" index="3" bw="1" slack="0"/>
</pin_list>
<bind>
<opcode="bitselect(1000) " fcode="bitselect"/>
<opset="tmp_6/4 "/>
</bind>
</comp>

<comp id="833" class="1004" name="rev37_fu_833">
<pin_list>
<pin id="834" dir="0" index="0" bw="1" slack="0"/>
<pin id="835" dir="0" index="1" bw="1" slack="0"/>
<pin id="836" dir="1" index="2" bw="1" slack="0"/>
</pin_list>
<bind>
<opcode="xor(25) " fcode="xor"/>
<opset="rev37/4 "/>
</bind>
</comp>

<comp id="839" class="1004" name="select_ln31_4_fu_839">
<pin_list>
<pin id="840" dir="0" index="0" bw="1" slack="1"/>
<pin id="841" dir="0" index="1" bw="1" slack="0"/>
<pin id="842" dir="0" index="2" bw="1" slack="0"/>
<pin id="843" dir="1" index="3" bw="1" slack="0"/>
</pin_list>
<bind>
<opcode="select(49) " fcode="select"/>
<opset="select_ln31_4/4 "/>
</bind>
</comp>

<comp id="846" class="1004" name="tmp_mid1_fu_846">
<pin_list>
<pin id="847" dir="0" index="0" bw="4" slack="1"/>
<pin id="848" dir="0" index="1" bw="3" slack="0"/>
<pin id="849" dir="1" index="2" bw="4" slack="0"/>
</pin_list>
<bind>
<opcode="add(8) " fcode="add"/>
<opset="tmp_mid1/4 "/>
</bind>
</comp>

<comp id="851" class="1004" name="tmp_cast_mid1_fu_851">
<pin_list>
<pin id="852" dir="0" index="0" bw="4" slack="0"/>
<pin id="853" dir="1" index="1" bw="9" slack="0"/>
</pin_list>
<bind>
<opcode="sext(35) " fcode="sext"/>
<opset="tmp_cast_mid1/4 "/>
</bind>
</comp>

<comp id="855" class="1004" name="p_mid1_fu_855">
<pin_list>
<pin id="856" dir="0" index="0" bw="4" slack="0"/>
<pin id="857" dir="0" index="1" bw="8" slack="0"/>
<pin id="858" dir="1" index="2" bw="9" slack="0"/>
</pin_list>
<bind>
<opcode="add(8) " fcode="add"/>
<opset="p_mid1/4 "/>
</bind>
</comp>

<comp id="861" class="1004" name="select_ln35_2_fu_861">
<pin_list>
<pin id="862" dir="0" index="0" bw="1" slack="1"/>
<pin id="863" dir="0" index="1" bw="9" slack="0"/>
<pin id="864" dir="0" index="2" bw="9" slack="0"/>
<pin id="865" dir="1" index="3" bw="9" slack="0"/>
</pin_list>
<bind>
<opcode="select(49) " fcode="select"/>
<opset="select_ln35_2/4 "/>
</bind>
</comp>

<comp id="868" class="1004" name="sext_ln41_1_fu_868">
<pin_list>
<pin id="869" dir="0" index="0" bw="9" slack="0"/>
<pin id="870" dir="1" index="1" bw="11" slack="0"/>
</pin_list>
<bind>
<opcode="sext(35) " fcode="sext"/>
<opset="sext_ln41_1/4 "/>
</bind>
</comp>

<comp id="872" class="1004" name="tmp_7_fu_872">
<pin_list>
<pin id="873" dir="0" index="0" bw="1" slack="0"/>
<pin id="874" dir="0" index="1" bw="9" slack="0"/>
<pin id="875" dir="0" index="2" bw="5" slack="0"/>
<pin id="876" dir="1" index="3" bw="1" slack="0"/>
</pin_list>
<bind>
<opcode="bitselect(1000) " fcode="bitselect"/>
<opset="tmp_7/4 "/>
</bind>
</comp>

<comp id="880" class="1004" name="rev40_fu_880">
<pin_list>
<pin id="881" dir="0" index="0" bw="1" slack="0"/>
<pin id="882" dir="0" index="1" bw="1" slack="0"/>
<pin id="883" dir="1" index="2" bw="1" slack="0"/>
</pin_list>
<bind>
<opcode="xor(25) " fcode="xor"/>
<opset="rev40/4 "/>
</bind>
</comp>

<comp id="886" class="1004" name="select_ln35_3_fu_886">
<pin_list>
<pin id="887" dir="0" index="0" bw="1" slack="1"/>
<pin id="888" dir="0" index="1" bw="1" slack="0"/>
<pin id="889" dir="0" index="2" bw="1" slack="0"/>
<pin id="890" dir="1" index="3" bw="1" slack="0"/>
</pin_list>
<bind>
<opcode="select(49) " fcode="select"/>
<opset="select_ln35_3/4 "/>
</bind>
</comp>

<comp id="893" class="1004" name="add_ln39_1_fu_893">
<pin_list>
<pin id="894" dir="0" index="0" bw="4" slack="1"/>
<pin id="895" dir="0" index="1" bw="4" slack="0"/>
<pin id="896" dir="1" index="2" bw="4" slack="0"/>
</pin_list>
<bind>
<opcode="add(8) " fcode="add"/>
<opset="add_ln39_1/4 "/>
</bind>
</comp>

<comp id="898" class="1004" name="sext_ln39_fu_898">
<pin_list>
<pin id="899" dir="0" index="0" bw="4" slack="0"/>
<pin id="900" dir="1" index="1" bw="9" slack="0"/>
</pin_list>
<bind>
<opcode="sext(35) " fcode="sext"/>
<opset="sext_ln39/4 "/>
</bind>
</comp>

<comp id="902" class="1004" name="add_ln39_fu_902">
<pin_list>
<pin id="903" dir="0" index="0" bw="4" slack="0"/>
<pin id="904" dir="0" index="1" bw="8" slack="0"/>
<pin id="905" dir="1" index="2" bw="9" slack="0"/>
</pin_list>
<bind>
<opcode="add(8) " fcode="add"/>
<opset="add_ln39/4 "/>
</bind>
</comp>

<comp id="908" class="1004" name="icmp_ln40_fu_908">
<pin_list>
<pin id="909" dir="0" index="0" bw="9" slack="0"/>
<pin id="910" dir="0" index="1" bw="9" slack="0"/>
<pin id="911" dir="1" index="2" bw="1" slack="0"/>
</pin_list>
<bind>
<opcode="icmp(45) " fcode="icmp"/>
<opset="icmp_ln40/4 "/>
</bind>
</comp>

<comp id="914" class="1004" name="and_ln40_fu_914">
<pin_list>
<pin id="915" dir="0" index="0" bw="1" slack="0"/>
<pin id="916" dir="0" index="1" bw="1" slack="0"/>
<pin id="917" dir="1" index="2" bw="1" slack="4"/>
</pin_list>
<bind>
<opcode="and(23) " fcode="and"/>
<opset="and_ln40/4 "/>
</bind>
</comp>

<comp id="920" class="1004" name="store_ln36_store_fu_920">
<pin_list>
<pin id="921" dir="0" index="0" bw="8" slack="0"/>
<pin id="922" dir="0" index="1" bw="8" slack="3"/>
<pin id="923" dir="1" index="2" bw="0" slack="2147483647"/>
</pin_list>
<bind>
<opcode="store(28) " fcode="store"/>
<opset="store_ln36/4 "/>
</bind>
</comp>

<comp id="925" class="1004" name="store_ln36_store_fu_925">
<pin_list>
<pin id="926" dir="0" index="0" bw="8" slack="0"/>
<pin id="927" dir="0" index="1" bw="8" slack="3"/>
<pin id="928" dir="1" index="2" bw="0" slack="2147483647"/>
</pin_list>
<bind>
<opcode="store(28) " fcode="store"/>
<opset="store_ln36/4 "/>
</bind>
</comp>

<comp id="930" class="1004" name="add_ln35_fu_930">
<pin_list>
<pin id="931" dir="0" index="0" bw="4" slack="2"/>
<pin id="932" dir="0" index="1" bw="1" slack="0"/>
<pin id="933" dir="1" index="2" bw="4" slack="0"/>
</pin_list>
<bind>
<opcode="add(8) " fcode="add"/>
<opset="add_ln35/5 "/>
</bind>
</comp>

<comp id="935" class="1004" name="select_ln35_1_fu_935">
<pin_list>
<pin id="936" dir="0" index="0" bw="1" slack="2"/>
<pin id="937" dir="0" index="1" bw="4" slack="0"/>
<pin id="938" dir="0" index="2" bw="4" slack="2"/>
<pin id="939" dir="1" index="3" bw="4" slack="0"/>
</pin_list>
<bind>
<opcode="select(49) " fcode="select"/>
<opset="select_ln35_1/5 "/>
</bind>
</comp>

<comp id="941" class="1004" name="zext_ln41_9_fu_941">
<pin_list>
<pin id="942" dir="0" index="0" bw="4" slack="0"/>
<pin id="943" dir="1" index="1" bw="14" slack="0"/>
</pin_list>
<bind>
<opcode="zext(34) " fcode="zext"/>
<opset="zext_ln41_9/5 "/>
</bind>
</comp>

<comp id="945" class="1004" name="add_ln41_4_cast_fu_945">
<pin_list>
<pin id="946" dir="0" index="0" bw="11" slack="0"/>
<pin id="947" dir="1" index="1" bw="18" slack="0"/>
</pin_list>
<bind>
<opcode="sext(35) " fcode="sext"/>
<opset="add_ln41_4_cast/5 "/>
</bind>
</comp>

<comp id="948" class="1004" name="store_ln36_store_fu_948">
<pin_list>
<pin id="949" dir="0" index="0" bw="4" slack="0"/>
<pin id="950" dir="0" index="1" bw="4" slack="4"/>
<pin id="951" dir="1" index="2" bw="0" slack="2147483647"/>
</pin_list>
<bind>
<opcode="store(28) " fcode="store"/>
<opset="store_ln36/5 "/>
</bind>
</comp>

<comp id="953" class="1004" name="zext_ln41_7_fu_953">
<pin_list>
<pin id="954" dir="0" index="0" bw="6" slack="3"/>
<pin id="955" dir="1" index="1" bw="18" slack="0"/>
</pin_list>
<bind>
<opcode="zext(34) " fcode="zext"/>
<opset="zext_ln41_7/6 "/>
</bind>
</comp>

<comp id="956" class="1004" name="add_ln41_3_cast_fu_956">
<pin_list>
<pin id="957" dir="0" index="0" bw="14" slack="0"/>
<pin id="958" dir="1" index="1" bw="15" slack="0"/>
</pin_list>
<bind>
<opcode="sext(35) " fcode="sext"/>
<opset="add_ln41_3_cast/6 "/>
</bind>
</comp>

<comp id="959" class="1004" name="sext_ln41_2_fu_959">
<pin_list>
<pin id="960" dir="0" index="0" bw="9" slack="3"/>
<pin id="961" dir="1" index="1" bw="18" slack="0"/>
</pin_list>
<bind>
<opcode="sext(35) " fcode="sext"/>
<opset="sext_ln41_2/7 "/>
</bind>
</comp>

<comp id="962" class="1004" name="add_ln36_fu_962">
<pin_list>
<pin id="963" dir="0" index="0" bw="4" slack="4"/>
<pin id="964" dir="0" index="1" bw="1" slack="0"/>
<pin id="965" dir="1" index="2" bw="4" slack="0"/>
</pin_list>
<bind>
<opcode="add(8) " fcode="add"/>
<opset="add_ln36/7 "/>
</bind>
</comp>

<comp id="967" class="1004" name="add_ln31_1_fu_967">
<pin_list>
<pin id="968" dir="0" index="0" bw="13" slack="5"/>
<pin id="969" dir="0" index="1" bw="1" slack="0"/>
<pin id="970" dir="1" index="2" bw="13" slack="0"/>
</pin_list>
<bind>
<opcode="add(8) " fcode="add"/>
<opset="add_ln31_1/7 "/>
</bind>
</comp>

<comp id="972" class="1004" name="select_ln31_5_fu_972">
<pin_list>
<pin id="973" dir="0" index="0" bw="1" slack="4"/>
<pin id="974" dir="0" index="1" bw="1" slack="0"/>
<pin id="975" dir="0" index="2" bw="13" slack="0"/>
<pin id="976" dir="1" index="3" bw="13" slack="0"/>
</pin_list>
<bind>
<opcode="select(49) " fcode="select"/>
<opset="select_ln31_5/7 "/>
</bind>
</comp>

<comp id="979" class="1004" name="add_ln29_1_fu_979">
<pin_list>
<pin id="980" dir="0" index="0" bw="19" slack="5"/>
<pin id="981" dir="0" index="1" bw="1" slack="0"/>
<pin id="982" dir="1" index="2" bw="19" slack="0"/>
</pin_list>
<bind>
<opcode="add(8) " fcode="add"/>
<opset="add_ln29_1/7 "/>
</bind>
</comp>

<comp id="984" class="1004" name="select_ln29_6_fu_984">
<pin_list>
<pin id="985" dir="0" index="0" bw="1" slack="4"/>
<pin id="986" dir="0" index="1" bw="1" slack="0"/>
<pin id="987" dir="0" index="2" bw="19" slack="0"/>
<pin id="988" dir="1" index="3" bw="19" slack="0"/>
</pin_list>
<bind>
<opcode="select(49) " fcode="select"/>
<opset="select_ln29_6/7 "/>
</bind>
</comp>

<comp id="991" class="1004" name="store_ln36_store_fu_991">
<pin_list>
<pin id="992" dir="0" index="0" bw="19" slack="0"/>
<pin id="993" dir="0" index="1" bw="19" slack="6"/>
<pin id="994" dir="1" index="2" bw="0" slack="2147483647"/>
</pin_list>
<bind>
<opcode="store(28) " fcode="store"/>
<opset="store_ln36/7 "/>
</bind>
</comp>

<comp id="996" class="1004" name="store_ln36_store_fu_996">
<pin_list>
<pin id="997" dir="0" index="0" bw="13" slack="0"/>
<pin id="998" dir="0" index="1" bw="13" slack="6"/>
<pin id="999" dir="1" index="2" bw="0" slack="2147483647"/>
</pin_list>
<bind>
<opcode="store(28) " fcode="store"/>
<opset="store_ln36/7 "/>
</bind>
</comp>

<comp id="1001" class="1004" name="store_ln36_store_fu_1001">
<pin_list>
<pin id="1002" dir="0" index="0" bw="4" slack="0"/>
<pin id="1003" dir="0" index="1" bw="4" slack="6"/>
<pin id="1004" dir="1" index="2" bw="0" slack="2147483647"/>
</pin_list>
<bind>
<opcode="store(28) " fcode="store"/>
<opset="store_ln36/7 "/>
</bind>
</comp>

<comp id="1006" class="1004" name="zext_ln41_10_fu_1006">
<pin_list>
<pin id="1007" dir="0" index="0" bw="4" slack="5"/>
<pin id="1008" dir="1" index="1" bw="15" slack="0"/>
</pin_list>
<bind>
<opcode="zext(34) " fcode="zext"/>
<opset="zext_ln41_10/8 "/>
</bind>
</comp>

<comp id="1009" class="1004" name="zext_ln41_12_fu_1009">
<pin_list>
<pin id="1010" dir="0" index="0" bw="18" slack="0"/>
<pin id="1011" dir="1" index="1" bw="64" slack="0"/>
</pin_list>
<bind>
<opcode="zext(34) " fcode="zext"/>
<opset="zext_ln41_12/8 "/>
</bind>
</comp>

<comp id="1013" class="1004" name="add_ln35_1_fu_1013">
<pin_list>
<pin id="1014" dir="0" index="0" bw="8" slack="5"/>
<pin id="1015" dir="0" index="1" bw="1" slack="0"/>
<pin id="1016" dir="1" index="2" bw="8" slack="0"/>
</pin_list>
<bind>
<opcode="add(8) " fcode="add"/>
<opset="add_ln35_1/8 "/>
</bind>
</comp>

<comp id="1018" class="1004" name="select_ln35_4_fu_1018">
<pin_list>
<pin id="1019" dir="0" index="0" bw="1" slack="5"/>
<pin id="1020" dir="0" index="1" bw="1" slack="0"/>
<pin id="1021" dir="0" index="2" bw="8" slack="0"/>
<pin id="1022" dir="1" index="3" bw="8" slack="0"/>
</pin_list>
<bind>
<opcode="select(49) " fcode="select"/>
<opset="select_ln35_4/8 "/>
</bind>
</comp>

<comp id="1025" class="1004" name="store_ln36_store_fu_1025">
<pin_list>
<pin id="1026" dir="0" index="0" bw="8" slack="0"/>
<pin id="1027" dir="0" index="1" bw="8" slack="7"/>
<pin id="1028" dir="1" index="2" bw="0" slack="2147483647"/>
</pin_list>
<bind>
<opcode="store(28) " fcode="store"/>
<opset="store_ln36/8 "/>
</bind>
</comp>

<comp id="1030" class="1004" name="zext_ln41_8_fu_1030">
<pin_list>
<pin id="1031" dir="0" index="0" bw="18" slack="2"/>
<pin id="1032" dir="1" index="1" bw="64" slack="0"/>
</pin_list>
<bind>
<opcode="zext(34) " fcode="zext"/>
<opset="zext_ln41_8/9 "/>
</bind>
</comp>

<comp id="1034" class="1004" name="zext_ln41_11_fu_1034">
<pin_list>
<pin id="1035" dir="0" index="0" bw="15" slack="0"/>
<pin id="1036" dir="1" index="1" bw="64" slack="0"/>
</pin_list>
<bind>
<opcode="zext(34) " fcode="zext"/>
<opset="zext_ln41_11/9 "/>
</bind>
</comp>

<comp id="1038" class="1004" name="add_ln28_1_fu_1038">
<pin_list>
<pin id="1039" dir="0" index="0" bw="21" slack="7"/>
<pin id="1040" dir="0" index="1" bw="1" slack="0"/>
<pin id="1041" dir="1" index="2" bw="21" slack="0"/>
</pin_list>
<bind>
<opcode="add(8) " fcode="add"/>
<opset="add_ln28_1/9 "/>
</bind>
</comp>

<comp id="1043" class="1004" name="select_ln28_4_fu_1043">
<pin_list>
<pin id="1044" dir="0" index="0" bw="1" slack="7"/>
<pin id="1045" dir="0" index="1" bw="1" slack="0"/>
<pin id="1046" dir="0" index="2" bw="21" slack="0"/>
<pin id="1047" dir="1" index="3" bw="21" slack="0"/>
</pin_list>
<bind>
<opcode="select(49) " fcode="select"/>
<opset="select_ln28_4/9 "/>
</bind>
</comp>

<comp id="1050" class="1004" name="store_ln36_store_fu_1050">
<pin_list>
<pin id="1051" dir="0" index="0" bw="21" slack="0"/>
<pin id="1052" dir="0" index="1" bw="21" slack="8"/>
<pin id="1053" dir="1" index="2" bw="0" slack="2147483647"/>
</pin_list>
<bind>
<opcode="store(28) " fcode="store"/>
<opset="store_ln36/9 "/>
</bind>
</comp>

<comp id="1055" class="1004" name="bitcast_ln41_fu_1055">
<pin_list>
<pin id="1056" dir="0" index="0" bw="32" slack="1"/>
<pin id="1057" dir="1" index="1" bw="32" slack="0"/>
</pin_list>
<bind>
<opcode="bitcast(44) " fcode="bitcast"/>
<opset="bitcast_ln41/11 "/>
</bind>
</comp>

<comp id="1059" class="1004" name="bitcast_ln41_1_fu_1059">
<pin_list>
<pin id="1060" dir="0" index="0" bw="32" slack="2"/>
<pin id="1061" dir="1" index="1" bw="32" slack="0"/>
</pin_list>
<bind>
<opcode="bitcast(44) " fcode="bitcast"/>
<opset="bitcast_ln41_1/11 "/>
</bind>
</comp>

<comp id="1063" class="1004" name="bitcast_ln41_2_fu_1063">
<pin_list>
<pin id="1064" dir="0" index="0" bw="32" slack="1"/>
<pin id="1065" dir="1" index="1" bw="32" slack="0"/>
</pin_list>
<bind>
<opcode="bitcast(44) " fcode="bitcast"/>
<opset="bitcast_ln41_2/15 "/>
</bind>
</comp>

<comp id="1067" class="1004" name="bitcast_ln41_3_fu_1067">
<pin_list>
<pin id="1068" dir="0" index="0" bw="32" slack="1"/>
<pin id="1069" dir="1" index="1" bw="32" slack="0"/>
</pin_list>
<bind>
<opcode="bitcast(44) " fcode="bitcast"/>
<opset="bitcast_ln41_3/20 "/>
</bind>
</comp>

<comp id="1071" class="1007" name="grp_fu_1071">
<pin_list>
<pin id="1072" dir="0" index="0" bw="2" slack="0"/>
<pin id="1073" dir="0" index="1" bw="8" slack="0"/>
<pin id="1074" dir="0" index="2" bw="9" slack="0"/>
<pin id="1075" dir="1" index="3" bw="11" slack="0"/>
</pin_list>
<bind>
<opcode="muladd(1172) " fcode="muladd"/>
<opset="mul_ln41_1/2 zext_ln41_5/4 add_ln41_4/4 "/>
</bind>
</comp>

<comp id="1080" class="1007" name="grp_fu_1080">
<pin_list>
<pin id="1081" dir="0" index="0" bw="11" slack="0"/>
<pin id="1082" dir="0" index="1" bw="4" slack="0"/>
<pin id="1083" dir="0" index="2" bw="4" slack="0"/>
<pin id="1084" dir="1" index="3" bw="14" slack="0"/>
</pin_list>
<bind>
<opcode="muladd(1172) " fcode="muladd"/>
<opset="mul_ln28/3 add_ln41_3/5 "/>
</bind>
</comp>

<comp id="1089" class="1007" name="grp_fu_1089">
<pin_list>
<pin id="1090" dir="0" index="0" bw="13" slack="0"/>
<pin id="1091" dir="0" index="1" bw="6" slack="0"/>
<pin id="1092" dir="0" index="2" bw="6" slack="0"/>
<pin id="1093" dir="0" index="3" bw="6" slack="0"/>
<pin id="1094" dir="1" index="4" bw="18" slack="2"/>
</pin_list>
<bind>
<opcode="addmuladd(1175) " fcode="addmuladd"/>
<opset="add_ln41_1/4 zext_ln29_2/4 mul_ln29/4 add_ln41_2/6 "/>
</bind>
</comp>

<comp id="1099" class="1007" name="grp_fu_1099">
<pin_list>
<pin id="1100" dir="0" index="0" bw="11" slack="0"/>
<pin id="1101" dir="0" index="1" bw="8" slack="0"/>
<pin id="1102" dir="0" index="2" bw="9" slack="0"/>
<pin id="1103" dir="1" index="3" bw="18" slack="0"/>
</pin_list>
<bind>
<opcode="muladd(1172) " fcode="muladd"/>
<opset="mul_ln41_5/5 add_ln41_6/7 "/>
</bind>
</comp>

<comp id="1108" class="1007" name="grp_fu_1108">
<pin_list>
<pin id="1109" dir="0" index="0" bw="14" slack="0"/>
<pin id="1110" dir="0" index="1" bw="4" slack="0"/>
<pin id="1111" dir="0" index="2" bw="4" slack="0"/>
<pin id="1112" dir="1" index="3" bw="15" slack="0"/>
</pin_list>
<bind>
<opcode="muladd(1172) " fcode="muladd"/>
<opset="mul_ln41_4/6 add_ln41_5/8 "/>
</bind>
</comp>

<comp id="1117" class="1005" name="k_reg_1117">
<pin_list>
<pin id="1118" dir="0" index="0" bw="4" slack="0"/>
<pin id="1119" dir="1" index="1" bw="4" slack="0"/>
</pin_list>
<bind>
<opset="k "/>
</bind>
</comp>

<comp id="1124" class="1005" name="j_reg_1124">
<pin_list>
<pin id="1125" dir="0" index="0" bw="4" slack="0"/>
<pin id="1126" dir="1" index="1" bw="4" slack="0"/>
</pin_list>
<bind>
<opset="j "/>
</bind>
</comp>

<comp id="1131" class="1005" name="indvar_flatten21_reg_1131">
<pin_list>
<pin id="1132" dir="0" index="0" bw="8" slack="0"/>
<pin id="1133" dir="1" index="1" bw="8" slack="0"/>
</pin_list>
<bind>
<opset="indvar_flatten21 "/>
</bind>
</comp>

<comp id="1138" class="1005" name="a_reg_1138">
<pin_list>
<pin id="1139" dir="0" index="0" bw="8" slack="0"/>
<pin id="1140" dir="1" index="1" bw="8" slack="0"/>
</pin_list>
<bind>
<opset="a "/>
</bind>
</comp>

<comp id="1145" class="1005" name="indvar_flatten50_reg_1145">
<pin_list>
<pin id="1146" dir="0" index="0" bw="13" slack="0"/>
<pin id="1147" dir="1" index="1" bw="13" slack="0"/>
</pin_list>
<bind>
<opset="indvar_flatten50 "/>
</bind>
</comp>

<comp id="1152" class="1005" name="i_reg_1152">
<pin_list>
<pin id="1153" dir="0" index="0" bw="8" slack="0"/>
<pin id="1154" dir="1" index="1" bw="8" slack="0"/>
</pin_list>
<bind>
<opset="i "/>
</bind>
</comp>

<comp id="1159" class="1005" name="indvar_flatten95_reg_1159">
<pin_list>
<pin id="1160" dir="0" index="0" bw="19" slack="0"/>
<pin id="1161" dir="1" index="1" bw="19" slack="0"/>
</pin_list>
<bind>
<opset="indvar_flatten95 "/>
</bind>
</comp>

<comp id="1166" class="1005" name="m_reg_1166">
<pin_list>
<pin id="1167" dir="0" index="0" bw="2" slack="0"/>
<pin id="1168" dir="1" index="1" bw="2" slack="0"/>
</pin_list>
<bind>
<opset="m "/>
</bind>
</comp>

<comp id="1173" class="1005" name="indvar_flatten153_reg_1173">
<pin_list>
<pin id="1174" dir="0" index="0" bw="21" slack="0"/>
<pin id="1175" dir="1" index="1" bw="21" slack="0"/>
</pin_list>
<bind>
<opset="indvar_flatten153 "/>
</bind>
</comp>

<comp id="1180" class="1005" name="f_reg_1180">
<pin_list>
<pin id="1181" dir="0" index="0" bw="7" slack="0"/>
<pin id="1182" dir="1" index="1" bw="7" slack="0"/>
</pin_list>
<bind>
<opset="f "/>
</bind>
</comp>

<comp id="1187" class="1005" name="indvar_flatten221_reg_1187">
<pin_list>
<pin id="1188" dir="0" index="0" bw="27" slack="0"/>
<pin id="1189" dir="1" index="1" bw="27" slack="0"/>
</pin_list>
<bind>
<opset="indvar_flatten221 "/>
</bind>
</comp>

<comp id="1194" class="1005" name="indvar_flatten50_load_reg_1194">
<pin_list>
<pin id="1195" dir="0" index="0" bw="13" slack="5"/>
<pin id="1196" dir="1" index="1" bw="13" slack="5"/>
</pin_list>
<bind>
<opset="indvar_flatten50_load "/>
</bind>
</comp>

<comp id="1199" class="1005" name="indvar_flatten95_load_reg_1199">
<pin_list>
<pin id="1200" dir="0" index="0" bw="19" slack="5"/>
<pin id="1201" dir="1" index="1" bw="19" slack="5"/>
</pin_list>
<bind>
<opset="indvar_flatten95_load "/>
</bind>
</comp>

<comp id="1204" class="1005" name="indvar_flatten153_load_reg_1204">
<pin_list>
<pin id="1205" dir="0" index="0" bw="21" slack="7"/>
<pin id="1206" dir="1" index="1" bw="21" slack="7"/>
</pin_list>
<bind>
<opset="indvar_flatten153_load "/>
</bind>
</comp>

<comp id="1209" class="1005" name="icmp_ln27_reg_1209">
<pin_list>
<pin id="1210" dir="0" index="0" bw="1" slack="1"/>
<pin id="1211" dir="1" index="1" bw="1" slack="2147483647"/>
</pin_list>
<bind>
<opset="icmp_ln27 "/>
</bind>
</comp>

<comp id="1213" class="1005" name="add_ln27_1_reg_1213">
<pin_list>
<pin id="1214" dir="0" index="0" bw="27" slack="1"/>
<pin id="1215" dir="1" index="1" bw="27" slack="1"/>
</pin_list>
<bind>
<opset="add_ln27_1 "/>
</bind>
</comp>

<comp id="1218" class="1005" name="f_load_reg_1218">
<pin_list>
<pin id="1219" dir="0" index="0" bw="7" slack="1"/>
<pin id="1220" dir="1" index="1" bw="7" slack="1"/>
</pin_list>
<bind>
<opset="f_load "/>
</bind>
</comp>

<comp id="1223" class="1005" name="add_ln27_reg_1223">
<pin_list>
<pin id="1224" dir="0" index="0" bw="7" slack="1"/>
<pin id="1225" dir="1" index="1" bw="7" slack="1"/>
</pin_list>
<bind>
<opset="add_ln27 "/>
</bind>
</comp>

<comp id="1228" class="1005" name="icmp_ln28_reg_1228">
<pin_list>
<pin id="1229" dir="0" index="0" bw="1" slack="1"/>
<pin id="1230" dir="1" index="1" bw="1" slack="1"/>
</pin_list>
<bind>
<opset="icmp_ln28 "/>
</bind>
</comp>

<comp id="1238" class="1005" name="xor_ln27_reg_1238">
<pin_list>
<pin id="1239" dir="0" index="0" bw="1" slack="1"/>
<pin id="1240" dir="1" index="1" bw="1" slack="1"/>
</pin_list>
<bind>
<opset="xor_ln27 "/>
</bind>
</comp>

<comp id="1246" class="1005" name="icmp_ln31_reg_1246">
<pin_list>
<pin id="1247" dir="0" index="0" bw="1" slack="1"/>
<pin id="1248" dir="1" index="1" bw="1" slack="1"/>
</pin_list>
<bind>
<opset="icmp_ln31 "/>
</bind>
</comp>

<comp id="1251" class="1005" name="icmp_ln29_reg_1251">
<pin_list>
<pin id="1252" dir="0" index="0" bw="1" slack="1"/>
<pin id="1253" dir="1" index="1" bw="1" slack="1"/>
</pin_list>
<bind>
<opset="icmp_ln29 "/>
</bind>
</comp>

<comp id="1256" class="1005" name="and_ln27_4_reg_1256">
<pin_list>
<pin id="1257" dir="0" index="0" bw="1" slack="1"/>
<pin id="1258" dir="1" index="1" bw="1" slack="1"/>
</pin_list>
<bind>
<opset="and_ln27_4 "/>
</bind>
</comp>

<comp id="1262" class="1005" name="select_ln28_1_reg_1262">
<pin_list>
<pin id="1263" dir="0" index="0" bw="2" slack="1"/>
<pin id="1264" dir="1" index="1" bw="2" slack="1"/>
</pin_list>
<bind>
<opset="select_ln28_1 "/>
</bind>
</comp>

<comp id="1268" class="1005" name="zext_ln41_4_reg_1268">
<pin_list>
<pin id="1269" dir="0" index="0" bw="10" slack="1"/>
<pin id="1270" dir="1" index="1" bw="10" slack="1"/>
</pin_list>
<bind>
<opset="zext_ln41_4 "/>
</bind>
</comp>

<comp id="1273" class="1005" name="indvar_flatten21_load_reg_1273">
<pin_list>
<pin id="1274" dir="0" index="0" bw="8" slack="5"/>
<pin id="1275" dir="1" index="1" bw="8" slack="5"/>
</pin_list>
<bind>
<opset="indvar_flatten21_load "/>
</bind>
</comp>

<comp id="1278" class="1005" name="empty_reg_1278">
<pin_list>
<pin id="1279" dir="0" index="0" bw="9" slack="1"/>
<pin id="1280" dir="1" index="1" bw="9" slack="1"/>
</pin_list>
<bind>
<opset="empty "/>
</bind>
</comp>

<comp id="1283" class="1005" name="rev_reg_1283">
<pin_list>
<pin id="1284" dir="0" index="0" bw="1" slack="1"/>
<pin id="1285" dir="1" index="1" bw="1" slack="1"/>
</pin_list>
<bind>
<opset="rev "/>
</bind>
</comp>

<comp id="1288" class="1005" name="select_ln27_1_reg_1288">
<pin_list>
<pin id="1289" dir="0" index="0" bw="7" slack="1"/>
<pin id="1290" dir="1" index="1" bw="7" slack="1"/>
</pin_list>
<bind>
<opset="select_ln27_1 "/>
</bind>
</comp>

<comp id="1293" class="1005" name="or_ln28_reg_1293">
<pin_list>
<pin id="1294" dir="0" index="0" bw="1" slack="1"/>
<pin id="1295" dir="1" index="1" bw="1" slack="1"/>
</pin_list>
<bind>
<opset="or_ln28 "/>
</bind>
</comp>

<comp id="1299" class="1005" name="select_ln28_reg_1299">
<pin_list>
<pin id="1300" dir="0" index="0" bw="8" slack="1"/>
<pin id="1301" dir="1" index="1" bw="8" slack="1"/>
</pin_list>
<bind>
<opset="select_ln28 "/>
</bind>
</comp>

<comp id="1304" class="1005" name="sext_ln28_reg_1304">
<pin_list>
<pin id="1305" dir="0" index="0" bw="14" slack="1"/>
<pin id="1306" dir="1" index="1" bw="14" slack="1"/>
</pin_list>
<bind>
<opset="sext_ln28 "/>
</bind>
</comp>

<comp id="1309" class="1005" name="or_ln28_1_reg_1309">
<pin_list>
<pin id="1310" dir="0" index="0" bw="1" slack="1"/>
<pin id="1311" dir="1" index="1" bw="1" slack="1"/>
</pin_list>
<bind>
<opset="or_ln28_1 "/>
</bind>
</comp>

<comp id="1314" class="1005" name="and_ln28_3_reg_1314">
<pin_list>
<pin id="1315" dir="0" index="0" bw="1" slack="1"/>
<pin id="1316" dir="1" index="1" bw="1" slack="1"/>
</pin_list>
<bind>
<opset="and_ln28_3 "/>
</bind>
</comp>

<comp id="1321" class="1005" name="add_ln29_reg_1321">
<pin_list>
<pin id="1322" dir="0" index="0" bw="8" slack="1"/>
<pin id="1323" dir="1" index="1" bw="8" slack="1"/>
</pin_list>
<bind>
<opset="add_ln29 "/>
</bind>
</comp>

<comp id="1327" class="1005" name="or_ln29_1_reg_1327">
<pin_list>
<pin id="1328" dir="0" index="0" bw="1" slack="4"/>
<pin id="1329" dir="1" index="1" bw="1" slack="4"/>
</pin_list>
<bind>
<opset="or_ln29_1 "/>
</bind>
</comp>

<comp id="1332" class="1005" name="select_ln29_reg_1332">
<pin_list>
<pin id="1333" dir="0" index="0" bw="8" slack="1"/>
<pin id="1334" dir="1" index="1" bw="8" slack="1"/>
</pin_list>
<bind>
<opset="select_ln29 "/>
</bind>
</comp>

<comp id="1337" class="1005" name="select_ln29_2_reg_1337">
<pin_list>
<pin id="1338" dir="0" index="0" bw="6" slack="1"/>
<pin id="1339" dir="1" index="1" bw="6" slack="1"/>
</pin_list>
<bind>
<opset="select_ln29_2 "/>
</bind>
</comp>

<comp id="1342" class="1005" name="and_ln29_1_reg_1342">
<pin_list>
<pin id="1343" dir="0" index="0" bw="1" slack="1"/>
<pin id="1344" dir="1" index="1" bw="1" slack="1"/>
</pin_list>
<bind>
<opset="and_ln29_1 "/>
</bind>
</comp>

<comp id="1349" class="1005" name="add_ln31_reg_1349">
<pin_list>
<pin id="1350" dir="0" index="0" bw="8" slack="1"/>
<pin id="1351" dir="1" index="1" bw="8" slack="1"/>
</pin_list>
<bind>
<opset="add_ln31 "/>
</bind>
</comp>

<comp id="1354" class="1005" name="or_ln31_1_reg_1354">
<pin_list>
<pin id="1355" dir="0" index="0" bw="1" slack="5"/>
<pin id="1356" dir="1" index="1" bw="1" slack="5"/>
</pin_list>
<bind>
<opset="or_ln31_1 "/>
</bind>
</comp>

<comp id="1359" class="1005" name="select_ln31_reg_1359">
<pin_list>
<pin id="1360" dir="0" index="0" bw="4" slack="1"/>
<pin id="1361" dir="1" index="1" bw="4" slack="1"/>
</pin_list>
<bind>
<opset="select_ln31 "/>
</bind>
</comp>

<comp id="1366" class="1005" name="select_ln31_2_reg_1366">
<pin_list>
<pin id="1367" dir="0" index="0" bw="6" slack="3"/>
<pin id="1368" dir="1" index="1" bw="6" slack="3"/>
</pin_list>
<bind>
<opset="select_ln31_2 "/>
</bind>
</comp>

<comp id="1371" class="1005" name="and_ln31_reg_1371">
<pin_list>
<pin id="1372" dir="0" index="0" bw="1" slack="1"/>
<pin id="1373" dir="1" index="1" bw="1" slack="1"/>
</pin_list>
<bind>
<opset="and_ln31 "/>
</bind>
</comp>

<comp id="1378" class="1005" name="select_ln35_reg_1378">
<pin_list>
<pin id="1379" dir="0" index="0" bw="4" slack="1"/>
<pin id="1380" dir="1" index="1" bw="4" slack="1"/>
</pin_list>
<bind>
<opset="select_ln35 "/>
</bind>
</comp>

<comp id="1385" class="1005" name="sext_ln41_1_reg_1385">
<pin_list>
<pin id="1386" dir="0" index="0" bw="11" slack="1"/>
<pin id="1387" dir="1" index="1" bw="11" slack="1"/>
</pin_list>
<bind>
<opset="sext_ln41_1 "/>
</bind>
</comp>

<comp id="1390" class="1005" name="add_ln39_reg_1390">
<pin_list>
<pin id="1391" dir="0" index="0" bw="9" slack="3"/>
<pin id="1392" dir="1" index="1" bw="9" slack="3"/>
</pin_list>
<bind>
<opset="add_ln39 "/>
</bind>
</comp>

<comp id="1395" class="1005" name="and_ln40_reg_1395">
<pin_list>
<pin id="1396" dir="0" index="0" bw="1" slack="4"/>
<pin id="1397" dir="1" index="1" bw="1" slack="2147483647"/>
</pin_list>
<bind>
<opset="and_ln40 "/>
</bind>
</comp>

<comp id="1399" class="1005" name="zext_ln41_9_reg_1399">
<pin_list>
<pin id="1400" dir="0" index="0" bw="14" slack="1"/>
<pin id="1401" dir="1" index="1" bw="14" slack="1"/>
</pin_list>
<bind>
<opset="zext_ln41_9 "/>
</bind>
</comp>

<comp id="1404" class="1005" name="add_ln41_4_cast_reg_1404">
<pin_list>
<pin id="1405" dir="0" index="0" bw="18" slack="1"/>
<pin id="1406" dir="1" index="1" bw="18" slack="1"/>
</pin_list>
<bind>
<opset="add_ln41_4_cast "/>
</bind>
</comp>

<comp id="1409" class="1005" name="zext_ln41_7_reg_1409">
<pin_list>
<pin id="1410" dir="0" index="0" bw="18" slack="1"/>
<pin id="1411" dir="1" index="1" bw="18" slack="1"/>
</pin_list>
<bind>
<opset="zext_ln41_7 "/>
</bind>
</comp>

<comp id="1414" class="1005" name="add_ln41_3_cast_reg_1414">
<pin_list>
<pin id="1415" dir="0" index="0" bw="15" slack="1"/>
<pin id="1416" dir="1" index="1" bw="15" slack="1"/>
</pin_list>
<bind>
<opset="add_ln41_3_cast "/>
</bind>
</comp>

<comp id="1419" class="1005" name="add_ln41_2_reg_1419">
<pin_list>
<pin id="1420" dir="0" index="0" bw="18" slack="2"/>
<pin id="1421" dir="1" index="1" bw="18" slack="2"/>
</pin_list>
<bind>
<opset="add_ln41_2 "/>
</bind>
</comp>

<comp id="1424" class="1005" name="sext_ln41_2_reg_1424">
<pin_list>
<pin id="1425" dir="0" index="0" bw="18" slack="1"/>
<pin id="1426" dir="1" index="1" bw="18" slack="1"/>
</pin_list>
<bind>
<opset="sext_ln41_2 "/>
</bind>
</comp>

<comp id="1429" class="1005" name="zext_ln41_10_reg_1429">
<pin_list>
<pin id="1430" dir="0" index="0" bw="15" slack="1"/>
<pin id="1431" dir="1" index="1" bw="15" slack="1"/>
</pin_list>
<bind>
<opset="zext_ln41_10 "/>
</bind>
</comp>

<comp id="1434" class="1005" name="input_fm_addr_reg_1434">
<pin_list>
<pin id="1435" dir="0" index="0" bw="18" slack="1"/>
<pin id="1436" dir="1" index="1" bw="18" slack="1"/>
</pin_list>
<bind>
<opset="input_fm_addr "/>
</bind>
</comp>

<comp id="1439" class="1005" name="output_fm_addr_reg_1439">
<pin_list>
<pin id="1440" dir="0" index="0" bw="18" slack="4"/>
<pin id="1441" dir="1" index="1" bw="18" slack="4"/>
</pin_list>
<bind>
<opset="output_fm_addr "/>
</bind>
</comp>

<comp id="1444" class="1005" name="weights_addr_reg_1444">
<pin_list>
<pin id="1445" dir="0" index="0" bw="15" slack="1"/>
<pin id="1446" dir="1" index="1" bw="15" slack="1"/>
</pin_list>
<bind>
<opset="weights_addr "/>
</bind>
</comp>

<comp id="1449" class="1005" name="input_fm_load_reg_1449">
<pin_list>
<pin id="1450" dir="0" index="0" bw="32" slack="2"/>
<pin id="1451" dir="1" index="1" bw="32" slack="2"/>
</pin_list>
<bind>
<opset="input_fm_load "/>
</bind>
</comp>

<comp id="1454" class="1005" name="weights_load_reg_1454">
<pin_list>
<pin id="1455" dir="0" index="0" bw="32" slack="1"/>
<pin id="1456" dir="1" index="1" bw="32" slack="1"/>
</pin_list>
<bind>
<opset="weights_load "/>
</bind>
</comp>

<comp id="1459" class="1005" name="bitcast_ln41_reg_1459">
<pin_list>
<pin id="1460" dir="0" index="0" bw="32" slack="1"/>
<pin id="1461" dir="1" index="1" bw="32" slack="1"/>
</pin_list>
<bind>
<opset="bitcast_ln41 "/>
</bind>
</comp>

<comp id="1464" class="1005" name="bitcast_ln41_1_reg_1464">
<pin_list>
<pin id="1465" dir="0" index="0" bw="32" slack="1"/>
<pin id="1466" dir="1" index="1" bw="32" slack="1"/>
</pin_list>
<bind>
<opset="bitcast_ln41_1 "/>
</bind>
</comp>

<comp id="1469" class="1005" name="mul_reg_1469">
<pin_list>
<pin id="1470" dir="0" index="0" bw="32" slack="1"/>
<pin id="1471" dir="1" index="1" bw="32" slack="1"/>
</pin_list>
<bind>
<opset="mul "/>
</bind>
</comp>

<comp id="1474" class="1005" name="output_fm_load_reg_1474">
<pin_list>
<pin id="1475" dir="0" index="0" bw="32" slack="1"/>
<pin id="1476" dir="1" index="1" bw="32" slack="1"/>
</pin_list>
<bind>
<opset="output_fm_load "/>
</bind>
</comp>

<comp id="1479" class="1005" name="bitcast_ln41_2_reg_1479">
<pin_list>
<pin id="1480" dir="0" index="0" bw="32" slack="1"/>
<pin id="1481" dir="1" index="1" bw="32" slack="1"/>
</pin_list>
<bind>
<opset="bitcast_ln41_2 "/>
</bind>
</comp>

<comp id="1484" class="1005" name="add_reg_1484">
<pin_list>
<pin id="1485" dir="0" index="0" bw="32" slack="1"/>
<pin id="1486" dir="1" index="1" bw="32" slack="1"/>
</pin_list>
<bind>
<opset="add "/>
</bind>
</comp>

</comp_list>

<net_list>
<net id="129"><net_src comp="6" pin="0"/><net_sink comp="126" pin=0"/></net>

<net id="133"><net_src comp="6" pin="0"/><net_sink comp="130" pin=0"/></net>

<net id="137"><net_src comp="6" pin="0"/><net_sink comp="134" pin=0"/></net>

<net id="141"><net_src comp="6" pin="0"/><net_sink comp="138" pin=0"/></net>

<net id="145"><net_src comp="6" pin="0"/><net_sink comp="142" pin=0"/></net>

<net id="149"><net_src comp="6" pin="0"/><net_sink comp="146" pin=0"/></net>

<net id="153"><net_src comp="6" pin="0"/><net_sink comp="150" pin=0"/></net>

<net id="157"><net_src comp="6" pin="0"/><net_sink comp="154" pin=0"/></net>

<net id="161"><net_src comp="6" pin="0"/><net_sink comp="158" pin=0"/></net>

<net id="165"><net_src comp="6" pin="0"/><net_sink comp="162" pin=0"/></net>

<net id="169"><net_src comp="6" pin="0"/><net_sink comp="166" pin=0"/></net>

<net id="175"><net_src comp="4" pin="0"/><net_sink comp="170" pin=0"/></net>

<net id="176"><net_src comp="102" pin="0"/><net_sink comp="170" pin=1"/></net>

<net id="182"><net_src comp="170" pin="3"/><net_sink comp="177" pin=0"/></net>

<net id="188"><net_src comp="0" pin="0"/><net_sink comp="183" pin=0"/></net>

<net id="189"><net_src comp="102" pin="0"/><net_sink comp="183" pin=1"/></net>

<net id="195"><net_src comp="2" pin="0"/><net_sink comp="190" pin=0"/></net>

<net id="196"><net_src comp="102" pin="0"/><net_sink comp="190" pin=1"/></net>

<net id="202"><net_src comp="190" pin="3"/><net_sink comp="197" pin=0"/></net>

<net id="220"><net_src comp="18" pin="0"/><net_sink comp="216" pin=0"/></net>

<net id="225"><net_src comp="20" pin="0"/><net_sink comp="221" pin=0"/></net>

<net id="230"><net_src comp="22" pin="0"/><net_sink comp="226" pin=0"/></net>

<net id="235"><net_src comp="24" pin="0"/><net_sink comp="231" pin=0"/></net>

<net id="240"><net_src comp="26" pin="0"/><net_sink comp="236" pin=0"/></net>

<net id="245"><net_src comp="28" pin="0"/><net_sink comp="241" pin=0"/></net>

<net id="250"><net_src comp="30" pin="0"/><net_sink comp="246" pin=0"/></net>

<net id="255"><net_src comp="28" pin="0"/><net_sink comp="251" pin=0"/></net>

<net id="260"><net_src comp="32" pin="0"/><net_sink comp="256" pin=0"/></net>

<net id="265"><net_src comp="34" pin="0"/><net_sink comp="261" pin=0"/></net>

<net id="270"><net_src comp="34" pin="0"/><net_sink comp="266" pin=0"/></net>

<net id="287"><net_src comp="280" pin="1"/><net_sink comp="283" pin=0"/></net>

<net id="288"><net_src comp="36" pin="0"/><net_sink comp="283" pin=1"/></net>

<net id="293"><net_src comp="280" pin="1"/><net_sink comp="289" pin=0"/></net>

<net id="294"><net_src comp="38" pin="0"/><net_sink comp="289" pin=1"/></net>

<net id="305"><net_src comp="298" pin="1"/><net_sink comp="301" pin=0"/></net>

<net id="306"><net_src comp="40" pin="0"/><net_sink comp="301" pin=1"/></net>

<net id="311"><net_src comp="277" pin="1"/><net_sink comp="307" pin=0"/></net>

<net id="312"><net_src comp="42" pin="0"/><net_sink comp="307" pin=1"/></net>

<net id="318"><net_src comp="307" pin="2"/><net_sink comp="313" pin=0"/></net>

<net id="319"><net_src comp="24" pin="0"/><net_sink comp="313" pin=1"/></net>

<net id="320"><net_src comp="295" pin="1"/><net_sink comp="313" pin=2"/></net>

<net id="325"><net_src comp="307" pin="2"/><net_sink comp="321" pin=0"/></net>

<net id="326"><net_src comp="44" pin="0"/><net_sink comp="321" pin=1"/></net>

<net id="331"><net_src comp="271" pin="1"/><net_sink comp="327" pin=0"/></net>

<net id="332"><net_src comp="46" pin="0"/><net_sink comp="327" pin=1"/></net>

<net id="337"><net_src comp="274" pin="1"/><net_sink comp="333" pin=0"/></net>

<net id="338"><net_src comp="48" pin="0"/><net_sink comp="333" pin=1"/></net>

<net id="343"><net_src comp="333" pin="2"/><net_sink comp="339" pin=0"/></net>

<net id="344"><net_src comp="321" pin="2"/><net_sink comp="339" pin=1"/></net>

<net id="349"><net_src comp="313" pin="3"/><net_sink comp="345" pin=0"/></net>

<net id="350"><net_src comp="50" pin="0"/><net_sink comp="345" pin=1"/></net>

<net id="356"><net_src comp="339" pin="2"/><net_sink comp="351" pin=0"/></net>

<net id="357"><net_src comp="345" pin="2"/><net_sink comp="351" pin=1"/></net>

<net id="358"><net_src comp="313" pin="3"/><net_sink comp="351" pin=2"/></net>

<net id="362"><net_src comp="351" pin="3"/><net_sink comp="359" pin=0"/></net>

<net id="378"><net_src comp="372" pin="1"/><net_sink comp="375" pin=0"/></net>

<net id="383"><net_src comp="372" pin="1"/><net_sink comp="379" pin=0"/></net>

<net id="384"><net_src comp="54" pin="0"/><net_sink comp="379" pin=1"/></net>

<net id="391"><net_src comp="56" pin="0"/><net_sink comp="385" pin=0"/></net>

<net id="392"><net_src comp="379" pin="2"/><net_sink comp="385" pin=1"/></net>

<net id="393"><net_src comp="58" pin="0"/><net_sink comp="385" pin=2"/></net>

<net id="394"><net_src comp="60" pin="0"/><net_sink comp="385" pin=3"/></net>

<net id="399"><net_src comp="369" pin="1"/><net_sink comp="395" pin=0"/></net>

<net id="400"><net_src comp="54" pin="0"/><net_sink comp="395" pin=1"/></net>

<net id="407"><net_src comp="56" pin="0"/><net_sink comp="401" pin=0"/></net>

<net id="408"><net_src comp="395" pin="2"/><net_sink comp="401" pin=1"/></net>

<net id="409"><net_src comp="58" pin="0"/><net_sink comp="401" pin=2"/></net>

<net id="410"><net_src comp="60" pin="0"/><net_sink comp="401" pin=3"/></net>

<net id="415"><net_src comp="363" pin="1"/><net_sink comp="411" pin=0"/></net>

<net id="416"><net_src comp="62" pin="0"/><net_sink comp="411" pin=1"/></net>

<net id="420"><net_src comp="411" pin="2"/><net_sink comp="417" pin=0"/></net>

<net id="425"><net_src comp="417" pin="1"/><net_sink comp="421" pin=0"/></net>

<net id="426"><net_src comp="375" pin="1"/><net_sink comp="421" pin=1"/></net>

<net id="432"><net_src comp="64" pin="0"/><net_sink comp="427" pin=0"/></net>

<net id="433"><net_src comp="421" pin="2"/><net_sink comp="427" pin=1"/></net>

<net id="434"><net_src comp="66" pin="0"/><net_sink comp="427" pin=2"/></net>

<net id="439"><net_src comp="427" pin="3"/><net_sink comp="435" pin=0"/></net>

<net id="440"><net_src comp="44" pin="0"/><net_sink comp="435" pin=1"/></net>

<net id="452"><net_src comp="444" pin="3"/><net_sink comp="449" pin=0"/></net>

<net id="458"><net_src comp="72" pin="0"/><net_sink comp="453" pin=0"/></net>

<net id="459"><net_src comp="444" pin="3"/><net_sink comp="453" pin=1"/></net>

<net id="460"><net_src comp="24" pin="0"/><net_sink comp="453" pin=2"/></net>

<net id="464"><net_src comp="453" pin="3"/><net_sink comp="461" pin=0"/></net>

<net id="469"><net_src comp="461" pin="1"/><net_sink comp="465" pin=0"/></net>

<net id="470"><net_src comp="449" pin="1"/><net_sink comp="465" pin=1"/></net>

<net id="474"><net_src comp="465" pin="2"/><net_sink comp="471" pin=0"/></net>

<net id="479"><net_src comp="441" pin="1"/><net_sink comp="475" pin=0"/></net>

<net id="480"><net_src comp="62" pin="0"/><net_sink comp="475" pin=1"/></net>

<net id="485"><net_src comp="475" pin="2"/><net_sink comp="481" pin=0"/></net>

<net id="490"><net_src comp="366" pin="1"/><net_sink comp="486" pin=0"/></net>

<net id="491"><net_src comp="74" pin="0"/><net_sink comp="486" pin=1"/></net>

<net id="496"><net_src comp="486" pin="2"/><net_sink comp="492" pin=0"/></net>

<net id="506"><net_src comp="497" pin="2"/><net_sink comp="501" pin=0"/></net>

<net id="507"><net_src comp="28" pin="0"/><net_sink comp="501" pin=1"/></net>

<net id="508"><net_src comp="372" pin="1"/><net_sink comp="501" pin=2"/></net>

<net id="516"><net_src comp="471" pin="1"/><net_sink comp="512" pin=0"/></net>

<net id="517"><net_src comp="509" pin="1"/><net_sink comp="512" pin=1"/></net>

<net id="521"><net_src comp="512" pin="2"/><net_sink comp="518" pin=0"/></net>

<net id="527"><net_src comp="497" pin="2"/><net_sink comp="522" pin=0"/></net>

<net id="528"><net_src comp="78" pin="0"/><net_sink comp="522" pin=1"/></net>

<net id="529"><net_src comp="385" pin="4"/><net_sink comp="522" pin=2"/></net>

<net id="534"><net_src comp="44" pin="0"/><net_sink comp="530" pin=1"/></net>

<net id="539"><net_src comp="530" pin="2"/><net_sink comp="535" pin=1"/></net>

<net id="544"><net_src comp="481" pin="2"/><net_sink comp="540" pin=0"/></net>

<net id="545"><net_src comp="535" pin="2"/><net_sink comp="540" pin=1"/></net>

<net id="550"><net_src comp="492" pin="2"/><net_sink comp="546" pin=0"/></net>

<net id="551"><net_src comp="535" pin="2"/><net_sink comp="546" pin=1"/></net>

<net id="560"><net_src comp="552" pin="2"/><net_sink comp="556" pin=0"/></net>

<net id="561"><net_src comp="535" pin="2"/><net_sink comp="556" pin=1"/></net>

<net id="566"><net_src comp="501" pin="3"/><net_sink comp="562" pin=0"/></net>

<net id="567"><net_src comp="28" pin="0"/><net_sink comp="562" pin=1"/></net>

<net id="572"><net_src comp="556" pin="2"/><net_sink comp="568" pin=0"/></net>

<net id="577"><net_src comp="568" pin="2"/><net_sink comp="573" pin=0"/></net>

<net id="583"><net_src comp="573" pin="2"/><net_sink comp="578" pin=0"/></net>

<net id="584"><net_src comp="28" pin="0"/><net_sink comp="578" pin=1"/></net>

<net id="585"><net_src comp="369" pin="1"/><net_sink comp="578" pin=2"/></net>

<net id="592"><net_src comp="56" pin="0"/><net_sink comp="586" pin=0"/></net>

<net id="593"><net_src comp="501" pin="3"/><net_sink comp="586" pin=1"/></net>

<net id="594"><net_src comp="58" pin="0"/><net_sink comp="586" pin=2"/></net>

<net id="595"><net_src comp="60" pin="0"/><net_sink comp="586" pin=3"/></net>

<net id="601"><net_src comp="556" pin="2"/><net_sink comp="596" pin=0"/></net>

<net id="602"><net_src comp="586" pin="4"/><net_sink comp="596" pin=1"/></net>

<net id="603"><net_src comp="522" pin="3"/><net_sink comp="596" pin=2"/></net>

<net id="609"><net_src comp="573" pin="2"/><net_sink comp="604" pin=0"/></net>

<net id="610"><net_src comp="78" pin="0"/><net_sink comp="604" pin=1"/></net>

<net id="611"><net_src comp="401" pin="4"/><net_sink comp="604" pin=2"/></net>

<net id="616"><net_src comp="556" pin="2"/><net_sink comp="612" pin=0"/></net>

<net id="617"><net_src comp="44" pin="0"/><net_sink comp="612" pin=1"/></net>

<net id="622"><net_src comp="540" pin="2"/><net_sink comp="618" pin=0"/></net>

<net id="623"><net_src comp="612" pin="2"/><net_sink comp="618" pin=1"/></net>

<net id="628"><net_src comp="546" pin="2"/><net_sink comp="624" pin=0"/></net>

<net id="629"><net_src comp="612" pin="2"/><net_sink comp="624" pin=1"/></net>

<net id="634"><net_src comp="578" pin="3"/><net_sink comp="630" pin=0"/></net>

<net id="635"><net_src comp="28" pin="0"/><net_sink comp="630" pin=1"/></net>

<net id="640"><net_src comp="497" pin="2"/><net_sink comp="636" pin=0"/></net>

<net id="641"><net_src comp="556" pin="2"/><net_sink comp="636" pin=1"/></net>

<net id="646"><net_src comp="636" pin="2"/><net_sink comp="642" pin=0"/></net>

<net id="647"><net_src comp="624" pin="2"/><net_sink comp="642" pin=1"/></net>

<net id="653"><net_src comp="642" pin="2"/><net_sink comp="648" pin=0"/></net>

<net id="654"><net_src comp="34" pin="0"/><net_sink comp="648" pin=1"/></net>

<net id="655"><net_src comp="363" pin="1"/><net_sink comp="648" pin=2"/></net>

<net id="662"><net_src comp="56" pin="0"/><net_sink comp="656" pin=0"/></net>

<net id="663"><net_src comp="578" pin="3"/><net_sink comp="656" pin=1"/></net>

<net id="664"><net_src comp="58" pin="0"/><net_sink comp="656" pin=2"/></net>

<net id="665"><net_src comp="60" pin="0"/><net_sink comp="656" pin=3"/></net>

<net id="671"><net_src comp="624" pin="2"/><net_sink comp="666" pin=0"/></net>

<net id="672"><net_src comp="656" pin="4"/><net_sink comp="666" pin=1"/></net>

<net id="673"><net_src comp="604" pin="3"/><net_sink comp="666" pin=2"/></net>

<net id="678"><net_src comp="546" pin="2"/><net_sink comp="674" pin=0"/></net>

<net id="679"><net_src comp="44" pin="0"/><net_sink comp="674" pin=1"/></net>

<net id="684"><net_src comp="556" pin="2"/><net_sink comp="680" pin=0"/></net>

<net id="685"><net_src comp="674" pin="2"/><net_sink comp="680" pin=1"/></net>

<net id="690"><net_src comp="618" pin="2"/><net_sink comp="686" pin=0"/></net>

<net id="691"><net_src comp="680" pin="2"/><net_sink comp="686" pin=1"/></net>

<net id="696"><net_src comp="686" pin="2"/><net_sink comp="692" pin=0"/></net>

<net id="697"><net_src comp="624" pin="2"/><net_sink comp="692" pin=1"/></net>

<net id="702"><net_src comp="692" pin="2"/><net_sink comp="698" pin=0"/></net>

<net id="703"><net_src comp="568" pin="2"/><net_sink comp="698" pin=1"/></net>

<net id="708"><net_src comp="698" pin="2"/><net_sink comp="704" pin=0"/></net>

<net id="714"><net_src comp="704" pin="2"/><net_sink comp="709" pin=0"/></net>

<net id="715"><net_src comp="34" pin="0"/><net_sink comp="709" pin=1"/></net>

<net id="716"><net_src comp="441" pin="1"/><net_sink comp="709" pin=2"/></net>

<net id="725"><net_src comp="444" pin="3"/><net_sink comp="721" pin=0"/></net>

<net id="737"><net_src comp="730" pin="1"/><net_sink comp="733" pin=0"/></net>

<net id="738"><net_src comp="80" pin="0"/><net_sink comp="733" pin=1"/></net>

<net id="748"><net_src comp="82" pin="0"/><net_sink comp="743" pin=1"/></net>

<net id="753"><net_src comp="739" pin="2"/><net_sink comp="749" pin=0"/></net>

<net id="765"><net_src comp="757" pin="3"/><net_sink comp="762" pin=0"/></net>

<net id="773"><net_src comp="754" pin="1"/><net_sink comp="769" pin=0"/></net>

<net id="774"><net_src comp="86" pin="0"/><net_sink comp="769" pin=1"/></net>

<net id="780"><net_src comp="769" pin="2"/><net_sink comp="775" pin=1"/></net>

<net id="781"><net_src comp="743" pin="3"/><net_sink comp="775" pin=2"/></net>

<net id="787"><net_src comp="64" pin="0"/><net_sink comp="782" pin=0"/></net>

<net id="788"><net_src comp="769" pin="2"/><net_sink comp="782" pin=1"/></net>

<net id="789"><net_src comp="66" pin="0"/><net_sink comp="782" pin=2"/></net>

<net id="794"><net_src comp="782" pin="3"/><net_sink comp="790" pin=0"/></net>

<net id="795"><net_src comp="44" pin="0"/><net_sink comp="790" pin=1"/></net>

<net id="801"><net_src comp="790" pin="2"/><net_sink comp="796" pin=1"/></net>

<net id="802"><net_src comp="749" pin="2"/><net_sink comp="796" pin=2"/></net>

<net id="811"><net_src comp="803" pin="3"/><net_sink comp="808" pin=0"/></net>

<net id="816"><net_src comp="762" pin="1"/><net_sink comp="812" pin=0"/></net>

<net id="817"><net_src comp="86" pin="0"/><net_sink comp="812" pin=1"/></net>

<net id="823"><net_src comp="812" pin="2"/><net_sink comp="818" pin=1"/></net>

<net id="824"><net_src comp="775" pin="3"/><net_sink comp="818" pin=2"/></net>

<net id="830"><net_src comp="64" pin="0"/><net_sink comp="825" pin=0"/></net>

<net id="831"><net_src comp="812" pin="2"/><net_sink comp="825" pin=1"/></net>

<net id="832"><net_src comp="66" pin="0"/><net_sink comp="825" pin=2"/></net>

<net id="837"><net_src comp="825" pin="3"/><net_sink comp="833" pin=0"/></net>

<net id="838"><net_src comp="44" pin="0"/><net_sink comp="833" pin=1"/></net>

<net id="844"><net_src comp="833" pin="2"/><net_sink comp="839" pin=1"/></net>

<net id="845"><net_src comp="796" pin="3"/><net_sink comp="839" pin=2"/></net>

<net id="850"><net_src comp="88" pin="0"/><net_sink comp="846" pin=1"/></net>

<net id="854"><net_src comp="846" pin="2"/><net_sink comp="851" pin=0"/></net>

<net id="859"><net_src comp="851" pin="1"/><net_sink comp="855" pin=0"/></net>

<net id="860"><net_src comp="762" pin="1"/><net_sink comp="855" pin=1"/></net>

<net id="866"><net_src comp="855" pin="2"/><net_sink comp="861" pin=1"/></net>

<net id="867"><net_src comp="818" pin="3"/><net_sink comp="861" pin=2"/></net>

<net id="871"><net_src comp="861" pin="3"/><net_sink comp="868" pin=0"/></net>

<net id="877"><net_src comp="64" pin="0"/><net_sink comp="872" pin=0"/></net>

<net id="878"><net_src comp="855" pin="2"/><net_sink comp="872" pin=1"/></net>

<net id="879"><net_src comp="66" pin="0"/><net_sink comp="872" pin=2"/></net>

<net id="884"><net_src comp="872" pin="3"/><net_sink comp="880" pin=0"/></net>

<net id="885"><net_src comp="44" pin="0"/><net_sink comp="880" pin=1"/></net>

<net id="891"><net_src comp="880" pin="2"/><net_sink comp="886" pin=1"/></net>

<net id="892"><net_src comp="839" pin="3"/><net_sink comp="886" pin=2"/></net>

<net id="897"><net_src comp="62" pin="0"/><net_sink comp="893" pin=1"/></net>

<net id="901"><net_src comp="893" pin="2"/><net_sink comp="898" pin=0"/></net>

<net id="906"><net_src comp="898" pin="1"/><net_sink comp="902" pin=0"/></net>

<net id="907"><net_src comp="808" pin="1"/><net_sink comp="902" pin=1"/></net>

<net id="912"><net_src comp="902" pin="2"/><net_sink comp="908" pin=0"/></net>

<net id="913"><net_src comp="90" pin="0"/><net_sink comp="908" pin=1"/></net>

<net id="918"><net_src comp="908" pin="2"/><net_sink comp="914" pin=0"/></net>

<net id="919"><net_src comp="886" pin="3"/><net_sink comp="914" pin=1"/></net>

<net id="924"><net_src comp="757" pin="3"/><net_sink comp="920" pin=0"/></net>

<net id="929"><net_src comp="803" pin="3"/><net_sink comp="925" pin=0"/></net>

<net id="934"><net_src comp="92" pin="0"/><net_sink comp="930" pin=1"/></net>

<net id="940"><net_src comp="930" pin="2"/><net_sink comp="935" pin=1"/></net>

<net id="944"><net_src comp="935" pin="3"/><net_sink comp="941" pin=0"/></net>

<net id="952"><net_src comp="935" pin="3"/><net_sink comp="948" pin=0"/></net>

<net id="966"><net_src comp="92" pin="0"/><net_sink comp="962" pin=1"/></net>

<net id="971"><net_src comp="98" pin="0"/><net_sink comp="967" pin=1"/></net>

<net id="977"><net_src comp="98" pin="0"/><net_sink comp="972" pin=1"/></net>

<net id="978"><net_src comp="967" pin="2"/><net_sink comp="972" pin=2"/></net>

<net id="983"><net_src comp="100" pin="0"/><net_sink comp="979" pin=1"/></net>

<net id="989"><net_src comp="100" pin="0"/><net_sink comp="984" pin=1"/></net>

<net id="990"><net_src comp="979" pin="2"/><net_sink comp="984" pin=2"/></net>

<net id="995"><net_src comp="984" pin="3"/><net_sink comp="991" pin=0"/></net>

<net id="1000"><net_src comp="972" pin="3"/><net_sink comp="996" pin=0"/></net>

<net id="1005"><net_src comp="962" pin="2"/><net_sink comp="1001" pin=0"/></net>

<net id="1012"><net_src comp="1009" pin="1"/><net_sink comp="170" pin=2"/></net>

<net id="1017"><net_src comp="104" pin="0"/><net_sink comp="1013" pin=1"/></net>

<net id="1023"><net_src comp="104" pin="0"/><net_sink comp="1018" pin=1"/></net>

<net id="1024"><net_src comp="1013" pin="2"/><net_sink comp="1018" pin=2"/></net>

<net id="1029"><net_src comp="1018" pin="3"/><net_sink comp="1025" pin=0"/></net>

<net id="1033"><net_src comp="1030" pin="1"/><net_sink comp="183" pin=2"/></net>

<net id="1037"><net_src comp="1034" pin="1"/><net_sink comp="190" pin=2"/></net>

<net id="1042"><net_src comp="124" pin="0"/><net_sink comp="1038" pin=1"/></net>

<net id="1048"><net_src comp="124" pin="0"/><net_sink comp="1043" pin=1"/></net>

<net id="1049"><net_src comp="1038" pin="2"/><net_sink comp="1043" pin=2"/></net>

<net id="1054"><net_src comp="1043" pin="3"/><net_sink comp="1050" pin=0"/></net>

<net id="1058"><net_src comp="1055" pin="1"/><net_sink comp="212" pin=0"/></net>

<net id="1062"><net_src comp="1059" pin="1"/><net_sink comp="212" pin=1"/></net>

<net id="1066"><net_src comp="1063" pin="1"/><net_sink comp="208" pin=0"/></net>

<net id="1070"><net_src comp="1067" pin="1"/><net_sink comp="203" pin=1"/></net>

<net id="1076"><net_src comp="359" pin="1"/><net_sink comp="1071" pin=0"/></net>

<net id="1077"><net_src comp="52" pin="0"/><net_sink comp="1071" pin=1"/></net>

<net id="1078"><net_src comp="868" pin="1"/><net_sink comp="1071" pin=2"/></net>

<net id="1079"><net_src comp="1071" pin="3"/><net_sink comp="945" pin=0"/></net>

<net id="1085"><net_src comp="518" pin="1"/><net_sink comp="1080" pin=0"/></net>

<net id="1086"><net_src comp="76" pin="0"/><net_sink comp="1080" pin=1"/></net>

<net id="1087"><net_src comp="941" pin="1"/><net_sink comp="1080" pin=2"/></net>

<net id="1088"><net_src comp="1080" pin="3"/><net_sink comp="956" pin=0"/></net>

<net id="1095"><net_src comp="733" pin="2"/><net_sink comp="1089" pin=0"/></net>

<net id="1096"><net_src comp="766" pin="1"/><net_sink comp="1089" pin=1"/></net>

<net id="1097"><net_src comp="84" pin="0"/><net_sink comp="1089" pin=2"/></net>

<net id="1098"><net_src comp="953" pin="1"/><net_sink comp="1089" pin=3"/></net>

<net id="1104"><net_src comp="945" pin="1"/><net_sink comp="1099" pin=0"/></net>

<net id="1105"><net_src comp="94" pin="0"/><net_sink comp="1099" pin=1"/></net>

<net id="1106"><net_src comp="959" pin="1"/><net_sink comp="1099" pin=2"/></net>

<net id="1107"><net_src comp="1099" pin="3"/><net_sink comp="1009" pin=0"/></net>

<net id="1113"><net_src comp="956" pin="1"/><net_sink comp="1108" pin=0"/></net>

<net id="1114"><net_src comp="96" pin="0"/><net_sink comp="1108" pin=1"/></net>

<net id="1115"><net_src comp="1006" pin="1"/><net_sink comp="1108" pin=2"/></net>

<net id="1116"><net_src comp="1108" pin="3"/><net_sink comp="1034" pin=0"/></net>

<net id="1120"><net_src comp="126" pin="1"/><net_sink comp="1117" pin=0"/></net>

<net id="1121"><net_src comp="1117" pin="1"/><net_sink comp="266" pin=1"/></net>

<net id="1122"><net_src comp="1117" pin="1"/><net_sink comp="441" pin=0"/></net>

<net id="1123"><net_src comp="1117" pin="1"/><net_sink comp="1001" pin=1"/></net>

<net id="1127"><net_src comp="130" pin="1"/><net_sink comp="1124" pin=0"/></net>

<net id="1128"><net_src comp="1124" pin="1"/><net_sink comp="261" pin=1"/></net>

<net id="1129"><net_src comp="1124" pin="1"/><net_sink comp="363" pin=0"/></net>

<net id="1130"><net_src comp="1124" pin="1"/><net_sink comp="948" pin=1"/></net>

<net id="1134"><net_src comp="134" pin="1"/><net_sink comp="1131" pin=0"/></net>

<net id="1135"><net_src comp="1131" pin="1"/><net_sink comp="256" pin=1"/></net>

<net id="1136"><net_src comp="1131" pin="1"/><net_sink comp="366" pin=0"/></net>

<net id="1137"><net_src comp="1131" pin="1"/><net_sink comp="1025" pin=1"/></net>

<net id="1141"><net_src comp="138" pin="1"/><net_sink comp="1138" pin=0"/></net>

<net id="1142"><net_src comp="1138" pin="1"/><net_sink comp="251" pin=1"/></net>

<net id="1143"><net_src comp="1138" pin="1"/><net_sink comp="369" pin=0"/></net>

<net id="1144"><net_src comp="1138" pin="1"/><net_sink comp="925" pin=1"/></net>

<net id="1148"><net_src comp="142" pin="1"/><net_sink comp="1145" pin=0"/></net>

<net id="1149"><net_src comp="1145" pin="1"/><net_sink comp="246" pin=1"/></net>

<net id="1150"><net_src comp="1145" pin="1"/><net_sink comp="271" pin=0"/></net>

<net id="1151"><net_src comp="1145" pin="1"/><net_sink comp="996" pin=1"/></net>

<net id="1155"><net_src comp="146" pin="1"/><net_sink comp="1152" pin=0"/></net>

<net id="1156"><net_src comp="1152" pin="1"/><net_sink comp="241" pin=1"/></net>

<net id="1157"><net_src comp="1152" pin="1"/><net_sink comp="372" pin=0"/></net>

<net id="1158"><net_src comp="1152" pin="1"/><net_sink comp="920" pin=1"/></net>

<net id="1162"><net_src comp="150" pin="1"/><net_sink comp="1159" pin=0"/></net>

<net id="1163"><net_src comp="1159" pin="1"/><net_sink comp="236" pin=1"/></net>

<net id="1164"><net_src comp="1159" pin="1"/><net_sink comp="274" pin=0"/></net>

<net id="1165"><net_src comp="1159" pin="1"/><net_sink comp="991" pin=1"/></net>

<net id="1169"><net_src comp="154" pin="1"/><net_sink comp="1166" pin=0"/></net>

<net id="1170"><net_src comp="1166" pin="1"/><net_sink comp="231" pin=1"/></net>

<net id="1171"><net_src comp="1166" pin="1"/><net_sink comp="295" pin=0"/></net>

<net id="1172"><net_src comp="1166" pin="1"/><net_sink comp="726" pin=1"/></net>

<net id="1176"><net_src comp="158" pin="1"/><net_sink comp="1173" pin=0"/></net>

<net id="1177"><net_src comp="1173" pin="1"/><net_sink comp="226" pin=1"/></net>

<net id="1178"><net_src comp="1173" pin="1"/><net_sink comp="277" pin=0"/></net>

<net id="1179"><net_src comp="1173" pin="1"/><net_sink comp="1050" pin=1"/></net>

<net id="1183"><net_src comp="162" pin="1"/><net_sink comp="1180" pin=0"/></net>

<net id="1184"><net_src comp="1180" pin="1"/><net_sink comp="221" pin=1"/></net>

<net id="1185"><net_src comp="1180" pin="1"/><net_sink comp="298" pin=0"/></net>

<net id="1186"><net_src comp="1180" pin="1"/><net_sink comp="721" pin=1"/></net>

<net id="1190"><net_src comp="166" pin="1"/><net_sink comp="1187" pin=0"/></net>

<net id="1191"><net_src comp="1187" pin="1"/><net_sink comp="216" pin=1"/></net>

<net id="1192"><net_src comp="1187" pin="1"/><net_sink comp="280" pin=0"/></net>

<net id="1193"><net_src comp="1187" pin="1"/><net_sink comp="717" pin=1"/></net>

<net id="1197"><net_src comp="271" pin="1"/><net_sink comp="1194" pin=0"/></net>

<net id="1198"><net_src comp="1194" pin="1"/><net_sink comp="967" pin=0"/></net>

<net id="1202"><net_src comp="274" pin="1"/><net_sink comp="1199" pin=0"/></net>

<net id="1203"><net_src comp="1199" pin="1"/><net_sink comp="979" pin=0"/></net>

<net id="1207"><net_src comp="277" pin="1"/><net_sink comp="1204" pin=0"/></net>

<net id="1208"><net_src comp="1204" pin="1"/><net_sink comp="1038" pin=0"/></net>

<net id="1212"><net_src comp="283" pin="2"/><net_sink comp="1209" pin=0"/></net>

<net id="1216"><net_src comp="289" pin="2"/><net_sink comp="1213" pin=0"/></net>

<net id="1217"><net_src comp="1213" pin="1"/><net_sink comp="717" pin=0"/></net>

<net id="1221"><net_src comp="298" pin="1"/><net_sink comp="1218" pin=0"/></net>

<net id="1222"><net_src comp="1218" pin="1"/><net_sink comp="444" pin=2"/></net>

<net id="1226"><net_src comp="301" pin="2"/><net_sink comp="1223" pin=0"/></net>

<net id="1227"><net_src comp="1223" pin="1"/><net_sink comp="444" pin=1"/></net>

<net id="1231"><net_src comp="307" pin="2"/><net_sink comp="1228" pin=0"/></net>

<net id="1232"><net_src comp="1228" pin="1"/><net_sink comp="444" pin=0"/></net>

<net id="1233"><net_src comp="1228" pin="1"/><net_sink comp="497" pin=1"/></net>

<net id="1234"><net_src comp="1228" pin="1"/><net_sink comp="535" pin=0"/></net>

<net id="1235"><net_src comp="1228" pin="1"/><net_sink comp="573" pin=1"/></net>

<net id="1236"><net_src comp="1228" pin="1"/><net_sink comp="704" pin=1"/></net>

<net id="1237"><net_src comp="1228" pin="1"/><net_sink comp="1043" pin=0"/></net>

<net id="1241"><net_src comp="321" pin="2"/><net_sink comp="1238" pin=0"/></net>

<net id="1242"><net_src comp="1238" pin="1"/><net_sink comp="481" pin=1"/></net>

<net id="1243"><net_src comp="1238" pin="1"/><net_sink comp="492" pin=1"/></net>

<net id="1244"><net_src comp="1238" pin="1"/><net_sink comp="552" pin=0"/></net>

<net id="1245"><net_src comp="1238" pin="1"/><net_sink comp="739" pin=1"/></net>

<net id="1249"><net_src comp="327" pin="2"/><net_sink comp="1246" pin=0"/></net>

<net id="1250"><net_src comp="1246" pin="1"/><net_sink comp="552" pin=1"/></net>

<net id="1254"><net_src comp="333" pin="2"/><net_sink comp="1251" pin=0"/></net>

<net id="1255"><net_src comp="1251" pin="1"/><net_sink comp="530" pin=0"/></net>

<net id="1259"><net_src comp="339" pin="2"/><net_sink comp="1256" pin=0"/></net>

<net id="1260"><net_src comp="1256" pin="1"/><net_sink comp="497" pin=0"/></net>

<net id="1261"><net_src comp="1256" pin="1"/><net_sink comp="568" pin=1"/></net>

<net id="1265"><net_src comp="351" pin="3"/><net_sink comp="1262" pin=0"/></net>

<net id="1266"><net_src comp="1262" pin="1"/><net_sink comp="509" pin=0"/></net>

<net id="1267"><net_src comp="1262" pin="1"/><net_sink comp="726" pin=0"/></net>

<net id="1271"><net_src comp="359" pin="1"/><net_sink comp="1268" pin=0"/></net>

<net id="1272"><net_src comp="1268" pin="1"/><net_sink comp="1071" pin=0"/></net>

<net id="1276"><net_src comp="366" pin="1"/><net_sink comp="1273" pin=0"/></net>

<net id="1277"><net_src comp="1273" pin="1"/><net_sink comp="1013" pin=0"/></net>

<net id="1281"><net_src comp="421" pin="2"/><net_sink comp="1278" pin=0"/></net>

<net id="1282"><net_src comp="1278" pin="1"/><net_sink comp="743" pin=2"/></net>

<net id="1286"><net_src comp="435" pin="2"/><net_sink comp="1283" pin=0"/></net>

<net id="1287"><net_src comp="1283" pin="1"/><net_sink comp="739" pin=0"/></net>

<net id="1291"><net_src comp="444" pin="3"/><net_sink comp="1288" pin=0"/></net>

<net id="1292"><net_src comp="1288" pin="1"/><net_sink comp="730" pin=0"/></net>

<net id="1296"><net_src comp="497" pin="2"/><net_sink comp="1293" pin=0"/></net>

<net id="1297"><net_src comp="1293" pin="1"/><net_sink comp="743" pin=0"/></net>

<net id="1298"><net_src comp="1293" pin="1"/><net_sink comp="984" pin=0"/></net>

<net id="1302"><net_src comp="501" pin="3"/><net_sink comp="1299" pin=0"/></net>

<net id="1303"><net_src comp="1299" pin="1"/><net_sink comp="757" pin=2"/></net>

<net id="1307"><net_src comp="518" pin="1"/><net_sink comp="1304" pin=0"/></net>

<net id="1308"><net_src comp="1304" pin="1"/><net_sink comp="1080" pin=0"/></net>

<net id="1312"><net_src comp="535" pin="2"/><net_sink comp="1309" pin=0"/></net>

<net id="1313"><net_src comp="1309" pin="1"/><net_sink comp="749" pin=1"/></net>

<net id="1317"><net_src comp="556" pin="2"/><net_sink comp="1314" pin=0"/></net>

<net id="1318"><net_src comp="1314" pin="1"/><net_sink comp="757" pin=0"/></net>

<net id="1319"><net_src comp="1314" pin="1"/><net_sink comp="775" pin=0"/></net>

<net id="1320"><net_src comp="1314" pin="1"/><net_sink comp="796" pin=0"/></net>

<net id="1324"><net_src comp="562" pin="2"/><net_sink comp="1321" pin=0"/></net>

<net id="1325"><net_src comp="1321" pin="1"/><net_sink comp="754" pin=0"/></net>

<net id="1326"><net_src comp="1321" pin="1"/><net_sink comp="757" pin=1"/></net>

<net id="1330"><net_src comp="573" pin="2"/><net_sink comp="1327" pin=0"/></net>

<net id="1331"><net_src comp="1327" pin="1"/><net_sink comp="972" pin=0"/></net>

<net id="1335"><net_src comp="578" pin="3"/><net_sink comp="1332" pin=0"/></net>

<net id="1336"><net_src comp="1332" pin="1"/><net_sink comp="803" pin=2"/></net>

<net id="1340"><net_src comp="596" pin="3"/><net_sink comp="1337" pin=0"/></net>

<net id="1341"><net_src comp="1337" pin="1"/><net_sink comp="766" pin=0"/></net>

<net id="1345"><net_src comp="624" pin="2"/><net_sink comp="1342" pin=0"/></net>

<net id="1346"><net_src comp="1342" pin="1"/><net_sink comp="803" pin=0"/></net>

<net id="1347"><net_src comp="1342" pin="1"/><net_sink comp="818" pin=0"/></net>

<net id="1348"><net_src comp="1342" pin="1"/><net_sink comp="839" pin=0"/></net>

<net id="1352"><net_src comp="630" pin="2"/><net_sink comp="1349" pin=0"/></net>

<net id="1353"><net_src comp="1349" pin="1"/><net_sink comp="803" pin=1"/></net>

<net id="1357"><net_src comp="642" pin="2"/><net_sink comp="1354" pin=0"/></net>

<net id="1358"><net_src comp="1354" pin="1"/><net_sink comp="1018" pin=0"/></net>

<net id="1362"><net_src comp="648" pin="3"/><net_sink comp="1359" pin=0"/></net>

<net id="1363"><net_src comp="1359" pin="1"/><net_sink comp="846" pin=0"/></net>

<net id="1364"><net_src comp="1359" pin="1"/><net_sink comp="930" pin=0"/></net>

<net id="1365"><net_src comp="1359" pin="1"/><net_sink comp="935" pin=2"/></net>

<net id="1369"><net_src comp="666" pin="3"/><net_sink comp="1366" pin=0"/></net>

<net id="1370"><net_src comp="1366" pin="1"/><net_sink comp="953" pin=0"/></net>

<net id="1374"><net_src comp="686" pin="2"/><net_sink comp="1371" pin=0"/></net>

<net id="1375"><net_src comp="1371" pin="1"/><net_sink comp="861" pin=0"/></net>

<net id="1376"><net_src comp="1371" pin="1"/><net_sink comp="886" pin=0"/></net>

<net id="1377"><net_src comp="1371" pin="1"/><net_sink comp="935" pin=0"/></net>

<net id="1381"><net_src comp="709" pin="3"/><net_sink comp="1378" pin=0"/></net>

<net id="1382"><net_src comp="1378" pin="1"/><net_sink comp="893" pin=0"/></net>

<net id="1383"><net_src comp="1378" pin="1"/><net_sink comp="962" pin=0"/></net>

<net id="1384"><net_src comp="1378" pin="1"/><net_sink comp="1006" pin=0"/></net>

<net id="1388"><net_src comp="868" pin="1"/><net_sink comp="1385" pin=0"/></net>

<net id="1389"><net_src comp="1385" pin="1"/><net_sink comp="1071" pin=1"/></net>

<net id="1393"><net_src comp="902" pin="2"/><net_sink comp="1390" pin=0"/></net>

<net id="1394"><net_src comp="1390" pin="1"/><net_sink comp="959" pin=0"/></net>

<net id="1398"><net_src comp="914" pin="2"/><net_sink comp="1395" pin=0"/></net>

<net id="1402"><net_src comp="941" pin="1"/><net_sink comp="1399" pin=0"/></net>

<net id="1403"><net_src comp="1399" pin="1"/><net_sink comp="1080" pin=1"/></net>

<net id="1407"><net_src comp="945" pin="1"/><net_sink comp="1404" pin=0"/></net>

<net id="1408"><net_src comp="1404" pin="1"/><net_sink comp="1099" pin=0"/></net>

<net id="1412"><net_src comp="953" pin="1"/><net_sink comp="1409" pin=0"/></net>

<net id="1413"><net_src comp="1409" pin="1"/><net_sink comp="1089" pin=1"/></net>

<net id="1417"><net_src comp="956" pin="1"/><net_sink comp="1414" pin=0"/></net>

<net id="1418"><net_src comp="1414" pin="1"/><net_sink comp="1108" pin=0"/></net>

<net id="1422"><net_src comp="1089" pin="4"/><net_sink comp="1419" pin=0"/></net>

<net id="1423"><net_src comp="1419" pin="1"/><net_sink comp="1030" pin=0"/></net>

<net id="1427"><net_src comp="959" pin="1"/><net_sink comp="1424" pin=0"/></net>

<net id="1428"><net_src comp="1424" pin="1"/><net_sink comp="1099" pin=1"/></net>

<net id="1432"><net_src comp="1006" pin="1"/><net_sink comp="1429" pin=0"/></net>

<net id="1433"><net_src comp="1429" pin="1"/><net_sink comp="1108" pin=1"/></net>

<net id="1437"><net_src comp="170" pin="3"/><net_sink comp="1434" pin=0"/></net>

<net id="1438"><net_src comp="1434" pin="1"/><net_sink comp="177" pin=0"/></net>

<net id="1442"><net_src comp="183" pin="3"/><net_sink comp="1439" pin=0"/></net>

<net id="1443"><net_src comp="1439" pin="1"/><net_sink comp="203" pin=0"/></net>

<net id="1447"><net_src comp="190" pin="3"/><net_sink comp="1444" pin=0"/></net>

<net id="1448"><net_src comp="1444" pin="1"/><net_sink comp="197" pin=0"/></net>

<net id="1452"><net_src comp="177" pin="3"/><net_sink comp="1449" pin=0"/></net>

<net id="1453"><net_src comp="1449" pin="1"/><net_sink comp="1059" pin=0"/></net>

<net id="1457"><net_src comp="197" pin="3"/><net_sink comp="1454" pin=0"/></net>

<net id="1458"><net_src comp="1454" pin="1"/><net_sink comp="1055" pin=0"/></net>

<net id="1462"><net_src comp="1055" pin="1"/><net_sink comp="1459" pin=0"/></net>

<net id="1463"><net_src comp="1459" pin="1"/><net_sink comp="212" pin=0"/></net>

<net id="1467"><net_src comp="1059" pin="1"/><net_sink comp="1464" pin=0"/></net>

<net id="1468"><net_src comp="1464" pin="1"/><net_sink comp="212" pin=1"/></net>

<net id="1472"><net_src comp="212" pin="2"/><net_sink comp="1469" pin=0"/></net>

<net id="1473"><net_src comp="1469" pin="1"/><net_sink comp="208" pin=1"/></net>

<net id="1477"><net_src comp="203" pin="3"/><net_sink comp="1474" pin=0"/></net>

<net id="1478"><net_src comp="1474" pin="1"/><net_sink comp="1063" pin=0"/></net>

<net id="1482"><net_src comp="1063" pin="1"/><net_sink comp="1479" pin=0"/></net>

<net id="1483"><net_src comp="1479" pin="1"/><net_sink comp="208" pin=0"/></net>

<net id="1487"><net_src comp="208" pin="2"/><net_sink comp="1484" pin=0"/></net>

<net id="1488"><net_src comp="1484" pin="1"/><net_sink comp="1067" pin=0"/></net>

</net_list>

</model> 
---------------- Datapath Model END ------------------

* FSMD analyzer results:
  - Output states:
	Port: output_fm | {20 }
 - Input state : 
	Port: conv_Pipeline_VITIS_LOOP_27_4_VITIS_LOOP_29_6_VITIS_LOOP_35_8_VITIS_LOOP_36_9 : output_fm | {13 14 }
	Port: conv_Pipeline_VITIS_LOOP_27_4_VITIS_LOOP_29_6_VITIS_LOOP_35_8_VITIS_LOOP_36_9 : weights | {9 10 }
	Port: conv_Pipeline_VITIS_LOOP_27_4_VITIS_LOOP_29_6_VITIS_LOOP_35_8_VITIS_LOOP_36_9 : input_fm | {8 9 }
  - Chain level:
	State 1
		store_ln0 : 1
		store_ln0 : 1
		store_ln0 : 1
		store_ln0 : 1
		store_ln0 : 1
		store_ln0 : 1
		store_ln0 : 1
		store_ln0 : 1
		store_ln0 : 1
		store_ln0 : 1
		store_ln0 : 1
	State 2
		icmp_ln27 : 1
		add_ln27_1 : 1
		br_ln27 : 2
		add_ln27 : 1
		icmp_ln28 : 1
		select_ln27 : 2
		xor_ln27 : 2
		icmp_ln31 : 1
		icmp_ln29 : 1
		and_ln27_4 : 2
		add_ln28 : 3
		select_ln28_1 : 2
		zext_ln41_4 : 3
		mul_ln41_1 : 4
	State 3
		zext_ln29 : 1
		add_ln30 : 1
		tmp_3 : 2
		add_ln34 : 1
		tmp_4 : 2
		tmp : 1
		tmp_cast : 2
		empty : 3
		tmp_1 : 4
		rev : 5
		zext_ln41_1 : 1
		tmp_5 : 1
		zext_ln41_2 : 2
		sub_ln41 : 3
		sext_ln41 : 4
		icmp_ln36 : 1
		and_ln27_1 : 2
		icmp_ln35 : 1
		and_ln27_2 : 2
		add_ln41 : 5
		sext_ln28 : 6
		mul_ln28 : 7
		select_ln28_2 : 3
		and_ln28_1 : 2
		and_ln28_2 : 2
		add_ln29 : 1
		p_mid : 1
		select_ln29_2 : 4
		add_ln31 : 1
		p_mid2 : 1
		select_ln31_2 : 2
		xor_ln31 : 2
		or_ln31_2 : 2
		and_ln31 : 2
		or_ln35 : 2
		or_ln35_1 : 2
		or_ln35_2 : 2
		select_ln35 : 2
		store_ln36 : 1
	State 4
		mul_ln41 : 1
		zext_ln41_5 : 1
		select_ln29_2_cast : 1
		add_ln41_1 : 2
		zext_ln29_2 : 3
		mul_ln29 : 4
		p_mid183 : 1
		select_ln29_4 : 2
		tmp_2 : 2
		rev34 : 3
		select_ln29_5 : 3
		select_ln31_1_cast : 1
		p_mid142 : 2
		select_ln31_3 : 3
		tmp_6 : 3
		rev37 : 4
		select_ln31_4 : 4
		tmp_cast_mid1 : 1
		p_mid1 : 2
		select_ln35_2 : 4
		sext_ln41_1 : 5
		add_ln41_4 : 6
		tmp_7 : 3
		rev40 : 4
		select_ln35_3 : 5
		sext_ln39 : 1
		add_ln39 : 2
		icmp_ln40 : 3
		and_ln40 : 6
		br_ln40 : 6
		store_ln36 : 1
		store_ln36 : 1
	State 5
		select_ln35_1 : 1
		zext_ln41_9 : 2
		add_ln41_3 : 3
		add_ln41_4_cast : 1
		mul_ln41_5 : 2
		store_ln36 : 2
	State 6
		add_ln41_2 : 1
		add_ln41_3_cast : 1
		mul_ln41_4 : 2
	State 7
		add_ln41_6 : 1
		select_ln31_5 : 1
		select_ln29_6 : 1
		store_ln36 : 2
		store_ln36 : 2
		store_ln36 : 1
	State 8
		add_ln41_5 : 1
		zext_ln41_12 : 1
		input_fm_addr : 2
		input_fm_load : 3
		select_ln35_4 : 1
		store_ln36 : 2
	State 9
		output_fm_addr : 1
		zext_ln41_11 : 1
		weights_addr : 2
		weights_load : 3
		select_ln28_4 : 1
		store_ln36 : 2
	State 10
	State 11
		mul : 1
	State 12
	State 13
	State 14
	State 15
		add : 1
	State 16
	State 17
	State 18
	State 19
	State 20
		store_ln41 : 1


============================================================
+ Verbose Summary: Datapath Resource usage 
============================================================

* Functional unit list:
|----------|---------------------------|---------|---------|---------|
| Operation|      Functional Unit      |   DSP   |    FF   |   LUT   |
|----------|---------------------------|---------|---------|---------|
|   fadd   |         grp_fu_208        |    2    |   205   |   390   |
|----------|---------------------------|---------|---------|---------|
|   fmul   |         grp_fu_212        |    3    |   143   |   321   |
|----------|---------------------------|---------|---------|---------|
|          |     add_ln27_1_fu_289     |    0    |    0    |    34   |
|          |      add_ln27_fu_301      |    0    |    0    |    14   |
|          |      add_ln28_fu_345      |    0    |    0    |    10   |
|          |      add_ln30_fu_379      |    0    |    0    |    15   |
|          |      add_ln34_fu_395      |    0    |    0    |    15   |
|          |         tmp_fu_411        |    0    |    0    |    13   |
|          |        empty_fu_421       |    0    |    0    |    15   |
|          |      add_ln41_fu_512      |    0    |    0    |    13   |
|          |      add_ln29_fu_562      |    0    |    0    |    15   |
|          |      add_ln31_fu_630      |    0    |    0    |    15   |
|    add   |      p_mid183_fu_769      |    0    |    0    |    15   |
|          |      p_mid142_fu_812      |    0    |    0    |    15   |
|          |      tmp_mid1_fu_846      |    0    |    0    |    13   |
|          |       p_mid1_fu_855       |    0    |    0    |    15   |
|          |     add_ln39_1_fu_893     |    0    |    0    |    13   |
|          |      add_ln39_fu_902      |    0    |    0    |    15   |
|          |      add_ln35_fu_930      |    0    |    0    |    13   |
|          |      add_ln36_fu_962      |    0    |    0    |    13   |
|          |     add_ln31_1_fu_967     |    0    |    0    |    14   |
|          |     add_ln29_1_fu_979     |    0    |    0    |    26   |
|          |     add_ln35_1_fu_1013    |    0    |    0    |    15   |
|          |     add_ln28_1_fu_1038    |    0    |    0    |    28   |
|----------|---------------------------|---------|---------|---------|
|          |     select_ln27_fu_313    |    0    |    0    |    2    |
|          |    select_ln28_1_fu_351   |    0    |    0    |    2    |
|          |    select_ln27_1_fu_444   |    0    |    0    |    7    |
|          |     select_ln28_fu_501    |    0    |    0    |    8    |
|          |    select_ln28_2_fu_522   |    0    |    0    |    6    |
|          |     select_ln29_fu_578    |    0    |    0    |    8    |
|          |    select_ln29_2_fu_596   |    0    |    0    |    6    |
|          |    select_ln29_3_fu_604   |    0    |    0    |    6    |
|          |     select_ln31_fu_648    |    0    |    0    |    4    |
|          |    select_ln31_2_fu_666   |    0    |    0    |    6    |
|          |     select_ln35_fu_709    |    0    |    0    |    4    |
|          |    select_ln28_3_fu_743   |    0    |    0    |    9    |
|  select  |    select_ln29_1_fu_757   |    0    |    0    |    8    |
|          |    select_ln29_4_fu_775   |    0    |    0    |    9    |
|          |    select_ln29_5_fu_796   |    0    |    0    |    2    |
|          |    select_ln31_1_fu_803   |    0    |    0    |    8    |
|          |    select_ln31_3_fu_818   |    0    |    0    |    9    |
|          |    select_ln31_4_fu_839   |    0    |    0    |    2    |
|          |    select_ln35_2_fu_861   |    0    |    0    |    9    |
|          |    select_ln35_3_fu_886   |    0    |    0    |    2    |
|          |    select_ln35_1_fu_935   |    0    |    0    |    4    |
|          |    select_ln31_5_fu_972   |    0    |    0    |    13   |
|          |    select_ln29_6_fu_984   |    0    |    0    |    19   |
|          |   select_ln35_4_fu_1018   |    0    |    0    |    8    |
|          |   select_ln28_4_fu_1043   |    0    |    0    |    21   |
|----------|---------------------------|---------|---------|---------|
|          |      icmp_ln27_fu_283     |    0    |    0    |    16   |
|          |      icmp_ln28_fu_307     |    0    |    0    |    14   |
|          |      icmp_ln31_fu_327     |    0    |    0    |    12   |
|   icmp   |      icmp_ln29_fu_333     |    0    |    0    |    13   |
|          |      icmp_ln36_fu_475     |    0    |    0    |    9    |
|          |      icmp_ln35_fu_486     |    0    |    0    |    11   |
|          |      icmp_ln40_fu_908     |    0    |    0    |    11   |
|----------|---------------------------|---------|---------|---------|
|    mul   |      mul_ln41_fu_733      |    0    |    0    |    33   |
|----------|---------------------------|---------|---------|---------|
|          |     and_ln27_4_fu_339     |    0    |    0    |    2    |
|          |     and_ln27_1_fu_481     |    0    |    0    |    2    |
|          |     and_ln27_2_fu_492     |    0    |    0    |    2    |
|          |     and_ln28_1_fu_540     |    0    |    0    |    2    |
|          |     and_ln28_2_fu_546     |    0    |    0    |    2    |
|          |     and_ln27_3_fu_552     |    0    |    0    |    2    |
|    and   |     and_ln28_3_fu_556     |    0    |    0    |    2    |
|          |      and_ln29_fu_618      |    0    |    0    |    2    |
|          |     and_ln29_1_fu_624     |    0    |    0    |    2    |
|          |      and_ln31_fu_686      |    0    |    0    |    2    |
|          |      and_ln27_fu_739      |    0    |    0    |    2    |
|          |      and_ln28_fu_749      |    0    |    0    |    2    |
|          |      and_ln40_fu_914      |    0    |    0    |    2    |
|----------|---------------------------|---------|---------|---------|
|          |       or_ln28_fu_497      |    0    |    0    |    2    |
|          |      or_ln28_1_fu_535     |    0    |    0    |    2    |
|          |       or_ln29_fu_568      |    0    |    0    |    2    |
|          |      or_ln29_1_fu_573     |    0    |    0    |    2    |
|    or    |       or_ln31_fu_636      |    0    |    0    |    2    |
|          |      or_ln31_1_fu_642     |    0    |    0    |    2    |
|          |      or_ln31_2_fu_680     |    0    |    0    |    2    |
|          |       or_ln35_fu_692      |    0    |    0    |    2    |
|          |      or_ln35_1_fu_698     |    0    |    0    |    2    |
|          |      or_ln35_2_fu_704     |    0    |    0    |    2    |
|----------|---------------------------|---------|---------|---------|
|          |      xor_ln27_fu_321      |    0    |    0    |    2    |
|          |         rev_fu_435        |    0    |    0    |    2    |
|          |      xor_ln28_fu_530      |    0    |    0    |    2    |
|    xor   |      xor_ln29_fu_612      |    0    |    0    |    2    |
|          |      xor_ln31_fu_674      |    0    |    0    |    2    |
|          |        rev34_fu_790       |    0    |    0    |    2    |
|          |        rev37_fu_833       |    0    |    0    |    2    |
|          |        rev40_fu_880       |    0    |    0    |    2    |
|----------|---------------------------|---------|---------|---------|
|    sub   |      sub_ln41_fu_465      |    0    |    0    |    14   |
|----------|---------------------------|---------|---------|---------|
|          |        grp_fu_1071        |    1    |    0    |    0    |
|  muladd  |        grp_fu_1080        |    1    |    0    |    0    |
|          |        grp_fu_1099        |    1    |    0    |    0    |
|          |        grp_fu_1108        |    1    |    0    |    0    |
|----------|---------------------------|---------|---------|---------|
| addmuladd|        grp_fu_1089        |    1    |    0    |    0    |
|----------|---------------------------|---------|---------|---------|
|          |     zext_ln41_4_fu_359    |    0    |    0    |    0    |
|          |      zext_ln29_fu_375     |    0    |    0    |    0    |
|          |     zext_ln41_1_fu_449    |    0    |    0    |    0    |
|          |     zext_ln41_2_fu_461    |    0    |    0    |    0    |
|          |     zext_ln41_3_fu_509    |    0    |    0    |    0    |
|          |      zext_ln41_fu_730     |    0    |    0    |    0    |
|          |     zext_ln29_1_fu_754    |    0    |    0    |    0    |
|   zext   | select_ln29_2_cast_fu_762 |    0    |    0    |    0    |
|          |     zext_ln41_6_fu_766    |    0    |    0    |    0    |
|          | select_ln31_1_cast_fu_808 |    0    |    0    |    0    |
|          |     zext_ln41_9_fu_941    |    0    |    0    |    0    |
|          |     zext_ln41_7_fu_953    |    0    |    0    |    0    |
|          |    zext_ln41_10_fu_1006   |    0    |    0    |    0    |
|          |    zext_ln41_12_fu_1009   |    0    |    0    |    0    |
|          |    zext_ln41_8_fu_1030    |    0    |    0    |    0    |
|          |    zext_ln41_11_fu_1034   |    0    |    0    |    0    |
|----------|---------------------------|---------|---------|---------|
|          |        tmp_3_fu_385       |    0    |    0    |    0    |
|partselect|        tmp_4_fu_401       |    0    |    0    |    0    |
|          |        p_mid_fu_586       |    0    |    0    |    0    |
|          |       p_mid2_fu_656       |    0    |    0    |    0    |
|----------|---------------------------|---------|---------|---------|
|          |      tmp_cast_fu_417      |    0    |    0    |    0    |
|          |      sext_ln41_fu_471     |    0    |    0    |    0    |
|          |      sext_ln28_fu_518     |    0    |    0    |    0    |
|          |    tmp_cast_mid1_fu_851   |    0    |    0    |    0    |
|   sext   |     sext_ln41_1_fu_868    |    0    |    0    |    0    |
|          |      sext_ln39_fu_898     |    0    |    0    |    0    |
|          |   add_ln41_4_cast_fu_945  |    0    |    0    |    0    |
|          |   add_ln41_3_cast_fu_956  |    0    |    0    |    0    |
|          |     sext_ln41_2_fu_959    |    0    |    0    |    0    |
|----------|---------------------------|---------|---------|---------|
|          |        tmp_1_fu_427       |    0    |    0    |    0    |
| bitselect|        tmp_2_fu_782       |    0    |    0    |    0    |
|          |        tmp_6_fu_825       |    0    |    0    |    0    |
|          |        tmp_7_fu_872       |    0    |    0    |    0    |
|----------|---------------------------|---------|---------|---------|
|bitconcatenate|        tmp_5_fu_453       |    0    |    0    |    0    |
|----------|---------------------------|---------|---------|---------|
|   Total  |                           |    10   |   348   |   1442  |
|----------|---------------------------|---------|---------|---------|

Memories:
N/A

* Register list:
+-------------------------------+--------+
|                               |   FF   |
+-------------------------------+--------+
|           a_reg_1138          |    8   |
|      add_ln27_1_reg_1213      |   27   |
|       add_ln27_reg_1223       |    7   |
|       add_ln29_reg_1321       |    8   |
|       add_ln31_reg_1349       |    8   |
|       add_ln39_reg_1390       |    9   |
|      add_ln41_2_reg_1419      |   18   |
|    add_ln41_3_cast_reg_1414   |   15   |
|    add_ln41_4_cast_reg_1404   |   18   |
|          add_reg_1484         |   32   |
|      and_ln27_4_reg_1256      |    1   |
|      and_ln28_3_reg_1314      |    1   |
|      and_ln29_1_reg_1342      |    1   |
|       and_ln31_reg_1371       |    1   |
|       and_ln40_reg_1395       |    1   |
|    bitcast_ln41_1_reg_1464    |   32   |
|    bitcast_ln41_2_reg_1479    |   32   |
|     bitcast_ln41_reg_1459     |   32   |
|         empty_reg_1278        |    9   |
|        f_load_reg_1218        |    7   |
|           f_reg_1180          |    7   |
|           i_reg_1152          |    8   |
|       icmp_ln27_reg_1209      |    1   |
|       icmp_ln28_reg_1228      |    1   |
|       icmp_ln29_reg_1251      |    1   |
|       icmp_ln31_reg_1246      |    1   |
|indvar_flatten153_load_reg_1204|   21   |
|   indvar_flatten153_reg_1173  |   21   |
| indvar_flatten21_load_reg_1273|    8   |
|   indvar_flatten21_reg_1131   |    8   |
|   indvar_flatten221_reg_1187  |   27   |
| indvar_flatten50_load_reg_1194|   13   |
|   indvar_flatten50_reg_1145   |   13   |
| indvar_flatten95_load_reg_1199|   19   |
|   indvar_flatten95_reg_1159   |   19   |
|     input_fm_addr_reg_1434    |   18   |
|     input_fm_load_reg_1449    |   32   |
|           j_reg_1124          |    4   |
|           k_reg_1117          |    4   |
|           m_reg_1166          |    2   |
|          mul_reg_1469         |   32   |
|       or_ln28_1_reg_1309      |    1   |
|        or_ln28_reg_1293       |    1   |
|       or_ln29_1_reg_1327      |    1   |
|       or_ln31_1_reg_1354      |    1   |
|    output_fm_addr_reg_1439    |   18   |
|    output_fm_load_reg_1474    |   32   |
|          rev_reg_1283         |    1   |
|     select_ln27_1_reg_1288    |    7   |
|     select_ln28_1_reg_1262    |    2   |
|      select_ln28_reg_1299     |    8   |
|     select_ln29_2_reg_1337    |    6   |
|      select_ln29_reg_1332     |    8   |
|     select_ln31_2_reg_1366    |    6   |
|      select_ln31_reg_1359     |    4   |
|      select_ln35_reg_1378     |    4   |
|       sext_ln28_reg_1304      |   14   |
|      sext_ln41_1_reg_1385     |   11   |
|      sext_ln41_2_reg_1424     |   18   |
|     weights_addr_reg_1444     |   15   |
|     weights_load_reg_1454     |   32   |
|       xor_ln27_reg_1238       |    1   |
|     zext_ln41_10_reg_1429     |   15   |
|      zext_ln41_4_reg_1268     |   10   |
|      zext_ln41_7_reg_1409     |   18   |
|      zext_ln41_9_reg_1399     |   14   |
+-------------------------------+--------+
|             Total             |   775  |
+-------------------------------+--------+

* Multiplexer (MUX) list: 
|-------------------|------|------|------|--------||---------||---------|
|        Comp       |  Pin | Size |  BW  | S x BW ||  Delay  ||   LUT   |
|-------------------|------|------|------|--------||---------||---------|
| grp_access_fu_177 |  p0  |   2  |  18  |   36   ||    9    |
| grp_access_fu_197 |  p0  |   2  |  15  |   30   ||    9    |
|     grp_fu_208    |  p0  |   2  |  32  |   64   ||    9    |
|     grp_fu_212    |  p0  |   2  |  32  |   64   ||    9    |
|     grp_fu_212    |  p1  |   2  |  32  |   64   ||    9    |
|    grp_fu_1071    |  p0  |   2  |   2  |    4   ||    9    |
|    grp_fu_1071    |  p1  |   2  |   8  |   16   ||    9    |
|    grp_fu_1080    |  p0  |   2  |  11  |   22   ||    9    |
|    grp_fu_1080    |  p1  |   2  |   4  |    8   ||    9    |
|    grp_fu_1089    |  p1  |   2  |   6  |   12   ||    9    |
|    grp_fu_1099    |  p0  |   2  |  11  |   22   ||    9    |
|    grp_fu_1099    |  p1  |   2  |   8  |   16   ||    9    |
|    grp_fu_1108    |  p0  |   2  |  14  |   28   ||    9    |
|    grp_fu_1108    |  p1  |   2  |   4  |    8   ||    9    |
|-------------------|------|------|------|--------||---------||---------|
|       Total       |      |      |      |   394  ||  22.232 ||   126   |
|-------------------|------|------|------|--------||---------||---------|



* Summary:
+-----------+--------+--------+--------+--------+
|           |   DSP  |  Delay |   FF   |   LUT  |
+-----------+--------+--------+--------+--------+
|  Function |   10   |    -   |   348  |  1442  |
|   Memory  |    -   |    -   |    -   |    -   |
|Multiplexer|    -   |   22   |    -   |   126  |
|  Register |    -   |    -   |   775  |    -   |
+-----------+--------+--------+--------+--------+
|   Total   |   10   |   22   |  1123  |  1568  |
+-----------+--------+--------+--------+--------+
