

================================================================
== Vitis HLS Report for 'conv_Pipeline_VITIS_LOOP_48_8'
================================================================
* Date:           Wed Oct  7 01:14:40 2026

* Version:        2022.2 (Build 3670227 on Oct 13 2022)
* Project:        vitis.prj
* Solution:       solution1 (Vivado IP Flow Target)
* Product family: zynq
* Target device:  xc7z020-clg400-1


================================================================
== Performance Estimates
================================================================
+ Timing: 
    * Summary: 
    +--------+----------+----------+------------+
    |  Clock |  Target  | Estimated| Uncertainty|
    +--------+----------+----------+------------+
    |ap_clk  |  10.00 ns|  8.280 ns|     2.70 ns|
    +--------+----------+----------+------------+

+ Latency: 
    * Summary: 
    +---------+---------+----------+----------+-----+-----+---------+
    |  Latency (cycles) |  Latency (absolute) |  Interval | Pipeline|
    |   min   |   max   |    min   |    max   | min | max |   Type  |
    +---------+---------+----------+----------+-----+-----+---------+
    |      617|      617|  6.170 us|  6.170 us|  617|  617|       no|
    +---------+---------+----------+----------+-----+-----+---------+

    + Detail: 
        * Instance: 
        N/A

        * Loop: 
        +-------------------+---------+---------+----------+-----------+-----------+------+----------+
        |                   |  Latency (cycles) | Iteration|  Initiation Interval  | Trip |          |
        |     Loop Name     |   min   |   max   |  Latency |  achieved |   target  | Count| Pipelined|
        +-------------------+---------+---------+----------+-----------+-----------+------+----------+
        |- VITIS_LOOP_48_8  |      615|      615|        66|         55|          1|    11|       yes|
        +-------------------+---------+---------+----------+-----------+-----------+------+----------+



================================================================
== Utilization Estimates
================================================================
* Summary: 
+-----------------+---------+-----+--------+-------+-----+
|       Name      | BRAM_18K| DSP |   FF   |  LUT  | URAM|
+-----------------+---------+-----+--------+-------+-----+
|DSP              |        -|    1|       -|      -|    -|
|Expression       |        -|    -|       0|    260|    -|
|FIFO             |        -|    -|       -|      -|    -|
|Instance         |        -|    5|     348|   1360|    -|
|Memory           |        -|    -|       -|      -|    -|
|Multiplexer      |        -|    -|       -|   1258|    -|
|Register         |        -|    -|    1333|      -|    -|
+-----------------+---------+-----+--------+-------+-----+
|Total            |        0|    6|    1681|   2878|    0|
+-----------------+---------+-----+--------+-------+-----+
|Available        |      280|  220|  106400|  53200|    0|
+-----------------+---------+-----+--------+-------+-----+
|Utilization (%)  |        0|    2|       1|      5|    0|
+-----------------+---------+-----+--------+-------+-----+

+ Detail: 
    * Instance: 
    +-----------------------------------+--------------------------------+---------+----+-----+-----+-----+
    |              Instance             |             Module             | BRAM_18K| DSP|  FF | LUT | URAM|
    +-----------------------------------+--------------------------------+---------+----+-----+-----+-----+
    |fadd_32ns_32ns_32_5_full_dsp_1_U7  |fadd_32ns_32ns_32_5_full_dsp_1  |        0|   2|  205|  390|    0|
    |fmul_32ns_32ns_32_4_max_dsp_1_U8   |fmul_32ns_32ns_32_4_max_dsp_1   |        0|   3|  143|  321|    0|
    |mux_114_32_1_1_U9                  |mux_114_32_1_1                  |        0|   0|    0|   59|    0|
    |mux_114_32_1_1_U10                 |mux_114_32_1_1                  |        0|   0|    0|   59|    0|
    |mux_114_32_1_1_U11                 |mux_114_32_1_1                  |        0|   0|    0|   59|    0|
    |mux_114_32_1_1_U12                 |mux_114_32_1_1                  |        0|   0|    0|   59|    0|
    |mux_114_32_1_1_U13                 |mux_114_32_1_1                  |        0|   0|    0|   59|    0|
    |mux_114_32_1_1_U14                 |mux_114_32_1_1                  |        0|   0|    0|   59|    0|
    |mux_114_32_1_1_U15                 |mux_114_32_1_1                  |        0|   0|    0|   59|    0|
    |mux_114_32_1_1_U16                 |mux_114_32_1_1                  |        0|   0|    0|   59|    0|
    |mux_114_32_1_1_U17                 |mux_114_32_1_1                  |        0|   0|    0|   59|    0|
    |mux_114_32_1_1_U18                 |mux_114_32_1_1                  |        0|   0|    0|   59|    0|
    |mux_114_32_1_1_U19                 |mux_114_32_1_1                  |        0|   0|    0|   59|    0|
    +-----------------------------------+--------------------------------+---------+----+-----+-----+-----+
    |Total                              |                                |        0|   5|  348| 1360|    0|
    +-----------------------------------+--------------------------------+---------+----+-----+-----+-----+

    * DSP: 
    +-----------------------------+-------------------------+-----------+
    |           Instance          |          Module         | Expression|
    +-----------------------------+-------------------------+-----------+
    |mul_mul_10ns_5ns_14_4_1_U20  |mul_mul_10ns_5ns_14_4_1  |    i0 * i1|
    +-----------------------------+-------------------------+-----------+

    * Memory: 
    N/A

    * FIFO: 
    N/A

    * Expression: 
    +------------------------+----------+----+---+----+------------+------------+
    |      Variable Name     | Operation| DSP| FF| LUT| Bitwidth P0| Bitwidth P1|
    +------------------------+----------+----+---+----+------------+------------+
    |add_ln48_fu_1631_p2     |         +|   0|  0|  13|           4|           1|
    |add_ln52_11_fu_1960_p2  |         +|   0|  0|  17|          14|          14|
    |add_ln52_12_fu_1964_p2  |         +|   0|  0|  17|          14|          14|
    |add_ln52_1_fu_1692_p2   |         +|   0|  0|  17|          14|          14|
    |add_ln52_2_fu_1711_p2   |         +|   0|  0|  17|          14|          14|
    |add_ln52_3_fu_1730_p2   |         +|   0|  0|  17|          14|          14|
    |add_ln52_4_fu_1749_p2   |         +|   0|  0|  17|          14|          14|
    |add_ln52_5_fu_1910_p2   |         +|   0|  0|  17|          14|          14|
    |add_ln52_6_fu_1929_p2   |         +|   0|  0|  17|          14|          14|
    |add_ln52_7_fu_1948_p2   |         +|   0|  0|  17|          14|          14|
    |add_ln52_8_fu_1952_p2   |         +|   0|  0|  17|          14|          14|
    |add_ln52_9_fu_1956_p2   |         +|   0|  0|  17|          14|          14|
    |add_ln52_fu_1676_p2     |         +|   0|  0|  13|          10|          10|
    |empty_16_fu_1641_p2     |         +|   0|  0|  12|          12|          12|
    |empty_17_fu_1666_p2     |         +|   0|  0|  15|           8|           8|
    |icmp_ln48_fu_1625_p2    |      icmp|   0|  0|   9|           4|           4|
    |ifzero_fu_1686_p2       |      icmp|   0|  0|   9|           4|           4|
    |ap_enable_pp0           |       xor|   0|  0|   2|           1|           2|
    +------------------------+----------+----+---+----+------------+------------+
    |Total                   |          |   0|  0| 260|         197|         195|
    +------------------------+----------+----+---+----+------------+------------+

    * Multiplexer: 
    +-------------------------------------+-----+-----------+-----+-----------+
    |                 Name                | LUT | Input Size| Bits| Total Bits|
    +-------------------------------------+-----+-----------+-----+-----------+
    |add62_lcssa27_fu_148                 |    9|          2|   32|         64|
    |ap_NS_fsm                            |  241|         56|    1|         56|
    |ap_done_int                          |    9|          2|    1|          2|
    |ap_enable_reg_pp0_iter0              |    9|          2|    1|          2|
    |ap_enable_reg_pp0_iter0_reg          |    9|          2|    1|          2|
    |ap_enable_reg_pp0_iter1              |    9|          2|    1|          2|
    |ap_sig_allocacmp_add62_lcssa27_load  |    9|          2|   32|         64|
    |ap_sig_allocacmp_j_1                 |    9|          2|    4|          8|
    |grp_fu_1540_p0                       |   14|          3|   32|         96|
    |grp_fu_1540_p1                       |   53|         10|   32|        320|
    |grp_fu_1544_p0                       |   65|         12|   32|        384|
    |grp_fu_1544_p1                       |   65|         12|   32|        384|
    |input_fm_0_address0                  |   37|          7|   14|         98|
    |input_fm_0_address1                  |   31|          6|   14|         84|
    |input_fm_10_address0                 |   37|          7|   14|         98|
    |input_fm_10_address1                 |   31|          6|   14|         84|
    |input_fm_1_address0                  |   37|          7|   14|         98|
    |input_fm_1_address1                  |   31|          6|   14|         84|
    |input_fm_2_address0                  |   37|          7|   14|         98|
    |input_fm_2_address1                  |   31|          6|   14|         84|
    |input_fm_3_address0                  |   37|          7|   14|         98|
    |input_fm_3_address1                  |   31|          6|   14|         84|
    |input_fm_4_address0                  |   37|          7|   14|         98|
    |input_fm_4_address1                  |   31|          6|   14|         84|
    |input_fm_5_address0                  |   37|          7|   14|         98|
    |input_fm_5_address1                  |   31|          6|   14|         84|
    |input_fm_6_address0                  |   37|          7|   14|         98|
    |input_fm_6_address1                  |   31|          6|   14|         84|
    |input_fm_7_address0                  |   37|          7|   14|         98|
    |input_fm_7_address1                  |   31|          6|   14|         84|
    |input_fm_8_address0                  |   37|          7|   14|         98|
    |input_fm_8_address1                  |   31|          6|   14|         84|
    |input_fm_9_address0                  |   37|          7|   14|         98|
    |input_fm_9_address1                  |   31|          6|   14|         84|
    |j_fu_152                             |    9|          2|    4|          8|
    +-------------------------------------+-----+-----------+-----+-----------+
    |Total                                | 1258|        252|  513|       3394|
    +-------------------------------------+-----+-----------+-----+-----------+

    * Register: 
    +---------------------------------------+----+----+-----+-----------+
    |                  Name                 | FF | LUT| Bits| Const Bits|
    +---------------------------------------+----+----+-----+-----------+
    |add62_lcssa27_fu_148                   |  32|   0|   32|          0|
    |add_ln48_reg_2878                      |   4|   0|    4|          0|
    |add_ln52_11_reg_3272                   |  14|   0|   14|          0|
    |add_ln52_12_reg_3277                   |  14|   0|   14|          0|
    |add_ln52_7_reg_3257                    |  14|   0|   14|          0|
    |add_ln52_8_reg_3262                    |  14|   0|   14|          0|
    |add_ln52_9_reg_3267                    |  14|   0|   14|          0|
    |ap_CS_fsm                              |  55|   0|   55|          0|
    |ap_done_reg                            |   1|   0|    1|          0|
    |ap_enable_reg_pp0_iter0_reg            |   1|   0|    1|          0|
    |ap_enable_reg_pp0_iter1                |   1|   0|    1|          0|
    |icmp_ln48_reg_2874                     |   1|   0|    1|          0|
    |ifzero_reg_2943                        |   1|   0|    1|          0|
    |ifzero_reg_2943_pp0_iter1_reg          |   1|   0|    1|          0|
    |j_fu_152                               |   4|   0|    4|          0|
    |mul_2_reg_3737                         |  32|   0|   32|          0|
    |mul_3_reg_3747                         |  32|   0|   32|          0|
    |mul_4_reg_3757                         |  32|   0|   32|          0|
    |mul_6_reg_3772                         |  32|   0|   32|          0|
    |mul_7_reg_3782                         |  32|   0|   32|          0|
    |mul_8_reg_3787                         |  32|   0|   32|          0|
    |mul_9_reg_3792                         |  32|   0|   32|          0|
    |mul_ln52_reg_3002                      |  14|   0|   14|          0|
    |output_fm_addr_reg_2869                |  18|   0|   18|          0|
    |output_fm_addr_reg_2869_pp0_iter1_reg  |  18|   0|   18|          0|
    |reg_1548                               |  32|   0|   32|          0|
    |reg_1553                               |  32|   0|   32|          0|
    |reg_1558                               |  32|   0|   32|          0|
    |tmp_1_1_reg_3242                       |  32|   0|   32|          0|
    |tmp_1_2_reg_3387                       |  32|   0|   32|          0|
    |tmp_1_3_reg_3392                       |  32|   0|   32|          0|
    |tmp_1_4_reg_3512                       |  32|   0|   32|          0|
    |tmp_1_5_reg_3517                       |  32|   0|   32|          0|
    |tmp_1_6_reg_3637                       |  32|   0|   32|          0|
    |tmp_1_7_reg_3642                       |  32|   0|   32|          0|
    |tmp_1_8_reg_3707                       |  32|   0|   32|          0|
    |tmp_1_9_reg_3712                       |  32|   0|   32|          0|
    |tmp_1_reg_3237                         |  32|   0|   32|          0|
    |tmp_1_s_reg_3727                       |  32|   0|   32|          0|
    |weights_0_load_reg_2947                |  32|   0|   32|          0|
    |weights_10_load_reg_2997               |  32|   0|   32|          0|
    |weights_1_load_reg_2952                |  32|   0|   32|          0|
    |weights_2_load_reg_2957                |  32|   0|   32|          0|
    |weights_3_load_reg_2962                |  32|   0|   32|          0|
    |weights_4_load_reg_2967                |  32|   0|   32|          0|
    |weights_5_load_reg_2972                |  32|   0|   32|          0|
    |weights_6_load_reg_2977                |  32|   0|   32|          0|
    |weights_7_load_reg_2982                |  32|   0|   32|          0|
    |weights_8_load_reg_2987                |  32|   0|   32|          0|
    |weights_9_load_reg_2992                |  32|   0|   32|          0|
    |zext_ln52_10_cast_reg_2819             |   8|   0|   14|          6|
    |zext_ln52_11_cast_reg_2814             |   8|   0|   14|          6|
    |zext_ln52_1_cast_reg_2864              |   8|   0|   14|          6|
    |zext_ln52_2_cast_reg_2859              |   8|   0|   14|          6|
    |zext_ln52_3_cast_reg_2854              |   8|   0|   14|          6|
    |zext_ln52_4_cast_reg_2849              |   8|   0|   14|          6|
    |zext_ln52_5_cast_reg_2844              |   8|   0|   14|          6|
    |zext_ln52_6_cast_reg_2839              |   8|   0|   14|          6|
    |zext_ln52_7_cast_reg_2834              |   8|   0|   14|          6|
    |zext_ln52_8_cast_reg_2829              |   8|   0|   14|          6|
    |zext_ln52_9_cast_reg_2824              |   8|   0|   14|          6|
    +---------------------------------------+----+----+-----+-----------+
    |Total                                  |1333|   0| 1399|         66|
    +---------------------------------------+----+----+-----+-----------+



================================================================
== Interface
================================================================
* Summary: 
+----------------------+-----+-----+------------+-------------------------------+--------------+
|       RTL Ports      | Dir | Bits|  Protocol  |         Source Object         |    C Type    |
+----------------------+-----+-----+------------+-------------------------------+--------------+
|ap_clk                |   in|    1|  ap_ctrl_hs|  conv_Pipeline_VITIS_LOOP_48_8|  return value|
|ap_rst                |   in|    1|  ap_ctrl_hs|  conv_Pipeline_VITIS_LOOP_48_8|  return value|
|ap_start              |   in|    1|  ap_ctrl_hs|  conv_Pipeline_VITIS_LOOP_48_8|  return value|
|ap_done               |  out|    1|  ap_ctrl_hs|  conv_Pipeline_VITIS_LOOP_48_8|  return value|
|ap_idle               |  out|    1|  ap_ctrl_hs|  conv_Pipeline_VITIS_LOOP_48_8|  return value|
|ap_ready              |  out|    1|  ap_ctrl_hs|  conv_Pipeline_VITIS_LOOP_48_8|  return value|
|bitcast_ln52          |   in|   32|     ap_none|                   bitcast_ln52|        scalar|
|output_fm_address0    |  out|   18|   ap_memory|                      output_fm|         array|
|output_fm_ce0         |  out|    1|   ap_memory|                      output_fm|         array|
|output_fm_we0         |  out|    1|   ap_memory|                      output_fm|         array|
|output_fm_d0          |  out|   32|   ap_memory|                      output_fm|         array|
|add_ln52_10           |   in|   18|     ap_none|                    add_ln52_10|        scalar|
|empty                 |   in|   12|     ap_none|                          empty|        scalar|
|weights_0_address0    |  out|   12|   ap_memory|                      weights_0|         array|
|weights_0_ce0         |  out|    1|   ap_memory|                      weights_0|         array|
|weights_0_q0          |   in|   32|   ap_memory|                      weights_0|         array|
|weights_1_address0    |  out|   12|   ap_memory|                      weights_1|         array|
|weights_1_ce0         |  out|    1|   ap_memory|                      weights_1|         array|
|weights_1_q0          |   in|   32|   ap_memory|                      weights_1|         array|
|weights_2_address0    |  out|   12|   ap_memory|                      weights_2|         array|
|weights_2_ce0         |  out|    1|   ap_memory|                      weights_2|         array|
|weights_2_q0          |   in|   32|   ap_memory|                      weights_2|         array|
|weights_3_address0    |  out|   12|   ap_memory|                      weights_3|         array|
|weights_3_ce0         |  out|    1|   ap_memory|                      weights_3|         array|
|weights_3_q0          |   in|   32|   ap_memory|                      weights_3|         array|
|weights_4_address0    |  out|   12|   ap_memory|                      weights_4|         array|
|weights_4_ce0         |  out|    1|   ap_memory|                      weights_4|         array|
|weights_4_q0          |   in|   32|   ap_memory|                      weights_4|         array|
|weights_5_address0    |  out|   12|   ap_memory|                      weights_5|         array|
|weights_5_ce0         |  out|    1|   ap_memory|                      weights_5|         array|
|weights_5_q0          |   in|   32|   ap_memory|                      weights_5|         array|
|weights_6_address0    |  out|   12|   ap_memory|                      weights_6|         array|
|weights_6_ce0         |  out|    1|   ap_memory|                      weights_6|         array|
|weights_6_q0          |   in|   32|   ap_memory|                      weights_6|         array|
|weights_7_address0    |  out|   12|   ap_memory|                      weights_7|         array|
|weights_7_ce0         |  out|    1|   ap_memory|                      weights_7|         array|
|weights_7_q0          |   in|   32|   ap_memory|                      weights_7|         array|
|weights_8_address0    |  out|   12|   ap_memory|                      weights_8|         array|
|weights_8_ce0         |  out|    1|   ap_memory|                      weights_8|         array|
|weights_8_q0          |   in|   32|   ap_memory|                      weights_8|         array|
|weights_9_address0    |  out|   12|   ap_memory|                      weights_9|         array|
|weights_9_ce0         |  out|    1|   ap_memory|                      weights_9|         array|
|weights_9_q0          |   in|   32|   ap_memory|                      weights_9|         array|
|weights_10_address0   |  out|   12|   ap_memory|                     weights_10|         array|
|weights_10_ce0        |  out|    1|   ap_memory|                     weights_10|         array|
|weights_10_q0         |   in|   32|   ap_memory|                     weights_10|         array|
|select_ln39_1         |   in|    8|     ap_none|                  select_ln39_1|        scalar|
|mul_ln52_1            |   in|   10|     ap_none|                     mul_ln52_1|        scalar|
|zext_ln52_1           |   in|    8|     ap_none|                    zext_ln52_1|        scalar|
|input_fm_0_address0   |  out|   14|   ap_memory|                     input_fm_0|         array|
|input_fm_0_ce0        |  out|    1|   ap_memory|                     input_fm_0|         array|
|input_fm_0_q0         |   in|   32|   ap_memory|                     input_fm_0|         array|
|input_fm_0_address1   |  out|   14|   ap_memory|                     input_fm_0|         array|
|input_fm_0_ce1        |  out|    1|   ap_memory|                     input_fm_0|         array|
|input_fm_0_q1         |   in|   32|   ap_memory|                     input_fm_0|         array|
|zext_ln52_2           |   in|    8|     ap_none|                    zext_ln52_2|        scalar|
|zext_ln52_3           |   in|    8|     ap_none|                    zext_ln52_3|        scalar|
|zext_ln52_4           |   in|    8|     ap_none|                    zext_ln52_4|        scalar|
|zext_ln52_5           |   in|    8|     ap_none|                    zext_ln52_5|        scalar|
|zext_ln52_6           |   in|    8|     ap_none|                    zext_ln52_6|        scalar|
|zext_ln52_7           |   in|    8|     ap_none|                    zext_ln52_7|        scalar|
|zext_ln52_8           |   in|    8|     ap_none|                    zext_ln52_8|        scalar|
|zext_ln52_9           |   in|    8|     ap_none|                    zext_ln52_9|        scalar|
|zext_ln52_10          |   in|    8|     ap_none|                   zext_ln52_10|        scalar|
|zext_ln52_11          |   in|    8|     ap_none|                   zext_ln52_11|        scalar|
|input_fm_1_address0   |  out|   14|   ap_memory|                     input_fm_1|         array|
|input_fm_1_ce0        |  out|    1|   ap_memory|                     input_fm_1|         array|
|input_fm_1_q0         |   in|   32|   ap_memory|                     input_fm_1|         array|
|input_fm_1_address1   |  out|   14|   ap_memory|                     input_fm_1|         array|
|input_fm_1_ce1        |  out|    1|   ap_memory|                     input_fm_1|         array|
|input_fm_1_q1         |   in|   32|   ap_memory|                     input_fm_1|         array|
|input_fm_2_address0   |  out|   14|   ap_memory|                     input_fm_2|         array|
|input_fm_2_ce0        |  out|    1|   ap_memory|                     input_fm_2|         array|
|input_fm_2_q0         |   in|   32|   ap_memory|                     input_fm_2|         array|
|input_fm_2_address1   |  out|   14|   ap_memory|                     input_fm_2|         array|
|input_fm_2_ce1        |  out|    1|   ap_memory|                     input_fm_2|         array|
|input_fm_2_q1         |   in|   32|   ap_memory|                     input_fm_2|         array|
|input_fm_3_address0   |  out|   14|   ap_memory|                     input_fm_3|         array|
|input_fm_3_ce0        |  out|    1|   ap_memory|                     input_fm_3|         array|
|input_fm_3_q0         |   in|   32|   ap_memory|                     input_fm_3|         array|
|input_fm_3_address1   |  out|   14|   ap_memory|                     input_fm_3|         array|
|input_fm_3_ce1        |  out|    1|   ap_memory|                     input_fm_3|         array|
|input_fm_3_q1         |   in|   32|   ap_memory|                     input_fm_3|         array|
|input_fm_4_address0   |  out|   14|   ap_memory|                     input_fm_4|         array|
|input_fm_4_ce0        |  out|    1|   ap_memory|                     input_fm_4|         array|
|input_fm_4_q0         |   in|   32|   ap_memory|                     input_fm_4|         array|
|input_fm_4_address1   |  out|   14|   ap_memory|                     input_fm_4|         array|
|input_fm_4_ce1        |  out|    1|   ap_memory|                     input_fm_4|         array|
|input_fm_4_q1         |   in|   32|   ap_memory|                     input_fm_4|         array|
|input_fm_5_address0   |  out|   14|   ap_memory|                     input_fm_5|         array|
|input_fm_5_ce0        |  out|    1|   ap_memory|                     input_fm_5|         array|
|input_fm_5_q0         |   in|   32|   ap_memory|                     input_fm_5|         array|
|input_fm_5_address1   |  out|   14|   ap_memory|                     input_fm_5|         array|
|input_fm_5_ce1        |  out|    1|   ap_memory|                     input_fm_5|         array|
|input_fm_5_q1         |   in|   32|   ap_memory|                     input_fm_5|         array|
|input_fm_6_address0   |  out|   14|   ap_memory|                     input_fm_6|         array|
|input_fm_6_ce0        |  out|    1|   ap_memory|                     input_fm_6|         array|
|input_fm_6_q0         |   in|   32|   ap_memory|                     input_fm_6|         array|
|input_fm_6_address1   |  out|   14|   ap_memory|                     input_fm_6|         array|
|input_fm_6_ce1        |  out|    1|   ap_memory|                     input_fm_6|         array|
|input_fm_6_q1         |   in|   32|   ap_memory|                     input_fm_6|         array|
|input_fm_7_address0   |  out|   14|   ap_memory|                     input_fm_7|         array|
|input_fm_7_ce0        |  out|    1|   ap_memory|                     input_fm_7|         array|
|input_fm_7_q0         |   in|   32|   ap_memory|                     input_fm_7|         array|
|input_fm_7_address1   |  out|   14|   ap_memory|                     input_fm_7|         array|
|input_fm_7_ce1        |  out|    1|   ap_memory|                     input_fm_7|         array|
|input_fm_7_q1         |   in|   32|   ap_memory|                     input_fm_7|         array|
|input_fm_8_address0   |  out|   14|   ap_memory|                     input_fm_8|         array|
|input_fm_8_ce0        |  out|    1|   ap_memory|                     input_fm_8|         array|
|input_fm_8_q0         |   in|   32|   ap_memory|                     input_fm_8|         array|
|input_fm_8_address1   |  out|   14|   ap_memory|                     input_fm_8|         array|
|input_fm_8_ce1        |  out|    1|   ap_memory|                     input_fm_8|         array|
|input_fm_8_q1         |   in|   32|   ap_memory|                     input_fm_8|         array|
|input_fm_9_address0   |  out|   14|   ap_memory|                     input_fm_9|         array|
|input_fm_9_ce0        |  out|    1|   ap_memory|                     input_fm_9|         array|
|input_fm_9_q0         |   in|   32|   ap_memory|                     input_fm_9|         array|
|input_fm_9_address1   |  out|   14|   ap_memory|                     input_fm_9|         array|
|input_fm_9_ce1        |  out|    1|   ap_memory|                     input_fm_9|         array|
|input_fm_9_q1         |   in|   32|   ap_memory|                     input_fm_9|         array|
|input_fm_10_address0  |  out|   14|   ap_memory|                    input_fm_10|         array|
|input_fm_10_ce0       |  out|    1|   ap_memory|                    input_fm_10|         array|
|input_fm_10_q0        |   in|   32|   ap_memory|                    input_fm_10|         array|
|input_fm_10_address1  |  out|   14|   ap_memory|                    input_fm_10|         array|
|input_fm_10_ce1       |  out|    1|   ap_memory|                    input_fm_10|         array|
|input_fm_10_q1        |   in|   32|   ap_memory|                    input_fm_10|         array|
|trunc_ln              |   in|    4|     ap_none|                       trunc_ln|        scalar|
|trunc_ln52_1          |   in|    4|     ap_none|                   trunc_ln52_1|        scalar|
|trunc_ln52_2          |   in|    4|     ap_none|                   trunc_ln52_2|        scalar|
|trunc_ln52_3          |   in|    4|     ap_none|                   trunc_ln52_3|        scalar|
|trunc_ln52_4          |   in|    4|     ap_none|                   trunc_ln52_4|        scalar|
|trunc_ln52_5          |   in|    4|     ap_none|                   trunc_ln52_5|        scalar|
|trunc_ln52_6          |   in|    4|     ap_none|                   trunc_ln52_6|        scalar|
|trunc_ln52_7          |   in|    4|     ap_none|                   trunc_ln52_7|        scalar|
|trunc_ln52_8          |   in|    4|     ap_none|                   trunc_ln52_8|        scalar|
|trunc_ln52_9          |   in|    4|     ap_none|                   trunc_ln52_9|        scalar|
|trunc_ln52_s          |   in|    4|     ap_none|                   trunc_ln52_s|        scalar|
+----------------------+-----+-----+------------+-------------------------------+--------------+

============================================================
+ Verbose Summary: Synthesis Manager
============================================================
InlineROM: 1
ExposeGlobal: 0
============================================================
+ Verbose Summary: CDFG Model
============================================================
IsTopModel: 0
ResetActiveHigh: 1
IsCombinational: 2
IsDatapathOnly: 2
HasWiredReturn: 1
HasMFsm: 2
HasVarLatency: 1
IsPipeline: 0
IsRtlPipelined: 0
IsInstanceOverlapped: 0
IsDontTouch: 0
HasImplIP: 0
IsGatedGlobalClock: 0

+ Individual pipeline summary: 
  * Pipeline-0: initiation interval (II) = 55, depth = 66


============================================================
+ Verbose Summary: Schedule
============================================================
* Number of FSM states : 66
* Pipeline : 1
  Pipeline-0 : II = 55, D = 66, States = { 1 2 3 4 5 6 7 8 9 10 11 12 13 14 15 16 17 18 19 20 21 22 23 24 25 26 27 28 29 30 31 32 33 34 35 36 37 38 39 40 41 42 43 44 45 46 47 48 49 50 51 52 53 54 55 56 57 58 59 60 61 62 63 64 65 66 }
* Dataflow Pipeline: 0

* FSM state transitions: 
1 --> 2 
2 --> 3 
3 --> 4 
4 --> 5 
5 --> 6 
6 --> 7 
7 --> 8 
8 --> 9 
9 --> 10 
10 --> 11 
11 --> 12 
12 --> 13 
13 --> 14 
14 --> 15 
15 --> 16 
16 --> 17 
17 --> 18 
18 --> 19 
19 --> 20 
20 --> 21 
21 --> 22 
22 --> 23 
23 --> 24 
24 --> 25 
25 --> 26 
26 --> 27 
27 --> 28 
28 --> 29 
29 --> 30 
30 --> 31 
31 --> 32 
32 --> 33 
33 --> 34 
34 --> 35 
35 --> 36 
36 --> 37 
37 --> 38 
38 --> 39 
39 --> 40 
40 --> 41 
41 --> 42 
42 --> 43 
43 --> 44 
44 --> 45 
45 --> 46 
46 --> 47 
47 --> 48 
48 --> 49 
49 --> 50 
50 --> 51 
51 --> 52 
52 --> 53 
53 --> 54 
54 --> 55 
55 --> 56 
56 --> 57 
57 --> 58 
58 --> 59 
59 --> 60 
60 --> 61 
61 --> 62 
62 --> 63 
63 --> 64 
64 --> 65 
65 --> 66 
66 --> 

* FSM state operations: 

State 1 <SV = 0> <Delay = 5.79>
ST_1 : Operation 69 [1/1] (0.00ns)   --->   "%add62_lcssa27 = alloca i32 1"   --->   Operation 69 'alloca' 'add62_lcssa27' <Predicate = true> <Delay = 0.00>
ST_1 : Operation 70 [1/1] (0.00ns)   --->   "%j = alloca i32 1"   --->   Operation 70 'alloca' 'j' <Predicate = true> <Delay = 0.00>
ST_1 : Operation 71 [1/1] (0.00ns)   --->   "%trunc_ln52_read = read i4 @_ssdm_op_Read.ap_auto.i4, i4 %trunc_ln52_s"   --->   Operation 71 'read' 'trunc_ln52_read' <Predicate = true> <Delay = 0.00>
ST_1 : Operation 72 [1/1] (0.00ns)   --->   "%trunc_ln52_9_read = read i4 @_ssdm_op_Read.ap_auto.i4, i4 %trunc_ln52_9"   --->   Operation 72 'read' 'trunc_ln52_9_read' <Predicate = true> <Delay = 0.00>
ST_1 : Operation 73 [1/1] (0.00ns)   --->   "%trunc_ln52_8_read = read i4 @_ssdm_op_Read.ap_auto.i4, i4 %trunc_ln52_8"   --->   Operation 73 'read' 'trunc_ln52_8_read' <Predicate = true> <Delay = 0.00>
ST_1 : Operation 74 [1/1] (0.00ns)   --->   "%trunc_ln52_7_read = read i4 @_ssdm_op_Read.ap_auto.i4, i4 %trunc_ln52_7"   --->   Operation 74 'read' 'trunc_ln52_7_read' <Predicate = true> <Delay = 0.00>
ST_1 : Operation 75 [1/1] (0.00ns)   --->   "%trunc_ln52_6_read = read i4 @_ssdm_op_Read.ap_auto.i4, i4 %trunc_ln52_6"   --->   Operation 75 'read' 'trunc_ln52_6_read' <Predicate = true> <Delay = 0.00>
ST_1 : Operation 76 [1/1] (0.00ns)   --->   "%trunc_ln52_5_read = read i4 @_ssdm_op_Read.ap_auto.i4, i4 %trunc_ln52_5"   --->   Operation 76 'read' 'trunc_ln52_5_read' <Predicate = true> <Delay = 0.00>
ST_1 : Operation 77 [1/1] (0.00ns)   --->   "%trunc_ln52_4_read = read i4 @_ssdm_op_Read.ap_auto.i4, i4 %trunc_ln52_4"   --->   Operation 77 'read' 'trunc_ln52_4_read' <Predicate = true> <Delay = 0.00>
ST_1 : Operation 78 [1/1] (0.00ns)   --->   "%trunc_ln52_3_read = read i4 @_ssdm_op_Read.ap_auto.i4, i4 %trunc_ln52_3"   --->   Operation 78 'read' 'trunc_ln52_3_read' <Predicate = true> <Delay = 0.00>
ST_1 : Operation 79 [1/1] (0.00ns)   --->   "%trunc_ln52_2_read = read i4 @_ssdm_op_Read.ap_auto.i4, i4 %trunc_ln52_2"   --->   Operation 79 'read' 'trunc_ln52_2_read' <Predicate = true> <Delay = 0.00>
ST_1 : Operation 80 [1/1] (0.00ns)   --->   "%trunc_ln52_1_read = read i4 @_ssdm_op_Read.ap_auto.i4, i4 %trunc_ln52_1"   --->   Operation 80 'read' 'trunc_ln52_1_read' <Predicate = true> <Delay = 0.00>
ST_1 : Operation 81 [1/1] (0.00ns)   --->   "%trunc_ln_read = read i4 @_ssdm_op_Read.ap_auto.i4, i4 %trunc_ln"   --->   Operation 81 'read' 'trunc_ln_read' <Predicate = true> <Delay = 0.00>
ST_1 : Operation 82 [1/1] (0.00ns)   --->   "%zext_ln52_11_read = read i8 @_ssdm_op_Read.ap_auto.i8, i8 %zext_ln52_11"   --->   Operation 82 'read' 'zext_ln52_11_read' <Predicate = true> <Delay = 0.00>
ST_1 : Operation 83 [1/1] (0.00ns)   --->   "%zext_ln52_10_read = read i8 @_ssdm_op_Read.ap_auto.i8, i8 %zext_ln52_10"   --->   Operation 83 'read' 'zext_ln52_10_read' <Predicate = true> <Delay = 0.00>
ST_1 : Operation 84 [1/1] (0.00ns)   --->   "%zext_ln52_9_read = read i8 @_ssdm_op_Read.ap_auto.i8, i8 %zext_ln52_9"   --->   Operation 84 'read' 'zext_ln52_9_read' <Predicate = true> <Delay = 0.00>
ST_1 : Operation 85 [1/1] (0.00ns)   --->   "%zext_ln52_8_read = read i8 @_ssdm_op_Read.ap_auto.i8, i8 %zext_ln52_8"   --->   Operation 85 'read' 'zext_ln52_8_read' <Predicate = true> <Delay = 0.00>
ST_1 : Operation 86 [1/1] (0.00ns)   --->   "%zext_ln52_7_read = read i8 @_ssdm_op_Read.ap_auto.i8, i8 %zext_ln52_7"   --->   Operation 86 'read' 'zext_ln52_7_read' <Predicate = true> <Delay = 0.00>
ST_1 : Operation 87 [1/1] (0.00ns)   --->   "%zext_ln52_6_read = read i8 @_ssdm_op_Read.ap_auto.i8, i8 %zext_ln52_6"   --->   Operation 87 'read' 'zext_ln52_6_read' <Predicate = true> <Delay = 0.00>
ST_1 : Operation 88 [1/1] (0.00ns)   --->   "%zext_ln52_5_read = read i8 @_ssdm_op_Read.ap_auto.i8, i8 %zext_ln52_5"   --->   Operation 88 'read' 'zext_ln52_5_read' <Predicate = true> <Delay = 0.00>
ST_1 : Operation 89 [1/1] (0.00ns)   --->   "%zext_ln52_4_read = read i8 @_ssdm_op_Read.ap_auto.i8, i8 %zext_ln52_4"   --->   Operation 89 'read' 'zext_ln52_4_read' <Predicate = true> <Delay = 0.00>
ST_1 : Operation 90 [1/1] (0.00ns)   --->   "%zext_ln52_3_read = read i8 @_ssdm_op_Read.ap_auto.i8, i8 %zext_ln52_3"   --->   Operation 90 'read' 'zext_ln52_3_read' <Predicate = true> <Delay = 0.00>
ST_1 : Operation 91 [1/1] (0.00ns)   --->   "%zext_ln52_2_read = read i8 @_ssdm_op_Read.ap_auto.i8, i8 %zext_ln52_2"   --->   Operation 91 'read' 'zext_ln52_2_read' <Predicate = true> <Delay = 0.00>
ST_1 : Operation 92 [1/1] (0.00ns)   --->   "%zext_ln52_1_read = read i8 @_ssdm_op_Read.ap_auto.i8, i8 %zext_ln52_1"   --->   Operation 92 'read' 'zext_ln52_1_read' <Predicate = true> <Delay = 0.00>
ST_1 : Operation 93 [1/1] (0.00ns)   --->   "%mul_ln52_1_read = read i10 @_ssdm_op_Read.ap_auto.i10, i10 %mul_ln52_1"   --->   Operation 93 'read' 'mul_ln52_1_read' <Predicate = true> <Delay = 0.00>
ST_1 : Operation 94 [1/1] (0.00ns)   --->   "%select_ln39_1_read = read i8 @_ssdm_op_Read.ap_auto.i8, i8 %select_ln39_1"   --->   Operation 94 'read' 'select_ln39_1_read' <Predicate = true> <Delay = 0.00>
ST_1 : Operation 95 [1/1] (0.00ns)   --->   "%tmp = read i12 @_ssdm_op_Read.ap_auto.i12, i12 %empty"   --->   Operation 95 'read' 'tmp' <Predicate = true> <Delay = 0.00>
ST_1 : Operation 96 [1/1] (0.00ns)   --->   "%add_ln52_10_read = read i18 @_ssdm_op_Read.ap_auto.i18, i18 %add_ln52_10"   --->   Operation 96 'read' 'add_ln52_10_read' <Predicate = true> <Delay = 0.00>
ST_1 : Operation 97 [1/1] (0.00ns)   --->   "%bitcast_ln52_read = read i32 @_ssdm_op_Read.ap_auto.float, i32 %bitcast_ln52"   --->   Operation 97 'read' 'bitcast_ln52_read' <Predicate = true> <Delay = 0.00>
ST_1 : Operation 98 [1/1] (0.00ns)   --->   "%add_ln52_10_cast = zext i18 %add_ln52_10_read"   --->   Operation 98 'zext' 'add_ln52_10_cast' <Predicate = true> <Delay = 0.00>
ST_1 : Operation 99 [1/1] (0.00ns)   --->   "%zext_ln52_11_cast = zext i8 %zext_ln52_11_read"   --->   Operation 99 'zext' 'zext_ln52_11_cast' <Predicate = true> <Delay = 0.00>
ST_1 : Operation 100 [1/1] (0.00ns)   --->   "%zext_ln52_10_cast = zext i8 %zext_ln52_10_read"   --->   Operation 100 'zext' 'zext_ln52_10_cast' <Predicate = true> <Delay = 0.00>
ST_1 : Operation 101 [1/1] (0.00ns)   --->   "%zext_ln52_9_cast = zext i8 %zext_ln52_9_read"   --->   Operation 101 'zext' 'zext_ln52_9_cast' <Predicate = true> <Delay = 0.00>
ST_1 : Operation 102 [1/1] (0.00ns)   --->   "%zext_ln52_8_cast = zext i8 %zext_ln52_8_read"   --->   Operation 102 'zext' 'zext_ln52_8_cast' <Predicate = true> <Delay = 0.00>
ST_1 : Operation 103 [1/1] (0.00ns)   --->   "%zext_ln52_7_cast = zext i8 %zext_ln52_7_read"   --->   Operation 103 'zext' 'zext_ln52_7_cast' <Predicate = true> <Delay = 0.00>
ST_1 : Operation 104 [1/1] (0.00ns)   --->   "%zext_ln52_6_cast = zext i8 %zext_ln52_6_read"   --->   Operation 104 'zext' 'zext_ln52_6_cast' <Predicate = true> <Delay = 0.00>
ST_1 : Operation 105 [1/1] (0.00ns)   --->   "%zext_ln52_5_cast = zext i8 %zext_ln52_5_read"   --->   Operation 105 'zext' 'zext_ln52_5_cast' <Predicate = true> <Delay = 0.00>
ST_1 : Operation 106 [1/1] (0.00ns)   --->   "%zext_ln52_4_cast = zext i8 %zext_ln52_4_read"   --->   Operation 106 'zext' 'zext_ln52_4_cast' <Predicate = true> <Delay = 0.00>
ST_1 : Operation 107 [1/1] (0.00ns)   --->   "%zext_ln52_3_cast = zext i8 %zext_ln52_3_read"   --->   Operation 107 'zext' 'zext_ln52_3_cast' <Predicate = true> <Delay = 0.00>
ST_1 : Operation 108 [1/1] (0.00ns)   --->   "%zext_ln52_2_cast = zext i8 %zext_ln52_2_read"   --->   Operation 108 'zext' 'zext_ln52_2_cast' <Predicate = true> <Delay = 0.00>
ST_1 : Operation 109 [1/1] (0.00ns)   --->   "%zext_ln52_1_cast = zext i8 %zext_ln52_1_read"   --->   Operation 109 'zext' 'zext_ln52_1_cast' <Predicate = true> <Delay = 0.00>
ST_1 : Operation 110 [1/1] (0.00ns)   --->   "%specinterface_ln0 = specinterface void @_ssdm_op_SpecInterface, i32 %output_fm, void @empty_4, i32 0, i32 0, void @empty, i32 4294967295, i32 0, void @empty, void @empty, void @empty, i32 0, i32 0, i32 0, i32 0, void @empty, void @empty, i32 4294967295, i32 0"   --->   Operation 110 'specinterface' 'specinterface_ln0' <Predicate = true> <Delay = 0.00>
ST_1 : Operation 111 [1/1] (0.00ns)   --->   "%specinterface_ln0 = specinterface void @_ssdm_op_SpecInterface, i32 %weights_10, void @empty_4, i32 0, i32 0, void @empty, i32 4294967295, i32 0, void @empty, void @empty, void @empty, i32 0, i32 0, i32 0, i32 0, void @empty, void @empty, i32 4294967295, i32 0"   --->   Operation 111 'specinterface' 'specinterface_ln0' <Predicate = true> <Delay = 0.00>
ST_1 : Operation 112 [1/1] (0.00ns)   --->   "%specinterface_ln0 = specinterface void @_ssdm_op_SpecInterface, i32 %weights_9, void @empty_4, i32 0, i32 0, void @empty, i32 4294967295, i32 0, void @empty, void @empty, void @empty, i32 0, i32 0, i32 0, i32 0, void @empty, void @empty, i32 4294967295, i32 0"   --->   Operation 112 'specinterface' 'specinterface_ln0' <Predicate = true> <Delay = 0.00>
ST_1 : Operation 113 [1/1] (0.00ns)   --->   "%specinterface_ln0 = specinterface void @_ssdm_op_SpecInterface, i32 %weights_8, void @empty_4, i32 0, i32 0, void @empty, i32 4294967295, i32 0, void @empty, void @empty, void @empty, i32 0, i32 0, i32 0, i32 0, void @empty, void @empty, i32 4294967295, i32 0"   --->   Operation 113 'specinterface' 'specinterface_ln0' <Predicate = true> <Delay = 0.00>
ST_1 : Operation 114 [1/1] (0.00ns)   --->   "%specinterface_ln0 = specinterface void @_ssdm_op_SpecInterface, i32 %weights_7, void @empty_4, i32 0, i32 0, void @empty, i32 4294967295, i32 0, void @empty, void @empty, void @empty, i32 0, i32 0, i32 0, i32 0, void @empty, void @empty, i32 4294967295, i32 0"   --->   Operation 114 'specinterface' 'specinterface_ln0' <Predicate = true> <Delay = 0.00>
ST_1 : Operation 115 [1/1] (0.00ns)   --->   "%specinterface_ln0 = specinterface void @_ssdm_op_SpecInterface, i32 %weights_6, void @empty_4, i32 0, i32 0, void @empty, i32 4294967295, i32 0, void @empty, void @empty, void @empty, i32 0, i32 0, i32 0, i32 0, void @empty, void @empty, i32 4294967295, i32 0"   --->   Operation 115 'specinterface' 'specinterface_ln0' <Predicate = true> <Delay = 0.00>
ST_1 : Operation 116 [1/1] (0.00ns)   --->   "%specinterface_ln0 = specinterface void @_ssdm_op_SpecInterface, i32 %weights_5, void @empty_4, i32 0, i32 0, void @empty, i32 4294967295, i32 0, void @empty, void @empty, void @empty, i32 0, i32 0, i32 0, i32 0, void @empty, void @empty, i32 4294967295, i32 0"   --->   Operation 116 'specinterface' 'specinterface_ln0' <Predicate = true> <Delay = 0.00>
ST_1 : Operation 117 [1/1] (0.00ns)   --->   "%specinterface_ln0 = specinterface void @_ssdm_op_SpecInterface, i32 %weights_4, void @empty_4, i32 0, i32 0, void @empty, i32 4294967295, i32 0, void @empty, void @empty, void @empty, i32 0, i32 0, i32 0, i32 0, void @empty, void @empty, i32 4294967295, i32 0"   --->   Operation 117 'specinterface' 'specinterface_ln0' <Predicate = true> <Delay = 0.00>
ST_1 : Operation 118 [1/1] (0.00ns)   --->   "%specinterface_ln0 = specinterface void @_ssdm_op_SpecInterface, i32 %weights_3, void @empty_4, i32 0, i32 0, void @empty, i32 4294967295, i32 0, void @empty, void @empty, void @empty, i32 0, i32 0, i32 0, i32 0, void @empty, void @empty, i32 4294967295, i32 0"   --->   Operation 118 'specinterface' 'specinterface_ln0' <Predicate = true> <Delay = 0.00>
ST_1 : Operation 119 [1/1] (0.00ns)   --->   "%specinterface_ln0 = specinterface void @_ssdm_op_SpecInterface, i32 %weights_2, void @empty_4, i32 0, i32 0, void @empty, i32 4294967295, i32 0, void @empty, void @empty, void @empty, i32 0, i32 0, i32 0, i32 0, void @empty, void @empty, i32 4294967295, i32 0"   --->   Operation 119 'specinterface' 'specinterface_ln0' <Predicate = true> <Delay = 0.00>
ST_1 : Operation 120 [1/1] (0.00ns)   --->   "%specinterface_ln0 = specinterface void @_ssdm_op_SpecInterface, i32 %weights_1, void @empty_4, i32 0, i32 0, void @empty, i32 4294967295, i32 0, void @empty, void @empty, void @empty, i32 0, i32 0, i32 0, i32 0, void @empty, void @empty, i32 4294967295, i32 0"   --->   Operation 120 'specinterface' 'specinterface_ln0' <Predicate = true> <Delay = 0.00>
ST_1 : Operation 121 [1/1] (0.00ns)   --->   "%specinterface_ln0 = specinterface void @_ssdm_op_SpecInterface, i32 %weights_0, void @empty_4, i32 0, i32 0, void @empty, i32 4294967295, i32 0, void @empty, void @empty, void @empty, i32 0, i32 0, i32 0, i32 0, void @empty, void @empty, i32 4294967295, i32 0"   --->   Operation 121 'specinterface' 'specinterface_ln0' <Predicate = true> <Delay = 0.00>
ST_1 : Operation 122 [1/1] (0.00ns)   --->   "%specinterface_ln0 = specinterface void @_ssdm_op_SpecInterface, i32 %input_fm_10, void @empty_4, i32 0, i32 0, void @empty, i32 4294967295, i32 0, void @empty, void @empty, void @empty, i32 0, i32 0, i32 0, i32 0, void @empty, void @empty, i32 4294967295, i32 0"   --->   Operation 122 'specinterface' 'specinterface_ln0' <Predicate = true> <Delay = 0.00>
ST_1 : Operation 123 [1/1] (0.00ns)   --->   "%specinterface_ln0 = specinterface void @_ssdm_op_SpecInterface, i32 %input_fm_9, void @empty_4, i32 0, i32 0, void @empty, i32 4294967295, i32 0, void @empty, void @empty, void @empty, i32 0, i32 0, i32 0, i32 0, void @empty, void @empty, i32 4294967295, i32 0"   --->   Operation 123 'specinterface' 'specinterface_ln0' <Predicate = true> <Delay = 0.00>
ST_1 : Operation 124 [1/1] (0.00ns)   --->   "%specinterface_ln0 = specinterface void @_ssdm_op_SpecInterface, i32 %input_fm_8, void @empty_4, i32 0, i32 0, void @empty, i32 4294967295, i32 0, void @empty, void @empty, void @empty, i32 0, i32 0, i32 0, i32 0, void @empty, void @empty, i32 4294967295, i32 0"   --->   Operation 124 'specinterface' 'specinterface_ln0' <Predicate = true> <Delay = 0.00>
ST_1 : Operation 125 [1/1] (0.00ns)   --->   "%specinterface_ln0 = specinterface void @_ssdm_op_SpecInterface, i32 %input_fm_7, void @empty_4, i32 0, i32 0, void @empty, i32 4294967295, i32 0, void @empty, void @empty, void @empty, i32 0, i32 0, i32 0, i32 0, void @empty, void @empty, i32 4294967295, i32 0"   --->   Operation 125 'specinterface' 'specinterface_ln0' <Predicate = true> <Delay = 0.00>
ST_1 : Operation 126 [1/1] (0.00ns)   --->   "%specinterface_ln0 = specinterface void @_ssdm_op_SpecInterface, i32 %input_fm_6, void @empty_4, i32 0, i32 0, void @empty, i32 4294967295, i32 0, void @empty, void @empty, void @empty, i32 0, i32 0, i32 0, i32 0, void @empty, void @empty, i32 4294967295, i32 0"   --->   Operation 126 'specinterface' 'specinterface_ln0' <Predicate = true> <Delay = 0.00>
ST_1 : Operation 127 [1/1] (0.00ns)   --->   "%specinterface_ln0 = specinterface void @_ssdm_op_SpecInterface, i32 %input_fm_5, void @empty_4, i32 0, i32 0, void @empty, i32 4294967295, i32 0, void @empty, void @empty, void @empty, i32 0, i32 0, i32 0, i32 0, void @empty, void @empty, i32 4294967295, i32 0"   --->   Operation 127 'specinterface' 'specinterface_ln0' <Predicate = true> <Delay = 0.00>
ST_1 : Operation 128 [1/1] (0.00ns)   --->   "%specinterface_ln0 = specinterface void @_ssdm_op_SpecInterface, i32 %input_fm_4, void @empty_4, i32 0, i32 0, void @empty, i32 4294967295, i32 0, void @empty, void @empty, void @empty, i32 0, i32 0, i32 0, i32 0, void @empty, void @empty, i32 4294967295, i32 0"   --->   Operation 128 'specinterface' 'specinterface_ln0' <Predicate = true> <Delay = 0.00>
ST_1 : Operation 129 [1/1] (0.00ns)   --->   "%specinterface_ln0 = specinterface void @_ssdm_op_SpecInterface, i32 %input_fm_3, void @empty_4, i32 0, i32 0, void @empty, i32 4294967295, i32 0, void @empty, void @empty, void @empty, i32 0, i32 0, i32 0, i32 0, void @empty, void @empty, i32 4294967295, i32 0"   --->   Operation 129 'specinterface' 'specinterface_ln0' <Predicate = true> <Delay = 0.00>
ST_1 : Operation 130 [1/1] (0.00ns)   --->   "%specinterface_ln0 = specinterface void @_ssdm_op_SpecInterface, i32 %input_fm_2, void @empty_4, i32 0, i32 0, void @empty, i32 4294967295, i32 0, void @empty, void @empty, void @empty, i32 0, i32 0, i32 0, i32 0, void @empty, void @empty, i32 4294967295, i32 0"   --->   Operation 130 'specinterface' 'specinterface_ln0' <Predicate = true> <Delay = 0.00>
ST_1 : Operation 131 [1/1] (0.00ns)   --->   "%specinterface_ln0 = specinterface void @_ssdm_op_SpecInterface, i32 %input_fm_1, void @empty_4, i32 0, i32 0, void @empty, i32 4294967295, i32 0, void @empty, void @empty, void @empty, i32 0, i32 0, i32 0, i32 0, void @empty, void @empty, i32 4294967295, i32 0"   --->   Operation 131 'specinterface' 'specinterface_ln0' <Predicate = true> <Delay = 0.00>
ST_1 : Operation 132 [1/1] (0.00ns)   --->   "%specinterface_ln0 = specinterface void @_ssdm_op_SpecInterface, i32 %input_fm_0, void @empty_4, i32 0, i32 0, void @empty, i32 4294967295, i32 0, void @empty, void @empty, void @empty, i32 0, i32 0, i32 0, i32 0, void @empty, void @empty, i32 4294967295, i32 0"   --->   Operation 132 'specinterface' 'specinterface_ln0' <Predicate = true> <Delay = 0.00>
ST_1 : Operation 133 [1/1] (1.58ns)   --->   "%store_ln0 = store i4 0, i4 %j"   --->   Operation 133 'store' 'store_ln0' <Predicate = true> <Delay = 1.58>
ST_1 : Operation 134 [1/1] (1.58ns)   --->   "%store_ln0 = store i32 %bitcast_ln52_read, i32 %add62_lcssa27"   --->   Operation 134 'store' 'store_ln0' <Predicate = true> <Delay = 1.58>
ST_1 : Operation 135 [1/1] (0.00ns)   --->   "%br_ln0 = br void %VITIS_LOOP_49_9"   --->   Operation 135 'br' 'br_ln0' <Predicate = true> <Delay = 0.00>
ST_1 : Operation 136 [1/1] (0.00ns)   --->   "%j_1 = load i4 %j" [conv.cpp:48]   --->   Operation 136 'load' 'j_1' <Predicate = true> <Delay = 0.00>
ST_1 : Operation 137 [1/1] (0.00ns)   --->   "%output_fm_addr = getelementptr i32 %output_fm, i64 0, i64 %add_ln52_10_cast" [conv.cpp:52]   --->   Operation 137 'getelementptr' 'output_fm_addr' <Predicate = true> <Delay = 0.00>
ST_1 : Operation 138 [1/1] (0.00ns)   --->   "%specpipeline_ln0 = specpipeline void @_ssdm_op_SpecPipeline, i32 4294967295, i32 0, i32 1, i32 0, void @p_str"   --->   Operation 138 'specpipeline' 'specpipeline_ln0' <Predicate = true> <Delay = 0.00>
ST_1 : Operation 139 [1/1] (1.30ns)   --->   "%icmp_ln48 = icmp_eq  i4 %j_1, i4 11" [conv.cpp:48]   --->   Operation 139 'icmp' 'icmp_ln48' <Predicate = true> <Delay = 1.30> <CoreInst = "Cmp">   --->   Core 9 'Cmp' <Latency = 0> <II = 1> <Delay = 1.30> <FuncUnit> <Opcode : 'icmp'> <InPorts = 2> <OutPorts = 1>
ST_1 : Operation 140 [1/1] (0.00ns)   --->   "%empty_15 = speclooptripcount i32 @_ssdm_op_SpecLoopTripCount, i64 11, i64 11, i64 11"   --->   Operation 140 'speclooptripcount' 'empty_15' <Predicate = true> <Delay = 0.00>
ST_1 : Operation 141 [1/1] (1.73ns)   --->   "%add_ln48 = add i4 %j_1, i4 1" [conv.cpp:48]   --->   Operation 141 'add' 'add_ln48' <Predicate = true> <Delay = 1.73> <CoreInst = "Adder">   --->   Core 1 'Adder' <Latency = 0> <II = 1> <Delay = 1.73> <FuncUnit> <Opcode : 'add' 'sub'> <InPorts = 2> <OutPorts = 1>
ST_1 : Operation 142 [1/1] (0.00ns)   --->   "%br_ln48 = br i1 %icmp_ln48, void %VITIS_LOOP_49_9.split, void %for.inc69.exitStub" [conv.cpp:48]   --->   Operation 142 'br' 'br_ln48' <Predicate = true> <Delay = 0.00>
ST_1 : Operation 143 [1/1] (0.00ns)   --->   "%j_cast1 = zext i4 %j_1" [conv.cpp:48]   --->   Operation 143 'zext' 'j_cast1' <Predicate = (!icmp_ln48)> <Delay = 0.00>
ST_1 : Operation 144 [1/1] (1.54ns)   --->   "%empty_16 = add i12 %tmp, i12 %j_cast1" [conv.cpp:48]   --->   Operation 144 'add' 'empty_16' <Predicate = (!icmp_ln48)> <Delay = 1.54> <CoreInst = "Adder">   --->   Core 1 'Adder' <Latency = 0> <II = 1> <Delay = 1.54> <FuncUnit> <Opcode : 'add' 'sub'> <InPorts = 2> <OutPorts = 1>
ST_1 : Operation 145 [1/1] (0.00ns)   --->   "%p_cast2 = zext i12 %empty_16" [conv.cpp:48]   --->   Operation 145 'zext' 'p_cast2' <Predicate = (!icmp_ln48)> <Delay = 0.00>
ST_1 : Operation 146 [1/1] (0.00ns)   --->   "%weights_0_addr = getelementptr i32 %weights_0, i64 0, i64 %p_cast2" [conv.cpp:48]   --->   Operation 146 'getelementptr' 'weights_0_addr' <Predicate = (!icmp_ln48)> <Delay = 0.00>
ST_1 : Operation 147 [1/1] (0.00ns)   --->   "%weights_1_addr = getelementptr i32 %weights_1, i64 0, i64 %p_cast2" [conv.cpp:48]   --->   Operation 147 'getelementptr' 'weights_1_addr' <Predicate = (!icmp_ln48)> <Delay = 0.00>
ST_1 : Operation 148 [1/1] (0.00ns)   --->   "%weights_2_addr = getelementptr i32 %weights_2, i64 0, i64 %p_cast2" [conv.cpp:48]   --->   Operation 148 'getelementptr' 'weights_2_addr' <Predicate = (!icmp_ln48)> <Delay = 0.00>
ST_1 : Operation 149 [1/1] (0.00ns)   --->   "%weights_3_addr = getelementptr i32 %weights_3, i64 0, i64 %p_cast2" [conv.cpp:48]   --->   Operation 149 'getelementptr' 'weights_3_addr' <Predicate = (!icmp_ln48)> <Delay = 0.00>
ST_1 : Operation 150 [1/1] (0.00ns)   --->   "%weights_4_addr = getelementptr i32 %weights_4, i64 0, i64 %p_cast2" [conv.cpp:48]   --->   Operation 150 'getelementptr' 'weights_4_addr' <Predicate = (!icmp_ln48)> <Delay = 0.00>
ST_1 : Operation 151 [1/1] (0.00ns)   --->   "%weights_5_addr = getelementptr i32 %weights_5, i64 0, i64 %p_cast2" [conv.cpp:48]   --->   Operation 151 'getelementptr' 'weights_5_addr' <Predicate = (!icmp_ln48)> <Delay = 0.00>
ST_1 : Operation 152 [1/1] (0.00ns)   --->   "%weights_6_addr = getelementptr i32 %weights_6, i64 0, i64 %p_cast2" [conv.cpp:48]   --->   Operation 152 'getelementptr' 'weights_6_addr' <Predicate = (!icmp_ln48)> <Delay = 0.00>
ST_1 : Operation 153 [1/1] (0.00ns)   --->   "%weights_7_addr = getelementptr i32 %weights_7, i64 0, i64 %p_cast2" [conv.cpp:48]   --->   Operation 153 'getelementptr' 'weights_7_addr' <Predicate = (!icmp_ln48)> <Delay = 0.00>
ST_1 : Operation 154 [1/1] (0.00ns)   --->   "%weights_8_addr = getelementptr i32 %weights_8, i64 0, i64 %p_cast2" [conv.cpp:48]   --->   Operation 154 'getelementptr' 'weights_8_addr' <Predicate = (!icmp_ln48)> <Delay = 0.00>
ST_1 : Operation 155 [1/1] (0.00ns)   --->   "%weights_9_addr = getelementptr i32 %weights_9, i64 0, i64 %p_cast2" [conv.cpp:48]   --->   Operation 155 'getelementptr' 'weights_9_addr' <Predicate = (!icmp_ln48)> <Delay = 0.00>
ST_1 : Operation 156 [1/1] (0.00ns)   --->   "%weights_10_addr = getelementptr i32 %weights_10, i64 0, i64 %p_cast2" [conv.cpp:48]   --->   Operation 156 'getelementptr' 'weights_10_addr' <Predicate = (!icmp_ln48)> <Delay = 0.00>
ST_1 : Operation 157 [1/1] (0.00ns)   --->   "%j_cast = zext i4 %j_1" [conv.cpp:48]   --->   Operation 157 'zext' 'j_cast' <Predicate = (!icmp_ln48)> <Delay = 0.00>
ST_1 : Operation 158 [1/1] (1.91ns)   --->   "%empty_17 = add i8 %j_cast, i8 %select_ln39_1_read" [conv.cpp:48]   --->   Operation 158 'add' 'empty_17' <Predicate = (!icmp_ln48)> <Delay = 1.91> <CoreInst = "Adder">   --->   Core 1 'Adder' <Latency = 0> <II = 1> <Delay = 1.91> <FuncUnit> <Opcode : 'add' 'sub'> <InPorts = 2> <OutPorts = 1>
ST_1 : Operation 159 [1/1] (0.00ns)   --->   "%zext_ln52 = zext i8 %empty_17" [conv.cpp:52]   --->   Operation 159 'zext' 'zext_ln52' <Predicate = (!icmp_ln48)> <Delay = 0.00>
ST_1 : Operation 160 [1/1] (1.73ns)   --->   "%add_ln52 = add i10 %mul_ln52_1_read, i10 %zext_ln52" [conv.cpp:52]   --->   Operation 160 'add' 'add_ln52' <Predicate = (!icmp_ln48)> <Delay = 1.73> <CoreInst = "Adder">   --->   Core 1 'Adder' <Latency = 0> <II = 1> <Delay = 1.73> <FuncUnit> <Opcode : 'add' 'sub'> <InPorts = 2> <OutPorts = 1>
ST_1 : Operation 161 [1/1] (0.00ns)   --->   "%zext_ln52_12 = zext i10 %add_ln52" [conv.cpp:52]   --->   Operation 161 'zext' 'zext_ln52_12' <Predicate = (!icmp_ln48)> <Delay = 0.00>
ST_1 : Operation 162 [4/4] (2.15ns) (root node of the DSP)   --->   "%mul_ln52 = mul i14 %zext_ln52_12, i14 21" [conv.cpp:52]   --->   Operation 162 'mul' 'mul_ln52' <Predicate = (!icmp_ln48)> <Delay = 2.15> <CoreInst = "DSP48">   --->   Core 119 'DSP48' <Latency = 3> <II = 1> <Delay = 2.15> <IPBlock> <Opcode : 'mul' 'add' 'sub' 'select'> <InPorts = 0> <OutPorts = 1> <Sync> <CReg>
ST_1 : Operation 163 [2/2] (3.25ns)   --->   "%weights_0_load = load i12 %weights_0_addr" [conv.cpp:48]   --->   Operation 163 'load' 'weights_0_load' <Predicate = (!icmp_ln48)> <Delay = 3.25> <CoreInst = "RAM">   --->   Core 82 'RAM' <Latency = 1> <II = 1> <Delay = 3.25> <Storage> <Opcode : 'load' 'store'> <Ports = 2> <Width = 32> <Depth = 2112> <RAM>
ST_1 : Operation 164 [2/2] (3.25ns)   --->   "%weights_1_load = load i12 %weights_1_addr" [conv.cpp:48]   --->   Operation 164 'load' 'weights_1_load' <Predicate = (!icmp_ln48)> <Delay = 3.25> <CoreInst = "RAM">   --->   Core 82 'RAM' <Latency = 1> <II = 1> <Delay = 3.25> <Storage> <Opcode : 'load' 'store'> <Ports = 2> <Width = 32> <Depth = 2112> <RAM>
ST_1 : Operation 165 [2/2] (3.25ns)   --->   "%weights_2_load = load i12 %weights_2_addr" [conv.cpp:48]   --->   Operation 165 'load' 'weights_2_load' <Predicate = (!icmp_ln48)> <Delay = 3.25> <CoreInst = "RAM">   --->   Core 82 'RAM' <Latency = 1> <II = 1> <Delay = 3.25> <Storage> <Opcode : 'load' 'store'> <Ports = 2> <Width = 32> <Depth = 2112> <RAM>
ST_1 : Operation 166 [2/2] (3.25ns)   --->   "%weights_3_load = load i12 %weights_3_addr" [conv.cpp:48]   --->   Operation 166 'load' 'weights_3_load' <Predicate = (!icmp_ln48)> <Delay = 3.25> <CoreInst = "RAM">   --->   Core 82 'RAM' <Latency = 1> <II = 1> <Delay = 3.25> <Storage> <Opcode : 'load' 'store'> <Ports = 2> <Width = 32> <Depth = 2112> <RAM>
ST_1 : Operation 167 [2/2] (3.25ns)   --->   "%weights_4_load = load i12 %weights_4_addr" [conv.cpp:48]   --->   Operation 167 'load' 'weights_4_load' <Predicate = (!icmp_ln48)> <Delay = 3.25> <CoreInst = "RAM">   --->   Core 82 'RAM' <Latency = 1> <II = 1> <Delay = 3.25> <Storage> <Opcode : 'load' 'store'> <Ports = 2> <Width = 32> <Depth = 2112> <RAM>
ST_1 : Operation 168 [2/2] (3.25ns)   --->   "%weights_5_load = load i12 %weights_5_addr" [conv.cpp:48]   --->   Operation 168 'load' 'weights_5_load' <Predicate = (!icmp_ln48)> <Delay = 3.25> <CoreInst = "RAM">   --->   Core 82 'RAM' <Latency = 1> <II = 1> <Delay = 3.25> <Storage> <Opcode : 'load' 'store'> <Ports = 2> <Width = 32> <Depth = 2112> <RAM>
ST_1 : Operation 169 [2/2] (3.25ns)   --->   "%weights_6_load = load i12 %weights_6_addr" [conv.cpp:48]   --->   Operation 169 'load' 'weights_6_load' <Predicate = (!icmp_ln48)> <Delay = 3.25> <CoreInst = "RAM">   --->   Core 82 'RAM' <Latency = 1> <II = 1> <Delay = 3.25> <Storage> <Opcode : 'load' 'store'> <Ports = 2> <Width = 32> <Depth = 2112> <RAM>
ST_1 : Operation 170 [2/2] (3.25ns)   --->   "%weights_7_load = load i12 %weights_7_addr" [conv.cpp:48]   --->   Operation 170 'load' 'weights_7_load' <Predicate = (!icmp_ln48)> <Delay = 3.25> <CoreInst = "RAM">   --->   Core 82 'RAM' <Latency = 1> <II = 1> <Delay = 3.25> <Storage> <Opcode : 'load' 'store'> <Ports = 2> <Width = 32> <Depth = 2112> <RAM>
ST_1 : Operation 171 [2/2] (3.25ns)   --->   "%weights_8_load = load i12 %weights_8_addr" [conv.cpp:48]   --->   Operation 171 'load' 'weights_8_load' <Predicate = (!icmp_ln48)> <Delay = 3.25> <CoreInst = "RAM">   --->   Core 82 'RAM' <Latency = 1> <II = 1> <Delay = 3.25> <Storage> <Opcode : 'load' 'store'> <Ports = 2> <Width = 32> <Depth = 2112> <RAM>
ST_1 : Operation 172 [2/2] (3.25ns)   --->   "%weights_9_load = load i12 %weights_9_addr" [conv.cpp:48]   --->   Operation 172 'load' 'weights_9_load' <Predicate = (!icmp_ln48)> <Delay = 3.25> <CoreInst = "RAM">   --->   Core 82 'RAM' <Latency = 1> <II = 1> <Delay = 3.25> <Storage> <Opcode : 'load' 'store'> <Ports = 2> <Width = 32> <Depth = 2112> <RAM>
ST_1 : Operation 173 [2/2] (3.25ns)   --->   "%weights_10_load = load i12 %weights_10_addr" [conv.cpp:48]   --->   Operation 173 'load' 'weights_10_load' <Predicate = (!icmp_ln48)> <Delay = 3.25> <CoreInst = "RAM">   --->   Core 82 'RAM' <Latency = 1> <II = 1> <Delay = 3.25> <Storage> <Opcode : 'load' 'store'> <Ports = 2> <Width = 32> <Depth = 2112> <RAM>
ST_1 : Operation 174 [1/1] (1.30ns)   --->   "%ifzero = icmp_eq  i4 %add_ln48, i4 11" [conv.cpp:48]   --->   Operation 174 'icmp' 'ifzero' <Predicate = (!icmp_ln48)> <Delay = 1.30> <CoreInst = "Cmp">   --->   Core 9 'Cmp' <Latency = 0> <II = 1> <Delay = 1.30> <FuncUnit> <Opcode : 'icmp'> <InPorts = 2> <OutPorts = 1>
ST_1 : Operation 175 [1/1] (0.00ns)   --->   "%br_ln48 = br i1 %ifzero, void %ifFalse, void %ifTrue" [conv.cpp:48]   --->   Operation 175 'br' 'br_ln48' <Predicate = (!icmp_ln48)> <Delay = 0.00>

State 2 <SV = 1> <Delay = 3.25>
ST_2 : Operation 176 [3/4] (2.15ns) (root node of the DSP)   --->   "%mul_ln52 = mul i14 %zext_ln52_12, i14 21" [conv.cpp:52]   --->   Operation 176 'mul' 'mul_ln52' <Predicate = (!icmp_ln48)> <Delay = 2.15> <CoreInst = "DSP48">   --->   Core 119 'DSP48' <Latency = 3> <II = 1> <Delay = 2.15> <IPBlock> <Opcode : 'mul' 'add' 'sub' 'select'> <InPorts = 0> <OutPorts = 1> <Sync> <CReg>
ST_2 : Operation 177 [1/2] (3.25ns)   --->   "%weights_0_load = load i12 %weights_0_addr" [conv.cpp:48]   --->   Operation 177 'load' 'weights_0_load' <Predicate = (!icmp_ln48)> <Delay = 3.25> <CoreInst = "RAM">   --->   Core 82 'RAM' <Latency = 1> <II = 1> <Delay = 3.25> <Storage> <Opcode : 'load' 'store'> <Ports = 2> <Width = 32> <Depth = 2112> <RAM>
ST_2 : Operation 178 [1/2] (3.25ns)   --->   "%weights_1_load = load i12 %weights_1_addr" [conv.cpp:48]   --->   Operation 178 'load' 'weights_1_load' <Predicate = (!icmp_ln48)> <Delay = 3.25> <CoreInst = "RAM">   --->   Core 82 'RAM' <Latency = 1> <II = 1> <Delay = 3.25> <Storage> <Opcode : 'load' 'store'> <Ports = 2> <Width = 32> <Depth = 2112> <RAM>
ST_2 : Operation 179 [1/2] (3.25ns)   --->   "%weights_2_load = load i12 %weights_2_addr" [conv.cpp:48]   --->   Operation 179 'load' 'weights_2_load' <Predicate = (!icmp_ln48)> <Delay = 3.25> <CoreInst = "RAM">   --->   Core 82 'RAM' <Latency = 1> <II = 1> <Delay = 3.25> <Storage> <Opcode : 'load' 'store'> <Ports = 2> <Width = 32> <Depth = 2112> <RAM>
ST_2 : Operation 180 [1/2] (3.25ns)   --->   "%weights_3_load = load i12 %weights_3_addr" [conv.cpp:48]   --->   Operation 180 'load' 'weights_3_load' <Predicate = (!icmp_ln48)> <Delay = 3.25> <CoreInst = "RAM">   --->   Core 82 'RAM' <Latency = 1> <II = 1> <Delay = 3.25> <Storage> <Opcode : 'load' 'store'> <Ports = 2> <Width = 32> <Depth = 2112> <RAM>
ST_2 : Operation 181 [1/2] (3.25ns)   --->   "%weights_4_load = load i12 %weights_4_addr" [conv.cpp:48]   --->   Operation 181 'load' 'weights_4_load' <Predicate = (!icmp_ln48)> <Delay = 3.25> <CoreInst = "RAM">   --->   Core 82 'RAM' <Latency = 1> <II = 1> <Delay = 3.25> <Storage> <Opcode : 'load' 'store'> <Ports = 2> <Width = 32> <Depth = 2112> <RAM>
ST_2 : Operation 182 [1/2] (3.25ns)   --->   "%weights_5_load = load i12 %weights_5_addr" [conv.cpp:48]   --->   Operation 182 'load' 'weights_5_load' <Predicate = (!icmp_ln48)> <Delay = 3.25> <CoreInst = "RAM">   --->   Core 82 'RAM' <Latency = 1> <II = 1> <Delay = 3.25> <Storage> <Opcode : 'load' 'store'> <Ports = 2> <Width = 32> <Depth = 2112> <RAM>
ST_2 : Operation 183 [1/2] (3.25ns)   --->   "%weights_6_load = load i12 %weights_6_addr" [conv.cpp:48]   --->   Operation 183 'load' 'weights_6_load' <Predicate = (!icmp_ln48)> <Delay = 3.25> <CoreInst = "RAM">   --->   Core 82 'RAM' <Latency = 1> <II = 1> <Delay = 3.25> <Storage> <Opcode : 'load' 'store'> <Ports = 2> <Width = 32> <Depth = 2112> <RAM>
ST_2 : Operation 184 [1/2] (3.25ns)   --->   "%weights_7_load = load i12 %weights_7_addr" [conv.cpp:48]   --->   Operation 184 'load' 'weights_7_load' <Predicate = (!icmp_ln48)> <Delay = 3.25> <CoreInst = "RAM">   --->   Core 82 'RAM' <Latency = 1> <II = 1> <Delay = 3.25> <Storage> <Opcode : 'load' 'store'> <Ports = 2> <Width = 32> <Depth = 2112> <RAM>
ST_2 : Operation 185 [1/2] (3.25ns)   --->   "%weights_8_load = load i12 %weights_8_addr" [conv.cpp:48]   --->   Operation 185 'load' 'weights_8_load' <Predicate = (!icmp_ln48)> <Delay = 3.25> <CoreInst = "RAM">   --->   Core 82 'RAM' <Latency = 1> <II = 1> <Delay = 3.25> <Storage> <Opcode : 'load' 'store'> <Ports = 2> <Width = 32> <Depth = 2112> <RAM>
ST_2 : Operation 186 [1/2] (3.25ns)   --->   "%weights_9_load = load i12 %weights_9_addr" [conv.cpp:48]   --->   Operation 186 'load' 'weights_9_load' <Predicate = (!icmp_ln48)> <Delay = 3.25> <CoreInst = "RAM">   --->   Core 82 'RAM' <Latency = 1> <II = 1> <Delay = 3.25> <Storage> <Opcode : 'load' 'store'> <Ports = 2> <Width = 32> <Depth = 2112> <RAM>
ST_2 : Operation 187 [1/2] (3.25ns)   --->   "%weights_10_load = load i12 %weights_10_addr" [conv.cpp:48]   --->   Operation 187 'load' 'weights_10_load' <Predicate = (!icmp_ln48)> <Delay = 3.25> <CoreInst = "RAM">   --->   Core 82 'RAM' <Latency = 1> <II = 1> <Delay = 3.25> <Storage> <Opcode : 'load' 'store'> <Ports = 2> <Width = 32> <Depth = 2112> <RAM>

State 3 <SV = 2> <Delay = 2.15>
ST_3 : Operation 188 [2/4] (2.15ns) (root node of the DSP)   --->   "%mul_ln52 = mul i14 %zext_ln52_12, i14 21" [conv.cpp:52]   --->   Operation 188 'mul' 'mul_ln52' <Predicate = (!icmp_ln48)> <Delay = 2.15> <CoreInst = "DSP48">   --->   Core 119 'DSP48' <Latency = 3> <II = 1> <Delay = 2.15> <IPBlock> <Opcode : 'mul' 'add' 'sub' 'select'> <InPorts = 0> <OutPorts = 1> <Sync> <CReg>

State 4 <SV = 3> <Delay = 0.00>
ST_4 : Operation 189 [1/4] (0.00ns) (root node of the DSP)   --->   "%mul_ln52 = mul i14 %zext_ln52_12, i14 21" [conv.cpp:52]   --->   Operation 189 'mul' 'mul_ln52' <Predicate = (!icmp_ln48)> <Delay = 0.00> <CoreInst = "DSP48">   --->   Core 119 'DSP48' <Latency = 3> <II = 1> <Delay = 2.15> <IPBlock> <Opcode : 'mul' 'add' 'sub' 'select'> <InPorts = 0> <OutPorts = 1> <Sync> <CReg>

State 5 <SV = 4> <Delay = 5.06>
ST_5 : Operation 190 [1/1] (1.81ns)   --->   "%add_ln52_1 = add i14 %mul_ln52, i14 %zext_ln52_1_cast" [conv.cpp:52]   --->   Operation 190 'add' 'add_ln52_1' <Predicate = (!icmp_ln48)> <Delay = 1.81> <CoreInst = "Adder">   --->   Core 1 'Adder' <Latency = 0> <II = 1> <Delay = 1.81> <FuncUnit> <Opcode : 'add' 'sub'> <InPorts = 2> <OutPorts = 1>
ST_5 : Operation 191 [1/1] (0.00ns)   --->   "%zext_ln52_13 = zext i14 %add_ln52_1" [conv.cpp:52]   --->   Operation 191 'zext' 'zext_ln52_13' <Predicate = (!icmp_ln48)> <Delay = 0.00>
ST_5 : Operation 192 [1/1] (0.00ns)   --->   "%input_fm_0_addr = getelementptr i32 %input_fm_0, i64 0, i64 %zext_ln52_13" [conv.cpp:52]   --->   Operation 192 'getelementptr' 'input_fm_0_addr' <Predicate = (!icmp_ln48)> <Delay = 0.00>
ST_5 : Operation 193 [1/1] (1.81ns)   --->   "%add_ln52_2 = add i14 %mul_ln52, i14 %zext_ln52_2_cast" [conv.cpp:52]   --->   Operation 193 'add' 'add_ln52_2' <Predicate = (!icmp_ln48)> <Delay = 1.81> <CoreInst = "Adder">   --->   Core 1 'Adder' <Latency = 0> <II = 1> <Delay = 1.81> <FuncUnit> <Opcode : 'add' 'sub'> <InPorts = 2> <OutPorts = 1>
ST_5 : Operation 194 [1/1] (0.00ns)   --->   "%zext_ln52_14 = zext i14 %add_ln52_2" [conv.cpp:52]   --->   Operation 194 'zext' 'zext_ln52_14' <Predicate = (!icmp_ln48)> <Delay = 0.00>
ST_5 : Operation 195 [1/1] (0.00ns)   --->   "%input_fm_0_addr_1 = getelementptr i32 %input_fm_0, i64 0, i64 %zext_ln52_14" [conv.cpp:52]   --->   Operation 195 'getelementptr' 'input_fm_0_addr_1' <Predicate = (!icmp_ln48)> <Delay = 0.00>
ST_5 : Operation 196 [1/1] (0.00ns)   --->   "%input_fm_1_addr = getelementptr i32 %input_fm_1, i64 0, i64 %zext_ln52_13" [conv.cpp:52]   --->   Operation 196 'getelementptr' 'input_fm_1_addr' <Predicate = (!icmp_ln48)> <Delay = 0.00>
ST_5 : Operation 197 [1/1] (0.00ns)   --->   "%input_fm_1_addr_1 = getelementptr i32 %input_fm_1, i64 0, i64 %zext_ln52_14" [conv.cpp:52]   --->   Operation 197 'getelementptr' 'input_fm_1_addr_1' <Predicate = (!icmp_ln48)> <Delay = 0.00>
ST_5 : Operation 198 [1/1] (0.00ns)   --->   "%input_fm_2_addr = getelementptr i32 %input_fm_2, i64 0, i64 %zext_ln52_13" [conv.cpp:52]   --->   Operation 198 'getelementptr' 'input_fm_2_addr' <Predicate = (!icmp_ln48)> <Delay = 0.00>
ST_5 : Operation 199 [1/1] (0.00ns)   --->   "%input_fm_2_addr_1 = getelementptr i32 %input_fm_2, i64 0, i64 %zext_ln52_14" [conv.cpp:52]   --->   Operation 199 'getelementptr' 'input_fm_2_addr_1' <Predicate = (!icmp_ln48)> <Delay = 0.00>
ST_5 : Operation 200 [1/1] (0.00ns)   --->   "%input_fm_3_addr = getelementptr i32 %input_fm_3, i64 0, i64 %zext_ln52_13" [conv.cpp:52]   --->   Operation 200 'getelementptr' 'input_fm_3_addr' <Predicate = (!icmp_ln48)> <Delay = 0.00>
ST_5 : Operation 201 [1/1] (0.00ns)   --->   "%input_fm_3_addr_1 = getelementptr i32 %input_fm_3, i64 0, i64 %zext_ln52_14" [conv.cpp:52]   --->   Operation 201 'getelementptr' 'input_fm_3_addr_1' <Predicate = (!icmp_ln48)> <Delay = 0.00>
ST_5 : Operation 202 [1/1] (0.00ns)   --->   "%input_fm_4_addr = getelementptr i32 %input_fm_4, i64 0, i64 %zext_ln52_13" [conv.cpp:52]   --->   Operation 202 'getelementptr' 'input_fm_4_addr' <Predicate = (!icmp_ln48)> <Delay = 0.00>
ST_5 : Operation 203 [1/1] (0.00ns)   --->   "%input_fm_4_addr_1 = getelementptr i32 %input_fm_4, i64 0, i64 %zext_ln52_14" [conv.cpp:52]   --->   Operation 203 'getelementptr' 'input_fm_4_addr_1' <Predicate = (!icmp_ln48)> <Delay = 0.00>
ST_5 : Operation 204 [1/1] (0.00ns)   --->   "%input_fm_5_addr = getelementptr i32 %input_fm_5, i64 0, i64 %zext_ln52_13" [conv.cpp:52]   --->   Operation 204 'getelementptr' 'input_fm_5_addr' <Predicate = (!icmp_ln48)> <Delay = 0.00>
ST_5 : Operation 205 [1/1] (0.00ns)   --->   "%input_fm_5_addr_1 = getelementptr i32 %input_fm_5, i64 0, i64 %zext_ln52_14" [conv.cpp:52]   --->   Operation 205 'getelementptr' 'input_fm_5_addr_1' <Predicate = (!icmp_ln48)> <Delay = 0.00>
ST_5 : Operation 206 [1/1] (0.00ns)   --->   "%input_fm_6_addr = getelementptr i32 %input_fm_6, i64 0, i64 %zext_ln52_13" [conv.cpp:52]   --->   Operation 206 'getelementptr' 'input_fm_6_addr' <Predicate = (!icmp_ln48)> <Delay = 0.00>
ST_5 : Operation 207 [1/1] (0.00ns)   --->   "%input_fm_6_addr_1 = getelementptr i32 %input_fm_6, i64 0, i64 %zext_ln52_14" [conv.cpp:52]   --->   Operation 207 'getelementptr' 'input_fm_6_addr_1' <Predicate = (!icmp_ln48)> <Delay = 0.00>
ST_5 : Operation 208 [1/1] (0.00ns)   --->   "%input_fm_7_addr = getelementptr i32 %input_fm_7, i64 0, i64 %zext_ln52_13" [conv.cpp:52]   --->   Operation 208 'getelementptr' 'input_fm_7_addr' <Predicate = (!icmp_ln48)> <Delay = 0.00>
ST_5 : Operation 209 [1/1] (0.00ns)   --->   "%input_fm_7_addr_1 = getelementptr i32 %input_fm_7, i64 0, i64 %zext_ln52_14" [conv.cpp:52]   --->   Operation 209 'getelementptr' 'input_fm_7_addr_1' <Predicate = (!icmp_ln48)> <Delay = 0.00>
ST_5 : Operation 210 [1/1] (0.00ns)   --->   "%input_fm_8_addr = getelementptr i32 %input_fm_8, i64 0, i64 %zext_ln52_13" [conv.cpp:52]   --->   Operation 210 'getelementptr' 'input_fm_8_addr' <Predicate = (!icmp_ln48)> <Delay = 0.00>
ST_5 : Operation 211 [1/1] (0.00ns)   --->   "%input_fm_8_addr_1 = getelementptr i32 %input_fm_8, i64 0, i64 %zext_ln52_14" [conv.cpp:52]   --->   Operation 211 'getelementptr' 'input_fm_8_addr_1' <Predicate = (!icmp_ln48)> <Delay = 0.00>
ST_5 : Operation 212 [1/1] (0.00ns)   --->   "%input_fm_9_addr = getelementptr i32 %input_fm_9, i64 0, i64 %zext_ln52_13" [conv.cpp:52]   --->   Operation 212 'getelementptr' 'input_fm_9_addr' <Predicate = (!icmp_ln48)> <Delay = 0.00>
ST_5 : Operation 213 [1/1] (0.00ns)   --->   "%input_fm_9_addr_1 = getelementptr i32 %input_fm_9, i64 0, i64 %zext_ln52_14" [conv.cpp:52]   --->   Operation 213 'getelementptr' 'input_fm_9_addr_1' <Predicate = (!icmp_ln48)> <Delay = 0.00>
ST_5 : Operation 214 [1/1] (0.00ns)   --->   "%input_fm_10_addr = getelementptr i32 %input_fm_10, i64 0, i64 %zext_ln52_13" [conv.cpp:52]   --->   Operation 214 'getelementptr' 'input_fm_10_addr' <Predicate = (!icmp_ln48)> <Delay = 0.00>
ST_5 : Operation 215 [1/1] (0.00ns)   --->   "%input_fm_10_addr_1 = getelementptr i32 %input_fm_10, i64 0, i64 %zext_ln52_14" [conv.cpp:52]   --->   Operation 215 'getelementptr' 'input_fm_10_addr_1' <Predicate = (!icmp_ln48)> <Delay = 0.00>
ST_5 : Operation 216 [2/2] (3.25ns)   --->   "%input_fm_0_load = load i14 %input_fm_0_addr" [conv.cpp:52]   --->   Operation 216 'load' 'input_fm_0_load' <Predicate = (!icmp_ln48)> <Delay = 3.25> <CoreInst = "RAM">   --->   Core 82 'RAM' <Latency = 1> <II = 1> <Delay = 3.25> <Storage> <Opcode : 'load' 'store'> <Ports = 2> <Width = 32> <Depth = 14364> <RAM>
ST_5 : Operation 217 [2/2] (3.25ns)   --->   "%input_fm_1_load = load i14 %input_fm_1_addr" [conv.cpp:52]   --->   Operation 217 'load' 'input_fm_1_load' <Predicate = (!icmp_ln48)> <Delay = 3.25> <CoreInst = "RAM">   --->   Core 82 'RAM' <Latency = 1> <II = 1> <Delay = 3.25> <Storage> <Opcode : 'load' 'store'> <Ports = 2> <Width = 32> <Depth = 14364> <RAM>
ST_5 : Operation 218 [2/2] (3.25ns)   --->   "%input_fm_2_load = load i14 %input_fm_2_addr" [conv.cpp:52]   --->   Operation 218 'load' 'input_fm_2_load' <Predicate = (!icmp_ln48)> <Delay = 3.25> <CoreInst = "RAM">   --->   Core 82 'RAM' <Latency = 1> <II = 1> <Delay = 3.25> <Storage> <Opcode : 'load' 'store'> <Ports = 2> <Width = 32> <Depth = 14364> <RAM>
ST_5 : Operation 219 [2/2] (3.25ns)   --->   "%input_fm_3_load = load i14 %input_fm_3_addr" [conv.cpp:52]   --->   Operation 219 'load' 'input_fm_3_load' <Predicate = (!icmp_ln48)> <Delay = 3.25> <CoreInst = "RAM">   --->   Core 82 'RAM' <Latency = 1> <II = 1> <Delay = 3.25> <Storage> <Opcode : 'load' 'store'> <Ports = 2> <Width = 32> <Depth = 14364> <RAM>
ST_5 : Operation 220 [2/2] (3.25ns)   --->   "%input_fm_4_load = load i14 %input_fm_4_addr" [conv.cpp:52]   --->   Operation 220 'load' 'input_fm_4_load' <Predicate = (!icmp_ln48)> <Delay = 3.25> <CoreInst = "RAM">   --->   Core 82 'RAM' <Latency = 1> <II = 1> <Delay = 3.25> <Storage> <Opcode : 'load' 'store'> <Ports = 2> <Width = 32> <Depth = 14364> <RAM>
ST_5 : Operation 221 [2/2] (3.25ns)   --->   "%input_fm_5_load = load i14 %input_fm_5_addr" [conv.cpp:52]   --->   Operation 221 'load' 'input_fm_5_load' <Predicate = (!icmp_ln48)> <Delay = 3.25> <CoreInst = "RAM">   --->   Core 82 'RAM' <Latency = 1> <II = 1> <Delay = 3.25> <Storage> <Opcode : 'load' 'store'> <Ports = 2> <Width = 32> <Depth = 14364> <RAM>
ST_5 : Operation 222 [2/2] (3.25ns)   --->   "%input_fm_6_load = load i14 %input_fm_6_addr" [conv.cpp:52]   --->   Operation 222 'load' 'input_fm_6_load' <Predicate = (!icmp_ln48)> <Delay = 3.25> <CoreInst = "RAM">   --->   Core 82 'RAM' <Latency = 1> <II = 1> <Delay = 3.25> <Storage> <Opcode : 'load' 'store'> <Ports = 2> <Width = 32> <Depth = 14364> <RAM>
ST_5 : Operation 223 [2/2] (3.25ns)   --->   "%input_fm_7_load = load i14 %input_fm_7_addr" [conv.cpp:52]   --->   Operation 223 'load' 'input_fm_7_load' <Predicate = (!icmp_ln48)> <Delay = 3.25> <CoreInst = "RAM">   --->   Core 82 'RAM' <Latency = 1> <II = 1> <Delay = 3.25> <Storage> <Opcode : 'load' 'store'> <Ports = 2> <Width = 32> <Depth = 14364> <RAM>
ST_5 : Operation 224 [2/2] (3.25ns)   --->   "%input_fm_8_load = load i14 %input_fm_8_addr" [conv.cpp:52]   --->   Operation 224 'load' 'input_fm_8_load' <Predicate = (!icmp_ln48)> <Delay = 3.25> <CoreInst = "RAM">   --->   Core 82 'RAM' <Latency = 1> <II = 1> <Delay = 3.25> <Storage> <Opcode : 'load' 'store'> <Ports = 2> <Width = 32> <Depth = 14364> <RAM>
ST_5 : Operation 225 [2/2] (3.25ns)   --->   "%input_fm_9_load = load i14 %input_fm_9_addr" [conv.cpp:52]   --->   Operation 225 'load' 'input_fm_9_load' <Predicate = (!icmp_ln48)> <Delay = 3.25> <CoreInst = "RAM">   --->   Core 82 'RAM' <Latency = 1> <II = 1> <Delay = 3.25> <Storage> <Opcode : 'load' 'store'> <Ports = 2> <Width = 32> <Depth = 14364> <RAM>
ST_5 : Operation 226 [2/2] (3.25ns)   --->   "%input_fm_10_load = load i14 %input_fm_10_addr" [conv.cpp:52]   --->   Operation 226 'load' 'input_fm_10_load' <Predicate = (!icmp_ln48)> <Delay = 3.25> <CoreInst = "RAM">   --->   Core 82 'RAM' <Latency = 1> <II = 1> <Delay = 3.25> <Storage> <Opcode : 'load' 'store'> <Ports = 2> <Width = 32> <Depth = 14364> <RAM>
ST_5 : Operation 227 [2/2] (3.25ns)   --->   "%input_fm_0_load_1 = load i14 %input_fm_0_addr_1" [conv.cpp:52]   --->   Operation 227 'load' 'input_fm_0_load_1' <Predicate = (!icmp_ln48)> <Delay = 3.25> <CoreInst = "RAM">   --->   Core 82 'RAM' <Latency = 1> <II = 1> <Delay = 3.25> <Storage> <Opcode : 'load' 'store'> <Ports = 2> <Width = 32> <Depth = 14364> <RAM>
ST_5 : Operation 228 [2/2] (3.25ns)   --->   "%input_fm_1_load_1 = load i14 %input_fm_1_addr_1" [conv.cpp:52]   --->   Operation 228 'load' 'input_fm_1_load_1' <Predicate = (!icmp_ln48)> <Delay = 3.25> <CoreInst = "RAM">   --->   Core 82 'RAM' <Latency = 1> <II = 1> <Delay = 3.25> <Storage> <Opcode : 'load' 'store'> <Ports = 2> <Width = 32> <Depth = 14364> <RAM>
ST_5 : Operation 229 [2/2] (3.25ns)   --->   "%input_fm_2_load_1 = load i14 %input_fm_2_addr_1" [conv.cpp:52]   --->   Operation 229 'load' 'input_fm_2_load_1' <Predicate = (!icmp_ln48)> <Delay = 3.25> <CoreInst = "RAM">   --->   Core 82 'RAM' <Latency = 1> <II = 1> <Delay = 3.25> <Storage> <Opcode : 'load' 'store'> <Ports = 2> <Width = 32> <Depth = 14364> <RAM>
ST_5 : Operation 230 [2/2] (3.25ns)   --->   "%input_fm_3_load_1 = load i14 %input_fm_3_addr_1" [conv.cpp:52]   --->   Operation 230 'load' 'input_fm_3_load_1' <Predicate = (!icmp_ln48)> <Delay = 3.25> <CoreInst = "RAM">   --->   Core 82 'RAM' <Latency = 1> <II = 1> <Delay = 3.25> <Storage> <Opcode : 'load' 'store'> <Ports = 2> <Width = 32> <Depth = 14364> <RAM>
ST_5 : Operation 231 [2/2] (3.25ns)   --->   "%input_fm_4_load_1 = load i14 %input_fm_4_addr_1" [conv.cpp:52]   --->   Operation 231 'load' 'input_fm_4_load_1' <Predicate = (!icmp_ln48)> <Delay = 3.25> <CoreInst = "RAM">   --->   Core 82 'RAM' <Latency = 1> <II = 1> <Delay = 3.25> <Storage> <Opcode : 'load' 'store'> <Ports = 2> <Width = 32> <Depth = 14364> <RAM>
ST_5 : Operation 232 [2/2] (3.25ns)   --->   "%input_fm_5_load_1 = load i14 %input_fm_5_addr_1" [conv.cpp:52]   --->   Operation 232 'load' 'input_fm_5_load_1' <Predicate = (!icmp_ln48)> <Delay = 3.25> <CoreInst = "RAM">   --->   Core 82 'RAM' <Latency = 1> <II = 1> <Delay = 3.25> <Storage> <Opcode : 'load' 'store'> <Ports = 2> <Width = 32> <Depth = 14364> <RAM>
ST_5 : Operation 233 [2/2] (3.25ns)   --->   "%input_fm_6_load_1 = load i14 %input_fm_6_addr_1" [conv.cpp:52]   --->   Operation 233 'load' 'input_fm_6_load_1' <Predicate = (!icmp_ln48)> <Delay = 3.25> <CoreInst = "RAM">   --->   Core 82 'RAM' <Latency = 1> <II = 1> <Delay = 3.25> <Storage> <Opcode : 'load' 'store'> <Ports = 2> <Width = 32> <Depth = 14364> <RAM>
ST_5 : Operation 234 [2/2] (3.25ns)   --->   "%input_fm_7_load_1 = load i14 %input_fm_7_addr_1" [conv.cpp:52]   --->   Operation 234 'load' 'input_fm_7_load_1' <Predicate = (!icmp_ln48)> <Delay = 3.25> <CoreInst = "RAM">   --->   Core 82 'RAM' <Latency = 1> <II = 1> <Delay = 3.25> <Storage> <Opcode : 'load' 'store'> <Ports = 2> <Width = 32> <Depth = 14364> <RAM>
ST_5 : Operation 235 [2/2] (3.25ns)   --->   "%input_fm_8_load_1 = load i14 %input_fm_8_addr_1" [conv.cpp:52]   --->   Operation 235 'load' 'input_fm_8_load_1' <Predicate = (!icmp_ln48)> <Delay = 3.25> <CoreInst = "RAM">   --->   Core 82 'RAM' <Latency = 1> <II = 1> <Delay = 3.25> <Storage> <Opcode : 'load' 'store'> <Ports = 2> <Width = 32> <Depth = 14364> <RAM>
ST_5 : Operation 236 [2/2] (3.25ns)   --->   "%input_fm_9_load_1 = load i14 %input_fm_9_addr_1" [conv.cpp:52]   --->   Operation 236 'load' 'input_fm_9_load_1' <Predicate = (!icmp_ln48)> <Delay = 3.25> <CoreInst = "RAM">   --->   Core 82 'RAM' <Latency = 1> <II = 1> <Delay = 3.25> <Storage> <Opcode : 'load' 'store'> <Ports = 2> <Width = 32> <Depth = 14364> <RAM>
ST_5 : Operation 237 [2/2] (3.25ns)   --->   "%input_fm_10_load_1 = load i14 %input_fm_10_addr_1" [conv.cpp:52]   --->   Operation 237 'load' 'input_fm_10_load_1' <Predicate = (!icmp_ln48)> <Delay = 3.25> <CoreInst = "RAM">   --->   Core 82 'RAM' <Latency = 1> <II = 1> <Delay = 3.25> <Storage> <Opcode : 'load' 'store'> <Ports = 2> <Width = 32> <Depth = 14364> <RAM>

State 6 <SV = 5> <Delay = 5.91>
ST_6 : Operation 238 [1/1] (1.81ns)   --->   "%add_ln52_3 = add i14 %mul_ln52, i14 %zext_ln52_3_cast" [conv.cpp:52]   --->   Operation 238 'add' 'add_ln52_3' <Predicate = (!icmp_ln48)> <Delay = 1.81> <CoreInst = "Adder">   --->   Core 1 'Adder' <Latency = 0> <II = 1> <Delay = 1.81> <FuncUnit> <Opcode : 'add' 'sub'> <InPorts = 2> <OutPorts = 1>
ST_6 : Operation 239 [1/1] (0.00ns)   --->   "%zext_ln52_15 = zext i14 %add_ln52_3" [conv.cpp:52]   --->   Operation 239 'zext' 'zext_ln52_15' <Predicate = (!icmp_ln48)> <Delay = 0.00>
ST_6 : Operation 240 [1/1] (0.00ns)   --->   "%input_fm_0_addr_2 = getelementptr i32 %input_fm_0, i64 0, i64 %zext_ln52_15" [conv.cpp:52]   --->   Operation 240 'getelementptr' 'input_fm_0_addr_2' <Predicate = (!icmp_ln48)> <Delay = 0.00>
ST_6 : Operation 241 [1/1] (1.81ns)   --->   "%add_ln52_4 = add i14 %mul_ln52, i14 %zext_ln52_4_cast" [conv.cpp:52]   --->   Operation 241 'add' 'add_ln52_4' <Predicate = (!icmp_ln48)> <Delay = 1.81> <CoreInst = "Adder">   --->   Core 1 'Adder' <Latency = 0> <II = 1> <Delay = 1.81> <FuncUnit> <Opcode : 'add' 'sub'> <InPorts = 2> <OutPorts = 1>
ST_6 : Operation 242 [1/1] (0.00ns)   --->   "%zext_ln52_16 = zext i14 %add_ln52_4" [conv.cpp:52]   --->   Operation 242 'zext' 'zext_ln52_16' <Predicate = (!icmp_ln48)> <Delay = 0.00>
ST_6 : Operation 243 [1/1] (0.00ns)   --->   "%input_fm_0_addr_3 = getelementptr i32 %input_fm_0, i64 0, i64 %zext_ln52_16" [conv.cpp:52]   --->   Operation 243 'getelementptr' 'input_fm_0_addr_3' <Predicate = (!icmp_ln48)> <Delay = 0.00>
ST_6 : Operation 244 [1/1] (0.00ns)   --->   "%input_fm_1_addr_2 = getelementptr i32 %input_fm_1, i64 0, i64 %zext_ln52_15" [conv.cpp:52]   --->   Operation 244 'getelementptr' 'input_fm_1_addr_2' <Predicate = (!icmp_ln48)> <Delay = 0.00>
ST_6 : Operation 245 [1/1] (0.00ns)   --->   "%input_fm_1_addr_3 = getelementptr i32 %input_fm_1, i64 0, i64 %zext_ln52_16" [conv.cpp:52]   --->   Operation 245 'getelementptr' 'input_fm_1_addr_3' <Predicate = (!icmp_ln48)> <Delay = 0.00>
ST_6 : Operation 246 [1/1] (0.00ns)   --->   "%input_fm_2_addr_2 = getelementptr i32 %input_fm_2, i64 0, i64 %zext_ln52_15" [conv.cpp:52]   --->   Operation 246 'getelementptr' 'input_fm_2_addr_2' <Predicate = (!icmp_ln48)> <Delay = 0.00>
ST_6 : Operation 247 [1/1] (0.00ns)   --->   "%input_fm_2_addr_3 = getelementptr i32 %input_fm_2, i64 0, i64 %zext_ln52_16" [conv.cpp:52]   --->   Operation 247 'getelementptr' 'input_fm_2_addr_3' <Predicate = (!icmp_ln48)> <Delay = 0.00>
ST_6 : Operation 248 [1/1] (0.00ns)   --->   "%input_fm_3_addr_2 = getelementptr i32 %input_fm_3, i64 0, i64 %zext_ln52_15" [conv.cpp:52]   --->   Operation 248 'getelementptr' 'input_fm_3_addr_2' <Predicate = (!icmp_ln48)> <Delay = 0.00>
ST_6 : Operation 249 [1/1] (0.00ns)   --->   "%input_fm_3_addr_3 = getelementptr i32 %input_fm_3, i64 0, i64 %zext_ln52_16" [conv.cpp:52]   --->   Operation 249 'getelementptr' 'input_fm_3_addr_3' <Predicate = (!icmp_ln48)> <Delay = 0.00>
ST_6 : Operation 250 [1/1] (0.00ns)   --->   "%input_fm_4_addr_2 = getelementptr i32 %input_fm_4, i64 0, i64 %zext_ln52_15" [conv.cpp:52]   --->   Operation 250 'getelementptr' 'input_fm_4_addr_2' <Predicate = (!icmp_ln48)> <Delay = 0.00>
ST_6 : Operation 251 [1/1] (0.00ns)   --->   "%input_fm_4_addr_3 = getelementptr i32 %input_fm_4, i64 0, i64 %zext_ln52_16" [conv.cpp:52]   --->   Operation 251 'getelementptr' 'input_fm_4_addr_3' <Predicate = (!icmp_ln48)> <Delay = 0.00>
ST_6 : Operation 252 [1/1] (0.00ns)   --->   "%input_fm_5_addr_2 = getelementptr i32 %input_fm_5, i64 0, i64 %zext_ln52_15" [conv.cpp:52]   --->   Operation 252 'getelementptr' 'input_fm_5_addr_2' <Predicate = (!icmp_ln48)> <Delay = 0.00>
ST_6 : Operation 253 [1/1] (0.00ns)   --->   "%input_fm_5_addr_3 = getelementptr i32 %input_fm_5, i64 0, i64 %zext_ln52_16" [conv.cpp:52]   --->   Operation 253 'getelementptr' 'input_fm_5_addr_3' <Predicate = (!icmp_ln48)> <Delay = 0.00>
ST_6 : Operation 254 [1/1] (0.00ns)   --->   "%input_fm_6_addr_2 = getelementptr i32 %input_fm_6, i64 0, i64 %zext_ln52_15" [conv.cpp:52]   --->   Operation 254 'getelementptr' 'input_fm_6_addr_2' <Predicate = (!icmp_ln48)> <Delay = 0.00>
ST_6 : Operation 255 [1/1] (0.00ns)   --->   "%input_fm_6_addr_3 = getelementptr i32 %input_fm_6, i64 0, i64 %zext_ln52_16" [conv.cpp:52]   --->   Operation 255 'getelementptr' 'input_fm_6_addr_3' <Predicate = (!icmp_ln48)> <Delay = 0.00>
ST_6 : Operation 256 [1/1] (0.00ns)   --->   "%input_fm_7_addr_2 = getelementptr i32 %input_fm_7, i64 0, i64 %zext_ln52_15" [conv.cpp:52]   --->   Operation 256 'getelementptr' 'input_fm_7_addr_2' <Predicate = (!icmp_ln48)> <Delay = 0.00>
ST_6 : Operation 257 [1/1] (0.00ns)   --->   "%input_fm_7_addr_3 = getelementptr i32 %input_fm_7, i64 0, i64 %zext_ln52_16" [conv.cpp:52]   --->   Operation 257 'getelementptr' 'input_fm_7_addr_3' <Predicate = (!icmp_ln48)> <Delay = 0.00>
ST_6 : Operation 258 [1/1] (0.00ns)   --->   "%input_fm_8_addr_2 = getelementptr i32 %input_fm_8, i64 0, i64 %zext_ln52_15" [conv.cpp:52]   --->   Operation 258 'getelementptr' 'input_fm_8_addr_2' <Predicate = (!icmp_ln48)> <Delay = 0.00>
ST_6 : Operation 259 [1/1] (0.00ns)   --->   "%input_fm_8_addr_3 = getelementptr i32 %input_fm_8, i64 0, i64 %zext_ln52_16" [conv.cpp:52]   --->   Operation 259 'getelementptr' 'input_fm_8_addr_3' <Predicate = (!icmp_ln48)> <Delay = 0.00>
ST_6 : Operation 260 [1/1] (0.00ns)   --->   "%input_fm_9_addr_2 = getelementptr i32 %input_fm_9, i64 0, i64 %zext_ln52_15" [conv.cpp:52]   --->   Operation 260 'getelementptr' 'input_fm_9_addr_2' <Predicate = (!icmp_ln48)> <Delay = 0.00>
ST_6 : Operation 261 [1/1] (0.00ns)   --->   "%input_fm_9_addr_3 = getelementptr i32 %input_fm_9, i64 0, i64 %zext_ln52_16" [conv.cpp:52]   --->   Operation 261 'getelementptr' 'input_fm_9_addr_3' <Predicate = (!icmp_ln48)> <Delay = 0.00>
ST_6 : Operation 262 [1/1] (0.00ns)   --->   "%input_fm_10_addr_2 = getelementptr i32 %input_fm_10, i64 0, i64 %zext_ln52_15" [conv.cpp:52]   --->   Operation 262 'getelementptr' 'input_fm_10_addr_2' <Predicate = (!icmp_ln48)> <Delay = 0.00>
ST_6 : Operation 263 [1/1] (0.00ns)   --->   "%input_fm_10_addr_3 = getelementptr i32 %input_fm_10, i64 0, i64 %zext_ln52_16" [conv.cpp:52]   --->   Operation 263 'getelementptr' 'input_fm_10_addr_3' <Predicate = (!icmp_ln48)> <Delay = 0.00>
ST_6 : Operation 264 [1/2] (3.25ns)   --->   "%input_fm_0_load = load i14 %input_fm_0_addr" [conv.cpp:52]   --->   Operation 264 'load' 'input_fm_0_load' <Predicate = (!icmp_ln48)> <Delay = 3.25> <CoreInst = "RAM">   --->   Core 82 'RAM' <Latency = 1> <II = 1> <Delay = 3.25> <Storage> <Opcode : 'load' 'store'> <Ports = 2> <Width = 32> <Depth = 14364> <RAM>
ST_6 : Operation 265 [1/1] (0.00ns)   --->   "%bitcast_ln52_2 = bitcast i32 %input_fm_0_load" [conv.cpp:52]   --->   Operation 265 'bitcast' 'bitcast_ln52_2' <Predicate = (!icmp_ln48)> <Delay = 0.00>
ST_6 : Operation 266 [1/2] (3.25ns)   --->   "%input_fm_1_load = load i14 %input_fm_1_addr" [conv.cpp:52]   --->   Operation 266 'load' 'input_fm_1_load' <Predicate = (!icmp_ln48)> <Delay = 3.25> <CoreInst = "RAM">   --->   Core 82 'RAM' <Latency = 1> <II = 1> <Delay = 3.25> <Storage> <Opcode : 'load' 'store'> <Ports = 2> <Width = 32> <Depth = 14364> <RAM>
ST_6 : Operation 267 [1/1] (0.00ns)   --->   "%bitcast_ln52_3 = bitcast i32 %input_fm_1_load" [conv.cpp:52]   --->   Operation 267 'bitcast' 'bitcast_ln52_3' <Predicate = (!icmp_ln48)> <Delay = 0.00>
ST_6 : Operation 268 [1/2] (3.25ns)   --->   "%input_fm_2_load = load i14 %input_fm_2_addr" [conv.cpp:52]   --->   Operation 268 'load' 'input_fm_2_load' <Predicate = (!icmp_ln48)> <Delay = 3.25> <CoreInst = "RAM">   --->   Core 82 'RAM' <Latency = 1> <II = 1> <Delay = 3.25> <Storage> <Opcode : 'load' 'store'> <Ports = 2> <Width = 32> <Depth = 14364> <RAM>
ST_6 : Operation 269 [1/1] (0.00ns)   --->   "%bitcast_ln52_4 = bitcast i32 %input_fm_2_load" [conv.cpp:52]   --->   Operation 269 'bitcast' 'bitcast_ln52_4' <Predicate = (!icmp_ln48)> <Delay = 0.00>
ST_6 : Operation 270 [1/2] (3.25ns)   --->   "%input_fm_3_load = load i14 %input_fm_3_addr" [conv.cpp:52]   --->   Operation 270 'load' 'input_fm_3_load' <Predicate = (!icmp_ln48)> <Delay = 3.25> <CoreInst = "RAM">   --->   Core 82 'RAM' <Latency = 1> <II = 1> <Delay = 3.25> <Storage> <Opcode : 'load' 'store'> <Ports = 2> <Width = 32> <Depth = 14364> <RAM>
ST_6 : Operation 271 [1/1] (0.00ns)   --->   "%bitcast_ln52_5 = bitcast i32 %input_fm_3_load" [conv.cpp:52]   --->   Operation 271 'bitcast' 'bitcast_ln52_5' <Predicate = (!icmp_ln48)> <Delay = 0.00>
ST_6 : Operation 272 [1/2] (3.25ns)   --->   "%input_fm_4_load = load i14 %input_fm_4_addr" [conv.cpp:52]   --->   Operation 272 'load' 'input_fm_4_load' <Predicate = (!icmp_ln48)> <Delay = 3.25> <CoreInst = "RAM">   --->   Core 82 'RAM' <Latency = 1> <II = 1> <Delay = 3.25> <Storage> <Opcode : 'load' 'store'> <Ports = 2> <Width = 32> <Depth = 14364> <RAM>
ST_6 : Operation 273 [1/1] (0.00ns)   --->   "%bitcast_ln52_6 = bitcast i32 %input_fm_4_load" [conv.cpp:52]   --->   Operation 273 'bitcast' 'bitcast_ln52_6' <Predicate = (!icmp_ln48)> <Delay = 0.00>
ST_6 : Operation 274 [1/2] (3.25ns)   --->   "%input_fm_5_load = load i14 %input_fm_5_addr" [conv.cpp:52]   --->   Operation 274 'load' 'input_fm_5_load' <Predicate = (!icmp_ln48)> <Delay = 3.25> <CoreInst = "RAM">   --->   Core 82 'RAM' <Latency = 1> <II = 1> <Delay = 3.25> <Storage> <Opcode : 'load' 'store'> <Ports = 2> <Width = 32> <Depth = 14364> <RAM>
ST_6 : Operation 275 [1/1] (0.00ns)   --->   "%bitcast_ln52_7 = bitcast i32 %input_fm_5_load" [conv.cpp:52]   --->   Operation 275 'bitcast' 'bitcast_ln52_7' <Predicate = (!icmp_ln48)> <Delay = 0.00>
ST_6 : Operation 276 [1/2] (3.25ns)   --->   "%input_fm_6_load = load i14 %input_fm_6_addr" [conv.cpp:52]   --->   Operation 276 'load' 'input_fm_6_load' <Predicate = (!icmp_ln48)> <Delay = 3.25> <CoreInst = "RAM">   --->   Core 82 'RAM' <Latency = 1> <II = 1> <Delay = 3.25> <Storage> <Opcode : 'load' 'store'> <Ports = 2> <Width = 32> <Depth = 14364> <RAM>
ST_6 : Operation 277 [1/1] (0.00ns)   --->   "%bitcast_ln52_8 = bitcast i32 %input_fm_6_load" [conv.cpp:52]   --->   Operation 277 'bitcast' 'bitcast_ln52_8' <Predicate = (!icmp_ln48)> <Delay = 0.00>
ST_6 : Operation 278 [1/2] (3.25ns)   --->   "%input_fm_7_load = load i14 %input_fm_7_addr" [conv.cpp:52]   --->   Operation 278 'load' 'input_fm_7_load' <Predicate = (!icmp_ln48)> <Delay = 3.25> <CoreInst = "RAM">   --->   Core 82 'RAM' <Latency = 1> <II = 1> <Delay = 3.25> <Storage> <Opcode : 'load' 'store'> <Ports = 2> <Width = 32> <Depth = 14364> <RAM>
ST_6 : Operation 279 [1/1] (0.00ns)   --->   "%bitcast_ln52_9 = bitcast i32 %input_fm_7_load" [conv.cpp:52]   --->   Operation 279 'bitcast' 'bitcast_ln52_9' <Predicate = (!icmp_ln48)> <Delay = 0.00>
ST_6 : Operation 280 [1/2] (3.25ns)   --->   "%input_fm_8_load = load i14 %input_fm_8_addr" [conv.cpp:52]   --->   Operation 280 'load' 'input_fm_8_load' <Predicate = (!icmp_ln48)> <Delay = 3.25> <CoreInst = "RAM">   --->   Core 82 'RAM' <Latency = 1> <II = 1> <Delay = 3.25> <Storage> <Opcode : 'load' 'store'> <Ports = 2> <Width = 32> <Depth = 14364> <RAM>
ST_6 : Operation 281 [1/1] (0.00ns)   --->   "%bitcast_ln52_10 = bitcast i32 %input_fm_8_load" [conv.cpp:52]   --->   Operation 281 'bitcast' 'bitcast_ln52_10' <Predicate = (!icmp_ln48)> <Delay = 0.00>
ST_6 : Operation 282 [1/2] (3.25ns)   --->   "%input_fm_9_load = load i14 %input_fm_9_addr" [conv.cpp:52]   --->   Operation 282 'load' 'input_fm_9_load' <Predicate = (!icmp_ln48)> <Delay = 3.25> <CoreInst = "RAM">   --->   Core 82 'RAM' <Latency = 1> <II = 1> <Delay = 3.25> <Storage> <Opcode : 'load' 'store'> <Ports = 2> <Width = 32> <Depth = 14364> <RAM>
ST_6 : Operation 283 [1/1] (0.00ns)   --->   "%bitcast_ln52_11 = bitcast i32 %input_fm_9_load" [conv.cpp:52]   --->   Operation 283 'bitcast' 'bitcast_ln52_11' <Predicate = (!icmp_ln48)> <Delay = 0.00>
ST_6 : Operation 284 [1/2] (3.25ns)   --->   "%input_fm_10_load = load i14 %input_fm_10_addr" [conv.cpp:52]   --->   Operation 284 'load' 'input_fm_10_load' <Predicate = (!icmp_ln48)> <Delay = 3.25> <CoreInst = "RAM">   --->   Core 82 'RAM' <Latency = 1> <II = 1> <Delay = 3.25> <Storage> <Opcode : 'load' 'store'> <Ports = 2> <Width = 32> <Depth = 14364> <RAM>
ST_6 : Operation 285 [1/1] (0.00ns)   --->   "%bitcast_ln52_12 = bitcast i32 %input_fm_10_load" [conv.cpp:52]   --->   Operation 285 'bitcast' 'bitcast_ln52_12' <Predicate = (!icmp_ln48)> <Delay = 0.00>
ST_6 : Operation 286 [1/1] (2.66ns)   --->   "%tmp_1 = mux i32 @_ssdm_op_Mux.ap_auto.11f32.i4, i32 %bitcast_ln52_2, i32 %bitcast_ln52_3, i32 %bitcast_ln52_4, i32 %bitcast_ln52_5, i32 %bitcast_ln52_6, i32 %bitcast_ln52_7, i32 %bitcast_ln52_8, i32 %bitcast_ln52_9, i32 %bitcast_ln52_10, i32 %bitcast_ln52_11, i32 %bitcast_ln52_12, i4 %trunc_ln_read" [conv.cpp:52]   --->   Operation 286 'mux' 'tmp_1' <Predicate = (!icmp_ln48)> <Delay = 2.66> <CoreInst = "Multiplexer">   --->   Core 76 'Multiplexer' <Latency = 0> <II = 1> <Delay = 2.66> <FuncUnit> <Opcode : 'mux'> <InPorts = 2> <OutPorts = 1>
ST_6 : Operation 287 [1/2] (3.25ns)   --->   "%input_fm_0_load_1 = load i14 %input_fm_0_addr_1" [conv.cpp:52]   --->   Operation 287 'load' 'input_fm_0_load_1' <Predicate = (!icmp_ln48)> <Delay = 3.25> <CoreInst = "RAM">   --->   Core 82 'RAM' <Latency = 1> <II = 1> <Delay = 3.25> <Storage> <Opcode : 'load' 'store'> <Ports = 2> <Width = 32> <Depth = 14364> <RAM>
ST_6 : Operation 288 [1/1] (0.00ns)   --->   "%bitcast_ln52_13 = bitcast i32 %input_fm_0_load_1" [conv.cpp:52]   --->   Operation 288 'bitcast' 'bitcast_ln52_13' <Predicate = (!icmp_ln48)> <Delay = 0.00>
ST_6 : Operation 289 [1/2] (3.25ns)   --->   "%input_fm_1_load_1 = load i14 %input_fm_1_addr_1" [conv.cpp:52]   --->   Operation 289 'load' 'input_fm_1_load_1' <Predicate = (!icmp_ln48)> <Delay = 3.25> <CoreInst = "RAM">   --->   Core 82 'RAM' <Latency = 1> <II = 1> <Delay = 3.25> <Storage> <Opcode : 'load' 'store'> <Ports = 2> <Width = 32> <Depth = 14364> <RAM>
ST_6 : Operation 290 [1/1] (0.00ns)   --->   "%bitcast_ln52_14 = bitcast i32 %input_fm_1_load_1" [conv.cpp:52]   --->   Operation 290 'bitcast' 'bitcast_ln52_14' <Predicate = (!icmp_ln48)> <Delay = 0.00>
ST_6 : Operation 291 [1/2] (3.25ns)   --->   "%input_fm_2_load_1 = load i14 %input_fm_2_addr_1" [conv.cpp:52]   --->   Operation 291 'load' 'input_fm_2_load_1' <Predicate = (!icmp_ln48)> <Delay = 3.25> <CoreInst = "RAM">   --->   Core 82 'RAM' <Latency = 1> <II = 1> <Delay = 3.25> <Storage> <Opcode : 'load' 'store'> <Ports = 2> <Width = 32> <Depth = 14364> <RAM>
ST_6 : Operation 292 [1/1] (0.00ns)   --->   "%bitcast_ln52_15 = bitcast i32 %input_fm_2_load_1" [conv.cpp:52]   --->   Operation 292 'bitcast' 'bitcast_ln52_15' <Predicate = (!icmp_ln48)> <Delay = 0.00>
ST_6 : Operation 293 [1/2] (3.25ns)   --->   "%input_fm_3_load_1 = load i14 %input_fm_3_addr_1" [conv.cpp:52]   --->   Operation 293 'load' 'input_fm_3_load_1' <Predicate = (!icmp_ln48)> <Delay = 3.25> <CoreInst = "RAM">   --->   Core 82 'RAM' <Latency = 1> <II = 1> <Delay = 3.25> <Storage> <Opcode : 'load' 'store'> <Ports = 2> <Width = 32> <Depth = 14364> <RAM>
ST_6 : Operation 294 [1/1] (0.00ns)   --->   "%bitcast_ln52_16 = bitcast i32 %input_fm_3_load_1" [conv.cpp:52]   --->   Operation 294 'bitcast' 'bitcast_ln52_16' <Predicate = (!icmp_ln48)> <Delay = 0.00>
ST_6 : Operation 295 [1/2] (3.25ns)   --->   "%input_fm_4_load_1 = load i14 %input_fm_4_addr_1" [conv.cpp:52]   --->   Operation 295 'load' 'input_fm_4_load_1' <Predicate = (!icmp_ln48)> <Delay = 3.25> <CoreInst = "RAM">   --->   Core 82 'RAM' <Latency = 1> <II = 1> <Delay = 3.25> <Storage> <Opcode : 'load' 'store'> <Ports = 2> <Width = 32> <Depth = 14364> <RAM>
ST_6 : Operation 296 [1/1] (0.00ns)   --->   "%bitcast_ln52_17 = bitcast i32 %input_fm_4_load_1" [conv.cpp:52]   --->   Operation 296 'bitcast' 'bitcast_ln52_17' <Predicate = (!icmp_ln48)> <Delay = 0.00>
ST_6 : Operation 297 [1/2] (3.25ns)   --->   "%input_fm_5_load_1 = load i14 %input_fm_5_addr_1" [conv.cpp:52]   --->   Operation 297 'load' 'input_fm_5_load_1' <Predicate = (!icmp_ln48)> <Delay = 3.25> <CoreInst = "RAM">   --->   Core 82 'RAM' <Latency = 1> <II = 1> <Delay = 3.25> <Storage> <Opcode : 'load' 'store'> <Ports = 2> <Width = 32> <Depth = 14364> <RAM>
ST_6 : Operation 298 [1/1] (0.00ns)   --->   "%bitcast_ln52_18 = bitcast i32 %input_fm_5_load_1" [conv.cpp:52]   --->   Operation 298 'bitcast' 'bitcast_ln52_18' <Predicate = (!icmp_ln48)> <Delay = 0.00>
ST_6 : Operation 299 [1/2] (3.25ns)   --->   "%input_fm_6_load_1 = load i14 %input_fm_6_addr_1" [conv.cpp:52]   --->   Operation 299 'load' 'input_fm_6_load_1' <Predicate = (!icmp_ln48)> <Delay = 3.25> <CoreInst = "RAM">   --->   Core 82 'RAM' <Latency = 1> <II = 1> <Delay = 3.25> <Storage> <Opcode : 'load' 'store'> <Ports = 2> <Width = 32> <Depth = 14364> <RAM>
ST_6 : Operation 300 [1/1] (0.00ns)   --->   "%bitcast_ln52_19 = bitcast i32 %input_fm_6_load_1" [conv.cpp:52]   --->   Operation 300 'bitcast' 'bitcast_ln52_19' <Predicate = (!icmp_ln48)> <Delay = 0.00>
ST_6 : Operation 301 [1/2] (3.25ns)   --->   "%input_fm_7_load_1 = load i14 %input_fm_7_addr_1" [conv.cpp:52]   --->   Operation 301 'load' 'input_fm_7_load_1' <Predicate = (!icmp_ln48)> <Delay = 3.25> <CoreInst = "RAM">   --->   Core 82 'RAM' <Latency = 1> <II = 1> <Delay = 3.25> <Storage> <Opcode : 'load' 'store'> <Ports = 2> <Width = 32> <Depth = 14364> <RAM>
ST_6 : Operation 302 [1/1] (0.00ns)   --->   "%bitcast_ln52_20 = bitcast i32 %input_fm_7_load_1" [conv.cpp:52]   --->   Operation 302 'bitcast' 'bitcast_ln52_20' <Predicate = (!icmp_ln48)> <Delay = 0.00>
ST_6 : Operation 303 [1/2] (3.25ns)   --->   "%input_fm_8_load_1 = load i14 %input_fm_8_addr_1" [conv.cpp:52]   --->   Operation 303 'load' 'input_fm_8_load_1' <Predicate = (!icmp_ln48)> <Delay = 3.25> <CoreInst = "RAM">   --->   Core 82 'RAM' <Latency = 1> <II = 1> <Delay = 3.25> <Storage> <Opcode : 'load' 'store'> <Ports = 2> <Width = 32> <Depth = 14364> <RAM>
ST_6 : Operation 304 [1/1] (0.00ns)   --->   "%bitcast_ln52_21 = bitcast i32 %input_fm_8_load_1" [conv.cpp:52]   --->   Operation 304 'bitcast' 'bitcast_ln52_21' <Predicate = (!icmp_ln48)> <Delay = 0.00>
ST_6 : Operation 305 [1/2] (3.25ns)   --->   "%input_fm_9_load_1 = load i14 %input_fm_9_addr_1" [conv.cpp:52]   --->   Operation 305 'load' 'input_fm_9_load_1' <Predicate = (!icmp_ln48)> <Delay = 3.25> <CoreInst = "RAM">   --->   Core 82 'RAM' <Latency = 1> <II = 1> <Delay = 3.25> <Storage> <Opcode : 'load' 'store'> <Ports = 2> <Width = 32> <Depth = 14364> <RAM>
ST_6 : Operation 306 [1/1] (0.00ns)   --->   "%bitcast_ln52_22 = bitcast i32 %input_fm_9_load_1" [conv.cpp:52]   --->   Operation 306 'bitcast' 'bitcast_ln52_22' <Predicate = (!icmp_ln48)> <Delay = 0.00>
ST_6 : Operation 307 [1/2] (3.25ns)   --->   "%input_fm_10_load_1 = load i14 %input_fm_10_addr_1" [conv.cpp:52]   --->   Operation 307 'load' 'input_fm_10_load_1' <Predicate = (!icmp_ln48)> <Delay = 3.25> <CoreInst = "RAM">   --->   Core 82 'RAM' <Latency = 1> <II = 1> <Delay = 3.25> <Storage> <Opcode : 'load' 'store'> <Ports = 2> <Width = 32> <Depth = 14364> <RAM>
ST_6 : Operation 308 [1/1] (0.00ns)   --->   "%bitcast_ln52_23 = bitcast i32 %input_fm_10_load_1" [conv.cpp:52]   --->   Operation 308 'bitcast' 'bitcast_ln52_23' <Predicate = (!icmp_ln48)> <Delay = 0.00>
ST_6 : Operation 309 [1/1] (2.66ns)   --->   "%tmp_1_1 = mux i32 @_ssdm_op_Mux.ap_auto.11f32.i4, i32 %bitcast_ln52_13, i32 %bitcast_ln52_14, i32 %bitcast_ln52_15, i32 %bitcast_ln52_16, i32 %bitcast_ln52_17, i32 %bitcast_ln52_18, i32 %bitcast_ln52_19, i32 %bitcast_ln52_20, i32 %bitcast_ln52_21, i32 %bitcast_ln52_22, i32 %bitcast_ln52_23, i4 %trunc_ln52_1_read" [conv.cpp:52]   --->   Operation 309 'mux' 'tmp_1_1' <Predicate = (!icmp_ln48)> <Delay = 2.66> <CoreInst = "Multiplexer">   --->   Core 76 'Multiplexer' <Latency = 0> <II = 1> <Delay = 2.66> <FuncUnit> <Opcode : 'mux'> <InPorts = 2> <OutPorts = 1>
ST_6 : Operation 310 [2/2] (3.25ns)   --->   "%input_fm_0_load_2 = load i14 %input_fm_0_addr_2" [conv.cpp:52]   --->   Operation 310 'load' 'input_fm_0_load_2' <Predicate = (!icmp_ln48)> <Delay = 3.25> <CoreInst = "RAM">   --->   Core 82 'RAM' <Latency = 1> <II = 1> <Delay = 3.25> <Storage> <Opcode : 'load' 'store'> <Ports = 2> <Width = 32> <Depth = 14364> <RAM>
ST_6 : Operation 311 [2/2] (3.25ns)   --->   "%input_fm_1_load_2 = load i14 %input_fm_1_addr_2" [conv.cpp:52]   --->   Operation 311 'load' 'input_fm_1_load_2' <Predicate = (!icmp_ln48)> <Delay = 3.25> <CoreInst = "RAM">   --->   Core 82 'RAM' <Latency = 1> <II = 1> <Delay = 3.25> <Storage> <Opcode : 'load' 'store'> <Ports = 2> <Width = 32> <Depth = 14364> <RAM>
ST_6 : Operation 312 [2/2] (3.25ns)   --->   "%input_fm_2_load_2 = load i14 %input_fm_2_addr_2" [conv.cpp:52]   --->   Operation 312 'load' 'input_fm_2_load_2' <Predicate = (!icmp_ln48)> <Delay = 3.25> <CoreInst = "RAM">   --->   Core 82 'RAM' <Latency = 1> <II = 1> <Delay = 3.25> <Storage> <Opcode : 'load' 'store'> <Ports = 2> <Width = 32> <Depth = 14364> <RAM>
ST_6 : Operation 313 [2/2] (3.25ns)   --->   "%input_fm_3_load_2 = load i14 %input_fm_3_addr_2" [conv.cpp:52]   --->   Operation 313 'load' 'input_fm_3_load_2' <Predicate = (!icmp_ln48)> <Delay = 3.25> <CoreInst = "RAM">   --->   Core 82 'RAM' <Latency = 1> <II = 1> <Delay = 3.25> <Storage> <Opcode : 'load' 'store'> <Ports = 2> <Width = 32> <Depth = 14364> <RAM>
ST_6 : Operation 314 [2/2] (3.25ns)   --->   "%input_fm_4_load_2 = load i14 %input_fm_4_addr_2" [conv.cpp:52]   --->   Operation 314 'load' 'input_fm_4_load_2' <Predicate = (!icmp_ln48)> <Delay = 3.25> <CoreInst = "RAM">   --->   Core 82 'RAM' <Latency = 1> <II = 1> <Delay = 3.25> <Storage> <Opcode : 'load' 'store'> <Ports = 2> <Width = 32> <Depth = 14364> <RAM>
ST_6 : Operation 315 [2/2] (3.25ns)   --->   "%input_fm_5_load_2 = load i14 %input_fm_5_addr_2" [conv.cpp:52]   --->   Operation 315 'load' 'input_fm_5_load_2' <Predicate = (!icmp_ln48)> <Delay = 3.25> <CoreInst = "RAM">   --->   Core 82 'RAM' <Latency = 1> <II = 1> <Delay = 3.25> <Storage> <Opcode : 'load' 'store'> <Ports = 2> <Width = 32> <Depth = 14364> <RAM>
ST_6 : Operation 316 [2/2] (3.25ns)   --->   "%input_fm_6_load_2 = load i14 %input_fm_6_addr_2" [conv.cpp:52]   --->   Operation 316 'load' 'input_fm_6_load_2' <Predicate = (!icmp_ln48)> <Delay = 3.25> <CoreInst = "RAM">   --->   Core 82 'RAM' <Latency = 1> <II = 1> <Delay = 3.25> <Storage> <Opcode : 'load' 'store'> <Ports = 2> <Width = 32> <Depth = 14364> <RAM>
ST_6 : Operation 317 [2/2] (3.25ns)   --->   "%input_fm_7_load_2 = load i14 %input_fm_7_addr_2" [conv.cpp:52]   --->   Operation 317 'load' 'input_fm_7_load_2' <Predicate = (!icmp_ln48)> <Delay = 3.25> <CoreInst = "RAM">   --->   Core 82 'RAM' <Latency = 1> <II = 1> <Delay = 3.25> <Storage> <Opcode : 'load' 'store'> <Ports = 2> <Width = 32> <Depth = 14364> <RAM>
ST_6 : Operation 318 [2/2] (3.25ns)   --->   "%input_fm_8_load_2 = load i14 %input_fm_8_addr_2" [conv.cpp:52]   --->   Operation 318 'load' 'input_fm_8_load_2' <Predicate = (!icmp_ln48)> <Delay = 3.25> <CoreInst = "RAM">   --->   Core 82 'RAM' <Latency = 1> <II = 1> <Delay = 3.25> <Storage> <Opcode : 'load' 'store'> <Ports = 2> <Width = 32> <Depth = 14364> <RAM>
ST_6 : Operation 319 [2/2] (3.25ns)   --->   "%input_fm_9_load_2 = load i14 %input_fm_9_addr_2" [conv.cpp:52]   --->   Operation 319 'load' 'input_fm_9_load_2' <Predicate = (!icmp_ln48)> <Delay = 3.25> <CoreInst = "RAM">   --->   Core 82 'RAM' <Latency = 1> <II = 1> <Delay = 3.25> <Storage> <Opcode : 'load' 'store'> <Ports = 2> <Width = 32> <Depth = 14364> <RAM>
ST_6 : Operation 320 [2/2] (3.25ns)   --->   "%input_fm_10_load_2 = load i14 %input_fm_10_addr_2" [conv.cpp:52]   --->   Operation 320 'load' 'input_fm_10_load_2' <Predicate = (!icmp_ln48)> <Delay = 3.25> <CoreInst = "RAM">   --->   Core 82 'RAM' <Latency = 1> <II = 1> <Delay = 3.25> <Storage> <Opcode : 'load' 'store'> <Ports = 2> <Width = 32> <Depth = 14364> <RAM>
ST_6 : Operation 321 [2/2] (3.25ns)   --->   "%input_fm_0_load_3 = load i14 %input_fm_0_addr_3" [conv.cpp:52]   --->   Operation 321 'load' 'input_fm_0_load_3' <Predicate = (!icmp_ln48)> <Delay = 3.25> <CoreInst = "RAM">   --->   Core 82 'RAM' <Latency = 1> <II = 1> <Delay = 3.25> <Storage> <Opcode : 'load' 'store'> <Ports = 2> <Width = 32> <Depth = 14364> <RAM>
ST_6 : Operation 322 [2/2] (3.25ns)   --->   "%input_fm_1_load_3 = load i14 %input_fm_1_addr_3" [conv.cpp:52]   --->   Operation 322 'load' 'input_fm_1_load_3' <Predicate = (!icmp_ln48)> <Delay = 3.25> <CoreInst = "RAM">   --->   Core 82 'RAM' <Latency = 1> <II = 1> <Delay = 3.25> <Storage> <Opcode : 'load' 'store'> <Ports = 2> <Width = 32> <Depth = 14364> <RAM>
ST_6 : Operation 323 [2/2] (3.25ns)   --->   "%input_fm_2_load_3 = load i14 %input_fm_2_addr_3" [conv.cpp:52]   --->   Operation 323 'load' 'input_fm_2_load_3' <Predicate = (!icmp_ln48)> <Delay = 3.25> <CoreInst = "RAM">   --->   Core 82 'RAM' <Latency = 1> <II = 1> <Delay = 3.25> <Storage> <Opcode : 'load' 'store'> <Ports = 2> <Width = 32> <Depth = 14364> <RAM>
ST_6 : Operation 324 [2/2] (3.25ns)   --->   "%input_fm_3_load_3 = load i14 %input_fm_3_addr_3" [conv.cpp:52]   --->   Operation 324 'load' 'input_fm_3_load_3' <Predicate = (!icmp_ln48)> <Delay = 3.25> <CoreInst = "RAM">   --->   Core 82 'RAM' <Latency = 1> <II = 1> <Delay = 3.25> <Storage> <Opcode : 'load' 'store'> <Ports = 2> <Width = 32> <Depth = 14364> <RAM>
ST_6 : Operation 325 [2/2] (3.25ns)   --->   "%input_fm_4_load_3 = load i14 %input_fm_4_addr_3" [conv.cpp:52]   --->   Operation 325 'load' 'input_fm_4_load_3' <Predicate = (!icmp_ln48)> <Delay = 3.25> <CoreInst = "RAM">   --->   Core 82 'RAM' <Latency = 1> <II = 1> <Delay = 3.25> <Storage> <Opcode : 'load' 'store'> <Ports = 2> <Width = 32> <Depth = 14364> <RAM>
ST_6 : Operation 326 [2/2] (3.25ns)   --->   "%input_fm_5_load_3 = load i14 %input_fm_5_addr_3" [conv.cpp:52]   --->   Operation 326 'load' 'input_fm_5_load_3' <Predicate = (!icmp_ln48)> <Delay = 3.25> <CoreInst = "RAM">   --->   Core 82 'RAM' <Latency = 1> <II = 1> <Delay = 3.25> <Storage> <Opcode : 'load' 'store'> <Ports = 2> <Width = 32> <Depth = 14364> <RAM>
ST_6 : Operation 327 [2/2] (3.25ns)   --->   "%input_fm_6_load_3 = load i14 %input_fm_6_addr_3" [conv.cpp:52]   --->   Operation 327 'load' 'input_fm_6_load_3' <Predicate = (!icmp_ln48)> <Delay = 3.25> <CoreInst = "RAM">   --->   Core 82 'RAM' <Latency = 1> <II = 1> <Delay = 3.25> <Storage> <Opcode : 'load' 'store'> <Ports = 2> <Width = 32> <Depth = 14364> <RAM>
ST_6 : Operation 328 [2/2] (3.25ns)   --->   "%input_fm_7_load_3 = load i14 %input_fm_7_addr_3" [conv.cpp:52]   --->   Operation 328 'load' 'input_fm_7_load_3' <Predicate = (!icmp_ln48)> <Delay = 3.25> <CoreInst = "RAM">   --->   Core 82 'RAM' <Latency = 1> <II = 1> <Delay = 3.25> <Storage> <Opcode : 'load' 'store'> <Ports = 2> <Width = 32> <Depth = 14364> <RAM>
ST_6 : Operation 329 [2/2] (3.25ns)   --->   "%input_fm_8_load_3 = load i14 %input_fm_8_addr_3" [conv.cpp:52]   --->   Operation 329 'load' 'input_fm_8_load_3' <Predicate = (!icmp_ln48)> <Delay = 3.25> <CoreInst = "RAM">   --->   Core 82 'RAM' <Latency = 1> <II = 1> <Delay = 3.25> <Storage> <Opcode : 'load' 'store'> <Ports = 2> <Width = 32> <Depth = 14364> <RAM>
ST_6 : Operation 330 [2/2] (3.25ns)   --->   "%input_fm_9_load_3 = load i14 %input_fm_9_addr_3" [conv.cpp:52]   --->   Operation 330 'load' 'input_fm_9_load_3' <Predicate = (!icmp_ln48)> <Delay = 3.25> <CoreInst = "RAM">   --->   Core 82 'RAM' <Latency = 1> <II = 1> <Delay = 3.25> <Storage> <Opcode : 'load' 'store'> <Ports = 2> <Width = 32> <Depth = 14364> <RAM>
ST_6 : Operation 331 [2/2] (3.25ns)   --->   "%input_fm_10_load_3 = load i14 %input_fm_10_addr_3" [conv.cpp:52]   --->   Operation 331 'load' 'input_fm_10_load_3' <Predicate = (!icmp_ln48)> <Delay = 3.25> <CoreInst = "RAM">   --->   Core 82 'RAM' <Latency = 1> <II = 1> <Delay = 3.25> <Storage> <Opcode : 'load' 'store'> <Ports = 2> <Width = 32> <Depth = 14364> <RAM>

State 7 <SV = 6> <Delay = 6.72>
ST_7 : Operation 332 [1/1] (1.81ns)   --->   "%add_ln52_5 = add i14 %mul_ln52, i14 %zext_ln52_5_cast" [conv.cpp:52]   --->   Operation 332 'add' 'add_ln52_5' <Predicate = (!icmp_ln48)> <Delay = 1.81> <CoreInst = "Adder">   --->   Core 1 'Adder' <Latency = 0> <II = 1> <Delay = 1.81> <FuncUnit> <Opcode : 'add' 'sub'> <InPorts = 2> <OutPorts = 1>
ST_7 : Operation 333 [1/1] (0.00ns)   --->   "%zext_ln52_17 = zext i14 %add_ln52_5" [conv.cpp:52]   --->   Operation 333 'zext' 'zext_ln52_17' <Predicate = (!icmp_ln48)> <Delay = 0.00>
ST_7 : Operation 334 [1/1] (0.00ns)   --->   "%input_fm_0_addr_4 = getelementptr i32 %input_fm_0, i64 0, i64 %zext_ln52_17" [conv.cpp:52]   --->   Operation 334 'getelementptr' 'input_fm_0_addr_4' <Predicate = (!icmp_ln48)> <Delay = 0.00>
ST_7 : Operation 335 [1/1] (1.81ns)   --->   "%add_ln52_6 = add i14 %mul_ln52, i14 %zext_ln52_6_cast" [conv.cpp:52]   --->   Operation 335 'add' 'add_ln52_6' <Predicate = (!icmp_ln48)> <Delay = 1.81> <CoreInst = "Adder">   --->   Core 1 'Adder' <Latency = 0> <II = 1> <Delay = 1.81> <FuncUnit> <Opcode : 'add' 'sub'> <InPorts = 2> <OutPorts = 1>
ST_7 : Operation 336 [1/1] (0.00ns)   --->   "%zext_ln52_18 = zext i14 %add_ln52_6" [conv.cpp:52]   --->   Operation 336 'zext' 'zext_ln52_18' <Predicate = (!icmp_ln48)> <Delay = 0.00>
ST_7 : Operation 337 [1/1] (0.00ns)   --->   "%input_fm_0_addr_5 = getelementptr i32 %input_fm_0, i64 0, i64 %zext_ln52_18" [conv.cpp:52]   --->   Operation 337 'getelementptr' 'input_fm_0_addr_5' <Predicate = (!icmp_ln48)> <Delay = 0.00>
ST_7 : Operation 338 [1/1] (1.81ns)   --->   "%add_ln52_7 = add i14 %mul_ln52, i14 %zext_ln52_7_cast" [conv.cpp:52]   --->   Operation 338 'add' 'add_ln52_7' <Predicate = (!icmp_ln48)> <Delay = 1.81> <CoreInst = "Adder">   --->   Core 1 'Adder' <Latency = 0> <II = 1> <Delay = 1.81> <FuncUnit> <Opcode : 'add' 'sub'> <InPorts = 2> <OutPorts = 1>
ST_7 : Operation 339 [1/1] (1.81ns)   --->   "%add_ln52_8 = add i14 %mul_ln52, i14 %zext_ln52_8_cast" [conv.cpp:52]   --->   Operation 339 'add' 'add_ln52_8' <Predicate = (!icmp_ln48)> <Delay = 1.81> <CoreInst = "Adder">   --->   Core 1 'Adder' <Latency = 0> <II = 1> <Delay = 1.81> <FuncUnit> <Opcode : 'add' 'sub'> <InPorts = 2> <OutPorts = 1>
ST_7 : Operation 340 [1/1] (1.81ns)   --->   "%add_ln52_9 = add i14 %mul_ln52, i14 %zext_ln52_9_cast" [conv.cpp:52]   --->   Operation 340 'add' 'add_ln52_9' <Predicate = (!icmp_ln48)> <Delay = 1.81> <CoreInst = "Adder">   --->   Core 1 'Adder' <Latency = 0> <II = 1> <Delay = 1.81> <FuncUnit> <Opcode : 'add' 'sub'> <InPorts = 2> <OutPorts = 1>
ST_7 : Operation 341 [1/1] (1.81ns)   --->   "%add_ln52_11 = add i14 %mul_ln52, i14 %zext_ln52_10_cast" [conv.cpp:52]   --->   Operation 341 'add' 'add_ln52_11' <Predicate = (!icmp_ln48)> <Delay = 1.81> <CoreInst = "Adder">   --->   Core 1 'Adder' <Latency = 0> <II = 1> <Delay = 1.81> <FuncUnit> <Opcode : 'add' 'sub'> <InPorts = 2> <OutPorts = 1>
ST_7 : Operation 342 [1/1] (1.81ns)   --->   "%add_ln52_12 = add i14 %mul_ln52, i14 %zext_ln52_11_cast" [conv.cpp:52]   --->   Operation 342 'add' 'add_ln52_12' <Predicate = (!icmp_ln48)> <Delay = 1.81> <CoreInst = "Adder">   --->   Core 1 'Adder' <Latency = 0> <II = 1> <Delay = 1.81> <FuncUnit> <Opcode : 'add' 'sub'> <InPorts = 2> <OutPorts = 1>
ST_7 : Operation 343 [1/1] (0.00ns)   --->   "%input_fm_1_addr_4 = getelementptr i32 %input_fm_1, i64 0, i64 %zext_ln52_17" [conv.cpp:52]   --->   Operation 343 'getelementptr' 'input_fm_1_addr_4' <Predicate = (!icmp_ln48)> <Delay = 0.00>
ST_7 : Operation 344 [1/1] (0.00ns)   --->   "%input_fm_1_addr_5 = getelementptr i32 %input_fm_1, i64 0, i64 %zext_ln52_18" [conv.cpp:52]   --->   Operation 344 'getelementptr' 'input_fm_1_addr_5' <Predicate = (!icmp_ln48)> <Delay = 0.00>
ST_7 : Operation 345 [1/1] (0.00ns)   --->   "%input_fm_2_addr_4 = getelementptr i32 %input_fm_2, i64 0, i64 %zext_ln52_17" [conv.cpp:52]   --->   Operation 345 'getelementptr' 'input_fm_2_addr_4' <Predicate = (!icmp_ln48)> <Delay = 0.00>
ST_7 : Operation 346 [1/1] (0.00ns)   --->   "%input_fm_2_addr_5 = getelementptr i32 %input_fm_2, i64 0, i64 %zext_ln52_18" [conv.cpp:52]   --->   Operation 346 'getelementptr' 'input_fm_2_addr_5' <Predicate = (!icmp_ln48)> <Delay = 0.00>
ST_7 : Operation 347 [1/1] (0.00ns)   --->   "%input_fm_3_addr_4 = getelementptr i32 %input_fm_3, i64 0, i64 %zext_ln52_17" [conv.cpp:52]   --->   Operation 347 'getelementptr' 'input_fm_3_addr_4' <Predicate = (!icmp_ln48)> <Delay = 0.00>
ST_7 : Operation 348 [1/1] (0.00ns)   --->   "%input_fm_3_addr_5 = getelementptr i32 %input_fm_3, i64 0, i64 %zext_ln52_18" [conv.cpp:52]   --->   Operation 348 'getelementptr' 'input_fm_3_addr_5' <Predicate = (!icmp_ln48)> <Delay = 0.00>
ST_7 : Operation 349 [1/1] (0.00ns)   --->   "%input_fm_4_addr_4 = getelementptr i32 %input_fm_4, i64 0, i64 %zext_ln52_17" [conv.cpp:52]   --->   Operation 349 'getelementptr' 'input_fm_4_addr_4' <Predicate = (!icmp_ln48)> <Delay = 0.00>
ST_7 : Operation 350 [1/1] (0.00ns)   --->   "%input_fm_4_addr_5 = getelementptr i32 %input_fm_4, i64 0, i64 %zext_ln52_18" [conv.cpp:52]   --->   Operation 350 'getelementptr' 'input_fm_4_addr_5' <Predicate = (!icmp_ln48)> <Delay = 0.00>
ST_7 : Operation 351 [1/1] (0.00ns)   --->   "%input_fm_5_addr_4 = getelementptr i32 %input_fm_5, i64 0, i64 %zext_ln52_17" [conv.cpp:52]   --->   Operation 351 'getelementptr' 'input_fm_5_addr_4' <Predicate = (!icmp_ln48)> <Delay = 0.00>
ST_7 : Operation 352 [1/1] (0.00ns)   --->   "%input_fm_5_addr_5 = getelementptr i32 %input_fm_5, i64 0, i64 %zext_ln52_18" [conv.cpp:52]   --->   Operation 352 'getelementptr' 'input_fm_5_addr_5' <Predicate = (!icmp_ln48)> <Delay = 0.00>
ST_7 : Operation 353 [1/1] (0.00ns)   --->   "%input_fm_6_addr_4 = getelementptr i32 %input_fm_6, i64 0, i64 %zext_ln52_17" [conv.cpp:52]   --->   Operation 353 'getelementptr' 'input_fm_6_addr_4' <Predicate = (!icmp_ln48)> <Delay = 0.00>
ST_7 : Operation 354 [1/1] (0.00ns)   --->   "%input_fm_6_addr_5 = getelementptr i32 %input_fm_6, i64 0, i64 %zext_ln52_18" [conv.cpp:52]   --->   Operation 354 'getelementptr' 'input_fm_6_addr_5' <Predicate = (!icmp_ln48)> <Delay = 0.00>
ST_7 : Operation 355 [1/1] (0.00ns)   --->   "%input_fm_7_addr_4 = getelementptr i32 %input_fm_7, i64 0, i64 %zext_ln52_17" [conv.cpp:52]   --->   Operation 355 'getelementptr' 'input_fm_7_addr_4' <Predicate = (!icmp_ln48)> <Delay = 0.00>
ST_7 : Operation 356 [1/1] (0.00ns)   --->   "%input_fm_7_addr_5 = getelementptr i32 %input_fm_7, i64 0, i64 %zext_ln52_18" [conv.cpp:52]   --->   Operation 356 'getelementptr' 'input_fm_7_addr_5' <Predicate = (!icmp_ln48)> <Delay = 0.00>
ST_7 : Operation 357 [1/1] (0.00ns)   --->   "%input_fm_8_addr_4 = getelementptr i32 %input_fm_8, i64 0, i64 %zext_ln52_17" [conv.cpp:52]   --->   Operation 357 'getelementptr' 'input_fm_8_addr_4' <Predicate = (!icmp_ln48)> <Delay = 0.00>
ST_7 : Operation 358 [1/1] (0.00ns)   --->   "%input_fm_8_addr_5 = getelementptr i32 %input_fm_8, i64 0, i64 %zext_ln52_18" [conv.cpp:52]   --->   Operation 358 'getelementptr' 'input_fm_8_addr_5' <Predicate = (!icmp_ln48)> <Delay = 0.00>
ST_7 : Operation 359 [1/1] (0.00ns)   --->   "%input_fm_9_addr_4 = getelementptr i32 %input_fm_9, i64 0, i64 %zext_ln52_17" [conv.cpp:52]   --->   Operation 359 'getelementptr' 'input_fm_9_addr_4' <Predicate = (!icmp_ln48)> <Delay = 0.00>
ST_7 : Operation 360 [1/1] (0.00ns)   --->   "%input_fm_9_addr_5 = getelementptr i32 %input_fm_9, i64 0, i64 %zext_ln52_18" [conv.cpp:52]   --->   Operation 360 'getelementptr' 'input_fm_9_addr_5' <Predicate = (!icmp_ln48)> <Delay = 0.00>
ST_7 : Operation 361 [1/1] (0.00ns)   --->   "%input_fm_10_addr_4 = getelementptr i32 %input_fm_10, i64 0, i64 %zext_ln52_17" [conv.cpp:52]   --->   Operation 361 'getelementptr' 'input_fm_10_addr_4' <Predicate = (!icmp_ln48)> <Delay = 0.00>
ST_7 : Operation 362 [1/1] (0.00ns)   --->   "%input_fm_10_addr_5 = getelementptr i32 %input_fm_10, i64 0, i64 %zext_ln52_18" [conv.cpp:52]   --->   Operation 362 'getelementptr' 'input_fm_10_addr_5' <Predicate = (!icmp_ln48)> <Delay = 0.00>
ST_7 : Operation 363 [1/1] (0.00ns)   --->   "%empty_18 = bitcast i32 %weights_0_load" [conv.cpp:48]   --->   Operation 363 'bitcast' 'empty_18' <Predicate = (!icmp_ln48)> <Delay = 0.00>
ST_7 : Operation 364 [4/4] (6.72ns)   --->   "%mul = fmul i32 %empty_18, i32 %tmp_1" [conv.cpp:52]   --->   Operation 364 'fmul' 'mul' <Predicate = (!icmp_ln48)> <Delay = 6.72> <CoreInst = "FMul_maxdsp">   --->   Core 30 'FMul_maxdsp' <Latency = 3> <II = 1> <Delay = 5.70> <FuncUnit> <Opcode : 'fmul'> <InPorts = 2> <OutPorts = 1>
ST_7 : Operation 365 [1/2] (3.25ns)   --->   "%input_fm_0_load_2 = load i14 %input_fm_0_addr_2" [conv.cpp:52]   --->   Operation 365 'load' 'input_fm_0_load_2' <Predicate = (!icmp_ln48)> <Delay = 3.25> <CoreInst = "RAM">   --->   Core 82 'RAM' <Latency = 1> <II = 1> <Delay = 3.25> <Storage> <Opcode : 'load' 'store'> <Ports = 2> <Width = 32> <Depth = 14364> <RAM>
ST_7 : Operation 366 [1/1] (0.00ns)   --->   "%bitcast_ln52_24 = bitcast i32 %input_fm_0_load_2" [conv.cpp:52]   --->   Operation 366 'bitcast' 'bitcast_ln52_24' <Predicate = (!icmp_ln48)> <Delay = 0.00>
ST_7 : Operation 367 [1/2] (3.25ns)   --->   "%input_fm_1_load_2 = load i14 %input_fm_1_addr_2" [conv.cpp:52]   --->   Operation 367 'load' 'input_fm_1_load_2' <Predicate = (!icmp_ln48)> <Delay = 3.25> <CoreInst = "RAM">   --->   Core 82 'RAM' <Latency = 1> <II = 1> <Delay = 3.25> <Storage> <Opcode : 'load' 'store'> <Ports = 2> <Width = 32> <Depth = 14364> <RAM>
ST_7 : Operation 368 [1/1] (0.00ns)   --->   "%bitcast_ln52_25 = bitcast i32 %input_fm_1_load_2" [conv.cpp:52]   --->   Operation 368 'bitcast' 'bitcast_ln52_25' <Predicate = (!icmp_ln48)> <Delay = 0.00>
ST_7 : Operation 369 [1/2] (3.25ns)   --->   "%input_fm_2_load_2 = load i14 %input_fm_2_addr_2" [conv.cpp:52]   --->   Operation 369 'load' 'input_fm_2_load_2' <Predicate = (!icmp_ln48)> <Delay = 3.25> <CoreInst = "RAM">   --->   Core 82 'RAM' <Latency = 1> <II = 1> <Delay = 3.25> <Storage> <Opcode : 'load' 'store'> <Ports = 2> <Width = 32> <Depth = 14364> <RAM>
ST_7 : Operation 370 [1/1] (0.00ns)   --->   "%bitcast_ln52_26 = bitcast i32 %input_fm_2_load_2" [conv.cpp:52]   --->   Operation 370 'bitcast' 'bitcast_ln52_26' <Predicate = (!icmp_ln48)> <Delay = 0.00>
ST_7 : Operation 371 [1/2] (3.25ns)   --->   "%input_fm_3_load_2 = load i14 %input_fm_3_addr_2" [conv.cpp:52]   --->   Operation 371 'load' 'input_fm_3_load_2' <Predicate = (!icmp_ln48)> <Delay = 3.25> <CoreInst = "RAM">   --->   Core 82 'RAM' <Latency = 1> <II = 1> <Delay = 3.25> <Storage> <Opcode : 'load' 'store'> <Ports = 2> <Width = 32> <Depth = 14364> <RAM>
ST_7 : Operation 372 [1/1] (0.00ns)   --->   "%bitcast_ln52_27 = bitcast i32 %input_fm_3_load_2" [conv.cpp:52]   --->   Operation 372 'bitcast' 'bitcast_ln52_27' <Predicate = (!icmp_ln48)> <Delay = 0.00>
ST_7 : Operation 373 [1/2] (3.25ns)   --->   "%input_fm_4_load_2 = load i14 %input_fm_4_addr_2" [conv.cpp:52]   --->   Operation 373 'load' 'input_fm_4_load_2' <Predicate = (!icmp_ln48)> <Delay = 3.25> <CoreInst = "RAM">   --->   Core 82 'RAM' <Latency = 1> <II = 1> <Delay = 3.25> <Storage> <Opcode : 'load' 'store'> <Ports = 2> <Width = 32> <Depth = 14364> <RAM>
ST_7 : Operation 374 [1/1] (0.00ns)   --->   "%bitcast_ln52_28 = bitcast i32 %input_fm_4_load_2" [conv.cpp:52]   --->   Operation 374 'bitcast' 'bitcast_ln52_28' <Predicate = (!icmp_ln48)> <Delay = 0.00>
ST_7 : Operation 375 [1/2] (3.25ns)   --->   "%input_fm_5_load_2 = load i14 %input_fm_5_addr_2" [conv.cpp:52]   --->   Operation 375 'load' 'input_fm_5_load_2' <Predicate = (!icmp_ln48)> <Delay = 3.25> <CoreInst = "RAM">   --->   Core 82 'RAM' <Latency = 1> <II = 1> <Delay = 3.25> <Storage> <Opcode : 'load' 'store'> <Ports = 2> <Width = 32> <Depth = 14364> <RAM>
ST_7 : Operation 376 [1/1] (0.00ns)   --->   "%bitcast_ln52_29 = bitcast i32 %input_fm_5_load_2" [conv.cpp:52]   --->   Operation 376 'bitcast' 'bitcast_ln52_29' <Predicate = (!icmp_ln48)> <Delay = 0.00>
ST_7 : Operation 377 [1/2] (3.25ns)   --->   "%input_fm_6_load_2 = load i14 %input_fm_6_addr_2" [conv.cpp:52]   --->   Operation 377 'load' 'input_fm_6_load_2' <Predicate = (!icmp_ln48)> <Delay = 3.25> <CoreInst = "RAM">   --->   Core 82 'RAM' <Latency = 1> <II = 1> <Delay = 3.25> <Storage> <Opcode : 'load' 'store'> <Ports = 2> <Width = 32> <Depth = 14364> <RAM>
ST_7 : Operation 378 [1/1] (0.00ns)   --->   "%bitcast_ln52_30 = bitcast i32 %input_fm_6_load_2" [conv.cpp:52]   --->   Operation 378 'bitcast' 'bitcast_ln52_30' <Predicate = (!icmp_ln48)> <Delay = 0.00>
ST_7 : Operation 379 [1/2] (3.25ns)   --->   "%input_fm_7_load_2 = load i14 %input_fm_7_addr_2" [conv.cpp:52]   --->   Operation 379 'load' 'input_fm_7_load_2' <Predicate = (!icmp_ln48)> <Delay = 3.25> <CoreInst = "RAM">   --->   Core 82 'RAM' <Latency = 1> <II = 1> <Delay = 3.25> <Storage> <Opcode : 'load' 'store'> <Ports = 2> <Width = 32> <Depth = 14364> <RAM>
ST_7 : Operation 380 [1/1] (0.00ns)   --->   "%bitcast_ln52_31 = bitcast i32 %input_fm_7_load_2" [conv.cpp:52]   --->   Operation 380 'bitcast' 'bitcast_ln52_31' <Predicate = (!icmp_ln48)> <Delay = 0.00>
ST_7 : Operation 381 [1/2] (3.25ns)   --->   "%input_fm_8_load_2 = load i14 %input_fm_8_addr_2" [conv.cpp:52]   --->   Operation 381 'load' 'input_fm_8_load_2' <Predicate = (!icmp_ln48)> <Delay = 3.25> <CoreInst = "RAM">   --->   Core 82 'RAM' <Latency = 1> <II = 1> <Delay = 3.25> <Storage> <Opcode : 'load' 'store'> <Ports = 2> <Width = 32> <Depth = 14364> <RAM>
ST_7 : Operation 382 [1/1] (0.00ns)   --->   "%bitcast_ln52_32 = bitcast i32 %input_fm_8_load_2" [conv.cpp:52]   --->   Operation 382 'bitcast' 'bitcast_ln52_32' <Predicate = (!icmp_ln48)> <Delay = 0.00>
ST_7 : Operation 383 [1/2] (3.25ns)   --->   "%input_fm_9_load_2 = load i14 %input_fm_9_addr_2" [conv.cpp:52]   --->   Operation 383 'load' 'input_fm_9_load_2' <Predicate = (!icmp_ln48)> <Delay = 3.25> <CoreInst = "RAM">   --->   Core 82 'RAM' <Latency = 1> <II = 1> <Delay = 3.25> <Storage> <Opcode : 'load' 'store'> <Ports = 2> <Width = 32> <Depth = 14364> <RAM>
ST_7 : Operation 384 [1/1] (0.00ns)   --->   "%bitcast_ln52_33 = bitcast i32 %input_fm_9_load_2" [conv.cpp:52]   --->   Operation 384 'bitcast' 'bitcast_ln52_33' <Predicate = (!icmp_ln48)> <Delay = 0.00>
ST_7 : Operation 385 [1/2] (3.25ns)   --->   "%input_fm_10_load_2 = load i14 %input_fm_10_addr_2" [conv.cpp:52]   --->   Operation 385 'load' 'input_fm_10_load_2' <Predicate = (!icmp_ln48)> <Delay = 3.25> <CoreInst = "RAM">   --->   Core 82 'RAM' <Latency = 1> <II = 1> <Delay = 3.25> <Storage> <Opcode : 'load' 'store'> <Ports = 2> <Width = 32> <Depth = 14364> <RAM>
ST_7 : Operation 386 [1/1] (0.00ns)   --->   "%bitcast_ln52_34 = bitcast i32 %input_fm_10_load_2" [conv.cpp:52]   --->   Operation 386 'bitcast' 'bitcast_ln52_34' <Predicate = (!icmp_ln48)> <Delay = 0.00>
ST_7 : Operation 387 [1/1] (2.66ns)   --->   "%tmp_1_2 = mux i32 @_ssdm_op_Mux.ap_auto.11f32.i4, i32 %bitcast_ln52_24, i32 %bitcast_ln52_25, i32 %bitcast_ln52_26, i32 %bitcast_ln52_27, i32 %bitcast_ln52_28, i32 %bitcast_ln52_29, i32 %bitcast_ln52_30, i32 %bitcast_ln52_31, i32 %bitcast_ln52_32, i32 %bitcast_ln52_33, i32 %bitcast_ln52_34, i4 %trunc_ln52_2_read" [conv.cpp:52]   --->   Operation 387 'mux' 'tmp_1_2' <Predicate = (!icmp_ln48)> <Delay = 2.66> <CoreInst = "Multiplexer">   --->   Core 76 'Multiplexer' <Latency = 0> <II = 1> <Delay = 2.66> <FuncUnit> <Opcode : 'mux'> <InPorts = 2> <OutPorts = 1>
ST_7 : Operation 388 [1/2] (3.25ns)   --->   "%input_fm_0_load_3 = load i14 %input_fm_0_addr_3" [conv.cpp:52]   --->   Operation 388 'load' 'input_fm_0_load_3' <Predicate = (!icmp_ln48)> <Delay = 3.25> <CoreInst = "RAM">   --->   Core 82 'RAM' <Latency = 1> <II = 1> <Delay = 3.25> <Storage> <Opcode : 'load' 'store'> <Ports = 2> <Width = 32> <Depth = 14364> <RAM>
ST_7 : Operation 389 [1/1] (0.00ns)   --->   "%bitcast_ln52_35 = bitcast i32 %input_fm_0_load_3" [conv.cpp:52]   --->   Operation 389 'bitcast' 'bitcast_ln52_35' <Predicate = (!icmp_ln48)> <Delay = 0.00>
ST_7 : Operation 390 [1/2] (3.25ns)   --->   "%input_fm_1_load_3 = load i14 %input_fm_1_addr_3" [conv.cpp:52]   --->   Operation 390 'load' 'input_fm_1_load_3' <Predicate = (!icmp_ln48)> <Delay = 3.25> <CoreInst = "RAM">   --->   Core 82 'RAM' <Latency = 1> <II = 1> <Delay = 3.25> <Storage> <Opcode : 'load' 'store'> <Ports = 2> <Width = 32> <Depth = 14364> <RAM>
ST_7 : Operation 391 [1/1] (0.00ns)   --->   "%bitcast_ln52_36 = bitcast i32 %input_fm_1_load_3" [conv.cpp:52]   --->   Operation 391 'bitcast' 'bitcast_ln52_36' <Predicate = (!icmp_ln48)> <Delay = 0.00>
ST_7 : Operation 392 [1/2] (3.25ns)   --->   "%input_fm_2_load_3 = load i14 %input_fm_2_addr_3" [conv.cpp:52]   --->   Operation 392 'load' 'input_fm_2_load_3' <Predicate = (!icmp_ln48)> <Delay = 3.25> <CoreInst = "RAM">   --->   Core 82 'RAM' <Latency = 1> <II = 1> <Delay = 3.25> <Storage> <Opcode : 'load' 'store'> <Ports = 2> <Width = 32> <Depth = 14364> <RAM>
ST_7 : Operation 393 [1/1] (0.00ns)   --->   "%bitcast_ln52_37 = bitcast i32 %input_fm_2_load_3" [conv.cpp:52]   --->   Operation 393 'bitcast' 'bitcast_ln52_37' <Predicate = (!icmp_ln48)> <Delay = 0.00>
ST_7 : Operation 394 [1/2] (3.25ns)   --->   "%input_fm_3_load_3 = load i14 %input_fm_3_addr_3" [conv.cpp:52]   --->   Operation 394 'load' 'input_fm_3_load_3' <Predicate = (!icmp_ln48)> <Delay = 3.25> <CoreInst = "RAM">   --->   Core 82 'RAM' <Latency = 1> <II = 1> <Delay = 3.25> <Storage> <Opcode : 'load' 'store'> <Ports = 2> <Width = 32> <Depth = 14364> <RAM>
ST_7 : Operation 395 [1/1] (0.00ns)   --->   "%bitcast_ln52_38 = bitcast i32 %input_fm_3_load_3" [conv.cpp:52]   --->   Operation 395 'bitcast' 'bitcast_ln52_38' <Predicate = (!icmp_ln48)> <Delay = 0.00>
ST_7 : Operation 396 [1/2] (3.25ns)   --->   "%input_fm_4_load_3 = load i14 %input_fm_4_addr_3" [conv.cpp:52]   --->   Operation 396 'load' 'input_fm_4_load_3' <Predicate = (!icmp_ln48)> <Delay = 3.25> <CoreInst = "RAM">   --->   Core 82 'RAM' <Latency = 1> <II = 1> <Delay = 3.25> <Storage> <Opcode : 'load' 'store'> <Ports = 2> <Width = 32> <Depth = 14364> <RAM>
ST_7 : Operation 397 [1/1] (0.00ns)   --->   "%bitcast_ln52_39 = bitcast i32 %input_fm_4_load_3" [conv.cpp:52]   --->   Operation 397 'bitcast' 'bitcast_ln52_39' <Predicate = (!icmp_ln48)> <Delay = 0.00>
ST_7 : Operation 398 [1/2] (3.25ns)   --->   "%input_fm_5_load_3 = load i14 %input_fm_5_addr_3" [conv.cpp:52]   --->   Operation 398 'load' 'input_fm_5_load_3' <Predicate = (!icmp_ln48)> <Delay = 3.25> <CoreInst = "RAM">   --->   Core 82 'RAM' <Latency = 1> <II = 1> <Delay = 3.25> <Storage> <Opcode : 'load' 'store'> <Ports = 2> <Width = 32> <Depth = 14364> <RAM>
ST_7 : Operation 399 [1/1] (0.00ns)   --->   "%bitcast_ln52_40 = bitcast i32 %input_fm_5_load_3" [conv.cpp:52]   --->   Operation 399 'bitcast' 'bitcast_ln52_40' <Predicate = (!icmp_ln48)> <Delay = 0.00>
ST_7 : Operation 400 [1/2] (3.25ns)   --->   "%input_fm_6_load_3 = load i14 %input_fm_6_addr_3" [conv.cpp:52]   --->   Operation 400 'load' 'input_fm_6_load_3' <Predicate = (!icmp_ln48)> <Delay = 3.25> <CoreInst = "RAM">   --->   Core 82 'RAM' <Latency = 1> <II = 1> <Delay = 3.25> <Storage> <Opcode : 'load' 'store'> <Ports = 2> <Width = 32> <Depth = 14364> <RAM>
ST_7 : Operation 401 [1/1] (0.00ns)   --->   "%bitcast_ln52_41 = bitcast i32 %input_fm_6_load_3" [conv.cpp:52]   --->   Operation 401 'bitcast' 'bitcast_ln52_41' <Predicate = (!icmp_ln48)> <Delay = 0.00>
ST_7 : Operation 402 [1/2] (3.25ns)   --->   "%input_fm_7_load_3 = load i14 %input_fm_7_addr_3" [conv.cpp:52]   --->   Operation 402 'load' 'input_fm_7_load_3' <Predicate = (!icmp_ln48)> <Delay = 3.25> <CoreInst = "RAM">   --->   Core 82 'RAM' <Latency = 1> <II = 1> <Delay = 3.25> <Storage> <Opcode : 'load' 'store'> <Ports = 2> <Width = 32> <Depth = 14364> <RAM>
ST_7 : Operation 403 [1/1] (0.00ns)   --->   "%bitcast_ln52_42 = bitcast i32 %input_fm_7_load_3" [conv.cpp:52]   --->   Operation 403 'bitcast' 'bitcast_ln52_42' <Predicate = (!icmp_ln48)> <Delay = 0.00>
ST_7 : Operation 404 [1/2] (3.25ns)   --->   "%input_fm_8_load_3 = load i14 %input_fm_8_addr_3" [conv.cpp:52]   --->   Operation 404 'load' 'input_fm_8_load_3' <Predicate = (!icmp_ln48)> <Delay = 3.25> <CoreInst = "RAM">   --->   Core 82 'RAM' <Latency = 1> <II = 1> <Delay = 3.25> <Storage> <Opcode : 'load' 'store'> <Ports = 2> <Width = 32> <Depth = 14364> <RAM>
ST_7 : Operation 405 [1/1] (0.00ns)   --->   "%bitcast_ln52_43 = bitcast i32 %input_fm_8_load_3" [conv.cpp:52]   --->   Operation 405 'bitcast' 'bitcast_ln52_43' <Predicate = (!icmp_ln48)> <Delay = 0.00>
ST_7 : Operation 406 [1/2] (3.25ns)   --->   "%input_fm_9_load_3 = load i14 %input_fm_9_addr_3" [conv.cpp:52]   --->   Operation 406 'load' 'input_fm_9_load_3' <Predicate = (!icmp_ln48)> <Delay = 3.25> <CoreInst = "RAM">   --->   Core 82 'RAM' <Latency = 1> <II = 1> <Delay = 3.25> <Storage> <Opcode : 'load' 'store'> <Ports = 2> <Width = 32> <Depth = 14364> <RAM>
ST_7 : Operation 407 [1/1] (0.00ns)   --->   "%bitcast_ln52_44 = bitcast i32 %input_fm_9_load_3" [conv.cpp:52]   --->   Operation 407 'bitcast' 'bitcast_ln52_44' <Predicate = (!icmp_ln48)> <Delay = 0.00>
ST_7 : Operation 408 [1/2] (3.25ns)   --->   "%input_fm_10_load_3 = load i14 %input_fm_10_addr_3" [conv.cpp:52]   --->   Operation 408 'load' 'input_fm_10_load_3' <Predicate = (!icmp_ln48)> <Delay = 3.25> <CoreInst = "RAM">   --->   Core 82 'RAM' <Latency = 1> <II = 1> <Delay = 3.25> <Storage> <Opcode : 'load' 'store'> <Ports = 2> <Width = 32> <Depth = 14364> <RAM>
ST_7 : Operation 409 [1/1] (0.00ns)   --->   "%bitcast_ln52_45 = bitcast i32 %input_fm_10_load_3" [conv.cpp:52]   --->   Operation 409 'bitcast' 'bitcast_ln52_45' <Predicate = (!icmp_ln48)> <Delay = 0.00>
ST_7 : Operation 410 [1/1] (2.66ns)   --->   "%tmp_1_3 = mux i32 @_ssdm_op_Mux.ap_auto.11f32.i4, i32 %bitcast_ln52_35, i32 %bitcast_ln52_36, i32 %bitcast_ln52_37, i32 %bitcast_ln52_38, i32 %bitcast_ln52_39, i32 %bitcast_ln52_40, i32 %bitcast_ln52_41, i32 %bitcast_ln52_42, i32 %bitcast_ln52_43, i32 %bitcast_ln52_44, i32 %bitcast_ln52_45, i4 %trunc_ln52_3_read" [conv.cpp:52]   --->   Operation 410 'mux' 'tmp_1_3' <Predicate = (!icmp_ln48)> <Delay = 2.66> <CoreInst = "Multiplexer">   --->   Core 76 'Multiplexer' <Latency = 0> <II = 1> <Delay = 2.66> <FuncUnit> <Opcode : 'mux'> <InPorts = 2> <OutPorts = 1>
ST_7 : Operation 411 [2/2] (3.25ns)   --->   "%input_fm_0_load_4 = load i14 %input_fm_0_addr_4" [conv.cpp:52]   --->   Operation 411 'load' 'input_fm_0_load_4' <Predicate = (!icmp_ln48)> <Delay = 3.25> <CoreInst = "RAM">   --->   Core 82 'RAM' <Latency = 1> <II = 1> <Delay = 3.25> <Storage> <Opcode : 'load' 'store'> <Ports = 2> <Width = 32> <Depth = 14364> <RAM>
ST_7 : Operation 412 [2/2] (3.25ns)   --->   "%input_fm_1_load_4 = load i14 %input_fm_1_addr_4" [conv.cpp:52]   --->   Operation 412 'load' 'input_fm_1_load_4' <Predicate = (!icmp_ln48)> <Delay = 3.25> <CoreInst = "RAM">   --->   Core 82 'RAM' <Latency = 1> <II = 1> <Delay = 3.25> <Storage> <Opcode : 'load' 'store'> <Ports = 2> <Width = 32> <Depth = 14364> <RAM>
ST_7 : Operation 413 [2/2] (3.25ns)   --->   "%input_fm_2_load_4 = load i14 %input_fm_2_addr_4" [conv.cpp:52]   --->   Operation 413 'load' 'input_fm_2_load_4' <Predicate = (!icmp_ln48)> <Delay = 3.25> <CoreInst = "RAM">   --->   Core 82 'RAM' <Latency = 1> <II = 1> <Delay = 3.25> <Storage> <Opcode : 'load' 'store'> <Ports = 2> <Width = 32> <Depth = 14364> <RAM>
ST_7 : Operation 414 [2/2] (3.25ns)   --->   "%input_fm_3_load_4 = load i14 %input_fm_3_addr_4" [conv.cpp:52]   --->   Operation 414 'load' 'input_fm_3_load_4' <Predicate = (!icmp_ln48)> <Delay = 3.25> <CoreInst = "RAM">   --->   Core 82 'RAM' <Latency = 1> <II = 1> <Delay = 3.25> <Storage> <Opcode : 'load' 'store'> <Ports = 2> <Width = 32> <Depth = 14364> <RAM>
ST_7 : Operation 415 [2/2] (3.25ns)   --->   "%input_fm_4_load_4 = load i14 %input_fm_4_addr_4" [conv.cpp:52]   --->   Operation 415 'load' 'input_fm_4_load_4' <Predicate = (!icmp_ln48)> <Delay = 3.25> <CoreInst = "RAM">   --->   Core 82 'RAM' <Latency = 1> <II = 1> <Delay = 3.25> <Storage> <Opcode : 'load' 'store'> <Ports = 2> <Width = 32> <Depth = 14364> <RAM>
ST_7 : Operation 416 [2/2] (3.25ns)   --->   "%input_fm_5_load_4 = load i14 %input_fm_5_addr_4" [conv.cpp:52]   --->   Operation 416 'load' 'input_fm_5_load_4' <Predicate = (!icmp_ln48)> <Delay = 3.25> <CoreInst = "RAM">   --->   Core 82 'RAM' <Latency = 1> <II = 1> <Delay = 3.25> <Storage> <Opcode : 'load' 'store'> <Ports = 2> <Width = 32> <Depth = 14364> <RAM>
ST_7 : Operation 417 [2/2] (3.25ns)   --->   "%input_fm_6_load_4 = load i14 %input_fm_6_addr_4" [conv.cpp:52]   --->   Operation 417 'load' 'input_fm_6_load_4' <Predicate = (!icmp_ln48)> <Delay = 3.25> <CoreInst = "RAM">   --->   Core 82 'RAM' <Latency = 1> <II = 1> <Delay = 3.25> <Storage> <Opcode : 'load' 'store'> <Ports = 2> <Width = 32> <Depth = 14364> <RAM>
ST_7 : Operation 418 [2/2] (3.25ns)   --->   "%input_fm_7_load_4 = load i14 %input_fm_7_addr_4" [conv.cpp:52]   --->   Operation 418 'load' 'input_fm_7_load_4' <Predicate = (!icmp_ln48)> <Delay = 3.25> <CoreInst = "RAM">   --->   Core 82 'RAM' <Latency = 1> <II = 1> <Delay = 3.25> <Storage> <Opcode : 'load' 'store'> <Ports = 2> <Width = 32> <Depth = 14364> <RAM>
ST_7 : Operation 419 [2/2] (3.25ns)   --->   "%input_fm_8_load_4 = load i14 %input_fm_8_addr_4" [conv.cpp:52]   --->   Operation 419 'load' 'input_fm_8_load_4' <Predicate = (!icmp_ln48)> <Delay = 3.25> <CoreInst = "RAM">   --->   Core 82 'RAM' <Latency = 1> <II = 1> <Delay = 3.25> <Storage> <Opcode : 'load' 'store'> <Ports = 2> <Width = 32> <Depth = 14364> <RAM>
ST_7 : Operation 420 [2/2] (3.25ns)   --->   "%input_fm_9_load_4 = load i14 %input_fm_9_addr_4" [conv.cpp:52]   --->   Operation 420 'load' 'input_fm_9_load_4' <Predicate = (!icmp_ln48)> <Delay = 3.25> <CoreInst = "RAM">   --->   Core 82 'RAM' <Latency = 1> <II = 1> <Delay = 3.25> <Storage> <Opcode : 'load' 'store'> <Ports = 2> <Width = 32> <Depth = 14364> <RAM>
ST_7 : Operation 421 [2/2] (3.25ns)   --->   "%input_fm_10_load_4 = load i14 %input_fm_10_addr_4" [conv.cpp:52]   --->   Operation 421 'load' 'input_fm_10_load_4' <Predicate = (!icmp_ln48)> <Delay = 3.25> <CoreInst = "RAM">   --->   Core 82 'RAM' <Latency = 1> <II = 1> <Delay = 3.25> <Storage> <Opcode : 'load' 'store'> <Ports = 2> <Width = 32> <Depth = 14364> <RAM>
ST_7 : Operation 422 [2/2] (3.25ns)   --->   "%input_fm_0_load_5 = load i14 %input_fm_0_addr_5" [conv.cpp:52]   --->   Operation 422 'load' 'input_fm_0_load_5' <Predicate = (!icmp_ln48)> <Delay = 3.25> <CoreInst = "RAM">   --->   Core 82 'RAM' <Latency = 1> <II = 1> <Delay = 3.25> <Storage> <Opcode : 'load' 'store'> <Ports = 2> <Width = 32> <Depth = 14364> <RAM>
ST_7 : Operation 423 [2/2] (3.25ns)   --->   "%input_fm_1_load_5 = load i14 %input_fm_1_addr_5" [conv.cpp:52]   --->   Operation 423 'load' 'input_fm_1_load_5' <Predicate = (!icmp_ln48)> <Delay = 3.25> <CoreInst = "RAM">   --->   Core 82 'RAM' <Latency = 1> <II = 1> <Delay = 3.25> <Storage> <Opcode : 'load' 'store'> <Ports = 2> <Width = 32> <Depth = 14364> <RAM>
ST_7 : Operation 424 [2/2] (3.25ns)   --->   "%input_fm_2_load_5 = load i14 %input_fm_2_addr_5" [conv.cpp:52]   --->   Operation 424 'load' 'input_fm_2_load_5' <Predicate = (!icmp_ln48)> <Delay = 3.25> <CoreInst = "RAM">   --->   Core 82 'RAM' <Latency = 1> <II = 1> <Delay = 3.25> <Storage> <Opcode : 'load' 'store'> <Ports = 2> <Width = 32> <Depth = 14364> <RAM>
ST_7 : Operation 425 [2/2] (3.25ns)   --->   "%input_fm_3_load_5 = load i14 %input_fm_3_addr_5" [conv.cpp:52]   --->   Operation 425 'load' 'input_fm_3_load_5' <Predicate = (!icmp_ln48)> <Delay = 3.25> <CoreInst = "RAM">   --->   Core 82 'RAM' <Latency = 1> <II = 1> <Delay = 3.25> <Storage> <Opcode : 'load' 'store'> <Ports = 2> <Width = 32> <Depth = 14364> <RAM>
ST_7 : Operation 426 [2/2] (3.25ns)   --->   "%input_fm_4_load_5 = load i14 %input_fm_4_addr_5" [conv.cpp:52]   --->   Operation 426 'load' 'input_fm_4_load_5' <Predicate = (!icmp_ln48)> <Delay = 3.25> <CoreInst = "RAM">   --->   Core 82 'RAM' <Latency = 1> <II = 1> <Delay = 3.25> <Storage> <Opcode : 'load' 'store'> <Ports = 2> <Width = 32> <Depth = 14364> <RAM>
ST_7 : Operation 427 [2/2] (3.25ns)   --->   "%input_fm_5_load_5 = load i14 %input_fm_5_addr_5" [conv.cpp:52]   --->   Operation 427 'load' 'input_fm_5_load_5' <Predicate = (!icmp_ln48)> <Delay = 3.25> <CoreInst = "RAM">   --->   Core 82 'RAM' <Latency = 1> <II = 1> <Delay = 3.25> <Storage> <Opcode : 'load' 'store'> <Ports = 2> <Width = 32> <Depth = 14364> <RAM>
ST_7 : Operation 428 [2/2] (3.25ns)   --->   "%input_fm_6_load_5 = load i14 %input_fm_6_addr_5" [conv.cpp:52]   --->   Operation 428 'load' 'input_fm_6_load_5' <Predicate = (!icmp_ln48)> <Delay = 3.25> <CoreInst = "RAM">   --->   Core 82 'RAM' <Latency = 1> <II = 1> <Delay = 3.25> <Storage> <Opcode : 'load' 'store'> <Ports = 2> <Width = 32> <Depth = 14364> <RAM>
ST_7 : Operation 429 [2/2] (3.25ns)   --->   "%input_fm_7_load_5 = load i14 %input_fm_7_addr_5" [conv.cpp:52]   --->   Operation 429 'load' 'input_fm_7_load_5' <Predicate = (!icmp_ln48)> <Delay = 3.25> <CoreInst = "RAM">   --->   Core 82 'RAM' <Latency = 1> <II = 1> <Delay = 3.25> <Storage> <Opcode : 'load' 'store'> <Ports = 2> <Width = 32> <Depth = 14364> <RAM>
ST_7 : Operation 430 [2/2] (3.25ns)   --->   "%input_fm_8_load_5 = load i14 %input_fm_8_addr_5" [conv.cpp:52]   --->   Operation 430 'load' 'input_fm_8_load_5' <Predicate = (!icmp_ln48)> <Delay = 3.25> <CoreInst = "RAM">   --->   Core 82 'RAM' <Latency = 1> <II = 1> <Delay = 3.25> <Storage> <Opcode : 'load' 'store'> <Ports = 2> <Width = 32> <Depth = 14364> <RAM>
ST_7 : Operation 431 [2/2] (3.25ns)   --->   "%input_fm_9_load_5 = load i14 %input_fm_9_addr_5" [conv.cpp:52]   --->   Operation 431 'load' 'input_fm_9_load_5' <Predicate = (!icmp_ln48)> <Delay = 3.25> <CoreInst = "RAM">   --->   Core 82 'RAM' <Latency = 1> <II = 1> <Delay = 3.25> <Storage> <Opcode : 'load' 'store'> <Ports = 2> <Width = 32> <Depth = 14364> <RAM>
ST_7 : Operation 432 [2/2] (3.25ns)   --->   "%input_fm_10_load_5 = load i14 %input_fm_10_addr_5" [conv.cpp:52]   --->   Operation 432 'load' 'input_fm_10_load_5' <Predicate = (!icmp_ln48)> <Delay = 3.25> <CoreInst = "RAM">   --->   Core 82 'RAM' <Latency = 1> <II = 1> <Delay = 3.25> <Storage> <Opcode : 'load' 'store'> <Ports = 2> <Width = 32> <Depth = 14364> <RAM>

State 8 <SV = 7> <Delay = 6.72>
ST_8 : Operation 433 [1/1] (0.00ns)   --->   "%zext_ln52_19 = zext i14 %add_ln52_7" [conv.cpp:52]   --->   Operation 433 'zext' 'zext_ln52_19' <Predicate = (!icmp_ln48)> <Delay = 0.00>
ST_8 : Operation 434 [1/1] (0.00ns)   --->   "%input_fm_0_addr_6 = getelementptr i32 %input_fm_0, i64 0, i64 %zext_ln52_19" [conv.cpp:52]   --->   Operation 434 'getelementptr' 'input_fm_0_addr_6' <Predicate = (!icmp_ln48)> <Delay = 0.00>
ST_8 : Operation 435 [1/1] (0.00ns)   --->   "%zext_ln52_20 = zext i14 %add_ln52_8" [conv.cpp:52]   --->   Operation 435 'zext' 'zext_ln52_20' <Predicate = (!icmp_ln48)> <Delay = 0.00>
ST_8 : Operation 436 [1/1] (0.00ns)   --->   "%input_fm_0_addr_7 = getelementptr i32 %input_fm_0, i64 0, i64 %zext_ln52_20" [conv.cpp:52]   --->   Operation 436 'getelementptr' 'input_fm_0_addr_7' <Predicate = (!icmp_ln48)> <Delay = 0.00>
ST_8 : Operation 437 [1/1] (0.00ns)   --->   "%input_fm_1_addr_6 = getelementptr i32 %input_fm_1, i64 0, i64 %zext_ln52_19" [conv.cpp:52]   --->   Operation 437 'getelementptr' 'input_fm_1_addr_6' <Predicate = (!icmp_ln48)> <Delay = 0.00>
ST_8 : Operation 438 [1/1] (0.00ns)   --->   "%input_fm_1_addr_7 = getelementptr i32 %input_fm_1, i64 0, i64 %zext_ln52_20" [conv.cpp:52]   --->   Operation 438 'getelementptr' 'input_fm_1_addr_7' <Predicate = (!icmp_ln48)> <Delay = 0.00>
ST_8 : Operation 439 [1/1] (0.00ns)   --->   "%input_fm_2_addr_6 = getelementptr i32 %input_fm_2, i64 0, i64 %zext_ln52_19" [conv.cpp:52]   --->   Operation 439 'getelementptr' 'input_fm_2_addr_6' <Predicate = (!icmp_ln48)> <Delay = 0.00>
ST_8 : Operation 440 [1/1] (0.00ns)   --->   "%input_fm_2_addr_7 = getelementptr i32 %input_fm_2, i64 0, i64 %zext_ln52_20" [conv.cpp:52]   --->   Operation 440 'getelementptr' 'input_fm_2_addr_7' <Predicate = (!icmp_ln48)> <Delay = 0.00>
ST_8 : Operation 441 [1/1] (0.00ns)   --->   "%input_fm_3_addr_6 = getelementptr i32 %input_fm_3, i64 0, i64 %zext_ln52_19" [conv.cpp:52]   --->   Operation 441 'getelementptr' 'input_fm_3_addr_6' <Predicate = (!icmp_ln48)> <Delay = 0.00>
ST_8 : Operation 442 [1/1] (0.00ns)   --->   "%input_fm_3_addr_7 = getelementptr i32 %input_fm_3, i64 0, i64 %zext_ln52_20" [conv.cpp:52]   --->   Operation 442 'getelementptr' 'input_fm_3_addr_7' <Predicate = (!icmp_ln48)> <Delay = 0.00>
ST_8 : Operation 443 [1/1] (0.00ns)   --->   "%input_fm_4_addr_6 = getelementptr i32 %input_fm_4, i64 0, i64 %zext_ln52_19" [conv.cpp:52]   --->   Operation 443 'getelementptr' 'input_fm_4_addr_6' <Predicate = (!icmp_ln48)> <Delay = 0.00>
ST_8 : Operation 444 [1/1] (0.00ns)   --->   "%input_fm_4_addr_7 = getelementptr i32 %input_fm_4, i64 0, i64 %zext_ln52_20" [conv.cpp:52]   --->   Operation 444 'getelementptr' 'input_fm_4_addr_7' <Predicate = (!icmp_ln48)> <Delay = 0.00>
ST_8 : Operation 445 [1/1] (0.00ns)   --->   "%input_fm_5_addr_6 = getelementptr i32 %input_fm_5, i64 0, i64 %zext_ln52_19" [conv.cpp:52]   --->   Operation 445 'getelementptr' 'input_fm_5_addr_6' <Predicate = (!icmp_ln48)> <Delay = 0.00>
ST_8 : Operation 446 [1/1] (0.00ns)   --->   "%input_fm_5_addr_7 = getelementptr i32 %input_fm_5, i64 0, i64 %zext_ln52_20" [conv.cpp:52]   --->   Operation 446 'getelementptr' 'input_fm_5_addr_7' <Predicate = (!icmp_ln48)> <Delay = 0.00>
ST_8 : Operation 447 [1/1] (0.00ns)   --->   "%input_fm_6_addr_6 = getelementptr i32 %input_fm_6, i64 0, i64 %zext_ln52_19" [conv.cpp:52]   --->   Operation 447 'getelementptr' 'input_fm_6_addr_6' <Predicate = (!icmp_ln48)> <Delay = 0.00>
ST_8 : Operation 448 [1/1] (0.00ns)   --->   "%input_fm_6_addr_7 = getelementptr i32 %input_fm_6, i64 0, i64 %zext_ln52_20" [conv.cpp:52]   --->   Operation 448 'getelementptr' 'input_fm_6_addr_7' <Predicate = (!icmp_ln48)> <Delay = 0.00>
ST_8 : Operation 449 [1/1] (0.00ns)   --->   "%input_fm_7_addr_6 = getelementptr i32 %input_fm_7, i64 0, i64 %zext_ln52_19" [conv.cpp:52]   --->   Operation 449 'getelementptr' 'input_fm_7_addr_6' <Predicate = (!icmp_ln48)> <Delay = 0.00>
ST_8 : Operation 450 [1/1] (0.00ns)   --->   "%input_fm_7_addr_7 = getelementptr i32 %input_fm_7, i64 0, i64 %zext_ln52_20" [conv.cpp:52]   --->   Operation 450 'getelementptr' 'input_fm_7_addr_7' <Predicate = (!icmp_ln48)> <Delay = 0.00>
ST_8 : Operation 451 [1/1] (0.00ns)   --->   "%input_fm_8_addr_6 = getelementptr i32 %input_fm_8, i64 0, i64 %zext_ln52_19" [conv.cpp:52]   --->   Operation 451 'getelementptr' 'input_fm_8_addr_6' <Predicate = (!icmp_ln48)> <Delay = 0.00>
ST_8 : Operation 452 [1/1] (0.00ns)   --->   "%input_fm_8_addr_7 = getelementptr i32 %input_fm_8, i64 0, i64 %zext_ln52_20" [conv.cpp:52]   --->   Operation 452 'getelementptr' 'input_fm_8_addr_7' <Predicate = (!icmp_ln48)> <Delay = 0.00>
ST_8 : Operation 453 [1/1] (0.00ns)   --->   "%input_fm_9_addr_6 = getelementptr i32 %input_fm_9, i64 0, i64 %zext_ln52_19" [conv.cpp:52]   --->   Operation 453 'getelementptr' 'input_fm_9_addr_6' <Predicate = (!icmp_ln48)> <Delay = 0.00>
ST_8 : Operation 454 [1/1] (0.00ns)   --->   "%input_fm_9_addr_7 = getelementptr i32 %input_fm_9, i64 0, i64 %zext_ln52_20" [conv.cpp:52]   --->   Operation 454 'getelementptr' 'input_fm_9_addr_7' <Predicate = (!icmp_ln48)> <Delay = 0.00>
ST_8 : Operation 455 [1/1] (0.00ns)   --->   "%input_fm_10_addr_6 = getelementptr i32 %input_fm_10, i64 0, i64 %zext_ln52_19" [conv.cpp:52]   --->   Operation 455 'getelementptr' 'input_fm_10_addr_6' <Predicate = (!icmp_ln48)> <Delay = 0.00>
ST_8 : Operation 456 [1/1] (0.00ns)   --->   "%input_fm_10_addr_7 = getelementptr i32 %input_fm_10, i64 0, i64 %zext_ln52_20" [conv.cpp:52]   --->   Operation 456 'getelementptr' 'input_fm_10_addr_7' <Predicate = (!icmp_ln48)> <Delay = 0.00>
ST_8 : Operation 457 [1/1] (0.00ns)   --->   "%empty_19 = bitcast i32 %weights_1_load" [conv.cpp:48]   --->   Operation 457 'bitcast' 'empty_19' <Predicate = (!icmp_ln48)> <Delay = 0.00>
ST_8 : Operation 458 [3/4] (5.70ns)   --->   "%mul = fmul i32 %empty_18, i32 %tmp_1" [conv.cpp:52]   --->   Operation 458 'fmul' 'mul' <Predicate = (!icmp_ln48)> <Delay = 5.70> <CoreInst = "FMul_maxdsp">   --->   Core 30 'FMul_maxdsp' <Latency = 3> <II = 1> <Delay = 5.70> <FuncUnit> <Opcode : 'fmul'> <InPorts = 2> <OutPorts = 1>
ST_8 : Operation 459 [4/4] (6.72ns)   --->   "%mul_1 = fmul i32 %empty_19, i32 %tmp_1_1" [conv.cpp:52]   --->   Operation 459 'fmul' 'mul_1' <Predicate = (!icmp_ln48)> <Delay = 6.72> <CoreInst = "FMul_maxdsp">   --->   Core 30 'FMul_maxdsp' <Latency = 3> <II = 1> <Delay = 5.70> <FuncUnit> <Opcode : 'fmul'> <InPorts = 2> <OutPorts = 1>
ST_8 : Operation 460 [1/2] (3.25ns)   --->   "%input_fm_0_load_4 = load i14 %input_fm_0_addr_4" [conv.cpp:52]   --->   Operation 460 'load' 'input_fm_0_load_4' <Predicate = (!icmp_ln48)> <Delay = 3.25> <CoreInst = "RAM">   --->   Core 82 'RAM' <Latency = 1> <II = 1> <Delay = 3.25> <Storage> <Opcode : 'load' 'store'> <Ports = 2> <Width = 32> <Depth = 14364> <RAM>
ST_8 : Operation 461 [1/1] (0.00ns)   --->   "%bitcast_ln52_46 = bitcast i32 %input_fm_0_load_4" [conv.cpp:52]   --->   Operation 461 'bitcast' 'bitcast_ln52_46' <Predicate = (!icmp_ln48)> <Delay = 0.00>
ST_8 : Operation 462 [1/2] (3.25ns)   --->   "%input_fm_1_load_4 = load i14 %input_fm_1_addr_4" [conv.cpp:52]   --->   Operation 462 'load' 'input_fm_1_load_4' <Predicate = (!icmp_ln48)> <Delay = 3.25> <CoreInst = "RAM">   --->   Core 82 'RAM' <Latency = 1> <II = 1> <Delay = 3.25> <Storage> <Opcode : 'load' 'store'> <Ports = 2> <Width = 32> <Depth = 14364> <RAM>
ST_8 : Operation 463 [1/1] (0.00ns)   --->   "%bitcast_ln52_47 = bitcast i32 %input_fm_1_load_4" [conv.cpp:52]   --->   Operation 463 'bitcast' 'bitcast_ln52_47' <Predicate = (!icmp_ln48)> <Delay = 0.00>
ST_8 : Operation 464 [1/2] (3.25ns)   --->   "%input_fm_2_load_4 = load i14 %input_fm_2_addr_4" [conv.cpp:52]   --->   Operation 464 'load' 'input_fm_2_load_4' <Predicate = (!icmp_ln48)> <Delay = 3.25> <CoreInst = "RAM">   --->   Core 82 'RAM' <Latency = 1> <II = 1> <Delay = 3.25> <Storage> <Opcode : 'load' 'store'> <Ports = 2> <Width = 32> <Depth = 14364> <RAM>
ST_8 : Operation 465 [1/1] (0.00ns)   --->   "%bitcast_ln52_48 = bitcast i32 %input_fm_2_load_4" [conv.cpp:52]   --->   Operation 465 'bitcast' 'bitcast_ln52_48' <Predicate = (!icmp_ln48)> <Delay = 0.00>
ST_8 : Operation 466 [1/2] (3.25ns)   --->   "%input_fm_3_load_4 = load i14 %input_fm_3_addr_4" [conv.cpp:52]   --->   Operation 466 'load' 'input_fm_3_load_4' <Predicate = (!icmp_ln48)> <Delay = 3.25> <CoreInst = "RAM">   --->   Core 82 'RAM' <Latency = 1> <II = 1> <Delay = 3.25> <Storage> <Opcode : 'load' 'store'> <Ports = 2> <Width = 32> <Depth = 14364> <RAM>
ST_8 : Operation 467 [1/1] (0.00ns)   --->   "%bitcast_ln52_49 = bitcast i32 %input_fm_3_load_4" [conv.cpp:52]   --->   Operation 467 'bitcast' 'bitcast_ln52_49' <Predicate = (!icmp_ln48)> <Delay = 0.00>
ST_8 : Operation 468 [1/2] (3.25ns)   --->   "%input_fm_4_load_4 = load i14 %input_fm_4_addr_4" [conv.cpp:52]   --->   Operation 468 'load' 'input_fm_4_load_4' <Predicate = (!icmp_ln48)> <Delay = 3.25> <CoreInst = "RAM">   --->   Core 82 'RAM' <Latency = 1> <II = 1> <Delay = 3.25> <Storage> <Opcode : 'load' 'store'> <Ports = 2> <Width = 32> <Depth = 14364> <RAM>
ST_8 : Operation 469 [1/1] (0.00ns)   --->   "%bitcast_ln52_50 = bitcast i32 %input_fm_4_load_4" [conv.cpp:52]   --->   Operation 469 'bitcast' 'bitcast_ln52_50' <Predicate = (!icmp_ln48)> <Delay = 0.00>
ST_8 : Operation 470 [1/2] (3.25ns)   --->   "%input_fm_5_load_4 = load i14 %input_fm_5_addr_4" [conv.cpp:52]   --->   Operation 470 'load' 'input_fm_5_load_4' <Predicate = (!icmp_ln48)> <Delay = 3.25> <CoreInst = "RAM">   --->   Core 82 'RAM' <Latency = 1> <II = 1> <Delay = 3.25> <Storage> <Opcode : 'load' 'store'> <Ports = 2> <Width = 32> <Depth = 14364> <RAM>
ST_8 : Operation 471 [1/1] (0.00ns)   --->   "%bitcast_ln52_51 = bitcast i32 %input_fm_5_load_4" [conv.cpp:52]   --->   Operation 471 'bitcast' 'bitcast_ln52_51' <Predicate = (!icmp_ln48)> <Delay = 0.00>
ST_8 : Operation 472 [1/2] (3.25ns)   --->   "%input_fm_6_load_4 = load i14 %input_fm_6_addr_4" [conv.cpp:52]   --->   Operation 472 'load' 'input_fm_6_load_4' <Predicate = (!icmp_ln48)> <Delay = 3.25> <CoreInst = "RAM">   --->   Core 82 'RAM' <Latency = 1> <II = 1> <Delay = 3.25> <Storage> <Opcode : 'load' 'store'> <Ports = 2> <Width = 32> <Depth = 14364> <RAM>
ST_8 : Operation 473 [1/1] (0.00ns)   --->   "%bitcast_ln52_52 = bitcast i32 %input_fm_6_load_4" [conv.cpp:52]   --->   Operation 473 'bitcast' 'bitcast_ln52_52' <Predicate = (!icmp_ln48)> <Delay = 0.00>
ST_8 : Operation 474 [1/2] (3.25ns)   --->   "%input_fm_7_load_4 = load i14 %input_fm_7_addr_4" [conv.cpp:52]   --->   Operation 474 'load' 'input_fm_7_load_4' <Predicate = (!icmp_ln48)> <Delay = 3.25> <CoreInst = "RAM">   --->   Core 82 'RAM' <Latency = 1> <II = 1> <Delay = 3.25> <Storage> <Opcode : 'load' 'store'> <Ports = 2> <Width = 32> <Depth = 14364> <RAM>
ST_8 : Operation 475 [1/1] (0.00ns)   --->   "%bitcast_ln52_53 = bitcast i32 %input_fm_7_load_4" [conv.cpp:52]   --->   Operation 475 'bitcast' 'bitcast_ln52_53' <Predicate = (!icmp_ln48)> <Delay = 0.00>
ST_8 : Operation 476 [1/2] (3.25ns)   --->   "%input_fm_8_load_4 = load i14 %input_fm_8_addr_4" [conv.cpp:52]   --->   Operation 476 'load' 'input_fm_8_load_4' <Predicate = (!icmp_ln48)> <Delay = 3.25> <CoreInst = "RAM">   --->   Core 82 'RAM' <Latency = 1> <II = 1> <Delay = 3.25> <Storage> <Opcode : 'load' 'store'> <Ports = 2> <Width = 32> <Depth = 14364> <RAM>
ST_8 : Operation 477 [1/1] (0.00ns)   --->   "%bitcast_ln52_54 = bitcast i32 %input_fm_8_load_4" [conv.cpp:52]   --->   Operation 477 'bitcast' 'bitcast_ln52_54' <Predicate = (!icmp_ln48)> <Delay = 0.00>
ST_8 : Operation 478 [1/2] (3.25ns)   --->   "%input_fm_9_load_4 = load i14 %input_fm_9_addr_4" [conv.cpp:52]   --->   Operation 478 'load' 'input_fm_9_load_4' <Predicate = (!icmp_ln48)> <Delay = 3.25> <CoreInst = "RAM">   --->   Core 82 'RAM' <Latency = 1> <II = 1> <Delay = 3.25> <Storage> <Opcode : 'load' 'store'> <Ports = 2> <Width = 32> <Depth = 14364> <RAM>
ST_8 : Operation 479 [1/1] (0.00ns)   --->   "%bitcast_ln52_55 = bitcast i32 %input_fm_9_load_4" [conv.cpp:52]   --->   Operation 479 'bitcast' 'bitcast_ln52_55' <Predicate = (!icmp_ln48)> <Delay = 0.00>
ST_8 : Operation 480 [1/2] (3.25ns)   --->   "%input_fm_10_load_4 = load i14 %input_fm_10_addr_4" [conv.cpp:52]   --->   Operation 480 'load' 'input_fm_10_load_4' <Predicate = (!icmp_ln48)> <Delay = 3.25> <CoreInst = "RAM">   --->   Core 82 'RAM' <Latency = 1> <II = 1> <Delay = 3.25> <Storage> <Opcode : 'load' 'store'> <Ports = 2> <Width = 32> <Depth = 14364> <RAM>
ST_8 : Operation 481 [1/1] (0.00ns)   --->   "%bitcast_ln52_56 = bitcast i32 %input_fm_10_load_4" [conv.cpp:52]   --->   Operation 481 'bitcast' 'bitcast_ln52_56' <Predicate = (!icmp_ln48)> <Delay = 0.00>
ST_8 : Operation 482 [1/1] (2.66ns)   --->   "%tmp_1_4 = mux i32 @_ssdm_op_Mux.ap_auto.11f32.i4, i32 %bitcast_ln52_46, i32 %bitcast_ln52_47, i32 %bitcast_ln52_48, i32 %bitcast_ln52_49, i32 %bitcast_ln52_50, i32 %bitcast_ln52_51, i32 %bitcast_ln52_52, i32 %bitcast_ln52_53, i32 %bitcast_ln52_54, i32 %bitcast_ln52_55, i32 %bitcast_ln52_56, i4 %trunc_ln52_4_read" [conv.cpp:52]   --->   Operation 482 'mux' 'tmp_1_4' <Predicate = (!icmp_ln48)> <Delay = 2.66> <CoreInst = "Multiplexer">   --->   Core 76 'Multiplexer' <Latency = 0> <II = 1> <Delay = 2.66> <FuncUnit> <Opcode : 'mux'> <InPorts = 2> <OutPorts = 1>
ST_8 : Operation 483 [1/2] (3.25ns)   --->   "%input_fm_0_load_5 = load i14 %input_fm_0_addr_5" [conv.cpp:52]   --->   Operation 483 'load' 'input_fm_0_load_5' <Predicate = (!icmp_ln48)> <Delay = 3.25> <CoreInst = "RAM">   --->   Core 82 'RAM' <Latency = 1> <II = 1> <Delay = 3.25> <Storage> <Opcode : 'load' 'store'> <Ports = 2> <Width = 32> <Depth = 14364> <RAM>
ST_8 : Operation 484 [1/1] (0.00ns)   --->   "%bitcast_ln52_57 = bitcast i32 %input_fm_0_load_5" [conv.cpp:52]   --->   Operation 484 'bitcast' 'bitcast_ln52_57' <Predicate = (!icmp_ln48)> <Delay = 0.00>
ST_8 : Operation 485 [1/2] (3.25ns)   --->   "%input_fm_1_load_5 = load i14 %input_fm_1_addr_5" [conv.cpp:52]   --->   Operation 485 'load' 'input_fm_1_load_5' <Predicate = (!icmp_ln48)> <Delay = 3.25> <CoreInst = "RAM">   --->   Core 82 'RAM' <Latency = 1> <II = 1> <Delay = 3.25> <Storage> <Opcode : 'load' 'store'> <Ports = 2> <Width = 32> <Depth = 14364> <RAM>
ST_8 : Operation 486 [1/1] (0.00ns)   --->   "%bitcast_ln52_58 = bitcast i32 %input_fm_1_load_5" [conv.cpp:52]   --->   Operation 486 'bitcast' 'bitcast_ln52_58' <Predicate = (!icmp_ln48)> <Delay = 0.00>
ST_8 : Operation 487 [1/2] (3.25ns)   --->   "%input_fm_2_load_5 = load i14 %input_fm_2_addr_5" [conv.cpp:52]   --->   Operation 487 'load' 'input_fm_2_load_5' <Predicate = (!icmp_ln48)> <Delay = 3.25> <CoreInst = "RAM">   --->   Core 82 'RAM' <Latency = 1> <II = 1> <Delay = 3.25> <Storage> <Opcode : 'load' 'store'> <Ports = 2> <Width = 32> <Depth = 14364> <RAM>
ST_8 : Operation 488 [1/1] (0.00ns)   --->   "%bitcast_ln52_59 = bitcast i32 %input_fm_2_load_5" [conv.cpp:52]   --->   Operation 488 'bitcast' 'bitcast_ln52_59' <Predicate = (!icmp_ln48)> <Delay = 0.00>
ST_8 : Operation 489 [1/2] (3.25ns)   --->   "%input_fm_3_load_5 = load i14 %input_fm_3_addr_5" [conv.cpp:52]   --->   Operation 489 'load' 'input_fm_3_load_5' <Predicate = (!icmp_ln48)> <Delay = 3.25> <CoreInst = "RAM">   --->   Core 82 'RAM' <Latency = 1> <II = 1> <Delay = 3.25> <Storage> <Opcode : 'load' 'store'> <Ports = 2> <Width = 32> <Depth = 14364> <RAM>
ST_8 : Operation 490 [1/1] (0.00ns)   --->   "%bitcast_ln52_60 = bitcast i32 %input_fm_3_load_5" [conv.cpp:52]   --->   Operation 490 'bitcast' 'bitcast_ln52_60' <Predicate = (!icmp_ln48)> <Delay = 0.00>
ST_8 : Operation 491 [1/2] (3.25ns)   --->   "%input_fm_4_load_5 = load i14 %input_fm_4_addr_5" [conv.cpp:52]   --->   Operation 491 'load' 'input_fm_4_load_5' <Predicate = (!icmp_ln48)> <Delay = 3.25> <CoreInst = "RAM">   --->   Core 82 'RAM' <Latency = 1> <II = 1> <Delay = 3.25> <Storage> <Opcode : 'load' 'store'> <Ports = 2> <Width = 32> <Depth = 14364> <RAM>
ST_8 : Operation 492 [1/1] (0.00ns)   --->   "%bitcast_ln52_61 = bitcast i32 %input_fm_4_load_5" [conv.cpp:52]   --->   Operation 492 'bitcast' 'bitcast_ln52_61' <Predicate = (!icmp_ln48)> <Delay = 0.00>
ST_8 : Operation 493 [1/2] (3.25ns)   --->   "%input_fm_5_load_5 = load i14 %input_fm_5_addr_5" [conv.cpp:52]   --->   Operation 493 'load' 'input_fm_5_load_5' <Predicate = (!icmp_ln48)> <Delay = 3.25> <CoreInst = "RAM">   --->   Core 82 'RAM' <Latency = 1> <II = 1> <Delay = 3.25> <Storage> <Opcode : 'load' 'store'> <Ports = 2> <Width = 32> <Depth = 14364> <RAM>
ST_8 : Operation 494 [1/1] (0.00ns)   --->   "%bitcast_ln52_62 = bitcast i32 %input_fm_5_load_5" [conv.cpp:52]   --->   Operation 494 'bitcast' 'bitcast_ln52_62' <Predicate = (!icmp_ln48)> <Delay = 0.00>
ST_8 : Operation 495 [1/2] (3.25ns)   --->   "%input_fm_6_load_5 = load i14 %input_fm_6_addr_5" [conv.cpp:52]   --->   Operation 495 'load' 'input_fm_6_load_5' <Predicate = (!icmp_ln48)> <Delay = 3.25> <CoreInst = "RAM">   --->   Core 82 'RAM' <Latency = 1> <II = 1> <Delay = 3.25> <Storage> <Opcode : 'load' 'store'> <Ports = 2> <Width = 32> <Depth = 14364> <RAM>
ST_8 : Operation 496 [1/1] (0.00ns)   --->   "%bitcast_ln52_63 = bitcast i32 %input_fm_6_load_5" [conv.cpp:52]   --->   Operation 496 'bitcast' 'bitcast_ln52_63' <Predicate = (!icmp_ln48)> <Delay = 0.00>
ST_8 : Operation 497 [1/2] (3.25ns)   --->   "%input_fm_7_load_5 = load i14 %input_fm_7_addr_5" [conv.cpp:52]   --->   Operation 497 'load' 'input_fm_7_load_5' <Predicate = (!icmp_ln48)> <Delay = 3.25> <CoreInst = "RAM">   --->   Core 82 'RAM' <Latency = 1> <II = 1> <Delay = 3.25> <Storage> <Opcode : 'load' 'store'> <Ports = 2> <Width = 32> <Depth = 14364> <RAM>
ST_8 : Operation 498 [1/1] (0.00ns)   --->   "%bitcast_ln52_64 = bitcast i32 %input_fm_7_load_5" [conv.cpp:52]   --->   Operation 498 'bitcast' 'bitcast_ln52_64' <Predicate = (!icmp_ln48)> <Delay = 0.00>
ST_8 : Operation 499 [1/2] (3.25ns)   --->   "%input_fm_8_load_5 = load i14 %input_fm_8_addr_5" [conv.cpp:52]   --->   Operation 499 'load' 'input_fm_8_load_5' <Predicate = (!icmp_ln48)> <Delay = 3.25> <CoreInst = "RAM">   --->   Core 82 'RAM' <Latency = 1> <II = 1> <Delay = 3.25> <Storage> <Opcode : 'load' 'store'> <Ports = 2> <Width = 32> <Depth = 14364> <RAM>
ST_8 : Operation 500 [1/1] (0.00ns)   --->   "%bitcast_ln52_65 = bitcast i32 %input_fm_8_load_5" [conv.cpp:52]   --->   Operation 500 'bitcast' 'bitcast_ln52_65' <Predicate = (!icmp_ln48)> <Delay = 0.00>
ST_8 : Operation 501 [1/2] (3.25ns)   --->   "%input_fm_9_load_5 = load i14 %input_fm_9_addr_5" [conv.cpp:52]   --->   Operation 501 'load' 'input_fm_9_load_5' <Predicate = (!icmp_ln48)> <Delay = 3.25> <CoreInst = "RAM">   --->   Core 82 'RAM' <Latency = 1> <II = 1> <Delay = 3.25> <Storage> <Opcode : 'load' 'store'> <Ports = 2> <Width = 32> <Depth = 14364> <RAM>
ST_8 : Operation 502 [1/1] (0.00ns)   --->   "%bitcast_ln52_66 = bitcast i32 %input_fm_9_load_5" [conv.cpp:52]   --->   Operation 502 'bitcast' 'bitcast_ln52_66' <Predicate = (!icmp_ln48)> <Delay = 0.00>
ST_8 : Operation 503 [1/2] (3.25ns)   --->   "%input_fm_10_load_5 = load i14 %input_fm_10_addr_5" [conv.cpp:52]   --->   Operation 503 'load' 'input_fm_10_load_5' <Predicate = (!icmp_ln48)> <Delay = 3.25> <CoreInst = "RAM">   --->   Core 82 'RAM' <Latency = 1> <II = 1> <Delay = 3.25> <Storage> <Opcode : 'load' 'store'> <Ports = 2> <Width = 32> <Depth = 14364> <RAM>
ST_8 : Operation 504 [1/1] (0.00ns)   --->   "%bitcast_ln52_67 = bitcast i32 %input_fm_10_load_5" [conv.cpp:52]   --->   Operation 504 'bitcast' 'bitcast_ln52_67' <Predicate = (!icmp_ln48)> <Delay = 0.00>
ST_8 : Operation 505 [1/1] (2.66ns)   --->   "%tmp_1_5 = mux i32 @_ssdm_op_Mux.ap_auto.11f32.i4, i32 %bitcast_ln52_57, i32 %bitcast_ln52_58, i32 %bitcast_ln52_59, i32 %bitcast_ln52_60, i32 %bitcast_ln52_61, i32 %bitcast_ln52_62, i32 %bitcast_ln52_63, i32 %bitcast_ln52_64, i32 %bitcast_ln52_65, i32 %bitcast_ln52_66, i32 %bitcast_ln52_67, i4 %trunc_ln52_5_read" [conv.cpp:52]   --->   Operation 505 'mux' 'tmp_1_5' <Predicate = (!icmp_ln48)> <Delay = 2.66> <CoreInst = "Multiplexer">   --->   Core 76 'Multiplexer' <Latency = 0> <II = 1> <Delay = 2.66> <FuncUnit> <Opcode : 'mux'> <InPorts = 2> <OutPorts = 1>
ST_8 : Operation 506 [2/2] (3.25ns)   --->   "%input_fm_0_load_6 = load i14 %input_fm_0_addr_6" [conv.cpp:52]   --->   Operation 506 'load' 'input_fm_0_load_6' <Predicate = (!icmp_ln48)> <Delay = 3.25> <CoreInst = "RAM">   --->   Core 82 'RAM' <Latency = 1> <II = 1> <Delay = 3.25> <Storage> <Opcode : 'load' 'store'> <Ports = 2> <Width = 32> <Depth = 14364> <RAM>
ST_8 : Operation 507 [2/2] (3.25ns)   --->   "%input_fm_1_load_6 = load i14 %input_fm_1_addr_6" [conv.cpp:52]   --->   Operation 507 'load' 'input_fm_1_load_6' <Predicate = (!icmp_ln48)> <Delay = 3.25> <CoreInst = "RAM">   --->   Core 82 'RAM' <Latency = 1> <II = 1> <Delay = 3.25> <Storage> <Opcode : 'load' 'store'> <Ports = 2> <Width = 32> <Depth = 14364> <RAM>
ST_8 : Operation 508 [2/2] (3.25ns)   --->   "%input_fm_2_load_6 = load i14 %input_fm_2_addr_6" [conv.cpp:52]   --->   Operation 508 'load' 'input_fm_2_load_6' <Predicate = (!icmp_ln48)> <Delay = 3.25> <CoreInst = "RAM">   --->   Core 82 'RAM' <Latency = 1> <II = 1> <Delay = 3.25> <Storage> <Opcode : 'load' 'store'> <Ports = 2> <Width = 32> <Depth = 14364> <RAM>
ST_8 : Operation 509 [2/2] (3.25ns)   --->   "%input_fm_3_load_6 = load i14 %input_fm_3_addr_6" [conv.cpp:52]   --->   Operation 509 'load' 'input_fm_3_load_6' <Predicate = (!icmp_ln48)> <Delay = 3.25> <CoreInst = "RAM">   --->   Core 82 'RAM' <Latency = 1> <II = 1> <Delay = 3.25> <Storage> <Opcode : 'load' 'store'> <Ports = 2> <Width = 32> <Depth = 14364> <RAM>
ST_8 : Operation 510 [2/2] (3.25ns)   --->   "%input_fm_4_load_6 = load i14 %input_fm_4_addr_6" [conv.cpp:52]   --->   Operation 510 'load' 'input_fm_4_load_6' <Predicate = (!icmp_ln48)> <Delay = 3.25> <CoreInst = "RAM">   --->   Core 82 'RAM' <Latency = 1> <II = 1> <Delay = 3.25> <Storage> <Opcode : 'load' 'store'> <Ports = 2> <Width = 32> <Depth = 14364> <RAM>
ST_8 : Operation 511 [2/2] (3.25ns)   --->   "%input_fm_5_load_6 = load i14 %input_fm_5_addr_6" [conv.cpp:52]   --->   Operation 511 'load' 'input_fm_5_load_6' <Predicate = (!icmp_ln48)> <Delay = 3.25> <CoreInst = "RAM">   --->   Core 82 'RAM' <Latency = 1> <II = 1> <Delay = 3.25> <Storage> <Opcode : 'load' 'store'> <Ports = 2> <Width = 32> <Depth = 14364> <RAM>
ST_8 : Operation 512 [2/2] (3.25ns)   --->   "%input_fm_6_load_6 = load i14 %input_fm_6_addr_6" [conv.cpp:52]   --->   Operation 512 'load' 'input_fm_6_load_6' <Predicate = (!icmp_ln48)> <Delay = 3.25> <CoreInst = "RAM">   --->   Core 82 'RAM' <Latency = 1> <II = 1> <Delay = 3.25> <Storage> <Opcode : 'load' 'store'> <Ports = 2> <Width = 32> <Depth = 14364> <RAM>
ST_8 : Operation 513 [2/2] (3.25ns)   --->   "%input_fm_7_load_6 = load i14 %input_fm_7_addr_6" [conv.cpp:52]   --->   Operation 513 'load' 'input_fm_7_load_6' <Predicate = (!icmp_ln48)> <Delay = 3.25> <CoreInst = "RAM">   --->   Core 82 'RAM' <Latency = 1> <II = 1> <Delay = 3.25> <Storage> <Opcode : 'load' 'store'> <Ports = 2> <Width = 32> <Depth = 14364> <RAM>
ST_8 : Operation 514 [2/2] (3.25ns)   --->   "%input_fm_8_load_6 = load i14 %input_fm_8_addr_6" [conv.cpp:52]   --->   Operation 514 'load' 'input_fm_8_load_6' <Predicate = (!icmp_ln48)> <Delay = 3.25> <CoreInst = "RAM">   --->   Core 82 'RAM' <Latency = 1> <II = 1> <Delay = 3.25> <Storage> <Opcode : 'load' 'store'> <Ports = 2> <Width = 32> <Depth = 14364> <RAM>
ST_8 : Operation 515 [2/2] (3.25ns)   --->   "%input_fm_9_load_6 = load i14 %input_fm_9_addr_6" [conv.cpp:52]   --->   Operation 515 'load' 'input_fm_9_load_6' <Predicate = (!icmp_ln48)> <Delay = 3.25> <CoreInst = "RAM">   --->   Core 82 'RAM' <Latency = 1> <II = 1> <Delay = 3.25> <Storage> <Opcode : 'load' 'store'> <Ports = 2> <Width = 32> <Depth = 14364> <RAM>
ST_8 : Operation 516 [2/2] (3.25ns)   --->   "%input_fm_10_load_6 = load i14 %input_fm_10_addr_6" [conv.cpp:52]   --->   Operation 516 'load' 'input_fm_10_load_6' <Predicate = (!icmp_ln48)> <Delay = 3.25> <CoreInst = "RAM">   --->   Core 82 'RAM' <Latency = 1> <II = 1> <Delay = 3.25> <Storage> <Opcode : 'load' 'store'> <Ports = 2> <Width = 32> <Depth = 14364> <RAM>
ST_8 : Operation 517 [2/2] (3.25ns)   --->   "%input_fm_0_load_7 = load i14 %input_fm_0_addr_7" [conv.cpp:52]   --->   Operation 517 'load' 'input_fm_0_load_7' <Predicate = (!icmp_ln48)> <Delay = 3.25> <CoreInst = "RAM">   --->   Core 82 'RAM' <Latency = 1> <II = 1> <Delay = 3.25> <Storage> <Opcode : 'load' 'store'> <Ports = 2> <Width = 32> <Depth = 14364> <RAM>
ST_8 : Operation 518 [2/2] (3.25ns)   --->   "%input_fm_1_load_7 = load i14 %input_fm_1_addr_7" [conv.cpp:52]   --->   Operation 518 'load' 'input_fm_1_load_7' <Predicate = (!icmp_ln48)> <Delay = 3.25> <CoreInst = "RAM">   --->   Core 82 'RAM' <Latency = 1> <II = 1> <Delay = 3.25> <Storage> <Opcode : 'load' 'store'> <Ports = 2> <Width = 32> <Depth = 14364> <RAM>
ST_8 : Operation 519 [2/2] (3.25ns)   --->   "%input_fm_2_load_7 = load i14 %input_fm_2_addr_7" [conv.cpp:52]   --->   Operation 519 'load' 'input_fm_2_load_7' <Predicate = (!icmp_ln48)> <Delay = 3.25> <CoreInst = "RAM">   --->   Core 82 'RAM' <Latency = 1> <II = 1> <Delay = 3.25> <Storage> <Opcode : 'load' 'store'> <Ports = 2> <Width = 32> <Depth = 14364> <RAM>
ST_8 : Operation 520 [2/2] (3.25ns)   --->   "%input_fm_3_load_7 = load i14 %input_fm_3_addr_7" [conv.cpp:52]   --->   Operation 520 'load' 'input_fm_3_load_7' <Predicate = (!icmp_ln48)> <Delay = 3.25> <CoreInst = "RAM">   --->   Core 82 'RAM' <Latency = 1> <II = 1> <Delay = 3.25> <Storage> <Opcode : 'load' 'store'> <Ports = 2> <Width = 32> <Depth = 14364> <RAM>
ST_8 : Operation 521 [2/2] (3.25ns)   --->   "%input_fm_4_load_7 = load i14 %input_fm_4_addr_7" [conv.cpp:52]   --->   Operation 521 'load' 'input_fm_4_load_7' <Predicate = (!icmp_ln48)> <Delay = 3.25> <CoreInst = "RAM">   --->   Core 82 'RAM' <Latency = 1> <II = 1> <Delay = 3.25> <Storage> <Opcode : 'load' 'store'> <Ports = 2> <Width = 32> <Depth = 14364> <RAM>
ST_8 : Operation 522 [2/2] (3.25ns)   --->   "%input_fm_5_load_7 = load i14 %input_fm_5_addr_7" [conv.cpp:52]   --->   Operation 522 'load' 'input_fm_5_load_7' <Predicate = (!icmp_ln48)> <Delay = 3.25> <CoreInst = "RAM">   --->   Core 82 'RAM' <Latency = 1> <II = 1> <Delay = 3.25> <Storage> <Opcode : 'load' 'store'> <Ports = 2> <Width = 32> <Depth = 14364> <RAM>
ST_8 : Operation 523 [2/2] (3.25ns)   --->   "%input_fm_6_load_7 = load i14 %input_fm_6_addr_7" [conv.cpp:52]   --->   Operation 523 'load' 'input_fm_6_load_7' <Predicate = (!icmp_ln48)> <Delay = 3.25> <CoreInst = "RAM">   --->   Core 82 'RAM' <Latency = 1> <II = 1> <Delay = 3.25> <Storage> <Opcode : 'load' 'store'> <Ports = 2> <Width = 32> <Depth = 14364> <RAM>
ST_8 : Operation 524 [2/2] (3.25ns)   --->   "%input_fm_7_load_7 = load i14 %input_fm_7_addr_7" [conv.cpp:52]   --->   Operation 524 'load' 'input_fm_7_load_7' <Predicate = (!icmp_ln48)> <Delay = 3.25> <CoreInst = "RAM">   --->   Core 82 'RAM' <Latency = 1> <II = 1> <Delay = 3.25> <Storage> <Opcode : 'load' 'store'> <Ports = 2> <Width = 32> <Depth = 14364> <RAM>
ST_8 : Operation 525 [2/2] (3.25ns)   --->   "%input_fm_8_load_7 = load i14 %input_fm_8_addr_7" [conv.cpp:52]   --->   Operation 525 'load' 'input_fm_8_load_7' <Predicate = (!icmp_ln48)> <Delay = 3.25> <CoreInst = "RAM">   --->   Core 82 'RAM' <Latency = 1> <II = 1> <Delay = 3.25> <Storage> <Opcode : 'load' 'store'> <Ports = 2> <Width = 32> <Depth = 14364> <RAM>
ST_8 : Operation 526 [2/2] (3.25ns)   --->   "%input_fm_9_load_7 = load i14 %input_fm_9_addr_7" [conv.cpp:52]   --->   Operation 526 'load' 'input_fm_9_load_7' <Predicate = (!icmp_ln48)> <Delay = 3.25> <CoreInst = "RAM">   --->   Core 82 'RAM' <Latency = 1> <II = 1> <Delay = 3.25> <Storage> <Opcode : 'load' 'store'> <Ports = 2> <Width = 32> <Depth = 14364> <RAM>
ST_8 : Operation 527 [2/2] (3.25ns)   --->   "%input_fm_10_load_7 = load i14 %input_fm_10_addr_7" [conv.cpp:52]   --->   Operation 527 'load' 'input_fm_10_load_7' <Predicate = (!icmp_ln48)> <Delay = 3.25> <CoreInst = "RAM">   --->   Core 82 'RAM' <Latency = 1> <II = 1> <Delay = 3.25> <Storage> <Opcode : 'load' 'store'> <Ports = 2> <Width = 32> <Depth = 14364> <RAM>

State 9 <SV = 8> <Delay = 6.72>
ST_9 : Operation 528 [1/1] (0.00ns)   --->   "%zext_ln52_21 = zext i14 %add_ln52_9" [conv.cpp:52]   --->   Operation 528 'zext' 'zext_ln52_21' <Predicate = (!icmp_ln48)> <Delay = 0.00>
ST_9 : Operation 529 [1/1] (0.00ns)   --->   "%input_fm_0_addr_8 = getelementptr i32 %input_fm_0, i64 0, i64 %zext_ln52_21" [conv.cpp:52]   --->   Operation 529 'getelementptr' 'input_fm_0_addr_8' <Predicate = (!icmp_ln48)> <Delay = 0.00>
ST_9 : Operation 530 [1/1] (0.00ns)   --->   "%zext_ln52_22 = zext i14 %add_ln52_11" [conv.cpp:52]   --->   Operation 530 'zext' 'zext_ln52_22' <Predicate = (!icmp_ln48)> <Delay = 0.00>
ST_9 : Operation 531 [1/1] (0.00ns)   --->   "%input_fm_0_addr_9 = getelementptr i32 %input_fm_0, i64 0, i64 %zext_ln52_22" [conv.cpp:52]   --->   Operation 531 'getelementptr' 'input_fm_0_addr_9' <Predicate = (!icmp_ln48)> <Delay = 0.00>
ST_9 : Operation 532 [1/1] (0.00ns)   --->   "%input_fm_1_addr_8 = getelementptr i32 %input_fm_1, i64 0, i64 %zext_ln52_21" [conv.cpp:52]   --->   Operation 532 'getelementptr' 'input_fm_1_addr_8' <Predicate = (!icmp_ln48)> <Delay = 0.00>
ST_9 : Operation 533 [1/1] (0.00ns)   --->   "%input_fm_1_addr_9 = getelementptr i32 %input_fm_1, i64 0, i64 %zext_ln52_22" [conv.cpp:52]   --->   Operation 533 'getelementptr' 'input_fm_1_addr_9' <Predicate = (!icmp_ln48)> <Delay = 0.00>
ST_9 : Operation 534 [1/1] (0.00ns)   --->   "%input_fm_2_addr_8 = getelementptr i32 %input_fm_2, i64 0, i64 %zext_ln52_21" [conv.cpp:52]   --->   Operation 534 'getelementptr' 'input_fm_2_addr_8' <Predicate = (!icmp_ln48)> <Delay = 0.00>
ST_9 : Operation 535 [1/1] (0.00ns)   --->   "%input_fm_2_addr_9 = getelementptr i32 %input_fm_2, i64 0, i64 %zext_ln52_22" [conv.cpp:52]   --->   Operation 535 'getelementptr' 'input_fm_2_addr_9' <Predicate = (!icmp_ln48)> <Delay = 0.00>
ST_9 : Operation 536 [1/1] (0.00ns)   --->   "%input_fm_3_addr_8 = getelementptr i32 %input_fm_3, i64 0, i64 %zext_ln52_21" [conv.cpp:52]   --->   Operation 536 'getelementptr' 'input_fm_3_addr_8' <Predicate = (!icmp_ln48)> <Delay = 0.00>
ST_9 : Operation 537 [1/1] (0.00ns)   --->   "%input_fm_3_addr_9 = getelementptr i32 %input_fm_3, i64 0, i64 %zext_ln52_22" [conv.cpp:52]   --->   Operation 537 'getelementptr' 'input_fm_3_addr_9' <Predicate = (!icmp_ln48)> <Delay = 0.00>
ST_9 : Operation 538 [1/1] (0.00ns)   --->   "%input_fm_4_addr_8 = getelementptr i32 %input_fm_4, i64 0, i64 %zext_ln52_21" [conv.cpp:52]   --->   Operation 538 'getelementptr' 'input_fm_4_addr_8' <Predicate = (!icmp_ln48)> <Delay = 0.00>
ST_9 : Operation 539 [1/1] (0.00ns)   --->   "%input_fm_4_addr_9 = getelementptr i32 %input_fm_4, i64 0, i64 %zext_ln52_22" [conv.cpp:52]   --->   Operation 539 'getelementptr' 'input_fm_4_addr_9' <Predicate = (!icmp_ln48)> <Delay = 0.00>
ST_9 : Operation 540 [1/1] (0.00ns)   --->   "%input_fm_5_addr_8 = getelementptr i32 %input_fm_5, i64 0, i64 %zext_ln52_21" [conv.cpp:52]   --->   Operation 540 'getelementptr' 'input_fm_5_addr_8' <Predicate = (!icmp_ln48)> <Delay = 0.00>
ST_9 : Operation 541 [1/1] (0.00ns)   --->   "%input_fm_5_addr_9 = getelementptr i32 %input_fm_5, i64 0, i64 %zext_ln52_22" [conv.cpp:52]   --->   Operation 541 'getelementptr' 'input_fm_5_addr_9' <Predicate = (!icmp_ln48)> <Delay = 0.00>
ST_9 : Operation 542 [1/1] (0.00ns)   --->   "%input_fm_6_addr_8 = getelementptr i32 %input_fm_6, i64 0, i64 %zext_ln52_21" [conv.cpp:52]   --->   Operation 542 'getelementptr' 'input_fm_6_addr_8' <Predicate = (!icmp_ln48)> <Delay = 0.00>
ST_9 : Operation 543 [1/1] (0.00ns)   --->   "%input_fm_6_addr_9 = getelementptr i32 %input_fm_6, i64 0, i64 %zext_ln52_22" [conv.cpp:52]   --->   Operation 543 'getelementptr' 'input_fm_6_addr_9' <Predicate = (!icmp_ln48)> <Delay = 0.00>
ST_9 : Operation 544 [1/1] (0.00ns)   --->   "%input_fm_7_addr_8 = getelementptr i32 %input_fm_7, i64 0, i64 %zext_ln52_21" [conv.cpp:52]   --->   Operation 544 'getelementptr' 'input_fm_7_addr_8' <Predicate = (!icmp_ln48)> <Delay = 0.00>
ST_9 : Operation 545 [1/1] (0.00ns)   --->   "%input_fm_7_addr_9 = getelementptr i32 %input_fm_7, i64 0, i64 %zext_ln52_22" [conv.cpp:52]   --->   Operation 545 'getelementptr' 'input_fm_7_addr_9' <Predicate = (!icmp_ln48)> <Delay = 0.00>
ST_9 : Operation 546 [1/1] (0.00ns)   --->   "%input_fm_8_addr_8 = getelementptr i32 %input_fm_8, i64 0, i64 %zext_ln52_21" [conv.cpp:52]   --->   Operation 546 'getelementptr' 'input_fm_8_addr_8' <Predicate = (!icmp_ln48)> <Delay = 0.00>
ST_9 : Operation 547 [1/1] (0.00ns)   --->   "%input_fm_8_addr_9 = getelementptr i32 %input_fm_8, i64 0, i64 %zext_ln52_22" [conv.cpp:52]   --->   Operation 547 'getelementptr' 'input_fm_8_addr_9' <Predicate = (!icmp_ln48)> <Delay = 0.00>
ST_9 : Operation 548 [1/1] (0.00ns)   --->   "%input_fm_9_addr_8 = getelementptr i32 %input_fm_9, i64 0, i64 %zext_ln52_21" [conv.cpp:52]   --->   Operation 548 'getelementptr' 'input_fm_9_addr_8' <Predicate = (!icmp_ln48)> <Delay = 0.00>
ST_9 : Operation 549 [1/1] (0.00ns)   --->   "%input_fm_9_addr_9 = getelementptr i32 %input_fm_9, i64 0, i64 %zext_ln52_22" [conv.cpp:52]   --->   Operation 549 'getelementptr' 'input_fm_9_addr_9' <Predicate = (!icmp_ln48)> <Delay = 0.00>
ST_9 : Operation 550 [1/1] (0.00ns)   --->   "%input_fm_10_addr_8 = getelementptr i32 %input_fm_10, i64 0, i64 %zext_ln52_21" [conv.cpp:52]   --->   Operation 550 'getelementptr' 'input_fm_10_addr_8' <Predicate = (!icmp_ln48)> <Delay = 0.00>
ST_9 : Operation 551 [1/1] (0.00ns)   --->   "%input_fm_10_addr_9 = getelementptr i32 %input_fm_10, i64 0, i64 %zext_ln52_22" [conv.cpp:52]   --->   Operation 551 'getelementptr' 'input_fm_10_addr_9' <Predicate = (!icmp_ln48)> <Delay = 0.00>
ST_9 : Operation 552 [1/1] (0.00ns)   --->   "%empty_20 = bitcast i32 %weights_2_load" [conv.cpp:48]   --->   Operation 552 'bitcast' 'empty_20' <Predicate = (!icmp_ln48)> <Delay = 0.00>
ST_9 : Operation 553 [2/4] (5.70ns)   --->   "%mul = fmul i32 %empty_18, i32 %tmp_1" [conv.cpp:52]   --->   Operation 553 'fmul' 'mul' <Predicate = (!icmp_ln48)> <Delay = 5.70> <CoreInst = "FMul_maxdsp">   --->   Core 30 'FMul_maxdsp' <Latency = 3> <II = 1> <Delay = 5.70> <FuncUnit> <Opcode : 'fmul'> <InPorts = 2> <OutPorts = 1>
ST_9 : Operation 554 [3/4] (5.70ns)   --->   "%mul_1 = fmul i32 %empty_19, i32 %tmp_1_1" [conv.cpp:52]   --->   Operation 554 'fmul' 'mul_1' <Predicate = (!icmp_ln48)> <Delay = 5.70> <CoreInst = "FMul_maxdsp">   --->   Core 30 'FMul_maxdsp' <Latency = 3> <II = 1> <Delay = 5.70> <FuncUnit> <Opcode : 'fmul'> <InPorts = 2> <OutPorts = 1>
ST_9 : Operation 555 [4/4] (6.72ns)   --->   "%mul_2 = fmul i32 %empty_20, i32 %tmp_1_2" [conv.cpp:52]   --->   Operation 555 'fmul' 'mul_2' <Predicate = (!icmp_ln48)> <Delay = 6.72> <CoreInst = "FMul_maxdsp">   --->   Core 30 'FMul_maxdsp' <Latency = 3> <II = 1> <Delay = 5.70> <FuncUnit> <Opcode : 'fmul'> <InPorts = 2> <OutPorts = 1>
ST_9 : Operation 556 [1/2] (3.25ns)   --->   "%input_fm_0_load_6 = load i14 %input_fm_0_addr_6" [conv.cpp:52]   --->   Operation 556 'load' 'input_fm_0_load_6' <Predicate = (!icmp_ln48)> <Delay = 3.25> <CoreInst = "RAM">   --->   Core 82 'RAM' <Latency = 1> <II = 1> <Delay = 3.25> <Storage> <Opcode : 'load' 'store'> <Ports = 2> <Width = 32> <Depth = 14364> <RAM>
ST_9 : Operation 557 [1/1] (0.00ns)   --->   "%bitcast_ln52_68 = bitcast i32 %input_fm_0_load_6" [conv.cpp:52]   --->   Operation 557 'bitcast' 'bitcast_ln52_68' <Predicate = (!icmp_ln48)> <Delay = 0.00>
ST_9 : Operation 558 [1/2] (3.25ns)   --->   "%input_fm_1_load_6 = load i14 %input_fm_1_addr_6" [conv.cpp:52]   --->   Operation 558 'load' 'input_fm_1_load_6' <Predicate = (!icmp_ln48)> <Delay = 3.25> <CoreInst = "RAM">   --->   Core 82 'RAM' <Latency = 1> <II = 1> <Delay = 3.25> <Storage> <Opcode : 'load' 'store'> <Ports = 2> <Width = 32> <Depth = 14364> <RAM>
ST_9 : Operation 559 [1/1] (0.00ns)   --->   "%bitcast_ln52_69 = bitcast i32 %input_fm_1_load_6" [conv.cpp:52]   --->   Operation 559 'bitcast' 'bitcast_ln52_69' <Predicate = (!icmp_ln48)> <Delay = 0.00>
ST_9 : Operation 560 [1/2] (3.25ns)   --->   "%input_fm_2_load_6 = load i14 %input_fm_2_addr_6" [conv.cpp:52]   --->   Operation 560 'load' 'input_fm_2_load_6' <Predicate = (!icmp_ln48)> <Delay = 3.25> <CoreInst = "RAM">   --->   Core 82 'RAM' <Latency = 1> <II = 1> <Delay = 3.25> <Storage> <Opcode : 'load' 'store'> <Ports = 2> <Width = 32> <Depth = 14364> <RAM>
ST_9 : Operation 561 [1/1] (0.00ns)   --->   "%bitcast_ln52_70 = bitcast i32 %input_fm_2_load_6" [conv.cpp:52]   --->   Operation 561 'bitcast' 'bitcast_ln52_70' <Predicate = (!icmp_ln48)> <Delay = 0.00>
ST_9 : Operation 562 [1/2] (3.25ns)   --->   "%input_fm_3_load_6 = load i14 %input_fm_3_addr_6" [conv.cpp:52]   --->   Operation 562 'load' 'input_fm_3_load_6' <Predicate = (!icmp_ln48)> <Delay = 3.25> <CoreInst = "RAM">   --->   Core 82 'RAM' <Latency = 1> <II = 1> <Delay = 3.25> <Storage> <Opcode : 'load' 'store'> <Ports = 2> <Width = 32> <Depth = 14364> <RAM>
ST_9 : Operation 563 [1/1] (0.00ns)   --->   "%bitcast_ln52_71 = bitcast i32 %input_fm_3_load_6" [conv.cpp:52]   --->   Operation 563 'bitcast' 'bitcast_ln52_71' <Predicate = (!icmp_ln48)> <Delay = 0.00>
ST_9 : Operation 564 [1/2] (3.25ns)   --->   "%input_fm_4_load_6 = load i14 %input_fm_4_addr_6" [conv.cpp:52]   --->   Operation 564 'load' 'input_fm_4_load_6' <Predicate = (!icmp_ln48)> <Delay = 3.25> <CoreInst = "RAM">   --->   Core 82 'RAM' <Latency = 1> <II = 1> <Delay = 3.25> <Storage> <Opcode : 'load' 'store'> <Ports = 2> <Width = 32> <Depth = 14364> <RAM>
ST_9 : Operation 565 [1/1] (0.00ns)   --->   "%bitcast_ln52_72 = bitcast i32 %input_fm_4_load_6" [conv.cpp:52]   --->   Operation 565 'bitcast' 'bitcast_ln52_72' <Predicate = (!icmp_ln48)> <Delay = 0.00>
ST_9 : Operation 566 [1/2] (3.25ns)   --->   "%input_fm_5_load_6 = load i14 %input_fm_5_addr_6" [conv.cpp:52]   --->   Operation 566 'load' 'input_fm_5_load_6' <Predicate = (!icmp_ln48)> <Delay = 3.25> <CoreInst = "RAM">   --->   Core 82 'RAM' <Latency = 1> <II = 1> <Delay = 3.25> <Storage> <Opcode : 'load' 'store'> <Ports = 2> <Width = 32> <Depth = 14364> <RAM>
ST_9 : Operation 567 [1/1] (0.00ns)   --->   "%bitcast_ln52_73 = bitcast i32 %input_fm_5_load_6" [conv.cpp:52]   --->   Operation 567 'bitcast' 'bitcast_ln52_73' <Predicate = (!icmp_ln48)> <Delay = 0.00>
ST_9 : Operation 568 [1/2] (3.25ns)   --->   "%input_fm_6_load_6 = load i14 %input_fm_6_addr_6" [conv.cpp:52]   --->   Operation 568 'load' 'input_fm_6_load_6' <Predicate = (!icmp_ln48)> <Delay = 3.25> <CoreInst = "RAM">   --->   Core 82 'RAM' <Latency = 1> <II = 1> <Delay = 3.25> <Storage> <Opcode : 'load' 'store'> <Ports = 2> <Width = 32> <Depth = 14364> <RAM>
ST_9 : Operation 569 [1/1] (0.00ns)   --->   "%bitcast_ln52_74 = bitcast i32 %input_fm_6_load_6" [conv.cpp:52]   --->   Operation 569 'bitcast' 'bitcast_ln52_74' <Predicate = (!icmp_ln48)> <Delay = 0.00>
ST_9 : Operation 570 [1/2] (3.25ns)   --->   "%input_fm_7_load_6 = load i14 %input_fm_7_addr_6" [conv.cpp:52]   --->   Operation 570 'load' 'input_fm_7_load_6' <Predicate = (!icmp_ln48)> <Delay = 3.25> <CoreInst = "RAM">   --->   Core 82 'RAM' <Latency = 1> <II = 1> <Delay = 3.25> <Storage> <Opcode : 'load' 'store'> <Ports = 2> <Width = 32> <Depth = 14364> <RAM>
ST_9 : Operation 571 [1/1] (0.00ns)   --->   "%bitcast_ln52_75 = bitcast i32 %input_fm_7_load_6" [conv.cpp:52]   --->   Operation 571 'bitcast' 'bitcast_ln52_75' <Predicate = (!icmp_ln48)> <Delay = 0.00>
ST_9 : Operation 572 [1/2] (3.25ns)   --->   "%input_fm_8_load_6 = load i14 %input_fm_8_addr_6" [conv.cpp:52]   --->   Operation 572 'load' 'input_fm_8_load_6' <Predicate = (!icmp_ln48)> <Delay = 3.25> <CoreInst = "RAM">   --->   Core 82 'RAM' <Latency = 1> <II = 1> <Delay = 3.25> <Storage> <Opcode : 'load' 'store'> <Ports = 2> <Width = 32> <Depth = 14364> <RAM>
ST_9 : Operation 573 [1/1] (0.00ns)   --->   "%bitcast_ln52_76 = bitcast i32 %input_fm_8_load_6" [conv.cpp:52]   --->   Operation 573 'bitcast' 'bitcast_ln52_76' <Predicate = (!icmp_ln48)> <Delay = 0.00>
ST_9 : Operation 574 [1/2] (3.25ns)   --->   "%input_fm_9_load_6 = load i14 %input_fm_9_addr_6" [conv.cpp:52]   --->   Operation 574 'load' 'input_fm_9_load_6' <Predicate = (!icmp_ln48)> <Delay = 3.25> <CoreInst = "RAM">   --->   Core 82 'RAM' <Latency = 1> <II = 1> <Delay = 3.25> <Storage> <Opcode : 'load' 'store'> <Ports = 2> <Width = 32> <Depth = 14364> <RAM>
ST_9 : Operation 575 [1/1] (0.00ns)   --->   "%bitcast_ln52_77 = bitcast i32 %input_fm_9_load_6" [conv.cpp:52]   --->   Operation 575 'bitcast' 'bitcast_ln52_77' <Predicate = (!icmp_ln48)> <Delay = 0.00>
ST_9 : Operation 576 [1/2] (3.25ns)   --->   "%input_fm_10_load_6 = load i14 %input_fm_10_addr_6" [conv.cpp:52]   --->   Operation 576 'load' 'input_fm_10_load_6' <Predicate = (!icmp_ln48)> <Delay = 3.25> <CoreInst = "RAM">   --->   Core 82 'RAM' <Latency = 1> <II = 1> <Delay = 3.25> <Storage> <Opcode : 'load' 'store'> <Ports = 2> <Width = 32> <Depth = 14364> <RAM>
ST_9 : Operation 577 [1/1] (0.00ns)   --->   "%bitcast_ln52_78 = bitcast i32 %input_fm_10_load_6" [conv.cpp:52]   --->   Operation 577 'bitcast' 'bitcast_ln52_78' <Predicate = (!icmp_ln48)> <Delay = 0.00>
ST_9 : Operation 578 [1/1] (2.66ns)   --->   "%tmp_1_6 = mux i32 @_ssdm_op_Mux.ap_auto.11f32.i4, i32 %bitcast_ln52_68, i32 %bitcast_ln52_69, i32 %bitcast_ln52_70, i32 %bitcast_ln52_71, i32 %bitcast_ln52_72, i32 %bitcast_ln52_73, i32 %bitcast_ln52_74, i32 %bitcast_ln52_75, i32 %bitcast_ln52_76, i32 %bitcast_ln52_77, i32 %bitcast_ln52_78, i4 %trunc_ln52_6_read" [conv.cpp:52]   --->   Operation 578 'mux' 'tmp_1_6' <Predicate = (!icmp_ln48)> <Delay = 2.66> <CoreInst = "Multiplexer">   --->   Core 76 'Multiplexer' <Latency = 0> <II = 1> <Delay = 2.66> <FuncUnit> <Opcode : 'mux'> <InPorts = 2> <OutPorts = 1>
ST_9 : Operation 579 [1/2] (3.25ns)   --->   "%input_fm_0_load_7 = load i14 %input_fm_0_addr_7" [conv.cpp:52]   --->   Operation 579 'load' 'input_fm_0_load_7' <Predicate = (!icmp_ln48)> <Delay = 3.25> <CoreInst = "RAM">   --->   Core 82 'RAM' <Latency = 1> <II = 1> <Delay = 3.25> <Storage> <Opcode : 'load' 'store'> <Ports = 2> <Width = 32> <Depth = 14364> <RAM>
ST_9 : Operation 580 [1/1] (0.00ns)   --->   "%bitcast_ln52_79 = bitcast i32 %input_fm_0_load_7" [conv.cpp:52]   --->   Operation 580 'bitcast' 'bitcast_ln52_79' <Predicate = (!icmp_ln48)> <Delay = 0.00>
ST_9 : Operation 581 [1/2] (3.25ns)   --->   "%input_fm_1_load_7 = load i14 %input_fm_1_addr_7" [conv.cpp:52]   --->   Operation 581 'load' 'input_fm_1_load_7' <Predicate = (!icmp_ln48)> <Delay = 3.25> <CoreInst = "RAM">   --->   Core 82 'RAM' <Latency = 1> <II = 1> <Delay = 3.25> <Storage> <Opcode : 'load' 'store'> <Ports = 2> <Width = 32> <Depth = 14364> <RAM>
ST_9 : Operation 582 [1/1] (0.00ns)   --->   "%bitcast_ln52_80 = bitcast i32 %input_fm_1_load_7" [conv.cpp:52]   --->   Operation 582 'bitcast' 'bitcast_ln52_80' <Predicate = (!icmp_ln48)> <Delay = 0.00>
ST_9 : Operation 583 [1/2] (3.25ns)   --->   "%input_fm_2_load_7 = load i14 %input_fm_2_addr_7" [conv.cpp:52]   --->   Operation 583 'load' 'input_fm_2_load_7' <Predicate = (!icmp_ln48)> <Delay = 3.25> <CoreInst = "RAM">   --->   Core 82 'RAM' <Latency = 1> <II = 1> <Delay = 3.25> <Storage> <Opcode : 'load' 'store'> <Ports = 2> <Width = 32> <Depth = 14364> <RAM>
ST_9 : Operation 584 [1/1] (0.00ns)   --->   "%bitcast_ln52_81 = bitcast i32 %input_fm_2_load_7" [conv.cpp:52]   --->   Operation 584 'bitcast' 'bitcast_ln52_81' <Predicate = (!icmp_ln48)> <Delay = 0.00>
ST_9 : Operation 585 [1/2] (3.25ns)   --->   "%input_fm_3_load_7 = load i14 %input_fm_3_addr_7" [conv.cpp:52]   --->   Operation 585 'load' 'input_fm_3_load_7' <Predicate = (!icmp_ln48)> <Delay = 3.25> <CoreInst = "RAM">   --->   Core 82 'RAM' <Latency = 1> <II = 1> <Delay = 3.25> <Storage> <Opcode : 'load' 'store'> <Ports = 2> <Width = 32> <Depth = 14364> <RAM>
ST_9 : Operation 586 [1/1] (0.00ns)   --->   "%bitcast_ln52_82 = bitcast i32 %input_fm_3_load_7" [conv.cpp:52]   --->   Operation 586 'bitcast' 'bitcast_ln52_82' <Predicate = (!icmp_ln48)> <Delay = 0.00>
ST_9 : Operation 587 [1/2] (3.25ns)   --->   "%input_fm_4_load_7 = load i14 %input_fm_4_addr_7" [conv.cpp:52]   --->   Operation 587 'load' 'input_fm_4_load_7' <Predicate = (!icmp_ln48)> <Delay = 3.25> <CoreInst = "RAM">   --->   Core 82 'RAM' <Latency = 1> <II = 1> <Delay = 3.25> <Storage> <Opcode : 'load' 'store'> <Ports = 2> <Width = 32> <Depth = 14364> <RAM>
ST_9 : Operation 588 [1/1] (0.00ns)   --->   "%bitcast_ln52_83 = bitcast i32 %input_fm_4_load_7" [conv.cpp:52]   --->   Operation 588 'bitcast' 'bitcast_ln52_83' <Predicate = (!icmp_ln48)> <Delay = 0.00>
ST_9 : Operation 589 [1/2] (3.25ns)   --->   "%input_fm_5_load_7 = load i14 %input_fm_5_addr_7" [conv.cpp:52]   --->   Operation 589 'load' 'input_fm_5_load_7' <Predicate = (!icmp_ln48)> <Delay = 3.25> <CoreInst = "RAM">   --->   Core 82 'RAM' <Latency = 1> <II = 1> <Delay = 3.25> <Storage> <Opcode : 'load' 'store'> <Ports = 2> <Width = 32> <Depth = 14364> <RAM>
ST_9 : Operation 590 [1/1] (0.00ns)   --->   "%bitcast_ln52_84 = bitcast i32 %input_fm_5_load_7" [conv.cpp:52]   --->   Operation 590 'bitcast' 'bitcast_ln52_84' <Predicate = (!icmp_ln48)> <Delay = 0.00>
ST_9 : Operation 591 [1/2] (3.25ns)   --->   "%input_fm_6_load_7 = load i14 %input_fm_6_addr_7" [conv.cpp:52]   --->   Operation 591 'load' 'input_fm_6_load_7' <Predicate = (!icmp_ln48)> <Delay = 3.25> <CoreInst = "RAM">   --->   Core 82 'RAM' <Latency = 1> <II = 1> <Delay = 3.25> <Storage> <Opcode : 'load' 'store'> <Ports = 2> <Width = 32> <Depth = 14364> <RAM>
ST_9 : Operation 592 [1/1] (0.00ns)   --->   "%bitcast_ln52_85 = bitcast i32 %input_fm_6_load_7" [conv.cpp:52]   --->   Operation 592 'bitcast' 'bitcast_ln52_85' <Predicate = (!icmp_ln48)> <Delay = 0.00>
ST_9 : Operation 593 [1/2] (3.25ns)   --->   "%input_fm_7_load_7 = load i14 %input_fm_7_addr_7" [conv.cpp:52]   --->   Operation 593 'load' 'input_fm_7_load_7' <Predicate = (!icmp_ln48)> <Delay = 3.25> <CoreInst = "RAM">   --->   Core 82 'RAM' <Latency = 1> <II = 1> <Delay = 3.25> <Storage> <Opcode : 'load' 'store'> <Ports = 2> <Width = 32> <Depth = 14364> <RAM>
ST_9 : Operation 594 [1/1] (0.00ns)   --->   "%bitcast_ln52_86 = bitcast i32 %input_fm_7_load_7" [conv.cpp:52]   --->   Operation 594 'bitcast' 'bitcast_ln52_86' <Predicate = (!icmp_ln48)> <Delay = 0.00>
ST_9 : Operation 595 [1/2] (3.25ns)   --->   "%input_fm_8_load_7 = load i14 %input_fm_8_addr_7" [conv.cpp:52]   --->   Operation 595 'load' 'input_fm_8_load_7' <Predicate = (!icmp_ln48)> <Delay = 3.25> <CoreInst = "RAM">   --->   Core 82 'RAM' <Latency = 1> <II = 1> <Delay = 3.25> <Storage> <Opcode : 'load' 'store'> <Ports = 2> <Width = 32> <Depth = 14364> <RAM>
ST_9 : Operation 596 [1/1] (0.00ns)   --->   "%bitcast_ln52_87 = bitcast i32 %input_fm_8_load_7" [conv.cpp:52]   --->   Operation 596 'bitcast' 'bitcast_ln52_87' <Predicate = (!icmp_ln48)> <Delay = 0.00>
ST_9 : Operation 597 [1/2] (3.25ns)   --->   "%input_fm_9_load_7 = load i14 %input_fm_9_addr_7" [conv.cpp:52]   --->   Operation 597 'load' 'input_fm_9_load_7' <Predicate = (!icmp_ln48)> <Delay = 3.25> <CoreInst = "RAM">   --->   Core 82 'RAM' <Latency = 1> <II = 1> <Delay = 3.25> <Storage> <Opcode : 'load' 'store'> <Ports = 2> <Width = 32> <Depth = 14364> <RAM>
ST_9 : Operation 598 [1/1] (0.00ns)   --->   "%bitcast_ln52_88 = bitcast i32 %input_fm_9_load_7" [conv.cpp:52]   --->   Operation 598 'bitcast' 'bitcast_ln52_88' <Predicate = (!icmp_ln48)> <Delay = 0.00>
ST_9 : Operation 599 [1/2] (3.25ns)   --->   "%input_fm_10_load_7 = load i14 %input_fm_10_addr_7" [conv.cpp:52]   --->   Operation 599 'load' 'input_fm_10_load_7' <Predicate = (!icmp_ln48)> <Delay = 3.25> <CoreInst = "RAM">   --->   Core 82 'RAM' <Latency = 1> <II = 1> <Delay = 3.25> <Storage> <Opcode : 'load' 'store'> <Ports = 2> <Width = 32> <Depth = 14364> <RAM>
ST_9 : Operation 600 [1/1] (0.00ns)   --->   "%bitcast_ln52_89 = bitcast i32 %input_fm_10_load_7" [conv.cpp:52]   --->   Operation 600 'bitcast' 'bitcast_ln52_89' <Predicate = (!icmp_ln48)> <Delay = 0.00>
ST_9 : Operation 601 [1/1] (2.66ns)   --->   "%tmp_1_7 = mux i32 @_ssdm_op_Mux.ap_auto.11f32.i4, i32 %bitcast_ln52_79, i32 %bitcast_ln52_80, i32 %bitcast_ln52_81, i32 %bitcast_ln52_82, i32 %bitcast_ln52_83, i32 %bitcast_ln52_84, i32 %bitcast_ln52_85, i32 %bitcast_ln52_86, i32 %bitcast_ln52_87, i32 %bitcast_ln52_88, i32 %bitcast_ln52_89, i4 %trunc_ln52_7_read" [conv.cpp:52]   --->   Operation 601 'mux' 'tmp_1_7' <Predicate = (!icmp_ln48)> <Delay = 2.66> <CoreInst = "Multiplexer">   --->   Core 76 'Multiplexer' <Latency = 0> <II = 1> <Delay = 2.66> <FuncUnit> <Opcode : 'mux'> <InPorts = 2> <OutPorts = 1>
ST_9 : Operation 602 [2/2] (3.25ns)   --->   "%input_fm_0_load_8 = load i14 %input_fm_0_addr_8" [conv.cpp:52]   --->   Operation 602 'load' 'input_fm_0_load_8' <Predicate = (!icmp_ln48)> <Delay = 3.25> <CoreInst = "RAM">   --->   Core 82 'RAM' <Latency = 1> <II = 1> <Delay = 3.25> <Storage> <Opcode : 'load' 'store'> <Ports = 2> <Width = 32> <Depth = 14364> <RAM>
ST_9 : Operation 603 [2/2] (3.25ns)   --->   "%input_fm_1_load_8 = load i14 %input_fm_1_addr_8" [conv.cpp:52]   --->   Operation 603 'load' 'input_fm_1_load_8' <Predicate = (!icmp_ln48)> <Delay = 3.25> <CoreInst = "RAM">   --->   Core 82 'RAM' <Latency = 1> <II = 1> <Delay = 3.25> <Storage> <Opcode : 'load' 'store'> <Ports = 2> <Width = 32> <Depth = 14364> <RAM>
ST_9 : Operation 604 [2/2] (3.25ns)   --->   "%input_fm_2_load_8 = load i14 %input_fm_2_addr_8" [conv.cpp:52]   --->   Operation 604 'load' 'input_fm_2_load_8' <Predicate = (!icmp_ln48)> <Delay = 3.25> <CoreInst = "RAM">   --->   Core 82 'RAM' <Latency = 1> <II = 1> <Delay = 3.25> <Storage> <Opcode : 'load' 'store'> <Ports = 2> <Width = 32> <Depth = 14364> <RAM>
ST_9 : Operation 605 [2/2] (3.25ns)   --->   "%input_fm_3_load_8 = load i14 %input_fm_3_addr_8" [conv.cpp:52]   --->   Operation 605 'load' 'input_fm_3_load_8' <Predicate = (!icmp_ln48)> <Delay = 3.25> <CoreInst = "RAM">   --->   Core 82 'RAM' <Latency = 1> <II = 1> <Delay = 3.25> <Storage> <Opcode : 'load' 'store'> <Ports = 2> <Width = 32> <Depth = 14364> <RAM>
ST_9 : Operation 606 [2/2] (3.25ns)   --->   "%input_fm_4_load_8 = load i14 %input_fm_4_addr_8" [conv.cpp:52]   --->   Operation 606 'load' 'input_fm_4_load_8' <Predicate = (!icmp_ln48)> <Delay = 3.25> <CoreInst = "RAM">   --->   Core 82 'RAM' <Latency = 1> <II = 1> <Delay = 3.25> <Storage> <Opcode : 'load' 'store'> <Ports = 2> <Width = 32> <Depth = 14364> <RAM>
ST_9 : Operation 607 [2/2] (3.25ns)   --->   "%input_fm_5_load_8 = load i14 %input_fm_5_addr_8" [conv.cpp:52]   --->   Operation 607 'load' 'input_fm_5_load_8' <Predicate = (!icmp_ln48)> <Delay = 3.25> <CoreInst = "RAM">   --->   Core 82 'RAM' <Latency = 1> <II = 1> <Delay = 3.25> <Storage> <Opcode : 'load' 'store'> <Ports = 2> <Width = 32> <Depth = 14364> <RAM>
ST_9 : Operation 608 [2/2] (3.25ns)   --->   "%input_fm_6_load_8 = load i14 %input_fm_6_addr_8" [conv.cpp:52]   --->   Operation 608 'load' 'input_fm_6_load_8' <Predicate = (!icmp_ln48)> <Delay = 3.25> <CoreInst = "RAM">   --->   Core 82 'RAM' <Latency = 1> <II = 1> <Delay = 3.25> <Storage> <Opcode : 'load' 'store'> <Ports = 2> <Width = 32> <Depth = 14364> <RAM>
ST_9 : Operation 609 [2/2] (3.25ns)   --->   "%input_fm_7_load_8 = load i14 %input_fm_7_addr_8" [conv.cpp:52]   --->   Operation 609 'load' 'input_fm_7_load_8' <Predicate = (!icmp_ln48)> <Delay = 3.25> <CoreInst = "RAM">   --->   Core 82 'RAM' <Latency = 1> <II = 1> <Delay = 3.25> <Storage> <Opcode : 'load' 'store'> <Ports = 2> <Width = 32> <Depth = 14364> <RAM>
ST_9 : Operation 610 [2/2] (3.25ns)   --->   "%input_fm_8_load_8 = load i14 %input_fm_8_addr_8" [conv.cpp:52]   --->   Operation 610 'load' 'input_fm_8_load_8' <Predicate = (!icmp_ln48)> <Delay = 3.25> <CoreInst = "RAM">   --->   Core 82 'RAM' <Latency = 1> <II = 1> <Delay = 3.25> <Storage> <Opcode : 'load' 'store'> <Ports = 2> <Width = 32> <Depth = 14364> <RAM>
ST_9 : Operation 611 [2/2] (3.25ns)   --->   "%input_fm_9_load_8 = load i14 %input_fm_9_addr_8" [conv.cpp:52]   --->   Operation 611 'load' 'input_fm_9_load_8' <Predicate = (!icmp_ln48)> <Delay = 3.25> <CoreInst = "RAM">   --->   Core 82 'RAM' <Latency = 1> <II = 1> <Delay = 3.25> <Storage> <Opcode : 'load' 'store'> <Ports = 2> <Width = 32> <Depth = 14364> <RAM>
ST_9 : Operation 612 [2/2] (3.25ns)   --->   "%input_fm_10_load_8 = load i14 %input_fm_10_addr_8" [conv.cpp:52]   --->   Operation 612 'load' 'input_fm_10_load_8' <Predicate = (!icmp_ln48)> <Delay = 3.25> <CoreInst = "RAM">   --->   Core 82 'RAM' <Latency = 1> <II = 1> <Delay = 3.25> <Storage> <Opcode : 'load' 'store'> <Ports = 2> <Width = 32> <Depth = 14364> <RAM>
ST_9 : Operation 613 [2/2] (3.25ns)   --->   "%input_fm_0_load_9 = load i14 %input_fm_0_addr_9" [conv.cpp:52]   --->   Operation 613 'load' 'input_fm_0_load_9' <Predicate = (!icmp_ln48)> <Delay = 3.25> <CoreInst = "RAM">   --->   Core 82 'RAM' <Latency = 1> <II = 1> <Delay = 3.25> <Storage> <Opcode : 'load' 'store'> <Ports = 2> <Width = 32> <Depth = 14364> <RAM>
ST_9 : Operation 614 [2/2] (3.25ns)   --->   "%input_fm_1_load_9 = load i14 %input_fm_1_addr_9" [conv.cpp:52]   --->   Operation 614 'load' 'input_fm_1_load_9' <Predicate = (!icmp_ln48)> <Delay = 3.25> <CoreInst = "RAM">   --->   Core 82 'RAM' <Latency = 1> <II = 1> <Delay = 3.25> <Storage> <Opcode : 'load' 'store'> <Ports = 2> <Width = 32> <Depth = 14364> <RAM>
ST_9 : Operation 615 [2/2] (3.25ns)   --->   "%input_fm_2_load_9 = load i14 %input_fm_2_addr_9" [conv.cpp:52]   --->   Operation 615 'load' 'input_fm_2_load_9' <Predicate = (!icmp_ln48)> <Delay = 3.25> <CoreInst = "RAM">   --->   Core 82 'RAM' <Latency = 1> <II = 1> <Delay = 3.25> <Storage> <Opcode : 'load' 'store'> <Ports = 2> <Width = 32> <Depth = 14364> <RAM>
ST_9 : Operation 616 [2/2] (3.25ns)   --->   "%input_fm_3_load_9 = load i14 %input_fm_3_addr_9" [conv.cpp:52]   --->   Operation 616 'load' 'input_fm_3_load_9' <Predicate = (!icmp_ln48)> <Delay = 3.25> <CoreInst = "RAM">   --->   Core 82 'RAM' <Latency = 1> <II = 1> <Delay = 3.25> <Storage> <Opcode : 'load' 'store'> <Ports = 2> <Width = 32> <Depth = 14364> <RAM>
ST_9 : Operation 617 [2/2] (3.25ns)   --->   "%input_fm_4_load_9 = load i14 %input_fm_4_addr_9" [conv.cpp:52]   --->   Operation 617 'load' 'input_fm_4_load_9' <Predicate = (!icmp_ln48)> <Delay = 3.25> <CoreInst = "RAM">   --->   Core 82 'RAM' <Latency = 1> <II = 1> <Delay = 3.25> <Storage> <Opcode : 'load' 'store'> <Ports = 2> <Width = 32> <Depth = 14364> <RAM>
ST_9 : Operation 618 [2/2] (3.25ns)   --->   "%input_fm_5_load_9 = load i14 %input_fm_5_addr_9" [conv.cpp:52]   --->   Operation 618 'load' 'input_fm_5_load_9' <Predicate = (!icmp_ln48)> <Delay = 3.25> <CoreInst = "RAM">   --->   Core 82 'RAM' <Latency = 1> <II = 1> <Delay = 3.25> <Storage> <Opcode : 'load' 'store'> <Ports = 2> <Width = 32> <Depth = 14364> <RAM>
ST_9 : Operation 619 [2/2] (3.25ns)   --->   "%input_fm_6_load_9 = load i14 %input_fm_6_addr_9" [conv.cpp:52]   --->   Operation 619 'load' 'input_fm_6_load_9' <Predicate = (!icmp_ln48)> <Delay = 3.25> <CoreInst = "RAM">   --->   Core 82 'RAM' <Latency = 1> <II = 1> <Delay = 3.25> <Storage> <Opcode : 'load' 'store'> <Ports = 2> <Width = 32> <Depth = 14364> <RAM>
ST_9 : Operation 620 [2/2] (3.25ns)   --->   "%input_fm_7_load_9 = load i14 %input_fm_7_addr_9" [conv.cpp:52]   --->   Operation 620 'load' 'input_fm_7_load_9' <Predicate = (!icmp_ln48)> <Delay = 3.25> <CoreInst = "RAM">   --->   Core 82 'RAM' <Latency = 1> <II = 1> <Delay = 3.25> <Storage> <Opcode : 'load' 'store'> <Ports = 2> <Width = 32> <Depth = 14364> <RAM>
ST_9 : Operation 621 [2/2] (3.25ns)   --->   "%input_fm_8_load_9 = load i14 %input_fm_8_addr_9" [conv.cpp:52]   --->   Operation 621 'load' 'input_fm_8_load_9' <Predicate = (!icmp_ln48)> <Delay = 3.25> <CoreInst = "RAM">   --->   Core 82 'RAM' <Latency = 1> <II = 1> <Delay = 3.25> <Storage> <Opcode : 'load' 'store'> <Ports = 2> <Width = 32> <Depth = 14364> <RAM>
ST_9 : Operation 622 [2/2] (3.25ns)   --->   "%input_fm_9_load_9 = load i14 %input_fm_9_addr_9" [conv.cpp:52]   --->   Operation 622 'load' 'input_fm_9_load_9' <Predicate = (!icmp_ln48)> <Delay = 3.25> <CoreInst = "RAM">   --->   Core 82 'RAM' <Latency = 1> <II = 1> <Delay = 3.25> <Storage> <Opcode : 'load' 'store'> <Ports = 2> <Width = 32> <Depth = 14364> <RAM>
ST_9 : Operation 623 [2/2] (3.25ns)   --->   "%input_fm_10_load_9 = load i14 %input_fm_10_addr_9" [conv.cpp:52]   --->   Operation 623 'load' 'input_fm_10_load_9' <Predicate = (!icmp_ln48)> <Delay = 3.25> <CoreInst = "RAM">   --->   Core 82 'RAM' <Latency = 1> <II = 1> <Delay = 3.25> <Storage> <Opcode : 'load' 'store'> <Ports = 2> <Width = 32> <Depth = 14364> <RAM>

State 10 <SV = 9> <Delay = 6.72>
ST_10 : Operation 624 [1/1] (0.00ns)   --->   "%zext_ln52_23 = zext i14 %add_ln52_12" [conv.cpp:52]   --->   Operation 624 'zext' 'zext_ln52_23' <Predicate = (!icmp_ln48)> <Delay = 0.00>
ST_10 : Operation 625 [1/1] (0.00ns)   --->   "%input_fm_0_addr_10 = getelementptr i32 %input_fm_0, i64 0, i64 %zext_ln52_23" [conv.cpp:52]   --->   Operation 625 'getelementptr' 'input_fm_0_addr_10' <Predicate = (!icmp_ln48)> <Delay = 0.00>
ST_10 : Operation 626 [1/1] (0.00ns)   --->   "%input_fm_1_addr_10 = getelementptr i32 %input_fm_1, i64 0, i64 %zext_ln52_23" [conv.cpp:52]   --->   Operation 626 'getelementptr' 'input_fm_1_addr_10' <Predicate = (!icmp_ln48)> <Delay = 0.00>
ST_10 : Operation 627 [1/1] (0.00ns)   --->   "%input_fm_2_addr_10 = getelementptr i32 %input_fm_2, i64 0, i64 %zext_ln52_23" [conv.cpp:52]   --->   Operation 627 'getelementptr' 'input_fm_2_addr_10' <Predicate = (!icmp_ln48)> <Delay = 0.00>
ST_10 : Operation 628 [1/1] (0.00ns)   --->   "%input_fm_3_addr_10 = getelementptr i32 %input_fm_3, i64 0, i64 %zext_ln52_23" [conv.cpp:52]   --->   Operation 628 'getelementptr' 'input_fm_3_addr_10' <Predicate = (!icmp_ln48)> <Delay = 0.00>
ST_10 : Operation 629 [1/1] (0.00ns)   --->   "%input_fm_4_addr_10 = getelementptr i32 %input_fm_4, i64 0, i64 %zext_ln52_23" [conv.cpp:52]   --->   Operation 629 'getelementptr' 'input_fm_4_addr_10' <Predicate = (!icmp_ln48)> <Delay = 0.00>
ST_10 : Operation 630 [1/1] (0.00ns)   --->   "%input_fm_5_addr_10 = getelementptr i32 %input_fm_5, i64 0, i64 %zext_ln52_23" [conv.cpp:52]   --->   Operation 630 'getelementptr' 'input_fm_5_addr_10' <Predicate = (!icmp_ln48)> <Delay = 0.00>
ST_10 : Operation 631 [1/1] (0.00ns)   --->   "%input_fm_6_addr_10 = getelementptr i32 %input_fm_6, i64 0, i64 %zext_ln52_23" [conv.cpp:52]   --->   Operation 631 'getelementptr' 'input_fm_6_addr_10' <Predicate = (!icmp_ln48)> <Delay = 0.00>
ST_10 : Operation 632 [1/1] (0.00ns)   --->   "%input_fm_7_addr_10 = getelementptr i32 %input_fm_7, i64 0, i64 %zext_ln52_23" [conv.cpp:52]   --->   Operation 632 'getelementptr' 'input_fm_7_addr_10' <Predicate = (!icmp_ln48)> <Delay = 0.00>
ST_10 : Operation 633 [1/1] (0.00ns)   --->   "%input_fm_8_addr_10 = getelementptr i32 %input_fm_8, i64 0, i64 %zext_ln52_23" [conv.cpp:52]   --->   Operation 633 'getelementptr' 'input_fm_8_addr_10' <Predicate = (!icmp_ln48)> <Delay = 0.00>
ST_10 : Operation 634 [1/1] (0.00ns)   --->   "%input_fm_9_addr_10 = getelementptr i32 %input_fm_9, i64 0, i64 %zext_ln52_23" [conv.cpp:52]   --->   Operation 634 'getelementptr' 'input_fm_9_addr_10' <Predicate = (!icmp_ln48)> <Delay = 0.00>
ST_10 : Operation 635 [1/1] (0.00ns)   --->   "%input_fm_10_addr_10 = getelementptr i32 %input_fm_10, i64 0, i64 %zext_ln52_23" [conv.cpp:52]   --->   Operation 635 'getelementptr' 'input_fm_10_addr_10' <Predicate = (!icmp_ln48)> <Delay = 0.00>
ST_10 : Operation 636 [1/1] (0.00ns)   --->   "%empty_21 = bitcast i32 %weights_3_load" [conv.cpp:48]   --->   Operation 636 'bitcast' 'empty_21' <Predicate = (!icmp_ln48)> <Delay = 0.00>
ST_10 : Operation 637 [1/4] (5.70ns)   --->   "%mul = fmul i32 %empty_18, i32 %tmp_1" [conv.cpp:52]   --->   Operation 637 'fmul' 'mul' <Predicate = (!icmp_ln48)> <Delay = 5.70> <CoreInst = "FMul_maxdsp">   --->   Core 30 'FMul_maxdsp' <Latency = 3> <II = 1> <Delay = 5.70> <FuncUnit> <Opcode : 'fmul'> <InPorts = 2> <OutPorts = 1>
ST_10 : Operation 638 [2/4] (5.70ns)   --->   "%mul_1 = fmul i32 %empty_19, i32 %tmp_1_1" [conv.cpp:52]   --->   Operation 638 'fmul' 'mul_1' <Predicate = (!icmp_ln48)> <Delay = 5.70> <CoreInst = "FMul_maxdsp">   --->   Core 30 'FMul_maxdsp' <Latency = 3> <II = 1> <Delay = 5.70> <FuncUnit> <Opcode : 'fmul'> <InPorts = 2> <OutPorts = 1>
ST_10 : Operation 639 [3/4] (5.70ns)   --->   "%mul_2 = fmul i32 %empty_20, i32 %tmp_1_2" [conv.cpp:52]   --->   Operation 639 'fmul' 'mul_2' <Predicate = (!icmp_ln48)> <Delay = 5.70> <CoreInst = "FMul_maxdsp">   --->   Core 30 'FMul_maxdsp' <Latency = 3> <II = 1> <Delay = 5.70> <FuncUnit> <Opcode : 'fmul'> <InPorts = 2> <OutPorts = 1>
ST_10 : Operation 640 [4/4] (6.72ns)   --->   "%mul_3 = fmul i32 %empty_21, i32 %tmp_1_3" [conv.cpp:52]   --->   Operation 640 'fmul' 'mul_3' <Predicate = (!icmp_ln48)> <Delay = 6.72> <CoreInst = "FMul_maxdsp">   --->   Core 30 'FMul_maxdsp' <Latency = 3> <II = 1> <Delay = 5.70> <FuncUnit> <Opcode : 'fmul'> <InPorts = 2> <OutPorts = 1>
ST_10 : Operation 641 [1/2] (3.25ns)   --->   "%input_fm_0_load_8 = load i14 %input_fm_0_addr_8" [conv.cpp:52]   --->   Operation 641 'load' 'input_fm_0_load_8' <Predicate = (!icmp_ln48)> <Delay = 3.25> <CoreInst = "RAM">   --->   Core 82 'RAM' <Latency = 1> <II = 1> <Delay = 3.25> <Storage> <Opcode : 'load' 'store'> <Ports = 2> <Width = 32> <Depth = 14364> <RAM>
ST_10 : Operation 642 [1/1] (0.00ns)   --->   "%bitcast_ln52_90 = bitcast i32 %input_fm_0_load_8" [conv.cpp:52]   --->   Operation 642 'bitcast' 'bitcast_ln52_90' <Predicate = (!icmp_ln48)> <Delay = 0.00>
ST_10 : Operation 643 [1/2] (3.25ns)   --->   "%input_fm_1_load_8 = load i14 %input_fm_1_addr_8" [conv.cpp:52]   --->   Operation 643 'load' 'input_fm_1_load_8' <Predicate = (!icmp_ln48)> <Delay = 3.25> <CoreInst = "RAM">   --->   Core 82 'RAM' <Latency = 1> <II = 1> <Delay = 3.25> <Storage> <Opcode : 'load' 'store'> <Ports = 2> <Width = 32> <Depth = 14364> <RAM>
ST_10 : Operation 644 [1/1] (0.00ns)   --->   "%bitcast_ln52_91 = bitcast i32 %input_fm_1_load_8" [conv.cpp:52]   --->   Operation 644 'bitcast' 'bitcast_ln52_91' <Predicate = (!icmp_ln48)> <Delay = 0.00>
ST_10 : Operation 645 [1/2] (3.25ns)   --->   "%input_fm_2_load_8 = load i14 %input_fm_2_addr_8" [conv.cpp:52]   --->   Operation 645 'load' 'input_fm_2_load_8' <Predicate = (!icmp_ln48)> <Delay = 3.25> <CoreInst = "RAM">   --->   Core 82 'RAM' <Latency = 1> <II = 1> <Delay = 3.25> <Storage> <Opcode : 'load' 'store'> <Ports = 2> <Width = 32> <Depth = 14364> <RAM>
ST_10 : Operation 646 [1/1] (0.00ns)   --->   "%bitcast_ln52_92 = bitcast i32 %input_fm_2_load_8" [conv.cpp:52]   --->   Operation 646 'bitcast' 'bitcast_ln52_92' <Predicate = (!icmp_ln48)> <Delay = 0.00>
ST_10 : Operation 647 [1/2] (3.25ns)   --->   "%input_fm_3_load_8 = load i14 %input_fm_3_addr_8" [conv.cpp:52]   --->   Operation 647 'load' 'input_fm_3_load_8' <Predicate = (!icmp_ln48)> <Delay = 3.25> <CoreInst = "RAM">   --->   Core 82 'RAM' <Latency = 1> <II = 1> <Delay = 3.25> <Storage> <Opcode : 'load' 'store'> <Ports = 2> <Width = 32> <Depth = 14364> <RAM>
ST_10 : Operation 648 [1/1] (0.00ns)   --->   "%bitcast_ln52_93 = bitcast i32 %input_fm_3_load_8" [conv.cpp:52]   --->   Operation 648 'bitcast' 'bitcast_ln52_93' <Predicate = (!icmp_ln48)> <Delay = 0.00>
ST_10 : Operation 649 [1/2] (3.25ns)   --->   "%input_fm_4_load_8 = load i14 %input_fm_4_addr_8" [conv.cpp:52]   --->   Operation 649 'load' 'input_fm_4_load_8' <Predicate = (!icmp_ln48)> <Delay = 3.25> <CoreInst = "RAM">   --->   Core 82 'RAM' <Latency = 1> <II = 1> <Delay = 3.25> <Storage> <Opcode : 'load' 'store'> <Ports = 2> <Width = 32> <Depth = 14364> <RAM>
ST_10 : Operation 650 [1/1] (0.00ns)   --->   "%bitcast_ln52_94 = bitcast i32 %input_fm_4_load_8" [conv.cpp:52]   --->   Operation 650 'bitcast' 'bitcast_ln52_94' <Predicate = (!icmp_ln48)> <Delay = 0.00>
ST_10 : Operation 651 [1/2] (3.25ns)   --->   "%input_fm_5_load_8 = load i14 %input_fm_5_addr_8" [conv.cpp:52]   --->   Operation 651 'load' 'input_fm_5_load_8' <Predicate = (!icmp_ln48)> <Delay = 3.25> <CoreInst = "RAM">   --->   Core 82 'RAM' <Latency = 1> <II = 1> <Delay = 3.25> <Storage> <Opcode : 'load' 'store'> <Ports = 2> <Width = 32> <Depth = 14364> <RAM>
ST_10 : Operation 652 [1/1] (0.00ns)   --->   "%bitcast_ln52_95 = bitcast i32 %input_fm_5_load_8" [conv.cpp:52]   --->   Operation 652 'bitcast' 'bitcast_ln52_95' <Predicate = (!icmp_ln48)> <Delay = 0.00>
ST_10 : Operation 653 [1/2] (3.25ns)   --->   "%input_fm_6_load_8 = load i14 %input_fm_6_addr_8" [conv.cpp:52]   --->   Operation 653 'load' 'input_fm_6_load_8' <Predicate = (!icmp_ln48)> <Delay = 3.25> <CoreInst = "RAM">   --->   Core 82 'RAM' <Latency = 1> <II = 1> <Delay = 3.25> <Storage> <Opcode : 'load' 'store'> <Ports = 2> <Width = 32> <Depth = 14364> <RAM>
ST_10 : Operation 654 [1/1] (0.00ns)   --->   "%bitcast_ln52_96 = bitcast i32 %input_fm_6_load_8" [conv.cpp:52]   --->   Operation 654 'bitcast' 'bitcast_ln52_96' <Predicate = (!icmp_ln48)> <Delay = 0.00>
ST_10 : Operation 655 [1/2] (3.25ns)   --->   "%input_fm_7_load_8 = load i14 %input_fm_7_addr_8" [conv.cpp:52]   --->   Operation 655 'load' 'input_fm_7_load_8' <Predicate = (!icmp_ln48)> <Delay = 3.25> <CoreInst = "RAM">   --->   Core 82 'RAM' <Latency = 1> <II = 1> <Delay = 3.25> <Storage> <Opcode : 'load' 'store'> <Ports = 2> <Width = 32> <Depth = 14364> <RAM>
ST_10 : Operation 656 [1/1] (0.00ns)   --->   "%bitcast_ln52_97 = bitcast i32 %input_fm_7_load_8" [conv.cpp:52]   --->   Operation 656 'bitcast' 'bitcast_ln52_97' <Predicate = (!icmp_ln48)> <Delay = 0.00>
ST_10 : Operation 657 [1/2] (3.25ns)   --->   "%input_fm_8_load_8 = load i14 %input_fm_8_addr_8" [conv.cpp:52]   --->   Operation 657 'load' 'input_fm_8_load_8' <Predicate = (!icmp_ln48)> <Delay = 3.25> <CoreInst = "RAM">   --->   Core 82 'RAM' <Latency = 1> <II = 1> <Delay = 3.25> <Storage> <Opcode : 'load' 'store'> <Ports = 2> <Width = 32> <Depth = 14364> <RAM>
ST_10 : Operation 658 [1/1] (0.00ns)   --->   "%bitcast_ln52_98 = bitcast i32 %input_fm_8_load_8" [conv.cpp:52]   --->   Operation 658 'bitcast' 'bitcast_ln52_98' <Predicate = (!icmp_ln48)> <Delay = 0.00>
ST_10 : Operation 659 [1/2] (3.25ns)   --->   "%input_fm_9_load_8 = load i14 %input_fm_9_addr_8" [conv.cpp:52]   --->   Operation 659 'load' 'input_fm_9_load_8' <Predicate = (!icmp_ln48)> <Delay = 3.25> <CoreInst = "RAM">   --->   Core 82 'RAM' <Latency = 1> <II = 1> <Delay = 3.25> <Storage> <Opcode : 'load' 'store'> <Ports = 2> <Width = 32> <Depth = 14364> <RAM>
ST_10 : Operation 660 [1/1] (0.00ns)   --->   "%bitcast_ln52_99 = bitcast i32 %input_fm_9_load_8" [conv.cpp:52]   --->   Operation 660 'bitcast' 'bitcast_ln52_99' <Predicate = (!icmp_ln48)> <Delay = 0.00>
ST_10 : Operation 661 [1/2] (3.25ns)   --->   "%input_fm_10_load_8 = load i14 %input_fm_10_addr_8" [conv.cpp:52]   --->   Operation 661 'load' 'input_fm_10_load_8' <Predicate = (!icmp_ln48)> <Delay = 3.25> <CoreInst = "RAM">   --->   Core 82 'RAM' <Latency = 1> <II = 1> <Delay = 3.25> <Storage> <Opcode : 'load' 'store'> <Ports = 2> <Width = 32> <Depth = 14364> <RAM>
ST_10 : Operation 662 [1/1] (0.00ns)   --->   "%bitcast_ln52_100 = bitcast i32 %input_fm_10_load_8" [conv.cpp:52]   --->   Operation 662 'bitcast' 'bitcast_ln52_100' <Predicate = (!icmp_ln48)> <Delay = 0.00>
ST_10 : Operation 663 [1/1] (2.66ns)   --->   "%tmp_1_8 = mux i32 @_ssdm_op_Mux.ap_auto.11f32.i4, i32 %bitcast_ln52_90, i32 %bitcast_ln52_91, i32 %bitcast_ln52_92, i32 %bitcast_ln52_93, i32 %bitcast_ln52_94, i32 %bitcast_ln52_95, i32 %bitcast_ln52_96, i32 %bitcast_ln52_97, i32 %bitcast_ln52_98, i32 %bitcast_ln52_99, i32 %bitcast_ln52_100, i4 %trunc_ln52_8_read" [conv.cpp:52]   --->   Operation 663 'mux' 'tmp_1_8' <Predicate = (!icmp_ln48)> <Delay = 2.66> <CoreInst = "Multiplexer">   --->   Core 76 'Multiplexer' <Latency = 0> <II = 1> <Delay = 2.66> <FuncUnit> <Opcode : 'mux'> <InPorts = 2> <OutPorts = 1>
ST_10 : Operation 664 [1/2] (3.25ns)   --->   "%input_fm_0_load_9 = load i14 %input_fm_0_addr_9" [conv.cpp:52]   --->   Operation 664 'load' 'input_fm_0_load_9' <Predicate = (!icmp_ln48)> <Delay = 3.25> <CoreInst = "RAM">   --->   Core 82 'RAM' <Latency = 1> <II = 1> <Delay = 3.25> <Storage> <Opcode : 'load' 'store'> <Ports = 2> <Width = 32> <Depth = 14364> <RAM>
ST_10 : Operation 665 [1/1] (0.00ns)   --->   "%bitcast_ln52_101 = bitcast i32 %input_fm_0_load_9" [conv.cpp:52]   --->   Operation 665 'bitcast' 'bitcast_ln52_101' <Predicate = (!icmp_ln48)> <Delay = 0.00>
ST_10 : Operation 666 [1/2] (3.25ns)   --->   "%input_fm_1_load_9 = load i14 %input_fm_1_addr_9" [conv.cpp:52]   --->   Operation 666 'load' 'input_fm_1_load_9' <Predicate = (!icmp_ln48)> <Delay = 3.25> <CoreInst = "RAM">   --->   Core 82 'RAM' <Latency = 1> <II = 1> <Delay = 3.25> <Storage> <Opcode : 'load' 'store'> <Ports = 2> <Width = 32> <Depth = 14364> <RAM>
ST_10 : Operation 667 [1/1] (0.00ns)   --->   "%bitcast_ln52_102 = bitcast i32 %input_fm_1_load_9" [conv.cpp:52]   --->   Operation 667 'bitcast' 'bitcast_ln52_102' <Predicate = (!icmp_ln48)> <Delay = 0.00>
ST_10 : Operation 668 [1/2] (3.25ns)   --->   "%input_fm_2_load_9 = load i14 %input_fm_2_addr_9" [conv.cpp:52]   --->   Operation 668 'load' 'input_fm_2_load_9' <Predicate = (!icmp_ln48)> <Delay = 3.25> <CoreInst = "RAM">   --->   Core 82 'RAM' <Latency = 1> <II = 1> <Delay = 3.25> <Storage> <Opcode : 'load' 'store'> <Ports = 2> <Width = 32> <Depth = 14364> <RAM>
ST_10 : Operation 669 [1/1] (0.00ns)   --->   "%bitcast_ln52_103 = bitcast i32 %input_fm_2_load_9" [conv.cpp:52]   --->   Operation 669 'bitcast' 'bitcast_ln52_103' <Predicate = (!icmp_ln48)> <Delay = 0.00>
ST_10 : Operation 670 [1/2] (3.25ns)   --->   "%input_fm_3_load_9 = load i14 %input_fm_3_addr_9" [conv.cpp:52]   --->   Operation 670 'load' 'input_fm_3_load_9' <Predicate = (!icmp_ln48)> <Delay = 3.25> <CoreInst = "RAM">   --->   Core 82 'RAM' <Latency = 1> <II = 1> <Delay = 3.25> <Storage> <Opcode : 'load' 'store'> <Ports = 2> <Width = 32> <Depth = 14364> <RAM>
ST_10 : Operation 671 [1/1] (0.00ns)   --->   "%bitcast_ln52_104 = bitcast i32 %input_fm_3_load_9" [conv.cpp:52]   --->   Operation 671 'bitcast' 'bitcast_ln52_104' <Predicate = (!icmp_ln48)> <Delay = 0.00>
ST_10 : Operation 672 [1/2] (3.25ns)   --->   "%input_fm_4_load_9 = load i14 %input_fm_4_addr_9" [conv.cpp:52]   --->   Operation 672 'load' 'input_fm_4_load_9' <Predicate = (!icmp_ln48)> <Delay = 3.25> <CoreInst = "RAM">   --->   Core 82 'RAM' <Latency = 1> <II = 1> <Delay = 3.25> <Storage> <Opcode : 'load' 'store'> <Ports = 2> <Width = 32> <Depth = 14364> <RAM>
ST_10 : Operation 673 [1/1] (0.00ns)   --->   "%bitcast_ln52_105 = bitcast i32 %input_fm_4_load_9" [conv.cpp:52]   --->   Operation 673 'bitcast' 'bitcast_ln52_105' <Predicate = (!icmp_ln48)> <Delay = 0.00>
ST_10 : Operation 674 [1/2] (3.25ns)   --->   "%input_fm_5_load_9 = load i14 %input_fm_5_addr_9" [conv.cpp:52]   --->   Operation 674 'load' 'input_fm_5_load_9' <Predicate = (!icmp_ln48)> <Delay = 3.25> <CoreInst = "RAM">   --->   Core 82 'RAM' <Latency = 1> <II = 1> <Delay = 3.25> <Storage> <Opcode : 'load' 'store'> <Ports = 2> <Width = 32> <Depth = 14364> <RAM>
ST_10 : Operation 675 [1/1] (0.00ns)   --->   "%bitcast_ln52_106 = bitcast i32 %input_fm_5_load_9" [conv.cpp:52]   --->   Operation 675 'bitcast' 'bitcast_ln52_106' <Predicate = (!icmp_ln48)> <Delay = 0.00>
ST_10 : Operation 676 [1/2] (3.25ns)   --->   "%input_fm_6_load_9 = load i14 %input_fm_6_addr_9" [conv.cpp:52]   --->   Operation 676 'load' 'input_fm_6_load_9' <Predicate = (!icmp_ln48)> <Delay = 3.25> <CoreInst = "RAM">   --->   Core 82 'RAM' <Latency = 1> <II = 1> <Delay = 3.25> <Storage> <Opcode : 'load' 'store'> <Ports = 2> <Width = 32> <Depth = 14364> <RAM>
ST_10 : Operation 677 [1/1] (0.00ns)   --->   "%bitcast_ln52_107 = bitcast i32 %input_fm_6_load_9" [conv.cpp:52]   --->   Operation 677 'bitcast' 'bitcast_ln52_107' <Predicate = (!icmp_ln48)> <Delay = 0.00>
ST_10 : Operation 678 [1/2] (3.25ns)   --->   "%input_fm_7_load_9 = load i14 %input_fm_7_addr_9" [conv.cpp:52]   --->   Operation 678 'load' 'input_fm_7_load_9' <Predicate = (!icmp_ln48)> <Delay = 3.25> <CoreInst = "RAM">   --->   Core 82 'RAM' <Latency = 1> <II = 1> <Delay = 3.25> <Storage> <Opcode : 'load' 'store'> <Ports = 2> <Width = 32> <Depth = 14364> <RAM>
ST_10 : Operation 679 [1/1] (0.00ns)   --->   "%bitcast_ln52_108 = bitcast i32 %input_fm_7_load_9" [conv.cpp:52]   --->   Operation 679 'bitcast' 'bitcast_ln52_108' <Predicate = (!icmp_ln48)> <Delay = 0.00>
ST_10 : Operation 680 [1/2] (3.25ns)   --->   "%input_fm_8_load_9 = load i14 %input_fm_8_addr_9" [conv.cpp:52]   --->   Operation 680 'load' 'input_fm_8_load_9' <Predicate = (!icmp_ln48)> <Delay = 3.25> <CoreInst = "RAM">   --->   Core 82 'RAM' <Latency = 1> <II = 1> <Delay = 3.25> <Storage> <Opcode : 'load' 'store'> <Ports = 2> <Width = 32> <Depth = 14364> <RAM>
ST_10 : Operation 681 [1/1] (0.00ns)   --->   "%bitcast_ln52_109 = bitcast i32 %input_fm_8_load_9" [conv.cpp:52]   --->   Operation 681 'bitcast' 'bitcast_ln52_109' <Predicate = (!icmp_ln48)> <Delay = 0.00>
ST_10 : Operation 682 [1/2] (3.25ns)   --->   "%input_fm_9_load_9 = load i14 %input_fm_9_addr_9" [conv.cpp:52]   --->   Operation 682 'load' 'input_fm_9_load_9' <Predicate = (!icmp_ln48)> <Delay = 3.25> <CoreInst = "RAM">   --->   Core 82 'RAM' <Latency = 1> <II = 1> <Delay = 3.25> <Storage> <Opcode : 'load' 'store'> <Ports = 2> <Width = 32> <Depth = 14364> <RAM>
ST_10 : Operation 683 [1/1] (0.00ns)   --->   "%bitcast_ln52_110 = bitcast i32 %input_fm_9_load_9" [conv.cpp:52]   --->   Operation 683 'bitcast' 'bitcast_ln52_110' <Predicate = (!icmp_ln48)> <Delay = 0.00>
ST_10 : Operation 684 [1/2] (3.25ns)   --->   "%input_fm_10_load_9 = load i14 %input_fm_10_addr_9" [conv.cpp:52]   --->   Operation 684 'load' 'input_fm_10_load_9' <Predicate = (!icmp_ln48)> <Delay = 3.25> <CoreInst = "RAM">   --->   Core 82 'RAM' <Latency = 1> <II = 1> <Delay = 3.25> <Storage> <Opcode : 'load' 'store'> <Ports = 2> <Width = 32> <Depth = 14364> <RAM>
ST_10 : Operation 685 [1/1] (0.00ns)   --->   "%bitcast_ln52_111 = bitcast i32 %input_fm_10_load_9" [conv.cpp:52]   --->   Operation 685 'bitcast' 'bitcast_ln52_111' <Predicate = (!icmp_ln48)> <Delay = 0.00>
ST_10 : Operation 686 [1/1] (2.66ns)   --->   "%tmp_1_9 = mux i32 @_ssdm_op_Mux.ap_auto.11f32.i4, i32 %bitcast_ln52_101, i32 %bitcast_ln52_102, i32 %bitcast_ln52_103, i32 %bitcast_ln52_104, i32 %bitcast_ln52_105, i32 %bitcast_ln52_106, i32 %bitcast_ln52_107, i32 %bitcast_ln52_108, i32 %bitcast_ln52_109, i32 %bitcast_ln52_110, i32 %bitcast_ln52_111, i4 %trunc_ln52_9_read" [conv.cpp:52]   --->   Operation 686 'mux' 'tmp_1_9' <Predicate = (!icmp_ln48)> <Delay = 2.66> <CoreInst = "Multiplexer">   --->   Core 76 'Multiplexer' <Latency = 0> <II = 1> <Delay = 2.66> <FuncUnit> <Opcode : 'mux'> <InPorts = 2> <OutPorts = 1>
ST_10 : Operation 687 [2/2] (3.25ns)   --->   "%input_fm_0_load_10 = load i14 %input_fm_0_addr_10" [conv.cpp:52]   --->   Operation 687 'load' 'input_fm_0_load_10' <Predicate = (!icmp_ln48)> <Delay = 3.25> <CoreInst = "RAM">   --->   Core 82 'RAM' <Latency = 1> <II = 1> <Delay = 3.25> <Storage> <Opcode : 'load' 'store'> <Ports = 2> <Width = 32> <Depth = 14364> <RAM>
ST_10 : Operation 688 [2/2] (3.25ns)   --->   "%input_fm_1_load_10 = load i14 %input_fm_1_addr_10" [conv.cpp:52]   --->   Operation 688 'load' 'input_fm_1_load_10' <Predicate = (!icmp_ln48)> <Delay = 3.25> <CoreInst = "RAM">   --->   Core 82 'RAM' <Latency = 1> <II = 1> <Delay = 3.25> <Storage> <Opcode : 'load' 'store'> <Ports = 2> <Width = 32> <Depth = 14364> <RAM>
ST_10 : Operation 689 [2/2] (3.25ns)   --->   "%input_fm_2_load_10 = load i14 %input_fm_2_addr_10" [conv.cpp:52]   --->   Operation 689 'load' 'input_fm_2_load_10' <Predicate = (!icmp_ln48)> <Delay = 3.25> <CoreInst = "RAM">   --->   Core 82 'RAM' <Latency = 1> <II = 1> <Delay = 3.25> <Storage> <Opcode : 'load' 'store'> <Ports = 2> <Width = 32> <Depth = 14364> <RAM>
ST_10 : Operation 690 [2/2] (3.25ns)   --->   "%input_fm_3_load_10 = load i14 %input_fm_3_addr_10" [conv.cpp:52]   --->   Operation 690 'load' 'input_fm_3_load_10' <Predicate = (!icmp_ln48)> <Delay = 3.25> <CoreInst = "RAM">   --->   Core 82 'RAM' <Latency = 1> <II = 1> <Delay = 3.25> <Storage> <Opcode : 'load' 'store'> <Ports = 2> <Width = 32> <Depth = 14364> <RAM>
ST_10 : Operation 691 [2/2] (3.25ns)   --->   "%input_fm_4_load_10 = load i14 %input_fm_4_addr_10" [conv.cpp:52]   --->   Operation 691 'load' 'input_fm_4_load_10' <Predicate = (!icmp_ln48)> <Delay = 3.25> <CoreInst = "RAM">   --->   Core 82 'RAM' <Latency = 1> <II = 1> <Delay = 3.25> <Storage> <Opcode : 'load' 'store'> <Ports = 2> <Width = 32> <Depth = 14364> <RAM>
ST_10 : Operation 692 [2/2] (3.25ns)   --->   "%input_fm_5_load_10 = load i14 %input_fm_5_addr_10" [conv.cpp:52]   --->   Operation 692 'load' 'input_fm_5_load_10' <Predicate = (!icmp_ln48)> <Delay = 3.25> <CoreInst = "RAM">   --->   Core 82 'RAM' <Latency = 1> <II = 1> <Delay = 3.25> <Storage> <Opcode : 'load' 'store'> <Ports = 2> <Width = 32> <Depth = 14364> <RAM>
ST_10 : Operation 693 [2/2] (3.25ns)   --->   "%input_fm_6_load_10 = load i14 %input_fm_6_addr_10" [conv.cpp:52]   --->   Operation 693 'load' 'input_fm_6_load_10' <Predicate = (!icmp_ln48)> <Delay = 3.25> <CoreInst = "RAM">   --->   Core 82 'RAM' <Latency = 1> <II = 1> <Delay = 3.25> <Storage> <Opcode : 'load' 'store'> <Ports = 2> <Width = 32> <Depth = 14364> <RAM>
ST_10 : Operation 694 [2/2] (3.25ns)   --->   "%input_fm_7_load_10 = load i14 %input_fm_7_addr_10" [conv.cpp:52]   --->   Operation 694 'load' 'input_fm_7_load_10' <Predicate = (!icmp_ln48)> <Delay = 3.25> <CoreInst = "RAM">   --->   Core 82 'RAM' <Latency = 1> <II = 1> <Delay = 3.25> <Storage> <Opcode : 'load' 'store'> <Ports = 2> <Width = 32> <Depth = 14364> <RAM>
ST_10 : Operation 695 [2/2] (3.25ns)   --->   "%input_fm_8_load_10 = load i14 %input_fm_8_addr_10" [conv.cpp:52]   --->   Operation 695 'load' 'input_fm_8_load_10' <Predicate = (!icmp_ln48)> <Delay = 3.25> <CoreInst = "RAM">   --->   Core 82 'RAM' <Latency = 1> <II = 1> <Delay = 3.25> <Storage> <Opcode : 'load' 'store'> <Ports = 2> <Width = 32> <Depth = 14364> <RAM>
ST_10 : Operation 696 [2/2] (3.25ns)   --->   "%input_fm_9_load_10 = load i14 %input_fm_9_addr_10" [conv.cpp:52]   --->   Operation 696 'load' 'input_fm_9_load_10' <Predicate = (!icmp_ln48)> <Delay = 3.25> <CoreInst = "RAM">   --->   Core 82 'RAM' <Latency = 1> <II = 1> <Delay = 3.25> <Storage> <Opcode : 'load' 'store'> <Ports = 2> <Width = 32> <Depth = 14364> <RAM>
ST_10 : Operation 697 [2/2] (3.25ns)   --->   "%input_fm_10_load_10 = load i14 %input_fm_10_addr_10" [conv.cpp:52]   --->   Operation 697 'load' 'input_fm_10_load_10' <Predicate = (!icmp_ln48)> <Delay = 3.25> <CoreInst = "RAM">   --->   Core 82 'RAM' <Latency = 1> <II = 1> <Delay = 3.25> <Storage> <Opcode : 'load' 'store'> <Ports = 2> <Width = 32> <Depth = 14364> <RAM>

State 11 <SV = 10> <Delay = 8.28>
ST_11 : Operation 698 [1/1] (0.00ns)   --->   "%add62_lcssa27_load = load i32 %add62_lcssa27" [conv.cpp:52]   --->   Operation 698 'load' 'add62_lcssa27_load' <Predicate = (!icmp_ln48)> <Delay = 0.00>
ST_11 : Operation 699 [1/1] (0.00ns)   --->   "%empty_22 = bitcast i32 %weights_4_load" [conv.cpp:48]   --->   Operation 699 'bitcast' 'empty_22' <Predicate = (!icmp_ln48)> <Delay = 0.00>
ST_11 : Operation 700 [5/5] (8.28ns)   --->   "%add = fadd i32 %add62_lcssa27_load, i32 %mul" [conv.cpp:52]   --->   Operation 700 'fadd' 'add' <Predicate = (!icmp_ln48)> <Delay = 8.28> <CoreInst = "FAddSub_fulldsp">   --->   Core 18 'FAddSub_fulldsp' <Latency = 4> <II = 1> <Delay = 7.25> <FuncUnit> <Opcode : 'fadd' 'fsub'> <InPorts = 2> <OutPorts = 1>
ST_11 : Operation 701 [1/4] (5.70ns)   --->   "%mul_1 = fmul i32 %empty_19, i32 %tmp_1_1" [conv.cpp:52]   --->   Operation 701 'fmul' 'mul_1' <Predicate = (!icmp_ln48)> <Delay = 5.70> <CoreInst = "FMul_maxdsp">   --->   Core 30 'FMul_maxdsp' <Latency = 3> <II = 1> <Delay = 5.70> <FuncUnit> <Opcode : 'fmul'> <InPorts = 2> <OutPorts = 1>
ST_11 : Operation 702 [2/4] (5.70ns)   --->   "%mul_2 = fmul i32 %empty_20, i32 %tmp_1_2" [conv.cpp:52]   --->   Operation 702 'fmul' 'mul_2' <Predicate = (!icmp_ln48)> <Delay = 5.70> <CoreInst = "FMul_maxdsp">   --->   Core 30 'FMul_maxdsp' <Latency = 3> <II = 1> <Delay = 5.70> <FuncUnit> <Opcode : 'fmul'> <InPorts = 2> <OutPorts = 1>
ST_11 : Operation 703 [3/4] (5.70ns)   --->   "%mul_3 = fmul i32 %empty_21, i32 %tmp_1_3" [conv.cpp:52]   --->   Operation 703 'fmul' 'mul_3' <Predicate = (!icmp_ln48)> <Delay = 5.70> <CoreInst = "FMul_maxdsp">   --->   Core 30 'FMul_maxdsp' <Latency = 3> <II = 1> <Delay = 5.70> <FuncUnit> <Opcode : 'fmul'> <InPorts = 2> <OutPorts = 1>
ST_11 : Operation 704 [4/4] (6.72ns)   --->   "%mul_4 = fmul i32 %empty_22, i32 %tmp_1_4" [conv.cpp:52]   --->   Operation 704 'fmul' 'mul_4' <Predicate = (!icmp_ln48)> <Delay = 6.72> <CoreInst = "FMul_maxdsp">   --->   Core 30 'FMul_maxdsp' <Latency = 3> <II = 1> <Delay = 5.70> <FuncUnit> <Opcode : 'fmul'> <InPorts = 2> <OutPorts = 1>
ST_11 : Operation 705 [1/2] (3.25ns)   --->   "%input_fm_0_load_10 = load i14 %input_fm_0_addr_10" [conv.cpp:52]   --->   Operation 705 'load' 'input_fm_0_load_10' <Predicate = (!icmp_ln48)> <Delay = 3.25> <CoreInst = "RAM">   --->   Core 82 'RAM' <Latency = 1> <II = 1> <Delay = 3.25> <Storage> <Opcode : 'load' 'store'> <Ports = 2> <Width = 32> <Depth = 14364> <RAM>
ST_11 : Operation 706 [1/1] (0.00ns)   --->   "%bitcast_ln52_112 = bitcast i32 %input_fm_0_load_10" [conv.cpp:52]   --->   Operation 706 'bitcast' 'bitcast_ln52_112' <Predicate = (!icmp_ln48)> <Delay = 0.00>
ST_11 : Operation 707 [1/2] (3.25ns)   --->   "%input_fm_1_load_10 = load i14 %input_fm_1_addr_10" [conv.cpp:52]   --->   Operation 707 'load' 'input_fm_1_load_10' <Predicate = (!icmp_ln48)> <Delay = 3.25> <CoreInst = "RAM">   --->   Core 82 'RAM' <Latency = 1> <II = 1> <Delay = 3.25> <Storage> <Opcode : 'load' 'store'> <Ports = 2> <Width = 32> <Depth = 14364> <RAM>
ST_11 : Operation 708 [1/1] (0.00ns)   --->   "%bitcast_ln52_113 = bitcast i32 %input_fm_1_load_10" [conv.cpp:52]   --->   Operation 708 'bitcast' 'bitcast_ln52_113' <Predicate = (!icmp_ln48)> <Delay = 0.00>
ST_11 : Operation 709 [1/2] (3.25ns)   --->   "%input_fm_2_load_10 = load i14 %input_fm_2_addr_10" [conv.cpp:52]   --->   Operation 709 'load' 'input_fm_2_load_10' <Predicate = (!icmp_ln48)> <Delay = 3.25> <CoreInst = "RAM">   --->   Core 82 'RAM' <Latency = 1> <II = 1> <Delay = 3.25> <Storage> <Opcode : 'load' 'store'> <Ports = 2> <Width = 32> <Depth = 14364> <RAM>
ST_11 : Operation 710 [1/1] (0.00ns)   --->   "%bitcast_ln52_114 = bitcast i32 %input_fm_2_load_10" [conv.cpp:52]   --->   Operation 710 'bitcast' 'bitcast_ln52_114' <Predicate = (!icmp_ln48)> <Delay = 0.00>
ST_11 : Operation 711 [1/2] (3.25ns)   --->   "%input_fm_3_load_10 = load i14 %input_fm_3_addr_10" [conv.cpp:52]   --->   Operation 711 'load' 'input_fm_3_load_10' <Predicate = (!icmp_ln48)> <Delay = 3.25> <CoreInst = "RAM">   --->   Core 82 'RAM' <Latency = 1> <II = 1> <Delay = 3.25> <Storage> <Opcode : 'load' 'store'> <Ports = 2> <Width = 32> <Depth = 14364> <RAM>
ST_11 : Operation 712 [1/1] (0.00ns)   --->   "%bitcast_ln52_115 = bitcast i32 %input_fm_3_load_10" [conv.cpp:52]   --->   Operation 712 'bitcast' 'bitcast_ln52_115' <Predicate = (!icmp_ln48)> <Delay = 0.00>
ST_11 : Operation 713 [1/2] (3.25ns)   --->   "%input_fm_4_load_10 = load i14 %input_fm_4_addr_10" [conv.cpp:52]   --->   Operation 713 'load' 'input_fm_4_load_10' <Predicate = (!icmp_ln48)> <Delay = 3.25> <CoreInst = "RAM">   --->   Core 82 'RAM' <Latency = 1> <II = 1> <Delay = 3.25> <Storage> <Opcode : 'load' 'store'> <Ports = 2> <Width = 32> <Depth = 14364> <RAM>
ST_11 : Operation 714 [1/1] (0.00ns)   --->   "%bitcast_ln52_116 = bitcast i32 %input_fm_4_load_10" [conv.cpp:52]   --->   Operation 714 'bitcast' 'bitcast_ln52_116' <Predicate = (!icmp_ln48)> <Delay = 0.00>
ST_11 : Operation 715 [1/2] (3.25ns)   --->   "%input_fm_5_load_10 = load i14 %input_fm_5_addr_10" [conv.cpp:52]   --->   Operation 715 'load' 'input_fm_5_load_10' <Predicate = (!icmp_ln48)> <Delay = 3.25> <CoreInst = "RAM">   --->   Core 82 'RAM' <Latency = 1> <II = 1> <Delay = 3.25> <Storage> <Opcode : 'load' 'store'> <Ports = 2> <Width = 32> <Depth = 14364> <RAM>
ST_11 : Operation 716 [1/1] (0.00ns)   --->   "%bitcast_ln52_117 = bitcast i32 %input_fm_5_load_10" [conv.cpp:52]   --->   Operation 716 'bitcast' 'bitcast_ln52_117' <Predicate = (!icmp_ln48)> <Delay = 0.00>
ST_11 : Operation 717 [1/2] (3.25ns)   --->   "%input_fm_6_load_10 = load i14 %input_fm_6_addr_10" [conv.cpp:52]   --->   Operation 717 'load' 'input_fm_6_load_10' <Predicate = (!icmp_ln48)> <Delay = 3.25> <CoreInst = "RAM">   --->   Core 82 'RAM' <Latency = 1> <II = 1> <Delay = 3.25> <Storage> <Opcode : 'load' 'store'> <Ports = 2> <Width = 32> <Depth = 14364> <RAM>
ST_11 : Operation 718 [1/1] (0.00ns)   --->   "%bitcast_ln52_118 = bitcast i32 %input_fm_6_load_10" [conv.cpp:52]   --->   Operation 718 'bitcast' 'bitcast_ln52_118' <Predicate = (!icmp_ln48)> <Delay = 0.00>
ST_11 : Operation 719 [1/2] (3.25ns)   --->   "%input_fm_7_load_10 = load i14 %input_fm_7_addr_10" [conv.cpp:52]   --->   Operation 719 'load' 'input_fm_7_load_10' <Predicate = (!icmp_ln48)> <Delay = 3.25> <CoreInst = "RAM">   --->   Core 82 'RAM' <Latency = 1> <II = 1> <Delay = 3.25> <Storage> <Opcode : 'load' 'store'> <Ports = 2> <Width = 32> <Depth = 14364> <RAM>
ST_11 : Operation 720 [1/1] (0.00ns)   --->   "%bitcast_ln52_119 = bitcast i32 %input_fm_7_load_10" [conv.cpp:52]   --->   Operation 720 'bitcast' 'bitcast_ln52_119' <Predicate = (!icmp_ln48)> <Delay = 0.00>
ST_11 : Operation 721 [1/2] (3.25ns)   --->   "%input_fm_8_load_10 = load i14 %input_fm_8_addr_10" [conv.cpp:52]   --->   Operation 721 'load' 'input_fm_8_load_10' <Predicate = (!icmp_ln48)> <Delay = 3.25> <CoreInst = "RAM">   --->   Core 82 'RAM' <Latency = 1> <II = 1> <Delay = 3.25> <Storage> <Opcode : 'load' 'store'> <Ports = 2> <Width = 32> <Depth = 14364> <RAM>
ST_11 : Operation 722 [1/1] (0.00ns)   --->   "%bitcast_ln52_120 = bitcast i32 %input_fm_8_load_10" [conv.cpp:52]   --->   Operation 722 'bitcast' 'bitcast_ln52_120' <Predicate = (!icmp_ln48)> <Delay = 0.00>
ST_11 : Operation 723 [1/2] (3.25ns)   --->   "%input_fm_9_load_10 = load i14 %input_fm_9_addr_10" [conv.cpp:52]   --->   Operation 723 'load' 'input_fm_9_load_10' <Predicate = (!icmp_ln48)> <Delay = 3.25> <CoreInst = "RAM">   --->   Core 82 'RAM' <Latency = 1> <II = 1> <Delay = 3.25> <Storage> <Opcode : 'load' 'store'> <Ports = 2> <Width = 32> <Depth = 14364> <RAM>
ST_11 : Operation 724 [1/1] (0.00ns)   --->   "%bitcast_ln52_121 = bitcast i32 %input_fm_9_load_10" [conv.cpp:52]   --->   Operation 724 'bitcast' 'bitcast_ln52_121' <Predicate = (!icmp_ln48)> <Delay = 0.00>
ST_11 : Operation 725 [1/2] (3.25ns)   --->   "%input_fm_10_load_10 = load i14 %input_fm_10_addr_10" [conv.cpp:52]   --->   Operation 725 'load' 'input_fm_10_load_10' <Predicate = (!icmp_ln48)> <Delay = 3.25> <CoreInst = "RAM">   --->   Core 82 'RAM' <Latency = 1> <II = 1> <Delay = 3.25> <Storage> <Opcode : 'load' 'store'> <Ports = 2> <Width = 32> <Depth = 14364> <RAM>
ST_11 : Operation 726 [1/1] (0.00ns)   --->   "%bitcast_ln52_122 = bitcast i32 %input_fm_10_load_10" [conv.cpp:52]   --->   Operation 726 'bitcast' 'bitcast_ln52_122' <Predicate = (!icmp_ln48)> <Delay = 0.00>
ST_11 : Operation 727 [1/1] (2.66ns)   --->   "%tmp_1_s = mux i32 @_ssdm_op_Mux.ap_auto.11f32.i4, i32 %bitcast_ln52_112, i32 %bitcast_ln52_113, i32 %bitcast_ln52_114, i32 %bitcast_ln52_115, i32 %bitcast_ln52_116, i32 %bitcast_ln52_117, i32 %bitcast_ln52_118, i32 %bitcast_ln52_119, i32 %bitcast_ln52_120, i32 %bitcast_ln52_121, i32 %bitcast_ln52_122, i4 %trunc_ln52_read" [conv.cpp:52]   --->   Operation 727 'mux' 'tmp_1_s' <Predicate = (!icmp_ln48)> <Delay = 2.66> <CoreInst = "Multiplexer">   --->   Core 76 'Multiplexer' <Latency = 0> <II = 1> <Delay = 2.66> <FuncUnit> <Opcode : 'mux'> <InPorts = 2> <OutPorts = 1>
ST_11 : Operation 825 [1/1] (0.00ns)   --->   "%ret_ln0 = ret"   --->   Operation 825 'ret' 'ret_ln0' <Predicate = (icmp_ln48)> <Delay = 0.00>

State 12 <SV = 11> <Delay = 7.25>
ST_12 : Operation 728 [1/1] (0.00ns)   --->   "%empty_23 = bitcast i32 %weights_5_load" [conv.cpp:48]   --->   Operation 728 'bitcast' 'empty_23' <Predicate = (!icmp_ln48)> <Delay = 0.00>
ST_12 : Operation 729 [4/5] (7.25ns)   --->   "%add = fadd i32 %add62_lcssa27_load, i32 %mul" [conv.cpp:52]   --->   Operation 729 'fadd' 'add' <Predicate = (!icmp_ln48)> <Delay = 7.25> <CoreInst = "FAddSub_fulldsp">   --->   Core 18 'FAddSub_fulldsp' <Latency = 4> <II = 1> <Delay = 7.25> <FuncUnit> <Opcode : 'fadd' 'fsub'> <InPorts = 2> <OutPorts = 1>
ST_12 : Operation 730 [1/4] (5.70ns)   --->   "%mul_2 = fmul i32 %empty_20, i32 %tmp_1_2" [conv.cpp:52]   --->   Operation 730 'fmul' 'mul_2' <Predicate = (!icmp_ln48)> <Delay = 5.70> <CoreInst = "FMul_maxdsp">   --->   Core 30 'FMul_maxdsp' <Latency = 3> <II = 1> <Delay = 5.70> <FuncUnit> <Opcode : 'fmul'> <InPorts = 2> <OutPorts = 1>
ST_12 : Operation 731 [2/4] (5.70ns)   --->   "%mul_3 = fmul i32 %empty_21, i32 %tmp_1_3" [conv.cpp:52]   --->   Operation 731 'fmul' 'mul_3' <Predicate = (!icmp_ln48)> <Delay = 5.70> <CoreInst = "FMul_maxdsp">   --->   Core 30 'FMul_maxdsp' <Latency = 3> <II = 1> <Delay = 5.70> <FuncUnit> <Opcode : 'fmul'> <InPorts = 2> <OutPorts = 1>
ST_12 : Operation 732 [3/4] (5.70ns)   --->   "%mul_4 = fmul i32 %empty_22, i32 %tmp_1_4" [conv.cpp:52]   --->   Operation 732 'fmul' 'mul_4' <Predicate = (!icmp_ln48)> <Delay = 5.70> <CoreInst = "FMul_maxdsp">   --->   Core 30 'FMul_maxdsp' <Latency = 3> <II = 1> <Delay = 5.70> <FuncUnit> <Opcode : 'fmul'> <InPorts = 2> <OutPorts = 1>
ST_12 : Operation 733 [4/4] (6.72ns)   --->   "%mul_5 = fmul i32 %empty_23, i32 %tmp_1_5" [conv.cpp:52]   --->   Operation 733 'fmul' 'mul_5' <Predicate = (!icmp_ln48)> <Delay = 6.72> <CoreInst = "FMul_maxdsp">   --->   Core 30 'FMul_maxdsp' <Latency = 3> <II = 1> <Delay = 5.70> <FuncUnit> <Opcode : 'fmul'> <InPorts = 2> <OutPorts = 1>

State 13 <SV = 12> <Delay = 7.25>
ST_13 : Operation 734 [1/1] (0.00ns)   --->   "%empty_24 = bitcast i32 %weights_6_load" [conv.cpp:48]   --->   Operation 734 'bitcast' 'empty_24' <Predicate = (!icmp_ln48)> <Delay = 0.00>
ST_13 : Operation 735 [3/5] (7.25ns)   --->   "%add = fadd i32 %add62_lcssa27_load, i32 %mul" [conv.cpp:52]   --->   Operation 735 'fadd' 'add' <Predicate = (!icmp_ln48)> <Delay = 7.25> <CoreInst = "FAddSub_fulldsp">   --->   Core 18 'FAddSub_fulldsp' <Latency = 4> <II = 1> <Delay = 7.25> <FuncUnit> <Opcode : 'fadd' 'fsub'> <InPorts = 2> <OutPorts = 1>
ST_13 : Operation 736 [1/4] (5.70ns)   --->   "%mul_3 = fmul i32 %empty_21, i32 %tmp_1_3" [conv.cpp:52]   --->   Operation 736 'fmul' 'mul_3' <Predicate = (!icmp_ln48)> <Delay = 5.70> <CoreInst = "FMul_maxdsp">   --->   Core 30 'FMul_maxdsp' <Latency = 3> <II = 1> <Delay = 5.70> <FuncUnit> <Opcode : 'fmul'> <InPorts = 2> <OutPorts = 1>
ST_13 : Operation 737 [2/4] (5.70ns)   --->   "%mul_4 = fmul i32 %empty_22, i32 %tmp_1_4" [conv.cpp:52]   --->   Operation 737 'fmul' 'mul_4' <Predicate = (!icmp_ln48)> <Delay = 5.70> <CoreInst = "FMul_maxdsp">   --->   Core 30 'FMul_maxdsp' <Latency = 3> <II = 1> <Delay = 5.70> <FuncUnit> <Opcode : 'fmul'> <InPorts = 2> <OutPorts = 1>
ST_13 : Operation 738 [3/4] (5.70ns)   --->   "%mul_5 = fmul i32 %empty_23, i32 %tmp_1_5" [conv.cpp:52]   --->   Operation 738 'fmul' 'mul_5' <Predicate = (!icmp_ln48)> <Delay = 5.70> <CoreInst = "FMul_maxdsp">   --->   Core 30 'FMul_maxdsp' <Latency = 3> <II = 1> <Delay = 5.70> <FuncUnit> <Opcode : 'fmul'> <InPorts = 2> <OutPorts = 1>
ST_13 : Operation 739 [4/4] (6.72ns)   --->   "%mul_6 = fmul i32 %empty_24, i32 %tmp_1_6" [conv.cpp:52]   --->   Operation 739 'fmul' 'mul_6' <Predicate = (!icmp_ln48)> <Delay = 6.72> <CoreInst = "FMul_maxdsp">   --->   Core 30 'FMul_maxdsp' <Latency = 3> <II = 1> <Delay = 5.70> <FuncUnit> <Opcode : 'fmul'> <InPorts = 2> <OutPorts = 1>

State 14 <SV = 13> <Delay = 7.25>
ST_14 : Operation 740 [1/1] (0.00ns)   --->   "%empty_25 = bitcast i32 %weights_7_load" [conv.cpp:48]   --->   Operation 740 'bitcast' 'empty_25' <Predicate = (!icmp_ln48)> <Delay = 0.00>
ST_14 : Operation 741 [2/5] (7.25ns)   --->   "%add = fadd i32 %add62_lcssa27_load, i32 %mul" [conv.cpp:52]   --->   Operation 741 'fadd' 'add' <Predicate = (!icmp_ln48)> <Delay = 7.25> <CoreInst = "FAddSub_fulldsp">   --->   Core 18 'FAddSub_fulldsp' <Latency = 4> <II = 1> <Delay = 7.25> <FuncUnit> <Opcode : 'fadd' 'fsub'> <InPorts = 2> <OutPorts = 1>
ST_14 : Operation 742 [1/4] (5.70ns)   --->   "%mul_4 = fmul i32 %empty_22, i32 %tmp_1_4" [conv.cpp:52]   --->   Operation 742 'fmul' 'mul_4' <Predicate = (!icmp_ln48)> <Delay = 5.70> <CoreInst = "FMul_maxdsp">   --->   Core 30 'FMul_maxdsp' <Latency = 3> <II = 1> <Delay = 5.70> <FuncUnit> <Opcode : 'fmul'> <InPorts = 2> <OutPorts = 1>
ST_14 : Operation 743 [2/4] (5.70ns)   --->   "%mul_5 = fmul i32 %empty_23, i32 %tmp_1_5" [conv.cpp:52]   --->   Operation 743 'fmul' 'mul_5' <Predicate = (!icmp_ln48)> <Delay = 5.70> <CoreInst = "FMul_maxdsp">   --->   Core 30 'FMul_maxdsp' <Latency = 3> <II = 1> <Delay = 5.70> <FuncUnit> <Opcode : 'fmul'> <InPorts = 2> <OutPorts = 1>
ST_14 : Operation 744 [3/4] (5.70ns)   --->   "%mul_6 = fmul i32 %empty_24, i32 %tmp_1_6" [conv.cpp:52]   --->   Operation 744 'fmul' 'mul_6' <Predicate = (!icmp_ln48)> <Delay = 5.70> <CoreInst = "FMul_maxdsp">   --->   Core 30 'FMul_maxdsp' <Latency = 3> <II = 1> <Delay = 5.70> <FuncUnit> <Opcode : 'fmul'> <InPorts = 2> <OutPorts = 1>
ST_14 : Operation 745 [4/4] (6.72ns)   --->   "%mul_7 = fmul i32 %empty_25, i32 %tmp_1_7" [conv.cpp:52]   --->   Operation 745 'fmul' 'mul_7' <Predicate = (!icmp_ln48)> <Delay = 6.72> <CoreInst = "FMul_maxdsp">   --->   Core 30 'FMul_maxdsp' <Latency = 3> <II = 1> <Delay = 5.70> <FuncUnit> <Opcode : 'fmul'> <InPorts = 2> <OutPorts = 1>

State 15 <SV = 14> <Delay = 7.25>
ST_15 : Operation 746 [1/1] (0.00ns)   --->   "%empty_26 = bitcast i32 %weights_8_load" [conv.cpp:48]   --->   Operation 746 'bitcast' 'empty_26' <Predicate = (!icmp_ln48)> <Delay = 0.00>
ST_15 : Operation 747 [1/5] (7.25ns)   --->   "%add = fadd i32 %add62_lcssa27_load, i32 %mul" [conv.cpp:52]   --->   Operation 747 'fadd' 'add' <Predicate = (!icmp_ln48)> <Delay = 7.25> <CoreInst = "FAddSub_fulldsp">   --->   Core 18 'FAddSub_fulldsp' <Latency = 4> <II = 1> <Delay = 7.25> <FuncUnit> <Opcode : 'fadd' 'fsub'> <InPorts = 2> <OutPorts = 1>
ST_15 : Operation 748 [1/4] (5.70ns)   --->   "%mul_5 = fmul i32 %empty_23, i32 %tmp_1_5" [conv.cpp:52]   --->   Operation 748 'fmul' 'mul_5' <Predicate = (!icmp_ln48)> <Delay = 5.70> <CoreInst = "FMul_maxdsp">   --->   Core 30 'FMul_maxdsp' <Latency = 3> <II = 1> <Delay = 5.70> <FuncUnit> <Opcode : 'fmul'> <InPorts = 2> <OutPorts = 1>
ST_15 : Operation 749 [2/4] (5.70ns)   --->   "%mul_6 = fmul i32 %empty_24, i32 %tmp_1_6" [conv.cpp:52]   --->   Operation 749 'fmul' 'mul_6' <Predicate = (!icmp_ln48)> <Delay = 5.70> <CoreInst = "FMul_maxdsp">   --->   Core 30 'FMul_maxdsp' <Latency = 3> <II = 1> <Delay = 5.70> <FuncUnit> <Opcode : 'fmul'> <InPorts = 2> <OutPorts = 1>
ST_15 : Operation 750 [3/4] (5.70ns)   --->   "%mul_7 = fmul i32 %empty_25, i32 %tmp_1_7" [conv.cpp:52]   --->   Operation 750 'fmul' 'mul_7' <Predicate = (!icmp_ln48)> <Delay = 5.70> <CoreInst = "FMul_maxdsp">   --->   Core 30 'FMul_maxdsp' <Latency = 3> <II = 1> <Delay = 5.70> <FuncUnit> <Opcode : 'fmul'> <InPorts = 2> <OutPorts = 1>
ST_15 : Operation 751 [4/4] (6.72ns)   --->   "%mul_8 = fmul i32 %empty_26, i32 %tmp_1_8" [conv.cpp:52]   --->   Operation 751 'fmul' 'mul_8' <Predicate = (!icmp_ln48)> <Delay = 6.72> <CoreInst = "FMul_maxdsp">   --->   Core 30 'FMul_maxdsp' <Latency = 3> <II = 1> <Delay = 5.70> <FuncUnit> <Opcode : 'fmul'> <InPorts = 2> <OutPorts = 1>

State 16 <SV = 15> <Delay = 8.28>
ST_16 : Operation 752 [1/1] (0.00ns)   --->   "%empty_27 = bitcast i32 %weights_9_load" [conv.cpp:48]   --->   Operation 752 'bitcast' 'empty_27' <Predicate = (!icmp_ln48)> <Delay = 0.00>
ST_16 : Operation 753 [5/5] (8.28ns)   --->   "%add_1 = fadd i32 %add, i32 %mul_1" [conv.cpp:52]   --->   Operation 753 'fadd' 'add_1' <Predicate = (!icmp_ln48)> <Delay = 8.28> <CoreInst = "FAddSub_fulldsp">   --->   Core 18 'FAddSub_fulldsp' <Latency = 4> <II = 1> <Delay = 7.25> <FuncUnit> <Opcode : 'fadd' 'fsub'> <InPorts = 2> <OutPorts = 1>
ST_16 : Operation 754 [1/4] (5.70ns)   --->   "%mul_6 = fmul i32 %empty_24, i32 %tmp_1_6" [conv.cpp:52]   --->   Operation 754 'fmul' 'mul_6' <Predicate = (!icmp_ln48)> <Delay = 5.70> <CoreInst = "FMul_maxdsp">   --->   Core 30 'FMul_maxdsp' <Latency = 3> <II = 1> <Delay = 5.70> <FuncUnit> <Opcode : 'fmul'> <InPorts = 2> <OutPorts = 1>
ST_16 : Operation 755 [2/4] (5.70ns)   --->   "%mul_7 = fmul i32 %empty_25, i32 %tmp_1_7" [conv.cpp:52]   --->   Operation 755 'fmul' 'mul_7' <Predicate = (!icmp_ln48)> <Delay = 5.70> <CoreInst = "FMul_maxdsp">   --->   Core 30 'FMul_maxdsp' <Latency = 3> <II = 1> <Delay = 5.70> <FuncUnit> <Opcode : 'fmul'> <InPorts = 2> <OutPorts = 1>
ST_16 : Operation 756 [3/4] (5.70ns)   --->   "%mul_8 = fmul i32 %empty_26, i32 %tmp_1_8" [conv.cpp:52]   --->   Operation 756 'fmul' 'mul_8' <Predicate = (!icmp_ln48)> <Delay = 5.70> <CoreInst = "FMul_maxdsp">   --->   Core 30 'FMul_maxdsp' <Latency = 3> <II = 1> <Delay = 5.70> <FuncUnit> <Opcode : 'fmul'> <InPorts = 2> <OutPorts = 1>
ST_16 : Operation 757 [4/4] (6.72ns)   --->   "%mul_9 = fmul i32 %empty_27, i32 %tmp_1_9" [conv.cpp:52]   --->   Operation 757 'fmul' 'mul_9' <Predicate = (!icmp_ln48)> <Delay = 6.72> <CoreInst = "FMul_maxdsp">   --->   Core 30 'FMul_maxdsp' <Latency = 3> <II = 1> <Delay = 5.70> <FuncUnit> <Opcode : 'fmul'> <InPorts = 2> <OutPorts = 1>

State 17 <SV = 16> <Delay = 7.25>
ST_17 : Operation 758 [1/1] (0.00ns)   --->   "%empty_28 = bitcast i32 %weights_10_load" [conv.cpp:48]   --->   Operation 758 'bitcast' 'empty_28' <Predicate = (!icmp_ln48)> <Delay = 0.00>
ST_17 : Operation 759 [4/5] (7.25ns)   --->   "%add_1 = fadd i32 %add, i32 %mul_1" [conv.cpp:52]   --->   Operation 759 'fadd' 'add_1' <Predicate = (!icmp_ln48)> <Delay = 7.25> <CoreInst = "FAddSub_fulldsp">   --->   Core 18 'FAddSub_fulldsp' <Latency = 4> <II = 1> <Delay = 7.25> <FuncUnit> <Opcode : 'fadd' 'fsub'> <InPorts = 2> <OutPorts = 1>
ST_17 : Operation 760 [1/4] (5.70ns)   --->   "%mul_7 = fmul i32 %empty_25, i32 %tmp_1_7" [conv.cpp:52]   --->   Operation 760 'fmul' 'mul_7' <Predicate = (!icmp_ln48)> <Delay = 5.70> <CoreInst = "FMul_maxdsp">   --->   Core 30 'FMul_maxdsp' <Latency = 3> <II = 1> <Delay = 5.70> <FuncUnit> <Opcode : 'fmul'> <InPorts = 2> <OutPorts = 1>
ST_17 : Operation 761 [2/4] (5.70ns)   --->   "%mul_8 = fmul i32 %empty_26, i32 %tmp_1_8" [conv.cpp:52]   --->   Operation 761 'fmul' 'mul_8' <Predicate = (!icmp_ln48)> <Delay = 5.70> <CoreInst = "FMul_maxdsp">   --->   Core 30 'FMul_maxdsp' <Latency = 3> <II = 1> <Delay = 5.70> <FuncUnit> <Opcode : 'fmul'> <InPorts = 2> <OutPorts = 1>
ST_17 : Operation 762 [3/4] (5.70ns)   --->   "%mul_9 = fmul i32 %empty_27, i32 %tmp_1_9" [conv.cpp:52]   --->   Operation 762 'fmul' 'mul_9' <Predicate = (!icmp_ln48)> <Delay = 5.70> <CoreInst = "FMul_maxdsp">   --->   Core 30 'FMul_maxdsp' <Latency = 3> <II = 1> <Delay = 5.70> <FuncUnit> <Opcode : 'fmul'> <InPorts = 2> <OutPorts = 1>
ST_17 : Operation 763 [4/4] (6.72ns)   --->   "%mul_s = fmul i32 %empty_28, i32 %tmp_1_s" [conv.cpp:52]   --->   Operation 763 'fmul' 'mul_s' <Predicate = (!icmp_ln48)> <Delay = 6.72> <CoreInst = "FMul_maxdsp">   --->   Core 30 'FMul_maxdsp' <Latency = 3> <II = 1> <Delay = 5.70> <FuncUnit> <Opcode : 'fmul'> <InPorts = 2> <OutPorts = 1>

State 18 <SV = 17> <Delay = 7.25>
ST_18 : Operation 764 [3/5] (7.25ns)   --->   "%add_1 = fadd i32 %add, i32 %mul_1" [conv.cpp:52]   --->   Operation 764 'fadd' 'add_1' <Predicate = (!icmp_ln48)> <Delay = 7.25> <CoreInst = "FAddSub_fulldsp">   --->   Core 18 'FAddSub_fulldsp' <Latency = 4> <II = 1> <Delay = 7.25> <FuncUnit> <Opcode : 'fadd' 'fsub'> <InPorts = 2> <OutPorts = 1>
ST_18 : Operation 765 [1/4] (5.70ns)   --->   "%mul_8 = fmul i32 %empty_26, i32 %tmp_1_8" [conv.cpp:52]   --->   Operation 765 'fmul' 'mul_8' <Predicate = (!icmp_ln48)> <Delay = 5.70> <CoreInst = "FMul_maxdsp">   --->   Core 30 'FMul_maxdsp' <Latency = 3> <II = 1> <Delay = 5.70> <FuncUnit> <Opcode : 'fmul'> <InPorts = 2> <OutPorts = 1>
ST_18 : Operation 766 [2/4] (5.70ns)   --->   "%mul_9 = fmul i32 %empty_27, i32 %tmp_1_9" [conv.cpp:52]   --->   Operation 766 'fmul' 'mul_9' <Predicate = (!icmp_ln48)> <Delay = 5.70> <CoreInst = "FMul_maxdsp">   --->   Core 30 'FMul_maxdsp' <Latency = 3> <II = 1> <Delay = 5.70> <FuncUnit> <Opcode : 'fmul'> <InPorts = 2> <OutPorts = 1>
ST_18 : Operation 767 [3/4] (5.70ns)   --->   "%mul_s = fmul i32 %empty_28, i32 %tmp_1_s" [conv.cpp:52]   --->   Operation 767 'fmul' 'mul_s' <Predicate = (!icmp_ln48)> <Delay = 5.70> <CoreInst = "FMul_maxdsp">   --->   Core 30 'FMul_maxdsp' <Latency = 3> <II = 1> <Delay = 5.70> <FuncUnit> <Opcode : 'fmul'> <InPorts = 2> <OutPorts = 1>

State 19 <SV = 18> <Delay = 7.25>
ST_19 : Operation 768 [2/5] (7.25ns)   --->   "%add_1 = fadd i32 %add, i32 %mul_1" [conv.cpp:52]   --->   Operation 768 'fadd' 'add_1' <Predicate = (!icmp_ln48)> <Delay = 7.25> <CoreInst = "FAddSub_fulldsp">   --->   Core 18 'FAddSub_fulldsp' <Latency = 4> <II = 1> <Delay = 7.25> <FuncUnit> <Opcode : 'fadd' 'fsub'> <InPorts = 2> <OutPorts = 1>
ST_19 : Operation 769 [1/4] (5.70ns)   --->   "%mul_9 = fmul i32 %empty_27, i32 %tmp_1_9" [conv.cpp:52]   --->   Operation 769 'fmul' 'mul_9' <Predicate = (!icmp_ln48)> <Delay = 5.70> <CoreInst = "FMul_maxdsp">   --->   Core 30 'FMul_maxdsp' <Latency = 3> <II = 1> <Delay = 5.70> <FuncUnit> <Opcode : 'fmul'> <InPorts = 2> <OutPorts = 1>
ST_19 : Operation 770 [2/4] (5.70ns)   --->   "%mul_s = fmul i32 %empty_28, i32 %tmp_1_s" [conv.cpp:52]   --->   Operation 770 'fmul' 'mul_s' <Predicate = (!icmp_ln48)> <Delay = 5.70> <CoreInst = "FMul_maxdsp">   --->   Core 30 'FMul_maxdsp' <Latency = 3> <II = 1> <Delay = 5.70> <FuncUnit> <Opcode : 'fmul'> <InPorts = 2> <OutPorts = 1>

State 20 <SV = 19> <Delay = 7.25>
ST_20 : Operation 771 [1/5] (7.25ns)   --->   "%add_1 = fadd i32 %add, i32 %mul_1" [conv.cpp:52]   --->   Operation 771 'fadd' 'add_1' <Predicate = (!icmp_ln48)> <Delay = 7.25> <CoreInst = "FAddSub_fulldsp">   --->   Core 18 'FAddSub_fulldsp' <Latency = 4> <II = 1> <Delay = 7.25> <FuncUnit> <Opcode : 'fadd' 'fsub'> <InPorts = 2> <OutPorts = 1>
ST_20 : Operation 772 [1/4] (5.70ns)   --->   "%mul_s = fmul i32 %empty_28, i32 %tmp_1_s" [conv.cpp:52]   --->   Operation 772 'fmul' 'mul_s' <Predicate = (!icmp_ln48)> <Delay = 5.70> <CoreInst = "FMul_maxdsp">   --->   Core 30 'FMul_maxdsp' <Latency = 3> <II = 1> <Delay = 5.70> <FuncUnit> <Opcode : 'fmul'> <InPorts = 2> <OutPorts = 1>

State 21 <SV = 20> <Delay = 8.28>
ST_21 : Operation 773 [5/5] (8.28ns)   --->   "%add_2 = fadd i32 %add_1, i32 %mul_2" [conv.cpp:52]   --->   Operation 773 'fadd' 'add_2' <Predicate = (!icmp_ln48)> <Delay = 8.28> <CoreInst = "FAddSub_fulldsp">   --->   Core 18 'FAddSub_fulldsp' <Latency = 4> <II = 1> <Delay = 7.25> <FuncUnit> <Opcode : 'fadd' 'fsub'> <InPorts = 2> <OutPorts = 1>

State 22 <SV = 21> <Delay = 7.25>
ST_22 : Operation 774 [4/5] (7.25ns)   --->   "%add_2 = fadd i32 %add_1, i32 %mul_2" [conv.cpp:52]   --->   Operation 774 'fadd' 'add_2' <Predicate = (!icmp_ln48)> <Delay = 7.25> <CoreInst = "FAddSub_fulldsp">   --->   Core 18 'FAddSub_fulldsp' <Latency = 4> <II = 1> <Delay = 7.25> <FuncUnit> <Opcode : 'fadd' 'fsub'> <InPorts = 2> <OutPorts = 1>

State 23 <SV = 22> <Delay = 7.25>
ST_23 : Operation 775 [3/5] (7.25ns)   --->   "%add_2 = fadd i32 %add_1, i32 %mul_2" [conv.cpp:52]   --->   Operation 775 'fadd' 'add_2' <Predicate = (!icmp_ln48)> <Delay = 7.25> <CoreInst = "FAddSub_fulldsp">   --->   Core 18 'FAddSub_fulldsp' <Latency = 4> <II = 1> <Delay = 7.25> <FuncUnit> <Opcode : 'fadd' 'fsub'> <InPorts = 2> <OutPorts = 1>

State 24 <SV = 23> <Delay = 7.25>
ST_24 : Operation 776 [2/5] (7.25ns)   --->   "%add_2 = fadd i32 %add_1, i32 %mul_2" [conv.cpp:52]   --->   Operation 776 'fadd' 'add_2' <Predicate = (!icmp_ln48)> <Delay = 7.25> <CoreInst = "FAddSub_fulldsp">   --->   Core 18 'FAddSub_fulldsp' <Latency = 4> <II = 1> <Delay = 7.25> <FuncUnit> <Opcode : 'fadd' 'fsub'> <InPorts = 2> <OutPorts = 1>

State 25 <SV = 24> <Delay = 7.25>
ST_25 : Operation 777 [1/5] (7.25ns)   --->   "%add_2 = fadd i32 %add_1, i32 %mul_2" [conv.cpp:52]   --->   Operation 777 'fadd' 'add_2' <Predicate = (!icmp_ln48)> <Delay = 7.25> <CoreInst = "FAddSub_fulldsp">   --->   Core 18 'FAddSub_fulldsp' <Latency = 4> <II = 1> <Delay = 7.25> <FuncUnit> <Opcode : 'fadd' 'fsub'> <InPorts = 2> <OutPorts = 1>

State 26 <SV = 25> <Delay = 8.28>
ST_26 : Operation 778 [5/5] (8.28ns)   --->   "%add_3 = fadd i32 %add_2, i32 %mul_3" [conv.cpp:52]   --->   Operation 778 'fadd' 'add_3' <Predicate = (!icmp_ln48)> <Delay = 8.28> <CoreInst = "FAddSub_fulldsp">   --->   Core 18 'FAddSub_fulldsp' <Latency = 4> <II = 1> <Delay = 7.25> <FuncUnit> <Opcode : 'fadd' 'fsub'> <InPorts = 2> <OutPorts = 1>

State 27 <SV = 26> <Delay = 7.25>
ST_27 : Operation 779 [4/5] (7.25ns)   --->   "%add_3 = fadd i32 %add_2, i32 %mul_3" [conv.cpp:52]   --->   Operation 779 'fadd' 'add_3' <Predicate = (!icmp_ln48)> <Delay = 7.25> <CoreInst = "FAddSub_fulldsp">   --->   Core 18 'FAddSub_fulldsp' <Latency = 4> <II = 1> <Delay = 7.25> <FuncUnit> <Opcode : 'fadd' 'fsub'> <InPorts = 2> <OutPorts = 1>

State 28 <SV = 27> <Delay = 7.25>
ST_28 : Operation 780 [3/5] (7.25ns)   --->   "%add_3 = fadd i32 %add_2, i32 %mul_3" [conv.cpp:52]   --->   Operation 780 'fadd' 'add_3' <Predicate = (!icmp_ln48)> <Delay = 7.25> <CoreInst = "FAddSub_fulldsp">   --->   Core 18 'FAddSub_fulldsp' <Latency = 4> <II = 1> <Delay = 7.25> <FuncUnit> <Opcode : 'fadd' 'fsub'> <InPorts = 2> <OutPorts = 1>

State 29 <SV = 28> <Delay = 7.25>
ST_29 : Operation 781 [2/5] (7.25ns)   --->   "%add_3 = fadd i32 %add_2, i32 %mul_3" [conv.cpp:52]   --->   Operation 781 'fadd' 'add_3' <Predicate = (!icmp_ln48)> <Delay = 7.25> <CoreInst = "FAddSub_fulldsp">   --->   Core 18 'FAddSub_fulldsp' <Latency = 4> <II = 1> <Delay = 7.25> <FuncUnit> <Opcode : 'fadd' 'fsub'> <InPorts = 2> <OutPorts = 1>

State 30 <SV = 29> <Delay = 7.25>
ST_30 : Operation 782 [1/5] (7.25ns)   --->   "%add_3 = fadd i32 %add_2, i32 %mul_3" [conv.cpp:52]   --->   Operation 782 'fadd' 'add_3' <Predicate = (!icmp_ln48)> <Delay = 7.25> <CoreInst = "FAddSub_fulldsp">   --->   Core 18 'FAddSub_fulldsp' <Latency = 4> <II = 1> <Delay = 7.25> <FuncUnit> <Opcode : 'fadd' 'fsub'> <InPorts = 2> <OutPorts = 1>

State 31 <SV = 30> <Delay = 8.28>
ST_31 : Operation 783 [5/5] (8.28ns)   --->   "%add_4 = fadd i32 %add_3, i32 %mul_4" [conv.cpp:52]   --->   Operation 783 'fadd' 'add_4' <Predicate = (!icmp_ln48)> <Delay = 8.28> <CoreInst = "FAddSub_fulldsp">   --->   Core 18 'FAddSub_fulldsp' <Latency = 4> <II = 1> <Delay = 7.25> <FuncUnit> <Opcode : 'fadd' 'fsub'> <InPorts = 2> <OutPorts = 1>

State 32 <SV = 31> <Delay = 7.25>
ST_32 : Operation 784 [4/5] (7.25ns)   --->   "%add_4 = fadd i32 %add_3, i32 %mul_4" [conv.cpp:52]   --->   Operation 784 'fadd' 'add_4' <Predicate = (!icmp_ln48)> <Delay = 7.25> <CoreInst = "FAddSub_fulldsp">   --->   Core 18 'FAddSub_fulldsp' <Latency = 4> <II = 1> <Delay = 7.25> <FuncUnit> <Opcode : 'fadd' 'fsub'> <InPorts = 2> <OutPorts = 1>

State 33 <SV = 32> <Delay = 7.25>
ST_33 : Operation 785 [3/5] (7.25ns)   --->   "%add_4 = fadd i32 %add_3, i32 %mul_4" [conv.cpp:52]   --->   Operation 785 'fadd' 'add_4' <Predicate = (!icmp_ln48)> <Delay = 7.25> <CoreInst = "FAddSub_fulldsp">   --->   Core 18 'FAddSub_fulldsp' <Latency = 4> <II = 1> <Delay = 7.25> <FuncUnit> <Opcode : 'fadd' 'fsub'> <InPorts = 2> <OutPorts = 1>

State 34 <SV = 33> <Delay = 7.25>
ST_34 : Operation 786 [2/5] (7.25ns)   --->   "%add_4 = fadd i32 %add_3, i32 %mul_4" [conv.cpp:52]   --->   Operation 786 'fadd' 'add_4' <Predicate = (!icmp_ln48)> <Delay = 7.25> <CoreInst = "FAddSub_fulldsp">   --->   Core 18 'FAddSub_fulldsp' <Latency = 4> <II = 1> <Delay = 7.25> <FuncUnit> <Opcode : 'fadd' 'fsub'> <InPorts = 2> <OutPorts = 1>

State 35 <SV = 34> <Delay = 7.25>
ST_35 : Operation 787 [1/5] (7.25ns)   --->   "%add_4 = fadd i32 %add_3, i32 %mul_4" [conv.cpp:52]   --->   Operation 787 'fadd' 'add_4' <Predicate = (!icmp_ln48)> <Delay = 7.25> <CoreInst = "FAddSub_fulldsp">   --->   Core 18 'FAddSub_fulldsp' <Latency = 4> <II = 1> <Delay = 7.25> <FuncUnit> <Opcode : 'fadd' 'fsub'> <InPorts = 2> <OutPorts = 1>

State 36 <SV = 35> <Delay = 8.28>
ST_36 : Operation 788 [5/5] (8.28ns)   --->   "%add_5 = fadd i32 %add_4, i32 %mul_5" [conv.cpp:52]   --->   Operation 788 'fadd' 'add_5' <Predicate = (!icmp_ln48)> <Delay = 8.28> <CoreInst = "FAddSub_fulldsp">   --->   Core 18 'FAddSub_fulldsp' <Latency = 4> <II = 1> <Delay = 7.25> <FuncUnit> <Opcode : 'fadd' 'fsub'> <InPorts = 2> <OutPorts = 1>

State 37 <SV = 36> <Delay = 7.25>
ST_37 : Operation 789 [4/5] (7.25ns)   --->   "%add_5 = fadd i32 %add_4, i32 %mul_5" [conv.cpp:52]   --->   Operation 789 'fadd' 'add_5' <Predicate = (!icmp_ln48)> <Delay = 7.25> <CoreInst = "FAddSub_fulldsp">   --->   Core 18 'FAddSub_fulldsp' <Latency = 4> <II = 1> <Delay = 7.25> <FuncUnit> <Opcode : 'fadd' 'fsub'> <InPorts = 2> <OutPorts = 1>

State 38 <SV = 37> <Delay = 7.25>
ST_38 : Operation 790 [3/5] (7.25ns)   --->   "%add_5 = fadd i32 %add_4, i32 %mul_5" [conv.cpp:52]   --->   Operation 790 'fadd' 'add_5' <Predicate = (!icmp_ln48)> <Delay = 7.25> <CoreInst = "FAddSub_fulldsp">   --->   Core 18 'FAddSub_fulldsp' <Latency = 4> <II = 1> <Delay = 7.25> <FuncUnit> <Opcode : 'fadd' 'fsub'> <InPorts = 2> <OutPorts = 1>

State 39 <SV = 38> <Delay = 7.25>
ST_39 : Operation 791 [2/5] (7.25ns)   --->   "%add_5 = fadd i32 %add_4, i32 %mul_5" [conv.cpp:52]   --->   Operation 791 'fadd' 'add_5' <Predicate = (!icmp_ln48)> <Delay = 7.25> <CoreInst = "FAddSub_fulldsp">   --->   Core 18 'FAddSub_fulldsp' <Latency = 4> <II = 1> <Delay = 7.25> <FuncUnit> <Opcode : 'fadd' 'fsub'> <InPorts = 2> <OutPorts = 1>

State 40 <SV = 39> <Delay = 7.25>
ST_40 : Operation 792 [1/5] (7.25ns)   --->   "%add_5 = fadd i32 %add_4, i32 %mul_5" [conv.cpp:52]   --->   Operation 792 'fadd' 'add_5' <Predicate = (!icmp_ln48)> <Delay = 7.25> <CoreInst = "FAddSub_fulldsp">   --->   Core 18 'FAddSub_fulldsp' <Latency = 4> <II = 1> <Delay = 7.25> <FuncUnit> <Opcode : 'fadd' 'fsub'> <InPorts = 2> <OutPorts = 1>

State 41 <SV = 40> <Delay = 8.28>
ST_41 : Operation 793 [5/5] (8.28ns)   --->   "%add_6 = fadd i32 %add_5, i32 %mul_6" [conv.cpp:52]   --->   Operation 793 'fadd' 'add_6' <Predicate = (!icmp_ln48)> <Delay = 8.28> <CoreInst = "FAddSub_fulldsp">   --->   Core 18 'FAddSub_fulldsp' <Latency = 4> <II = 1> <Delay = 7.25> <FuncUnit> <Opcode : 'fadd' 'fsub'> <InPorts = 2> <OutPorts = 1>

State 42 <SV = 41> <Delay = 7.25>
ST_42 : Operation 794 [4/5] (7.25ns)   --->   "%add_6 = fadd i32 %add_5, i32 %mul_6" [conv.cpp:52]   --->   Operation 794 'fadd' 'add_6' <Predicate = (!icmp_ln48)> <Delay = 7.25> <CoreInst = "FAddSub_fulldsp">   --->   Core 18 'FAddSub_fulldsp' <Latency = 4> <II = 1> <Delay = 7.25> <FuncUnit> <Opcode : 'fadd' 'fsub'> <InPorts = 2> <OutPorts = 1>

State 43 <SV = 42> <Delay = 7.25>
ST_43 : Operation 795 [3/5] (7.25ns)   --->   "%add_6 = fadd i32 %add_5, i32 %mul_6" [conv.cpp:52]   --->   Operation 795 'fadd' 'add_6' <Predicate = (!icmp_ln48)> <Delay = 7.25> <CoreInst = "FAddSub_fulldsp">   --->   Core 18 'FAddSub_fulldsp' <Latency = 4> <II = 1> <Delay = 7.25> <FuncUnit> <Opcode : 'fadd' 'fsub'> <InPorts = 2> <OutPorts = 1>

State 44 <SV = 43> <Delay = 7.25>
ST_44 : Operation 796 [2/5] (7.25ns)   --->   "%add_6 = fadd i32 %add_5, i32 %mul_6" [conv.cpp:52]   --->   Operation 796 'fadd' 'add_6' <Predicate = (!icmp_ln48)> <Delay = 7.25> <CoreInst = "FAddSub_fulldsp">   --->   Core 18 'FAddSub_fulldsp' <Latency = 4> <II = 1> <Delay = 7.25> <FuncUnit> <Opcode : 'fadd' 'fsub'> <InPorts = 2> <OutPorts = 1>

State 45 <SV = 44> <Delay = 7.25>
ST_45 : Operation 797 [1/5] (7.25ns)   --->   "%add_6 = fadd i32 %add_5, i32 %mul_6" [conv.cpp:52]   --->   Operation 797 'fadd' 'add_6' <Predicate = (!icmp_ln48)> <Delay = 7.25> <CoreInst = "FAddSub_fulldsp">   --->   Core 18 'FAddSub_fulldsp' <Latency = 4> <II = 1> <Delay = 7.25> <FuncUnit> <Opcode : 'fadd' 'fsub'> <InPorts = 2> <OutPorts = 1>

State 46 <SV = 45> <Delay = 8.28>
ST_46 : Operation 798 [5/5] (8.28ns)   --->   "%add_7 = fadd i32 %add_6, i32 %mul_7" [conv.cpp:52]   --->   Operation 798 'fadd' 'add_7' <Predicate = (!icmp_ln48)> <Delay = 8.28> <CoreInst = "FAddSub_fulldsp">   --->   Core 18 'FAddSub_fulldsp' <Latency = 4> <II = 1> <Delay = 7.25> <FuncUnit> <Opcode : 'fadd' 'fsub'> <InPorts = 2> <OutPorts = 1>

State 47 <SV = 46> <Delay = 7.25>
ST_47 : Operation 799 [4/5] (7.25ns)   --->   "%add_7 = fadd i32 %add_6, i32 %mul_7" [conv.cpp:52]   --->   Operation 799 'fadd' 'add_7' <Predicate = (!icmp_ln48)> <Delay = 7.25> <CoreInst = "FAddSub_fulldsp">   --->   Core 18 'FAddSub_fulldsp' <Latency = 4> <II = 1> <Delay = 7.25> <FuncUnit> <Opcode : 'fadd' 'fsub'> <InPorts = 2> <OutPorts = 1>

State 48 <SV = 47> <Delay = 7.25>
ST_48 : Operation 800 [3/5] (7.25ns)   --->   "%add_7 = fadd i32 %add_6, i32 %mul_7" [conv.cpp:52]   --->   Operation 800 'fadd' 'add_7' <Predicate = (!icmp_ln48)> <Delay = 7.25> <CoreInst = "FAddSub_fulldsp">   --->   Core 18 'FAddSub_fulldsp' <Latency = 4> <II = 1> <Delay = 7.25> <FuncUnit> <Opcode : 'fadd' 'fsub'> <InPorts = 2> <OutPorts = 1>

State 49 <SV = 48> <Delay = 7.25>
ST_49 : Operation 801 [2/5] (7.25ns)   --->   "%add_7 = fadd i32 %add_6, i32 %mul_7" [conv.cpp:52]   --->   Operation 801 'fadd' 'add_7' <Predicate = (!icmp_ln48)> <Delay = 7.25> <CoreInst = "FAddSub_fulldsp">   --->   Core 18 'FAddSub_fulldsp' <Latency = 4> <II = 1> <Delay = 7.25> <FuncUnit> <Opcode : 'fadd' 'fsub'> <InPorts = 2> <OutPorts = 1>

State 50 <SV = 49> <Delay = 7.25>
ST_50 : Operation 802 [1/5] (7.25ns)   --->   "%add_7 = fadd i32 %add_6, i32 %mul_7" [conv.cpp:52]   --->   Operation 802 'fadd' 'add_7' <Predicate = (!icmp_ln48)> <Delay = 7.25> <CoreInst = "FAddSub_fulldsp">   --->   Core 18 'FAddSub_fulldsp' <Latency = 4> <II = 1> <Delay = 7.25> <FuncUnit> <Opcode : 'fadd' 'fsub'> <InPorts = 2> <OutPorts = 1>

State 51 <SV = 50> <Delay = 8.28>
ST_51 : Operation 803 [5/5] (8.28ns)   --->   "%add_8 = fadd i32 %add_7, i32 %mul_8" [conv.cpp:52]   --->   Operation 803 'fadd' 'add_8' <Predicate = (!icmp_ln48)> <Delay = 8.28> <CoreInst = "FAddSub_fulldsp">   --->   Core 18 'FAddSub_fulldsp' <Latency = 4> <II = 1> <Delay = 7.25> <FuncUnit> <Opcode : 'fadd' 'fsub'> <InPorts = 2> <OutPorts = 1>

State 52 <SV = 51> <Delay = 7.25>
ST_52 : Operation 804 [4/5] (7.25ns)   --->   "%add_8 = fadd i32 %add_7, i32 %mul_8" [conv.cpp:52]   --->   Operation 804 'fadd' 'add_8' <Predicate = (!icmp_ln48)> <Delay = 7.25> <CoreInst = "FAddSub_fulldsp">   --->   Core 18 'FAddSub_fulldsp' <Latency = 4> <II = 1> <Delay = 7.25> <FuncUnit> <Opcode : 'fadd' 'fsub'> <InPorts = 2> <OutPorts = 1>

State 53 <SV = 52> <Delay = 7.25>
ST_53 : Operation 805 [3/5] (7.25ns)   --->   "%add_8 = fadd i32 %add_7, i32 %mul_8" [conv.cpp:52]   --->   Operation 805 'fadd' 'add_8' <Predicate = (!icmp_ln48)> <Delay = 7.25> <CoreInst = "FAddSub_fulldsp">   --->   Core 18 'FAddSub_fulldsp' <Latency = 4> <II = 1> <Delay = 7.25> <FuncUnit> <Opcode : 'fadd' 'fsub'> <InPorts = 2> <OutPorts = 1>

State 54 <SV = 53> <Delay = 7.25>
ST_54 : Operation 806 [2/5] (7.25ns)   --->   "%add_8 = fadd i32 %add_7, i32 %mul_8" [conv.cpp:52]   --->   Operation 806 'fadd' 'add_8' <Predicate = (!icmp_ln48)> <Delay = 7.25> <CoreInst = "FAddSub_fulldsp">   --->   Core 18 'FAddSub_fulldsp' <Latency = 4> <II = 1> <Delay = 7.25> <FuncUnit> <Opcode : 'fadd' 'fsub'> <InPorts = 2> <OutPorts = 1>

State 55 <SV = 54> <Delay = 7.25>
ST_55 : Operation 807 [1/5] (7.25ns)   --->   "%add_8 = fadd i32 %add_7, i32 %mul_8" [conv.cpp:52]   --->   Operation 807 'fadd' 'add_8' <Predicate = (!icmp_ln48)> <Delay = 7.25> <CoreInst = "FAddSub_fulldsp">   --->   Core 18 'FAddSub_fulldsp' <Latency = 4> <II = 1> <Delay = 7.25> <FuncUnit> <Opcode : 'fadd' 'fsub'> <InPorts = 2> <OutPorts = 1>
ST_55 : Operation 808 [1/1] (1.58ns)   --->   "%store_ln48 = store i4 %add_ln48, i4 %j" [conv.cpp:48]   --->   Operation 808 'store' 'store_ln48' <Predicate = (!icmp_ln48)> <Delay = 1.58>

State 56 <SV = 55> <Delay = 8.28>
ST_56 : Operation 809 [5/5] (8.28ns)   --->   "%add_9 = fadd i32 %add_8, i32 %mul_9" [conv.cpp:52]   --->   Operation 809 'fadd' 'add_9' <Predicate = true> <Delay = 8.28> <CoreInst = "FAddSub_fulldsp">   --->   Core 18 'FAddSub_fulldsp' <Latency = 4> <II = 1> <Delay = 7.25> <FuncUnit> <Opcode : 'fadd' 'fsub'> <InPorts = 2> <OutPorts = 1>

State 57 <SV = 56> <Delay = 7.25>
ST_57 : Operation 810 [4/5] (7.25ns)   --->   "%add_9 = fadd i32 %add_8, i32 %mul_9" [conv.cpp:52]   --->   Operation 810 'fadd' 'add_9' <Predicate = true> <Delay = 7.25> <CoreInst = "FAddSub_fulldsp">   --->   Core 18 'FAddSub_fulldsp' <Latency = 4> <II = 1> <Delay = 7.25> <FuncUnit> <Opcode : 'fadd' 'fsub'> <InPorts = 2> <OutPorts = 1>

State 58 <SV = 57> <Delay = 7.25>
ST_58 : Operation 811 [3/5] (7.25ns)   --->   "%add_9 = fadd i32 %add_8, i32 %mul_9" [conv.cpp:52]   --->   Operation 811 'fadd' 'add_9' <Predicate = true> <Delay = 7.25> <CoreInst = "FAddSub_fulldsp">   --->   Core 18 'FAddSub_fulldsp' <Latency = 4> <II = 1> <Delay = 7.25> <FuncUnit> <Opcode : 'fadd' 'fsub'> <InPorts = 2> <OutPorts = 1>

State 59 <SV = 58> <Delay = 7.25>
ST_59 : Operation 812 [2/5] (7.25ns)   --->   "%add_9 = fadd i32 %add_8, i32 %mul_9" [conv.cpp:52]   --->   Operation 812 'fadd' 'add_9' <Predicate = true> <Delay = 7.25> <CoreInst = "FAddSub_fulldsp">   --->   Core 18 'FAddSub_fulldsp' <Latency = 4> <II = 1> <Delay = 7.25> <FuncUnit> <Opcode : 'fadd' 'fsub'> <InPorts = 2> <OutPorts = 1>

State 60 <SV = 59> <Delay = 7.25>
ST_60 : Operation 813 [1/5] (7.25ns)   --->   "%add_9 = fadd i32 %add_8, i32 %mul_9" [conv.cpp:52]   --->   Operation 813 'fadd' 'add_9' <Predicate = true> <Delay = 7.25> <CoreInst = "FAddSub_fulldsp">   --->   Core 18 'FAddSub_fulldsp' <Latency = 4> <II = 1> <Delay = 7.25> <FuncUnit> <Opcode : 'fadd' 'fsub'> <InPorts = 2> <OutPorts = 1>

State 61 <SV = 60> <Delay = 8.28>
ST_61 : Operation 814 [5/5] (8.28ns)   --->   "%add_s = fadd i32 %add_9, i32 %mul_s" [conv.cpp:52]   --->   Operation 814 'fadd' 'add_s' <Predicate = true> <Delay = 8.28> <CoreInst = "FAddSub_fulldsp">   --->   Core 18 'FAddSub_fulldsp' <Latency = 4> <II = 1> <Delay = 7.25> <FuncUnit> <Opcode : 'fadd' 'fsub'> <InPorts = 2> <OutPorts = 1>

State 62 <SV = 61> <Delay = 7.25>
ST_62 : Operation 815 [4/5] (7.25ns)   --->   "%add_s = fadd i32 %add_9, i32 %mul_s" [conv.cpp:52]   --->   Operation 815 'fadd' 'add_s' <Predicate = true> <Delay = 7.25> <CoreInst = "FAddSub_fulldsp">   --->   Core 18 'FAddSub_fulldsp' <Latency = 4> <II = 1> <Delay = 7.25> <FuncUnit> <Opcode : 'fadd' 'fsub'> <InPorts = 2> <OutPorts = 1>

State 63 <SV = 62> <Delay = 7.25>
ST_63 : Operation 816 [3/5] (7.25ns)   --->   "%add_s = fadd i32 %add_9, i32 %mul_s" [conv.cpp:52]   --->   Operation 816 'fadd' 'add_s' <Predicate = true> <Delay = 7.25> <CoreInst = "FAddSub_fulldsp">   --->   Core 18 'FAddSub_fulldsp' <Latency = 4> <II = 1> <Delay = 7.25> <FuncUnit> <Opcode : 'fadd' 'fsub'> <InPorts = 2> <OutPorts = 1>

State 64 <SV = 63> <Delay = 7.25>
ST_64 : Operation 817 [2/5] (7.25ns)   --->   "%add_s = fadd i32 %add_9, i32 %mul_s" [conv.cpp:52]   --->   Operation 817 'fadd' 'add_s' <Predicate = true> <Delay = 7.25> <CoreInst = "FAddSub_fulldsp">   --->   Core 18 'FAddSub_fulldsp' <Latency = 4> <II = 1> <Delay = 7.25> <FuncUnit> <Opcode : 'fadd' 'fsub'> <InPorts = 2> <OutPorts = 1>

State 65 <SV = 64> <Delay = 7.25>
ST_65 : Operation 818 [1/1] (0.00ns)   --->   "%specloopname_ln39 = specloopname void @_ssdm_op_SpecLoopName, void @empty_5" [conv.cpp:39]   --->   Operation 818 'specloopname' 'specloopname_ln39' <Predicate = true> <Delay = 0.00>
ST_65 : Operation 819 [1/5] (7.25ns)   --->   "%add_s = fadd i32 %add_9, i32 %mul_s" [conv.cpp:52]   --->   Operation 819 'fadd' 'add_s' <Predicate = true> <Delay = 7.25> <CoreInst = "FAddSub_fulldsp">   --->   Core 18 'FAddSub_fulldsp' <Latency = 4> <II = 1> <Delay = 7.25> <FuncUnit> <Opcode : 'fadd' 'fsub'> <InPorts = 2> <OutPorts = 1>

State 66 <SV = 65> <Delay = 3.25>
ST_66 : Operation 820 [1/1] (0.00ns)   --->   "%bitcast_ln52_1 = bitcast i32 %add_s" [conv.cpp:52]   --->   Operation 820 'bitcast' 'bitcast_ln52_1' <Predicate = (ifzero)> <Delay = 0.00>
ST_66 : Operation 821 [1/1] (3.25ns)   --->   "%store_ln52 = store i32 %bitcast_ln52_1, i18 %output_fm_addr" [conv.cpp:52]   --->   Operation 821 'store' 'store_ln52' <Predicate = (ifzero)> <Delay = 3.25> <CoreInst = "RAM">   --->   Core 82 'RAM' <Latency = 1> <II = 1> <Delay = 3.25> <Storage> <Opcode : 'load' 'store'> <Ports = 2> <Width = 32> <Depth = 193600> <RAM>
ST_66 : Operation 822 [1/1] (0.00ns)   --->   "%br_ln0 = br void %ifFalse"   --->   Operation 822 'br' 'br_ln0' <Predicate = (ifzero)> <Delay = 0.00>
ST_66 : Operation 823 [1/1] (1.58ns)   --->   "%store_ln52 = store i32 %add_s, i32 %add62_lcssa27" [conv.cpp:52]   --->   Operation 823 'store' 'store_ln52' <Predicate = true> <Delay = 1.58>
ST_66 : Operation 824 [1/1] (0.00ns)   --->   "%br_ln0 = br void %VITIS_LOOP_49_9"   --->   Operation 824 'br' 'br_ln0' <Predicate = true> <Delay = 0.00>


============================================================
+ Verbose Summary: Binding
============================================================
STG Binding: 
---------------- STG Properties BEGIN ----------------
- Is combinational: 0
- Is one-state seq: 0
- Is datapath-only: 0
- Is pipelined: 0
- Is top level: 0
Port [ Return ] is wired: 1; IO mode=ap_ctrl_hs:ce=0
Port [ bitcast_ln52]:  wired=1; compound=0; hidden=0; nouse=0; global=0; static=0; extern=0; dir=0; type=0; pingpong=0; private_global=0; IO mode=ap_none:ce=0
Port [ output_fm]:  wired=1; compound=1; hidden=0; nouse=0; global=0; static=0; extern=0; dir=1; type=1; pingpong=0; private_global=0; MemPort=[03]; IO mode=ap_memory:ce=0
Port [ add_ln52_10]:  wired=1; compound=0; hidden=0; nouse=0; global=0; static=0; extern=0; dir=0; type=0; pingpong=0; private_global=0; IO mode=ap_none:ce=0
Port [ empty]:  wired=1; compound=0; hidden=0; nouse=0; global=0; static=0; extern=0; dir=0; type=0; pingpong=0; private_global=0; IO mode=ap_none:ce=0
Port [ weights_0]:  wired=1; compound=1; hidden=0; nouse=0; global=0; static=0; extern=0; dir=0; type=1; pingpong=0; private_global=0; MemPort=[13]; IO mode=ap_memory:ce=0
Port [ weights_1]:  wired=1; compound=1; hidden=0; nouse=0; global=0; static=0; extern=0; dir=0; type=1; pingpong=0; private_global=0; MemPort=[13]; IO mode=ap_memory:ce=0
Port [ weights_2]:  wired=1; compound=1; hidden=0; nouse=0; global=0; static=0; extern=0; dir=0; type=1; pingpong=0; private_global=0; MemPort=[13]; IO mode=ap_memory:ce=0
Port [ weights_3]:  wired=1; compound=1; hidden=0; nouse=0; global=0; static=0; extern=0; dir=0; type=1; pingpong=0; private_global=0; MemPort=[13]; IO mode=ap_memory:ce=0
Port [ weights_4]:  wired=1; compound=1; hidden=0; nouse=0; global=0; static=0; extern=0; dir=0; type=1; pingpong=0; private_global=0; MemPort=[13]; IO mode=ap_memory:ce=0
Port [ weights_5]:  wired=1; compound=1; hidden=0; nouse=0; global=0; static=0; extern=0; dir=0; type=1; pingpong=0; private_global=0; MemPort=[13]; IO mode=ap_memory:ce=0
Port [ weights_6]:  wired=1; compound=1; hidden=0; nouse=0; global=0; static=0; extern=0; dir=0; type=1; pingpong=0; private_global=0; MemPort=[13]; IO mode=ap_memory:ce=0
Port [ weights_7]:  wired=1; compound=1; hidden=0; nouse=0; global=0; static=0; extern=0; dir=0; type=1; pingpong=0; private_global=0; MemPort=[13]; IO mode=ap_memory:ce=0
Port [ weights_8]:  wired=1; compound=1; hidden=0; nouse=0; global=0; static=0; extern=0; dir=0; type=1; pingpong=0; private_global=0; MemPort=[13]; IO mode=ap_memory:ce=0
Port [ weights_9]:  wired=1; compound=1; hidden=0; nouse=0; global=0; static=0; extern=0; dir=0; type=1; pingpong=0; private_global=0; MemPort=[13]; IO mode=ap_memory:ce=0
Port [ weights_10]:  wired=1; compound=1; hidden=0; nouse=0; global=0; static=0; extern=0; dir=0; type=1; pingpong=0; private_global=0; MemPort=[13]; IO mode=ap_memory:ce=0
Port [ select_ln39_1]:  wired=1; compound=0; hidden=0; nouse=0; global=0; static=0; extern=0; dir=0; type=0; pingpong=0; private_global=0; IO mode=ap_none:ce=0
Port [ mul_ln52_1]:  wired=1; compound=0; hidden=0; nouse=0; global=0; static=0; extern=0; dir=0; type=0; pingpong=0; private_global=0; IO mode=ap_none:ce=0
Port [ zext_ln52_1]:  wired=1; compound=0; hidden=0; nouse=0; global=0; static=0; extern=0; dir=0; type=0; pingpong=0; private_global=0; IO mode=ap_none:ce=0
Port [ input_fm_0]:  wired=1; compound=1; hidden=0; nouse=0; global=0; static=0; extern=0; dir=0; type=1; pingpong=0; private_global=0; MemPort=[11]; IO mode=ap_memory:ce=0
Port [ zext_ln52_2]:  wired=1; compound=0; hidden=0; nouse=0; global=0; static=0; extern=0; dir=0; type=0; pingpong=0; private_global=0; IO mode=ap_none:ce=0
Port [ zext_ln52_3]:  wired=1; compound=0; hidden=0; nouse=0; global=0; static=0; extern=0; dir=0; type=0; pingpong=0; private_global=0; IO mode=ap_none:ce=0
Port [ zext_ln52_4]:  wired=1; compound=0; hidden=0; nouse=0; global=0; static=0; extern=0; dir=0; type=0; pingpong=0; private_global=0; IO mode=ap_none:ce=0
Port [ zext_ln52_5]:  wired=1; compound=0; hidden=0; nouse=0; global=0; static=0; extern=0; dir=0; type=0; pingpong=0; private_global=0; IO mode=ap_none:ce=0
Port [ zext_ln52_6]:  wired=1; compound=0; hidden=0; nouse=0; global=0; static=0; extern=0; dir=0; type=0; pingpong=0; private_global=0; IO mode=ap_none:ce=0
Port [ zext_ln52_7]:  wired=1; compound=0; hidden=0; nouse=0; global=0; static=0; extern=0; dir=0; type=0; pingpong=0; private_global=0; IO mode=ap_none:ce=0
Port [ zext_ln52_8]:  wired=1; compound=0; hidden=0; nouse=0; global=0; static=0; extern=0; dir=0; type=0; pingpong=0; private_global=0; IO mode=ap_none:ce=0
Port [ zext_ln52_9]:  wired=1; compound=0; hidden=0; nouse=0; global=0; static=0; extern=0; dir=0; type=0; pingpong=0; private_global=0; IO mode=ap_none:ce=0
Port [ zext_ln52_10]:  wired=1; compound=0; hidden=0; nouse=0; global=0; static=0; extern=0; dir=0; type=0; pingpong=0; private_global=0; IO mode=ap_none:ce=0
Port [ zext_ln52_11]:  wired=1; compound=0; hidden=0; nouse=0; global=0; static=0; extern=0; dir=0; type=0; pingpong=0; private_global=0; IO mode=ap_none:ce=0
Port [ input_fm_1]:  wired=1; compound=1; hidden=0; nouse=0; global=0; static=0; extern=0; dir=0; type=1; pingpong=0; private_global=0; MemPort=[11]; IO mode=ap_memory:ce=0
Port [ input_fm_2]:  wired=1; compound=1; hidden=0; nouse=0; global=0; static=0; extern=0; dir=0; type=1; pingpong=0; private_global=0; MemPort=[11]; IO mode=ap_memory:ce=0
Port [ input_fm_3]:  wired=1; compound=1; hidden=0; nouse=0; global=0; static=0; extern=0; dir=0; type=1; pingpong=0; private_global=0; MemPort=[11]; IO mode=ap_memory:ce=0
Port [ input_fm_4]:  wired=1; compound=1; hidden=0; nouse=0; global=0; static=0; extern=0; dir=0; type=1; pingpong=0; private_global=0; MemPort=[11]; IO mode=ap_memory:ce=0
Port [ input_fm_5]:  wired=1; compound=1; hidden=0; nouse=0; global=0; static=0; extern=0; dir=0; type=1; pingpong=0; private_global=0; MemPort=[11]; IO mode=ap_memory:ce=0
Port [ input_fm_6]:  wired=1; compound=1; hidden=0; nouse=0; global=0; static=0; extern=0; dir=0; type=1; pingpong=0; private_global=0; MemPort=[11]; IO mode=ap_memory:ce=0
Port [ input_fm_7]:  wired=1; compound=1; hidden=0; nouse=0; global=0; static=0; extern=0; dir=0; type=1; pingpong=0; private_global=0; MemPort=[11]; IO mode=ap_memory:ce=0
Port [ input_fm_8]:  wired=1; compound=1; hidden=0; nouse=0; global=0; static=0; extern=0; dir=0; type=1; pingpong=0; private_global=0; MemPort=[11]; IO mode=ap_memory:ce=0
Port [ input_fm_9]:  wired=1; compound=1; hidden=0; nouse=0; global=0; static=0; extern=0; dir=0; type=1; pingpong=0; private_global=0; MemPort=[11]; IO mode=ap_memory:ce=0
Port [ input_fm_10]:  wired=1; compound=1; hidden=0; nouse=0; global=0; static=0; extern=0; dir=0; type=1; pingpong=0; private_global=0; MemPort=[11]; IO mode=ap_memory:ce=0
Port [ trunc_ln]:  wired=1; compound=0; hidden=0; nouse=0; global=0; static=0; extern=0; dir=0; type=0; pingpong=0; private_global=0; IO mode=ap_none:ce=0
Port [ trunc_ln52_1]:  wired=1; compound=0; hidden=0; nouse=0; global=0; static=0; extern=0; dir=0; type=0; pingpong=0; private_global=0; IO mode=ap_none:ce=0
Port [ trunc_ln52_2]:  wired=1; compound=0; hidden=0; nouse=0; global=0; static=0; extern=0; dir=0; type=0; pingpong=0; private_global=0; IO mode=ap_none:ce=0
Port [ trunc_ln52_3]:  wired=1; compound=0; hidden=0; nouse=0; global=0; static=0; extern=0; dir=0; type=0; pingpong=0; private_global=0; IO mode=ap_none:ce=0
Port [ trunc_ln52_4]:  wired=1; compound=0; hidden=0; nouse=0; global=0; static=0; extern=0; dir=0; type=0; pingpong=0; private_global=0; IO mode=ap_none:ce=0
Port [ trunc_ln52_5]:  wired=1; compound=0; hidden=0; nouse=0; global=0; static=0; extern=0; dir=0; type=0; pingpong=0; private_global=0; IO mode=ap_none:ce=0
Port [ trunc_ln52_6]:  wired=1; compound=0; hidden=0; nouse=0; global=0; static=0; extern=0; dir=0; type=0; pingpong=0; private_global=0; IO mode=ap_none:ce=0
Port [ trunc_ln52_7]:  wired=1; compound=0; hidden=0; nouse=0; global=0; static=0; extern=0; dir=0; type=0; pingpong=0; private_global=0; IO mode=ap_none:ce=0
Port [ trunc_ln52_8]:  wired=1; compound=0; hidden=0; nouse=0; global=0; static=0; extern=0; dir=0; type=0; pingpong=0; private_global=0; IO mode=ap_none:ce=0
Port [ trunc_ln52_9]:  wired=1; compound=0; hidden=0; nouse=0; global=0; static=0; extern=0; dir=0; type=0; pingpong=0; private_global=0; IO mode=ap_none:ce=0
Port [ trunc_ln52_s]:  wired=1; compound=0; hidden=0; nouse=0; global=0; static=0; extern=0; dir=0; type=0; pingpong=0; private_global=0; IO mode=ap_none:ce=0
---------------- STG Properties END ------------------

---------------- Datapath Model BEGIN ----------------

<LifeTime>
<method=bitvector/>
add62_lcssa27       (alloca           ) [ 0111111111111111111111111111111111111111111111111111111111111111111]
j                   (alloca           ) [ 0111111111111111111111111111111111111111111111111111111100000000000]
trunc_ln52_read     (read             ) [ 0011111111110000000000000000000000000000000000000000000000000000000]
trunc_ln52_9_read   (read             ) [ 0011111111100000000000000000000000000000000000000000000000000000000]
trunc_ln52_8_read   (read             ) [ 0011111111100000000000000000000000000000000000000000000000000000000]
trunc_ln52_7_read   (read             ) [ 0011111111000000000000000000000000000000000000000000000000000000000]
trunc_ln52_6_read   (read             ) [ 0011111111000000000000000000000000000000000000000000000000000000000]
trunc_ln52_5_read   (read             ) [ 0011111110000000000000000000000000000000000000000000000000000000000]
trunc_ln52_4_read   (read             ) [ 0011111110000000000000000000000000000000000000000000000000000000000]
trunc_ln52_3_read   (read             ) [ 0011111100000000000000000000000000000000000000000000000000000000000]
trunc_ln52_2_read   (read             ) [ 0011111100000000000000000000000000000000000000000000000000000000000]
trunc_ln52_1_read   (read             ) [ 0011111000000000000000000000000000000000000000000000000000000000000]
trunc_ln_read       (read             ) [ 0011111000000000000000000000000000000000000000000000000000000000000]
zext_ln52_11_read   (read             ) [ 0000000000000000000000000000000000000000000000000000000000000000000]
zext_ln52_10_read   (read             ) [ 0000000000000000000000000000000000000000000000000000000000000000000]
zext_ln52_9_read    (read             ) [ 0000000000000000000000000000000000000000000000000000000000000000000]
zext_ln52_8_read    (read             ) [ 0000000000000000000000000000000000000000000000000000000000000000000]
zext_ln52_7_read    (read             ) [ 0000000000000000000000000000000000000000000000000000000000000000000]
zext_ln52_6_read    (read             ) [ 0000000000000000000000000000000000000000000000000000000000000000000]
zext_ln52_5_read    (read             ) [ 0000000000000000000000000000000000000000000000000000000000000000000]
zext_ln52_4_read    (read             ) [ 0000000000000000000000000000000000000000000000000000000000000000000]
zext_ln52_3_read    (read             ) [ 0000000000000000000000000000000000000000000000000000000000000000000]
zext_ln52_2_read    (read             ) [ 0000000000000000000000000000000000000000000000000000000000000000000]
zext_ln52_1_read    (read             ) [ 0000000000000000000000000000000000000000000000000000000000000000000]
mul_ln52_1_read     (read             ) [ 0000000000000000000000000000000000000000000000000000000000000000000]
select_ln39_1_read  (read             ) [ 0000000000000000000000000000000000000000000000000000000000000000000]
tmp                 (read             ) [ 0000000000000000000000000000000000000000000000000000000000000000000]
add_ln52_10_read    (read             ) [ 0000000000000000000000000000000000000000000000000000000000000000000]
bitcast_ln52_read   (read             ) [ 0000000000000000000000000000000000000000000000000000000000000000000]
add_ln52_10_cast    (zext             ) [ 0000000000000000000000000000000000000000000000000000000000000000000]
zext_ln52_11_cast   (zext             ) [ 0011111100000000000000000000000000000000000000000000000000000000000]
zext_ln52_10_cast   (zext             ) [ 0011111100000000000000000000000000000000000000000000000000000000000]
zext_ln52_9_cast    (zext             ) [ 0011111100000000000000000000000000000000000000000000000000000000000]
zext_ln52_8_cast    (zext             ) [ 0011111100000000000000000000000000000000000000000000000000000000000]
zext_ln52_7_cast    (zext             ) [ 0011111100000000000000000000000000000000000000000000000000000000000]
zext_ln52_6_cast    (zext             ) [ 0011111100000000000000000000000000000000000000000000000000000000000]
zext_ln52_5_cast    (zext             ) [ 0011111100000000000000000000000000000000000000000000000000000000000]
zext_ln52_4_cast    (zext             ) [ 0011111000000000000000000000000000000000000000000000000000000000000]
zext_ln52_3_cast    (zext             ) [ 0011111000000000000000000000000000000000000000000000000000000000000]
zext_ln52_2_cast    (zext             ) [ 0011110000000000000000000000000000000000000000000000000000000000000]
zext_ln52_1_cast    (zext             ) [ 0011110000000000000000000000000000000000000000000000000000000000000]
specinterface_ln0   (specinterface    ) [ 0000000000000000000000000000000000000000000000000000000000000000000]
specinterface_ln0   (specinterface    ) [ 0000000000000000000000000000000000000000000000000000000000000000000]
specinterface_ln0   (specinterface    ) [ 0000000000000000000000000000000000000000000000000000000000000000000]
specinterface_ln0   (specinterface    ) [ 0000000000000000000000000000000000000000000000000000000000000000000]
specinterface_ln0   (specinterface    ) [ 0000000000000000000000000000000000000000000000000000000000000000000]
specinterface_ln0   (specinterface    ) [ 0000000000000000000000000000000000000000000000000000000000000000000]
specinterface_ln0   (specinterface    ) [ 0000000000000000000000000000000000000000000000000000000000000000000]
specinterface_ln0   (specinterface    ) [ 0000000000000000000000000000000000000000000000000000000000000000000]
specinterface_ln0   (specinterface    ) [ 0000000000000000000000000000000000000000000000000000000000000000000]
specinterface_ln0   (specinterface    ) [ 0000000000000000000000000000000000000000000000000000000000000000000]
specinterface_ln0   (specinterface    ) [ 0000000000000000000000000000000000000000000000000000000000000000000]
specinterface_ln0   (specinterface    ) [ 0000000000000000000000000000000000000000000000000000000000000000000]
specinterface_ln0   (specinterface    ) [ 0000000000000000000000000000000000000000000000000000000000000000000]
specinterface_ln0   (specinterface    ) [ 0000000000000000000000000000000000000000000000000000000000000000000]
specinterface_ln0   (specinterface    ) [ 0000000000000000000000000000000000000000000000000000000000000000000]
specinterface_ln0   (specinterface    ) [ 0000000000000000000000000000000000000000000000000000000000000000000]
specinterface_ln0   (specinterface    ) [ 0000000000000000000000000000000000000000000000000000000000000000000]
specinterface_ln0   (specinterface    ) [ 0000000000000000000000000000000000000000000000000000000000000000000]
specinterface_ln0   (specinterface    ) [ 0000000000000000000000000000000000000000000000000000000000000000000]
specinterface_ln0   (specinterface    ) [ 0000000000000000000000000000000000000000000000000000000000000000000]
specinterface_ln0   (specinterface    ) [ 0000000000000000000000000000000000000000000000000000000000000000000]
specinterface_ln0   (specinterface    ) [ 0000000000000000000000000000000000000000000000000000000000000000000]
specinterface_ln0   (specinterface    ) [ 0000000000000000000000000000000000000000000000000000000000000000000]
store_ln0           (store            ) [ 0000000000000000000000000000000000000000000000000000000000000000000]
store_ln0           (store            ) [ 0000000000000000000000000000000000000000000000000000000000000000000]
br_ln0              (br               ) [ 0000000000000000000000000000000000000000000000000000000000000000000]
j_1                 (load             ) [ 0000000000000000000000000000000000000000000000000000000000000000000]
output_fm_addr      (getelementptr    ) [ 0111111111111111111111111111111111111111111111111111111111111111111]
specpipeline_ln0    (specpipeline     ) [ 0000000000000000000000000000000000000000000000000000000000000000000]
icmp_ln48           (icmp             ) [ 0111111111111111111111111111111111111111111111111111111100000000000]
empty_15            (speclooptripcount) [ 0000000000000000000000000000000000000000000000000000000000000000000]
add_ln48            (add              ) [ 0011111111111111111111111111111111111111111111111111111100000000000]
br_ln48             (br               ) [ 0000000000000000000000000000000000000000000000000000000000000000000]
j_cast1             (zext             ) [ 0000000000000000000000000000000000000000000000000000000000000000000]
empty_16            (add              ) [ 0000000000000000000000000000000000000000000000000000000000000000000]
p_cast2             (zext             ) [ 0000000000000000000000000000000000000000000000000000000000000000000]
weights_0_addr      (getelementptr    ) [ 0010000000000000000000000000000000000000000000000000000000000000000]
weights_1_addr      (getelementptr    ) [ 0010000000000000000000000000000000000000000000000000000000000000000]
weights_2_addr      (getelementptr    ) [ 0010000000000000000000000000000000000000000000000000000000000000000]
weights_3_addr      (getelementptr    ) [ 0010000000000000000000000000000000000000000000000000000000000000000]
weights_4_addr      (getelementptr    ) [ 0010000000000000000000000000000000000000000000000000000000000000000]
weights_5_addr      (getelementptr    ) [ 0010000000000000000000000000000000000000000000000000000000000000000]
weights_6_addr      (getelementptr    ) [ 0010000000000000000000000000000000000000000000000000000000000000000]
weights_7_addr      (getelementptr    ) [ 0010000000000000000000000000000000000000000000000000000000000000000]
weights_8_addr      (getelementptr    ) [ 0010000000000000000000000000000000000000000000000000000000000000000]
weights_9_addr      (getelementptr    ) [ 0010000000000000000000000000000000000000000000000000000000000000000]
weights_10_addr     (getelementptr    ) [ 0010000000000000000000000000000000000000000000000000000000000000000]
j_cast              (zext             ) [ 0000000000000000000000000000000000000000000000000000000000000000000]
empty_17            (add              ) [ 0000000000000000000000000000000000000000000000000000000000000000000]
zext_ln52           (zext             ) [ 0000000000000000000000000000000000000000000000000000000000000000000]
add_ln52            (add              ) [ 0000000000000000000000000000000000000000000000000000000000000000000]
zext_ln52_12        (zext             ) [ 0011100000000000000000000000000000000000000000000000000000000000000]
ifzero              (icmp             ) [ 0111111111111111111111111111111111111111111111111111111111111111111]
br_ln48             (br               ) [ 0000000000000000000000000000000000000000000000000000000000000000000]
weights_0_load      (load             ) [ 0001111100000000000000000000000000000000000000000000000000000000000]
weights_1_load      (load             ) [ 0001111110000000000000000000000000000000000000000000000000000000000]
weights_2_load      (load             ) [ 0001111111000000000000000000000000000000000000000000000000000000000]
weights_3_load      (load             ) [ 0001111111100000000000000000000000000000000000000000000000000000000]
weights_4_load      (load             ) [ 0001111111110000000000000000000000000000000000000000000000000000000]
weights_5_load      (load             ) [ 0001111111111000000000000000000000000000000000000000000000000000000]
weights_6_load      (load             ) [ 0001111111111100000000000000000000000000000000000000000000000000000]
weights_7_load      (load             ) [ 0001111111111110000000000000000000000000000000000000000000000000000]
weights_8_load      (load             ) [ 0001111111111111000000000000000000000000000000000000000000000000000]
weights_9_load      (load             ) [ 0001111111111111100000000000000000000000000000000000000000000000000]
weights_10_load     (load             ) [ 0001111111111111110000000000000000000000000000000000000000000000000]
mul_ln52            (mul              ) [ 0000011100000000000000000000000000000000000000000000000000000000000]
add_ln52_1          (add              ) [ 0000000000000000000000000000000000000000000000000000000000000000000]
zext_ln52_13        (zext             ) [ 0000000000000000000000000000000000000000000000000000000000000000000]
input_fm_0_addr     (getelementptr    ) [ 0000001000000000000000000000000000000000000000000000000000000000000]
add_ln52_2          (add              ) [ 0000000000000000000000000000000000000000000000000000000000000000000]
zext_ln52_14        (zext             ) [ 0000000000000000000000000000000000000000000000000000000000000000000]
input_fm_0_addr_1   (getelementptr    ) [ 0000001000000000000000000000000000000000000000000000000000000000000]
input_fm_1_addr     (getelementptr    ) [ 0000001000000000000000000000000000000000000000000000000000000000000]
input_fm_1_addr_1   (getelementptr    ) [ 0000001000000000000000000000000000000000000000000000000000000000000]
input_fm_2_addr     (getelementptr    ) [ 0000001000000000000000000000000000000000000000000000000000000000000]
input_fm_2_addr_1   (getelementptr    ) [ 0000001000000000000000000000000000000000000000000000000000000000000]
input_fm_3_addr     (getelementptr    ) [ 0000001000000000000000000000000000000000000000000000000000000000000]
input_fm_3_addr_1   (getelementptr    ) [ 0000001000000000000000000000000000000000000000000000000000000000000]
input_fm_4_addr     (getelementptr    ) [ 0000001000000000000000000000000000000000000000000000000000000000000]
input_fm_4_addr_1   (getelementptr    ) [ 0000001000000000000000000000000000000000000000000000000000000000000]
input_fm_5_addr     (getelementptr    ) [ 0000001000000000000000000000000000000000000000000000000000000000000]
input_fm_5_addr_1   (getelementptr    ) [ 0000001000000000000000000000000000000000000000000000000000000000000]
input_fm_6_addr     (getelementptr    ) [ 0000001000000000000000000000000000000000000000000000000000000000000]
input_fm_6_addr_1   (getelementptr    ) [ 0000001000000000000000000000000000000000000000000000000000000000000]
input_fm_7_addr     (getelementptr    ) [ 0000001000000000000000000000000000000000000000000000000000000000000]
input_fm_7_addr_1   (getelementptr    ) [ 0000001000000000000000000000000000000000000000000000000000000000000]
input_fm_8_addr     (getelementptr    ) [ 0000001000000000000000000000000000000000000000000000000000000000000]
input_fm_8_addr_1   (getelementptr    ) [ 0000001000000000000000000000000000000000000000000000000000000000000]
input_fm_9_addr     (getelementptr    ) [ 0000001000000000000000000000000000000000000000000000000000000000000]
input_fm_9_addr_1   (getelementptr    ) [ 0000001000000000000000000000000000000000000000000000000000000000000]
input_fm_10_addr    (getelementptr    ) [ 0000001000000000000000000000000000000000000000000000000000000000000]
input_fm_10_addr_1  (getelementptr    ) [ 0000001000000000000000000000000000000000000000000000000000000000000]
add_ln52_3          (add              ) [ 0000000000000000000000000000000000000000000000000000000000000000000]
zext_ln52_15        (zext             ) [ 0000000000000000000000000000000000000000000000000000000000000000000]
input_fm_0_addr_2   (getelementptr    ) [ 0000000100000000000000000000000000000000000000000000000000000000000]
add_ln52_4          (add              ) [ 0000000000000000000000000000000000000000000000000000000000000000000]
zext_ln52_16        (zext             ) [ 0000000000000000000000000000000000000000000000000000000000000000000]
input_fm_0_addr_3   (getelementptr    ) [ 0000000100000000000000000000000000000000000000000000000000000000000]
input_fm_1_addr_2   (getelementptr    ) [ 0000000100000000000000000000000000000000000000000000000000000000000]
input_fm_1_addr_3   (getelementptr    ) [ 0000000100000000000000000000000000000000000000000000000000000000000]
input_fm_2_addr_2   (getelementptr    ) [ 0000000100000000000000000000000000000000000000000000000000000000000]
input_fm_2_addr_3   (getelementptr    ) [ 0000000100000000000000000000000000000000000000000000000000000000000]
input_fm_3_addr_2   (getelementptr    ) [ 0000000100000000000000000000000000000000000000000000000000000000000]
input_fm_3_addr_3   (getelementptr    ) [ 0000000100000000000000000000000000000000000000000000000000000000000]
input_fm_4_addr_2   (getelementptr    ) [ 0000000100000000000000000000000000000000000000000000000000000000000]
input_fm_4_addr_3   (getelementptr    ) [ 0000000100000000000000000000000000000000000000000000000000000000000]
input_fm_5_addr_2   (getelementptr    ) [ 0000000100000000000000000000000000000000000000000000000000000000000]
input_fm_5_addr_3   (getelementptr    ) [ 0000000100000000000000000000000000000000000000000000000000000000000]
input_fm_6_addr_2   (getelementptr    ) [ 0000000100000000000000000000000000000000000000000000000000000000000]
input_fm_6_addr_3   (getelementptr    ) [ 0000000100000000000000000000000000000000000000000000000000000000000]
input_fm_7_addr_2   (getelementptr    ) [ 0000000100000000000000000000000000000000000000000000000000000000000]
input_fm_7_addr_3   (getelementptr    ) [ 0000000100000000000000000000000000000000000000000000000000000000000]
input_fm_8_addr_2   (getelementptr    ) [ 0000000100000000000000000000000000000000000000000000000000000000000]
input_fm_8_addr_3   (getelementptr    ) [ 0000000100000000000000000000000000000000000000000000000000000000000]
input_fm_9_addr_2   (getelementptr    ) [ 0000000100000000000000000000000000000000000000000000000000000000000]
input_fm_9_addr_3   (getelementptr    ) [ 0000000100000000000000000000000000000000000000000000000000000000000]
input_fm_10_addr_2  (getelementptr    ) [ 0000000100000000000000000000000000000000000000000000000000000000000]
input_fm_10_addr_3  (getelementptr    ) [ 0000000100000000000000000000000000000000000000000000000000000000000]
input_fm_0_load     (load             ) [ 0000000000000000000000000000000000000000000000000000000000000000000]
bitcast_ln52_2      (bitcast          ) [ 0000000000000000000000000000000000000000000000000000000000000000000]
input_fm_1_load     (load             ) [ 0000000000000000000000000000000000000000000000000000000000000000000]
bitcast_ln52_3      (bitcast          ) [ 0000000000000000000000000000000000000000000000000000000000000000000]
input_fm_2_load     (load             ) [ 0000000000000000000000000000000000000000000000000000000000000000000]
bitcast_ln52_4      (bitcast          ) [ 0000000000000000000000000000000000000000000000000000000000000000000]
input_fm_3_load     (load             ) [ 0000000000000000000000000000000000000000000000000000000000000000000]
bitcast_ln52_5      (bitcast          ) [ 0000000000000000000000000000000000000000000000000000000000000000000]
input_fm_4_load     (load             ) [ 0000000000000000000000000000000000000000000000000000000000000000000]
bitcast_ln52_6      (bitcast          ) [ 0000000000000000000000000000000000000000000000000000000000000000000]
input_fm_5_load     (load             ) [ 0000000000000000000000000000000000000000000000000000000000000000000]
bitcast_ln52_7      (bitcast          ) [ 0000000000000000000000000000000000000000000000000000000000000000000]
input_fm_6_load     (load             ) [ 0000000000000000000000000000000000000000000000000000000000000000000]
bitcast_ln52_8      (bitcast          ) [ 0000000000000000000000000000000000000000000000000000000000000000000]
input_fm_7_load     (load             ) [ 0000000000000000000000000000000000000000000000000000000000000000000]
bitcast_ln52_9      (bitcast          ) [ 0000000000000000000000000000000000000000000000000000000000000000000]
input_fm_8_load     (load             ) [ 0000000000000000000000000000000000000000000000000000000000000000000]
bitcast_ln52_10     (bitcast          ) [ 0000000000000000000000000000000000000000000000000000000000000000000]
input_fm_9_load     (load             ) [ 0000000000000000000000000000000000000000000000000000000000000000000]
bitcast_ln52_11     (bitcast          ) [ 0000000000000000000000000000000000000000000000000000000000000000000]
input_fm_10_load    (load             ) [ 0000000000000000000000000000000000000000000000000000000000000000000]
bitcast_ln52_12     (bitcast          ) [ 0000000000000000000000000000000000000000000000000000000000000000000]
tmp_1               (mux              ) [ 0000000111100000000000000000000000000000000000000000000000000000000]
input_fm_0_load_1   (load             ) [ 0000000000000000000000000000000000000000000000000000000000000000000]
bitcast_ln52_13     (bitcast          ) [ 0000000000000000000000000000000000000000000000000000000000000000000]
input_fm_1_load_1   (load             ) [ 0000000000000000000000000000000000000000000000000000000000000000000]
bitcast_ln52_14     (bitcast          ) [ 0000000000000000000000000000000000000000000000000000000000000000000]
input_fm_2_load_1   (load             ) [ 0000000000000000000000000000000000000000000000000000000000000000000]
bitcast_ln52_15     (bitcast          ) [ 0000000000000000000000000000000000000000000000000000000000000000000]
input_fm_3_load_1   (load             ) [ 0000000000000000000000000000000000000000000000000000000000000000000]
bitcast_ln52_16     (bitcast          ) [ 0000000000000000000000000000000000000000000000000000000000000000000]
input_fm_4_load_1   (load             ) [ 0000000000000000000000000000000000000000000000000000000000000000000]
bitcast_ln52_17     (bitcast          ) [ 0000000000000000000000000000000000000000000000000000000000000000000]
input_fm_5_load_1   (load             ) [ 0000000000000000000000000000000000000000000000000000000000000000000]
bitcast_ln52_18     (bitcast          ) [ 0000000000000000000000000000000000000000000000000000000000000000000]
input_fm_6_load_1   (load             ) [ 0000000000000000000000000000000000000000000000000000000000000000000]
bitcast_ln52_19     (bitcast          ) [ 0000000000000000000000000000000000000000000000000000000000000000000]
input_fm_7_load_1   (load             ) [ 0000000000000000000000000000000000000000000000000000000000000000000]
bitcast_ln52_20     (bitcast          ) [ 0000000000000000000000000000000000000000000000000000000000000000000]
input_fm_8_load_1   (load             ) [ 0000000000000000000000000000000000000000000000000000000000000000000]
bitcast_ln52_21     (bitcast          ) [ 0000000000000000000000000000000000000000000000000000000000000000000]
input_fm_9_load_1   (load             ) [ 0000000000000000000000000000000000000000000000000000000000000000000]
bitcast_ln52_22     (bitcast          ) [ 0000000000000000000000000000000000000000000000000000000000000000000]
input_fm_10_load_1  (load             ) [ 0000000000000000000000000000000000000000000000000000000000000000000]
bitcast_ln52_23     (bitcast          ) [ 0000000000000000000000000000000000000000000000000000000000000000000]
tmp_1_1             (mux              ) [ 0000000111110000000000000000000000000000000000000000000000000000000]
add_ln52_5          (add              ) [ 0000000000000000000000000000000000000000000000000000000000000000000]
zext_ln52_17        (zext             ) [ 0000000000000000000000000000000000000000000000000000000000000000000]
input_fm_0_addr_4   (getelementptr    ) [ 0000000010000000000000000000000000000000000000000000000000000000000]
add_ln52_6          (add              ) [ 0000000000000000000000000000000000000000000000000000000000000000000]
zext_ln52_18        (zext             ) [ 0000000000000000000000000000000000000000000000000000000000000000000]
input_fm_0_addr_5   (getelementptr    ) [ 0000000010000000000000000000000000000000000000000000000000000000000]
add_ln52_7          (add              ) [ 0000000010000000000000000000000000000000000000000000000000000000000]
add_ln52_8          (add              ) [ 0000000010000000000000000000000000000000000000000000000000000000000]
add_ln52_9          (add              ) [ 0000000011000000000000000000000000000000000000000000000000000000000]
add_ln52_11         (add              ) [ 0000000011000000000000000000000000000000000000000000000000000000000]
add_ln52_12         (add              ) [ 0000000011100000000000000000000000000000000000000000000000000000000]
input_fm_1_addr_4   (getelementptr    ) [ 0000000010000000000000000000000000000000000000000000000000000000000]
input_fm_1_addr_5   (getelementptr    ) [ 0000000010000000000000000000000000000000000000000000000000000000000]
input_fm_2_addr_4   (getelementptr    ) [ 0000000010000000000000000000000000000000000000000000000000000000000]
input_fm_2_addr_5   (getelementptr    ) [ 0000000010000000000000000000000000000000000000000000000000000000000]
input_fm_3_addr_4   (getelementptr    ) [ 0000000010000000000000000000000000000000000000000000000000000000000]
input_fm_3_addr_5   (getelementptr    ) [ 0000000010000000000000000000000000000000000000000000000000000000000]
input_fm_4_addr_4   (getelementptr    ) [ 0000000010000000000000000000000000000000000000000000000000000000000]
input_fm_4_addr_5   (getelementptr    ) [ 0000000010000000000000000000000000000000000000000000000000000000000]
input_fm_5_addr_4   (getelementptr    ) [ 0000000010000000000000000000000000000000000000000000000000000000000]
input_fm_5_addr_5   (getelementptr    ) [ 0000000010000000000000000000000000000000000000000000000000000000000]
input_fm_6_addr_4   (getelementptr    ) [ 0000000010000000000000000000000000000000000000000000000000000000000]
input_fm_6_addr_5   (getelementptr    ) [ 0000000010000000000000000000000000000000000000000000000000000000000]
input_fm_7_addr_4   (getelementptr    ) [ 0000000010000000000000000000000000000000000000000000000000000000000]
input_fm_7_addr_5   (getelementptr    ) [ 0000000010000000000000000000000000000000000000000000000000000000000]
input_fm_8_addr_4   (getelementptr    ) [ 0000000010000000000000000000000000000000000000000000000000000000000]
input_fm_8_addr_5   (getelementptr    ) [ 0000000010000000000000000000000000000000000000000000000000000000000]
input_fm_9_addr_4   (getelementptr    ) [ 0000000010000000000000000000000000000000000000000000000000000000000]
input_fm_9_addr_5   (getelementptr    ) [ 0000000010000000000000000000000000000000000000000000000000000000000]
input_fm_10_addr_4  (getelementptr    ) [ 0000000010000000000000000000000000000000000000000000000000000000000]
input_fm_10_addr_5  (getelementptr    ) [ 0000000010000000000000000000000000000000000000000000000000000000000]
empty_18            (bitcast          ) [ 0000000011100000000000000000000000000000000000000000000000000000000]
input_fm_0_load_2   (load             ) [ 0000000000000000000000000000000000000000000000000000000000000000000]
bitcast_ln52_24     (bitcast          ) [ 0000000000000000000000000000000000000000000000000000000000000000000]
input_fm_1_load_2   (load             ) [ 0000000000000000000000000000000000000000000000000000000000000000000]
bitcast_ln52_25     (bitcast          ) [ 0000000000000000000000000000000000000000000000000000000000000000000]
input_fm_2_load_2   (load             ) [ 0000000000000000000000000000000000000000000000000000000000000000000]
bitcast_ln52_26     (bitcast          ) [ 0000000000000000000000000000000000000000000000000000000000000000000]
input_fm_3_load_2   (load             ) [ 0000000000000000000000000000000000000000000000000000000000000000000]
bitcast_ln52_27     (bitcast          ) [ 0000000000000000000000000000000000000000000000000000000000000000000]
input_fm_4_load_2   (load             ) [ 0000000000000000000000000000000000000000000000000000000000000000000]
bitcast_ln52_28     (bitcast          ) [ 0000000000000000000000000000000000000000000000000000000000000000000]
input_fm_5_load_2   (load             ) [ 0000000000000000000000000000000000000000000000000000000000000000000]
bitcast_ln52_29     (bitcast          ) [ 0000000000000000000000000000000000000000000000000000000000000000000]
input_fm_6_load_2   (load             ) [ 0000000000000000000000000000000000000000000000000000000000000000000]
bitcast_ln52_30     (bitcast          ) [ 0000000000000000000000000000000000000000000000000000000000000000000]
input_fm_7_load_2   (load             ) [ 0000000000000000000000000000000000000000000000000000000000000000000]
bitcast_ln52_31     (bitcast          ) [ 0000000000000000000000000000000000000000000000000000000000000000000]
input_fm_8_load_2   (load             ) [ 0000000000000000000000000000000000000000000000000000000000000000000]
bitcast_ln52_32     (bitcast          ) [ 0000000000000000000000000000000000000000000000000000000000000000000]
input_fm_9_load_2   (load             ) [ 0000000000000000000000000000000000000000000000000000000000000000000]
bitcast_ln52_33     (bitcast          ) [ 0000000000000000000000000000000000000000000000000000000000000000000]
input_fm_10_load_2  (load             ) [ 0000000000000000000000000000000000000000000000000000000000000000000]
bitcast_ln52_34     (bitcast          ) [ 0000000000000000000000000000000000000000000000000000000000000000000]
tmp_1_2             (mux              ) [ 0000000011111000000000000000000000000000000000000000000000000000000]
input_fm_0_load_3   (load             ) [ 0000000000000000000000000000000000000000000000000000000000000000000]
bitcast_ln52_35     (bitcast          ) [ 0000000000000000000000000000000000000000000000000000000000000000000]
input_fm_1_load_3   (load             ) [ 0000000000000000000000000000000000000000000000000000000000000000000]
bitcast_ln52_36     (bitcast          ) [ 0000000000000000000000000000000000000000000000000000000000000000000]
input_fm_2_load_3   (load             ) [ 0000000000000000000000000000000000000000000000000000000000000000000]
bitcast_ln52_37     (bitcast          ) [ 0000000000000000000000000000000000000000000000000000000000000000000]
input_fm_3_load_3   (load             ) [ 0000000000000000000000000000000000000000000000000000000000000000000]
bitcast_ln52_38     (bitcast          ) [ 0000000000000000000000000000000000000000000000000000000000000000000]
input_fm_4_load_3   (load             ) [ 0000000000000000000000000000000000000000000000000000000000000000000]
bitcast_ln52_39     (bitcast          ) [ 0000000000000000000000000000000000000000000000000000000000000000000]
input_fm_5_load_3   (load             ) [ 0000000000000000000000000000000000000000000000000000000000000000000]
bitcast_ln52_40     (bitcast          ) [ 0000000000000000000000000000000000000000000000000000000000000000000]
input_fm_6_load_3   (load             ) [ 0000000000000000000000000000000000000000000000000000000000000000000]
bitcast_ln52_41     (bitcast          ) [ 0000000000000000000000000000000000000000000000000000000000000000000]
input_fm_7_load_3   (load             ) [ 0000000000000000000000000000000000000000000000000000000000000000000]
bitcast_ln52_42     (bitcast          ) [ 0000000000000000000000000000000000000000000000000000000000000000000]
input_fm_8_load_3   (load             ) [ 0000000000000000000000000000000000000000000000000000000000000000000]
bitcast_ln52_43     (bitcast          ) [ 0000000000000000000000000000000000000000000000000000000000000000000]
input_fm_9_load_3   (load             ) [ 0000000000000000000000000000000000000000000000000000000000000000000]
bitcast_ln52_44     (bitcast          ) [ 0000000000000000000000000000000000000000000000000000000000000000000]
input_fm_10_load_3  (load             ) [ 0000000000000000000000000000000000000000000000000000000000000000000]
bitcast_ln52_45     (bitcast          ) [ 0000000000000000000000000000000000000000000000000000000000000000000]
tmp_1_3             (mux              ) [ 0000000011111100000000000000000000000000000000000000000000000000000]
zext_ln52_19        (zext             ) [ 0000000000000000000000000000000000000000000000000000000000000000000]
input_fm_0_addr_6   (getelementptr    ) [ 0000000001000000000000000000000000000000000000000000000000000000000]
zext_ln52_20        (zext             ) [ 0000000000000000000000000000000000000000000000000000000000000000000]
input_fm_0_addr_7   (getelementptr    ) [ 0000000001000000000000000000000000000000000000000000000000000000000]
input_fm_1_addr_6   (getelementptr    ) [ 0000000001000000000000000000000000000000000000000000000000000000000]
input_fm_1_addr_7   (getelementptr    ) [ 0000000001000000000000000000000000000000000000000000000000000000000]
input_fm_2_addr_6   (getelementptr    ) [ 0000000001000000000000000000000000000000000000000000000000000000000]
input_fm_2_addr_7   (getelementptr    ) [ 0000000001000000000000000000000000000000000000000000000000000000000]
input_fm_3_addr_6   (getelementptr    ) [ 0000000001000000000000000000000000000000000000000000000000000000000]
input_fm_3_addr_7   (getelementptr    ) [ 0000000001000000000000000000000000000000000000000000000000000000000]
input_fm_4_addr_6   (getelementptr    ) [ 0000000001000000000000000000000000000000000000000000000000000000000]
input_fm_4_addr_7   (getelementptr    ) [ 0000000001000000000000000000000000000000000000000000000000000000000]
input_fm_5_addr_6   (getelementptr    ) [ 0000000001000000000000000000000000000000000000000000000000000000000]
input_fm_5_addr_7   (getelementptr    ) [ 0000000001000000000000000000000000000000000000000000000000000000000]
input_fm_6_addr_6   (getelementptr    ) [ 0000000001000000000000000000000000000000000000000000000000000000000]
input_fm_6_addr_7   (getelementptr    ) [ 0000000001000000000000000000000000000000000000000000000000000000000]
input_fm_7_addr_6   (getelementptr    ) [ 0000000001000000000000000000000000000000000000000000000000000000000]
input_fm_7_addr_7   (getelementptr    ) [ 0000000001000000000000000000000000000000000000000000000000000000000]
input_fm_8_addr_6   (getelementptr    ) [ 0000000001000000000000000000000000000000000000000000000000000000000]
input_fm_8_addr_7   (getelementptr    ) [ 0000000001000000000000000000000000000000000000000000000000000000000]
input_fm_9_addr_6   (getelementptr    ) [ 0000000001000000000000000000000000000000000000000000000000000000000]
input_fm_9_addr_7   (getelementptr    ) [ 0000000001000000000000000000000000000000000000000000000000000000000]
input_fm_10_addr_6  (getelementptr    ) [ 0000000001000000000000000000000000000000000000000000000000000000000]
input_fm_10_addr_7  (getelementptr    ) [ 0000000001000000000000000000000000000000000000000000000000000000000]
empty_19            (bitcast          ) [ 0000000001110000000000000000000000000000000000000000000000000000000]
input_fm_0_load_4   (load             ) [ 0000000000000000000000000000000000000000000000000000000000000000000]
bitcast_ln52_46     (bitcast          ) [ 0000000000000000000000000000000000000000000000000000000000000000000]
input_fm_1_load_4   (load             ) [ 0000000000000000000000000000000000000000000000000000000000000000000]
bitcast_ln52_47     (bitcast          ) [ 0000000000000000000000000000000000000000000000000000000000000000000]
input_fm_2_load_4   (load             ) [ 0000000000000000000000000000000000000000000000000000000000000000000]
bitcast_ln52_48     (bitcast          ) [ 0000000000000000000000000000000000000000000000000000000000000000000]
input_fm_3_load_4   (load             ) [ 0000000000000000000000000000000000000000000000000000000000000000000]
bitcast_ln52_49     (bitcast          ) [ 0000000000000000000000000000000000000000000000000000000000000000000]
input_fm_4_load_4   (load             ) [ 0000000000000000000000000000000000000000000000000000000000000000000]
bitcast_ln52_50     (bitcast          ) [ 0000000000000000000000000000000000000000000000000000000000000000000]
input_fm_5_load_4   (load             ) [ 0000000000000000000000000000000000000000000000000000000000000000000]
bitcast_ln52_51     (bitcast          ) [ 0000000000000000000000000000000000000000000000000000000000000000000]
input_fm_6_load_4   (load             ) [ 0000000000000000000000000000000000000000000000000000000000000000000]
bitcast_ln52_52     (bitcast          ) [ 0000000000000000000000000000000000000000000000000000000000000000000]
input_fm_7_load_4   (load             ) [ 0000000000000000000000000000000000000000000000000000000000000000000]
bitcast_ln52_53     (bitcast          ) [ 0000000000000000000000000000000000000000000000000000000000000000000]
input_fm_8_load_4   (load             ) [ 0000000000000000000000000000000000000000000000000000000000000000000]
bitcast_ln52_54     (bitcast          ) [ 0000000000000000000000000000000000000000000000000000000000000000000]
input_fm_9_load_4   (load             ) [ 0000000000000000000000000000000000000000000000000000000000000000000]
bitcast_ln52_55     (bitcast          ) [ 0000000000000000000000000000000000000000000000000000000000000000000]
input_fm_10_load_4  (load             ) [ 0000000000000000000000000000000000000000000000000000000000000000000]
bitcast_ln52_56     (bitcast          ) [ 0000000000000000000000000000000000000000000000000000000000000000000]
tmp_1_4             (mux              ) [ 0000000001111110000000000000000000000000000000000000000000000000000]
input_fm_0_load_5   (load             ) [ 0000000000000000000000000000000000000000000000000000000000000000000]
bitcast_ln52_57     (bitcast          ) [ 0000000000000000000000000000000000000000000000000000000000000000000]
input_fm_1_load_5   (load             ) [ 0000000000000000000000000000000000000000000000000000000000000000000]
bitcast_ln52_58     (bitcast          ) [ 0000000000000000000000000000000000000000000000000000000000000000000]
input_fm_2_load_5   (load             ) [ 0000000000000000000000000000000000000000000000000000000000000000000]
bitcast_ln52_59     (bitcast          ) [ 0000000000000000000000000000000000000000000000000000000000000000000]
input_fm_3_load_5   (load             ) [ 0000000000000000000000000000000000000000000000000000000000000000000]
bitcast_ln52_60     (bitcast          ) [ 0000000000000000000000000000000000000000000000000000000000000000000]
input_fm_4_load_5   (load             ) [ 0000000000000000000000000000000000000000000000000000000000000000000]
bitcast_ln52_61     (bitcast          ) [ 0000000000000000000000000000000000000000000000000000000000000000000]
input_fm_5_load_5   (load             ) [ 0000000000000000000000000000000000000000000000000000000000000000000]
bitcast_ln52_62     (bitcast          ) [ 0000000000000000000000000000000000000000000000000000000000000000000]
input_fm_6_load_5   (load             ) [ 0000000000000000000000000000000000000000000000000000000000000000000]
bitcast_ln52_63     (bitcast          ) [ 0000000000000000000000000000000000000000000000000000000000000000000]
input_fm_7_load_5   (load             ) [ 0000000000000000000000000000000000000000000000000000000000000000000]
bitcast_ln52_64     (bitcast          ) [ 0000000000000000000000000000000000000000000000000000000000000000000]
input_fm_8_load_5   (load             ) [ 0000000000000000000000000000000000000000000000000000000000000000000]
bitcast_ln52_65     (bitcast          ) [ 0000000000000000000000000000000000000000000000000000000000000000000]
input_fm_9_load_5   (load             ) [ 0000000000000000000000000000000000000000000000000000000000000000000]
bitcast_ln52_66     (bitcast          ) [ 0000000000000000000000000000000000000000000000000000000000000000000]
input_fm_10_load_5  (load             ) [ 0000000000000000000000000000000000000000000000000000000000000000000]
bitcast_ln52_67     (bitcast          ) [ 0000000000000000000000000000000000000000000000000000000000000000000]
tmp_1_5             (mux              ) [ 0000000001111111000000000000000000000000000000000000000000000000000]
zext_ln52_21        (zext             ) [ 0000000000000000000000000000000000000000000000000000000000000000000]
input_fm_0_addr_8   (getelementptr    ) [ 0000000000100000000000000000000000000000000000000000000000000000000]
zext_ln52_22        (zext             ) [ 0000000000000000000000000000000000000000000000000000000000000000000]
input_fm_0_addr_9   (getelementptr    ) [ 0000000000100000000000000000000000000000000000000000000000000000000]
input_fm_1_addr_8   (getelementptr    ) [ 0000000000100000000000000000000000000000000000000000000000000000000]
input_fm_1_addr_9   (getelementptr    ) [ 0000000000100000000000000000000000000000000000000000000000000000000]
input_fm_2_addr_8   (getelementptr    ) [ 0000000000100000000000000000000000000000000000000000000000000000000]
input_fm_2_addr_9   (getelementptr    ) [ 0000000000100000000000000000000000000000000000000000000000000000000]
input_fm_3_addr_8   (getelementptr    ) [ 0000000000100000000000000000000000000000000000000000000000000000000]
input_fm_3_addr_9   (getelementptr    ) [ 0000000000100000000000000000000000000000000000000000000000000000000]
input_fm_4_addr_8   (getelementptr    ) [ 0000000000100000000000000000000000000000000000000000000000000000000]
input_fm_4_addr_9   (getelementptr    ) [ 0000000000100000000000000000000000000000000000000000000000000000000]
input_fm_5_addr_8   (getelementptr    ) [ 0000000000100000000000000000000000000000000000000000000000000000000]
input_fm_5_addr_9   (getelementptr    ) [ 0000000000100000000000000000000000000000000000000000000000000000000]
input_fm_6_addr_8   (getelementptr    ) [ 0000000000100000000000000000000000000000000000000000000000000000000]
input_fm_6_addr_9   (getelementptr    ) [ 0000000000100000000000000000000000000000000000000000000000000000000]
input_fm_7_addr_8   (getelementptr    ) [ 0000000000100000000000000000000000000000000000000000000000000000000]
input_fm_7_addr_9   (getelementptr    ) [ 0000000000100000000000000000000000000000000000000000000000000000000]
input_fm_8_addr_8   (getelementptr    ) [ 0000000000100000000000000000000000000000000000000000000000000000000]
input_fm_8_addr_9   (getelementptr    ) [ 0000000000100000000000000000000000000000000000000000000000000000000]
input_fm_9_addr_8   (getelementptr    ) [ 0000000000100000000000000000000000000000000000000000000000000000000]
input_fm_9_addr_9   (getelementptr    ) [ 0000000000100000000000000000000000000000000000000000000000000000000]
input_fm_10_addr_8  (getelementptr    ) [ 0000000000100000000000000000000000000000000000000000000000000000000]
input_fm_10_addr_9  (getelementptr    ) [ 0000000000100000000000000000000000000000000000000000000000000000000]
empty_20            (bitcast          ) [ 0000000000111000000000000000000000000000000000000000000000000000000]
input_fm_0_load_6   (load             ) [ 0000000000000000000000000000000000000000000000000000000000000000000]
bitcast_ln52_68     (bitcast          ) [ 0000000000000000000000000000000000000000000000000000000000000000000]
input_fm_1_load_6   (load             ) [ 0000000000000000000000000000000000000000000000000000000000000000000]
bitcast_ln52_69     (bitcast          ) [ 0000000000000000000000000000000000000000000000000000000000000000000]
input_fm_2_load_6   (load             ) [ 0000000000000000000000000000000000000000000000000000000000000000000]
bitcast_ln52_70     (bitcast          ) [ 0000000000000000000000000000000000000000000000000000000000000000000]
input_fm_3_load_6   (load             ) [ 0000000000000000000000000000000000000000000000000000000000000000000]
bitcast_ln52_71     (bitcast          ) [ 0000000000000000000000000000000000000000000000000000000000000000000]
input_fm_4_load_6   (load             ) [ 0000000000000000000000000000000000000000000000000000000000000000000]
bitcast_ln52_72     (bitcast          ) [ 0000000000000000000000000000000000000000000000000000000000000000000]
input_fm_5_load_6   (load             ) [ 0000000000000000000000000000000000000000000000000000000000000000000]
bitcast_ln52_73     (bitcast          ) [ 0000000000000000000000000000000000000000000000000000000000000000000]
input_fm_6_load_6   (load             ) [ 0000000000000000000000000000000000000000000000000000000000000000000]
bitcast_ln52_74     (bitcast          ) [ 0000000000000000000000000000000000000000000000000000000000000000000]
input_fm_7_load_6   (load             ) [ 0000000000000000000000000000000000000000000000000000000000000000000]
bitcast_ln52_75     (bitcast          ) [ 0000000000000000000000000000000000000000000000000000000000000000000]
input_fm_8_load_6   (load             ) [ 0000000000000000000000000000000000000000000000000000000000000000000]
bitcast_ln52_76     (bitcast          ) [ 0000000000000000000000000000000000000000000000000000000000000000000]
input_fm_9_load_6   (load             ) [ 0000000000000000000000000000000000000000000000000000000000000000000]
bitcast_ln52_77     (bitcast          ) [ 0000000000000000000000000000000000000000000000000000000000000000000]
input_fm_10_load_6  (load             ) [ 0000000000000000000000000000000000000000000000000000000000000000000]
bitcast_ln52_78     (bitcast          ) [ 0000000000000000000000000000000000000000000000000000000000000000000]
tmp_1_6             (mux              ) [ 0000000000111111100000000000000000000000000000000000000000000000000]
input_fm_0_load_7   (load             ) [ 0000000000000000000000000000000000000000000000000000000000000000000]
bitcast_ln52_79     (bitcast          ) [ 0000000000000000000000000000000000000000000000000000000000000000000]
input_fm_1_load_7   (load             ) [ 0000000000000000000000000000000000000000000000000000000000000000000]
bitcast_ln52_80     (bitcast          ) [ 0000000000000000000000000000000000000000000000000000000000000000000]
input_fm_2_load_7   (load             ) [ 0000000000000000000000000000000000000000000000000000000000000000000]
bitcast_ln52_81     (bitcast          ) [ 0000000000000000000000000000000000000000000000000000000000000000000]
input_fm_3_load_7   (load             ) [ 0000000000000000000000000000000000000000000000000000000000000000000]
bitcast_ln52_82     (bitcast          ) [ 0000000000000000000000000000000000000000000000000000000000000000000]
input_fm_4_load_7   (load             ) [ 0000000000000000000000000000000000000000000000000000000000000000000]
bitcast_ln52_83     (bitcast          ) [ 0000000000000000000000000000000000000000000000000000000000000000000]
input_fm_5_load_7   (load             ) [ 0000000000000000000000000000000000000000000000000000000000000000000]
bitcast_ln52_84     (bitcast          ) [ 0000000000000000000000000000000000000000000000000000000000000000000]
input_fm_6_load_7   (load             ) [ 0000000000000000000000000000000000000000000000000000000000000000000]
bitcast_ln52_85     (bitcast          ) [ 0000000000000000000000000000000000000000000000000000000000000000000]
input_fm_7_load_7   (load             ) [ 0000000000000000000000000000000000000000000000000000000000000000000]
bitcast_ln52_86     (bitcast          ) [ 0000000000000000000000000000000000000000000000000000000000000000000]
input_fm_8_load_7   (load             ) [ 0000000000000000000000000000000000000000000000000000000000000000000]
bitcast_ln52_87     (bitcast          ) [ 0000000000000000000000000000000000000000000000000000000000000000000]
input_fm_9_load_7   (load             ) [ 0000000000000000000000000000000000000000000000000000000000000000000]
bitcast_ln52_88     (bitcast          ) [ 0000000000000000000000000000000000000000000000000000000000000000000]
input_fm_10_load_7  (load             ) [ 0000000000000000000000000000000000000000000000000000000000000000000]
bitcast_ln52_89     (bitcast          ) [ 0000000000000000000000000000000000000000000000000000000000000000000]
tmp_1_7             (mux              ) [ 0000000000111111110000000000000000000000000000000000000000000000000]
zext_ln52_23        (zext             ) [ 0000000000000000000000000000000000000000000000000000000000000000000]
input_fm_0_addr_10  (getelementptr    ) [ 0000000000010000000000000000000000000000000000000000000000000000000]
input_fm_1_addr_10  (getelementptr    ) [ 0000000000010000000000000000000000000000000000000000000000000000000]
input_fm_2_addr_10  (getelementptr    ) [ 0000000000010000000000000000000000000000000000000000000000000000000]
input_fm_3_addr_10  (getelementptr    ) [ 0000000000010000000000000000000000000000000000000000000000000000000]
input_fm_4_addr_10  (getelementptr    ) [ 0000000000010000000000000000000000000000000000000000000000000000000]
input_fm_5_addr_10  (getelementptr    ) [ 0000000000010000000000000000000000000000000000000000000000000000000]
input_fm_6_addr_10  (getelementptr    ) [ 0000000000010000000000000000000000000000000000000000000000000000000]
input_fm_7_addr_10  (getelementptr    ) [ 0000000000010000000000000000000000000000000000000000000000000000000]
input_fm_8_addr_10  (getelementptr    ) [ 0000000000010000000000000000000000000000000000000000000000000000000]
input_fm_9_addr_10  (getelementptr    ) [ 0000000000010000000000000000000000000000000000000000000000000000000]
input_fm_10_addr_10 (getelementptr    ) [ 0000000000010000000000000000000000000000000000000000000000000000000]
empty_21            (bitcast          ) [ 0000000000011100000000000000000000000000000000000000000000000000000]
mul                 (fmul             ) [ 0000000000011111000000000000000000000000000000000000000000000000000]
input_fm_0_load_8   (load             ) [ 0000000000000000000000000000000000000000000000000000000000000000000]
bitcast_ln52_90     (bitcast          ) [ 0000000000000000000000000000000000000000000000000000000000000000000]
input_fm_1_load_8   (load             ) [ 0000000000000000000000000000000000000000000000000000000000000000000]
bitcast_ln52_91     (bitcast          ) [ 0000000000000000000000000000000000000000000000000000000000000000000]
input_fm_2_load_8   (load             ) [ 0000000000000000000000000000000000000000000000000000000000000000000]
bitcast_ln52_92     (bitcast          ) [ 0000000000000000000000000000000000000000000000000000000000000000000]
input_fm_3_load_8   (load             ) [ 0000000000000000000000000000000000000000000000000000000000000000000]
bitcast_ln52_93     (bitcast          ) [ 0000000000000000000000000000000000000000000000000000000000000000000]
input_fm_4_load_8   (load             ) [ 0000000000000000000000000000000000000000000000000000000000000000000]
bitcast_ln52_94     (bitcast          ) [ 0000000000000000000000000000000000000000000000000000000000000000000]
input_fm_5_load_8   (load             ) [ 0000000000000000000000000000000000000000000000000000000000000000000]
bitcast_ln52_95     (bitcast          ) [ 0000000000000000000000000000000000000000000000000000000000000000000]
input_fm_6_load_8   (load             ) [ 0000000000000000000000000000000000000000000000000000000000000000000]
bitcast_ln52_96     (bitcast          ) [ 0000000000000000000000000000000000000000000000000000000000000000000]
input_fm_7_load_8   (load             ) [ 0000000000000000000000000000000000000000000000000000000000000000000]
bitcast_ln52_97     (bitcast          ) [ 0000000000000000000000000000000000000000000000000000000000000000000]
input_fm_8_load_8   (load             ) [ 0000000000000000000000000000000000000000000000000000000000000000000]
bitcast_ln52_98     (bitcast          ) [ 0000000000000000000000000000000000000000000000000000000000000000000]
input_fm_9_load_8   (load             ) [ 0000000000000000000000000000000000000000000000000000000000000000000]
bitcast_ln52_99     (bitcast          ) [ 0000000000000000000000000000000000000000000000000000000000000000000]
input_fm_10_load_8  (load             ) [ 0000000000000000000000000000000000000000000000000000000000000000000]
bitcast_ln52_100    (bitcast          ) [ 0000000000000000000000000000000000000000000000000000000000000000000]
tmp_1_8             (mux              ) [ 0000000000011111111000000000000000000000000000000000000000000000000]
input_fm_0_load_9   (load             ) [ 0000000000000000000000000000000000000000000000000000000000000000000]
bitcast_ln52_101    (bitcast          ) [ 0000000000000000000000000000000000000000000000000000000000000000000]
input_fm_1_load_9   (load             ) [ 0000000000000000000000000000000000000000000000000000000000000000000]
bitcast_ln52_102    (bitcast          ) [ 0000000000000000000000000000000000000000000000000000000000000000000]
input_fm_2_load_9   (load             ) [ 0000000000000000000000000000000000000000000000000000000000000000000]
bitcast_ln52_103    (bitcast          ) [ 0000000000000000000000000000000000000000000000000000000000000000000]
input_fm_3_load_9   (load             ) [ 0000000000000000000000000000000000000000000000000000000000000000000]
bitcast_ln52_104    (bitcast          ) [ 0000000000000000000000000000000000000000000000000000000000000000000]
input_fm_4_load_9   (load             ) [ 0000000000000000000000000000000000000000000000000000000000000000000]
bitcast_ln52_105    (bitcast          ) [ 0000000000000000000000000000000000000000000000000000000000000000000]
input_fm_5_load_9   (load             ) [ 0000000000000000000000000000000000000000000000000000000000000000000]
bitcast_ln52_106    (bitcast          ) [ 0000000000000000000000000000000000000000000000000000000000000000000]
input_fm_6_load_9   (load             ) [ 0000000000000000000000000000000000000000000000000000000000000000000]
bitcast_ln52_107    (bitcast          ) [ 0000000000000000000000000000000000000000000000000000000000000000000]
input_fm_7_load_9   (load             ) [ 0000000000000000000000000000000000000000000000000000000000000000000]
bitcast_ln52_108    (bitcast          ) [ 0000000000000000000000000000000000000000000000000000000000000000000]
input_fm_8_load_9   (load             ) [ 0000000000000000000000000000000000000000000000000000000000000000000]
bitcast_ln52_109    (bitcast          ) [ 0000000000000000000000000000000000000000000000000000000000000000000]
input_fm_9_load_9   (load             ) [ 0000000000000000000000000000000000000000000000000000000000000000000]
bitcast_ln52_110    (bitcast          ) [ 0000000000000000000000000000000000000000000000000000000000000000000]
input_fm_10_load_9  (load             ) [ 0000000000000000000000000000000000000000000000000000000000000000000]
bitcast_ln52_111    (bitcast          ) [ 0000000000000000000000000000000000000000000000000000000000000000000]
tmp_1_9             (mux              ) [ 0000000000011111111100000000000000000000000000000000000000000000000]
add62_lcssa27_load  (load             ) [ 0000000000001111000000000000000000000000000000000000000000000000000]
empty_22            (bitcast          ) [ 0000000000001110000000000000000000000000000000000000000000000000000]
mul_1               (fmul             ) [ 0000000000001111111110000000000000000000000000000000000000000000000]
input_fm_0_load_10  (load             ) [ 0000000000000000000000000000000000000000000000000000000000000000000]
bitcast_ln52_112    (bitcast          ) [ 0000000000000000000000000000000000000000000000000000000000000000000]
input_fm_1_load_10  (load             ) [ 0000000000000000000000000000000000000000000000000000000000000000000]
bitcast_ln52_113    (bitcast          ) [ 0000000000000000000000000000000000000000000000000000000000000000000]
input_fm_2_load_10  (load             ) [ 0000000000000000000000000000000000000000000000000000000000000000000]
bitcast_ln52_114    (bitcast          ) [ 0000000000000000000000000000000000000000000000000000000000000000000]
input_fm_3_load_10  (load             ) [ 0000000000000000000000000000000000000000000000000000000000000000000]
bitcast_ln52_115    (bitcast          ) [ 0000000000000000000000000000000000000000000000000000000000000000000]
input_fm_4_load_10  (load             ) [ 0000000000000000000000000000000000000000000000000000000000000000000]
bitcast_ln52_116    (bitcast          ) [ 0000000000000000000000000000000000000000000000000000000000000000000]
input_fm_5_load_10  (load             ) [ 0000000000000000000000000000000000000000000000000000000000000000000]
bitcast_ln52_117    (bitcast          ) [ 0000000000000000000000000000000000000000000000000000000000000000000]
input_fm_6_load_10  (load             ) [ 0000000000000000000000000000000000000000000000000000000000000000000]
bitcast_ln52_118    (bitcast          ) [ 0000000000000000000000000000000000000000000000000000000000000000000]
input_fm_7_load_10  (load             ) [ 0000000000000000000000000000000000000000000000000000000000000000000]
bitcast_ln52_119    (bitcast          ) [ 0000000000000000000000000000000000000000000000000000000000000000000]
input_fm_8_load_10  (load             ) [ 0000000000000000000000000000000000000000000000000000000000000000000]
bitcast_ln52_120    (bitcast          ) [ 0000000000000000000000000000000000000000000000000000000000000000000]
input_fm_9_load_10  (load             ) [ 0000000000000000000000000000000000000000000000000000000000000000000]
bitcast_ln52_121    (bitcast          ) [ 0000000000000000000000000000000000000000000000000000000000000000000]
input_fm_10_load_10 (load             ) [ 0000000000000000000000000000000000000000000000000000000000000000000]
bitcast_ln52_122    (bitcast          ) [ 0000000000000000000000000000000000000000000000000000000000000000000]
tmp_1_s             (mux              ) [ 0000000000001111111110000000000000000000000000000000000000000000000]
empty_23            (bitcast          ) [ 0000000000000111000000000000000000000000000000000000000000000000000]
mul_2               (fmul             ) [ 0000000000000111111111111100000000000000000000000000000000000000000]
empty_24            (bitcast          ) [ 0000000000000011100000000000000000000000000000000000000000000000000]
mul_3               (fmul             ) [ 0000000000000011111111111111111000000000000000000000000000000000000]
empty_25            (bitcast          ) [ 0000000000000001110000000000000000000000000000000000000000000000000]
mul_4               (fmul             ) [ 0000000000000001111111111111111111110000000000000000000000000000000]
empty_26            (bitcast          ) [ 0000000000000000111000000000000000000000000000000000000000000000000]
add                 (fadd             ) [ 0000000000000000111110000000000000000000000000000000000000000000000]
mul_5               (fmul             ) [ 0000000000000000111111111111111111111111100000000000000000000000000]
empty_27            (bitcast          ) [ 0000000000000000011100000000000000000000000000000000000000000000000]
mul_6               (fmul             ) [ 0000000000000000011111111111111111111111111111000000000000000000000]
empty_28            (bitcast          ) [ 0000000000000000001110000000000000000000000000000000000000000000000]
mul_7               (fmul             ) [ 0000000000000000001111111111111111111111111111111110000000000000000]
mul_8               (fmul             ) [ 0000000000000000000111111111111111111111111111111111111100000000000]
mul_9               (fmul             ) [ 0111110000000000000011111111111111111111111111111111111111111000000]
add_1               (fadd             ) [ 0000000000000000000001111100000000000000000000000000000000000000000]
mul_s               (fmul             ) [ 0111111111100000000001111111111111111111111111111111111111111111110]
add_2               (fadd             ) [ 0000000000000000000000000011111000000000000000000000000000000000000]
add_3               (fadd             ) [ 0000000000000000000000000000000111110000000000000000000000000000000]
add_4               (fadd             ) [ 0000000000000000000000000000000000001111100000000000000000000000000]
add_5               (fadd             ) [ 0000000000000000000000000000000000000000011111000000000000000000000]
add_6               (fadd             ) [ 0000000000000000000000000000000000000000000000111110000000000000000]
add_7               (fadd             ) [ 0000000000000000000000000000000000000000000000000001111100000000000]
add_8               (fadd             ) [ 0111110000000000000000000000000000000000000000000000000011111000000]
store_ln48          (store            ) [ 0000000000000000000000000000000000000000000000000000000000000000000]
add_9               (fadd             ) [ 0000001111100000000000000000000000000000000000000000000000000111110]
specloopname_ln39   (specloopname     ) [ 0000000000000000000000000000000000000000000000000000000000000000000]
add_s               (fadd             ) [ 0000000000010000000000000000000000000000000000000000000000000000001]
bitcast_ln52_1      (bitcast          ) [ 0000000000000000000000000000000000000000000000000000000000000000000]
store_ln52          (store            ) [ 0000000000000000000000000000000000000000000000000000000000000000000]
br_ln0              (br               ) [ 0000000000000000000000000000000000000000000000000000000000000000000]
store_ln52          (store            ) [ 0000000000000000000000000000000000000000000000000000000000000000000]
br_ln0              (br               ) [ 0000000000000000000000000000000000000000000000000000000000000000000]
ret_ln0             (ret              ) [ 0000000000000000000000000000000000000000000000000000000000000000000]
</LifeTime>

<model>

<comp_list>
<comp id="0" class="1000" name="bitcast_ln52">
<pin_list>
<pin id="1" dir="1" index="0" bw="1" slack="0"/>
</pin_list>
<bind>
<StgValue><ssdm name="bitcast_ln52"/></StgValue>
</bind>
</comp>

<comp id="2" class="1000" name="output_fm">
<pin_list>
<pin id="3" dir="1" index="0" bw="1" slack="0"/>
</pin_list>
<bind>
<StgValue><ssdm name="output_fm"/><MemPortTyVec>0 3 </MemPortTyVec>
</StgValue>
</bind>
</comp>

<comp id="4" class="1000" name="add_ln52_10">
<pin_list>
<pin id="5" dir="1" index="0" bw="1" slack="0"/>
</pin_list>
<bind>
<StgValue><ssdm name="add_ln52_10"/></StgValue>
</bind>
</comp>

<comp id="6" class="1000" name="empty">
<pin_list>
<pin id="7" dir="1" index="0" bw="1" slack="0"/>
</pin_list>
<bind>
<StgValue><ssdm name="empty"/></StgValue>
</bind>
</comp>

<comp id="8" class="1000" name="weights_0">
<pin_list>
<pin id="9" dir="1" index="0" bw="1" slack="0"/>
</pin_list>
<bind>
<StgValue><ssdm name="weights_0"/><MemPortTyVec>1 3 </MemPortTyVec>
</StgValue>
</bind>
</comp>

<comp id="10" class="1000" name="weights_1">
<pin_list>
<pin id="11" dir="1" index="0" bw="1" slack="0"/>
</pin_list>
<bind>
<StgValue><ssdm name="weights_1"/><MemPortTyVec>1 3 </MemPortTyVec>
</StgValue>
</bind>
</comp>

<comp id="12" class="1000" name="weights_2">
<pin_list>
<pin id="13" dir="1" index="0" bw="1" slack="0"/>
</pin_list>
<bind>
<StgValue><ssdm name="weights_2"/><MemPortTyVec>1 3 </MemPortTyVec>
</StgValue>
</bind>
</comp>

<comp id="14" class="1000" name="weights_3">
<pin_list>
<pin id="15" dir="1" index="0" bw="1" slack="0"/>
</pin_list>
<bind>
<StgValue><ssdm name="weights_3"/><MemPortTyVec>1 3 </MemPortTyVec>
</StgValue>
</bind>
</comp>

<comp id="16" class="1000" name="weights_4">
<pin_list>
<pin id="17" dir="1" index="0" bw="1" slack="0"/>
</pin_list>
<bind>
<StgValue><ssdm name="weights_4"/><MemPortTyVec>1 3 </MemPortTyVec>
</StgValue>
</bind>
</comp>

<comp id="18" class="1000" name="weights_5">
<pin_list>
<pin id="19" dir="1" index="0" bw="1" slack="0"/>
</pin_list>
<bind>
<StgValue><ssdm name="weights_5"/><MemPortTyVec>1 3 </MemPortTyVec>
</StgValue>
</bind>
</comp>

<comp id="20" class="1000" name="weights_6">
<pin_list>
<pin id="21" dir="1" index="0" bw="1" slack="0"/>
</pin_list>
<bind>
<StgValue><ssdm name="weights_6"/><MemPortTyVec>1 3 </MemPortTyVec>
</StgValue>
</bind>
</comp>

<comp id="22" class="1000" name="weights_7">
<pin_list>
<pin id="23" dir="1" index="0" bw="1" slack="0"/>
</pin_list>
<bind>
<StgValue><ssdm name="weights_7"/><MemPortTyVec>1 3 </MemPortTyVec>
</StgValue>
</bind>
</comp>

<comp id="24" class="1000" name="weights_8">
<pin_list>
<pin id="25" dir="1" index="0" bw="1" slack="0"/>
</pin_list>
<bind>
<StgValue><ssdm name="weights_8"/><MemPortTyVec>1 3 </MemPortTyVec>
</StgValue>
</bind>
</comp>

<comp id="26" class="1000" name="weights_9">
<pin_list>
<pin id="27" dir="1" index="0" bw="1" slack="0"/>
</pin_list>
<bind>
<StgValue><ssdm name="weights_9"/><MemPortTyVec>1 3 </MemPortTyVec>
</StgValue>
</bind>
</comp>

<comp id="28" class="1000" name="weights_10">
<pin_list>
<pin id="29" dir="1" index="0" bw="1" slack="0"/>
</pin_list>
<bind>
<StgValue><ssdm name="weights_10"/><MemPortTyVec>1 3 </MemPortTyVec>
</StgValue>
</bind>
</comp>

<comp id="30" class="1000" name="select_ln39_1">
<pin_list>
<pin id="31" dir="1" index="0" bw="1" slack="0"/>
</pin_list>
<bind>
<StgValue><ssdm name="select_ln39_1"/></StgValue>
</bind>
</comp>

<comp id="32" class="1000" name="mul_ln52_1">
<pin_list>
<pin id="33" dir="1" index="0" bw="1" slack="0"/>
</pin_list>
<bind>
<StgValue><ssdm name="mul_ln52_1"/></StgValue>
</bind>
</comp>

<comp id="34" class="1000" name="zext_ln52_1">
<pin_list>
<pin id="35" dir="1" index="0" bw="1" slack="0"/>
</pin_list>
<bind>
<StgValue><ssdm name="zext_ln52_1"/></StgValue>
</bind>
</comp>

<comp id="36" class="1000" name="input_fm_0">
<pin_list>
<pin id="37" dir="1" index="0" bw="1" slack="0"/>
</pin_list>
<bind>
<StgValue><ssdm name="input_fm_0"/><MemPortTyVec>1 1 </MemPortTyVec>
</StgValue>
</bind>
</comp>

<comp id="38" class="1000" name="zext_ln52_2">
<pin_list>
<pin id="39" dir="1" index="0" bw="1" slack="0"/>
</pin_list>
<bind>
<StgValue><ssdm name="zext_ln52_2"/></StgValue>
</bind>
</comp>

<comp id="40" class="1000" name="zext_ln52_3">
<pin_list>
<pin id="41" dir="1" index="0" bw="1" slack="0"/>
</pin_list>
<bind>
<StgValue><ssdm name="zext_ln52_3"/></StgValue>
</bind>
</comp>

<comp id="42" class="1000" name="zext_ln52_4">
<pin_list>
<pin id="43" dir="1" index="0" bw="1" slack="0"/>
</pin_list>
<bind>
<StgValue><ssdm name="zext_ln52_4"/></StgValue>
</bind>
</comp>

<comp id="44" class="1000" name="zext_ln52_5">
<pin_list>
<pin id="45" dir="1" index="0" bw="1" slack="0"/>
</pin_list>
<bind>
<StgValue><ssdm name="zext_ln52_5"/></StgValue>
</bind>
</comp>

<comp id="46" class="1000" name="zext_ln52_6">
<pin_list>
<pin id="47" dir="1" index="0" bw="1" slack="0"/>
</pin_list>
<bind>
<StgValue><ssdm name="zext_ln52_6"/></StgValue>
</bind>
</comp>

<comp id="48" class="1000" name="zext_ln52_7">
<pin_list>
<pin id="49" dir="1" index="0" bw="1" slack="0"/>
</pin_list>
<bind>
<StgValue><ssdm name="zext_ln52_7"/></StgValue>
</bind>
</comp>

<comp id="50" class="1000" name="zext_ln52_8">
<pin_list>
<pin id="51" dir="1" index="0" bw="1" slack="0"/>
</pin_list>
<bind>
<StgValue><ssdm name="zext_ln52_8"/></StgValue>
</bind>
</comp>

<comp id="52" class="1000" name="zext_ln52_9">
<pin_list>
<pin id="53" dir="1" index="0" bw="1" slack="0"/>
</pin_list>
<bind>
<StgValue><ssdm name="zext_ln52_9"/></StgValue>
</bind>
</comp>

<comp id="54" class="1000" name="zext_ln52_10">
<pin_list>
<pin id="55" dir="1" index="0" bw="1" slack="0"/>
</pin_list>
<bind>
<StgValue><ssdm name="zext_ln52_10"/></StgValue>
</bind>
</comp>

<comp id="56" class="1000" name="zext_ln52_11">
<pin_list>
<pin id="57" dir="1" index="0" bw="1" slack="0"/>
</pin_list>
<bind>
<StgValue><ssdm name="zext_ln52_11"/></StgValue>
</bind>
</comp>

<comp id="58" class="1000" name="input_fm_1">
<pin_list>
<pin id="59" dir="1" index="0" bw="1" slack="0"/>
</pin_list>
<bind>
<StgValue><ssdm name="input_fm_1"/><MemPortTyVec>1 1 </MemPortTyVec>
</StgValue>
</bind>
</comp>

<comp id="60" class="1000" name="input_fm_2">
<pin_list>
<pin id="61" dir="1" index="0" bw="1" slack="0"/>
</pin_list>
<bind>
<StgValue><ssdm name="input_fm_2"/><MemPortTyVec>1 1 </MemPortTyVec>
</StgValue>
</bind>
</comp>

<comp id="62" class="1000" name="input_fm_3">
<pin_list>
<pin id="63" dir="1" index="0" bw="1" slack="0"/>
</pin_list>
<bind>
<StgValue><ssdm name="input_fm_3"/><MemPortTyVec>1 1 </MemPortTyVec>
</StgValue>
</bind>
</comp>

<comp id="64" class="1000" name="input_fm_4">
<pin_list>
<pin id="65" dir="1" index="0" bw="1" slack="0"/>
</pin_list>
<bind>
<StgValue><ssdm name="input_fm_4"/><MemPortTyVec>1 1 </MemPortTyVec>
</StgValue>
</bind>
</comp>

<comp id="66" class="1000" name="input_fm_5">
<pin_list>
<pin id="67" dir="1" index="0" bw="1" slack="0"/>
</pin_list>
<bind>
<StgValue><ssdm name="input_fm_5"/><MemPortTyVec>1 1 </MemPortTyVec>
</StgValue>
</bind>
</comp>

<comp id="68" class="1000" name="input_fm_6">
<pin_list>
<pin id="69" dir="1" index="0" bw="1" slack="0"/>
</pin_list>
<bind>
<StgValue><ssdm name="input_fm_6"/><MemPortTyVec>1 1 </MemPortTyVec>
</StgValue>
</bind>
</comp>

<comp id="70" class="1000" name="input_fm_7">
<pin_list>
<pin id="71" dir="1" index="0" bw="1" slack="0"/>
</pin_list>
<bind>
<StgValue><ssdm name="input_fm_7"/><MemPortTyVec>1 1 </MemPortTyVec>
</StgValue>
</bind>
</comp>

<comp id="72" class="1000" name="input_fm_8">
<pin_list>
<pin id="73" dir="1" index="0" bw="1" slack="0"/>
</pin_list>
<bind>
<StgValue><ssdm name="input_fm_8"/><MemPortTyVec>1 1 </MemPortTyVec>
</StgValue>
</bind>
</comp>

<comp id="74" class="1000" name="input_fm_9">
<pin_list>
<pin id="75" dir="1" index="0" bw="1" slack="0"/>
</pin_list>
<bind>
<StgValue><ssdm name="input_fm_9"/><MemPortTyVec>1 1 </MemPortTyVec>
</StgValue>
</bind>
</comp>

<comp id="76" class="1000" name="input_fm_10">
<pin_list>
<pin id="77" dir="1" index="0" bw="1" slack="0"/>
</pin_list>
<bind>
<StgValue><ssdm name="input_fm_10"/><MemPortTyVec>1 1 </MemPortTyVec>
</StgValue>
</bind>
</comp>

<comp id="78" class="1000" name="trunc_ln">
<pin_list>
<pin id="79" dir="1" index="0" bw="1" slack="0"/>
</pin_list>
<bind>
<StgValue><ssdm name="trunc_ln"/></StgValue>
</bind>
</comp>

<comp id="80" class="1000" name="trunc_ln52_1">
<pin_list>
<pin id="81" dir="1" index="0" bw="1" slack="0"/>
</pin_list>
<bind>
<StgValue><ssdm name="trunc_ln52_1"/></StgValue>
</bind>
</comp>

<comp id="82" class="1000" name="trunc_ln52_2">
<pin_list>
<pin id="83" dir="1" index="0" bw="1" slack="0"/>
</pin_list>
<bind>
<StgValue><ssdm name="trunc_ln52_2"/></StgValue>
</bind>
</comp>

<comp id="84" class="1000" name="trunc_ln52_3">
<pin_list>
<pin id="85" dir="1" index="0" bw="1" slack="0"/>
</pin_list>
<bind>
<StgValue><ssdm name="trunc_ln52_3"/></StgValue>
</bind>
</comp>

<comp id="86" class="1000" name="trunc_ln52_4">
<pin_list>
<pin id="87" dir="1" index="0" bw="1" slack="0"/>
</pin_list>
<bind>
<StgValue><ssdm name="trunc_ln52_4"/></StgValue>
</bind>
</comp>

<comp id="88" class="1000" name="trunc_ln52_5">
<pin_list>
<pin id="89" dir="1" index="0" bw="1" slack="0"/>
</pin_list>
<bind>
<StgValue><ssdm name="trunc_ln52_5"/></StgValue>
</bind>
</comp>

<comp id="90" class="1000" name="trunc_ln52_6">
<pin_list>
<pin id="91" dir="1" index="0" bw="1" slack="0"/>
</pin_list>
<bind>
<StgValue><ssdm name="trunc_ln52_6"/></StgValue>
</bind>
</comp>

<comp id="92" class="1000" name="trunc_ln52_7">
<pin_list>
<pin id="93" dir="1" index="0" bw="1" slack="0"/>
</pin_list>
<bind>
<StgValue><ssdm name="trunc_ln52_7"/></StgValue>
</bind>
</comp>

<comp id="94" class="1000" name="trunc_ln52_8">
<pin_list>
<pin id="95" dir="1" index="0" bw="1" slack="0"/>
</pin_list>
<bind>
<StgValue><ssdm name="trunc_ln52_8"/></StgValue>
</bind>
</comp>

<comp id="96" class="1000" name="trunc_ln52_9">
<pin_list>
<pin id="97" dir="1" index="0" bw="1" slack="0"/>
</pin_list>
<bind>
<StgValue><ssdm name="trunc_ln52_9"/></StgValue>
</bind>
</comp>

<comp id="98" class="1000" name="trunc_ln52_s">
<pin_list>
<pin id="99" dir="1" index="0" bw="1" slack="0"/>
</pin_list>
<bind>
<StgValue><ssdm name="trunc_ln52_s"/></StgValue>
</bind>
</comp>

<comp id="100" class="1001" name="const_100">
<pin_list>
<pin id="101" dir="1" index="0" bw="1" slack="0"/>
</pin_list>
<bind>
<StgValue><ssdm name=""/></StgValue>
</bind>
</comp>

<comp id="102" class="1001" name="const_102">
<pin_list>
<pin id="103" dir="1" index="0" bw="1" slack="0"/>
</pin_list>
<bind>
<StgValue><ssdm name="_ssdm_op_Read.ap_auto.i4"/></StgValue>
</bind>
</comp>

<comp id="104" class="1001" name="const_104">
<pin_list>
<pin id="105" dir="1" index="0" bw="1" slack="0"/>
</pin_list>
<bind>
<StgValue><ssdm name="_ssdm_op_Read.ap_auto.i8"/></StgValue>
</bind>
</comp>

<comp id="106" class="1001" name="const_106">
<pin_list>
<pin id="107" dir="1" index="0" bw="1" slack="0"/>
</pin_list>
<bind>
<StgValue><ssdm name="_ssdm_op_Read.ap_auto.i10"/></StgValue>
</bind>
</comp>

<comp id="108" class="1001" name="const_108">
<pin_list>
<pin id="109" dir="1" index="0" bw="1" slack="0"/>
</pin_list>
<bind>
<StgValue><ssdm name="_ssdm_op_Read.ap_auto.i12"/></StgValue>
</bind>
</comp>

<comp id="110" class="1001" name="const_110">
<pin_list>
<pin id="111" dir="1" index="0" bw="1" slack="0"/>
</pin_list>
<bind>
<StgValue><ssdm name="_ssdm_op_Read.ap_auto.i18"/></StgValue>
</bind>
</comp>

<comp id="112" class="1001" name="const_112">
<pin_list>
<pin id="113" dir="1" index="0" bw="1" slack="0"/>
</pin_list>
<bind>
<StgValue><ssdm name="_ssdm_op_Read.ap_auto.float"/></StgValue>
</bind>
</comp>

<comp id="114" class="1001" name="const_114">
<pin_list>
<pin id="115" dir="1" index="0" bw="1" slack="2147483647"/>
</pin_list>
<bind>
<StgValue><ssdm name="_ssdm_op_SpecInterface"/></StgValue>
</bind>
</comp>

<comp id="116" class="1001" name="const_116">
<pin_list>
<pin id="117" dir="1" index="0" bw="1" slack="2147483647"/>
</pin_list>
<bind>
<StgValue><ssdm name="empty_4"/></StgValue>
</bind>
</comp>

<comp id="118" class="1001" name="const_118">
<pin_list>
<pin id="119" dir="1" index="0" bw="1" slack="2147483647"/>
</pin_list>
<bind>
<StgValue><ssdm name=""/></StgValue>
</bind>
</comp>

<comp id="120" class="1001" name="const_120">
<pin_list>
<pin id="121" dir="1" index="0" bw="1" slack="2147483647"/>
</pin_list>
<bind>
<StgValue><ssdm name="empty"/></StgValue>
</bind>
</comp>

<comp id="122" class="1001" name="const_122">
<pin_list>
<pin id="123" dir="1" index="0" bw="1" slack="2147483647"/>
</pin_list>
<bind>
<StgValue><ssdm name=""/></StgValue>
</bind>
</comp>

<comp id="124" class="1001" name="const_124">
<pin_list>
<pin id="125" dir="1" index="0" bw="1" slack="0"/>
</pin_list>
<bind>
<StgValue><ssdm name=""/></StgValue>
</bind>
</comp>

<comp id="126" class="1001" name="const_126">
<pin_list>
<pin id="127" dir="1" index="0" bw="1" slack="0"/>
</pin_list>
<bind>
<StgValue><ssdm name=""/></StgValue>
</bind>
</comp>

<comp id="128" class="1001" name="const_128">
<pin_list>
<pin id="129" dir="1" index="0" bw="1" slack="2147483647"/>
</pin_list>
<bind>
<StgValue><ssdm name="_ssdm_op_SpecPipeline"/></StgValue>
</bind>
</comp>

<comp id="130" class="1001" name="const_130">
<pin_list>
<pin id="131" dir="1" index="0" bw="1" slack="2147483647"/>
</pin_list>
<bind>
<StgValue><ssdm name="p_str"/></StgValue>
</bind>
</comp>

<comp id="132" class="1001" name="const_132">
<pin_list>
<pin id="133" dir="1" index="0" bw="1" slack="0"/>
</pin_list>
<bind>
<StgValue><ssdm name=""/></StgValue>
</bind>
</comp>

<comp id="134" class="1001" name="const_134">
<pin_list>
<pin id="135" dir="1" index="0" bw="1" slack="2147483647"/>
</pin_list>
<bind>
<StgValue><ssdm name="_ssdm_op_SpecLoopTripCount"/></StgValue>
</bind>
</comp>

<comp id="136" class="1001" name="const_136">
<pin_list>
<pin id="137" dir="1" index="0" bw="1" slack="2147483647"/>
</pin_list>
<bind>
<StgValue><ssdm name=""/></StgValue>
</bind>
</comp>

<comp id="138" class="1001" name="const_138">
<pin_list>
<pin id="139" dir="1" index="0" bw="1" slack="0"/>
</pin_list>
<bind>
<StgValue><ssdm name=""/></StgValue>
</bind>
</comp>

<comp id="140" class="1001" name="const_140">
<pin_list>
<pin id="141" dir="1" index="0" bw="1" slack="0"/>
</pin_list>
<bind>
<StgValue><ssdm name=""/></StgValue>
</bind>
</comp>

<comp id="142" class="1001" name="const_142">
<pin_list>
<pin id="143" dir="1" index="0" bw="1" slack="0"/>
</pin_list>
<bind>
<StgValue><ssdm name="_ssdm_op_Mux.ap_auto.11f32.i4"/></StgValue>
</bind>
</comp>

<comp id="144" class="1001" name="const_144">
<pin_list>
<pin id="145" dir="1" index="0" bw="1" slack="2147483647"/>
</pin_list>
<bind>
<StgValue><ssdm name="_ssdm_op_SpecLoopName"/></StgValue>
</bind>
</comp>

<comp id="146" class="1001" name="const_146">
<pin_list>
<pin id="147" dir="1" index="0" bw="1" slack="2147483647"/>
</pin_list>
<bind>
<StgValue><ssdm name="empty_5"/></StgValue>
</bind>
</comp>

<comp id="148" class="1004" name="add62_lcssa27_fu_148">
<pin_list>
<pin id="149" dir="0" index="0" bw="1" slack="0"/>
<pin id="150" dir="1" index="1" bw="32" slack="0"/>
</pin_list>
<bind>
<opcode="alloca(26) " fcode="alloca"/>
<opset="add62_lcssa27/1 "/>
</bind>
</comp>

<comp id="152" class="1004" name="j_fu_152">
<pin_list>
<pin id="153" dir="0" index="0" bw="1" slack="0"/>
<pin id="154" dir="1" index="1" bw="4" slack="0"/>
</pin_list>
<bind>
<opcode="alloca(26) " fcode="alloca"/>
<opset="j/1 "/>
</bind>
</comp>

<comp id="156" class="1004" name="trunc_ln52_read_read_fu_156">
<pin_list>
<pin id="157" dir="0" index="0" bw="4" slack="0"/>
<pin id="158" dir="0" index="1" bw="4" slack="0"/>
<pin id="159" dir="1" index="2" bw="4" slack="10"/>
</pin_list>
<bind>
<opcode="read(1150) " fcode="read"/>
<opset="trunc_ln52_read/1 "/>
</bind>
</comp>

<comp id="162" class="1004" name="trunc_ln52_9_read_read_fu_162">
<pin_list>
<pin id="163" dir="0" index="0" bw="4" slack="0"/>
<pin id="164" dir="0" index="1" bw="4" slack="0"/>
<pin id="165" dir="1" index="2" bw="4" slack="9"/>
</pin_list>
<bind>
<opcode="read(1150) " fcode="read"/>
<opset="trunc_ln52_9_read/1 "/>
</bind>
</comp>

<comp id="168" class="1004" name="trunc_ln52_8_read_read_fu_168">
<pin_list>
<pin id="169" dir="0" index="0" bw="4" slack="0"/>
<pin id="170" dir="0" index="1" bw="4" slack="0"/>
<pin id="171" dir="1" index="2" bw="4" slack="9"/>
</pin_list>
<bind>
<opcode="read(1150) " fcode="read"/>
<opset="trunc_ln52_8_read/1 "/>
</bind>
</comp>

<comp id="174" class="1004" name="trunc_ln52_7_read_read_fu_174">
<pin_list>
<pin id="175" dir="0" index="0" bw="4" slack="0"/>
<pin id="176" dir="0" index="1" bw="4" slack="0"/>
<pin id="177" dir="1" index="2" bw="4" slack="8"/>
</pin_list>
<bind>
<opcode="read(1150) " fcode="read"/>
<opset="trunc_ln52_7_read/1 "/>
</bind>
</comp>

<comp id="180" class="1004" name="trunc_ln52_6_read_read_fu_180">
<pin_list>
<pin id="181" dir="0" index="0" bw="4" slack="0"/>
<pin id="182" dir="0" index="1" bw="4" slack="0"/>
<pin id="183" dir="1" index="2" bw="4" slack="8"/>
</pin_list>
<bind>
<opcode="read(1150) " fcode="read"/>
<opset="trunc_ln52_6_read/1 "/>
</bind>
</comp>

<comp id="186" class="1004" name="trunc_ln52_5_read_read_fu_186">
<pin_list>
<pin id="187" dir="0" index="0" bw="4" slack="0"/>
<pin id="188" dir="0" index="1" bw="4" slack="0"/>
<pin id="189" dir="1" index="2" bw="4" slack="7"/>
</pin_list>
<bind>
<opcode="read(1150) " fcode="read"/>
<opset="trunc_ln52_5_read/1 "/>
</bind>
</comp>

<comp id="192" class="1004" name="trunc_ln52_4_read_read_fu_192">
<pin_list>
<pin id="193" dir="0" index="0" bw="4" slack="0"/>
<pin id="194" dir="0" index="1" bw="4" slack="0"/>
<pin id="195" dir="1" index="2" bw="4" slack="7"/>
</pin_list>
<bind>
<opcode="read(1150) " fcode="read"/>
<opset="trunc_ln52_4_read/1 "/>
</bind>
</comp>

<comp id="198" class="1004" name="trunc_ln52_3_read_read_fu_198">
<pin_list>
<pin id="199" dir="0" index="0" bw="4" slack="0"/>
<pin id="200" dir="0" index="1" bw="4" slack="0"/>
<pin id="201" dir="1" index="2" bw="4" slack="6"/>
</pin_list>
<bind>
<opcode="read(1150) " fcode="read"/>
<opset="trunc_ln52_3_read/1 "/>
</bind>
</comp>

<comp id="204" class="1004" name="trunc_ln52_2_read_read_fu_204">
<pin_list>
<pin id="205" dir="0" index="0" bw="4" slack="0"/>
<pin id="206" dir="0" index="1" bw="4" slack="0"/>
<pin id="207" dir="1" index="2" bw="4" slack="6"/>
</pin_list>
<bind>
<opcode="read(1150) " fcode="read"/>
<opset="trunc_ln52_2_read/1 "/>
</bind>
</comp>

<comp id="210" class="1004" name="trunc_ln52_1_read_read_fu_210">
<pin_list>
<pin id="211" dir="0" index="0" bw="4" slack="0"/>
<pin id="212" dir="0" index="1" bw="4" slack="0"/>
<pin id="213" dir="1" index="2" bw="4" slack="5"/>
</pin_list>
<bind>
<opcode="read(1150) " fcode="read"/>
<opset="trunc_ln52_1_read/1 "/>
</bind>
</comp>

<comp id="216" class="1004" name="trunc_ln_read_read_fu_216">
<pin_list>
<pin id="217" dir="0" index="0" bw="4" slack="0"/>
<pin id="218" dir="0" index="1" bw="4" slack="0"/>
<pin id="219" dir="1" index="2" bw="4" slack="5"/>
</pin_list>
<bind>
<opcode="read(1150) " fcode="read"/>
<opset="trunc_ln_read/1 "/>
</bind>
</comp>

<comp id="222" class="1004" name="zext_ln52_11_read_read_fu_222">
<pin_list>
<pin id="223" dir="0" index="0" bw="8" slack="0"/>
<pin id="224" dir="0" index="1" bw="8" slack="0"/>
<pin id="225" dir="1" index="2" bw="8" slack="0"/>
</pin_list>
<bind>
<opcode="read(1150) " fcode="read"/>
<opset="zext_ln52_11_read/1 "/>
</bind>
</comp>

<comp id="228" class="1004" name="zext_ln52_10_read_read_fu_228">
<pin_list>
<pin id="229" dir="0" index="0" bw="8" slack="0"/>
<pin id="230" dir="0" index="1" bw="8" slack="0"/>
<pin id="231" dir="1" index="2" bw="8" slack="0"/>
</pin_list>
<bind>
<opcode="read(1150) " fcode="read"/>
<opset="zext_ln52_10_read/1 "/>
</bind>
</comp>

<comp id="234" class="1004" name="zext_ln52_9_read_read_fu_234">
<pin_list>
<pin id="235" dir="0" index="0" bw="8" slack="0"/>
<pin id="236" dir="0" index="1" bw="8" slack="0"/>
<pin id="237" dir="1" index="2" bw="8" slack="0"/>
</pin_list>
<bind>
<opcode="read(1150) " fcode="read"/>
<opset="zext_ln52_9_read/1 "/>
</bind>
</comp>

<comp id="240" class="1004" name="zext_ln52_8_read_read_fu_240">
<pin_list>
<pin id="241" dir="0" index="0" bw="8" slack="0"/>
<pin id="242" dir="0" index="1" bw="8" slack="0"/>
<pin id="243" dir="1" index="2" bw="8" slack="0"/>
</pin_list>
<bind>
<opcode="read(1150) " fcode="read"/>
<opset="zext_ln52_8_read/1 "/>
</bind>
</comp>

<comp id="246" class="1004" name="zext_ln52_7_read_read_fu_246">
<pin_list>
<pin id="247" dir="0" index="0" bw="8" slack="0"/>
<pin id="248" dir="0" index="1" bw="8" slack="0"/>
<pin id="249" dir="1" index="2" bw="8" slack="0"/>
</pin_list>
<bind>
<opcode="read(1150) " fcode="read"/>
<opset="zext_ln52_7_read/1 "/>
</bind>
</comp>

<comp id="252" class="1004" name="zext_ln52_6_read_read_fu_252">
<pin_list>
<pin id="253" dir="0" index="0" bw="8" slack="0"/>
<pin id="254" dir="0" index="1" bw="8" slack="0"/>
<pin id="255" dir="1" index="2" bw="8" slack="0"/>
</pin_list>
<bind>
<opcode="read(1150) " fcode="read"/>
<opset="zext_ln52_6_read/1 "/>
</bind>
</comp>

<comp id="258" class="1004" name="zext_ln52_5_read_read_fu_258">
<pin_list>
<pin id="259" dir="0" index="0" bw="8" slack="0"/>
<pin id="260" dir="0" index="1" bw="8" slack="0"/>
<pin id="261" dir="1" index="2" bw="8" slack="0"/>
</pin_list>
<bind>
<opcode="read(1150) " fcode="read"/>
<opset="zext_ln52_5_read/1 "/>
</bind>
</comp>

<comp id="264" class="1004" name="zext_ln52_4_read_read_fu_264">
<pin_list>
<pin id="265" dir="0" index="0" bw="8" slack="0"/>
<pin id="266" dir="0" index="1" bw="8" slack="0"/>
<pin id="267" dir="1" index="2" bw="8" slack="0"/>
</pin_list>
<bind>
<opcode="read(1150) " fcode="read"/>
<opset="zext_ln52_4_read/1 "/>
</bind>
</comp>

<comp id="270" class="1004" name="zext_ln52_3_read_read_fu_270">
<pin_list>
<pin id="271" dir="0" index="0" bw="8" slack="0"/>
<pin id="272" dir="0" index="1" bw="8" slack="0"/>
<pin id="273" dir="1" index="2" bw="8" slack="0"/>
</pin_list>
<bind>
<opcode="read(1150) " fcode="read"/>
<opset="zext_ln52_3_read/1 "/>
</bind>
</comp>

<comp id="276" class="1004" name="zext_ln52_2_read_read_fu_276">
<pin_list>
<pin id="277" dir="0" index="0" bw="8" slack="0"/>
<pin id="278" dir="0" index="1" bw="8" slack="0"/>
<pin id="279" dir="1" index="2" bw="8" slack="0"/>
</pin_list>
<bind>
<opcode="read(1150) " fcode="read"/>
<opset="zext_ln52_2_read/1 "/>
</bind>
</comp>

<comp id="282" class="1004" name="zext_ln52_1_read_read_fu_282">
<pin_list>
<pin id="283" dir="0" index="0" bw="8" slack="0"/>
<pin id="284" dir="0" index="1" bw="8" slack="0"/>
<pin id="285" dir="1" index="2" bw="8" slack="0"/>
</pin_list>
<bind>
<opcode="read(1150) " fcode="read"/>
<opset="zext_ln52_1_read/1 "/>
</bind>
</comp>

<comp id="288" class="1004" name="mul_ln52_1_read_read_fu_288">
<pin_list>
<pin id="289" dir="0" index="0" bw="10" slack="0"/>
<pin id="290" dir="0" index="1" bw="10" slack="0"/>
<pin id="291" dir="1" index="2" bw="10" slack="0"/>
</pin_list>
<bind>
<opcode="read(1150) " fcode="read"/>
<opset="mul_ln52_1_read/1 "/>
</bind>
</comp>

<comp id="294" class="1004" name="select_ln39_1_read_read_fu_294">
<pin_list>
<pin id="295" dir="0" index="0" bw="8" slack="0"/>
<pin id="296" dir="0" index="1" bw="8" slack="0"/>
<pin id="297" dir="1" index="2" bw="8" slack="0"/>
</pin_list>
<bind>
<opcode="read(1150) " fcode="read"/>
<opset="select_ln39_1_read/1 "/>
</bind>
</comp>

<comp id="300" class="1004" name="tmp_read_fu_300">
<pin_list>
<pin id="301" dir="0" index="0" bw="12" slack="0"/>
<pin id="302" dir="0" index="1" bw="12" slack="0"/>
<pin id="303" dir="1" index="2" bw="12" slack="0"/>
</pin_list>
<bind>
<opcode="read(1150) " fcode="read"/>
<opset="tmp/1 "/>
</bind>
</comp>

<comp id="306" class="1004" name="add_ln52_10_read_read_fu_306">
<pin_list>
<pin id="307" dir="0" index="0" bw="18" slack="0"/>
<pin id="308" dir="0" index="1" bw="18" slack="0"/>
<pin id="309" dir="1" index="2" bw="18" slack="0"/>
</pin_list>
<bind>
<opcode="read(1150) " fcode="read"/>
<opset="add_ln52_10_read/1 "/>
</bind>
</comp>

<comp id="312" class="1004" name="bitcast_ln52_read_read_fu_312">
<pin_list>
<pin id="313" dir="0" index="0" bw="32" slack="0"/>
<pin id="314" dir="0" index="1" bw="32" slack="0"/>
<pin id="315" dir="1" index="2" bw="32" slack="0"/>
</pin_list>
<bind>
<opcode="read(1150) " fcode="read"/>
<opset="bitcast_ln52_read/1 "/>
</bind>
</comp>

<comp id="318" class="1004" name="output_fm_addr_gep_fu_318">
<pin_list>
<pin id="319" dir="0" index="0" bw="32" slack="0"/>
<pin id="320" dir="0" index="1" bw="1" slack="0"/>
<pin id="321" dir="0" index="2" bw="18" slack="0"/>
<pin id="322" dir="1" index="3" bw="18" slack="65"/>
</pin_list>
<bind>
<opcode="getelementptr(29) " fcode="getelementptr"/>
<opset="output_fm_addr/1 "/>
</bind>
</comp>

<comp id="325" class="1004" name="weights_0_addr_gep_fu_325">
<pin_list>
<pin id="326" dir="0" index="0" bw="32" slack="0"/>
<pin id="327" dir="0" index="1" bw="1" slack="0"/>
<pin id="328" dir="0" index="2" bw="12" slack="0"/>
<pin id="329" dir="1" index="3" bw="12" slack="0"/>
</pin_list>
<bind>
<opcode="getelementptr(29) " fcode="getelementptr"/>
<opset="weights_0_addr/1 "/>
</bind>
</comp>

<comp id="332" class="1004" name="weights_1_addr_gep_fu_332">
<pin_list>
<pin id="333" dir="0" index="0" bw="32" slack="0"/>
<pin id="334" dir="0" index="1" bw="1" slack="0"/>
<pin id="335" dir="0" index="2" bw="12" slack="0"/>
<pin id="336" dir="1" index="3" bw="12" slack="0"/>
</pin_list>
<bind>
<opcode="getelementptr(29) " fcode="getelementptr"/>
<opset="weights_1_addr/1 "/>
</bind>
</comp>

<comp id="339" class="1004" name="weights_2_addr_gep_fu_339">
<pin_list>
<pin id="340" dir="0" index="0" bw="32" slack="0"/>
<pin id="341" dir="0" index="1" bw="1" slack="0"/>
<pin id="342" dir="0" index="2" bw="12" slack="0"/>
<pin id="343" dir="1" index="3" bw="12" slack="0"/>
</pin_list>
<bind>
<opcode="getelementptr(29) " fcode="getelementptr"/>
<opset="weights_2_addr/1 "/>
</bind>
</comp>

<comp id="346" class="1004" name="weights_3_addr_gep_fu_346">
<pin_list>
<pin id="347" dir="0" index="0" bw="32" slack="0"/>
<pin id="348" dir="0" index="1" bw="1" slack="0"/>
<pin id="349" dir="0" index="2" bw="12" slack="0"/>
<pin id="350" dir="1" index="3" bw="12" slack="0"/>
</pin_list>
<bind>
<opcode="getelementptr(29) " fcode="getelementptr"/>
<opset="weights_3_addr/1 "/>
</bind>
</comp>

<comp id="353" class="1004" name="weights_4_addr_gep_fu_353">
<pin_list>
<pin id="354" dir="0" index="0" bw="32" slack="0"/>
<pin id="355" dir="0" index="1" bw="1" slack="0"/>
<pin id="356" dir="0" index="2" bw="12" slack="0"/>
<pin id="357" dir="1" index="3" bw="12" slack="0"/>
</pin_list>
<bind>
<opcode="getelementptr(29) " fcode="getelementptr"/>
<opset="weights_4_addr/1 "/>
</bind>
</comp>

<comp id="360" class="1004" name="weights_5_addr_gep_fu_360">
<pin_list>
<pin id="361" dir="0" index="0" bw="32" slack="0"/>
<pin id="362" dir="0" index="1" bw="1" slack="0"/>
<pin id="363" dir="0" index="2" bw="12" slack="0"/>
<pin id="364" dir="1" index="3" bw="12" slack="0"/>
</pin_list>
<bind>
<opcode="getelementptr(29) " fcode="getelementptr"/>
<opset="weights_5_addr/1 "/>
</bind>
</comp>

<comp id="367" class="1004" name="weights_6_addr_gep_fu_367">
<pin_list>
<pin id="368" dir="0" index="0" bw="32" slack="0"/>
<pin id="369" dir="0" index="1" bw="1" slack="0"/>
<pin id="370" dir="0" index="2" bw="12" slack="0"/>
<pin id="371" dir="1" index="3" bw="12" slack="0"/>
</pin_list>
<bind>
<opcode="getelementptr(29) " fcode="getelementptr"/>
<opset="weights_6_addr/1 "/>
</bind>
</comp>

<comp id="374" class="1004" name="weights_7_addr_gep_fu_374">
<pin_list>
<pin id="375" dir="0" index="0" bw="32" slack="0"/>
<pin id="376" dir="0" index="1" bw="1" slack="0"/>
<pin id="377" dir="0" index="2" bw="12" slack="0"/>
<pin id="378" dir="1" index="3" bw="12" slack="0"/>
</pin_list>
<bind>
<opcode="getelementptr(29) " fcode="getelementptr"/>
<opset="weights_7_addr/1 "/>
</bind>
</comp>

<comp id="381" class="1004" name="weights_8_addr_gep_fu_381">
<pin_list>
<pin id="382" dir="0" index="0" bw="32" slack="0"/>
<pin id="383" dir="0" index="1" bw="1" slack="0"/>
<pin id="384" dir="0" index="2" bw="12" slack="0"/>
<pin id="385" dir="1" index="3" bw="12" slack="0"/>
</pin_list>
<bind>
<opcode="getelementptr(29) " fcode="getelementptr"/>
<opset="weights_8_addr/1 "/>
</bind>
</comp>

<comp id="388" class="1004" name="weights_9_addr_gep_fu_388">
<pin_list>
<pin id="389" dir="0" index="0" bw="32" slack="0"/>
<pin id="390" dir="0" index="1" bw="1" slack="0"/>
<pin id="391" dir="0" index="2" bw="12" slack="0"/>
<pin id="392" dir="1" index="3" bw="12" slack="0"/>
</pin_list>
<bind>
<opcode="getelementptr(29) " fcode="getelementptr"/>
<opset="weights_9_addr/1 "/>
</bind>
</comp>

<comp id="395" class="1004" name="weights_10_addr_gep_fu_395">
<pin_list>
<pin id="396" dir="0" index="0" bw="32" slack="0"/>
<pin id="397" dir="0" index="1" bw="1" slack="0"/>
<pin id="398" dir="0" index="2" bw="12" slack="0"/>
<pin id="399" dir="1" index="3" bw="12" slack="0"/>
</pin_list>
<bind>
<opcode="getelementptr(29) " fcode="getelementptr"/>
<opset="weights_10_addr/1 "/>
</bind>
</comp>

<comp id="402" class="1004" name="grp_access_fu_402">
<pin_list>
<pin id="403" dir="0" index="0" bw="12" slack="0"/>
<pin id="404" dir="0" index="1" bw="32" slack="2147483647"/>
<pin id="405" dir="0" index="2" bw="0" slack="2147483647"/>
<pin id="406" dir="1" index="3" bw="32" slack="5"/>
</pin_list>
<bind>
<opcode="load(27) " fcode="load"/>
<opset="weights_0_load/1 "/>
</bind>
</comp>

<comp id="408" class="1004" name="grp_access_fu_408">
<pin_list>
<pin id="409" dir="0" index="0" bw="12" slack="0"/>
<pin id="410" dir="0" index="1" bw="32" slack="2147483647"/>
<pin id="411" dir="0" index="2" bw="0" slack="2147483647"/>
<pin id="412" dir="1" index="3" bw="32" slack="6"/>
</pin_list>
<bind>
<opcode="load(27) " fcode="load"/>
<opset="weights_1_load/1 "/>
</bind>
</comp>

<comp id="414" class="1004" name="grp_access_fu_414">
<pin_list>
<pin id="415" dir="0" index="0" bw="12" slack="0"/>
<pin id="416" dir="0" index="1" bw="32" slack="2147483647"/>
<pin id="417" dir="0" index="2" bw="0" slack="2147483647"/>
<pin id="418" dir="1" index="3" bw="32" slack="7"/>
</pin_list>
<bind>
<opcode="load(27) " fcode="load"/>
<opset="weights_2_load/1 "/>
</bind>
</comp>

<comp id="420" class="1004" name="grp_access_fu_420">
<pin_list>
<pin id="421" dir="0" index="0" bw="12" slack="0"/>
<pin id="422" dir="0" index="1" bw="32" slack="2147483647"/>
<pin id="423" dir="0" index="2" bw="0" slack="2147483647"/>
<pin id="424" dir="1" index="3" bw="32" slack="8"/>
</pin_list>
<bind>
<opcode="load(27) " fcode="load"/>
<opset="weights_3_load/1 "/>
</bind>
</comp>

<comp id="426" class="1004" name="grp_access_fu_426">
<pin_list>
<pin id="427" dir="0" index="0" bw="12" slack="0"/>
<pin id="428" dir="0" index="1" bw="32" slack="2147483647"/>
<pin id="429" dir="0" index="2" bw="0" slack="2147483647"/>
<pin id="430" dir="1" index="3" bw="32" slack="9"/>
</pin_list>
<bind>
<opcode="load(27) " fcode="load"/>
<opset="weights_4_load/1 "/>
</bind>
</comp>

<comp id="432" class="1004" name="grp_access_fu_432">
<pin_list>
<pin id="433" dir="0" index="0" bw="12" slack="0"/>
<pin id="434" dir="0" index="1" bw="32" slack="2147483647"/>
<pin id="435" dir="0" index="2" bw="0" slack="2147483647"/>
<pin id="436" dir="1" index="3" bw="32" slack="10"/>
</pin_list>
<bind>
<opcode="load(27) " fcode="load"/>
<opset="weights_5_load/1 "/>
</bind>
</comp>

<comp id="438" class="1004" name="grp_access_fu_438">
<pin_list>
<pin id="439" dir="0" index="0" bw="12" slack="0"/>
<pin id="440" dir="0" index="1" bw="32" slack="2147483647"/>
<pin id="441" dir="0" index="2" bw="0" slack="2147483647"/>
<pin id="442" dir="1" index="3" bw="32" slack="11"/>
</pin_list>
<bind>
<opcode="load(27) " fcode="load"/>
<opset="weights_6_load/1 "/>
</bind>
</comp>

<comp id="444" class="1004" name="grp_access_fu_444">
<pin_list>
<pin id="445" dir="0" index="0" bw="12" slack="0"/>
<pin id="446" dir="0" index="1" bw="32" slack="2147483647"/>
<pin id="447" dir="0" index="2" bw="0" slack="2147483647"/>
<pin id="448" dir="1" index="3" bw="32" slack="12"/>
</pin_list>
<bind>
<opcode="load(27) " fcode="load"/>
<opset="weights_7_load/1 "/>
</bind>
</comp>

<comp id="450" class="1004" name="grp_access_fu_450">
<pin_list>
<pin id="451" dir="0" index="0" bw="12" slack="0"/>
<pin id="452" dir="0" index="1" bw="32" slack="2147483647"/>
<pin id="453" dir="0" index="2" bw="0" slack="2147483647"/>
<pin id="454" dir="1" index="3" bw="32" slack="13"/>
</pin_list>
<bind>
<opcode="load(27) " fcode="load"/>
<opset="weights_8_load/1 "/>
</bind>
</comp>

<comp id="456" class="1004" name="grp_access_fu_456">
<pin_list>
<pin id="457" dir="0" index="0" bw="12" slack="0"/>
<pin id="458" dir="0" index="1" bw="32" slack="2147483647"/>
<pin id="459" dir="0" index="2" bw="0" slack="2147483647"/>
<pin id="460" dir="1" index="3" bw="32" slack="14"/>
</pin_list>
<bind>
<opcode="load(27) " fcode="load"/>
<opset="weights_9_load/1 "/>
</bind>
</comp>

<comp id="462" class="1004" name="grp_access_fu_462">
<pin_list>
<pin id="463" dir="0" index="0" bw="12" slack="0"/>
<pin id="464" dir="0" index="1" bw="32" slack="2147483647"/>
<pin id="465" dir="0" index="2" bw="0" slack="2147483647"/>
<pin id="466" dir="1" index="3" bw="32" slack="15"/>
</pin_list>
<bind>
<opcode="load(27) " fcode="load"/>
<opset="weights_10_load/1 "/>
</bind>
</comp>

<comp id="468" class="1004" name="input_fm_0_addr_gep_fu_468">
<pin_list>
<pin id="469" dir="0" index="0" bw="32" slack="0"/>
<pin id="470" dir="0" index="1" bw="1" slack="0"/>
<pin id="471" dir="0" index="2" bw="14" slack="0"/>
<pin id="472" dir="1" index="3" bw="14" slack="0"/>
</pin_list>
<bind>
<opcode="getelementptr(29) " fcode="getelementptr"/>
<opset="input_fm_0_addr/5 "/>
</bind>
</comp>

<comp id="475" class="1004" name="input_fm_0_addr_1_gep_fu_475">
<pin_list>
<pin id="476" dir="0" index="0" bw="32" slack="0"/>
<pin id="477" dir="0" index="1" bw="1" slack="0"/>
<pin id="478" dir="0" index="2" bw="14" slack="0"/>
<pin id="479" dir="1" index="3" bw="14" slack="0"/>
</pin_list>
<bind>
<opcode="getelementptr(29) " fcode="getelementptr"/>
<opset="input_fm_0_addr_1/5 "/>
</bind>
</comp>

<comp id="482" class="1004" name="input_fm_1_addr_gep_fu_482">
<pin_list>
<pin id="483" dir="0" index="0" bw="32" slack="0"/>
<pin id="484" dir="0" index="1" bw="1" slack="0"/>
<pin id="485" dir="0" index="2" bw="14" slack="0"/>
<pin id="486" dir="1" index="3" bw="14" slack="0"/>
</pin_list>
<bind>
<opcode="getelementptr(29) " fcode="getelementptr"/>
<opset="input_fm_1_addr/5 "/>
</bind>
</comp>

<comp id="489" class="1004" name="input_fm_1_addr_1_gep_fu_489">
<pin_list>
<pin id="490" dir="0" index="0" bw="32" slack="0"/>
<pin id="491" dir="0" index="1" bw="1" slack="0"/>
<pin id="492" dir="0" index="2" bw="14" slack="0"/>
<pin id="493" dir="1" index="3" bw="14" slack="0"/>
</pin_list>
<bind>
<opcode="getelementptr(29) " fcode="getelementptr"/>
<opset="input_fm_1_addr_1/5 "/>
</bind>
</comp>

<comp id="496" class="1004" name="input_fm_2_addr_gep_fu_496">
<pin_list>
<pin id="497" dir="0" index="0" bw="32" slack="0"/>
<pin id="498" dir="0" index="1" bw="1" slack="0"/>
<pin id="499" dir="0" index="2" bw="14" slack="0"/>
<pin id="500" dir="1" index="3" bw="14" slack="0"/>
</pin_list>
<bind>
<opcode="getelementptr(29) " fcode="getelementptr"/>
<opset="input_fm_2_addr/5 "/>
</bind>
</comp>

<comp id="503" class="1004" name="input_fm_2_addr_1_gep_fu_503">
<pin_list>
<pin id="504" dir="0" index="0" bw="32" slack="0"/>
<pin id="505" dir="0" index="1" bw="1" slack="0"/>
<pin id="506" dir="0" index="2" bw="14" slack="0"/>
<pin id="507" dir="1" index="3" bw="14" slack="0"/>
</pin_list>
<bind>
<opcode="getelementptr(29) " fcode="getelementptr"/>
<opset="input_fm_2_addr_1/5 "/>
</bind>
</comp>

<comp id="510" class="1004" name="input_fm_3_addr_gep_fu_510">
<pin_list>
<pin id="511" dir="0" index="0" bw="32" slack="0"/>
<pin id="512" dir="0" index="1" bw="1" slack="0"/>
<pin id="513" dir="0" index="2" bw="14" slack="0"/>
<pin id="514" dir="1" index="3" bw="14" slack="0"/>
</pin_list>
<bind>
<opcode="getelementptr(29) " fcode="getelementptr"/>
<opset="input_fm_3_addr/5 "/>
</bind>
</comp>

<comp id="517" class="1004" name="input_fm_3_addr_1_gep_fu_517">
<pin_list>
<pin id="518" dir="0" index="0" bw="32" slack="0"/>
<pin id="519" dir="0" index="1" bw="1" slack="0"/>
<pin id="520" dir="0" index="2" bw="14" slack="0"/>
<pin id="521" dir="1" index="3" bw="14" slack="0"/>
</pin_list>
<bind>
<opcode="getelementptr(29) " fcode="getelementptr"/>
<opset="input_fm_3_addr_1/5 "/>
</bind>
</comp>

<comp id="524" class="1004" name="input_fm_4_addr_gep_fu_524">
<pin_list>
<pin id="525" dir="0" index="0" bw="32" slack="0"/>
<pin id="526" dir="0" index="1" bw="1" slack="0"/>
<pin id="527" dir="0" index="2" bw="14" slack="0"/>
<pin id="528" dir="1" index="3" bw="14" slack="0"/>
</pin_list>
<bind>
<opcode="getelementptr(29) " fcode="getelementptr"/>
<opset="input_fm_4_addr/5 "/>
</bind>
</comp>

<comp id="531" class="1004" name="input_fm_4_addr_1_gep_fu_531">
<pin_list>
<pin id="532" dir="0" index="0" bw="32" slack="0"/>
<pin id="533" dir="0" index="1" bw="1" slack="0"/>
<pin id="534" dir="0" index="2" bw="14" slack="0"/>
<pin id="535" dir="1" index="3" bw="14" slack="0"/>
</pin_list>
<bind>
<opcode="getelementptr(29) " fcode="getelementptr"/>
<opset="input_fm_4_addr_1/5 "/>
</bind>
</comp>

<comp id="538" class="1004" name="input_fm_5_addr_gep_fu_538">
<pin_list>
<pin id="539" dir="0" index="0" bw="32" slack="0"/>
<pin id="540" dir="0" index="1" bw="1" slack="0"/>
<pin id="541" dir="0" index="2" bw="14" slack="0"/>
<pin id="542" dir="1" index="3" bw="14" slack="0"/>
</pin_list>
<bind>
<opcode="getelementptr(29) " fcode="getelementptr"/>
<opset="input_fm_5_addr/5 "/>
</bind>
</comp>

<comp id="545" class="1004" name="input_fm_5_addr_1_gep_fu_545">
<pin_list>
<pin id="546" dir="0" index="0" bw="32" slack="0"/>
<pin id="547" dir="0" index="1" bw="1" slack="0"/>
<pin id="548" dir="0" index="2" bw="14" slack="0"/>
<pin id="549" dir="1" index="3" bw="14" slack="0"/>
</pin_list>
<bind>
<opcode="getelementptr(29) " fcode="getelementptr"/>
<opset="input_fm_5_addr_1/5 "/>
</bind>
</comp>

<comp id="552" class="1004" name="input_fm_6_addr_gep_fu_552">
<pin_list>
<pin id="553" dir="0" index="0" bw="32" slack="0"/>
<pin id="554" dir="0" index="1" bw="1" slack="0"/>
<pin id="555" dir="0" index="2" bw="14" slack="0"/>
<pin id="556" dir="1" index="3" bw="14" slack="0"/>
</pin_list>
<bind>
<opcode="getelementptr(29) " fcode="getelementptr"/>
<opset="input_fm_6_addr/5 "/>
</bind>
</comp>

<comp id="559" class="1004" name="input_fm_6_addr_1_gep_fu_559">
<pin_list>
<pin id="560" dir="0" index="0" bw="32" slack="0"/>
<pin id="561" dir="0" index="1" bw="1" slack="0"/>
<pin id="562" dir="0" index="2" bw="14" slack="0"/>
<pin id="563" dir="1" index="3" bw="14" slack="0"/>
</pin_list>
<bind>
<opcode="getelementptr(29) " fcode="getelementptr"/>
<opset="input_fm_6_addr_1/5 "/>
</bind>
</comp>

<comp id="566" class="1004" name="input_fm_7_addr_gep_fu_566">
<pin_list>
<pin id="567" dir="0" index="0" bw="32" slack="0"/>
<pin id="568" dir="0" index="1" bw="1" slack="0"/>
<pin id="569" dir="0" index="2" bw="14" slack="0"/>
<pin id="570" dir="1" index="3" bw="14" slack="0"/>
</pin_list>
<bind>
<opcode="getelementptr(29) " fcode="getelementptr"/>
<opset="input_fm_7_addr/5 "/>
</bind>
</comp>

<comp id="573" class="1004" name="input_fm_7_addr_1_gep_fu_573">
<pin_list>
<pin id="574" dir="0" index="0" bw="32" slack="0"/>
<pin id="575" dir="0" index="1" bw="1" slack="0"/>
<pin id="576" dir="0" index="2" bw="14" slack="0"/>
<pin id="577" dir="1" index="3" bw="14" slack="0"/>
</pin_list>
<bind>
<opcode="getelementptr(29) " fcode="getelementptr"/>
<opset="input_fm_7_addr_1/5 "/>
</bind>
</comp>

<comp id="580" class="1004" name="input_fm_8_addr_gep_fu_580">
<pin_list>
<pin id="581" dir="0" index="0" bw="32" slack="0"/>
<pin id="582" dir="0" index="1" bw="1" slack="0"/>
<pin id="583" dir="0" index="2" bw="14" slack="0"/>
<pin id="584" dir="1" index="3" bw="14" slack="0"/>
</pin_list>
<bind>
<opcode="getelementptr(29) " fcode="getelementptr"/>
<opset="input_fm_8_addr/5 "/>
</bind>
</comp>

<comp id="587" class="1004" name="input_fm_8_addr_1_gep_fu_587">
<pin_list>
<pin id="588" dir="0" index="0" bw="32" slack="0"/>
<pin id="589" dir="0" index="1" bw="1" slack="0"/>
<pin id="590" dir="0" index="2" bw="14" slack="0"/>
<pin id="591" dir="1" index="3" bw="14" slack="0"/>
</pin_list>
<bind>
<opcode="getelementptr(29) " fcode="getelementptr"/>
<opset="input_fm_8_addr_1/5 "/>
</bind>
</comp>

<comp id="594" class="1004" name="input_fm_9_addr_gep_fu_594">
<pin_list>
<pin id="595" dir="0" index="0" bw="32" slack="0"/>
<pin id="596" dir="0" index="1" bw="1" slack="0"/>
<pin id="597" dir="0" index="2" bw="14" slack="0"/>
<pin id="598" dir="1" index="3" bw="14" slack="0"/>
</pin_list>
<bind>
<opcode="getelementptr(29) " fcode="getelementptr"/>
<opset="input_fm_9_addr/5 "/>
</bind>
</comp>

<comp id="601" class="1004" name="input_fm_9_addr_1_gep_fu_601">
<pin_list>
<pin id="602" dir="0" index="0" bw="32" slack="0"/>
<pin id="603" dir="0" index="1" bw="1" slack="0"/>
<pin id="604" dir="0" index="2" bw="14" slack="0"/>
<pin id="605" dir="1" index="3" bw="14" slack="0"/>
</pin_list>
<bind>
<opcode="getelementptr(29) " fcode="getelementptr"/>
<opset="input_fm_9_addr_1/5 "/>
</bind>
</comp>

<comp id="608" class="1004" name="input_fm_10_addr_gep_fu_608">
<pin_list>
<pin id="609" dir="0" index="0" bw="32" slack="0"/>
<pin id="610" dir="0" index="1" bw="1" slack="0"/>
<pin id="611" dir="0" index="2" bw="14" slack="0"/>
<pin id="612" dir="1" index="3" bw="14" slack="0"/>
</pin_list>
<bind>
<opcode="getelementptr(29) " fcode="getelementptr"/>
<opset="input_fm_10_addr/5 "/>
</bind>
</comp>

<comp id="615" class="1004" name="input_fm_10_addr_1_gep_fu_615">
<pin_list>
<pin id="616" dir="0" index="0" bw="32" slack="0"/>
<pin id="617" dir="0" index="1" bw="1" slack="0"/>
<pin id="618" dir="0" index="2" bw="14" slack="0"/>
<pin id="619" dir="1" index="3" bw="14" slack="0"/>
</pin_list>
<bind>
<opcode="getelementptr(29) " fcode="getelementptr"/>
<opset="input_fm_10_addr_1/5 "/>
</bind>
</comp>

<comp id="622" class="1004" name="grp_access_fu_622">
<pin_list>
<pin id="623" dir="0" index="0" bw="14" slack="0"/>
<pin id="624" dir="0" index="1" bw="32" slack="2147483647"/>
<pin id="625" dir="0" index="2" bw="0" slack="0"/>
<pin id="627" dir="0" index="4" bw="14" slack="2147483647"/>
<pin id="628" dir="0" index="5" bw="32" slack="2147483647"/>
<pin id="629" dir="0" index="6" bw="0" slack="2147483647"/>
<pin id="626" dir="1" index="3" bw="32" slack="0"/>
<pin id="630" dir="1" index="7" bw="32" slack="0"/>
</pin_list>
<bind>
<opcode="load(27) " fcode="load"/>
<opset="input_fm_0_load/5 input_fm_0_load_1/5 input_fm_0_load_2/6 input_fm_0_load_3/6 input_fm_0_load_4/7 input_fm_0_load_5/7 input_fm_0_load_6/8 input_fm_0_load_7/8 input_fm_0_load_8/9 input_fm_0_load_9/9 input_fm_0_load_10/10 "/>
</bind>
</comp>

<comp id="632" class="1004" name="grp_access_fu_632">
<pin_list>
<pin id="633" dir="0" index="0" bw="14" slack="0"/>
<pin id="634" dir="0" index="1" bw="32" slack="2147483647"/>
<pin id="635" dir="0" index="2" bw="0" slack="0"/>
<pin id="637" dir="0" index="4" bw="14" slack="2147483647"/>
<pin id="638" dir="0" index="5" bw="32" slack="2147483647"/>
<pin id="639" dir="0" index="6" bw="0" slack="2147483647"/>
<pin id="636" dir="1" index="3" bw="32" slack="0"/>
<pin id="640" dir="1" index="7" bw="32" slack="0"/>
</pin_list>
<bind>
<opcode="load(27) " fcode="load"/>
<opset="input_fm_1_load/5 input_fm_1_load_1/5 input_fm_1_load_2/6 input_fm_1_load_3/6 input_fm_1_load_4/7 input_fm_1_load_5/7 input_fm_1_load_6/8 input_fm_1_load_7/8 input_fm_1_load_8/9 input_fm_1_load_9/9 input_fm_1_load_10/10 "/>
</bind>
</comp>

<comp id="642" class="1004" name="grp_access_fu_642">
<pin_list>
<pin id="643" dir="0" index="0" bw="14" slack="0"/>
<pin id="644" dir="0" index="1" bw="32" slack="2147483647"/>
<pin id="645" dir="0" index="2" bw="0" slack="0"/>
<pin id="647" dir="0" index="4" bw="14" slack="2147483647"/>
<pin id="648" dir="0" index="5" bw="32" slack="2147483647"/>
<pin id="649" dir="0" index="6" bw="0" slack="2147483647"/>
<pin id="646" dir="1" index="3" bw="32" slack="0"/>
<pin id="650" dir="1" index="7" bw="32" slack="0"/>
</pin_list>
<bind>
<opcode="load(27) " fcode="load"/>
<opset="input_fm_2_load/5 input_fm_2_load_1/5 input_fm_2_load_2/6 input_fm_2_load_3/6 input_fm_2_load_4/7 input_fm_2_load_5/7 input_fm_2_load_6/8 input_fm_2_load_7/8 input_fm_2_load_8/9 input_fm_2_load_9/9 input_fm_2_load_10/10 "/>
</bind>
</comp>

<comp id="652" class="1004" name="grp_access_fu_652">
<pin_list>
<pin id="653" dir="0" index="0" bw="14" slack="0"/>
<pin id="654" dir="0" index="1" bw="32" slack="2147483647"/>
<pin id="655" dir="0" index="2" bw="0" slack="0"/>
<pin id="657" dir="0" index="4" bw="14" slack="2147483647"/>
<pin id="658" dir="0" index="5" bw="32" slack="2147483647"/>
<pin id="659" dir="0" index="6" bw="0" slack="2147483647"/>
<pin id="656" dir="1" index="3" bw="32" slack="0"/>
<pin id="660" dir="1" index="7" bw="32" slack="0"/>
</pin_list>
<bind>
<opcode="load(27) " fcode="load"/>
<opset="input_fm_3_load/5 input_fm_3_load_1/5 input_fm_3_load_2/6 input_fm_3_load_3/6 input_fm_3_load_4/7 input_fm_3_load_5/7 input_fm_3_load_6/8 input_fm_3_load_7/8 input_fm_3_load_8/9 input_fm_3_load_9/9 input_fm_3_load_10/10 "/>
</bind>
</comp>

<comp id="662" class="1004" name="grp_access_fu_662">
<pin_list>
<pin id="663" dir="0" index="0" bw="14" slack="0"/>
<pin id="664" dir="0" index="1" bw="32" slack="2147483647"/>
<pin id="665" dir="0" index="2" bw="0" slack="0"/>
<pin id="667" dir="0" index="4" bw="14" slack="2147483647"/>
<pin id="668" dir="0" index="5" bw="32" slack="2147483647"/>
<pin id="669" dir="0" index="6" bw="0" slack="2147483647"/>
<pin id="666" dir="1" index="3" bw="32" slack="0"/>
<pin id="670" dir="1" index="7" bw="32" slack="0"/>
</pin_list>
<bind>
<opcode="load(27) " fcode="load"/>
<opset="input_fm_4_load/5 input_fm_4_load_1/5 input_fm_4_load_2/6 input_fm_4_load_3/6 input_fm_4_load_4/7 input_fm_4_load_5/7 input_fm_4_load_6/8 input_fm_4_load_7/8 input_fm_4_load_8/9 input_fm_4_load_9/9 input_fm_4_load_10/10 "/>
</bind>
</comp>

<comp id="672" class="1004" name="grp_access_fu_672">
<pin_list>
<pin id="673" dir="0" index="0" bw="14" slack="0"/>
<pin id="674" dir="0" index="1" bw="32" slack="2147483647"/>
<pin id="675" dir="0" index="2" bw="0" slack="0"/>
<pin id="677" dir="0" index="4" bw="14" slack="2147483647"/>
<pin id="678" dir="0" index="5" bw="32" slack="2147483647"/>
<pin id="679" dir="0" index="6" bw="0" slack="2147483647"/>
<pin id="676" dir="1" index="3" bw="32" slack="0"/>
<pin id="680" dir="1" index="7" bw="32" slack="0"/>
</pin_list>
<bind>
<opcode="load(27) " fcode="load"/>
<opset="input_fm_5_load/5 input_fm_5_load_1/5 input_fm_5_load_2/6 input_fm_5_load_3/6 input_fm_5_load_4/7 input_fm_5_load_5/7 input_fm_5_load_6/8 input_fm_5_load_7/8 input_fm_5_load_8/9 input_fm_5_load_9/9 input_fm_5_load_10/10 "/>
</bind>
</comp>

<comp id="682" class="1004" name="grp_access_fu_682">
<pin_list>
<pin id="683" dir="0" index="0" bw="14" slack="0"/>
<pin id="684" dir="0" index="1" bw="32" slack="2147483647"/>
<pin id="685" dir="0" index="2" bw="0" slack="0"/>
<pin id="687" dir="0" index="4" bw="14" slack="2147483647"/>
<pin id="688" dir="0" index="5" bw="32" slack="2147483647"/>
<pin id="689" dir="0" index="6" bw="0" slack="2147483647"/>
<pin id="686" dir="1" index="3" bw="32" slack="0"/>
<pin id="690" dir="1" index="7" bw="32" slack="0"/>
</pin_list>
<bind>
<opcode="load(27) " fcode="load"/>
<opset="input_fm_6_load/5 input_fm_6_load_1/5 input_fm_6_load_2/6 input_fm_6_load_3/6 input_fm_6_load_4/7 input_fm_6_load_5/7 input_fm_6_load_6/8 input_fm_6_load_7/8 input_fm_6_load_8/9 input_fm_6_load_9/9 input_fm_6_load_10/10 "/>
</bind>
</comp>

<comp id="692" class="1004" name="grp_access_fu_692">
<pin_list>
<pin id="693" dir="0" index="0" bw="14" slack="0"/>
<pin id="694" dir="0" index="1" bw="32" slack="2147483647"/>
<pin id="695" dir="0" index="2" bw="0" slack="0"/>
<pin id="697" dir="0" index="4" bw="14" slack="2147483647"/>
<pin id="698" dir="0" index="5" bw="32" slack="2147483647"/>
<pin id="699" dir="0" index="6" bw="0" slack="2147483647"/>
<pin id="696" dir="1" index="3" bw="32" slack="0"/>
<pin id="700" dir="1" index="7" bw="32" slack="0"/>
</pin_list>
<bind>
<opcode="load(27) " fcode="load"/>
<opset="input_fm_7_load/5 input_fm_7_load_1/5 input_fm_7_load_2/6 input_fm_7_load_3/6 input_fm_7_load_4/7 input_fm_7_load_5/7 input_fm_7_load_6/8 input_fm_7_load_7/8 input_fm_7_load_8/9 input_fm_7_load_9/9 input_fm_7_load_10/10 "/>
</bind>
</comp>

<comp id="702" class="1004" name="grp_access_fu_702">
<pin_list>
<pin id="703" dir="0" index="0" bw="14" slack="0"/>
<pin id="704" dir="0" index="1" bw="32" slack="2147483647"/>
<pin id="705" dir="0" index="2" bw="0" slack="0"/>
<pin id="707" dir="0" index="4" bw="14" slack="2147483647"/>
<pin id="708" dir="0" index="5" bw="32" slack="2147483647"/>
<pin id="709" dir="0" index="6" bw="0" slack="2147483647"/>
<pin id="706" dir="1" index="3" bw="32" slack="0"/>
<pin id="710" dir="1" index="7" bw="32" slack="0"/>
</pin_list>
<bind>
<opcode="load(27) " fcode="load"/>
<opset="input_fm_8_load/5 input_fm_8_load_1/5 input_fm_8_load_2/6 input_fm_8_load_3/6 input_fm_8_load_4/7 input_fm_8_load_5/7 input_fm_8_load_6/8 input_fm_8_load_7/8 input_fm_8_load_8/9 input_fm_8_load_9/9 input_fm_8_load_10/10 "/>
</bind>
</comp>

<comp id="712" class="1004" name="grp_access_fu_712">
<pin_list>
<pin id="713" dir="0" index="0" bw="14" slack="0"/>
<pin id="714" dir="0" index="1" bw="32" slack="2147483647"/>
<pin id="715" dir="0" index="2" bw="0" slack="0"/>
<pin id="717" dir="0" index="4" bw="14" slack="2147483647"/>
<pin id="718" dir="0" index="5" bw="32" slack="2147483647"/>
<pin id="719" dir="0" index="6" bw="0" slack="2147483647"/>
<pin id="716" dir="1" index="3" bw="32" slack="0"/>
<pin id="720" dir="1" index="7" bw="32" slack="0"/>
</pin_list>
<bind>
<opcode="load(27) " fcode="load"/>
<opset="input_fm_9_load/5 input_fm_9_load_1/5 input_fm_9_load_2/6 input_fm_9_load_3/6 input_fm_9_load_4/7 input_fm_9_load_5/7 input_fm_9_load_6/8 input_fm_9_load_7/8 input_fm_9_load_8/9 input_fm_9_load_9/9 input_fm_9_load_10/10 "/>
</bind>
</comp>

<comp id="722" class="1004" name="grp_access_fu_722">
<pin_list>
<pin id="723" dir="0" index="0" bw="14" slack="0"/>
<pin id="724" dir="0" index="1" bw="32" slack="2147483647"/>
<pin id="725" dir="0" index="2" bw="0" slack="0"/>
<pin id="727" dir="0" index="4" bw="14" slack="2147483647"/>
<pin id="728" dir="0" index="5" bw="32" slack="2147483647"/>
<pin id="729" dir="0" index="6" bw="0" slack="2147483647"/>
<pin id="726" dir="1" index="3" bw="32" slack="0"/>
<pin id="730" dir="1" index="7" bw="32" slack="0"/>
</pin_list>
<bind>
<opcode="load(27) " fcode="load"/>
<opset="input_fm_10_load/5 input_fm_10_load_1/5 input_fm_10_load_2/6 input_fm_10_load_3/6 input_fm_10_load_4/7 input_fm_10_load_5/7 input_fm_10_load_6/8 input_fm_10_load_7/8 input_fm_10_load_8/9 input_fm_10_load_9/9 input_fm_10_load_10/10 "/>
</bind>
</comp>

<comp id="743" class="1004" name="input_fm_0_addr_2_gep_fu_743">
<pin_list>
<pin id="744" dir="0" index="0" bw="32" slack="0"/>
<pin id="745" dir="0" index="1" bw="1" slack="0"/>
<pin id="746" dir="0" index="2" bw="14" slack="0"/>
<pin id="747" dir="1" index="3" bw="14" slack="0"/>
</pin_list>
<bind>
<opcode="getelementptr(29) " fcode="getelementptr"/>
<opset="input_fm_0_addr_2/6 "/>
</bind>
</comp>

<comp id="750" class="1004" name="input_fm_0_addr_3_gep_fu_750">
<pin_list>
<pin id="751" dir="0" index="0" bw="32" slack="0"/>
<pin id="752" dir="0" index="1" bw="1" slack="0"/>
<pin id="753" dir="0" index="2" bw="14" slack="0"/>
<pin id="754" dir="1" index="3" bw="14" slack="0"/>
</pin_list>
<bind>
<opcode="getelementptr(29) " fcode="getelementptr"/>
<opset="input_fm_0_addr_3/6 "/>
</bind>
</comp>

<comp id="757" class="1004" name="input_fm_1_addr_2_gep_fu_757">
<pin_list>
<pin id="758" dir="0" index="0" bw="32" slack="0"/>
<pin id="759" dir="0" index="1" bw="1" slack="0"/>
<pin id="760" dir="0" index="2" bw="14" slack="0"/>
<pin id="761" dir="1" index="3" bw="14" slack="0"/>
</pin_list>
<bind>
<opcode="getelementptr(29) " fcode="getelementptr"/>
<opset="input_fm_1_addr_2/6 "/>
</bind>
</comp>

<comp id="764" class="1004" name="input_fm_1_addr_3_gep_fu_764">
<pin_list>
<pin id="765" dir="0" index="0" bw="32" slack="0"/>
<pin id="766" dir="0" index="1" bw="1" slack="0"/>
<pin id="767" dir="0" index="2" bw="14" slack="0"/>
<pin id="768" dir="1" index="3" bw="14" slack="0"/>
</pin_list>
<bind>
<opcode="getelementptr(29) " fcode="getelementptr"/>
<opset="input_fm_1_addr_3/6 "/>
</bind>
</comp>

<comp id="771" class="1004" name="input_fm_2_addr_2_gep_fu_771">
<pin_list>
<pin id="772" dir="0" index="0" bw="32" slack="0"/>
<pin id="773" dir="0" index="1" bw="1" slack="0"/>
<pin id="774" dir="0" index="2" bw="14" slack="0"/>
<pin id="775" dir="1" index="3" bw="14" slack="0"/>
</pin_list>
<bind>
<opcode="getelementptr(29) " fcode="getelementptr"/>
<opset="input_fm_2_addr_2/6 "/>
</bind>
</comp>

<comp id="778" class="1004" name="input_fm_2_addr_3_gep_fu_778">
<pin_list>
<pin id="779" dir="0" index="0" bw="32" slack="0"/>
<pin id="780" dir="0" index="1" bw="1" slack="0"/>
<pin id="781" dir="0" index="2" bw="14" slack="0"/>
<pin id="782" dir="1" index="3" bw="14" slack="0"/>
</pin_list>
<bind>
<opcode="getelementptr(29) " fcode="getelementptr"/>
<opset="input_fm_2_addr_3/6 "/>
</bind>
</comp>

<comp id="785" class="1004" name="input_fm_3_addr_2_gep_fu_785">
<pin_list>
<pin id="786" dir="0" index="0" bw="32" slack="0"/>
<pin id="787" dir="0" index="1" bw="1" slack="0"/>
<pin id="788" dir="0" index="2" bw="14" slack="0"/>
<pin id="789" dir="1" index="3" bw="14" slack="0"/>
</pin_list>
<bind>
<opcode="getelementptr(29) " fcode="getelementptr"/>
<opset="input_fm_3_addr_2/6 "/>
</bind>
</comp>

<comp id="792" class="1004" name="input_fm_3_addr_3_gep_fu_792">
<pin_list>
<pin id="793" dir="0" index="0" bw="32" slack="0"/>
<pin id="794" dir="0" index="1" bw="1" slack="0"/>
<pin id="795" dir="0" index="2" bw="14" slack="0"/>
<pin id="796" dir="1" index="3" bw="14" slack="0"/>
</pin_list>
<bind>
<opcode="getelementptr(29) " fcode="getelementptr"/>
<opset="input_fm_3_addr_3/6 "/>
</bind>
</comp>

<comp id="799" class="1004" name="input_fm_4_addr_2_gep_fu_799">
<pin_list>
<pin id="800" dir="0" index="0" bw="32" slack="0"/>
<pin id="801" dir="0" index="1" bw="1" slack="0"/>
<pin id="802" dir="0" index="2" bw="14" slack="0"/>
<pin id="803" dir="1" index="3" bw="14" slack="0"/>
</pin_list>
<bind>
<opcode="getelementptr(29) " fcode="getelementptr"/>
<opset="input_fm_4_addr_2/6 "/>
</bind>
</comp>

<comp id="806" class="1004" name="input_fm_4_addr_3_gep_fu_806">
<pin_list>
<pin id="807" dir="0" index="0" bw="32" slack="0"/>
<pin id="808" dir="0" index="1" bw="1" slack="0"/>
<pin id="809" dir="0" index="2" bw="14" slack="0"/>
<pin id="810" dir="1" index="3" bw="14" slack="0"/>
</pin_list>
<bind>
<opcode="getelementptr(29) " fcode="getelementptr"/>
<opset="input_fm_4_addr_3/6 "/>
</bind>
</comp>

<comp id="813" class="1004" name="input_fm_5_addr_2_gep_fu_813">
<pin_list>
<pin id="814" dir="0" index="0" bw="32" slack="0"/>
<pin id="815" dir="0" index="1" bw="1" slack="0"/>
<pin id="816" dir="0" index="2" bw="14" slack="0"/>
<pin id="817" dir="1" index="3" bw="14" slack="0"/>
</pin_list>
<bind>
<opcode="getelementptr(29) " fcode="getelementptr"/>
<opset="input_fm_5_addr_2/6 "/>
</bind>
</comp>

<comp id="820" class="1004" name="input_fm_5_addr_3_gep_fu_820">
<pin_list>
<pin id="821" dir="0" index="0" bw="32" slack="0"/>
<pin id="822" dir="0" index="1" bw="1" slack="0"/>
<pin id="823" dir="0" index="2" bw="14" slack="0"/>
<pin id="824" dir="1" index="3" bw="14" slack="0"/>
</pin_list>
<bind>
<opcode="getelementptr(29) " fcode="getelementptr"/>
<opset="input_fm_5_addr_3/6 "/>
</bind>
</comp>

<comp id="827" class="1004" name="input_fm_6_addr_2_gep_fu_827">
<pin_list>
<pin id="828" dir="0" index="0" bw="32" slack="0"/>
<pin id="829" dir="0" index="1" bw="1" slack="0"/>
<pin id="830" dir="0" index="2" bw="14" slack="0"/>
<pin id="831" dir="1" index="3" bw="14" slack="0"/>
</pin_list>
<bind>
<opcode="getelementptr(29) " fcode="getelementptr"/>
<opset="input_fm_6_addr_2/6 "/>
</bind>
</comp>

<comp id="834" class="1004" name="input_fm_6_addr_3_gep_fu_834">
<pin_list>
<pin id="835" dir="0" index="0" bw="32" slack="0"/>
<pin id="836" dir="0" index="1" bw="1" slack="0"/>
<pin id="837" dir="0" index="2" bw="14" slack="0"/>
<pin id="838" dir="1" index="3" bw="14" slack="0"/>
</pin_list>
<bind>
<opcode="getelementptr(29) " fcode="getelementptr"/>
<opset="input_fm_6_addr_3/6 "/>
</bind>
</comp>

<comp id="841" class="1004" name="input_fm_7_addr_2_gep_fu_841">
<pin_list>
<pin id="842" dir="0" index="0" bw="32" slack="0"/>
<pin id="843" dir="0" index="1" bw="1" slack="0"/>
<pin id="844" dir="0" index="2" bw="14" slack="0"/>
<pin id="845" dir="1" index="3" bw="14" slack="0"/>
</pin_list>
<bind>
<opcode="getelementptr(29) " fcode="getelementptr"/>
<opset="input_fm_7_addr_2/6 "/>
</bind>
</comp>

<comp id="848" class="1004" name="input_fm_7_addr_3_gep_fu_848">
<pin_list>
<pin id="849" dir="0" index="0" bw="32" slack="0"/>
<pin id="850" dir="0" index="1" bw="1" slack="0"/>
<pin id="851" dir="0" index="2" bw="14" slack="0"/>
<pin id="852" dir="1" index="3" bw="14" slack="0"/>
</pin_list>
<bind>
<opcode="getelementptr(29) " fcode="getelementptr"/>
<opset="input_fm_7_addr_3/6 "/>
</bind>
</comp>

<comp id="855" class="1004" name="input_fm_8_addr_2_gep_fu_855">
<pin_list>
<pin id="856" dir="0" index="0" bw="32" slack="0"/>
<pin id="857" dir="0" index="1" bw="1" slack="0"/>
<pin id="858" dir="0" index="2" bw="14" slack="0"/>
<pin id="859" dir="1" index="3" bw="14" slack="0"/>
</pin_list>
<bind>
<opcode="getelementptr(29) " fcode="getelementptr"/>
<opset="input_fm_8_addr_2/6 "/>
</bind>
</comp>

<comp id="862" class="1004" name="input_fm_8_addr_3_gep_fu_862">
<pin_list>
<pin id="863" dir="0" index="0" bw="32" slack="0"/>
<pin id="864" dir="0" index="1" bw="1" slack="0"/>
<pin id="865" dir="0" index="2" bw="14" slack="0"/>
<pin id="866" dir="1" index="3" bw="14" slack="0"/>
</pin_list>
<bind>
<opcode="getelementptr(29) " fcode="getelementptr"/>
<opset="input_fm_8_addr_3/6 "/>
</bind>
</comp>

<comp id="869" class="1004" name="input_fm_9_addr_2_gep_fu_869">
<pin_list>
<pin id="870" dir="0" index="0" bw="32" slack="0"/>
<pin id="871" dir="0" index="1" bw="1" slack="0"/>
<pin id="872" dir="0" index="2" bw="14" slack="0"/>
<pin id="873" dir="1" index="3" bw="14" slack="0"/>
</pin_list>
<bind>
<opcode="getelementptr(29) " fcode="getelementptr"/>
<opset="input_fm_9_addr_2/6 "/>
</bind>
</comp>

<comp id="876" class="1004" name="input_fm_9_addr_3_gep_fu_876">
<pin_list>
<pin id="877" dir="0" index="0" bw="32" slack="0"/>
<pin id="878" dir="0" index="1" bw="1" slack="0"/>
<pin id="879" dir="0" index="2" bw="14" slack="0"/>
<pin id="880" dir="1" index="3" bw="14" slack="0"/>
</pin_list>
<bind>
<opcode="getelementptr(29) " fcode="getelementptr"/>
<opset="input_fm_9_addr_3/6 "/>
</bind>
</comp>

<comp id="883" class="1004" name="input_fm_10_addr_2_gep_fu_883">
<pin_list>
<pin id="884" dir="0" index="0" bw="32" slack="0"/>
<pin id="885" dir="0" index="1" bw="1" slack="0"/>
<pin id="886" dir="0" index="2" bw="14" slack="0"/>
<pin id="887" dir="1" index="3" bw="14" slack="0"/>
</pin_list>
<bind>
<opcode="getelementptr(29) " fcode="getelementptr"/>
<opset="input_fm_10_addr_2/6 "/>
</bind>
</comp>

<comp id="890" class="1004" name="input_fm_10_addr_3_gep_fu_890">
<pin_list>
<pin id="891" dir="0" index="0" bw="32" slack="0"/>
<pin id="892" dir="0" index="1" bw="1" slack="0"/>
<pin id="893" dir="0" index="2" bw="14" slack="0"/>
<pin id="894" dir="1" index="3" bw="14" slack="0"/>
</pin_list>
<bind>
<opcode="getelementptr(29) " fcode="getelementptr"/>
<opset="input_fm_10_addr_3/6 "/>
</bind>
</comp>

<comp id="919" class="1004" name="input_fm_0_addr_4_gep_fu_919">
<pin_list>
<pin id="920" dir="0" index="0" bw="32" slack="0"/>
<pin id="921" dir="0" index="1" bw="1" slack="0"/>
<pin id="922" dir="0" index="2" bw="14" slack="0"/>
<pin id="923" dir="1" index="3" bw="14" slack="0"/>
</pin_list>
<bind>
<opcode="getelementptr(29) " fcode="getelementptr"/>
<opset="input_fm_0_addr_4/7 "/>
</bind>
</comp>

<comp id="926" class="1004" name="input_fm_0_addr_5_gep_fu_926">
<pin_list>
<pin id="927" dir="0" index="0" bw="32" slack="0"/>
<pin id="928" dir="0" index="1" bw="1" slack="0"/>
<pin id="929" dir="0" index="2" bw="14" slack="0"/>
<pin id="930" dir="1" index="3" bw="14" slack="0"/>
</pin_list>
<bind>
<opcode="getelementptr(29) " fcode="getelementptr"/>
<opset="input_fm_0_addr_5/7 "/>
</bind>
</comp>

<comp id="933" class="1004" name="input_fm_1_addr_4_gep_fu_933">
<pin_list>
<pin id="934" dir="0" index="0" bw="32" slack="0"/>
<pin id="935" dir="0" index="1" bw="1" slack="0"/>
<pin id="936" dir="0" index="2" bw="14" slack="0"/>
<pin id="937" dir="1" index="3" bw="14" slack="0"/>
</pin_list>
<bind>
<opcode="getelementptr(29) " fcode="getelementptr"/>
<opset="input_fm_1_addr_4/7 "/>
</bind>
</comp>

<comp id="940" class="1004" name="input_fm_1_addr_5_gep_fu_940">
<pin_list>
<pin id="941" dir="0" index="0" bw="32" slack="0"/>
<pin id="942" dir="0" index="1" bw="1" slack="0"/>
<pin id="943" dir="0" index="2" bw="14" slack="0"/>
<pin id="944" dir="1" index="3" bw="14" slack="0"/>
</pin_list>
<bind>
<opcode="getelementptr(29) " fcode="getelementptr"/>
<opset="input_fm_1_addr_5/7 "/>
</bind>
</comp>

<comp id="947" class="1004" name="input_fm_2_addr_4_gep_fu_947">
<pin_list>
<pin id="948" dir="0" index="0" bw="32" slack="0"/>
<pin id="949" dir="0" index="1" bw="1" slack="0"/>
<pin id="950" dir="0" index="2" bw="14" slack="0"/>
<pin id="951" dir="1" index="3" bw="14" slack="0"/>
</pin_list>
<bind>
<opcode="getelementptr(29) " fcode="getelementptr"/>
<opset="input_fm_2_addr_4/7 "/>
</bind>
</comp>

<comp id="954" class="1004" name="input_fm_2_addr_5_gep_fu_954">
<pin_list>
<pin id="955" dir="0" index="0" bw="32" slack="0"/>
<pin id="956" dir="0" index="1" bw="1" slack="0"/>
<pin id="957" dir="0" index="2" bw="14" slack="0"/>
<pin id="958" dir="1" index="3" bw="14" slack="0"/>
</pin_list>
<bind>
<opcode="getelementptr(29) " fcode="getelementptr"/>
<opset="input_fm_2_addr_5/7 "/>
</bind>
</comp>

<comp id="961" class="1004" name="input_fm_3_addr_4_gep_fu_961">
<pin_list>
<pin id="962" dir="0" index="0" bw="32" slack="0"/>
<pin id="963" dir="0" index="1" bw="1" slack="0"/>
<pin id="964" dir="0" index="2" bw="14" slack="0"/>
<pin id="965" dir="1" index="3" bw="14" slack="0"/>
</pin_list>
<bind>
<opcode="getelementptr(29) " fcode="getelementptr"/>
<opset="input_fm_3_addr_4/7 "/>
</bind>
</comp>

<comp id="968" class="1004" name="input_fm_3_addr_5_gep_fu_968">
<pin_list>
<pin id="969" dir="0" index="0" bw="32" slack="0"/>
<pin id="970" dir="0" index="1" bw="1" slack="0"/>
<pin id="971" dir="0" index="2" bw="14" slack="0"/>
<pin id="972" dir="1" index="3" bw="14" slack="0"/>
</pin_list>
<bind>
<opcode="getelementptr(29) " fcode="getelementptr"/>
<opset="input_fm_3_addr_5/7 "/>
</bind>
</comp>

<comp id="975" class="1004" name="input_fm_4_addr_4_gep_fu_975">
<pin_list>
<pin id="976" dir="0" index="0" bw="32" slack="0"/>
<pin id="977" dir="0" index="1" bw="1" slack="0"/>
<pin id="978" dir="0" index="2" bw="14" slack="0"/>
<pin id="979" dir="1" index="3" bw="14" slack="0"/>
</pin_list>
<bind>
<opcode="getelementptr(29) " fcode="getelementptr"/>
<opset="input_fm_4_addr_4/7 "/>
</bind>
</comp>

<comp id="982" class="1004" name="input_fm_4_addr_5_gep_fu_982">
<pin_list>
<pin id="983" dir="0" index="0" bw="32" slack="0"/>
<pin id="984" dir="0" index="1" bw="1" slack="0"/>
<pin id="985" dir="0" index="2" bw="14" slack="0"/>
<pin id="986" dir="1" index="3" bw="14" slack="0"/>
</pin_list>
<bind>
<opcode="getelementptr(29) " fcode="getelementptr"/>
<opset="input_fm_4_addr_5/7 "/>
</bind>
</comp>

<comp id="989" class="1004" name="input_fm_5_addr_4_gep_fu_989">
<pin_list>
<pin id="990" dir="0" index="0" bw="32" slack="0"/>
<pin id="991" dir="0" index="1" bw="1" slack="0"/>
<pin id="992" dir="0" index="2" bw="14" slack="0"/>
<pin id="993" dir="1" index="3" bw="14" slack="0"/>
</pin_list>
<bind>
<opcode="getelementptr(29) " fcode="getelementptr"/>
<opset="input_fm_5_addr_4/7 "/>
</bind>
</comp>

<comp id="996" class="1004" name="input_fm_5_addr_5_gep_fu_996">
<pin_list>
<pin id="997" dir="0" index="0" bw="32" slack="0"/>
<pin id="998" dir="0" index="1" bw="1" slack="0"/>
<pin id="999" dir="0" index="2" bw="14" slack="0"/>
<pin id="1000" dir="1" index="3" bw="14" slack="0"/>
</pin_list>
<bind>
<opcode="getelementptr(29) " fcode="getelementptr"/>
<opset="input_fm_5_addr_5/7 "/>
</bind>
</comp>

<comp id="1003" class="1004" name="input_fm_6_addr_4_gep_fu_1003">
<pin_list>
<pin id="1004" dir="0" index="0" bw="32" slack="0"/>
<pin id="1005" dir="0" index="1" bw="1" slack="0"/>
<pin id="1006" dir="0" index="2" bw="14" slack="0"/>
<pin id="1007" dir="1" index="3" bw="14" slack="0"/>
</pin_list>
<bind>
<opcode="getelementptr(29) " fcode="getelementptr"/>
<opset="input_fm_6_addr_4/7 "/>
</bind>
</comp>

<comp id="1010" class="1004" name="input_fm_6_addr_5_gep_fu_1010">
<pin_list>
<pin id="1011" dir="0" index="0" bw="32" slack="0"/>
<pin id="1012" dir="0" index="1" bw="1" slack="0"/>
<pin id="1013" dir="0" index="2" bw="14" slack="0"/>
<pin id="1014" dir="1" index="3" bw="14" slack="0"/>
</pin_list>
<bind>
<opcode="getelementptr(29) " fcode="getelementptr"/>
<opset="input_fm_6_addr_5/7 "/>
</bind>
</comp>

<comp id="1017" class="1004" name="input_fm_7_addr_4_gep_fu_1017">
<pin_list>
<pin id="1018" dir="0" index="0" bw="32" slack="0"/>
<pin id="1019" dir="0" index="1" bw="1" slack="0"/>
<pin id="1020" dir="0" index="2" bw="14" slack="0"/>
<pin id="1021" dir="1" index="3" bw="14" slack="0"/>
</pin_list>
<bind>
<opcode="getelementptr(29) " fcode="getelementptr"/>
<opset="input_fm_7_addr_4/7 "/>
</bind>
</comp>

<comp id="1024" class="1004" name="input_fm_7_addr_5_gep_fu_1024">
<pin_list>
<pin id="1025" dir="0" index="0" bw="32" slack="0"/>
<pin id="1026" dir="0" index="1" bw="1" slack="0"/>
<pin id="1027" dir="0" index="2" bw="14" slack="0"/>
<pin id="1028" dir="1" index="3" bw="14" slack="0"/>
</pin_list>
<bind>
<opcode="getelementptr(29) " fcode="getelementptr"/>
<opset="input_fm_7_addr_5/7 "/>
</bind>
</comp>

<comp id="1031" class="1004" name="input_fm_8_addr_4_gep_fu_1031">
<pin_list>
<pin id="1032" dir="0" index="0" bw="32" slack="0"/>
<pin id="1033" dir="0" index="1" bw="1" slack="0"/>
<pin id="1034" dir="0" index="2" bw="14" slack="0"/>
<pin id="1035" dir="1" index="3" bw="14" slack="0"/>
</pin_list>
<bind>
<opcode="getelementptr(29) " fcode="getelementptr"/>
<opset="input_fm_8_addr_4/7 "/>
</bind>
</comp>

<comp id="1038" class="1004" name="input_fm_8_addr_5_gep_fu_1038">
<pin_list>
<pin id="1039" dir="0" index="0" bw="32" slack="0"/>
<pin id="1040" dir="0" index="1" bw="1" slack="0"/>
<pin id="1041" dir="0" index="2" bw="14" slack="0"/>
<pin id="1042" dir="1" index="3" bw="14" slack="0"/>
</pin_list>
<bind>
<opcode="getelementptr(29) " fcode="getelementptr"/>
<opset="input_fm_8_addr_5/7 "/>
</bind>
</comp>

<comp id="1045" class="1004" name="input_fm_9_addr_4_gep_fu_1045">
<pin_list>
<pin id="1046" dir="0" index="0" bw="32" slack="0"/>
<pin id="1047" dir="0" index="1" bw="1" slack="0"/>
<pin id="1048" dir="0" index="2" bw="14" slack="0"/>
<pin id="1049" dir="1" index="3" bw="14" slack="0"/>
</pin_list>
<bind>
<opcode="getelementptr(29) " fcode="getelementptr"/>
<opset="input_fm_9_addr_4/7 "/>
</bind>
</comp>

<comp id="1052" class="1004" name="input_fm_9_addr_5_gep_fu_1052">
<pin_list>
<pin id="1053" dir="0" index="0" bw="32" slack="0"/>
<pin id="1054" dir="0" index="1" bw="1" slack="0"/>
<pin id="1055" dir="0" index="2" bw="14" slack="0"/>
<pin id="1056" dir="1" index="3" bw="14" slack="0"/>
</pin_list>
<bind>
<opcode="getelementptr(29) " fcode="getelementptr"/>
<opset="input_fm_9_addr_5/7 "/>
</bind>
</comp>

<comp id="1059" class="1004" name="input_fm_10_addr_4_gep_fu_1059">
<pin_list>
<pin id="1060" dir="0" index="0" bw="32" slack="0"/>
<pin id="1061" dir="0" index="1" bw="1" slack="0"/>
<pin id="1062" dir="0" index="2" bw="14" slack="0"/>
<pin id="1063" dir="1" index="3" bw="14" slack="0"/>
</pin_list>
<bind>
<opcode="getelementptr(29) " fcode="getelementptr"/>
<opset="input_fm_10_addr_4/7 "/>
</bind>
</comp>

<comp id="1066" class="1004" name="input_fm_10_addr_5_gep_fu_1066">
<pin_list>
<pin id="1067" dir="0" index="0" bw="32" slack="0"/>
<pin id="1068" dir="0" index="1" bw="1" slack="0"/>
<pin id="1069" dir="0" index="2" bw="14" slack="0"/>
<pin id="1070" dir="1" index="3" bw="14" slack="0"/>
</pin_list>
<bind>
<opcode="getelementptr(29) " fcode="getelementptr"/>
<opset="input_fm_10_addr_5/7 "/>
</bind>
</comp>

<comp id="1095" class="1004" name="input_fm_0_addr_6_gep_fu_1095">
<pin_list>
<pin id="1096" dir="0" index="0" bw="32" slack="0"/>
<pin id="1097" dir="0" index="1" bw="1" slack="0"/>
<pin id="1098" dir="0" index="2" bw="14" slack="0"/>
<pin id="1099" dir="1" index="3" bw="14" slack="0"/>
</pin_list>
<bind>
<opcode="getelementptr(29) " fcode="getelementptr"/>
<opset="input_fm_0_addr_6/8 "/>
</bind>
</comp>

<comp id="1102" class="1004" name="input_fm_0_addr_7_gep_fu_1102">
<pin_list>
<pin id="1103" dir="0" index="0" bw="32" slack="0"/>
<pin id="1104" dir="0" index="1" bw="1" slack="0"/>
<pin id="1105" dir="0" index="2" bw="14" slack="0"/>
<pin id="1106" dir="1" index="3" bw="14" slack="0"/>
</pin_list>
<bind>
<opcode="getelementptr(29) " fcode="getelementptr"/>
<opset="input_fm_0_addr_7/8 "/>
</bind>
</comp>

<comp id="1109" class="1004" name="input_fm_1_addr_6_gep_fu_1109">
<pin_list>
<pin id="1110" dir="0" index="0" bw="32" slack="0"/>
<pin id="1111" dir="0" index="1" bw="1" slack="0"/>
<pin id="1112" dir="0" index="2" bw="14" slack="0"/>
<pin id="1113" dir="1" index="3" bw="14" slack="0"/>
</pin_list>
<bind>
<opcode="getelementptr(29) " fcode="getelementptr"/>
<opset="input_fm_1_addr_6/8 "/>
</bind>
</comp>

<comp id="1116" class="1004" name="input_fm_1_addr_7_gep_fu_1116">
<pin_list>
<pin id="1117" dir="0" index="0" bw="32" slack="0"/>
<pin id="1118" dir="0" index="1" bw="1" slack="0"/>
<pin id="1119" dir="0" index="2" bw="14" slack="0"/>
<pin id="1120" dir="1" index="3" bw="14" slack="0"/>
</pin_list>
<bind>
<opcode="getelementptr(29) " fcode="getelementptr"/>
<opset="input_fm_1_addr_7/8 "/>
</bind>
</comp>

<comp id="1123" class="1004" name="input_fm_2_addr_6_gep_fu_1123">
<pin_list>
<pin id="1124" dir="0" index="0" bw="32" slack="0"/>
<pin id="1125" dir="0" index="1" bw="1" slack="0"/>
<pin id="1126" dir="0" index="2" bw="14" slack="0"/>
<pin id="1127" dir="1" index="3" bw="14" slack="0"/>
</pin_list>
<bind>
<opcode="getelementptr(29) " fcode="getelementptr"/>
<opset="input_fm_2_addr_6/8 "/>
</bind>
</comp>

<comp id="1130" class="1004" name="input_fm_2_addr_7_gep_fu_1130">
<pin_list>
<pin id="1131" dir="0" index="0" bw="32" slack="0"/>
<pin id="1132" dir="0" index="1" bw="1" slack="0"/>
<pin id="1133" dir="0" index="2" bw="14" slack="0"/>
<pin id="1134" dir="1" index="3" bw="14" slack="0"/>
</pin_list>
<bind>
<opcode="getelementptr(29) " fcode="getelementptr"/>
<opset="input_fm_2_addr_7/8 "/>
</bind>
</comp>

<comp id="1137" class="1004" name="input_fm_3_addr_6_gep_fu_1137">
<pin_list>
<pin id="1138" dir="0" index="0" bw="32" slack="0"/>
<pin id="1139" dir="0" index="1" bw="1" slack="0"/>
<pin id="1140" dir="0" index="2" bw="14" slack="0"/>
<pin id="1141" dir="1" index="3" bw="14" slack="0"/>
</pin_list>
<bind>
<opcode="getelementptr(29) " fcode="getelementptr"/>
<opset="input_fm_3_addr_6/8 "/>
</bind>
</comp>

<comp id="1144" class="1004" name="input_fm_3_addr_7_gep_fu_1144">
<pin_list>
<pin id="1145" dir="0" index="0" bw="32" slack="0"/>
<pin id="1146" dir="0" index="1" bw="1" slack="0"/>
<pin id="1147" dir="0" index="2" bw="14" slack="0"/>
<pin id="1148" dir="1" index="3" bw="14" slack="0"/>
</pin_list>
<bind>
<opcode="getelementptr(29) " fcode="getelementptr"/>
<opset="input_fm_3_addr_7/8 "/>
</bind>
</comp>

<comp id="1151" class="1004" name="input_fm_4_addr_6_gep_fu_1151">
<pin_list>
<pin id="1152" dir="0" index="0" bw="32" slack="0"/>
<pin id="1153" dir="0" index="1" bw="1" slack="0"/>
<pin id="1154" dir="0" index="2" bw="14" slack="0"/>
<pin id="1155" dir="1" index="3" bw="14" slack="0"/>
</pin_list>
<bind>
<opcode="getelementptr(29) " fcode="getelementptr"/>
<opset="input_fm_4_addr_6/8 "/>
</bind>
</comp>

<comp id="1158" class="1004" name="input_fm_4_addr_7_gep_fu_1158">
<pin_list>
<pin id="1159" dir="0" index="0" bw="32" slack="0"/>
<pin id="1160" dir="0" index="1" bw="1" slack="0"/>
<pin id="1161" dir="0" index="2" bw="14" slack="0"/>
<pin id="1162" dir="1" index="3" bw="14" slack="0"/>
</pin_list>
<bind>
<opcode="getelementptr(29) " fcode="getelementptr"/>
<opset="input_fm_4_addr_7/8 "/>
</bind>
</comp>

<comp id="1165" class="1004" name="input_fm_5_addr_6_gep_fu_1165">
<pin_list>
<pin id="1166" dir="0" index="0" bw="32" slack="0"/>
<pin id="1167" dir="0" index="1" bw="1" slack="0"/>
<pin id="1168" dir="0" index="2" bw="14" slack="0"/>
<pin id="1169" dir="1" index="3" bw="14" slack="0"/>
</pin_list>
<bind>
<opcode="getelementptr(29) " fcode="getelementptr"/>
<opset="input_fm_5_addr_6/8 "/>
</bind>
</comp>

<comp id="1172" class="1004" name="input_fm_5_addr_7_gep_fu_1172">
<pin_list>
<pin id="1173" dir="0" index="0" bw="32" slack="0"/>
<pin id="1174" dir="0" index="1" bw="1" slack="0"/>
<pin id="1175" dir="0" index="2" bw="14" slack="0"/>
<pin id="1176" dir="1" index="3" bw="14" slack="0"/>
</pin_list>
<bind>
<opcode="getelementptr(29) " fcode="getelementptr"/>
<opset="input_fm_5_addr_7/8 "/>
</bind>
</comp>

<comp id="1179" class="1004" name="input_fm_6_addr_6_gep_fu_1179">
<pin_list>
<pin id="1180" dir="0" index="0" bw="32" slack="0"/>
<pin id="1181" dir="0" index="1" bw="1" slack="0"/>
<pin id="1182" dir="0" index="2" bw="14" slack="0"/>
<pin id="1183" dir="1" index="3" bw="14" slack="0"/>
</pin_list>
<bind>
<opcode="getelementptr(29) " fcode="getelementptr"/>
<opset="input_fm_6_addr_6/8 "/>
</bind>
</comp>

<comp id="1186" class="1004" name="input_fm_6_addr_7_gep_fu_1186">
<pin_list>
<pin id="1187" dir="0" index="0" bw="32" slack="0"/>
<pin id="1188" dir="0" index="1" bw="1" slack="0"/>
<pin id="1189" dir="0" index="2" bw="14" slack="0"/>
<pin id="1190" dir="1" index="3" bw="14" slack="0"/>
</pin_list>
<bind>
<opcode="getelementptr(29) " fcode="getelementptr"/>
<opset="input_fm_6_addr_7/8 "/>
</bind>
</comp>

<comp id="1193" class="1004" name="input_fm_7_addr_6_gep_fu_1193">
<pin_list>
<pin id="1194" dir="0" index="0" bw="32" slack="0"/>
<pin id="1195" dir="0" index="1" bw="1" slack="0"/>
<pin id="1196" dir="0" index="2" bw="14" slack="0"/>
<pin id="1197" dir="1" index="3" bw="14" slack="0"/>
</pin_list>
<bind>
<opcode="getelementptr(29) " fcode="getelementptr"/>
<opset="input_fm_7_addr_6/8 "/>
</bind>
</comp>

<comp id="1200" class="1004" name="input_fm_7_addr_7_gep_fu_1200">
<pin_list>
<pin id="1201" dir="0" index="0" bw="32" slack="0"/>
<pin id="1202" dir="0" index="1" bw="1" slack="0"/>
<pin id="1203" dir="0" index="2" bw="14" slack="0"/>
<pin id="1204" dir="1" index="3" bw="14" slack="0"/>
</pin_list>
<bind>
<opcode="getelementptr(29) " fcode="getelementptr"/>
<opset="input_fm_7_addr_7/8 "/>
</bind>
</comp>

<comp id="1207" class="1004" name="input_fm_8_addr_6_gep_fu_1207">
<pin_list>
<pin id="1208" dir="0" index="0" bw="32" slack="0"/>
<pin id="1209" dir="0" index="1" bw="1" slack="0"/>
<pin id="1210" dir="0" index="2" bw="14" slack="0"/>
<pin id="1211" dir="1" index="3" bw="14" slack="0"/>
</pin_list>
<bind>
<opcode="getelementptr(29) " fcode="getelementptr"/>
<opset="input_fm_8_addr_6/8 "/>
</bind>
</comp>

<comp id="1214" class="1004" name="input_fm_8_addr_7_gep_fu_1214">
<pin_list>
<pin id="1215" dir="0" index="0" bw="32" slack="0"/>
<pin id="1216" dir="0" index="1" bw="1" slack="0"/>
<pin id="1217" dir="0" index="2" bw="14" slack="0"/>
<pin id="1218" dir="1" index="3" bw="14" slack="0"/>
</pin_list>
<bind>
<opcode="getelementptr(29) " fcode="getelementptr"/>
<opset="input_fm_8_addr_7/8 "/>
</bind>
</comp>

<comp id="1221" class="1004" name="input_fm_9_addr_6_gep_fu_1221">
<pin_list>
<pin id="1222" dir="0" index="0" bw="32" slack="0"/>
<pin id="1223" dir="0" index="1" bw="1" slack="0"/>
<pin id="1224" dir="0" index="2" bw="14" slack="0"/>
<pin id="1225" dir="1" index="3" bw="14" slack="0"/>
</pin_list>
<bind>
<opcode="getelementptr(29) " fcode="getelementptr"/>
<opset="input_fm_9_addr_6/8 "/>
</bind>
</comp>

<comp id="1228" class="1004" name="input_fm_9_addr_7_gep_fu_1228">
<pin_list>
<pin id="1229" dir="0" index="0" bw="32" slack="0"/>
<pin id="1230" dir="0" index="1" bw="1" slack="0"/>
<pin id="1231" dir="0" index="2" bw="14" slack="0"/>
<pin id="1232" dir="1" index="3" bw="14" slack="0"/>
</pin_list>
<bind>
<opcode="getelementptr(29) " fcode="getelementptr"/>
<opset="input_fm_9_addr_7/8 "/>
</bind>
</comp>

<comp id="1235" class="1004" name="input_fm_10_addr_6_gep_fu_1235">
<pin_list>
<pin id="1236" dir="0" index="0" bw="32" slack="0"/>
<pin id="1237" dir="0" index="1" bw="1" slack="0"/>
<pin id="1238" dir="0" index="2" bw="14" slack="0"/>
<pin id="1239" dir="1" index="3" bw="14" slack="0"/>
</pin_list>
<bind>
<opcode="getelementptr(29) " fcode="getelementptr"/>
<opset="input_fm_10_addr_6/8 "/>
</bind>
</comp>

<comp id="1242" class="1004" name="input_fm_10_addr_7_gep_fu_1242">
<pin_list>
<pin id="1243" dir="0" index="0" bw="32" slack="0"/>
<pin id="1244" dir="0" index="1" bw="1" slack="0"/>
<pin id="1245" dir="0" index="2" bw="14" slack="0"/>
<pin id="1246" dir="1" index="3" bw="14" slack="0"/>
</pin_list>
<bind>
<opcode="getelementptr(29) " fcode="getelementptr"/>
<opset="input_fm_10_addr_7/8 "/>
</bind>
</comp>

<comp id="1271" class="1004" name="input_fm_0_addr_8_gep_fu_1271">
<pin_list>
<pin id="1272" dir="0" index="0" bw="32" slack="0"/>
<pin id="1273" dir="0" index="1" bw="1" slack="0"/>
<pin id="1274" dir="0" index="2" bw="14" slack="0"/>
<pin id="1275" dir="1" index="3" bw="14" slack="0"/>
</pin_list>
<bind>
<opcode="getelementptr(29) " fcode="getelementptr"/>
<opset="input_fm_0_addr_8/9 "/>
</bind>
</comp>

<comp id="1278" class="1004" name="input_fm_0_addr_9_gep_fu_1278">
<pin_list>
<pin id="1279" dir="0" index="0" bw="32" slack="0"/>
<pin id="1280" dir="0" index="1" bw="1" slack="0"/>
<pin id="1281" dir="0" index="2" bw="14" slack="0"/>
<pin id="1282" dir="1" index="3" bw="14" slack="0"/>
</pin_list>
<bind>
<opcode="getelementptr(29) " fcode="getelementptr"/>
<opset="input_fm_0_addr_9/9 "/>
</bind>
</comp>

<comp id="1285" class="1004" name="input_fm_1_addr_8_gep_fu_1285">
<pin_list>
<pin id="1286" dir="0" index="0" bw="32" slack="0"/>
<pin id="1287" dir="0" index="1" bw="1" slack="0"/>
<pin id="1288" dir="0" index="2" bw="14" slack="0"/>
<pin id="1289" dir="1" index="3" bw="14" slack="0"/>
</pin_list>
<bind>
<opcode="getelementptr(29) " fcode="getelementptr"/>
<opset="input_fm_1_addr_8/9 "/>
</bind>
</comp>

<comp id="1292" class="1004" name="input_fm_1_addr_9_gep_fu_1292">
<pin_list>
<pin id="1293" dir="0" index="0" bw="32" slack="0"/>
<pin id="1294" dir="0" index="1" bw="1" slack="0"/>
<pin id="1295" dir="0" index="2" bw="14" slack="0"/>
<pin id="1296" dir="1" index="3" bw="14" slack="0"/>
</pin_list>
<bind>
<opcode="getelementptr(29) " fcode="getelementptr"/>
<opset="input_fm_1_addr_9/9 "/>
</bind>
</comp>

<comp id="1299" class="1004" name="input_fm_2_addr_8_gep_fu_1299">
<pin_list>
<pin id="1300" dir="0" index="0" bw="32" slack="0"/>
<pin id="1301" dir="0" index="1" bw="1" slack="0"/>
<pin id="1302" dir="0" index="2" bw="14" slack="0"/>
<pin id="1303" dir="1" index="3" bw="14" slack="0"/>
</pin_list>
<bind>
<opcode="getelementptr(29) " fcode="getelementptr"/>
<opset="input_fm_2_addr_8/9 "/>
</bind>
</comp>

<comp id="1306" class="1004" name="input_fm_2_addr_9_gep_fu_1306">
<pin_list>
<pin id="1307" dir="0" index="0" bw="32" slack="0"/>
<pin id="1308" dir="0" index="1" bw="1" slack="0"/>
<pin id="1309" dir="0" index="2" bw="14" slack="0"/>
<pin id="1310" dir="1" index="3" bw="14" slack="0"/>
</pin_list>
<bind>
<opcode="getelementptr(29) " fcode="getelementptr"/>
<opset="input_fm_2_addr_9/9 "/>
</bind>
</comp>

<comp id="1313" class="1004" name="input_fm_3_addr_8_gep_fu_1313">
<pin_list>
<pin id="1314" dir="0" index="0" bw="32" slack="0"/>
<pin id="1315" dir="0" index="1" bw="1" slack="0"/>
<pin id="1316" dir="0" index="2" bw="14" slack="0"/>
<pin id="1317" dir="1" index="3" bw="14" slack="0"/>
</pin_list>
<bind>
<opcode="getelementptr(29) " fcode="getelementptr"/>
<opset="input_fm_3_addr_8/9 "/>
</bind>
</comp>

<comp id="1320" class="1004" name="input_fm_3_addr_9_gep_fu_1320">
<pin_list>
<pin id="1321" dir="0" index="0" bw="32" slack="0"/>
<pin id="1322" dir="0" index="1" bw="1" slack="0"/>
<pin id="1323" dir="0" index="2" bw="14" slack="0"/>
<pin id="1324" dir="1" index="3" bw="14" slack="0"/>
</pin_list>
<bind>
<opcode="getelementptr(29) " fcode="getelementptr"/>
<opset="input_fm_3_addr_9/9 "/>
</bind>
</comp>

<comp id="1327" class="1004" name="input_fm_4_addr_8_gep_fu_1327">
<pin_list>
<pin id="1328" dir="0" index="0" bw="32" slack="0"/>
<pin id="1329" dir="0" index="1" bw="1" slack="0"/>
<pin id="1330" dir="0" index="2" bw="14" slack="0"/>
<pin id="1331" dir="1" index="3" bw="14" slack="0"/>
</pin_list>
<bind>
<opcode="getelementptr(29) " fcode="getelementptr"/>
<opset="input_fm_4_addr_8/9 "/>
</bind>
</comp>

<comp id="1334" class="1004" name="input_fm_4_addr_9_gep_fu_1334">
<pin_list>
<pin id="1335" dir="0" index="0" bw="32" slack="0"/>
<pin id="1336" dir="0" index="1" bw="1" slack="0"/>
<pin id="1337" dir="0" index="2" bw="14" slack="0"/>
<pin id="1338" dir="1" index="3" bw="14" slack="0"/>
</pin_list>
<bind>
<opcode="getelementptr(29) " fcode="getelementptr"/>
<opset="input_fm_4_addr_9/9 "/>
</bind>
</comp>

<comp id="1341" class="1004" name="input_fm_5_addr_8_gep_fu_1341">
<pin_list>
<pin id="1342" dir="0" index="0" bw="32" slack="0"/>
<pin id="1343" dir="0" index="1" bw="1" slack="0"/>
<pin id="1344" dir="0" index="2" bw="14" slack="0"/>
<pin id="1345" dir="1" index="3" bw="14" slack="0"/>
</pin_list>
<bind>
<opcode="getelementptr(29) " fcode="getelementptr"/>
<opset="input_fm_5_addr_8/9 "/>
</bind>
</comp>

<comp id="1348" class="1004" name="input_fm_5_addr_9_gep_fu_1348">
<pin_list>
<pin id="1349" dir="0" index="0" bw="32" slack="0"/>
<pin id="1350" dir="0" index="1" bw="1" slack="0"/>
<pin id="1351" dir="0" index="2" bw="14" slack="0"/>
<pin id="1352" dir="1" index="3" bw="14" slack="0"/>
</pin_list>
<bind>
<opcode="getelementptr(29) " fcode="getelementptr"/>
<opset="input_fm_5_addr_9/9 "/>
</bind>
</comp>

<comp id="1355" class="1004" name="input_fm_6_addr_8_gep_fu_1355">
<pin_list>
<pin id="1356" dir="0" index="0" bw="32" slack="0"/>
<pin id="1357" dir="0" index="1" bw="1" slack="0"/>
<pin id="1358" dir="0" index="2" bw="14" slack="0"/>
<pin id="1359" dir="1" index="3" bw="14" slack="0"/>
</pin_list>
<bind>
<opcode="getelementptr(29) " fcode="getelementptr"/>
<opset="input_fm_6_addr_8/9 "/>
</bind>
</comp>

<comp id="1362" class="1004" name="input_fm_6_addr_9_gep_fu_1362">
<pin_list>
<pin id="1363" dir="0" index="0" bw="32" slack="0"/>
<pin id="1364" dir="0" index="1" bw="1" slack="0"/>
<pin id="1365" dir="0" index="2" bw="14" slack="0"/>
<pin id="1366" dir="1" index="3" bw="14" slack="0"/>
</pin_list>
<bind>
<opcode="getelementptr(29) " fcode="getelementptr"/>
<opset="input_fm_6_addr_9/9 "/>
</bind>
</comp>

<comp id="1369" class="1004" name="input_fm_7_addr_8_gep_fu_1369">
<pin_list>
<pin id="1370" dir="0" index="0" bw="32" slack="0"/>
<pin id="1371" dir="0" index="1" bw="1" slack="0"/>
<pin id="1372" dir="0" index="2" bw="14" slack="0"/>
<pin id="1373" dir="1" index="3" bw="14" slack="0"/>
</pin_list>
<bind>
<opcode="getelementptr(29) " fcode="getelementptr"/>
<opset="input_fm_7_addr_8/9 "/>
</bind>
</comp>

<comp id="1376" class="1004" name="input_fm_7_addr_9_gep_fu_1376">
<pin_list>
<pin id="1377" dir="0" index="0" bw="32" slack="0"/>
<pin id="1378" dir="0" index="1" bw="1" slack="0"/>
<pin id="1379" dir="0" index="2" bw="14" slack="0"/>
<pin id="1380" dir="1" index="3" bw="14" slack="0"/>
</pin_list>
<bind>
<opcode="getelementptr(29) " fcode="getelementptr"/>
<opset="input_fm_7_addr_9/9 "/>
</bind>
</comp>

<comp id="1383" class="1004" name="input_fm_8_addr_8_gep_fu_1383">
<pin_list>
<pin id="1384" dir="0" index="0" bw="32" slack="0"/>
<pin id="1385" dir="0" index="1" bw="1" slack="0"/>
<pin id="1386" dir="0" index="2" bw="14" slack="0"/>
<pin id="1387" dir="1" index="3" bw="14" slack="0"/>
</pin_list>
<bind>
<opcode="getelementptr(29) " fcode="getelementptr"/>
<opset="input_fm_8_addr_8/9 "/>
</bind>
</comp>

<comp id="1390" class="1004" name="input_fm_8_addr_9_gep_fu_1390">
<pin_list>
<pin id="1391" dir="0" index="0" bw="32" slack="0"/>
<pin id="1392" dir="0" index="1" bw="1" slack="0"/>
<pin id="1393" dir="0" index="2" bw="14" slack="0"/>
<pin id="1394" dir="1" index="3" bw="14" slack="0"/>
</pin_list>
<bind>
<opcode="getelementptr(29) " fcode="getelementptr"/>
<opset="input_fm_8_addr_9/9 "/>
</bind>
</comp>

<comp id="1397" class="1004" name="input_fm_9_addr_8_gep_fu_1397">
<pin_list>
<pin id="1398" dir="0" index="0" bw="32" slack="0"/>
<pin id="1399" dir="0" index="1" bw="1" slack="0"/>
<pin id="1400" dir="0" index="2" bw="14" slack="0"/>
<pin id="1401" dir="1" index="3" bw="14" slack="0"/>
</pin_list>
<bind>
<opcode="getelementptr(29) " fcode="getelementptr"/>
<opset="input_fm_9_addr_8/9 "/>
</bind>
</comp>

<comp id="1404" class="1004" name="input_fm_9_addr_9_gep_fu_1404">
<pin_list>
<pin id="1405" dir="0" index="0" bw="32" slack="0"/>
<pin id="1406" dir="0" index="1" bw="1" slack="0"/>
<pin id="1407" dir="0" index="2" bw="14" slack="0"/>
<pin id="1408" dir="1" index="3" bw="14" slack="0"/>
</pin_list>
<bind>
<opcode="getelementptr(29) " fcode="getelementptr"/>
<opset="input_fm_9_addr_9/9 "/>
</bind>
</comp>

<comp id="1411" class="1004" name="input_fm_10_addr_8_gep_fu_1411">
<pin_list>
<pin id="1412" dir="0" index="0" bw="32" slack="0"/>
<pin id="1413" dir="0" index="1" bw="1" slack="0"/>
<pin id="1414" dir="0" index="2" bw="14" slack="0"/>
<pin id="1415" dir="1" index="3" bw="14" slack="0"/>
</pin_list>
<bind>
<opcode="getelementptr(29) " fcode="getelementptr"/>
<opset="input_fm_10_addr_8/9 "/>
</bind>
</comp>

<comp id="1418" class="1004" name="input_fm_10_addr_9_gep_fu_1418">
<pin_list>
<pin id="1419" dir="0" index="0" bw="32" slack="0"/>
<pin id="1420" dir="0" index="1" bw="1" slack="0"/>
<pin id="1421" dir="0" index="2" bw="14" slack="0"/>
<pin id="1422" dir="1" index="3" bw="14" slack="0"/>
</pin_list>
<bind>
<opcode="getelementptr(29) " fcode="getelementptr"/>
<opset="input_fm_10_addr_9/9 "/>
</bind>
</comp>

<comp id="1447" class="1004" name="input_fm_0_addr_10_gep_fu_1447">
<pin_list>
<pin id="1448" dir="0" index="0" bw="32" slack="0"/>
<pin id="1449" dir="0" index="1" bw="1" slack="0"/>
<pin id="1450" dir="0" index="2" bw="14" slack="0"/>
<pin id="1451" dir="1" index="3" bw="14" slack="0"/>
</pin_list>
<bind>
<opcode="getelementptr(29) " fcode="getelementptr"/>
<opset="input_fm_0_addr_10/10 "/>
</bind>
</comp>

<comp id="1454" class="1004" name="input_fm_1_addr_10_gep_fu_1454">
<pin_list>
<pin id="1455" dir="0" index="0" bw="32" slack="0"/>
<pin id="1456" dir="0" index="1" bw="1" slack="0"/>
<pin id="1457" dir="0" index="2" bw="14" slack="0"/>
<pin id="1458" dir="1" index="3" bw="14" slack="0"/>
</pin_list>
<bind>
<opcode="getelementptr(29) " fcode="getelementptr"/>
<opset="input_fm_1_addr_10/10 "/>
</bind>
</comp>

<comp id="1461" class="1004" name="input_fm_2_addr_10_gep_fu_1461">
<pin_list>
<pin id="1462" dir="0" index="0" bw="32" slack="0"/>
<pin id="1463" dir="0" index="1" bw="1" slack="0"/>
<pin id="1464" dir="0" index="2" bw="14" slack="0"/>
<pin id="1465" dir="1" index="3" bw="14" slack="0"/>
</pin_list>
<bind>
<opcode="getelementptr(29) " fcode="getelementptr"/>
<opset="input_fm_2_addr_10/10 "/>
</bind>
</comp>

<comp id="1468" class="1004" name="input_fm_3_addr_10_gep_fu_1468">
<pin_list>
<pin id="1469" dir="0" index="0" bw="32" slack="0"/>
<pin id="1470" dir="0" index="1" bw="1" slack="0"/>
<pin id="1471" dir="0" index="2" bw="14" slack="0"/>
<pin id="1472" dir="1" index="3" bw="14" slack="0"/>
</pin_list>
<bind>
<opcode="getelementptr(29) " fcode="getelementptr"/>
<opset="input_fm_3_addr_10/10 "/>
</bind>
</comp>

<comp id="1475" class="1004" name="input_fm_4_addr_10_gep_fu_1475">
<pin_list>
<pin id="1476" dir="0" index="0" bw="32" slack="0"/>
<pin id="1477" dir="0" index="1" bw="1" slack="0"/>
<pin id="1478" dir="0" index="2" bw="14" slack="0"/>
<pin id="1479" dir="1" index="3" bw="14" slack="0"/>
</pin_list>
<bind>
<opcode="getelementptr(29) " fcode="getelementptr"/>
<opset="input_fm_4_addr_10/10 "/>
</bind>
</comp>

<comp id="1482" class="1004" name="input_fm_5_addr_10_gep_fu_1482">
<pin_list>
<pin id="1483" dir="0" index="0" bw="32" slack="0"/>
<pin id="1484" dir="0" index="1" bw="1" slack="0"/>
<pin id="1485" dir="0" index="2" bw="14" slack="0"/>
<pin id="1486" dir="1" index="3" bw="14" slack="0"/>
</pin_list>
<bind>
<opcode="getelementptr(29) " fcode="getelementptr"/>
<opset="input_fm_5_addr_10/10 "/>
</bind>
</comp>

<comp id="1489" class="1004" name="input_fm_6_addr_10_gep_fu_1489">
<pin_list>
<pin id="1490" dir="0" index="0" bw="32" slack="0"/>
<pin id="1491" dir="0" index="1" bw="1" slack="0"/>
<pin id="1492" dir="0" index="2" bw="14" slack="0"/>
<pin id="1493" dir="1" index="3" bw="14" slack="0"/>
</pin_list>
<bind>
<opcode="getelementptr(29) " fcode="getelementptr"/>
<opset="input_fm_6_addr_10/10 "/>
</bind>
</comp>

<comp id="1496" class="1004" name="input_fm_7_addr_10_gep_fu_1496">
<pin_list>
<pin id="1497" dir="0" index="0" bw="32" slack="0"/>
<pin id="1498" dir="0" index="1" bw="1" slack="0"/>
<pin id="1499" dir="0" index="2" bw="14" slack="0"/>
<pin id="1500" dir="1" index="3" bw="14" slack="0"/>
</pin_list>
<bind>
<opcode="getelementptr(29) " fcode="getelementptr"/>
<opset="input_fm_7_addr_10/10 "/>
</bind>
</comp>

<comp id="1503" class="1004" name="input_fm_8_addr_10_gep_fu_1503">
<pin_list>
<pin id="1504" dir="0" index="0" bw="32" slack="0"/>
<pin id="1505" dir="0" index="1" bw="1" slack="0"/>
<pin id="1506" dir="0" index="2" bw="14" slack="0"/>
<pin id="1507" dir="1" index="3" bw="14" slack="0"/>
</pin_list>
<bind>
<opcode="getelementptr(29) " fcode="getelementptr"/>
<opset="input_fm_8_addr_10/10 "/>
</bind>
</comp>

<comp id="1510" class="1004" name="input_fm_9_addr_10_gep_fu_1510">
<pin_list>
<pin id="1511" dir="0" index="0" bw="32" slack="0"/>
<pin id="1512" dir="0" index="1" bw="1" slack="0"/>
<pin id="1513" dir="0" index="2" bw="14" slack="0"/>
<pin id="1514" dir="1" index="3" bw="14" slack="0"/>
</pin_list>
<bind>
<opcode="getelementptr(29) " fcode="getelementptr"/>
<opset="input_fm_9_addr_10/10 "/>
</bind>
</comp>

<comp id="1517" class="1004" name="input_fm_10_addr_10_gep_fu_1517">
<pin_list>
<pin id="1518" dir="0" index="0" bw="32" slack="0"/>
<pin id="1519" dir="0" index="1" bw="1" slack="0"/>
<pin id="1520" dir="0" index="2" bw="14" slack="0"/>
<pin id="1521" dir="1" index="3" bw="14" slack="0"/>
</pin_list>
<bind>
<opcode="getelementptr(29) " fcode="getelementptr"/>
<opset="input_fm_10_addr_10/10 "/>
</bind>
</comp>

<comp id="1535" class="1004" name="store_ln52_access_fu_1535">
<pin_list>
<pin id="1536" dir="0" index="0" bw="18" slack="65"/>
<pin id="1537" dir="0" index="1" bw="32" slack="0"/>
<pin id="1538" dir="0" index="2" bw="0" slack="2147483647"/>
<pin id="1539" dir="1" index="3" bw="32" slack="2147483647"/>
</pin_list>
<bind>
<opcode="store(28) " fcode="store"/>
<opset="store_ln52/66 "/>
</bind>
</comp>

<comp id="1540" class="1004" name="grp_fu_1540">
<pin_list>
<pin id="1541" dir="0" index="0" bw="32" slack="0"/>
<pin id="1542" dir="0" index="1" bw="32" slack="1"/>
<pin id="1543" dir="1" index="2" bw="32" slack="1"/>
</pin_list>
<bind>
<opcode="fadd(9) " fcode="fadd"/>
<opset="add/11 add_1/16 add_2/21 add_3/26 add_4/31 add_5/36 add_6/41 add_7/46 add_8/51 add_9/56 add_s/61 "/>
</bind>
</comp>

<comp id="1544" class="1004" name="grp_fu_1544">
<pin_list>
<pin id="1545" dir="0" index="0" bw="32" slack="0"/>
<pin id="1546" dir="0" index="1" bw="32" slack="1"/>
<pin id="1547" dir="1" index="2" bw="32" slack="1"/>
</pin_list>
<bind>
<opcode="fmul(13) " fcode="fmul"/>
<opset="mul/7 mul_1/8 mul_2/9 mul_3/10 mul_4/11 mul_5/12 mul_6/13 mul_7/14 mul_8/15 mul_9/16 mul_s/17 "/>
</bind>
</comp>

<comp id="1548" class="1005" name="reg_1548">
<pin_list>
<pin id="1549" dir="0" index="0" bw="32" slack="1"/>
<pin id="1550" dir="1" index="1" bw="32" slack="1"/>
</pin_list>
<bind>
<opset="mul mul_5 "/>
</bind>
</comp>

<comp id="1553" class="1005" name="reg_1553">
<pin_list>
<pin id="1554" dir="0" index="0" bw="32" slack="5"/>
<pin id="1555" dir="1" index="1" bw="32" slack="5"/>
</pin_list>
<bind>
<opset="mul_1 mul_s "/>
</bind>
</comp>

<comp id="1558" class="1005" name="reg_1558">
<pin_list>
<pin id="1559" dir="0" index="0" bw="32" slack="1"/>
<pin id="1560" dir="1" index="1" bw="32" slack="1"/>
</pin_list>
<bind>
<opset="add add_1 add_2 add_3 add_4 add_5 add_6 add_7 add_8 add_9 add_s "/>
</bind>
</comp>

<comp id="1563" class="1004" name="add_ln52_10_cast_fu_1563">
<pin_list>
<pin id="1564" dir="0" index="0" bw="18" slack="0"/>
<pin id="1565" dir="1" index="1" bw="64" slack="0"/>
</pin_list>
<bind>
<opcode="zext(34) " fcode="zext"/>
<opset="add_ln52_10_cast/1 "/>
</bind>
</comp>

<comp id="1568" class="1004" name="zext_ln52_11_cast_fu_1568">
<pin_list>
<pin id="1569" dir="0" index="0" bw="8" slack="0"/>
<pin id="1570" dir="1" index="1" bw="14" slack="6"/>
</pin_list>
<bind>
<opcode="zext(34) " fcode="zext"/>
<opset="zext_ln52_11_cast/1 "/>
</bind>
</comp>

<comp id="1572" class="1004" name="zext_ln52_10_cast_fu_1572">
<pin_list>
<pin id="1573" dir="0" index="0" bw="8" slack="0"/>
<pin id="1574" dir="1" index="1" bw="14" slack="6"/>
</pin_list>
<bind>
<opcode="zext(34) " fcode="zext"/>
<opset="zext_ln52_10_cast/1 "/>
</bind>
</comp>

<comp id="1576" class="1004" name="zext_ln52_9_cast_fu_1576">
<pin_list>
<pin id="1577" dir="0" index="0" bw="8" slack="0"/>
<pin id="1578" dir="1" index="1" bw="14" slack="6"/>
</pin_list>
<bind>
<opcode="zext(34) " fcode="zext"/>
<opset="zext_ln52_9_cast/1 "/>
</bind>
</comp>

<comp id="1580" class="1004" name="zext_ln52_8_cast_fu_1580">
<pin_list>
<pin id="1581" dir="0" index="0" bw="8" slack="0"/>
<pin id="1582" dir="1" index="1" bw="14" slack="6"/>
</pin_list>
<bind>
<opcode="zext(34) " fcode="zext"/>
<opset="zext_ln52_8_cast/1 "/>
</bind>
</comp>

<comp id="1584" class="1004" name="zext_ln52_7_cast_fu_1584">
<pin_list>
<pin id="1585" dir="0" index="0" bw="8" slack="0"/>
<pin id="1586" dir="1" index="1" bw="14" slack="6"/>
</pin_list>
<bind>
<opcode="zext(34) " fcode="zext"/>
<opset="zext_ln52_7_cast/1 "/>
</bind>
</comp>

<comp id="1588" class="1004" name="zext_ln52_6_cast_fu_1588">
<pin_list>
<pin id="1589" dir="0" index="0" bw="8" slack="0"/>
<pin id="1590" dir="1" index="1" bw="14" slack="6"/>
</pin_list>
<bind>
<opcode="zext(34) " fcode="zext"/>
<opset="zext_ln52_6_cast/1 "/>
</bind>
</comp>

<comp id="1592" class="1004" name="zext_ln52_5_cast_fu_1592">
<pin_list>
<pin id="1593" dir="0" index="0" bw="8" slack="0"/>
<pin id="1594" dir="1" index="1" bw="14" slack="6"/>
</pin_list>
<bind>
<opcode="zext(34) " fcode="zext"/>
<opset="zext_ln52_5_cast/1 "/>
</bind>
</comp>

<comp id="1596" class="1004" name="zext_ln52_4_cast_fu_1596">
<pin_list>
<pin id="1597" dir="0" index="0" bw="8" slack="0"/>
<pin id="1598" dir="1" index="1" bw="14" slack="5"/>
</pin_list>
<bind>
<opcode="zext(34) " fcode="zext"/>
<opset="zext_ln52_4_cast/1 "/>
</bind>
</comp>

<comp id="1600" class="1004" name="zext_ln52_3_cast_fu_1600">
<pin_list>
<pin id="1601" dir="0" index="0" bw="8" slack="0"/>
<pin id="1602" dir="1" index="1" bw="14" slack="5"/>
</pin_list>
<bind>
<opcode="zext(34) " fcode="zext"/>
<opset="zext_ln52_3_cast/1 "/>
</bind>
</comp>

<comp id="1604" class="1004" name="zext_ln52_2_cast_fu_1604">
<pin_list>
<pin id="1605" dir="0" index="0" bw="8" slack="0"/>
<pin id="1606" dir="1" index="1" bw="14" slack="4"/>
</pin_list>
<bind>
<opcode="zext(34) " fcode="zext"/>
<opset="zext_ln52_2_cast/1 "/>
</bind>
</comp>

<comp id="1608" class="1004" name="zext_ln52_1_cast_fu_1608">
<pin_list>
<pin id="1609" dir="0" index="0" bw="8" slack="0"/>
<pin id="1610" dir="1" index="1" bw="14" slack="4"/>
</pin_list>
<bind>
<opcode="zext(34) " fcode="zext"/>
<opset="zext_ln52_1_cast/1 "/>
</bind>
</comp>

<comp id="1612" class="1004" name="store_ln0_store_fu_1612">
<pin_list>
<pin id="1613" dir="0" index="0" bw="1" slack="0"/>
<pin id="1614" dir="0" index="1" bw="4" slack="0"/>
<pin id="1615" dir="1" index="2" bw="0" slack="2147483647"/>
</pin_list>
<bind>
<opcode="store(28) " fcode="store"/>
<opset="store_ln0/1 "/>
</bind>
</comp>

<comp id="1617" class="1004" name="store_ln0_store_fu_1617">
<pin_list>
<pin id="1618" dir="0" index="0" bw="32" slack="0"/>
<pin id="1619" dir="0" index="1" bw="32" slack="0"/>
<pin id="1620" dir="1" index="2" bw="0" slack="2147483647"/>
</pin_list>
<bind>
<opcode="store(28) " fcode="store"/>
<opset="store_ln0/1 "/>
</bind>
</comp>

<comp id="1622" class="1004" name="j_1_load_fu_1622">
<pin_list>
<pin id="1623" dir="0" index="0" bw="4" slack="0"/>
<pin id="1624" dir="1" index="1" bw="4" slack="0"/>
</pin_list>
<bind>
<opcode="load(27) " fcode="load"/>
<opset="j_1/1 "/>
</bind>
</comp>

<comp id="1625" class="1004" name="icmp_ln48_fu_1625">
<pin_list>
<pin id="1626" dir="0" index="0" bw="4" slack="0"/>
<pin id="1627" dir="0" index="1" bw="4" slack="0"/>
<pin id="1628" dir="1" index="2" bw="1" slack="1"/>
</pin_list>
<bind>
<opcode="icmp(45) " fcode="icmp"/>
<opset="icmp_ln48/1 "/>
</bind>
</comp>

<comp id="1631" class="1004" name="add_ln48_fu_1631">
<pin_list>
<pin id="1632" dir="0" index="0" bw="4" slack="0"/>
<pin id="1633" dir="0" index="1" bw="1" slack="0"/>
<pin id="1634" dir="1" index="2" bw="4" slack="0"/>
</pin_list>
<bind>
<opcode="add(8) " fcode="add"/>
<opset="add_ln48/1 "/>
</bind>
</comp>

<comp id="1637" class="1004" name="j_cast1_fu_1637">
<pin_list>
<pin id="1638" dir="0" index="0" bw="4" slack="0"/>
<pin id="1639" dir="1" index="1" bw="12" slack="0"/>
</pin_list>
<bind>
<opcode="zext(34) " fcode="zext"/>
<opset="j_cast1/1 "/>
</bind>
</comp>

<comp id="1641" class="1004" name="empty_16_fu_1641">
<pin_list>
<pin id="1642" dir="0" index="0" bw="12" slack="0"/>
<pin id="1643" dir="0" index="1" bw="4" slack="0"/>
<pin id="1644" dir="1" index="2" bw="12" slack="0"/>
</pin_list>
<bind>
<opcode="add(8) " fcode="add"/>
<opset="empty_16/1 "/>
</bind>
</comp>

<comp id="1647" class="1004" name="p_cast2_fu_1647">
<pin_list>
<pin id="1648" dir="0" index="0" bw="12" slack="0"/>
<pin id="1649" dir="1" index="1" bw="64" slack="0"/>
</pin_list>
<bind>
<opcode="zext(34) " fcode="zext"/>
<opset="p_cast2/1 "/>
</bind>
</comp>

<comp id="1662" class="1004" name="j_cast_fu_1662">
<pin_list>
<pin id="1663" dir="0" index="0" bw="4" slack="0"/>
<pin id="1664" dir="1" index="1" bw="8" slack="0"/>
</pin_list>
<bind>
<opcode="zext(34) " fcode="zext"/>
<opset="j_cast/1 "/>
</bind>
</comp>

<comp id="1666" class="1004" name="empty_17_fu_1666">
<pin_list>
<pin id="1667" dir="0" index="0" bw="4" slack="0"/>
<pin id="1668" dir="0" index="1" bw="8" slack="0"/>
<pin id="1669" dir="1" index="2" bw="8" slack="0"/>
</pin_list>
<bind>
<opcode="add(8) " fcode="add"/>
<opset="empty_17/1 "/>
</bind>
</comp>

<comp id="1672" class="1004" name="zext_ln52_fu_1672">
<pin_list>
<pin id="1673" dir="0" index="0" bw="8" slack="0"/>
<pin id="1674" dir="1" index="1" bw="10" slack="0"/>
</pin_list>
<bind>
<opcode="zext(34) " fcode="zext"/>
<opset="zext_ln52/1 "/>
</bind>
</comp>

<comp id="1676" class="1004" name="add_ln52_fu_1676">
<pin_list>
<pin id="1677" dir="0" index="0" bw="10" slack="0"/>
<pin id="1678" dir="0" index="1" bw="8" slack="0"/>
<pin id="1679" dir="1" index="2" bw="10" slack="0"/>
</pin_list>
<bind>
<opcode="add(8) " fcode="add"/>
<opset="add_ln52/1 "/>
</bind>
</comp>

<comp id="1682" class="1004" name="zext_ln52_12_fu_1682">
<pin_list>
<pin id="1683" dir="0" index="0" bw="10" slack="0"/>
<pin id="1684" dir="1" index="1" bw="14" slack="0"/>
</pin_list>
<bind>
<opcode="zext(34) " fcode="zext"/>
<opset="zext_ln52_12/1 "/>
</bind>
</comp>

<comp id="1686" class="1004" name="ifzero_fu_1686">
<pin_list>
<pin id="1687" dir="0" index="0" bw="4" slack="0"/>
<pin id="1688" dir="0" index="1" bw="4" slack="0"/>
<pin id="1689" dir="1" index="2" bw="1" slack="65"/>
</pin_list>
<bind>
<opcode="icmp(45) " fcode="icmp"/>
<opset="ifzero/1 "/>
</bind>
</comp>

<comp id="1692" class="1004" name="add_ln52_1_fu_1692">
<pin_list>
<pin id="1693" dir="0" index="0" bw="14" slack="1"/>
<pin id="1694" dir="0" index="1" bw="8" slack="4"/>
<pin id="1695" dir="1" index="2" bw="14" slack="0"/>
</pin_list>
<bind>
<opcode="add(8) " fcode="add"/>
<opset="add_ln52_1/5 "/>
</bind>
</comp>

<comp id="1696" class="1004" name="zext_ln52_13_fu_1696">
<pin_list>
<pin id="1697" dir="0" index="0" bw="14" slack="0"/>
<pin id="1698" dir="1" index="1" bw="64" slack="0"/>
</pin_list>
<bind>
<opcode="zext(34) " fcode="zext"/>
<opset="zext_ln52_13/5 "/>
</bind>
</comp>

<comp id="1711" class="1004" name="add_ln52_2_fu_1711">
<pin_list>
<pin id="1712" dir="0" index="0" bw="14" slack="1"/>
<pin id="1713" dir="0" index="1" bw="8" slack="4"/>
<pin id="1714" dir="1" index="2" bw="14" slack="0"/>
</pin_list>
<bind>
<opcode="add(8) " fcode="add"/>
<opset="add_ln52_2/5 "/>
</bind>
</comp>

<comp id="1715" class="1004" name="zext_ln52_14_fu_1715">
<pin_list>
<pin id="1716" dir="0" index="0" bw="14" slack="0"/>
<pin id="1717" dir="1" index="1" bw="64" slack="0"/>
</pin_list>
<bind>
<opcode="zext(34) " fcode="zext"/>
<opset="zext_ln52_14/5 "/>
</bind>
</comp>

<comp id="1730" class="1004" name="add_ln52_3_fu_1730">
<pin_list>
<pin id="1731" dir="0" index="0" bw="14" slack="2"/>
<pin id="1732" dir="0" index="1" bw="8" slack="5"/>
<pin id="1733" dir="1" index="2" bw="14" slack="0"/>
</pin_list>
<bind>
<opcode="add(8) " fcode="add"/>
<opset="add_ln52_3/6 "/>
</bind>
</comp>

<comp id="1734" class="1004" name="zext_ln52_15_fu_1734">
<pin_list>
<pin id="1735" dir="0" index="0" bw="14" slack="0"/>
<pin id="1736" dir="1" index="1" bw="64" slack="0"/>
</pin_list>
<bind>
<opcode="zext(34) " fcode="zext"/>
<opset="zext_ln52_15/6 "/>
</bind>
</comp>

<comp id="1749" class="1004" name="add_ln52_4_fu_1749">
<pin_list>
<pin id="1750" dir="0" index="0" bw="14" slack="2"/>
<pin id="1751" dir="0" index="1" bw="8" slack="5"/>
<pin id="1752" dir="1" index="2" bw="14" slack="0"/>
</pin_list>
<bind>
<opcode="add(8) " fcode="add"/>
<opset="add_ln52_4/6 "/>
</bind>
</comp>

<comp id="1753" class="1004" name="zext_ln52_16_fu_1753">
<pin_list>
<pin id="1754" dir="0" index="0" bw="14" slack="0"/>
<pin id="1755" dir="1" index="1" bw="64" slack="0"/>
</pin_list>
<bind>
<opcode="zext(34) " fcode="zext"/>
<opset="zext_ln52_16/6 "/>
</bind>
</comp>

<comp id="1768" class="1004" name="bitcast_ln52_2_fu_1768">
<pin_list>
<pin id="1769" dir="0" index="0" bw="32" slack="0"/>
<pin id="1770" dir="1" index="1" bw="32" slack="0"/>
</pin_list>
<bind>
<opcode="bitcast(44) " fcode="bitcast"/>
<opset="bitcast_ln52_2/6 "/>
</bind>
</comp>

<comp id="1772" class="1004" name="bitcast_ln52_3_fu_1772">
<pin_list>
<pin id="1773" dir="0" index="0" bw="32" slack="0"/>
<pin id="1774" dir="1" index="1" bw="32" slack="0"/>
</pin_list>
<bind>
<opcode="bitcast(44) " fcode="bitcast"/>
<opset="bitcast_ln52_3/6 "/>
</bind>
</comp>

<comp id="1776" class="1004" name="bitcast_ln52_4_fu_1776">
<pin_list>
<pin id="1777" dir="0" index="0" bw="32" slack="0"/>
<pin id="1778" dir="1" index="1" bw="32" slack="0"/>
</pin_list>
<bind>
<opcode="bitcast(44) " fcode="bitcast"/>
<opset="bitcast_ln52_4/6 "/>
</bind>
</comp>

<comp id="1780" class="1004" name="bitcast_ln52_5_fu_1780">
<pin_list>
<pin id="1781" dir="0" index="0" bw="32" slack="0"/>
<pin id="1782" dir="1" index="1" bw="32" slack="0"/>
</pin_list>
<bind>
<opcode="bitcast(44) " fcode="bitcast"/>
<opset="bitcast_ln52_5/6 "/>
</bind>
</comp>

<comp id="1784" class="1004" name="bitcast_ln52_6_fu_1784">
<pin_list>
<pin id="1785" dir="0" index="0" bw="32" slack="0"/>
<pin id="1786" dir="1" index="1" bw="32" slack="0"/>
</pin_list>
<bind>
<opcode="bitcast(44) " fcode="bitcast"/>
<opset="bitcast_ln52_6/6 "/>
</bind>
</comp>

<comp id="1788" class="1004" name="bitcast_ln52_7_fu_1788">
<pin_list>
<pin id="1789" dir="0" index="0" bw="32" slack="0"/>
<pin id="1790" dir="1" index="1" bw="32" slack="0"/>
</pin_list>
<bind>
<opcode="bitcast(44) " fcode="bitcast"/>
<opset="bitcast_ln52_7/6 "/>
</bind>
</comp>

<comp id="1792" class="1004" name="bitcast_ln52_8_fu_1792">
<pin_list>
<pin id="1793" dir="0" index="0" bw="32" slack="0"/>
<pin id="1794" dir="1" index="1" bw="32" slack="0"/>
</pin_list>
<bind>
<opcode="bitcast(44) " fcode="bitcast"/>
<opset="bitcast_ln52_8/6 "/>
</bind>
</comp>

<comp id="1796" class="1004" name="bitcast_ln52_9_fu_1796">
<pin_list>
<pin id="1797" dir="0" index="0" bw="32" slack="0"/>
<pin id="1798" dir="1" index="1" bw="32" slack="0"/>
</pin_list>
<bind>
<opcode="bitcast(44) " fcode="bitcast"/>
<opset="bitcast_ln52_9/6 "/>
</bind>
</comp>

<comp id="1800" class="1004" name="bitcast_ln52_10_fu_1800">
<pin_list>
<pin id="1801" dir="0" index="0" bw="32" slack="0"/>
<pin id="1802" dir="1" index="1" bw="32" slack="0"/>
</pin_list>
<bind>
<opcode="bitcast(44) " fcode="bitcast"/>
<opset="bitcast_ln52_10/6 "/>
</bind>
</comp>

<comp id="1804" class="1004" name="bitcast_ln52_11_fu_1804">
<pin_list>
<pin id="1805" dir="0" index="0" bw="32" slack="0"/>
<pin id="1806" dir="1" index="1" bw="32" slack="0"/>
</pin_list>
<bind>
<opcode="bitcast(44) " fcode="bitcast"/>
<opset="bitcast_ln52_11/6 "/>
</bind>
</comp>

<comp id="1808" class="1004" name="bitcast_ln52_12_fu_1808">
<pin_list>
<pin id="1809" dir="0" index="0" bw="32" slack="0"/>
<pin id="1810" dir="1" index="1" bw="32" slack="0"/>
</pin_list>
<bind>
<opcode="bitcast(44) " fcode="bitcast"/>
<opset="bitcast_ln52_12/6 "/>
</bind>
</comp>

<comp id="1812" class="1004" name="tmp_1_fu_1812">
<pin_list>
<pin id="1813" dir="0" index="0" bw="32" slack="0"/>
<pin id="1814" dir="0" index="1" bw="32" slack="0"/>
<pin id="1815" dir="0" index="2" bw="32" slack="0"/>
<pin id="1816" dir="0" index="3" bw="32" slack="0"/>
<pin id="1817" dir="0" index="4" bw="32" slack="0"/>
<pin id="1818" dir="0" index="5" bw="32" slack="0"/>
<pin id="1819" dir="0" index="6" bw="32" slack="0"/>
<pin id="1820" dir="0" index="7" bw="32" slack="0"/>
<pin id="1821" dir="0" index="8" bw="32" slack="0"/>
<pin id="1822" dir="0" index="9" bw="32" slack="0"/>
<pin id="1823" dir="0" index="10" bw="32" slack="0"/>
<pin id="1824" dir="0" index="11" bw="32" slack="0"/>
<pin id="1825" dir="0" index="12" bw="4" slack="5"/>
<pin id="1826" dir="1" index="13" bw="32" slack="1"/>
</pin_list>
<bind>
<opcode="mux(1196) " fcode="mux"/>
<opset="tmp_1/6 "/>
</bind>
</comp>

<comp id="1839" class="1004" name="bitcast_ln52_13_fu_1839">
<pin_list>
<pin id="1840" dir="0" index="0" bw="32" slack="0"/>
<pin id="1841" dir="1" index="1" bw="32" slack="0"/>
</pin_list>
<bind>
<opcode="bitcast(44) " fcode="bitcast"/>
<opset="bitcast_ln52_13/6 "/>
</bind>
</comp>

<comp id="1843" class="1004" name="bitcast_ln52_14_fu_1843">
<pin_list>
<pin id="1844" dir="0" index="0" bw="32" slack="0"/>
<pin id="1845" dir="1" index="1" bw="32" slack="0"/>
</pin_list>
<bind>
<opcode="bitcast(44) " fcode="bitcast"/>
<opset="bitcast_ln52_14/6 "/>
</bind>
</comp>

<comp id="1847" class="1004" name="bitcast_ln52_15_fu_1847">
<pin_list>
<pin id="1848" dir="0" index="0" bw="32" slack="0"/>
<pin id="1849" dir="1" index="1" bw="32" slack="0"/>
</pin_list>
<bind>
<opcode="bitcast(44) " fcode="bitcast"/>
<opset="bitcast_ln52_15/6 "/>
</bind>
</comp>

<comp id="1851" class="1004" name="bitcast_ln52_16_fu_1851">
<pin_list>
<pin id="1852" dir="0" index="0" bw="32" slack="0"/>
<pin id="1853" dir="1" index="1" bw="32" slack="0"/>
</pin_list>
<bind>
<opcode="bitcast(44) " fcode="bitcast"/>
<opset="bitcast_ln52_16/6 "/>
</bind>
</comp>

<comp id="1855" class="1004" name="bitcast_ln52_17_fu_1855">
<pin_list>
<pin id="1856" dir="0" index="0" bw="32" slack="0"/>
<pin id="1857" dir="1" index="1" bw="32" slack="0"/>
</pin_list>
<bind>
<opcode="bitcast(44) " fcode="bitcast"/>
<opset="bitcast_ln52_17/6 "/>
</bind>
</comp>

<comp id="1859" class="1004" name="bitcast_ln52_18_fu_1859">
<pin_list>
<pin id="1860" dir="0" index="0" bw="32" slack="0"/>
<pin id="1861" dir="1" index="1" bw="32" slack="0"/>
</pin_list>
<bind>
<opcode="bitcast(44) " fcode="bitcast"/>
<opset="bitcast_ln52_18/6 "/>
</bind>
</comp>

<comp id="1863" class="1004" name="bitcast_ln52_19_fu_1863">
<pin_list>
<pin id="1864" dir="0" index="0" bw="32" slack="0"/>
<pin id="1865" dir="1" index="1" bw="32" slack="0"/>
</pin_list>
<bind>
<opcode="bitcast(44) " fcode="bitcast"/>
<opset="bitcast_ln52_19/6 "/>
</bind>
</comp>

<comp id="1867" class="1004" name="bitcast_ln52_20_fu_1867">
<pin_list>
<pin id="1868" dir="0" index="0" bw="32" slack="0"/>
<pin id="1869" dir="1" index="1" bw="32" slack="0"/>
</pin_list>
<bind>
<opcode="bitcast(44) " fcode="bitcast"/>
<opset="bitcast_ln52_20/6 "/>
</bind>
</comp>

<comp id="1871" class="1004" name="bitcast_ln52_21_fu_1871">
<pin_list>
<pin id="1872" dir="0" index="0" bw="32" slack="0"/>
<pin id="1873" dir="1" index="1" bw="32" slack="0"/>
</pin_list>
<bind>
<opcode="bitcast(44) " fcode="bitcast"/>
<opset="bitcast_ln52_21/6 "/>
</bind>
</comp>

<comp id="1875" class="1004" name="bitcast_ln52_22_fu_1875">
<pin_list>
<pin id="1876" dir="0" index="0" bw="32" slack="0"/>
<pin id="1877" dir="1" index="1" bw="32" slack="0"/>
</pin_list>
<bind>
<opcode="bitcast(44) " fcode="bitcast"/>
<opset="bitcast_ln52_22/6 "/>
</bind>
</comp>

<comp id="1879" class="1004" name="bitcast_ln52_23_fu_1879">
<pin_list>
<pin id="1880" dir="0" index="0" bw="32" slack="0"/>
<pin id="1881" dir="1" index="1" bw="32" slack="0"/>
</pin_list>
<bind>
<opcode="bitcast(44) " fcode="bitcast"/>
<opset="bitcast_ln52_23/6 "/>
</bind>
</comp>

<comp id="1883" class="1004" name="tmp_1_1_fu_1883">
<pin_list>
<pin id="1884" dir="0" index="0" bw="32" slack="0"/>
<pin id="1885" dir="0" index="1" bw="32" slack="0"/>
<pin id="1886" dir="0" index="2" bw="32" slack="0"/>
<pin id="1887" dir="0" index="3" bw="32" slack="0"/>
<pin id="1888" dir="0" index="4" bw="32" slack="0"/>
<pin id="1889" dir="0" index="5" bw="32" slack="0"/>
<pin id="1890" dir="0" index="6" bw="32" slack="0"/>
<pin id="1891" dir="0" index="7" bw="32" slack="0"/>
<pin id="1892" dir="0" index="8" bw="32" slack="0"/>
<pin id="1893" dir="0" index="9" bw="32" slack="0"/>
<pin id="1894" dir="0" index="10" bw="32" slack="0"/>
<pin id="1895" dir="0" index="11" bw="32" slack="0"/>
<pin id="1896" dir="0" index="12" bw="4" slack="5"/>
<pin id="1897" dir="1" index="13" bw="32" slack="2"/>
</pin_list>
<bind>
<opcode="mux(1196) " fcode="mux"/>
<opset="tmp_1_1/6 "/>
</bind>
</comp>

<comp id="1910" class="1004" name="add_ln52_5_fu_1910">
<pin_list>
<pin id="1911" dir="0" index="0" bw="14" slack="3"/>
<pin id="1912" dir="0" index="1" bw="8" slack="6"/>
<pin id="1913" dir="1" index="2" bw="14" slack="0"/>
</pin_list>
<bind>
<opcode="add(8) " fcode="add"/>
<opset="add_ln52_5/7 "/>
</bind>
</comp>

<comp id="1914" class="1004" name="zext_ln52_17_fu_1914">
<pin_list>
<pin id="1915" dir="0" index="0" bw="14" slack="0"/>
<pin id="1916" dir="1" index="1" bw="64" slack="0"/>
</pin_list>
<bind>
<opcode="zext(34) " fcode="zext"/>
<opset="zext_ln52_17/7 "/>
</bind>
</comp>

<comp id="1929" class="1004" name="add_ln52_6_fu_1929">
<pin_list>
<pin id="1930" dir="0" index="0" bw="14" slack="3"/>
<pin id="1931" dir="0" index="1" bw="8" slack="6"/>
<pin id="1932" dir="1" index="2" bw="14" slack="0"/>
</pin_list>
<bind>
<opcode="add(8) " fcode="add"/>
<opset="add_ln52_6/7 "/>
</bind>
</comp>

<comp id="1933" class="1004" name="zext_ln52_18_fu_1933">
<pin_list>
<pin id="1934" dir="0" index="0" bw="14" slack="0"/>
<pin id="1935" dir="1" index="1" bw="64" slack="0"/>
</pin_list>
<bind>
<opcode="zext(34) " fcode="zext"/>
<opset="zext_ln52_18/7 "/>
</bind>
</comp>

<comp id="1948" class="1004" name="add_ln52_7_fu_1948">
<pin_list>
<pin id="1949" dir="0" index="0" bw="14" slack="3"/>
<pin id="1950" dir="0" index="1" bw="8" slack="6"/>
<pin id="1951" dir="1" index="2" bw="14" slack="1"/>
</pin_list>
<bind>
<opcode="add(8) " fcode="add"/>
<opset="add_ln52_7/7 "/>
</bind>
</comp>

<comp id="1952" class="1004" name="add_ln52_8_fu_1952">
<pin_list>
<pin id="1953" dir="0" index="0" bw="14" slack="3"/>
<pin id="1954" dir="0" index="1" bw="8" slack="6"/>
<pin id="1955" dir="1" index="2" bw="14" slack="1"/>
</pin_list>
<bind>
<opcode="add(8) " fcode="add"/>
<opset="add_ln52_8/7 "/>
</bind>
</comp>

<comp id="1956" class="1004" name="add_ln52_9_fu_1956">
<pin_list>
<pin id="1957" dir="0" index="0" bw="14" slack="3"/>
<pin id="1958" dir="0" index="1" bw="8" slack="6"/>
<pin id="1959" dir="1" index="2" bw="14" slack="2"/>
</pin_list>
<bind>
<opcode="add(8) " fcode="add"/>
<opset="add_ln52_9/7 "/>
</bind>
</comp>

<comp id="1960" class="1004" name="add_ln52_11_fu_1960">
<pin_list>
<pin id="1961" dir="0" index="0" bw="14" slack="3"/>
<pin id="1962" dir="0" index="1" bw="8" slack="6"/>
<pin id="1963" dir="1" index="2" bw="14" slack="2"/>
</pin_list>
<bind>
<opcode="add(8) " fcode="add"/>
<opset="add_ln52_11/7 "/>
</bind>
</comp>

<comp id="1964" class="1004" name="add_ln52_12_fu_1964">
<pin_list>
<pin id="1965" dir="0" index="0" bw="14" slack="3"/>
<pin id="1966" dir="0" index="1" bw="8" slack="6"/>
<pin id="1967" dir="1" index="2" bw="14" slack="3"/>
</pin_list>
<bind>
<opcode="add(8) " fcode="add"/>
<opset="add_ln52_12/7 "/>
</bind>
</comp>

<comp id="1968" class="1004" name="empty_18_fu_1968">
<pin_list>
<pin id="1969" dir="0" index="0" bw="32" slack="5"/>
<pin id="1970" dir="1" index="1" bw="32" slack="0"/>
</pin_list>
<bind>
<opcode="bitcast(44) " fcode="bitcast"/>
<opset="empty_18/7 "/>
</bind>
</comp>

<comp id="1972" class="1004" name="bitcast_ln52_24_fu_1972">
<pin_list>
<pin id="1973" dir="0" index="0" bw="32" slack="0"/>
<pin id="1974" dir="1" index="1" bw="32" slack="0"/>
</pin_list>
<bind>
<opcode="bitcast(44) " fcode="bitcast"/>
<opset="bitcast_ln52_24/7 "/>
</bind>
</comp>

<comp id="1976" class="1004" name="bitcast_ln52_25_fu_1976">
<pin_list>
<pin id="1977" dir="0" index="0" bw="32" slack="0"/>
<pin id="1978" dir="1" index="1" bw="32" slack="0"/>
</pin_list>
<bind>
<opcode="bitcast(44) " fcode="bitcast"/>
<opset="bitcast_ln52_25/7 "/>
</bind>
</comp>

<comp id="1980" class="1004" name="bitcast_ln52_26_fu_1980">
<pin_list>
<pin id="1981" dir="0" index="0" bw="32" slack="0"/>
<pin id="1982" dir="1" index="1" bw="32" slack="0"/>
</pin_list>
<bind>
<opcode="bitcast(44) " fcode="bitcast"/>
<opset="bitcast_ln52_26/7 "/>
</bind>
</comp>

<comp id="1984" class="1004" name="bitcast_ln52_27_fu_1984">
<pin_list>
<pin id="1985" dir="0" index="0" bw="32" slack="0"/>
<pin id="1986" dir="1" index="1" bw="32" slack="0"/>
</pin_list>
<bind>
<opcode="bitcast(44) " fcode="bitcast"/>
<opset="bitcast_ln52_27/7 "/>
</bind>
</comp>

<comp id="1988" class="1004" name="bitcast_ln52_28_fu_1988">
<pin_list>
<pin id="1989" dir="0" index="0" bw="32" slack="0"/>
<pin id="1990" dir="1" index="1" bw="32" slack="0"/>
</pin_list>
<bind>
<opcode="bitcast(44) " fcode="bitcast"/>
<opset="bitcast_ln52_28/7 "/>
</bind>
</comp>

<comp id="1992" class="1004" name="bitcast_ln52_29_fu_1992">
<pin_list>
<pin id="1993" dir="0" index="0" bw="32" slack="0"/>
<pin id="1994" dir="1" index="1" bw="32" slack="0"/>
</pin_list>
<bind>
<opcode="bitcast(44) " fcode="bitcast"/>
<opset="bitcast_ln52_29/7 "/>
</bind>
</comp>

<comp id="1996" class="1004" name="bitcast_ln52_30_fu_1996">
<pin_list>
<pin id="1997" dir="0" index="0" bw="32" slack="0"/>
<pin id="1998" dir="1" index="1" bw="32" slack="0"/>
</pin_list>
<bind>
<opcode="bitcast(44) " fcode="bitcast"/>
<opset="bitcast_ln52_30/7 "/>
</bind>
</comp>

<comp id="2000" class="1004" name="bitcast_ln52_31_fu_2000">
<pin_list>
<pin id="2001" dir="0" index="0" bw="32" slack="0"/>
<pin id="2002" dir="1" index="1" bw="32" slack="0"/>
</pin_list>
<bind>
<opcode="bitcast(44) " fcode="bitcast"/>
<opset="bitcast_ln52_31/7 "/>
</bind>
</comp>

<comp id="2004" class="1004" name="bitcast_ln52_32_fu_2004">
<pin_list>
<pin id="2005" dir="0" index="0" bw="32" slack="0"/>
<pin id="2006" dir="1" index="1" bw="32" slack="0"/>
</pin_list>
<bind>
<opcode="bitcast(44) " fcode="bitcast"/>
<opset="bitcast_ln52_32/7 "/>
</bind>
</comp>

<comp id="2008" class="1004" name="bitcast_ln52_33_fu_2008">
<pin_list>
<pin id="2009" dir="0" index="0" bw="32" slack="0"/>
<pin id="2010" dir="1" index="1" bw="32" slack="0"/>
</pin_list>
<bind>
<opcode="bitcast(44) " fcode="bitcast"/>
<opset="bitcast_ln52_33/7 "/>
</bind>
</comp>

<comp id="2012" class="1004" name="bitcast_ln52_34_fu_2012">
<pin_list>
<pin id="2013" dir="0" index="0" bw="32" slack="0"/>
<pin id="2014" dir="1" index="1" bw="32" slack="0"/>
</pin_list>
<bind>
<opcode="bitcast(44) " fcode="bitcast"/>
<opset="bitcast_ln52_34/7 "/>
</bind>
</comp>

<comp id="2016" class="1004" name="tmp_1_2_fu_2016">
<pin_list>
<pin id="2017" dir="0" index="0" bw="32" slack="0"/>
<pin id="2018" dir="0" index="1" bw="32" slack="0"/>
<pin id="2019" dir="0" index="2" bw="32" slack="0"/>
<pin id="2020" dir="0" index="3" bw="32" slack="0"/>
<pin id="2021" dir="0" index="4" bw="32" slack="0"/>
<pin id="2022" dir="0" index="5" bw="32" slack="0"/>
<pin id="2023" dir="0" index="6" bw="32" slack="0"/>
<pin id="2024" dir="0" index="7" bw="32" slack="0"/>
<pin id="2025" dir="0" index="8" bw="32" slack="0"/>
<pin id="2026" dir="0" index="9" bw="32" slack="0"/>
<pin id="2027" dir="0" index="10" bw="32" slack="0"/>
<pin id="2028" dir="0" index="11" bw="32" slack="0"/>
<pin id="2029" dir="0" index="12" bw="4" slack="6"/>
<pin id="2030" dir="1" index="13" bw="32" slack="2"/>
</pin_list>
<bind>
<opcode="mux(1196) " fcode="mux"/>
<opset="tmp_1_2/7 "/>
</bind>
</comp>

<comp id="2043" class="1004" name="bitcast_ln52_35_fu_2043">
<pin_list>
<pin id="2044" dir="0" index="0" bw="32" slack="0"/>
<pin id="2045" dir="1" index="1" bw="32" slack="0"/>
</pin_list>
<bind>
<opcode="bitcast(44) " fcode="bitcast"/>
<opset="bitcast_ln52_35/7 "/>
</bind>
</comp>

<comp id="2047" class="1004" name="bitcast_ln52_36_fu_2047">
<pin_list>
<pin id="2048" dir="0" index="0" bw="32" slack="0"/>
<pin id="2049" dir="1" index="1" bw="32" slack="0"/>
</pin_list>
<bind>
<opcode="bitcast(44) " fcode="bitcast"/>
<opset="bitcast_ln52_36/7 "/>
</bind>
</comp>

<comp id="2051" class="1004" name="bitcast_ln52_37_fu_2051">
<pin_list>
<pin id="2052" dir="0" index="0" bw="32" slack="0"/>
<pin id="2053" dir="1" index="1" bw="32" slack="0"/>
</pin_list>
<bind>
<opcode="bitcast(44) " fcode="bitcast"/>
<opset="bitcast_ln52_37/7 "/>
</bind>
</comp>

<comp id="2055" class="1004" name="bitcast_ln52_38_fu_2055">
<pin_list>
<pin id="2056" dir="0" index="0" bw="32" slack="0"/>
<pin id="2057" dir="1" index="1" bw="32" slack="0"/>
</pin_list>
<bind>
<opcode="bitcast(44) " fcode="bitcast"/>
<opset="bitcast_ln52_38/7 "/>
</bind>
</comp>

<comp id="2059" class="1004" name="bitcast_ln52_39_fu_2059">
<pin_list>
<pin id="2060" dir="0" index="0" bw="32" slack="0"/>
<pin id="2061" dir="1" index="1" bw="32" slack="0"/>
</pin_list>
<bind>
<opcode="bitcast(44) " fcode="bitcast"/>
<opset="bitcast_ln52_39/7 "/>
</bind>
</comp>

<comp id="2063" class="1004" name="bitcast_ln52_40_fu_2063">
<pin_list>
<pin id="2064" dir="0" index="0" bw="32" slack="0"/>
<pin id="2065" dir="1" index="1" bw="32" slack="0"/>
</pin_list>
<bind>
<opcode="bitcast(44) " fcode="bitcast"/>
<opset="bitcast_ln52_40/7 "/>
</bind>
</comp>

<comp id="2067" class="1004" name="bitcast_ln52_41_fu_2067">
<pin_list>
<pin id="2068" dir="0" index="0" bw="32" slack="0"/>
<pin id="2069" dir="1" index="1" bw="32" slack="0"/>
</pin_list>
<bind>
<opcode="bitcast(44) " fcode="bitcast"/>
<opset="bitcast_ln52_41/7 "/>
</bind>
</comp>

<comp id="2071" class="1004" name="bitcast_ln52_42_fu_2071">
<pin_list>
<pin id="2072" dir="0" index="0" bw="32" slack="0"/>
<pin id="2073" dir="1" index="1" bw="32" slack="0"/>
</pin_list>
<bind>
<opcode="bitcast(44) " fcode="bitcast"/>
<opset="bitcast_ln52_42/7 "/>
</bind>
</comp>

<comp id="2075" class="1004" name="bitcast_ln52_43_fu_2075">
<pin_list>
<pin id="2076" dir="0" index="0" bw="32" slack="0"/>
<pin id="2077" dir="1" index="1" bw="32" slack="0"/>
</pin_list>
<bind>
<opcode="bitcast(44) " fcode="bitcast"/>
<opset="bitcast_ln52_43/7 "/>
</bind>
</comp>

<comp id="2079" class="1004" name="bitcast_ln52_44_fu_2079">
<pin_list>
<pin id="2080" dir="0" index="0" bw="32" slack="0"/>
<pin id="2081" dir="1" index="1" bw="32" slack="0"/>
</pin_list>
<bind>
<opcode="bitcast(44) " fcode="bitcast"/>
<opset="bitcast_ln52_44/7 "/>
</bind>
</comp>

<comp id="2083" class="1004" name="bitcast_ln52_45_fu_2083">
<pin_list>
<pin id="2084" dir="0" index="0" bw="32" slack="0"/>
<pin id="2085" dir="1" index="1" bw="32" slack="0"/>
</pin_list>
<bind>
<opcode="bitcast(44) " fcode="bitcast"/>
<opset="bitcast_ln52_45/7 "/>
</bind>
</comp>

<comp id="2087" class="1004" name="tmp_1_3_fu_2087">
<pin_list>
<pin id="2088" dir="0" index="0" bw="32" slack="0"/>
<pin id="2089" dir="0" index="1" bw="32" slack="0"/>
<pin id="2090" dir="0" index="2" bw="32" slack="0"/>
<pin id="2091" dir="0" index="3" bw="32" slack="0"/>
<pin id="2092" dir="0" index="4" bw="32" slack="0"/>
<pin id="2093" dir="0" index="5" bw="32" slack="0"/>
<pin id="2094" dir="0" index="6" bw="32" slack="0"/>
<pin id="2095" dir="0" index="7" bw="32" slack="0"/>
<pin id="2096" dir="0" index="8" bw="32" slack="0"/>
<pin id="2097" dir="0" index="9" bw="32" slack="0"/>
<pin id="2098" dir="0" index="10" bw="32" slack="0"/>
<pin id="2099" dir="0" index="11" bw="32" slack="0"/>
<pin id="2100" dir="0" index="12" bw="4" slack="6"/>
<pin id="2101" dir="1" index="13" bw="32" slack="3"/>
</pin_list>
<bind>
<opcode="mux(1196) " fcode="mux"/>
<opset="tmp_1_3/7 "/>
</bind>
</comp>

<comp id="2114" class="1004" name="zext_ln52_19_fu_2114">
<pin_list>
<pin id="2115" dir="0" index="0" bw="14" slack="1"/>
<pin id="2116" dir="1" index="1" bw="64" slack="0"/>
</pin_list>
<bind>
<opcode="zext(34) " fcode="zext"/>
<opset="zext_ln52_19/8 "/>
</bind>
</comp>

<comp id="2128" class="1004" name="zext_ln52_20_fu_2128">
<pin_list>
<pin id="2129" dir="0" index="0" bw="14" slack="1"/>
<pin id="2130" dir="1" index="1" bw="64" slack="0"/>
</pin_list>
<bind>
<opcode="zext(34) " fcode="zext"/>
<opset="zext_ln52_20/8 "/>
</bind>
</comp>

<comp id="2142" class="1004" name="empty_19_fu_2142">
<pin_list>
<pin id="2143" dir="0" index="0" bw="32" slack="6"/>
<pin id="2144" dir="1" index="1" bw="32" slack="0"/>
</pin_list>
<bind>
<opcode="bitcast(44) " fcode="bitcast"/>
<opset="empty_19/8 "/>
</bind>
</comp>

<comp id="2146" class="1004" name="bitcast_ln52_46_fu_2146">
<pin_list>
<pin id="2147" dir="0" index="0" bw="32" slack="0"/>
<pin id="2148" dir="1" index="1" bw="32" slack="0"/>
</pin_list>
<bind>
<opcode="bitcast(44) " fcode="bitcast"/>
<opset="bitcast_ln52_46/8 "/>
</bind>
</comp>

<comp id="2150" class="1004" name="bitcast_ln52_47_fu_2150">
<pin_list>
<pin id="2151" dir="0" index="0" bw="32" slack="0"/>
<pin id="2152" dir="1" index="1" bw="32" slack="0"/>
</pin_list>
<bind>
<opcode="bitcast(44) " fcode="bitcast"/>
<opset="bitcast_ln52_47/8 "/>
</bind>
</comp>

<comp id="2154" class="1004" name="bitcast_ln52_48_fu_2154">
<pin_list>
<pin id="2155" dir="0" index="0" bw="32" slack="0"/>
<pin id="2156" dir="1" index="1" bw="32" slack="0"/>
</pin_list>
<bind>
<opcode="bitcast(44) " fcode="bitcast"/>
<opset="bitcast_ln52_48/8 "/>
</bind>
</comp>

<comp id="2158" class="1004" name="bitcast_ln52_49_fu_2158">
<pin_list>
<pin id="2159" dir="0" index="0" bw="32" slack="0"/>
<pin id="2160" dir="1" index="1" bw="32" slack="0"/>
</pin_list>
<bind>
<opcode="bitcast(44) " fcode="bitcast"/>
<opset="bitcast_ln52_49/8 "/>
</bind>
</comp>

<comp id="2162" class="1004" name="bitcast_ln52_50_fu_2162">
<pin_list>
<pin id="2163" dir="0" index="0" bw="32" slack="0"/>
<pin id="2164" dir="1" index="1" bw="32" slack="0"/>
</pin_list>
<bind>
<opcode="bitcast(44) " fcode="bitcast"/>
<opset="bitcast_ln52_50/8 "/>
</bind>
</comp>

<comp id="2166" class="1004" name="bitcast_ln52_51_fu_2166">
<pin_list>
<pin id="2167" dir="0" index="0" bw="32" slack="0"/>
<pin id="2168" dir="1" index="1" bw="32" slack="0"/>
</pin_list>
<bind>
<opcode="bitcast(44) " fcode="bitcast"/>
<opset="bitcast_ln52_51/8 "/>
</bind>
</comp>

<comp id="2170" class="1004" name="bitcast_ln52_52_fu_2170">
<pin_list>
<pin id="2171" dir="0" index="0" bw="32" slack="0"/>
<pin id="2172" dir="1" index="1" bw="32" slack="0"/>
</pin_list>
<bind>
<opcode="bitcast(44) " fcode="bitcast"/>
<opset="bitcast_ln52_52/8 "/>
</bind>
</comp>

<comp id="2174" class="1004" name="bitcast_ln52_53_fu_2174">
<pin_list>
<pin id="2175" dir="0" index="0" bw="32" slack="0"/>
<pin id="2176" dir="1" index="1" bw="32" slack="0"/>
</pin_list>
<bind>
<opcode="bitcast(44) " fcode="bitcast"/>
<opset="bitcast_ln52_53/8 "/>
</bind>
</comp>

<comp id="2178" class="1004" name="bitcast_ln52_54_fu_2178">
<pin_list>
<pin id="2179" dir="0" index="0" bw="32" slack="0"/>
<pin id="2180" dir="1" index="1" bw="32" slack="0"/>
</pin_list>
<bind>
<opcode="bitcast(44) " fcode="bitcast"/>
<opset="bitcast_ln52_54/8 "/>
</bind>
</comp>

<comp id="2182" class="1004" name="bitcast_ln52_55_fu_2182">
<pin_list>
<pin id="2183" dir="0" index="0" bw="32" slack="0"/>
<pin id="2184" dir="1" index="1" bw="32" slack="0"/>
</pin_list>
<bind>
<opcode="bitcast(44) " fcode="bitcast"/>
<opset="bitcast_ln52_55/8 "/>
</bind>
</comp>

<comp id="2186" class="1004" name="bitcast_ln52_56_fu_2186">
<pin_list>
<pin id="2187" dir="0" index="0" bw="32" slack="0"/>
<pin id="2188" dir="1" index="1" bw="32" slack="0"/>
</pin_list>
<bind>
<opcode="bitcast(44) " fcode="bitcast"/>
<opset="bitcast_ln52_56/8 "/>
</bind>
</comp>

<comp id="2190" class="1004" name="tmp_1_4_fu_2190">
<pin_list>
<pin id="2191" dir="0" index="0" bw="32" slack="0"/>
<pin id="2192" dir="0" index="1" bw="32" slack="0"/>
<pin id="2193" dir="0" index="2" bw="32" slack="0"/>
<pin id="2194" dir="0" index="3" bw="32" slack="0"/>
<pin id="2195" dir="0" index="4" bw="32" slack="0"/>
<pin id="2196" dir="0" index="5" bw="32" slack="0"/>
<pin id="2197" dir="0" index="6" bw="32" slack="0"/>
<pin id="2198" dir="0" index="7" bw="32" slack="0"/>
<pin id="2199" dir="0" index="8" bw="32" slack="0"/>
<pin id="2200" dir="0" index="9" bw="32" slack="0"/>
<pin id="2201" dir="0" index="10" bw="32" slack="0"/>
<pin id="2202" dir="0" index="11" bw="32" slack="0"/>
<pin id="2203" dir="0" index="12" bw="4" slack="7"/>
<pin id="2204" dir="1" index="13" bw="32" slack="3"/>
</pin_list>
<bind>
<opcode="mux(1196) " fcode="mux"/>
<opset="tmp_1_4/8 "/>
</bind>
</comp>

<comp id="2217" class="1004" name="bitcast_ln52_57_fu_2217">
<pin_list>
<pin id="2218" dir="0" index="0" bw="32" slack="0"/>
<pin id="2219" dir="1" index="1" bw="32" slack="0"/>
</pin_list>
<bind>
<opcode="bitcast(44) " fcode="bitcast"/>
<opset="bitcast_ln52_57/8 "/>
</bind>
</comp>

<comp id="2221" class="1004" name="bitcast_ln52_58_fu_2221">
<pin_list>
<pin id="2222" dir="0" index="0" bw="32" slack="0"/>
<pin id="2223" dir="1" index="1" bw="32" slack="0"/>
</pin_list>
<bind>
<opcode="bitcast(44) " fcode="bitcast"/>
<opset="bitcast_ln52_58/8 "/>
</bind>
</comp>

<comp id="2225" class="1004" name="bitcast_ln52_59_fu_2225">
<pin_list>
<pin id="2226" dir="0" index="0" bw="32" slack="0"/>
<pin id="2227" dir="1" index="1" bw="32" slack="0"/>
</pin_list>
<bind>
<opcode="bitcast(44) " fcode="bitcast"/>
<opset="bitcast_ln52_59/8 "/>
</bind>
</comp>

<comp id="2229" class="1004" name="bitcast_ln52_60_fu_2229">
<pin_list>
<pin id="2230" dir="0" index="0" bw="32" slack="0"/>
<pin id="2231" dir="1" index="1" bw="32" slack="0"/>
</pin_list>
<bind>
<opcode="bitcast(44) " fcode="bitcast"/>
<opset="bitcast_ln52_60/8 "/>
</bind>
</comp>

<comp id="2233" class="1004" name="bitcast_ln52_61_fu_2233">
<pin_list>
<pin id="2234" dir="0" index="0" bw="32" slack="0"/>
<pin id="2235" dir="1" index="1" bw="32" slack="0"/>
</pin_list>
<bind>
<opcode="bitcast(44) " fcode="bitcast"/>
<opset="bitcast_ln52_61/8 "/>
</bind>
</comp>

<comp id="2237" class="1004" name="bitcast_ln52_62_fu_2237">
<pin_list>
<pin id="2238" dir="0" index="0" bw="32" slack="0"/>
<pin id="2239" dir="1" index="1" bw="32" slack="0"/>
</pin_list>
<bind>
<opcode="bitcast(44) " fcode="bitcast"/>
<opset="bitcast_ln52_62/8 "/>
</bind>
</comp>

<comp id="2241" class="1004" name="bitcast_ln52_63_fu_2241">
<pin_list>
<pin id="2242" dir="0" index="0" bw="32" slack="0"/>
<pin id="2243" dir="1" index="1" bw="32" slack="0"/>
</pin_list>
<bind>
<opcode="bitcast(44) " fcode="bitcast"/>
<opset="bitcast_ln52_63/8 "/>
</bind>
</comp>

<comp id="2245" class="1004" name="bitcast_ln52_64_fu_2245">
<pin_list>
<pin id="2246" dir="0" index="0" bw="32" slack="0"/>
<pin id="2247" dir="1" index="1" bw="32" slack="0"/>
</pin_list>
<bind>
<opcode="bitcast(44) " fcode="bitcast"/>
<opset="bitcast_ln52_64/8 "/>
</bind>
</comp>

<comp id="2249" class="1004" name="bitcast_ln52_65_fu_2249">
<pin_list>
<pin id="2250" dir="0" index="0" bw="32" slack="0"/>
<pin id="2251" dir="1" index="1" bw="32" slack="0"/>
</pin_list>
<bind>
<opcode="bitcast(44) " fcode="bitcast"/>
<opset="bitcast_ln52_65/8 "/>
</bind>
</comp>

<comp id="2253" class="1004" name="bitcast_ln52_66_fu_2253">
<pin_list>
<pin id="2254" dir="0" index="0" bw="32" slack="0"/>
<pin id="2255" dir="1" index="1" bw="32" slack="0"/>
</pin_list>
<bind>
<opcode="bitcast(44) " fcode="bitcast"/>
<opset="bitcast_ln52_66/8 "/>
</bind>
</comp>

<comp id="2257" class="1004" name="bitcast_ln52_67_fu_2257">
<pin_list>
<pin id="2258" dir="0" index="0" bw="32" slack="0"/>
<pin id="2259" dir="1" index="1" bw="32" slack="0"/>
</pin_list>
<bind>
<opcode="bitcast(44) " fcode="bitcast"/>
<opset="bitcast_ln52_67/8 "/>
</bind>
</comp>

<comp id="2261" class="1004" name="tmp_1_5_fu_2261">
<pin_list>
<pin id="2262" dir="0" index="0" bw="32" slack="0"/>
<pin id="2263" dir="0" index="1" bw="32" slack="0"/>
<pin id="2264" dir="0" index="2" bw="32" slack="0"/>
<pin id="2265" dir="0" index="3" bw="32" slack="0"/>
<pin id="2266" dir="0" index="4" bw="32" slack="0"/>
<pin id="2267" dir="0" index="5" bw="32" slack="0"/>
<pin id="2268" dir="0" index="6" bw="32" slack="0"/>
<pin id="2269" dir="0" index="7" bw="32" slack="0"/>
<pin id="2270" dir="0" index="8" bw="32" slack="0"/>
<pin id="2271" dir="0" index="9" bw="32" slack="0"/>
<pin id="2272" dir="0" index="10" bw="32" slack="0"/>
<pin id="2273" dir="0" index="11" bw="32" slack="0"/>
<pin id="2274" dir="0" index="12" bw="4" slack="7"/>
<pin id="2275" dir="1" index="13" bw="32" slack="4"/>
</pin_list>
<bind>
<opcode="mux(1196) " fcode="mux"/>
<opset="tmp_1_5/8 "/>
</bind>
</comp>

<comp id="2288" class="1004" name="zext_ln52_21_fu_2288">
<pin_list>
<pin id="2289" dir="0" index="0" bw="14" slack="2"/>
<pin id="2290" dir="1" index="1" bw="64" slack="0"/>
</pin_list>
<bind>
<opcode="zext(34) " fcode="zext"/>
<opset="zext_ln52_21/9 "/>
</bind>
</comp>

<comp id="2302" class="1004" name="zext_ln52_22_fu_2302">
<pin_list>
<pin id="2303" dir="0" index="0" bw="14" slack="2"/>
<pin id="2304" dir="1" index="1" bw="64" slack="0"/>
</pin_list>
<bind>
<opcode="zext(34) " fcode="zext"/>
<opset="zext_ln52_22/9 "/>
</bind>
</comp>

<comp id="2316" class="1004" name="empty_20_fu_2316">
<pin_list>
<pin id="2317" dir="0" index="0" bw="32" slack="7"/>
<pin id="2318" dir="1" index="1" bw="32" slack="0"/>
</pin_list>
<bind>
<opcode="bitcast(44) " fcode="bitcast"/>
<opset="empty_20/9 "/>
</bind>
</comp>

<comp id="2320" class="1004" name="bitcast_ln52_68_fu_2320">
<pin_list>
<pin id="2321" dir="0" index="0" bw="32" slack="0"/>
<pin id="2322" dir="1" index="1" bw="32" slack="0"/>
</pin_list>
<bind>
<opcode="bitcast(44) " fcode="bitcast"/>
<opset="bitcast_ln52_68/9 "/>
</bind>
</comp>

<comp id="2324" class="1004" name="bitcast_ln52_69_fu_2324">
<pin_list>
<pin id="2325" dir="0" index="0" bw="32" slack="0"/>
<pin id="2326" dir="1" index="1" bw="32" slack="0"/>
</pin_list>
<bind>
<opcode="bitcast(44) " fcode="bitcast"/>
<opset="bitcast_ln52_69/9 "/>
</bind>
</comp>

<comp id="2328" class="1004" name="bitcast_ln52_70_fu_2328">
<pin_list>
<pin id="2329" dir="0" index="0" bw="32" slack="0"/>
<pin id="2330" dir="1" index="1" bw="32" slack="0"/>
</pin_list>
<bind>
<opcode="bitcast(44) " fcode="bitcast"/>
<opset="bitcast_ln52_70/9 "/>
</bind>
</comp>

<comp id="2332" class="1004" name="bitcast_ln52_71_fu_2332">
<pin_list>
<pin id="2333" dir="0" index="0" bw="32" slack="0"/>
<pin id="2334" dir="1" index="1" bw="32" slack="0"/>
</pin_list>
<bind>
<opcode="bitcast(44) " fcode="bitcast"/>
<opset="bitcast_ln52_71/9 "/>
</bind>
</comp>

<comp id="2336" class="1004" name="bitcast_ln52_72_fu_2336">
<pin_list>
<pin id="2337" dir="0" index="0" bw="32" slack="0"/>
<pin id="2338" dir="1" index="1" bw="32" slack="0"/>
</pin_list>
<bind>
<opcode="bitcast(44) " fcode="bitcast"/>
<opset="bitcast_ln52_72/9 "/>
</bind>
</comp>

<comp id="2340" class="1004" name="bitcast_ln52_73_fu_2340">
<pin_list>
<pin id="2341" dir="0" index="0" bw="32" slack="0"/>
<pin id="2342" dir="1" index="1" bw="32" slack="0"/>
</pin_list>
<bind>
<opcode="bitcast(44) " fcode="bitcast"/>
<opset="bitcast_ln52_73/9 "/>
</bind>
</comp>

<comp id="2344" class="1004" name="bitcast_ln52_74_fu_2344">
<pin_list>
<pin id="2345" dir="0" index="0" bw="32" slack="0"/>
<pin id="2346" dir="1" index="1" bw="32" slack="0"/>
</pin_list>
<bind>
<opcode="bitcast(44) " fcode="bitcast"/>
<opset="bitcast_ln52_74/9 "/>
</bind>
</comp>

<comp id="2348" class="1004" name="bitcast_ln52_75_fu_2348">
<pin_list>
<pin id="2349" dir="0" index="0" bw="32" slack="0"/>
<pin id="2350" dir="1" index="1" bw="32" slack="0"/>
</pin_list>
<bind>
<opcode="bitcast(44) " fcode="bitcast"/>
<opset="bitcast_ln52_75/9 "/>
</bind>
</comp>

<comp id="2352" class="1004" name="bitcast_ln52_76_fu_2352">
<pin_list>
<pin id="2353" dir="0" index="0" bw="32" slack="0"/>
<pin id="2354" dir="1" index="1" bw="32" slack="0"/>
</pin_list>
<bind>
<opcode="bitcast(44) " fcode="bitcast"/>
<opset="bitcast_ln52_76/9 "/>
</bind>
</comp>

<comp id="2356" class="1004" name="bitcast_ln52_77_fu_2356">
<pin_list>
<pin id="2357" dir="0" index="0" bw="32" slack="0"/>
<pin id="2358" dir="1" index="1" bw="32" slack="0"/>
</pin_list>
<bind>
<opcode="bitcast(44) " fcode="bitcast"/>
<opset="bitcast_ln52_77/9 "/>
</bind>
</comp>

<comp id="2360" class="1004" name="bitcast_ln52_78_fu_2360">
<pin_list>
<pin id="2361" dir="0" index="0" bw="32" slack="0"/>
<pin id="2362" dir="1" index="1" bw="32" slack="0"/>
</pin_list>
<bind>
<opcode="bitcast(44) " fcode="bitcast"/>
<opset="bitcast_ln52_78/9 "/>
</bind>
</comp>

<comp id="2364" class="1004" name="tmp_1_6_fu_2364">
<pin_list>
<pin id="2365" dir="0" index="0" bw="32" slack="0"/>
<pin id="2366" dir="0" index="1" bw="32" slack="0"/>
<pin id="2367" dir="0" index="2" bw="32" slack="0"/>
<pin id="2368" dir="0" index="3" bw="32" slack="0"/>
<pin id="2369" dir="0" index="4" bw="32" slack="0"/>
<pin id="2370" dir="0" index="5" bw="32" slack="0"/>
<pin id="2371" dir="0" index="6" bw="32" slack="0"/>
<pin id="2372" dir="0" index="7" bw="32" slack="0"/>
<pin id="2373" dir="0" index="8" bw="32" slack="0"/>
<pin id="2374" dir="0" index="9" bw="32" slack="0"/>
<pin id="2375" dir="0" index="10" bw="32" slack="0"/>
<pin id="2376" dir="0" index="11" bw="32" slack="0"/>
<pin id="2377" dir="0" index="12" bw="4" slack="8"/>
<pin id="2378" dir="1" index="13" bw="32" slack="4"/>
</pin_list>
<bind>
<opcode="mux(1196) " fcode="mux"/>
<opset="tmp_1_6/9 "/>
</bind>
</comp>

<comp id="2391" class="1004" name="bitcast_ln52_79_fu_2391">
<pin_list>
<pin id="2392" dir="0" index="0" bw="32" slack="0"/>
<pin id="2393" dir="1" index="1" bw="32" slack="0"/>
</pin_list>
<bind>
<opcode="bitcast(44) " fcode="bitcast"/>
<opset="bitcast_ln52_79/9 "/>
</bind>
</comp>

<comp id="2395" class="1004" name="bitcast_ln52_80_fu_2395">
<pin_list>
<pin id="2396" dir="0" index="0" bw="32" slack="0"/>
<pin id="2397" dir="1" index="1" bw="32" slack="0"/>
</pin_list>
<bind>
<opcode="bitcast(44) " fcode="bitcast"/>
<opset="bitcast_ln52_80/9 "/>
</bind>
</comp>

<comp id="2399" class="1004" name="bitcast_ln52_81_fu_2399">
<pin_list>
<pin id="2400" dir="0" index="0" bw="32" slack="0"/>
<pin id="2401" dir="1" index="1" bw="32" slack="0"/>
</pin_list>
<bind>
<opcode="bitcast(44) " fcode="bitcast"/>
<opset="bitcast_ln52_81/9 "/>
</bind>
</comp>

<comp id="2403" class="1004" name="bitcast_ln52_82_fu_2403">
<pin_list>
<pin id="2404" dir="0" index="0" bw="32" slack="0"/>
<pin id="2405" dir="1" index="1" bw="32" slack="0"/>
</pin_list>
<bind>
<opcode="bitcast(44) " fcode="bitcast"/>
<opset="bitcast_ln52_82/9 "/>
</bind>
</comp>

<comp id="2407" class="1004" name="bitcast_ln52_83_fu_2407">
<pin_list>
<pin id="2408" dir="0" index="0" bw="32" slack="0"/>
<pin id="2409" dir="1" index="1" bw="32" slack="0"/>
</pin_list>
<bind>
<opcode="bitcast(44) " fcode="bitcast"/>
<opset="bitcast_ln52_83/9 "/>
</bind>
</comp>

<comp id="2411" class="1004" name="bitcast_ln52_84_fu_2411">
<pin_list>
<pin id="2412" dir="0" index="0" bw="32" slack="0"/>
<pin id="2413" dir="1" index="1" bw="32" slack="0"/>
</pin_list>
<bind>
<opcode="bitcast(44) " fcode="bitcast"/>
<opset="bitcast_ln52_84/9 "/>
</bind>
</comp>

<comp id="2415" class="1004" name="bitcast_ln52_85_fu_2415">
<pin_list>
<pin id="2416" dir="0" index="0" bw="32" slack="0"/>
<pin id="2417" dir="1" index="1" bw="32" slack="0"/>
</pin_list>
<bind>
<opcode="bitcast(44) " fcode="bitcast"/>
<opset="bitcast_ln52_85/9 "/>
</bind>
</comp>

<comp id="2419" class="1004" name="bitcast_ln52_86_fu_2419">
<pin_list>
<pin id="2420" dir="0" index="0" bw="32" slack="0"/>
<pin id="2421" dir="1" index="1" bw="32" slack="0"/>
</pin_list>
<bind>
<opcode="bitcast(44) " fcode="bitcast"/>
<opset="bitcast_ln52_86/9 "/>
</bind>
</comp>

<comp id="2423" class="1004" name="bitcast_ln52_87_fu_2423">
<pin_list>
<pin id="2424" dir="0" index="0" bw="32" slack="0"/>
<pin id="2425" dir="1" index="1" bw="32" slack="0"/>
</pin_list>
<bind>
<opcode="bitcast(44) " fcode="bitcast"/>
<opset="bitcast_ln52_87/9 "/>
</bind>
</comp>

<comp id="2427" class="1004" name="bitcast_ln52_88_fu_2427">
<pin_list>
<pin id="2428" dir="0" index="0" bw="32" slack="0"/>
<pin id="2429" dir="1" index="1" bw="32" slack="0"/>
</pin_list>
<bind>
<opcode="bitcast(44) " fcode="bitcast"/>
<opset="bitcast_ln52_88/9 "/>
</bind>
</comp>

<comp id="2431" class="1004" name="bitcast_ln52_89_fu_2431">
<pin_list>
<pin id="2432" dir="0" index="0" bw="32" slack="0"/>
<pin id="2433" dir="1" index="1" bw="32" slack="0"/>
</pin_list>
<bind>
<opcode="bitcast(44) " fcode="bitcast"/>
<opset="bitcast_ln52_89/9 "/>
</bind>
</comp>

<comp id="2435" class="1004" name="tmp_1_7_fu_2435">
<pin_list>
<pin id="2436" dir="0" index="0" bw="32" slack="0"/>
<pin id="2437" dir="0" index="1" bw="32" slack="0"/>
<pin id="2438" dir="0" index="2" bw="32" slack="0"/>
<pin id="2439" dir="0" index="3" bw="32" slack="0"/>
<pin id="2440" dir="0" index="4" bw="32" slack="0"/>
<pin id="2441" dir="0" index="5" bw="32" slack="0"/>
<pin id="2442" dir="0" index="6" bw="32" slack="0"/>
<pin id="2443" dir="0" index="7" bw="32" slack="0"/>
<pin id="2444" dir="0" index="8" bw="32" slack="0"/>
<pin id="2445" dir="0" index="9" bw="32" slack="0"/>
<pin id="2446" dir="0" index="10" bw="32" slack="0"/>
<pin id="2447" dir="0" index="11" bw="32" slack="0"/>
<pin id="2448" dir="0" index="12" bw="4" slack="8"/>
<pin id="2449" dir="1" index="13" bw="32" slack="5"/>
</pin_list>
<bind>
<opcode="mux(1196) " fcode="mux"/>
<opset="tmp_1_7/9 "/>
</bind>
</comp>

<comp id="2462" class="1004" name="zext_ln52_23_fu_2462">
<pin_list>
<pin id="2463" dir="0" index="0" bw="14" slack="3"/>
<pin id="2464" dir="1" index="1" bw="64" slack="0"/>
</pin_list>
<bind>
<opcode="zext(34) " fcode="zext"/>
<opset="zext_ln52_23/10 "/>
</bind>
</comp>

<comp id="2476" class="1004" name="empty_21_fu_2476">
<pin_list>
<pin id="2477" dir="0" index="0" bw="32" slack="8"/>
<pin id="2478" dir="1" index="1" bw="32" slack="0"/>
</pin_list>
<bind>
<opcode="bitcast(44) " fcode="bitcast"/>
<opset="empty_21/10 "/>
</bind>
</comp>

<comp id="2480" class="1004" name="bitcast_ln52_90_fu_2480">
<pin_list>
<pin id="2481" dir="0" index="0" bw="32" slack="0"/>
<pin id="2482" dir="1" index="1" bw="32" slack="0"/>
</pin_list>
<bind>
<opcode="bitcast(44) " fcode="bitcast"/>
<opset="bitcast_ln52_90/10 "/>
</bind>
</comp>

<comp id="2484" class="1004" name="bitcast_ln52_91_fu_2484">
<pin_list>
<pin id="2485" dir="0" index="0" bw="32" slack="0"/>
<pin id="2486" dir="1" index="1" bw="32" slack="0"/>
</pin_list>
<bind>
<opcode="bitcast(44) " fcode="bitcast"/>
<opset="bitcast_ln52_91/10 "/>
</bind>
</comp>

<comp id="2488" class="1004" name="bitcast_ln52_92_fu_2488">
<pin_list>
<pin id="2489" dir="0" index="0" bw="32" slack="0"/>
<pin id="2490" dir="1" index="1" bw="32" slack="0"/>
</pin_list>
<bind>
<opcode="bitcast(44) " fcode="bitcast"/>
<opset="bitcast_ln52_92/10 "/>
</bind>
</comp>

<comp id="2492" class="1004" name="bitcast_ln52_93_fu_2492">
<pin_list>
<pin id="2493" dir="0" index="0" bw="32" slack="0"/>
<pin id="2494" dir="1" index="1" bw="32" slack="0"/>
</pin_list>
<bind>
<opcode="bitcast(44) " fcode="bitcast"/>
<opset="bitcast_ln52_93/10 "/>
</bind>
</comp>

<comp id="2496" class="1004" name="bitcast_ln52_94_fu_2496">
<pin_list>
<pin id="2497" dir="0" index="0" bw="32" slack="0"/>
<pin id="2498" dir="1" index="1" bw="32" slack="0"/>
</pin_list>
<bind>
<opcode="bitcast(44) " fcode="bitcast"/>
<opset="bitcast_ln52_94/10 "/>
</bind>
</comp>

<comp id="2500" class="1004" name="bitcast_ln52_95_fu_2500">
<pin_list>
<pin id="2501" dir="0" index="0" bw="32" slack="0"/>
<pin id="2502" dir="1" index="1" bw="32" slack="0"/>
</pin_list>
<bind>
<opcode="bitcast(44) " fcode="bitcast"/>
<opset="bitcast_ln52_95/10 "/>
</bind>
</comp>

<comp id="2504" class="1004" name="bitcast_ln52_96_fu_2504">
<pin_list>
<pin id="2505" dir="0" index="0" bw="32" slack="0"/>
<pin id="2506" dir="1" index="1" bw="32" slack="0"/>
</pin_list>
<bind>
<opcode="bitcast(44) " fcode="bitcast"/>
<opset="bitcast_ln52_96/10 "/>
</bind>
</comp>

<comp id="2508" class="1004" name="bitcast_ln52_97_fu_2508">
<pin_list>
<pin id="2509" dir="0" index="0" bw="32" slack="0"/>
<pin id="2510" dir="1" index="1" bw="32" slack="0"/>
</pin_list>
<bind>
<opcode="bitcast(44) " fcode="bitcast"/>
<opset="bitcast_ln52_97/10 "/>
</bind>
</comp>

<comp id="2512" class="1004" name="bitcast_ln52_98_fu_2512">
<pin_list>
<pin id="2513" dir="0" index="0" bw="32" slack="0"/>
<pin id="2514" dir="1" index="1" bw="32" slack="0"/>
</pin_list>
<bind>
<opcode="bitcast(44) " fcode="bitcast"/>
<opset="bitcast_ln52_98/10 "/>
</bind>
</comp>

<comp id="2516" class="1004" name="bitcast_ln52_99_fu_2516">
<pin_list>
<pin id="2517" dir="0" index="0" bw="32" slack="0"/>
<pin id="2518" dir="1" index="1" bw="32" slack="0"/>
</pin_list>
<bind>
<opcode="bitcast(44) " fcode="bitcast"/>
<opset="bitcast_ln52_99/10 "/>
</bind>
</comp>

<comp id="2520" class="1004" name="bitcast_ln52_100_fu_2520">
<pin_list>
<pin id="2521" dir="0" index="0" bw="32" slack="0"/>
<pin id="2522" dir="1" index="1" bw="32" slack="0"/>
</pin_list>
<bind>
<opcode="bitcast(44) " fcode="bitcast"/>
<opset="bitcast_ln52_100/10 "/>
</bind>
</comp>

<comp id="2524" class="1004" name="tmp_1_8_fu_2524">
<pin_list>
<pin id="2525" dir="0" index="0" bw="32" slack="0"/>
<pin id="2526" dir="0" index="1" bw="32" slack="0"/>
<pin id="2527" dir="0" index="2" bw="32" slack="0"/>
<pin id="2528" dir="0" index="3" bw="32" slack="0"/>
<pin id="2529" dir="0" index="4" bw="32" slack="0"/>
<pin id="2530" dir="0" index="5" bw="32" slack="0"/>
<pin id="2531" dir="0" index="6" bw="32" slack="0"/>
<pin id="2532" dir="0" index="7" bw="32" slack="0"/>
<pin id="2533" dir="0" index="8" bw="32" slack="0"/>
<pin id="2534" dir="0" index="9" bw="32" slack="0"/>
<pin id="2535" dir="0" index="10" bw="32" slack="0"/>
<pin id="2536" dir="0" index="11" bw="32" slack="0"/>
<pin id="2537" dir="0" index="12" bw="4" slack="9"/>
<pin id="2538" dir="1" index="13" bw="32" slack="5"/>
</pin_list>
<bind>
<opcode="mux(1196) " fcode="mux"/>
<opset="tmp_1_8/10 "/>
</bind>
</comp>

<comp id="2551" class="1004" name="bitcast_ln52_101_fu_2551">
<pin_list>
<pin id="2552" dir="0" index="0" bw="32" slack="0"/>
<pin id="2553" dir="1" index="1" bw="32" slack="0"/>
</pin_list>
<bind>
<opcode="bitcast(44) " fcode="bitcast"/>
<opset="bitcast_ln52_101/10 "/>
</bind>
</comp>

<comp id="2555" class="1004" name="bitcast_ln52_102_fu_2555">
<pin_list>
<pin id="2556" dir="0" index="0" bw="32" slack="0"/>
<pin id="2557" dir="1" index="1" bw="32" slack="0"/>
</pin_list>
<bind>
<opcode="bitcast(44) " fcode="bitcast"/>
<opset="bitcast_ln52_102/10 "/>
</bind>
</comp>

<comp id="2559" class="1004" name="bitcast_ln52_103_fu_2559">
<pin_list>
<pin id="2560" dir="0" index="0" bw="32" slack="0"/>
<pin id="2561" dir="1" index="1" bw="32" slack="0"/>
</pin_list>
<bind>
<opcode="bitcast(44) " fcode="bitcast"/>
<opset="bitcast_ln52_103/10 "/>
</bind>
</comp>

<comp id="2563" class="1004" name="bitcast_ln52_104_fu_2563">
<pin_list>
<pin id="2564" dir="0" index="0" bw="32" slack="0"/>
<pin id="2565" dir="1" index="1" bw="32" slack="0"/>
</pin_list>
<bind>
<opcode="bitcast(44) " fcode="bitcast"/>
<opset="bitcast_ln52_104/10 "/>
</bind>
</comp>

<comp id="2567" class="1004" name="bitcast_ln52_105_fu_2567">
<pin_list>
<pin id="2568" dir="0" index="0" bw="32" slack="0"/>
<pin id="2569" dir="1" index="1" bw="32" slack="0"/>
</pin_list>
<bind>
<opcode="bitcast(44) " fcode="bitcast"/>
<opset="bitcast_ln52_105/10 "/>
</bind>
</comp>

<comp id="2571" class="1004" name="bitcast_ln52_106_fu_2571">
<pin_list>
<pin id="2572" dir="0" index="0" bw="32" slack="0"/>
<pin id="2573" dir="1" index="1" bw="32" slack="0"/>
</pin_list>
<bind>
<opcode="bitcast(44) " fcode="bitcast"/>
<opset="bitcast_ln52_106/10 "/>
</bind>
</comp>

<comp id="2575" class="1004" name="bitcast_ln52_107_fu_2575">
<pin_list>
<pin id="2576" dir="0" index="0" bw="32" slack="0"/>
<pin id="2577" dir="1" index="1" bw="32" slack="0"/>
</pin_list>
<bind>
<opcode="bitcast(44) " fcode="bitcast"/>
<opset="bitcast_ln52_107/10 "/>
</bind>
</comp>

<comp id="2579" class="1004" name="bitcast_ln52_108_fu_2579">
<pin_list>
<pin id="2580" dir="0" index="0" bw="32" slack="0"/>
<pin id="2581" dir="1" index="1" bw="32" slack="0"/>
</pin_list>
<bind>
<opcode="bitcast(44) " fcode="bitcast"/>
<opset="bitcast_ln52_108/10 "/>
</bind>
</comp>

<comp id="2583" class="1004" name="bitcast_ln52_109_fu_2583">
<pin_list>
<pin id="2584" dir="0" index="0" bw="32" slack="0"/>
<pin id="2585" dir="1" index="1" bw="32" slack="0"/>
</pin_list>
<bind>
<opcode="bitcast(44) " fcode="bitcast"/>
<opset="bitcast_ln52_109/10 "/>
</bind>
</comp>

<comp id="2587" class="1004" name="bitcast_ln52_110_fu_2587">
<pin_list>
<pin id="2588" dir="0" index="0" bw="32" slack="0"/>
<pin id="2589" dir="1" index="1" bw="32" slack="0"/>
</pin_list>
<bind>
<opcode="bitcast(44) " fcode="bitcast"/>
<opset="bitcast_ln52_110/10 "/>
</bind>
</comp>

<comp id="2591" class="1004" name="bitcast_ln52_111_fu_2591">
<pin_list>
<pin id="2592" dir="0" index="0" bw="32" slack="0"/>
<pin id="2593" dir="1" index="1" bw="32" slack="0"/>
</pin_list>
<bind>
<opcode="bitcast(44) " fcode="bitcast"/>
<opset="bitcast_ln52_111/10 "/>
</bind>
</comp>

<comp id="2595" class="1004" name="tmp_1_9_fu_2595">
<pin_list>
<pin id="2596" dir="0" index="0" bw="32" slack="0"/>
<pin id="2597" dir="0" index="1" bw="32" slack="0"/>
<pin id="2598" dir="0" index="2" bw="32" slack="0"/>
<pin id="2599" dir="0" index="3" bw="32" slack="0"/>
<pin id="2600" dir="0" index="4" bw="32" slack="0"/>
<pin id="2601" dir="0" index="5" bw="32" slack="0"/>
<pin id="2602" dir="0" index="6" bw="32" slack="0"/>
<pin id="2603" dir="0" index="7" bw="32" slack="0"/>
<pin id="2604" dir="0" index="8" bw="32" slack="0"/>
<pin id="2605" dir="0" index="9" bw="32" slack="0"/>
<pin id="2606" dir="0" index="10" bw="32" slack="0"/>
<pin id="2607" dir="0" index="11" bw="32" slack="0"/>
<pin id="2608" dir="0" index="12" bw="4" slack="9"/>
<pin id="2609" dir="1" index="13" bw="32" slack="6"/>
</pin_list>
<bind>
<opcode="mux(1196) " fcode="mux"/>
<opset="tmp_1_9/10 "/>
</bind>
</comp>

<comp id="2622" class="1004" name="add62_lcssa27_load_load_fu_2622">
<pin_list>
<pin id="2623" dir="0" index="0" bw="32" slack="10"/>
<pin id="2624" dir="1" index="1" bw="32" slack="0"/>
</pin_list>
<bind>
<opcode="load(27) " fcode="load"/>
<opset="add62_lcssa27_load/11 "/>
</bind>
</comp>

<comp id="2626" class="1004" name="empty_22_fu_2626">
<pin_list>
<pin id="2627" dir="0" index="0" bw="32" slack="9"/>
<pin id="2628" dir="1" index="1" bw="32" slack="0"/>
</pin_list>
<bind>
<opcode="bitcast(44) " fcode="bitcast"/>
<opset="empty_22/11 "/>
</bind>
</comp>

<comp id="2630" class="1004" name="bitcast_ln52_112_fu_2630">
<pin_list>
<pin id="2631" dir="0" index="0" bw="32" slack="0"/>
<pin id="2632" dir="1" index="1" bw="32" slack="0"/>
</pin_list>
<bind>
<opcode="bitcast(44) " fcode="bitcast"/>
<opset="bitcast_ln52_112/11 "/>
</bind>
</comp>

<comp id="2634" class="1004" name="bitcast_ln52_113_fu_2634">
<pin_list>
<pin id="2635" dir="0" index="0" bw="32" slack="0"/>
<pin id="2636" dir="1" index="1" bw="32" slack="0"/>
</pin_list>
<bind>
<opcode="bitcast(44) " fcode="bitcast"/>
<opset="bitcast_ln52_113/11 "/>
</bind>
</comp>

<comp id="2638" class="1004" name="bitcast_ln52_114_fu_2638">
<pin_list>
<pin id="2639" dir="0" index="0" bw="32" slack="0"/>
<pin id="2640" dir="1" index="1" bw="32" slack="0"/>
</pin_list>
<bind>
<opcode="bitcast(44) " fcode="bitcast"/>
<opset="bitcast_ln52_114/11 "/>
</bind>
</comp>

<comp id="2642" class="1004" name="bitcast_ln52_115_fu_2642">
<pin_list>
<pin id="2643" dir="0" index="0" bw="32" slack="0"/>
<pin id="2644" dir="1" index="1" bw="32" slack="0"/>
</pin_list>
<bind>
<opcode="bitcast(44) " fcode="bitcast"/>
<opset="bitcast_ln52_115/11 "/>
</bind>
</comp>

<comp id="2646" class="1004" name="bitcast_ln52_116_fu_2646">
<pin_list>
<pin id="2647" dir="0" index="0" bw="32" slack="0"/>
<pin id="2648" dir="1" index="1" bw="32" slack="0"/>
</pin_list>
<bind>
<opcode="bitcast(44) " fcode="bitcast"/>
<opset="bitcast_ln52_116/11 "/>
</bind>
</comp>

<comp id="2650" class="1004" name="bitcast_ln52_117_fu_2650">
<pin_list>
<pin id="2651" dir="0" index="0" bw="32" slack="0"/>
<pin id="2652" dir="1" index="1" bw="32" slack="0"/>
</pin_list>
<bind>
<opcode="bitcast(44) " fcode="bitcast"/>
<opset="bitcast_ln52_117/11 "/>
</bind>
</comp>

<comp id="2654" class="1004" name="bitcast_ln52_118_fu_2654">
<pin_list>
<pin id="2655" dir="0" index="0" bw="32" slack="0"/>
<pin id="2656" dir="1" index="1" bw="32" slack="0"/>
</pin_list>
<bind>
<opcode="bitcast(44) " fcode="bitcast"/>
<opset="bitcast_ln52_118/11 "/>
</bind>
</comp>

<comp id="2658" class="1004" name="bitcast_ln52_119_fu_2658">
<pin_list>
<pin id="2659" dir="0" index="0" bw="32" slack="0"/>
<pin id="2660" dir="1" index="1" bw="32" slack="0"/>
</pin_list>
<bind>
<opcode="bitcast(44) " fcode="bitcast"/>
<opset="bitcast_ln52_119/11 "/>
</bind>
</comp>

<comp id="2662" class="1004" name="bitcast_ln52_120_fu_2662">
<pin_list>
<pin id="2663" dir="0" index="0" bw="32" slack="0"/>
<pin id="2664" dir="1" index="1" bw="32" slack="0"/>
</pin_list>
<bind>
<opcode="bitcast(44) " fcode="bitcast"/>
<opset="bitcast_ln52_120/11 "/>
</bind>
</comp>

<comp id="2666" class="1004" name="bitcast_ln52_121_fu_2666">
<pin_list>
<pin id="2667" dir="0" index="0" bw="32" slack="0"/>
<pin id="2668" dir="1" index="1" bw="32" slack="0"/>
</pin_list>
<bind>
<opcode="bitcast(44) " fcode="bitcast"/>
<opset="bitcast_ln52_121/11 "/>
</bind>
</comp>

<comp id="2670" class="1004" name="bitcast_ln52_122_fu_2670">
<pin_list>
<pin id="2671" dir="0" index="0" bw="32" slack="0"/>
<pin id="2672" dir="1" index="1" bw="32" slack="0"/>
</pin_list>
<bind>
<opcode="bitcast(44) " fcode="bitcast"/>
<opset="bitcast_ln52_122/11 "/>
</bind>
</comp>

<comp id="2674" class="1004" name="tmp_1_s_fu_2674">
<pin_list>
<pin id="2675" dir="0" index="0" bw="32" slack="0"/>
<pin id="2676" dir="0" index="1" bw="32" slack="0"/>
<pin id="2677" dir="0" index="2" bw="32" slack="0"/>
<pin id="2678" dir="0" index="3" bw="32" slack="0"/>
<pin id="2679" dir="0" index="4" bw="32" slack="0"/>
<pin id="2680" dir="0" index="5" bw="32" slack="0"/>
<pin id="2681" dir="0" index="6" bw="32" slack="0"/>
<pin id="2682" dir="0" index="7" bw="32" slack="0"/>
<pin id="2683" dir="0" index="8" bw="32" slack="0"/>
<pin id="2684" dir="0" index="9" bw="32" slack="0"/>
<pin id="2685" dir="0" index="10" bw="32" slack="0"/>
<pin id="2686" dir="0" index="11" bw="32" slack="0"/>
<pin id="2687" dir="0" index="12" bw="4" slack="10"/>
<pin id="2688" dir="1" index="13" bw="32" slack="6"/>
</pin_list>
<bind>
<opcode="mux(1196) " fcode="mux"/>
<opset="tmp_1_s/11 "/>
</bind>
</comp>

<comp id="2701" class="1004" name="empty_23_fu_2701">
<pin_list>
<pin id="2702" dir="0" index="0" bw="32" slack="10"/>
<pin id="2703" dir="1" index="1" bw="32" slack="0"/>
</pin_list>
<bind>
<opcode="bitcast(44) " fcode="bitcast"/>
<opset="empty_23/12 "/>
</bind>
</comp>

<comp id="2705" class="1004" name="empty_24_fu_2705">
<pin_list>
<pin id="2706" dir="0" index="0" bw="32" slack="11"/>
<pin id="2707" dir="1" index="1" bw="32" slack="0"/>
</pin_list>
<bind>
<opcode="bitcast(44) " fcode="bitcast"/>
<opset="empty_24/13 "/>
</bind>
</comp>

<comp id="2709" class="1004" name="empty_25_fu_2709">
<pin_list>
<pin id="2710" dir="0" index="0" bw="32" slack="12"/>
<pin id="2711" dir="1" index="1" bw="32" slack="0"/>
</pin_list>
<bind>
<opcode="bitcast(44) " fcode="bitcast"/>
<opset="empty_25/14 "/>
</bind>
</comp>

<comp id="2713" class="1004" name="empty_26_fu_2713">
<pin_list>
<pin id="2714" dir="0" index="0" bw="32" slack="13"/>
<pin id="2715" dir="1" index="1" bw="32" slack="0"/>
</pin_list>
<bind>
<opcode="bitcast(44) " fcode="bitcast"/>
<opset="empty_26/15 "/>
</bind>
</comp>

<comp id="2717" class="1004" name="empty_27_fu_2717">
<pin_list>
<pin id="2718" dir="0" index="0" bw="32" slack="14"/>
<pin id="2719" dir="1" index="1" bw="32" slack="0"/>
</pin_list>
<bind>
<opcode="bitcast(44) " fcode="bitcast"/>
<opset="empty_27/16 "/>
</bind>
</comp>

<comp id="2721" class="1004" name="empty_28_fu_2721">
<pin_list>
<pin id="2722" dir="0" index="0" bw="32" slack="15"/>
<pin id="2723" dir="1" index="1" bw="32" slack="0"/>
</pin_list>
<bind>
<opcode="bitcast(44) " fcode="bitcast"/>
<opset="empty_28/17 "/>
</bind>
</comp>

<comp id="2725" class="1004" name="store_ln48_store_fu_2725">
<pin_list>
<pin id="2726" dir="0" index="0" bw="4" slack="54"/>
<pin id="2727" dir="0" index="1" bw="4" slack="54"/>
<pin id="2728" dir="1" index="2" bw="0" slack="2147483647"/>
</pin_list>
<bind>
<opcode="store(28) " fcode="store"/>
<opset="store_ln48/55 "/>
</bind>
</comp>

<comp id="2729" class="1004" name="bitcast_ln52_1_fu_2729">
<pin_list>
<pin id="2730" dir="0" index="0" bw="32" slack="1"/>
<pin id="2731" dir="1" index="1" bw="32" slack="0"/>
</pin_list>
<bind>
<opcode="bitcast(44) " fcode="bitcast"/>
<opset="bitcast_ln52_1/66 "/>
</bind>
</comp>

<comp id="2734" class="1004" name="store_ln52_store_fu_2734">
<pin_list>
<pin id="2735" dir="0" index="0" bw="32" slack="1"/>
<pin id="2736" dir="0" index="1" bw="32" slack="65"/>
<pin id="2737" dir="1" index="2" bw="0" slack="2147483647"/>
</pin_list>
<bind>
<opcode="store(28) " fcode="store"/>
<opset="store_ln52/66 "/>
</bind>
</comp>

<comp id="2739" class="1007" name="grp_fu_2739">
<pin_list>
<pin id="2740" dir="0" index="0" bw="10" slack="0"/>
<pin id="2741" dir="0" index="1" bw="5" slack="0"/>
<pin id="2742" dir="1" index="2" bw="14" slack="1"/>
</pin_list>
<bind>
<opcode="mul(12) " fcode="mul"/>
<opset="mul_ln52/1 "/>
</bind>
</comp>

<comp id="2745" class="1005" name="add62_lcssa27_reg_2745">
<pin_list>
<pin id="2746" dir="0" index="0" bw="32" slack="0"/>
<pin id="2747" dir="1" index="1" bw="32" slack="0"/>
</pin_list>
<bind>
<opset="add62_lcssa27 "/>
</bind>
</comp>

<comp id="2752" class="1005" name="j_reg_2752">
<pin_list>
<pin id="2753" dir="0" index="0" bw="4" slack="0"/>
<pin id="2754" dir="1" index="1" bw="4" slack="0"/>
</pin_list>
<bind>
<opset="j "/>
</bind>
</comp>

<comp id="2759" class="1005" name="trunc_ln52_read_reg_2759">
<pin_list>
<pin id="2760" dir="0" index="0" bw="4" slack="10"/>
<pin id="2761" dir="1" index="1" bw="4" slack="10"/>
</pin_list>
<bind>
<opset="trunc_ln52_read "/>
</bind>
</comp>

<comp id="2764" class="1005" name="trunc_ln52_9_read_reg_2764">
<pin_list>
<pin id="2765" dir="0" index="0" bw="4" slack="9"/>
<pin id="2766" dir="1" index="1" bw="4" slack="9"/>
</pin_list>
<bind>
<opset="trunc_ln52_9_read "/>
</bind>
</comp>

<comp id="2769" class="1005" name="trunc_ln52_8_read_reg_2769">
<pin_list>
<pin id="2770" dir="0" index="0" bw="4" slack="9"/>
<pin id="2771" dir="1" index="1" bw="4" slack="9"/>
</pin_list>
<bind>
<opset="trunc_ln52_8_read "/>
</bind>
</comp>

<comp id="2774" class="1005" name="trunc_ln52_7_read_reg_2774">
<pin_list>
<pin id="2775" dir="0" index="0" bw="4" slack="8"/>
<pin id="2776" dir="1" index="1" bw="4" slack="8"/>
</pin_list>
<bind>
<opset="trunc_ln52_7_read "/>
</bind>
</comp>

<comp id="2779" class="1005" name="trunc_ln52_6_read_reg_2779">
<pin_list>
<pin id="2780" dir="0" index="0" bw="4" slack="8"/>
<pin id="2781" dir="1" index="1" bw="4" slack="8"/>
</pin_list>
<bind>
<opset="trunc_ln52_6_read "/>
</bind>
</comp>

<comp id="2784" class="1005" name="trunc_ln52_5_read_reg_2784">
<pin_list>
<pin id="2785" dir="0" index="0" bw="4" slack="7"/>
<pin id="2786" dir="1" index="1" bw="4" slack="7"/>
</pin_list>
<bind>
<opset="trunc_ln52_5_read "/>
</bind>
</comp>

<comp id="2789" class="1005" name="trunc_ln52_4_read_reg_2789">
<pin_list>
<pin id="2790" dir="0" index="0" bw="4" slack="7"/>
<pin id="2791" dir="1" index="1" bw="4" slack="7"/>
</pin_list>
<bind>
<opset="trunc_ln52_4_read "/>
</bind>
</comp>

<comp id="2794" class="1005" name="trunc_ln52_3_read_reg_2794">
<pin_list>
<pin id="2795" dir="0" index="0" bw="4" slack="6"/>
<pin id="2796" dir="1" index="1" bw="4" slack="6"/>
</pin_list>
<bind>
<opset="trunc_ln52_3_read "/>
</bind>
</comp>

<comp id="2799" class="1005" name="trunc_ln52_2_read_reg_2799">
<pin_list>
<pin id="2800" dir="0" index="0" bw="4" slack="6"/>
<pin id="2801" dir="1" index="1" bw="4" slack="6"/>
</pin_list>
<bind>
<opset="trunc_ln52_2_read "/>
</bind>
</comp>

<comp id="2804" class="1005" name="trunc_ln52_1_read_reg_2804">
<pin_list>
<pin id="2805" dir="0" index="0" bw="4" slack="5"/>
<pin id="2806" dir="1" index="1" bw="4" slack="5"/>
</pin_list>
<bind>
<opset="trunc_ln52_1_read "/>
</bind>
</comp>

<comp id="2809" class="1005" name="trunc_ln_read_reg_2809">
<pin_list>
<pin id="2810" dir="0" index="0" bw="4" slack="5"/>
<pin id="2811" dir="1" index="1" bw="4" slack="5"/>
</pin_list>
<bind>
<opset="trunc_ln_read "/>
</bind>
</comp>

<comp id="2814" class="1005" name="zext_ln52_11_cast_reg_2814">
<pin_list>
<pin id="2815" dir="0" index="0" bw="14" slack="6"/>
<pin id="2816" dir="1" index="1" bw="14" slack="6"/>
</pin_list>
<bind>
<opset="zext_ln52_11_cast "/>
</bind>
</comp>

<comp id="2819" class="1005" name="zext_ln52_10_cast_reg_2819">
<pin_list>
<pin id="2820" dir="0" index="0" bw="14" slack="6"/>
<pin id="2821" dir="1" index="1" bw="14" slack="6"/>
</pin_list>
<bind>
<opset="zext_ln52_10_cast "/>
</bind>
</comp>

<comp id="2824" class="1005" name="zext_ln52_9_cast_reg_2824">
<pin_list>
<pin id="2825" dir="0" index="0" bw="14" slack="6"/>
<pin id="2826" dir="1" index="1" bw="14" slack="6"/>
</pin_list>
<bind>
<opset="zext_ln52_9_cast "/>
</bind>
</comp>

<comp id="2829" class="1005" name="zext_ln52_8_cast_reg_2829">
<pin_list>
<pin id="2830" dir="0" index="0" bw="14" slack="6"/>
<pin id="2831" dir="1" index="1" bw="14" slack="6"/>
</pin_list>
<bind>
<opset="zext_ln52_8_cast "/>
</bind>
</comp>

<comp id="2834" class="1005" name="zext_ln52_7_cast_reg_2834">
<pin_list>
<pin id="2835" dir="0" index="0" bw="14" slack="6"/>
<pin id="2836" dir="1" index="1" bw="14" slack="6"/>
</pin_list>
<bind>
<opset="zext_ln52_7_cast "/>
</bind>
</comp>

<comp id="2839" class="1005" name="zext_ln52_6_cast_reg_2839">
<pin_list>
<pin id="2840" dir="0" index="0" bw="14" slack="6"/>
<pin id="2841" dir="1" index="1" bw="14" slack="6"/>
</pin_list>
<bind>
<opset="zext_ln52_6_cast "/>
</bind>
</comp>

<comp id="2844" class="1005" name="zext_ln52_5_cast_reg_2844">
<pin_list>
<pin id="2845" dir="0" index="0" bw="14" slack="6"/>
<pin id="2846" dir="1" index="1" bw="14" slack="6"/>
</pin_list>
<bind>
<opset="zext_ln52_5_cast "/>
</bind>
</comp>

<comp id="2849" class="1005" name="zext_ln52_4_cast_reg_2849">
<pin_list>
<pin id="2850" dir="0" index="0" bw="14" slack="5"/>
<pin id="2851" dir="1" index="1" bw="14" slack="5"/>
</pin_list>
<bind>
<opset="zext_ln52_4_cast "/>
</bind>
</comp>

<comp id="2854" class="1005" name="zext_ln52_3_cast_reg_2854">
<pin_list>
<pin id="2855" dir="0" index="0" bw="14" slack="5"/>
<pin id="2856" dir="1" index="1" bw="14" slack="5"/>
</pin_list>
<bind>
<opset="zext_ln52_3_cast "/>
</bind>
</comp>

<comp id="2859" class="1005" name="zext_ln52_2_cast_reg_2859">
<pin_list>
<pin id="2860" dir="0" index="0" bw="14" slack="4"/>
<pin id="2861" dir="1" index="1" bw="14" slack="4"/>
</pin_list>
<bind>
<opset="zext_ln52_2_cast "/>
</bind>
</comp>

<comp id="2864" class="1005" name="zext_ln52_1_cast_reg_2864">
<pin_list>
<pin id="2865" dir="0" index="0" bw="14" slack="4"/>
<pin id="2866" dir="1" index="1" bw="14" slack="4"/>
</pin_list>
<bind>
<opset="zext_ln52_1_cast "/>
</bind>
</comp>

<comp id="2869" class="1005" name="output_fm_addr_reg_2869">
<pin_list>
<pin id="2870" dir="0" index="0" bw="18" slack="65"/>
<pin id="2871" dir="1" index="1" bw="18" slack="65"/>
</pin_list>
<bind>
<opset="output_fm_addr "/>
</bind>
</comp>

<comp id="2874" class="1005" name="icmp_ln48_reg_2874">
<pin_list>
<pin id="2875" dir="0" index="0" bw="1" slack="1"/>
<pin id="2876" dir="1" index="1" bw="1" slack="2147483647"/>
</pin_list>
<bind>
<opset="icmp_ln48 "/>
</bind>
</comp>

<comp id="2878" class="1005" name="add_ln48_reg_2878">
<pin_list>
<pin id="2879" dir="0" index="0" bw="4" slack="54"/>
<pin id="2880" dir="1" index="1" bw="4" slack="54"/>
</pin_list>
<bind>
<opset="add_ln48 "/>
</bind>
</comp>

<comp id="2883" class="1005" name="weights_0_addr_reg_2883">
<pin_list>
<pin id="2884" dir="0" index="0" bw="12" slack="1"/>
<pin id="2885" dir="1" index="1" bw="12" slack="1"/>
</pin_list>
<bind>
<opset="weights_0_addr "/>
</bind>
</comp>

<comp id="2888" class="1005" name="weights_1_addr_reg_2888">
<pin_list>
<pin id="2889" dir="0" index="0" bw="12" slack="1"/>
<pin id="2890" dir="1" index="1" bw="12" slack="1"/>
</pin_list>
<bind>
<opset="weights_1_addr "/>
</bind>
</comp>

<comp id="2893" class="1005" name="weights_2_addr_reg_2893">
<pin_list>
<pin id="2894" dir="0" index="0" bw="12" slack="1"/>
<pin id="2895" dir="1" index="1" bw="12" slack="1"/>
</pin_list>
<bind>
<opset="weights_2_addr "/>
</bind>
</comp>

<comp id="2898" class="1005" name="weights_3_addr_reg_2898">
<pin_list>
<pin id="2899" dir="0" index="0" bw="12" slack="1"/>
<pin id="2900" dir="1" index="1" bw="12" slack="1"/>
</pin_list>
<bind>
<opset="weights_3_addr "/>
</bind>
</comp>

<comp id="2903" class="1005" name="weights_4_addr_reg_2903">
<pin_list>
<pin id="2904" dir="0" index="0" bw="12" slack="1"/>
<pin id="2905" dir="1" index="1" bw="12" slack="1"/>
</pin_list>
<bind>
<opset="weights_4_addr "/>
</bind>
</comp>

<comp id="2908" class="1005" name="weights_5_addr_reg_2908">
<pin_list>
<pin id="2909" dir="0" index="0" bw="12" slack="1"/>
<pin id="2910" dir="1" index="1" bw="12" slack="1"/>
</pin_list>
<bind>
<opset="weights_5_addr "/>
</bind>
</comp>

<comp id="2913" class="1005" name="weights_6_addr_reg_2913">
<pin_list>
<pin id="2914" dir="0" index="0" bw="12" slack="1"/>
<pin id="2915" dir="1" index="1" bw="12" slack="1"/>
</pin_list>
<bind>
<opset="weights_6_addr "/>
</bind>
</comp>

<comp id="2918" class="1005" name="weights_7_addr_reg_2918">
<pin_list>
<pin id="2919" dir="0" index="0" bw="12" slack="1"/>
<pin id="2920" dir="1" index="1" bw="12" slack="1"/>
</pin_list>
<bind>
<opset="weights_7_addr "/>
</bind>
</comp>

<comp id="2923" class="1005" name="weights_8_addr_reg_2923">
<pin_list>
<pin id="2924" dir="0" index="0" bw="12" slack="1"/>
<pin id="2925" dir="1" index="1" bw="12" slack="1"/>
</pin_list>
<bind>
<opset="weights_8_addr "/>
</bind>
</comp>

<comp id="2928" class="1005" name="weights_9_addr_reg_2928">
<pin_list>
<pin id="2929" dir="0" index="0" bw="12" slack="1"/>
<pin id="2930" dir="1" index="1" bw="12" slack="1"/>
</pin_list>
<bind>
<opset="weights_9_addr "/>
</bind>
</comp>

<comp id="2933" class="1005" name="weights_10_addr_reg_2933">
<pin_list>
<pin id="2934" dir="0" index="0" bw="12" slack="1"/>
<pin id="2935" dir="1" index="1" bw="12" slack="1"/>
</pin_list>
<bind>
<opset="weights_10_addr "/>
</bind>
</comp>

<comp id="2938" class="1005" name="zext_ln52_12_reg_2938">
<pin_list>
<pin id="2939" dir="0" index="0" bw="14" slack="1"/>
<pin id="2940" dir="1" index="1" bw="14" slack="1"/>
</pin_list>
<bind>
<opset="zext_ln52_12 "/>
</bind>
</comp>

<comp id="2943" class="1005" name="ifzero_reg_2943">
<pin_list>
<pin id="2944" dir="0" index="0" bw="1" slack="65"/>
<pin id="2945" dir="1" index="1" bw="1" slack="2147483647"/>
</pin_list>
<bind>
<opset="ifzero "/>
</bind>
</comp>

<comp id="2947" class="1005" name="weights_0_load_reg_2947">
<pin_list>
<pin id="2948" dir="0" index="0" bw="32" slack="5"/>
<pin id="2949" dir="1" index="1" bw="32" slack="5"/>
</pin_list>
<bind>
<opset="weights_0_load "/>
</bind>
</comp>

<comp id="2952" class="1005" name="weights_1_load_reg_2952">
<pin_list>
<pin id="2953" dir="0" index="0" bw="32" slack="6"/>
<pin id="2954" dir="1" index="1" bw="32" slack="6"/>
</pin_list>
<bind>
<opset="weights_1_load "/>
</bind>
</comp>

<comp id="2957" class="1005" name="weights_2_load_reg_2957">
<pin_list>
<pin id="2958" dir="0" index="0" bw="32" slack="7"/>
<pin id="2959" dir="1" index="1" bw="32" slack="7"/>
</pin_list>
<bind>
<opset="weights_2_load "/>
</bind>
</comp>

<comp id="2962" class="1005" name="weights_3_load_reg_2962">
<pin_list>
<pin id="2963" dir="0" index="0" bw="32" slack="8"/>
<pin id="2964" dir="1" index="1" bw="32" slack="8"/>
</pin_list>
<bind>
<opset="weights_3_load "/>
</bind>
</comp>

<comp id="2967" class="1005" name="weights_4_load_reg_2967">
<pin_list>
<pin id="2968" dir="0" index="0" bw="32" slack="9"/>
<pin id="2969" dir="1" index="1" bw="32" slack="9"/>
</pin_list>
<bind>
<opset="weights_4_load "/>
</bind>
</comp>

<comp id="2972" class="1005" name="weights_5_load_reg_2972">
<pin_list>
<pin id="2973" dir="0" index="0" bw="32" slack="10"/>
<pin id="2974" dir="1" index="1" bw="32" slack="10"/>
</pin_list>
<bind>
<opset="weights_5_load "/>
</bind>
</comp>

<comp id="2977" class="1005" name="weights_6_load_reg_2977">
<pin_list>
<pin id="2978" dir="0" index="0" bw="32" slack="11"/>
<pin id="2979" dir="1" index="1" bw="32" slack="11"/>
</pin_list>
<bind>
<opset="weights_6_load "/>
</bind>
</comp>

<comp id="2982" class="1005" name="weights_7_load_reg_2982">
<pin_list>
<pin id="2983" dir="0" index="0" bw="32" slack="12"/>
<pin id="2984" dir="1" index="1" bw="32" slack="12"/>
</pin_list>
<bind>
<opset="weights_7_load "/>
</bind>
</comp>

<comp id="2987" class="1005" name="weights_8_load_reg_2987">
<pin_list>
<pin id="2988" dir="0" index="0" bw="32" slack="13"/>
<pin id="2989" dir="1" index="1" bw="32" slack="13"/>
</pin_list>
<bind>
<opset="weights_8_load "/>
</bind>
</comp>

<comp id="2992" class="1005" name="weights_9_load_reg_2992">
<pin_list>
<pin id="2993" dir="0" index="0" bw="32" slack="14"/>
<pin id="2994" dir="1" index="1" bw="32" slack="14"/>
</pin_list>
<bind>
<opset="weights_9_load "/>
</bind>
</comp>

<comp id="2997" class="1005" name="weights_10_load_reg_2997">
<pin_list>
<pin id="2998" dir="0" index="0" bw="32" slack="15"/>
<pin id="2999" dir="1" index="1" bw="32" slack="15"/>
</pin_list>
<bind>
<opset="weights_10_load "/>
</bind>
</comp>

<comp id="3002" class="1005" name="mul_ln52_reg_3002">
<pin_list>
<pin id="3003" dir="0" index="0" bw="14" slack="1"/>
<pin id="3004" dir="1" index="1" bw="14" slack="1"/>
</pin_list>
<bind>
<opset="mul_ln52 "/>
</bind>
</comp>

<comp id="3017" class="1005" name="input_fm_0_addr_reg_3017">
<pin_list>
<pin id="3018" dir="0" index="0" bw="14" slack="1"/>
<pin id="3019" dir="1" index="1" bw="14" slack="1"/>
</pin_list>
<bind>
<opset="input_fm_0_addr "/>
</bind>
</comp>

<comp id="3022" class="1005" name="input_fm_0_addr_1_reg_3022">
<pin_list>
<pin id="3023" dir="0" index="0" bw="14" slack="1"/>
<pin id="3024" dir="1" index="1" bw="14" slack="1"/>
</pin_list>
<bind>
<opset="input_fm_0_addr_1 "/>
</bind>
</comp>

<comp id="3027" class="1005" name="input_fm_1_addr_reg_3027">
<pin_list>
<pin id="3028" dir="0" index="0" bw="14" slack="1"/>
<pin id="3029" dir="1" index="1" bw="14" slack="1"/>
</pin_list>
<bind>
<opset="input_fm_1_addr "/>
</bind>
</comp>

<comp id="3032" class="1005" name="input_fm_1_addr_1_reg_3032">
<pin_list>
<pin id="3033" dir="0" index="0" bw="14" slack="1"/>
<pin id="3034" dir="1" index="1" bw="14" slack="1"/>
</pin_list>
<bind>
<opset="input_fm_1_addr_1 "/>
</bind>
</comp>

<comp id="3037" class="1005" name="input_fm_2_addr_reg_3037">
<pin_list>
<pin id="3038" dir="0" index="0" bw="14" slack="1"/>
<pin id="3039" dir="1" index="1" bw="14" slack="1"/>
</pin_list>
<bind>
<opset="input_fm_2_addr "/>
</bind>
</comp>

<comp id="3042" class="1005" name="input_fm_2_addr_1_reg_3042">
<pin_list>
<pin id="3043" dir="0" index="0" bw="14" slack="1"/>
<pin id="3044" dir="1" index="1" bw="14" slack="1"/>
</pin_list>
<bind>
<opset="input_fm_2_addr_1 "/>
</bind>
</comp>

<comp id="3047" class="1005" name="input_fm_3_addr_reg_3047">
<pin_list>
<pin id="3048" dir="0" index="0" bw="14" slack="1"/>
<pin id="3049" dir="1" index="1" bw="14" slack="1"/>
</pin_list>
<bind>
<opset="input_fm_3_addr "/>
</bind>
</comp>

<comp id="3052" class="1005" name="input_fm_3_addr_1_reg_3052">
<pin_list>
<pin id="3053" dir="0" index="0" bw="14" slack="1"/>
<pin id="3054" dir="1" index="1" bw="14" slack="1"/>
</pin_list>
<bind>
<opset="input_fm_3_addr_1 "/>
</bind>
</comp>

<comp id="3057" class="1005" name="input_fm_4_addr_reg_3057">
<pin_list>
<pin id="3058" dir="0" index="0" bw="14" slack="1"/>
<pin id="3059" dir="1" index="1" bw="14" slack="1"/>
</pin_list>
<bind>
<opset="input_fm_4_addr "/>
</bind>
</comp>

<comp id="3062" class="1005" name="input_fm_4_addr_1_reg_3062">
<pin_list>
<pin id="3063" dir="0" index="0" bw="14" slack="1"/>
<pin id="3064" dir="1" index="1" bw="14" slack="1"/>
</pin_list>
<bind>
<opset="input_fm_4_addr_1 "/>
</bind>
</comp>

<comp id="3067" class="1005" name="input_fm_5_addr_reg_3067">
<pin_list>
<pin id="3068" dir="0" index="0" bw="14" slack="1"/>
<pin id="3069" dir="1" index="1" bw="14" slack="1"/>
</pin_list>
<bind>
<opset="input_fm_5_addr "/>
</bind>
</comp>

<comp id="3072" class="1005" name="input_fm_5_addr_1_reg_3072">
<pin_list>
<pin id="3073" dir="0" index="0" bw="14" slack="1"/>
<pin id="3074" dir="1" index="1" bw="14" slack="1"/>
</pin_list>
<bind>
<opset="input_fm_5_addr_1 "/>
</bind>
</comp>

<comp id="3077" class="1005" name="input_fm_6_addr_reg_3077">
<pin_list>
<pin id="3078" dir="0" index="0" bw="14" slack="1"/>
<pin id="3079" dir="1" index="1" bw="14" slack="1"/>
</pin_list>
<bind>
<opset="input_fm_6_addr "/>
</bind>
</comp>

<comp id="3082" class="1005" name="input_fm_6_addr_1_reg_3082">
<pin_list>
<pin id="3083" dir="0" index="0" bw="14" slack="1"/>
<pin id="3084" dir="1" index="1" bw="14" slack="1"/>
</pin_list>
<bind>
<opset="input_fm_6_addr_1 "/>
</bind>
</comp>

<comp id="3087" class="1005" name="input_fm_7_addr_reg_3087">
<pin_list>
<pin id="3088" dir="0" index="0" bw="14" slack="1"/>
<pin id="3089" dir="1" index="1" bw="14" slack="1"/>
</pin_list>
<bind>
<opset="input_fm_7_addr "/>
</bind>
</comp>

<comp id="3092" class="1005" name="input_fm_7_addr_1_reg_3092">
<pin_list>
<pin id="3093" dir="0" index="0" bw="14" slack="1"/>
<pin id="3094" dir="1" index="1" bw="14" slack="1"/>
</pin_list>
<bind>
<opset="input_fm_7_addr_1 "/>
</bind>
</comp>

<comp id="3097" class="1005" name="input_fm_8_addr_reg_3097">
<pin_list>
<pin id="3098" dir="0" index="0" bw="14" slack="1"/>
<pin id="3099" dir="1" index="1" bw="14" slack="1"/>
</pin_list>
<bind>
<opset="input_fm_8_addr "/>
</bind>
</comp>

<comp id="3102" class="1005" name="input_fm_8_addr_1_reg_3102">
<pin_list>
<pin id="3103" dir="0" index="0" bw="14" slack="1"/>
<pin id="3104" dir="1" index="1" bw="14" slack="1"/>
</pin_list>
<bind>
<opset="input_fm_8_addr_1 "/>
</bind>
</comp>

<comp id="3107" class="1005" name="input_fm_9_addr_reg_3107">
<pin_list>
<pin id="3108" dir="0" index="0" bw="14" slack="1"/>
<pin id="3109" dir="1" index="1" bw="14" slack="1"/>
</pin_list>
<bind>
<opset="input_fm_9_addr "/>
</bind>
</comp>

<comp id="3112" class="1005" name="input_fm_9_addr_1_reg_3112">
<pin_list>
<pin id="3113" dir="0" index="0" bw="14" slack="1"/>
<pin id="3114" dir="1" index="1" bw="14" slack="1"/>
</pin_list>
<bind>
<opset="input_fm_9_addr_1 "/>
</bind>
</comp>

<comp id="3117" class="1005" name="input_fm_10_addr_reg_3117">
<pin_list>
<pin id="3118" dir="0" index="0" bw="14" slack="1"/>
<pin id="3119" dir="1" index="1" bw="14" slack="1"/>
</pin_list>
<bind>
<opset="input_fm_10_addr "/>
</bind>
</comp>

<comp id="3122" class="1005" name="input_fm_10_addr_1_reg_3122">
<pin_list>
<pin id="3123" dir="0" index="0" bw="14" slack="1"/>
<pin id="3124" dir="1" index="1" bw="14" slack="1"/>
</pin_list>
<bind>
<opset="input_fm_10_addr_1 "/>
</bind>
</comp>

<comp id="3127" class="1005" name="input_fm_0_addr_2_reg_3127">
<pin_list>
<pin id="3128" dir="0" index="0" bw="14" slack="1"/>
<pin id="3129" dir="1" index="1" bw="14" slack="1"/>
</pin_list>
<bind>
<opset="input_fm_0_addr_2 "/>
</bind>
</comp>

<comp id="3132" class="1005" name="input_fm_0_addr_3_reg_3132">
<pin_list>
<pin id="3133" dir="0" index="0" bw="14" slack="1"/>
<pin id="3134" dir="1" index="1" bw="14" slack="1"/>
</pin_list>
<bind>
<opset="input_fm_0_addr_3 "/>
</bind>
</comp>

<comp id="3137" class="1005" name="input_fm_1_addr_2_reg_3137">
<pin_list>
<pin id="3138" dir="0" index="0" bw="14" slack="1"/>
<pin id="3139" dir="1" index="1" bw="14" slack="1"/>
</pin_list>
<bind>
<opset="input_fm_1_addr_2 "/>
</bind>
</comp>

<comp id="3142" class="1005" name="input_fm_1_addr_3_reg_3142">
<pin_list>
<pin id="3143" dir="0" index="0" bw="14" slack="1"/>
<pin id="3144" dir="1" index="1" bw="14" slack="1"/>
</pin_list>
<bind>
<opset="input_fm_1_addr_3 "/>
</bind>
</comp>

<comp id="3147" class="1005" name="input_fm_2_addr_2_reg_3147">
<pin_list>
<pin id="3148" dir="0" index="0" bw="14" slack="1"/>
<pin id="3149" dir="1" index="1" bw="14" slack="1"/>
</pin_list>
<bind>
<opset="input_fm_2_addr_2 "/>
</bind>
</comp>

<comp id="3152" class="1005" name="input_fm_2_addr_3_reg_3152">
<pin_list>
<pin id="3153" dir="0" index="0" bw="14" slack="1"/>
<pin id="3154" dir="1" index="1" bw="14" slack="1"/>
</pin_list>
<bind>
<opset="input_fm_2_addr_3 "/>
</bind>
</comp>

<comp id="3157" class="1005" name="input_fm_3_addr_2_reg_3157">
<pin_list>
<pin id="3158" dir="0" index="0" bw="14" slack="1"/>
<pin id="3159" dir="1" index="1" bw="14" slack="1"/>
</pin_list>
<bind>
<opset="input_fm_3_addr_2 "/>
</bind>
</comp>

<comp id="3162" class="1005" name="input_fm_3_addr_3_reg_3162">
<pin_list>
<pin id="3163" dir="0" index="0" bw="14" slack="1"/>
<pin id="3164" dir="1" index="1" bw="14" slack="1"/>
</pin_list>
<bind>
<opset="input_fm_3_addr_3 "/>
</bind>
</comp>

<comp id="3167" class="1005" name="input_fm_4_addr_2_reg_3167">
<pin_list>
<pin id="3168" dir="0" index="0" bw="14" slack="1"/>
<pin id="3169" dir="1" index="1" bw="14" slack="1"/>
</pin_list>
<bind>
<opset="input_fm_4_addr_2 "/>
</bind>
</comp>

<comp id="3172" class="1005" name="input_fm_4_addr_3_reg_3172">
<pin_list>
<pin id="3173" dir="0" index="0" bw="14" slack="1"/>
<pin id="3174" dir="1" index="1" bw="14" slack="1"/>
</pin_list>
<bind>
<opset="input_fm_4_addr_3 "/>
</bind>
</comp>

<comp id="3177" class="1005" name="input_fm_5_addr_2_reg_3177">
<pin_list>
<pin id="3178" dir="0" index="0" bw="14" slack="1"/>
<pin id="3179" dir="1" index="1" bw="14" slack="1"/>
</pin_list>
<bind>
<opset="input_fm_5_addr_2 "/>
</bind>
</comp>

<comp id="3182" class="1005" name="input_fm_5_addr_3_reg_3182">
<pin_list>
<pin id="3183" dir="0" index="0" bw="14" slack="1"/>
<pin id="3184" dir="1" index="1" bw="14" slack="1"/>
</pin_list>
<bind>
<opset="input_fm_5_addr_3 "/>
</bind>
</comp>

<comp id="3187" class="1005" name="input_fm_6_addr_2_reg_3187">
<pin_list>
<pin id="3188" dir="0" index="0" bw="14" slack="1"/>
<pin id="3189" dir="1" index="1" bw="14" slack="1"/>
</pin_list>
<bind>
<opset="input_fm_6_addr_2 "/>
</bind>
</comp>

<comp id="3192" class="1005" name="input_fm_6_addr_3_reg_3192">
<pin_list>
<pin id="3193" dir="0" index="0" bw="14" slack="1"/>
<pin id="3194" dir="1" index="1" bw="14" slack="1"/>
</pin_list>
<bind>
<opset="input_fm_6_addr_3 "/>
</bind>
</comp>

<comp id="3197" class="1005" name="input_fm_7_addr_2_reg_3197">
<pin_list>
<pin id="3198" dir="0" index="0" bw="14" slack="1"/>
<pin id="3199" dir="1" index="1" bw="14" slack="1"/>
</pin_list>
<bind>
<opset="input_fm_7_addr_2 "/>
</bind>
</comp>

<comp id="3202" class="1005" name="input_fm_7_addr_3_reg_3202">
<pin_list>
<pin id="3203" dir="0" index="0" bw="14" slack="1"/>
<pin id="3204" dir="1" index="1" bw="14" slack="1"/>
</pin_list>
<bind>
<opset="input_fm_7_addr_3 "/>
</bind>
</comp>

<comp id="3207" class="1005" name="input_fm_8_addr_2_reg_3207">
<pin_list>
<pin id="3208" dir="0" index="0" bw="14" slack="1"/>
<pin id="3209" dir="1" index="1" bw="14" slack="1"/>
</pin_list>
<bind>
<opset="input_fm_8_addr_2 "/>
</bind>
</comp>

<comp id="3212" class="1005" name="input_fm_8_addr_3_reg_3212">
<pin_list>
<pin id="3213" dir="0" index="0" bw="14" slack="1"/>
<pin id="3214" dir="1" index="1" bw="14" slack="1"/>
</pin_list>
<bind>
<opset="input_fm_8_addr_3 "/>
</bind>
</comp>

<comp id="3217" class="1005" name="input_fm_9_addr_2_reg_3217">
<pin_list>
<pin id="3218" dir="0" index="0" bw="14" slack="1"/>
<pin id="3219" dir="1" index="1" bw="14" slack="1"/>
</pin_list>
<bind>
<opset="input_fm_9_addr_2 "/>
</bind>
</comp>

<comp id="3222" class="1005" name="input_fm_9_addr_3_reg_3222">
<pin_list>
<pin id="3223" dir="0" index="0" bw="14" slack="1"/>
<pin id="3224" dir="1" index="1" bw="14" slack="1"/>
</pin_list>
<bind>
<opset="input_fm_9_addr_3 "/>
</bind>
</comp>

<comp id="3227" class="1005" name="input_fm_10_addr_2_reg_3227">
<pin_list>
<pin id="3228" dir="0" index="0" bw="14" slack="1"/>
<pin id="3229" dir="1" index="1" bw="14" slack="1"/>
</pin_list>
<bind>
<opset="input_fm_10_addr_2 "/>
</bind>
</comp>

<comp id="3232" class="1005" name="input_fm_10_addr_3_reg_3232">
<pin_list>
<pin id="3233" dir="0" index="0" bw="14" slack="1"/>
<pin id="3234" dir="1" index="1" bw="14" slack="1"/>
</pin_list>
<bind>
<opset="input_fm_10_addr_3 "/>
</bind>
</comp>

<comp id="3237" class="1005" name="tmp_1_reg_3237">
<pin_list>
<pin id="3238" dir="0" index="0" bw="32" slack="1"/>
<pin id="3239" dir="1" index="1" bw="32" slack="1"/>
</pin_list>
<bind>
<opset="tmp_1 "/>
</bind>
</comp>

<comp id="3242" class="1005" name="tmp_1_1_reg_3242">
<pin_list>
<pin id="3243" dir="0" index="0" bw="32" slack="2"/>
<pin id="3244" dir="1" index="1" bw="32" slack="2"/>
</pin_list>
<bind>
<opset="tmp_1_1 "/>
</bind>
</comp>

<comp id="3247" class="1005" name="input_fm_0_addr_4_reg_3247">
<pin_list>
<pin id="3248" dir="0" index="0" bw="14" slack="1"/>
<pin id="3249" dir="1" index="1" bw="14" slack="1"/>
</pin_list>
<bind>
<opset="input_fm_0_addr_4 "/>
</bind>
</comp>

<comp id="3252" class="1005" name="input_fm_0_addr_5_reg_3252">
<pin_list>
<pin id="3253" dir="0" index="0" bw="14" slack="1"/>
<pin id="3254" dir="1" index="1" bw="14" slack="1"/>
</pin_list>
<bind>
<opset="input_fm_0_addr_5 "/>
</bind>
</comp>

<comp id="3257" class="1005" name="add_ln52_7_reg_3257">
<pin_list>
<pin id="3258" dir="0" index="0" bw="14" slack="1"/>
<pin id="3259" dir="1" index="1" bw="14" slack="1"/>
</pin_list>
<bind>
<opset="add_ln52_7 "/>
</bind>
</comp>

<comp id="3262" class="1005" name="add_ln52_8_reg_3262">
<pin_list>
<pin id="3263" dir="0" index="0" bw="14" slack="1"/>
<pin id="3264" dir="1" index="1" bw="14" slack="1"/>
</pin_list>
<bind>
<opset="add_ln52_8 "/>
</bind>
</comp>

<comp id="3267" class="1005" name="add_ln52_9_reg_3267">
<pin_list>
<pin id="3268" dir="0" index="0" bw="14" slack="2"/>
<pin id="3269" dir="1" index="1" bw="14" slack="2"/>
</pin_list>
<bind>
<opset="add_ln52_9 "/>
</bind>
</comp>

<comp id="3272" class="1005" name="add_ln52_11_reg_3272">
<pin_list>
<pin id="3273" dir="0" index="0" bw="14" slack="2"/>
<pin id="3274" dir="1" index="1" bw="14" slack="2"/>
</pin_list>
<bind>
<opset="add_ln52_11 "/>
</bind>
</comp>

<comp id="3277" class="1005" name="add_ln52_12_reg_3277">
<pin_list>
<pin id="3278" dir="0" index="0" bw="14" slack="3"/>
<pin id="3279" dir="1" index="1" bw="14" slack="3"/>
</pin_list>
<bind>
<opset="add_ln52_12 "/>
</bind>
</comp>

<comp id="3282" class="1005" name="input_fm_1_addr_4_reg_3282">
<pin_list>
<pin id="3283" dir="0" index="0" bw="14" slack="1"/>
<pin id="3284" dir="1" index="1" bw="14" slack="1"/>
</pin_list>
<bind>
<opset="input_fm_1_addr_4 "/>
</bind>
</comp>

<comp id="3287" class="1005" name="input_fm_1_addr_5_reg_3287">
<pin_list>
<pin id="3288" dir="0" index="0" bw="14" slack="1"/>
<pin id="3289" dir="1" index="1" bw="14" slack="1"/>
</pin_list>
<bind>
<opset="input_fm_1_addr_5 "/>
</bind>
</comp>

<comp id="3292" class="1005" name="input_fm_2_addr_4_reg_3292">
<pin_list>
<pin id="3293" dir="0" index="0" bw="14" slack="1"/>
<pin id="3294" dir="1" index="1" bw="14" slack="1"/>
</pin_list>
<bind>
<opset="input_fm_2_addr_4 "/>
</bind>
</comp>

<comp id="3297" class="1005" name="input_fm_2_addr_5_reg_3297">
<pin_list>
<pin id="3298" dir="0" index="0" bw="14" slack="1"/>
<pin id="3299" dir="1" index="1" bw="14" slack="1"/>
</pin_list>
<bind>
<opset="input_fm_2_addr_5 "/>
</bind>
</comp>

<comp id="3302" class="1005" name="input_fm_3_addr_4_reg_3302">
<pin_list>
<pin id="3303" dir="0" index="0" bw="14" slack="1"/>
<pin id="3304" dir="1" index="1" bw="14" slack="1"/>
</pin_list>
<bind>
<opset="input_fm_3_addr_4 "/>
</bind>
</comp>

<comp id="3307" class="1005" name="input_fm_3_addr_5_reg_3307">
<pin_list>
<pin id="3308" dir="0" index="0" bw="14" slack="1"/>
<pin id="3309" dir="1" index="1" bw="14" slack="1"/>
</pin_list>
<bind>
<opset="input_fm_3_addr_5 "/>
</bind>
</comp>

<comp id="3312" class="1005" name="input_fm_4_addr_4_reg_3312">
<pin_list>
<pin id="3313" dir="0" index="0" bw="14" slack="1"/>
<pin id="3314" dir="1" index="1" bw="14" slack="1"/>
</pin_list>
<bind>
<opset="input_fm_4_addr_4 "/>
</bind>
</comp>

<comp id="3317" class="1005" name="input_fm_4_addr_5_reg_3317">
<pin_list>
<pin id="3318" dir="0" index="0" bw="14" slack="1"/>
<pin id="3319" dir="1" index="1" bw="14" slack="1"/>
</pin_list>
<bind>
<opset="input_fm_4_addr_5 "/>
</bind>
</comp>

<comp id="3322" class="1005" name="input_fm_5_addr_4_reg_3322">
<pin_list>
<pin id="3323" dir="0" index="0" bw="14" slack="1"/>
<pin id="3324" dir="1" index="1" bw="14" slack="1"/>
</pin_list>
<bind>
<opset="input_fm_5_addr_4 "/>
</bind>
</comp>

<comp id="3327" class="1005" name="input_fm_5_addr_5_reg_3327">
<pin_list>
<pin id="3328" dir="0" index="0" bw="14" slack="1"/>
<pin id="3329" dir="1" index="1" bw="14" slack="1"/>
</pin_list>
<bind>
<opset="input_fm_5_addr_5 "/>
</bind>
</comp>

<comp id="3332" class="1005" name="input_fm_6_addr_4_reg_3332">
<pin_list>
<pin id="3333" dir="0" index="0" bw="14" slack="1"/>
<pin id="3334" dir="1" index="1" bw="14" slack="1"/>
</pin_list>
<bind>
<opset="input_fm_6_addr_4 "/>
</bind>
</comp>

<comp id="3337" class="1005" name="input_fm_6_addr_5_reg_3337">
<pin_list>
<pin id="3338" dir="0" index="0" bw="14" slack="1"/>
<pin id="3339" dir="1" index="1" bw="14" slack="1"/>
</pin_list>
<bind>
<opset="input_fm_6_addr_5 "/>
</bind>
</comp>

<comp id="3342" class="1005" name="input_fm_7_addr_4_reg_3342">
<pin_list>
<pin id="3343" dir="0" index="0" bw="14" slack="1"/>
<pin id="3344" dir="1" index="1" bw="14" slack="1"/>
</pin_list>
<bind>
<opset="input_fm_7_addr_4 "/>
</bind>
</comp>

<comp id="3347" class="1005" name="input_fm_7_addr_5_reg_3347">
<pin_list>
<pin id="3348" dir="0" index="0" bw="14" slack="1"/>
<pin id="3349" dir="1" index="1" bw="14" slack="1"/>
</pin_list>
<bind>
<opset="input_fm_7_addr_5 "/>
</bind>
</comp>

<comp id="3352" class="1005" name="input_fm_8_addr_4_reg_3352">
<pin_list>
<pin id="3353" dir="0" index="0" bw="14" slack="1"/>
<pin id="3354" dir="1" index="1" bw="14" slack="1"/>
</pin_list>
<bind>
<opset="input_fm_8_addr_4 "/>
</bind>
</comp>

<comp id="3357" class="1005" name="input_fm_8_addr_5_reg_3357">
<pin_list>
<pin id="3358" dir="0" index="0" bw="14" slack="1"/>
<pin id="3359" dir="1" index="1" bw="14" slack="1"/>
</pin_list>
<bind>
<opset="input_fm_8_addr_5 "/>
</bind>
</comp>

<comp id="3362" class="1005" name="input_fm_9_addr_4_reg_3362">
<pin_list>
<pin id="3363" dir="0" index="0" bw="14" slack="1"/>
<pin id="3364" dir="1" index="1" bw="14" slack="1"/>
</pin_list>
<bind>
<opset="input_fm_9_addr_4 "/>
</bind>
</comp>

<comp id="3367" class="1005" name="input_fm_9_addr_5_reg_3367">
<pin_list>
<pin id="3368" dir="0" index="0" bw="14" slack="1"/>
<pin id="3369" dir="1" index="1" bw="14" slack="1"/>
</pin_list>
<bind>
<opset="input_fm_9_addr_5 "/>
</bind>
</comp>

<comp id="3372" class="1005" name="input_fm_10_addr_4_reg_3372">
<pin_list>
<pin id="3373" dir="0" index="0" bw="14" slack="1"/>
<pin id="3374" dir="1" index="1" bw="14" slack="1"/>
</pin_list>
<bind>
<opset="input_fm_10_addr_4 "/>
</bind>
</comp>

<comp id="3377" class="1005" name="input_fm_10_addr_5_reg_3377">
<pin_list>
<pin id="3378" dir="0" index="0" bw="14" slack="1"/>
<pin id="3379" dir="1" index="1" bw="14" slack="1"/>
</pin_list>
<bind>
<opset="input_fm_10_addr_5 "/>
</bind>
</comp>

<comp id="3382" class="1005" name="empty_18_reg_3382">
<pin_list>
<pin id="3383" dir="0" index="0" bw="32" slack="1"/>
<pin id="3384" dir="1" index="1" bw="32" slack="1"/>
</pin_list>
<bind>
<opset="empty_18 "/>
</bind>
</comp>

<comp id="3387" class="1005" name="tmp_1_2_reg_3387">
<pin_list>
<pin id="3388" dir="0" index="0" bw="32" slack="2"/>
<pin id="3389" dir="1" index="1" bw="32" slack="2"/>
</pin_list>
<bind>
<opset="tmp_1_2 "/>
</bind>
</comp>

<comp id="3392" class="1005" name="tmp_1_3_reg_3392">
<pin_list>
<pin id="3393" dir="0" index="0" bw="32" slack="3"/>
<pin id="3394" dir="1" index="1" bw="32" slack="3"/>
</pin_list>
<bind>
<opset="tmp_1_3 "/>
</bind>
</comp>

<comp id="3397" class="1005" name="input_fm_0_addr_6_reg_3397">
<pin_list>
<pin id="3398" dir="0" index="0" bw="14" slack="1"/>
<pin id="3399" dir="1" index="1" bw="14" slack="1"/>
</pin_list>
<bind>
<opset="input_fm_0_addr_6 "/>
</bind>
</comp>

<comp id="3402" class="1005" name="input_fm_0_addr_7_reg_3402">
<pin_list>
<pin id="3403" dir="0" index="0" bw="14" slack="1"/>
<pin id="3404" dir="1" index="1" bw="14" slack="1"/>
</pin_list>
<bind>
<opset="input_fm_0_addr_7 "/>
</bind>
</comp>

<comp id="3407" class="1005" name="input_fm_1_addr_6_reg_3407">
<pin_list>
<pin id="3408" dir="0" index="0" bw="14" slack="1"/>
<pin id="3409" dir="1" index="1" bw="14" slack="1"/>
</pin_list>
<bind>
<opset="input_fm_1_addr_6 "/>
</bind>
</comp>

<comp id="3412" class="1005" name="input_fm_1_addr_7_reg_3412">
<pin_list>
<pin id="3413" dir="0" index="0" bw="14" slack="1"/>
<pin id="3414" dir="1" index="1" bw="14" slack="1"/>
</pin_list>
<bind>
<opset="input_fm_1_addr_7 "/>
</bind>
</comp>

<comp id="3417" class="1005" name="input_fm_2_addr_6_reg_3417">
<pin_list>
<pin id="3418" dir="0" index="0" bw="14" slack="1"/>
<pin id="3419" dir="1" index="1" bw="14" slack="1"/>
</pin_list>
<bind>
<opset="input_fm_2_addr_6 "/>
</bind>
</comp>

<comp id="3422" class="1005" name="input_fm_2_addr_7_reg_3422">
<pin_list>
<pin id="3423" dir="0" index="0" bw="14" slack="1"/>
<pin id="3424" dir="1" index="1" bw="14" slack="1"/>
</pin_list>
<bind>
<opset="input_fm_2_addr_7 "/>
</bind>
</comp>

<comp id="3427" class="1005" name="input_fm_3_addr_6_reg_3427">
<pin_list>
<pin id="3428" dir="0" index="0" bw="14" slack="1"/>
<pin id="3429" dir="1" index="1" bw="14" slack="1"/>
</pin_list>
<bind>
<opset="input_fm_3_addr_6 "/>
</bind>
</comp>

<comp id="3432" class="1005" name="input_fm_3_addr_7_reg_3432">
<pin_list>
<pin id="3433" dir="0" index="0" bw="14" slack="1"/>
<pin id="3434" dir="1" index="1" bw="14" slack="1"/>
</pin_list>
<bind>
<opset="input_fm_3_addr_7 "/>
</bind>
</comp>

<comp id="3437" class="1005" name="input_fm_4_addr_6_reg_3437">
<pin_list>
<pin id="3438" dir="0" index="0" bw="14" slack="1"/>
<pin id="3439" dir="1" index="1" bw="14" slack="1"/>
</pin_list>
<bind>
<opset="input_fm_4_addr_6 "/>
</bind>
</comp>

<comp id="3442" class="1005" name="input_fm_4_addr_7_reg_3442">
<pin_list>
<pin id="3443" dir="0" index="0" bw="14" slack="1"/>
<pin id="3444" dir="1" index="1" bw="14" slack="1"/>
</pin_list>
<bind>
<opset="input_fm_4_addr_7 "/>
</bind>
</comp>

<comp id="3447" class="1005" name="input_fm_5_addr_6_reg_3447">
<pin_list>
<pin id="3448" dir="0" index="0" bw="14" slack="1"/>
<pin id="3449" dir="1" index="1" bw="14" slack="1"/>
</pin_list>
<bind>
<opset="input_fm_5_addr_6 "/>
</bind>
</comp>

<comp id="3452" class="1005" name="input_fm_5_addr_7_reg_3452">
<pin_list>
<pin id="3453" dir="0" index="0" bw="14" slack="1"/>
<pin id="3454" dir="1" index="1" bw="14" slack="1"/>
</pin_list>
<bind>
<opset="input_fm_5_addr_7 "/>
</bind>
</comp>

<comp id="3457" class="1005" name="input_fm_6_addr_6_reg_3457">
<pin_list>
<pin id="3458" dir="0" index="0" bw="14" slack="1"/>
<pin id="3459" dir="1" index="1" bw="14" slack="1"/>
</pin_list>
<bind>
<opset="input_fm_6_addr_6 "/>
</bind>
</comp>

<comp id="3462" class="1005" name="input_fm_6_addr_7_reg_3462">
<pin_list>
<pin id="3463" dir="0" index="0" bw="14" slack="1"/>
<pin id="3464" dir="1" index="1" bw="14" slack="1"/>
</pin_list>
<bind>
<opset="input_fm_6_addr_7 "/>
</bind>
</comp>

<comp id="3467" class="1005" name="input_fm_7_addr_6_reg_3467">
<pin_list>
<pin id="3468" dir="0" index="0" bw="14" slack="1"/>
<pin id="3469" dir="1" index="1" bw="14" slack="1"/>
</pin_list>
<bind>
<opset="input_fm_7_addr_6 "/>
</bind>
</comp>

<comp id="3472" class="1005" name="input_fm_7_addr_7_reg_3472">
<pin_list>
<pin id="3473" dir="0" index="0" bw="14" slack="1"/>
<pin id="3474" dir="1" index="1" bw="14" slack="1"/>
</pin_list>
<bind>
<opset="input_fm_7_addr_7 "/>
</bind>
</comp>

<comp id="3477" class="1005" name="input_fm_8_addr_6_reg_3477">
<pin_list>
<pin id="3478" dir="0" index="0" bw="14" slack="1"/>
<pin id="3479" dir="1" index="1" bw="14" slack="1"/>
</pin_list>
<bind>
<opset="input_fm_8_addr_6 "/>
</bind>
</comp>

<comp id="3482" class="1005" name="input_fm_8_addr_7_reg_3482">
<pin_list>
<pin id="3483" dir="0" index="0" bw="14" slack="1"/>
<pin id="3484" dir="1" index="1" bw="14" slack="1"/>
</pin_list>
<bind>
<opset="input_fm_8_addr_7 "/>
</bind>
</comp>

<comp id="3487" class="1005" name="input_fm_9_addr_6_reg_3487">
<pin_list>
<pin id="3488" dir="0" index="0" bw="14" slack="1"/>
<pin id="3489" dir="1" index="1" bw="14" slack="1"/>
</pin_list>
<bind>
<opset="input_fm_9_addr_6 "/>
</bind>
</comp>

<comp id="3492" class="1005" name="input_fm_9_addr_7_reg_3492">
<pin_list>
<pin id="3493" dir="0" index="0" bw="14" slack="1"/>
<pin id="3494" dir="1" index="1" bw="14" slack="1"/>
</pin_list>
<bind>
<opset="input_fm_9_addr_7 "/>
</bind>
</comp>

<comp id="3497" class="1005" name="input_fm_10_addr_6_reg_3497">
<pin_list>
<pin id="3498" dir="0" index="0" bw="14" slack="1"/>
<pin id="3499" dir="1" index="1" bw="14" slack="1"/>
</pin_list>
<bind>
<opset="input_fm_10_addr_6 "/>
</bind>
</comp>

<comp id="3502" class="1005" name="input_fm_10_addr_7_reg_3502">
<pin_list>
<pin id="3503" dir="0" index="0" bw="14" slack="1"/>
<pin id="3504" dir="1" index="1" bw="14" slack="1"/>
</pin_list>
<bind>
<opset="input_fm_10_addr_7 "/>
</bind>
</comp>

<comp id="3507" class="1005" name="empty_19_reg_3507">
<pin_list>
<pin id="3508" dir="0" index="0" bw="32" slack="1"/>
<pin id="3509" dir="1" index="1" bw="32" slack="1"/>
</pin_list>
<bind>
<opset="empty_19 "/>
</bind>
</comp>

<comp id="3512" class="1005" name="tmp_1_4_reg_3512">
<pin_list>
<pin id="3513" dir="0" index="0" bw="32" slack="3"/>
<pin id="3514" dir="1" index="1" bw="32" slack="3"/>
</pin_list>
<bind>
<opset="tmp_1_4 "/>
</bind>
</comp>

<comp id="3517" class="1005" name="tmp_1_5_reg_3517">
<pin_list>
<pin id="3518" dir="0" index="0" bw="32" slack="4"/>
<pin id="3519" dir="1" index="1" bw="32" slack="4"/>
</pin_list>
<bind>
<opset="tmp_1_5 "/>
</bind>
</comp>

<comp id="3522" class="1005" name="input_fm_0_addr_8_reg_3522">
<pin_list>
<pin id="3523" dir="0" index="0" bw="14" slack="1"/>
<pin id="3524" dir="1" index="1" bw="14" slack="1"/>
</pin_list>
<bind>
<opset="input_fm_0_addr_8 "/>
</bind>
</comp>

<comp id="3527" class="1005" name="input_fm_0_addr_9_reg_3527">
<pin_list>
<pin id="3528" dir="0" index="0" bw="14" slack="1"/>
<pin id="3529" dir="1" index="1" bw="14" slack="1"/>
</pin_list>
<bind>
<opset="input_fm_0_addr_9 "/>
</bind>
</comp>

<comp id="3532" class="1005" name="input_fm_1_addr_8_reg_3532">
<pin_list>
<pin id="3533" dir="0" index="0" bw="14" slack="1"/>
<pin id="3534" dir="1" index="1" bw="14" slack="1"/>
</pin_list>
<bind>
<opset="input_fm_1_addr_8 "/>
</bind>
</comp>

<comp id="3537" class="1005" name="input_fm_1_addr_9_reg_3537">
<pin_list>
<pin id="3538" dir="0" index="0" bw="14" slack="1"/>
<pin id="3539" dir="1" index="1" bw="14" slack="1"/>
</pin_list>
<bind>
<opset="input_fm_1_addr_9 "/>
</bind>
</comp>

<comp id="3542" class="1005" name="input_fm_2_addr_8_reg_3542">
<pin_list>
<pin id="3543" dir="0" index="0" bw="14" slack="1"/>
<pin id="3544" dir="1" index="1" bw="14" slack="1"/>
</pin_list>
<bind>
<opset="input_fm_2_addr_8 "/>
</bind>
</comp>

<comp id="3547" class="1005" name="input_fm_2_addr_9_reg_3547">
<pin_list>
<pin id="3548" dir="0" index="0" bw="14" slack="1"/>
<pin id="3549" dir="1" index="1" bw="14" slack="1"/>
</pin_list>
<bind>
<opset="input_fm_2_addr_9 "/>
</bind>
</comp>

<comp id="3552" class="1005" name="input_fm_3_addr_8_reg_3552">
<pin_list>
<pin id="3553" dir="0" index="0" bw="14" slack="1"/>
<pin id="3554" dir="1" index="1" bw="14" slack="1"/>
</pin_list>
<bind>
<opset="input_fm_3_addr_8 "/>
</bind>
</comp>

<comp id="3557" class="1005" name="input_fm_3_addr_9_reg_3557">
<pin_list>
<pin id="3558" dir="0" index="0" bw="14" slack="1"/>
<pin id="3559" dir="1" index="1" bw="14" slack="1"/>
</pin_list>
<bind>
<opset="input_fm_3_addr_9 "/>
</bind>
</comp>

<comp id="3562" class="1005" name="input_fm_4_addr_8_reg_3562">
<pin_list>
<pin id="3563" dir="0" index="0" bw="14" slack="1"/>
<pin id="3564" dir="1" index="1" bw="14" slack="1"/>
</pin_list>
<bind>
<opset="input_fm_4_addr_8 "/>
</bind>
</comp>

<comp id="3567" class="1005" name="input_fm_4_addr_9_reg_3567">
<pin_list>
<pin id="3568" dir="0" index="0" bw="14" slack="1"/>
<pin id="3569" dir="1" index="1" bw="14" slack="1"/>
</pin_list>
<bind>
<opset="input_fm_4_addr_9 "/>
</bind>
</comp>

<comp id="3572" class="1005" name="input_fm_5_addr_8_reg_3572">
<pin_list>
<pin id="3573" dir="0" index="0" bw="14" slack="1"/>
<pin id="3574" dir="1" index="1" bw="14" slack="1"/>
</pin_list>
<bind>
<opset="input_fm_5_addr_8 "/>
</bind>
</comp>

<comp id="3577" class="1005" name="input_fm_5_addr_9_reg_3577">
<pin_list>
<pin id="3578" dir="0" index="0" bw="14" slack="1"/>
<pin id="3579" dir="1" index="1" bw="14" slack="1"/>
</pin_list>
<bind>
<opset="input_fm_5_addr_9 "/>
</bind>
</comp>

<comp id="3582" class="1005" name="input_fm_6_addr_8_reg_3582">
<pin_list>
<pin id="3583" dir="0" index="0" bw="14" slack="1"/>
<pin id="3584" dir="1" index="1" bw="14" slack="1"/>
</pin_list>
<bind>
<opset="input_fm_6_addr_8 "/>
</bind>
</comp>

<comp id="3587" class="1005" name="input_fm_6_addr_9_reg_3587">
<pin_list>
<pin id="3588" dir="0" index="0" bw="14" slack="1"/>
<pin id="3589" dir="1" index="1" bw="14" slack="1"/>
</pin_list>
<bind>
<opset="input_fm_6_addr_9 "/>
</bind>
</comp>

<comp id="3592" class="1005" name="input_fm_7_addr_8_reg_3592">
<pin_list>
<pin id="3593" dir="0" index="0" bw="14" slack="1"/>
<pin id="3594" dir="1" index="1" bw="14" slack="1"/>
</pin_list>
<bind>
<opset="input_fm_7_addr_8 "/>
</bind>
</comp>

<comp id="3597" class="1005" name="input_fm_7_addr_9_reg_3597">
<pin_list>
<pin id="3598" dir="0" index="0" bw="14" slack="1"/>
<pin id="3599" dir="1" index="1" bw="14" slack="1"/>
</pin_list>
<bind>
<opset="input_fm_7_addr_9 "/>
</bind>
</comp>

<comp id="3602" class="1005" name="input_fm_8_addr_8_reg_3602">
<pin_list>
<pin id="3603" dir="0" index="0" bw="14" slack="1"/>
<pin id="3604" dir="1" index="1" bw="14" slack="1"/>
</pin_list>
<bind>
<opset="input_fm_8_addr_8 "/>
</bind>
</comp>

<comp id="3607" class="1005" name="input_fm_8_addr_9_reg_3607">
<pin_list>
<pin id="3608" dir="0" index="0" bw="14" slack="1"/>
<pin id="3609" dir="1" index="1" bw="14" slack="1"/>
</pin_list>
<bind>
<opset="input_fm_8_addr_9 "/>
</bind>
</comp>

<comp id="3612" class="1005" name="input_fm_9_addr_8_reg_3612">
<pin_list>
<pin id="3613" dir="0" index="0" bw="14" slack="1"/>
<pin id="3614" dir="1" index="1" bw="14" slack="1"/>
</pin_list>
<bind>
<opset="input_fm_9_addr_8 "/>
</bind>
</comp>

<comp id="3617" class="1005" name="input_fm_9_addr_9_reg_3617">
<pin_list>
<pin id="3618" dir="0" index="0" bw="14" slack="1"/>
<pin id="3619" dir="1" index="1" bw="14" slack="1"/>
</pin_list>
<bind>
<opset="input_fm_9_addr_9 "/>
</bind>
</comp>

<comp id="3622" class="1005" name="input_fm_10_addr_8_reg_3622">
<pin_list>
<pin id="3623" dir="0" index="0" bw="14" slack="1"/>
<pin id="3624" dir="1" index="1" bw="14" slack="1"/>
</pin_list>
<bind>
<opset="input_fm_10_addr_8 "/>
</bind>
</comp>

<comp id="3627" class="1005" name="input_fm_10_addr_9_reg_3627">
<pin_list>
<pin id="3628" dir="0" index="0" bw="14" slack="1"/>
<pin id="3629" dir="1" index="1" bw="14" slack="1"/>
</pin_list>
<bind>
<opset="input_fm_10_addr_9 "/>
</bind>
</comp>

<comp id="3632" class="1005" name="empty_20_reg_3632">
<pin_list>
<pin id="3633" dir="0" index="0" bw="32" slack="1"/>
<pin id="3634" dir="1" index="1" bw="32" slack="1"/>
</pin_list>
<bind>
<opset="empty_20 "/>
</bind>
</comp>

<comp id="3637" class="1005" name="tmp_1_6_reg_3637">
<pin_list>
<pin id="3638" dir="0" index="0" bw="32" slack="4"/>
<pin id="3639" dir="1" index="1" bw="32" slack="4"/>
</pin_list>
<bind>
<opset="tmp_1_6 "/>
</bind>
</comp>

<comp id="3642" class="1005" name="tmp_1_7_reg_3642">
<pin_list>
<pin id="3643" dir="0" index="0" bw="32" slack="5"/>
<pin id="3644" dir="1" index="1" bw="32" slack="5"/>
</pin_list>
<bind>
<opset="tmp_1_7 "/>
</bind>
</comp>

<comp id="3647" class="1005" name="input_fm_0_addr_10_reg_3647">
<pin_list>
<pin id="3648" dir="0" index="0" bw="14" slack="1"/>
<pin id="3649" dir="1" index="1" bw="14" slack="1"/>
</pin_list>
<bind>
<opset="input_fm_0_addr_10 "/>
</bind>
</comp>

<comp id="3652" class="1005" name="input_fm_1_addr_10_reg_3652">
<pin_list>
<pin id="3653" dir="0" index="0" bw="14" slack="1"/>
<pin id="3654" dir="1" index="1" bw="14" slack="1"/>
</pin_list>
<bind>
<opset="input_fm_1_addr_10 "/>
</bind>
</comp>

<comp id="3657" class="1005" name="input_fm_2_addr_10_reg_3657">
<pin_list>
<pin id="3658" dir="0" index="0" bw="14" slack="1"/>
<pin id="3659" dir="1" index="1" bw="14" slack="1"/>
</pin_list>
<bind>
<opset="input_fm_2_addr_10 "/>
</bind>
</comp>

<comp id="3662" class="1005" name="input_fm_3_addr_10_reg_3662">
<pin_list>
<pin id="3663" dir="0" index="0" bw="14" slack="1"/>
<pin id="3664" dir="1" index="1" bw="14" slack="1"/>
</pin_list>
<bind>
<opset="input_fm_3_addr_10 "/>
</bind>
</comp>

<comp id="3667" class="1005" name="input_fm_4_addr_10_reg_3667">
<pin_list>
<pin id="3668" dir="0" index="0" bw="14" slack="1"/>
<pin id="3669" dir="1" index="1" bw="14" slack="1"/>
</pin_list>
<bind>
<opset="input_fm_4_addr_10 "/>
</bind>
</comp>

<comp id="3672" class="1005" name="input_fm_5_addr_10_reg_3672">
<pin_list>
<pin id="3673" dir="0" index="0" bw="14" slack="1"/>
<pin id="3674" dir="1" index="1" bw="14" slack="1"/>
</pin_list>
<bind>
<opset="input_fm_5_addr_10 "/>
</bind>
</comp>

<comp id="3677" class="1005" name="input_fm_6_addr_10_reg_3677">
<pin_list>
<pin id="3678" dir="0" index="0" bw="14" slack="1"/>
<pin id="3679" dir="1" index="1" bw="14" slack="1"/>
</pin_list>
<bind>
<opset="input_fm_6_addr_10 "/>
</bind>
</comp>

<comp id="3682" class="1005" name="input_fm_7_addr_10_reg_3682">
<pin_list>
<pin id="3683" dir="0" index="0" bw="14" slack="1"/>
<pin id="3684" dir="1" index="1" bw="14" slack="1"/>
</pin_list>
<bind>
<opset="input_fm_7_addr_10 "/>
</bind>
</comp>

<comp id="3687" class="1005" name="input_fm_8_addr_10_reg_3687">
<pin_list>
<pin id="3688" dir="0" index="0" bw="14" slack="1"/>
<pin id="3689" dir="1" index="1" bw="14" slack="1"/>
</pin_list>
<bind>
<opset="input_fm_8_addr_10 "/>
</bind>
</comp>

<comp id="3692" class="1005" name="input_fm_9_addr_10_reg_3692">
<pin_list>
<pin id="3693" dir="0" index="0" bw="14" slack="1"/>
<pin id="3694" dir="1" index="1" bw="14" slack="1"/>
</pin_list>
<bind>
<opset="input_fm_9_addr_10 "/>
</bind>
</comp>

<comp id="3697" class="1005" name="input_fm_10_addr_10_reg_3697">
<pin_list>
<pin id="3698" dir="0" index="0" bw="14" slack="1"/>
<pin id="3699" dir="1" index="1" bw="14" slack="1"/>
</pin_list>
<bind>
<opset="input_fm_10_addr_10 "/>
</bind>
</comp>

<comp id="3702" class="1005" name="empty_21_reg_3702">
<pin_list>
<pin id="3703" dir="0" index="0" bw="32" slack="1"/>
<pin id="3704" dir="1" index="1" bw="32" slack="1"/>
</pin_list>
<bind>
<opset="empty_21 "/>
</bind>
</comp>

<comp id="3707" class="1005" name="tmp_1_8_reg_3707">
<pin_list>
<pin id="3708" dir="0" index="0" bw="32" slack="5"/>
<pin id="3709" dir="1" index="1" bw="32" slack="5"/>
</pin_list>
<bind>
<opset="tmp_1_8 "/>
</bind>
</comp>

<comp id="3712" class="1005" name="tmp_1_9_reg_3712">
<pin_list>
<pin id="3713" dir="0" index="0" bw="32" slack="6"/>
<pin id="3714" dir="1" index="1" bw="32" slack="6"/>
</pin_list>
<bind>
<opset="tmp_1_9 "/>
</bind>
</comp>

<comp id="3717" class="1005" name="add62_lcssa27_load_reg_3717">
<pin_list>
<pin id="3718" dir="0" index="0" bw="32" slack="1"/>
<pin id="3719" dir="1" index="1" bw="32" slack="1"/>
</pin_list>
<bind>
<opset="add62_lcssa27_load "/>
</bind>
</comp>

<comp id="3722" class="1005" name="empty_22_reg_3722">
<pin_list>
<pin id="3723" dir="0" index="0" bw="32" slack="1"/>
<pin id="3724" dir="1" index="1" bw="32" slack="1"/>
</pin_list>
<bind>
<opset="empty_22 "/>
</bind>
</comp>

<comp id="3727" class="1005" name="tmp_1_s_reg_3727">
<pin_list>
<pin id="3728" dir="0" index="0" bw="32" slack="6"/>
<pin id="3729" dir="1" index="1" bw="32" slack="6"/>
</pin_list>
<bind>
<opset="tmp_1_s "/>
</bind>
</comp>

<comp id="3732" class="1005" name="empty_23_reg_3732">
<pin_list>
<pin id="3733" dir="0" index="0" bw="32" slack="1"/>
<pin id="3734" dir="1" index="1" bw="32" slack="1"/>
</pin_list>
<bind>
<opset="empty_23 "/>
</bind>
</comp>

<comp id="3737" class="1005" name="mul_2_reg_3737">
<pin_list>
<pin id="3738" dir="0" index="0" bw="32" slack="9"/>
<pin id="3739" dir="1" index="1" bw="32" slack="9"/>
</pin_list>
<bind>
<opset="mul_2 "/>
</bind>
</comp>

<comp id="3742" class="1005" name="empty_24_reg_3742">
<pin_list>
<pin id="3743" dir="0" index="0" bw="32" slack="1"/>
<pin id="3744" dir="1" index="1" bw="32" slack="1"/>
</pin_list>
<bind>
<opset="empty_24 "/>
</bind>
</comp>

<comp id="3747" class="1005" name="mul_3_reg_3747">
<pin_list>
<pin id="3748" dir="0" index="0" bw="32" slack="13"/>
<pin id="3749" dir="1" index="1" bw="32" slack="13"/>
</pin_list>
<bind>
<opset="mul_3 "/>
</bind>
</comp>

<comp id="3752" class="1005" name="empty_25_reg_3752">
<pin_list>
<pin id="3753" dir="0" index="0" bw="32" slack="1"/>
<pin id="3754" dir="1" index="1" bw="32" slack="1"/>
</pin_list>
<bind>
<opset="empty_25 "/>
</bind>
</comp>

<comp id="3757" class="1005" name="mul_4_reg_3757">
<pin_list>
<pin id="3758" dir="0" index="0" bw="32" slack="17"/>
<pin id="3759" dir="1" index="1" bw="32" slack="17"/>
</pin_list>
<bind>
<opset="mul_4 "/>
</bind>
</comp>

<comp id="3762" class="1005" name="empty_26_reg_3762">
<pin_list>
<pin id="3763" dir="0" index="0" bw="32" slack="1"/>
<pin id="3764" dir="1" index="1" bw="32" slack="1"/>
</pin_list>
<bind>
<opset="empty_26 "/>
</bind>
</comp>

<comp id="3767" class="1005" name="empty_27_reg_3767">
<pin_list>
<pin id="3768" dir="0" index="0" bw="32" slack="1"/>
<pin id="3769" dir="1" index="1" bw="32" slack="1"/>
</pin_list>
<bind>
<opset="empty_27 "/>
</bind>
</comp>

<comp id="3772" class="1005" name="mul_6_reg_3772">
<pin_list>
<pin id="3773" dir="0" index="0" bw="32" slack="25"/>
<pin id="3774" dir="1" index="1" bw="32" slack="25"/>
</pin_list>
<bind>
<opset="mul_6 "/>
</bind>
</comp>

<comp id="3777" class="1005" name="empty_28_reg_3777">
<pin_list>
<pin id="3778" dir="0" index="0" bw="32" slack="1"/>
<pin id="3779" dir="1" index="1" bw="32" slack="1"/>
</pin_list>
<bind>
<opset="empty_28 "/>
</bind>
</comp>

<comp id="3782" class="1005" name="mul_7_reg_3782">
<pin_list>
<pin id="3783" dir="0" index="0" bw="32" slack="29"/>
<pin id="3784" dir="1" index="1" bw="32" slack="29"/>
</pin_list>
<bind>
<opset="mul_7 "/>
</bind>
</comp>

<comp id="3787" class="1005" name="mul_8_reg_3787">
<pin_list>
<pin id="3788" dir="0" index="0" bw="32" slack="33"/>
<pin id="3789" dir="1" index="1" bw="32" slack="33"/>
</pin_list>
<bind>
<opset="mul_8 "/>
</bind>
</comp>

<comp id="3792" class="1005" name="mul_9_reg_3792">
<pin_list>
<pin id="3793" dir="0" index="0" bw="32" slack="37"/>
<pin id="3794" dir="1" index="1" bw="32" slack="37"/>
</pin_list>
<bind>
<opset="mul_9 "/>
</bind>
</comp>

</comp_list>

<net_list>
<net id="151"><net_src comp="100" pin="0"/><net_sink comp="148" pin=0"/></net>

<net id="155"><net_src comp="100" pin="0"/><net_sink comp="152" pin=0"/></net>

<net id="160"><net_src comp="102" pin="0"/><net_sink comp="156" pin=0"/></net>

<net id="161"><net_src comp="98" pin="0"/><net_sink comp="156" pin=1"/></net>

<net id="166"><net_src comp="102" pin="0"/><net_sink comp="162" pin=0"/></net>

<net id="167"><net_src comp="96" pin="0"/><net_sink comp="162" pin=1"/></net>

<net id="172"><net_src comp="102" pin="0"/><net_sink comp="168" pin=0"/></net>

<net id="173"><net_src comp="94" pin="0"/><net_sink comp="168" pin=1"/></net>

<net id="178"><net_src comp="102" pin="0"/><net_sink comp="174" pin=0"/></net>

<net id="179"><net_src comp="92" pin="0"/><net_sink comp="174" pin=1"/></net>

<net id="184"><net_src comp="102" pin="0"/><net_sink comp="180" pin=0"/></net>

<net id="185"><net_src comp="90" pin="0"/><net_sink comp="180" pin=1"/></net>

<net id="190"><net_src comp="102" pin="0"/><net_sink comp="186" pin=0"/></net>

<net id="191"><net_src comp="88" pin="0"/><net_sink comp="186" pin=1"/></net>

<net id="196"><net_src comp="102" pin="0"/><net_sink comp="192" pin=0"/></net>

<net id="197"><net_src comp="86" pin="0"/><net_sink comp="192" pin=1"/></net>

<net id="202"><net_src comp="102" pin="0"/><net_sink comp="198" pin=0"/></net>

<net id="203"><net_src comp="84" pin="0"/><net_sink comp="198" pin=1"/></net>

<net id="208"><net_src comp="102" pin="0"/><net_sink comp="204" pin=0"/></net>

<net id="209"><net_src comp="82" pin="0"/><net_sink comp="204" pin=1"/></net>

<net id="214"><net_src comp="102" pin="0"/><net_sink comp="210" pin=0"/></net>

<net id="215"><net_src comp="80" pin="0"/><net_sink comp="210" pin=1"/></net>

<net id="220"><net_src comp="102" pin="0"/><net_sink comp="216" pin=0"/></net>

<net id="221"><net_src comp="78" pin="0"/><net_sink comp="216" pin=1"/></net>

<net id="226"><net_src comp="104" pin="0"/><net_sink comp="222" pin=0"/></net>

<net id="227"><net_src comp="56" pin="0"/><net_sink comp="222" pin=1"/></net>

<net id="232"><net_src comp="104" pin="0"/><net_sink comp="228" pin=0"/></net>

<net id="233"><net_src comp="54" pin="0"/><net_sink comp="228" pin=1"/></net>

<net id="238"><net_src comp="104" pin="0"/><net_sink comp="234" pin=0"/></net>

<net id="239"><net_src comp="52" pin="0"/><net_sink comp="234" pin=1"/></net>

<net id="244"><net_src comp="104" pin="0"/><net_sink comp="240" pin=0"/></net>

<net id="245"><net_src comp="50" pin="0"/><net_sink comp="240" pin=1"/></net>

<net id="250"><net_src comp="104" pin="0"/><net_sink comp="246" pin=0"/></net>

<net id="251"><net_src comp="48" pin="0"/><net_sink comp="246" pin=1"/></net>

<net id="256"><net_src comp="104" pin="0"/><net_sink comp="252" pin=0"/></net>

<net id="257"><net_src comp="46" pin="0"/><net_sink comp="252" pin=1"/></net>

<net id="262"><net_src comp="104" pin="0"/><net_sink comp="258" pin=0"/></net>

<net id="263"><net_src comp="44" pin="0"/><net_sink comp="258" pin=1"/></net>

<net id="268"><net_src comp="104" pin="0"/><net_sink comp="264" pin=0"/></net>

<net id="269"><net_src comp="42" pin="0"/><net_sink comp="264" pin=1"/></net>

<net id="274"><net_src comp="104" pin="0"/><net_sink comp="270" pin=0"/></net>

<net id="275"><net_src comp="40" pin="0"/><net_sink comp="270" pin=1"/></net>

<net id="280"><net_src comp="104" pin="0"/><net_sink comp="276" pin=0"/></net>

<net id="281"><net_src comp="38" pin="0"/><net_sink comp="276" pin=1"/></net>

<net id="286"><net_src comp="104" pin="0"/><net_sink comp="282" pin=0"/></net>

<net id="287"><net_src comp="34" pin="0"/><net_sink comp="282" pin=1"/></net>

<net id="292"><net_src comp="106" pin="0"/><net_sink comp="288" pin=0"/></net>

<net id="293"><net_src comp="32" pin="0"/><net_sink comp="288" pin=1"/></net>

<net id="298"><net_src comp="104" pin="0"/><net_sink comp="294" pin=0"/></net>

<net id="299"><net_src comp="30" pin="0"/><net_sink comp="294" pin=1"/></net>

<net id="304"><net_src comp="108" pin="0"/><net_sink comp="300" pin=0"/></net>

<net id="305"><net_src comp="6" pin="0"/><net_sink comp="300" pin=1"/></net>

<net id="310"><net_src comp="110" pin="0"/><net_sink comp="306" pin=0"/></net>

<net id="311"><net_src comp="4" pin="0"/><net_sink comp="306" pin=1"/></net>

<net id="316"><net_src comp="112" pin="0"/><net_sink comp="312" pin=0"/></net>

<net id="317"><net_src comp="0" pin="0"/><net_sink comp="312" pin=1"/></net>

<net id="323"><net_src comp="2" pin="0"/><net_sink comp="318" pin=0"/></net>

<net id="324"><net_src comp="126" pin="0"/><net_sink comp="318" pin=1"/></net>

<net id="330"><net_src comp="8" pin="0"/><net_sink comp="325" pin=0"/></net>

<net id="331"><net_src comp="126" pin="0"/><net_sink comp="325" pin=1"/></net>

<net id="337"><net_src comp="10" pin="0"/><net_sink comp="332" pin=0"/></net>

<net id="338"><net_src comp="126" pin="0"/><net_sink comp="332" pin=1"/></net>

<net id="344"><net_src comp="12" pin="0"/><net_sink comp="339" pin=0"/></net>

<net id="345"><net_src comp="126" pin="0"/><net_sink comp="339" pin=1"/></net>

<net id="351"><net_src comp="14" pin="0"/><net_sink comp="346" pin=0"/></net>

<net id="352"><net_src comp="126" pin="0"/><net_sink comp="346" pin=1"/></net>

<net id="358"><net_src comp="16" pin="0"/><net_sink comp="353" pin=0"/></net>

<net id="359"><net_src comp="126" pin="0"/><net_sink comp="353" pin=1"/></net>

<net id="365"><net_src comp="18" pin="0"/><net_sink comp="360" pin=0"/></net>

<net id="366"><net_src comp="126" pin="0"/><net_sink comp="360" pin=1"/></net>

<net id="372"><net_src comp="20" pin="0"/><net_sink comp="367" pin=0"/></net>

<net id="373"><net_src comp="126" pin="0"/><net_sink comp="367" pin=1"/></net>

<net id="379"><net_src comp="22" pin="0"/><net_sink comp="374" pin=0"/></net>

<net id="380"><net_src comp="126" pin="0"/><net_sink comp="374" pin=1"/></net>

<net id="386"><net_src comp="24" pin="0"/><net_sink comp="381" pin=0"/></net>

<net id="387"><net_src comp="126" pin="0"/><net_sink comp="381" pin=1"/></net>

<net id="393"><net_src comp="26" pin="0"/><net_sink comp="388" pin=0"/></net>

<net id="394"><net_src comp="126" pin="0"/><net_sink comp="388" pin=1"/></net>

<net id="400"><net_src comp="28" pin="0"/><net_sink comp="395" pin=0"/></net>

<net id="401"><net_src comp="126" pin="0"/><net_sink comp="395" pin=1"/></net>

<net id="407"><net_src comp="325" pin="3"/><net_sink comp="402" pin=0"/></net>

<net id="413"><net_src comp="332" pin="3"/><net_sink comp="408" pin=0"/></net>

<net id="419"><net_src comp="339" pin="3"/><net_sink comp="414" pin=0"/></net>

<net id="425"><net_src comp="346" pin="3"/><net_sink comp="420" pin=0"/></net>

<net id="431"><net_src comp="353" pin="3"/><net_sink comp="426" pin=0"/></net>

<net id="437"><net_src comp="360" pin="3"/><net_sink comp="432" pin=0"/></net>

<net id="443"><net_src comp="367" pin="3"/><net_sink comp="438" pin=0"/></net>

<net id="449"><net_src comp="374" pin="3"/><net_sink comp="444" pin=0"/></net>

<net id="455"><net_src comp="381" pin="3"/><net_sink comp="450" pin=0"/></net>

<net id="461"><net_src comp="388" pin="3"/><net_sink comp="456" pin=0"/></net>

<net id="467"><net_src comp="395" pin="3"/><net_sink comp="462" pin=0"/></net>

<net id="473"><net_src comp="36" pin="0"/><net_sink comp="468" pin=0"/></net>

<net id="474"><net_src comp="126" pin="0"/><net_sink comp="468" pin=1"/></net>

<net id="480"><net_src comp="36" pin="0"/><net_sink comp="475" pin=0"/></net>

<net id="481"><net_src comp="126" pin="0"/><net_sink comp="475" pin=1"/></net>

<net id="487"><net_src comp="58" pin="0"/><net_sink comp="482" pin=0"/></net>

<net id="488"><net_src comp="126" pin="0"/><net_sink comp="482" pin=1"/></net>

<net id="494"><net_src comp="58" pin="0"/><net_sink comp="489" pin=0"/></net>

<net id="495"><net_src comp="126" pin="0"/><net_sink comp="489" pin=1"/></net>

<net id="501"><net_src comp="60" pin="0"/><net_sink comp="496" pin=0"/></net>

<net id="502"><net_src comp="126" pin="0"/><net_sink comp="496" pin=1"/></net>

<net id="508"><net_src comp="60" pin="0"/><net_sink comp="503" pin=0"/></net>

<net id="509"><net_src comp="126" pin="0"/><net_sink comp="503" pin=1"/></net>

<net id="515"><net_src comp="62" pin="0"/><net_sink comp="510" pin=0"/></net>

<net id="516"><net_src comp="126" pin="0"/><net_sink comp="510" pin=1"/></net>

<net id="522"><net_src comp="62" pin="0"/><net_sink comp="517" pin=0"/></net>

<net id="523"><net_src comp="126" pin="0"/><net_sink comp="517" pin=1"/></net>

<net id="529"><net_src comp="64" pin="0"/><net_sink comp="524" pin=0"/></net>

<net id="530"><net_src comp="126" pin="0"/><net_sink comp="524" pin=1"/></net>

<net id="536"><net_src comp="64" pin="0"/><net_sink comp="531" pin=0"/></net>

<net id="537"><net_src comp="126" pin="0"/><net_sink comp="531" pin=1"/></net>

<net id="543"><net_src comp="66" pin="0"/><net_sink comp="538" pin=0"/></net>

<net id="544"><net_src comp="126" pin="0"/><net_sink comp="538" pin=1"/></net>

<net id="550"><net_src comp="66" pin="0"/><net_sink comp="545" pin=0"/></net>

<net id="551"><net_src comp="126" pin="0"/><net_sink comp="545" pin=1"/></net>

<net id="557"><net_src comp="68" pin="0"/><net_sink comp="552" pin=0"/></net>

<net id="558"><net_src comp="126" pin="0"/><net_sink comp="552" pin=1"/></net>

<net id="564"><net_src comp="68" pin="0"/><net_sink comp="559" pin=0"/></net>

<net id="565"><net_src comp="126" pin="0"/><net_sink comp="559" pin=1"/></net>

<net id="571"><net_src comp="70" pin="0"/><net_sink comp="566" pin=0"/></net>

<net id="572"><net_src comp="126" pin="0"/><net_sink comp="566" pin=1"/></net>

<net id="578"><net_src comp="70" pin="0"/><net_sink comp="573" pin=0"/></net>

<net id="579"><net_src comp="126" pin="0"/><net_sink comp="573" pin=1"/></net>

<net id="585"><net_src comp="72" pin="0"/><net_sink comp="580" pin=0"/></net>

<net id="586"><net_src comp="126" pin="0"/><net_sink comp="580" pin=1"/></net>

<net id="592"><net_src comp="72" pin="0"/><net_sink comp="587" pin=0"/></net>

<net id="593"><net_src comp="126" pin="0"/><net_sink comp="587" pin=1"/></net>

<net id="599"><net_src comp="74" pin="0"/><net_sink comp="594" pin=0"/></net>

<net id="600"><net_src comp="126" pin="0"/><net_sink comp="594" pin=1"/></net>

<net id="606"><net_src comp="74" pin="0"/><net_sink comp="601" pin=0"/></net>

<net id="607"><net_src comp="126" pin="0"/><net_sink comp="601" pin=1"/></net>

<net id="613"><net_src comp="76" pin="0"/><net_sink comp="608" pin=0"/></net>

<net id="614"><net_src comp="126" pin="0"/><net_sink comp="608" pin=1"/></net>

<net id="620"><net_src comp="76" pin="0"/><net_sink comp="615" pin=0"/></net>

<net id="621"><net_src comp="126" pin="0"/><net_sink comp="615" pin=1"/></net>

<net id="631"><net_src comp="468" pin="3"/><net_sink comp="622" pin=2"/></net>

<net id="641"><net_src comp="482" pin="3"/><net_sink comp="632" pin=2"/></net>

<net id="651"><net_src comp="496" pin="3"/><net_sink comp="642" pin=2"/></net>

<net id="661"><net_src comp="510" pin="3"/><net_sink comp="652" pin=2"/></net>

<net id="671"><net_src comp="524" pin="3"/><net_sink comp="662" pin=2"/></net>

<net id="681"><net_src comp="538" pin="3"/><net_sink comp="672" pin=2"/></net>

<net id="691"><net_src comp="552" pin="3"/><net_sink comp="682" pin=2"/></net>

<net id="701"><net_src comp="566" pin="3"/><net_sink comp="692" pin=2"/></net>

<net id="711"><net_src comp="580" pin="3"/><net_sink comp="702" pin=2"/></net>

<net id="721"><net_src comp="594" pin="3"/><net_sink comp="712" pin=2"/></net>

<net id="731"><net_src comp="608" pin="3"/><net_sink comp="722" pin=2"/></net>

<net id="732"><net_src comp="475" pin="3"/><net_sink comp="622" pin=0"/></net>

<net id="733"><net_src comp="489" pin="3"/><net_sink comp="632" pin=0"/></net>

<net id="734"><net_src comp="503" pin="3"/><net_sink comp="642" pin=0"/></net>

<net id="735"><net_src comp="517" pin="3"/><net_sink comp="652" pin=0"/></net>

<net id="736"><net_src comp="531" pin="3"/><net_sink comp="662" pin=0"/></net>

<net id="737"><net_src comp="545" pin="3"/><net_sink comp="672" pin=0"/></net>

<net id="738"><net_src comp="559" pin="3"/><net_sink comp="682" pin=0"/></net>

<net id="739"><net_src comp="573" pin="3"/><net_sink comp="692" pin=0"/></net>

<net id="740"><net_src comp="587" pin="3"/><net_sink comp="702" pin=0"/></net>

<net id="741"><net_src comp="601" pin="3"/><net_sink comp="712" pin=0"/></net>

<net id="742"><net_src comp="615" pin="3"/><net_sink comp="722" pin=0"/></net>

<net id="748"><net_src comp="36" pin="0"/><net_sink comp="743" pin=0"/></net>

<net id="749"><net_src comp="126" pin="0"/><net_sink comp="743" pin=1"/></net>

<net id="755"><net_src comp="36" pin="0"/><net_sink comp="750" pin=0"/></net>

<net id="756"><net_src comp="126" pin="0"/><net_sink comp="750" pin=1"/></net>

<net id="762"><net_src comp="58" pin="0"/><net_sink comp="757" pin=0"/></net>

<net id="763"><net_src comp="126" pin="0"/><net_sink comp="757" pin=1"/></net>

<net id="769"><net_src comp="58" pin="0"/><net_sink comp="764" pin=0"/></net>

<net id="770"><net_src comp="126" pin="0"/><net_sink comp="764" pin=1"/></net>

<net id="776"><net_src comp="60" pin="0"/><net_sink comp="771" pin=0"/></net>

<net id="777"><net_src comp="126" pin="0"/><net_sink comp="771" pin=1"/></net>

<net id="783"><net_src comp="60" pin="0"/><net_sink comp="778" pin=0"/></net>

<net id="784"><net_src comp="126" pin="0"/><net_sink comp="778" pin=1"/></net>

<net id="790"><net_src comp="62" pin="0"/><net_sink comp="785" pin=0"/></net>

<net id="791"><net_src comp="126" pin="0"/><net_sink comp="785" pin=1"/></net>

<net id="797"><net_src comp="62" pin="0"/><net_sink comp="792" pin=0"/></net>

<net id="798"><net_src comp="126" pin="0"/><net_sink comp="792" pin=1"/></net>

<net id="804"><net_src comp="64" pin="0"/><net_sink comp="799" pin=0"/></net>

<net id="805"><net_src comp="126" pin="0"/><net_sink comp="799" pin=1"/></net>

<net id="811"><net_src comp="64" pin="0"/><net_sink comp="806" pin=0"/></net>

<net id="812"><net_src comp="126" pin="0"/><net_sink comp="806" pin=1"/></net>

<net id="818"><net_src comp="66" pin="0"/><net_sink comp="813" pin=0"/></net>

<net id="819"><net_src comp="126" pin="0"/><net_sink comp="813" pin=1"/></net>

<net id="825"><net_src comp="66" pin="0"/><net_sink comp="820" pin=0"/></net>

<net id="826"><net_src comp="126" pin="0"/><net_sink comp="820" pin=1"/></net>

<net id="832"><net_src comp="68" pin="0"/><net_sink comp="827" pin=0"/></net>

<net id="833"><net_src comp="126" pin="0"/><net_sink comp="827" pin=1"/></net>

<net id="839"><net_src comp="68" pin="0"/><net_sink comp="834" pin=0"/></net>

<net id="840"><net_src comp="126" pin="0"/><net_sink comp="834" pin=1"/></net>

<net id="846"><net_src comp="70" pin="0"/><net_sink comp="841" pin=0"/></net>

<net id="847"><net_src comp="126" pin="0"/><net_sink comp="841" pin=1"/></net>

<net id="853"><net_src comp="70" pin="0"/><net_sink comp="848" pin=0"/></net>

<net id="854"><net_src comp="126" pin="0"/><net_sink comp="848" pin=1"/></net>

<net id="860"><net_src comp="72" pin="0"/><net_sink comp="855" pin=0"/></net>

<net id="861"><net_src comp="126" pin="0"/><net_sink comp="855" pin=1"/></net>

<net id="867"><net_src comp="72" pin="0"/><net_sink comp="862" pin=0"/></net>

<net id="868"><net_src comp="126" pin="0"/><net_sink comp="862" pin=1"/></net>

<net id="874"><net_src comp="74" pin="0"/><net_sink comp="869" pin=0"/></net>

<net id="875"><net_src comp="126" pin="0"/><net_sink comp="869" pin=1"/></net>

<net id="881"><net_src comp="74" pin="0"/><net_sink comp="876" pin=0"/></net>

<net id="882"><net_src comp="126" pin="0"/><net_sink comp="876" pin=1"/></net>

<net id="888"><net_src comp="76" pin="0"/><net_sink comp="883" pin=0"/></net>

<net id="889"><net_src comp="126" pin="0"/><net_sink comp="883" pin=1"/></net>

<net id="895"><net_src comp="76" pin="0"/><net_sink comp="890" pin=0"/></net>

<net id="896"><net_src comp="126" pin="0"/><net_sink comp="890" pin=1"/></net>

<net id="897"><net_src comp="743" pin="3"/><net_sink comp="622" pin=2"/></net>

<net id="898"><net_src comp="757" pin="3"/><net_sink comp="632" pin=2"/></net>

<net id="899"><net_src comp="771" pin="3"/><net_sink comp="642" pin=2"/></net>

<net id="900"><net_src comp="785" pin="3"/><net_sink comp="652" pin=2"/></net>

<net id="901"><net_src comp="799" pin="3"/><net_sink comp="662" pin=2"/></net>

<net id="902"><net_src comp="813" pin="3"/><net_sink comp="672" pin=2"/></net>

<net id="903"><net_src comp="827" pin="3"/><net_sink comp="682" pin=2"/></net>

<net id="904"><net_src comp="841" pin="3"/><net_sink comp="692" pin=2"/></net>

<net id="905"><net_src comp="855" pin="3"/><net_sink comp="702" pin=2"/></net>

<net id="906"><net_src comp="869" pin="3"/><net_sink comp="712" pin=2"/></net>

<net id="907"><net_src comp="883" pin="3"/><net_sink comp="722" pin=2"/></net>

<net id="908"><net_src comp="750" pin="3"/><net_sink comp="622" pin=0"/></net>

<net id="909"><net_src comp="764" pin="3"/><net_sink comp="632" pin=0"/></net>

<net id="910"><net_src comp="778" pin="3"/><net_sink comp="642" pin=0"/></net>

<net id="911"><net_src comp="792" pin="3"/><net_sink comp="652" pin=0"/></net>

<net id="912"><net_src comp="806" pin="3"/><net_sink comp="662" pin=0"/></net>

<net id="913"><net_src comp="820" pin="3"/><net_sink comp="672" pin=0"/></net>

<net id="914"><net_src comp="834" pin="3"/><net_sink comp="682" pin=0"/></net>

<net id="915"><net_src comp="848" pin="3"/><net_sink comp="692" pin=0"/></net>

<net id="916"><net_src comp="862" pin="3"/><net_sink comp="702" pin=0"/></net>

<net id="917"><net_src comp="876" pin="3"/><net_sink comp="712" pin=0"/></net>

<net id="918"><net_src comp="890" pin="3"/><net_sink comp="722" pin=0"/></net>

<net id="924"><net_src comp="36" pin="0"/><net_sink comp="919" pin=0"/></net>

<net id="925"><net_src comp="126" pin="0"/><net_sink comp="919" pin=1"/></net>

<net id="931"><net_src comp="36" pin="0"/><net_sink comp="926" pin=0"/></net>

<net id="932"><net_src comp="126" pin="0"/><net_sink comp="926" pin=1"/></net>

<net id="938"><net_src comp="58" pin="0"/><net_sink comp="933" pin=0"/></net>

<net id="939"><net_src comp="126" pin="0"/><net_sink comp="933" pin=1"/></net>

<net id="945"><net_src comp="58" pin="0"/><net_sink comp="940" pin=0"/></net>

<net id="946"><net_src comp="126" pin="0"/><net_sink comp="940" pin=1"/></net>

<net id="952"><net_src comp="60" pin="0"/><net_sink comp="947" pin=0"/></net>

<net id="953"><net_src comp="126" pin="0"/><net_sink comp="947" pin=1"/></net>

<net id="959"><net_src comp="60" pin="0"/><net_sink comp="954" pin=0"/></net>

<net id="960"><net_src comp="126" pin="0"/><net_sink comp="954" pin=1"/></net>

<net id="966"><net_src comp="62" pin="0"/><net_sink comp="961" pin=0"/></net>

<net id="967"><net_src comp="126" pin="0"/><net_sink comp="961" pin=1"/></net>

<net id="973"><net_src comp="62" pin="0"/><net_sink comp="968" pin=0"/></net>

<net id="974"><net_src comp="126" pin="0"/><net_sink comp="968" pin=1"/></net>

<net id="980"><net_src comp="64" pin="0"/><net_sink comp="975" pin=0"/></net>

<net id="981"><net_src comp="126" pin="0"/><net_sink comp="975" pin=1"/></net>

<net id="987"><net_src comp="64" pin="0"/><net_sink comp="982" pin=0"/></net>

<net id="988"><net_src comp="126" pin="0"/><net_sink comp="982" pin=1"/></net>

<net id="994"><net_src comp="66" pin="0"/><net_sink comp="989" pin=0"/></net>

<net id="995"><net_src comp="126" pin="0"/><net_sink comp="989" pin=1"/></net>

<net id="1001"><net_src comp="66" pin="0"/><net_sink comp="996" pin=0"/></net>

<net id="1002"><net_src comp="126" pin="0"/><net_sink comp="996" pin=1"/></net>

<net id="1008"><net_src comp="68" pin="0"/><net_sink comp="1003" pin=0"/></net>

<net id="1009"><net_src comp="126" pin="0"/><net_sink comp="1003" pin=1"/></net>

<net id="1015"><net_src comp="68" pin="0"/><net_sink comp="1010" pin=0"/></net>

<net id="1016"><net_src comp="126" pin="0"/><net_sink comp="1010" pin=1"/></net>

<net id="1022"><net_src comp="70" pin="0"/><net_sink comp="1017" pin=0"/></net>

<net id="1023"><net_src comp="126" pin="0"/><net_sink comp="1017" pin=1"/></net>

<net id="1029"><net_src comp="70" pin="0"/><net_sink comp="1024" pin=0"/></net>

<net id="1030"><net_src comp="126" pin="0"/><net_sink comp="1024" pin=1"/></net>

<net id="1036"><net_src comp="72" pin="0"/><net_sink comp="1031" pin=0"/></net>

<net id="1037"><net_src comp="126" pin="0"/><net_sink comp="1031" pin=1"/></net>

<net id="1043"><net_src comp="72" pin="0"/><net_sink comp="1038" pin=0"/></net>

<net id="1044"><net_src comp="126" pin="0"/><net_sink comp="1038" pin=1"/></net>

<net id="1050"><net_src comp="74" pin="0"/><net_sink comp="1045" pin=0"/></net>

<net id="1051"><net_src comp="126" pin="0"/><net_sink comp="1045" pin=1"/></net>

<net id="1057"><net_src comp="74" pin="0"/><net_sink comp="1052" pin=0"/></net>

<net id="1058"><net_src comp="126" pin="0"/><net_sink comp="1052" pin=1"/></net>

<net id="1064"><net_src comp="76" pin="0"/><net_sink comp="1059" pin=0"/></net>

<net id="1065"><net_src comp="126" pin="0"/><net_sink comp="1059" pin=1"/></net>

<net id="1071"><net_src comp="76" pin="0"/><net_sink comp="1066" pin=0"/></net>

<net id="1072"><net_src comp="126" pin="0"/><net_sink comp="1066" pin=1"/></net>

<net id="1073"><net_src comp="919" pin="3"/><net_sink comp="622" pin=2"/></net>

<net id="1074"><net_src comp="933" pin="3"/><net_sink comp="632" pin=2"/></net>

<net id="1075"><net_src comp="947" pin="3"/><net_sink comp="642" pin=2"/></net>

<net id="1076"><net_src comp="961" pin="3"/><net_sink comp="652" pin=2"/></net>

<net id="1077"><net_src comp="975" pin="3"/><net_sink comp="662" pin=2"/></net>

<net id="1078"><net_src comp="989" pin="3"/><net_sink comp="672" pin=2"/></net>

<net id="1079"><net_src comp="1003" pin="3"/><net_sink comp="682" pin=2"/></net>

<net id="1080"><net_src comp="1017" pin="3"/><net_sink comp="692" pin=2"/></net>

<net id="1081"><net_src comp="1031" pin="3"/><net_sink comp="702" pin=2"/></net>

<net id="1082"><net_src comp="1045" pin="3"/><net_sink comp="712" pin=2"/></net>

<net id="1083"><net_src comp="1059" pin="3"/><net_sink comp="722" pin=2"/></net>

<net id="1084"><net_src comp="926" pin="3"/><net_sink comp="622" pin=0"/></net>

<net id="1085"><net_src comp="940" pin="3"/><net_sink comp="632" pin=0"/></net>

<net id="1086"><net_src comp="954" pin="3"/><net_sink comp="642" pin=0"/></net>

<net id="1087"><net_src comp="968" pin="3"/><net_sink comp="652" pin=0"/></net>

<net id="1088"><net_src comp="982" pin="3"/><net_sink comp="662" pin=0"/></net>

<net id="1089"><net_src comp="996" pin="3"/><net_sink comp="672" pin=0"/></net>

<net id="1090"><net_src comp="1010" pin="3"/><net_sink comp="682" pin=0"/></net>

<net id="1091"><net_src comp="1024" pin="3"/><net_sink comp="692" pin=0"/></net>

<net id="1092"><net_src comp="1038" pin="3"/><net_sink comp="702" pin=0"/></net>

<net id="1093"><net_src comp="1052" pin="3"/><net_sink comp="712" pin=0"/></net>

<net id="1094"><net_src comp="1066" pin="3"/><net_sink comp="722" pin=0"/></net>

<net id="1100"><net_src comp="36" pin="0"/><net_sink comp="1095" pin=0"/></net>

<net id="1101"><net_src comp="126" pin="0"/><net_sink comp="1095" pin=1"/></net>

<net id="1107"><net_src comp="36" pin="0"/><net_sink comp="1102" pin=0"/></net>

<net id="1108"><net_src comp="126" pin="0"/><net_sink comp="1102" pin=1"/></net>

<net id="1114"><net_src comp="58" pin="0"/><net_sink comp="1109" pin=0"/></net>

<net id="1115"><net_src comp="126" pin="0"/><net_sink comp="1109" pin=1"/></net>

<net id="1121"><net_src comp="58" pin="0"/><net_sink comp="1116" pin=0"/></net>

<net id="1122"><net_src comp="126" pin="0"/><net_sink comp="1116" pin=1"/></net>

<net id="1128"><net_src comp="60" pin="0"/><net_sink comp="1123" pin=0"/></net>

<net id="1129"><net_src comp="126" pin="0"/><net_sink comp="1123" pin=1"/></net>

<net id="1135"><net_src comp="60" pin="0"/><net_sink comp="1130" pin=0"/></net>

<net id="1136"><net_src comp="126" pin="0"/><net_sink comp="1130" pin=1"/></net>

<net id="1142"><net_src comp="62" pin="0"/><net_sink comp="1137" pin=0"/></net>

<net id="1143"><net_src comp="126" pin="0"/><net_sink comp="1137" pin=1"/></net>

<net id="1149"><net_src comp="62" pin="0"/><net_sink comp="1144" pin=0"/></net>

<net id="1150"><net_src comp="126" pin="0"/><net_sink comp="1144" pin=1"/></net>

<net id="1156"><net_src comp="64" pin="0"/><net_sink comp="1151" pin=0"/></net>

<net id="1157"><net_src comp="126" pin="0"/><net_sink comp="1151" pin=1"/></net>

<net id="1163"><net_src comp="64" pin="0"/><net_sink comp="1158" pin=0"/></net>

<net id="1164"><net_src comp="126" pin="0"/><net_sink comp="1158" pin=1"/></net>

<net id="1170"><net_src comp="66" pin="0"/><net_sink comp="1165" pin=0"/></net>

<net id="1171"><net_src comp="126" pin="0"/><net_sink comp="1165" pin=1"/></net>

<net id="1177"><net_src comp="66" pin="0"/><net_sink comp="1172" pin=0"/></net>

<net id="1178"><net_src comp="126" pin="0"/><net_sink comp="1172" pin=1"/></net>

<net id="1184"><net_src comp="68" pin="0"/><net_sink comp="1179" pin=0"/></net>

<net id="1185"><net_src comp="126" pin="0"/><net_sink comp="1179" pin=1"/></net>

<net id="1191"><net_src comp="68" pin="0"/><net_sink comp="1186" pin=0"/></net>

<net id="1192"><net_src comp="126" pin="0"/><net_sink comp="1186" pin=1"/></net>

<net id="1198"><net_src comp="70" pin="0"/><net_sink comp="1193" pin=0"/></net>

<net id="1199"><net_src comp="126" pin="0"/><net_sink comp="1193" pin=1"/></net>

<net id="1205"><net_src comp="70" pin="0"/><net_sink comp="1200" pin=0"/></net>

<net id="1206"><net_src comp="126" pin="0"/><net_sink comp="1200" pin=1"/></net>

<net id="1212"><net_src comp="72" pin="0"/><net_sink comp="1207" pin=0"/></net>

<net id="1213"><net_src comp="126" pin="0"/><net_sink comp="1207" pin=1"/></net>

<net id="1219"><net_src comp="72" pin="0"/><net_sink comp="1214" pin=0"/></net>

<net id="1220"><net_src comp="126" pin="0"/><net_sink comp="1214" pin=1"/></net>

<net id="1226"><net_src comp="74" pin="0"/><net_sink comp="1221" pin=0"/></net>

<net id="1227"><net_src comp="126" pin="0"/><net_sink comp="1221" pin=1"/></net>

<net id="1233"><net_src comp="74" pin="0"/><net_sink comp="1228" pin=0"/></net>

<net id="1234"><net_src comp="126" pin="0"/><net_sink comp="1228" pin=1"/></net>

<net id="1240"><net_src comp="76" pin="0"/><net_sink comp="1235" pin=0"/></net>

<net id="1241"><net_src comp="126" pin="0"/><net_sink comp="1235" pin=1"/></net>

<net id="1247"><net_src comp="76" pin="0"/><net_sink comp="1242" pin=0"/></net>

<net id="1248"><net_src comp="126" pin="0"/><net_sink comp="1242" pin=1"/></net>

<net id="1249"><net_src comp="1095" pin="3"/><net_sink comp="622" pin=2"/></net>

<net id="1250"><net_src comp="1109" pin="3"/><net_sink comp="632" pin=2"/></net>

<net id="1251"><net_src comp="1123" pin="3"/><net_sink comp="642" pin=2"/></net>

<net id="1252"><net_src comp="1137" pin="3"/><net_sink comp="652" pin=2"/></net>

<net id="1253"><net_src comp="1151" pin="3"/><net_sink comp="662" pin=2"/></net>

<net id="1254"><net_src comp="1165" pin="3"/><net_sink comp="672" pin=2"/></net>

<net id="1255"><net_src comp="1179" pin="3"/><net_sink comp="682" pin=2"/></net>

<net id="1256"><net_src comp="1193" pin="3"/><net_sink comp="692" pin=2"/></net>

<net id="1257"><net_src comp="1207" pin="3"/><net_sink comp="702" pin=2"/></net>

<net id="1258"><net_src comp="1221" pin="3"/><net_sink comp="712" pin=2"/></net>

<net id="1259"><net_src comp="1235" pin="3"/><net_sink comp="722" pin=2"/></net>

<net id="1260"><net_src comp="1102" pin="3"/><net_sink comp="622" pin=0"/></net>

<net id="1261"><net_src comp="1116" pin="3"/><net_sink comp="632" pin=0"/></net>

<net id="1262"><net_src comp="1130" pin="3"/><net_sink comp="642" pin=0"/></net>

<net id="1263"><net_src comp="1144" pin="3"/><net_sink comp="652" pin=0"/></net>

<net id="1264"><net_src comp="1158" pin="3"/><net_sink comp="662" pin=0"/></net>

<net id="1265"><net_src comp="1172" pin="3"/><net_sink comp="672" pin=0"/></net>

<net id="1266"><net_src comp="1186" pin="3"/><net_sink comp="682" pin=0"/></net>

<net id="1267"><net_src comp="1200" pin="3"/><net_sink comp="692" pin=0"/></net>

<net id="1268"><net_src comp="1214" pin="3"/><net_sink comp="702" pin=0"/></net>

<net id="1269"><net_src comp="1228" pin="3"/><net_sink comp="712" pin=0"/></net>

<net id="1270"><net_src comp="1242" pin="3"/><net_sink comp="722" pin=0"/></net>

<net id="1276"><net_src comp="36" pin="0"/><net_sink comp="1271" pin=0"/></net>

<net id="1277"><net_src comp="126" pin="0"/><net_sink comp="1271" pin=1"/></net>

<net id="1283"><net_src comp="36" pin="0"/><net_sink comp="1278" pin=0"/></net>

<net id="1284"><net_src comp="126" pin="0"/><net_sink comp="1278" pin=1"/></net>

<net id="1290"><net_src comp="58" pin="0"/><net_sink comp="1285" pin=0"/></net>

<net id="1291"><net_src comp="126" pin="0"/><net_sink comp="1285" pin=1"/></net>

<net id="1297"><net_src comp="58" pin="0"/><net_sink comp="1292" pin=0"/></net>

<net id="1298"><net_src comp="126" pin="0"/><net_sink comp="1292" pin=1"/></net>

<net id="1304"><net_src comp="60" pin="0"/><net_sink comp="1299" pin=0"/></net>

<net id="1305"><net_src comp="126" pin="0"/><net_sink comp="1299" pin=1"/></net>

<net id="1311"><net_src comp="60" pin="0"/><net_sink comp="1306" pin=0"/></net>

<net id="1312"><net_src comp="126" pin="0"/><net_sink comp="1306" pin=1"/></net>

<net id="1318"><net_src comp="62" pin="0"/><net_sink comp="1313" pin=0"/></net>

<net id="1319"><net_src comp="126" pin="0"/><net_sink comp="1313" pin=1"/></net>

<net id="1325"><net_src comp="62" pin="0"/><net_sink comp="1320" pin=0"/></net>

<net id="1326"><net_src comp="126" pin="0"/><net_sink comp="1320" pin=1"/></net>

<net id="1332"><net_src comp="64" pin="0"/><net_sink comp="1327" pin=0"/></net>

<net id="1333"><net_src comp="126" pin="0"/><net_sink comp="1327" pin=1"/></net>

<net id="1339"><net_src comp="64" pin="0"/><net_sink comp="1334" pin=0"/></net>

<net id="1340"><net_src comp="126" pin="0"/><net_sink comp="1334" pin=1"/></net>

<net id="1346"><net_src comp="66" pin="0"/><net_sink comp="1341" pin=0"/></net>

<net id="1347"><net_src comp="126" pin="0"/><net_sink comp="1341" pin=1"/></net>

<net id="1353"><net_src comp="66" pin="0"/><net_sink comp="1348" pin=0"/></net>

<net id="1354"><net_src comp="126" pin="0"/><net_sink comp="1348" pin=1"/></net>

<net id="1360"><net_src comp="68" pin="0"/><net_sink comp="1355" pin=0"/></net>

<net id="1361"><net_src comp="126" pin="0"/><net_sink comp="1355" pin=1"/></net>

<net id="1367"><net_src comp="68" pin="0"/><net_sink comp="1362" pin=0"/></net>

<net id="1368"><net_src comp="126" pin="0"/><net_sink comp="1362" pin=1"/></net>

<net id="1374"><net_src comp="70" pin="0"/><net_sink comp="1369" pin=0"/></net>

<net id="1375"><net_src comp="126" pin="0"/><net_sink comp="1369" pin=1"/></net>

<net id="1381"><net_src comp="70" pin="0"/><net_sink comp="1376" pin=0"/></net>

<net id="1382"><net_src comp="126" pin="0"/><net_sink comp="1376" pin=1"/></net>

<net id="1388"><net_src comp="72" pin="0"/><net_sink comp="1383" pin=0"/></net>

<net id="1389"><net_src comp="126" pin="0"/><net_sink comp="1383" pin=1"/></net>

<net id="1395"><net_src comp="72" pin="0"/><net_sink comp="1390" pin=0"/></net>

<net id="1396"><net_src comp="126" pin="0"/><net_sink comp="1390" pin=1"/></net>

<net id="1402"><net_src comp="74" pin="0"/><net_sink comp="1397" pin=0"/></net>

<net id="1403"><net_src comp="126" pin="0"/><net_sink comp="1397" pin=1"/></net>

<net id="1409"><net_src comp="74" pin="0"/><net_sink comp="1404" pin=0"/></net>

<net id="1410"><net_src comp="126" pin="0"/><net_sink comp="1404" pin=1"/></net>

<net id="1416"><net_src comp="76" pin="0"/><net_sink comp="1411" pin=0"/></net>

<net id="1417"><net_src comp="126" pin="0"/><net_sink comp="1411" pin=1"/></net>

<net id="1423"><net_src comp="76" pin="0"/><net_sink comp="1418" pin=0"/></net>

<net id="1424"><net_src comp="126" pin="0"/><net_sink comp="1418" pin=1"/></net>

<net id="1425"><net_src comp="1271" pin="3"/><net_sink comp="622" pin=2"/></net>

<net id="1426"><net_src comp="1285" pin="3"/><net_sink comp="632" pin=2"/></net>

<net id="1427"><net_src comp="1299" pin="3"/><net_sink comp="642" pin=2"/></net>

<net id="1428"><net_src comp="1313" pin="3"/><net_sink comp="652" pin=2"/></net>

<net id="1429"><net_src comp="1327" pin="3"/><net_sink comp="662" pin=2"/></net>

<net id="1430"><net_src comp="1341" pin="3"/><net_sink comp="672" pin=2"/></net>

<net id="1431"><net_src comp="1355" pin="3"/><net_sink comp="682" pin=2"/></net>

<net id="1432"><net_src comp="1369" pin="3"/><net_sink comp="692" pin=2"/></net>

<net id="1433"><net_src comp="1383" pin="3"/><net_sink comp="702" pin=2"/></net>

<net id="1434"><net_src comp="1397" pin="3"/><net_sink comp="712" pin=2"/></net>

<net id="1435"><net_src comp="1411" pin="3"/><net_sink comp="722" pin=2"/></net>

<net id="1436"><net_src comp="1278" pin="3"/><net_sink comp="622" pin=0"/></net>

<net id="1437"><net_src comp="1292" pin="3"/><net_sink comp="632" pin=0"/></net>

<net id="1438"><net_src comp="1306" pin="3"/><net_sink comp="642" pin=0"/></net>

<net id="1439"><net_src comp="1320" pin="3"/><net_sink comp="652" pin=0"/></net>

<net id="1440"><net_src comp="1334" pin="3"/><net_sink comp="662" pin=0"/></net>

<net id="1441"><net_src comp="1348" pin="3"/><net_sink comp="672" pin=0"/></net>

<net id="1442"><net_src comp="1362" pin="3"/><net_sink comp="682" pin=0"/></net>

<net id="1443"><net_src comp="1376" pin="3"/><net_sink comp="692" pin=0"/></net>

<net id="1444"><net_src comp="1390" pin="3"/><net_sink comp="702" pin=0"/></net>

<net id="1445"><net_src comp="1404" pin="3"/><net_sink comp="712" pin=0"/></net>

<net id="1446"><net_src comp="1418" pin="3"/><net_sink comp="722" pin=0"/></net>

<net id="1452"><net_src comp="36" pin="0"/><net_sink comp="1447" pin=0"/></net>

<net id="1453"><net_src comp="126" pin="0"/><net_sink comp="1447" pin=1"/></net>

<net id="1459"><net_src comp="58" pin="0"/><net_sink comp="1454" pin=0"/></net>

<net id="1460"><net_src comp="126" pin="0"/><net_sink comp="1454" pin=1"/></net>

<net id="1466"><net_src comp="60" pin="0"/><net_sink comp="1461" pin=0"/></net>

<net id="1467"><net_src comp="126" pin="0"/><net_sink comp="1461" pin=1"/></net>

<net id="1473"><net_src comp="62" pin="0"/><net_sink comp="1468" pin=0"/></net>

<net id="1474"><net_src comp="126" pin="0"/><net_sink comp="1468" pin=1"/></net>

<net id="1480"><net_src comp="64" pin="0"/><net_sink comp="1475" pin=0"/></net>

<net id="1481"><net_src comp="126" pin="0"/><net_sink comp="1475" pin=1"/></net>

<net id="1487"><net_src comp="66" pin="0"/><net_sink comp="1482" pin=0"/></net>

<net id="1488"><net_src comp="126" pin="0"/><net_sink comp="1482" pin=1"/></net>

<net id="1494"><net_src comp="68" pin="0"/><net_sink comp="1489" pin=0"/></net>

<net id="1495"><net_src comp="126" pin="0"/><net_sink comp="1489" pin=1"/></net>

<net id="1501"><net_src comp="70" pin="0"/><net_sink comp="1496" pin=0"/></net>

<net id="1502"><net_src comp="126" pin="0"/><net_sink comp="1496" pin=1"/></net>

<net id="1508"><net_src comp="72" pin="0"/><net_sink comp="1503" pin=0"/></net>

<net id="1509"><net_src comp="126" pin="0"/><net_sink comp="1503" pin=1"/></net>

<net id="1515"><net_src comp="74" pin="0"/><net_sink comp="1510" pin=0"/></net>

<net id="1516"><net_src comp="126" pin="0"/><net_sink comp="1510" pin=1"/></net>

<net id="1522"><net_src comp="76" pin="0"/><net_sink comp="1517" pin=0"/></net>

<net id="1523"><net_src comp="126" pin="0"/><net_sink comp="1517" pin=1"/></net>

<net id="1524"><net_src comp="1447" pin="3"/><net_sink comp="622" pin=0"/></net>

<net id="1525"><net_src comp="1454" pin="3"/><net_sink comp="632" pin=0"/></net>

<net id="1526"><net_src comp="1461" pin="3"/><net_sink comp="642" pin=0"/></net>

<net id="1527"><net_src comp="1468" pin="3"/><net_sink comp="652" pin=0"/></net>

<net id="1528"><net_src comp="1475" pin="3"/><net_sink comp="662" pin=0"/></net>

<net id="1529"><net_src comp="1482" pin="3"/><net_sink comp="672" pin=0"/></net>

<net id="1530"><net_src comp="1489" pin="3"/><net_sink comp="682" pin=0"/></net>

<net id="1531"><net_src comp="1496" pin="3"/><net_sink comp="692" pin=0"/></net>

<net id="1532"><net_src comp="1503" pin="3"/><net_sink comp="702" pin=0"/></net>

<net id="1533"><net_src comp="1510" pin="3"/><net_sink comp="712" pin=0"/></net>

<net id="1534"><net_src comp="1517" pin="3"/><net_sink comp="722" pin=0"/></net>

<net id="1551"><net_src comp="1544" pin="2"/><net_sink comp="1548" pin=0"/></net>

<net id="1552"><net_src comp="1548" pin="1"/><net_sink comp="1540" pin=1"/></net>

<net id="1556"><net_src comp="1544" pin="2"/><net_sink comp="1553" pin=0"/></net>

<net id="1557"><net_src comp="1553" pin="1"/><net_sink comp="1540" pin=1"/></net>

<net id="1561"><net_src comp="1540" pin="2"/><net_sink comp="1558" pin=0"/></net>

<net id="1562"><net_src comp="1558" pin="1"/><net_sink comp="1540" pin=0"/></net>

<net id="1566"><net_src comp="306" pin="2"/><net_sink comp="1563" pin=0"/></net>

<net id="1567"><net_src comp="1563" pin="1"/><net_sink comp="318" pin=2"/></net>

<net id="1571"><net_src comp="222" pin="2"/><net_sink comp="1568" pin=0"/></net>

<net id="1575"><net_src comp="228" pin="2"/><net_sink comp="1572" pin=0"/></net>

<net id="1579"><net_src comp="234" pin="2"/><net_sink comp="1576" pin=0"/></net>

<net id="1583"><net_src comp="240" pin="2"/><net_sink comp="1580" pin=0"/></net>

<net id="1587"><net_src comp="246" pin="2"/><net_sink comp="1584" pin=0"/></net>

<net id="1591"><net_src comp="252" pin="2"/><net_sink comp="1588" pin=0"/></net>

<net id="1595"><net_src comp="258" pin="2"/><net_sink comp="1592" pin=0"/></net>

<net id="1599"><net_src comp="264" pin="2"/><net_sink comp="1596" pin=0"/></net>

<net id="1603"><net_src comp="270" pin="2"/><net_sink comp="1600" pin=0"/></net>

<net id="1607"><net_src comp="276" pin="2"/><net_sink comp="1604" pin=0"/></net>

<net id="1611"><net_src comp="282" pin="2"/><net_sink comp="1608" pin=0"/></net>

<net id="1616"><net_src comp="124" pin="0"/><net_sink comp="1612" pin=0"/></net>

<net id="1621"><net_src comp="312" pin="2"/><net_sink comp="1617" pin=0"/></net>

<net id="1629"><net_src comp="1622" pin="1"/><net_sink comp="1625" pin=0"/></net>

<net id="1630"><net_src comp="132" pin="0"/><net_sink comp="1625" pin=1"/></net>

<net id="1635"><net_src comp="1622" pin="1"/><net_sink comp="1631" pin=0"/></net>

<net id="1636"><net_src comp="138" pin="0"/><net_sink comp="1631" pin=1"/></net>

<net id="1640"><net_src comp="1622" pin="1"/><net_sink comp="1637" pin=0"/></net>

<net id="1645"><net_src comp="300" pin="2"/><net_sink comp="1641" pin=0"/></net>

<net id="1646"><net_src comp="1637" pin="1"/><net_sink comp="1641" pin=1"/></net>

<net id="1650"><net_src comp="1641" pin="2"/><net_sink comp="1647" pin=0"/></net>

<net id="1651"><net_src comp="1647" pin="1"/><net_sink comp="325" pin=2"/></net>

<net id="1652"><net_src comp="1647" pin="1"/><net_sink comp="332" pin=2"/></net>

<net id="1653"><net_src comp="1647" pin="1"/><net_sink comp="339" pin=2"/></net>

<net id="1654"><net_src comp="1647" pin="1"/><net_sink comp="346" pin=2"/></net>

<net id="1655"><net_src comp="1647" pin="1"/><net_sink comp="353" pin=2"/></net>

<net id="1656"><net_src comp="1647" pin="1"/><net_sink comp="360" pin=2"/></net>

<net id="1657"><net_src comp="1647" pin="1"/><net_sink comp="367" pin=2"/></net>

<net id="1658"><net_src comp="1647" pin="1"/><net_sink comp="374" pin=2"/></net>

<net id="1659"><net_src comp="1647" pin="1"/><net_sink comp="381" pin=2"/></net>

<net id="1660"><net_src comp="1647" pin="1"/><net_sink comp="388" pin=2"/></net>

<net id="1661"><net_src comp="1647" pin="1"/><net_sink comp="395" pin=2"/></net>

<net id="1665"><net_src comp="1622" pin="1"/><net_sink comp="1662" pin=0"/></net>

<net id="1670"><net_src comp="1662" pin="1"/><net_sink comp="1666" pin=0"/></net>

<net id="1671"><net_src comp="294" pin="2"/><net_sink comp="1666" pin=1"/></net>

<net id="1675"><net_src comp="1666" pin="2"/><net_sink comp="1672" pin=0"/></net>

<net id="1680"><net_src comp="288" pin="2"/><net_sink comp="1676" pin=0"/></net>

<net id="1681"><net_src comp="1672" pin="1"/><net_sink comp="1676" pin=1"/></net>

<net id="1685"><net_src comp="1676" pin="2"/><net_sink comp="1682" pin=0"/></net>

<net id="1690"><net_src comp="1631" pin="2"/><net_sink comp="1686" pin=0"/></net>

<net id="1691"><net_src comp="132" pin="0"/><net_sink comp="1686" pin=1"/></net>

<net id="1699"><net_src comp="1692" pin="2"/><net_sink comp="1696" pin=0"/></net>

<net id="1700"><net_src comp="1696" pin="1"/><net_sink comp="468" pin=2"/></net>

<net id="1701"><net_src comp="1696" pin="1"/><net_sink comp="482" pin=2"/></net>

<net id="1702"><net_src comp="1696" pin="1"/><net_sink comp="496" pin=2"/></net>

<net id="1703"><net_src comp="1696" pin="1"/><net_sink comp="510" pin=2"/></net>

<net id="1704"><net_src comp="1696" pin="1"/><net_sink comp="524" pin=2"/></net>

<net id="1705"><net_src comp="1696" pin="1"/><net_sink comp="538" pin=2"/></net>

<net id="1706"><net_src comp="1696" pin="1"/><net_sink comp="552" pin=2"/></net>

<net id="1707"><net_src comp="1696" pin="1"/><net_sink comp="566" pin=2"/></net>

<net id="1708"><net_src comp="1696" pin="1"/><net_sink comp="580" pin=2"/></net>

<net id="1709"><net_src comp="1696" pin="1"/><net_sink comp="594" pin=2"/></net>

<net id="1710"><net_src comp="1696" pin="1"/><net_sink comp="608" pin=2"/></net>

<net id="1718"><net_src comp="1711" pin="2"/><net_sink comp="1715" pin=0"/></net>

<net id="1719"><net_src comp="1715" pin="1"/><net_sink comp="475" pin=2"/></net>

<net id="1720"><net_src comp="1715" pin="1"/><net_sink comp="489" pin=2"/></net>

<net id="1721"><net_src comp="1715" pin="1"/><net_sink comp="503" pin=2"/></net>

<net id="1722"><net_src comp="1715" pin="1"/><net_sink comp="517" pin=2"/></net>

<net id="1723"><net_src comp="1715" pin="1"/><net_sink comp="531" pin=2"/></net>

<net id="1724"><net_src comp="1715" pin="1"/><net_sink comp="545" pin=2"/></net>

<net id="1725"><net_src comp="1715" pin="1"/><net_sink comp="559" pin=2"/></net>

<net id="1726"><net_src comp="1715" pin="1"/><net_sink comp="573" pin=2"/></net>

<net id="1727"><net_src comp="1715" pin="1"/><net_sink comp="587" pin=2"/></net>

<net id="1728"><net_src comp="1715" pin="1"/><net_sink comp="601" pin=2"/></net>

<net id="1729"><net_src comp="1715" pin="1"/><net_sink comp="615" pin=2"/></net>

<net id="1737"><net_src comp="1730" pin="2"/><net_sink comp="1734" pin=0"/></net>

<net id="1738"><net_src comp="1734" pin="1"/><net_sink comp="743" pin=2"/></net>

<net id="1739"><net_src comp="1734" pin="1"/><net_sink comp="757" pin=2"/></net>

<net id="1740"><net_src comp="1734" pin="1"/><net_sink comp="771" pin=2"/></net>

<net id="1741"><net_src comp="1734" pin="1"/><net_sink comp="785" pin=2"/></net>

<net id="1742"><net_src comp="1734" pin="1"/><net_sink comp="799" pin=2"/></net>

<net id="1743"><net_src comp="1734" pin="1"/><net_sink comp="813" pin=2"/></net>

<net id="1744"><net_src comp="1734" pin="1"/><net_sink comp="827" pin=2"/></net>

<net id="1745"><net_src comp="1734" pin="1"/><net_sink comp="841" pin=2"/></net>

<net id="1746"><net_src comp="1734" pin="1"/><net_sink comp="855" pin=2"/></net>

<net id="1747"><net_src comp="1734" pin="1"/><net_sink comp="869" pin=2"/></net>

<net id="1748"><net_src comp="1734" pin="1"/><net_sink comp="883" pin=2"/></net>

<net id="1756"><net_src comp="1749" pin="2"/><net_sink comp="1753" pin=0"/></net>

<net id="1757"><net_src comp="1753" pin="1"/><net_sink comp="750" pin=2"/></net>

<net id="1758"><net_src comp="1753" pin="1"/><net_sink comp="764" pin=2"/></net>

<net id="1759"><net_src comp="1753" pin="1"/><net_sink comp="778" pin=2"/></net>

<net id="1760"><net_src comp="1753" pin="1"/><net_sink comp="792" pin=2"/></net>

<net id="1761"><net_src comp="1753" pin="1"/><net_sink comp="806" pin=2"/></net>

<net id="1762"><net_src comp="1753" pin="1"/><net_sink comp="820" pin=2"/></net>

<net id="1763"><net_src comp="1753" pin="1"/><net_sink comp="834" pin=2"/></net>

<net id="1764"><net_src comp="1753" pin="1"/><net_sink comp="848" pin=2"/></net>

<net id="1765"><net_src comp="1753" pin="1"/><net_sink comp="862" pin=2"/></net>

<net id="1766"><net_src comp="1753" pin="1"/><net_sink comp="876" pin=2"/></net>

<net id="1767"><net_src comp="1753" pin="1"/><net_sink comp="890" pin=2"/></net>

<net id="1771"><net_src comp="622" pin="7"/><net_sink comp="1768" pin=0"/></net>

<net id="1775"><net_src comp="632" pin="7"/><net_sink comp="1772" pin=0"/></net>

<net id="1779"><net_src comp="642" pin="7"/><net_sink comp="1776" pin=0"/></net>

<net id="1783"><net_src comp="652" pin="7"/><net_sink comp="1780" pin=0"/></net>

<net id="1787"><net_src comp="662" pin="7"/><net_sink comp="1784" pin=0"/></net>

<net id="1791"><net_src comp="672" pin="7"/><net_sink comp="1788" pin=0"/></net>

<net id="1795"><net_src comp="682" pin="7"/><net_sink comp="1792" pin=0"/></net>

<net id="1799"><net_src comp="692" pin="7"/><net_sink comp="1796" pin=0"/></net>

<net id="1803"><net_src comp="702" pin="7"/><net_sink comp="1800" pin=0"/></net>

<net id="1807"><net_src comp="712" pin="7"/><net_sink comp="1804" pin=0"/></net>

<net id="1811"><net_src comp="722" pin="7"/><net_sink comp="1808" pin=0"/></net>

<net id="1827"><net_src comp="142" pin="0"/><net_sink comp="1812" pin=0"/></net>

<net id="1828"><net_src comp="1768" pin="1"/><net_sink comp="1812" pin=1"/></net>

<net id="1829"><net_src comp="1772" pin="1"/><net_sink comp="1812" pin=2"/></net>

<net id="1830"><net_src comp="1776" pin="1"/><net_sink comp="1812" pin=3"/></net>

<net id="1831"><net_src comp="1780" pin="1"/><net_sink comp="1812" pin=4"/></net>

<net id="1832"><net_src comp="1784" pin="1"/><net_sink comp="1812" pin=5"/></net>

<net id="1833"><net_src comp="1788" pin="1"/><net_sink comp="1812" pin=6"/></net>

<net id="1834"><net_src comp="1792" pin="1"/><net_sink comp="1812" pin=7"/></net>

<net id="1835"><net_src comp="1796" pin="1"/><net_sink comp="1812" pin=8"/></net>

<net id="1836"><net_src comp="1800" pin="1"/><net_sink comp="1812" pin=9"/></net>

<net id="1837"><net_src comp="1804" pin="1"/><net_sink comp="1812" pin=10"/></net>

<net id="1838"><net_src comp="1808" pin="1"/><net_sink comp="1812" pin=11"/></net>

<net id="1842"><net_src comp="622" pin="3"/><net_sink comp="1839" pin=0"/></net>

<net id="1846"><net_src comp="632" pin="3"/><net_sink comp="1843" pin=0"/></net>

<net id="1850"><net_src comp="642" pin="3"/><net_sink comp="1847" pin=0"/></net>

<net id="1854"><net_src comp="652" pin="3"/><net_sink comp="1851" pin=0"/></net>

<net id="1858"><net_src comp="662" pin="3"/><net_sink comp="1855" pin=0"/></net>

<net id="1862"><net_src comp="672" pin="3"/><net_sink comp="1859" pin=0"/></net>

<net id="1866"><net_src comp="682" pin="3"/><net_sink comp="1863" pin=0"/></net>

<net id="1870"><net_src comp="692" pin="3"/><net_sink comp="1867" pin=0"/></net>

<net id="1874"><net_src comp="702" pin="3"/><net_sink comp="1871" pin=0"/></net>

<net id="1878"><net_src comp="712" pin="3"/><net_sink comp="1875" pin=0"/></net>

<net id="1882"><net_src comp="722" pin="3"/><net_sink comp="1879" pin=0"/></net>

<net id="1898"><net_src comp="142" pin="0"/><net_sink comp="1883" pin=0"/></net>

<net id="1899"><net_src comp="1839" pin="1"/><net_sink comp="1883" pin=1"/></net>

<net id="1900"><net_src comp="1843" pin="1"/><net_sink comp="1883" pin=2"/></net>

<net id="1901"><net_src comp="1847" pin="1"/><net_sink comp="1883" pin=3"/></net>

<net id="1902"><net_src comp="1851" pin="1"/><net_sink comp="1883" pin=4"/></net>

<net id="1903"><net_src comp="1855" pin="1"/><net_sink comp="1883" pin=5"/></net>

<net id="1904"><net_src comp="1859" pin="1"/><net_sink comp="1883" pin=6"/></net>

<net id="1905"><net_src comp="1863" pin="1"/><net_sink comp="1883" pin=7"/></net>

<net id="1906"><net_src comp="1867" pin="1"/><net_sink comp="1883" pin=8"/></net>

<net id="1907"><net_src comp="1871" pin="1"/><net_sink comp="1883" pin=9"/></net>

<net id="1908"><net_src comp="1875" pin="1"/><net_sink comp="1883" pin=10"/></net>

<net id="1909"><net_src comp="1879" pin="1"/><net_sink comp="1883" pin=11"/></net>

<net id="1917"><net_src comp="1910" pin="2"/><net_sink comp="1914" pin=0"/></net>

<net id="1918"><net_src comp="1914" pin="1"/><net_sink comp="919" pin=2"/></net>

<net id="1919"><net_src comp="1914" pin="1"/><net_sink comp="933" pin=2"/></net>

<net id="1920"><net_src comp="1914" pin="1"/><net_sink comp="947" pin=2"/></net>

<net id="1921"><net_src comp="1914" pin="1"/><net_sink comp="961" pin=2"/></net>

<net id="1922"><net_src comp="1914" pin="1"/><net_sink comp="975" pin=2"/></net>

<net id="1923"><net_src comp="1914" pin="1"/><net_sink comp="989" pin=2"/></net>

<net id="1924"><net_src comp="1914" pin="1"/><net_sink comp="1003" pin=2"/></net>

<net id="1925"><net_src comp="1914" pin="1"/><net_sink comp="1017" pin=2"/></net>

<net id="1926"><net_src comp="1914" pin="1"/><net_sink comp="1031" pin=2"/></net>

<net id="1927"><net_src comp="1914" pin="1"/><net_sink comp="1045" pin=2"/></net>

<net id="1928"><net_src comp="1914" pin="1"/><net_sink comp="1059" pin=2"/></net>

<net id="1936"><net_src comp="1929" pin="2"/><net_sink comp="1933" pin=0"/></net>

<net id="1937"><net_src comp="1933" pin="1"/><net_sink comp="926" pin=2"/></net>

<net id="1938"><net_src comp="1933" pin="1"/><net_sink comp="940" pin=2"/></net>

<net id="1939"><net_src comp="1933" pin="1"/><net_sink comp="954" pin=2"/></net>

<net id="1940"><net_src comp="1933" pin="1"/><net_sink comp="968" pin=2"/></net>

<net id="1941"><net_src comp="1933" pin="1"/><net_sink comp="982" pin=2"/></net>

<net id="1942"><net_src comp="1933" pin="1"/><net_sink comp="996" pin=2"/></net>

<net id="1943"><net_src comp="1933" pin="1"/><net_sink comp="1010" pin=2"/></net>

<net id="1944"><net_src comp="1933" pin="1"/><net_sink comp="1024" pin=2"/></net>

<net id="1945"><net_src comp="1933" pin="1"/><net_sink comp="1038" pin=2"/></net>

<net id="1946"><net_src comp="1933" pin="1"/><net_sink comp="1052" pin=2"/></net>

<net id="1947"><net_src comp="1933" pin="1"/><net_sink comp="1066" pin=2"/></net>

<net id="1971"><net_src comp="1968" pin="1"/><net_sink comp="1544" pin=0"/></net>

<net id="1975"><net_src comp="622" pin="7"/><net_sink comp="1972" pin=0"/></net>

<net id="1979"><net_src comp="632" pin="7"/><net_sink comp="1976" pin=0"/></net>

<net id="1983"><net_src comp="642" pin="7"/><net_sink comp="1980" pin=0"/></net>

<net id="1987"><net_src comp="652" pin="7"/><net_sink comp="1984" pin=0"/></net>

<net id="1991"><net_src comp="662" pin="7"/><net_sink comp="1988" pin=0"/></net>

<net id="1995"><net_src comp="672" pin="7"/><net_sink comp="1992" pin=0"/></net>

<net id="1999"><net_src comp="682" pin="7"/><net_sink comp="1996" pin=0"/></net>

<net id="2003"><net_src comp="692" pin="7"/><net_sink comp="2000" pin=0"/></net>

<net id="2007"><net_src comp="702" pin="7"/><net_sink comp="2004" pin=0"/></net>

<net id="2011"><net_src comp="712" pin="7"/><net_sink comp="2008" pin=0"/></net>

<net id="2015"><net_src comp="722" pin="7"/><net_sink comp="2012" pin=0"/></net>

<net id="2031"><net_src comp="142" pin="0"/><net_sink comp="2016" pin=0"/></net>

<net id="2032"><net_src comp="1972" pin="1"/><net_sink comp="2016" pin=1"/></net>

<net id="2033"><net_src comp="1976" pin="1"/><net_sink comp="2016" pin=2"/></net>

<net id="2034"><net_src comp="1980" pin="1"/><net_sink comp="2016" pin=3"/></net>

<net id="2035"><net_src comp="1984" pin="1"/><net_sink comp="2016" pin=4"/></net>

<net id="2036"><net_src comp="1988" pin="1"/><net_sink comp="2016" pin=5"/></net>

<net id="2037"><net_src comp="1992" pin="1"/><net_sink comp="2016" pin=6"/></net>

<net id="2038"><net_src comp="1996" pin="1"/><net_sink comp="2016" pin=7"/></net>

<net id="2039"><net_src comp="2000" pin="1"/><net_sink comp="2016" pin=8"/></net>

<net id="2040"><net_src comp="2004" pin="1"/><net_sink comp="2016" pin=9"/></net>

<net id="2041"><net_src comp="2008" pin="1"/><net_sink comp="2016" pin=10"/></net>

<net id="2042"><net_src comp="2012" pin="1"/><net_sink comp="2016" pin=11"/></net>

<net id="2046"><net_src comp="622" pin="3"/><net_sink comp="2043" pin=0"/></net>

<net id="2050"><net_src comp="632" pin="3"/><net_sink comp="2047" pin=0"/></net>

<net id="2054"><net_src comp="642" pin="3"/><net_sink comp="2051" pin=0"/></net>

<net id="2058"><net_src comp="652" pin="3"/><net_sink comp="2055" pin=0"/></net>

<net id="2062"><net_src comp="662" pin="3"/><net_sink comp="2059" pin=0"/></net>

<net id="2066"><net_src comp="672" pin="3"/><net_sink comp="2063" pin=0"/></net>

<net id="2070"><net_src comp="682" pin="3"/><net_sink comp="2067" pin=0"/></net>

<net id="2074"><net_src comp="692" pin="3"/><net_sink comp="2071" pin=0"/></net>

<net id="2078"><net_src comp="702" pin="3"/><net_sink comp="2075" pin=0"/></net>

<net id="2082"><net_src comp="712" pin="3"/><net_sink comp="2079" pin=0"/></net>

<net id="2086"><net_src comp="722" pin="3"/><net_sink comp="2083" pin=0"/></net>

<net id="2102"><net_src comp="142" pin="0"/><net_sink comp="2087" pin=0"/></net>

<net id="2103"><net_src comp="2043" pin="1"/><net_sink comp="2087" pin=1"/></net>

<net id="2104"><net_src comp="2047" pin="1"/><net_sink comp="2087" pin=2"/></net>

<net id="2105"><net_src comp="2051" pin="1"/><net_sink comp="2087" pin=3"/></net>

<net id="2106"><net_src comp="2055" pin="1"/><net_sink comp="2087" pin=4"/></net>

<net id="2107"><net_src comp="2059" pin="1"/><net_sink comp="2087" pin=5"/></net>

<net id="2108"><net_src comp="2063" pin="1"/><net_sink comp="2087" pin=6"/></net>

<net id="2109"><net_src comp="2067" pin="1"/><net_sink comp="2087" pin=7"/></net>

<net id="2110"><net_src comp="2071" pin="1"/><net_sink comp="2087" pin=8"/></net>

<net id="2111"><net_src comp="2075" pin="1"/><net_sink comp="2087" pin=9"/></net>

<net id="2112"><net_src comp="2079" pin="1"/><net_sink comp="2087" pin=10"/></net>

<net id="2113"><net_src comp="2083" pin="1"/><net_sink comp="2087" pin=11"/></net>

<net id="2117"><net_src comp="2114" pin="1"/><net_sink comp="1095" pin=2"/></net>

<net id="2118"><net_src comp="2114" pin="1"/><net_sink comp="1109" pin=2"/></net>

<net id="2119"><net_src comp="2114" pin="1"/><net_sink comp="1123" pin=2"/></net>

<net id="2120"><net_src comp="2114" pin="1"/><net_sink comp="1137" pin=2"/></net>

<net id="2121"><net_src comp="2114" pin="1"/><net_sink comp="1151" pin=2"/></net>

<net id="2122"><net_src comp="2114" pin="1"/><net_sink comp="1165" pin=2"/></net>

<net id="2123"><net_src comp="2114" pin="1"/><net_sink comp="1179" pin=2"/></net>

<net id="2124"><net_src comp="2114" pin="1"/><net_sink comp="1193" pin=2"/></net>

<net id="2125"><net_src comp="2114" pin="1"/><net_sink comp="1207" pin=2"/></net>

<net id="2126"><net_src comp="2114" pin="1"/><net_sink comp="1221" pin=2"/></net>

<net id="2127"><net_src comp="2114" pin="1"/><net_sink comp="1235" pin=2"/></net>

<net id="2131"><net_src comp="2128" pin="1"/><net_sink comp="1102" pin=2"/></net>

<net id="2132"><net_src comp="2128" pin="1"/><net_sink comp="1116" pin=2"/></net>

<net id="2133"><net_src comp="2128" pin="1"/><net_sink comp="1130" pin=2"/></net>

<net id="2134"><net_src comp="2128" pin="1"/><net_sink comp="1144" pin=2"/></net>

<net id="2135"><net_src comp="2128" pin="1"/><net_sink comp="1158" pin=2"/></net>

<net id="2136"><net_src comp="2128" pin="1"/><net_sink comp="1172" pin=2"/></net>

<net id="2137"><net_src comp="2128" pin="1"/><net_sink comp="1186" pin=2"/></net>

<net id="2138"><net_src comp="2128" pin="1"/><net_sink comp="1200" pin=2"/></net>

<net id="2139"><net_src comp="2128" pin="1"/><net_sink comp="1214" pin=2"/></net>

<net id="2140"><net_src comp="2128" pin="1"/><net_sink comp="1228" pin=2"/></net>

<net id="2141"><net_src comp="2128" pin="1"/><net_sink comp="1242" pin=2"/></net>

<net id="2145"><net_src comp="2142" pin="1"/><net_sink comp="1544" pin=0"/></net>

<net id="2149"><net_src comp="622" pin="7"/><net_sink comp="2146" pin=0"/></net>

<net id="2153"><net_src comp="632" pin="7"/><net_sink comp="2150" pin=0"/></net>

<net id="2157"><net_src comp="642" pin="7"/><net_sink comp="2154" pin=0"/></net>

<net id="2161"><net_src comp="652" pin="7"/><net_sink comp="2158" pin=0"/></net>

<net id="2165"><net_src comp="662" pin="7"/><net_sink comp="2162" pin=0"/></net>

<net id="2169"><net_src comp="672" pin="7"/><net_sink comp="2166" pin=0"/></net>

<net id="2173"><net_src comp="682" pin="7"/><net_sink comp="2170" pin=0"/></net>

<net id="2177"><net_src comp="692" pin="7"/><net_sink comp="2174" pin=0"/></net>

<net id="2181"><net_src comp="702" pin="7"/><net_sink comp="2178" pin=0"/></net>

<net id="2185"><net_src comp="712" pin="7"/><net_sink comp="2182" pin=0"/></net>

<net id="2189"><net_src comp="722" pin="7"/><net_sink comp="2186" pin=0"/></net>

<net id="2205"><net_src comp="142" pin="0"/><net_sink comp="2190" pin=0"/></net>

<net id="2206"><net_src comp="2146" pin="1"/><net_sink comp="2190" pin=1"/></net>

<net id="2207"><net_src comp="2150" pin="1"/><net_sink comp="2190" pin=2"/></net>

<net id="2208"><net_src comp="2154" pin="1"/><net_sink comp="2190" pin=3"/></net>

<net id="2209"><net_src comp="2158" pin="1"/><net_sink comp="2190" pin=4"/></net>

<net id="2210"><net_src comp="2162" pin="1"/><net_sink comp="2190" pin=5"/></net>

<net id="2211"><net_src comp="2166" pin="1"/><net_sink comp="2190" pin=6"/></net>

<net id="2212"><net_src comp="2170" pin="1"/><net_sink comp="2190" pin=7"/></net>

<net id="2213"><net_src comp="2174" pin="1"/><net_sink comp="2190" pin=8"/></net>

<net id="2214"><net_src comp="2178" pin="1"/><net_sink comp="2190" pin=9"/></net>

<net id="2215"><net_src comp="2182" pin="1"/><net_sink comp="2190" pin=10"/></net>

<net id="2216"><net_src comp="2186" pin="1"/><net_sink comp="2190" pin=11"/></net>

<net id="2220"><net_src comp="622" pin="3"/><net_sink comp="2217" pin=0"/></net>

<net id="2224"><net_src comp="632" pin="3"/><net_sink comp="2221" pin=0"/></net>

<net id="2228"><net_src comp="642" pin="3"/><net_sink comp="2225" pin=0"/></net>

<net id="2232"><net_src comp="652" pin="3"/><net_sink comp="2229" pin=0"/></net>

<net id="2236"><net_src comp="662" pin="3"/><net_sink comp="2233" pin=0"/></net>

<net id="2240"><net_src comp="672" pin="3"/><net_sink comp="2237" pin=0"/></net>

<net id="2244"><net_src comp="682" pin="3"/><net_sink comp="2241" pin=0"/></net>

<net id="2248"><net_src comp="692" pin="3"/><net_sink comp="2245" pin=0"/></net>

<net id="2252"><net_src comp="702" pin="3"/><net_sink comp="2249" pin=0"/></net>

<net id="2256"><net_src comp="712" pin="3"/><net_sink comp="2253" pin=0"/></net>

<net id="2260"><net_src comp="722" pin="3"/><net_sink comp="2257" pin=0"/></net>

<net id="2276"><net_src comp="142" pin="0"/><net_sink comp="2261" pin=0"/></net>

<net id="2277"><net_src comp="2217" pin="1"/><net_sink comp="2261" pin=1"/></net>

<net id="2278"><net_src comp="2221" pin="1"/><net_sink comp="2261" pin=2"/></net>

<net id="2279"><net_src comp="2225" pin="1"/><net_sink comp="2261" pin=3"/></net>

<net id="2280"><net_src comp="2229" pin="1"/><net_sink comp="2261" pin=4"/></net>

<net id="2281"><net_src comp="2233" pin="1"/><net_sink comp="2261" pin=5"/></net>

<net id="2282"><net_src comp="2237" pin="1"/><net_sink comp="2261" pin=6"/></net>

<net id="2283"><net_src comp="2241" pin="1"/><net_sink comp="2261" pin=7"/></net>

<net id="2284"><net_src comp="2245" pin="1"/><net_sink comp="2261" pin=8"/></net>

<net id="2285"><net_src comp="2249" pin="1"/><net_sink comp="2261" pin=9"/></net>

<net id="2286"><net_src comp="2253" pin="1"/><net_sink comp="2261" pin=10"/></net>

<net id="2287"><net_src comp="2257" pin="1"/><net_sink comp="2261" pin=11"/></net>

<net id="2291"><net_src comp="2288" pin="1"/><net_sink comp="1271" pin=2"/></net>

<net id="2292"><net_src comp="2288" pin="1"/><net_sink comp="1285" pin=2"/></net>

<net id="2293"><net_src comp="2288" pin="1"/><net_sink comp="1299" pin=2"/></net>

<net id="2294"><net_src comp="2288" pin="1"/><net_sink comp="1313" pin=2"/></net>

<net id="2295"><net_src comp="2288" pin="1"/><net_sink comp="1327" pin=2"/></net>

<net id="2296"><net_src comp="2288" pin="1"/><net_sink comp="1341" pin=2"/></net>

<net id="2297"><net_src comp="2288" pin="1"/><net_sink comp="1355" pin=2"/></net>

<net id="2298"><net_src comp="2288" pin="1"/><net_sink comp="1369" pin=2"/></net>

<net id="2299"><net_src comp="2288" pin="1"/><net_sink comp="1383" pin=2"/></net>

<net id="2300"><net_src comp="2288" pin="1"/><net_sink comp="1397" pin=2"/></net>

<net id="2301"><net_src comp="2288" pin="1"/><net_sink comp="1411" pin=2"/></net>

<net id="2305"><net_src comp="2302" pin="1"/><net_sink comp="1278" pin=2"/></net>

<net id="2306"><net_src comp="2302" pin="1"/><net_sink comp="1292" pin=2"/></net>

<net id="2307"><net_src comp="2302" pin="1"/><net_sink comp="1306" pin=2"/></net>

<net id="2308"><net_src comp="2302" pin="1"/><net_sink comp="1320" pin=2"/></net>

<net id="2309"><net_src comp="2302" pin="1"/><net_sink comp="1334" pin=2"/></net>

<net id="2310"><net_src comp="2302" pin="1"/><net_sink comp="1348" pin=2"/></net>

<net id="2311"><net_src comp="2302" pin="1"/><net_sink comp="1362" pin=2"/></net>

<net id="2312"><net_src comp="2302" pin="1"/><net_sink comp="1376" pin=2"/></net>

<net id="2313"><net_src comp="2302" pin="1"/><net_sink comp="1390" pin=2"/></net>

<net id="2314"><net_src comp="2302" pin="1"/><net_sink comp="1404" pin=2"/></net>

<net id="2315"><net_src comp="2302" pin="1"/><net_sink comp="1418" pin=2"/></net>

<net id="2319"><net_src comp="2316" pin="1"/><net_sink comp="1544" pin=0"/></net>

<net id="2323"><net_src comp="622" pin="7"/><net_sink comp="2320" pin=0"/></net>

<net id="2327"><net_src comp="632" pin="7"/><net_sink comp="2324" pin=0"/></net>

<net id="2331"><net_src comp="642" pin="7"/><net_sink comp="2328" pin=0"/></net>

<net id="2335"><net_src comp="652" pin="7"/><net_sink comp="2332" pin=0"/></net>

<net id="2339"><net_src comp="662" pin="7"/><net_sink comp="2336" pin=0"/></net>

<net id="2343"><net_src comp="672" pin="7"/><net_sink comp="2340" pin=0"/></net>

<net id="2347"><net_src comp="682" pin="7"/><net_sink comp="2344" pin=0"/></net>

<net id="2351"><net_src comp="692" pin="7"/><net_sink comp="2348" pin=0"/></net>

<net id="2355"><net_src comp="702" pin="7"/><net_sink comp="2352" pin=0"/></net>

<net id="2359"><net_src comp="712" pin="7"/><net_sink comp="2356" pin=0"/></net>

<net id="2363"><net_src comp="722" pin="7"/><net_sink comp="2360" pin=0"/></net>

<net id="2379"><net_src comp="142" pin="0"/><net_sink comp="2364" pin=0"/></net>

<net id="2380"><net_src comp="2320" pin="1"/><net_sink comp="2364" pin=1"/></net>

<net id="2381"><net_src comp="2324" pin="1"/><net_sink comp="2364" pin=2"/></net>

<net id="2382"><net_src comp="2328" pin="1"/><net_sink comp="2364" pin=3"/></net>

<net id="2383"><net_src comp="2332" pin="1"/><net_sink comp="2364" pin=4"/></net>

<net id="2384"><net_src comp="2336" pin="1"/><net_sink comp="2364" pin=5"/></net>

<net id="2385"><net_src comp="2340" pin="1"/><net_sink comp="2364" pin=6"/></net>

<net id="2386"><net_src comp="2344" pin="1"/><net_sink comp="2364" pin=7"/></net>

<net id="2387"><net_src comp="2348" pin="1"/><net_sink comp="2364" pin=8"/></net>

<net id="2388"><net_src comp="2352" pin="1"/><net_sink comp="2364" pin=9"/></net>

<net id="2389"><net_src comp="2356" pin="1"/><net_sink comp="2364" pin=10"/></net>

<net id="2390"><net_src comp="2360" pin="1"/><net_sink comp="2364" pin=11"/></net>

<net id="2394"><net_src comp="622" pin="3"/><net_sink comp="2391" pin=0"/></net>

<net id="2398"><net_src comp="632" pin="3"/><net_sink comp="2395" pin=0"/></net>

<net id="2402"><net_src comp="642" pin="3"/><net_sink comp="2399" pin=0"/></net>

<net id="2406"><net_src comp="652" pin="3"/><net_sink comp="2403" pin=0"/></net>

<net id="2410"><net_src comp="662" pin="3"/><net_sink comp="2407" pin=0"/></net>

<net id="2414"><net_src comp="672" pin="3"/><net_sink comp="2411" pin=0"/></net>

<net id="2418"><net_src comp="682" pin="3"/><net_sink comp="2415" pin=0"/></net>

<net id="2422"><net_src comp="692" pin="3"/><net_sink comp="2419" pin=0"/></net>

<net id="2426"><net_src comp="702" pin="3"/><net_sink comp="2423" pin=0"/></net>

<net id="2430"><net_src comp="712" pin="3"/><net_sink comp="2427" pin=0"/></net>

<net id="2434"><net_src comp="722" pin="3"/><net_sink comp="2431" pin=0"/></net>

<net id="2450"><net_src comp="142" pin="0"/><net_sink comp="2435" pin=0"/></net>

<net id="2451"><net_src comp="2391" pin="1"/><net_sink comp="2435" pin=1"/></net>

<net id="2452"><net_src comp="2395" pin="1"/><net_sink comp="2435" pin=2"/></net>

<net id="2453"><net_src comp="2399" pin="1"/><net_sink comp="2435" pin=3"/></net>

<net id="2454"><net_src comp="2403" pin="1"/><net_sink comp="2435" pin=4"/></net>

<net id="2455"><net_src comp="2407" pin="1"/><net_sink comp="2435" pin=5"/></net>

<net id="2456"><net_src comp="2411" pin="1"/><net_sink comp="2435" pin=6"/></net>

<net id="2457"><net_src comp="2415" pin="1"/><net_sink comp="2435" pin=7"/></net>

<net id="2458"><net_src comp="2419" pin="1"/><net_sink comp="2435" pin=8"/></net>

<net id="2459"><net_src comp="2423" pin="1"/><net_sink comp="2435" pin=9"/></net>

<net id="2460"><net_src comp="2427" pin="1"/><net_sink comp="2435" pin=10"/></net>

<net id="2461"><net_src comp="2431" pin="1"/><net_sink comp="2435" pin=11"/></net>

<net id="2465"><net_src comp="2462" pin="1"/><net_sink comp="1447" pin=2"/></net>

<net id="2466"><net_src comp="2462" pin="1"/><net_sink comp="1454" pin=2"/></net>

<net id="2467"><net_src comp="2462" pin="1"/><net_sink comp="1461" pin=2"/></net>

<net id="2468"><net_src comp="2462" pin="1"/><net_sink comp="1468" pin=2"/></net>

<net id="2469"><net_src comp="2462" pin="1"/><net_sink comp="1475" pin=2"/></net>

<net id="2470"><net_src comp="2462" pin="1"/><net_sink comp="1482" pin=2"/></net>

<net id="2471"><net_src comp="2462" pin="1"/><net_sink comp="1489" pin=2"/></net>

<net id="2472"><net_src comp="2462" pin="1"/><net_sink comp="1496" pin=2"/></net>

<net id="2473"><net_src comp="2462" pin="1"/><net_sink comp="1503" pin=2"/></net>

<net id="2474"><net_src comp="2462" pin="1"/><net_sink comp="1510" pin=2"/></net>

<net id="2475"><net_src comp="2462" pin="1"/><net_sink comp="1517" pin=2"/></net>

<net id="2479"><net_src comp="2476" pin="1"/><net_sink comp="1544" pin=0"/></net>

<net id="2483"><net_src comp="622" pin="7"/><net_sink comp="2480" pin=0"/></net>

<net id="2487"><net_src comp="632" pin="7"/><net_sink comp="2484" pin=0"/></net>

<net id="2491"><net_src comp="642" pin="7"/><net_sink comp="2488" pin=0"/></net>

<net id="2495"><net_src comp="652" pin="7"/><net_sink comp="2492" pin=0"/></net>

<net id="2499"><net_src comp="662" pin="7"/><net_sink comp="2496" pin=0"/></net>

<net id="2503"><net_src comp="672" pin="7"/><net_sink comp="2500" pin=0"/></net>

<net id="2507"><net_src comp="682" pin="7"/><net_sink comp="2504" pin=0"/></net>

<net id="2511"><net_src comp="692" pin="7"/><net_sink comp="2508" pin=0"/></net>

<net id="2515"><net_src comp="702" pin="7"/><net_sink comp="2512" pin=0"/></net>

<net id="2519"><net_src comp="712" pin="7"/><net_sink comp="2516" pin=0"/></net>

<net id="2523"><net_src comp="722" pin="7"/><net_sink comp="2520" pin=0"/></net>

<net id="2539"><net_src comp="142" pin="0"/><net_sink comp="2524" pin=0"/></net>

<net id="2540"><net_src comp="2480" pin="1"/><net_sink comp="2524" pin=1"/></net>

<net id="2541"><net_src comp="2484" pin="1"/><net_sink comp="2524" pin=2"/></net>

<net id="2542"><net_src comp="2488" pin="1"/><net_sink comp="2524" pin=3"/></net>

<net id="2543"><net_src comp="2492" pin="1"/><net_sink comp="2524" pin=4"/></net>

<net id="2544"><net_src comp="2496" pin="1"/><net_sink comp="2524" pin=5"/></net>

<net id="2545"><net_src comp="2500" pin="1"/><net_sink comp="2524" pin=6"/></net>

<net id="2546"><net_src comp="2504" pin="1"/><net_sink comp="2524" pin=7"/></net>

<net id="2547"><net_src comp="2508" pin="1"/><net_sink comp="2524" pin=8"/></net>

<net id="2548"><net_src comp="2512" pin="1"/><net_sink comp="2524" pin=9"/></net>

<net id="2549"><net_src comp="2516" pin="1"/><net_sink comp="2524" pin=10"/></net>

<net id="2550"><net_src comp="2520" pin="1"/><net_sink comp="2524" pin=11"/></net>

<net id="2554"><net_src comp="622" pin="3"/><net_sink comp="2551" pin=0"/></net>

<net id="2558"><net_src comp="632" pin="3"/><net_sink comp="2555" pin=0"/></net>

<net id="2562"><net_src comp="642" pin="3"/><net_sink comp="2559" pin=0"/></net>

<net id="2566"><net_src comp="652" pin="3"/><net_sink comp="2563" pin=0"/></net>

<net id="2570"><net_src comp="662" pin="3"/><net_sink comp="2567" pin=0"/></net>

<net id="2574"><net_src comp="672" pin="3"/><net_sink comp="2571" pin=0"/></net>

<net id="2578"><net_src comp="682" pin="3"/><net_sink comp="2575" pin=0"/></net>

<net id="2582"><net_src comp="692" pin="3"/><net_sink comp="2579" pin=0"/></net>

<net id="2586"><net_src comp="702" pin="3"/><net_sink comp="2583" pin=0"/></net>

<net id="2590"><net_src comp="712" pin="3"/><net_sink comp="2587" pin=0"/></net>

<net id="2594"><net_src comp="722" pin="3"/><net_sink comp="2591" pin=0"/></net>

<net id="2610"><net_src comp="142" pin="0"/><net_sink comp="2595" pin=0"/></net>

<net id="2611"><net_src comp="2551" pin="1"/><net_sink comp="2595" pin=1"/></net>

<net id="2612"><net_src comp="2555" pin="1"/><net_sink comp="2595" pin=2"/></net>

<net id="2613"><net_src comp="2559" pin="1"/><net_sink comp="2595" pin=3"/></net>

<net id="2614"><net_src comp="2563" pin="1"/><net_sink comp="2595" pin=4"/></net>

<net id="2615"><net_src comp="2567" pin="1"/><net_sink comp="2595" pin=5"/></net>

<net id="2616"><net_src comp="2571" pin="1"/><net_sink comp="2595" pin=6"/></net>

<net id="2617"><net_src comp="2575" pin="1"/><net_sink comp="2595" pin=7"/></net>

<net id="2618"><net_src comp="2579" pin="1"/><net_sink comp="2595" pin=8"/></net>

<net id="2619"><net_src comp="2583" pin="1"/><net_sink comp="2595" pin=9"/></net>

<net id="2620"><net_src comp="2587" pin="1"/><net_sink comp="2595" pin=10"/></net>

<net id="2621"><net_src comp="2591" pin="1"/><net_sink comp="2595" pin=11"/></net>

<net id="2625"><net_src comp="2622" pin="1"/><net_sink comp="1540" pin=0"/></net>

<net id="2629"><net_src comp="2626" pin="1"/><net_sink comp="1544" pin=0"/></net>

<net id="2633"><net_src comp="622" pin="3"/><net_sink comp="2630" pin=0"/></net>

<net id="2637"><net_src comp="632" pin="3"/><net_sink comp="2634" pin=0"/></net>

<net id="2641"><net_src comp="642" pin="3"/><net_sink comp="2638" pin=0"/></net>

<net id="2645"><net_src comp="652" pin="3"/><net_sink comp="2642" pin=0"/></net>

<net id="2649"><net_src comp="662" pin="3"/><net_sink comp="2646" pin=0"/></net>

<net id="2653"><net_src comp="672" pin="3"/><net_sink comp="2650" pin=0"/></net>

<net id="2657"><net_src comp="682" pin="3"/><net_sink comp="2654" pin=0"/></net>

<net id="2661"><net_src comp="692" pin="3"/><net_sink comp="2658" pin=0"/></net>

<net id="2665"><net_src comp="702" pin="3"/><net_sink comp="2662" pin=0"/></net>

<net id="2669"><net_src comp="712" pin="3"/><net_sink comp="2666" pin=0"/></net>

<net id="2673"><net_src comp="722" pin="3"/><net_sink comp="2670" pin=0"/></net>

<net id="2689"><net_src comp="142" pin="0"/><net_sink comp="2674" pin=0"/></net>

<net id="2690"><net_src comp="2630" pin="1"/><net_sink comp="2674" pin=1"/></net>

<net id="2691"><net_src comp="2634" pin="1"/><net_sink comp="2674" pin=2"/></net>

<net id="2692"><net_src comp="2638" pin="1"/><net_sink comp="2674" pin=3"/></net>

<net id="2693"><net_src comp="2642" pin="1"/><net_sink comp="2674" pin=4"/></net>

<net id="2694"><net_src comp="2646" pin="1"/><net_sink comp="2674" pin=5"/></net>

<net id="2695"><net_src comp="2650" pin="1"/><net_sink comp="2674" pin=6"/></net>

<net id="2696"><net_src comp="2654" pin="1"/><net_sink comp="2674" pin=7"/></net>

<net id="2697"><net_src comp="2658" pin="1"/><net_sink comp="2674" pin=8"/></net>

<net id="2698"><net_src comp="2662" pin="1"/><net_sink comp="2674" pin=9"/></net>

<net id="2699"><net_src comp="2666" pin="1"/><net_sink comp="2674" pin=10"/></net>

<net id="2700"><net_src comp="2670" pin="1"/><net_sink comp="2674" pin=11"/></net>

<net id="2704"><net_src comp="2701" pin="1"/><net_sink comp="1544" pin=0"/></net>

<net id="2708"><net_src comp="2705" pin="1"/><net_sink comp="1544" pin=0"/></net>

<net id="2712"><net_src comp="2709" pin="1"/><net_sink comp="1544" pin=0"/></net>

<net id="2716"><net_src comp="2713" pin="1"/><net_sink comp="1544" pin=0"/></net>

<net id="2720"><net_src comp="2717" pin="1"/><net_sink comp="1544" pin=0"/></net>

<net id="2724"><net_src comp="2721" pin="1"/><net_sink comp="1544" pin=0"/></net>

<net id="2732"><net_src comp="1558" pin="1"/><net_sink comp="2729" pin=0"/></net>

<net id="2733"><net_src comp="2729" pin="1"/><net_sink comp="1535" pin=1"/></net>

<net id="2738"><net_src comp="1558" pin="1"/><net_sink comp="2734" pin=0"/></net>

<net id="2743"><net_src comp="1682" pin="1"/><net_sink comp="2739" pin=0"/></net>

<net id="2744"><net_src comp="140" pin="0"/><net_sink comp="2739" pin=1"/></net>

<net id="2748"><net_src comp="148" pin="1"/><net_sink comp="2745" pin=0"/></net>

<net id="2749"><net_src comp="2745" pin="1"/><net_sink comp="1617" pin=1"/></net>

<net id="2750"><net_src comp="2745" pin="1"/><net_sink comp="2622" pin=0"/></net>

<net id="2751"><net_src comp="2745" pin="1"/><net_sink comp="2734" pin=1"/></net>

<net id="2755"><net_src comp="152" pin="1"/><net_sink comp="2752" pin=0"/></net>

<net id="2756"><net_src comp="2752" pin="1"/><net_sink comp="1612" pin=1"/></net>

<net id="2757"><net_src comp="2752" pin="1"/><net_sink comp="1622" pin=0"/></net>

<net id="2758"><net_src comp="2752" pin="1"/><net_sink comp="2725" pin=1"/></net>

<net id="2762"><net_src comp="156" pin="2"/><net_sink comp="2759" pin=0"/></net>

<net id="2763"><net_src comp="2759" pin="1"/><net_sink comp="2674" pin=12"/></net>

<net id="2767"><net_src comp="162" pin="2"/><net_sink comp="2764" pin=0"/></net>

<net id="2768"><net_src comp="2764" pin="1"/><net_sink comp="2595" pin=12"/></net>

<net id="2772"><net_src comp="168" pin="2"/><net_sink comp="2769" pin=0"/></net>

<net id="2773"><net_src comp="2769" pin="1"/><net_sink comp="2524" pin=12"/></net>

<net id="2777"><net_src comp="174" pin="2"/><net_sink comp="2774" pin=0"/></net>

<net id="2778"><net_src comp="2774" pin="1"/><net_sink comp="2435" pin=12"/></net>

<net id="2782"><net_src comp="180" pin="2"/><net_sink comp="2779" pin=0"/></net>

<net id="2783"><net_src comp="2779" pin="1"/><net_sink comp="2364" pin=12"/></net>

<net id="2787"><net_src comp="186" pin="2"/><net_sink comp="2784" pin=0"/></net>

<net id="2788"><net_src comp="2784" pin="1"/><net_sink comp="2261" pin=12"/></net>

<net id="2792"><net_src comp="192" pin="2"/><net_sink comp="2789" pin=0"/></net>

<net id="2793"><net_src comp="2789" pin="1"/><net_sink comp="2190" pin=12"/></net>

<net id="2797"><net_src comp="198" pin="2"/><net_sink comp="2794" pin=0"/></net>

<net id="2798"><net_src comp="2794" pin="1"/><net_sink comp="2087" pin=12"/></net>

<net id="2802"><net_src comp="204" pin="2"/><net_sink comp="2799" pin=0"/></net>

<net id="2803"><net_src comp="2799" pin="1"/><net_sink comp="2016" pin=12"/></net>

<net id="2807"><net_src comp="210" pin="2"/><net_sink comp="2804" pin=0"/></net>

<net id="2808"><net_src comp="2804" pin="1"/><net_sink comp="1883" pin=12"/></net>

<net id="2812"><net_src comp="216" pin="2"/><net_sink comp="2809" pin=0"/></net>

<net id="2813"><net_src comp="2809" pin="1"/><net_sink comp="1812" pin=12"/></net>

<net id="2817"><net_src comp="1568" pin="1"/><net_sink comp="2814" pin=0"/></net>

<net id="2818"><net_src comp="2814" pin="1"/><net_sink comp="1964" pin=1"/></net>

<net id="2822"><net_src comp="1572" pin="1"/><net_sink comp="2819" pin=0"/></net>

<net id="2823"><net_src comp="2819" pin="1"/><net_sink comp="1960" pin=1"/></net>

<net id="2827"><net_src comp="1576" pin="1"/><net_sink comp="2824" pin=0"/></net>

<net id="2828"><net_src comp="2824" pin="1"/><net_sink comp="1956" pin=1"/></net>

<net id="2832"><net_src comp="1580" pin="1"/><net_sink comp="2829" pin=0"/></net>

<net id="2833"><net_src comp="2829" pin="1"/><net_sink comp="1952" pin=1"/></net>

<net id="2837"><net_src comp="1584" pin="1"/><net_sink comp="2834" pin=0"/></net>

<net id="2838"><net_src comp="2834" pin="1"/><net_sink comp="1948" pin=1"/></net>

<net id="2842"><net_src comp="1588" pin="1"/><net_sink comp="2839" pin=0"/></net>

<net id="2843"><net_src comp="2839" pin="1"/><net_sink comp="1929" pin=1"/></net>

<net id="2847"><net_src comp="1592" pin="1"/><net_sink comp="2844" pin=0"/></net>

<net id="2848"><net_src comp="2844" pin="1"/><net_sink comp="1910" pin=1"/></net>

<net id="2852"><net_src comp="1596" pin="1"/><net_sink comp="2849" pin=0"/></net>

<net id="2853"><net_src comp="2849" pin="1"/><net_sink comp="1749" pin=1"/></net>

<net id="2857"><net_src comp="1600" pin="1"/><net_sink comp="2854" pin=0"/></net>

<net id="2858"><net_src comp="2854" pin="1"/><net_sink comp="1730" pin=1"/></net>

<net id="2862"><net_src comp="1604" pin="1"/><net_sink comp="2859" pin=0"/></net>

<net id="2863"><net_src comp="2859" pin="1"/><net_sink comp="1711" pin=1"/></net>

<net id="2867"><net_src comp="1608" pin="1"/><net_sink comp="2864" pin=0"/></net>

<net id="2868"><net_src comp="2864" pin="1"/><net_sink comp="1692" pin=1"/></net>

<net id="2872"><net_src comp="318" pin="3"/><net_sink comp="2869" pin=0"/></net>

<net id="2873"><net_src comp="2869" pin="1"/><net_sink comp="1535" pin=0"/></net>

<net id="2877"><net_src comp="1625" pin="2"/><net_sink comp="2874" pin=0"/></net>

<net id="2881"><net_src comp="1631" pin="2"/><net_sink comp="2878" pin=0"/></net>

<net id="2882"><net_src comp="2878" pin="1"/><net_sink comp="2725" pin=0"/></net>

<net id="2886"><net_src comp="325" pin="3"/><net_sink comp="2883" pin=0"/></net>

<net id="2887"><net_src comp="2883" pin="1"/><net_sink comp="402" pin=0"/></net>

<net id="2891"><net_src comp="332" pin="3"/><net_sink comp="2888" pin=0"/></net>

<net id="2892"><net_src comp="2888" pin="1"/><net_sink comp="408" pin=0"/></net>

<net id="2896"><net_src comp="339" pin="3"/><net_sink comp="2893" pin=0"/></net>

<net id="2897"><net_src comp="2893" pin="1"/><net_sink comp="414" pin=0"/></net>

<net id="2901"><net_src comp="346" pin="3"/><net_sink comp="2898" pin=0"/></net>

<net id="2902"><net_src comp="2898" pin="1"/><net_sink comp="420" pin=0"/></net>

<net id="2906"><net_src comp="353" pin="3"/><net_sink comp="2903" pin=0"/></net>

<net id="2907"><net_src comp="2903" pin="1"/><net_sink comp="426" pin=0"/></net>

<net id="2911"><net_src comp="360" pin="3"/><net_sink comp="2908" pin=0"/></net>

<net id="2912"><net_src comp="2908" pin="1"/><net_sink comp="432" pin=0"/></net>

<net id="2916"><net_src comp="367" pin="3"/><net_sink comp="2913" pin=0"/></net>

<net id="2917"><net_src comp="2913" pin="1"/><net_sink comp="438" pin=0"/></net>

<net id="2921"><net_src comp="374" pin="3"/><net_sink comp="2918" pin=0"/></net>

<net id="2922"><net_src comp="2918" pin="1"/><net_sink comp="444" pin=0"/></net>

<net id="2926"><net_src comp="381" pin="3"/><net_sink comp="2923" pin=0"/></net>

<net id="2927"><net_src comp="2923" pin="1"/><net_sink comp="450" pin=0"/></net>

<net id="2931"><net_src comp="388" pin="3"/><net_sink comp="2928" pin=0"/></net>

<net id="2932"><net_src comp="2928" pin="1"/><net_sink comp="456" pin=0"/></net>

<net id="2936"><net_src comp="395" pin="3"/><net_sink comp="2933" pin=0"/></net>

<net id="2937"><net_src comp="2933" pin="1"/><net_sink comp="462" pin=0"/></net>

<net id="2941"><net_src comp="1682" pin="1"/><net_sink comp="2938" pin=0"/></net>

<net id="2942"><net_src comp="2938" pin="1"/><net_sink comp="2739" pin=0"/></net>

<net id="2946"><net_src comp="1686" pin="2"/><net_sink comp="2943" pin=0"/></net>

<net id="2950"><net_src comp="402" pin="3"/><net_sink comp="2947" pin=0"/></net>

<net id="2951"><net_src comp="2947" pin="1"/><net_sink comp="1968" pin=0"/></net>

<net id="2955"><net_src comp="408" pin="3"/><net_sink comp="2952" pin=0"/></net>

<net id="2956"><net_src comp="2952" pin="1"/><net_sink comp="2142" pin=0"/></net>

<net id="2960"><net_src comp="414" pin="3"/><net_sink comp="2957" pin=0"/></net>

<net id="2961"><net_src comp="2957" pin="1"/><net_sink comp="2316" pin=0"/></net>

<net id="2965"><net_src comp="420" pin="3"/><net_sink comp="2962" pin=0"/></net>

<net id="2966"><net_src comp="2962" pin="1"/><net_sink comp="2476" pin=0"/></net>

<net id="2970"><net_src comp="426" pin="3"/><net_sink comp="2967" pin=0"/></net>

<net id="2971"><net_src comp="2967" pin="1"/><net_sink comp="2626" pin=0"/></net>

<net id="2975"><net_src comp="432" pin="3"/><net_sink comp="2972" pin=0"/></net>

<net id="2976"><net_src comp="2972" pin="1"/><net_sink comp="2701" pin=0"/></net>

<net id="2980"><net_src comp="438" pin="3"/><net_sink comp="2977" pin=0"/></net>

<net id="2981"><net_src comp="2977" pin="1"/><net_sink comp="2705" pin=0"/></net>

<net id="2985"><net_src comp="444" pin="3"/><net_sink comp="2982" pin=0"/></net>

<net id="2986"><net_src comp="2982" pin="1"/><net_sink comp="2709" pin=0"/></net>

<net id="2990"><net_src comp="450" pin="3"/><net_sink comp="2987" pin=0"/></net>

<net id="2991"><net_src comp="2987" pin="1"/><net_sink comp="2713" pin=0"/></net>

<net id="2995"><net_src comp="456" pin="3"/><net_sink comp="2992" pin=0"/></net>

<net id="2996"><net_src comp="2992" pin="1"/><net_sink comp="2717" pin=0"/></net>

<net id="3000"><net_src comp="462" pin="3"/><net_sink comp="2997" pin=0"/></net>

<net id="3001"><net_src comp="2997" pin="1"/><net_sink comp="2721" pin=0"/></net>

<net id="3005"><net_src comp="2739" pin="2"/><net_sink comp="3002" pin=0"/></net>

<net id="3006"><net_src comp="3002" pin="1"/><net_sink comp="1692" pin=0"/></net>

<net id="3007"><net_src comp="3002" pin="1"/><net_sink comp="1711" pin=0"/></net>

<net id="3008"><net_src comp="3002" pin="1"/><net_sink comp="1730" pin=0"/></net>

<net id="3009"><net_src comp="3002" pin="1"/><net_sink comp="1749" pin=0"/></net>

<net id="3010"><net_src comp="3002" pin="1"/><net_sink comp="1910" pin=0"/></net>

<net id="3011"><net_src comp="3002" pin="1"/><net_sink comp="1929" pin=0"/></net>

<net id="3012"><net_src comp="3002" pin="1"/><net_sink comp="1948" pin=0"/></net>

<net id="3013"><net_src comp="3002" pin="1"/><net_sink comp="1952" pin=0"/></net>

<net id="3014"><net_src comp="3002" pin="1"/><net_sink comp="1956" pin=0"/></net>

<net id="3015"><net_src comp="3002" pin="1"/><net_sink comp="1960" pin=0"/></net>

<net id="3016"><net_src comp="3002" pin="1"/><net_sink comp="1964" pin=0"/></net>

<net id="3020"><net_src comp="468" pin="3"/><net_sink comp="3017" pin=0"/></net>

<net id="3021"><net_src comp="3017" pin="1"/><net_sink comp="622" pin=2"/></net>

<net id="3025"><net_src comp="475" pin="3"/><net_sink comp="3022" pin=0"/></net>

<net id="3026"><net_src comp="3022" pin="1"/><net_sink comp="622" pin=0"/></net>

<net id="3030"><net_src comp="482" pin="3"/><net_sink comp="3027" pin=0"/></net>

<net id="3031"><net_src comp="3027" pin="1"/><net_sink comp="632" pin=2"/></net>

<net id="3035"><net_src comp="489" pin="3"/><net_sink comp="3032" pin=0"/></net>

<net id="3036"><net_src comp="3032" pin="1"/><net_sink comp="632" pin=0"/></net>

<net id="3040"><net_src comp="496" pin="3"/><net_sink comp="3037" pin=0"/></net>

<net id="3041"><net_src comp="3037" pin="1"/><net_sink comp="642" pin=2"/></net>

<net id="3045"><net_src comp="503" pin="3"/><net_sink comp="3042" pin=0"/></net>

<net id="3046"><net_src comp="3042" pin="1"/><net_sink comp="642" pin=0"/></net>

<net id="3050"><net_src comp="510" pin="3"/><net_sink comp="3047" pin=0"/></net>

<net id="3051"><net_src comp="3047" pin="1"/><net_sink comp="652" pin=2"/></net>

<net id="3055"><net_src comp="517" pin="3"/><net_sink comp="3052" pin=0"/></net>

<net id="3056"><net_src comp="3052" pin="1"/><net_sink comp="652" pin=0"/></net>

<net id="3060"><net_src comp="524" pin="3"/><net_sink comp="3057" pin=0"/></net>

<net id="3061"><net_src comp="3057" pin="1"/><net_sink comp="662" pin=2"/></net>

<net id="3065"><net_src comp="531" pin="3"/><net_sink comp="3062" pin=0"/></net>

<net id="3066"><net_src comp="3062" pin="1"/><net_sink comp="662" pin=0"/></net>

<net id="3070"><net_src comp="538" pin="3"/><net_sink comp="3067" pin=0"/></net>

<net id="3071"><net_src comp="3067" pin="1"/><net_sink comp="672" pin=2"/></net>

<net id="3075"><net_src comp="545" pin="3"/><net_sink comp="3072" pin=0"/></net>

<net id="3076"><net_src comp="3072" pin="1"/><net_sink comp="672" pin=0"/></net>

<net id="3080"><net_src comp="552" pin="3"/><net_sink comp="3077" pin=0"/></net>

<net id="3081"><net_src comp="3077" pin="1"/><net_sink comp="682" pin=2"/></net>

<net id="3085"><net_src comp="559" pin="3"/><net_sink comp="3082" pin=0"/></net>

<net id="3086"><net_src comp="3082" pin="1"/><net_sink comp="682" pin=0"/></net>

<net id="3090"><net_src comp="566" pin="3"/><net_sink comp="3087" pin=0"/></net>

<net id="3091"><net_src comp="3087" pin="1"/><net_sink comp="692" pin=2"/></net>

<net id="3095"><net_src comp="573" pin="3"/><net_sink comp="3092" pin=0"/></net>

<net id="3096"><net_src comp="3092" pin="1"/><net_sink comp="692" pin=0"/></net>

<net id="3100"><net_src comp="580" pin="3"/><net_sink comp="3097" pin=0"/></net>

<net id="3101"><net_src comp="3097" pin="1"/><net_sink comp="702" pin=2"/></net>

<net id="3105"><net_src comp="587" pin="3"/><net_sink comp="3102" pin=0"/></net>

<net id="3106"><net_src comp="3102" pin="1"/><net_sink comp="702" pin=0"/></net>

<net id="3110"><net_src comp="594" pin="3"/><net_sink comp="3107" pin=0"/></net>

<net id="3111"><net_src comp="3107" pin="1"/><net_sink comp="712" pin=2"/></net>

<net id="3115"><net_src comp="601" pin="3"/><net_sink comp="3112" pin=0"/></net>

<net id="3116"><net_src comp="3112" pin="1"/><net_sink comp="712" pin=0"/></net>

<net id="3120"><net_src comp="608" pin="3"/><net_sink comp="3117" pin=0"/></net>

<net id="3121"><net_src comp="3117" pin="1"/><net_sink comp="722" pin=2"/></net>

<net id="3125"><net_src comp="615" pin="3"/><net_sink comp="3122" pin=0"/></net>

<net id="3126"><net_src comp="3122" pin="1"/><net_sink comp="722" pin=0"/></net>

<net id="3130"><net_src comp="743" pin="3"/><net_sink comp="3127" pin=0"/></net>

<net id="3131"><net_src comp="3127" pin="1"/><net_sink comp="622" pin=2"/></net>

<net id="3135"><net_src comp="750" pin="3"/><net_sink comp="3132" pin=0"/></net>

<net id="3136"><net_src comp="3132" pin="1"/><net_sink comp="622" pin=0"/></net>

<net id="3140"><net_src comp="757" pin="3"/><net_sink comp="3137" pin=0"/></net>

<net id="3141"><net_src comp="3137" pin="1"/><net_sink comp="632" pin=2"/></net>

<net id="3145"><net_src comp="764" pin="3"/><net_sink comp="3142" pin=0"/></net>

<net id="3146"><net_src comp="3142" pin="1"/><net_sink comp="632" pin=0"/></net>

<net id="3150"><net_src comp="771" pin="3"/><net_sink comp="3147" pin=0"/></net>

<net id="3151"><net_src comp="3147" pin="1"/><net_sink comp="642" pin=2"/></net>

<net id="3155"><net_src comp="778" pin="3"/><net_sink comp="3152" pin=0"/></net>

<net id="3156"><net_src comp="3152" pin="1"/><net_sink comp="642" pin=0"/></net>

<net id="3160"><net_src comp="785" pin="3"/><net_sink comp="3157" pin=0"/></net>

<net id="3161"><net_src comp="3157" pin="1"/><net_sink comp="652" pin=2"/></net>

<net id="3165"><net_src comp="792" pin="3"/><net_sink comp="3162" pin=0"/></net>

<net id="3166"><net_src comp="3162" pin="1"/><net_sink comp="652" pin=0"/></net>

<net id="3170"><net_src comp="799" pin="3"/><net_sink comp="3167" pin=0"/></net>

<net id="3171"><net_src comp="3167" pin="1"/><net_sink comp="662" pin=2"/></net>

<net id="3175"><net_src comp="806" pin="3"/><net_sink comp="3172" pin=0"/></net>

<net id="3176"><net_src comp="3172" pin="1"/><net_sink comp="662" pin=0"/></net>

<net id="3180"><net_src comp="813" pin="3"/><net_sink comp="3177" pin=0"/></net>

<net id="3181"><net_src comp="3177" pin="1"/><net_sink comp="672" pin=2"/></net>

<net id="3185"><net_src comp="820" pin="3"/><net_sink comp="3182" pin=0"/></net>

<net id="3186"><net_src comp="3182" pin="1"/><net_sink comp="672" pin=0"/></net>

<net id="3190"><net_src comp="827" pin="3"/><net_sink comp="3187" pin=0"/></net>

<net id="3191"><net_src comp="3187" pin="1"/><net_sink comp="682" pin=2"/></net>

<net id="3195"><net_src comp="834" pin="3"/><net_sink comp="3192" pin=0"/></net>

<net id="3196"><net_src comp="3192" pin="1"/><net_sink comp="682" pin=0"/></net>

<net id="3200"><net_src comp="841" pin="3"/><net_sink comp="3197" pin=0"/></net>

<net id="3201"><net_src comp="3197" pin="1"/><net_sink comp="692" pin=2"/></net>

<net id="3205"><net_src comp="848" pin="3"/><net_sink comp="3202" pin=0"/></net>

<net id="3206"><net_src comp="3202" pin="1"/><net_sink comp="692" pin=0"/></net>

<net id="3210"><net_src comp="855" pin="3"/><net_sink comp="3207" pin=0"/></net>

<net id="3211"><net_src comp="3207" pin="1"/><net_sink comp="702" pin=2"/></net>

<net id="3215"><net_src comp="862" pin="3"/><net_sink comp="3212" pin=0"/></net>

<net id="3216"><net_src comp="3212" pin="1"/><net_sink comp="702" pin=0"/></net>

<net id="3220"><net_src comp="869" pin="3"/><net_sink comp="3217" pin=0"/></net>

<net id="3221"><net_src comp="3217" pin="1"/><net_sink comp="712" pin=2"/></net>

<net id="3225"><net_src comp="876" pin="3"/><net_sink comp="3222" pin=0"/></net>

<net id="3226"><net_src comp="3222" pin="1"/><net_sink comp="712" pin=0"/></net>

<net id="3230"><net_src comp="883" pin="3"/><net_sink comp="3227" pin=0"/></net>

<net id="3231"><net_src comp="3227" pin="1"/><net_sink comp="722" pin=2"/></net>

<net id="3235"><net_src comp="890" pin="3"/><net_sink comp="3232" pin=0"/></net>

<net id="3236"><net_src comp="3232" pin="1"/><net_sink comp="722" pin=0"/></net>

<net id="3240"><net_src comp="1812" pin="13"/><net_sink comp="3237" pin=0"/></net>

<net id="3241"><net_src comp="3237" pin="1"/><net_sink comp="1544" pin=1"/></net>

<net id="3245"><net_src comp="1883" pin="13"/><net_sink comp="3242" pin=0"/></net>

<net id="3246"><net_src comp="3242" pin="1"/><net_sink comp="1544" pin=1"/></net>

<net id="3250"><net_src comp="919" pin="3"/><net_sink comp="3247" pin=0"/></net>

<net id="3251"><net_src comp="3247" pin="1"/><net_sink comp="622" pin=2"/></net>

<net id="3255"><net_src comp="926" pin="3"/><net_sink comp="3252" pin=0"/></net>

<net id="3256"><net_src comp="3252" pin="1"/><net_sink comp="622" pin=0"/></net>

<net id="3260"><net_src comp="1948" pin="2"/><net_sink comp="3257" pin=0"/></net>

<net id="3261"><net_src comp="3257" pin="1"/><net_sink comp="2114" pin=0"/></net>

<net id="3265"><net_src comp="1952" pin="2"/><net_sink comp="3262" pin=0"/></net>

<net id="3266"><net_src comp="3262" pin="1"/><net_sink comp="2128" pin=0"/></net>

<net id="3270"><net_src comp="1956" pin="2"/><net_sink comp="3267" pin=0"/></net>

<net id="3271"><net_src comp="3267" pin="1"/><net_sink comp="2288" pin=0"/></net>

<net id="3275"><net_src comp="1960" pin="2"/><net_sink comp="3272" pin=0"/></net>

<net id="3276"><net_src comp="3272" pin="1"/><net_sink comp="2302" pin=0"/></net>

<net id="3280"><net_src comp="1964" pin="2"/><net_sink comp="3277" pin=0"/></net>

<net id="3281"><net_src comp="3277" pin="1"/><net_sink comp="2462" pin=0"/></net>

<net id="3285"><net_src comp="933" pin="3"/><net_sink comp="3282" pin=0"/></net>

<net id="3286"><net_src comp="3282" pin="1"/><net_sink comp="632" pin=2"/></net>

<net id="3290"><net_src comp="940" pin="3"/><net_sink comp="3287" pin=0"/></net>

<net id="3291"><net_src comp="3287" pin="1"/><net_sink comp="632" pin=0"/></net>

<net id="3295"><net_src comp="947" pin="3"/><net_sink comp="3292" pin=0"/></net>

<net id="3296"><net_src comp="3292" pin="1"/><net_sink comp="642" pin=2"/></net>

<net id="3300"><net_src comp="954" pin="3"/><net_sink comp="3297" pin=0"/></net>

<net id="3301"><net_src comp="3297" pin="1"/><net_sink comp="642" pin=0"/></net>

<net id="3305"><net_src comp="961" pin="3"/><net_sink comp="3302" pin=0"/></net>

<net id="3306"><net_src comp="3302" pin="1"/><net_sink comp="652" pin=2"/></net>

<net id="3310"><net_src comp="968" pin="3"/><net_sink comp="3307" pin=0"/></net>

<net id="3311"><net_src comp="3307" pin="1"/><net_sink comp="652" pin=0"/></net>

<net id="3315"><net_src comp="975" pin="3"/><net_sink comp="3312" pin=0"/></net>

<net id="3316"><net_src comp="3312" pin="1"/><net_sink comp="662" pin=2"/></net>

<net id="3320"><net_src comp="982" pin="3"/><net_sink comp="3317" pin=0"/></net>

<net id="3321"><net_src comp="3317" pin="1"/><net_sink comp="662" pin=0"/></net>

<net id="3325"><net_src comp="989" pin="3"/><net_sink comp="3322" pin=0"/></net>

<net id="3326"><net_src comp="3322" pin="1"/><net_sink comp="672" pin=2"/></net>

<net id="3330"><net_src comp="996" pin="3"/><net_sink comp="3327" pin=0"/></net>

<net id="3331"><net_src comp="3327" pin="1"/><net_sink comp="672" pin=0"/></net>

<net id="3335"><net_src comp="1003" pin="3"/><net_sink comp="3332" pin=0"/></net>

<net id="3336"><net_src comp="3332" pin="1"/><net_sink comp="682" pin=2"/></net>

<net id="3340"><net_src comp="1010" pin="3"/><net_sink comp="3337" pin=0"/></net>

<net id="3341"><net_src comp="3337" pin="1"/><net_sink comp="682" pin=0"/></net>

<net id="3345"><net_src comp="1017" pin="3"/><net_sink comp="3342" pin=0"/></net>

<net id="3346"><net_src comp="3342" pin="1"/><net_sink comp="692" pin=2"/></net>

<net id="3350"><net_src comp="1024" pin="3"/><net_sink comp="3347" pin=0"/></net>

<net id="3351"><net_src comp="3347" pin="1"/><net_sink comp="692" pin=0"/></net>

<net id="3355"><net_src comp="1031" pin="3"/><net_sink comp="3352" pin=0"/></net>

<net id="3356"><net_src comp="3352" pin="1"/><net_sink comp="702" pin=2"/></net>

<net id="3360"><net_src comp="1038" pin="3"/><net_sink comp="3357" pin=0"/></net>

<net id="3361"><net_src comp="3357" pin="1"/><net_sink comp="702" pin=0"/></net>

<net id="3365"><net_src comp="1045" pin="3"/><net_sink comp="3362" pin=0"/></net>

<net id="3366"><net_src comp="3362" pin="1"/><net_sink comp="712" pin=2"/></net>

<net id="3370"><net_src comp="1052" pin="3"/><net_sink comp="3367" pin=0"/></net>

<net id="3371"><net_src comp="3367" pin="1"/><net_sink comp="712" pin=0"/></net>

<net id="3375"><net_src comp="1059" pin="3"/><net_sink comp="3372" pin=0"/></net>

<net id="3376"><net_src comp="3372" pin="1"/><net_sink comp="722" pin=2"/></net>

<net id="3380"><net_src comp="1066" pin="3"/><net_sink comp="3377" pin=0"/></net>

<net id="3381"><net_src comp="3377" pin="1"/><net_sink comp="722" pin=0"/></net>

<net id="3385"><net_src comp="1968" pin="1"/><net_sink comp="3382" pin=0"/></net>

<net id="3386"><net_src comp="3382" pin="1"/><net_sink comp="1544" pin=0"/></net>

<net id="3390"><net_src comp="2016" pin="13"/><net_sink comp="3387" pin=0"/></net>

<net id="3391"><net_src comp="3387" pin="1"/><net_sink comp="1544" pin=1"/></net>

<net id="3395"><net_src comp="2087" pin="13"/><net_sink comp="3392" pin=0"/></net>

<net id="3396"><net_src comp="3392" pin="1"/><net_sink comp="1544" pin=1"/></net>

<net id="3400"><net_src comp="1095" pin="3"/><net_sink comp="3397" pin=0"/></net>

<net id="3401"><net_src comp="3397" pin="1"/><net_sink comp="622" pin=2"/></net>

<net id="3405"><net_src comp="1102" pin="3"/><net_sink comp="3402" pin=0"/></net>

<net id="3406"><net_src comp="3402" pin="1"/><net_sink comp="622" pin=0"/></net>

<net id="3410"><net_src comp="1109" pin="3"/><net_sink comp="3407" pin=0"/></net>

<net id="3411"><net_src comp="3407" pin="1"/><net_sink comp="632" pin=2"/></net>

<net id="3415"><net_src comp="1116" pin="3"/><net_sink comp="3412" pin=0"/></net>

<net id="3416"><net_src comp="3412" pin="1"/><net_sink comp="632" pin=0"/></net>

<net id="3420"><net_src comp="1123" pin="3"/><net_sink comp="3417" pin=0"/></net>

<net id="3421"><net_src comp="3417" pin="1"/><net_sink comp="642" pin=2"/></net>

<net id="3425"><net_src comp="1130" pin="3"/><net_sink comp="3422" pin=0"/></net>

<net id="3426"><net_src comp="3422" pin="1"/><net_sink comp="642" pin=0"/></net>

<net id="3430"><net_src comp="1137" pin="3"/><net_sink comp="3427" pin=0"/></net>

<net id="3431"><net_src comp="3427" pin="1"/><net_sink comp="652" pin=2"/></net>

<net id="3435"><net_src comp="1144" pin="3"/><net_sink comp="3432" pin=0"/></net>

<net id="3436"><net_src comp="3432" pin="1"/><net_sink comp="652" pin=0"/></net>

<net id="3440"><net_src comp="1151" pin="3"/><net_sink comp="3437" pin=0"/></net>

<net id="3441"><net_src comp="3437" pin="1"/><net_sink comp="662" pin=2"/></net>

<net id="3445"><net_src comp="1158" pin="3"/><net_sink comp="3442" pin=0"/></net>

<net id="3446"><net_src comp="3442" pin="1"/><net_sink comp="662" pin=0"/></net>

<net id="3450"><net_src comp="1165" pin="3"/><net_sink comp="3447" pin=0"/></net>

<net id="3451"><net_src comp="3447" pin="1"/><net_sink comp="672" pin=2"/></net>

<net id="3455"><net_src comp="1172" pin="3"/><net_sink comp="3452" pin=0"/></net>

<net id="3456"><net_src comp="3452" pin="1"/><net_sink comp="672" pin=0"/></net>

<net id="3460"><net_src comp="1179" pin="3"/><net_sink comp="3457" pin=0"/></net>

<net id="3461"><net_src comp="3457" pin="1"/><net_sink comp="682" pin=2"/></net>

<net id="3465"><net_src comp="1186" pin="3"/><net_sink comp="3462" pin=0"/></net>

<net id="3466"><net_src comp="3462" pin="1"/><net_sink comp="682" pin=0"/></net>

<net id="3470"><net_src comp="1193" pin="3"/><net_sink comp="3467" pin=0"/></net>

<net id="3471"><net_src comp="3467" pin="1"/><net_sink comp="692" pin=2"/></net>

<net id="3475"><net_src comp="1200" pin="3"/><net_sink comp="3472" pin=0"/></net>

<net id="3476"><net_src comp="3472" pin="1"/><net_sink comp="692" pin=0"/></net>

<net id="3480"><net_src comp="1207" pin="3"/><net_sink comp="3477" pin=0"/></net>

<net id="3481"><net_src comp="3477" pin="1"/><net_sink comp="702" pin=2"/></net>

<net id="3485"><net_src comp="1214" pin="3"/><net_sink comp="3482" pin=0"/></net>

<net id="3486"><net_src comp="3482" pin="1"/><net_sink comp="702" pin=0"/></net>

<net id="3490"><net_src comp="1221" pin="3"/><net_sink comp="3487" pin=0"/></net>

<net id="3491"><net_src comp="3487" pin="1"/><net_sink comp="712" pin=2"/></net>

<net id="3495"><net_src comp="1228" pin="3"/><net_sink comp="3492" pin=0"/></net>

<net id="3496"><net_src comp="3492" pin="1"/><net_sink comp="712" pin=0"/></net>

<net id="3500"><net_src comp="1235" pin="3"/><net_sink comp="3497" pin=0"/></net>

<net id="3501"><net_src comp="3497" pin="1"/><net_sink comp="722" pin=2"/></net>

<net id="3505"><net_src comp="1242" pin="3"/><net_sink comp="3502" pin=0"/></net>

<net id="3506"><net_src comp="3502" pin="1"/><net_sink comp="722" pin=0"/></net>

<net id="3510"><net_src comp="2142" pin="1"/><net_sink comp="3507" pin=0"/></net>

<net id="3511"><net_src comp="3507" pin="1"/><net_sink comp="1544" pin=0"/></net>

<net id="3515"><net_src comp="2190" pin="13"/><net_sink comp="3512" pin=0"/></net>

<net id="3516"><net_src comp="3512" pin="1"/><net_sink comp="1544" pin=1"/></net>

<net id="3520"><net_src comp="2261" pin="13"/><net_sink comp="3517" pin=0"/></net>

<net id="3521"><net_src comp="3517" pin="1"/><net_sink comp="1544" pin=1"/></net>

<net id="3525"><net_src comp="1271" pin="3"/><net_sink comp="3522" pin=0"/></net>

<net id="3526"><net_src comp="3522" pin="1"/><net_sink comp="622" pin=2"/></net>

<net id="3530"><net_src comp="1278" pin="3"/><net_sink comp="3527" pin=0"/></net>

<net id="3531"><net_src comp="3527" pin="1"/><net_sink comp="622" pin=0"/></net>

<net id="3535"><net_src comp="1285" pin="3"/><net_sink comp="3532" pin=0"/></net>

<net id="3536"><net_src comp="3532" pin="1"/><net_sink comp="632" pin=2"/></net>

<net id="3540"><net_src comp="1292" pin="3"/><net_sink comp="3537" pin=0"/></net>

<net id="3541"><net_src comp="3537" pin="1"/><net_sink comp="632" pin=0"/></net>

<net id="3545"><net_src comp="1299" pin="3"/><net_sink comp="3542" pin=0"/></net>

<net id="3546"><net_src comp="3542" pin="1"/><net_sink comp="642" pin=2"/></net>

<net id="3550"><net_src comp="1306" pin="3"/><net_sink comp="3547" pin=0"/></net>

<net id="3551"><net_src comp="3547" pin="1"/><net_sink comp="642" pin=0"/></net>

<net id="3555"><net_src comp="1313" pin="3"/><net_sink comp="3552" pin=0"/></net>

<net id="3556"><net_src comp="3552" pin="1"/><net_sink comp="652" pin=2"/></net>

<net id="3560"><net_src comp="1320" pin="3"/><net_sink comp="3557" pin=0"/></net>

<net id="3561"><net_src comp="3557" pin="1"/><net_sink comp="652" pin=0"/></net>

<net id="3565"><net_src comp="1327" pin="3"/><net_sink comp="3562" pin=0"/></net>

<net id="3566"><net_src comp="3562" pin="1"/><net_sink comp="662" pin=2"/></net>

<net id="3570"><net_src comp="1334" pin="3"/><net_sink comp="3567" pin=0"/></net>

<net id="3571"><net_src comp="3567" pin="1"/><net_sink comp="662" pin=0"/></net>

<net id="3575"><net_src comp="1341" pin="3"/><net_sink comp="3572" pin=0"/></net>

<net id="3576"><net_src comp="3572" pin="1"/><net_sink comp="672" pin=2"/></net>

<net id="3580"><net_src comp="1348" pin="3"/><net_sink comp="3577" pin=0"/></net>

<net id="3581"><net_src comp="3577" pin="1"/><net_sink comp="672" pin=0"/></net>

<net id="3585"><net_src comp="1355" pin="3"/><net_sink comp="3582" pin=0"/></net>

<net id="3586"><net_src comp="3582" pin="1"/><net_sink comp="682" pin=2"/></net>

<net id="3590"><net_src comp="1362" pin="3"/><net_sink comp="3587" pin=0"/></net>

<net id="3591"><net_src comp="3587" pin="1"/><net_sink comp="682" pin=0"/></net>

<net id="3595"><net_src comp="1369" pin="3"/><net_sink comp="3592" pin=0"/></net>

<net id="3596"><net_src comp="3592" pin="1"/><net_sink comp="692" pin=2"/></net>

<net id="3600"><net_src comp="1376" pin="3"/><net_sink comp="3597" pin=0"/></net>

<net id="3601"><net_src comp="3597" pin="1"/><net_sink comp="692" pin=0"/></net>

<net id="3605"><net_src comp="1383" pin="3"/><net_sink comp="3602" pin=0"/></net>

<net id="3606"><net_src comp="3602" pin="1"/><net_sink comp="702" pin=2"/></net>

<net id="3610"><net_src comp="1390" pin="3"/><net_sink comp="3607" pin=0"/></net>

<net id="3611"><net_src comp="3607" pin="1"/><net_sink comp="702" pin=0"/></net>

<net id="3615"><net_src comp="1397" pin="3"/><net_sink comp="3612" pin=0"/></net>

<net id="3616"><net_src comp="3612" pin="1"/><net_sink comp="712" pin=2"/></net>

<net id="3620"><net_src comp="1404" pin="3"/><net_sink comp="3617" pin=0"/></net>

<net id="3621"><net_src comp="3617" pin="1"/><net_sink comp="712" pin=0"/></net>

<net id="3625"><net_src comp="1411" pin="3"/><net_sink comp="3622" pin=0"/></net>

<net id="3626"><net_src comp="3622" pin="1"/><net_sink comp="722" pin=2"/></net>

<net id="3630"><net_src comp="1418" pin="3"/><net_sink comp="3627" pin=0"/></net>

<net id="3631"><net_src comp="3627" pin="1"/><net_sink comp="722" pin=0"/></net>

<net id="3635"><net_src comp="2316" pin="1"/><net_sink comp="3632" pin=0"/></net>

<net id="3636"><net_src comp="3632" pin="1"/><net_sink comp="1544" pin=0"/></net>

<net id="3640"><net_src comp="2364" pin="13"/><net_sink comp="3637" pin=0"/></net>

<net id="3641"><net_src comp="3637" pin="1"/><net_sink comp="1544" pin=1"/></net>

<net id="3645"><net_src comp="2435" pin="13"/><net_sink comp="3642" pin=0"/></net>

<net id="3646"><net_src comp="3642" pin="1"/><net_sink comp="1544" pin=1"/></net>

<net id="3650"><net_src comp="1447" pin="3"/><net_sink comp="3647" pin=0"/></net>

<net id="3651"><net_src comp="3647" pin="1"/><net_sink comp="622" pin=0"/></net>

<net id="3655"><net_src comp="1454" pin="3"/><net_sink comp="3652" pin=0"/></net>

<net id="3656"><net_src comp="3652" pin="1"/><net_sink comp="632" pin=0"/></net>

<net id="3660"><net_src comp="1461" pin="3"/><net_sink comp="3657" pin=0"/></net>

<net id="3661"><net_src comp="3657" pin="1"/><net_sink comp="642" pin=0"/></net>

<net id="3665"><net_src comp="1468" pin="3"/><net_sink comp="3662" pin=0"/></net>

<net id="3666"><net_src comp="3662" pin="1"/><net_sink comp="652" pin=0"/></net>

<net id="3670"><net_src comp="1475" pin="3"/><net_sink comp="3667" pin=0"/></net>

<net id="3671"><net_src comp="3667" pin="1"/><net_sink comp="662" pin=0"/></net>

<net id="3675"><net_src comp="1482" pin="3"/><net_sink comp="3672" pin=0"/></net>

<net id="3676"><net_src comp="3672" pin="1"/><net_sink comp="672" pin=0"/></net>

<net id="3680"><net_src comp="1489" pin="3"/><net_sink comp="3677" pin=0"/></net>

<net id="3681"><net_src comp="3677" pin="1"/><net_sink comp="682" pin=0"/></net>

<net id="3685"><net_src comp="1496" pin="3"/><net_sink comp="3682" pin=0"/></net>

<net id="3686"><net_src comp="3682" pin="1"/><net_sink comp="692" pin=0"/></net>

<net id="3690"><net_src comp="1503" pin="3"/><net_sink comp="3687" pin=0"/></net>

<net id="3691"><net_src comp="3687" pin="1"/><net_sink comp="702" pin=0"/></net>

<net id="3695"><net_src comp="1510" pin="3"/><net_sink comp="3692" pin=0"/></net>

<net id="3696"><net_src comp="3692" pin="1"/><net_sink comp="712" pin=0"/></net>

<net id="3700"><net_src comp="1517" pin="3"/><net_sink comp="3697" pin=0"/></net>

<net id="3701"><net_src comp="3697" pin="1"/><net_sink comp="722" pin=0"/></net>

<net id="3705"><net_src comp="2476" pin="1"/><net_sink comp="3702" pin=0"/></net>

<net id="3706"><net_src comp="3702" pin="1"/><net_sink comp="1544" pin=0"/></net>

<net id="3710"><net_src comp="2524" pin="13"/><net_sink comp="3707" pin=0"/></net>

<net id="3711"><net_src comp="3707" pin="1"/><net_sink comp="1544" pin=1"/></net>

<net id="3715"><net_src comp="2595" pin="13"/><net_sink comp="3712" pin=0"/></net>

<net id="3716"><net_src comp="3712" pin="1"/><net_sink comp="1544" pin=1"/></net>

<net id="3720"><net_src comp="2622" pin="1"/><net_sink comp="3717" pin=0"/></net>

<net id="3721"><net_src comp="3717" pin="1"/><net_sink comp="1540" pin=0"/></net>

<net id="3725"><net_src comp="2626" pin="1"/><net_sink comp="3722" pin=0"/></net>

<net id="3726"><net_src comp="3722" pin="1"/><net_sink comp="1544" pin=0"/></net>

<net id="3730"><net_src comp="2674" pin="13"/><net_sink comp="3727" pin=0"/></net>

<net id="3731"><net_src comp="3727" pin="1"/><net_sink comp="1544" pin=1"/></net>

<net id="3735"><net_src comp="2701" pin="1"/><net_sink comp="3732" pin=0"/></net>

<net id="3736"><net_src comp="3732" pin="1"/><net_sink comp="1544" pin=0"/></net>

<net id="3740"><net_src comp="1544" pin="2"/><net_sink comp="3737" pin=0"/></net>

<net id="3741"><net_src comp="3737" pin="1"/><net_sink comp="1540" pin=1"/></net>

<net id="3745"><net_src comp="2705" pin="1"/><net_sink comp="3742" pin=0"/></net>

<net id="3746"><net_src comp="3742" pin="1"/><net_sink comp="1544" pin=0"/></net>

<net id="3750"><net_src comp="1544" pin="2"/><net_sink comp="3747" pin=0"/></net>

<net id="3751"><net_src comp="3747" pin="1"/><net_sink comp="1540" pin=1"/></net>

<net id="3755"><net_src comp="2709" pin="1"/><net_sink comp="3752" pin=0"/></net>

<net id="3756"><net_src comp="3752" pin="1"/><net_sink comp="1544" pin=0"/></net>

<net id="3760"><net_src comp="1544" pin="2"/><net_sink comp="3757" pin=0"/></net>

<net id="3761"><net_src comp="3757" pin="1"/><net_sink comp="1540" pin=1"/></net>

<net id="3765"><net_src comp="2713" pin="1"/><net_sink comp="3762" pin=0"/></net>

<net id="3766"><net_src comp="3762" pin="1"/><net_sink comp="1544" pin=0"/></net>

<net id="3770"><net_src comp="2717" pin="1"/><net_sink comp="3767" pin=0"/></net>

<net id="3771"><net_src comp="3767" pin="1"/><net_sink comp="1544" pin=0"/></net>

<net id="3775"><net_src comp="1544" pin="2"/><net_sink comp="3772" pin=0"/></net>

<net id="3776"><net_src comp="3772" pin="1"/><net_sink comp="1540" pin=1"/></net>

<net id="3780"><net_src comp="2721" pin="1"/><net_sink comp="3777" pin=0"/></net>

<net id="3781"><net_src comp="3777" pin="1"/><net_sink comp="1544" pin=0"/></net>

<net id="3785"><net_src comp="1544" pin="2"/><net_sink comp="3782" pin=0"/></net>

<net id="3786"><net_src comp="3782" pin="1"/><net_sink comp="1540" pin=1"/></net>

<net id="3790"><net_src comp="1544" pin="2"/><net_sink comp="3787" pin=0"/></net>

<net id="3791"><net_src comp="3787" pin="1"/><net_sink comp="1540" pin=1"/></net>

<net id="3795"><net_src comp="1544" pin="2"/><net_sink comp="3792" pin=0"/></net>

<net id="3796"><net_src comp="3792" pin="1"/><net_sink comp="1540" pin=1"/></net>

</net_list>

</model> 
---------------- Datapath Model END ------------------

* FSMD analyzer results:
  - Output states:
	Port: output_fm | {66 }
	Port: weights_0 | {}
	Port: weights_1 | {}
	Port: weights_2 | {}
	Port: weights_3 | {}
	Port: weights_4 | {}
	Port: weights_5 | {}
	Port: weights_6 | {}
	Port: weights_7 | {}
	Port: weights_8 | {}
	Port: weights_9 | {}
	Port: weights_10 | {}
	Port: input_fm_0 | {}
	Port: input_fm_1 | {}
	Port: input_fm_2 | {}
	Port: input_fm_3 | {}
	Port: input_fm_4 | {}
	Port: input_fm_5 | {}
	Port: input_fm_6 | {}
	Port: input_fm_7 | {}
	Port: input_fm_8 | {}
	Port: input_fm_9 | {}
	Port: input_fm_10 | {}
 - Input state : 
	Port: conv_Pipeline_VITIS_LOOP_48_8 : bitcast_ln52 | {1 }
	Port: conv_Pipeline_VITIS_LOOP_48_8 : output_fm | {}
	Port: conv_Pipeline_VITIS_LOOP_48_8 : add_ln52_10 | {1 }
	Port: conv_Pipeline_VITIS_LOOP_48_8 : empty | {1 }
	Port: conv_Pipeline_VITIS_LOOP_48_8 : weights_0 | {1 2 }
	Port: conv_Pipeline_VITIS_LOOP_48_8 : weights_1 | {1 2 }
	Port: conv_Pipeline_VITIS_LOOP_48_8 : weights_2 | {1 2 }
	Port: conv_Pipeline_VITIS_LOOP_48_8 : weights_3 | {1 2 }
	Port: conv_Pipeline_VITIS_LOOP_48_8 : weights_4 | {1 2 }
	Port: conv_Pipeline_VITIS_LOOP_48_8 : weights_5 | {1 2 }
	Port: conv_Pipeline_VITIS_LOOP_48_8 : weights_6 | {1 2 }
	Port: conv_Pipeline_VITIS_LOOP_48_8 : weights_7 | {1 2 }
	Port: conv_Pipeline_VITIS_LOOP_48_8 : weights_8 | {1 2 }
	Port: conv_Pipeline_VITIS_LOOP_48_8 : weights_9 | {1 2 }
	Port: conv_Pipeline_VITIS_LOOP_48_8 : weights_10 | {1 2 }
	Port: conv_Pipeline_VITIS_LOOP_48_8 : select_ln39_1 | {1 }
	Port: conv_Pipeline_VITIS_LOOP_48_8 : mul_ln52_1 | {1 }
	Port: conv_Pipeline_VITIS_LOOP_48_8 : zext_ln52_1 | {1 }
	Port: conv_Pipeline_VITIS_LOOP_48_8 : input_fm_0 | {5 6 7 8 9 10 11 }
	Port: conv_Pipeline_VITIS_LOOP_48_8 : zext_ln52_2 | {1 }
	Port: conv_Pipeline_VITIS_LOOP_48_8 : zext_ln52_3 | {1 }
	Port: conv_Pipeline_VITIS_LOOP_48_8 : zext_ln52_4 | {1 }
	Port: conv_Pipeline_VITIS_LOOP_48_8 : zext_ln52_5 | {1 }
	Port: conv_Pipeline_VITIS_LOOP_48_8 : zext_ln52_6 | {1 }
	Port: conv_Pipeline_VITIS_LOOP_48_8 : zext_ln52_7 | {1 }
	Port: conv_Pipeline_VITIS_LOOP_48_8 : zext_ln52_8 | {1 }
	Port: conv_Pipeline_VITIS_LOOP_48_8 : zext_ln52_9 | {1 }
	Port: conv_Pipeline_VITIS_LOOP_48_8 : zext_ln52_10 | {1 }
	Port: conv_Pipeline_VITIS_LOOP_48_8 : zext_ln52_11 | {1 }
	Port: conv_Pipeline_VITIS_LOOP_48_8 : input_fm_1 | {5 6 7 8 9 10 11 }
	Port: conv_Pipeline_VITIS_LOOP_48_8 : input_fm_2 | {5 6 7 8 9 10 11 }
	Port: conv_Pipeline_VITIS_LOOP_48_8 : input_fm_3 | {5 6 7 8 9 10 11 }
	Port: conv_Pipeline_VITIS_LOOP_48_8 : input_fm_4 | {5 6 7 8 9 10 11 }
	Port: conv_Pipeline_VITIS_LOOP_48_8 : input_fm_5 | {5 6 7 8 9 10 11 }
	Port: conv_Pipeline_VITIS_LOOP_48_8 : input_fm_6 | {5 6 7 8 9 10 11 }
	Port: conv_Pipeline_VITIS_LOOP_48_8 : input_fm_7 | {5 6 7 8 9 10 11 }
	Port: conv_Pipeline_VITIS_LOOP_48_8 : input_fm_8 | {5 6 7 8 9 10 11 }
	Port: conv_Pipeline_VITIS_LOOP_48_8 : input_fm_9 | {5 6 7 8 9 10 11 }
	Port: conv_Pipeline_VITIS_LOOP_48_8 : input_fm_10 | {5 6 7 8 9 10 11 }
	Port: conv_Pipeline_VITIS_LOOP_48_8 : trunc_ln | {1 }
	Port: conv_Pipeline_VITIS_LOOP_48_8 : trunc_ln52_1 | {1 }
	Port: conv_Pipeline_VITIS_LOOP_48_8 : trunc_ln52_2 | {1 }
	Port: conv_Pipeline_VITIS_LOOP_48_8 : trunc_ln52_3 | {1 }
	Port: conv_Pipeline_VITIS_LOOP_48_8 : trunc_ln52_4 | {1 }
	Port: conv_Pipeline_VITIS_LOOP_48_8 : trunc_ln52_5 | {1 }
	Port: conv_Pipeline_VITIS_LOOP_48_8 : trunc_ln52_6 | {1 }
	Port: conv_Pipeline_VITIS_LOOP_48_8 : trunc_ln52_7 | {1 }
	Port: conv_Pipeline_VITIS_LOOP_48_8 : trunc_ln52_8 | {1 }
	Port: conv_Pipeline_VITIS_LOOP_48_8 : trunc_ln52_9 | {1 }
	Port: conv_Pipeline_VITIS_LOOP_48_8 : trunc_ln52_s | {1 }
  - Chain level:
	State 1
		store_ln0 : 1
		j_1 : 1
		output_fm_addr : 1
		icmp_ln48 : 2
		add_ln48 : 2
		br_ln48 : 3
		j_cast1 : 2
		empty_16 : 3
		p_cast2 : 4
		weights_0_addr : 5
		weights_1_addr : 5
		weights_2_addr : 5
		weights_3_addr : 5
		weights_4_addr : 5
		weights_5_addr : 5
		weights_6_addr : 5
		weights_7_addr : 5
		weights_8_addr : 5
		weights_9_addr : 5
		weights_10_addr : 5
		j_cast : 2
		empty_17 : 3
		zext_ln52 : 4
		add_ln52 : 5
		zext_ln52_12 : 6
		mul_ln52 : 7
		weights_0_load : 6
		weights_1_load : 6
		weights_2_load : 6
		weights_3_load : 6
		weights_4_load : 6
		weights_5_load : 6
		weights_6_load : 6
		weights_7_load : 6
		weights_8_load : 6
		weights_9_load : 6
		weights_10_load : 6
		ifzero : 3
		br_ln48 : 4
	State 2
	State 3
	State 4
	State 5
		zext_ln52_13 : 1
		input_fm_0_addr : 2
		zext_ln52_14 : 1
		input_fm_0_addr_1 : 2
		input_fm_1_addr : 2
		input_fm_1_addr_1 : 2
		input_fm_2_addr : 2
		input_fm_2_addr_1 : 2
		input_fm_3_addr : 2
		input_fm_3_addr_1 : 2
		input_fm_4_addr : 2
		input_fm_4_addr_1 : 2
		input_fm_5_addr : 2
		input_fm_5_addr_1 : 2
		input_fm_6_addr : 2
		input_fm_6_addr_1 : 2
		input_fm_7_addr : 2
		input_fm_7_addr_1 : 2
		input_fm_8_addr : 2
		input_fm_8_addr_1 : 2
		input_fm_9_addr : 2
		input_fm_9_addr_1 : 2
		input_fm_10_addr : 2
		input_fm_10_addr_1 : 2
		input_fm_0_load : 3
		input_fm_1_load : 3
		input_fm_2_load : 3
		input_fm_3_load : 3
		input_fm_4_load : 3
		input_fm_5_load : 3
		input_fm_6_load : 3
		input_fm_7_load : 3
		input_fm_8_load : 3
		input_fm_9_load : 3
		input_fm_10_load : 3
		input_fm_0_load_1 : 3
		input_fm_1_load_1 : 3
		input_fm_2_load_1 : 3
		input_fm_3_load_1 : 3
		input_fm_4_load_1 : 3
		input_fm_5_load_1 : 3
		input_fm_6_load_1 : 3
		input_fm_7_load_1 : 3
		input_fm_8_load_1 : 3
		input_fm_9_load_1 : 3
		input_fm_10_load_1 : 3
	State 6
		zext_ln52_15 : 1
		input_fm_0_addr_2 : 2
		zext_ln52_16 : 1
		input_fm_0_addr_3 : 2
		input_fm_1_addr_2 : 2
		input_fm_1_addr_3 : 2
		input_fm_2_addr_2 : 2
		input_fm_2_addr_3 : 2
		input_fm_3_addr_2 : 2
		input_fm_3_addr_3 : 2
		input_fm_4_addr_2 : 2
		input_fm_4_addr_3 : 2
		input_fm_5_addr_2 : 2
		input_fm_5_addr_3 : 2
		input_fm_6_addr_2 : 2
		input_fm_6_addr_3 : 2
		input_fm_7_addr_2 : 2
		input_fm_7_addr_3 : 2
		input_fm_8_addr_2 : 2
		input_fm_8_addr_3 : 2
		input_fm_9_addr_2 : 2
		input_fm_9_addr_3 : 2
		input_fm_10_addr_2 : 2
		input_fm_10_addr_3 : 2
		bitcast_ln52_2 : 1
		bitcast_ln52_3 : 1
		bitcast_ln52_4 : 1
		bitcast_ln52_5 : 1
		bitcast_ln52_6 : 1
		bitcast_ln52_7 : 1
		bitcast_ln52_8 : 1
		bitcast_ln52_9 : 1
		bitcast_ln52_10 : 1
		bitcast_ln52_11 : 1
		bitcast_ln52_12 : 1
		tmp_1 : 2
		bitcast_ln52_13 : 1
		bitcast_ln52_14 : 1
		bitcast_ln52_15 : 1
		bitcast_ln52_16 : 1
		bitcast_ln52_17 : 1
		bitcast_ln52_18 : 1
		bitcast_ln52_19 : 1
		bitcast_ln52_20 : 1
		bitcast_ln52_21 : 1
		bitcast_ln52_22 : 1
		bitcast_ln52_23 : 1
		tmp_1_1 : 2
		input_fm_0_load_2 : 3
		input_fm_1_load_2 : 3
		input_fm_2_load_2 : 3
		input_fm_3_load_2 : 3
		input_fm_4_load_2 : 3
		input_fm_5_load_2 : 3
		input_fm_6_load_2 : 3
		input_fm_7_load_2 : 3
		input_fm_8_load_2 : 3
		input_fm_9_load_2 : 3
		input_fm_10_load_2 : 3
		input_fm_0_load_3 : 3
		input_fm_1_load_3 : 3
		input_fm_2_load_3 : 3
		input_fm_3_load_3 : 3
		input_fm_4_load_3 : 3
		input_fm_5_load_3 : 3
		input_fm_6_load_3 : 3
		input_fm_7_load_3 : 3
		input_fm_8_load_3 : 3
		input_fm_9_load_3 : 3
		input_fm_10_load_3 : 3
	State 7
		zext_ln52_17 : 1
		input_fm_0_addr_4 : 2
		zext_ln52_18 : 1
		input_fm_0_addr_5 : 2
		input_fm_1_addr_4 : 2
		input_fm_1_addr_5 : 2
		input_fm_2_addr_4 : 2
		input_fm_2_addr_5 : 2
		input_fm_3_addr_4 : 2
		input_fm_3_addr_5 : 2
		input_fm_4_addr_4 : 2
		input_fm_4_addr_5 : 2
		input_fm_5_addr_4 : 2
		input_fm_5_addr_5 : 2
		input_fm_6_addr_4 : 2
		input_fm_6_addr_5 : 2
		input_fm_7_addr_4 : 2
		input_fm_7_addr_5 : 2
		input_fm_8_addr_4 : 2
		input_fm_8_addr_5 : 2
		input_fm_9_addr_4 : 2
		input_fm_9_addr_5 : 2
		input_fm_10_addr_4 : 2
		input_fm_10_addr_5 : 2
		mul : 1
		bitcast_ln52_24 : 1
		bitcast_ln52_25 : 1
		bitcast_ln52_26 : 1
		bitcast_ln52_27 : 1
		bitcast_ln52_28 : 1
		bitcast_ln52_29 : 1
		bitcast_ln52_30 : 1
		bitcast_ln52_31 : 1
		bitcast_ln52_32 : 1
		bitcast_ln52_33 : 1
		bitcast_ln52_34 : 1
		tmp_1_2 : 2
		bitcast_ln52_35 : 1
		bitcast_ln52_36 : 1
		bitcast_ln52_37 : 1
		bitcast_ln52_38 : 1
		bitcast_ln52_39 : 1
		bitcast_ln52_40 : 1
		bitcast_ln52_41 : 1
		bitcast_ln52_42 : 1
		bitcast_ln52_43 : 1
		bitcast_ln52_44 : 1
		bitcast_ln52_45 : 1
		tmp_1_3 : 2
		input_fm_0_load_4 : 3
		input_fm_1_load_4 : 3
		input_fm_2_load_4 : 3
		input_fm_3_load_4 : 3
		input_fm_4_load_4 : 3
		input_fm_5_load_4 : 3
		input_fm_6_load_4 : 3
		input_fm_7_load_4 : 3
		input_fm_8_load_4 : 3
		input_fm_9_load_4 : 3
		input_fm_10_load_4 : 3
		input_fm_0_load_5 : 3
		input_fm_1_load_5 : 3
		input_fm_2_load_5 : 3
		input_fm_3_load_5 : 3
		input_fm_4_load_5 : 3
		input_fm_5_load_5 : 3
		input_fm_6_load_5 : 3
		input_fm_7_load_5 : 3
		input_fm_8_load_5 : 3
		input_fm_9_load_5 : 3
		input_fm_10_load_5 : 3
	State 8
		input_fm_0_addr_6 : 1
		input_fm_0_addr_7 : 1
		input_fm_1_addr_6 : 1
		input_fm_1_addr_7 : 1
		input_fm_2_addr_6 : 1
		input_fm_2_addr_7 : 1
		input_fm_3_addr_6 : 1
		input_fm_3_addr_7 : 1
		input_fm_4_addr_6 : 1
		input_fm_4_addr_7 : 1
		input_fm_5_addr_6 : 1
		input_fm_5_addr_7 : 1
		input_fm_6_addr_6 : 1
		input_fm_6_addr_7 : 1
		input_fm_7_addr_6 : 1
		input_fm_7_addr_7 : 1
		input_fm_8_addr_6 : 1
		input_fm_8_addr_7 : 1
		input_fm_9_addr_6 : 1
		input_fm_9_addr_7 : 1
		input_fm_10_addr_6 : 1
		input_fm_10_addr_7 : 1
		mul_1 : 1
		bitcast_ln52_46 : 1
		bitcast_ln52_47 : 1
		bitcast_ln52_48 : 1
		bitcast_ln52_49 : 1
		bitcast_ln52_50 : 1
		bitcast_ln52_51 : 1
		bitcast_ln52_52 : 1
		bitcast_ln52_53 : 1
		bitcast_ln52_54 : 1
		bitcast_ln52_55 : 1
		bitcast_ln52_56 : 1
		tmp_1_4 : 2
		bitcast_ln52_57 : 1
		bitcast_ln52_58 : 1
		bitcast_ln52_59 : 1
		bitcast_ln52_60 : 1
		bitcast_ln52_61 : 1
		bitcast_ln52_62 : 1
		bitcast_ln52_63 : 1
		bitcast_ln52_64 : 1
		bitcast_ln52_65 : 1
		bitcast_ln52_66 : 1
		bitcast_ln52_67 : 1
		tmp_1_5 : 2
		input_fm_0_load_6 : 2
		input_fm_1_load_6 : 2
		input_fm_2_load_6 : 2
		input_fm_3_load_6 : 2
		input_fm_4_load_6 : 2
		input_fm_5_load_6 : 2
		input_fm_6_load_6 : 2
		input_fm_7_load_6 : 2
		input_fm_8_load_6 : 2
		input_fm_9_load_6 : 2
		input_fm_10_load_6 : 2
		input_fm_0_load_7 : 2
		input_fm_1_load_7 : 2
		input_fm_2_load_7 : 2
		input_fm_3_load_7 : 2
		input_fm_4_load_7 : 2
		input_fm_5_load_7 : 2
		input_fm_6_load_7 : 2
		input_fm_7_load_7 : 2
		input_fm_8_load_7 : 2
		input_fm_9_load_7 : 2
		input_fm_10_load_7 : 2
	State 9
		input_fm_0_addr_8 : 1
		input_fm_0_addr_9 : 1
		input_fm_1_addr_8 : 1
		input_fm_1_addr_9 : 1
		input_fm_2_addr_8 : 1
		input_fm_2_addr_9 : 1
		input_fm_3_addr_8 : 1
		input_fm_3_addr_9 : 1
		input_fm_4_addr_8 : 1
		input_fm_4_addr_9 : 1
		input_fm_5_addr_8 : 1
		input_fm_5_addr_9 : 1
		input_fm_6_addr_8 : 1
		input_fm_6_addr_9 : 1
		input_fm_7_addr_8 : 1
		input_fm_7_addr_9 : 1
		input_fm_8_addr_8 : 1
		input_fm_8_addr_9 : 1
		input_fm_9_addr_8 : 1
		input_fm_9_addr_9 : 1
		input_fm_10_addr_8 : 1
		input_fm_10_addr_9 : 1
		mul_2 : 1
		bitcast_ln52_68 : 1
		bitcast_ln52_69 : 1
		bitcast_ln52_70 : 1
		bitcast_ln52_71 : 1
		bitcast_ln52_72 : 1
		bitcast_ln52_73 : 1
		bitcast_ln52_74 : 1
		bitcast_ln52_75 : 1
		bitcast_ln52_76 : 1
		bitcast_ln52_77 : 1
		bitcast_ln52_78 : 1
		tmp_1_6 : 2
		bitcast_ln52_79 : 1
		bitcast_ln52_80 : 1
		bitcast_ln52_81 : 1
		bitcast_ln52_82 : 1
		bitcast_ln52_83 : 1
		bitcast_ln52_84 : 1
		bitcast_ln52_85 : 1
		bitcast_ln52_86 : 1
		bitcast_ln52_87 : 1
		bitcast_ln52_88 : 1
		bitcast_ln52_89 : 1
		tmp_1_7 : 2
		input_fm_0_load_8 : 2
		input_fm_1_load_8 : 2
		input_fm_2_load_8 : 2
		input_fm_3_load_8 : 2
		input_fm_4_load_8 : 2
		input_fm_5_load_8 : 2
		input_fm_6_load_8 : 2
		input_fm_7_load_8 : 2
		input_fm_8_load_8 : 2
		input_fm_9_load_8 : 2
		input_fm_10_load_8 : 2
		input_fm_0_load_9 : 2
		input_fm_1_load_9 : 2
		input_fm_2_load_9 : 2
		input_fm_3_load_9 : 2
		input_fm_4_load_9 : 2
		input_fm_5_load_9 : 2
		input_fm_6_load_9 : 2
		input_fm_7_load_9 : 2
		input_fm_8_load_9 : 2
		input_fm_9_load_9 : 2
		input_fm_10_load_9 : 2
	State 10
		input_fm_0_addr_10 : 1
		input_fm_1_addr_10 : 1
		input_fm_2_addr_10 : 1
		input_fm_3_addr_10 : 1
		input_fm_4_addr_10 : 1
		input_fm_5_addr_10 : 1
		input_fm_6_addr_10 : 1
		input_fm_7_addr_10 : 1
		input_fm_8_addr_10 : 1
		input_fm_9_addr_10 : 1
		input_fm_10_addr_10 : 1
		mul_3 : 1
		bitcast_ln52_90 : 1
		bitcast_ln52_91 : 1
		bitcast_ln52_92 : 1
		bitcast_ln52_93 : 1
		bitcast_ln52_94 : 1
		bitcast_ln52_95 : 1
		bitcast_ln52_96 : 1
		bitcast_ln52_97 : 1
		bitcast_ln52_98 : 1
		bitcast_ln52_99 : 1
		bitcast_ln52_100 : 1
		tmp_1_8 : 2
		bitcast_ln52_101 : 1
		bitcast_ln52_102 : 1
		bitcast_ln52_103 : 1
		bitcast_ln52_104 : 1
		bitcast_ln52_105 : 1
		bitcast_ln52_106 : 1
		bitcast_ln52_107 : 1
		bitcast_ln52_108 : 1
		bitcast_ln52_109 : 1
		bitcast_ln52_110 : 1
		bitcast_ln52_111 : 1
		tmp_1_9 : 2
		input_fm_0_load_10 : 2
		input_fm_1_load_10 : 2
		input_fm_2_load_10 : 2
		input_fm_3_load_10 : 2
		input_fm_4_load_10 : 2
		input_fm_5_load_10 : 2
		input_fm_6_load_10 : 2
		input_fm_7_load_10 : 2
		input_fm_8_load_10 : 2
		input_fm_9_load_10 : 2
		input_fm_10_load_10 : 2
	State 11
		add : 1
		mul_4 : 1
		bitcast_ln52_112 : 1
		bitcast_ln52_113 : 1
		bitcast_ln52_114 : 1
		bitcast_ln52_115 : 1
		bitcast_ln52_116 : 1
		bitcast_ln52_117 : 1
		bitcast_ln52_118 : 1
		bitcast_ln52_119 : 1
		bitcast_ln52_120 : 1
		bitcast_ln52_121 : 1
		bitcast_ln52_122 : 1
		tmp_1_s : 2
	State 12
		mul_5 : 1
	State 13
		mul_6 : 1
	State 14
		mul_7 : 1
	State 15
		mul_8 : 1
	State 16
		mul_9 : 1
	State 17
		mul_s : 1
	State 18
	State 19
	State 20
	State 21
	State 22
	State 23
	State 24
	State 25
	State 26
	State 27
	State 28
	State 29
	State 30
	State 31
	State 32
	State 33
	State 34
	State 35
	State 36
	State 37
	State 38
	State 39
	State 40
	State 41
	State 42
	State 43
	State 44
	State 45
	State 46
	State 47
	State 48
	State 49
	State 50
	State 51
	State 52
	State 53
	State 54
	State 55
	State 56
	State 57
	State 58
	State 59
	State 60
	State 61
	State 62
	State 63
	State 64
	State 65
	State 66
		store_ln52 : 1


============================================================
+ Verbose Summary: Datapath Resource usage 
============================================================

* Functional unit list:
|----------|--------------------------------|---------|---------|---------|
| Operation|         Functional Unit        |   DSP   |    FF   |   LUT   |
|----------|--------------------------------|---------|---------|---------|
|          |          tmp_1_fu_1812         |    0    |    0    |    59   |
|          |         tmp_1_1_fu_1883        |    0    |    0    |    59   |
|          |         tmp_1_2_fu_2016        |    0    |    0    |    59   |
|          |         tmp_1_3_fu_2087        |    0    |    0    |    59   |
|          |         tmp_1_4_fu_2190        |    0    |    0    |    59   |
|    mux   |         tmp_1_5_fu_2261        |    0    |    0    |    59   |
|          |         tmp_1_6_fu_2364        |    0    |    0    |    59   |
|          |         tmp_1_7_fu_2435        |    0    |    0    |    59   |
|          |         tmp_1_8_fu_2524        |    0    |    0    |    59   |
|          |         tmp_1_9_fu_2595        |    0    |    0    |    59   |
|          |         tmp_1_s_fu_2674        |    0    |    0    |    59   |
|----------|--------------------------------|---------|---------|---------|
|   fadd   |           grp_fu_1540          |    2    |   205   |   390   |
|----------|--------------------------------|---------|---------|---------|
|   fmul   |           grp_fu_1544          |    3    |   143   |   321   |
|----------|--------------------------------|---------|---------|---------|
|          |        add_ln48_fu_1631        |    0    |    0    |    13   |
|          |        empty_16_fu_1641        |    0    |    0    |    12   |
|          |        empty_17_fu_1666        |    0    |    0    |    15   |
|          |        add_ln52_fu_1676        |    0    |    0    |    13   |
|          |       add_ln52_1_fu_1692       |    0    |    0    |    17   |
|          |       add_ln52_2_fu_1711       |    0    |    0    |    17   |
|          |       add_ln52_3_fu_1730       |    0    |    0    |    17   |
|    add   |       add_ln52_4_fu_1749       |    0    |    0    |    17   |
|          |       add_ln52_5_fu_1910       |    0    |    0    |    17   |
|          |       add_ln52_6_fu_1929       |    0    |    0    |    17   |
|          |       add_ln52_7_fu_1948       |    0    |    0    |    17   |
|          |       add_ln52_8_fu_1952       |    0    |    0    |    17   |
|          |       add_ln52_9_fu_1956       |    0    |    0    |    17   |
|          |       add_ln52_11_fu_1960      |    0    |    0    |    17   |
|          |       add_ln52_12_fu_1964      |    0    |    0    |    17   |
|----------|--------------------------------|---------|---------|---------|
|   icmp   |        icmp_ln48_fu_1625       |    0    |    0    |    9    |
|          |         ifzero_fu_1686         |    0    |    0    |    9    |
|----------|--------------------------------|---------|---------|---------|
|    mul   |           grp_fu_2739          |    1    |    0    |    0    |
|----------|--------------------------------|---------|---------|---------|
|          |   trunc_ln52_read_read_fu_156  |    0    |    0    |    0    |
|          |  trunc_ln52_9_read_read_fu_162 |    0    |    0    |    0    |
|          |  trunc_ln52_8_read_read_fu_168 |    0    |    0    |    0    |
|          |  trunc_ln52_7_read_read_fu_174 |    0    |    0    |    0    |
|          |  trunc_ln52_6_read_read_fu_180 |    0    |    0    |    0    |
|          |  trunc_ln52_5_read_read_fu_186 |    0    |    0    |    0    |
|          |  trunc_ln52_4_read_read_fu_192 |    0    |    0    |    0    |
|          |  trunc_ln52_3_read_read_fu_198 |    0    |    0    |    0    |
|          |  trunc_ln52_2_read_read_fu_204 |    0    |    0    |    0    |
|          |  trunc_ln52_1_read_read_fu_210 |    0    |    0    |    0    |
|          |    trunc_ln_read_read_fu_216   |    0    |    0    |    0    |
|          |  zext_ln52_11_read_read_fu_222 |    0    |    0    |    0    |
|          |  zext_ln52_10_read_read_fu_228 |    0    |    0    |    0    |
|   read   |  zext_ln52_9_read_read_fu_234  |    0    |    0    |    0    |
|          |  zext_ln52_8_read_read_fu_240  |    0    |    0    |    0    |
|          |  zext_ln52_7_read_read_fu_246  |    0    |    0    |    0    |
|          |  zext_ln52_6_read_read_fu_252  |    0    |    0    |    0    |
|          |  zext_ln52_5_read_read_fu_258  |    0    |    0    |    0    |
|          |  zext_ln52_4_read_read_fu_264  |    0    |    0    |    0    |
|          |  zext_ln52_3_read_read_fu_270  |    0    |    0    |    0    |
|          |  zext_ln52_2_read_read_fu_276  |    0    |    0    |    0    |
|          |  zext_ln52_1_read_read_fu_282  |    0    |    0    |    0    |
|          |   mul_ln52_1_read_read_fu_288  |    0    |    0    |    0    |
|          | select_ln39_1_read_read_fu_294 |    0    |    0    |    0    |
|          |         tmp_read_fu_300        |    0    |    0    |    0    |
|          |  add_ln52_10_read_read_fu_306  |    0    |    0    |    0    |
|          |  bitcast_ln52_read_read_fu_312 |    0    |    0    |    0    |
|----------|--------------------------------|---------|---------|---------|
|          |    add_ln52_10_cast_fu_1563    |    0    |    0    |    0    |
|          |    zext_ln52_11_cast_fu_1568   |    0    |    0    |    0    |
|          |    zext_ln52_10_cast_fu_1572   |    0    |    0    |    0    |
|          |    zext_ln52_9_cast_fu_1576    |    0    |    0    |    0    |
|          |    zext_ln52_8_cast_fu_1580    |    0    |    0    |    0    |
|          |    zext_ln52_7_cast_fu_1584    |    0    |    0    |    0    |
|          |    zext_ln52_6_cast_fu_1588    |    0    |    0    |    0    |
|          |    zext_ln52_5_cast_fu_1592    |    0    |    0    |    0    |
|          |    zext_ln52_4_cast_fu_1596    |    0    |    0    |    0    |
|          |    zext_ln52_3_cast_fu_1600    |    0    |    0    |    0    |
|          |    zext_ln52_2_cast_fu_1604    |    0    |    0    |    0    |
|          |    zext_ln52_1_cast_fu_1608    |    0    |    0    |    0    |
|          |         j_cast1_fu_1637        |    0    |    0    |    0    |
|   zext   |         p_cast2_fu_1647        |    0    |    0    |    0    |
|          |         j_cast_fu_1662         |    0    |    0    |    0    |
|          |        zext_ln52_fu_1672       |    0    |    0    |    0    |
|          |      zext_ln52_12_fu_1682      |    0    |    0    |    0    |
|          |      zext_ln52_13_fu_1696      |    0    |    0    |    0    |
|          |      zext_ln52_14_fu_1715      |    0    |    0    |    0    |
|          |      zext_ln52_15_fu_1734      |    0    |    0    |    0    |
|          |      zext_ln52_16_fu_1753      |    0    |    0    |    0    |
|          |      zext_ln52_17_fu_1914      |    0    |    0    |    0    |
|          |      zext_ln52_18_fu_1933      |    0    |    0    |    0    |
|          |      zext_ln52_19_fu_2114      |    0    |    0    |    0    |
|          |      zext_ln52_20_fu_2128      |    0    |    0    |    0    |
|          |      zext_ln52_21_fu_2288      |    0    |    0    |    0    |
|          |      zext_ln52_22_fu_2302      |    0    |    0    |    0    |
|          |      zext_ln52_23_fu_2462      |    0    |    0    |    0    |
|----------|--------------------------------|---------|---------|---------|
|   Total  |                                |    6    |   348   |   1618  |
|----------|--------------------------------|---------|---------|---------|

Memories:
N/A

* Register list:
+----------------------------+--------+
|                            |   FF   |
+----------------------------+--------+
| add62_lcssa27_load_reg_3717|   32   |
|   add62_lcssa27_reg_2745   |   32   |
|      add_ln48_reg_2878     |    4   |
|    add_ln52_11_reg_3272    |   14   |
|    add_ln52_12_reg_3277    |   14   |
|     add_ln52_7_reg_3257    |   14   |
|     add_ln52_8_reg_3262    |   14   |
|     add_ln52_9_reg_3267    |   14   |
|      empty_18_reg_3382     |   32   |
|      empty_19_reg_3507     |   32   |
|      empty_20_reg_3632     |   32   |
|      empty_21_reg_3702     |   32   |
|      empty_22_reg_3722     |   32   |
|      empty_23_reg_3732     |   32   |
|      empty_24_reg_3742     |   32   |
|      empty_25_reg_3752     |   32   |
|      empty_26_reg_3762     |   32   |
|      empty_27_reg_3767     |   32   |
|      empty_28_reg_3777     |   32   |
|     icmp_ln48_reg_2874     |    1   |
|       ifzero_reg_2943      |    1   |
| input_fm_0_addr_10_reg_3647|   14   |
| input_fm_0_addr_1_reg_3022 |   14   |
| input_fm_0_addr_2_reg_3127 |   14   |
| input_fm_0_addr_3_reg_3132 |   14   |
| input_fm_0_addr_4_reg_3247 |   14   |
| input_fm_0_addr_5_reg_3252 |   14   |
| input_fm_0_addr_6_reg_3397 |   14   |
| input_fm_0_addr_7_reg_3402 |   14   |
| input_fm_0_addr_8_reg_3522 |   14   |
| input_fm_0_addr_9_reg_3527 |   14   |
|  input_fm_0_addr_reg_3017  |   14   |
|input_fm_10_addr_10_reg_3697|   14   |
| input_fm_10_addr_1_reg_3122|   14   |
| input_fm_10_addr_2_reg_3227|   14   |
| input_fm_10_addr_3_reg_3232|   14   |
| input_fm_10_addr_4_reg_3372|   14   |
| input_fm_10_addr_5_reg_3377|   14   |
| input_fm_10_addr_6_reg_3497|   14   |
| input_fm_10_addr_7_reg_3502|   14   |
| input_fm_10_addr_8_reg_3622|   14   |
| input_fm_10_addr_9_reg_3627|   14   |
|  input_fm_10_addr_reg_3117 |   14   |
| input_fm_1_addr_10_reg_3652|   14   |
| input_fm_1_addr_1_reg_3032 |   14   |
| input_fm_1_addr_2_reg_3137 |   14   |
| input_fm_1_addr_3_reg_3142 |   14   |
| input_fm_1_addr_4_reg_3282 |   14   |
| input_fm_1_addr_5_reg_3287 |   14   |
| input_fm_1_addr_6_reg_3407 |   14   |
| input_fm_1_addr_7_reg_3412 |   14   |
| input_fm_1_addr_8_reg_3532 |   14   |
| input_fm_1_addr_9_reg_3537 |   14   |
|  input_fm_1_addr_reg_3027  |   14   |
| input_fm_2_addr_10_reg_3657|   14   |
| input_fm_2_addr_1_reg_3042 |   14   |
| input_fm_2_addr_2_reg_3147 |   14   |
| input_fm_2_addr_3_reg_3152 |   14   |
| input_fm_2_addr_4_reg_3292 |   14   |
| input_fm_2_addr_5_reg_3297 |   14   |
| input_fm_2_addr_6_reg_3417 |   14   |
| input_fm_2_addr_7_reg_3422 |   14   |
| input_fm_2_addr_8_reg_3542 |   14   |
| input_fm_2_addr_9_reg_3547 |   14   |
|  input_fm_2_addr_reg_3037  |   14   |
| input_fm_3_addr_10_reg_3662|   14   |
| input_fm_3_addr_1_reg_3052 |   14   |
| input_fm_3_addr_2_reg_3157 |   14   |
| input_fm_3_addr_3_reg_3162 |   14   |
| input_fm_3_addr_4_reg_3302 |   14   |
| input_fm_3_addr_5_reg_3307 |   14   |
| input_fm_3_addr_6_reg_3427 |   14   |
| input_fm_3_addr_7_reg_3432 |   14   |
| input_fm_3_addr_8_reg_3552 |   14   |
| input_fm_3_addr_9_reg_3557 |   14   |
|  input_fm_3_addr_reg_3047  |   14   |
| input_fm_4_addr_10_reg_3667|   14   |
| input_fm_4_addr_1_reg_3062 |   14   |
| input_fm_4_addr_2_reg_3167 |   14   |
| input_fm_4_addr_3_reg_3172 |   14   |
| input_fm_4_addr_4_reg_3312 |   14   |
| input_fm_4_addr_5_reg_3317 |   14   |
| input_fm_4_addr_6_reg_3437 |   14   |
| input_fm_4_addr_7_reg_3442 |   14   |
| input_fm_4_addr_8_reg_3562 |   14   |
| input_fm_4_addr_9_reg_3567 |   14   |
|  input_fm_4_addr_reg_3057  |   14   |
| input_fm_5_addr_10_reg_3672|   14   |
| input_fm_5_addr_1_reg_3072 |   14   |
| input_fm_5_addr_2_reg_3177 |   14   |
| input_fm_5_addr_3_reg_3182 |   14   |
| input_fm_5_addr_4_reg_3322 |   14   |
| input_fm_5_addr_5_reg_3327 |   14   |
| input_fm_5_addr_6_reg_3447 |   14   |
| input_fm_5_addr_7_reg_3452 |   14   |
| input_fm_5_addr_8_reg_3572 |   14   |
| input_fm_5_addr_9_reg_3577 |   14   |
|  input_fm_5_addr_reg_3067  |   14   |
| input_fm_6_addr_10_reg_3677|   14   |
| input_fm_6_addr_1_reg_3082 |   14   |
| input_fm_6_addr_2_reg_3187 |   14   |
| input_fm_6_addr_3_reg_3192 |   14   |
| input_fm_6_addr_4_reg_3332 |   14   |
| input_fm_6_addr_5_reg_3337 |   14   |
| input_fm_6_addr_6_reg_3457 |   14   |
| input_fm_6_addr_7_reg_3462 |   14   |
| input_fm_6_addr_8_reg_3582 |   14   |
| input_fm_6_addr_9_reg_3587 |   14   |
|  input_fm_6_addr_reg_3077  |   14   |
| input_fm_7_addr_10_reg_3682|   14   |
| input_fm_7_addr_1_reg_3092 |   14   |
| input_fm_7_addr_2_reg_3197 |   14   |
| input_fm_7_addr_3_reg_3202 |   14   |
| input_fm_7_addr_4_reg_3342 |   14   |
| input_fm_7_addr_5_reg_3347 |   14   |
| input_fm_7_addr_6_reg_3467 |   14   |
| input_fm_7_addr_7_reg_3472 |   14   |
| input_fm_7_addr_8_reg_3592 |   14   |
| input_fm_7_addr_9_reg_3597 |   14   |
|  input_fm_7_addr_reg_3087  |   14   |
| input_fm_8_addr_10_reg_3687|   14   |
| input_fm_8_addr_1_reg_3102 |   14   |
| input_fm_8_addr_2_reg_3207 |   14   |
| input_fm_8_addr_3_reg_3212 |   14   |
| input_fm_8_addr_4_reg_3352 |   14   |
| input_fm_8_addr_5_reg_3357 |   14   |
| input_fm_8_addr_6_reg_3477 |   14   |
| input_fm_8_addr_7_reg_3482 |   14   |
| input_fm_8_addr_8_reg_3602 |   14   |
| input_fm_8_addr_9_reg_3607 |   14   |
|  input_fm_8_addr_reg_3097  |   14   |
| input_fm_9_addr_10_reg_3692|   14   |
| input_fm_9_addr_1_reg_3112 |   14   |
| input_fm_9_addr_2_reg_3217 |   14   |
| input_fm_9_addr_3_reg_3222 |   14   |
| input_fm_9_addr_4_reg_3362 |   14   |
| input_fm_9_addr_5_reg_3367 |   14   |
| input_fm_9_addr_6_reg_3487 |   14   |
| input_fm_9_addr_7_reg_3492 |   14   |
| input_fm_9_addr_8_reg_3612 |   14   |
| input_fm_9_addr_9_reg_3617 |   14   |
|  input_fm_9_addr_reg_3107  |   14   |
|         j_reg_2752         |    4   |
|       mul_2_reg_3737       |   32   |
|       mul_3_reg_3747       |   32   |
|       mul_4_reg_3757       |   32   |
|       mul_6_reg_3772       |   32   |
|       mul_7_reg_3782       |   32   |
|       mul_8_reg_3787       |   32   |
|       mul_9_reg_3792       |   32   |
|      mul_ln52_reg_3002     |   14   |
|   output_fm_addr_reg_2869  |   18   |
|          reg_1548          |   32   |
|          reg_1553          |   32   |
|          reg_1558          |   32   |
|      tmp_1_1_reg_3242      |   32   |
|      tmp_1_2_reg_3387      |   32   |
|      tmp_1_3_reg_3392      |   32   |
|      tmp_1_4_reg_3512      |   32   |
|      tmp_1_5_reg_3517      |   32   |
|      tmp_1_6_reg_3637      |   32   |
|      tmp_1_7_reg_3642      |   32   |
|      tmp_1_8_reg_3707      |   32   |
|      tmp_1_9_reg_3712      |   32   |
|       tmp_1_reg_3237       |   32   |
|      tmp_1_s_reg_3727      |   32   |
| trunc_ln52_1_read_reg_2804 |    4   |
| trunc_ln52_2_read_reg_2799 |    4   |
| trunc_ln52_3_read_reg_2794 |    4   |
| trunc_ln52_4_read_reg_2789 |    4   |
| trunc_ln52_5_read_reg_2784 |    4   |
| trunc_ln52_6_read_reg_2779 |    4   |
| trunc_ln52_7_read_reg_2774 |    4   |
| trunc_ln52_8_read_reg_2769 |    4   |
| trunc_ln52_9_read_reg_2764 |    4   |
|  trunc_ln52_read_reg_2759  |    4   |
|   trunc_ln_read_reg_2809   |    4   |
|   weights_0_addr_reg_2883  |   12   |
|   weights_0_load_reg_2947  |   32   |
|  weights_10_addr_reg_2933  |   12   |
|  weights_10_load_reg_2997  |   32   |
|   weights_1_addr_reg_2888  |   12   |
|   weights_1_load_reg_2952  |   32   |
|   weights_2_addr_reg_2893  |   12   |
|   weights_2_load_reg_2957  |   32   |
|   weights_3_addr_reg_2898  |   12   |
|   weights_3_load_reg_2962  |   32   |
|   weights_4_addr_reg_2903  |   12   |
|   weights_4_load_reg_2967  |   32   |
|   weights_5_addr_reg_2908  |   12   |
|   weights_5_load_reg_2972  |   32   |
|   weights_6_addr_reg_2913  |   12   |
|   weights_6_load_reg_2977  |   32   |
|   weights_7_addr_reg_2918  |   12   |
|   weights_7_load_reg_2982  |   32   |
|   weights_8_addr_reg_2923  |   12   |
|   weights_8_load_reg_2987  |   32   |
|   weights_9_addr_reg_2928  |   12   |
|   weights_9_load_reg_2992  |   32   |
| zext_ln52_10_cast_reg_2819 |   14   |
| zext_ln52_11_cast_reg_2814 |   14   |
|    zext_ln52_12_reg_2938   |   14   |
|  zext_ln52_1_cast_reg_2864 |   14   |
|  zext_ln52_2_cast_reg_2859 |   14   |
|  zext_ln52_3_cast_reg_2854 |   14   |
|  zext_ln52_4_cast_reg_2849 |   14   |
|  zext_ln52_5_cast_reg_2844 |   14   |
|  zext_ln52_6_cast_reg_2839 |   14   |
|  zext_ln52_7_cast_reg_2834 |   14   |
|  zext_ln52_8_cast_reg_2829 |   14   |
|  zext_ln52_9_cast_reg_2824 |   14   |
+----------------------------+--------+
|            Total           |  3590  |
+----------------------------+--------+

* Multiplexer (MUX) list: 
|-------------------|------|------|------|--------||---------||---------|
|        Comp       |  Pin | Size |  BW  | S x BW ||  Delay  ||   LUT   |
|-------------------|------|------|------|--------||---------||---------|
| grp_access_fu_402 |  p0  |   2  |  12  |   24   ||    9    |
| grp_access_fu_408 |  p0  |   2  |  12  |   24   ||    9    |
| grp_access_fu_414 |  p0  |   2  |  12  |   24   ||    9    |
| grp_access_fu_420 |  p0  |   2  |  12  |   24   ||    9    |
| grp_access_fu_426 |  p0  |   2  |  12  |   24   ||    9    |
| grp_access_fu_432 |  p0  |   2  |  12  |   24   ||    9    |
| grp_access_fu_438 |  p0  |   2  |  12  |   24   ||    9    |
| grp_access_fu_444 |  p0  |   2  |  12  |   24   ||    9    |
| grp_access_fu_450 |  p0  |   2  |  12  |   24   ||    9    |
| grp_access_fu_456 |  p0  |   2  |  12  |   24   ||    9    |
| grp_access_fu_462 |  p0  |   2  |  12  |   24   ||    9    |
| grp_access_fu_622 |  p0  |  12  |  14  |   168  ||    65   |
| grp_access_fu_622 |  p2  |  10  |   0  |    0   ||    53   |
| grp_access_fu_632 |  p0  |  12  |  14  |   168  ||    65   |
| grp_access_fu_632 |  p2  |  10  |   0  |    0   ||    53   |
| grp_access_fu_642 |  p0  |  12  |  14  |   168  ||    65   |
| grp_access_fu_642 |  p2  |  10  |   0  |    0   ||    53   |
| grp_access_fu_652 |  p0  |  12  |  14  |   168  ||    65   |
| grp_access_fu_652 |  p2  |  10  |   0  |    0   ||    53   |
| grp_access_fu_662 |  p0  |  12  |  14  |   168  ||    65   |
| grp_access_fu_662 |  p2  |  10  |   0  |    0   ||    53   |
| grp_access_fu_672 |  p0  |  12  |  14  |   168  ||    65   |
| grp_access_fu_672 |  p2  |  10  |   0  |    0   ||    53   |
| grp_access_fu_682 |  p0  |  12  |  14  |   168  ||    65   |
| grp_access_fu_682 |  p2  |  10  |   0  |    0   ||    53   |
| grp_access_fu_692 |  p0  |  12  |  14  |   168  ||    65   |
| grp_access_fu_692 |  p2  |  10  |   0  |    0   ||    53   |
| grp_access_fu_702 |  p0  |  12  |  14  |   168  ||    65   |
| grp_access_fu_702 |  p2  |  10  |   0  |    0   ||    53   |
| grp_access_fu_712 |  p0  |  12  |  14  |   168  ||    65   |
| grp_access_fu_712 |  p2  |  10  |   0  |    0   ||    53   |
| grp_access_fu_722 |  p0  |  12  |  14  |   168  ||    65   |
| grp_access_fu_722 |  p2  |  10  |   0  |    0   ||    53   |
|    grp_fu_1540    |  p0  |   3  |  32  |   96   ||    14   |
|    grp_fu_1540    |  p1  |   9  |  32  |   288  ||    48   |
|    grp_fu_1544    |  p0  |  22  |  32  |   704  ||   113   |
|    grp_fu_1544    |  p1  |  11  |  32  |   352  ||    59   |
|    grp_fu_2739    |  p0  |   2  |  10  |   20   ||    9    |
|-------------------|------|------|------|--------||---------||---------|
|       Total       |      |      |      |  3572  || 87.6045 ||   1640  |
|-------------------|------|------|------|--------||---------||---------|



* Summary:
+-----------+--------+--------+--------+--------+
|           |   DSP  |  Delay |   FF   |   LUT  |
+-----------+--------+--------+--------+--------+
|  Function |    6   |    -   |   348  |  1618  |
|   Memory  |    -   |    -   |    -   |    -   |
|Multiplexer|    -   |   87   |    -   |  1640  |
|  Register |    -   |    -   |  3590  |    -   |
+-----------+--------+--------+--------+--------+
|   Total   |    6   |   87   |  3938  |  3258  |
+-----------+--------+--------+--------+--------+
