

================================================================
== Vitis HLS Report for 'Loop_VITIS_LOOP_24_1_proc1'
================================================================
* Date:           Wed Oct  7 21:22:21 2026

* Version:        2022.2 (Build 3670227 on Oct 13 2022)
* Project:        vitis.prj
* Solution:       solution1 (Vivado IP Flow Target)
* Product family: zynq
* Target device:  xc7z020-clg400-1


================================================================
== Performance Estimates
================================================================
+ Timing: 
    * Summary: 
    +--------+----------+----------+------------+
    |  Clock |  Target  | Estimated| Uncertainty|
    +--------+----------+----------+------------+
    |ap_clk  |  10.00 ns|  8.844 ns|     2.70 ns|
    +--------+----------+----------+------------+

+ Latency: 
    * Summary: 
    +-----------+-----------+-----------+-----------+-----------+-----------+---------+
    |    Latency (cycles)   |   Latency (absolute)  |        Interval       | Pipeline|
    |    min    |    max    |    min    |    max    |    min    |    max    |   Type  |
    +-----------+-----------+-----------+-----------+-----------+-----------+---------+
    |  298483141|  298483141|  2.985 sec|  2.985 sec|  298483141|  298483141|       no|
    +-----------+-----------+-----------+-----------+-----------+-----------+---------+

    + Detail: 
        * Instance: 
        N/A

        * Loop: 
        +-------------------------+-----------+-----------+----------+-----------+-----------+------+----------+
        |                         |    Latency (cycles)   | Iteration|  Initiation Interval  | Trip |          |
        |        Loop Name        |    min    |    max    |  Latency |  achieved |   target  | Count| Pipelined|
        +-------------------------+-----------+-----------+----------+-----------+-----------+------+----------+
        |- VITIS_LOOP_24_1        |  298483072|  298483072|   4663798|          -|          -|    64|        no|
        | + VITIS_LOOP_38_4       |    4657665|    4657665|   1552555|          -|          -|     3|        no|
        |  ++ VITIS_LOOP_60_9     |    1500565|    1500565|     27283|          -|          -|    55|        no|
        |   +++ VITIS_LOOP_62_10  |      27280|      27280|       496|          -|          -|    55|        no|
        +-------------------------+-----------+-----------+----------+-----------+-----------+------+----------+

============================================================
+ Verbose Summary: Synthesis Manager
============================================================
InlineROM: 1
ExposeGlobal: 0
============================================================
+ Verbose Summary: CDFG Model
============================================================
IsTopModel: 0
ResetActiveHigh: 1
IsCombinational: 2
IsDatapathOnly: 0
HasWiredReturn: 1
HasMFsm: 0
HasVarLatency: 1
IsPipeline: 0
IsRtlPipelined: 0
IsInstanceOverlapped: 0
IsDontTouch: 0
HasImplIP: 0
IsGatedGlobalClock: 0


============================================================
+ Verbose Summary: Schedule
============================================================
* Number of FSM states : 151
* Pipeline : 0
* Dataflow Pipeline: 0

* FSM state transitions: 
1 --> 2 
2 --> 3 84 
3 --> 4 
4 --> 5 
5 --> 6 
6 --> 7 
7 --> 8 
8 --> 9 
9 --> 10 
10 --> 11 
11 --> 12 
12 --> 13 
13 --> 14 
14 --> 15 
15 --> 16 
16 --> 17 
17 --> 18 
18 --> 19 
19 --> 20 
20 --> 21 
21 --> 22 
22 --> 23 
23 --> 24 
24 --> 25 
25 --> 26 
26 --> 27 
27 --> 28 
28 --> 29 
29 --> 30 
30 --> 31 
31 --> 32 
32 --> 33 
33 --> 34 
34 --> 35 
35 --> 36 
36 --> 37 
37 --> 38 
38 --> 39 
39 --> 40 
40 --> 41 
41 --> 42 
42 --> 43 
43 --> 44 
44 --> 45 
45 --> 46 
46 --> 47 
47 --> 48 
48 --> 49 
49 --> 50 
50 --> 51 
51 --> 52 
52 --> 53 
53 --> 54 
54 --> 55 
55 --> 56 
56 --> 57 
57 --> 58 
58 --> 59 
59 --> 60 
60 --> 61 
61 --> 62 
62 --> 63 
63 --> 64 
64 --> 65 
65 --> 66 
66 --> 67 
67 --> 68 
68 --> 69 
69 --> 70 
70 --> 71 
71 --> 72 
72 --> 73 
73 --> 74 
74 --> 75 
75 --> 76 
76 --> 77 83 
77 --> 78 
78 --> 79 76 
79 --> 80 
80 --> 81 78 
81 --> 82 
82 --> 80 
83 --> 2 
84 --> 85 
85 --> 86 
86 --> 87 
87 --> 88 
88 --> 89 
89 --> 90 
90 --> 91 
91 --> 92 
92 --> 93 
93 --> 94 
94 --> 95 
95 --> 96 
96 --> 97 
97 --> 98 
98 --> 99 
99 --> 100 
100 --> 101 
101 --> 102 
102 --> 103 
103 --> 104 
104 --> 105 
105 --> 106 
106 --> 107 
107 --> 108 
108 --> 109 
109 --> 110 
110 --> 111 
111 --> 112 
112 --> 113 
113 --> 114 
114 --> 115 
115 --> 116 
116 --> 117 
117 --> 118 
118 --> 119 
119 --> 120 
120 --> 121 
121 --> 122 
122 --> 123 
123 --> 124 
124 --> 125 
125 --> 126 
126 --> 127 
127 --> 128 
128 --> 129 
129 --> 130 
130 --> 131 
131 --> 132 
132 --> 133 
133 --> 134 
134 --> 135 
135 --> 136 
136 --> 137 
137 --> 138 
138 --> 139 
139 --> 140 
140 --> 141 
141 --> 142 
142 --> 143 
143 --> 144 
144 --> 145 
145 --> 146 
146 --> 147 
147 --> 148 
148 --> 149 
149 --> 150 
150 --> 151 
151 --> 

* FSM state operations: 

State 1 <SV = 0> <Delay = 7.30>
ST_1 : Operation 152 [1/1] (0.00ns)   --->   "%phi_mul = alloca i32 1"   --->   Operation 152 'alloca' 'phi_mul' <Predicate = true> <Delay = 0.00>
ST_1 : Operation 153 [1/1] (0.00ns)   --->   "%n = alloca i32 1"   --->   Operation 153 'alloca' 'n' <Predicate = true> <Delay = 0.00>
ST_1 : Operation 154 [1/1] (0.00ns)   --->   "%biases_read = read i64 @_ssdm_op_Read.ap_auto.i64, i64 %biases"   --->   Operation 154 'read' 'biases_read' <Predicate = true> <Delay = 0.00>
ST_1 : Operation 155 [1/1] (0.00ns)   --->   "%weights_read = read i64 @_ssdm_op_Read.ap_auto.i64, i64 %weights"   --->   Operation 155 'read' 'weights_read' <Predicate = true> <Delay = 0.00>
ST_1 : Operation 156 [1/1] (0.00ns)   --->   "%input_fm_read = read i64 @_ssdm_op_Read.ap_auto.i64, i64 %input_fm"   --->   Operation 156 'read' 'input_fm_read' <Predicate = true> <Delay = 0.00>
ST_1 : Operation 157 [1/1] (0.00ns)   --->   "%output_fm_read = read i64 @_ssdm_op_Read.ap_auto.i64, i64 %output_fm"   --->   Operation 157 'read' 'output_fm_read' <Predicate = true> <Delay = 0.00>
ST_1 : Operation 158 [1/1] (0.00ns)   --->   "%sum_2_loc = alloca i64 1"   --->   Operation 158 'alloca' 'sum_2_loc' <Predicate = true> <Delay = 0.00>
ST_1 : Operation 159 [1/1] (0.00ns)   --->   "%specinterface_ln0 = specinterface void @_ssdm_op_SpecInterface, i32 %mem2, void @empty_2, i32 0, i32 0, void @empty_3, i32 64, i32 0, void @empty_6, void @empty_5, void @empty_3, i32 16, i32 16, i32 16, i32 16, void @empty_3, void @empty_3, i32 4294967295, i32 0"   --->   Operation 159 'specinterface' 'specinterface_ln0' <Predicate = true> <Delay = 0.00>
ST_1 : Operation 160 [1/1] (0.00ns)   --->   "%specinterface_ln0 = specinterface void @_ssdm_op_SpecInterface, i32 %mem1, void @empty_2, i32 0, i32 0, void @empty_3, i32 64, i32 0, void @empty_4, void @empty_5, void @empty_3, i32 16, i32 16, i32 16, i32 16, void @empty_3, void @empty_3, i32 4294967295, i32 0"   --->   Operation 160 'specinterface' 'specinterface_ln0' <Predicate = true> <Delay = 0.00>
ST_1 : Operation 161 [1/1] (0.00ns)   --->   "%local_output = alloca i64 1" [conv.cpp:19]   --->   Operation 161 'alloca' 'local_output' <Predicate = true> <Delay = 0.00> <CoreInst = "RAM">   --->   Core 82 'RAM' <Latency = 1> <II = 1> <Delay = 3.25> <Storage> <Opcode : 'load' 'store'> <Ports = 2> <Width = 32> <Depth = 55> <RAM>
ST_1 : Operation 162 [1/1] (0.00ns)   --->   "%local_output_1 = alloca i64 1" [conv.cpp:19]   --->   Operation 162 'alloca' 'local_output_1' <Predicate = true> <Delay = 0.00> <CoreInst = "RAM">   --->   Core 82 'RAM' <Latency = 1> <II = 1> <Delay = 3.25> <Storage> <Opcode : 'load' 'store'> <Ports = 2> <Width = 32> <Depth = 55> <RAM>
ST_1 : Operation 163 [1/1] (0.00ns)   --->   "%local_output_2 = alloca i64 1" [conv.cpp:19]   --->   Operation 163 'alloca' 'local_output_2' <Predicate = true> <Delay = 0.00> <CoreInst = "RAM">   --->   Core 82 'RAM' <Latency = 1> <II = 1> <Delay = 3.25> <Storage> <Opcode : 'load' 'store'> <Ports = 2> <Width = 32> <Depth = 55> <RAM>
ST_1 : Operation 164 [1/1] (0.00ns)   --->   "%local_output_3 = alloca i64 1" [conv.cpp:19]   --->   Operation 164 'alloca' 'local_output_3' <Predicate = true> <Delay = 0.00> <CoreInst = "RAM">   --->   Core 82 'RAM' <Latency = 1> <II = 1> <Delay = 3.25> <Storage> <Opcode : 'load' 'store'> <Ports = 2> <Width = 32> <Depth = 55> <RAM>
ST_1 : Operation 165 [1/1] (0.00ns)   --->   "%local_output_4 = alloca i64 1" [conv.cpp:19]   --->   Operation 165 'alloca' 'local_output_4' <Predicate = true> <Delay = 0.00> <CoreInst = "RAM">   --->   Core 82 'RAM' <Latency = 1> <II = 1> <Delay = 3.25> <Storage> <Opcode : 'load' 'store'> <Ports = 2> <Width = 32> <Depth = 55> <RAM>
ST_1 : Operation 166 [1/1] (0.00ns)   --->   "%local_output_5 = alloca i64 1" [conv.cpp:19]   --->   Operation 166 'alloca' 'local_output_5' <Predicate = true> <Delay = 0.00> <CoreInst = "RAM">   --->   Core 82 'RAM' <Latency = 1> <II = 1> <Delay = 3.25> <Storage> <Opcode : 'load' 'store'> <Ports = 2> <Width = 32> <Depth = 55> <RAM>
ST_1 : Operation 167 [1/1] (0.00ns)   --->   "%local_output_6 = alloca i64 1" [conv.cpp:19]   --->   Operation 167 'alloca' 'local_output_6' <Predicate = true> <Delay = 0.00> <CoreInst = "RAM">   --->   Core 82 'RAM' <Latency = 1> <II = 1> <Delay = 3.25> <Storage> <Opcode : 'load' 'store'> <Ports = 2> <Width = 32> <Depth = 55> <RAM>
ST_1 : Operation 168 [1/1] (0.00ns)   --->   "%local_output_7 = alloca i64 1" [conv.cpp:19]   --->   Operation 168 'alloca' 'local_output_7' <Predicate = true> <Delay = 0.00> <CoreInst = "RAM">   --->   Core 82 'RAM' <Latency = 1> <II = 1> <Delay = 3.25> <Storage> <Opcode : 'load' 'store'> <Ports = 2> <Width = 32> <Depth = 55> <RAM>
ST_1 : Operation 169 [1/1] (0.00ns)   --->   "%local_output_8 = alloca i64 1" [conv.cpp:19]   --->   Operation 169 'alloca' 'local_output_8' <Predicate = true> <Delay = 0.00> <CoreInst = "RAM">   --->   Core 82 'RAM' <Latency = 1> <II = 1> <Delay = 3.25> <Storage> <Opcode : 'load' 'store'> <Ports = 2> <Width = 32> <Depth = 55> <RAM>
ST_1 : Operation 170 [1/1] (0.00ns)   --->   "%local_output_9 = alloca i64 1" [conv.cpp:19]   --->   Operation 170 'alloca' 'local_output_9' <Predicate = true> <Delay = 0.00> <CoreInst = "RAM">   --->   Core 82 'RAM' <Latency = 1> <II = 1> <Delay = 3.25> <Storage> <Opcode : 'load' 'store'> <Ports = 2> <Width = 32> <Depth = 55> <RAM>
ST_1 : Operation 171 [1/1] (0.00ns)   --->   "%local_output_10 = alloca i64 1" [conv.cpp:19]   --->   Operation 171 'alloca' 'local_output_10' <Predicate = true> <Delay = 0.00> <CoreInst = "RAM">   --->   Core 82 'RAM' <Latency = 1> <II = 1> <Delay = 3.25> <Storage> <Opcode : 'load' 'store'> <Ports = 2> <Width = 32> <Depth = 55> <RAM>
ST_1 : Operation 172 [1/1] (0.00ns)   --->   "%local_output_11 = alloca i64 1" [conv.cpp:19]   --->   Operation 172 'alloca' 'local_output_11' <Predicate = true> <Delay = 0.00> <CoreInst = "RAM">   --->   Core 82 'RAM' <Latency = 1> <II = 1> <Delay = 3.25> <Storage> <Opcode : 'load' 'store'> <Ports = 2> <Width = 32> <Depth = 55> <RAM>
ST_1 : Operation 173 [1/1] (0.00ns)   --->   "%local_output_12 = alloca i64 1" [conv.cpp:19]   --->   Operation 173 'alloca' 'local_output_12' <Predicate = true> <Delay = 0.00> <CoreInst = "RAM">   --->   Core 82 'RAM' <Latency = 1> <II = 1> <Delay = 3.25> <Storage> <Opcode : 'load' 'store'> <Ports = 2> <Width = 32> <Depth = 55> <RAM>
ST_1 : Operation 174 [1/1] (0.00ns)   --->   "%local_output_13 = alloca i64 1" [conv.cpp:19]   --->   Operation 174 'alloca' 'local_output_13' <Predicate = true> <Delay = 0.00> <CoreInst = "RAM">   --->   Core 82 'RAM' <Latency = 1> <II = 1> <Delay = 3.25> <Storage> <Opcode : 'load' 'store'> <Ports = 2> <Width = 32> <Depth = 55> <RAM>
ST_1 : Operation 175 [1/1] (0.00ns)   --->   "%local_output_14 = alloca i64 1" [conv.cpp:19]   --->   Operation 175 'alloca' 'local_output_14' <Predicate = true> <Delay = 0.00> <CoreInst = "RAM">   --->   Core 82 'RAM' <Latency = 1> <II = 1> <Delay = 3.25> <Storage> <Opcode : 'load' 'store'> <Ports = 2> <Width = 32> <Depth = 55> <RAM>
ST_1 : Operation 176 [1/1] (0.00ns)   --->   "%local_output_15 = alloca i64 1" [conv.cpp:19]   --->   Operation 176 'alloca' 'local_output_15' <Predicate = true> <Delay = 0.00> <CoreInst = "RAM">   --->   Core 82 'RAM' <Latency = 1> <II = 1> <Delay = 3.25> <Storage> <Opcode : 'load' 'store'> <Ports = 2> <Width = 32> <Depth = 55> <RAM>
ST_1 : Operation 177 [1/1] (0.00ns)   --->   "%local_output_16 = alloca i64 1" [conv.cpp:19]   --->   Operation 177 'alloca' 'local_output_16' <Predicate = true> <Delay = 0.00> <CoreInst = "RAM">   --->   Core 82 'RAM' <Latency = 1> <II = 1> <Delay = 3.25> <Storage> <Opcode : 'load' 'store'> <Ports = 2> <Width = 32> <Depth = 55> <RAM>
ST_1 : Operation 178 [1/1] (0.00ns)   --->   "%local_output_17 = alloca i64 1" [conv.cpp:19]   --->   Operation 178 'alloca' 'local_output_17' <Predicate = true> <Delay = 0.00> <CoreInst = "RAM">   --->   Core 82 'RAM' <Latency = 1> <II = 1> <Delay = 3.25> <Storage> <Opcode : 'load' 'store'> <Ports = 2> <Width = 32> <Depth = 55> <RAM>
ST_1 : Operation 179 [1/1] (0.00ns)   --->   "%local_output_18 = alloca i64 1" [conv.cpp:19]   --->   Operation 179 'alloca' 'local_output_18' <Predicate = true> <Delay = 0.00> <CoreInst = "RAM">   --->   Core 82 'RAM' <Latency = 1> <II = 1> <Delay = 3.25> <Storage> <Opcode : 'load' 'store'> <Ports = 2> <Width = 32> <Depth = 55> <RAM>
ST_1 : Operation 180 [1/1] (0.00ns)   --->   "%local_output_19 = alloca i64 1" [conv.cpp:19]   --->   Operation 180 'alloca' 'local_output_19' <Predicate = true> <Delay = 0.00> <CoreInst = "RAM">   --->   Core 82 'RAM' <Latency = 1> <II = 1> <Delay = 3.25> <Storage> <Opcode : 'load' 'store'> <Ports = 2> <Width = 32> <Depth = 55> <RAM>
ST_1 : Operation 181 [1/1] (0.00ns)   --->   "%local_output_20 = alloca i64 1" [conv.cpp:19]   --->   Operation 181 'alloca' 'local_output_20' <Predicate = true> <Delay = 0.00> <CoreInst = "RAM">   --->   Core 82 'RAM' <Latency = 1> <II = 1> <Delay = 3.25> <Storage> <Opcode : 'load' 'store'> <Ports = 2> <Width = 32> <Depth = 55> <RAM>
ST_1 : Operation 182 [1/1] (0.00ns)   --->   "%local_output_21 = alloca i64 1" [conv.cpp:19]   --->   Operation 182 'alloca' 'local_output_21' <Predicate = true> <Delay = 0.00> <CoreInst = "RAM">   --->   Core 82 'RAM' <Latency = 1> <II = 1> <Delay = 3.25> <Storage> <Opcode : 'load' 'store'> <Ports = 2> <Width = 32> <Depth = 55> <RAM>
ST_1 : Operation 183 [1/1] (0.00ns)   --->   "%local_output_22 = alloca i64 1" [conv.cpp:19]   --->   Operation 183 'alloca' 'local_output_22' <Predicate = true> <Delay = 0.00> <CoreInst = "RAM">   --->   Core 82 'RAM' <Latency = 1> <II = 1> <Delay = 3.25> <Storage> <Opcode : 'load' 'store'> <Ports = 2> <Width = 32> <Depth = 55> <RAM>
ST_1 : Operation 184 [1/1] (0.00ns)   --->   "%local_output_23 = alloca i64 1" [conv.cpp:19]   --->   Operation 184 'alloca' 'local_output_23' <Predicate = true> <Delay = 0.00> <CoreInst = "RAM">   --->   Core 82 'RAM' <Latency = 1> <II = 1> <Delay = 3.25> <Storage> <Opcode : 'load' 'store'> <Ports = 2> <Width = 32> <Depth = 55> <RAM>
ST_1 : Operation 185 [1/1] (0.00ns)   --->   "%local_output_24 = alloca i64 1" [conv.cpp:19]   --->   Operation 185 'alloca' 'local_output_24' <Predicate = true> <Delay = 0.00> <CoreInst = "RAM">   --->   Core 82 'RAM' <Latency = 1> <II = 1> <Delay = 3.25> <Storage> <Opcode : 'load' 'store'> <Ports = 2> <Width = 32> <Depth = 55> <RAM>
ST_1 : Operation 186 [1/1] (0.00ns)   --->   "%local_output_25 = alloca i64 1" [conv.cpp:19]   --->   Operation 186 'alloca' 'local_output_25' <Predicate = true> <Delay = 0.00> <CoreInst = "RAM">   --->   Core 82 'RAM' <Latency = 1> <II = 1> <Delay = 3.25> <Storage> <Opcode : 'load' 'store'> <Ports = 2> <Width = 32> <Depth = 55> <RAM>
ST_1 : Operation 187 [1/1] (0.00ns)   --->   "%local_output_26 = alloca i64 1" [conv.cpp:19]   --->   Operation 187 'alloca' 'local_output_26' <Predicate = true> <Delay = 0.00> <CoreInst = "RAM">   --->   Core 82 'RAM' <Latency = 1> <II = 1> <Delay = 3.25> <Storage> <Opcode : 'load' 'store'> <Ports = 2> <Width = 32> <Depth = 55> <RAM>
ST_1 : Operation 188 [1/1] (0.00ns)   --->   "%local_output_27 = alloca i64 1" [conv.cpp:19]   --->   Operation 188 'alloca' 'local_output_27' <Predicate = true> <Delay = 0.00> <CoreInst = "RAM">   --->   Core 82 'RAM' <Latency = 1> <II = 1> <Delay = 3.25> <Storage> <Opcode : 'load' 'store'> <Ports = 2> <Width = 32> <Depth = 55> <RAM>
ST_1 : Operation 189 [1/1] (0.00ns)   --->   "%local_output_28 = alloca i64 1" [conv.cpp:19]   --->   Operation 189 'alloca' 'local_output_28' <Predicate = true> <Delay = 0.00> <CoreInst = "RAM">   --->   Core 82 'RAM' <Latency = 1> <II = 1> <Delay = 3.25> <Storage> <Opcode : 'load' 'store'> <Ports = 2> <Width = 32> <Depth = 55> <RAM>
ST_1 : Operation 190 [1/1] (0.00ns)   --->   "%local_output_29 = alloca i64 1" [conv.cpp:19]   --->   Operation 190 'alloca' 'local_output_29' <Predicate = true> <Delay = 0.00> <CoreInst = "RAM">   --->   Core 82 'RAM' <Latency = 1> <II = 1> <Delay = 3.25> <Storage> <Opcode : 'load' 'store'> <Ports = 2> <Width = 32> <Depth = 55> <RAM>
ST_1 : Operation 191 [1/1] (0.00ns)   --->   "%local_output_30 = alloca i64 1" [conv.cpp:19]   --->   Operation 191 'alloca' 'local_output_30' <Predicate = true> <Delay = 0.00> <CoreInst = "RAM">   --->   Core 82 'RAM' <Latency = 1> <II = 1> <Delay = 3.25> <Storage> <Opcode : 'load' 'store'> <Ports = 2> <Width = 32> <Depth = 55> <RAM>
ST_1 : Operation 192 [1/1] (0.00ns)   --->   "%local_output_31 = alloca i64 1" [conv.cpp:19]   --->   Operation 192 'alloca' 'local_output_31' <Predicate = true> <Delay = 0.00> <CoreInst = "RAM">   --->   Core 82 'RAM' <Latency = 1> <II = 1> <Delay = 3.25> <Storage> <Opcode : 'load' 'store'> <Ports = 2> <Width = 32> <Depth = 55> <RAM>
ST_1 : Operation 193 [1/1] (0.00ns)   --->   "%local_output_32 = alloca i64 1" [conv.cpp:19]   --->   Operation 193 'alloca' 'local_output_32' <Predicate = true> <Delay = 0.00> <CoreInst = "RAM">   --->   Core 82 'RAM' <Latency = 1> <II = 1> <Delay = 3.25> <Storage> <Opcode : 'load' 'store'> <Ports = 2> <Width = 32> <Depth = 55> <RAM>
ST_1 : Operation 194 [1/1] (0.00ns)   --->   "%local_output_33 = alloca i64 1" [conv.cpp:19]   --->   Operation 194 'alloca' 'local_output_33' <Predicate = true> <Delay = 0.00> <CoreInst = "RAM">   --->   Core 82 'RAM' <Latency = 1> <II = 1> <Delay = 3.25> <Storage> <Opcode : 'load' 'store'> <Ports = 2> <Width = 32> <Depth = 55> <RAM>
ST_1 : Operation 195 [1/1] (0.00ns)   --->   "%local_output_34 = alloca i64 1" [conv.cpp:19]   --->   Operation 195 'alloca' 'local_output_34' <Predicate = true> <Delay = 0.00> <CoreInst = "RAM">   --->   Core 82 'RAM' <Latency = 1> <II = 1> <Delay = 3.25> <Storage> <Opcode : 'load' 'store'> <Ports = 2> <Width = 32> <Depth = 55> <RAM>
ST_1 : Operation 196 [1/1] (0.00ns)   --->   "%local_output_35 = alloca i64 1" [conv.cpp:19]   --->   Operation 196 'alloca' 'local_output_35' <Predicate = true> <Delay = 0.00> <CoreInst = "RAM">   --->   Core 82 'RAM' <Latency = 1> <II = 1> <Delay = 3.25> <Storage> <Opcode : 'load' 'store'> <Ports = 2> <Width = 32> <Depth = 55> <RAM>
ST_1 : Operation 197 [1/1] (0.00ns)   --->   "%local_output_36 = alloca i64 1" [conv.cpp:19]   --->   Operation 197 'alloca' 'local_output_36' <Predicate = true> <Delay = 0.00> <CoreInst = "RAM">   --->   Core 82 'RAM' <Latency = 1> <II = 1> <Delay = 3.25> <Storage> <Opcode : 'load' 'store'> <Ports = 2> <Width = 32> <Depth = 55> <RAM>
ST_1 : Operation 198 [1/1] (0.00ns)   --->   "%local_output_37 = alloca i64 1" [conv.cpp:19]   --->   Operation 198 'alloca' 'local_output_37' <Predicate = true> <Delay = 0.00> <CoreInst = "RAM">   --->   Core 82 'RAM' <Latency = 1> <II = 1> <Delay = 3.25> <Storage> <Opcode : 'load' 'store'> <Ports = 2> <Width = 32> <Depth = 55> <RAM>
ST_1 : Operation 199 [1/1] (0.00ns)   --->   "%local_output_38 = alloca i64 1" [conv.cpp:19]   --->   Operation 199 'alloca' 'local_output_38' <Predicate = true> <Delay = 0.00> <CoreInst = "RAM">   --->   Core 82 'RAM' <Latency = 1> <II = 1> <Delay = 3.25> <Storage> <Opcode : 'load' 'store'> <Ports = 2> <Width = 32> <Depth = 55> <RAM>
ST_1 : Operation 200 [1/1] (0.00ns)   --->   "%local_output_39 = alloca i64 1" [conv.cpp:19]   --->   Operation 200 'alloca' 'local_output_39' <Predicate = true> <Delay = 0.00> <CoreInst = "RAM">   --->   Core 82 'RAM' <Latency = 1> <II = 1> <Delay = 3.25> <Storage> <Opcode : 'load' 'store'> <Ports = 2> <Width = 32> <Depth = 55> <RAM>
ST_1 : Operation 201 [1/1] (0.00ns)   --->   "%local_output_40 = alloca i64 1" [conv.cpp:19]   --->   Operation 201 'alloca' 'local_output_40' <Predicate = true> <Delay = 0.00> <CoreInst = "RAM">   --->   Core 82 'RAM' <Latency = 1> <II = 1> <Delay = 3.25> <Storage> <Opcode : 'load' 'store'> <Ports = 2> <Width = 32> <Depth = 55> <RAM>
ST_1 : Operation 202 [1/1] (0.00ns)   --->   "%local_output_41 = alloca i64 1" [conv.cpp:19]   --->   Operation 202 'alloca' 'local_output_41' <Predicate = true> <Delay = 0.00> <CoreInst = "RAM">   --->   Core 82 'RAM' <Latency = 1> <II = 1> <Delay = 3.25> <Storage> <Opcode : 'load' 'store'> <Ports = 2> <Width = 32> <Depth = 55> <RAM>
ST_1 : Operation 203 [1/1] (0.00ns)   --->   "%local_output_42 = alloca i64 1" [conv.cpp:19]   --->   Operation 203 'alloca' 'local_output_42' <Predicate = true> <Delay = 0.00> <CoreInst = "RAM">   --->   Core 82 'RAM' <Latency = 1> <II = 1> <Delay = 3.25> <Storage> <Opcode : 'load' 'store'> <Ports = 2> <Width = 32> <Depth = 55> <RAM>
ST_1 : Operation 204 [1/1] (0.00ns)   --->   "%local_output_43 = alloca i64 1" [conv.cpp:19]   --->   Operation 204 'alloca' 'local_output_43' <Predicate = true> <Delay = 0.00> <CoreInst = "RAM">   --->   Core 82 'RAM' <Latency = 1> <II = 1> <Delay = 3.25> <Storage> <Opcode : 'load' 'store'> <Ports = 2> <Width = 32> <Depth = 55> <RAM>
ST_1 : Operation 205 [1/1] (0.00ns)   --->   "%local_output_44 = alloca i64 1" [conv.cpp:19]   --->   Operation 205 'alloca' 'local_output_44' <Predicate = true> <Delay = 0.00> <CoreInst = "RAM">   --->   Core 82 'RAM' <Latency = 1> <II = 1> <Delay = 3.25> <Storage> <Opcode : 'load' 'store'> <Ports = 2> <Width = 32> <Depth = 55> <RAM>
ST_1 : Operation 206 [1/1] (0.00ns)   --->   "%local_output_45 = alloca i64 1" [conv.cpp:19]   --->   Operation 206 'alloca' 'local_output_45' <Predicate = true> <Delay = 0.00> <CoreInst = "RAM">   --->   Core 82 'RAM' <Latency = 1> <II = 1> <Delay = 3.25> <Storage> <Opcode : 'load' 'store'> <Ports = 2> <Width = 32> <Depth = 55> <RAM>
ST_1 : Operation 207 [1/1] (0.00ns)   --->   "%local_output_46 = alloca i64 1" [conv.cpp:19]   --->   Operation 207 'alloca' 'local_output_46' <Predicate = true> <Delay = 0.00> <CoreInst = "RAM">   --->   Core 82 'RAM' <Latency = 1> <II = 1> <Delay = 3.25> <Storage> <Opcode : 'load' 'store'> <Ports = 2> <Width = 32> <Depth = 55> <RAM>
ST_1 : Operation 208 [1/1] (0.00ns)   --->   "%local_output_47 = alloca i64 1" [conv.cpp:19]   --->   Operation 208 'alloca' 'local_output_47' <Predicate = true> <Delay = 0.00> <CoreInst = "RAM">   --->   Core 82 'RAM' <Latency = 1> <II = 1> <Delay = 3.25> <Storage> <Opcode : 'load' 'store'> <Ports = 2> <Width = 32> <Depth = 55> <RAM>
ST_1 : Operation 209 [1/1] (0.00ns)   --->   "%local_output_48 = alloca i64 1" [conv.cpp:19]   --->   Operation 209 'alloca' 'local_output_48' <Predicate = true> <Delay = 0.00> <CoreInst = "RAM">   --->   Core 82 'RAM' <Latency = 1> <II = 1> <Delay = 3.25> <Storage> <Opcode : 'load' 'store'> <Ports = 2> <Width = 32> <Depth = 55> <RAM>
ST_1 : Operation 210 [1/1] (0.00ns)   --->   "%local_output_49 = alloca i64 1" [conv.cpp:19]   --->   Operation 210 'alloca' 'local_output_49' <Predicate = true> <Delay = 0.00> <CoreInst = "RAM">   --->   Core 82 'RAM' <Latency = 1> <II = 1> <Delay = 3.25> <Storage> <Opcode : 'load' 'store'> <Ports = 2> <Width = 32> <Depth = 55> <RAM>
ST_1 : Operation 211 [1/1] (0.00ns)   --->   "%local_output_50 = alloca i64 1" [conv.cpp:19]   --->   Operation 211 'alloca' 'local_output_50' <Predicate = true> <Delay = 0.00> <CoreInst = "RAM">   --->   Core 82 'RAM' <Latency = 1> <II = 1> <Delay = 3.25> <Storage> <Opcode : 'load' 'store'> <Ports = 2> <Width = 32> <Depth = 55> <RAM>
ST_1 : Operation 212 [1/1] (0.00ns)   --->   "%local_output_51 = alloca i64 1" [conv.cpp:19]   --->   Operation 212 'alloca' 'local_output_51' <Predicate = true> <Delay = 0.00> <CoreInst = "RAM">   --->   Core 82 'RAM' <Latency = 1> <II = 1> <Delay = 3.25> <Storage> <Opcode : 'load' 'store'> <Ports = 2> <Width = 32> <Depth = 55> <RAM>
ST_1 : Operation 213 [1/1] (0.00ns)   --->   "%local_output_52 = alloca i64 1" [conv.cpp:19]   --->   Operation 213 'alloca' 'local_output_52' <Predicate = true> <Delay = 0.00> <CoreInst = "RAM">   --->   Core 82 'RAM' <Latency = 1> <II = 1> <Delay = 3.25> <Storage> <Opcode : 'load' 'store'> <Ports = 2> <Width = 32> <Depth = 55> <RAM>
ST_1 : Operation 214 [1/1] (0.00ns)   --->   "%local_output_53 = alloca i64 1" [conv.cpp:19]   --->   Operation 214 'alloca' 'local_output_53' <Predicate = true> <Delay = 0.00> <CoreInst = "RAM">   --->   Core 82 'RAM' <Latency = 1> <II = 1> <Delay = 3.25> <Storage> <Opcode : 'load' 'store'> <Ports = 2> <Width = 32> <Depth = 55> <RAM>
ST_1 : Operation 215 [1/1] (0.00ns)   --->   "%local_output_54 = alloca i64 1" [conv.cpp:19]   --->   Operation 215 'alloca' 'local_output_54' <Predicate = true> <Delay = 0.00> <CoreInst = "RAM">   --->   Core 82 'RAM' <Latency = 1> <II = 1> <Delay = 3.25> <Storage> <Opcode : 'load' 'store'> <Ports = 2> <Width = 32> <Depth = 55> <RAM>
ST_1 : Operation 216 [1/1] (0.00ns)   --->   "%local_weights = alloca i64 1" [conv.cpp:18]   --->   Operation 216 'alloca' 'local_weights' <Predicate = true> <Delay = 0.00>
ST_1 : Operation 217 [1/1] (0.00ns)   --->   "%local_weights_1 = alloca i64 1" [conv.cpp:18]   --->   Operation 217 'alloca' 'local_weights_1' <Predicate = true> <Delay = 0.00>
ST_1 : Operation 218 [1/1] (0.00ns)   --->   "%local_weights_2 = alloca i64 1" [conv.cpp:18]   --->   Operation 218 'alloca' 'local_weights_2' <Predicate = true> <Delay = 0.00>
ST_1 : Operation 219 [1/1] (0.00ns)   --->   "%local_weights_3 = alloca i64 1" [conv.cpp:18]   --->   Operation 219 'alloca' 'local_weights_3' <Predicate = true> <Delay = 0.00>
ST_1 : Operation 220 [1/1] (0.00ns)   --->   "%local_weights_4 = alloca i64 1" [conv.cpp:18]   --->   Operation 220 'alloca' 'local_weights_4' <Predicate = true> <Delay = 0.00>
ST_1 : Operation 221 [1/1] (0.00ns)   --->   "%local_weights_5 = alloca i64 1" [conv.cpp:18]   --->   Operation 221 'alloca' 'local_weights_5' <Predicate = true> <Delay = 0.00>
ST_1 : Operation 222 [1/1] (0.00ns)   --->   "%local_weights_6 = alloca i64 1" [conv.cpp:18]   --->   Operation 222 'alloca' 'local_weights_6' <Predicate = true> <Delay = 0.00>
ST_1 : Operation 223 [1/1] (0.00ns)   --->   "%local_weights_7 = alloca i64 1" [conv.cpp:18]   --->   Operation 223 'alloca' 'local_weights_7' <Predicate = true> <Delay = 0.00>
ST_1 : Operation 224 [1/1] (0.00ns)   --->   "%local_weights_8 = alloca i64 1" [conv.cpp:18]   --->   Operation 224 'alloca' 'local_weights_8' <Predicate = true> <Delay = 0.00>
ST_1 : Operation 225 [1/1] (0.00ns)   --->   "%local_weights_9 = alloca i64 1" [conv.cpp:18]   --->   Operation 225 'alloca' 'local_weights_9' <Predicate = true> <Delay = 0.00>
ST_1 : Operation 226 [1/1] (0.00ns)   --->   "%local_weights_10 = alloca i64 1" [conv.cpp:18]   --->   Operation 226 'alloca' 'local_weights_10' <Predicate = true> <Delay = 0.00>
ST_1 : Operation 227 [1/1] (0.00ns)   --->   "%local_input = alloca i64 1" [conv.cpp:17]   --->   Operation 227 'alloca' 'local_input' <Predicate = true> <Delay = 0.00>
ST_1 : Operation 228 [1/1] (0.00ns)   --->   "%local_input_1 = alloca i64 1" [conv.cpp:17]   --->   Operation 228 'alloca' 'local_input_1' <Predicate = true> <Delay = 0.00>
ST_1 : Operation 229 [1/1] (0.00ns)   --->   "%local_input_2 = alloca i64 1" [conv.cpp:17]   --->   Operation 229 'alloca' 'local_input_2' <Predicate = true> <Delay = 0.00>
ST_1 : Operation 230 [1/1] (0.00ns)   --->   "%local_input_3 = alloca i64 1" [conv.cpp:17]   --->   Operation 230 'alloca' 'local_input_3' <Predicate = true> <Delay = 0.00>
ST_1 : Operation 231 [1/1] (0.00ns)   --->   "%local_input_4 = alloca i64 1" [conv.cpp:17]   --->   Operation 231 'alloca' 'local_input_4' <Predicate = true> <Delay = 0.00>
ST_1 : Operation 232 [1/1] (0.00ns)   --->   "%local_input_5 = alloca i64 1" [conv.cpp:17]   --->   Operation 232 'alloca' 'local_input_5' <Predicate = true> <Delay = 0.00>
ST_1 : Operation 233 [1/1] (0.00ns)   --->   "%local_input_6 = alloca i64 1" [conv.cpp:17]   --->   Operation 233 'alloca' 'local_input_6' <Predicate = true> <Delay = 0.00>
ST_1 : Operation 234 [1/1] (0.00ns)   --->   "%local_input_7 = alloca i64 1" [conv.cpp:17]   --->   Operation 234 'alloca' 'local_input_7' <Predicate = true> <Delay = 0.00>
ST_1 : Operation 235 [1/1] (0.00ns)   --->   "%local_input_8 = alloca i64 1" [conv.cpp:17]   --->   Operation 235 'alloca' 'local_input_8' <Predicate = true> <Delay = 0.00>
ST_1 : Operation 236 [1/1] (0.00ns)   --->   "%local_input_9 = alloca i64 1" [conv.cpp:17]   --->   Operation 236 'alloca' 'local_input_9' <Predicate = true> <Delay = 0.00>
ST_1 : Operation 237 [1/1] (0.00ns)   --->   "%local_input_10 = alloca i64 1" [conv.cpp:17]   --->   Operation 237 'alloca' 'local_input_10' <Predicate = true> <Delay = 0.00>
ST_1 : Operation 238 [1/1] (0.00ns)   --->   "%local_input_11 = alloca i64 1" [conv.cpp:17]   --->   Operation 238 'alloca' 'local_input_11' <Predicate = true> <Delay = 0.00>
ST_1 : Operation 239 [1/1] (0.00ns)   --->   "%local_input_12 = alloca i64 1" [conv.cpp:17]   --->   Operation 239 'alloca' 'local_input_12' <Predicate = true> <Delay = 0.00>
ST_1 : Operation 240 [1/1] (0.00ns)   --->   "%local_input_13 = alloca i64 1" [conv.cpp:17]   --->   Operation 240 'alloca' 'local_input_13' <Predicate = true> <Delay = 0.00>
ST_1 : Operation 241 [1/1] (0.00ns)   --->   "%local_input_14 = alloca i64 1" [conv.cpp:17]   --->   Operation 241 'alloca' 'local_input_14' <Predicate = true> <Delay = 0.00>
ST_1 : Operation 242 [1/1] (0.00ns)   --->   "%local_input_15 = alloca i64 1" [conv.cpp:17]   --->   Operation 242 'alloca' 'local_input_15' <Predicate = true> <Delay = 0.00>
ST_1 : Operation 243 [1/1] (0.00ns)   --->   "%local_input_16 = alloca i64 1" [conv.cpp:17]   --->   Operation 243 'alloca' 'local_input_16' <Predicate = true> <Delay = 0.00>
ST_1 : Operation 244 [1/1] (0.00ns)   --->   "%local_input_17 = alloca i64 1" [conv.cpp:17]   --->   Operation 244 'alloca' 'local_input_17' <Predicate = true> <Delay = 0.00>
ST_1 : Operation 245 [1/1] (0.00ns)   --->   "%local_input_18 = alloca i64 1" [conv.cpp:17]   --->   Operation 245 'alloca' 'local_input_18' <Predicate = true> <Delay = 0.00>
ST_1 : Operation 246 [1/1] (0.00ns)   --->   "%local_input_19 = alloca i64 1" [conv.cpp:17]   --->   Operation 246 'alloca' 'local_input_19' <Predicate = true> <Delay = 0.00>
ST_1 : Operation 247 [1/1] (0.00ns)   --->   "%local_input_20 = alloca i64 1" [conv.cpp:17]   --->   Operation 247 'alloca' 'local_input_20' <Predicate = true> <Delay = 0.00>
ST_1 : Operation 248 [1/1] (0.00ns)   --->   "%local_input_21 = alloca i64 1" [conv.cpp:17]   --->   Operation 248 'alloca' 'local_input_21' <Predicate = true> <Delay = 0.00>
ST_1 : Operation 249 [1/1] (0.00ns)   --->   "%local_input_22 = alloca i64 1" [conv.cpp:17]   --->   Operation 249 'alloca' 'local_input_22' <Predicate = true> <Delay = 0.00>
ST_1 : Operation 250 [1/1] (0.00ns)   --->   "%local_input_23 = alloca i64 1" [conv.cpp:17]   --->   Operation 250 'alloca' 'local_input_23' <Predicate = true> <Delay = 0.00>
ST_1 : Operation 251 [1/1] (0.00ns)   --->   "%local_input_24 = alloca i64 1" [conv.cpp:17]   --->   Operation 251 'alloca' 'local_input_24' <Predicate = true> <Delay = 0.00>
ST_1 : Operation 252 [1/1] (0.00ns)   --->   "%local_input_25 = alloca i64 1" [conv.cpp:17]   --->   Operation 252 'alloca' 'local_input_25' <Predicate = true> <Delay = 0.00>
ST_1 : Operation 253 [1/1] (0.00ns)   --->   "%local_input_26 = alloca i64 1" [conv.cpp:17]   --->   Operation 253 'alloca' 'local_input_26' <Predicate = true> <Delay = 0.00>
ST_1 : Operation 254 [1/1] (0.00ns)   --->   "%local_input_27 = alloca i64 1" [conv.cpp:17]   --->   Operation 254 'alloca' 'local_input_27' <Predicate = true> <Delay = 0.00>
ST_1 : Operation 255 [1/1] (0.00ns)   --->   "%local_input_28 = alloca i64 1" [conv.cpp:17]   --->   Operation 255 'alloca' 'local_input_28' <Predicate = true> <Delay = 0.00>
ST_1 : Operation 256 [1/1] (0.00ns)   --->   "%local_input_29 = alloca i64 1" [conv.cpp:17]   --->   Operation 256 'alloca' 'local_input_29' <Predicate = true> <Delay = 0.00>
ST_1 : Operation 257 [1/1] (0.00ns)   --->   "%local_input_30 = alloca i64 1" [conv.cpp:17]   --->   Operation 257 'alloca' 'local_input_30' <Predicate = true> <Delay = 0.00>
ST_1 : Operation 258 [1/1] (0.00ns)   --->   "%local_input_31 = alloca i64 1" [conv.cpp:17]   --->   Operation 258 'alloca' 'local_input_31' <Predicate = true> <Delay = 0.00>
ST_1 : Operation 259 [1/1] (0.00ns)   --->   "%local_input_32 = alloca i64 1" [conv.cpp:17]   --->   Operation 259 'alloca' 'local_input_32' <Predicate = true> <Delay = 0.00>
ST_1 : Operation 260 [1/1] (0.00ns)   --->   "%local_input_33 = alloca i64 1" [conv.cpp:17]   --->   Operation 260 'alloca' 'local_input_33' <Predicate = true> <Delay = 0.00>
ST_1 : Operation 261 [1/1] (0.00ns)   --->   "%local_input_34 = alloca i64 1" [conv.cpp:17]   --->   Operation 261 'alloca' 'local_input_34' <Predicate = true> <Delay = 0.00>
ST_1 : Operation 262 [1/1] (0.00ns)   --->   "%local_input_35 = alloca i64 1" [conv.cpp:17]   --->   Operation 262 'alloca' 'local_input_35' <Predicate = true> <Delay = 0.00>
ST_1 : Operation 263 [1/1] (0.00ns)   --->   "%local_input_36 = alloca i64 1" [conv.cpp:17]   --->   Operation 263 'alloca' 'local_input_36' <Predicate = true> <Delay = 0.00>
ST_1 : Operation 264 [1/1] (0.00ns)   --->   "%local_input_37 = alloca i64 1" [conv.cpp:17]   --->   Operation 264 'alloca' 'local_input_37' <Predicate = true> <Delay = 0.00>
ST_1 : Operation 265 [1/1] (0.00ns)   --->   "%local_input_38 = alloca i64 1" [conv.cpp:17]   --->   Operation 265 'alloca' 'local_input_38' <Predicate = true> <Delay = 0.00>
ST_1 : Operation 266 [1/1] (0.00ns)   --->   "%local_input_39 = alloca i64 1" [conv.cpp:17]   --->   Operation 266 'alloca' 'local_input_39' <Predicate = true> <Delay = 0.00>
ST_1 : Operation 267 [1/1] (0.00ns)   --->   "%local_input_40 = alloca i64 1" [conv.cpp:17]   --->   Operation 267 'alloca' 'local_input_40' <Predicate = true> <Delay = 0.00>
ST_1 : Operation 268 [1/1] (0.00ns)   --->   "%local_input_41 = alloca i64 1" [conv.cpp:17]   --->   Operation 268 'alloca' 'local_input_41' <Predicate = true> <Delay = 0.00>
ST_1 : Operation 269 [1/1] (0.00ns)   --->   "%local_input_42 = alloca i64 1" [conv.cpp:17]   --->   Operation 269 'alloca' 'local_input_42' <Predicate = true> <Delay = 0.00>
ST_1 : Operation 270 [1/1] (0.00ns)   --->   "%local_input_43 = alloca i64 1" [conv.cpp:17]   --->   Operation 270 'alloca' 'local_input_43' <Predicate = true> <Delay = 0.00>
ST_1 : Operation 271 [1/1] (0.00ns)   --->   "%local_input_44 = alloca i64 1" [conv.cpp:17]   --->   Operation 271 'alloca' 'local_input_44' <Predicate = true> <Delay = 0.00>
ST_1 : Operation 272 [1/1] (0.00ns)   --->   "%local_input_45 = alloca i64 1" [conv.cpp:17]   --->   Operation 272 'alloca' 'local_input_45' <Predicate = true> <Delay = 0.00>
ST_1 : Operation 273 [1/1] (0.00ns)   --->   "%local_input_46 = alloca i64 1" [conv.cpp:17]   --->   Operation 273 'alloca' 'local_input_46' <Predicate = true> <Delay = 0.00>
ST_1 : Operation 274 [1/1] (0.00ns)   --->   "%local_input_47 = alloca i64 1" [conv.cpp:17]   --->   Operation 274 'alloca' 'local_input_47' <Predicate = true> <Delay = 0.00>
ST_1 : Operation 275 [1/1] (0.00ns)   --->   "%local_input_48 = alloca i64 1" [conv.cpp:17]   --->   Operation 275 'alloca' 'local_input_48' <Predicate = true> <Delay = 0.00>
ST_1 : Operation 276 [1/1] (0.00ns)   --->   "%local_input_49 = alloca i64 1" [conv.cpp:17]   --->   Operation 276 'alloca' 'local_input_49' <Predicate = true> <Delay = 0.00>
ST_1 : Operation 277 [1/1] (0.00ns)   --->   "%local_input_50 = alloca i64 1" [conv.cpp:17]   --->   Operation 277 'alloca' 'local_input_50' <Predicate = true> <Delay = 0.00>
ST_1 : Operation 278 [1/1] (0.00ns)   --->   "%local_input_51 = alloca i64 1" [conv.cpp:17]   --->   Operation 278 'alloca' 'local_input_51' <Predicate = true> <Delay = 0.00>
ST_1 : Operation 279 [1/1] (0.00ns)   --->   "%local_input_52 = alloca i64 1" [conv.cpp:17]   --->   Operation 279 'alloca' 'local_input_52' <Predicate = true> <Delay = 0.00>
ST_1 : Operation 280 [1/1] (0.00ns)   --->   "%local_input_53 = alloca i64 1" [conv.cpp:17]   --->   Operation 280 'alloca' 'local_input_53' <Predicate = true> <Delay = 0.00>
ST_1 : Operation 281 [1/1] (0.00ns)   --->   "%local_input_54 = alloca i64 1" [conv.cpp:17]   --->   Operation 281 'alloca' 'local_input_54' <Predicate = true> <Delay = 0.00>
ST_1 : Operation 282 [1/1] (0.00ns)   --->   "%local_input_55 = alloca i64 1" [conv.cpp:17]   --->   Operation 282 'alloca' 'local_input_55' <Predicate = true> <Delay = 0.00>
ST_1 : Operation 283 [1/1] (0.00ns)   --->   "%local_input_56 = alloca i64 1" [conv.cpp:17]   --->   Operation 283 'alloca' 'local_input_56' <Predicate = true> <Delay = 0.00>
ST_1 : Operation 284 [1/1] (0.00ns)   --->   "%local_input_57 = alloca i64 1" [conv.cpp:17]   --->   Operation 284 'alloca' 'local_input_57' <Predicate = true> <Delay = 0.00>
ST_1 : Operation 285 [1/1] (0.00ns)   --->   "%local_input_58 = alloca i64 1" [conv.cpp:17]   --->   Operation 285 'alloca' 'local_input_58' <Predicate = true> <Delay = 0.00>
ST_1 : Operation 286 [1/1] (0.00ns)   --->   "%local_input_59 = alloca i64 1" [conv.cpp:17]   --->   Operation 286 'alloca' 'local_input_59' <Predicate = true> <Delay = 0.00>
ST_1 : Operation 287 [1/1] (0.00ns)   --->   "%local_input_60 = alloca i64 1" [conv.cpp:17]   --->   Operation 287 'alloca' 'local_input_60' <Predicate = true> <Delay = 0.00>
ST_1 : Operation 288 [1/1] (0.00ns)   --->   "%local_input_61 = alloca i64 1" [conv.cpp:17]   --->   Operation 288 'alloca' 'local_input_61' <Predicate = true> <Delay = 0.00>
ST_1 : Operation 289 [1/1] (0.00ns)   --->   "%local_input_62 = alloca i64 1" [conv.cpp:17]   --->   Operation 289 'alloca' 'local_input_62' <Predicate = true> <Delay = 0.00>
ST_1 : Operation 290 [1/1] (0.00ns)   --->   "%local_input_63 = alloca i64 1" [conv.cpp:17]   --->   Operation 290 'alloca' 'local_input_63' <Predicate = true> <Delay = 0.00>
ST_1 : Operation 291 [1/1] (0.00ns)   --->   "%local_input_64 = alloca i64 1" [conv.cpp:17]   --->   Operation 291 'alloca' 'local_input_64' <Predicate = true> <Delay = 0.00>
ST_1 : Operation 292 [1/1] (0.00ns)   --->   "%local_input_65 = alloca i64 1" [conv.cpp:17]   --->   Operation 292 'alloca' 'local_input_65' <Predicate = true> <Delay = 0.00>
ST_1 : Operation 293 [1/1] (0.00ns)   --->   "%local_input_66 = alloca i64 1" [conv.cpp:17]   --->   Operation 293 'alloca' 'local_input_66' <Predicate = true> <Delay = 0.00>
ST_1 : Operation 294 [1/1] (0.00ns)   --->   "%local_input_67 = alloca i64 1" [conv.cpp:17]   --->   Operation 294 'alloca' 'local_input_67' <Predicate = true> <Delay = 0.00>
ST_1 : Operation 295 [1/1] (0.00ns)   --->   "%local_input_68 = alloca i64 1" [conv.cpp:17]   --->   Operation 295 'alloca' 'local_input_68' <Predicate = true> <Delay = 0.00>
ST_1 : Operation 296 [1/1] (0.00ns)   --->   "%local_input_69 = alloca i64 1" [conv.cpp:17]   --->   Operation 296 'alloca' 'local_input_69' <Predicate = true> <Delay = 0.00>
ST_1 : Operation 297 [1/1] (0.00ns)   --->   "%local_input_70 = alloca i64 1" [conv.cpp:17]   --->   Operation 297 'alloca' 'local_input_70' <Predicate = true> <Delay = 0.00>
ST_1 : Operation 298 [1/1] (0.00ns)   --->   "%local_input_71 = alloca i64 1" [conv.cpp:17]   --->   Operation 298 'alloca' 'local_input_71' <Predicate = true> <Delay = 0.00>
ST_1 : Operation 299 [1/1] (0.00ns)   --->   "%local_input_72 = alloca i64 1" [conv.cpp:17]   --->   Operation 299 'alloca' 'local_input_72' <Predicate = true> <Delay = 0.00>
ST_1 : Operation 300 [1/1] (0.00ns)   --->   "%local_input_73 = alloca i64 1" [conv.cpp:17]   --->   Operation 300 'alloca' 'local_input_73' <Predicate = true> <Delay = 0.00>
ST_1 : Operation 301 [1/1] (0.00ns)   --->   "%local_input_74 = alloca i64 1" [conv.cpp:17]   --->   Operation 301 'alloca' 'local_input_74' <Predicate = true> <Delay = 0.00>
ST_1 : Operation 302 [1/1] (0.00ns)   --->   "%local_input_75 = alloca i64 1" [conv.cpp:17]   --->   Operation 302 'alloca' 'local_input_75' <Predicate = true> <Delay = 0.00>
ST_1 : Operation 303 [1/1] (0.00ns)   --->   "%local_input_76 = alloca i64 1" [conv.cpp:17]   --->   Operation 303 'alloca' 'local_input_76' <Predicate = true> <Delay = 0.00>
ST_1 : Operation 304 [1/1] (0.00ns)   --->   "%local_input_77 = alloca i64 1" [conv.cpp:17]   --->   Operation 304 'alloca' 'local_input_77' <Predicate = true> <Delay = 0.00>
ST_1 : Operation 305 [1/1] (0.00ns)   --->   "%local_input_78 = alloca i64 1" [conv.cpp:17]   --->   Operation 305 'alloca' 'local_input_78' <Predicate = true> <Delay = 0.00>
ST_1 : Operation 306 [1/1] (0.00ns)   --->   "%local_input_79 = alloca i64 1" [conv.cpp:17]   --->   Operation 306 'alloca' 'local_input_79' <Predicate = true> <Delay = 0.00>
ST_1 : Operation 307 [1/1] (0.00ns)   --->   "%local_input_80 = alloca i64 1" [conv.cpp:17]   --->   Operation 307 'alloca' 'local_input_80' <Predicate = true> <Delay = 0.00>
ST_1 : Operation 308 [1/1] (0.00ns)   --->   "%local_input_81 = alloca i64 1" [conv.cpp:17]   --->   Operation 308 'alloca' 'local_input_81' <Predicate = true> <Delay = 0.00>
ST_1 : Operation 309 [1/1] (0.00ns)   --->   "%local_input_82 = alloca i64 1" [conv.cpp:17]   --->   Operation 309 'alloca' 'local_input_82' <Predicate = true> <Delay = 0.00>
ST_1 : Operation 310 [1/1] (0.00ns)   --->   "%local_input_83 = alloca i64 1" [conv.cpp:17]   --->   Operation 310 'alloca' 'local_input_83' <Predicate = true> <Delay = 0.00>
ST_1 : Operation 311 [1/1] (0.00ns)   --->   "%local_input_84 = alloca i64 1" [conv.cpp:17]   --->   Operation 311 'alloca' 'local_input_84' <Predicate = true> <Delay = 0.00>
ST_1 : Operation 312 [1/1] (0.00ns)   --->   "%local_input_85 = alloca i64 1" [conv.cpp:17]   --->   Operation 312 'alloca' 'local_input_85' <Predicate = true> <Delay = 0.00>
ST_1 : Operation 313 [1/1] (0.00ns)   --->   "%local_input_86 = alloca i64 1" [conv.cpp:17]   --->   Operation 313 'alloca' 'local_input_86' <Predicate = true> <Delay = 0.00>
ST_1 : Operation 314 [1/1] (0.00ns)   --->   "%local_input_87 = alloca i64 1" [conv.cpp:17]   --->   Operation 314 'alloca' 'local_input_87' <Predicate = true> <Delay = 0.00>
ST_1 : Operation 315 [1/1] (0.00ns)   --->   "%local_input_88 = alloca i64 1" [conv.cpp:17]   --->   Operation 315 'alloca' 'local_input_88' <Predicate = true> <Delay = 0.00>
ST_1 : Operation 316 [1/1] (0.00ns)   --->   "%local_input_89 = alloca i64 1" [conv.cpp:17]   --->   Operation 316 'alloca' 'local_input_89' <Predicate = true> <Delay = 0.00>
ST_1 : Operation 317 [1/1] (0.00ns)   --->   "%local_input_90 = alloca i64 1" [conv.cpp:17]   --->   Operation 317 'alloca' 'local_input_90' <Predicate = true> <Delay = 0.00>
ST_1 : Operation 318 [1/1] (0.00ns)   --->   "%local_input_91 = alloca i64 1" [conv.cpp:17]   --->   Operation 318 'alloca' 'local_input_91' <Predicate = true> <Delay = 0.00>
ST_1 : Operation 319 [1/1] (0.00ns)   --->   "%local_input_92 = alloca i64 1" [conv.cpp:17]   --->   Operation 319 'alloca' 'local_input_92' <Predicate = true> <Delay = 0.00>
ST_1 : Operation 320 [1/1] (0.00ns)   --->   "%local_input_93 = alloca i64 1" [conv.cpp:17]   --->   Operation 320 'alloca' 'local_input_93' <Predicate = true> <Delay = 0.00>
ST_1 : Operation 321 [1/1] (0.00ns)   --->   "%local_input_94 = alloca i64 1" [conv.cpp:17]   --->   Operation 321 'alloca' 'local_input_94' <Predicate = true> <Delay = 0.00>
ST_1 : Operation 322 [1/1] (0.00ns)   --->   "%local_input_95 = alloca i64 1" [conv.cpp:17]   --->   Operation 322 'alloca' 'local_input_95' <Predicate = true> <Delay = 0.00>
ST_1 : Operation 323 [1/1] (0.00ns)   --->   "%local_input_96 = alloca i64 1" [conv.cpp:17]   --->   Operation 323 'alloca' 'local_input_96' <Predicate = true> <Delay = 0.00>
ST_1 : Operation 324 [1/1] (0.00ns)   --->   "%local_input_97 = alloca i64 1" [conv.cpp:17]   --->   Operation 324 'alloca' 'local_input_97' <Predicate = true> <Delay = 0.00>
ST_1 : Operation 325 [1/1] (0.00ns)   --->   "%local_input_98 = alloca i64 1" [conv.cpp:17]   --->   Operation 325 'alloca' 'local_input_98' <Predicate = true> <Delay = 0.00>
ST_1 : Operation 326 [1/1] (0.00ns)   --->   "%local_input_99 = alloca i64 1" [conv.cpp:17]   --->   Operation 326 'alloca' 'local_input_99' <Predicate = true> <Delay = 0.00>
ST_1 : Operation 327 [1/1] (0.00ns)   --->   "%local_input_100 = alloca i64 1" [conv.cpp:17]   --->   Operation 327 'alloca' 'local_input_100' <Predicate = true> <Delay = 0.00>
ST_1 : Operation 328 [1/1] (0.00ns)   --->   "%local_input_101 = alloca i64 1" [conv.cpp:17]   --->   Operation 328 'alloca' 'local_input_101' <Predicate = true> <Delay = 0.00>
ST_1 : Operation 329 [1/1] (0.00ns)   --->   "%local_input_102 = alloca i64 1" [conv.cpp:17]   --->   Operation 329 'alloca' 'local_input_102' <Predicate = true> <Delay = 0.00>
ST_1 : Operation 330 [1/1] (0.00ns)   --->   "%local_input_103 = alloca i64 1" [conv.cpp:17]   --->   Operation 330 'alloca' 'local_input_103' <Predicate = true> <Delay = 0.00>
ST_1 : Operation 331 [1/1] (0.00ns)   --->   "%local_input_104 = alloca i64 1" [conv.cpp:17]   --->   Operation 331 'alloca' 'local_input_104' <Predicate = true> <Delay = 0.00>
ST_1 : Operation 332 [1/1] (0.00ns)   --->   "%local_input_105 = alloca i64 1" [conv.cpp:17]   --->   Operation 332 'alloca' 'local_input_105' <Predicate = true> <Delay = 0.00>
ST_1 : Operation 333 [1/1] (0.00ns)   --->   "%local_input_106 = alloca i64 1" [conv.cpp:17]   --->   Operation 333 'alloca' 'local_input_106' <Predicate = true> <Delay = 0.00>
ST_1 : Operation 334 [1/1] (0.00ns)   --->   "%local_input_107 = alloca i64 1" [conv.cpp:17]   --->   Operation 334 'alloca' 'local_input_107' <Predicate = true> <Delay = 0.00>
ST_1 : Operation 335 [1/1] (0.00ns)   --->   "%local_input_108 = alloca i64 1" [conv.cpp:17]   --->   Operation 335 'alloca' 'local_input_108' <Predicate = true> <Delay = 0.00>
ST_1 : Operation 336 [1/1] (0.00ns)   --->   "%local_input_109 = alloca i64 1" [conv.cpp:17]   --->   Operation 336 'alloca' 'local_input_109' <Predicate = true> <Delay = 0.00>
ST_1 : Operation 337 [1/1] (0.00ns)   --->   "%local_input_110 = alloca i64 1" [conv.cpp:17]   --->   Operation 337 'alloca' 'local_input_110' <Predicate = true> <Delay = 0.00>
ST_1 : Operation 338 [1/1] (0.00ns)   --->   "%local_input_111 = alloca i64 1" [conv.cpp:17]   --->   Operation 338 'alloca' 'local_input_111' <Predicate = true> <Delay = 0.00>
ST_1 : Operation 339 [1/1] (0.00ns)   --->   "%local_input_112 = alloca i64 1" [conv.cpp:17]   --->   Operation 339 'alloca' 'local_input_112' <Predicate = true> <Delay = 0.00>
ST_1 : Operation 340 [1/1] (0.00ns)   --->   "%local_input_113 = alloca i64 1" [conv.cpp:17]   --->   Operation 340 'alloca' 'local_input_113' <Predicate = true> <Delay = 0.00>
ST_1 : Operation 341 [1/1] (0.00ns)   --->   "%local_input_114 = alloca i64 1" [conv.cpp:17]   --->   Operation 341 'alloca' 'local_input_114' <Predicate = true> <Delay = 0.00>
ST_1 : Operation 342 [1/1] (0.00ns)   --->   "%local_input_115 = alloca i64 1" [conv.cpp:17]   --->   Operation 342 'alloca' 'local_input_115' <Predicate = true> <Delay = 0.00>
ST_1 : Operation 343 [1/1] (0.00ns)   --->   "%local_input_116 = alloca i64 1" [conv.cpp:17]   --->   Operation 343 'alloca' 'local_input_116' <Predicate = true> <Delay = 0.00>
ST_1 : Operation 344 [1/1] (0.00ns)   --->   "%local_input_117 = alloca i64 1" [conv.cpp:17]   --->   Operation 344 'alloca' 'local_input_117' <Predicate = true> <Delay = 0.00>
ST_1 : Operation 345 [1/1] (0.00ns)   --->   "%local_input_118 = alloca i64 1" [conv.cpp:17]   --->   Operation 345 'alloca' 'local_input_118' <Predicate = true> <Delay = 0.00>
ST_1 : Operation 346 [1/1] (0.00ns)   --->   "%local_input_119 = alloca i64 1" [conv.cpp:17]   --->   Operation 346 'alloca' 'local_input_119' <Predicate = true> <Delay = 0.00>
ST_1 : Operation 347 [1/1] (0.00ns)   --->   "%local_input_120 = alloca i64 1" [conv.cpp:17]   --->   Operation 347 'alloca' 'local_input_120' <Predicate = true> <Delay = 0.00>
ST_1 : Operation 348 [1/1] (0.00ns)   --->   "%local_input_121 = alloca i64 1" [conv.cpp:17]   --->   Operation 348 'alloca' 'local_input_121' <Predicate = true> <Delay = 0.00>
ST_1 : Operation 349 [1/1] (0.00ns)   --->   "%local_input_122 = alloca i64 1" [conv.cpp:17]   --->   Operation 349 'alloca' 'local_input_122' <Predicate = true> <Delay = 0.00>
ST_1 : Operation 350 [1/1] (0.00ns)   --->   "%local_input_123 = alloca i64 1" [conv.cpp:17]   --->   Operation 350 'alloca' 'local_input_123' <Predicate = true> <Delay = 0.00>
ST_1 : Operation 351 [1/1] (0.00ns)   --->   "%local_input_124 = alloca i64 1" [conv.cpp:17]   --->   Operation 351 'alloca' 'local_input_124' <Predicate = true> <Delay = 0.00>
ST_1 : Operation 352 [1/1] (0.00ns)   --->   "%local_input_125 = alloca i64 1" [conv.cpp:17]   --->   Operation 352 'alloca' 'local_input_125' <Predicate = true> <Delay = 0.00>
ST_1 : Operation 353 [1/1] (0.00ns)   --->   "%local_input_126 = alloca i64 1" [conv.cpp:17]   --->   Operation 353 'alloca' 'local_input_126' <Predicate = true> <Delay = 0.00>
ST_1 : Operation 354 [1/1] (0.00ns)   --->   "%local_input_127 = alloca i64 1" [conv.cpp:17]   --->   Operation 354 'alloca' 'local_input_127' <Predicate = true> <Delay = 0.00>
ST_1 : Operation 355 [1/1] (0.00ns)   --->   "%local_input_128 = alloca i64 1" [conv.cpp:17]   --->   Operation 355 'alloca' 'local_input_128' <Predicate = true> <Delay = 0.00>
ST_1 : Operation 356 [1/1] (0.00ns)   --->   "%local_input_129 = alloca i64 1" [conv.cpp:17]   --->   Operation 356 'alloca' 'local_input_129' <Predicate = true> <Delay = 0.00>
ST_1 : Operation 357 [1/1] (0.00ns)   --->   "%local_input_130 = alloca i64 1" [conv.cpp:17]   --->   Operation 357 'alloca' 'local_input_130' <Predicate = true> <Delay = 0.00>
ST_1 : Operation 358 [1/1] (0.00ns)   --->   "%local_input_131 = alloca i64 1" [conv.cpp:17]   --->   Operation 358 'alloca' 'local_input_131' <Predicate = true> <Delay = 0.00>
ST_1 : Operation 359 [1/1] (0.00ns)   --->   "%local_input_132 = alloca i64 1" [conv.cpp:17]   --->   Operation 359 'alloca' 'local_input_132' <Predicate = true> <Delay = 0.00>
ST_1 : Operation 360 [1/1] (0.00ns)   --->   "%local_input_133 = alloca i64 1" [conv.cpp:17]   --->   Operation 360 'alloca' 'local_input_133' <Predicate = true> <Delay = 0.00>
ST_1 : Operation 361 [1/1] (0.00ns)   --->   "%local_input_134 = alloca i64 1" [conv.cpp:17]   --->   Operation 361 'alloca' 'local_input_134' <Predicate = true> <Delay = 0.00>
ST_1 : Operation 362 [1/1] (0.00ns)   --->   "%local_input_135 = alloca i64 1" [conv.cpp:17]   --->   Operation 362 'alloca' 'local_input_135' <Predicate = true> <Delay = 0.00>
ST_1 : Operation 363 [1/1] (0.00ns)   --->   "%local_input_136 = alloca i64 1" [conv.cpp:17]   --->   Operation 363 'alloca' 'local_input_136' <Predicate = true> <Delay = 0.00>
ST_1 : Operation 364 [1/1] (0.00ns)   --->   "%local_input_137 = alloca i64 1" [conv.cpp:17]   --->   Operation 364 'alloca' 'local_input_137' <Predicate = true> <Delay = 0.00>
ST_1 : Operation 365 [1/1] (0.00ns)   --->   "%local_input_138 = alloca i64 1" [conv.cpp:17]   --->   Operation 365 'alloca' 'local_input_138' <Predicate = true> <Delay = 0.00>
ST_1 : Operation 366 [1/1] (0.00ns)   --->   "%local_input_139 = alloca i64 1" [conv.cpp:17]   --->   Operation 366 'alloca' 'local_input_139' <Predicate = true> <Delay = 0.00>
ST_1 : Operation 367 [1/1] (0.00ns)   --->   "%local_input_140 = alloca i64 1" [conv.cpp:17]   --->   Operation 367 'alloca' 'local_input_140' <Predicate = true> <Delay = 0.00>
ST_1 : Operation 368 [1/1] (0.00ns)   --->   "%local_input_141 = alloca i64 1" [conv.cpp:17]   --->   Operation 368 'alloca' 'local_input_141' <Predicate = true> <Delay = 0.00>
ST_1 : Operation 369 [1/1] (0.00ns)   --->   "%local_input_142 = alloca i64 1" [conv.cpp:17]   --->   Operation 369 'alloca' 'local_input_142' <Predicate = true> <Delay = 0.00>
ST_1 : Operation 370 [1/1] (0.00ns)   --->   "%local_input_143 = alloca i64 1" [conv.cpp:17]   --->   Operation 370 'alloca' 'local_input_143' <Predicate = true> <Delay = 0.00>
ST_1 : Operation 371 [1/1] (0.00ns)   --->   "%local_input_144 = alloca i64 1" [conv.cpp:17]   --->   Operation 371 'alloca' 'local_input_144' <Predicate = true> <Delay = 0.00>
ST_1 : Operation 372 [1/1] (0.00ns)   --->   "%local_input_145 = alloca i64 1" [conv.cpp:17]   --->   Operation 372 'alloca' 'local_input_145' <Predicate = true> <Delay = 0.00>
ST_1 : Operation 373 [1/1] (0.00ns)   --->   "%local_input_146 = alloca i64 1" [conv.cpp:17]   --->   Operation 373 'alloca' 'local_input_146' <Predicate = true> <Delay = 0.00>
ST_1 : Operation 374 [1/1] (0.00ns)   --->   "%local_input_147 = alloca i64 1" [conv.cpp:17]   --->   Operation 374 'alloca' 'local_input_147' <Predicate = true> <Delay = 0.00>
ST_1 : Operation 375 [1/1] (0.00ns)   --->   "%local_input_148 = alloca i64 1" [conv.cpp:17]   --->   Operation 375 'alloca' 'local_input_148' <Predicate = true> <Delay = 0.00>
ST_1 : Operation 376 [1/1] (0.00ns)   --->   "%local_input_149 = alloca i64 1" [conv.cpp:17]   --->   Operation 376 'alloca' 'local_input_149' <Predicate = true> <Delay = 0.00>
ST_1 : Operation 377 [1/1] (0.00ns)   --->   "%local_input_150 = alloca i64 1" [conv.cpp:17]   --->   Operation 377 'alloca' 'local_input_150' <Predicate = true> <Delay = 0.00>
ST_1 : Operation 378 [1/1] (0.00ns)   --->   "%local_input_151 = alloca i64 1" [conv.cpp:17]   --->   Operation 378 'alloca' 'local_input_151' <Predicate = true> <Delay = 0.00>
ST_1 : Operation 379 [1/1] (0.00ns)   --->   "%local_input_152 = alloca i64 1" [conv.cpp:17]   --->   Operation 379 'alloca' 'local_input_152' <Predicate = true> <Delay = 0.00>
ST_1 : Operation 380 [1/1] (0.00ns)   --->   "%local_input_153 = alloca i64 1" [conv.cpp:17]   --->   Operation 380 'alloca' 'local_input_153' <Predicate = true> <Delay = 0.00>
ST_1 : Operation 381 [1/1] (0.00ns)   --->   "%local_input_154 = alloca i64 1" [conv.cpp:17]   --->   Operation 381 'alloca' 'local_input_154' <Predicate = true> <Delay = 0.00>
ST_1 : Operation 382 [1/1] (0.00ns)   --->   "%local_input_155 = alloca i64 1" [conv.cpp:17]   --->   Operation 382 'alloca' 'local_input_155' <Predicate = true> <Delay = 0.00>
ST_1 : Operation 383 [1/1] (0.00ns)   --->   "%local_input_156 = alloca i64 1" [conv.cpp:17]   --->   Operation 383 'alloca' 'local_input_156' <Predicate = true> <Delay = 0.00>
ST_1 : Operation 384 [1/1] (0.00ns)   --->   "%local_input_157 = alloca i64 1" [conv.cpp:17]   --->   Operation 384 'alloca' 'local_input_157' <Predicate = true> <Delay = 0.00>
ST_1 : Operation 385 [1/1] (0.00ns)   --->   "%local_input_158 = alloca i64 1" [conv.cpp:17]   --->   Operation 385 'alloca' 'local_input_158' <Predicate = true> <Delay = 0.00>
ST_1 : Operation 386 [1/1] (0.00ns)   --->   "%local_input_159 = alloca i64 1" [conv.cpp:17]   --->   Operation 386 'alloca' 'local_input_159' <Predicate = true> <Delay = 0.00>
ST_1 : Operation 387 [1/1] (0.00ns)   --->   "%local_input_160 = alloca i64 1" [conv.cpp:17]   --->   Operation 387 'alloca' 'local_input_160' <Predicate = true> <Delay = 0.00>
ST_1 : Operation 388 [1/1] (0.00ns)   --->   "%local_input_161 = alloca i64 1" [conv.cpp:17]   --->   Operation 388 'alloca' 'local_input_161' <Predicate = true> <Delay = 0.00>
ST_1 : Operation 389 [1/1] (0.00ns)   --->   "%local_input_162 = alloca i64 1" [conv.cpp:17]   --->   Operation 389 'alloca' 'local_input_162' <Predicate = true> <Delay = 0.00>
ST_1 : Operation 390 [1/1] (0.00ns)   --->   "%local_input_163 = alloca i64 1" [conv.cpp:17]   --->   Operation 390 'alloca' 'local_input_163' <Predicate = true> <Delay = 0.00>
ST_1 : Operation 391 [1/1] (0.00ns)   --->   "%local_input_164 = alloca i64 1" [conv.cpp:17]   --->   Operation 391 'alloca' 'local_input_164' <Predicate = true> <Delay = 0.00>
ST_1 : Operation 392 [1/1] (0.00ns)   --->   "%local_input_165 = alloca i64 1" [conv.cpp:17]   --->   Operation 392 'alloca' 'local_input_165' <Predicate = true> <Delay = 0.00>
ST_1 : Operation 393 [1/1] (0.00ns)   --->   "%local_input_166 = alloca i64 1" [conv.cpp:17]   --->   Operation 393 'alloca' 'local_input_166' <Predicate = true> <Delay = 0.00>
ST_1 : Operation 394 [1/1] (0.00ns)   --->   "%local_input_167 = alloca i64 1" [conv.cpp:17]   --->   Operation 394 'alloca' 'local_input_167' <Predicate = true> <Delay = 0.00>
ST_1 : Operation 395 [1/1] (0.00ns)   --->   "%local_input_168 = alloca i64 1" [conv.cpp:17]   --->   Operation 395 'alloca' 'local_input_168' <Predicate = true> <Delay = 0.00>
ST_1 : Operation 396 [1/1] (0.00ns)   --->   "%local_input_169 = alloca i64 1" [conv.cpp:17]   --->   Operation 396 'alloca' 'local_input_169' <Predicate = true> <Delay = 0.00>
ST_1 : Operation 397 [1/1] (0.00ns)   --->   "%local_input_170 = alloca i64 1" [conv.cpp:17]   --->   Operation 397 'alloca' 'local_input_170' <Predicate = true> <Delay = 0.00>
ST_1 : Operation 398 [1/1] (0.00ns)   --->   "%local_input_171 = alloca i64 1" [conv.cpp:17]   --->   Operation 398 'alloca' 'local_input_171' <Predicate = true> <Delay = 0.00>
ST_1 : Operation 399 [1/1] (0.00ns)   --->   "%local_input_172 = alloca i64 1" [conv.cpp:17]   --->   Operation 399 'alloca' 'local_input_172' <Predicate = true> <Delay = 0.00>
ST_1 : Operation 400 [1/1] (0.00ns)   --->   "%local_input_173 = alloca i64 1" [conv.cpp:17]   --->   Operation 400 'alloca' 'local_input_173' <Predicate = true> <Delay = 0.00>
ST_1 : Operation 401 [1/1] (0.00ns)   --->   "%local_input_174 = alloca i64 1" [conv.cpp:17]   --->   Operation 401 'alloca' 'local_input_174' <Predicate = true> <Delay = 0.00>
ST_1 : Operation 402 [1/1] (0.00ns)   --->   "%local_input_175 = alloca i64 1" [conv.cpp:17]   --->   Operation 402 'alloca' 'local_input_175' <Predicate = true> <Delay = 0.00>
ST_1 : Operation 403 [1/1] (0.00ns)   --->   "%local_input_176 = alloca i64 1" [conv.cpp:17]   --->   Operation 403 'alloca' 'local_input_176' <Predicate = true> <Delay = 0.00>
ST_1 : Operation 404 [1/1] (0.00ns)   --->   "%local_input_177 = alloca i64 1" [conv.cpp:17]   --->   Operation 404 'alloca' 'local_input_177' <Predicate = true> <Delay = 0.00>
ST_1 : Operation 405 [1/1] (0.00ns)   --->   "%local_input_178 = alloca i64 1" [conv.cpp:17]   --->   Operation 405 'alloca' 'local_input_178' <Predicate = true> <Delay = 0.00>
ST_1 : Operation 406 [1/1] (0.00ns)   --->   "%local_input_179 = alloca i64 1" [conv.cpp:17]   --->   Operation 406 'alloca' 'local_input_179' <Predicate = true> <Delay = 0.00>
ST_1 : Operation 407 [1/1] (0.00ns)   --->   "%local_input_180 = alloca i64 1" [conv.cpp:17]   --->   Operation 407 'alloca' 'local_input_180' <Predicate = true> <Delay = 0.00>
ST_1 : Operation 408 [1/1] (0.00ns)   --->   "%local_input_181 = alloca i64 1" [conv.cpp:17]   --->   Operation 408 'alloca' 'local_input_181' <Predicate = true> <Delay = 0.00>
ST_1 : Operation 409 [1/1] (0.00ns)   --->   "%local_input_182 = alloca i64 1" [conv.cpp:17]   --->   Operation 409 'alloca' 'local_input_182' <Predicate = true> <Delay = 0.00>
ST_1 : Operation 410 [1/1] (0.00ns)   --->   "%local_input_183 = alloca i64 1" [conv.cpp:17]   --->   Operation 410 'alloca' 'local_input_183' <Predicate = true> <Delay = 0.00>
ST_1 : Operation 411 [1/1] (0.00ns)   --->   "%local_input_184 = alloca i64 1" [conv.cpp:17]   --->   Operation 411 'alloca' 'local_input_184' <Predicate = true> <Delay = 0.00>
ST_1 : Operation 412 [1/1] (0.00ns)   --->   "%local_input_185 = alloca i64 1" [conv.cpp:17]   --->   Operation 412 'alloca' 'local_input_185' <Predicate = true> <Delay = 0.00>
ST_1 : Operation 413 [1/1] (0.00ns)   --->   "%local_input_186 = alloca i64 1" [conv.cpp:17]   --->   Operation 413 'alloca' 'local_input_186' <Predicate = true> <Delay = 0.00>
ST_1 : Operation 414 [1/1] (0.00ns)   --->   "%local_input_187 = alloca i64 1" [conv.cpp:17]   --->   Operation 414 'alloca' 'local_input_187' <Predicate = true> <Delay = 0.00>
ST_1 : Operation 415 [1/1] (0.00ns)   --->   "%local_input_188 = alloca i64 1" [conv.cpp:17]   --->   Operation 415 'alloca' 'local_input_188' <Predicate = true> <Delay = 0.00>
ST_1 : Operation 416 [1/1] (0.00ns)   --->   "%local_input_189 = alloca i64 1" [conv.cpp:17]   --->   Operation 416 'alloca' 'local_input_189' <Predicate = true> <Delay = 0.00>
ST_1 : Operation 417 [1/1] (0.00ns)   --->   "%local_input_190 = alloca i64 1" [conv.cpp:17]   --->   Operation 417 'alloca' 'local_input_190' <Predicate = true> <Delay = 0.00>
ST_1 : Operation 418 [1/1] (0.00ns)   --->   "%local_input_191 = alloca i64 1" [conv.cpp:17]   --->   Operation 418 'alloca' 'local_input_191' <Predicate = true> <Delay = 0.00>
ST_1 : Operation 419 [1/1] (0.00ns)   --->   "%local_input_192 = alloca i64 1" [conv.cpp:17]   --->   Operation 419 'alloca' 'local_input_192' <Predicate = true> <Delay = 0.00>
ST_1 : Operation 420 [1/1] (0.00ns)   --->   "%local_input_193 = alloca i64 1" [conv.cpp:17]   --->   Operation 420 'alloca' 'local_input_193' <Predicate = true> <Delay = 0.00>
ST_1 : Operation 421 [1/1] (0.00ns)   --->   "%local_input_194 = alloca i64 1" [conv.cpp:17]   --->   Operation 421 'alloca' 'local_input_194' <Predicate = true> <Delay = 0.00>
ST_1 : Operation 422 [1/1] (0.00ns)   --->   "%local_input_195 = alloca i64 1" [conv.cpp:17]   --->   Operation 422 'alloca' 'local_input_195' <Predicate = true> <Delay = 0.00>
ST_1 : Operation 423 [1/1] (0.00ns)   --->   "%local_input_196 = alloca i64 1" [conv.cpp:17]   --->   Operation 423 'alloca' 'local_input_196' <Predicate = true> <Delay = 0.00>
ST_1 : Operation 424 [1/1] (0.00ns)   --->   "%local_input_197 = alloca i64 1" [conv.cpp:17]   --->   Operation 424 'alloca' 'local_input_197' <Predicate = true> <Delay = 0.00>
ST_1 : Operation 425 [1/1] (0.00ns)   --->   "%local_input_198 = alloca i64 1" [conv.cpp:17]   --->   Operation 425 'alloca' 'local_input_198' <Predicate = true> <Delay = 0.00>
ST_1 : Operation 426 [1/1] (0.00ns)   --->   "%local_input_199 = alloca i64 1" [conv.cpp:17]   --->   Operation 426 'alloca' 'local_input_199' <Predicate = true> <Delay = 0.00>
ST_1 : Operation 427 [1/1] (0.00ns)   --->   "%trunc_ln = partselect i62 @_ssdm_op_PartSelect.i62.i64.i32.i32, i64 %output_fm_read, i32 2, i32 63" [conv.cpp:24]   --->   Operation 427 'partselect' 'trunc_ln' <Predicate = true> <Delay = 0.00>
ST_1 : Operation 428 [1/1] (0.00ns)   --->   "%sext_ln24 = sext i62 %trunc_ln" [conv.cpp:24]   --->   Operation 428 'sext' 'sext_ln24' <Predicate = true> <Delay = 0.00>
ST_1 : Operation 429 [1/1] (0.00ns)   --->   "%mem1_addr = getelementptr i32 %mem1, i64 %sext_ln24" [conv.cpp:24]   --->   Operation 429 'getelementptr' 'mem1_addr' <Predicate = true> <Delay = 0.00>
ST_1 : Operation 430 [1/1] (0.00ns)   --->   "%trunc_ln1 = partselect i62 @_ssdm_op_PartSelect.i62.i64.i32.i32, i64 %input_fm_read, i32 2, i32 63" [conv.cpp:38]   --->   Operation 430 'partselect' 'trunc_ln1' <Predicate = true> <Delay = 0.00>
ST_1 : Operation 431 [1/1] (0.00ns)   --->   "%sext_ln38 = sext i62 %trunc_ln1" [conv.cpp:38]   --->   Operation 431 'sext' 'sext_ln38' <Predicate = true> <Delay = 0.00>
ST_1 : Operation 432 [1/1] (0.00ns)   --->   "%mem1_addr_1 = getelementptr i32 %mem1, i64 %sext_ln38" [conv.cpp:38]   --->   Operation 432 'getelementptr' 'mem1_addr_1' <Predicate = true> <Delay = 0.00>
ST_1 : Operation 433 [1/1] (7.30ns)   --->   "%empty = writereq i1 @_ssdm_op_WriteReq.m_axi.p1i32, i32 %mem1_addr, i32 193600" [conv.cpp:24]   --->   Operation 433 'writereq' 'empty' <Predicate = true> <Delay = 7.30> <CoreInst = "m_axi">   --->   Core 113 'm_axi' <Latency = 0> <II = 1> <Delay = 1.00> <Adapter> <Opcode : 'read' 'write' 'readreq' 'writereq' 'writeresp'>
ST_1 : Operation 434 [1/1] (1.58ns)   --->   "%store_ln24 = store i7 0, i7 %n" [conv.cpp:24]   --->   Operation 434 'store' 'store_ln24' <Predicate = true> <Delay = 1.58>
ST_1 : Operation 435 [1/1] (1.58ns)   --->   "%store_ln24 = store i17 0, i17 %phi_mul" [conv.cpp:24]   --->   Operation 435 'store' 'store_ln24' <Predicate = true> <Delay = 1.58>
ST_1 : Operation 436 [1/1] (0.00ns)   --->   "%br_ln24 = br void %for.cond" [conv.cpp:24]   --->   Operation 436 'br' 'br_ln24' <Predicate = true> <Delay = 0.00>

State 2 <SV = 1> <Delay = 3.52>
ST_2 : Operation 437 [1/1] (0.00ns)   --->   "%phi_mul_load = load i17 %phi_mul" [conv.cpp:24]   --->   Operation 437 'load' 'phi_mul_load' <Predicate = true> <Delay = 0.00>
ST_2 : Operation 438 [1/1] (0.00ns)   --->   "%n_1 = load i7 %n" [conv.cpp:27]   --->   Operation 438 'load' 'n_1' <Predicate = true> <Delay = 0.00>
ST_2 : Operation 439 [1/1] (2.10ns)   --->   "%add_ln24_2 = add i17 %phi_mul_load, i17 1452" [conv.cpp:24]   --->   Operation 439 'add' 'add_ln24_2' <Predicate = true> <Delay = 2.10> <CoreInst = "Adder">   --->   Core 1 'Adder' <Latency = 0> <II = 1> <Delay = 2.10> <FuncUnit> <Opcode : 'add' 'sub'> <InPorts = 2> <OutPorts = 1>
ST_2 : Operation 440 [1/1] (1.48ns)   --->   "%icmp_ln24 = icmp_eq  i7 %n_1, i7 64" [conv.cpp:24]   --->   Operation 440 'icmp' 'icmp_ln24' <Predicate = true> <Delay = 1.48> <CoreInst = "Cmp">   --->   Core 9 'Cmp' <Latency = 0> <II = 1> <Delay = 1.48> <FuncUnit> <Opcode : 'icmp'> <InPorts = 2> <OutPorts = 1>
ST_2 : Operation 441 [1/1] (0.00ns)   --->   "%empty_37 = speclooptripcount i32 @_ssdm_op_SpecLoopTripCount, i64 64, i64 64, i64 64"   --->   Operation 441 'speclooptripcount' 'empty_37' <Predicate = true> <Delay = 0.00>
ST_2 : Operation 442 [1/1] (1.87ns)   --->   "%add_ln24_1 = add i7 %n_1, i7 1" [conv.cpp:24]   --->   Operation 442 'add' 'add_ln24_1' <Predicate = true> <Delay = 1.87> <CoreInst = "Adder">   --->   Core 1 'Adder' <Latency = 0> <II = 1> <Delay = 1.87> <FuncUnit> <Opcode : 'add' 'sub'> <InPorts = 2> <OutPorts = 1>
ST_2 : Operation 443 [1/1] (0.00ns)   --->   "%br_ln24 = br i1 %icmp_ln24, void %VITIS_LOOP_29_2, void %for.end154" [conv.cpp:24]   --->   Operation 443 'br' 'br_ln24' <Predicate = true> <Delay = 0.00>
ST_2 : Operation 444 [1/1] (0.00ns)   --->   "%zext_ln24 = zext i17 %phi_mul_load" [conv.cpp:24]   --->   Operation 444 'zext' 'zext_ln24' <Predicate = (!icmp_ln24)> <Delay = 0.00>
ST_2 : Operation 445 [1/1] (3.52ns)   --->   "%add_ln24 = add i64 %zext_ln24, i64 %weights_read" [conv.cpp:24]   --->   Operation 445 'add' 'add_ln24' <Predicate = (!icmp_ln24)> <Delay = 3.52> <CoreInst = "Adder">   --->   Core 1 'Adder' <Latency = 0> <II = 1> <Delay = 3.52> <FuncUnit> <Opcode : 'add' 'sub'> <InPorts = 2> <OutPorts = 1>
ST_2 : Operation 446 [1/1] (0.00ns)   --->   "%trunc_ln27 = trunc i7 %n_1" [conv.cpp:27]   --->   Operation 446 'trunc' 'trunc_ln27' <Predicate = (!icmp_ln24)> <Delay = 0.00>
ST_2 : Operation 447 [1/1] (0.00ns)   --->   "%shl_ln = bitconcatenate i8 @_ssdm_op_BitConcatenate.i8.i6.i2, i6 %trunc_ln27, i2 0" [conv.cpp:27]   --->   Operation 447 'bitconcatenate' 'shl_ln' <Predicate = (!icmp_ln24)> <Delay = 0.00>
ST_2 : Operation 448 [1/1] (0.00ns)   --->   "%zext_ln27 = zext i8 %shl_ln" [conv.cpp:27]   --->   Operation 448 'zext' 'zext_ln27' <Predicate = (!icmp_ln24)> <Delay = 0.00>
ST_2 : Operation 449 [1/1] (3.52ns)   --->   "%add_ln27 = add i64 %zext_ln27, i64 %biases_read" [conv.cpp:27]   --->   Operation 449 'add' 'add_ln27' <Predicate = (!icmp_ln24)> <Delay = 3.52> <CoreInst = "Adder">   --->   Core 1 'Adder' <Latency = 0> <II = 1> <Delay = 3.52> <FuncUnit> <Opcode : 'add' 'sub'> <InPorts = 2> <OutPorts = 1>
ST_2 : Operation 450 [1/1] (0.00ns)   --->   "%trunc_ln2 = partselect i62 @_ssdm_op_PartSelect.i62.i64.i32.i32, i64 %add_ln27, i32 2, i32 63" [conv.cpp:27]   --->   Operation 450 'partselect' 'trunc_ln2' <Predicate = (!icmp_ln24)> <Delay = 0.00>
ST_2 : Operation 451 [1/1] (0.00ns)   --->   "%sext_ln27 = sext i62 %trunc_ln2" [conv.cpp:27]   --->   Operation 451 'sext' 'sext_ln27' <Predicate = (!icmp_ln24)> <Delay = 0.00>
ST_2 : Operation 452 [1/1] (0.00ns)   --->   "%mem2_addr = getelementptr i32 %mem2, i64 %sext_ln27" [conv.cpp:27]   --->   Operation 452 'getelementptr' 'mem2_addr' <Predicate = (!icmp_ln24)> <Delay = 0.00>
ST_2 : Operation 453 [1/1] (0.00ns)   --->   "%trunc_ln38_1 = partselect i62 @_ssdm_op_PartSelect.i62.i64.i32.i32, i64 %add_ln24, i32 2, i32 63" [conv.cpp:38]   --->   Operation 453 'partselect' 'trunc_ln38_1' <Predicate = (!icmp_ln24)> <Delay = 0.00>

State 3 <SV = 2> <Delay = 7.30>
ST_3 : Operation 454 [70/70] (7.30ns)   --->   "%mem2_load_req = readreq i1 @_ssdm_op_ReadReq.m_axi.i32P1A, i32 %mem2_addr, i32 1" [conv.cpp:27]   --->   Operation 454 'readreq' 'mem2_load_req' <Predicate = true> <Delay = 7.30> <CoreInst = "m_axi">   --->   Core 113 'm_axi' <Latency = 0> <II = 1> <Delay = 1.00> <Adapter> <Opcode : 'read' 'write' 'readreq' 'writereq' 'writeresp'>
ST_3 : Operation 455 [70/70] (7.30ns)   --->   "%empty_39 = readreq i1 @_ssdm_op_ReadReq.m_axi.p1i32, i32 %mem1_addr_1, i32 155952" [conv.cpp:38]   --->   Operation 455 'readreq' 'empty_39' <Predicate = true> <Delay = 7.30> <CoreInst = "m_axi">   --->   Core 113 'm_axi' <Latency = 0> <II = 1> <Delay = 1.00> <Adapter> <Opcode : 'read' 'write' 'readreq' 'writereq' 'writeresp'>

State 4 <SV = 3> <Delay = 7.30>
ST_4 : Operation 456 [69/70] (7.30ns)   --->   "%mem2_load_req = readreq i1 @_ssdm_op_ReadReq.m_axi.i32P1A, i32 %mem2_addr, i32 1" [conv.cpp:27]   --->   Operation 456 'readreq' 'mem2_load_req' <Predicate = true> <Delay = 7.30> <CoreInst = "m_axi">   --->   Core 113 'm_axi' <Latency = 0> <II = 1> <Delay = 1.00> <Adapter> <Opcode : 'read' 'write' 'readreq' 'writereq' 'writeresp'>
ST_4 : Operation 457 [69/70] (7.30ns)   --->   "%empty_39 = readreq i1 @_ssdm_op_ReadReq.m_axi.p1i32, i32 %mem1_addr_1, i32 155952" [conv.cpp:38]   --->   Operation 457 'readreq' 'empty_39' <Predicate = true> <Delay = 7.30> <CoreInst = "m_axi">   --->   Core 113 'm_axi' <Latency = 0> <II = 1> <Delay = 1.00> <Adapter> <Opcode : 'read' 'write' 'readreq' 'writereq' 'writeresp'>
ST_4 : Operation 458 [1/1] (0.00ns)   --->   "%sext_ln38_1 = sext i62 %trunc_ln38_1" [conv.cpp:38]   --->   Operation 458 'sext' 'sext_ln38_1' <Predicate = true> <Delay = 0.00>
ST_4 : Operation 459 [1/1] (0.00ns)   --->   "%mem2_addr_1 = getelementptr i32 %mem2, i64 %sext_ln38_1" [conv.cpp:38]   --->   Operation 459 'getelementptr' 'mem2_addr_1' <Predicate = true> <Delay = 0.00>
ST_4 : Operation 460 [70/70] (7.30ns)   --->   "%empty_40 = readreq i1 @_ssdm_op_ReadReq.m_axi.p1i32, i32 %mem2_addr_1, i32 363" [conv.cpp:38]   --->   Operation 460 'readreq' 'empty_40' <Predicate = true> <Delay = 7.30> <CoreInst = "m_axi">   --->   Core 113 'm_axi' <Latency = 0> <II = 1> <Delay = 1.00> <Adapter> <Opcode : 'read' 'write' 'readreq' 'writereq' 'writeresp'>

State 5 <SV = 4> <Delay = 7.30>
ST_5 : Operation 461 [68/70] (7.30ns)   --->   "%mem2_load_req = readreq i1 @_ssdm_op_ReadReq.m_axi.i32P1A, i32 %mem2_addr, i32 1" [conv.cpp:27]   --->   Operation 461 'readreq' 'mem2_load_req' <Predicate = true> <Delay = 7.30> <CoreInst = "m_axi">   --->   Core 113 'm_axi' <Latency = 0> <II = 1> <Delay = 1.00> <Adapter> <Opcode : 'read' 'write' 'readreq' 'writereq' 'writeresp'>
ST_5 : Operation 462 [68/70] (7.30ns)   --->   "%empty_39 = readreq i1 @_ssdm_op_ReadReq.m_axi.p1i32, i32 %mem1_addr_1, i32 155952" [conv.cpp:38]   --->   Operation 462 'readreq' 'empty_39' <Predicate = true> <Delay = 7.30> <CoreInst = "m_axi">   --->   Core 113 'm_axi' <Latency = 0> <II = 1> <Delay = 1.00> <Adapter> <Opcode : 'read' 'write' 'readreq' 'writereq' 'writeresp'>
ST_5 : Operation 463 [69/70] (7.30ns)   --->   "%empty_40 = readreq i1 @_ssdm_op_ReadReq.m_axi.p1i32, i32 %mem2_addr_1, i32 363" [conv.cpp:38]   --->   Operation 463 'readreq' 'empty_40' <Predicate = true> <Delay = 7.30> <CoreInst = "m_axi">   --->   Core 113 'm_axi' <Latency = 0> <II = 1> <Delay = 1.00> <Adapter> <Opcode : 'read' 'write' 'readreq' 'writereq' 'writeresp'>

State 6 <SV = 5> <Delay = 7.30>
ST_6 : Operation 464 [67/70] (7.30ns)   --->   "%mem2_load_req = readreq i1 @_ssdm_op_ReadReq.m_axi.i32P1A, i32 %mem2_addr, i32 1" [conv.cpp:27]   --->   Operation 464 'readreq' 'mem2_load_req' <Predicate = true> <Delay = 7.30> <CoreInst = "m_axi">   --->   Core 113 'm_axi' <Latency = 0> <II = 1> <Delay = 1.00> <Adapter> <Opcode : 'read' 'write' 'readreq' 'writereq' 'writeresp'>
ST_6 : Operation 465 [67/70] (7.30ns)   --->   "%empty_39 = readreq i1 @_ssdm_op_ReadReq.m_axi.p1i32, i32 %mem1_addr_1, i32 155952" [conv.cpp:38]   --->   Operation 465 'readreq' 'empty_39' <Predicate = true> <Delay = 7.30> <CoreInst = "m_axi">   --->   Core 113 'm_axi' <Latency = 0> <II = 1> <Delay = 1.00> <Adapter> <Opcode : 'read' 'write' 'readreq' 'writereq' 'writeresp'>
ST_6 : Operation 466 [68/70] (7.30ns)   --->   "%empty_40 = readreq i1 @_ssdm_op_ReadReq.m_axi.p1i32, i32 %mem2_addr_1, i32 363" [conv.cpp:38]   --->   Operation 466 'readreq' 'empty_40' <Predicate = true> <Delay = 7.30> <CoreInst = "m_axi">   --->   Core 113 'm_axi' <Latency = 0> <II = 1> <Delay = 1.00> <Adapter> <Opcode : 'read' 'write' 'readreq' 'writereq' 'writeresp'>

State 7 <SV = 6> <Delay = 7.30>
ST_7 : Operation 467 [66/70] (7.30ns)   --->   "%mem2_load_req = readreq i1 @_ssdm_op_ReadReq.m_axi.i32P1A, i32 %mem2_addr, i32 1" [conv.cpp:27]   --->   Operation 467 'readreq' 'mem2_load_req' <Predicate = true> <Delay = 7.30> <CoreInst = "m_axi">   --->   Core 113 'm_axi' <Latency = 0> <II = 1> <Delay = 1.00> <Adapter> <Opcode : 'read' 'write' 'readreq' 'writereq' 'writeresp'>
ST_7 : Operation 468 [66/70] (7.30ns)   --->   "%empty_39 = readreq i1 @_ssdm_op_ReadReq.m_axi.p1i32, i32 %mem1_addr_1, i32 155952" [conv.cpp:38]   --->   Operation 468 'readreq' 'empty_39' <Predicate = true> <Delay = 7.30> <CoreInst = "m_axi">   --->   Core 113 'm_axi' <Latency = 0> <II = 1> <Delay = 1.00> <Adapter> <Opcode : 'read' 'write' 'readreq' 'writereq' 'writeresp'>
ST_7 : Operation 469 [67/70] (7.30ns)   --->   "%empty_40 = readreq i1 @_ssdm_op_ReadReq.m_axi.p1i32, i32 %mem2_addr_1, i32 363" [conv.cpp:38]   --->   Operation 469 'readreq' 'empty_40' <Predicate = true> <Delay = 7.30> <CoreInst = "m_axi">   --->   Core 113 'm_axi' <Latency = 0> <II = 1> <Delay = 1.00> <Adapter> <Opcode : 'read' 'write' 'readreq' 'writereq' 'writeresp'>

State 8 <SV = 7> <Delay = 7.30>
ST_8 : Operation 470 [65/70] (7.30ns)   --->   "%mem2_load_req = readreq i1 @_ssdm_op_ReadReq.m_axi.i32P1A, i32 %mem2_addr, i32 1" [conv.cpp:27]   --->   Operation 470 'readreq' 'mem2_load_req' <Predicate = true> <Delay = 7.30> <CoreInst = "m_axi">   --->   Core 113 'm_axi' <Latency = 0> <II = 1> <Delay = 1.00> <Adapter> <Opcode : 'read' 'write' 'readreq' 'writereq' 'writeresp'>
ST_8 : Operation 471 [65/70] (7.30ns)   --->   "%empty_39 = readreq i1 @_ssdm_op_ReadReq.m_axi.p1i32, i32 %mem1_addr_1, i32 155952" [conv.cpp:38]   --->   Operation 471 'readreq' 'empty_39' <Predicate = true> <Delay = 7.30> <CoreInst = "m_axi">   --->   Core 113 'm_axi' <Latency = 0> <II = 1> <Delay = 1.00> <Adapter> <Opcode : 'read' 'write' 'readreq' 'writereq' 'writeresp'>
ST_8 : Operation 472 [66/70] (7.30ns)   --->   "%empty_40 = readreq i1 @_ssdm_op_ReadReq.m_axi.p1i32, i32 %mem2_addr_1, i32 363" [conv.cpp:38]   --->   Operation 472 'readreq' 'empty_40' <Predicate = true> <Delay = 7.30> <CoreInst = "m_axi">   --->   Core 113 'm_axi' <Latency = 0> <II = 1> <Delay = 1.00> <Adapter> <Opcode : 'read' 'write' 'readreq' 'writereq' 'writeresp'>

State 9 <SV = 8> <Delay = 7.30>
ST_9 : Operation 473 [64/70] (7.30ns)   --->   "%mem2_load_req = readreq i1 @_ssdm_op_ReadReq.m_axi.i32P1A, i32 %mem2_addr, i32 1" [conv.cpp:27]   --->   Operation 473 'readreq' 'mem2_load_req' <Predicate = true> <Delay = 7.30> <CoreInst = "m_axi">   --->   Core 113 'm_axi' <Latency = 0> <II = 1> <Delay = 1.00> <Adapter> <Opcode : 'read' 'write' 'readreq' 'writereq' 'writeresp'>
ST_9 : Operation 474 [64/70] (7.30ns)   --->   "%empty_39 = readreq i1 @_ssdm_op_ReadReq.m_axi.p1i32, i32 %mem1_addr_1, i32 155952" [conv.cpp:38]   --->   Operation 474 'readreq' 'empty_39' <Predicate = true> <Delay = 7.30> <CoreInst = "m_axi">   --->   Core 113 'm_axi' <Latency = 0> <II = 1> <Delay = 1.00> <Adapter> <Opcode : 'read' 'write' 'readreq' 'writereq' 'writeresp'>
ST_9 : Operation 475 [65/70] (7.30ns)   --->   "%empty_40 = readreq i1 @_ssdm_op_ReadReq.m_axi.p1i32, i32 %mem2_addr_1, i32 363" [conv.cpp:38]   --->   Operation 475 'readreq' 'empty_40' <Predicate = true> <Delay = 7.30> <CoreInst = "m_axi">   --->   Core 113 'm_axi' <Latency = 0> <II = 1> <Delay = 1.00> <Adapter> <Opcode : 'read' 'write' 'readreq' 'writereq' 'writeresp'>

State 10 <SV = 9> <Delay = 7.30>
ST_10 : Operation 476 [63/70] (7.30ns)   --->   "%mem2_load_req = readreq i1 @_ssdm_op_ReadReq.m_axi.i32P1A, i32 %mem2_addr, i32 1" [conv.cpp:27]   --->   Operation 476 'readreq' 'mem2_load_req' <Predicate = true> <Delay = 7.30> <CoreInst = "m_axi">   --->   Core 113 'm_axi' <Latency = 0> <II = 1> <Delay = 1.00> <Adapter> <Opcode : 'read' 'write' 'readreq' 'writereq' 'writeresp'>
ST_10 : Operation 477 [63/70] (7.30ns)   --->   "%empty_39 = readreq i1 @_ssdm_op_ReadReq.m_axi.p1i32, i32 %mem1_addr_1, i32 155952" [conv.cpp:38]   --->   Operation 477 'readreq' 'empty_39' <Predicate = true> <Delay = 7.30> <CoreInst = "m_axi">   --->   Core 113 'm_axi' <Latency = 0> <II = 1> <Delay = 1.00> <Adapter> <Opcode : 'read' 'write' 'readreq' 'writereq' 'writeresp'>
ST_10 : Operation 478 [64/70] (7.30ns)   --->   "%empty_40 = readreq i1 @_ssdm_op_ReadReq.m_axi.p1i32, i32 %mem2_addr_1, i32 363" [conv.cpp:38]   --->   Operation 478 'readreq' 'empty_40' <Predicate = true> <Delay = 7.30> <CoreInst = "m_axi">   --->   Core 113 'm_axi' <Latency = 0> <II = 1> <Delay = 1.00> <Adapter> <Opcode : 'read' 'write' 'readreq' 'writereq' 'writeresp'>

State 11 <SV = 10> <Delay = 7.30>
ST_11 : Operation 479 [62/70] (7.30ns)   --->   "%mem2_load_req = readreq i1 @_ssdm_op_ReadReq.m_axi.i32P1A, i32 %mem2_addr, i32 1" [conv.cpp:27]   --->   Operation 479 'readreq' 'mem2_load_req' <Predicate = true> <Delay = 7.30> <CoreInst = "m_axi">   --->   Core 113 'm_axi' <Latency = 0> <II = 1> <Delay = 1.00> <Adapter> <Opcode : 'read' 'write' 'readreq' 'writereq' 'writeresp'>
ST_11 : Operation 480 [62/70] (7.30ns)   --->   "%empty_39 = readreq i1 @_ssdm_op_ReadReq.m_axi.p1i32, i32 %mem1_addr_1, i32 155952" [conv.cpp:38]   --->   Operation 480 'readreq' 'empty_39' <Predicate = true> <Delay = 7.30> <CoreInst = "m_axi">   --->   Core 113 'm_axi' <Latency = 0> <II = 1> <Delay = 1.00> <Adapter> <Opcode : 'read' 'write' 'readreq' 'writereq' 'writeresp'>
ST_11 : Operation 481 [63/70] (7.30ns)   --->   "%empty_40 = readreq i1 @_ssdm_op_ReadReq.m_axi.p1i32, i32 %mem2_addr_1, i32 363" [conv.cpp:38]   --->   Operation 481 'readreq' 'empty_40' <Predicate = true> <Delay = 7.30> <CoreInst = "m_axi">   --->   Core 113 'm_axi' <Latency = 0> <II = 1> <Delay = 1.00> <Adapter> <Opcode : 'read' 'write' 'readreq' 'writereq' 'writeresp'>

State 12 <SV = 11> <Delay = 7.30>
ST_12 : Operation 482 [61/70] (7.30ns)   --->   "%mem2_load_req = readreq i1 @_ssdm_op_ReadReq.m_axi.i32P1A, i32 %mem2_addr, i32 1" [conv.cpp:27]   --->   Operation 482 'readreq' 'mem2_load_req' <Predicate = true> <Delay = 7.30> <CoreInst = "m_axi">   --->   Core 113 'm_axi' <Latency = 0> <II = 1> <Delay = 1.00> <Adapter> <Opcode : 'read' 'write' 'readreq' 'writereq' 'writeresp'>
ST_12 : Operation 483 [61/70] (7.30ns)   --->   "%empty_39 = readreq i1 @_ssdm_op_ReadReq.m_axi.p1i32, i32 %mem1_addr_1, i32 155952" [conv.cpp:38]   --->   Operation 483 'readreq' 'empty_39' <Predicate = true> <Delay = 7.30> <CoreInst = "m_axi">   --->   Core 113 'm_axi' <Latency = 0> <II = 1> <Delay = 1.00> <Adapter> <Opcode : 'read' 'write' 'readreq' 'writereq' 'writeresp'>
ST_12 : Operation 484 [62/70] (7.30ns)   --->   "%empty_40 = readreq i1 @_ssdm_op_ReadReq.m_axi.p1i32, i32 %mem2_addr_1, i32 363" [conv.cpp:38]   --->   Operation 484 'readreq' 'empty_40' <Predicate = true> <Delay = 7.30> <CoreInst = "m_axi">   --->   Core 113 'm_axi' <Latency = 0> <II = 1> <Delay = 1.00> <Adapter> <Opcode : 'read' 'write' 'readreq' 'writereq' 'writeresp'>

State 13 <SV = 12> <Delay = 7.30>
ST_13 : Operation 485 [60/70] (7.30ns)   --->   "%mem2_load_req = readreq i1 @_ssdm_op_ReadReq.m_axi.i32P1A, i32 %mem2_addr, i32 1" [conv.cpp:27]   --->   Operation 485 'readreq' 'mem2_load_req' <Predicate = true> <Delay = 7.30> <CoreInst = "m_axi">   --->   Core 113 'm_axi' <Latency = 0> <II = 1> <Delay = 1.00> <Adapter> <Opcode : 'read' 'write' 'readreq' 'writereq' 'writeresp'>
ST_13 : Operation 486 [60/70] (7.30ns)   --->   "%empty_39 = readreq i1 @_ssdm_op_ReadReq.m_axi.p1i32, i32 %mem1_addr_1, i32 155952" [conv.cpp:38]   --->   Operation 486 'readreq' 'empty_39' <Predicate = true> <Delay = 7.30> <CoreInst = "m_axi">   --->   Core 113 'm_axi' <Latency = 0> <II = 1> <Delay = 1.00> <Adapter> <Opcode : 'read' 'write' 'readreq' 'writereq' 'writeresp'>
ST_13 : Operation 487 [61/70] (7.30ns)   --->   "%empty_40 = readreq i1 @_ssdm_op_ReadReq.m_axi.p1i32, i32 %mem2_addr_1, i32 363" [conv.cpp:38]   --->   Operation 487 'readreq' 'empty_40' <Predicate = true> <Delay = 7.30> <CoreInst = "m_axi">   --->   Core 113 'm_axi' <Latency = 0> <II = 1> <Delay = 1.00> <Adapter> <Opcode : 'read' 'write' 'readreq' 'writereq' 'writeresp'>

State 14 <SV = 13> <Delay = 7.30>
ST_14 : Operation 488 [59/70] (7.30ns)   --->   "%mem2_load_req = readreq i1 @_ssdm_op_ReadReq.m_axi.i32P1A, i32 %mem2_addr, i32 1" [conv.cpp:27]   --->   Operation 488 'readreq' 'mem2_load_req' <Predicate = true> <Delay = 7.30> <CoreInst = "m_axi">   --->   Core 113 'm_axi' <Latency = 0> <II = 1> <Delay = 1.00> <Adapter> <Opcode : 'read' 'write' 'readreq' 'writereq' 'writeresp'>
ST_14 : Operation 489 [59/70] (7.30ns)   --->   "%empty_39 = readreq i1 @_ssdm_op_ReadReq.m_axi.p1i32, i32 %mem1_addr_1, i32 155952" [conv.cpp:38]   --->   Operation 489 'readreq' 'empty_39' <Predicate = true> <Delay = 7.30> <CoreInst = "m_axi">   --->   Core 113 'm_axi' <Latency = 0> <II = 1> <Delay = 1.00> <Adapter> <Opcode : 'read' 'write' 'readreq' 'writereq' 'writeresp'>
ST_14 : Operation 490 [60/70] (7.30ns)   --->   "%empty_40 = readreq i1 @_ssdm_op_ReadReq.m_axi.p1i32, i32 %mem2_addr_1, i32 363" [conv.cpp:38]   --->   Operation 490 'readreq' 'empty_40' <Predicate = true> <Delay = 7.30> <CoreInst = "m_axi">   --->   Core 113 'm_axi' <Latency = 0> <II = 1> <Delay = 1.00> <Adapter> <Opcode : 'read' 'write' 'readreq' 'writereq' 'writeresp'>

State 15 <SV = 14> <Delay = 7.30>
ST_15 : Operation 491 [58/70] (7.30ns)   --->   "%mem2_load_req = readreq i1 @_ssdm_op_ReadReq.m_axi.i32P1A, i32 %mem2_addr, i32 1" [conv.cpp:27]   --->   Operation 491 'readreq' 'mem2_load_req' <Predicate = true> <Delay = 7.30> <CoreInst = "m_axi">   --->   Core 113 'm_axi' <Latency = 0> <II = 1> <Delay = 1.00> <Adapter> <Opcode : 'read' 'write' 'readreq' 'writereq' 'writeresp'>
ST_15 : Operation 492 [58/70] (7.30ns)   --->   "%empty_39 = readreq i1 @_ssdm_op_ReadReq.m_axi.p1i32, i32 %mem1_addr_1, i32 155952" [conv.cpp:38]   --->   Operation 492 'readreq' 'empty_39' <Predicate = true> <Delay = 7.30> <CoreInst = "m_axi">   --->   Core 113 'm_axi' <Latency = 0> <II = 1> <Delay = 1.00> <Adapter> <Opcode : 'read' 'write' 'readreq' 'writereq' 'writeresp'>
ST_15 : Operation 493 [59/70] (7.30ns)   --->   "%empty_40 = readreq i1 @_ssdm_op_ReadReq.m_axi.p1i32, i32 %mem2_addr_1, i32 363" [conv.cpp:38]   --->   Operation 493 'readreq' 'empty_40' <Predicate = true> <Delay = 7.30> <CoreInst = "m_axi">   --->   Core 113 'm_axi' <Latency = 0> <II = 1> <Delay = 1.00> <Adapter> <Opcode : 'read' 'write' 'readreq' 'writereq' 'writeresp'>

State 16 <SV = 15> <Delay = 7.30>
ST_16 : Operation 494 [57/70] (7.30ns)   --->   "%mem2_load_req = readreq i1 @_ssdm_op_ReadReq.m_axi.i32P1A, i32 %mem2_addr, i32 1" [conv.cpp:27]   --->   Operation 494 'readreq' 'mem2_load_req' <Predicate = true> <Delay = 7.30> <CoreInst = "m_axi">   --->   Core 113 'm_axi' <Latency = 0> <II = 1> <Delay = 1.00> <Adapter> <Opcode : 'read' 'write' 'readreq' 'writereq' 'writeresp'>
ST_16 : Operation 495 [57/70] (7.30ns)   --->   "%empty_39 = readreq i1 @_ssdm_op_ReadReq.m_axi.p1i32, i32 %mem1_addr_1, i32 155952" [conv.cpp:38]   --->   Operation 495 'readreq' 'empty_39' <Predicate = true> <Delay = 7.30> <CoreInst = "m_axi">   --->   Core 113 'm_axi' <Latency = 0> <II = 1> <Delay = 1.00> <Adapter> <Opcode : 'read' 'write' 'readreq' 'writereq' 'writeresp'>
ST_16 : Operation 496 [58/70] (7.30ns)   --->   "%empty_40 = readreq i1 @_ssdm_op_ReadReq.m_axi.p1i32, i32 %mem2_addr_1, i32 363" [conv.cpp:38]   --->   Operation 496 'readreq' 'empty_40' <Predicate = true> <Delay = 7.30> <CoreInst = "m_axi">   --->   Core 113 'm_axi' <Latency = 0> <II = 1> <Delay = 1.00> <Adapter> <Opcode : 'read' 'write' 'readreq' 'writereq' 'writeresp'>

State 17 <SV = 16> <Delay = 7.30>
ST_17 : Operation 497 [56/70] (7.30ns)   --->   "%mem2_load_req = readreq i1 @_ssdm_op_ReadReq.m_axi.i32P1A, i32 %mem2_addr, i32 1" [conv.cpp:27]   --->   Operation 497 'readreq' 'mem2_load_req' <Predicate = true> <Delay = 7.30> <CoreInst = "m_axi">   --->   Core 113 'm_axi' <Latency = 0> <II = 1> <Delay = 1.00> <Adapter> <Opcode : 'read' 'write' 'readreq' 'writereq' 'writeresp'>
ST_17 : Operation 498 [56/70] (7.30ns)   --->   "%empty_39 = readreq i1 @_ssdm_op_ReadReq.m_axi.p1i32, i32 %mem1_addr_1, i32 155952" [conv.cpp:38]   --->   Operation 498 'readreq' 'empty_39' <Predicate = true> <Delay = 7.30> <CoreInst = "m_axi">   --->   Core 113 'm_axi' <Latency = 0> <II = 1> <Delay = 1.00> <Adapter> <Opcode : 'read' 'write' 'readreq' 'writereq' 'writeresp'>
ST_17 : Operation 499 [57/70] (7.30ns)   --->   "%empty_40 = readreq i1 @_ssdm_op_ReadReq.m_axi.p1i32, i32 %mem2_addr_1, i32 363" [conv.cpp:38]   --->   Operation 499 'readreq' 'empty_40' <Predicate = true> <Delay = 7.30> <CoreInst = "m_axi">   --->   Core 113 'm_axi' <Latency = 0> <II = 1> <Delay = 1.00> <Adapter> <Opcode : 'read' 'write' 'readreq' 'writereq' 'writeresp'>

State 18 <SV = 17> <Delay = 7.30>
ST_18 : Operation 500 [55/70] (7.30ns)   --->   "%mem2_load_req = readreq i1 @_ssdm_op_ReadReq.m_axi.i32P1A, i32 %mem2_addr, i32 1" [conv.cpp:27]   --->   Operation 500 'readreq' 'mem2_load_req' <Predicate = true> <Delay = 7.30> <CoreInst = "m_axi">   --->   Core 113 'm_axi' <Latency = 0> <II = 1> <Delay = 1.00> <Adapter> <Opcode : 'read' 'write' 'readreq' 'writereq' 'writeresp'>
ST_18 : Operation 501 [55/70] (7.30ns)   --->   "%empty_39 = readreq i1 @_ssdm_op_ReadReq.m_axi.p1i32, i32 %mem1_addr_1, i32 155952" [conv.cpp:38]   --->   Operation 501 'readreq' 'empty_39' <Predicate = true> <Delay = 7.30> <CoreInst = "m_axi">   --->   Core 113 'm_axi' <Latency = 0> <II = 1> <Delay = 1.00> <Adapter> <Opcode : 'read' 'write' 'readreq' 'writereq' 'writeresp'>
ST_18 : Operation 502 [56/70] (7.30ns)   --->   "%empty_40 = readreq i1 @_ssdm_op_ReadReq.m_axi.p1i32, i32 %mem2_addr_1, i32 363" [conv.cpp:38]   --->   Operation 502 'readreq' 'empty_40' <Predicate = true> <Delay = 7.30> <CoreInst = "m_axi">   --->   Core 113 'm_axi' <Latency = 0> <II = 1> <Delay = 1.00> <Adapter> <Opcode : 'read' 'write' 'readreq' 'writereq' 'writeresp'>

State 19 <SV = 18> <Delay = 7.30>
ST_19 : Operation 503 [54/70] (7.30ns)   --->   "%mem2_load_req = readreq i1 @_ssdm_op_ReadReq.m_axi.i32P1A, i32 %mem2_addr, i32 1" [conv.cpp:27]   --->   Operation 503 'readreq' 'mem2_load_req' <Predicate = true> <Delay = 7.30> <CoreInst = "m_axi">   --->   Core 113 'm_axi' <Latency = 0> <II = 1> <Delay = 1.00> <Adapter> <Opcode : 'read' 'write' 'readreq' 'writereq' 'writeresp'>
ST_19 : Operation 504 [54/70] (7.30ns)   --->   "%empty_39 = readreq i1 @_ssdm_op_ReadReq.m_axi.p1i32, i32 %mem1_addr_1, i32 155952" [conv.cpp:38]   --->   Operation 504 'readreq' 'empty_39' <Predicate = true> <Delay = 7.30> <CoreInst = "m_axi">   --->   Core 113 'm_axi' <Latency = 0> <II = 1> <Delay = 1.00> <Adapter> <Opcode : 'read' 'write' 'readreq' 'writereq' 'writeresp'>
ST_19 : Operation 505 [55/70] (7.30ns)   --->   "%empty_40 = readreq i1 @_ssdm_op_ReadReq.m_axi.p1i32, i32 %mem2_addr_1, i32 363" [conv.cpp:38]   --->   Operation 505 'readreq' 'empty_40' <Predicate = true> <Delay = 7.30> <CoreInst = "m_axi">   --->   Core 113 'm_axi' <Latency = 0> <II = 1> <Delay = 1.00> <Adapter> <Opcode : 'read' 'write' 'readreq' 'writereq' 'writeresp'>

State 20 <SV = 19> <Delay = 7.30>
ST_20 : Operation 506 [53/70] (7.30ns)   --->   "%mem2_load_req = readreq i1 @_ssdm_op_ReadReq.m_axi.i32P1A, i32 %mem2_addr, i32 1" [conv.cpp:27]   --->   Operation 506 'readreq' 'mem2_load_req' <Predicate = true> <Delay = 7.30> <CoreInst = "m_axi">   --->   Core 113 'm_axi' <Latency = 0> <II = 1> <Delay = 1.00> <Adapter> <Opcode : 'read' 'write' 'readreq' 'writereq' 'writeresp'>
ST_20 : Operation 507 [53/70] (7.30ns)   --->   "%empty_39 = readreq i1 @_ssdm_op_ReadReq.m_axi.p1i32, i32 %mem1_addr_1, i32 155952" [conv.cpp:38]   --->   Operation 507 'readreq' 'empty_39' <Predicate = true> <Delay = 7.30> <CoreInst = "m_axi">   --->   Core 113 'm_axi' <Latency = 0> <II = 1> <Delay = 1.00> <Adapter> <Opcode : 'read' 'write' 'readreq' 'writereq' 'writeresp'>
ST_20 : Operation 508 [54/70] (7.30ns)   --->   "%empty_40 = readreq i1 @_ssdm_op_ReadReq.m_axi.p1i32, i32 %mem2_addr_1, i32 363" [conv.cpp:38]   --->   Operation 508 'readreq' 'empty_40' <Predicate = true> <Delay = 7.30> <CoreInst = "m_axi">   --->   Core 113 'm_axi' <Latency = 0> <II = 1> <Delay = 1.00> <Adapter> <Opcode : 'read' 'write' 'readreq' 'writereq' 'writeresp'>

State 21 <SV = 20> <Delay = 7.30>
ST_21 : Operation 509 [52/70] (7.30ns)   --->   "%mem2_load_req = readreq i1 @_ssdm_op_ReadReq.m_axi.i32P1A, i32 %mem2_addr, i32 1" [conv.cpp:27]   --->   Operation 509 'readreq' 'mem2_load_req' <Predicate = true> <Delay = 7.30> <CoreInst = "m_axi">   --->   Core 113 'm_axi' <Latency = 0> <II = 1> <Delay = 1.00> <Adapter> <Opcode : 'read' 'write' 'readreq' 'writereq' 'writeresp'>
ST_21 : Operation 510 [52/70] (7.30ns)   --->   "%empty_39 = readreq i1 @_ssdm_op_ReadReq.m_axi.p1i32, i32 %mem1_addr_1, i32 155952" [conv.cpp:38]   --->   Operation 510 'readreq' 'empty_39' <Predicate = true> <Delay = 7.30> <CoreInst = "m_axi">   --->   Core 113 'm_axi' <Latency = 0> <II = 1> <Delay = 1.00> <Adapter> <Opcode : 'read' 'write' 'readreq' 'writereq' 'writeresp'>
ST_21 : Operation 511 [53/70] (7.30ns)   --->   "%empty_40 = readreq i1 @_ssdm_op_ReadReq.m_axi.p1i32, i32 %mem2_addr_1, i32 363" [conv.cpp:38]   --->   Operation 511 'readreq' 'empty_40' <Predicate = true> <Delay = 7.30> <CoreInst = "m_axi">   --->   Core 113 'm_axi' <Latency = 0> <II = 1> <Delay = 1.00> <Adapter> <Opcode : 'read' 'write' 'readreq' 'writereq' 'writeresp'>

State 22 <SV = 21> <Delay = 7.30>
ST_22 : Operation 512 [51/70] (7.30ns)   --->   "%mem2_load_req = readreq i1 @_ssdm_op_ReadReq.m_axi.i32P1A, i32 %mem2_addr, i32 1" [conv.cpp:27]   --->   Operation 512 'readreq' 'mem2_load_req' <Predicate = true> <Delay = 7.30> <CoreInst = "m_axi">   --->   Core 113 'm_axi' <Latency = 0> <II = 1> <Delay = 1.00> <Adapter> <Opcode : 'read' 'write' 'readreq' 'writereq' 'writeresp'>
ST_22 : Operation 513 [51/70] (7.30ns)   --->   "%empty_39 = readreq i1 @_ssdm_op_ReadReq.m_axi.p1i32, i32 %mem1_addr_1, i32 155952" [conv.cpp:38]   --->   Operation 513 'readreq' 'empty_39' <Predicate = true> <Delay = 7.30> <CoreInst = "m_axi">   --->   Core 113 'm_axi' <Latency = 0> <II = 1> <Delay = 1.00> <Adapter> <Opcode : 'read' 'write' 'readreq' 'writereq' 'writeresp'>
ST_22 : Operation 514 [52/70] (7.30ns)   --->   "%empty_40 = readreq i1 @_ssdm_op_ReadReq.m_axi.p1i32, i32 %mem2_addr_1, i32 363" [conv.cpp:38]   --->   Operation 514 'readreq' 'empty_40' <Predicate = true> <Delay = 7.30> <CoreInst = "m_axi">   --->   Core 113 'm_axi' <Latency = 0> <II = 1> <Delay = 1.00> <Adapter> <Opcode : 'read' 'write' 'readreq' 'writereq' 'writeresp'>

State 23 <SV = 22> <Delay = 7.30>
ST_23 : Operation 515 [50/70] (7.30ns)   --->   "%mem2_load_req = readreq i1 @_ssdm_op_ReadReq.m_axi.i32P1A, i32 %mem2_addr, i32 1" [conv.cpp:27]   --->   Operation 515 'readreq' 'mem2_load_req' <Predicate = true> <Delay = 7.30> <CoreInst = "m_axi">   --->   Core 113 'm_axi' <Latency = 0> <II = 1> <Delay = 1.00> <Adapter> <Opcode : 'read' 'write' 'readreq' 'writereq' 'writeresp'>
ST_23 : Operation 516 [50/70] (7.30ns)   --->   "%empty_39 = readreq i1 @_ssdm_op_ReadReq.m_axi.p1i32, i32 %mem1_addr_1, i32 155952" [conv.cpp:38]   --->   Operation 516 'readreq' 'empty_39' <Predicate = true> <Delay = 7.30> <CoreInst = "m_axi">   --->   Core 113 'm_axi' <Latency = 0> <II = 1> <Delay = 1.00> <Adapter> <Opcode : 'read' 'write' 'readreq' 'writereq' 'writeresp'>
ST_23 : Operation 517 [51/70] (7.30ns)   --->   "%empty_40 = readreq i1 @_ssdm_op_ReadReq.m_axi.p1i32, i32 %mem2_addr_1, i32 363" [conv.cpp:38]   --->   Operation 517 'readreq' 'empty_40' <Predicate = true> <Delay = 7.30> <CoreInst = "m_axi">   --->   Core 113 'm_axi' <Latency = 0> <II = 1> <Delay = 1.00> <Adapter> <Opcode : 'read' 'write' 'readreq' 'writereq' 'writeresp'>

State 24 <SV = 23> <Delay = 7.30>
ST_24 : Operation 518 [49/70] (7.30ns)   --->   "%mem2_load_req = readreq i1 @_ssdm_op_ReadReq.m_axi.i32P1A, i32 %mem2_addr, i32 1" [conv.cpp:27]   --->   Operation 518 'readreq' 'mem2_load_req' <Predicate = true> <Delay = 7.30> <CoreInst = "m_axi">   --->   Core 113 'm_axi' <Latency = 0> <II = 1> <Delay = 1.00> <Adapter> <Opcode : 'read' 'write' 'readreq' 'writereq' 'writeresp'>
ST_24 : Operation 519 [49/70] (7.30ns)   --->   "%empty_39 = readreq i1 @_ssdm_op_ReadReq.m_axi.p1i32, i32 %mem1_addr_1, i32 155952" [conv.cpp:38]   --->   Operation 519 'readreq' 'empty_39' <Predicate = true> <Delay = 7.30> <CoreInst = "m_axi">   --->   Core 113 'm_axi' <Latency = 0> <II = 1> <Delay = 1.00> <Adapter> <Opcode : 'read' 'write' 'readreq' 'writereq' 'writeresp'>
ST_24 : Operation 520 [50/70] (7.30ns)   --->   "%empty_40 = readreq i1 @_ssdm_op_ReadReq.m_axi.p1i32, i32 %mem2_addr_1, i32 363" [conv.cpp:38]   --->   Operation 520 'readreq' 'empty_40' <Predicate = true> <Delay = 7.30> <CoreInst = "m_axi">   --->   Core 113 'm_axi' <Latency = 0> <II = 1> <Delay = 1.00> <Adapter> <Opcode : 'read' 'write' 'readreq' 'writereq' 'writeresp'>

State 25 <SV = 24> <Delay = 7.30>
ST_25 : Operation 521 [48/70] (7.30ns)   --->   "%mem2_load_req = readreq i1 @_ssdm_op_ReadReq.m_axi.i32P1A, i32 %mem2_addr, i32 1" [conv.cpp:27]   --->   Operation 521 'readreq' 'mem2_load_req' <Predicate = true> <Delay = 7.30> <CoreInst = "m_axi">   --->   Core 113 'm_axi' <Latency = 0> <II = 1> <Delay = 1.00> <Adapter> <Opcode : 'read' 'write' 'readreq' 'writereq' 'writeresp'>
ST_25 : Operation 522 [48/70] (7.30ns)   --->   "%empty_39 = readreq i1 @_ssdm_op_ReadReq.m_axi.p1i32, i32 %mem1_addr_1, i32 155952" [conv.cpp:38]   --->   Operation 522 'readreq' 'empty_39' <Predicate = true> <Delay = 7.30> <CoreInst = "m_axi">   --->   Core 113 'm_axi' <Latency = 0> <II = 1> <Delay = 1.00> <Adapter> <Opcode : 'read' 'write' 'readreq' 'writereq' 'writeresp'>
ST_25 : Operation 523 [49/70] (7.30ns)   --->   "%empty_40 = readreq i1 @_ssdm_op_ReadReq.m_axi.p1i32, i32 %mem2_addr_1, i32 363" [conv.cpp:38]   --->   Operation 523 'readreq' 'empty_40' <Predicate = true> <Delay = 7.30> <CoreInst = "m_axi">   --->   Core 113 'm_axi' <Latency = 0> <II = 1> <Delay = 1.00> <Adapter> <Opcode : 'read' 'write' 'readreq' 'writereq' 'writeresp'>

State 26 <SV = 25> <Delay = 7.30>
ST_26 : Operation 524 [47/70] (7.30ns)   --->   "%mem2_load_req = readreq i1 @_ssdm_op_ReadReq.m_axi.i32P1A, i32 %mem2_addr, i32 1" [conv.cpp:27]   --->   Operation 524 'readreq' 'mem2_load_req' <Predicate = true> <Delay = 7.30> <CoreInst = "m_axi">   --->   Core 113 'm_axi' <Latency = 0> <II = 1> <Delay = 1.00> <Adapter> <Opcode : 'read' 'write' 'readreq' 'writereq' 'writeresp'>
ST_26 : Operation 525 [47/70] (7.30ns)   --->   "%empty_39 = readreq i1 @_ssdm_op_ReadReq.m_axi.p1i32, i32 %mem1_addr_1, i32 155952" [conv.cpp:38]   --->   Operation 525 'readreq' 'empty_39' <Predicate = true> <Delay = 7.30> <CoreInst = "m_axi">   --->   Core 113 'm_axi' <Latency = 0> <II = 1> <Delay = 1.00> <Adapter> <Opcode : 'read' 'write' 'readreq' 'writereq' 'writeresp'>
ST_26 : Operation 526 [48/70] (7.30ns)   --->   "%empty_40 = readreq i1 @_ssdm_op_ReadReq.m_axi.p1i32, i32 %mem2_addr_1, i32 363" [conv.cpp:38]   --->   Operation 526 'readreq' 'empty_40' <Predicate = true> <Delay = 7.30> <CoreInst = "m_axi">   --->   Core 113 'm_axi' <Latency = 0> <II = 1> <Delay = 1.00> <Adapter> <Opcode : 'read' 'write' 'readreq' 'writereq' 'writeresp'>

State 27 <SV = 26> <Delay = 7.30>
ST_27 : Operation 527 [46/70] (7.30ns)   --->   "%mem2_load_req = readreq i1 @_ssdm_op_ReadReq.m_axi.i32P1A, i32 %mem2_addr, i32 1" [conv.cpp:27]   --->   Operation 527 'readreq' 'mem2_load_req' <Predicate = true> <Delay = 7.30> <CoreInst = "m_axi">   --->   Core 113 'm_axi' <Latency = 0> <II = 1> <Delay = 1.00> <Adapter> <Opcode : 'read' 'write' 'readreq' 'writereq' 'writeresp'>
ST_27 : Operation 528 [46/70] (7.30ns)   --->   "%empty_39 = readreq i1 @_ssdm_op_ReadReq.m_axi.p1i32, i32 %mem1_addr_1, i32 155952" [conv.cpp:38]   --->   Operation 528 'readreq' 'empty_39' <Predicate = true> <Delay = 7.30> <CoreInst = "m_axi">   --->   Core 113 'm_axi' <Latency = 0> <II = 1> <Delay = 1.00> <Adapter> <Opcode : 'read' 'write' 'readreq' 'writereq' 'writeresp'>
ST_27 : Operation 529 [47/70] (7.30ns)   --->   "%empty_40 = readreq i1 @_ssdm_op_ReadReq.m_axi.p1i32, i32 %mem2_addr_1, i32 363" [conv.cpp:38]   --->   Operation 529 'readreq' 'empty_40' <Predicate = true> <Delay = 7.30> <CoreInst = "m_axi">   --->   Core 113 'm_axi' <Latency = 0> <II = 1> <Delay = 1.00> <Adapter> <Opcode : 'read' 'write' 'readreq' 'writereq' 'writeresp'>

State 28 <SV = 27> <Delay = 7.30>
ST_28 : Operation 530 [45/70] (7.30ns)   --->   "%mem2_load_req = readreq i1 @_ssdm_op_ReadReq.m_axi.i32P1A, i32 %mem2_addr, i32 1" [conv.cpp:27]   --->   Operation 530 'readreq' 'mem2_load_req' <Predicate = true> <Delay = 7.30> <CoreInst = "m_axi">   --->   Core 113 'm_axi' <Latency = 0> <II = 1> <Delay = 1.00> <Adapter> <Opcode : 'read' 'write' 'readreq' 'writereq' 'writeresp'>
ST_28 : Operation 531 [45/70] (7.30ns)   --->   "%empty_39 = readreq i1 @_ssdm_op_ReadReq.m_axi.p1i32, i32 %mem1_addr_1, i32 155952" [conv.cpp:38]   --->   Operation 531 'readreq' 'empty_39' <Predicate = true> <Delay = 7.30> <CoreInst = "m_axi">   --->   Core 113 'm_axi' <Latency = 0> <II = 1> <Delay = 1.00> <Adapter> <Opcode : 'read' 'write' 'readreq' 'writereq' 'writeresp'>
ST_28 : Operation 532 [46/70] (7.30ns)   --->   "%empty_40 = readreq i1 @_ssdm_op_ReadReq.m_axi.p1i32, i32 %mem2_addr_1, i32 363" [conv.cpp:38]   --->   Operation 532 'readreq' 'empty_40' <Predicate = true> <Delay = 7.30> <CoreInst = "m_axi">   --->   Core 113 'm_axi' <Latency = 0> <II = 1> <Delay = 1.00> <Adapter> <Opcode : 'read' 'write' 'readreq' 'writereq' 'writeresp'>

State 29 <SV = 28> <Delay = 7.30>
ST_29 : Operation 533 [44/70] (7.30ns)   --->   "%mem2_load_req = readreq i1 @_ssdm_op_ReadReq.m_axi.i32P1A, i32 %mem2_addr, i32 1" [conv.cpp:27]   --->   Operation 533 'readreq' 'mem2_load_req' <Predicate = true> <Delay = 7.30> <CoreInst = "m_axi">   --->   Core 113 'm_axi' <Latency = 0> <II = 1> <Delay = 1.00> <Adapter> <Opcode : 'read' 'write' 'readreq' 'writereq' 'writeresp'>
ST_29 : Operation 534 [44/70] (7.30ns)   --->   "%empty_39 = readreq i1 @_ssdm_op_ReadReq.m_axi.p1i32, i32 %mem1_addr_1, i32 155952" [conv.cpp:38]   --->   Operation 534 'readreq' 'empty_39' <Predicate = true> <Delay = 7.30> <CoreInst = "m_axi">   --->   Core 113 'm_axi' <Latency = 0> <II = 1> <Delay = 1.00> <Adapter> <Opcode : 'read' 'write' 'readreq' 'writereq' 'writeresp'>
ST_29 : Operation 535 [45/70] (7.30ns)   --->   "%empty_40 = readreq i1 @_ssdm_op_ReadReq.m_axi.p1i32, i32 %mem2_addr_1, i32 363" [conv.cpp:38]   --->   Operation 535 'readreq' 'empty_40' <Predicate = true> <Delay = 7.30> <CoreInst = "m_axi">   --->   Core 113 'm_axi' <Latency = 0> <II = 1> <Delay = 1.00> <Adapter> <Opcode : 'read' 'write' 'readreq' 'writereq' 'writeresp'>

State 30 <SV = 29> <Delay = 7.30>
ST_30 : Operation 536 [43/70] (7.30ns)   --->   "%mem2_load_req = readreq i1 @_ssdm_op_ReadReq.m_axi.i32P1A, i32 %mem2_addr, i32 1" [conv.cpp:27]   --->   Operation 536 'readreq' 'mem2_load_req' <Predicate = true> <Delay = 7.30> <CoreInst = "m_axi">   --->   Core 113 'm_axi' <Latency = 0> <II = 1> <Delay = 1.00> <Adapter> <Opcode : 'read' 'write' 'readreq' 'writereq' 'writeresp'>
ST_30 : Operation 537 [43/70] (7.30ns)   --->   "%empty_39 = readreq i1 @_ssdm_op_ReadReq.m_axi.p1i32, i32 %mem1_addr_1, i32 155952" [conv.cpp:38]   --->   Operation 537 'readreq' 'empty_39' <Predicate = true> <Delay = 7.30> <CoreInst = "m_axi">   --->   Core 113 'm_axi' <Latency = 0> <II = 1> <Delay = 1.00> <Adapter> <Opcode : 'read' 'write' 'readreq' 'writereq' 'writeresp'>
ST_30 : Operation 538 [44/70] (7.30ns)   --->   "%empty_40 = readreq i1 @_ssdm_op_ReadReq.m_axi.p1i32, i32 %mem2_addr_1, i32 363" [conv.cpp:38]   --->   Operation 538 'readreq' 'empty_40' <Predicate = true> <Delay = 7.30> <CoreInst = "m_axi">   --->   Core 113 'm_axi' <Latency = 0> <II = 1> <Delay = 1.00> <Adapter> <Opcode : 'read' 'write' 'readreq' 'writereq' 'writeresp'>

State 31 <SV = 30> <Delay = 7.30>
ST_31 : Operation 539 [42/70] (7.30ns)   --->   "%mem2_load_req = readreq i1 @_ssdm_op_ReadReq.m_axi.i32P1A, i32 %mem2_addr, i32 1" [conv.cpp:27]   --->   Operation 539 'readreq' 'mem2_load_req' <Predicate = true> <Delay = 7.30> <CoreInst = "m_axi">   --->   Core 113 'm_axi' <Latency = 0> <II = 1> <Delay = 1.00> <Adapter> <Opcode : 'read' 'write' 'readreq' 'writereq' 'writeresp'>
ST_31 : Operation 540 [42/70] (7.30ns)   --->   "%empty_39 = readreq i1 @_ssdm_op_ReadReq.m_axi.p1i32, i32 %mem1_addr_1, i32 155952" [conv.cpp:38]   --->   Operation 540 'readreq' 'empty_39' <Predicate = true> <Delay = 7.30> <CoreInst = "m_axi">   --->   Core 113 'm_axi' <Latency = 0> <II = 1> <Delay = 1.00> <Adapter> <Opcode : 'read' 'write' 'readreq' 'writereq' 'writeresp'>
ST_31 : Operation 541 [43/70] (7.30ns)   --->   "%empty_40 = readreq i1 @_ssdm_op_ReadReq.m_axi.p1i32, i32 %mem2_addr_1, i32 363" [conv.cpp:38]   --->   Operation 541 'readreq' 'empty_40' <Predicate = true> <Delay = 7.30> <CoreInst = "m_axi">   --->   Core 113 'm_axi' <Latency = 0> <II = 1> <Delay = 1.00> <Adapter> <Opcode : 'read' 'write' 'readreq' 'writereq' 'writeresp'>

State 32 <SV = 31> <Delay = 7.30>
ST_32 : Operation 542 [41/70] (7.30ns)   --->   "%mem2_load_req = readreq i1 @_ssdm_op_ReadReq.m_axi.i32P1A, i32 %mem2_addr, i32 1" [conv.cpp:27]   --->   Operation 542 'readreq' 'mem2_load_req' <Predicate = true> <Delay = 7.30> <CoreInst = "m_axi">   --->   Core 113 'm_axi' <Latency = 0> <II = 1> <Delay = 1.00> <Adapter> <Opcode : 'read' 'write' 'readreq' 'writereq' 'writeresp'>
ST_32 : Operation 543 [41/70] (7.30ns)   --->   "%empty_39 = readreq i1 @_ssdm_op_ReadReq.m_axi.p1i32, i32 %mem1_addr_1, i32 155952" [conv.cpp:38]   --->   Operation 543 'readreq' 'empty_39' <Predicate = true> <Delay = 7.30> <CoreInst = "m_axi">   --->   Core 113 'm_axi' <Latency = 0> <II = 1> <Delay = 1.00> <Adapter> <Opcode : 'read' 'write' 'readreq' 'writereq' 'writeresp'>
ST_32 : Operation 544 [42/70] (7.30ns)   --->   "%empty_40 = readreq i1 @_ssdm_op_ReadReq.m_axi.p1i32, i32 %mem2_addr_1, i32 363" [conv.cpp:38]   --->   Operation 544 'readreq' 'empty_40' <Predicate = true> <Delay = 7.30> <CoreInst = "m_axi">   --->   Core 113 'm_axi' <Latency = 0> <II = 1> <Delay = 1.00> <Adapter> <Opcode : 'read' 'write' 'readreq' 'writereq' 'writeresp'>

State 33 <SV = 32> <Delay = 7.30>
ST_33 : Operation 545 [40/70] (7.30ns)   --->   "%mem2_load_req = readreq i1 @_ssdm_op_ReadReq.m_axi.i32P1A, i32 %mem2_addr, i32 1" [conv.cpp:27]   --->   Operation 545 'readreq' 'mem2_load_req' <Predicate = true> <Delay = 7.30> <CoreInst = "m_axi">   --->   Core 113 'm_axi' <Latency = 0> <II = 1> <Delay = 1.00> <Adapter> <Opcode : 'read' 'write' 'readreq' 'writereq' 'writeresp'>
ST_33 : Operation 546 [40/70] (7.30ns)   --->   "%empty_39 = readreq i1 @_ssdm_op_ReadReq.m_axi.p1i32, i32 %mem1_addr_1, i32 155952" [conv.cpp:38]   --->   Operation 546 'readreq' 'empty_39' <Predicate = true> <Delay = 7.30> <CoreInst = "m_axi">   --->   Core 113 'm_axi' <Latency = 0> <II = 1> <Delay = 1.00> <Adapter> <Opcode : 'read' 'write' 'readreq' 'writereq' 'writeresp'>
ST_33 : Operation 547 [41/70] (7.30ns)   --->   "%empty_40 = readreq i1 @_ssdm_op_ReadReq.m_axi.p1i32, i32 %mem2_addr_1, i32 363" [conv.cpp:38]   --->   Operation 547 'readreq' 'empty_40' <Predicate = true> <Delay = 7.30> <CoreInst = "m_axi">   --->   Core 113 'm_axi' <Latency = 0> <II = 1> <Delay = 1.00> <Adapter> <Opcode : 'read' 'write' 'readreq' 'writereq' 'writeresp'>

State 34 <SV = 33> <Delay = 7.30>
ST_34 : Operation 548 [39/70] (7.30ns)   --->   "%mem2_load_req = readreq i1 @_ssdm_op_ReadReq.m_axi.i32P1A, i32 %mem2_addr, i32 1" [conv.cpp:27]   --->   Operation 548 'readreq' 'mem2_load_req' <Predicate = true> <Delay = 7.30> <CoreInst = "m_axi">   --->   Core 113 'm_axi' <Latency = 0> <II = 1> <Delay = 1.00> <Adapter> <Opcode : 'read' 'write' 'readreq' 'writereq' 'writeresp'>
ST_34 : Operation 549 [39/70] (7.30ns)   --->   "%empty_39 = readreq i1 @_ssdm_op_ReadReq.m_axi.p1i32, i32 %mem1_addr_1, i32 155952" [conv.cpp:38]   --->   Operation 549 'readreq' 'empty_39' <Predicate = true> <Delay = 7.30> <CoreInst = "m_axi">   --->   Core 113 'm_axi' <Latency = 0> <II = 1> <Delay = 1.00> <Adapter> <Opcode : 'read' 'write' 'readreq' 'writereq' 'writeresp'>
ST_34 : Operation 550 [40/70] (7.30ns)   --->   "%empty_40 = readreq i1 @_ssdm_op_ReadReq.m_axi.p1i32, i32 %mem2_addr_1, i32 363" [conv.cpp:38]   --->   Operation 550 'readreq' 'empty_40' <Predicate = true> <Delay = 7.30> <CoreInst = "m_axi">   --->   Core 113 'm_axi' <Latency = 0> <II = 1> <Delay = 1.00> <Adapter> <Opcode : 'read' 'write' 'readreq' 'writereq' 'writeresp'>

State 35 <SV = 34> <Delay = 7.30>
ST_35 : Operation 551 [38/70] (7.30ns)   --->   "%mem2_load_req = readreq i1 @_ssdm_op_ReadReq.m_axi.i32P1A, i32 %mem2_addr, i32 1" [conv.cpp:27]   --->   Operation 551 'readreq' 'mem2_load_req' <Predicate = true> <Delay = 7.30> <CoreInst = "m_axi">   --->   Core 113 'm_axi' <Latency = 0> <II = 1> <Delay = 1.00> <Adapter> <Opcode : 'read' 'write' 'readreq' 'writereq' 'writeresp'>
ST_35 : Operation 552 [38/70] (7.30ns)   --->   "%empty_39 = readreq i1 @_ssdm_op_ReadReq.m_axi.p1i32, i32 %mem1_addr_1, i32 155952" [conv.cpp:38]   --->   Operation 552 'readreq' 'empty_39' <Predicate = true> <Delay = 7.30> <CoreInst = "m_axi">   --->   Core 113 'm_axi' <Latency = 0> <II = 1> <Delay = 1.00> <Adapter> <Opcode : 'read' 'write' 'readreq' 'writereq' 'writeresp'>
ST_35 : Operation 553 [39/70] (7.30ns)   --->   "%empty_40 = readreq i1 @_ssdm_op_ReadReq.m_axi.p1i32, i32 %mem2_addr_1, i32 363" [conv.cpp:38]   --->   Operation 553 'readreq' 'empty_40' <Predicate = true> <Delay = 7.30> <CoreInst = "m_axi">   --->   Core 113 'm_axi' <Latency = 0> <II = 1> <Delay = 1.00> <Adapter> <Opcode : 'read' 'write' 'readreq' 'writereq' 'writeresp'>

State 36 <SV = 35> <Delay = 7.30>
ST_36 : Operation 554 [37/70] (7.30ns)   --->   "%mem2_load_req = readreq i1 @_ssdm_op_ReadReq.m_axi.i32P1A, i32 %mem2_addr, i32 1" [conv.cpp:27]   --->   Operation 554 'readreq' 'mem2_load_req' <Predicate = true> <Delay = 7.30> <CoreInst = "m_axi">   --->   Core 113 'm_axi' <Latency = 0> <II = 1> <Delay = 1.00> <Adapter> <Opcode : 'read' 'write' 'readreq' 'writereq' 'writeresp'>
ST_36 : Operation 555 [37/70] (7.30ns)   --->   "%empty_39 = readreq i1 @_ssdm_op_ReadReq.m_axi.p1i32, i32 %mem1_addr_1, i32 155952" [conv.cpp:38]   --->   Operation 555 'readreq' 'empty_39' <Predicate = true> <Delay = 7.30> <CoreInst = "m_axi">   --->   Core 113 'm_axi' <Latency = 0> <II = 1> <Delay = 1.00> <Adapter> <Opcode : 'read' 'write' 'readreq' 'writereq' 'writeresp'>
ST_36 : Operation 556 [38/70] (7.30ns)   --->   "%empty_40 = readreq i1 @_ssdm_op_ReadReq.m_axi.p1i32, i32 %mem2_addr_1, i32 363" [conv.cpp:38]   --->   Operation 556 'readreq' 'empty_40' <Predicate = true> <Delay = 7.30> <CoreInst = "m_axi">   --->   Core 113 'm_axi' <Latency = 0> <II = 1> <Delay = 1.00> <Adapter> <Opcode : 'read' 'write' 'readreq' 'writereq' 'writeresp'>

State 37 <SV = 36> <Delay = 7.30>
ST_37 : Operation 557 [36/70] (7.30ns)   --->   "%mem2_load_req = readreq i1 @_ssdm_op_ReadReq.m_axi.i32P1A, i32 %mem2_addr, i32 1" [conv.cpp:27]   --->   Operation 557 'readreq' 'mem2_load_req' <Predicate = true> <Delay = 7.30> <CoreInst = "m_axi">   --->   Core 113 'm_axi' <Latency = 0> <II = 1> <Delay = 1.00> <Adapter> <Opcode : 'read' 'write' 'readreq' 'writereq' 'writeresp'>
ST_37 : Operation 558 [36/70] (7.30ns)   --->   "%empty_39 = readreq i1 @_ssdm_op_ReadReq.m_axi.p1i32, i32 %mem1_addr_1, i32 155952" [conv.cpp:38]   --->   Operation 558 'readreq' 'empty_39' <Predicate = true> <Delay = 7.30> <CoreInst = "m_axi">   --->   Core 113 'm_axi' <Latency = 0> <II = 1> <Delay = 1.00> <Adapter> <Opcode : 'read' 'write' 'readreq' 'writereq' 'writeresp'>
ST_37 : Operation 559 [37/70] (7.30ns)   --->   "%empty_40 = readreq i1 @_ssdm_op_ReadReq.m_axi.p1i32, i32 %mem2_addr_1, i32 363" [conv.cpp:38]   --->   Operation 559 'readreq' 'empty_40' <Predicate = true> <Delay = 7.30> <CoreInst = "m_axi">   --->   Core 113 'm_axi' <Latency = 0> <II = 1> <Delay = 1.00> <Adapter> <Opcode : 'read' 'write' 'readreq' 'writereq' 'writeresp'>

State 38 <SV = 37> <Delay = 7.30>
ST_38 : Operation 560 [35/70] (7.30ns)   --->   "%mem2_load_req = readreq i1 @_ssdm_op_ReadReq.m_axi.i32P1A, i32 %mem2_addr, i32 1" [conv.cpp:27]   --->   Operation 560 'readreq' 'mem2_load_req' <Predicate = true> <Delay = 7.30> <CoreInst = "m_axi">   --->   Core 113 'm_axi' <Latency = 0> <II = 1> <Delay = 1.00> <Adapter> <Opcode : 'read' 'write' 'readreq' 'writereq' 'writeresp'>
ST_38 : Operation 561 [35/70] (7.30ns)   --->   "%empty_39 = readreq i1 @_ssdm_op_ReadReq.m_axi.p1i32, i32 %mem1_addr_1, i32 155952" [conv.cpp:38]   --->   Operation 561 'readreq' 'empty_39' <Predicate = true> <Delay = 7.30> <CoreInst = "m_axi">   --->   Core 113 'm_axi' <Latency = 0> <II = 1> <Delay = 1.00> <Adapter> <Opcode : 'read' 'write' 'readreq' 'writereq' 'writeresp'>
ST_38 : Operation 562 [36/70] (7.30ns)   --->   "%empty_40 = readreq i1 @_ssdm_op_ReadReq.m_axi.p1i32, i32 %mem2_addr_1, i32 363" [conv.cpp:38]   --->   Operation 562 'readreq' 'empty_40' <Predicate = true> <Delay = 7.30> <CoreInst = "m_axi">   --->   Core 113 'm_axi' <Latency = 0> <II = 1> <Delay = 1.00> <Adapter> <Opcode : 'read' 'write' 'readreq' 'writereq' 'writeresp'>

State 39 <SV = 38> <Delay = 7.30>
ST_39 : Operation 563 [34/70] (7.30ns)   --->   "%mem2_load_req = readreq i1 @_ssdm_op_ReadReq.m_axi.i32P1A, i32 %mem2_addr, i32 1" [conv.cpp:27]   --->   Operation 563 'readreq' 'mem2_load_req' <Predicate = true> <Delay = 7.30> <CoreInst = "m_axi">   --->   Core 113 'm_axi' <Latency = 0> <II = 1> <Delay = 1.00> <Adapter> <Opcode : 'read' 'write' 'readreq' 'writereq' 'writeresp'>
ST_39 : Operation 564 [34/70] (7.30ns)   --->   "%empty_39 = readreq i1 @_ssdm_op_ReadReq.m_axi.p1i32, i32 %mem1_addr_1, i32 155952" [conv.cpp:38]   --->   Operation 564 'readreq' 'empty_39' <Predicate = true> <Delay = 7.30> <CoreInst = "m_axi">   --->   Core 113 'm_axi' <Latency = 0> <II = 1> <Delay = 1.00> <Adapter> <Opcode : 'read' 'write' 'readreq' 'writereq' 'writeresp'>
ST_39 : Operation 565 [35/70] (7.30ns)   --->   "%empty_40 = readreq i1 @_ssdm_op_ReadReq.m_axi.p1i32, i32 %mem2_addr_1, i32 363" [conv.cpp:38]   --->   Operation 565 'readreq' 'empty_40' <Predicate = true> <Delay = 7.30> <CoreInst = "m_axi">   --->   Core 113 'm_axi' <Latency = 0> <II = 1> <Delay = 1.00> <Adapter> <Opcode : 'read' 'write' 'readreq' 'writereq' 'writeresp'>

State 40 <SV = 39> <Delay = 7.30>
ST_40 : Operation 566 [33/70] (7.30ns)   --->   "%mem2_load_req = readreq i1 @_ssdm_op_ReadReq.m_axi.i32P1A, i32 %mem2_addr, i32 1" [conv.cpp:27]   --->   Operation 566 'readreq' 'mem2_load_req' <Predicate = true> <Delay = 7.30> <CoreInst = "m_axi">   --->   Core 113 'm_axi' <Latency = 0> <II = 1> <Delay = 1.00> <Adapter> <Opcode : 'read' 'write' 'readreq' 'writereq' 'writeresp'>
ST_40 : Operation 567 [33/70] (7.30ns)   --->   "%empty_39 = readreq i1 @_ssdm_op_ReadReq.m_axi.p1i32, i32 %mem1_addr_1, i32 155952" [conv.cpp:38]   --->   Operation 567 'readreq' 'empty_39' <Predicate = true> <Delay = 7.30> <CoreInst = "m_axi">   --->   Core 113 'm_axi' <Latency = 0> <II = 1> <Delay = 1.00> <Adapter> <Opcode : 'read' 'write' 'readreq' 'writereq' 'writeresp'>
ST_40 : Operation 568 [34/70] (7.30ns)   --->   "%empty_40 = readreq i1 @_ssdm_op_ReadReq.m_axi.p1i32, i32 %mem2_addr_1, i32 363" [conv.cpp:38]   --->   Operation 568 'readreq' 'empty_40' <Predicate = true> <Delay = 7.30> <CoreInst = "m_axi">   --->   Core 113 'm_axi' <Latency = 0> <II = 1> <Delay = 1.00> <Adapter> <Opcode : 'read' 'write' 'readreq' 'writereq' 'writeresp'>

State 41 <SV = 40> <Delay = 7.30>
ST_41 : Operation 569 [32/70] (7.30ns)   --->   "%mem2_load_req = readreq i1 @_ssdm_op_ReadReq.m_axi.i32P1A, i32 %mem2_addr, i32 1" [conv.cpp:27]   --->   Operation 569 'readreq' 'mem2_load_req' <Predicate = true> <Delay = 7.30> <CoreInst = "m_axi">   --->   Core 113 'm_axi' <Latency = 0> <II = 1> <Delay = 1.00> <Adapter> <Opcode : 'read' 'write' 'readreq' 'writereq' 'writeresp'>
ST_41 : Operation 570 [32/70] (7.30ns)   --->   "%empty_39 = readreq i1 @_ssdm_op_ReadReq.m_axi.p1i32, i32 %mem1_addr_1, i32 155952" [conv.cpp:38]   --->   Operation 570 'readreq' 'empty_39' <Predicate = true> <Delay = 7.30> <CoreInst = "m_axi">   --->   Core 113 'm_axi' <Latency = 0> <II = 1> <Delay = 1.00> <Adapter> <Opcode : 'read' 'write' 'readreq' 'writereq' 'writeresp'>
ST_41 : Operation 571 [33/70] (7.30ns)   --->   "%empty_40 = readreq i1 @_ssdm_op_ReadReq.m_axi.p1i32, i32 %mem2_addr_1, i32 363" [conv.cpp:38]   --->   Operation 571 'readreq' 'empty_40' <Predicate = true> <Delay = 7.30> <CoreInst = "m_axi">   --->   Core 113 'm_axi' <Latency = 0> <II = 1> <Delay = 1.00> <Adapter> <Opcode : 'read' 'write' 'readreq' 'writereq' 'writeresp'>

State 42 <SV = 41> <Delay = 7.30>
ST_42 : Operation 572 [31/70] (7.30ns)   --->   "%mem2_load_req = readreq i1 @_ssdm_op_ReadReq.m_axi.i32P1A, i32 %mem2_addr, i32 1" [conv.cpp:27]   --->   Operation 572 'readreq' 'mem2_load_req' <Predicate = true> <Delay = 7.30> <CoreInst = "m_axi">   --->   Core 113 'm_axi' <Latency = 0> <II = 1> <Delay = 1.00> <Adapter> <Opcode : 'read' 'write' 'readreq' 'writereq' 'writeresp'>
ST_42 : Operation 573 [31/70] (7.30ns)   --->   "%empty_39 = readreq i1 @_ssdm_op_ReadReq.m_axi.p1i32, i32 %mem1_addr_1, i32 155952" [conv.cpp:38]   --->   Operation 573 'readreq' 'empty_39' <Predicate = true> <Delay = 7.30> <CoreInst = "m_axi">   --->   Core 113 'm_axi' <Latency = 0> <II = 1> <Delay = 1.00> <Adapter> <Opcode : 'read' 'write' 'readreq' 'writereq' 'writeresp'>
ST_42 : Operation 574 [32/70] (7.30ns)   --->   "%empty_40 = readreq i1 @_ssdm_op_ReadReq.m_axi.p1i32, i32 %mem2_addr_1, i32 363" [conv.cpp:38]   --->   Operation 574 'readreq' 'empty_40' <Predicate = true> <Delay = 7.30> <CoreInst = "m_axi">   --->   Core 113 'm_axi' <Latency = 0> <II = 1> <Delay = 1.00> <Adapter> <Opcode : 'read' 'write' 'readreq' 'writereq' 'writeresp'>

State 43 <SV = 42> <Delay = 7.30>
ST_43 : Operation 575 [30/70] (7.30ns)   --->   "%mem2_load_req = readreq i1 @_ssdm_op_ReadReq.m_axi.i32P1A, i32 %mem2_addr, i32 1" [conv.cpp:27]   --->   Operation 575 'readreq' 'mem2_load_req' <Predicate = true> <Delay = 7.30> <CoreInst = "m_axi">   --->   Core 113 'm_axi' <Latency = 0> <II = 1> <Delay = 1.00> <Adapter> <Opcode : 'read' 'write' 'readreq' 'writereq' 'writeresp'>
ST_43 : Operation 576 [30/70] (7.30ns)   --->   "%empty_39 = readreq i1 @_ssdm_op_ReadReq.m_axi.p1i32, i32 %mem1_addr_1, i32 155952" [conv.cpp:38]   --->   Operation 576 'readreq' 'empty_39' <Predicate = true> <Delay = 7.30> <CoreInst = "m_axi">   --->   Core 113 'm_axi' <Latency = 0> <II = 1> <Delay = 1.00> <Adapter> <Opcode : 'read' 'write' 'readreq' 'writereq' 'writeresp'>
ST_43 : Operation 577 [31/70] (7.30ns)   --->   "%empty_40 = readreq i1 @_ssdm_op_ReadReq.m_axi.p1i32, i32 %mem2_addr_1, i32 363" [conv.cpp:38]   --->   Operation 577 'readreq' 'empty_40' <Predicate = true> <Delay = 7.30> <CoreInst = "m_axi">   --->   Core 113 'm_axi' <Latency = 0> <II = 1> <Delay = 1.00> <Adapter> <Opcode : 'read' 'write' 'readreq' 'writereq' 'writeresp'>

State 44 <SV = 43> <Delay = 7.30>
ST_44 : Operation 578 [29/70] (7.30ns)   --->   "%mem2_load_req = readreq i1 @_ssdm_op_ReadReq.m_axi.i32P1A, i32 %mem2_addr, i32 1" [conv.cpp:27]   --->   Operation 578 'readreq' 'mem2_load_req' <Predicate = true> <Delay = 7.30> <CoreInst = "m_axi">   --->   Core 113 'm_axi' <Latency = 0> <II = 1> <Delay = 1.00> <Adapter> <Opcode : 'read' 'write' 'readreq' 'writereq' 'writeresp'>
ST_44 : Operation 579 [29/70] (7.30ns)   --->   "%empty_39 = readreq i1 @_ssdm_op_ReadReq.m_axi.p1i32, i32 %mem1_addr_1, i32 155952" [conv.cpp:38]   --->   Operation 579 'readreq' 'empty_39' <Predicate = true> <Delay = 7.30> <CoreInst = "m_axi">   --->   Core 113 'm_axi' <Latency = 0> <II = 1> <Delay = 1.00> <Adapter> <Opcode : 'read' 'write' 'readreq' 'writereq' 'writeresp'>
ST_44 : Operation 580 [30/70] (7.30ns)   --->   "%empty_40 = readreq i1 @_ssdm_op_ReadReq.m_axi.p1i32, i32 %mem2_addr_1, i32 363" [conv.cpp:38]   --->   Operation 580 'readreq' 'empty_40' <Predicate = true> <Delay = 7.30> <CoreInst = "m_axi">   --->   Core 113 'm_axi' <Latency = 0> <II = 1> <Delay = 1.00> <Adapter> <Opcode : 'read' 'write' 'readreq' 'writereq' 'writeresp'>

State 45 <SV = 44> <Delay = 7.30>
ST_45 : Operation 581 [28/70] (7.30ns)   --->   "%mem2_load_req = readreq i1 @_ssdm_op_ReadReq.m_axi.i32P1A, i32 %mem2_addr, i32 1" [conv.cpp:27]   --->   Operation 581 'readreq' 'mem2_load_req' <Predicate = true> <Delay = 7.30> <CoreInst = "m_axi">   --->   Core 113 'm_axi' <Latency = 0> <II = 1> <Delay = 1.00> <Adapter> <Opcode : 'read' 'write' 'readreq' 'writereq' 'writeresp'>
ST_45 : Operation 582 [28/70] (7.30ns)   --->   "%empty_39 = readreq i1 @_ssdm_op_ReadReq.m_axi.p1i32, i32 %mem1_addr_1, i32 155952" [conv.cpp:38]   --->   Operation 582 'readreq' 'empty_39' <Predicate = true> <Delay = 7.30> <CoreInst = "m_axi">   --->   Core 113 'm_axi' <Latency = 0> <II = 1> <Delay = 1.00> <Adapter> <Opcode : 'read' 'write' 'readreq' 'writereq' 'writeresp'>
ST_45 : Operation 583 [29/70] (7.30ns)   --->   "%empty_40 = readreq i1 @_ssdm_op_ReadReq.m_axi.p1i32, i32 %mem2_addr_1, i32 363" [conv.cpp:38]   --->   Operation 583 'readreq' 'empty_40' <Predicate = true> <Delay = 7.30> <CoreInst = "m_axi">   --->   Core 113 'm_axi' <Latency = 0> <II = 1> <Delay = 1.00> <Adapter> <Opcode : 'read' 'write' 'readreq' 'writereq' 'writeresp'>

State 46 <SV = 45> <Delay = 7.30>
ST_46 : Operation 584 [27/70] (7.30ns)   --->   "%mem2_load_req = readreq i1 @_ssdm_op_ReadReq.m_axi.i32P1A, i32 %mem2_addr, i32 1" [conv.cpp:27]   --->   Operation 584 'readreq' 'mem2_load_req' <Predicate = true> <Delay = 7.30> <CoreInst = "m_axi">   --->   Core 113 'm_axi' <Latency = 0> <II = 1> <Delay = 1.00> <Adapter> <Opcode : 'read' 'write' 'readreq' 'writereq' 'writeresp'>
ST_46 : Operation 585 [27/70] (7.30ns)   --->   "%empty_39 = readreq i1 @_ssdm_op_ReadReq.m_axi.p1i32, i32 %mem1_addr_1, i32 155952" [conv.cpp:38]   --->   Operation 585 'readreq' 'empty_39' <Predicate = true> <Delay = 7.30> <CoreInst = "m_axi">   --->   Core 113 'm_axi' <Latency = 0> <II = 1> <Delay = 1.00> <Adapter> <Opcode : 'read' 'write' 'readreq' 'writereq' 'writeresp'>
ST_46 : Operation 586 [28/70] (7.30ns)   --->   "%empty_40 = readreq i1 @_ssdm_op_ReadReq.m_axi.p1i32, i32 %mem2_addr_1, i32 363" [conv.cpp:38]   --->   Operation 586 'readreq' 'empty_40' <Predicate = true> <Delay = 7.30> <CoreInst = "m_axi">   --->   Core 113 'm_axi' <Latency = 0> <II = 1> <Delay = 1.00> <Adapter> <Opcode : 'read' 'write' 'readreq' 'writereq' 'writeresp'>

State 47 <SV = 46> <Delay = 7.30>
ST_47 : Operation 587 [26/70] (7.30ns)   --->   "%mem2_load_req = readreq i1 @_ssdm_op_ReadReq.m_axi.i32P1A, i32 %mem2_addr, i32 1" [conv.cpp:27]   --->   Operation 587 'readreq' 'mem2_load_req' <Predicate = true> <Delay = 7.30> <CoreInst = "m_axi">   --->   Core 113 'm_axi' <Latency = 0> <II = 1> <Delay = 1.00> <Adapter> <Opcode : 'read' 'write' 'readreq' 'writereq' 'writeresp'>
ST_47 : Operation 588 [26/70] (7.30ns)   --->   "%empty_39 = readreq i1 @_ssdm_op_ReadReq.m_axi.p1i32, i32 %mem1_addr_1, i32 155952" [conv.cpp:38]   --->   Operation 588 'readreq' 'empty_39' <Predicate = true> <Delay = 7.30> <CoreInst = "m_axi">   --->   Core 113 'm_axi' <Latency = 0> <II = 1> <Delay = 1.00> <Adapter> <Opcode : 'read' 'write' 'readreq' 'writereq' 'writeresp'>
ST_47 : Operation 589 [27/70] (7.30ns)   --->   "%empty_40 = readreq i1 @_ssdm_op_ReadReq.m_axi.p1i32, i32 %mem2_addr_1, i32 363" [conv.cpp:38]   --->   Operation 589 'readreq' 'empty_40' <Predicate = true> <Delay = 7.30> <CoreInst = "m_axi">   --->   Core 113 'm_axi' <Latency = 0> <II = 1> <Delay = 1.00> <Adapter> <Opcode : 'read' 'write' 'readreq' 'writereq' 'writeresp'>

State 48 <SV = 47> <Delay = 7.30>
ST_48 : Operation 590 [25/70] (7.30ns)   --->   "%mem2_load_req = readreq i1 @_ssdm_op_ReadReq.m_axi.i32P1A, i32 %mem2_addr, i32 1" [conv.cpp:27]   --->   Operation 590 'readreq' 'mem2_load_req' <Predicate = true> <Delay = 7.30> <CoreInst = "m_axi">   --->   Core 113 'm_axi' <Latency = 0> <II = 1> <Delay = 1.00> <Adapter> <Opcode : 'read' 'write' 'readreq' 'writereq' 'writeresp'>
ST_48 : Operation 591 [25/70] (7.30ns)   --->   "%empty_39 = readreq i1 @_ssdm_op_ReadReq.m_axi.p1i32, i32 %mem1_addr_1, i32 155952" [conv.cpp:38]   --->   Operation 591 'readreq' 'empty_39' <Predicate = true> <Delay = 7.30> <CoreInst = "m_axi">   --->   Core 113 'm_axi' <Latency = 0> <II = 1> <Delay = 1.00> <Adapter> <Opcode : 'read' 'write' 'readreq' 'writereq' 'writeresp'>
ST_48 : Operation 592 [26/70] (7.30ns)   --->   "%empty_40 = readreq i1 @_ssdm_op_ReadReq.m_axi.p1i32, i32 %mem2_addr_1, i32 363" [conv.cpp:38]   --->   Operation 592 'readreq' 'empty_40' <Predicate = true> <Delay = 7.30> <CoreInst = "m_axi">   --->   Core 113 'm_axi' <Latency = 0> <II = 1> <Delay = 1.00> <Adapter> <Opcode : 'read' 'write' 'readreq' 'writereq' 'writeresp'>

State 49 <SV = 48> <Delay = 7.30>
ST_49 : Operation 593 [24/70] (7.30ns)   --->   "%mem2_load_req = readreq i1 @_ssdm_op_ReadReq.m_axi.i32P1A, i32 %mem2_addr, i32 1" [conv.cpp:27]   --->   Operation 593 'readreq' 'mem2_load_req' <Predicate = true> <Delay = 7.30> <CoreInst = "m_axi">   --->   Core 113 'm_axi' <Latency = 0> <II = 1> <Delay = 1.00> <Adapter> <Opcode : 'read' 'write' 'readreq' 'writereq' 'writeresp'>
ST_49 : Operation 594 [24/70] (7.30ns)   --->   "%empty_39 = readreq i1 @_ssdm_op_ReadReq.m_axi.p1i32, i32 %mem1_addr_1, i32 155952" [conv.cpp:38]   --->   Operation 594 'readreq' 'empty_39' <Predicate = true> <Delay = 7.30> <CoreInst = "m_axi">   --->   Core 113 'm_axi' <Latency = 0> <II = 1> <Delay = 1.00> <Adapter> <Opcode : 'read' 'write' 'readreq' 'writereq' 'writeresp'>
ST_49 : Operation 595 [25/70] (7.30ns)   --->   "%empty_40 = readreq i1 @_ssdm_op_ReadReq.m_axi.p1i32, i32 %mem2_addr_1, i32 363" [conv.cpp:38]   --->   Operation 595 'readreq' 'empty_40' <Predicate = true> <Delay = 7.30> <CoreInst = "m_axi">   --->   Core 113 'm_axi' <Latency = 0> <II = 1> <Delay = 1.00> <Adapter> <Opcode : 'read' 'write' 'readreq' 'writereq' 'writeresp'>

State 50 <SV = 49> <Delay = 7.30>
ST_50 : Operation 596 [23/70] (7.30ns)   --->   "%mem2_load_req = readreq i1 @_ssdm_op_ReadReq.m_axi.i32P1A, i32 %mem2_addr, i32 1" [conv.cpp:27]   --->   Operation 596 'readreq' 'mem2_load_req' <Predicate = true> <Delay = 7.30> <CoreInst = "m_axi">   --->   Core 113 'm_axi' <Latency = 0> <II = 1> <Delay = 1.00> <Adapter> <Opcode : 'read' 'write' 'readreq' 'writereq' 'writeresp'>
ST_50 : Operation 597 [23/70] (7.30ns)   --->   "%empty_39 = readreq i1 @_ssdm_op_ReadReq.m_axi.p1i32, i32 %mem1_addr_1, i32 155952" [conv.cpp:38]   --->   Operation 597 'readreq' 'empty_39' <Predicate = true> <Delay = 7.30> <CoreInst = "m_axi">   --->   Core 113 'm_axi' <Latency = 0> <II = 1> <Delay = 1.00> <Adapter> <Opcode : 'read' 'write' 'readreq' 'writereq' 'writeresp'>
ST_50 : Operation 598 [24/70] (7.30ns)   --->   "%empty_40 = readreq i1 @_ssdm_op_ReadReq.m_axi.p1i32, i32 %mem2_addr_1, i32 363" [conv.cpp:38]   --->   Operation 598 'readreq' 'empty_40' <Predicate = true> <Delay = 7.30> <CoreInst = "m_axi">   --->   Core 113 'm_axi' <Latency = 0> <II = 1> <Delay = 1.00> <Adapter> <Opcode : 'read' 'write' 'readreq' 'writereq' 'writeresp'>

State 51 <SV = 50> <Delay = 7.30>
ST_51 : Operation 599 [22/70] (7.30ns)   --->   "%mem2_load_req = readreq i1 @_ssdm_op_ReadReq.m_axi.i32P1A, i32 %mem2_addr, i32 1" [conv.cpp:27]   --->   Operation 599 'readreq' 'mem2_load_req' <Predicate = true> <Delay = 7.30> <CoreInst = "m_axi">   --->   Core 113 'm_axi' <Latency = 0> <II = 1> <Delay = 1.00> <Adapter> <Opcode : 'read' 'write' 'readreq' 'writereq' 'writeresp'>
ST_51 : Operation 600 [22/70] (7.30ns)   --->   "%empty_39 = readreq i1 @_ssdm_op_ReadReq.m_axi.p1i32, i32 %mem1_addr_1, i32 155952" [conv.cpp:38]   --->   Operation 600 'readreq' 'empty_39' <Predicate = true> <Delay = 7.30> <CoreInst = "m_axi">   --->   Core 113 'm_axi' <Latency = 0> <II = 1> <Delay = 1.00> <Adapter> <Opcode : 'read' 'write' 'readreq' 'writereq' 'writeresp'>
ST_51 : Operation 601 [23/70] (7.30ns)   --->   "%empty_40 = readreq i1 @_ssdm_op_ReadReq.m_axi.p1i32, i32 %mem2_addr_1, i32 363" [conv.cpp:38]   --->   Operation 601 'readreq' 'empty_40' <Predicate = true> <Delay = 7.30> <CoreInst = "m_axi">   --->   Core 113 'm_axi' <Latency = 0> <II = 1> <Delay = 1.00> <Adapter> <Opcode : 'read' 'write' 'readreq' 'writereq' 'writeresp'>

State 52 <SV = 51> <Delay = 7.30>
ST_52 : Operation 602 [21/70] (7.30ns)   --->   "%mem2_load_req = readreq i1 @_ssdm_op_ReadReq.m_axi.i32P1A, i32 %mem2_addr, i32 1" [conv.cpp:27]   --->   Operation 602 'readreq' 'mem2_load_req' <Predicate = true> <Delay = 7.30> <CoreInst = "m_axi">   --->   Core 113 'm_axi' <Latency = 0> <II = 1> <Delay = 1.00> <Adapter> <Opcode : 'read' 'write' 'readreq' 'writereq' 'writeresp'>
ST_52 : Operation 603 [21/70] (7.30ns)   --->   "%empty_39 = readreq i1 @_ssdm_op_ReadReq.m_axi.p1i32, i32 %mem1_addr_1, i32 155952" [conv.cpp:38]   --->   Operation 603 'readreq' 'empty_39' <Predicate = true> <Delay = 7.30> <CoreInst = "m_axi">   --->   Core 113 'm_axi' <Latency = 0> <II = 1> <Delay = 1.00> <Adapter> <Opcode : 'read' 'write' 'readreq' 'writereq' 'writeresp'>
ST_52 : Operation 604 [22/70] (7.30ns)   --->   "%empty_40 = readreq i1 @_ssdm_op_ReadReq.m_axi.p1i32, i32 %mem2_addr_1, i32 363" [conv.cpp:38]   --->   Operation 604 'readreq' 'empty_40' <Predicate = true> <Delay = 7.30> <CoreInst = "m_axi">   --->   Core 113 'm_axi' <Latency = 0> <II = 1> <Delay = 1.00> <Adapter> <Opcode : 'read' 'write' 'readreq' 'writereq' 'writeresp'>

State 53 <SV = 52> <Delay = 7.30>
ST_53 : Operation 605 [20/70] (7.30ns)   --->   "%mem2_load_req = readreq i1 @_ssdm_op_ReadReq.m_axi.i32P1A, i32 %mem2_addr, i32 1" [conv.cpp:27]   --->   Operation 605 'readreq' 'mem2_load_req' <Predicate = true> <Delay = 7.30> <CoreInst = "m_axi">   --->   Core 113 'm_axi' <Latency = 0> <II = 1> <Delay = 1.00> <Adapter> <Opcode : 'read' 'write' 'readreq' 'writereq' 'writeresp'>
ST_53 : Operation 606 [20/70] (7.30ns)   --->   "%empty_39 = readreq i1 @_ssdm_op_ReadReq.m_axi.p1i32, i32 %mem1_addr_1, i32 155952" [conv.cpp:38]   --->   Operation 606 'readreq' 'empty_39' <Predicate = true> <Delay = 7.30> <CoreInst = "m_axi">   --->   Core 113 'm_axi' <Latency = 0> <II = 1> <Delay = 1.00> <Adapter> <Opcode : 'read' 'write' 'readreq' 'writereq' 'writeresp'>
ST_53 : Operation 607 [21/70] (7.30ns)   --->   "%empty_40 = readreq i1 @_ssdm_op_ReadReq.m_axi.p1i32, i32 %mem2_addr_1, i32 363" [conv.cpp:38]   --->   Operation 607 'readreq' 'empty_40' <Predicate = true> <Delay = 7.30> <CoreInst = "m_axi">   --->   Core 113 'm_axi' <Latency = 0> <II = 1> <Delay = 1.00> <Adapter> <Opcode : 'read' 'write' 'readreq' 'writereq' 'writeresp'>

State 54 <SV = 53> <Delay = 7.30>
ST_54 : Operation 608 [19/70] (7.30ns)   --->   "%mem2_load_req = readreq i1 @_ssdm_op_ReadReq.m_axi.i32P1A, i32 %mem2_addr, i32 1" [conv.cpp:27]   --->   Operation 608 'readreq' 'mem2_load_req' <Predicate = true> <Delay = 7.30> <CoreInst = "m_axi">   --->   Core 113 'm_axi' <Latency = 0> <II = 1> <Delay = 1.00> <Adapter> <Opcode : 'read' 'write' 'readreq' 'writereq' 'writeresp'>
ST_54 : Operation 609 [19/70] (7.30ns)   --->   "%empty_39 = readreq i1 @_ssdm_op_ReadReq.m_axi.p1i32, i32 %mem1_addr_1, i32 155952" [conv.cpp:38]   --->   Operation 609 'readreq' 'empty_39' <Predicate = true> <Delay = 7.30> <CoreInst = "m_axi">   --->   Core 113 'm_axi' <Latency = 0> <II = 1> <Delay = 1.00> <Adapter> <Opcode : 'read' 'write' 'readreq' 'writereq' 'writeresp'>
ST_54 : Operation 610 [20/70] (7.30ns)   --->   "%empty_40 = readreq i1 @_ssdm_op_ReadReq.m_axi.p1i32, i32 %mem2_addr_1, i32 363" [conv.cpp:38]   --->   Operation 610 'readreq' 'empty_40' <Predicate = true> <Delay = 7.30> <CoreInst = "m_axi">   --->   Core 113 'm_axi' <Latency = 0> <II = 1> <Delay = 1.00> <Adapter> <Opcode : 'read' 'write' 'readreq' 'writereq' 'writeresp'>

State 55 <SV = 54> <Delay = 7.30>
ST_55 : Operation 611 [18/70] (7.30ns)   --->   "%mem2_load_req = readreq i1 @_ssdm_op_ReadReq.m_axi.i32P1A, i32 %mem2_addr, i32 1" [conv.cpp:27]   --->   Operation 611 'readreq' 'mem2_load_req' <Predicate = true> <Delay = 7.30> <CoreInst = "m_axi">   --->   Core 113 'm_axi' <Latency = 0> <II = 1> <Delay = 1.00> <Adapter> <Opcode : 'read' 'write' 'readreq' 'writereq' 'writeresp'>
ST_55 : Operation 612 [18/70] (7.30ns)   --->   "%empty_39 = readreq i1 @_ssdm_op_ReadReq.m_axi.p1i32, i32 %mem1_addr_1, i32 155952" [conv.cpp:38]   --->   Operation 612 'readreq' 'empty_39' <Predicate = true> <Delay = 7.30> <CoreInst = "m_axi">   --->   Core 113 'm_axi' <Latency = 0> <II = 1> <Delay = 1.00> <Adapter> <Opcode : 'read' 'write' 'readreq' 'writereq' 'writeresp'>
ST_55 : Operation 613 [19/70] (7.30ns)   --->   "%empty_40 = readreq i1 @_ssdm_op_ReadReq.m_axi.p1i32, i32 %mem2_addr_1, i32 363" [conv.cpp:38]   --->   Operation 613 'readreq' 'empty_40' <Predicate = true> <Delay = 7.30> <CoreInst = "m_axi">   --->   Core 113 'm_axi' <Latency = 0> <II = 1> <Delay = 1.00> <Adapter> <Opcode : 'read' 'write' 'readreq' 'writereq' 'writeresp'>

State 56 <SV = 55> <Delay = 7.30>
ST_56 : Operation 614 [17/70] (7.30ns)   --->   "%mem2_load_req = readreq i1 @_ssdm_op_ReadReq.m_axi.i32P1A, i32 %mem2_addr, i32 1" [conv.cpp:27]   --->   Operation 614 'readreq' 'mem2_load_req' <Predicate = true> <Delay = 7.30> <CoreInst = "m_axi">   --->   Core 113 'm_axi' <Latency = 0> <II = 1> <Delay = 1.00> <Adapter> <Opcode : 'read' 'write' 'readreq' 'writereq' 'writeresp'>
ST_56 : Operation 615 [17/70] (7.30ns)   --->   "%empty_39 = readreq i1 @_ssdm_op_ReadReq.m_axi.p1i32, i32 %mem1_addr_1, i32 155952" [conv.cpp:38]   --->   Operation 615 'readreq' 'empty_39' <Predicate = true> <Delay = 7.30> <CoreInst = "m_axi">   --->   Core 113 'm_axi' <Latency = 0> <II = 1> <Delay = 1.00> <Adapter> <Opcode : 'read' 'write' 'readreq' 'writereq' 'writeresp'>
ST_56 : Operation 616 [18/70] (7.30ns)   --->   "%empty_40 = readreq i1 @_ssdm_op_ReadReq.m_axi.p1i32, i32 %mem2_addr_1, i32 363" [conv.cpp:38]   --->   Operation 616 'readreq' 'empty_40' <Predicate = true> <Delay = 7.30> <CoreInst = "m_axi">   --->   Core 113 'm_axi' <Latency = 0> <II = 1> <Delay = 1.00> <Adapter> <Opcode : 'read' 'write' 'readreq' 'writereq' 'writeresp'>

State 57 <SV = 56> <Delay = 7.30>
ST_57 : Operation 617 [16/70] (7.30ns)   --->   "%mem2_load_req = readreq i1 @_ssdm_op_ReadReq.m_axi.i32P1A, i32 %mem2_addr, i32 1" [conv.cpp:27]   --->   Operation 617 'readreq' 'mem2_load_req' <Predicate = true> <Delay = 7.30> <CoreInst = "m_axi">   --->   Core 113 'm_axi' <Latency = 0> <II = 1> <Delay = 1.00> <Adapter> <Opcode : 'read' 'write' 'readreq' 'writereq' 'writeresp'>
ST_57 : Operation 618 [16/70] (7.30ns)   --->   "%empty_39 = readreq i1 @_ssdm_op_ReadReq.m_axi.p1i32, i32 %mem1_addr_1, i32 155952" [conv.cpp:38]   --->   Operation 618 'readreq' 'empty_39' <Predicate = true> <Delay = 7.30> <CoreInst = "m_axi">   --->   Core 113 'm_axi' <Latency = 0> <II = 1> <Delay = 1.00> <Adapter> <Opcode : 'read' 'write' 'readreq' 'writereq' 'writeresp'>
ST_57 : Operation 619 [17/70] (7.30ns)   --->   "%empty_40 = readreq i1 @_ssdm_op_ReadReq.m_axi.p1i32, i32 %mem2_addr_1, i32 363" [conv.cpp:38]   --->   Operation 619 'readreq' 'empty_40' <Predicate = true> <Delay = 7.30> <CoreInst = "m_axi">   --->   Core 113 'm_axi' <Latency = 0> <II = 1> <Delay = 1.00> <Adapter> <Opcode : 'read' 'write' 'readreq' 'writereq' 'writeresp'>

State 58 <SV = 57> <Delay = 7.30>
ST_58 : Operation 620 [15/70] (7.30ns)   --->   "%mem2_load_req = readreq i1 @_ssdm_op_ReadReq.m_axi.i32P1A, i32 %mem2_addr, i32 1" [conv.cpp:27]   --->   Operation 620 'readreq' 'mem2_load_req' <Predicate = true> <Delay = 7.30> <CoreInst = "m_axi">   --->   Core 113 'm_axi' <Latency = 0> <II = 1> <Delay = 1.00> <Adapter> <Opcode : 'read' 'write' 'readreq' 'writereq' 'writeresp'>
ST_58 : Operation 621 [15/70] (7.30ns)   --->   "%empty_39 = readreq i1 @_ssdm_op_ReadReq.m_axi.p1i32, i32 %mem1_addr_1, i32 155952" [conv.cpp:38]   --->   Operation 621 'readreq' 'empty_39' <Predicate = true> <Delay = 7.30> <CoreInst = "m_axi">   --->   Core 113 'm_axi' <Latency = 0> <II = 1> <Delay = 1.00> <Adapter> <Opcode : 'read' 'write' 'readreq' 'writereq' 'writeresp'>
ST_58 : Operation 622 [16/70] (7.30ns)   --->   "%empty_40 = readreq i1 @_ssdm_op_ReadReq.m_axi.p1i32, i32 %mem2_addr_1, i32 363" [conv.cpp:38]   --->   Operation 622 'readreq' 'empty_40' <Predicate = true> <Delay = 7.30> <CoreInst = "m_axi">   --->   Core 113 'm_axi' <Latency = 0> <II = 1> <Delay = 1.00> <Adapter> <Opcode : 'read' 'write' 'readreq' 'writereq' 'writeresp'>

State 59 <SV = 58> <Delay = 7.30>
ST_59 : Operation 623 [14/70] (7.30ns)   --->   "%mem2_load_req = readreq i1 @_ssdm_op_ReadReq.m_axi.i32P1A, i32 %mem2_addr, i32 1" [conv.cpp:27]   --->   Operation 623 'readreq' 'mem2_load_req' <Predicate = true> <Delay = 7.30> <CoreInst = "m_axi">   --->   Core 113 'm_axi' <Latency = 0> <II = 1> <Delay = 1.00> <Adapter> <Opcode : 'read' 'write' 'readreq' 'writereq' 'writeresp'>
ST_59 : Operation 624 [14/70] (7.30ns)   --->   "%empty_39 = readreq i1 @_ssdm_op_ReadReq.m_axi.p1i32, i32 %mem1_addr_1, i32 155952" [conv.cpp:38]   --->   Operation 624 'readreq' 'empty_39' <Predicate = true> <Delay = 7.30> <CoreInst = "m_axi">   --->   Core 113 'm_axi' <Latency = 0> <II = 1> <Delay = 1.00> <Adapter> <Opcode : 'read' 'write' 'readreq' 'writereq' 'writeresp'>
ST_59 : Operation 625 [15/70] (7.30ns)   --->   "%empty_40 = readreq i1 @_ssdm_op_ReadReq.m_axi.p1i32, i32 %mem2_addr_1, i32 363" [conv.cpp:38]   --->   Operation 625 'readreq' 'empty_40' <Predicate = true> <Delay = 7.30> <CoreInst = "m_axi">   --->   Core 113 'm_axi' <Latency = 0> <II = 1> <Delay = 1.00> <Adapter> <Opcode : 'read' 'write' 'readreq' 'writereq' 'writeresp'>

State 60 <SV = 59> <Delay = 7.30>
ST_60 : Operation 626 [13/70] (7.30ns)   --->   "%mem2_load_req = readreq i1 @_ssdm_op_ReadReq.m_axi.i32P1A, i32 %mem2_addr, i32 1" [conv.cpp:27]   --->   Operation 626 'readreq' 'mem2_load_req' <Predicate = true> <Delay = 7.30> <CoreInst = "m_axi">   --->   Core 113 'm_axi' <Latency = 0> <II = 1> <Delay = 1.00> <Adapter> <Opcode : 'read' 'write' 'readreq' 'writereq' 'writeresp'>
ST_60 : Operation 627 [13/70] (7.30ns)   --->   "%empty_39 = readreq i1 @_ssdm_op_ReadReq.m_axi.p1i32, i32 %mem1_addr_1, i32 155952" [conv.cpp:38]   --->   Operation 627 'readreq' 'empty_39' <Predicate = true> <Delay = 7.30> <CoreInst = "m_axi">   --->   Core 113 'm_axi' <Latency = 0> <II = 1> <Delay = 1.00> <Adapter> <Opcode : 'read' 'write' 'readreq' 'writereq' 'writeresp'>
ST_60 : Operation 628 [14/70] (7.30ns)   --->   "%empty_40 = readreq i1 @_ssdm_op_ReadReq.m_axi.p1i32, i32 %mem2_addr_1, i32 363" [conv.cpp:38]   --->   Operation 628 'readreq' 'empty_40' <Predicate = true> <Delay = 7.30> <CoreInst = "m_axi">   --->   Core 113 'm_axi' <Latency = 0> <II = 1> <Delay = 1.00> <Adapter> <Opcode : 'read' 'write' 'readreq' 'writereq' 'writeresp'>

State 61 <SV = 60> <Delay = 7.30>
ST_61 : Operation 629 [12/70] (7.30ns)   --->   "%mem2_load_req = readreq i1 @_ssdm_op_ReadReq.m_axi.i32P1A, i32 %mem2_addr, i32 1" [conv.cpp:27]   --->   Operation 629 'readreq' 'mem2_load_req' <Predicate = true> <Delay = 7.30> <CoreInst = "m_axi">   --->   Core 113 'm_axi' <Latency = 0> <II = 1> <Delay = 1.00> <Adapter> <Opcode : 'read' 'write' 'readreq' 'writereq' 'writeresp'>
ST_61 : Operation 630 [12/70] (7.30ns)   --->   "%empty_39 = readreq i1 @_ssdm_op_ReadReq.m_axi.p1i32, i32 %mem1_addr_1, i32 155952" [conv.cpp:38]   --->   Operation 630 'readreq' 'empty_39' <Predicate = true> <Delay = 7.30> <CoreInst = "m_axi">   --->   Core 113 'm_axi' <Latency = 0> <II = 1> <Delay = 1.00> <Adapter> <Opcode : 'read' 'write' 'readreq' 'writereq' 'writeresp'>
ST_61 : Operation 631 [13/70] (7.30ns)   --->   "%empty_40 = readreq i1 @_ssdm_op_ReadReq.m_axi.p1i32, i32 %mem2_addr_1, i32 363" [conv.cpp:38]   --->   Operation 631 'readreq' 'empty_40' <Predicate = true> <Delay = 7.30> <CoreInst = "m_axi">   --->   Core 113 'm_axi' <Latency = 0> <II = 1> <Delay = 1.00> <Adapter> <Opcode : 'read' 'write' 'readreq' 'writereq' 'writeresp'>

State 62 <SV = 61> <Delay = 7.30>
ST_62 : Operation 632 [11/70] (7.30ns)   --->   "%mem2_load_req = readreq i1 @_ssdm_op_ReadReq.m_axi.i32P1A, i32 %mem2_addr, i32 1" [conv.cpp:27]   --->   Operation 632 'readreq' 'mem2_load_req' <Predicate = true> <Delay = 7.30> <CoreInst = "m_axi">   --->   Core 113 'm_axi' <Latency = 0> <II = 1> <Delay = 1.00> <Adapter> <Opcode : 'read' 'write' 'readreq' 'writereq' 'writeresp'>
ST_62 : Operation 633 [11/70] (7.30ns)   --->   "%empty_39 = readreq i1 @_ssdm_op_ReadReq.m_axi.p1i32, i32 %mem1_addr_1, i32 155952" [conv.cpp:38]   --->   Operation 633 'readreq' 'empty_39' <Predicate = true> <Delay = 7.30> <CoreInst = "m_axi">   --->   Core 113 'm_axi' <Latency = 0> <II = 1> <Delay = 1.00> <Adapter> <Opcode : 'read' 'write' 'readreq' 'writereq' 'writeresp'>
ST_62 : Operation 634 [12/70] (7.30ns)   --->   "%empty_40 = readreq i1 @_ssdm_op_ReadReq.m_axi.p1i32, i32 %mem2_addr_1, i32 363" [conv.cpp:38]   --->   Operation 634 'readreq' 'empty_40' <Predicate = true> <Delay = 7.30> <CoreInst = "m_axi">   --->   Core 113 'm_axi' <Latency = 0> <II = 1> <Delay = 1.00> <Adapter> <Opcode : 'read' 'write' 'readreq' 'writereq' 'writeresp'>

State 63 <SV = 62> <Delay = 7.30>
ST_63 : Operation 635 [10/70] (7.30ns)   --->   "%mem2_load_req = readreq i1 @_ssdm_op_ReadReq.m_axi.i32P1A, i32 %mem2_addr, i32 1" [conv.cpp:27]   --->   Operation 635 'readreq' 'mem2_load_req' <Predicate = true> <Delay = 7.30> <CoreInst = "m_axi">   --->   Core 113 'm_axi' <Latency = 0> <II = 1> <Delay = 1.00> <Adapter> <Opcode : 'read' 'write' 'readreq' 'writereq' 'writeresp'>
ST_63 : Operation 636 [10/70] (7.30ns)   --->   "%empty_39 = readreq i1 @_ssdm_op_ReadReq.m_axi.p1i32, i32 %mem1_addr_1, i32 155952" [conv.cpp:38]   --->   Operation 636 'readreq' 'empty_39' <Predicate = true> <Delay = 7.30> <CoreInst = "m_axi">   --->   Core 113 'm_axi' <Latency = 0> <II = 1> <Delay = 1.00> <Adapter> <Opcode : 'read' 'write' 'readreq' 'writereq' 'writeresp'>
ST_63 : Operation 637 [11/70] (7.30ns)   --->   "%empty_40 = readreq i1 @_ssdm_op_ReadReq.m_axi.p1i32, i32 %mem2_addr_1, i32 363" [conv.cpp:38]   --->   Operation 637 'readreq' 'empty_40' <Predicate = true> <Delay = 7.30> <CoreInst = "m_axi">   --->   Core 113 'm_axi' <Latency = 0> <II = 1> <Delay = 1.00> <Adapter> <Opcode : 'read' 'write' 'readreq' 'writereq' 'writeresp'>

State 64 <SV = 63> <Delay = 7.30>
ST_64 : Operation 638 [9/70] (7.30ns)   --->   "%mem2_load_req = readreq i1 @_ssdm_op_ReadReq.m_axi.i32P1A, i32 %mem2_addr, i32 1" [conv.cpp:27]   --->   Operation 638 'readreq' 'mem2_load_req' <Predicate = true> <Delay = 7.30> <CoreInst = "m_axi">   --->   Core 113 'm_axi' <Latency = 0> <II = 1> <Delay = 1.00> <Adapter> <Opcode : 'read' 'write' 'readreq' 'writereq' 'writeresp'>
ST_64 : Operation 639 [9/70] (7.30ns)   --->   "%empty_39 = readreq i1 @_ssdm_op_ReadReq.m_axi.p1i32, i32 %mem1_addr_1, i32 155952" [conv.cpp:38]   --->   Operation 639 'readreq' 'empty_39' <Predicate = true> <Delay = 7.30> <CoreInst = "m_axi">   --->   Core 113 'm_axi' <Latency = 0> <II = 1> <Delay = 1.00> <Adapter> <Opcode : 'read' 'write' 'readreq' 'writereq' 'writeresp'>
ST_64 : Operation 640 [10/70] (7.30ns)   --->   "%empty_40 = readreq i1 @_ssdm_op_ReadReq.m_axi.p1i32, i32 %mem2_addr_1, i32 363" [conv.cpp:38]   --->   Operation 640 'readreq' 'empty_40' <Predicate = true> <Delay = 7.30> <CoreInst = "m_axi">   --->   Core 113 'm_axi' <Latency = 0> <II = 1> <Delay = 1.00> <Adapter> <Opcode : 'read' 'write' 'readreq' 'writereq' 'writeresp'>

State 65 <SV = 64> <Delay = 7.30>
ST_65 : Operation 641 [8/70] (7.30ns)   --->   "%mem2_load_req = readreq i1 @_ssdm_op_ReadReq.m_axi.i32P1A, i32 %mem2_addr, i32 1" [conv.cpp:27]   --->   Operation 641 'readreq' 'mem2_load_req' <Predicate = true> <Delay = 7.30> <CoreInst = "m_axi">   --->   Core 113 'm_axi' <Latency = 0> <II = 1> <Delay = 1.00> <Adapter> <Opcode : 'read' 'write' 'readreq' 'writereq' 'writeresp'>
ST_65 : Operation 642 [8/70] (7.30ns)   --->   "%empty_39 = readreq i1 @_ssdm_op_ReadReq.m_axi.p1i32, i32 %mem1_addr_1, i32 155952" [conv.cpp:38]   --->   Operation 642 'readreq' 'empty_39' <Predicate = true> <Delay = 7.30> <CoreInst = "m_axi">   --->   Core 113 'm_axi' <Latency = 0> <II = 1> <Delay = 1.00> <Adapter> <Opcode : 'read' 'write' 'readreq' 'writereq' 'writeresp'>
ST_65 : Operation 643 [9/70] (7.30ns)   --->   "%empty_40 = readreq i1 @_ssdm_op_ReadReq.m_axi.p1i32, i32 %mem2_addr_1, i32 363" [conv.cpp:38]   --->   Operation 643 'readreq' 'empty_40' <Predicate = true> <Delay = 7.30> <CoreInst = "m_axi">   --->   Core 113 'm_axi' <Latency = 0> <II = 1> <Delay = 1.00> <Adapter> <Opcode : 'read' 'write' 'readreq' 'writereq' 'writeresp'>

State 66 <SV = 65> <Delay = 7.30>
ST_66 : Operation 644 [7/70] (7.30ns)   --->   "%mem2_load_req = readreq i1 @_ssdm_op_ReadReq.m_axi.i32P1A, i32 %mem2_addr, i32 1" [conv.cpp:27]   --->   Operation 644 'readreq' 'mem2_load_req' <Predicate = true> <Delay = 7.30> <CoreInst = "m_axi">   --->   Core 113 'm_axi' <Latency = 0> <II = 1> <Delay = 1.00> <Adapter> <Opcode : 'read' 'write' 'readreq' 'writereq' 'writeresp'>
ST_66 : Operation 645 [7/70] (7.30ns)   --->   "%empty_39 = readreq i1 @_ssdm_op_ReadReq.m_axi.p1i32, i32 %mem1_addr_1, i32 155952" [conv.cpp:38]   --->   Operation 645 'readreq' 'empty_39' <Predicate = true> <Delay = 7.30> <CoreInst = "m_axi">   --->   Core 113 'm_axi' <Latency = 0> <II = 1> <Delay = 1.00> <Adapter> <Opcode : 'read' 'write' 'readreq' 'writereq' 'writeresp'>
ST_66 : Operation 646 [8/70] (7.30ns)   --->   "%empty_40 = readreq i1 @_ssdm_op_ReadReq.m_axi.p1i32, i32 %mem2_addr_1, i32 363" [conv.cpp:38]   --->   Operation 646 'readreq' 'empty_40' <Predicate = true> <Delay = 7.30> <CoreInst = "m_axi">   --->   Core 113 'm_axi' <Latency = 0> <II = 1> <Delay = 1.00> <Adapter> <Opcode : 'read' 'write' 'readreq' 'writereq' 'writeresp'>

State 67 <SV = 66> <Delay = 7.30>
ST_67 : Operation 647 [6/70] (7.30ns)   --->   "%mem2_load_req = readreq i1 @_ssdm_op_ReadReq.m_axi.i32P1A, i32 %mem2_addr, i32 1" [conv.cpp:27]   --->   Operation 647 'readreq' 'mem2_load_req' <Predicate = true> <Delay = 7.30> <CoreInst = "m_axi">   --->   Core 113 'm_axi' <Latency = 0> <II = 1> <Delay = 1.00> <Adapter> <Opcode : 'read' 'write' 'readreq' 'writereq' 'writeresp'>
ST_67 : Operation 648 [6/70] (7.30ns)   --->   "%empty_39 = readreq i1 @_ssdm_op_ReadReq.m_axi.p1i32, i32 %mem1_addr_1, i32 155952" [conv.cpp:38]   --->   Operation 648 'readreq' 'empty_39' <Predicate = true> <Delay = 7.30> <CoreInst = "m_axi">   --->   Core 113 'm_axi' <Latency = 0> <II = 1> <Delay = 1.00> <Adapter> <Opcode : 'read' 'write' 'readreq' 'writereq' 'writeresp'>
ST_67 : Operation 649 [7/70] (7.30ns)   --->   "%empty_40 = readreq i1 @_ssdm_op_ReadReq.m_axi.p1i32, i32 %mem2_addr_1, i32 363" [conv.cpp:38]   --->   Operation 649 'readreq' 'empty_40' <Predicate = true> <Delay = 7.30> <CoreInst = "m_axi">   --->   Core 113 'm_axi' <Latency = 0> <II = 1> <Delay = 1.00> <Adapter> <Opcode : 'read' 'write' 'readreq' 'writereq' 'writeresp'>

State 68 <SV = 67> <Delay = 7.30>
ST_68 : Operation 650 [5/70] (7.30ns)   --->   "%mem2_load_req = readreq i1 @_ssdm_op_ReadReq.m_axi.i32P1A, i32 %mem2_addr, i32 1" [conv.cpp:27]   --->   Operation 650 'readreq' 'mem2_load_req' <Predicate = true> <Delay = 7.30> <CoreInst = "m_axi">   --->   Core 113 'm_axi' <Latency = 0> <II = 1> <Delay = 1.00> <Adapter> <Opcode : 'read' 'write' 'readreq' 'writereq' 'writeresp'>
ST_68 : Operation 651 [5/70] (7.30ns)   --->   "%empty_39 = readreq i1 @_ssdm_op_ReadReq.m_axi.p1i32, i32 %mem1_addr_1, i32 155952" [conv.cpp:38]   --->   Operation 651 'readreq' 'empty_39' <Predicate = true> <Delay = 7.30> <CoreInst = "m_axi">   --->   Core 113 'm_axi' <Latency = 0> <II = 1> <Delay = 1.00> <Adapter> <Opcode : 'read' 'write' 'readreq' 'writereq' 'writeresp'>
ST_68 : Operation 652 [6/70] (7.30ns)   --->   "%empty_40 = readreq i1 @_ssdm_op_ReadReq.m_axi.p1i32, i32 %mem2_addr_1, i32 363" [conv.cpp:38]   --->   Operation 652 'readreq' 'empty_40' <Predicate = true> <Delay = 7.30> <CoreInst = "m_axi">   --->   Core 113 'm_axi' <Latency = 0> <II = 1> <Delay = 1.00> <Adapter> <Opcode : 'read' 'write' 'readreq' 'writereq' 'writeresp'>

State 69 <SV = 68> <Delay = 7.30>
ST_69 : Operation 653 [4/70] (7.30ns)   --->   "%mem2_load_req = readreq i1 @_ssdm_op_ReadReq.m_axi.i32P1A, i32 %mem2_addr, i32 1" [conv.cpp:27]   --->   Operation 653 'readreq' 'mem2_load_req' <Predicate = true> <Delay = 7.30> <CoreInst = "m_axi">   --->   Core 113 'm_axi' <Latency = 0> <II = 1> <Delay = 1.00> <Adapter> <Opcode : 'read' 'write' 'readreq' 'writereq' 'writeresp'>
ST_69 : Operation 654 [4/70] (7.30ns)   --->   "%empty_39 = readreq i1 @_ssdm_op_ReadReq.m_axi.p1i32, i32 %mem1_addr_1, i32 155952" [conv.cpp:38]   --->   Operation 654 'readreq' 'empty_39' <Predicate = true> <Delay = 7.30> <CoreInst = "m_axi">   --->   Core 113 'm_axi' <Latency = 0> <II = 1> <Delay = 1.00> <Adapter> <Opcode : 'read' 'write' 'readreq' 'writereq' 'writeresp'>
ST_69 : Operation 655 [5/70] (7.30ns)   --->   "%empty_40 = readreq i1 @_ssdm_op_ReadReq.m_axi.p1i32, i32 %mem2_addr_1, i32 363" [conv.cpp:38]   --->   Operation 655 'readreq' 'empty_40' <Predicate = true> <Delay = 7.30> <CoreInst = "m_axi">   --->   Core 113 'm_axi' <Latency = 0> <II = 1> <Delay = 1.00> <Adapter> <Opcode : 'read' 'write' 'readreq' 'writereq' 'writeresp'>

State 70 <SV = 69> <Delay = 7.30>
ST_70 : Operation 656 [3/70] (7.30ns)   --->   "%mem2_load_req = readreq i1 @_ssdm_op_ReadReq.m_axi.i32P1A, i32 %mem2_addr, i32 1" [conv.cpp:27]   --->   Operation 656 'readreq' 'mem2_load_req' <Predicate = true> <Delay = 7.30> <CoreInst = "m_axi">   --->   Core 113 'm_axi' <Latency = 0> <II = 1> <Delay = 1.00> <Adapter> <Opcode : 'read' 'write' 'readreq' 'writereq' 'writeresp'>
ST_70 : Operation 657 [3/70] (7.30ns)   --->   "%empty_39 = readreq i1 @_ssdm_op_ReadReq.m_axi.p1i32, i32 %mem1_addr_1, i32 155952" [conv.cpp:38]   --->   Operation 657 'readreq' 'empty_39' <Predicate = true> <Delay = 7.30> <CoreInst = "m_axi">   --->   Core 113 'm_axi' <Latency = 0> <II = 1> <Delay = 1.00> <Adapter> <Opcode : 'read' 'write' 'readreq' 'writereq' 'writeresp'>
ST_70 : Operation 658 [4/70] (7.30ns)   --->   "%empty_40 = readreq i1 @_ssdm_op_ReadReq.m_axi.p1i32, i32 %mem2_addr_1, i32 363" [conv.cpp:38]   --->   Operation 658 'readreq' 'empty_40' <Predicate = true> <Delay = 7.30> <CoreInst = "m_axi">   --->   Core 113 'm_axi' <Latency = 0> <II = 1> <Delay = 1.00> <Adapter> <Opcode : 'read' 'write' 'readreq' 'writereq' 'writeresp'>

State 71 <SV = 70> <Delay = 7.30>
ST_71 : Operation 659 [2/70] (7.30ns)   --->   "%mem2_load_req = readreq i1 @_ssdm_op_ReadReq.m_axi.i32P1A, i32 %mem2_addr, i32 1" [conv.cpp:27]   --->   Operation 659 'readreq' 'mem2_load_req' <Predicate = true> <Delay = 7.30> <CoreInst = "m_axi">   --->   Core 113 'm_axi' <Latency = 0> <II = 1> <Delay = 1.00> <Adapter> <Opcode : 'read' 'write' 'readreq' 'writereq' 'writeresp'>
ST_71 : Operation 660 [2/70] (7.30ns)   --->   "%empty_39 = readreq i1 @_ssdm_op_ReadReq.m_axi.p1i32, i32 %mem1_addr_1, i32 155952" [conv.cpp:38]   --->   Operation 660 'readreq' 'empty_39' <Predicate = true> <Delay = 7.30> <CoreInst = "m_axi">   --->   Core 113 'm_axi' <Latency = 0> <II = 1> <Delay = 1.00> <Adapter> <Opcode : 'read' 'write' 'readreq' 'writereq' 'writeresp'>
ST_71 : Operation 661 [3/70] (7.30ns)   --->   "%empty_40 = readreq i1 @_ssdm_op_ReadReq.m_axi.p1i32, i32 %mem2_addr_1, i32 363" [conv.cpp:38]   --->   Operation 661 'readreq' 'empty_40' <Predicate = true> <Delay = 7.30> <CoreInst = "m_axi">   --->   Core 113 'm_axi' <Latency = 0> <II = 1> <Delay = 1.00> <Adapter> <Opcode : 'read' 'write' 'readreq' 'writereq' 'writeresp'>

State 72 <SV = 71> <Delay = 7.30>
ST_72 : Operation 662 [1/70] (7.30ns)   --->   "%mem2_load_req = readreq i1 @_ssdm_op_ReadReq.m_axi.i32P1A, i32 %mem2_addr, i32 1" [conv.cpp:27]   --->   Operation 662 'readreq' 'mem2_load_req' <Predicate = true> <Delay = 7.30> <CoreInst = "m_axi">   --->   Core 113 'm_axi' <Latency = 0> <II = 1> <Delay = 1.00> <Adapter> <Opcode : 'read' 'write' 'readreq' 'writereq' 'writeresp'>
ST_72 : Operation 663 [1/70] (7.30ns)   --->   "%empty_39 = readreq i1 @_ssdm_op_ReadReq.m_axi.p1i32, i32 %mem1_addr_1, i32 155952" [conv.cpp:38]   --->   Operation 663 'readreq' 'empty_39' <Predicate = true> <Delay = 7.30> <CoreInst = "m_axi">   --->   Core 113 'm_axi' <Latency = 0> <II = 1> <Delay = 1.00> <Adapter> <Opcode : 'read' 'write' 'readreq' 'writereq' 'writeresp'>
ST_72 : Operation 664 [2/70] (7.30ns)   --->   "%empty_40 = readreq i1 @_ssdm_op_ReadReq.m_axi.p1i32, i32 %mem2_addr_1, i32 363" [conv.cpp:38]   --->   Operation 664 'readreq' 'empty_40' <Predicate = true> <Delay = 7.30> <CoreInst = "m_axi">   --->   Core 113 'm_axi' <Latency = 0> <II = 1> <Delay = 1.00> <Adapter> <Opcode : 'read' 'write' 'readreq' 'writereq' 'writeresp'>

State 73 <SV = 72> <Delay = 7.30>
ST_73 : Operation 665 [1/1] (7.30ns)   --->   "%mem2_addr_read = read i32 @_ssdm_op_Read.m_axi.i32P1A, i32 %mem2_addr" [conv.cpp:27]   --->   Operation 665 'read' 'mem2_addr_read' <Predicate = true> <Delay = 7.30> <CoreInst = "m_axi">   --->   Core 113 'm_axi' <Latency = 0> <II = 1> <Delay = 1.00> <Adapter> <Opcode : 'read' 'write' 'readreq' 'writereq' 'writeresp'>
ST_73 : Operation 666 [1/70] (7.30ns)   --->   "%empty_40 = readreq i1 @_ssdm_op_ReadReq.m_axi.p1i32, i32 %mem2_addr_1, i32 363" [conv.cpp:38]   --->   Operation 666 'readreq' 'empty_40' <Predicate = true> <Delay = 7.30> <CoreInst = "m_axi">   --->   Core 113 'm_axi' <Latency = 0> <II = 1> <Delay = 1.00> <Adapter> <Opcode : 'read' 'write' 'readreq' 'writereq' 'writeresp'>

State 74 <SV = 73> <Delay = 3.25>
ST_74 : Operation 667 [1/1] (0.00ns)   --->   "%bias = bitcast i32 %mem2_addr_read" [conv.cpp:27]   --->   Operation 667 'bitcast' 'bias' <Predicate = true> <Delay = 0.00>
ST_74 : Operation 668 [2/2] (3.25ns)   --->   "%call_ln27 = call void @Loop_VITIS_LOOP_24_1_proc1_Pipeline_VITIS_LOOP_29_2_VITIS_LOOP_31_3, i32 %local_output, i32 %bias, i32 %local_output_54, i32 %local_output_53, i32 %local_output_52, i32 %local_output_51, i32 %local_output_50, i32 %local_output_49, i32 %local_output_48, i32 %local_output_47, i32 %local_output_46, i32 %local_output_45, i32 %local_output_44, i32 %local_output_43, i32 %local_output_42, i32 %local_output_41, i32 %local_output_40, i32 %local_output_39, i32 %local_output_38, i32 %local_output_37, i32 %local_output_36, i32 %local_output_35, i32 %local_output_34, i32 %local_output_33, i32 %local_output_32, i32 %local_output_31, i32 %local_output_30, i32 %local_output_29, i32 %local_output_28, i32 %local_output_27, i32 %local_output_26, i32 %local_output_25, i32 %local_output_24, i32 %local_output_23, i32 %local_output_22, i32 %local_output_21, i32 %local_output_20, i32 %local_output_19, i32 %local_output_18, i32 %local_output_17, i32 %local_output_16, i32 %local_output_15, i32 %local_output_14, i32 %local_output_13, i32 %local_output_12, i32 %local_output_11, i32 %local_output_10, i32 %local_output_9, i32 %local_output_8, i32 %local_output_7, i32 %local_output_6, i32 %local_output_5, i32 %local_output_4, i32 %local_output_3, i32 %local_output_2, i32 %local_output_1" [conv.cpp:27]   --->   Operation 668 'call' 'call_ln27' <Predicate = true> <Delay = 3.25> <CoreType = "Generic">   --->   Core 0 '' <Latency = 0> <II = 1> <Delay = 1.00> <Generic> <Opcode : >

State 75 <SV = 74> <Delay = 1.58>
ST_75 : Operation 669 [1/1] (0.00ns)   --->   "%specloopname_ln27 = specloopname void @_ssdm_op_SpecLoopName, void @empty_9" [conv.cpp:27]   --->   Operation 669 'specloopname' 'specloopname_ln27' <Predicate = true> <Delay = 0.00>
ST_75 : Operation 670 [1/2] (0.00ns)   --->   "%call_ln27 = call void @Loop_VITIS_LOOP_24_1_proc1_Pipeline_VITIS_LOOP_29_2_VITIS_LOOP_31_3, i32 %local_output, i32 %bias, i32 %local_output_54, i32 %local_output_53, i32 %local_output_52, i32 %local_output_51, i32 %local_output_50, i32 %local_output_49, i32 %local_output_48, i32 %local_output_47, i32 %local_output_46, i32 %local_output_45, i32 %local_output_44, i32 %local_output_43, i32 %local_output_42, i32 %local_output_41, i32 %local_output_40, i32 %local_output_39, i32 %local_output_38, i32 %local_output_37, i32 %local_output_36, i32 %local_output_35, i32 %local_output_34, i32 %local_output_33, i32 %local_output_32, i32 %local_output_31, i32 %local_output_30, i32 %local_output_29, i32 %local_output_28, i32 %local_output_27, i32 %local_output_26, i32 %local_output_25, i32 %local_output_24, i32 %local_output_23, i32 %local_output_22, i32 %local_output_21, i32 %local_output_20, i32 %local_output_19, i32 %local_output_18, i32 %local_output_17, i32 %local_output_16, i32 %local_output_15, i32 %local_output_14, i32 %local_output_13, i32 %local_output_12, i32 %local_output_11, i32 %local_output_10, i32 %local_output_9, i32 %local_output_8, i32 %local_output_7, i32 %local_output_6, i32 %local_output_5, i32 %local_output_4, i32 %local_output_3, i32 %local_output_2, i32 %local_output_1" [conv.cpp:27]   --->   Operation 670 'call' 'call_ln27' <Predicate = true> <Delay = 0.00> <CoreType = "Generic">   --->   Core 0 '' <Latency = 0> <II = 1> <Delay = 1.00> <Generic> <Opcode : >
ST_75 : Operation 671 [1/1] (1.58ns)   --->   "%br_ln38 = br void %VITIS_LOOP_41_5" [conv.cpp:38]   --->   Operation 671 'br' 'br_ln38' <Predicate = true> <Delay = 1.58>

State 76 <SV = 75> <Delay = 2.54>
ST_76 : Operation 672 [1/1] (0.00ns)   --->   "%m = phi i2 %add_ln38, void %for.inc122, i2 0, void %VITIS_LOOP_29_2" [conv.cpp:38]   --->   Operation 672 'phi' 'm' <Predicate = true> <Delay = 0.00>
ST_76 : Operation 673 [1/1] (0.95ns)   --->   "%icmp_ln38 = icmp_eq  i2 %m, i2 3" [conv.cpp:38]   --->   Operation 673 'icmp' 'icmp_ln38' <Predicate = true> <Delay = 0.95> <CoreInst = "Cmp">   --->   Core 9 'Cmp' <Latency = 0> <II = 1> <Delay = 0.95> <FuncUnit> <Opcode : 'icmp'> <InPorts = 2> <OutPorts = 1>
ST_76 : Operation 674 [1/1] (0.00ns)   --->   "%empty_38 = speclooptripcount i32 @_ssdm_op_SpecLoopTripCount, i64 3, i64 3, i64 3"   --->   Operation 674 'speclooptripcount' 'empty_38' <Predicate = true> <Delay = 0.00>
ST_76 : Operation 675 [1/1] (1.56ns)   --->   "%add_ln38 = add i2 %m, i2 1" [conv.cpp:38]   --->   Operation 675 'add' 'add_ln38' <Predicate = true> <Delay = 1.56> <CoreInst = "Adder">   --->   Core 1 'Adder' <Latency = 0> <II = 1> <Delay = 1.56> <FuncUnit> <Opcode : 'add' 'sub'> <InPorts = 2> <OutPorts = 1>
ST_76 : Operation 676 [1/1] (0.00ns)   --->   "%br_ln38 = br i1 %icmp_ln38, void %VITIS_LOOP_41_5.split, void %for.body134.preheader" [conv.cpp:38]   --->   Operation 676 'br' 'br_ln38' <Predicate = true> <Delay = 0.00>
ST_76 : Operation 677 [2/2] (0.00ns)   --->   "%call_ln38 = call void @Loop_VITIS_LOOP_24_1_proc1_Pipeline_VITIS_LOOP_41_5_VITIS_LOOP_43_6, i32 %mem1, i62 %trunc_ln1, i32 %local_input_199, i32 %local_input_198, i32 %local_input_197, i32 %local_input_196, i32 %local_input_195, i32 %local_input_194, i32 %local_input_193, i32 %local_input_192, i32 %local_input_191, i32 %local_input_190, i32 %local_input_189, i32 %local_input_188, i32 %local_input_187, i32 %local_input_186, i32 %local_input_185, i32 %local_input_184, i32 %local_input_183, i32 %local_input_182, i32 %local_input_181, i32 %local_input_180, i32 %local_input_179, i32 %local_input_178, i32 %local_input_177, i32 %local_input_176, i32 %local_input_175, i32 %local_input_174, i32 %local_input_173, i32 %local_input_172, i32 %local_input_171, i32 %local_input_170, i32 %local_input_169, i32 %local_input_168, i32 %local_input_167, i32 %local_input_166, i32 %local_input_165, i32 %local_input_164, i32 %local_input_163, i32 %local_input_162, i32 %local_input_161, i32 %local_input_160, i32 %local_input_159, i32 %local_input_158, i32 %local_input_157, i32 %local_input_156, i32 %local_input_155, i32 %local_input_154, i32 %local_input_153, i32 %local_input_152, i32 %local_input_151, i32 %local_input_150, i32 %local_input_149, i32 %local_input_148, i32 %local_input_147, i32 %local_input_146, i32 %local_input_145, i32 %local_input_144, i32 %local_input_143, i32 %local_input_142, i32 %local_input_141, i32 %local_input_140, i32 %local_input_139, i32 %local_input_138, i32 %local_input_137, i32 %local_input_136, i32 %local_input_135, i32 %local_input_134, i32 %local_input_133, i32 %local_input_132, i32 %local_input_131, i32 %local_input_130, i32 %local_input_129, i32 %local_input_128, i32 %local_input_127, i32 %local_input_126, i32 %local_input_125, i32 %local_input_124, i32 %local_input_123, i32 %local_input_122, i32 %local_input_121, i32 %local_input_120, i32 %local_input_119, i32 %local_input_118, i32 %local_input_117, i32 %local_input_116, i32 %local_input_115, i32 %local_input_114, i32 %local_input_113, i32 %local_input_112, i32 %local_input_111, i32 %local_input_110, i32 %local_input_109, i32 %local_input_108, i32 %local_input_107, i32 %local_input_106, i32 %local_input_105, i32 %local_input_104, i32 %local_input_103, i32 %local_input_102, i32 %local_input_101, i32 %local_input_100, i32 %local_input_99, i32 %local_input_98, i32 %local_input_97, i32 %local_input_96, i32 %local_input_95, i32 %local_input_94, i32 %local_input_93, i32 %local_input_92, i32 %local_input_91, i32 %local_input_90, i32 %local_input_89, i32 %local_input_88, i32 %local_input_87, i32 %local_input_86, i32 %local_input_85, i32 %local_input_84, i32 %local_input_83, i32 %local_input_82, i32 %local_input_81, i32 %local_input_80, i32 %local_input_79, i32 %local_input_78, i32 %local_input_77, i32 %local_input_76, i32 %local_input_75, i32 %local_input_74, i32 %local_input_73, i32 %local_input_72, i32 %local_input_71, i32 %local_input_70, i32 %local_input_69, i32 %local_input_68, i32 %local_input_67, i32 %local_input_66, i32 %local_input_65, i32 %local_input_64, i32 %local_input_63, i32 %local_input_62, i32 %local_input_61, i32 %local_input_60, i32 %local_input_59, i32 %local_input_58, i32 %local_input_57, i32 %local_input_56, i32 %local_input_55, i32 %local_input_54, i32 %local_input_53, i32 %local_input_52, i32 %local_input_51, i32 %local_input_50, i32 %local_input_49, i32 %local_input_48, i32 %local_input_47, i32 %local_input_46, i32 %local_input_45, i32 %local_input_44, i32 %local_input_43, i32 %local_input_42, i32 %local_input_41, i32 %local_input_40, i32 %local_input_39, i32 %local_input_38, i32 %local_input_37, i32 %local_input_36, i32 %local_input_35, i32 %local_input_34, i32 %local_input_33, i32 %local_input_32, i32 %local_input_31, i32 %local_input_30, i32 %local_input_29, i32 %local_input_28, i32 %local_input_27, i32 %local_input_26, i32 %local_input_25, i32 %local_input_24, i32 %local_input_23, i32 %local_input_22, i32 %local_input_21, i32 %local_input_20, i32 %local_input_19, i32 %local_input_18, i32 %local_input_17, i32 %local_input_16, i32 %local_input_15, i32 %local_input_14, i32 %local_input_13, i32 %local_input_12, i32 %local_input_11, i32 %local_input_10, i32 %local_input_9, i32 %local_input_8, i32 %local_input_7, i32 %local_input_6, i32 %local_input_5, i32 %local_input_4, i32 %local_input_3, i32 %local_input_2, i32 %local_input_1, i32 %local_input" [conv.cpp:38]   --->   Operation 677 'call' 'call_ln38' <Predicate = (!icmp_ln38)> <Delay = 0.00> <CoreType = "Generic">   --->   Core 0 '' <Latency = 0> <II = 1> <Delay = 1.00> <Generic> <Opcode : >
ST_76 : Operation 678 [2/2] (0.00ns)   --->   "%call_ln38 = call void @Loop_VITIS_LOOP_24_1_proc1_Pipeline_VITIS_LOOP_51_7_VITIS_LOOP_53_8, i32 %mem2, i62 %trunc_ln38_1, i32 %local_weights, i32 %local_weights_10, i32 %local_weights_9, i32 %local_weights_8, i32 %local_weights_7, i32 %local_weights_6, i32 %local_weights_5, i32 %local_weights_4, i32 %local_weights_3, i32 %local_weights_2, i32 %local_weights_1" [conv.cpp:38]   --->   Operation 678 'call' 'call_ln38' <Predicate = (!icmp_ln38)> <Delay = 0.00> <CoreType = "Generic">   --->   Core 0 '' <Latency = 0> <II = 1> <Delay = 1.00> <Generic> <Opcode : >
ST_76 : Operation 679 [2/2] (0.00ns)   --->   "%call_ln24 = call void @Loop_VITIS_LOOP_24_1_proc1_Pipeline_VITIS_LOOP_85_13_VITIS_LOOP_87_14, i32 %mem1, i62 %trunc_ln, i32 %local_output, i32 %local_output_1, i32 %local_output_2, i32 %local_output_3, i32 %local_output_4, i32 %local_output_5, i32 %local_output_6, i32 %local_output_7, i32 %local_output_8, i32 %local_output_9, i32 %local_output_10, i32 %local_output_11, i32 %local_output_12, i32 %local_output_13, i32 %local_output_14, i32 %local_output_15, i32 %local_output_16, i32 %local_output_17, i32 %local_output_18, i32 %local_output_19, i32 %local_output_20, i32 %local_output_21, i32 %local_output_22, i32 %local_output_23, i32 %local_output_24, i32 %local_output_25, i32 %local_output_26, i32 %local_output_27, i32 %local_output_28, i32 %local_output_29, i32 %local_output_30, i32 %local_output_31, i32 %local_output_32, i32 %local_output_33, i32 %local_output_34, i32 %local_output_35, i32 %local_output_36, i32 %local_output_37, i32 %local_output_38, i32 %local_output_39, i32 %local_output_40, i32 %local_output_41, i32 %local_output_42, i32 %local_output_43, i32 %local_output_44, i32 %local_output_45, i32 %local_output_46, i32 %local_output_47, i32 %local_output_48, i32 %local_output_49, i32 %local_output_50, i32 %local_output_51, i32 %local_output_52, i32 %local_output_53, i32 %local_output_54" [conv.cpp:24]   --->   Operation 679 'call' 'call_ln24' <Predicate = (icmp_ln38)> <Delay = 0.00> <CoreType = "Generic">   --->   Core 0 '' <Latency = 0> <II = 1> <Delay = 1.00> <Generic> <Opcode : >
ST_76 : Operation 680 [1/1] (1.58ns)   --->   "%store_ln24 = store i7 %add_ln24_1, i7 %n" [conv.cpp:24]   --->   Operation 680 'store' 'store_ln24' <Predicate = (icmp_ln38)> <Delay = 1.58>
ST_76 : Operation 681 [1/1] (1.58ns)   --->   "%store_ln24 = store i17 %add_ln24_2, i17 %phi_mul" [conv.cpp:24]   --->   Operation 681 'store' 'store_ln24' <Predicate = (icmp_ln38)> <Delay = 1.58>

State 77 <SV = 76> <Delay = 1.58>
ST_77 : Operation 682 [1/1] (0.00ns)   --->   "%specloopname_ln38 = specloopname void @_ssdm_op_SpecLoopName, void @empty_21" [conv.cpp:38]   --->   Operation 682 'specloopname' 'specloopname_ln38' <Predicate = true> <Delay = 0.00>
ST_77 : Operation 683 [1/2] (0.00ns)   --->   "%call_ln38 = call void @Loop_VITIS_LOOP_24_1_proc1_Pipeline_VITIS_LOOP_41_5_VITIS_LOOP_43_6, i32 %mem1, i62 %trunc_ln1, i32 %local_input_199, i32 %local_input_198, i32 %local_input_197, i32 %local_input_196, i32 %local_input_195, i32 %local_input_194, i32 %local_input_193, i32 %local_input_192, i32 %local_input_191, i32 %local_input_190, i32 %local_input_189, i32 %local_input_188, i32 %local_input_187, i32 %local_input_186, i32 %local_input_185, i32 %local_input_184, i32 %local_input_183, i32 %local_input_182, i32 %local_input_181, i32 %local_input_180, i32 %local_input_179, i32 %local_input_178, i32 %local_input_177, i32 %local_input_176, i32 %local_input_175, i32 %local_input_174, i32 %local_input_173, i32 %local_input_172, i32 %local_input_171, i32 %local_input_170, i32 %local_input_169, i32 %local_input_168, i32 %local_input_167, i32 %local_input_166, i32 %local_input_165, i32 %local_input_164, i32 %local_input_163, i32 %local_input_162, i32 %local_input_161, i32 %local_input_160, i32 %local_input_159, i32 %local_input_158, i32 %local_input_157, i32 %local_input_156, i32 %local_input_155, i32 %local_input_154, i32 %local_input_153, i32 %local_input_152, i32 %local_input_151, i32 %local_input_150, i32 %local_input_149, i32 %local_input_148, i32 %local_input_147, i32 %local_input_146, i32 %local_input_145, i32 %local_input_144, i32 %local_input_143, i32 %local_input_142, i32 %local_input_141, i32 %local_input_140, i32 %local_input_139, i32 %local_input_138, i32 %local_input_137, i32 %local_input_136, i32 %local_input_135, i32 %local_input_134, i32 %local_input_133, i32 %local_input_132, i32 %local_input_131, i32 %local_input_130, i32 %local_input_129, i32 %local_input_128, i32 %local_input_127, i32 %local_input_126, i32 %local_input_125, i32 %local_input_124, i32 %local_input_123, i32 %local_input_122, i32 %local_input_121, i32 %local_input_120, i32 %local_input_119, i32 %local_input_118, i32 %local_input_117, i32 %local_input_116, i32 %local_input_115, i32 %local_input_114, i32 %local_input_113, i32 %local_input_112, i32 %local_input_111, i32 %local_input_110, i32 %local_input_109, i32 %local_input_108, i32 %local_input_107, i32 %local_input_106, i32 %local_input_105, i32 %local_input_104, i32 %local_input_103, i32 %local_input_102, i32 %local_input_101, i32 %local_input_100, i32 %local_input_99, i32 %local_input_98, i32 %local_input_97, i32 %local_input_96, i32 %local_input_95, i32 %local_input_94, i32 %local_input_93, i32 %local_input_92, i32 %local_input_91, i32 %local_input_90, i32 %local_input_89, i32 %local_input_88, i32 %local_input_87, i32 %local_input_86, i32 %local_input_85, i32 %local_input_84, i32 %local_input_83, i32 %local_input_82, i32 %local_input_81, i32 %local_input_80, i32 %local_input_79, i32 %local_input_78, i32 %local_input_77, i32 %local_input_76, i32 %local_input_75, i32 %local_input_74, i32 %local_input_73, i32 %local_input_72, i32 %local_input_71, i32 %local_input_70, i32 %local_input_69, i32 %local_input_68, i32 %local_input_67, i32 %local_input_66, i32 %local_input_65, i32 %local_input_64, i32 %local_input_63, i32 %local_input_62, i32 %local_input_61, i32 %local_input_60, i32 %local_input_59, i32 %local_input_58, i32 %local_input_57, i32 %local_input_56, i32 %local_input_55, i32 %local_input_54, i32 %local_input_53, i32 %local_input_52, i32 %local_input_51, i32 %local_input_50, i32 %local_input_49, i32 %local_input_48, i32 %local_input_47, i32 %local_input_46, i32 %local_input_45, i32 %local_input_44, i32 %local_input_43, i32 %local_input_42, i32 %local_input_41, i32 %local_input_40, i32 %local_input_39, i32 %local_input_38, i32 %local_input_37, i32 %local_input_36, i32 %local_input_35, i32 %local_input_34, i32 %local_input_33, i32 %local_input_32, i32 %local_input_31, i32 %local_input_30, i32 %local_input_29, i32 %local_input_28, i32 %local_input_27, i32 %local_input_26, i32 %local_input_25, i32 %local_input_24, i32 %local_input_23, i32 %local_input_22, i32 %local_input_21, i32 %local_input_20, i32 %local_input_19, i32 %local_input_18, i32 %local_input_17, i32 %local_input_16, i32 %local_input_15, i32 %local_input_14, i32 %local_input_13, i32 %local_input_12, i32 %local_input_11, i32 %local_input_10, i32 %local_input_9, i32 %local_input_8, i32 %local_input_7, i32 %local_input_6, i32 %local_input_5, i32 %local_input_4, i32 %local_input_3, i32 %local_input_2, i32 %local_input_1, i32 %local_input" [conv.cpp:38]   --->   Operation 683 'call' 'call_ln38' <Predicate = true> <Delay = 0.00> <CoreType = "Generic">   --->   Core 0 '' <Latency = 0> <II = 1> <Delay = 1.00> <Generic> <Opcode : >
ST_77 : Operation 684 [1/2] (0.00ns)   --->   "%call_ln38 = call void @Loop_VITIS_LOOP_24_1_proc1_Pipeline_VITIS_LOOP_51_7_VITIS_LOOP_53_8, i32 %mem2, i62 %trunc_ln38_1, i32 %local_weights, i32 %local_weights_10, i32 %local_weights_9, i32 %local_weights_8, i32 %local_weights_7, i32 %local_weights_6, i32 %local_weights_5, i32 %local_weights_4, i32 %local_weights_3, i32 %local_weights_2, i32 %local_weights_1" [conv.cpp:38]   --->   Operation 684 'call' 'call_ln38' <Predicate = true> <Delay = 0.00> <CoreType = "Generic">   --->   Core 0 '' <Latency = 0> <II = 1> <Delay = 1.00> <Generic> <Opcode : >
ST_77 : Operation 685 [1/1] (1.58ns)   --->   "%br_ln60 = br void %VITIS_LOOP_62_10" [conv.cpp:60]   --->   Operation 685 'br' 'br_ln60' <Predicate = true> <Delay = 1.58>

State 78 <SV = 77> <Delay = 3.25>
ST_78 : Operation 686 [1/1] (0.00ns)   --->   "%out_r = phi i6 %add_ln60, void %for.inc119, i6 0, void %VITIS_LOOP_41_5.split" [conv.cpp:60]   --->   Operation 686 'phi' 'out_r' <Predicate = true> <Delay = 0.00>
ST_78 : Operation 687 [1/1] (1.42ns)   --->   "%icmp_ln60 = icmp_eq  i6 %out_r, i6 55" [conv.cpp:60]   --->   Operation 687 'icmp' 'icmp_ln60' <Predicate = true> <Delay = 1.42> <CoreInst = "Cmp">   --->   Core 9 'Cmp' <Latency = 0> <II = 1> <Delay = 1.42> <FuncUnit> <Opcode : 'icmp'> <InPorts = 2> <OutPorts = 1>
ST_78 : Operation 688 [1/1] (0.00ns)   --->   "%empty_41 = speclooptripcount i32 @_ssdm_op_SpecLoopTripCount, i64 55, i64 55, i64 55"   --->   Operation 688 'speclooptripcount' 'empty_41' <Predicate = true> <Delay = 0.00>
ST_78 : Operation 689 [1/1] (1.82ns)   --->   "%add_ln60 = add i6 %out_r, i6 1" [conv.cpp:60]   --->   Operation 689 'add' 'add_ln60' <Predicate = true> <Delay = 1.82> <CoreInst = "Adder">   --->   Core 1 'Adder' <Latency = 0> <II = 1> <Delay = 1.82> <FuncUnit> <Opcode : 'add' 'sub'> <InPorts = 2> <OutPorts = 1>
ST_78 : Operation 690 [1/1] (0.00ns)   --->   "%br_ln60 = br i1 %icmp_ln60, void %VITIS_LOOP_62_10.split, void %for.inc122" [conv.cpp:60]   --->   Operation 690 'br' 'br_ln60' <Predicate = true> <Delay = 0.00>
ST_78 : Operation 691 [1/1] (0.00ns)   --->   "%zext_ln60 = zext i6 %out_r" [conv.cpp:60]   --->   Operation 691 'zext' 'zext_ln60' <Predicate = (!icmp_ln60)> <Delay = 0.00>
ST_78 : Operation 692 [1/1] (0.00ns)   --->   "%local_output_addr = getelementptr i32 %local_output, i64 0, i64 %zext_ln60" [conv.cpp:60]   --->   Operation 692 'getelementptr' 'local_output_addr' <Predicate = (!icmp_ln60)> <Delay = 0.00>
ST_78 : Operation 693 [1/1] (0.00ns)   --->   "%local_output_1_addr = getelementptr i32 %local_output_1, i64 0, i64 %zext_ln60" [conv.cpp:60]   --->   Operation 693 'getelementptr' 'local_output_1_addr' <Predicate = (!icmp_ln60)> <Delay = 0.00>
ST_78 : Operation 694 [1/1] (0.00ns)   --->   "%local_output_2_addr = getelementptr i32 %local_output_2, i64 0, i64 %zext_ln60" [conv.cpp:60]   --->   Operation 694 'getelementptr' 'local_output_2_addr' <Predicate = (!icmp_ln60)> <Delay = 0.00>
ST_78 : Operation 695 [1/1] (0.00ns)   --->   "%local_output_3_addr = getelementptr i32 %local_output_3, i64 0, i64 %zext_ln60" [conv.cpp:60]   --->   Operation 695 'getelementptr' 'local_output_3_addr' <Predicate = (!icmp_ln60)> <Delay = 0.00>
ST_78 : Operation 696 [1/1] (0.00ns)   --->   "%local_output_4_addr = getelementptr i32 %local_output_4, i64 0, i64 %zext_ln60" [conv.cpp:60]   --->   Operation 696 'getelementptr' 'local_output_4_addr' <Predicate = (!icmp_ln60)> <Delay = 0.00>
ST_78 : Operation 697 [1/1] (0.00ns)   --->   "%local_output_5_addr = getelementptr i32 %local_output_5, i64 0, i64 %zext_ln60" [conv.cpp:60]   --->   Operation 697 'getelementptr' 'local_output_5_addr' <Predicate = (!icmp_ln60)> <Delay = 0.00>
ST_78 : Operation 698 [1/1] (0.00ns)   --->   "%local_output_6_addr = getelementptr i32 %local_output_6, i64 0, i64 %zext_ln60" [conv.cpp:60]   --->   Operation 698 'getelementptr' 'local_output_6_addr' <Predicate = (!icmp_ln60)> <Delay = 0.00>
ST_78 : Operation 699 [1/1] (0.00ns)   --->   "%local_output_7_addr = getelementptr i32 %local_output_7, i64 0, i64 %zext_ln60" [conv.cpp:60]   --->   Operation 699 'getelementptr' 'local_output_7_addr' <Predicate = (!icmp_ln60)> <Delay = 0.00>
ST_78 : Operation 700 [1/1] (0.00ns)   --->   "%local_output_8_addr = getelementptr i32 %local_output_8, i64 0, i64 %zext_ln60" [conv.cpp:60]   --->   Operation 700 'getelementptr' 'local_output_8_addr' <Predicate = (!icmp_ln60)> <Delay = 0.00>
ST_78 : Operation 701 [1/1] (0.00ns)   --->   "%local_output_9_addr = getelementptr i32 %local_output_9, i64 0, i64 %zext_ln60" [conv.cpp:60]   --->   Operation 701 'getelementptr' 'local_output_9_addr' <Predicate = (!icmp_ln60)> <Delay = 0.00>
ST_78 : Operation 702 [1/1] (0.00ns)   --->   "%local_output_10_addr = getelementptr i32 %local_output_10, i64 0, i64 %zext_ln60" [conv.cpp:60]   --->   Operation 702 'getelementptr' 'local_output_10_addr' <Predicate = (!icmp_ln60)> <Delay = 0.00>
ST_78 : Operation 703 [1/1] (0.00ns)   --->   "%local_output_11_addr = getelementptr i32 %local_output_11, i64 0, i64 %zext_ln60" [conv.cpp:60]   --->   Operation 703 'getelementptr' 'local_output_11_addr' <Predicate = (!icmp_ln60)> <Delay = 0.00>
ST_78 : Operation 704 [1/1] (0.00ns)   --->   "%local_output_12_addr = getelementptr i32 %local_output_12, i64 0, i64 %zext_ln60" [conv.cpp:60]   --->   Operation 704 'getelementptr' 'local_output_12_addr' <Predicate = (!icmp_ln60)> <Delay = 0.00>
ST_78 : Operation 705 [1/1] (0.00ns)   --->   "%local_output_13_addr = getelementptr i32 %local_output_13, i64 0, i64 %zext_ln60" [conv.cpp:60]   --->   Operation 705 'getelementptr' 'local_output_13_addr' <Predicate = (!icmp_ln60)> <Delay = 0.00>
ST_78 : Operation 706 [1/1] (0.00ns)   --->   "%local_output_14_addr = getelementptr i32 %local_output_14, i64 0, i64 %zext_ln60" [conv.cpp:60]   --->   Operation 706 'getelementptr' 'local_output_14_addr' <Predicate = (!icmp_ln60)> <Delay = 0.00>
ST_78 : Operation 707 [1/1] (0.00ns)   --->   "%local_output_15_addr = getelementptr i32 %local_output_15, i64 0, i64 %zext_ln60" [conv.cpp:60]   --->   Operation 707 'getelementptr' 'local_output_15_addr' <Predicate = (!icmp_ln60)> <Delay = 0.00>
ST_78 : Operation 708 [1/1] (0.00ns)   --->   "%local_output_16_addr = getelementptr i32 %local_output_16, i64 0, i64 %zext_ln60" [conv.cpp:60]   --->   Operation 708 'getelementptr' 'local_output_16_addr' <Predicate = (!icmp_ln60)> <Delay = 0.00>
ST_78 : Operation 709 [1/1] (0.00ns)   --->   "%local_output_17_addr = getelementptr i32 %local_output_17, i64 0, i64 %zext_ln60" [conv.cpp:60]   --->   Operation 709 'getelementptr' 'local_output_17_addr' <Predicate = (!icmp_ln60)> <Delay = 0.00>
ST_78 : Operation 710 [1/1] (0.00ns)   --->   "%local_output_18_addr = getelementptr i32 %local_output_18, i64 0, i64 %zext_ln60" [conv.cpp:60]   --->   Operation 710 'getelementptr' 'local_output_18_addr' <Predicate = (!icmp_ln60)> <Delay = 0.00>
ST_78 : Operation 711 [1/1] (0.00ns)   --->   "%local_output_19_addr = getelementptr i32 %local_output_19, i64 0, i64 %zext_ln60" [conv.cpp:60]   --->   Operation 711 'getelementptr' 'local_output_19_addr' <Predicate = (!icmp_ln60)> <Delay = 0.00>
ST_78 : Operation 712 [1/1] (0.00ns)   --->   "%local_output_20_addr = getelementptr i32 %local_output_20, i64 0, i64 %zext_ln60" [conv.cpp:60]   --->   Operation 712 'getelementptr' 'local_output_20_addr' <Predicate = (!icmp_ln60)> <Delay = 0.00>
ST_78 : Operation 713 [1/1] (0.00ns)   --->   "%local_output_21_addr = getelementptr i32 %local_output_21, i64 0, i64 %zext_ln60" [conv.cpp:60]   --->   Operation 713 'getelementptr' 'local_output_21_addr' <Predicate = (!icmp_ln60)> <Delay = 0.00>
ST_78 : Operation 714 [1/1] (0.00ns)   --->   "%local_output_22_addr = getelementptr i32 %local_output_22, i64 0, i64 %zext_ln60" [conv.cpp:60]   --->   Operation 714 'getelementptr' 'local_output_22_addr' <Predicate = (!icmp_ln60)> <Delay = 0.00>
ST_78 : Operation 715 [1/1] (0.00ns)   --->   "%local_output_23_addr = getelementptr i32 %local_output_23, i64 0, i64 %zext_ln60" [conv.cpp:60]   --->   Operation 715 'getelementptr' 'local_output_23_addr' <Predicate = (!icmp_ln60)> <Delay = 0.00>
ST_78 : Operation 716 [1/1] (0.00ns)   --->   "%local_output_24_addr = getelementptr i32 %local_output_24, i64 0, i64 %zext_ln60" [conv.cpp:60]   --->   Operation 716 'getelementptr' 'local_output_24_addr' <Predicate = (!icmp_ln60)> <Delay = 0.00>
ST_78 : Operation 717 [1/1] (0.00ns)   --->   "%local_output_25_addr = getelementptr i32 %local_output_25, i64 0, i64 %zext_ln60" [conv.cpp:60]   --->   Operation 717 'getelementptr' 'local_output_25_addr' <Predicate = (!icmp_ln60)> <Delay = 0.00>
ST_78 : Operation 718 [1/1] (0.00ns)   --->   "%local_output_26_addr = getelementptr i32 %local_output_26, i64 0, i64 %zext_ln60" [conv.cpp:60]   --->   Operation 718 'getelementptr' 'local_output_26_addr' <Predicate = (!icmp_ln60)> <Delay = 0.00>
ST_78 : Operation 719 [1/1] (0.00ns)   --->   "%local_output_27_addr = getelementptr i32 %local_output_27, i64 0, i64 %zext_ln60" [conv.cpp:60]   --->   Operation 719 'getelementptr' 'local_output_27_addr' <Predicate = (!icmp_ln60)> <Delay = 0.00>
ST_78 : Operation 720 [1/1] (0.00ns)   --->   "%local_output_28_addr = getelementptr i32 %local_output_28, i64 0, i64 %zext_ln60" [conv.cpp:60]   --->   Operation 720 'getelementptr' 'local_output_28_addr' <Predicate = (!icmp_ln60)> <Delay = 0.00>
ST_78 : Operation 721 [1/1] (0.00ns)   --->   "%local_output_29_addr = getelementptr i32 %local_output_29, i64 0, i64 %zext_ln60" [conv.cpp:60]   --->   Operation 721 'getelementptr' 'local_output_29_addr' <Predicate = (!icmp_ln60)> <Delay = 0.00>
ST_78 : Operation 722 [1/1] (0.00ns)   --->   "%local_output_30_addr = getelementptr i32 %local_output_30, i64 0, i64 %zext_ln60" [conv.cpp:60]   --->   Operation 722 'getelementptr' 'local_output_30_addr' <Predicate = (!icmp_ln60)> <Delay = 0.00>
ST_78 : Operation 723 [1/1] (0.00ns)   --->   "%local_output_31_addr = getelementptr i32 %local_output_31, i64 0, i64 %zext_ln60" [conv.cpp:60]   --->   Operation 723 'getelementptr' 'local_output_31_addr' <Predicate = (!icmp_ln60)> <Delay = 0.00>
ST_78 : Operation 724 [1/1] (0.00ns)   --->   "%local_output_32_addr = getelementptr i32 %local_output_32, i64 0, i64 %zext_ln60" [conv.cpp:60]   --->   Operation 724 'getelementptr' 'local_output_32_addr' <Predicate = (!icmp_ln60)> <Delay = 0.00>
ST_78 : Operation 725 [1/1] (0.00ns)   --->   "%local_output_33_addr = getelementptr i32 %local_output_33, i64 0, i64 %zext_ln60" [conv.cpp:60]   --->   Operation 725 'getelementptr' 'local_output_33_addr' <Predicate = (!icmp_ln60)> <Delay = 0.00>
ST_78 : Operation 726 [1/1] (0.00ns)   --->   "%local_output_34_addr = getelementptr i32 %local_output_34, i64 0, i64 %zext_ln60" [conv.cpp:60]   --->   Operation 726 'getelementptr' 'local_output_34_addr' <Predicate = (!icmp_ln60)> <Delay = 0.00>
ST_78 : Operation 727 [1/1] (0.00ns)   --->   "%local_output_35_addr = getelementptr i32 %local_output_35, i64 0, i64 %zext_ln60" [conv.cpp:60]   --->   Operation 727 'getelementptr' 'local_output_35_addr' <Predicate = (!icmp_ln60)> <Delay = 0.00>
ST_78 : Operation 728 [1/1] (0.00ns)   --->   "%local_output_36_addr = getelementptr i32 %local_output_36, i64 0, i64 %zext_ln60" [conv.cpp:60]   --->   Operation 728 'getelementptr' 'local_output_36_addr' <Predicate = (!icmp_ln60)> <Delay = 0.00>
ST_78 : Operation 729 [1/1] (0.00ns)   --->   "%local_output_37_addr = getelementptr i32 %local_output_37, i64 0, i64 %zext_ln60" [conv.cpp:60]   --->   Operation 729 'getelementptr' 'local_output_37_addr' <Predicate = (!icmp_ln60)> <Delay = 0.00>
ST_78 : Operation 730 [1/1] (0.00ns)   --->   "%local_output_38_addr = getelementptr i32 %local_output_38, i64 0, i64 %zext_ln60" [conv.cpp:60]   --->   Operation 730 'getelementptr' 'local_output_38_addr' <Predicate = (!icmp_ln60)> <Delay = 0.00>
ST_78 : Operation 731 [1/1] (0.00ns)   --->   "%local_output_39_addr = getelementptr i32 %local_output_39, i64 0, i64 %zext_ln60" [conv.cpp:60]   --->   Operation 731 'getelementptr' 'local_output_39_addr' <Predicate = (!icmp_ln60)> <Delay = 0.00>
ST_78 : Operation 732 [1/1] (0.00ns)   --->   "%local_output_40_addr = getelementptr i32 %local_output_40, i64 0, i64 %zext_ln60" [conv.cpp:60]   --->   Operation 732 'getelementptr' 'local_output_40_addr' <Predicate = (!icmp_ln60)> <Delay = 0.00>
ST_78 : Operation 733 [1/1] (0.00ns)   --->   "%local_output_41_addr = getelementptr i32 %local_output_41, i64 0, i64 %zext_ln60" [conv.cpp:60]   --->   Operation 733 'getelementptr' 'local_output_41_addr' <Predicate = (!icmp_ln60)> <Delay = 0.00>
ST_78 : Operation 734 [1/1] (0.00ns)   --->   "%local_output_42_addr = getelementptr i32 %local_output_42, i64 0, i64 %zext_ln60" [conv.cpp:60]   --->   Operation 734 'getelementptr' 'local_output_42_addr' <Predicate = (!icmp_ln60)> <Delay = 0.00>
ST_78 : Operation 735 [1/1] (0.00ns)   --->   "%local_output_43_addr = getelementptr i32 %local_output_43, i64 0, i64 %zext_ln60" [conv.cpp:60]   --->   Operation 735 'getelementptr' 'local_output_43_addr' <Predicate = (!icmp_ln60)> <Delay = 0.00>
ST_78 : Operation 736 [1/1] (0.00ns)   --->   "%local_output_44_addr = getelementptr i32 %local_output_44, i64 0, i64 %zext_ln60" [conv.cpp:60]   --->   Operation 736 'getelementptr' 'local_output_44_addr' <Predicate = (!icmp_ln60)> <Delay = 0.00>
ST_78 : Operation 737 [1/1] (0.00ns)   --->   "%local_output_45_addr = getelementptr i32 %local_output_45, i64 0, i64 %zext_ln60" [conv.cpp:60]   --->   Operation 737 'getelementptr' 'local_output_45_addr' <Predicate = (!icmp_ln60)> <Delay = 0.00>
ST_78 : Operation 738 [1/1] (0.00ns)   --->   "%local_output_46_addr = getelementptr i32 %local_output_46, i64 0, i64 %zext_ln60" [conv.cpp:60]   --->   Operation 738 'getelementptr' 'local_output_46_addr' <Predicate = (!icmp_ln60)> <Delay = 0.00>
ST_78 : Operation 739 [1/1] (0.00ns)   --->   "%local_output_47_addr = getelementptr i32 %local_output_47, i64 0, i64 %zext_ln60" [conv.cpp:60]   --->   Operation 739 'getelementptr' 'local_output_47_addr' <Predicate = (!icmp_ln60)> <Delay = 0.00>
ST_78 : Operation 740 [1/1] (0.00ns)   --->   "%local_output_48_addr = getelementptr i32 %local_output_48, i64 0, i64 %zext_ln60" [conv.cpp:60]   --->   Operation 740 'getelementptr' 'local_output_48_addr' <Predicate = (!icmp_ln60)> <Delay = 0.00>
ST_78 : Operation 741 [1/1] (0.00ns)   --->   "%local_output_49_addr = getelementptr i32 %local_output_49, i64 0, i64 %zext_ln60" [conv.cpp:60]   --->   Operation 741 'getelementptr' 'local_output_49_addr' <Predicate = (!icmp_ln60)> <Delay = 0.00>
ST_78 : Operation 742 [1/1] (0.00ns)   --->   "%local_output_50_addr = getelementptr i32 %local_output_50, i64 0, i64 %zext_ln60" [conv.cpp:60]   --->   Operation 742 'getelementptr' 'local_output_50_addr' <Predicate = (!icmp_ln60)> <Delay = 0.00>
ST_78 : Operation 743 [1/1] (0.00ns)   --->   "%local_output_51_addr = getelementptr i32 %local_output_51, i64 0, i64 %zext_ln60" [conv.cpp:60]   --->   Operation 743 'getelementptr' 'local_output_51_addr' <Predicate = (!icmp_ln60)> <Delay = 0.00>
ST_78 : Operation 744 [1/1] (0.00ns)   --->   "%local_output_52_addr = getelementptr i32 %local_output_52, i64 0, i64 %zext_ln60" [conv.cpp:60]   --->   Operation 744 'getelementptr' 'local_output_52_addr' <Predicate = (!icmp_ln60)> <Delay = 0.00>
ST_78 : Operation 745 [1/1] (0.00ns)   --->   "%local_output_53_addr = getelementptr i32 %local_output_53, i64 0, i64 %zext_ln60" [conv.cpp:60]   --->   Operation 745 'getelementptr' 'local_output_53_addr' <Predicate = (!icmp_ln60)> <Delay = 0.00>
ST_78 : Operation 746 [1/1] (0.00ns)   --->   "%local_output_54_addr = getelementptr i32 %local_output_54, i64 0, i64 %zext_ln60" [conv.cpp:60]   --->   Operation 746 'getelementptr' 'local_output_54_addr' <Predicate = (!icmp_ln60)> <Delay = 0.00>
ST_78 : Operation 747 [2/2] (3.25ns)   --->   "%local_output_load = load i6 %local_output_addr" [conv.cpp:80]   --->   Operation 747 'load' 'local_output_load' <Predicate = (!icmp_ln60)> <Delay = 3.25> <CoreInst = "RAM">   --->   Core 82 'RAM' <Latency = 1> <II = 1> <Delay = 3.25> <Storage> <Opcode : 'load' 'store'> <Ports = 2> <Width = 32> <Depth = 55> <RAM>
ST_78 : Operation 748 [2/2] (3.25ns)   --->   "%local_output_1_load = load i6 %local_output_1_addr" [conv.cpp:80]   --->   Operation 748 'load' 'local_output_1_load' <Predicate = (!icmp_ln60)> <Delay = 3.25> <CoreInst = "RAM">   --->   Core 82 'RAM' <Latency = 1> <II = 1> <Delay = 3.25> <Storage> <Opcode : 'load' 'store'> <Ports = 2> <Width = 32> <Depth = 55> <RAM>
ST_78 : Operation 749 [2/2] (3.25ns)   --->   "%local_output_2_load = load i6 %local_output_2_addr" [conv.cpp:80]   --->   Operation 749 'load' 'local_output_2_load' <Predicate = (!icmp_ln60)> <Delay = 3.25> <CoreInst = "RAM">   --->   Core 82 'RAM' <Latency = 1> <II = 1> <Delay = 3.25> <Storage> <Opcode : 'load' 'store'> <Ports = 2> <Width = 32> <Depth = 55> <RAM>
ST_78 : Operation 750 [2/2] (3.25ns)   --->   "%local_output_3_load = load i6 %local_output_3_addr" [conv.cpp:80]   --->   Operation 750 'load' 'local_output_3_load' <Predicate = (!icmp_ln60)> <Delay = 3.25> <CoreInst = "RAM">   --->   Core 82 'RAM' <Latency = 1> <II = 1> <Delay = 3.25> <Storage> <Opcode : 'load' 'store'> <Ports = 2> <Width = 32> <Depth = 55> <RAM>
ST_78 : Operation 751 [2/2] (3.25ns)   --->   "%local_output_4_load = load i6 %local_output_4_addr" [conv.cpp:80]   --->   Operation 751 'load' 'local_output_4_load' <Predicate = (!icmp_ln60)> <Delay = 3.25> <CoreInst = "RAM">   --->   Core 82 'RAM' <Latency = 1> <II = 1> <Delay = 3.25> <Storage> <Opcode : 'load' 'store'> <Ports = 2> <Width = 32> <Depth = 55> <RAM>
ST_78 : Operation 752 [2/2] (3.25ns)   --->   "%local_output_5_load = load i6 %local_output_5_addr" [conv.cpp:80]   --->   Operation 752 'load' 'local_output_5_load' <Predicate = (!icmp_ln60)> <Delay = 3.25> <CoreInst = "RAM">   --->   Core 82 'RAM' <Latency = 1> <II = 1> <Delay = 3.25> <Storage> <Opcode : 'load' 'store'> <Ports = 2> <Width = 32> <Depth = 55> <RAM>
ST_78 : Operation 753 [2/2] (3.25ns)   --->   "%local_output_6_load = load i6 %local_output_6_addr" [conv.cpp:80]   --->   Operation 753 'load' 'local_output_6_load' <Predicate = (!icmp_ln60)> <Delay = 3.25> <CoreInst = "RAM">   --->   Core 82 'RAM' <Latency = 1> <II = 1> <Delay = 3.25> <Storage> <Opcode : 'load' 'store'> <Ports = 2> <Width = 32> <Depth = 55> <RAM>
ST_78 : Operation 754 [2/2] (3.25ns)   --->   "%local_output_7_load = load i6 %local_output_7_addr" [conv.cpp:80]   --->   Operation 754 'load' 'local_output_7_load' <Predicate = (!icmp_ln60)> <Delay = 3.25> <CoreInst = "RAM">   --->   Core 82 'RAM' <Latency = 1> <II = 1> <Delay = 3.25> <Storage> <Opcode : 'load' 'store'> <Ports = 2> <Width = 32> <Depth = 55> <RAM>
ST_78 : Operation 755 [2/2] (3.25ns)   --->   "%local_output_8_load = load i6 %local_output_8_addr" [conv.cpp:80]   --->   Operation 755 'load' 'local_output_8_load' <Predicate = (!icmp_ln60)> <Delay = 3.25> <CoreInst = "RAM">   --->   Core 82 'RAM' <Latency = 1> <II = 1> <Delay = 3.25> <Storage> <Opcode : 'load' 'store'> <Ports = 2> <Width = 32> <Depth = 55> <RAM>
ST_78 : Operation 756 [2/2] (3.25ns)   --->   "%local_output_9_load = load i6 %local_output_9_addr" [conv.cpp:80]   --->   Operation 756 'load' 'local_output_9_load' <Predicate = (!icmp_ln60)> <Delay = 3.25> <CoreInst = "RAM">   --->   Core 82 'RAM' <Latency = 1> <II = 1> <Delay = 3.25> <Storage> <Opcode : 'load' 'store'> <Ports = 2> <Width = 32> <Depth = 55> <RAM>
ST_78 : Operation 757 [2/2] (3.25ns)   --->   "%local_output_10_load = load i6 %local_output_10_addr" [conv.cpp:80]   --->   Operation 757 'load' 'local_output_10_load' <Predicate = (!icmp_ln60)> <Delay = 3.25> <CoreInst = "RAM">   --->   Core 82 'RAM' <Latency = 1> <II = 1> <Delay = 3.25> <Storage> <Opcode : 'load' 'store'> <Ports = 2> <Width = 32> <Depth = 55> <RAM>
ST_78 : Operation 758 [2/2] (3.25ns)   --->   "%local_output_11_load = load i6 %local_output_11_addr" [conv.cpp:80]   --->   Operation 758 'load' 'local_output_11_load' <Predicate = (!icmp_ln60)> <Delay = 3.25> <CoreInst = "RAM">   --->   Core 82 'RAM' <Latency = 1> <II = 1> <Delay = 3.25> <Storage> <Opcode : 'load' 'store'> <Ports = 2> <Width = 32> <Depth = 55> <RAM>
ST_78 : Operation 759 [2/2] (3.25ns)   --->   "%local_output_12_load = load i6 %local_output_12_addr" [conv.cpp:80]   --->   Operation 759 'load' 'local_output_12_load' <Predicate = (!icmp_ln60)> <Delay = 3.25> <CoreInst = "RAM">   --->   Core 82 'RAM' <Latency = 1> <II = 1> <Delay = 3.25> <Storage> <Opcode : 'load' 'store'> <Ports = 2> <Width = 32> <Depth = 55> <RAM>
ST_78 : Operation 760 [2/2] (3.25ns)   --->   "%local_output_13_load = load i6 %local_output_13_addr" [conv.cpp:80]   --->   Operation 760 'load' 'local_output_13_load' <Predicate = (!icmp_ln60)> <Delay = 3.25> <CoreInst = "RAM">   --->   Core 82 'RAM' <Latency = 1> <II = 1> <Delay = 3.25> <Storage> <Opcode : 'load' 'store'> <Ports = 2> <Width = 32> <Depth = 55> <RAM>
ST_78 : Operation 761 [2/2] (3.25ns)   --->   "%local_output_14_load = load i6 %local_output_14_addr" [conv.cpp:80]   --->   Operation 761 'load' 'local_output_14_load' <Predicate = (!icmp_ln60)> <Delay = 3.25> <CoreInst = "RAM">   --->   Core 82 'RAM' <Latency = 1> <II = 1> <Delay = 3.25> <Storage> <Opcode : 'load' 'store'> <Ports = 2> <Width = 32> <Depth = 55> <RAM>
ST_78 : Operation 762 [2/2] (3.25ns)   --->   "%local_output_15_load = load i6 %local_output_15_addr" [conv.cpp:80]   --->   Operation 762 'load' 'local_output_15_load' <Predicate = (!icmp_ln60)> <Delay = 3.25> <CoreInst = "RAM">   --->   Core 82 'RAM' <Latency = 1> <II = 1> <Delay = 3.25> <Storage> <Opcode : 'load' 'store'> <Ports = 2> <Width = 32> <Depth = 55> <RAM>
ST_78 : Operation 763 [2/2] (3.25ns)   --->   "%local_output_16_load = load i6 %local_output_16_addr" [conv.cpp:80]   --->   Operation 763 'load' 'local_output_16_load' <Predicate = (!icmp_ln60)> <Delay = 3.25> <CoreInst = "RAM">   --->   Core 82 'RAM' <Latency = 1> <II = 1> <Delay = 3.25> <Storage> <Opcode : 'load' 'store'> <Ports = 2> <Width = 32> <Depth = 55> <RAM>
ST_78 : Operation 764 [2/2] (3.25ns)   --->   "%local_output_17_load = load i6 %local_output_17_addr" [conv.cpp:80]   --->   Operation 764 'load' 'local_output_17_load' <Predicate = (!icmp_ln60)> <Delay = 3.25> <CoreInst = "RAM">   --->   Core 82 'RAM' <Latency = 1> <II = 1> <Delay = 3.25> <Storage> <Opcode : 'load' 'store'> <Ports = 2> <Width = 32> <Depth = 55> <RAM>
ST_78 : Operation 765 [2/2] (3.25ns)   --->   "%local_output_18_load = load i6 %local_output_18_addr" [conv.cpp:80]   --->   Operation 765 'load' 'local_output_18_load' <Predicate = (!icmp_ln60)> <Delay = 3.25> <CoreInst = "RAM">   --->   Core 82 'RAM' <Latency = 1> <II = 1> <Delay = 3.25> <Storage> <Opcode : 'load' 'store'> <Ports = 2> <Width = 32> <Depth = 55> <RAM>
ST_78 : Operation 766 [2/2] (3.25ns)   --->   "%local_output_19_load = load i6 %local_output_19_addr" [conv.cpp:80]   --->   Operation 766 'load' 'local_output_19_load' <Predicate = (!icmp_ln60)> <Delay = 3.25> <CoreInst = "RAM">   --->   Core 82 'RAM' <Latency = 1> <II = 1> <Delay = 3.25> <Storage> <Opcode : 'load' 'store'> <Ports = 2> <Width = 32> <Depth = 55> <RAM>
ST_78 : Operation 767 [2/2] (3.25ns)   --->   "%local_output_20_load = load i6 %local_output_20_addr" [conv.cpp:80]   --->   Operation 767 'load' 'local_output_20_load' <Predicate = (!icmp_ln60)> <Delay = 3.25> <CoreInst = "RAM">   --->   Core 82 'RAM' <Latency = 1> <II = 1> <Delay = 3.25> <Storage> <Opcode : 'load' 'store'> <Ports = 2> <Width = 32> <Depth = 55> <RAM>
ST_78 : Operation 768 [2/2] (3.25ns)   --->   "%local_output_21_load = load i6 %local_output_21_addr" [conv.cpp:80]   --->   Operation 768 'load' 'local_output_21_load' <Predicate = (!icmp_ln60)> <Delay = 3.25> <CoreInst = "RAM">   --->   Core 82 'RAM' <Latency = 1> <II = 1> <Delay = 3.25> <Storage> <Opcode : 'load' 'store'> <Ports = 2> <Width = 32> <Depth = 55> <RAM>
ST_78 : Operation 769 [2/2] (3.25ns)   --->   "%local_output_22_load = load i6 %local_output_22_addr" [conv.cpp:80]   --->   Operation 769 'load' 'local_output_22_load' <Predicate = (!icmp_ln60)> <Delay = 3.25> <CoreInst = "RAM">   --->   Core 82 'RAM' <Latency = 1> <II = 1> <Delay = 3.25> <Storage> <Opcode : 'load' 'store'> <Ports = 2> <Width = 32> <Depth = 55> <RAM>
ST_78 : Operation 770 [2/2] (3.25ns)   --->   "%local_output_23_load = load i6 %local_output_23_addr" [conv.cpp:80]   --->   Operation 770 'load' 'local_output_23_load' <Predicate = (!icmp_ln60)> <Delay = 3.25> <CoreInst = "RAM">   --->   Core 82 'RAM' <Latency = 1> <II = 1> <Delay = 3.25> <Storage> <Opcode : 'load' 'store'> <Ports = 2> <Width = 32> <Depth = 55> <RAM>
ST_78 : Operation 771 [2/2] (3.25ns)   --->   "%local_output_24_load = load i6 %local_output_24_addr" [conv.cpp:80]   --->   Operation 771 'load' 'local_output_24_load' <Predicate = (!icmp_ln60)> <Delay = 3.25> <CoreInst = "RAM">   --->   Core 82 'RAM' <Latency = 1> <II = 1> <Delay = 3.25> <Storage> <Opcode : 'load' 'store'> <Ports = 2> <Width = 32> <Depth = 55> <RAM>
ST_78 : Operation 772 [2/2] (3.25ns)   --->   "%local_output_25_load = load i6 %local_output_25_addr" [conv.cpp:80]   --->   Operation 772 'load' 'local_output_25_load' <Predicate = (!icmp_ln60)> <Delay = 3.25> <CoreInst = "RAM">   --->   Core 82 'RAM' <Latency = 1> <II = 1> <Delay = 3.25> <Storage> <Opcode : 'load' 'store'> <Ports = 2> <Width = 32> <Depth = 55> <RAM>
ST_78 : Operation 773 [2/2] (3.25ns)   --->   "%local_output_26_load = load i6 %local_output_26_addr" [conv.cpp:80]   --->   Operation 773 'load' 'local_output_26_load' <Predicate = (!icmp_ln60)> <Delay = 3.25> <CoreInst = "RAM">   --->   Core 82 'RAM' <Latency = 1> <II = 1> <Delay = 3.25> <Storage> <Opcode : 'load' 'store'> <Ports = 2> <Width = 32> <Depth = 55> <RAM>
ST_78 : Operation 774 [2/2] (3.25ns)   --->   "%local_output_27_load = load i6 %local_output_27_addr" [conv.cpp:80]   --->   Operation 774 'load' 'local_output_27_load' <Predicate = (!icmp_ln60)> <Delay = 3.25> <CoreInst = "RAM">   --->   Core 82 'RAM' <Latency = 1> <II = 1> <Delay = 3.25> <Storage> <Opcode : 'load' 'store'> <Ports = 2> <Width = 32> <Depth = 55> <RAM>
ST_78 : Operation 775 [2/2] (3.25ns)   --->   "%local_output_28_load = load i6 %local_output_28_addr" [conv.cpp:80]   --->   Operation 775 'load' 'local_output_28_load' <Predicate = (!icmp_ln60)> <Delay = 3.25> <CoreInst = "RAM">   --->   Core 82 'RAM' <Latency = 1> <II = 1> <Delay = 3.25> <Storage> <Opcode : 'load' 'store'> <Ports = 2> <Width = 32> <Depth = 55> <RAM>
ST_78 : Operation 776 [2/2] (3.25ns)   --->   "%local_output_29_load = load i6 %local_output_29_addr" [conv.cpp:80]   --->   Operation 776 'load' 'local_output_29_load' <Predicate = (!icmp_ln60)> <Delay = 3.25> <CoreInst = "RAM">   --->   Core 82 'RAM' <Latency = 1> <II = 1> <Delay = 3.25> <Storage> <Opcode : 'load' 'store'> <Ports = 2> <Width = 32> <Depth = 55> <RAM>
ST_78 : Operation 777 [2/2] (3.25ns)   --->   "%local_output_30_load = load i6 %local_output_30_addr" [conv.cpp:80]   --->   Operation 777 'load' 'local_output_30_load' <Predicate = (!icmp_ln60)> <Delay = 3.25> <CoreInst = "RAM">   --->   Core 82 'RAM' <Latency = 1> <II = 1> <Delay = 3.25> <Storage> <Opcode : 'load' 'store'> <Ports = 2> <Width = 32> <Depth = 55> <RAM>
ST_78 : Operation 778 [2/2] (3.25ns)   --->   "%local_output_31_load = load i6 %local_output_31_addr" [conv.cpp:80]   --->   Operation 778 'load' 'local_output_31_load' <Predicate = (!icmp_ln60)> <Delay = 3.25> <CoreInst = "RAM">   --->   Core 82 'RAM' <Latency = 1> <II = 1> <Delay = 3.25> <Storage> <Opcode : 'load' 'store'> <Ports = 2> <Width = 32> <Depth = 55> <RAM>
ST_78 : Operation 779 [2/2] (3.25ns)   --->   "%local_output_32_load = load i6 %local_output_32_addr" [conv.cpp:80]   --->   Operation 779 'load' 'local_output_32_load' <Predicate = (!icmp_ln60)> <Delay = 3.25> <CoreInst = "RAM">   --->   Core 82 'RAM' <Latency = 1> <II = 1> <Delay = 3.25> <Storage> <Opcode : 'load' 'store'> <Ports = 2> <Width = 32> <Depth = 55> <RAM>
ST_78 : Operation 780 [2/2] (3.25ns)   --->   "%local_output_33_load = load i6 %local_output_33_addr" [conv.cpp:80]   --->   Operation 780 'load' 'local_output_33_load' <Predicate = (!icmp_ln60)> <Delay = 3.25> <CoreInst = "RAM">   --->   Core 82 'RAM' <Latency = 1> <II = 1> <Delay = 3.25> <Storage> <Opcode : 'load' 'store'> <Ports = 2> <Width = 32> <Depth = 55> <RAM>
ST_78 : Operation 781 [2/2] (3.25ns)   --->   "%local_output_34_load = load i6 %local_output_34_addr" [conv.cpp:80]   --->   Operation 781 'load' 'local_output_34_load' <Predicate = (!icmp_ln60)> <Delay = 3.25> <CoreInst = "RAM">   --->   Core 82 'RAM' <Latency = 1> <II = 1> <Delay = 3.25> <Storage> <Opcode : 'load' 'store'> <Ports = 2> <Width = 32> <Depth = 55> <RAM>
ST_78 : Operation 782 [2/2] (3.25ns)   --->   "%local_output_35_load = load i6 %local_output_35_addr" [conv.cpp:80]   --->   Operation 782 'load' 'local_output_35_load' <Predicate = (!icmp_ln60)> <Delay = 3.25> <CoreInst = "RAM">   --->   Core 82 'RAM' <Latency = 1> <II = 1> <Delay = 3.25> <Storage> <Opcode : 'load' 'store'> <Ports = 2> <Width = 32> <Depth = 55> <RAM>
ST_78 : Operation 783 [2/2] (3.25ns)   --->   "%local_output_36_load = load i6 %local_output_36_addr" [conv.cpp:80]   --->   Operation 783 'load' 'local_output_36_load' <Predicate = (!icmp_ln60)> <Delay = 3.25> <CoreInst = "RAM">   --->   Core 82 'RAM' <Latency = 1> <II = 1> <Delay = 3.25> <Storage> <Opcode : 'load' 'store'> <Ports = 2> <Width = 32> <Depth = 55> <RAM>
ST_78 : Operation 784 [2/2] (3.25ns)   --->   "%local_output_37_load = load i6 %local_output_37_addr" [conv.cpp:80]   --->   Operation 784 'load' 'local_output_37_load' <Predicate = (!icmp_ln60)> <Delay = 3.25> <CoreInst = "RAM">   --->   Core 82 'RAM' <Latency = 1> <II = 1> <Delay = 3.25> <Storage> <Opcode : 'load' 'store'> <Ports = 2> <Width = 32> <Depth = 55> <RAM>
ST_78 : Operation 785 [2/2] (3.25ns)   --->   "%local_output_38_load = load i6 %local_output_38_addr" [conv.cpp:80]   --->   Operation 785 'load' 'local_output_38_load' <Predicate = (!icmp_ln60)> <Delay = 3.25> <CoreInst = "RAM">   --->   Core 82 'RAM' <Latency = 1> <II = 1> <Delay = 3.25> <Storage> <Opcode : 'load' 'store'> <Ports = 2> <Width = 32> <Depth = 55> <RAM>
ST_78 : Operation 786 [2/2] (3.25ns)   --->   "%local_output_39_load = load i6 %local_output_39_addr" [conv.cpp:80]   --->   Operation 786 'load' 'local_output_39_load' <Predicate = (!icmp_ln60)> <Delay = 3.25> <CoreInst = "RAM">   --->   Core 82 'RAM' <Latency = 1> <II = 1> <Delay = 3.25> <Storage> <Opcode : 'load' 'store'> <Ports = 2> <Width = 32> <Depth = 55> <RAM>
ST_78 : Operation 787 [2/2] (3.25ns)   --->   "%local_output_40_load = load i6 %local_output_40_addr" [conv.cpp:80]   --->   Operation 787 'load' 'local_output_40_load' <Predicate = (!icmp_ln60)> <Delay = 3.25> <CoreInst = "RAM">   --->   Core 82 'RAM' <Latency = 1> <II = 1> <Delay = 3.25> <Storage> <Opcode : 'load' 'store'> <Ports = 2> <Width = 32> <Depth = 55> <RAM>
ST_78 : Operation 788 [2/2] (3.25ns)   --->   "%local_output_41_load = load i6 %local_output_41_addr" [conv.cpp:80]   --->   Operation 788 'load' 'local_output_41_load' <Predicate = (!icmp_ln60)> <Delay = 3.25> <CoreInst = "RAM">   --->   Core 82 'RAM' <Latency = 1> <II = 1> <Delay = 3.25> <Storage> <Opcode : 'load' 'store'> <Ports = 2> <Width = 32> <Depth = 55> <RAM>
ST_78 : Operation 789 [2/2] (3.25ns)   --->   "%local_output_42_load = load i6 %local_output_42_addr" [conv.cpp:80]   --->   Operation 789 'load' 'local_output_42_load' <Predicate = (!icmp_ln60)> <Delay = 3.25> <CoreInst = "RAM">   --->   Core 82 'RAM' <Latency = 1> <II = 1> <Delay = 3.25> <Storage> <Opcode : 'load' 'store'> <Ports = 2> <Width = 32> <Depth = 55> <RAM>
ST_78 : Operation 790 [2/2] (3.25ns)   --->   "%local_output_43_load = load i6 %local_output_43_addr" [conv.cpp:80]   --->   Operation 790 'load' 'local_output_43_load' <Predicate = (!icmp_ln60)> <Delay = 3.25> <CoreInst = "RAM">   --->   Core 82 'RAM' <Latency = 1> <II = 1> <Delay = 3.25> <Storage> <Opcode : 'load' 'store'> <Ports = 2> <Width = 32> <Depth = 55> <RAM>
ST_78 : Operation 791 [2/2] (3.25ns)   --->   "%local_output_44_load = load i6 %local_output_44_addr" [conv.cpp:80]   --->   Operation 791 'load' 'local_output_44_load' <Predicate = (!icmp_ln60)> <Delay = 3.25> <CoreInst = "RAM">   --->   Core 82 'RAM' <Latency = 1> <II = 1> <Delay = 3.25> <Storage> <Opcode : 'load' 'store'> <Ports = 2> <Width = 32> <Depth = 55> <RAM>
ST_78 : Operation 792 [2/2] (3.25ns)   --->   "%local_output_45_load = load i6 %local_output_45_addr" [conv.cpp:80]   --->   Operation 792 'load' 'local_output_45_load' <Predicate = (!icmp_ln60)> <Delay = 3.25> <CoreInst = "RAM">   --->   Core 82 'RAM' <Latency = 1> <II = 1> <Delay = 3.25> <Storage> <Opcode : 'load' 'store'> <Ports = 2> <Width = 32> <Depth = 55> <RAM>
ST_78 : Operation 793 [2/2] (3.25ns)   --->   "%local_output_46_load = load i6 %local_output_46_addr" [conv.cpp:80]   --->   Operation 793 'load' 'local_output_46_load' <Predicate = (!icmp_ln60)> <Delay = 3.25> <CoreInst = "RAM">   --->   Core 82 'RAM' <Latency = 1> <II = 1> <Delay = 3.25> <Storage> <Opcode : 'load' 'store'> <Ports = 2> <Width = 32> <Depth = 55> <RAM>
ST_78 : Operation 794 [2/2] (3.25ns)   --->   "%local_output_47_load = load i6 %local_output_47_addr" [conv.cpp:80]   --->   Operation 794 'load' 'local_output_47_load' <Predicate = (!icmp_ln60)> <Delay = 3.25> <CoreInst = "RAM">   --->   Core 82 'RAM' <Latency = 1> <II = 1> <Delay = 3.25> <Storage> <Opcode : 'load' 'store'> <Ports = 2> <Width = 32> <Depth = 55> <RAM>
ST_78 : Operation 795 [2/2] (3.25ns)   --->   "%local_output_48_load = load i6 %local_output_48_addr" [conv.cpp:80]   --->   Operation 795 'load' 'local_output_48_load' <Predicate = (!icmp_ln60)> <Delay = 3.25> <CoreInst = "RAM">   --->   Core 82 'RAM' <Latency = 1> <II = 1> <Delay = 3.25> <Storage> <Opcode : 'load' 'store'> <Ports = 2> <Width = 32> <Depth = 55> <RAM>
ST_78 : Operation 796 [2/2] (3.25ns)   --->   "%local_output_49_load = load i6 %local_output_49_addr" [conv.cpp:80]   --->   Operation 796 'load' 'local_output_49_load' <Predicate = (!icmp_ln60)> <Delay = 3.25> <CoreInst = "RAM">   --->   Core 82 'RAM' <Latency = 1> <II = 1> <Delay = 3.25> <Storage> <Opcode : 'load' 'store'> <Ports = 2> <Width = 32> <Depth = 55> <RAM>
ST_78 : Operation 797 [2/2] (3.25ns)   --->   "%local_output_50_load = load i6 %local_output_50_addr" [conv.cpp:80]   --->   Operation 797 'load' 'local_output_50_load' <Predicate = (!icmp_ln60)> <Delay = 3.25> <CoreInst = "RAM">   --->   Core 82 'RAM' <Latency = 1> <II = 1> <Delay = 3.25> <Storage> <Opcode : 'load' 'store'> <Ports = 2> <Width = 32> <Depth = 55> <RAM>
ST_78 : Operation 798 [2/2] (3.25ns)   --->   "%local_output_51_load = load i6 %local_output_51_addr" [conv.cpp:80]   --->   Operation 798 'load' 'local_output_51_load' <Predicate = (!icmp_ln60)> <Delay = 3.25> <CoreInst = "RAM">   --->   Core 82 'RAM' <Latency = 1> <II = 1> <Delay = 3.25> <Storage> <Opcode : 'load' 'store'> <Ports = 2> <Width = 32> <Depth = 55> <RAM>
ST_78 : Operation 799 [2/2] (3.25ns)   --->   "%local_output_52_load = load i6 %local_output_52_addr" [conv.cpp:80]   --->   Operation 799 'load' 'local_output_52_load' <Predicate = (!icmp_ln60)> <Delay = 3.25> <CoreInst = "RAM">   --->   Core 82 'RAM' <Latency = 1> <II = 1> <Delay = 3.25> <Storage> <Opcode : 'load' 'store'> <Ports = 2> <Width = 32> <Depth = 55> <RAM>
ST_78 : Operation 800 [2/2] (3.25ns)   --->   "%local_output_53_load = load i6 %local_output_53_addr" [conv.cpp:80]   --->   Operation 800 'load' 'local_output_53_load' <Predicate = (!icmp_ln60)> <Delay = 3.25> <CoreInst = "RAM">   --->   Core 82 'RAM' <Latency = 1> <II = 1> <Delay = 3.25> <Storage> <Opcode : 'load' 'store'> <Ports = 2> <Width = 32> <Depth = 55> <RAM>
ST_78 : Operation 801 [2/2] (3.25ns)   --->   "%local_output_54_load = load i6 %local_output_54_addr" [conv.cpp:80]   --->   Operation 801 'load' 'local_output_54_load' <Predicate = (!icmp_ln60)> <Delay = 3.25> <CoreInst = "RAM">   --->   Core 82 'RAM' <Latency = 1> <II = 1> <Delay = 3.25> <Storage> <Opcode : 'load' 'store'> <Ports = 2> <Width = 32> <Depth = 55> <RAM>
ST_78 : Operation 802 [1/1] (0.00ns)   --->   "%br_ln38 = br void %VITIS_LOOP_41_5" [conv.cpp:38]   --->   Operation 802 'br' 'br_ln38' <Predicate = (icmp_ln60)> <Delay = 0.00>

State 79 <SV = 78> <Delay = 3.25>
ST_79 : Operation 803 [1/1] (0.00ns)   --->   "%specloopname_ln60 = specloopname void @_ssdm_op_SpecLoopName, void @empty_17" [conv.cpp:60]   --->   Operation 803 'specloopname' 'specloopname_ln60' <Predicate = true> <Delay = 0.00>
ST_79 : Operation 804 [1/1] (0.00ns)   --->   "%tmp_6 = bitconcatenate i8 @_ssdm_op_BitConcatenate.i8.i6.i2, i6 %out_r, i2 0" [conv.cpp:60]   --->   Operation 804 'bitconcatenate' 'tmp_6' <Predicate = true> <Delay = 0.00>
ST_79 : Operation 805 [1/2] (3.25ns)   --->   "%local_output_load = load i6 %local_output_addr" [conv.cpp:80]   --->   Operation 805 'load' 'local_output_load' <Predicate = true> <Delay = 3.25> <CoreInst = "RAM">   --->   Core 82 'RAM' <Latency = 1> <II = 1> <Delay = 3.25> <Storage> <Opcode : 'load' 'store'> <Ports = 2> <Width = 32> <Depth = 55> <RAM>
ST_79 : Operation 806 [1/2] (3.25ns)   --->   "%local_output_1_load = load i6 %local_output_1_addr" [conv.cpp:80]   --->   Operation 806 'load' 'local_output_1_load' <Predicate = true> <Delay = 3.25> <CoreInst = "RAM">   --->   Core 82 'RAM' <Latency = 1> <II = 1> <Delay = 3.25> <Storage> <Opcode : 'load' 'store'> <Ports = 2> <Width = 32> <Depth = 55> <RAM>
ST_79 : Operation 807 [1/2] (3.25ns)   --->   "%local_output_2_load = load i6 %local_output_2_addr" [conv.cpp:80]   --->   Operation 807 'load' 'local_output_2_load' <Predicate = true> <Delay = 3.25> <CoreInst = "RAM">   --->   Core 82 'RAM' <Latency = 1> <II = 1> <Delay = 3.25> <Storage> <Opcode : 'load' 'store'> <Ports = 2> <Width = 32> <Depth = 55> <RAM>
ST_79 : Operation 808 [1/2] (3.25ns)   --->   "%local_output_3_load = load i6 %local_output_3_addr" [conv.cpp:80]   --->   Operation 808 'load' 'local_output_3_load' <Predicate = true> <Delay = 3.25> <CoreInst = "RAM">   --->   Core 82 'RAM' <Latency = 1> <II = 1> <Delay = 3.25> <Storage> <Opcode : 'load' 'store'> <Ports = 2> <Width = 32> <Depth = 55> <RAM>
ST_79 : Operation 809 [1/2] (3.25ns)   --->   "%local_output_4_load = load i6 %local_output_4_addr" [conv.cpp:80]   --->   Operation 809 'load' 'local_output_4_load' <Predicate = true> <Delay = 3.25> <CoreInst = "RAM">   --->   Core 82 'RAM' <Latency = 1> <II = 1> <Delay = 3.25> <Storage> <Opcode : 'load' 'store'> <Ports = 2> <Width = 32> <Depth = 55> <RAM>
ST_79 : Operation 810 [1/2] (3.25ns)   --->   "%local_output_5_load = load i6 %local_output_5_addr" [conv.cpp:80]   --->   Operation 810 'load' 'local_output_5_load' <Predicate = true> <Delay = 3.25> <CoreInst = "RAM">   --->   Core 82 'RAM' <Latency = 1> <II = 1> <Delay = 3.25> <Storage> <Opcode : 'load' 'store'> <Ports = 2> <Width = 32> <Depth = 55> <RAM>
ST_79 : Operation 811 [1/2] (3.25ns)   --->   "%local_output_6_load = load i6 %local_output_6_addr" [conv.cpp:80]   --->   Operation 811 'load' 'local_output_6_load' <Predicate = true> <Delay = 3.25> <CoreInst = "RAM">   --->   Core 82 'RAM' <Latency = 1> <II = 1> <Delay = 3.25> <Storage> <Opcode : 'load' 'store'> <Ports = 2> <Width = 32> <Depth = 55> <RAM>
ST_79 : Operation 812 [1/2] (3.25ns)   --->   "%local_output_7_load = load i6 %local_output_7_addr" [conv.cpp:80]   --->   Operation 812 'load' 'local_output_7_load' <Predicate = true> <Delay = 3.25> <CoreInst = "RAM">   --->   Core 82 'RAM' <Latency = 1> <II = 1> <Delay = 3.25> <Storage> <Opcode : 'load' 'store'> <Ports = 2> <Width = 32> <Depth = 55> <RAM>
ST_79 : Operation 813 [1/2] (3.25ns)   --->   "%local_output_8_load = load i6 %local_output_8_addr" [conv.cpp:80]   --->   Operation 813 'load' 'local_output_8_load' <Predicate = true> <Delay = 3.25> <CoreInst = "RAM">   --->   Core 82 'RAM' <Latency = 1> <II = 1> <Delay = 3.25> <Storage> <Opcode : 'load' 'store'> <Ports = 2> <Width = 32> <Depth = 55> <RAM>
ST_79 : Operation 814 [1/2] (3.25ns)   --->   "%local_output_9_load = load i6 %local_output_9_addr" [conv.cpp:80]   --->   Operation 814 'load' 'local_output_9_load' <Predicate = true> <Delay = 3.25> <CoreInst = "RAM">   --->   Core 82 'RAM' <Latency = 1> <II = 1> <Delay = 3.25> <Storage> <Opcode : 'load' 'store'> <Ports = 2> <Width = 32> <Depth = 55> <RAM>
ST_79 : Operation 815 [1/2] (3.25ns)   --->   "%local_output_10_load = load i6 %local_output_10_addr" [conv.cpp:80]   --->   Operation 815 'load' 'local_output_10_load' <Predicate = true> <Delay = 3.25> <CoreInst = "RAM">   --->   Core 82 'RAM' <Latency = 1> <II = 1> <Delay = 3.25> <Storage> <Opcode : 'load' 'store'> <Ports = 2> <Width = 32> <Depth = 55> <RAM>
ST_79 : Operation 816 [1/2] (3.25ns)   --->   "%local_output_11_load = load i6 %local_output_11_addr" [conv.cpp:80]   --->   Operation 816 'load' 'local_output_11_load' <Predicate = true> <Delay = 3.25> <CoreInst = "RAM">   --->   Core 82 'RAM' <Latency = 1> <II = 1> <Delay = 3.25> <Storage> <Opcode : 'load' 'store'> <Ports = 2> <Width = 32> <Depth = 55> <RAM>
ST_79 : Operation 817 [1/2] (3.25ns)   --->   "%local_output_12_load = load i6 %local_output_12_addr" [conv.cpp:80]   --->   Operation 817 'load' 'local_output_12_load' <Predicate = true> <Delay = 3.25> <CoreInst = "RAM">   --->   Core 82 'RAM' <Latency = 1> <II = 1> <Delay = 3.25> <Storage> <Opcode : 'load' 'store'> <Ports = 2> <Width = 32> <Depth = 55> <RAM>
ST_79 : Operation 818 [1/2] (3.25ns)   --->   "%local_output_13_load = load i6 %local_output_13_addr" [conv.cpp:80]   --->   Operation 818 'load' 'local_output_13_load' <Predicate = true> <Delay = 3.25> <CoreInst = "RAM">   --->   Core 82 'RAM' <Latency = 1> <II = 1> <Delay = 3.25> <Storage> <Opcode : 'load' 'store'> <Ports = 2> <Width = 32> <Depth = 55> <RAM>
ST_79 : Operation 819 [1/2] (3.25ns)   --->   "%local_output_14_load = load i6 %local_output_14_addr" [conv.cpp:80]   --->   Operation 819 'load' 'local_output_14_load' <Predicate = true> <Delay = 3.25> <CoreInst = "RAM">   --->   Core 82 'RAM' <Latency = 1> <II = 1> <Delay = 3.25> <Storage> <Opcode : 'load' 'store'> <Ports = 2> <Width = 32> <Depth = 55> <RAM>
ST_79 : Operation 820 [1/2] (3.25ns)   --->   "%local_output_15_load = load i6 %local_output_15_addr" [conv.cpp:80]   --->   Operation 820 'load' 'local_output_15_load' <Predicate = true> <Delay = 3.25> <CoreInst = "RAM">   --->   Core 82 'RAM' <Latency = 1> <II = 1> <Delay = 3.25> <Storage> <Opcode : 'load' 'store'> <Ports = 2> <Width = 32> <Depth = 55> <RAM>
ST_79 : Operation 821 [1/2] (3.25ns)   --->   "%local_output_16_load = load i6 %local_output_16_addr" [conv.cpp:80]   --->   Operation 821 'load' 'local_output_16_load' <Predicate = true> <Delay = 3.25> <CoreInst = "RAM">   --->   Core 82 'RAM' <Latency = 1> <II = 1> <Delay = 3.25> <Storage> <Opcode : 'load' 'store'> <Ports = 2> <Width = 32> <Depth = 55> <RAM>
ST_79 : Operation 822 [1/2] (3.25ns)   --->   "%local_output_17_load = load i6 %local_output_17_addr" [conv.cpp:80]   --->   Operation 822 'load' 'local_output_17_load' <Predicate = true> <Delay = 3.25> <CoreInst = "RAM">   --->   Core 82 'RAM' <Latency = 1> <II = 1> <Delay = 3.25> <Storage> <Opcode : 'load' 'store'> <Ports = 2> <Width = 32> <Depth = 55> <RAM>
ST_79 : Operation 823 [1/2] (3.25ns)   --->   "%local_output_18_load = load i6 %local_output_18_addr" [conv.cpp:80]   --->   Operation 823 'load' 'local_output_18_load' <Predicate = true> <Delay = 3.25> <CoreInst = "RAM">   --->   Core 82 'RAM' <Latency = 1> <II = 1> <Delay = 3.25> <Storage> <Opcode : 'load' 'store'> <Ports = 2> <Width = 32> <Depth = 55> <RAM>
ST_79 : Operation 824 [1/2] (3.25ns)   --->   "%local_output_19_load = load i6 %local_output_19_addr" [conv.cpp:80]   --->   Operation 824 'load' 'local_output_19_load' <Predicate = true> <Delay = 3.25> <CoreInst = "RAM">   --->   Core 82 'RAM' <Latency = 1> <II = 1> <Delay = 3.25> <Storage> <Opcode : 'load' 'store'> <Ports = 2> <Width = 32> <Depth = 55> <RAM>
ST_79 : Operation 825 [1/2] (3.25ns)   --->   "%local_output_20_load = load i6 %local_output_20_addr" [conv.cpp:80]   --->   Operation 825 'load' 'local_output_20_load' <Predicate = true> <Delay = 3.25> <CoreInst = "RAM">   --->   Core 82 'RAM' <Latency = 1> <II = 1> <Delay = 3.25> <Storage> <Opcode : 'load' 'store'> <Ports = 2> <Width = 32> <Depth = 55> <RAM>
ST_79 : Operation 826 [1/2] (3.25ns)   --->   "%local_output_21_load = load i6 %local_output_21_addr" [conv.cpp:80]   --->   Operation 826 'load' 'local_output_21_load' <Predicate = true> <Delay = 3.25> <CoreInst = "RAM">   --->   Core 82 'RAM' <Latency = 1> <II = 1> <Delay = 3.25> <Storage> <Opcode : 'load' 'store'> <Ports = 2> <Width = 32> <Depth = 55> <RAM>
ST_79 : Operation 827 [1/2] (3.25ns)   --->   "%local_output_22_load = load i6 %local_output_22_addr" [conv.cpp:80]   --->   Operation 827 'load' 'local_output_22_load' <Predicate = true> <Delay = 3.25> <CoreInst = "RAM">   --->   Core 82 'RAM' <Latency = 1> <II = 1> <Delay = 3.25> <Storage> <Opcode : 'load' 'store'> <Ports = 2> <Width = 32> <Depth = 55> <RAM>
ST_79 : Operation 828 [1/2] (3.25ns)   --->   "%local_output_23_load = load i6 %local_output_23_addr" [conv.cpp:80]   --->   Operation 828 'load' 'local_output_23_load' <Predicate = true> <Delay = 3.25> <CoreInst = "RAM">   --->   Core 82 'RAM' <Latency = 1> <II = 1> <Delay = 3.25> <Storage> <Opcode : 'load' 'store'> <Ports = 2> <Width = 32> <Depth = 55> <RAM>
ST_79 : Operation 829 [1/2] (3.25ns)   --->   "%local_output_24_load = load i6 %local_output_24_addr" [conv.cpp:80]   --->   Operation 829 'load' 'local_output_24_load' <Predicate = true> <Delay = 3.25> <CoreInst = "RAM">   --->   Core 82 'RAM' <Latency = 1> <II = 1> <Delay = 3.25> <Storage> <Opcode : 'load' 'store'> <Ports = 2> <Width = 32> <Depth = 55> <RAM>
ST_79 : Operation 830 [1/2] (3.25ns)   --->   "%local_output_25_load = load i6 %local_output_25_addr" [conv.cpp:80]   --->   Operation 830 'load' 'local_output_25_load' <Predicate = true> <Delay = 3.25> <CoreInst = "RAM">   --->   Core 82 'RAM' <Latency = 1> <II = 1> <Delay = 3.25> <Storage> <Opcode : 'load' 'store'> <Ports = 2> <Width = 32> <Depth = 55> <RAM>
ST_79 : Operation 831 [1/2] (3.25ns)   --->   "%local_output_26_load = load i6 %local_output_26_addr" [conv.cpp:80]   --->   Operation 831 'load' 'local_output_26_load' <Predicate = true> <Delay = 3.25> <CoreInst = "RAM">   --->   Core 82 'RAM' <Latency = 1> <II = 1> <Delay = 3.25> <Storage> <Opcode : 'load' 'store'> <Ports = 2> <Width = 32> <Depth = 55> <RAM>
ST_79 : Operation 832 [1/2] (3.25ns)   --->   "%local_output_27_load = load i6 %local_output_27_addr" [conv.cpp:80]   --->   Operation 832 'load' 'local_output_27_load' <Predicate = true> <Delay = 3.25> <CoreInst = "RAM">   --->   Core 82 'RAM' <Latency = 1> <II = 1> <Delay = 3.25> <Storage> <Opcode : 'load' 'store'> <Ports = 2> <Width = 32> <Depth = 55> <RAM>
ST_79 : Operation 833 [1/2] (3.25ns)   --->   "%local_output_28_load = load i6 %local_output_28_addr" [conv.cpp:80]   --->   Operation 833 'load' 'local_output_28_load' <Predicate = true> <Delay = 3.25> <CoreInst = "RAM">   --->   Core 82 'RAM' <Latency = 1> <II = 1> <Delay = 3.25> <Storage> <Opcode : 'load' 'store'> <Ports = 2> <Width = 32> <Depth = 55> <RAM>
ST_79 : Operation 834 [1/2] (3.25ns)   --->   "%local_output_29_load = load i6 %local_output_29_addr" [conv.cpp:80]   --->   Operation 834 'load' 'local_output_29_load' <Predicate = true> <Delay = 3.25> <CoreInst = "RAM">   --->   Core 82 'RAM' <Latency = 1> <II = 1> <Delay = 3.25> <Storage> <Opcode : 'load' 'store'> <Ports = 2> <Width = 32> <Depth = 55> <RAM>
ST_79 : Operation 835 [1/2] (3.25ns)   --->   "%local_output_30_load = load i6 %local_output_30_addr" [conv.cpp:80]   --->   Operation 835 'load' 'local_output_30_load' <Predicate = true> <Delay = 3.25> <CoreInst = "RAM">   --->   Core 82 'RAM' <Latency = 1> <II = 1> <Delay = 3.25> <Storage> <Opcode : 'load' 'store'> <Ports = 2> <Width = 32> <Depth = 55> <RAM>
ST_79 : Operation 836 [1/2] (3.25ns)   --->   "%local_output_31_load = load i6 %local_output_31_addr" [conv.cpp:80]   --->   Operation 836 'load' 'local_output_31_load' <Predicate = true> <Delay = 3.25> <CoreInst = "RAM">   --->   Core 82 'RAM' <Latency = 1> <II = 1> <Delay = 3.25> <Storage> <Opcode : 'load' 'store'> <Ports = 2> <Width = 32> <Depth = 55> <RAM>
ST_79 : Operation 837 [1/2] (3.25ns)   --->   "%local_output_32_load = load i6 %local_output_32_addr" [conv.cpp:80]   --->   Operation 837 'load' 'local_output_32_load' <Predicate = true> <Delay = 3.25> <CoreInst = "RAM">   --->   Core 82 'RAM' <Latency = 1> <II = 1> <Delay = 3.25> <Storage> <Opcode : 'load' 'store'> <Ports = 2> <Width = 32> <Depth = 55> <RAM>
ST_79 : Operation 838 [1/2] (3.25ns)   --->   "%local_output_33_load = load i6 %local_output_33_addr" [conv.cpp:80]   --->   Operation 838 'load' 'local_output_33_load' <Predicate = true> <Delay = 3.25> <CoreInst = "RAM">   --->   Core 82 'RAM' <Latency = 1> <II = 1> <Delay = 3.25> <Storage> <Opcode : 'load' 'store'> <Ports = 2> <Width = 32> <Depth = 55> <RAM>
ST_79 : Operation 839 [1/2] (3.25ns)   --->   "%local_output_34_load = load i6 %local_output_34_addr" [conv.cpp:80]   --->   Operation 839 'load' 'local_output_34_load' <Predicate = true> <Delay = 3.25> <CoreInst = "RAM">   --->   Core 82 'RAM' <Latency = 1> <II = 1> <Delay = 3.25> <Storage> <Opcode : 'load' 'store'> <Ports = 2> <Width = 32> <Depth = 55> <RAM>
ST_79 : Operation 840 [1/2] (3.25ns)   --->   "%local_output_35_load = load i6 %local_output_35_addr" [conv.cpp:80]   --->   Operation 840 'load' 'local_output_35_load' <Predicate = true> <Delay = 3.25> <CoreInst = "RAM">   --->   Core 82 'RAM' <Latency = 1> <II = 1> <Delay = 3.25> <Storage> <Opcode : 'load' 'store'> <Ports = 2> <Width = 32> <Depth = 55> <RAM>
ST_79 : Operation 841 [1/2] (3.25ns)   --->   "%local_output_36_load = load i6 %local_output_36_addr" [conv.cpp:80]   --->   Operation 841 'load' 'local_output_36_load' <Predicate = true> <Delay = 3.25> <CoreInst = "RAM">   --->   Core 82 'RAM' <Latency = 1> <II = 1> <Delay = 3.25> <Storage> <Opcode : 'load' 'store'> <Ports = 2> <Width = 32> <Depth = 55> <RAM>
ST_79 : Operation 842 [1/2] (3.25ns)   --->   "%local_output_37_load = load i6 %local_output_37_addr" [conv.cpp:80]   --->   Operation 842 'load' 'local_output_37_load' <Predicate = true> <Delay = 3.25> <CoreInst = "RAM">   --->   Core 82 'RAM' <Latency = 1> <II = 1> <Delay = 3.25> <Storage> <Opcode : 'load' 'store'> <Ports = 2> <Width = 32> <Depth = 55> <RAM>
ST_79 : Operation 843 [1/2] (3.25ns)   --->   "%local_output_38_load = load i6 %local_output_38_addr" [conv.cpp:80]   --->   Operation 843 'load' 'local_output_38_load' <Predicate = true> <Delay = 3.25> <CoreInst = "RAM">   --->   Core 82 'RAM' <Latency = 1> <II = 1> <Delay = 3.25> <Storage> <Opcode : 'load' 'store'> <Ports = 2> <Width = 32> <Depth = 55> <RAM>
ST_79 : Operation 844 [1/2] (3.25ns)   --->   "%local_output_39_load = load i6 %local_output_39_addr" [conv.cpp:80]   --->   Operation 844 'load' 'local_output_39_load' <Predicate = true> <Delay = 3.25> <CoreInst = "RAM">   --->   Core 82 'RAM' <Latency = 1> <II = 1> <Delay = 3.25> <Storage> <Opcode : 'load' 'store'> <Ports = 2> <Width = 32> <Depth = 55> <RAM>
ST_79 : Operation 845 [1/2] (3.25ns)   --->   "%local_output_40_load = load i6 %local_output_40_addr" [conv.cpp:80]   --->   Operation 845 'load' 'local_output_40_load' <Predicate = true> <Delay = 3.25> <CoreInst = "RAM">   --->   Core 82 'RAM' <Latency = 1> <II = 1> <Delay = 3.25> <Storage> <Opcode : 'load' 'store'> <Ports = 2> <Width = 32> <Depth = 55> <RAM>
ST_79 : Operation 846 [1/2] (3.25ns)   --->   "%local_output_41_load = load i6 %local_output_41_addr" [conv.cpp:80]   --->   Operation 846 'load' 'local_output_41_load' <Predicate = true> <Delay = 3.25> <CoreInst = "RAM">   --->   Core 82 'RAM' <Latency = 1> <II = 1> <Delay = 3.25> <Storage> <Opcode : 'load' 'store'> <Ports = 2> <Width = 32> <Depth = 55> <RAM>
ST_79 : Operation 847 [1/2] (3.25ns)   --->   "%local_output_42_load = load i6 %local_output_42_addr" [conv.cpp:80]   --->   Operation 847 'load' 'local_output_42_load' <Predicate = true> <Delay = 3.25> <CoreInst = "RAM">   --->   Core 82 'RAM' <Latency = 1> <II = 1> <Delay = 3.25> <Storage> <Opcode : 'load' 'store'> <Ports = 2> <Width = 32> <Depth = 55> <RAM>
ST_79 : Operation 848 [1/2] (3.25ns)   --->   "%local_output_43_load = load i6 %local_output_43_addr" [conv.cpp:80]   --->   Operation 848 'load' 'local_output_43_load' <Predicate = true> <Delay = 3.25> <CoreInst = "RAM">   --->   Core 82 'RAM' <Latency = 1> <II = 1> <Delay = 3.25> <Storage> <Opcode : 'load' 'store'> <Ports = 2> <Width = 32> <Depth = 55> <RAM>
ST_79 : Operation 849 [1/2] (3.25ns)   --->   "%local_output_44_load = load i6 %local_output_44_addr" [conv.cpp:80]   --->   Operation 849 'load' 'local_output_44_load' <Predicate = true> <Delay = 3.25> <CoreInst = "RAM">   --->   Core 82 'RAM' <Latency = 1> <II = 1> <Delay = 3.25> <Storage> <Opcode : 'load' 'store'> <Ports = 2> <Width = 32> <Depth = 55> <RAM>
ST_79 : Operation 850 [1/2] (3.25ns)   --->   "%local_output_45_load = load i6 %local_output_45_addr" [conv.cpp:80]   --->   Operation 850 'load' 'local_output_45_load' <Predicate = true> <Delay = 3.25> <CoreInst = "RAM">   --->   Core 82 'RAM' <Latency = 1> <II = 1> <Delay = 3.25> <Storage> <Opcode : 'load' 'store'> <Ports = 2> <Width = 32> <Depth = 55> <RAM>
ST_79 : Operation 851 [1/2] (3.25ns)   --->   "%local_output_46_load = load i6 %local_output_46_addr" [conv.cpp:80]   --->   Operation 851 'load' 'local_output_46_load' <Predicate = true> <Delay = 3.25> <CoreInst = "RAM">   --->   Core 82 'RAM' <Latency = 1> <II = 1> <Delay = 3.25> <Storage> <Opcode : 'load' 'store'> <Ports = 2> <Width = 32> <Depth = 55> <RAM>
ST_79 : Operation 852 [1/2] (3.25ns)   --->   "%local_output_47_load = load i6 %local_output_47_addr" [conv.cpp:80]   --->   Operation 852 'load' 'local_output_47_load' <Predicate = true> <Delay = 3.25> <CoreInst = "RAM">   --->   Core 82 'RAM' <Latency = 1> <II = 1> <Delay = 3.25> <Storage> <Opcode : 'load' 'store'> <Ports = 2> <Width = 32> <Depth = 55> <RAM>
ST_79 : Operation 853 [1/2] (3.25ns)   --->   "%local_output_48_load = load i6 %local_output_48_addr" [conv.cpp:80]   --->   Operation 853 'load' 'local_output_48_load' <Predicate = true> <Delay = 3.25> <CoreInst = "RAM">   --->   Core 82 'RAM' <Latency = 1> <II = 1> <Delay = 3.25> <Storage> <Opcode : 'load' 'store'> <Ports = 2> <Width = 32> <Depth = 55> <RAM>
ST_79 : Operation 854 [1/2] (3.25ns)   --->   "%local_output_49_load = load i6 %local_output_49_addr" [conv.cpp:80]   --->   Operation 854 'load' 'local_output_49_load' <Predicate = true> <Delay = 3.25> <CoreInst = "RAM">   --->   Core 82 'RAM' <Latency = 1> <II = 1> <Delay = 3.25> <Storage> <Opcode : 'load' 'store'> <Ports = 2> <Width = 32> <Depth = 55> <RAM>
ST_79 : Operation 855 [1/2] (3.25ns)   --->   "%local_output_50_load = load i6 %local_output_50_addr" [conv.cpp:80]   --->   Operation 855 'load' 'local_output_50_load' <Predicate = true> <Delay = 3.25> <CoreInst = "RAM">   --->   Core 82 'RAM' <Latency = 1> <II = 1> <Delay = 3.25> <Storage> <Opcode : 'load' 'store'> <Ports = 2> <Width = 32> <Depth = 55> <RAM>
ST_79 : Operation 856 [1/2] (3.25ns)   --->   "%local_output_51_load = load i6 %local_output_51_addr" [conv.cpp:80]   --->   Operation 856 'load' 'local_output_51_load' <Predicate = true> <Delay = 3.25> <CoreInst = "RAM">   --->   Core 82 'RAM' <Latency = 1> <II = 1> <Delay = 3.25> <Storage> <Opcode : 'load' 'store'> <Ports = 2> <Width = 32> <Depth = 55> <RAM>
ST_79 : Operation 857 [1/2] (3.25ns)   --->   "%local_output_52_load = load i6 %local_output_52_addr" [conv.cpp:80]   --->   Operation 857 'load' 'local_output_52_load' <Predicate = true> <Delay = 3.25> <CoreInst = "RAM">   --->   Core 82 'RAM' <Latency = 1> <II = 1> <Delay = 3.25> <Storage> <Opcode : 'load' 'store'> <Ports = 2> <Width = 32> <Depth = 55> <RAM>
ST_79 : Operation 858 [1/2] (3.25ns)   --->   "%local_output_53_load = load i6 %local_output_53_addr" [conv.cpp:80]   --->   Operation 858 'load' 'local_output_53_load' <Predicate = true> <Delay = 3.25> <CoreInst = "RAM">   --->   Core 82 'RAM' <Latency = 1> <II = 1> <Delay = 3.25> <Storage> <Opcode : 'load' 'store'> <Ports = 2> <Width = 32> <Depth = 55> <RAM>
ST_79 : Operation 859 [1/2] (3.25ns)   --->   "%local_output_54_load = load i6 %local_output_54_addr" [conv.cpp:80]   --->   Operation 859 'load' 'local_output_54_load' <Predicate = true> <Delay = 3.25> <CoreInst = "RAM">   --->   Core 82 'RAM' <Latency = 1> <II = 1> <Delay = 3.25> <Storage> <Opcode : 'load' 'store'> <Ports = 2> <Width = 32> <Depth = 55> <RAM>
ST_79 : Operation 860 [1/1] (1.58ns)   --->   "%br_ln62 = br void %VITIS_LOOP_66_11" [conv.cpp:62]   --->   Operation 860 'br' 'br_ln62' <Predicate = true> <Delay = 1.58>

State 80 <SV = 79> <Delay = 4.74>
ST_80 : Operation 861 [1/1] (0.00ns)   --->   "%add105_lcssa_lcssa307 = phi i32 %add105_lcssa_lcssa306, void %arrayidx834.exit, i32 %local_output_54_load, void %VITIS_LOOP_62_10.split" [conv.cpp:80]   --->   Operation 861 'phi' 'add105_lcssa_lcssa307' <Predicate = true> <Delay = 0.00>
ST_80 : Operation 862 [1/1] (0.00ns)   --->   "%add105_lcssa_lcssa305 = phi i32 %add105_lcssa_lcssa304, void %arrayidx834.exit, i32 %local_output_53_load, void %VITIS_LOOP_62_10.split" [conv.cpp:80]   --->   Operation 862 'phi' 'add105_lcssa_lcssa305' <Predicate = true> <Delay = 0.00>
ST_80 : Operation 863 [1/1] (0.00ns)   --->   "%add105_lcssa_lcssa303 = phi i32 %add105_lcssa_lcssa302, void %arrayidx834.exit, i32 %local_output_52_load, void %VITIS_LOOP_62_10.split" [conv.cpp:80]   --->   Operation 863 'phi' 'add105_lcssa_lcssa303' <Predicate = true> <Delay = 0.00>
ST_80 : Operation 864 [1/1] (0.00ns)   --->   "%add105_lcssa_lcssa301 = phi i32 %add105_lcssa_lcssa300, void %arrayidx834.exit, i32 %local_output_51_load, void %VITIS_LOOP_62_10.split" [conv.cpp:80]   --->   Operation 864 'phi' 'add105_lcssa_lcssa301' <Predicate = true> <Delay = 0.00>
ST_80 : Operation 865 [1/1] (0.00ns)   --->   "%add105_lcssa_lcssa299 = phi i32 %add105_lcssa_lcssa298, void %arrayidx834.exit, i32 %local_output_50_load, void %VITIS_LOOP_62_10.split" [conv.cpp:80]   --->   Operation 865 'phi' 'add105_lcssa_lcssa299' <Predicate = true> <Delay = 0.00>
ST_80 : Operation 866 [1/1] (0.00ns)   --->   "%add105_lcssa_lcssa297 = phi i32 %add105_lcssa_lcssa296, void %arrayidx834.exit, i32 %local_output_49_load, void %VITIS_LOOP_62_10.split" [conv.cpp:80]   --->   Operation 866 'phi' 'add105_lcssa_lcssa297' <Predicate = true> <Delay = 0.00>
ST_80 : Operation 867 [1/1] (0.00ns)   --->   "%add105_lcssa_lcssa295 = phi i32 %add105_lcssa_lcssa294, void %arrayidx834.exit, i32 %local_output_48_load, void %VITIS_LOOP_62_10.split" [conv.cpp:80]   --->   Operation 867 'phi' 'add105_lcssa_lcssa295' <Predicate = true> <Delay = 0.00>
ST_80 : Operation 868 [1/1] (0.00ns)   --->   "%add105_lcssa_lcssa293 = phi i32 %add105_lcssa_lcssa292, void %arrayidx834.exit, i32 %local_output_47_load, void %VITIS_LOOP_62_10.split" [conv.cpp:80]   --->   Operation 868 'phi' 'add105_lcssa_lcssa293' <Predicate = true> <Delay = 0.00>
ST_80 : Operation 869 [1/1] (0.00ns)   --->   "%add105_lcssa_lcssa291 = phi i32 %add105_lcssa_lcssa290, void %arrayidx834.exit, i32 %local_output_46_load, void %VITIS_LOOP_62_10.split" [conv.cpp:80]   --->   Operation 869 'phi' 'add105_lcssa_lcssa291' <Predicate = true> <Delay = 0.00>
ST_80 : Operation 870 [1/1] (0.00ns)   --->   "%add105_lcssa_lcssa289 = phi i32 %add105_lcssa_lcssa288, void %arrayidx834.exit, i32 %local_output_45_load, void %VITIS_LOOP_62_10.split" [conv.cpp:80]   --->   Operation 870 'phi' 'add105_lcssa_lcssa289' <Predicate = true> <Delay = 0.00>
ST_80 : Operation 871 [1/1] (0.00ns)   --->   "%add105_lcssa_lcssa287 = phi i32 %add105_lcssa_lcssa286, void %arrayidx834.exit, i32 %local_output_44_load, void %VITIS_LOOP_62_10.split" [conv.cpp:80]   --->   Operation 871 'phi' 'add105_lcssa_lcssa287' <Predicate = true> <Delay = 0.00>
ST_80 : Operation 872 [1/1] (0.00ns)   --->   "%add105_lcssa_lcssa285 = phi i32 %add105_lcssa_lcssa284, void %arrayidx834.exit, i32 %local_output_43_load, void %VITIS_LOOP_62_10.split" [conv.cpp:80]   --->   Operation 872 'phi' 'add105_lcssa_lcssa285' <Predicate = true> <Delay = 0.00>
ST_80 : Operation 873 [1/1] (0.00ns)   --->   "%add105_lcssa_lcssa283 = phi i32 %add105_lcssa_lcssa282, void %arrayidx834.exit, i32 %local_output_42_load, void %VITIS_LOOP_62_10.split" [conv.cpp:80]   --->   Operation 873 'phi' 'add105_lcssa_lcssa283' <Predicate = true> <Delay = 0.00>
ST_80 : Operation 874 [1/1] (0.00ns)   --->   "%add105_lcssa_lcssa281 = phi i32 %add105_lcssa_lcssa280, void %arrayidx834.exit, i32 %local_output_41_load, void %VITIS_LOOP_62_10.split" [conv.cpp:80]   --->   Operation 874 'phi' 'add105_lcssa_lcssa281' <Predicate = true> <Delay = 0.00>
ST_80 : Operation 875 [1/1] (0.00ns)   --->   "%add105_lcssa_lcssa279 = phi i32 %add105_lcssa_lcssa278, void %arrayidx834.exit, i32 %local_output_40_load, void %VITIS_LOOP_62_10.split" [conv.cpp:80]   --->   Operation 875 'phi' 'add105_lcssa_lcssa279' <Predicate = true> <Delay = 0.00>
ST_80 : Operation 876 [1/1] (0.00ns)   --->   "%add105_lcssa_lcssa277 = phi i32 %add105_lcssa_lcssa276, void %arrayidx834.exit, i32 %local_output_39_load, void %VITIS_LOOP_62_10.split" [conv.cpp:80]   --->   Operation 876 'phi' 'add105_lcssa_lcssa277' <Predicate = true> <Delay = 0.00>
ST_80 : Operation 877 [1/1] (0.00ns)   --->   "%add105_lcssa_lcssa275 = phi i32 %add105_lcssa_lcssa274, void %arrayidx834.exit, i32 %local_output_38_load, void %VITIS_LOOP_62_10.split" [conv.cpp:80]   --->   Operation 877 'phi' 'add105_lcssa_lcssa275' <Predicate = true> <Delay = 0.00>
ST_80 : Operation 878 [1/1] (0.00ns)   --->   "%add105_lcssa_lcssa273 = phi i32 %add105_lcssa_lcssa272, void %arrayidx834.exit, i32 %local_output_37_load, void %VITIS_LOOP_62_10.split" [conv.cpp:80]   --->   Operation 878 'phi' 'add105_lcssa_lcssa273' <Predicate = true> <Delay = 0.00>
ST_80 : Operation 879 [1/1] (0.00ns)   --->   "%add105_lcssa_lcssa271 = phi i32 %add105_lcssa_lcssa270, void %arrayidx834.exit, i32 %local_output_36_load, void %VITIS_LOOP_62_10.split" [conv.cpp:80]   --->   Operation 879 'phi' 'add105_lcssa_lcssa271' <Predicate = true> <Delay = 0.00>
ST_80 : Operation 880 [1/1] (0.00ns)   --->   "%add105_lcssa_lcssa269 = phi i32 %add105_lcssa_lcssa268, void %arrayidx834.exit, i32 %local_output_35_load, void %VITIS_LOOP_62_10.split" [conv.cpp:80]   --->   Operation 880 'phi' 'add105_lcssa_lcssa269' <Predicate = true> <Delay = 0.00>
ST_80 : Operation 881 [1/1] (0.00ns)   --->   "%add105_lcssa_lcssa267 = phi i32 %add105_lcssa_lcssa266, void %arrayidx834.exit, i32 %local_output_34_load, void %VITIS_LOOP_62_10.split" [conv.cpp:80]   --->   Operation 881 'phi' 'add105_lcssa_lcssa267' <Predicate = true> <Delay = 0.00>
ST_80 : Operation 882 [1/1] (0.00ns)   --->   "%add105_lcssa_lcssa265 = phi i32 %add105_lcssa_lcssa264, void %arrayidx834.exit, i32 %local_output_33_load, void %VITIS_LOOP_62_10.split" [conv.cpp:80]   --->   Operation 882 'phi' 'add105_lcssa_lcssa265' <Predicate = true> <Delay = 0.00>
ST_80 : Operation 883 [1/1] (0.00ns)   --->   "%add105_lcssa_lcssa263 = phi i32 %add105_lcssa_lcssa262, void %arrayidx834.exit, i32 %local_output_32_load, void %VITIS_LOOP_62_10.split" [conv.cpp:80]   --->   Operation 883 'phi' 'add105_lcssa_lcssa263' <Predicate = true> <Delay = 0.00>
ST_80 : Operation 884 [1/1] (0.00ns)   --->   "%add105_lcssa_lcssa261 = phi i32 %add105_lcssa_lcssa260, void %arrayidx834.exit, i32 %local_output_31_load, void %VITIS_LOOP_62_10.split" [conv.cpp:80]   --->   Operation 884 'phi' 'add105_lcssa_lcssa261' <Predicate = true> <Delay = 0.00>
ST_80 : Operation 885 [1/1] (0.00ns)   --->   "%add105_lcssa_lcssa259 = phi i32 %add105_lcssa_lcssa258, void %arrayidx834.exit, i32 %local_output_30_load, void %VITIS_LOOP_62_10.split" [conv.cpp:80]   --->   Operation 885 'phi' 'add105_lcssa_lcssa259' <Predicate = true> <Delay = 0.00>
ST_80 : Operation 886 [1/1] (0.00ns)   --->   "%add105_lcssa_lcssa257 = phi i32 %add105_lcssa_lcssa256, void %arrayidx834.exit, i32 %local_output_29_load, void %VITIS_LOOP_62_10.split" [conv.cpp:80]   --->   Operation 886 'phi' 'add105_lcssa_lcssa257' <Predicate = true> <Delay = 0.00>
ST_80 : Operation 887 [1/1] (0.00ns)   --->   "%add105_lcssa_lcssa255 = phi i32 %add105_lcssa_lcssa254, void %arrayidx834.exit, i32 %local_output_28_load, void %VITIS_LOOP_62_10.split" [conv.cpp:80]   --->   Operation 887 'phi' 'add105_lcssa_lcssa255' <Predicate = true> <Delay = 0.00>
ST_80 : Operation 888 [1/1] (0.00ns)   --->   "%add105_lcssa_lcssa253 = phi i32 %add105_lcssa_lcssa252, void %arrayidx834.exit, i32 %local_output_27_load, void %VITIS_LOOP_62_10.split" [conv.cpp:80]   --->   Operation 888 'phi' 'add105_lcssa_lcssa253' <Predicate = true> <Delay = 0.00>
ST_80 : Operation 889 [1/1] (0.00ns)   --->   "%add105_lcssa_lcssa251 = phi i32 %add105_lcssa_lcssa250, void %arrayidx834.exit, i32 %local_output_26_load, void %VITIS_LOOP_62_10.split" [conv.cpp:80]   --->   Operation 889 'phi' 'add105_lcssa_lcssa251' <Predicate = true> <Delay = 0.00>
ST_80 : Operation 890 [1/1] (0.00ns)   --->   "%add105_lcssa_lcssa249 = phi i32 %add105_lcssa_lcssa248, void %arrayidx834.exit, i32 %local_output_25_load, void %VITIS_LOOP_62_10.split" [conv.cpp:80]   --->   Operation 890 'phi' 'add105_lcssa_lcssa249' <Predicate = true> <Delay = 0.00>
ST_80 : Operation 891 [1/1] (0.00ns)   --->   "%add105_lcssa_lcssa247 = phi i32 %add105_lcssa_lcssa246, void %arrayidx834.exit, i32 %local_output_24_load, void %VITIS_LOOP_62_10.split" [conv.cpp:80]   --->   Operation 891 'phi' 'add105_lcssa_lcssa247' <Predicate = true> <Delay = 0.00>
ST_80 : Operation 892 [1/1] (0.00ns)   --->   "%add105_lcssa_lcssa245 = phi i32 %add105_lcssa_lcssa244, void %arrayidx834.exit, i32 %local_output_23_load, void %VITIS_LOOP_62_10.split" [conv.cpp:80]   --->   Operation 892 'phi' 'add105_lcssa_lcssa245' <Predicate = true> <Delay = 0.00>
ST_80 : Operation 893 [1/1] (0.00ns)   --->   "%add105_lcssa_lcssa243 = phi i32 %add105_lcssa_lcssa242, void %arrayidx834.exit, i32 %local_output_22_load, void %VITIS_LOOP_62_10.split" [conv.cpp:80]   --->   Operation 893 'phi' 'add105_lcssa_lcssa243' <Predicate = true> <Delay = 0.00>
ST_80 : Operation 894 [1/1] (0.00ns)   --->   "%add105_lcssa_lcssa241 = phi i32 %add105_lcssa_lcssa240, void %arrayidx834.exit, i32 %local_output_21_load, void %VITIS_LOOP_62_10.split" [conv.cpp:80]   --->   Operation 894 'phi' 'add105_lcssa_lcssa241' <Predicate = true> <Delay = 0.00>
ST_80 : Operation 895 [1/1] (0.00ns)   --->   "%add105_lcssa_lcssa239 = phi i32 %add105_lcssa_lcssa238, void %arrayidx834.exit, i32 %local_output_20_load, void %VITIS_LOOP_62_10.split" [conv.cpp:80]   --->   Operation 895 'phi' 'add105_lcssa_lcssa239' <Predicate = true> <Delay = 0.00>
ST_80 : Operation 896 [1/1] (0.00ns)   --->   "%add105_lcssa_lcssa237 = phi i32 %add105_lcssa_lcssa236, void %arrayidx834.exit, i32 %local_output_19_load, void %VITIS_LOOP_62_10.split" [conv.cpp:80]   --->   Operation 896 'phi' 'add105_lcssa_lcssa237' <Predicate = true> <Delay = 0.00>
ST_80 : Operation 897 [1/1] (0.00ns)   --->   "%add105_lcssa_lcssa235 = phi i32 %add105_lcssa_lcssa234, void %arrayidx834.exit, i32 %local_output_18_load, void %VITIS_LOOP_62_10.split" [conv.cpp:80]   --->   Operation 897 'phi' 'add105_lcssa_lcssa235' <Predicate = true> <Delay = 0.00>
ST_80 : Operation 898 [1/1] (0.00ns)   --->   "%add105_lcssa_lcssa233 = phi i32 %add105_lcssa_lcssa232, void %arrayidx834.exit, i32 %local_output_17_load, void %VITIS_LOOP_62_10.split" [conv.cpp:80]   --->   Operation 898 'phi' 'add105_lcssa_lcssa233' <Predicate = true> <Delay = 0.00>
ST_80 : Operation 899 [1/1] (0.00ns)   --->   "%add105_lcssa_lcssa231 = phi i32 %add105_lcssa_lcssa230, void %arrayidx834.exit, i32 %local_output_16_load, void %VITIS_LOOP_62_10.split" [conv.cpp:80]   --->   Operation 899 'phi' 'add105_lcssa_lcssa231' <Predicate = true> <Delay = 0.00>
ST_80 : Operation 900 [1/1] (0.00ns)   --->   "%add105_lcssa_lcssa229 = phi i32 %add105_lcssa_lcssa228, void %arrayidx834.exit, i32 %local_output_15_load, void %VITIS_LOOP_62_10.split" [conv.cpp:80]   --->   Operation 900 'phi' 'add105_lcssa_lcssa229' <Predicate = true> <Delay = 0.00>
ST_80 : Operation 901 [1/1] (0.00ns)   --->   "%add105_lcssa_lcssa227 = phi i32 %add105_lcssa_lcssa226, void %arrayidx834.exit, i32 %local_output_14_load, void %VITIS_LOOP_62_10.split" [conv.cpp:80]   --->   Operation 901 'phi' 'add105_lcssa_lcssa227' <Predicate = true> <Delay = 0.00>
ST_80 : Operation 902 [1/1] (0.00ns)   --->   "%add105_lcssa_lcssa225 = phi i32 %add105_lcssa_lcssa224, void %arrayidx834.exit, i32 %local_output_13_load, void %VITIS_LOOP_62_10.split" [conv.cpp:80]   --->   Operation 902 'phi' 'add105_lcssa_lcssa225' <Predicate = true> <Delay = 0.00>
ST_80 : Operation 903 [1/1] (0.00ns)   --->   "%add105_lcssa_lcssa223 = phi i32 %add105_lcssa_lcssa222, void %arrayidx834.exit, i32 %local_output_12_load, void %VITIS_LOOP_62_10.split" [conv.cpp:80]   --->   Operation 903 'phi' 'add105_lcssa_lcssa223' <Predicate = true> <Delay = 0.00>
ST_80 : Operation 904 [1/1] (0.00ns)   --->   "%add105_lcssa_lcssa221 = phi i32 %add105_lcssa_lcssa220, void %arrayidx834.exit, i32 %local_output_11_load, void %VITIS_LOOP_62_10.split" [conv.cpp:80]   --->   Operation 904 'phi' 'add105_lcssa_lcssa221' <Predicate = true> <Delay = 0.00>
ST_80 : Operation 905 [1/1] (0.00ns)   --->   "%add105_lcssa_lcssa219 = phi i32 %add105_lcssa_lcssa218, void %arrayidx834.exit, i32 %local_output_10_load, void %VITIS_LOOP_62_10.split" [conv.cpp:80]   --->   Operation 905 'phi' 'add105_lcssa_lcssa219' <Predicate = true> <Delay = 0.00>
ST_80 : Operation 906 [1/1] (0.00ns)   --->   "%add105_lcssa_lcssa217 = phi i32 %add105_lcssa_lcssa216, void %arrayidx834.exit, i32 %local_output_9_load, void %VITIS_LOOP_62_10.split" [conv.cpp:80]   --->   Operation 906 'phi' 'add105_lcssa_lcssa217' <Predicate = true> <Delay = 0.00>
ST_80 : Operation 907 [1/1] (0.00ns)   --->   "%add105_lcssa_lcssa215 = phi i32 %add105_lcssa_lcssa214, void %arrayidx834.exit, i32 %local_output_8_load, void %VITIS_LOOP_62_10.split" [conv.cpp:80]   --->   Operation 907 'phi' 'add105_lcssa_lcssa215' <Predicate = true> <Delay = 0.00>
ST_80 : Operation 908 [1/1] (0.00ns)   --->   "%add105_lcssa_lcssa213 = phi i32 %add105_lcssa_lcssa212, void %arrayidx834.exit, i32 %local_output_7_load, void %VITIS_LOOP_62_10.split" [conv.cpp:80]   --->   Operation 908 'phi' 'add105_lcssa_lcssa213' <Predicate = true> <Delay = 0.00>
ST_80 : Operation 909 [1/1] (0.00ns)   --->   "%add105_lcssa_lcssa211 = phi i32 %add105_lcssa_lcssa210, void %arrayidx834.exit, i32 %local_output_6_load, void %VITIS_LOOP_62_10.split" [conv.cpp:80]   --->   Operation 909 'phi' 'add105_lcssa_lcssa211' <Predicate = true> <Delay = 0.00>
ST_80 : Operation 910 [1/1] (0.00ns)   --->   "%add105_lcssa_lcssa209 = phi i32 %add105_lcssa_lcssa208, void %arrayidx834.exit, i32 %local_output_5_load, void %VITIS_LOOP_62_10.split" [conv.cpp:80]   --->   Operation 910 'phi' 'add105_lcssa_lcssa209' <Predicate = true> <Delay = 0.00>
ST_80 : Operation 911 [1/1] (0.00ns)   --->   "%add105_lcssa_lcssa207 = phi i32 %add105_lcssa_lcssa206, void %arrayidx834.exit, i32 %local_output_4_load, void %VITIS_LOOP_62_10.split" [conv.cpp:80]   --->   Operation 911 'phi' 'add105_lcssa_lcssa207' <Predicate = true> <Delay = 0.00>
ST_80 : Operation 912 [1/1] (0.00ns)   --->   "%add105_lcssa_lcssa205 = phi i32 %add105_lcssa_lcssa204, void %arrayidx834.exit, i32 %local_output_3_load, void %VITIS_LOOP_62_10.split" [conv.cpp:80]   --->   Operation 912 'phi' 'add105_lcssa_lcssa205' <Predicate = true> <Delay = 0.00>
ST_80 : Operation 913 [1/1] (0.00ns)   --->   "%add105_lcssa_lcssa203 = phi i32 %add105_lcssa_lcssa202, void %arrayidx834.exit, i32 %local_output_2_load, void %VITIS_LOOP_62_10.split" [conv.cpp:80]   --->   Operation 913 'phi' 'add105_lcssa_lcssa203' <Predicate = true> <Delay = 0.00>
ST_80 : Operation 914 [1/1] (0.00ns)   --->   "%add105_lcssa_lcssa201 = phi i32 %add105_lcssa_lcssa200, void %arrayidx834.exit, i32 %local_output_1_load, void %VITIS_LOOP_62_10.split" [conv.cpp:80]   --->   Operation 914 'phi' 'add105_lcssa_lcssa201' <Predicate = true> <Delay = 0.00>
ST_80 : Operation 915 [1/1] (0.00ns)   --->   "%add105_lcssa_lcssa199 = phi i32 %add105_lcssa_lcssa198, void %arrayidx834.exit, i32 %local_output_load, void %VITIS_LOOP_62_10.split" [conv.cpp:80]   --->   Operation 915 'phi' 'add105_lcssa_lcssa199' <Predicate = true> <Delay = 0.00>
ST_80 : Operation 916 [1/1] (0.00ns)   --->   "%out_c = phi i6 %add_ln62, void %arrayidx834.exit, i6 0, void %VITIS_LOOP_62_10.split" [conv.cpp:64]   --->   Operation 916 'phi' 'out_c' <Predicate = true> <Delay = 0.00>
ST_80 : Operation 917 [1/1] (1.42ns)   --->   "%icmp_ln62 = icmp_eq  i6 %out_c, i6 55" [conv.cpp:62]   --->   Operation 917 'icmp' 'icmp_ln62' <Predicate = true> <Delay = 1.42> <CoreInst = "Cmp">   --->   Core 9 'Cmp' <Latency = 0> <II = 1> <Delay = 1.42> <FuncUnit> <Opcode : 'icmp'> <InPorts = 2> <OutPorts = 1>
ST_80 : Operation 918 [1/1] (0.00ns)   --->   "%empty_42 = speclooptripcount i32 @_ssdm_op_SpecLoopTripCount, i64 55, i64 55, i64 55"   --->   Operation 918 'speclooptripcount' 'empty_42' <Predicate = true> <Delay = 0.00>
ST_80 : Operation 919 [1/1] (1.82ns)   --->   "%add_ln62 = add i6 %out_c, i6 1" [conv.cpp:62]   --->   Operation 919 'add' 'add_ln62' <Predicate = true> <Delay = 1.82> <CoreInst = "Adder">   --->   Core 1 'Adder' <Latency = 0> <II = 1> <Delay = 1.82> <FuncUnit> <Opcode : 'add' 'sub'> <InPorts = 2> <OutPorts = 1>
ST_80 : Operation 920 [1/1] (0.00ns)   --->   "%br_ln62 = br i1 %icmp_ln62, void %VITIS_LOOP_66_11.split, void %for.inc119" [conv.cpp:62]   --->   Operation 920 'br' 'br_ln62' <Predicate = true> <Delay = 0.00>
ST_80 : Operation 921 [1/1] (3.16ns)   --->   "%sum = mux i32 @_ssdm_op_Mux.ap_auto.55f32.i6, i32 %add105_lcssa_lcssa199, i32 %add105_lcssa_lcssa201, i32 %add105_lcssa_lcssa203, i32 %add105_lcssa_lcssa205, i32 %add105_lcssa_lcssa207, i32 %add105_lcssa_lcssa209, i32 %add105_lcssa_lcssa211, i32 %add105_lcssa_lcssa213, i32 %add105_lcssa_lcssa215, i32 %add105_lcssa_lcssa217, i32 %add105_lcssa_lcssa219, i32 %add105_lcssa_lcssa221, i32 %add105_lcssa_lcssa223, i32 %add105_lcssa_lcssa225, i32 %add105_lcssa_lcssa227, i32 %add105_lcssa_lcssa229, i32 %add105_lcssa_lcssa231, i32 %add105_lcssa_lcssa233, i32 %add105_lcssa_lcssa235, i32 %add105_lcssa_lcssa237, i32 %add105_lcssa_lcssa239, i32 %add105_lcssa_lcssa241, i32 %add105_lcssa_lcssa243, i32 %add105_lcssa_lcssa245, i32 %add105_lcssa_lcssa247, i32 %add105_lcssa_lcssa249, i32 %add105_lcssa_lcssa251, i32 %add105_lcssa_lcssa253, i32 %add105_lcssa_lcssa255, i32 %add105_lcssa_lcssa257, i32 %add105_lcssa_lcssa259, i32 %add105_lcssa_lcssa261, i32 %add105_lcssa_lcssa263, i32 %add105_lcssa_lcssa265, i32 %add105_lcssa_lcssa267, i32 %add105_lcssa_lcssa269, i32 %add105_lcssa_lcssa271, i32 %add105_lcssa_lcssa273, i32 %add105_lcssa_lcssa275, i32 %add105_lcssa_lcssa277, i32 %add105_lcssa_lcssa279, i32 %add105_lcssa_lcssa281, i32 %add105_lcssa_lcssa283, i32 %add105_lcssa_lcssa285, i32 %add105_lcssa_lcssa287, i32 %add105_lcssa_lcssa289, i32 %add105_lcssa_lcssa291, i32 %add105_lcssa_lcssa293, i32 %add105_lcssa_lcssa295, i32 %add105_lcssa_lcssa297, i32 %add105_lcssa_lcssa299, i32 %add105_lcssa_lcssa301, i32 %add105_lcssa_lcssa303, i32 %add105_lcssa_lcssa305, i32 %add105_lcssa_lcssa307, i6 %out_c" [conv.cpp:64]   --->   Operation 921 'mux' 'sum' <Predicate = (!icmp_ln62)> <Delay = 3.16> <CoreInst = "Multiplexer">   --->   Core 76 'Multiplexer' <Latency = 0> <II = 1> <Delay = 3.16> <FuncUnit> <Opcode : 'mux'> <InPorts = 2> <OutPorts = 1>
ST_80 : Operation 922 [1/1] (0.00ns)   --->   "%tmp_7 = bitconcatenate i8 @_ssdm_op_BitConcatenate.i8.i6.i2, i6 %out_c, i2 0" [conv.cpp:64]   --->   Operation 922 'bitconcatenate' 'tmp_7' <Predicate = (!icmp_ln62)> <Delay = 0.00>
ST_80 : Operation 923 [2/2] (1.58ns)   --->   "%call_ln64 = call void @Loop_VITIS_LOOP_24_1_proc1_Pipeline_VITIS_LOOP_66_11_VITIS_LOOP_68_12, i32 %sum, i8 %tmp_6, i32 %local_weights, i32 %local_weights_1, i32 %local_weights_2, i32 %local_weights_3, i32 %local_weights_4, i32 %local_weights_5, i32 %local_weights_6, i32 %local_weights_7, i32 %local_weights_8, i32 %local_weights_9, i32 %local_weights_10, i8 %tmp_7, i32 %local_input, i32 %local_input_1, i32 %local_input_2, i32 %local_input_3, i32 %local_input_4, i32 %local_input_5, i32 %local_input_6, i32 %local_input_7, i32 %local_input_8, i32 %local_input_9, i32 %local_input_10, i32 %local_input_11, i32 %local_input_12, i32 %local_input_13, i32 %local_input_14, i32 %local_input_15, i32 %local_input_16, i32 %local_input_17, i32 %local_input_18, i32 %local_input_19, i32 %local_input_20, i32 %local_input_21, i32 %local_input_22, i32 %local_input_23, i32 %local_input_24, i32 %local_input_25, i32 %local_input_26, i32 %local_input_27, i32 %local_input_28, i32 %local_input_29, i32 %local_input_30, i32 %local_input_31, i32 %local_input_32, i32 %local_input_33, i32 %local_input_34, i32 %local_input_35, i32 %local_input_36, i32 %local_input_37, i32 %local_input_38, i32 %local_input_39, i32 %local_input_40, i32 %local_input_41, i32 %local_input_42, i32 %local_input_43, i32 %local_input_44, i32 %local_input_45, i32 %local_input_46, i32 %local_input_47, i32 %local_input_48, i32 %local_input_49, i32 %local_input_50, i32 %local_input_51, i32 %local_input_52, i32 %local_input_53, i32 %local_input_54, i32 %local_input_55, i32 %local_input_56, i32 %local_input_57, i32 %local_input_58, i32 %local_input_59, i32 %local_input_60, i32 %local_input_61, i32 %local_input_62, i32 %local_input_63, i32 %local_input_64, i32 %local_input_65, i32 %local_input_66, i32 %local_input_67, i32 %local_input_68, i32 %local_input_69, i32 %local_input_70, i32 %local_input_71, i32 %local_input_72, i32 %local_input_73, i32 %local_input_74, i32 %local_input_75, i32 %local_input_76, i32 %local_input_77, i32 %local_input_78, i32 %local_input_79, i32 %local_input_80, i32 %local_input_81, i32 %local_input_82, i32 %local_input_83, i32 %local_input_84, i32 %local_input_85, i32 %local_input_86, i32 %local_input_87, i32 %local_input_88, i32 %local_input_89, i32 %local_input_90, i32 %local_input_91, i32 %local_input_92, i32 %local_input_93, i32 %local_input_94, i32 %local_input_95, i32 %local_input_96, i32 %local_input_97, i32 %local_input_98, i32 %local_input_99, i32 %local_input_100, i32 %local_input_101, i32 %local_input_102, i32 %local_input_103, i32 %local_input_104, i32 %local_input_105, i32 %local_input_106, i32 %local_input_107, i32 %local_input_108, i32 %local_input_109, i32 %local_input_110, i32 %local_input_111, i32 %local_input_112, i32 %local_input_113, i32 %local_input_114, i32 %local_input_115, i32 %local_input_116, i32 %local_input_117, i32 %local_input_118, i32 %local_input_119, i32 %local_input_120, i32 %local_input_121, i32 %local_input_122, i32 %local_input_123, i32 %local_input_124, i32 %local_input_125, i32 %local_input_126, i32 %local_input_127, i32 %local_input_128, i32 %local_input_129, i32 %local_input_130, i32 %local_input_131, i32 %local_input_132, i32 %local_input_133, i32 %local_input_134, i32 %local_input_135, i32 %local_input_136, i32 %local_input_137, i32 %local_input_138, i32 %local_input_139, i32 %local_input_140, i32 %local_input_141, i32 %local_input_142, i32 %local_input_143, i32 %local_input_144, i32 %local_input_145, i32 %local_input_146, i32 %local_input_147, i32 %local_input_148, i32 %local_input_149, i32 %local_input_150, i32 %local_input_151, i32 %local_input_152, i32 %local_input_153, i32 %local_input_154, i32 %local_input_155, i32 %local_input_156, i32 %local_input_157, i32 %local_input_158, i32 %local_input_159, i32 %local_input_160, i32 %local_input_161, i32 %local_input_162, i32 %local_input_163, i32 %local_input_164, i32 %local_input_165, i32 %local_input_166, i32 %local_input_167, i32 %local_input_168, i32 %local_input_169, i32 %local_input_170, i32 %local_input_171, i32 %local_input_172, i32 %local_input_173, i32 %local_input_174, i32 %local_input_175, i32 %local_input_176, i32 %local_input_177, i32 %local_input_178, i32 %local_input_179, i32 %local_input_180, i32 %local_input_181, i32 %local_input_182, i32 %local_input_183, i32 %local_input_184, i32 %local_input_185, i32 %local_input_186, i32 %local_input_187, i32 %local_input_188, i32 %local_input_189, i32 %local_input_190, i32 %local_input_191, i32 %local_input_192, i32 %local_input_193, i32 %local_input_194, i32 %local_input_195, i32 %local_input_196, i32 %local_input_197, i32 %local_input_198, i32 %local_input_199, i32 %sum_2_loc" [conv.cpp:64]   --->   Operation 923 'call' 'call_ln64' <Predicate = (!icmp_ln62)> <Delay = 1.58> <CoreType = "Generic">   --->   Core 0 '' <Latency = 0> <II = 1> <Delay = 1.00> <Generic> <Opcode : >
ST_80 : Operation 924 [1/1] (3.25ns)   --->   "%store_ln80 = store i32 %add105_lcssa_lcssa199, i6 %local_output_addr" [conv.cpp:80]   --->   Operation 924 'store' 'store_ln80' <Predicate = (icmp_ln62)> <Delay = 3.25> <CoreInst = "RAM">   --->   Core 82 'RAM' <Latency = 1> <II = 1> <Delay = 3.25> <Storage> <Opcode : 'load' 'store'> <Ports = 2> <Width = 32> <Depth = 55> <RAM>
ST_80 : Operation 925 [1/1] (3.25ns)   --->   "%store_ln80 = store i32 %add105_lcssa_lcssa201, i6 %local_output_1_addr" [conv.cpp:80]   --->   Operation 925 'store' 'store_ln80' <Predicate = (icmp_ln62)> <Delay = 3.25> <CoreInst = "RAM">   --->   Core 82 'RAM' <Latency = 1> <II = 1> <Delay = 3.25> <Storage> <Opcode : 'load' 'store'> <Ports = 2> <Width = 32> <Depth = 55> <RAM>
ST_80 : Operation 926 [1/1] (3.25ns)   --->   "%store_ln80 = store i32 %add105_lcssa_lcssa203, i6 %local_output_2_addr" [conv.cpp:80]   --->   Operation 926 'store' 'store_ln80' <Predicate = (icmp_ln62)> <Delay = 3.25> <CoreInst = "RAM">   --->   Core 82 'RAM' <Latency = 1> <II = 1> <Delay = 3.25> <Storage> <Opcode : 'load' 'store'> <Ports = 2> <Width = 32> <Depth = 55> <RAM>
ST_80 : Operation 927 [1/1] (3.25ns)   --->   "%store_ln80 = store i32 %add105_lcssa_lcssa205, i6 %local_output_3_addr" [conv.cpp:80]   --->   Operation 927 'store' 'store_ln80' <Predicate = (icmp_ln62)> <Delay = 3.25> <CoreInst = "RAM">   --->   Core 82 'RAM' <Latency = 1> <II = 1> <Delay = 3.25> <Storage> <Opcode : 'load' 'store'> <Ports = 2> <Width = 32> <Depth = 55> <RAM>
ST_80 : Operation 928 [1/1] (3.25ns)   --->   "%store_ln80 = store i32 %add105_lcssa_lcssa207, i6 %local_output_4_addr" [conv.cpp:80]   --->   Operation 928 'store' 'store_ln80' <Predicate = (icmp_ln62)> <Delay = 3.25> <CoreInst = "RAM">   --->   Core 82 'RAM' <Latency = 1> <II = 1> <Delay = 3.25> <Storage> <Opcode : 'load' 'store'> <Ports = 2> <Width = 32> <Depth = 55> <RAM>
ST_80 : Operation 929 [1/1] (3.25ns)   --->   "%store_ln80 = store i32 %add105_lcssa_lcssa209, i6 %local_output_5_addr" [conv.cpp:80]   --->   Operation 929 'store' 'store_ln80' <Predicate = (icmp_ln62)> <Delay = 3.25> <CoreInst = "RAM">   --->   Core 82 'RAM' <Latency = 1> <II = 1> <Delay = 3.25> <Storage> <Opcode : 'load' 'store'> <Ports = 2> <Width = 32> <Depth = 55> <RAM>
ST_80 : Operation 930 [1/1] (3.25ns)   --->   "%store_ln80 = store i32 %add105_lcssa_lcssa211, i6 %local_output_6_addr" [conv.cpp:80]   --->   Operation 930 'store' 'store_ln80' <Predicate = (icmp_ln62)> <Delay = 3.25> <CoreInst = "RAM">   --->   Core 82 'RAM' <Latency = 1> <II = 1> <Delay = 3.25> <Storage> <Opcode : 'load' 'store'> <Ports = 2> <Width = 32> <Depth = 55> <RAM>
ST_80 : Operation 931 [1/1] (3.25ns)   --->   "%store_ln80 = store i32 %add105_lcssa_lcssa213, i6 %local_output_7_addr" [conv.cpp:80]   --->   Operation 931 'store' 'store_ln80' <Predicate = (icmp_ln62)> <Delay = 3.25> <CoreInst = "RAM">   --->   Core 82 'RAM' <Latency = 1> <II = 1> <Delay = 3.25> <Storage> <Opcode : 'load' 'store'> <Ports = 2> <Width = 32> <Depth = 55> <RAM>
ST_80 : Operation 932 [1/1] (3.25ns)   --->   "%store_ln80 = store i32 %add105_lcssa_lcssa215, i6 %local_output_8_addr" [conv.cpp:80]   --->   Operation 932 'store' 'store_ln80' <Predicate = (icmp_ln62)> <Delay = 3.25> <CoreInst = "RAM">   --->   Core 82 'RAM' <Latency = 1> <II = 1> <Delay = 3.25> <Storage> <Opcode : 'load' 'store'> <Ports = 2> <Width = 32> <Depth = 55> <RAM>
ST_80 : Operation 933 [1/1] (3.25ns)   --->   "%store_ln80 = store i32 %add105_lcssa_lcssa217, i6 %local_output_9_addr" [conv.cpp:80]   --->   Operation 933 'store' 'store_ln80' <Predicate = (icmp_ln62)> <Delay = 3.25> <CoreInst = "RAM">   --->   Core 82 'RAM' <Latency = 1> <II = 1> <Delay = 3.25> <Storage> <Opcode : 'load' 'store'> <Ports = 2> <Width = 32> <Depth = 55> <RAM>
ST_80 : Operation 934 [1/1] (3.25ns)   --->   "%store_ln80 = store i32 %add105_lcssa_lcssa219, i6 %local_output_10_addr" [conv.cpp:80]   --->   Operation 934 'store' 'store_ln80' <Predicate = (icmp_ln62)> <Delay = 3.25> <CoreInst = "RAM">   --->   Core 82 'RAM' <Latency = 1> <II = 1> <Delay = 3.25> <Storage> <Opcode : 'load' 'store'> <Ports = 2> <Width = 32> <Depth = 55> <RAM>
ST_80 : Operation 935 [1/1] (3.25ns)   --->   "%store_ln80 = store i32 %add105_lcssa_lcssa221, i6 %local_output_11_addr" [conv.cpp:80]   --->   Operation 935 'store' 'store_ln80' <Predicate = (icmp_ln62)> <Delay = 3.25> <CoreInst = "RAM">   --->   Core 82 'RAM' <Latency = 1> <II = 1> <Delay = 3.25> <Storage> <Opcode : 'load' 'store'> <Ports = 2> <Width = 32> <Depth = 55> <RAM>
ST_80 : Operation 936 [1/1] (3.25ns)   --->   "%store_ln80 = store i32 %add105_lcssa_lcssa223, i6 %local_output_12_addr" [conv.cpp:80]   --->   Operation 936 'store' 'store_ln80' <Predicate = (icmp_ln62)> <Delay = 3.25> <CoreInst = "RAM">   --->   Core 82 'RAM' <Latency = 1> <II = 1> <Delay = 3.25> <Storage> <Opcode : 'load' 'store'> <Ports = 2> <Width = 32> <Depth = 55> <RAM>
ST_80 : Operation 937 [1/1] (3.25ns)   --->   "%store_ln80 = store i32 %add105_lcssa_lcssa225, i6 %local_output_13_addr" [conv.cpp:80]   --->   Operation 937 'store' 'store_ln80' <Predicate = (icmp_ln62)> <Delay = 3.25> <CoreInst = "RAM">   --->   Core 82 'RAM' <Latency = 1> <II = 1> <Delay = 3.25> <Storage> <Opcode : 'load' 'store'> <Ports = 2> <Width = 32> <Depth = 55> <RAM>
ST_80 : Operation 938 [1/1] (3.25ns)   --->   "%store_ln80 = store i32 %add105_lcssa_lcssa227, i6 %local_output_14_addr" [conv.cpp:80]   --->   Operation 938 'store' 'store_ln80' <Predicate = (icmp_ln62)> <Delay = 3.25> <CoreInst = "RAM">   --->   Core 82 'RAM' <Latency = 1> <II = 1> <Delay = 3.25> <Storage> <Opcode : 'load' 'store'> <Ports = 2> <Width = 32> <Depth = 55> <RAM>
ST_80 : Operation 939 [1/1] (3.25ns)   --->   "%store_ln80 = store i32 %add105_lcssa_lcssa229, i6 %local_output_15_addr" [conv.cpp:80]   --->   Operation 939 'store' 'store_ln80' <Predicate = (icmp_ln62)> <Delay = 3.25> <CoreInst = "RAM">   --->   Core 82 'RAM' <Latency = 1> <II = 1> <Delay = 3.25> <Storage> <Opcode : 'load' 'store'> <Ports = 2> <Width = 32> <Depth = 55> <RAM>
ST_80 : Operation 940 [1/1] (3.25ns)   --->   "%store_ln80 = store i32 %add105_lcssa_lcssa231, i6 %local_output_16_addr" [conv.cpp:80]   --->   Operation 940 'store' 'store_ln80' <Predicate = (icmp_ln62)> <Delay = 3.25> <CoreInst = "RAM">   --->   Core 82 'RAM' <Latency = 1> <II = 1> <Delay = 3.25> <Storage> <Opcode : 'load' 'store'> <Ports = 2> <Width = 32> <Depth = 55> <RAM>
ST_80 : Operation 941 [1/1] (3.25ns)   --->   "%store_ln80 = store i32 %add105_lcssa_lcssa233, i6 %local_output_17_addr" [conv.cpp:80]   --->   Operation 941 'store' 'store_ln80' <Predicate = (icmp_ln62)> <Delay = 3.25> <CoreInst = "RAM">   --->   Core 82 'RAM' <Latency = 1> <II = 1> <Delay = 3.25> <Storage> <Opcode : 'load' 'store'> <Ports = 2> <Width = 32> <Depth = 55> <RAM>
ST_80 : Operation 942 [1/1] (3.25ns)   --->   "%store_ln80 = store i32 %add105_lcssa_lcssa235, i6 %local_output_18_addr" [conv.cpp:80]   --->   Operation 942 'store' 'store_ln80' <Predicate = (icmp_ln62)> <Delay = 3.25> <CoreInst = "RAM">   --->   Core 82 'RAM' <Latency = 1> <II = 1> <Delay = 3.25> <Storage> <Opcode : 'load' 'store'> <Ports = 2> <Width = 32> <Depth = 55> <RAM>
ST_80 : Operation 943 [1/1] (3.25ns)   --->   "%store_ln80 = store i32 %add105_lcssa_lcssa237, i6 %local_output_19_addr" [conv.cpp:80]   --->   Operation 943 'store' 'store_ln80' <Predicate = (icmp_ln62)> <Delay = 3.25> <CoreInst = "RAM">   --->   Core 82 'RAM' <Latency = 1> <II = 1> <Delay = 3.25> <Storage> <Opcode : 'load' 'store'> <Ports = 2> <Width = 32> <Depth = 55> <RAM>
ST_80 : Operation 944 [1/1] (3.25ns)   --->   "%store_ln80 = store i32 %add105_lcssa_lcssa239, i6 %local_output_20_addr" [conv.cpp:80]   --->   Operation 944 'store' 'store_ln80' <Predicate = (icmp_ln62)> <Delay = 3.25> <CoreInst = "RAM">   --->   Core 82 'RAM' <Latency = 1> <II = 1> <Delay = 3.25> <Storage> <Opcode : 'load' 'store'> <Ports = 2> <Width = 32> <Depth = 55> <RAM>
ST_80 : Operation 945 [1/1] (3.25ns)   --->   "%store_ln80 = store i32 %add105_lcssa_lcssa241, i6 %local_output_21_addr" [conv.cpp:80]   --->   Operation 945 'store' 'store_ln80' <Predicate = (icmp_ln62)> <Delay = 3.25> <CoreInst = "RAM">   --->   Core 82 'RAM' <Latency = 1> <II = 1> <Delay = 3.25> <Storage> <Opcode : 'load' 'store'> <Ports = 2> <Width = 32> <Depth = 55> <RAM>
ST_80 : Operation 946 [1/1] (3.25ns)   --->   "%store_ln80 = store i32 %add105_lcssa_lcssa243, i6 %local_output_22_addr" [conv.cpp:80]   --->   Operation 946 'store' 'store_ln80' <Predicate = (icmp_ln62)> <Delay = 3.25> <CoreInst = "RAM">   --->   Core 82 'RAM' <Latency = 1> <II = 1> <Delay = 3.25> <Storage> <Opcode : 'load' 'store'> <Ports = 2> <Width = 32> <Depth = 55> <RAM>
ST_80 : Operation 947 [1/1] (3.25ns)   --->   "%store_ln80 = store i32 %add105_lcssa_lcssa245, i6 %local_output_23_addr" [conv.cpp:80]   --->   Operation 947 'store' 'store_ln80' <Predicate = (icmp_ln62)> <Delay = 3.25> <CoreInst = "RAM">   --->   Core 82 'RAM' <Latency = 1> <II = 1> <Delay = 3.25> <Storage> <Opcode : 'load' 'store'> <Ports = 2> <Width = 32> <Depth = 55> <RAM>
ST_80 : Operation 948 [1/1] (3.25ns)   --->   "%store_ln80 = store i32 %add105_lcssa_lcssa247, i6 %local_output_24_addr" [conv.cpp:80]   --->   Operation 948 'store' 'store_ln80' <Predicate = (icmp_ln62)> <Delay = 3.25> <CoreInst = "RAM">   --->   Core 82 'RAM' <Latency = 1> <II = 1> <Delay = 3.25> <Storage> <Opcode : 'load' 'store'> <Ports = 2> <Width = 32> <Depth = 55> <RAM>
ST_80 : Operation 949 [1/1] (3.25ns)   --->   "%store_ln80 = store i32 %add105_lcssa_lcssa249, i6 %local_output_25_addr" [conv.cpp:80]   --->   Operation 949 'store' 'store_ln80' <Predicate = (icmp_ln62)> <Delay = 3.25> <CoreInst = "RAM">   --->   Core 82 'RAM' <Latency = 1> <II = 1> <Delay = 3.25> <Storage> <Opcode : 'load' 'store'> <Ports = 2> <Width = 32> <Depth = 55> <RAM>
ST_80 : Operation 950 [1/1] (3.25ns)   --->   "%store_ln80 = store i32 %add105_lcssa_lcssa251, i6 %local_output_26_addr" [conv.cpp:80]   --->   Operation 950 'store' 'store_ln80' <Predicate = (icmp_ln62)> <Delay = 3.25> <CoreInst = "RAM">   --->   Core 82 'RAM' <Latency = 1> <II = 1> <Delay = 3.25> <Storage> <Opcode : 'load' 'store'> <Ports = 2> <Width = 32> <Depth = 55> <RAM>
ST_80 : Operation 951 [1/1] (3.25ns)   --->   "%store_ln80 = store i32 %add105_lcssa_lcssa253, i6 %local_output_27_addr" [conv.cpp:80]   --->   Operation 951 'store' 'store_ln80' <Predicate = (icmp_ln62)> <Delay = 3.25> <CoreInst = "RAM">   --->   Core 82 'RAM' <Latency = 1> <II = 1> <Delay = 3.25> <Storage> <Opcode : 'load' 'store'> <Ports = 2> <Width = 32> <Depth = 55> <RAM>
ST_80 : Operation 952 [1/1] (3.25ns)   --->   "%store_ln80 = store i32 %add105_lcssa_lcssa255, i6 %local_output_28_addr" [conv.cpp:80]   --->   Operation 952 'store' 'store_ln80' <Predicate = (icmp_ln62)> <Delay = 3.25> <CoreInst = "RAM">   --->   Core 82 'RAM' <Latency = 1> <II = 1> <Delay = 3.25> <Storage> <Opcode : 'load' 'store'> <Ports = 2> <Width = 32> <Depth = 55> <RAM>
ST_80 : Operation 953 [1/1] (3.25ns)   --->   "%store_ln80 = store i32 %add105_lcssa_lcssa257, i6 %local_output_29_addr" [conv.cpp:80]   --->   Operation 953 'store' 'store_ln80' <Predicate = (icmp_ln62)> <Delay = 3.25> <CoreInst = "RAM">   --->   Core 82 'RAM' <Latency = 1> <II = 1> <Delay = 3.25> <Storage> <Opcode : 'load' 'store'> <Ports = 2> <Width = 32> <Depth = 55> <RAM>
ST_80 : Operation 954 [1/1] (3.25ns)   --->   "%store_ln80 = store i32 %add105_lcssa_lcssa259, i6 %local_output_30_addr" [conv.cpp:80]   --->   Operation 954 'store' 'store_ln80' <Predicate = (icmp_ln62)> <Delay = 3.25> <CoreInst = "RAM">   --->   Core 82 'RAM' <Latency = 1> <II = 1> <Delay = 3.25> <Storage> <Opcode : 'load' 'store'> <Ports = 2> <Width = 32> <Depth = 55> <RAM>
ST_80 : Operation 955 [1/1] (3.25ns)   --->   "%store_ln80 = store i32 %add105_lcssa_lcssa261, i6 %local_output_31_addr" [conv.cpp:80]   --->   Operation 955 'store' 'store_ln80' <Predicate = (icmp_ln62)> <Delay = 3.25> <CoreInst = "RAM">   --->   Core 82 'RAM' <Latency = 1> <II = 1> <Delay = 3.25> <Storage> <Opcode : 'load' 'store'> <Ports = 2> <Width = 32> <Depth = 55> <RAM>
ST_80 : Operation 956 [1/1] (3.25ns)   --->   "%store_ln80 = store i32 %add105_lcssa_lcssa263, i6 %local_output_32_addr" [conv.cpp:80]   --->   Operation 956 'store' 'store_ln80' <Predicate = (icmp_ln62)> <Delay = 3.25> <CoreInst = "RAM">   --->   Core 82 'RAM' <Latency = 1> <II = 1> <Delay = 3.25> <Storage> <Opcode : 'load' 'store'> <Ports = 2> <Width = 32> <Depth = 55> <RAM>
ST_80 : Operation 957 [1/1] (3.25ns)   --->   "%store_ln80 = store i32 %add105_lcssa_lcssa265, i6 %local_output_33_addr" [conv.cpp:80]   --->   Operation 957 'store' 'store_ln80' <Predicate = (icmp_ln62)> <Delay = 3.25> <CoreInst = "RAM">   --->   Core 82 'RAM' <Latency = 1> <II = 1> <Delay = 3.25> <Storage> <Opcode : 'load' 'store'> <Ports = 2> <Width = 32> <Depth = 55> <RAM>
ST_80 : Operation 958 [1/1] (3.25ns)   --->   "%store_ln80 = store i32 %add105_lcssa_lcssa267, i6 %local_output_34_addr" [conv.cpp:80]   --->   Operation 958 'store' 'store_ln80' <Predicate = (icmp_ln62)> <Delay = 3.25> <CoreInst = "RAM">   --->   Core 82 'RAM' <Latency = 1> <II = 1> <Delay = 3.25> <Storage> <Opcode : 'load' 'store'> <Ports = 2> <Width = 32> <Depth = 55> <RAM>
ST_80 : Operation 959 [1/1] (3.25ns)   --->   "%store_ln80 = store i32 %add105_lcssa_lcssa269, i6 %local_output_35_addr" [conv.cpp:80]   --->   Operation 959 'store' 'store_ln80' <Predicate = (icmp_ln62)> <Delay = 3.25> <CoreInst = "RAM">   --->   Core 82 'RAM' <Latency = 1> <II = 1> <Delay = 3.25> <Storage> <Opcode : 'load' 'store'> <Ports = 2> <Width = 32> <Depth = 55> <RAM>
ST_80 : Operation 960 [1/1] (3.25ns)   --->   "%store_ln80 = store i32 %add105_lcssa_lcssa271, i6 %local_output_36_addr" [conv.cpp:80]   --->   Operation 960 'store' 'store_ln80' <Predicate = (icmp_ln62)> <Delay = 3.25> <CoreInst = "RAM">   --->   Core 82 'RAM' <Latency = 1> <II = 1> <Delay = 3.25> <Storage> <Opcode : 'load' 'store'> <Ports = 2> <Width = 32> <Depth = 55> <RAM>
ST_80 : Operation 961 [1/1] (3.25ns)   --->   "%store_ln80 = store i32 %add105_lcssa_lcssa273, i6 %local_output_37_addr" [conv.cpp:80]   --->   Operation 961 'store' 'store_ln80' <Predicate = (icmp_ln62)> <Delay = 3.25> <CoreInst = "RAM">   --->   Core 82 'RAM' <Latency = 1> <II = 1> <Delay = 3.25> <Storage> <Opcode : 'load' 'store'> <Ports = 2> <Width = 32> <Depth = 55> <RAM>
ST_80 : Operation 962 [1/1] (3.25ns)   --->   "%store_ln80 = store i32 %add105_lcssa_lcssa275, i6 %local_output_38_addr" [conv.cpp:80]   --->   Operation 962 'store' 'store_ln80' <Predicate = (icmp_ln62)> <Delay = 3.25> <CoreInst = "RAM">   --->   Core 82 'RAM' <Latency = 1> <II = 1> <Delay = 3.25> <Storage> <Opcode : 'load' 'store'> <Ports = 2> <Width = 32> <Depth = 55> <RAM>
ST_80 : Operation 963 [1/1] (3.25ns)   --->   "%store_ln80 = store i32 %add105_lcssa_lcssa277, i6 %local_output_39_addr" [conv.cpp:80]   --->   Operation 963 'store' 'store_ln80' <Predicate = (icmp_ln62)> <Delay = 3.25> <CoreInst = "RAM">   --->   Core 82 'RAM' <Latency = 1> <II = 1> <Delay = 3.25> <Storage> <Opcode : 'load' 'store'> <Ports = 2> <Width = 32> <Depth = 55> <RAM>
ST_80 : Operation 964 [1/1] (3.25ns)   --->   "%store_ln80 = store i32 %add105_lcssa_lcssa279, i6 %local_output_40_addr" [conv.cpp:80]   --->   Operation 964 'store' 'store_ln80' <Predicate = (icmp_ln62)> <Delay = 3.25> <CoreInst = "RAM">   --->   Core 82 'RAM' <Latency = 1> <II = 1> <Delay = 3.25> <Storage> <Opcode : 'load' 'store'> <Ports = 2> <Width = 32> <Depth = 55> <RAM>
ST_80 : Operation 965 [1/1] (3.25ns)   --->   "%store_ln80 = store i32 %add105_lcssa_lcssa281, i6 %local_output_41_addr" [conv.cpp:80]   --->   Operation 965 'store' 'store_ln80' <Predicate = (icmp_ln62)> <Delay = 3.25> <CoreInst = "RAM">   --->   Core 82 'RAM' <Latency = 1> <II = 1> <Delay = 3.25> <Storage> <Opcode : 'load' 'store'> <Ports = 2> <Width = 32> <Depth = 55> <RAM>
ST_80 : Operation 966 [1/1] (3.25ns)   --->   "%store_ln80 = store i32 %add105_lcssa_lcssa283, i6 %local_output_42_addr" [conv.cpp:80]   --->   Operation 966 'store' 'store_ln80' <Predicate = (icmp_ln62)> <Delay = 3.25> <CoreInst = "RAM">   --->   Core 82 'RAM' <Latency = 1> <II = 1> <Delay = 3.25> <Storage> <Opcode : 'load' 'store'> <Ports = 2> <Width = 32> <Depth = 55> <RAM>
ST_80 : Operation 967 [1/1] (3.25ns)   --->   "%store_ln80 = store i32 %add105_lcssa_lcssa285, i6 %local_output_43_addr" [conv.cpp:80]   --->   Operation 967 'store' 'store_ln80' <Predicate = (icmp_ln62)> <Delay = 3.25> <CoreInst = "RAM">   --->   Core 82 'RAM' <Latency = 1> <II = 1> <Delay = 3.25> <Storage> <Opcode : 'load' 'store'> <Ports = 2> <Width = 32> <Depth = 55> <RAM>
ST_80 : Operation 968 [1/1] (3.25ns)   --->   "%store_ln80 = store i32 %add105_lcssa_lcssa287, i6 %local_output_44_addr" [conv.cpp:80]   --->   Operation 968 'store' 'store_ln80' <Predicate = (icmp_ln62)> <Delay = 3.25> <CoreInst = "RAM">   --->   Core 82 'RAM' <Latency = 1> <II = 1> <Delay = 3.25> <Storage> <Opcode : 'load' 'store'> <Ports = 2> <Width = 32> <Depth = 55> <RAM>
ST_80 : Operation 969 [1/1] (3.25ns)   --->   "%store_ln80 = store i32 %add105_lcssa_lcssa289, i6 %local_output_45_addr" [conv.cpp:80]   --->   Operation 969 'store' 'store_ln80' <Predicate = (icmp_ln62)> <Delay = 3.25> <CoreInst = "RAM">   --->   Core 82 'RAM' <Latency = 1> <II = 1> <Delay = 3.25> <Storage> <Opcode : 'load' 'store'> <Ports = 2> <Width = 32> <Depth = 55> <RAM>
ST_80 : Operation 970 [1/1] (3.25ns)   --->   "%store_ln80 = store i32 %add105_lcssa_lcssa291, i6 %local_output_46_addr" [conv.cpp:80]   --->   Operation 970 'store' 'store_ln80' <Predicate = (icmp_ln62)> <Delay = 3.25> <CoreInst = "RAM">   --->   Core 82 'RAM' <Latency = 1> <II = 1> <Delay = 3.25> <Storage> <Opcode : 'load' 'store'> <Ports = 2> <Width = 32> <Depth = 55> <RAM>
ST_80 : Operation 971 [1/1] (3.25ns)   --->   "%store_ln80 = store i32 %add105_lcssa_lcssa293, i6 %local_output_47_addr" [conv.cpp:80]   --->   Operation 971 'store' 'store_ln80' <Predicate = (icmp_ln62)> <Delay = 3.25> <CoreInst = "RAM">   --->   Core 82 'RAM' <Latency = 1> <II = 1> <Delay = 3.25> <Storage> <Opcode : 'load' 'store'> <Ports = 2> <Width = 32> <Depth = 55> <RAM>
ST_80 : Operation 972 [1/1] (3.25ns)   --->   "%store_ln80 = store i32 %add105_lcssa_lcssa295, i6 %local_output_48_addr" [conv.cpp:80]   --->   Operation 972 'store' 'store_ln80' <Predicate = (icmp_ln62)> <Delay = 3.25> <CoreInst = "RAM">   --->   Core 82 'RAM' <Latency = 1> <II = 1> <Delay = 3.25> <Storage> <Opcode : 'load' 'store'> <Ports = 2> <Width = 32> <Depth = 55> <RAM>
ST_80 : Operation 973 [1/1] (3.25ns)   --->   "%store_ln80 = store i32 %add105_lcssa_lcssa297, i6 %local_output_49_addr" [conv.cpp:80]   --->   Operation 973 'store' 'store_ln80' <Predicate = (icmp_ln62)> <Delay = 3.25> <CoreInst = "RAM">   --->   Core 82 'RAM' <Latency = 1> <II = 1> <Delay = 3.25> <Storage> <Opcode : 'load' 'store'> <Ports = 2> <Width = 32> <Depth = 55> <RAM>
ST_80 : Operation 974 [1/1] (3.25ns)   --->   "%store_ln80 = store i32 %add105_lcssa_lcssa299, i6 %local_output_50_addr" [conv.cpp:80]   --->   Operation 974 'store' 'store_ln80' <Predicate = (icmp_ln62)> <Delay = 3.25> <CoreInst = "RAM">   --->   Core 82 'RAM' <Latency = 1> <II = 1> <Delay = 3.25> <Storage> <Opcode : 'load' 'store'> <Ports = 2> <Width = 32> <Depth = 55> <RAM>
ST_80 : Operation 975 [1/1] (3.25ns)   --->   "%store_ln80 = store i32 %add105_lcssa_lcssa301, i6 %local_output_51_addr" [conv.cpp:80]   --->   Operation 975 'store' 'store_ln80' <Predicate = (icmp_ln62)> <Delay = 3.25> <CoreInst = "RAM">   --->   Core 82 'RAM' <Latency = 1> <II = 1> <Delay = 3.25> <Storage> <Opcode : 'load' 'store'> <Ports = 2> <Width = 32> <Depth = 55> <RAM>
ST_80 : Operation 976 [1/1] (3.25ns)   --->   "%store_ln80 = store i32 %add105_lcssa_lcssa303, i6 %local_output_52_addr" [conv.cpp:80]   --->   Operation 976 'store' 'store_ln80' <Predicate = (icmp_ln62)> <Delay = 3.25> <CoreInst = "RAM">   --->   Core 82 'RAM' <Latency = 1> <II = 1> <Delay = 3.25> <Storage> <Opcode : 'load' 'store'> <Ports = 2> <Width = 32> <Depth = 55> <RAM>
ST_80 : Operation 977 [1/1] (3.25ns)   --->   "%store_ln80 = store i32 %add105_lcssa_lcssa305, i6 %local_output_53_addr" [conv.cpp:80]   --->   Operation 977 'store' 'store_ln80' <Predicate = (icmp_ln62)> <Delay = 3.25> <CoreInst = "RAM">   --->   Core 82 'RAM' <Latency = 1> <II = 1> <Delay = 3.25> <Storage> <Opcode : 'load' 'store'> <Ports = 2> <Width = 32> <Depth = 55> <RAM>
ST_80 : Operation 978 [1/1] (3.25ns)   --->   "%store_ln80 = store i32 %add105_lcssa_lcssa307, i6 %local_output_54_addr" [conv.cpp:80]   --->   Operation 978 'store' 'store_ln80' <Predicate = (icmp_ln62)> <Delay = 3.25> <CoreInst = "RAM">   --->   Core 82 'RAM' <Latency = 1> <II = 1> <Delay = 3.25> <Storage> <Opcode : 'load' 'store'> <Ports = 2> <Width = 32> <Depth = 55> <RAM>
ST_80 : Operation 979 [1/1] (0.00ns)   --->   "%br_ln60 = br void %VITIS_LOOP_62_10" [conv.cpp:60]   --->   Operation 979 'br' 'br_ln60' <Predicate = (icmp_ln62)> <Delay = 0.00>

State 81 <SV = 80> <Delay = 0.00>
ST_81 : Operation 980 [1/2] (0.00ns)   --->   "%call_ln64 = call void @Loop_VITIS_LOOP_24_1_proc1_Pipeline_VITIS_LOOP_66_11_VITIS_LOOP_68_12, i32 %sum, i8 %tmp_6, i32 %local_weights, i32 %local_weights_1, i32 %local_weights_2, i32 %local_weights_3, i32 %local_weights_4, i32 %local_weights_5, i32 %local_weights_6, i32 %local_weights_7, i32 %local_weights_8, i32 %local_weights_9, i32 %local_weights_10, i8 %tmp_7, i32 %local_input, i32 %local_input_1, i32 %local_input_2, i32 %local_input_3, i32 %local_input_4, i32 %local_input_5, i32 %local_input_6, i32 %local_input_7, i32 %local_input_8, i32 %local_input_9, i32 %local_input_10, i32 %local_input_11, i32 %local_input_12, i32 %local_input_13, i32 %local_input_14, i32 %local_input_15, i32 %local_input_16, i32 %local_input_17, i32 %local_input_18, i32 %local_input_19, i32 %local_input_20, i32 %local_input_21, i32 %local_input_22, i32 %local_input_23, i32 %local_input_24, i32 %local_input_25, i32 %local_input_26, i32 %local_input_27, i32 %local_input_28, i32 %local_input_29, i32 %local_input_30, i32 %local_input_31, i32 %local_input_32, i32 %local_input_33, i32 %local_input_34, i32 %local_input_35, i32 %local_input_36, i32 %local_input_37, i32 %local_input_38, i32 %local_input_39, i32 %local_input_40, i32 %local_input_41, i32 %local_input_42, i32 %local_input_43, i32 %local_input_44, i32 %local_input_45, i32 %local_input_46, i32 %local_input_47, i32 %local_input_48, i32 %local_input_49, i32 %local_input_50, i32 %local_input_51, i32 %local_input_52, i32 %local_input_53, i32 %local_input_54, i32 %local_input_55, i32 %local_input_56, i32 %local_input_57, i32 %local_input_58, i32 %local_input_59, i32 %local_input_60, i32 %local_input_61, i32 %local_input_62, i32 %local_input_63, i32 %local_input_64, i32 %local_input_65, i32 %local_input_66, i32 %local_input_67, i32 %local_input_68, i32 %local_input_69, i32 %local_input_70, i32 %local_input_71, i32 %local_input_72, i32 %local_input_73, i32 %local_input_74, i32 %local_input_75, i32 %local_input_76, i32 %local_input_77, i32 %local_input_78, i32 %local_input_79, i32 %local_input_80, i32 %local_input_81, i32 %local_input_82, i32 %local_input_83, i32 %local_input_84, i32 %local_input_85, i32 %local_input_86, i32 %local_input_87, i32 %local_input_88, i32 %local_input_89, i32 %local_input_90, i32 %local_input_91, i32 %local_input_92, i32 %local_input_93, i32 %local_input_94, i32 %local_input_95, i32 %local_input_96, i32 %local_input_97, i32 %local_input_98, i32 %local_input_99, i32 %local_input_100, i32 %local_input_101, i32 %local_input_102, i32 %local_input_103, i32 %local_input_104, i32 %local_input_105, i32 %local_input_106, i32 %local_input_107, i32 %local_input_108, i32 %local_input_109, i32 %local_input_110, i32 %local_input_111, i32 %local_input_112, i32 %local_input_113, i32 %local_input_114, i32 %local_input_115, i32 %local_input_116, i32 %local_input_117, i32 %local_input_118, i32 %local_input_119, i32 %local_input_120, i32 %local_input_121, i32 %local_input_122, i32 %local_input_123, i32 %local_input_124, i32 %local_input_125, i32 %local_input_126, i32 %local_input_127, i32 %local_input_128, i32 %local_input_129, i32 %local_input_130, i32 %local_input_131, i32 %local_input_132, i32 %local_input_133, i32 %local_input_134, i32 %local_input_135, i32 %local_input_136, i32 %local_input_137, i32 %local_input_138, i32 %local_input_139, i32 %local_input_140, i32 %local_input_141, i32 %local_input_142, i32 %local_input_143, i32 %local_input_144, i32 %local_input_145, i32 %local_input_146, i32 %local_input_147, i32 %local_input_148, i32 %local_input_149, i32 %local_input_150, i32 %local_input_151, i32 %local_input_152, i32 %local_input_153, i32 %local_input_154, i32 %local_input_155, i32 %local_input_156, i32 %local_input_157, i32 %local_input_158, i32 %local_input_159, i32 %local_input_160, i32 %local_input_161, i32 %local_input_162, i32 %local_input_163, i32 %local_input_164, i32 %local_input_165, i32 %local_input_166, i32 %local_input_167, i32 %local_input_168, i32 %local_input_169, i32 %local_input_170, i32 %local_input_171, i32 %local_input_172, i32 %local_input_173, i32 %local_input_174, i32 %local_input_175, i32 %local_input_176, i32 %local_input_177, i32 %local_input_178, i32 %local_input_179, i32 %local_input_180, i32 %local_input_181, i32 %local_input_182, i32 %local_input_183, i32 %local_input_184, i32 %local_input_185, i32 %local_input_186, i32 %local_input_187, i32 %local_input_188, i32 %local_input_189, i32 %local_input_190, i32 %local_input_191, i32 %local_input_192, i32 %local_input_193, i32 %local_input_194, i32 %local_input_195, i32 %local_input_196, i32 %local_input_197, i32 %local_input_198, i32 %local_input_199, i32 %sum_2_loc" [conv.cpp:64]   --->   Operation 980 'call' 'call_ln64' <Predicate = true> <Delay = 0.00> <CoreType = "Generic">   --->   Core 0 '' <Latency = 0> <II = 1> <Delay = 1.00> <Generic> <Opcode : >

State 82 <SV = 81> <Delay = 1.58>
ST_82 : Operation 981 [1/1] (0.00ns)   --->   "%specloopname_ln62 = specloopname void @_ssdm_op_SpecLoopName, void @empty_16" [conv.cpp:62]   --->   Operation 981 'specloopname' 'specloopname_ln62' <Predicate = true> <Delay = 0.00>
ST_82 : Operation 982 [1/1] (0.00ns)   --->   "%sum_2_loc_load = load i32 %sum_2_loc"   --->   Operation 982 'load' 'sum_2_loc_load' <Predicate = true> <Delay = 0.00>
ST_82 : Operation 983 [1/1] (1.58ns)   --->   "%switch_ln80 = switch i6 %out_c, void %arrayidx834.case.54, i6 0, void %arrayidx834.case.0, i6 1, void %arrayidx834.case.1, i6 2, void %arrayidx834.case.2, i6 3, void %arrayidx834.case.3, i6 4, void %arrayidx834.case.4, i6 5, void %arrayidx834.case.5, i6 6, void %arrayidx834.case.6, i6 7, void %arrayidx834.case.7, i6 8, void %arrayidx834.case.8, i6 9, void %arrayidx834.case.9, i6 10, void %arrayidx834.case.10, i6 11, void %arrayidx834.case.11, i6 12, void %arrayidx834.case.12, i6 13, void %arrayidx834.case.13, i6 14, void %arrayidx834.case.14, i6 15, void %arrayidx834.case.15, i6 16, void %arrayidx834.case.16, i6 17, void %arrayidx834.case.17, i6 18, void %arrayidx834.case.18, i6 19, void %arrayidx834.case.19, i6 20, void %arrayidx834.case.20, i6 21, void %arrayidx834.case.21, i6 22, void %arrayidx834.case.22, i6 23, void %arrayidx834.case.23, i6 24, void %arrayidx834.case.24, i6 25, void %arrayidx834.case.25, i6 26, void %arrayidx834.case.26, i6 27, void %arrayidx834.case.27, i6 28, void %arrayidx834.case.28, i6 29, void %arrayidx834.case.29, i6 30, void %arrayidx834.case.30, i6 31, void %arrayidx834.case.31, i6 32, void %arrayidx834.case.32, i6 33, void %arrayidx834.case.33, i6 34, void %arrayidx834.case.34, i6 35, void %arrayidx834.case.35, i6 36, void %arrayidx834.case.36, i6 37, void %arrayidx834.case.37, i6 38, void %arrayidx834.case.38, i6 39, void %arrayidx834.case.39, i6 40, void %arrayidx834.case.40, i6 41, void %arrayidx834.case.41, i6 42, void %arrayidx834.case.42, i6 43, void %arrayidx834.case.43, i6 44, void %arrayidx834.case.44, i6 45, void %arrayidx834.case.45, i6 46, void %arrayidx834.case.46, i6 47, void %arrayidx834.case.47, i6 48, void %arrayidx834.case.48, i6 49, void %arrayidx834.case.49, i6 50, void %arrayidx834.case.50, i6 51, void %arrayidx834.case.51, i6 52, void %arrayidx834.case.52, i6 53, void %arrayidx834.exit" [conv.cpp:80]   --->   Operation 983 'switch' 'switch_ln80' <Predicate = true> <Delay = 1.58>
ST_82 : Operation 984 [1/1] (1.58ns)   --->   "%br_ln80 = br void %arrayidx834.exit" [conv.cpp:80]   --->   Operation 984 'br' 'br_ln80' <Predicate = (out_c == 52)> <Delay = 1.58>
ST_82 : Operation 985 [1/1] (1.58ns)   --->   "%br_ln80 = br void %arrayidx834.exit" [conv.cpp:80]   --->   Operation 985 'br' 'br_ln80' <Predicate = (out_c == 51)> <Delay = 1.58>
ST_82 : Operation 986 [1/1] (1.58ns)   --->   "%br_ln80 = br void %arrayidx834.exit" [conv.cpp:80]   --->   Operation 986 'br' 'br_ln80' <Predicate = (out_c == 50)> <Delay = 1.58>
ST_82 : Operation 987 [1/1] (1.58ns)   --->   "%br_ln80 = br void %arrayidx834.exit" [conv.cpp:80]   --->   Operation 987 'br' 'br_ln80' <Predicate = (out_c == 49)> <Delay = 1.58>
ST_82 : Operation 988 [1/1] (1.58ns)   --->   "%br_ln80 = br void %arrayidx834.exit" [conv.cpp:80]   --->   Operation 988 'br' 'br_ln80' <Predicate = (out_c == 48)> <Delay = 1.58>
ST_82 : Operation 989 [1/1] (1.58ns)   --->   "%br_ln80 = br void %arrayidx834.exit" [conv.cpp:80]   --->   Operation 989 'br' 'br_ln80' <Predicate = (out_c == 47)> <Delay = 1.58>
ST_82 : Operation 990 [1/1] (1.58ns)   --->   "%br_ln80 = br void %arrayidx834.exit" [conv.cpp:80]   --->   Operation 990 'br' 'br_ln80' <Predicate = (out_c == 46)> <Delay = 1.58>
ST_82 : Operation 991 [1/1] (1.58ns)   --->   "%br_ln80 = br void %arrayidx834.exit" [conv.cpp:80]   --->   Operation 991 'br' 'br_ln80' <Predicate = (out_c == 45)> <Delay = 1.58>
ST_82 : Operation 992 [1/1] (1.58ns)   --->   "%br_ln80 = br void %arrayidx834.exit" [conv.cpp:80]   --->   Operation 992 'br' 'br_ln80' <Predicate = (out_c == 44)> <Delay = 1.58>
ST_82 : Operation 993 [1/1] (1.58ns)   --->   "%br_ln80 = br void %arrayidx834.exit" [conv.cpp:80]   --->   Operation 993 'br' 'br_ln80' <Predicate = (out_c == 43)> <Delay = 1.58>
ST_82 : Operation 994 [1/1] (1.58ns)   --->   "%br_ln80 = br void %arrayidx834.exit" [conv.cpp:80]   --->   Operation 994 'br' 'br_ln80' <Predicate = (out_c == 42)> <Delay = 1.58>
ST_82 : Operation 995 [1/1] (1.58ns)   --->   "%br_ln80 = br void %arrayidx834.exit" [conv.cpp:80]   --->   Operation 995 'br' 'br_ln80' <Predicate = (out_c == 41)> <Delay = 1.58>
ST_82 : Operation 996 [1/1] (1.58ns)   --->   "%br_ln80 = br void %arrayidx834.exit" [conv.cpp:80]   --->   Operation 996 'br' 'br_ln80' <Predicate = (out_c == 40)> <Delay = 1.58>
ST_82 : Operation 997 [1/1] (1.58ns)   --->   "%br_ln80 = br void %arrayidx834.exit" [conv.cpp:80]   --->   Operation 997 'br' 'br_ln80' <Predicate = (out_c == 39)> <Delay = 1.58>
ST_82 : Operation 998 [1/1] (1.58ns)   --->   "%br_ln80 = br void %arrayidx834.exit" [conv.cpp:80]   --->   Operation 998 'br' 'br_ln80' <Predicate = (out_c == 38)> <Delay = 1.58>
ST_82 : Operation 999 [1/1] (1.58ns)   --->   "%br_ln80 = br void %arrayidx834.exit" [conv.cpp:80]   --->   Operation 999 'br' 'br_ln80' <Predicate = (out_c == 37)> <Delay = 1.58>
ST_82 : Operation 1000 [1/1] (1.58ns)   --->   "%br_ln80 = br void %arrayidx834.exit" [conv.cpp:80]   --->   Operation 1000 'br' 'br_ln80' <Predicate = (out_c == 36)> <Delay = 1.58>
ST_82 : Operation 1001 [1/1] (1.58ns)   --->   "%br_ln80 = br void %arrayidx834.exit" [conv.cpp:80]   --->   Operation 1001 'br' 'br_ln80' <Predicate = (out_c == 35)> <Delay = 1.58>
ST_82 : Operation 1002 [1/1] (1.58ns)   --->   "%br_ln80 = br void %arrayidx834.exit" [conv.cpp:80]   --->   Operation 1002 'br' 'br_ln80' <Predicate = (out_c == 34)> <Delay = 1.58>
ST_82 : Operation 1003 [1/1] (1.58ns)   --->   "%br_ln80 = br void %arrayidx834.exit" [conv.cpp:80]   --->   Operation 1003 'br' 'br_ln80' <Predicate = (out_c == 33)> <Delay = 1.58>
ST_82 : Operation 1004 [1/1] (1.58ns)   --->   "%br_ln80 = br void %arrayidx834.exit" [conv.cpp:80]   --->   Operation 1004 'br' 'br_ln80' <Predicate = (out_c == 32)> <Delay = 1.58>
ST_82 : Operation 1005 [1/1] (1.58ns)   --->   "%br_ln80 = br void %arrayidx834.exit" [conv.cpp:80]   --->   Operation 1005 'br' 'br_ln80' <Predicate = (out_c == 31)> <Delay = 1.58>
ST_82 : Operation 1006 [1/1] (1.58ns)   --->   "%br_ln80 = br void %arrayidx834.exit" [conv.cpp:80]   --->   Operation 1006 'br' 'br_ln80' <Predicate = (out_c == 30)> <Delay = 1.58>
ST_82 : Operation 1007 [1/1] (1.58ns)   --->   "%br_ln80 = br void %arrayidx834.exit" [conv.cpp:80]   --->   Operation 1007 'br' 'br_ln80' <Predicate = (out_c == 29)> <Delay = 1.58>
ST_82 : Operation 1008 [1/1] (1.58ns)   --->   "%br_ln80 = br void %arrayidx834.exit" [conv.cpp:80]   --->   Operation 1008 'br' 'br_ln80' <Predicate = (out_c == 28)> <Delay = 1.58>
ST_82 : Operation 1009 [1/1] (1.58ns)   --->   "%br_ln80 = br void %arrayidx834.exit" [conv.cpp:80]   --->   Operation 1009 'br' 'br_ln80' <Predicate = (out_c == 27)> <Delay = 1.58>
ST_82 : Operation 1010 [1/1] (1.58ns)   --->   "%br_ln80 = br void %arrayidx834.exit" [conv.cpp:80]   --->   Operation 1010 'br' 'br_ln80' <Predicate = (out_c == 26)> <Delay = 1.58>
ST_82 : Operation 1011 [1/1] (1.58ns)   --->   "%br_ln80 = br void %arrayidx834.exit" [conv.cpp:80]   --->   Operation 1011 'br' 'br_ln80' <Predicate = (out_c == 25)> <Delay = 1.58>
ST_82 : Operation 1012 [1/1] (1.58ns)   --->   "%br_ln80 = br void %arrayidx834.exit" [conv.cpp:80]   --->   Operation 1012 'br' 'br_ln80' <Predicate = (out_c == 24)> <Delay = 1.58>
ST_82 : Operation 1013 [1/1] (1.58ns)   --->   "%br_ln80 = br void %arrayidx834.exit" [conv.cpp:80]   --->   Operation 1013 'br' 'br_ln80' <Predicate = (out_c == 23)> <Delay = 1.58>
ST_82 : Operation 1014 [1/1] (1.58ns)   --->   "%br_ln80 = br void %arrayidx834.exit" [conv.cpp:80]   --->   Operation 1014 'br' 'br_ln80' <Predicate = (out_c == 22)> <Delay = 1.58>
ST_82 : Operation 1015 [1/1] (1.58ns)   --->   "%br_ln80 = br void %arrayidx834.exit" [conv.cpp:80]   --->   Operation 1015 'br' 'br_ln80' <Predicate = (out_c == 21)> <Delay = 1.58>
ST_82 : Operation 1016 [1/1] (1.58ns)   --->   "%br_ln80 = br void %arrayidx834.exit" [conv.cpp:80]   --->   Operation 1016 'br' 'br_ln80' <Predicate = (out_c == 20)> <Delay = 1.58>
ST_82 : Operation 1017 [1/1] (1.58ns)   --->   "%br_ln80 = br void %arrayidx834.exit" [conv.cpp:80]   --->   Operation 1017 'br' 'br_ln80' <Predicate = (out_c == 19)> <Delay = 1.58>
ST_82 : Operation 1018 [1/1] (1.58ns)   --->   "%br_ln80 = br void %arrayidx834.exit" [conv.cpp:80]   --->   Operation 1018 'br' 'br_ln80' <Predicate = (out_c == 18)> <Delay = 1.58>
ST_82 : Operation 1019 [1/1] (1.58ns)   --->   "%br_ln80 = br void %arrayidx834.exit" [conv.cpp:80]   --->   Operation 1019 'br' 'br_ln80' <Predicate = (out_c == 17)> <Delay = 1.58>
ST_82 : Operation 1020 [1/1] (1.58ns)   --->   "%br_ln80 = br void %arrayidx834.exit" [conv.cpp:80]   --->   Operation 1020 'br' 'br_ln80' <Predicate = (out_c == 16)> <Delay = 1.58>
ST_82 : Operation 1021 [1/1] (1.58ns)   --->   "%br_ln80 = br void %arrayidx834.exit" [conv.cpp:80]   --->   Operation 1021 'br' 'br_ln80' <Predicate = (out_c == 15)> <Delay = 1.58>
ST_82 : Operation 1022 [1/1] (1.58ns)   --->   "%br_ln80 = br void %arrayidx834.exit" [conv.cpp:80]   --->   Operation 1022 'br' 'br_ln80' <Predicate = (out_c == 14)> <Delay = 1.58>
ST_82 : Operation 1023 [1/1] (1.58ns)   --->   "%br_ln80 = br void %arrayidx834.exit" [conv.cpp:80]   --->   Operation 1023 'br' 'br_ln80' <Predicate = (out_c == 13)> <Delay = 1.58>
ST_82 : Operation 1024 [1/1] (1.58ns)   --->   "%br_ln80 = br void %arrayidx834.exit" [conv.cpp:80]   --->   Operation 1024 'br' 'br_ln80' <Predicate = (out_c == 12)> <Delay = 1.58>
ST_82 : Operation 1025 [1/1] (1.58ns)   --->   "%br_ln80 = br void %arrayidx834.exit" [conv.cpp:80]   --->   Operation 1025 'br' 'br_ln80' <Predicate = (out_c == 11)> <Delay = 1.58>
ST_82 : Operation 1026 [1/1] (1.58ns)   --->   "%br_ln80 = br void %arrayidx834.exit" [conv.cpp:80]   --->   Operation 1026 'br' 'br_ln80' <Predicate = (out_c == 10)> <Delay = 1.58>
ST_82 : Operation 1027 [1/1] (1.58ns)   --->   "%br_ln80 = br void %arrayidx834.exit" [conv.cpp:80]   --->   Operation 1027 'br' 'br_ln80' <Predicate = (out_c == 9)> <Delay = 1.58>
ST_82 : Operation 1028 [1/1] (1.58ns)   --->   "%br_ln80 = br void %arrayidx834.exit" [conv.cpp:80]   --->   Operation 1028 'br' 'br_ln80' <Predicate = (out_c == 8)> <Delay = 1.58>
ST_82 : Operation 1029 [1/1] (1.58ns)   --->   "%br_ln80 = br void %arrayidx834.exit" [conv.cpp:80]   --->   Operation 1029 'br' 'br_ln80' <Predicate = (out_c == 7)> <Delay = 1.58>
ST_82 : Operation 1030 [1/1] (1.58ns)   --->   "%br_ln80 = br void %arrayidx834.exit" [conv.cpp:80]   --->   Operation 1030 'br' 'br_ln80' <Predicate = (out_c == 6)> <Delay = 1.58>
ST_82 : Operation 1031 [1/1] (1.58ns)   --->   "%br_ln80 = br void %arrayidx834.exit" [conv.cpp:80]   --->   Operation 1031 'br' 'br_ln80' <Predicate = (out_c == 5)> <Delay = 1.58>
ST_82 : Operation 1032 [1/1] (1.58ns)   --->   "%br_ln80 = br void %arrayidx834.exit" [conv.cpp:80]   --->   Operation 1032 'br' 'br_ln80' <Predicate = (out_c == 4)> <Delay = 1.58>
ST_82 : Operation 1033 [1/1] (1.58ns)   --->   "%br_ln80 = br void %arrayidx834.exit" [conv.cpp:80]   --->   Operation 1033 'br' 'br_ln80' <Predicate = (out_c == 3)> <Delay = 1.58>
ST_82 : Operation 1034 [1/1] (1.58ns)   --->   "%br_ln80 = br void %arrayidx834.exit" [conv.cpp:80]   --->   Operation 1034 'br' 'br_ln80' <Predicate = (out_c == 2)> <Delay = 1.58>
ST_82 : Operation 1035 [1/1] (1.58ns)   --->   "%br_ln80 = br void %arrayidx834.exit" [conv.cpp:80]   --->   Operation 1035 'br' 'br_ln80' <Predicate = (out_c == 1)> <Delay = 1.58>
ST_82 : Operation 1036 [1/1] (1.58ns)   --->   "%br_ln80 = br void %arrayidx834.exit" [conv.cpp:80]   --->   Operation 1036 'br' 'br_ln80' <Predicate = (out_c == 0)> <Delay = 1.58>
ST_82 : Operation 1037 [1/1] (1.58ns)   --->   "%br_ln80 = br void %arrayidx834.exit" [conv.cpp:80]   --->   Operation 1037 'br' 'br_ln80' <Predicate = (out_c == 63) | (out_c == 62) | (out_c == 61) | (out_c == 60) | (out_c == 59) | (out_c == 58) | (out_c == 57) | (out_c == 56) | (out_c == 55) | (out_c == 54)> <Delay = 1.58>
ST_82 : Operation 1038 [1/1] (0.00ns)   --->   "%add105_lcssa_lcssa306 = phi i32 %add105_lcssa_lcssa307, void %arrayidx834.case.52, i32 %add105_lcssa_lcssa307, void %arrayidx834.case.51, i32 %add105_lcssa_lcssa307, void %arrayidx834.case.50, i32 %add105_lcssa_lcssa307, void %arrayidx834.case.49, i32 %add105_lcssa_lcssa307, void %arrayidx834.case.48, i32 %add105_lcssa_lcssa307, void %arrayidx834.case.47, i32 %add105_lcssa_lcssa307, void %arrayidx834.case.46, i32 %add105_lcssa_lcssa307, void %arrayidx834.case.45, i32 %add105_lcssa_lcssa307, void %arrayidx834.case.44, i32 %add105_lcssa_lcssa307, void %arrayidx834.case.43, i32 %add105_lcssa_lcssa307, void %arrayidx834.case.42, i32 %add105_lcssa_lcssa307, void %arrayidx834.case.41, i32 %add105_lcssa_lcssa307, void %arrayidx834.case.40, i32 %add105_lcssa_lcssa307, void %arrayidx834.case.39, i32 %add105_lcssa_lcssa307, void %arrayidx834.case.38, i32 %add105_lcssa_lcssa307, void %arrayidx834.case.37, i32 %add105_lcssa_lcssa307, void %arrayidx834.case.36, i32 %add105_lcssa_lcssa307, void %arrayidx834.case.35, i32 %add105_lcssa_lcssa307, void %arrayidx834.case.34, i32 %add105_lcssa_lcssa307, void %arrayidx834.case.33, i32 %add105_lcssa_lcssa307, void %arrayidx834.case.32, i32 %add105_lcssa_lcssa307, void %arrayidx834.case.31, i32 %add105_lcssa_lcssa307, void %arrayidx834.case.30, i32 %add105_lcssa_lcssa307, void %arrayidx834.case.29, i32 %add105_lcssa_lcssa307, void %arrayidx834.case.28, i32 %add105_lcssa_lcssa307, void %arrayidx834.case.27, i32 %add105_lcssa_lcssa307, void %arrayidx834.case.26, i32 %add105_lcssa_lcssa307, void %arrayidx834.case.25, i32 %add105_lcssa_lcssa307, void %arrayidx834.case.24, i32 %add105_lcssa_lcssa307, void %arrayidx834.case.23, i32 %add105_lcssa_lcssa307, void %arrayidx834.case.22, i32 %add105_lcssa_lcssa307, void %arrayidx834.case.21, i32 %add105_lcssa_lcssa307, void %arrayidx834.case.20, i32 %add105_lcssa_lcssa307, void %arrayidx834.case.19, i32 %add105_lcssa_lcssa307, void %arrayidx834.case.18, i32 %add105_lcssa_lcssa307, void %arrayidx834.case.17, i32 %add105_lcssa_lcssa307, void %arrayidx834.case.16, i32 %add105_lcssa_lcssa307, void %arrayidx834.case.15, i32 %add105_lcssa_lcssa307, void %arrayidx834.case.14, i32 %add105_lcssa_lcssa307, void %arrayidx834.case.13, i32 %add105_lcssa_lcssa307, void %arrayidx834.case.12, i32 %add105_lcssa_lcssa307, void %arrayidx834.case.11, i32 %add105_lcssa_lcssa307, void %arrayidx834.case.10, i32 %add105_lcssa_lcssa307, void %arrayidx834.case.9, i32 %add105_lcssa_lcssa307, void %arrayidx834.case.8, i32 %add105_lcssa_lcssa307, void %arrayidx834.case.7, i32 %add105_lcssa_lcssa307, void %arrayidx834.case.6, i32 %add105_lcssa_lcssa307, void %arrayidx834.case.5, i32 %add105_lcssa_lcssa307, void %arrayidx834.case.4, i32 %add105_lcssa_lcssa307, void %arrayidx834.case.3, i32 %add105_lcssa_lcssa307, void %arrayidx834.case.2, i32 %add105_lcssa_lcssa307, void %arrayidx834.case.1, i32 %add105_lcssa_lcssa307, void %arrayidx834.case.0, i32 %sum_2_loc_load, void %arrayidx834.case.54, i32 %add105_lcssa_lcssa307, void %VITIS_LOOP_66_11.split" [conv.cpp:80]   --->   Operation 1038 'phi' 'add105_lcssa_lcssa306' <Predicate = true> <Delay = 0.00>
ST_82 : Operation 1039 [1/1] (0.00ns)   --->   "%add105_lcssa_lcssa304 = phi i32 %add105_lcssa_lcssa305, void %arrayidx834.case.52, i32 %add105_lcssa_lcssa305, void %arrayidx834.case.51, i32 %add105_lcssa_lcssa305, void %arrayidx834.case.50, i32 %add105_lcssa_lcssa305, void %arrayidx834.case.49, i32 %add105_lcssa_lcssa305, void %arrayidx834.case.48, i32 %add105_lcssa_lcssa305, void %arrayidx834.case.47, i32 %add105_lcssa_lcssa305, void %arrayidx834.case.46, i32 %add105_lcssa_lcssa305, void %arrayidx834.case.45, i32 %add105_lcssa_lcssa305, void %arrayidx834.case.44, i32 %add105_lcssa_lcssa305, void %arrayidx834.case.43, i32 %add105_lcssa_lcssa305, void %arrayidx834.case.42, i32 %add105_lcssa_lcssa305, void %arrayidx834.case.41, i32 %add105_lcssa_lcssa305, void %arrayidx834.case.40, i32 %add105_lcssa_lcssa305, void %arrayidx834.case.39, i32 %add105_lcssa_lcssa305, void %arrayidx834.case.38, i32 %add105_lcssa_lcssa305, void %arrayidx834.case.37, i32 %add105_lcssa_lcssa305, void %arrayidx834.case.36, i32 %add105_lcssa_lcssa305, void %arrayidx834.case.35, i32 %add105_lcssa_lcssa305, void %arrayidx834.case.34, i32 %add105_lcssa_lcssa305, void %arrayidx834.case.33, i32 %add105_lcssa_lcssa305, void %arrayidx834.case.32, i32 %add105_lcssa_lcssa305, void %arrayidx834.case.31, i32 %add105_lcssa_lcssa305, void %arrayidx834.case.30, i32 %add105_lcssa_lcssa305, void %arrayidx834.case.29, i32 %add105_lcssa_lcssa305, void %arrayidx834.case.28, i32 %add105_lcssa_lcssa305, void %arrayidx834.case.27, i32 %add105_lcssa_lcssa305, void %arrayidx834.case.26, i32 %add105_lcssa_lcssa305, void %arrayidx834.case.25, i32 %add105_lcssa_lcssa305, void %arrayidx834.case.24, i32 %add105_lcssa_lcssa305, void %arrayidx834.case.23, i32 %add105_lcssa_lcssa305, void %arrayidx834.case.22, i32 %add105_lcssa_lcssa305, void %arrayidx834.case.21, i32 %add105_lcssa_lcssa305, void %arrayidx834.case.20, i32 %add105_lcssa_lcssa305, void %arrayidx834.case.19, i32 %add105_lcssa_lcssa305, void %arrayidx834.case.18, i32 %add105_lcssa_lcssa305, void %arrayidx834.case.17, i32 %add105_lcssa_lcssa305, void %arrayidx834.case.16, i32 %add105_lcssa_lcssa305, void %arrayidx834.case.15, i32 %add105_lcssa_lcssa305, void %arrayidx834.case.14, i32 %add105_lcssa_lcssa305, void %arrayidx834.case.13, i32 %add105_lcssa_lcssa305, void %arrayidx834.case.12, i32 %add105_lcssa_lcssa305, void %arrayidx834.case.11, i32 %add105_lcssa_lcssa305, void %arrayidx834.case.10, i32 %add105_lcssa_lcssa305, void %arrayidx834.case.9, i32 %add105_lcssa_lcssa305, void %arrayidx834.case.8, i32 %add105_lcssa_lcssa305, void %arrayidx834.case.7, i32 %add105_lcssa_lcssa305, void %arrayidx834.case.6, i32 %add105_lcssa_lcssa305, void %arrayidx834.case.5, i32 %add105_lcssa_lcssa305, void %arrayidx834.case.4, i32 %add105_lcssa_lcssa305, void %arrayidx834.case.3, i32 %add105_lcssa_lcssa305, void %arrayidx834.case.2, i32 %add105_lcssa_lcssa305, void %arrayidx834.case.1, i32 %add105_lcssa_lcssa305, void %arrayidx834.case.0, i32 %add105_lcssa_lcssa305, void %arrayidx834.case.54, i32 %sum_2_loc_load, void %VITIS_LOOP_66_11.split" [conv.cpp:80]   --->   Operation 1039 'phi' 'add105_lcssa_lcssa304' <Predicate = true> <Delay = 0.00>
ST_82 : Operation 1040 [1/1] (0.00ns)   --->   "%add105_lcssa_lcssa302 = phi i32 %sum_2_loc_load, void %arrayidx834.case.52, i32 %add105_lcssa_lcssa303, void %arrayidx834.case.51, i32 %add105_lcssa_lcssa303, void %arrayidx834.case.50, i32 %add105_lcssa_lcssa303, void %arrayidx834.case.49, i32 %add105_lcssa_lcssa303, void %arrayidx834.case.48, i32 %add105_lcssa_lcssa303, void %arrayidx834.case.47, i32 %add105_lcssa_lcssa303, void %arrayidx834.case.46, i32 %add105_lcssa_lcssa303, void %arrayidx834.case.45, i32 %add105_lcssa_lcssa303, void %arrayidx834.case.44, i32 %add105_lcssa_lcssa303, void %arrayidx834.case.43, i32 %add105_lcssa_lcssa303, void %arrayidx834.case.42, i32 %add105_lcssa_lcssa303, void %arrayidx834.case.41, i32 %add105_lcssa_lcssa303, void %arrayidx834.case.40, i32 %add105_lcssa_lcssa303, void %arrayidx834.case.39, i32 %add105_lcssa_lcssa303, void %arrayidx834.case.38, i32 %add105_lcssa_lcssa303, void %arrayidx834.case.37, i32 %add105_lcssa_lcssa303, void %arrayidx834.case.36, i32 %add105_lcssa_lcssa303, void %arrayidx834.case.35, i32 %add105_lcssa_lcssa303, void %arrayidx834.case.34, i32 %add105_lcssa_lcssa303, void %arrayidx834.case.33, i32 %add105_lcssa_lcssa303, void %arrayidx834.case.32, i32 %add105_lcssa_lcssa303, void %arrayidx834.case.31, i32 %add105_lcssa_lcssa303, void %arrayidx834.case.30, i32 %add105_lcssa_lcssa303, void %arrayidx834.case.29, i32 %add105_lcssa_lcssa303, void %arrayidx834.case.28, i32 %add105_lcssa_lcssa303, void %arrayidx834.case.27, i32 %add105_lcssa_lcssa303, void %arrayidx834.case.26, i32 %add105_lcssa_lcssa303, void %arrayidx834.case.25, i32 %add105_lcssa_lcssa303, void %arrayidx834.case.24, i32 %add105_lcssa_lcssa303, void %arrayidx834.case.23, i32 %add105_lcssa_lcssa303, void %arrayidx834.case.22, i32 %add105_lcssa_lcssa303, void %arrayidx834.case.21, i32 %add105_lcssa_lcssa303, void %arrayidx834.case.20, i32 %add105_lcssa_lcssa303, void %arrayidx834.case.19, i32 %add105_lcssa_lcssa303, void %arrayidx834.case.18, i32 %add105_lcssa_lcssa303, void %arrayidx834.case.17, i32 %add105_lcssa_lcssa303, void %arrayidx834.case.16, i32 %add105_lcssa_lcssa303, void %arrayidx834.case.15, i32 %add105_lcssa_lcssa303, void %arrayidx834.case.14, i32 %add105_lcssa_lcssa303, void %arrayidx834.case.13, i32 %add105_lcssa_lcssa303, void %arrayidx834.case.12, i32 %add105_lcssa_lcssa303, void %arrayidx834.case.11, i32 %add105_lcssa_lcssa303, void %arrayidx834.case.10, i32 %add105_lcssa_lcssa303, void %arrayidx834.case.9, i32 %add105_lcssa_lcssa303, void %arrayidx834.case.8, i32 %add105_lcssa_lcssa303, void %arrayidx834.case.7, i32 %add105_lcssa_lcssa303, void %arrayidx834.case.6, i32 %add105_lcssa_lcssa303, void %arrayidx834.case.5, i32 %add105_lcssa_lcssa303, void %arrayidx834.case.4, i32 %add105_lcssa_lcssa303, void %arrayidx834.case.3, i32 %add105_lcssa_lcssa303, void %arrayidx834.case.2, i32 %add105_lcssa_lcssa303, void %arrayidx834.case.1, i32 %add105_lcssa_lcssa303, void %arrayidx834.case.0, i32 %add105_lcssa_lcssa303, void %arrayidx834.case.54, i32 %add105_lcssa_lcssa303, void %VITIS_LOOP_66_11.split" [conv.cpp:80]   --->   Operation 1040 'phi' 'add105_lcssa_lcssa302' <Predicate = true> <Delay = 0.00>
ST_82 : Operation 1041 [1/1] (0.00ns)   --->   "%add105_lcssa_lcssa300 = phi i32 %add105_lcssa_lcssa301, void %arrayidx834.case.52, i32 %sum_2_loc_load, void %arrayidx834.case.51, i32 %add105_lcssa_lcssa301, void %arrayidx834.case.50, i32 %add105_lcssa_lcssa301, void %arrayidx834.case.49, i32 %add105_lcssa_lcssa301, void %arrayidx834.case.48, i32 %add105_lcssa_lcssa301, void %arrayidx834.case.47, i32 %add105_lcssa_lcssa301, void %arrayidx834.case.46, i32 %add105_lcssa_lcssa301, void %arrayidx834.case.45, i32 %add105_lcssa_lcssa301, void %arrayidx834.case.44, i32 %add105_lcssa_lcssa301, void %arrayidx834.case.43, i32 %add105_lcssa_lcssa301, void %arrayidx834.case.42, i32 %add105_lcssa_lcssa301, void %arrayidx834.case.41, i32 %add105_lcssa_lcssa301, void %arrayidx834.case.40, i32 %add105_lcssa_lcssa301, void %arrayidx834.case.39, i32 %add105_lcssa_lcssa301, void %arrayidx834.case.38, i32 %add105_lcssa_lcssa301, void %arrayidx834.case.37, i32 %add105_lcssa_lcssa301, void %arrayidx834.case.36, i32 %add105_lcssa_lcssa301, void %arrayidx834.case.35, i32 %add105_lcssa_lcssa301, void %arrayidx834.case.34, i32 %add105_lcssa_lcssa301, void %arrayidx834.case.33, i32 %add105_lcssa_lcssa301, void %arrayidx834.case.32, i32 %add105_lcssa_lcssa301, void %arrayidx834.case.31, i32 %add105_lcssa_lcssa301, void %arrayidx834.case.30, i32 %add105_lcssa_lcssa301, void %arrayidx834.case.29, i32 %add105_lcssa_lcssa301, void %arrayidx834.case.28, i32 %add105_lcssa_lcssa301, void %arrayidx834.case.27, i32 %add105_lcssa_lcssa301, void %arrayidx834.case.26, i32 %add105_lcssa_lcssa301, void %arrayidx834.case.25, i32 %add105_lcssa_lcssa301, void %arrayidx834.case.24, i32 %add105_lcssa_lcssa301, void %arrayidx834.case.23, i32 %add105_lcssa_lcssa301, void %arrayidx834.case.22, i32 %add105_lcssa_lcssa301, void %arrayidx834.case.21, i32 %add105_lcssa_lcssa301, void %arrayidx834.case.20, i32 %add105_lcssa_lcssa301, void %arrayidx834.case.19, i32 %add105_lcssa_lcssa301, void %arrayidx834.case.18, i32 %add105_lcssa_lcssa301, void %arrayidx834.case.17, i32 %add105_lcssa_lcssa301, void %arrayidx834.case.16, i32 %add105_lcssa_lcssa301, void %arrayidx834.case.15, i32 %add105_lcssa_lcssa301, void %arrayidx834.case.14, i32 %add105_lcssa_lcssa301, void %arrayidx834.case.13, i32 %add105_lcssa_lcssa301, void %arrayidx834.case.12, i32 %add105_lcssa_lcssa301, void %arrayidx834.case.11, i32 %add105_lcssa_lcssa301, void %arrayidx834.case.10, i32 %add105_lcssa_lcssa301, void %arrayidx834.case.9, i32 %add105_lcssa_lcssa301, void %arrayidx834.case.8, i32 %add105_lcssa_lcssa301, void %arrayidx834.case.7, i32 %add105_lcssa_lcssa301, void %arrayidx834.case.6, i32 %add105_lcssa_lcssa301, void %arrayidx834.case.5, i32 %add105_lcssa_lcssa301, void %arrayidx834.case.4, i32 %add105_lcssa_lcssa301, void %arrayidx834.case.3, i32 %add105_lcssa_lcssa301, void %arrayidx834.case.2, i32 %add105_lcssa_lcssa301, void %arrayidx834.case.1, i32 %add105_lcssa_lcssa301, void %arrayidx834.case.0, i32 %add105_lcssa_lcssa301, void %arrayidx834.case.54, i32 %add105_lcssa_lcssa301, void %VITIS_LOOP_66_11.split" [conv.cpp:80]   --->   Operation 1041 'phi' 'add105_lcssa_lcssa300' <Predicate = true> <Delay = 0.00>
ST_82 : Operation 1042 [1/1] (0.00ns)   --->   "%add105_lcssa_lcssa298 = phi i32 %add105_lcssa_lcssa299, void %arrayidx834.case.52, i32 %add105_lcssa_lcssa299, void %arrayidx834.case.51, i32 %sum_2_loc_load, void %arrayidx834.case.50, i32 %add105_lcssa_lcssa299, void %arrayidx834.case.49, i32 %add105_lcssa_lcssa299, void %arrayidx834.case.48, i32 %add105_lcssa_lcssa299, void %arrayidx834.case.47, i32 %add105_lcssa_lcssa299, void %arrayidx834.case.46, i32 %add105_lcssa_lcssa299, void %arrayidx834.case.45, i32 %add105_lcssa_lcssa299, void %arrayidx834.case.44, i32 %add105_lcssa_lcssa299, void %arrayidx834.case.43, i32 %add105_lcssa_lcssa299, void %arrayidx834.case.42, i32 %add105_lcssa_lcssa299, void %arrayidx834.case.41, i32 %add105_lcssa_lcssa299, void %arrayidx834.case.40, i32 %add105_lcssa_lcssa299, void %arrayidx834.case.39, i32 %add105_lcssa_lcssa299, void %arrayidx834.case.38, i32 %add105_lcssa_lcssa299, void %arrayidx834.case.37, i32 %add105_lcssa_lcssa299, void %arrayidx834.case.36, i32 %add105_lcssa_lcssa299, void %arrayidx834.case.35, i32 %add105_lcssa_lcssa299, void %arrayidx834.case.34, i32 %add105_lcssa_lcssa299, void %arrayidx834.case.33, i32 %add105_lcssa_lcssa299, void %arrayidx834.case.32, i32 %add105_lcssa_lcssa299, void %arrayidx834.case.31, i32 %add105_lcssa_lcssa299, void %arrayidx834.case.30, i32 %add105_lcssa_lcssa299, void %arrayidx834.case.29, i32 %add105_lcssa_lcssa299, void %arrayidx834.case.28, i32 %add105_lcssa_lcssa299, void %arrayidx834.case.27, i32 %add105_lcssa_lcssa299, void %arrayidx834.case.26, i32 %add105_lcssa_lcssa299, void %arrayidx834.case.25, i32 %add105_lcssa_lcssa299, void %arrayidx834.case.24, i32 %add105_lcssa_lcssa299, void %arrayidx834.case.23, i32 %add105_lcssa_lcssa299, void %arrayidx834.case.22, i32 %add105_lcssa_lcssa299, void %arrayidx834.case.21, i32 %add105_lcssa_lcssa299, void %arrayidx834.case.20, i32 %add105_lcssa_lcssa299, void %arrayidx834.case.19, i32 %add105_lcssa_lcssa299, void %arrayidx834.case.18, i32 %add105_lcssa_lcssa299, void %arrayidx834.case.17, i32 %add105_lcssa_lcssa299, void %arrayidx834.case.16, i32 %add105_lcssa_lcssa299, void %arrayidx834.case.15, i32 %add105_lcssa_lcssa299, void %arrayidx834.case.14, i32 %add105_lcssa_lcssa299, void %arrayidx834.case.13, i32 %add105_lcssa_lcssa299, void %arrayidx834.case.12, i32 %add105_lcssa_lcssa299, void %arrayidx834.case.11, i32 %add105_lcssa_lcssa299, void %arrayidx834.case.10, i32 %add105_lcssa_lcssa299, void %arrayidx834.case.9, i32 %add105_lcssa_lcssa299, void %arrayidx834.case.8, i32 %add105_lcssa_lcssa299, void %arrayidx834.case.7, i32 %add105_lcssa_lcssa299, void %arrayidx834.case.6, i32 %add105_lcssa_lcssa299, void %arrayidx834.case.5, i32 %add105_lcssa_lcssa299, void %arrayidx834.case.4, i32 %add105_lcssa_lcssa299, void %arrayidx834.case.3, i32 %add105_lcssa_lcssa299, void %arrayidx834.case.2, i32 %add105_lcssa_lcssa299, void %arrayidx834.case.1, i32 %add105_lcssa_lcssa299, void %arrayidx834.case.0, i32 %add105_lcssa_lcssa299, void %arrayidx834.case.54, i32 %add105_lcssa_lcssa299, void %VITIS_LOOP_66_11.split" [conv.cpp:80]   --->   Operation 1042 'phi' 'add105_lcssa_lcssa298' <Predicate = true> <Delay = 0.00>
ST_82 : Operation 1043 [1/1] (0.00ns)   --->   "%add105_lcssa_lcssa296 = phi i32 %add105_lcssa_lcssa297, void %arrayidx834.case.52, i32 %add105_lcssa_lcssa297, void %arrayidx834.case.51, i32 %add105_lcssa_lcssa297, void %arrayidx834.case.50, i32 %sum_2_loc_load, void %arrayidx834.case.49, i32 %add105_lcssa_lcssa297, void %arrayidx834.case.48, i32 %add105_lcssa_lcssa297, void %arrayidx834.case.47, i32 %add105_lcssa_lcssa297, void %arrayidx834.case.46, i32 %add105_lcssa_lcssa297, void %arrayidx834.case.45, i32 %add105_lcssa_lcssa297, void %arrayidx834.case.44, i32 %add105_lcssa_lcssa297, void %arrayidx834.case.43, i32 %add105_lcssa_lcssa297, void %arrayidx834.case.42, i32 %add105_lcssa_lcssa297, void %arrayidx834.case.41, i32 %add105_lcssa_lcssa297, void %arrayidx834.case.40, i32 %add105_lcssa_lcssa297, void %arrayidx834.case.39, i32 %add105_lcssa_lcssa297, void %arrayidx834.case.38, i32 %add105_lcssa_lcssa297, void %arrayidx834.case.37, i32 %add105_lcssa_lcssa297, void %arrayidx834.case.36, i32 %add105_lcssa_lcssa297, void %arrayidx834.case.35, i32 %add105_lcssa_lcssa297, void %arrayidx834.case.34, i32 %add105_lcssa_lcssa297, void %arrayidx834.case.33, i32 %add105_lcssa_lcssa297, void %arrayidx834.case.32, i32 %add105_lcssa_lcssa297, void %arrayidx834.case.31, i32 %add105_lcssa_lcssa297, void %arrayidx834.case.30, i32 %add105_lcssa_lcssa297, void %arrayidx834.case.29, i32 %add105_lcssa_lcssa297, void %arrayidx834.case.28, i32 %add105_lcssa_lcssa297, void %arrayidx834.case.27, i32 %add105_lcssa_lcssa297, void %arrayidx834.case.26, i32 %add105_lcssa_lcssa297, void %arrayidx834.case.25, i32 %add105_lcssa_lcssa297, void %arrayidx834.case.24, i32 %add105_lcssa_lcssa297, void %arrayidx834.case.23, i32 %add105_lcssa_lcssa297, void %arrayidx834.case.22, i32 %add105_lcssa_lcssa297, void %arrayidx834.case.21, i32 %add105_lcssa_lcssa297, void %arrayidx834.case.20, i32 %add105_lcssa_lcssa297, void %arrayidx834.case.19, i32 %add105_lcssa_lcssa297, void %arrayidx834.case.18, i32 %add105_lcssa_lcssa297, void %arrayidx834.case.17, i32 %add105_lcssa_lcssa297, void %arrayidx834.case.16, i32 %add105_lcssa_lcssa297, void %arrayidx834.case.15, i32 %add105_lcssa_lcssa297, void %arrayidx834.case.14, i32 %add105_lcssa_lcssa297, void %arrayidx834.case.13, i32 %add105_lcssa_lcssa297, void %arrayidx834.case.12, i32 %add105_lcssa_lcssa297, void %arrayidx834.case.11, i32 %add105_lcssa_lcssa297, void %arrayidx834.case.10, i32 %add105_lcssa_lcssa297, void %arrayidx834.case.9, i32 %add105_lcssa_lcssa297, void %arrayidx834.case.8, i32 %add105_lcssa_lcssa297, void %arrayidx834.case.7, i32 %add105_lcssa_lcssa297, void %arrayidx834.case.6, i32 %add105_lcssa_lcssa297, void %arrayidx834.case.5, i32 %add105_lcssa_lcssa297, void %arrayidx834.case.4, i32 %add105_lcssa_lcssa297, void %arrayidx834.case.3, i32 %add105_lcssa_lcssa297, void %arrayidx834.case.2, i32 %add105_lcssa_lcssa297, void %arrayidx834.case.1, i32 %add105_lcssa_lcssa297, void %arrayidx834.case.0, i32 %add105_lcssa_lcssa297, void %arrayidx834.case.54, i32 %add105_lcssa_lcssa297, void %VITIS_LOOP_66_11.split" [conv.cpp:80]   --->   Operation 1043 'phi' 'add105_lcssa_lcssa296' <Predicate = true> <Delay = 0.00>
ST_82 : Operation 1044 [1/1] (0.00ns)   --->   "%add105_lcssa_lcssa294 = phi i32 %add105_lcssa_lcssa295, void %arrayidx834.case.52, i32 %add105_lcssa_lcssa295, void %arrayidx834.case.51, i32 %add105_lcssa_lcssa295, void %arrayidx834.case.50, i32 %add105_lcssa_lcssa295, void %arrayidx834.case.49, i32 %sum_2_loc_load, void %arrayidx834.case.48, i32 %add105_lcssa_lcssa295, void %arrayidx834.case.47, i32 %add105_lcssa_lcssa295, void %arrayidx834.case.46, i32 %add105_lcssa_lcssa295, void %arrayidx834.case.45, i32 %add105_lcssa_lcssa295, void %arrayidx834.case.44, i32 %add105_lcssa_lcssa295, void %arrayidx834.case.43, i32 %add105_lcssa_lcssa295, void %arrayidx834.case.42, i32 %add105_lcssa_lcssa295, void %arrayidx834.case.41, i32 %add105_lcssa_lcssa295, void %arrayidx834.case.40, i32 %add105_lcssa_lcssa295, void %arrayidx834.case.39, i32 %add105_lcssa_lcssa295, void %arrayidx834.case.38, i32 %add105_lcssa_lcssa295, void %arrayidx834.case.37, i32 %add105_lcssa_lcssa295, void %arrayidx834.case.36, i32 %add105_lcssa_lcssa295, void %arrayidx834.case.35, i32 %add105_lcssa_lcssa295, void %arrayidx834.case.34, i32 %add105_lcssa_lcssa295, void %arrayidx834.case.33, i32 %add105_lcssa_lcssa295, void %arrayidx834.case.32, i32 %add105_lcssa_lcssa295, void %arrayidx834.case.31, i32 %add105_lcssa_lcssa295, void %arrayidx834.case.30, i32 %add105_lcssa_lcssa295, void %arrayidx834.case.29, i32 %add105_lcssa_lcssa295, void %arrayidx834.case.28, i32 %add105_lcssa_lcssa295, void %arrayidx834.case.27, i32 %add105_lcssa_lcssa295, void %arrayidx834.case.26, i32 %add105_lcssa_lcssa295, void %arrayidx834.case.25, i32 %add105_lcssa_lcssa295, void %arrayidx834.case.24, i32 %add105_lcssa_lcssa295, void %arrayidx834.case.23, i32 %add105_lcssa_lcssa295, void %arrayidx834.case.22, i32 %add105_lcssa_lcssa295, void %arrayidx834.case.21, i32 %add105_lcssa_lcssa295, void %arrayidx834.case.20, i32 %add105_lcssa_lcssa295, void %arrayidx834.case.19, i32 %add105_lcssa_lcssa295, void %arrayidx834.case.18, i32 %add105_lcssa_lcssa295, void %arrayidx834.case.17, i32 %add105_lcssa_lcssa295, void %arrayidx834.case.16, i32 %add105_lcssa_lcssa295, void %arrayidx834.case.15, i32 %add105_lcssa_lcssa295, void %arrayidx834.case.14, i32 %add105_lcssa_lcssa295, void %arrayidx834.case.13, i32 %add105_lcssa_lcssa295, void %arrayidx834.case.12, i32 %add105_lcssa_lcssa295, void %arrayidx834.case.11, i32 %add105_lcssa_lcssa295, void %arrayidx834.case.10, i32 %add105_lcssa_lcssa295, void %arrayidx834.case.9, i32 %add105_lcssa_lcssa295, void %arrayidx834.case.8, i32 %add105_lcssa_lcssa295, void %arrayidx834.case.7, i32 %add105_lcssa_lcssa295, void %arrayidx834.case.6, i32 %add105_lcssa_lcssa295, void %arrayidx834.case.5, i32 %add105_lcssa_lcssa295, void %arrayidx834.case.4, i32 %add105_lcssa_lcssa295, void %arrayidx834.case.3, i32 %add105_lcssa_lcssa295, void %arrayidx834.case.2, i32 %add105_lcssa_lcssa295, void %arrayidx834.case.1, i32 %add105_lcssa_lcssa295, void %arrayidx834.case.0, i32 %add105_lcssa_lcssa295, void %arrayidx834.case.54, i32 %add105_lcssa_lcssa295, void %VITIS_LOOP_66_11.split" [conv.cpp:80]   --->   Operation 1044 'phi' 'add105_lcssa_lcssa294' <Predicate = true> <Delay = 0.00>
ST_82 : Operation 1045 [1/1] (0.00ns)   --->   "%add105_lcssa_lcssa292 = phi i32 %add105_lcssa_lcssa293, void %arrayidx834.case.52, i32 %add105_lcssa_lcssa293, void %arrayidx834.case.51, i32 %add105_lcssa_lcssa293, void %arrayidx834.case.50, i32 %add105_lcssa_lcssa293, void %arrayidx834.case.49, i32 %add105_lcssa_lcssa293, void %arrayidx834.case.48, i32 %sum_2_loc_load, void %arrayidx834.case.47, i32 %add105_lcssa_lcssa293, void %arrayidx834.case.46, i32 %add105_lcssa_lcssa293, void %arrayidx834.case.45, i32 %add105_lcssa_lcssa293, void %arrayidx834.case.44, i32 %add105_lcssa_lcssa293, void %arrayidx834.case.43, i32 %add105_lcssa_lcssa293, void %arrayidx834.case.42, i32 %add105_lcssa_lcssa293, void %arrayidx834.case.41, i32 %add105_lcssa_lcssa293, void %arrayidx834.case.40, i32 %add105_lcssa_lcssa293, void %arrayidx834.case.39, i32 %add105_lcssa_lcssa293, void %arrayidx834.case.38, i32 %add105_lcssa_lcssa293, void %arrayidx834.case.37, i32 %add105_lcssa_lcssa293, void %arrayidx834.case.36, i32 %add105_lcssa_lcssa293, void %arrayidx834.case.35, i32 %add105_lcssa_lcssa293, void %arrayidx834.case.34, i32 %add105_lcssa_lcssa293, void %arrayidx834.case.33, i32 %add105_lcssa_lcssa293, void %arrayidx834.case.32, i32 %add105_lcssa_lcssa293, void %arrayidx834.case.31, i32 %add105_lcssa_lcssa293, void %arrayidx834.case.30, i32 %add105_lcssa_lcssa293, void %arrayidx834.case.29, i32 %add105_lcssa_lcssa293, void %arrayidx834.case.28, i32 %add105_lcssa_lcssa293, void %arrayidx834.case.27, i32 %add105_lcssa_lcssa293, void %arrayidx834.case.26, i32 %add105_lcssa_lcssa293, void %arrayidx834.case.25, i32 %add105_lcssa_lcssa293, void %arrayidx834.case.24, i32 %add105_lcssa_lcssa293, void %arrayidx834.case.23, i32 %add105_lcssa_lcssa293, void %arrayidx834.case.22, i32 %add105_lcssa_lcssa293, void %arrayidx834.case.21, i32 %add105_lcssa_lcssa293, void %arrayidx834.case.20, i32 %add105_lcssa_lcssa293, void %arrayidx834.case.19, i32 %add105_lcssa_lcssa293, void %arrayidx834.case.18, i32 %add105_lcssa_lcssa293, void %arrayidx834.case.17, i32 %add105_lcssa_lcssa293, void %arrayidx834.case.16, i32 %add105_lcssa_lcssa293, void %arrayidx834.case.15, i32 %add105_lcssa_lcssa293, void %arrayidx834.case.14, i32 %add105_lcssa_lcssa293, void %arrayidx834.case.13, i32 %add105_lcssa_lcssa293, void %arrayidx834.case.12, i32 %add105_lcssa_lcssa293, void %arrayidx834.case.11, i32 %add105_lcssa_lcssa293, void %arrayidx834.case.10, i32 %add105_lcssa_lcssa293, void %arrayidx834.case.9, i32 %add105_lcssa_lcssa293, void %arrayidx834.case.8, i32 %add105_lcssa_lcssa293, void %arrayidx834.case.7, i32 %add105_lcssa_lcssa293, void %arrayidx834.case.6, i32 %add105_lcssa_lcssa293, void %arrayidx834.case.5, i32 %add105_lcssa_lcssa293, void %arrayidx834.case.4, i32 %add105_lcssa_lcssa293, void %arrayidx834.case.3, i32 %add105_lcssa_lcssa293, void %arrayidx834.case.2, i32 %add105_lcssa_lcssa293, void %arrayidx834.case.1, i32 %add105_lcssa_lcssa293, void %arrayidx834.case.0, i32 %add105_lcssa_lcssa293, void %arrayidx834.case.54, i32 %add105_lcssa_lcssa293, void %VITIS_LOOP_66_11.split" [conv.cpp:80]   --->   Operation 1045 'phi' 'add105_lcssa_lcssa292' <Predicate = true> <Delay = 0.00>
ST_82 : Operation 1046 [1/1] (0.00ns)   --->   "%add105_lcssa_lcssa290 = phi i32 %add105_lcssa_lcssa291, void %arrayidx834.case.52, i32 %add105_lcssa_lcssa291, void %arrayidx834.case.51, i32 %add105_lcssa_lcssa291, void %arrayidx834.case.50, i32 %add105_lcssa_lcssa291, void %arrayidx834.case.49, i32 %add105_lcssa_lcssa291, void %arrayidx834.case.48, i32 %add105_lcssa_lcssa291, void %arrayidx834.case.47, i32 %sum_2_loc_load, void %arrayidx834.case.46, i32 %add105_lcssa_lcssa291, void %arrayidx834.case.45, i32 %add105_lcssa_lcssa291, void %arrayidx834.case.44, i32 %add105_lcssa_lcssa291, void %arrayidx834.case.43, i32 %add105_lcssa_lcssa291, void %arrayidx834.case.42, i32 %add105_lcssa_lcssa291, void %arrayidx834.case.41, i32 %add105_lcssa_lcssa291, void %arrayidx834.case.40, i32 %add105_lcssa_lcssa291, void %arrayidx834.case.39, i32 %add105_lcssa_lcssa291, void %arrayidx834.case.38, i32 %add105_lcssa_lcssa291, void %arrayidx834.case.37, i32 %add105_lcssa_lcssa291, void %arrayidx834.case.36, i32 %add105_lcssa_lcssa291, void %arrayidx834.case.35, i32 %add105_lcssa_lcssa291, void %arrayidx834.case.34, i32 %add105_lcssa_lcssa291, void %arrayidx834.case.33, i32 %add105_lcssa_lcssa291, void %arrayidx834.case.32, i32 %add105_lcssa_lcssa291, void %arrayidx834.case.31, i32 %add105_lcssa_lcssa291, void %arrayidx834.case.30, i32 %add105_lcssa_lcssa291, void %arrayidx834.case.29, i32 %add105_lcssa_lcssa291, void %arrayidx834.case.28, i32 %add105_lcssa_lcssa291, void %arrayidx834.case.27, i32 %add105_lcssa_lcssa291, void %arrayidx834.case.26, i32 %add105_lcssa_lcssa291, void %arrayidx834.case.25, i32 %add105_lcssa_lcssa291, void %arrayidx834.case.24, i32 %add105_lcssa_lcssa291, void %arrayidx834.case.23, i32 %add105_lcssa_lcssa291, void %arrayidx834.case.22, i32 %add105_lcssa_lcssa291, void %arrayidx834.case.21, i32 %add105_lcssa_lcssa291, void %arrayidx834.case.20, i32 %add105_lcssa_lcssa291, void %arrayidx834.case.19, i32 %add105_lcssa_lcssa291, void %arrayidx834.case.18, i32 %add105_lcssa_lcssa291, void %arrayidx834.case.17, i32 %add105_lcssa_lcssa291, void %arrayidx834.case.16, i32 %add105_lcssa_lcssa291, void %arrayidx834.case.15, i32 %add105_lcssa_lcssa291, void %arrayidx834.case.14, i32 %add105_lcssa_lcssa291, void %arrayidx834.case.13, i32 %add105_lcssa_lcssa291, void %arrayidx834.case.12, i32 %add105_lcssa_lcssa291, void %arrayidx834.case.11, i32 %add105_lcssa_lcssa291, void %arrayidx834.case.10, i32 %add105_lcssa_lcssa291, void %arrayidx834.case.9, i32 %add105_lcssa_lcssa291, void %arrayidx834.case.8, i32 %add105_lcssa_lcssa291, void %arrayidx834.case.7, i32 %add105_lcssa_lcssa291, void %arrayidx834.case.6, i32 %add105_lcssa_lcssa291, void %arrayidx834.case.5, i32 %add105_lcssa_lcssa291, void %arrayidx834.case.4, i32 %add105_lcssa_lcssa291, void %arrayidx834.case.3, i32 %add105_lcssa_lcssa291, void %arrayidx834.case.2, i32 %add105_lcssa_lcssa291, void %arrayidx834.case.1, i32 %add105_lcssa_lcssa291, void %arrayidx834.case.0, i32 %add105_lcssa_lcssa291, void %arrayidx834.case.54, i32 %add105_lcssa_lcssa291, void %VITIS_LOOP_66_11.split" [conv.cpp:80]   --->   Operation 1046 'phi' 'add105_lcssa_lcssa290' <Predicate = true> <Delay = 0.00>
ST_82 : Operation 1047 [1/1] (0.00ns)   --->   "%add105_lcssa_lcssa288 = phi i32 %add105_lcssa_lcssa289, void %arrayidx834.case.52, i32 %add105_lcssa_lcssa289, void %arrayidx834.case.51, i32 %add105_lcssa_lcssa289, void %arrayidx834.case.50, i32 %add105_lcssa_lcssa289, void %arrayidx834.case.49, i32 %add105_lcssa_lcssa289, void %arrayidx834.case.48, i32 %add105_lcssa_lcssa289, void %arrayidx834.case.47, i32 %add105_lcssa_lcssa289, void %arrayidx834.case.46, i32 %sum_2_loc_load, void %arrayidx834.case.45, i32 %add105_lcssa_lcssa289, void %arrayidx834.case.44, i32 %add105_lcssa_lcssa289, void %arrayidx834.case.43, i32 %add105_lcssa_lcssa289, void %arrayidx834.case.42, i32 %add105_lcssa_lcssa289, void %arrayidx834.case.41, i32 %add105_lcssa_lcssa289, void %arrayidx834.case.40, i32 %add105_lcssa_lcssa289, void %arrayidx834.case.39, i32 %add105_lcssa_lcssa289, void %arrayidx834.case.38, i32 %add105_lcssa_lcssa289, void %arrayidx834.case.37, i32 %add105_lcssa_lcssa289, void %arrayidx834.case.36, i32 %add105_lcssa_lcssa289, void %arrayidx834.case.35, i32 %add105_lcssa_lcssa289, void %arrayidx834.case.34, i32 %add105_lcssa_lcssa289, void %arrayidx834.case.33, i32 %add105_lcssa_lcssa289, void %arrayidx834.case.32, i32 %add105_lcssa_lcssa289, void %arrayidx834.case.31, i32 %add105_lcssa_lcssa289, void %arrayidx834.case.30, i32 %add105_lcssa_lcssa289, void %arrayidx834.case.29, i32 %add105_lcssa_lcssa289, void %arrayidx834.case.28, i32 %add105_lcssa_lcssa289, void %arrayidx834.case.27, i32 %add105_lcssa_lcssa289, void %arrayidx834.case.26, i32 %add105_lcssa_lcssa289, void %arrayidx834.case.25, i32 %add105_lcssa_lcssa289, void %arrayidx834.case.24, i32 %add105_lcssa_lcssa289, void %arrayidx834.case.23, i32 %add105_lcssa_lcssa289, void %arrayidx834.case.22, i32 %add105_lcssa_lcssa289, void %arrayidx834.case.21, i32 %add105_lcssa_lcssa289, void %arrayidx834.case.20, i32 %add105_lcssa_lcssa289, void %arrayidx834.case.19, i32 %add105_lcssa_lcssa289, void %arrayidx834.case.18, i32 %add105_lcssa_lcssa289, void %arrayidx834.case.17, i32 %add105_lcssa_lcssa289, void %arrayidx834.case.16, i32 %add105_lcssa_lcssa289, void %arrayidx834.case.15, i32 %add105_lcssa_lcssa289, void %arrayidx834.case.14, i32 %add105_lcssa_lcssa289, void %arrayidx834.case.13, i32 %add105_lcssa_lcssa289, void %arrayidx834.case.12, i32 %add105_lcssa_lcssa289, void %arrayidx834.case.11, i32 %add105_lcssa_lcssa289, void %arrayidx834.case.10, i32 %add105_lcssa_lcssa289, void %arrayidx834.case.9, i32 %add105_lcssa_lcssa289, void %arrayidx834.case.8, i32 %add105_lcssa_lcssa289, void %arrayidx834.case.7, i32 %add105_lcssa_lcssa289, void %arrayidx834.case.6, i32 %add105_lcssa_lcssa289, void %arrayidx834.case.5, i32 %add105_lcssa_lcssa289, void %arrayidx834.case.4, i32 %add105_lcssa_lcssa289, void %arrayidx834.case.3, i32 %add105_lcssa_lcssa289, void %arrayidx834.case.2, i32 %add105_lcssa_lcssa289, void %arrayidx834.case.1, i32 %add105_lcssa_lcssa289, void %arrayidx834.case.0, i32 %add105_lcssa_lcssa289, void %arrayidx834.case.54, i32 %add105_lcssa_lcssa289, void %VITIS_LOOP_66_11.split" [conv.cpp:80]   --->   Operation 1047 'phi' 'add105_lcssa_lcssa288' <Predicate = true> <Delay = 0.00>
ST_82 : Operation 1048 [1/1] (0.00ns)   --->   "%add105_lcssa_lcssa286 = phi i32 %add105_lcssa_lcssa287, void %arrayidx834.case.52, i32 %add105_lcssa_lcssa287, void %arrayidx834.case.51, i32 %add105_lcssa_lcssa287, void %arrayidx834.case.50, i32 %add105_lcssa_lcssa287, void %arrayidx834.case.49, i32 %add105_lcssa_lcssa287, void %arrayidx834.case.48, i32 %add105_lcssa_lcssa287, void %arrayidx834.case.47, i32 %add105_lcssa_lcssa287, void %arrayidx834.case.46, i32 %add105_lcssa_lcssa287, void %arrayidx834.case.45, i32 %sum_2_loc_load, void %arrayidx834.case.44, i32 %add105_lcssa_lcssa287, void %arrayidx834.case.43, i32 %add105_lcssa_lcssa287, void %arrayidx834.case.42, i32 %add105_lcssa_lcssa287, void %arrayidx834.case.41, i32 %add105_lcssa_lcssa287, void %arrayidx834.case.40, i32 %add105_lcssa_lcssa287, void %arrayidx834.case.39, i32 %add105_lcssa_lcssa287, void %arrayidx834.case.38, i32 %add105_lcssa_lcssa287, void %arrayidx834.case.37, i32 %add105_lcssa_lcssa287, void %arrayidx834.case.36, i32 %add105_lcssa_lcssa287, void %arrayidx834.case.35, i32 %add105_lcssa_lcssa287, void %arrayidx834.case.34, i32 %add105_lcssa_lcssa287, void %arrayidx834.case.33, i32 %add105_lcssa_lcssa287, void %arrayidx834.case.32, i32 %add105_lcssa_lcssa287, void %arrayidx834.case.31, i32 %add105_lcssa_lcssa287, void %arrayidx834.case.30, i32 %add105_lcssa_lcssa287, void %arrayidx834.case.29, i32 %add105_lcssa_lcssa287, void %arrayidx834.case.28, i32 %add105_lcssa_lcssa287, void %arrayidx834.case.27, i32 %add105_lcssa_lcssa287, void %arrayidx834.case.26, i32 %add105_lcssa_lcssa287, void %arrayidx834.case.25, i32 %add105_lcssa_lcssa287, void %arrayidx834.case.24, i32 %add105_lcssa_lcssa287, void %arrayidx834.case.23, i32 %add105_lcssa_lcssa287, void %arrayidx834.case.22, i32 %add105_lcssa_lcssa287, void %arrayidx834.case.21, i32 %add105_lcssa_lcssa287, void %arrayidx834.case.20, i32 %add105_lcssa_lcssa287, void %arrayidx834.case.19, i32 %add105_lcssa_lcssa287, void %arrayidx834.case.18, i32 %add105_lcssa_lcssa287, void %arrayidx834.case.17, i32 %add105_lcssa_lcssa287, void %arrayidx834.case.16, i32 %add105_lcssa_lcssa287, void %arrayidx834.case.15, i32 %add105_lcssa_lcssa287, void %arrayidx834.case.14, i32 %add105_lcssa_lcssa287, void %arrayidx834.case.13, i32 %add105_lcssa_lcssa287, void %arrayidx834.case.12, i32 %add105_lcssa_lcssa287, void %arrayidx834.case.11, i32 %add105_lcssa_lcssa287, void %arrayidx834.case.10, i32 %add105_lcssa_lcssa287, void %arrayidx834.case.9, i32 %add105_lcssa_lcssa287, void %arrayidx834.case.8, i32 %add105_lcssa_lcssa287, void %arrayidx834.case.7, i32 %add105_lcssa_lcssa287, void %arrayidx834.case.6, i32 %add105_lcssa_lcssa287, void %arrayidx834.case.5, i32 %add105_lcssa_lcssa287, void %arrayidx834.case.4, i32 %add105_lcssa_lcssa287, void %arrayidx834.case.3, i32 %add105_lcssa_lcssa287, void %arrayidx834.case.2, i32 %add105_lcssa_lcssa287, void %arrayidx834.case.1, i32 %add105_lcssa_lcssa287, void %arrayidx834.case.0, i32 %add105_lcssa_lcssa287, void %arrayidx834.case.54, i32 %add105_lcssa_lcssa287, void %VITIS_LOOP_66_11.split" [conv.cpp:80]   --->   Operation 1048 'phi' 'add105_lcssa_lcssa286' <Predicate = true> <Delay = 0.00>
ST_82 : Operation 1049 [1/1] (0.00ns)   --->   "%add105_lcssa_lcssa284 = phi i32 %add105_lcssa_lcssa285, void %arrayidx834.case.52, i32 %add105_lcssa_lcssa285, void %arrayidx834.case.51, i32 %add105_lcssa_lcssa285, void %arrayidx834.case.50, i32 %add105_lcssa_lcssa285, void %arrayidx834.case.49, i32 %add105_lcssa_lcssa285, void %arrayidx834.case.48, i32 %add105_lcssa_lcssa285, void %arrayidx834.case.47, i32 %add105_lcssa_lcssa285, void %arrayidx834.case.46, i32 %add105_lcssa_lcssa285, void %arrayidx834.case.45, i32 %add105_lcssa_lcssa285, void %arrayidx834.case.44, i32 %sum_2_loc_load, void %arrayidx834.case.43, i32 %add105_lcssa_lcssa285, void %arrayidx834.case.42, i32 %add105_lcssa_lcssa285, void %arrayidx834.case.41, i32 %add105_lcssa_lcssa285, void %arrayidx834.case.40, i32 %add105_lcssa_lcssa285, void %arrayidx834.case.39, i32 %add105_lcssa_lcssa285, void %arrayidx834.case.38, i32 %add105_lcssa_lcssa285, void %arrayidx834.case.37, i32 %add105_lcssa_lcssa285, void %arrayidx834.case.36, i32 %add105_lcssa_lcssa285, void %arrayidx834.case.35, i32 %add105_lcssa_lcssa285, void %arrayidx834.case.34, i32 %add105_lcssa_lcssa285, void %arrayidx834.case.33, i32 %add105_lcssa_lcssa285, void %arrayidx834.case.32, i32 %add105_lcssa_lcssa285, void %arrayidx834.case.31, i32 %add105_lcssa_lcssa285, void %arrayidx834.case.30, i32 %add105_lcssa_lcssa285, void %arrayidx834.case.29, i32 %add105_lcssa_lcssa285, void %arrayidx834.case.28, i32 %add105_lcssa_lcssa285, void %arrayidx834.case.27, i32 %add105_lcssa_lcssa285, void %arrayidx834.case.26, i32 %add105_lcssa_lcssa285, void %arrayidx834.case.25, i32 %add105_lcssa_lcssa285, void %arrayidx834.case.24, i32 %add105_lcssa_lcssa285, void %arrayidx834.case.23, i32 %add105_lcssa_lcssa285, void %arrayidx834.case.22, i32 %add105_lcssa_lcssa285, void %arrayidx834.case.21, i32 %add105_lcssa_lcssa285, void %arrayidx834.case.20, i32 %add105_lcssa_lcssa285, void %arrayidx834.case.19, i32 %add105_lcssa_lcssa285, void %arrayidx834.case.18, i32 %add105_lcssa_lcssa285, void %arrayidx834.case.17, i32 %add105_lcssa_lcssa285, void %arrayidx834.case.16, i32 %add105_lcssa_lcssa285, void %arrayidx834.case.15, i32 %add105_lcssa_lcssa285, void %arrayidx834.case.14, i32 %add105_lcssa_lcssa285, void %arrayidx834.case.13, i32 %add105_lcssa_lcssa285, void %arrayidx834.case.12, i32 %add105_lcssa_lcssa285, void %arrayidx834.case.11, i32 %add105_lcssa_lcssa285, void %arrayidx834.case.10, i32 %add105_lcssa_lcssa285, void %arrayidx834.case.9, i32 %add105_lcssa_lcssa285, void %arrayidx834.case.8, i32 %add105_lcssa_lcssa285, void %arrayidx834.case.7, i32 %add105_lcssa_lcssa285, void %arrayidx834.case.6, i32 %add105_lcssa_lcssa285, void %arrayidx834.case.5, i32 %add105_lcssa_lcssa285, void %arrayidx834.case.4, i32 %add105_lcssa_lcssa285, void %arrayidx834.case.3, i32 %add105_lcssa_lcssa285, void %arrayidx834.case.2, i32 %add105_lcssa_lcssa285, void %arrayidx834.case.1, i32 %add105_lcssa_lcssa285, void %arrayidx834.case.0, i32 %add105_lcssa_lcssa285, void %arrayidx834.case.54, i32 %add105_lcssa_lcssa285, void %VITIS_LOOP_66_11.split" [conv.cpp:80]   --->   Operation 1049 'phi' 'add105_lcssa_lcssa284' <Predicate = true> <Delay = 0.00>
ST_82 : Operation 1050 [1/1] (0.00ns)   --->   "%add105_lcssa_lcssa282 = phi i32 %add105_lcssa_lcssa283, void %arrayidx834.case.52, i32 %add105_lcssa_lcssa283, void %arrayidx834.case.51, i32 %add105_lcssa_lcssa283, void %arrayidx834.case.50, i32 %add105_lcssa_lcssa283, void %arrayidx834.case.49, i32 %add105_lcssa_lcssa283, void %arrayidx834.case.48, i32 %add105_lcssa_lcssa283, void %arrayidx834.case.47, i32 %add105_lcssa_lcssa283, void %arrayidx834.case.46, i32 %add105_lcssa_lcssa283, void %arrayidx834.case.45, i32 %add105_lcssa_lcssa283, void %arrayidx834.case.44, i32 %add105_lcssa_lcssa283, void %arrayidx834.case.43, i32 %sum_2_loc_load, void %arrayidx834.case.42, i32 %add105_lcssa_lcssa283, void %arrayidx834.case.41, i32 %add105_lcssa_lcssa283, void %arrayidx834.case.40, i32 %add105_lcssa_lcssa283, void %arrayidx834.case.39, i32 %add105_lcssa_lcssa283, void %arrayidx834.case.38, i32 %add105_lcssa_lcssa283, void %arrayidx834.case.37, i32 %add105_lcssa_lcssa283, void %arrayidx834.case.36, i32 %add105_lcssa_lcssa283, void %arrayidx834.case.35, i32 %add105_lcssa_lcssa283, void %arrayidx834.case.34, i32 %add105_lcssa_lcssa283, void %arrayidx834.case.33, i32 %add105_lcssa_lcssa283, void %arrayidx834.case.32, i32 %add105_lcssa_lcssa283, void %arrayidx834.case.31, i32 %add105_lcssa_lcssa283, void %arrayidx834.case.30, i32 %add105_lcssa_lcssa283, void %arrayidx834.case.29, i32 %add105_lcssa_lcssa283, void %arrayidx834.case.28, i32 %add105_lcssa_lcssa283, void %arrayidx834.case.27, i32 %add105_lcssa_lcssa283, void %arrayidx834.case.26, i32 %add105_lcssa_lcssa283, void %arrayidx834.case.25, i32 %add105_lcssa_lcssa283, void %arrayidx834.case.24, i32 %add105_lcssa_lcssa283, void %arrayidx834.case.23, i32 %add105_lcssa_lcssa283, void %arrayidx834.case.22, i32 %add105_lcssa_lcssa283, void %arrayidx834.case.21, i32 %add105_lcssa_lcssa283, void %arrayidx834.case.20, i32 %add105_lcssa_lcssa283, void %arrayidx834.case.19, i32 %add105_lcssa_lcssa283, void %arrayidx834.case.18, i32 %add105_lcssa_lcssa283, void %arrayidx834.case.17, i32 %add105_lcssa_lcssa283, void %arrayidx834.case.16, i32 %add105_lcssa_lcssa283, void %arrayidx834.case.15, i32 %add105_lcssa_lcssa283, void %arrayidx834.case.14, i32 %add105_lcssa_lcssa283, void %arrayidx834.case.13, i32 %add105_lcssa_lcssa283, void %arrayidx834.case.12, i32 %add105_lcssa_lcssa283, void %arrayidx834.case.11, i32 %add105_lcssa_lcssa283, void %arrayidx834.case.10, i32 %add105_lcssa_lcssa283, void %arrayidx834.case.9, i32 %add105_lcssa_lcssa283, void %arrayidx834.case.8, i32 %add105_lcssa_lcssa283, void %arrayidx834.case.7, i32 %add105_lcssa_lcssa283, void %arrayidx834.case.6, i32 %add105_lcssa_lcssa283, void %arrayidx834.case.5, i32 %add105_lcssa_lcssa283, void %arrayidx834.case.4, i32 %add105_lcssa_lcssa283, void %arrayidx834.case.3, i32 %add105_lcssa_lcssa283, void %arrayidx834.case.2, i32 %add105_lcssa_lcssa283, void %arrayidx834.case.1, i32 %add105_lcssa_lcssa283, void %arrayidx834.case.0, i32 %add105_lcssa_lcssa283, void %arrayidx834.case.54, i32 %add105_lcssa_lcssa283, void %VITIS_LOOP_66_11.split" [conv.cpp:80]   --->   Operation 1050 'phi' 'add105_lcssa_lcssa282' <Predicate = true> <Delay = 0.00>
ST_82 : Operation 1051 [1/1] (0.00ns)   --->   "%add105_lcssa_lcssa280 = phi i32 %add105_lcssa_lcssa281, void %arrayidx834.case.52, i32 %add105_lcssa_lcssa281, void %arrayidx834.case.51, i32 %add105_lcssa_lcssa281, void %arrayidx834.case.50, i32 %add105_lcssa_lcssa281, void %arrayidx834.case.49, i32 %add105_lcssa_lcssa281, void %arrayidx834.case.48, i32 %add105_lcssa_lcssa281, void %arrayidx834.case.47, i32 %add105_lcssa_lcssa281, void %arrayidx834.case.46, i32 %add105_lcssa_lcssa281, void %arrayidx834.case.45, i32 %add105_lcssa_lcssa281, void %arrayidx834.case.44, i32 %add105_lcssa_lcssa281, void %arrayidx834.case.43, i32 %add105_lcssa_lcssa281, void %arrayidx834.case.42, i32 %sum_2_loc_load, void %arrayidx834.case.41, i32 %add105_lcssa_lcssa281, void %arrayidx834.case.40, i32 %add105_lcssa_lcssa281, void %arrayidx834.case.39, i32 %add105_lcssa_lcssa281, void %arrayidx834.case.38, i32 %add105_lcssa_lcssa281, void %arrayidx834.case.37, i32 %add105_lcssa_lcssa281, void %arrayidx834.case.36, i32 %add105_lcssa_lcssa281, void %arrayidx834.case.35, i32 %add105_lcssa_lcssa281, void %arrayidx834.case.34, i32 %add105_lcssa_lcssa281, void %arrayidx834.case.33, i32 %add105_lcssa_lcssa281, void %arrayidx834.case.32, i32 %add105_lcssa_lcssa281, void %arrayidx834.case.31, i32 %add105_lcssa_lcssa281, void %arrayidx834.case.30, i32 %add105_lcssa_lcssa281, void %arrayidx834.case.29, i32 %add105_lcssa_lcssa281, void %arrayidx834.case.28, i32 %add105_lcssa_lcssa281, void %arrayidx834.case.27, i32 %add105_lcssa_lcssa281, void %arrayidx834.case.26, i32 %add105_lcssa_lcssa281, void %arrayidx834.case.25, i32 %add105_lcssa_lcssa281, void %arrayidx834.case.24, i32 %add105_lcssa_lcssa281, void %arrayidx834.case.23, i32 %add105_lcssa_lcssa281, void %arrayidx834.case.22, i32 %add105_lcssa_lcssa281, void %arrayidx834.case.21, i32 %add105_lcssa_lcssa281, void %arrayidx834.case.20, i32 %add105_lcssa_lcssa281, void %arrayidx834.case.19, i32 %add105_lcssa_lcssa281, void %arrayidx834.case.18, i32 %add105_lcssa_lcssa281, void %arrayidx834.case.17, i32 %add105_lcssa_lcssa281, void %arrayidx834.case.16, i32 %add105_lcssa_lcssa281, void %arrayidx834.case.15, i32 %add105_lcssa_lcssa281, void %arrayidx834.case.14, i32 %add105_lcssa_lcssa281, void %arrayidx834.case.13, i32 %add105_lcssa_lcssa281, void %arrayidx834.case.12, i32 %add105_lcssa_lcssa281, void %arrayidx834.case.11, i32 %add105_lcssa_lcssa281, void %arrayidx834.case.10, i32 %add105_lcssa_lcssa281, void %arrayidx834.case.9, i32 %add105_lcssa_lcssa281, void %arrayidx834.case.8, i32 %add105_lcssa_lcssa281, void %arrayidx834.case.7, i32 %add105_lcssa_lcssa281, void %arrayidx834.case.6, i32 %add105_lcssa_lcssa281, void %arrayidx834.case.5, i32 %add105_lcssa_lcssa281, void %arrayidx834.case.4, i32 %add105_lcssa_lcssa281, void %arrayidx834.case.3, i32 %add105_lcssa_lcssa281, void %arrayidx834.case.2, i32 %add105_lcssa_lcssa281, void %arrayidx834.case.1, i32 %add105_lcssa_lcssa281, void %arrayidx834.case.0, i32 %add105_lcssa_lcssa281, void %arrayidx834.case.54, i32 %add105_lcssa_lcssa281, void %VITIS_LOOP_66_11.split" [conv.cpp:80]   --->   Operation 1051 'phi' 'add105_lcssa_lcssa280' <Predicate = true> <Delay = 0.00>
ST_82 : Operation 1052 [1/1] (0.00ns)   --->   "%add105_lcssa_lcssa278 = phi i32 %add105_lcssa_lcssa279, void %arrayidx834.case.52, i32 %add105_lcssa_lcssa279, void %arrayidx834.case.51, i32 %add105_lcssa_lcssa279, void %arrayidx834.case.50, i32 %add105_lcssa_lcssa279, void %arrayidx834.case.49, i32 %add105_lcssa_lcssa279, void %arrayidx834.case.48, i32 %add105_lcssa_lcssa279, void %arrayidx834.case.47, i32 %add105_lcssa_lcssa279, void %arrayidx834.case.46, i32 %add105_lcssa_lcssa279, void %arrayidx834.case.45, i32 %add105_lcssa_lcssa279, void %arrayidx834.case.44, i32 %add105_lcssa_lcssa279, void %arrayidx834.case.43, i32 %add105_lcssa_lcssa279, void %arrayidx834.case.42, i32 %add105_lcssa_lcssa279, void %arrayidx834.case.41, i32 %sum_2_loc_load, void %arrayidx834.case.40, i32 %add105_lcssa_lcssa279, void %arrayidx834.case.39, i32 %add105_lcssa_lcssa279, void %arrayidx834.case.38, i32 %add105_lcssa_lcssa279, void %arrayidx834.case.37, i32 %add105_lcssa_lcssa279, void %arrayidx834.case.36, i32 %add105_lcssa_lcssa279, void %arrayidx834.case.35, i32 %add105_lcssa_lcssa279, void %arrayidx834.case.34, i32 %add105_lcssa_lcssa279, void %arrayidx834.case.33, i32 %add105_lcssa_lcssa279, void %arrayidx834.case.32, i32 %add105_lcssa_lcssa279, void %arrayidx834.case.31, i32 %add105_lcssa_lcssa279, void %arrayidx834.case.30, i32 %add105_lcssa_lcssa279, void %arrayidx834.case.29, i32 %add105_lcssa_lcssa279, void %arrayidx834.case.28, i32 %add105_lcssa_lcssa279, void %arrayidx834.case.27, i32 %add105_lcssa_lcssa279, void %arrayidx834.case.26, i32 %add105_lcssa_lcssa279, void %arrayidx834.case.25, i32 %add105_lcssa_lcssa279, void %arrayidx834.case.24, i32 %add105_lcssa_lcssa279, void %arrayidx834.case.23, i32 %add105_lcssa_lcssa279, void %arrayidx834.case.22, i32 %add105_lcssa_lcssa279, void %arrayidx834.case.21, i32 %add105_lcssa_lcssa279, void %arrayidx834.case.20, i32 %add105_lcssa_lcssa279, void %arrayidx834.case.19, i32 %add105_lcssa_lcssa279, void %arrayidx834.case.18, i32 %add105_lcssa_lcssa279, void %arrayidx834.case.17, i32 %add105_lcssa_lcssa279, void %arrayidx834.case.16, i32 %add105_lcssa_lcssa279, void %arrayidx834.case.15, i32 %add105_lcssa_lcssa279, void %arrayidx834.case.14, i32 %add105_lcssa_lcssa279, void %arrayidx834.case.13, i32 %add105_lcssa_lcssa279, void %arrayidx834.case.12, i32 %add105_lcssa_lcssa279, void %arrayidx834.case.11, i32 %add105_lcssa_lcssa279, void %arrayidx834.case.10, i32 %add105_lcssa_lcssa279, void %arrayidx834.case.9, i32 %add105_lcssa_lcssa279, void %arrayidx834.case.8, i32 %add105_lcssa_lcssa279, void %arrayidx834.case.7, i32 %add105_lcssa_lcssa279, void %arrayidx834.case.6, i32 %add105_lcssa_lcssa279, void %arrayidx834.case.5, i32 %add105_lcssa_lcssa279, void %arrayidx834.case.4, i32 %add105_lcssa_lcssa279, void %arrayidx834.case.3, i32 %add105_lcssa_lcssa279, void %arrayidx834.case.2, i32 %add105_lcssa_lcssa279, void %arrayidx834.case.1, i32 %add105_lcssa_lcssa279, void %arrayidx834.case.0, i32 %add105_lcssa_lcssa279, void %arrayidx834.case.54, i32 %add105_lcssa_lcssa279, void %VITIS_LOOP_66_11.split" [conv.cpp:80]   --->   Operation 1052 'phi' 'add105_lcssa_lcssa278' <Predicate = true> <Delay = 0.00>
ST_82 : Operation 1053 [1/1] (0.00ns)   --->   "%add105_lcssa_lcssa276 = phi i32 %add105_lcssa_lcssa277, void %arrayidx834.case.52, i32 %add105_lcssa_lcssa277, void %arrayidx834.case.51, i32 %add105_lcssa_lcssa277, void %arrayidx834.case.50, i32 %add105_lcssa_lcssa277, void %arrayidx834.case.49, i32 %add105_lcssa_lcssa277, void %arrayidx834.case.48, i32 %add105_lcssa_lcssa277, void %arrayidx834.case.47, i32 %add105_lcssa_lcssa277, void %arrayidx834.case.46, i32 %add105_lcssa_lcssa277, void %arrayidx834.case.45, i32 %add105_lcssa_lcssa277, void %arrayidx834.case.44, i32 %add105_lcssa_lcssa277, void %arrayidx834.case.43, i32 %add105_lcssa_lcssa277, void %arrayidx834.case.42, i32 %add105_lcssa_lcssa277, void %arrayidx834.case.41, i32 %add105_lcssa_lcssa277, void %arrayidx834.case.40, i32 %sum_2_loc_load, void %arrayidx834.case.39, i32 %add105_lcssa_lcssa277, void %arrayidx834.case.38, i32 %add105_lcssa_lcssa277, void %arrayidx834.case.37, i32 %add105_lcssa_lcssa277, void %arrayidx834.case.36, i32 %add105_lcssa_lcssa277, void %arrayidx834.case.35, i32 %add105_lcssa_lcssa277, void %arrayidx834.case.34, i32 %add105_lcssa_lcssa277, void %arrayidx834.case.33, i32 %add105_lcssa_lcssa277, void %arrayidx834.case.32, i32 %add105_lcssa_lcssa277, void %arrayidx834.case.31, i32 %add105_lcssa_lcssa277, void %arrayidx834.case.30, i32 %add105_lcssa_lcssa277, void %arrayidx834.case.29, i32 %add105_lcssa_lcssa277, void %arrayidx834.case.28, i32 %add105_lcssa_lcssa277, void %arrayidx834.case.27, i32 %add105_lcssa_lcssa277, void %arrayidx834.case.26, i32 %add105_lcssa_lcssa277, void %arrayidx834.case.25, i32 %add105_lcssa_lcssa277, void %arrayidx834.case.24, i32 %add105_lcssa_lcssa277, void %arrayidx834.case.23, i32 %add105_lcssa_lcssa277, void %arrayidx834.case.22, i32 %add105_lcssa_lcssa277, void %arrayidx834.case.21, i32 %add105_lcssa_lcssa277, void %arrayidx834.case.20, i32 %add105_lcssa_lcssa277, void %arrayidx834.case.19, i32 %add105_lcssa_lcssa277, void %arrayidx834.case.18, i32 %add105_lcssa_lcssa277, void %arrayidx834.case.17, i32 %add105_lcssa_lcssa277, void %arrayidx834.case.16, i32 %add105_lcssa_lcssa277, void %arrayidx834.case.15, i32 %add105_lcssa_lcssa277, void %arrayidx834.case.14, i32 %add105_lcssa_lcssa277, void %arrayidx834.case.13, i32 %add105_lcssa_lcssa277, void %arrayidx834.case.12, i32 %add105_lcssa_lcssa277, void %arrayidx834.case.11, i32 %add105_lcssa_lcssa277, void %arrayidx834.case.10, i32 %add105_lcssa_lcssa277, void %arrayidx834.case.9, i32 %add105_lcssa_lcssa277, void %arrayidx834.case.8, i32 %add105_lcssa_lcssa277, void %arrayidx834.case.7, i32 %add105_lcssa_lcssa277, void %arrayidx834.case.6, i32 %add105_lcssa_lcssa277, void %arrayidx834.case.5, i32 %add105_lcssa_lcssa277, void %arrayidx834.case.4, i32 %add105_lcssa_lcssa277, void %arrayidx834.case.3, i32 %add105_lcssa_lcssa277, void %arrayidx834.case.2, i32 %add105_lcssa_lcssa277, void %arrayidx834.case.1, i32 %add105_lcssa_lcssa277, void %arrayidx834.case.0, i32 %add105_lcssa_lcssa277, void %arrayidx834.case.54, i32 %add105_lcssa_lcssa277, void %VITIS_LOOP_66_11.split" [conv.cpp:80]   --->   Operation 1053 'phi' 'add105_lcssa_lcssa276' <Predicate = true> <Delay = 0.00>
ST_82 : Operation 1054 [1/1] (0.00ns)   --->   "%add105_lcssa_lcssa274 = phi i32 %add105_lcssa_lcssa275, void %arrayidx834.case.52, i32 %add105_lcssa_lcssa275, void %arrayidx834.case.51, i32 %add105_lcssa_lcssa275, void %arrayidx834.case.50, i32 %add105_lcssa_lcssa275, void %arrayidx834.case.49, i32 %add105_lcssa_lcssa275, void %arrayidx834.case.48, i32 %add105_lcssa_lcssa275, void %arrayidx834.case.47, i32 %add105_lcssa_lcssa275, void %arrayidx834.case.46, i32 %add105_lcssa_lcssa275, void %arrayidx834.case.45, i32 %add105_lcssa_lcssa275, void %arrayidx834.case.44, i32 %add105_lcssa_lcssa275, void %arrayidx834.case.43, i32 %add105_lcssa_lcssa275, void %arrayidx834.case.42, i32 %add105_lcssa_lcssa275, void %arrayidx834.case.41, i32 %add105_lcssa_lcssa275, void %arrayidx834.case.40, i32 %add105_lcssa_lcssa275, void %arrayidx834.case.39, i32 %sum_2_loc_load, void %arrayidx834.case.38, i32 %add105_lcssa_lcssa275, void %arrayidx834.case.37, i32 %add105_lcssa_lcssa275, void %arrayidx834.case.36, i32 %add105_lcssa_lcssa275, void %arrayidx834.case.35, i32 %add105_lcssa_lcssa275, void %arrayidx834.case.34, i32 %add105_lcssa_lcssa275, void %arrayidx834.case.33, i32 %add105_lcssa_lcssa275, void %arrayidx834.case.32, i32 %add105_lcssa_lcssa275, void %arrayidx834.case.31, i32 %add105_lcssa_lcssa275, void %arrayidx834.case.30, i32 %add105_lcssa_lcssa275, void %arrayidx834.case.29, i32 %add105_lcssa_lcssa275, void %arrayidx834.case.28, i32 %add105_lcssa_lcssa275, void %arrayidx834.case.27, i32 %add105_lcssa_lcssa275, void %arrayidx834.case.26, i32 %add105_lcssa_lcssa275, void %arrayidx834.case.25, i32 %add105_lcssa_lcssa275, void %arrayidx834.case.24, i32 %add105_lcssa_lcssa275, void %arrayidx834.case.23, i32 %add105_lcssa_lcssa275, void %arrayidx834.case.22, i32 %add105_lcssa_lcssa275, void %arrayidx834.case.21, i32 %add105_lcssa_lcssa275, void %arrayidx834.case.20, i32 %add105_lcssa_lcssa275, void %arrayidx834.case.19, i32 %add105_lcssa_lcssa275, void %arrayidx834.case.18, i32 %add105_lcssa_lcssa275, void %arrayidx834.case.17, i32 %add105_lcssa_lcssa275, void %arrayidx834.case.16, i32 %add105_lcssa_lcssa275, void %arrayidx834.case.15, i32 %add105_lcssa_lcssa275, void %arrayidx834.case.14, i32 %add105_lcssa_lcssa275, void %arrayidx834.case.13, i32 %add105_lcssa_lcssa275, void %arrayidx834.case.12, i32 %add105_lcssa_lcssa275, void %arrayidx834.case.11, i32 %add105_lcssa_lcssa275, void %arrayidx834.case.10, i32 %add105_lcssa_lcssa275, void %arrayidx834.case.9, i32 %add105_lcssa_lcssa275, void %arrayidx834.case.8, i32 %add105_lcssa_lcssa275, void %arrayidx834.case.7, i32 %add105_lcssa_lcssa275, void %arrayidx834.case.6, i32 %add105_lcssa_lcssa275, void %arrayidx834.case.5, i32 %add105_lcssa_lcssa275, void %arrayidx834.case.4, i32 %add105_lcssa_lcssa275, void %arrayidx834.case.3, i32 %add105_lcssa_lcssa275, void %arrayidx834.case.2, i32 %add105_lcssa_lcssa275, void %arrayidx834.case.1, i32 %add105_lcssa_lcssa275, void %arrayidx834.case.0, i32 %add105_lcssa_lcssa275, void %arrayidx834.case.54, i32 %add105_lcssa_lcssa275, void %VITIS_LOOP_66_11.split" [conv.cpp:80]   --->   Operation 1054 'phi' 'add105_lcssa_lcssa274' <Predicate = true> <Delay = 0.00>
ST_82 : Operation 1055 [1/1] (0.00ns)   --->   "%add105_lcssa_lcssa272 = phi i32 %add105_lcssa_lcssa273, void %arrayidx834.case.52, i32 %add105_lcssa_lcssa273, void %arrayidx834.case.51, i32 %add105_lcssa_lcssa273, void %arrayidx834.case.50, i32 %add105_lcssa_lcssa273, void %arrayidx834.case.49, i32 %add105_lcssa_lcssa273, void %arrayidx834.case.48, i32 %add105_lcssa_lcssa273, void %arrayidx834.case.47, i32 %add105_lcssa_lcssa273, void %arrayidx834.case.46, i32 %add105_lcssa_lcssa273, void %arrayidx834.case.45, i32 %add105_lcssa_lcssa273, void %arrayidx834.case.44, i32 %add105_lcssa_lcssa273, void %arrayidx834.case.43, i32 %add105_lcssa_lcssa273, void %arrayidx834.case.42, i32 %add105_lcssa_lcssa273, void %arrayidx834.case.41, i32 %add105_lcssa_lcssa273, void %arrayidx834.case.40, i32 %add105_lcssa_lcssa273, void %arrayidx834.case.39, i32 %add105_lcssa_lcssa273, void %arrayidx834.case.38, i32 %sum_2_loc_load, void %arrayidx834.case.37, i32 %add105_lcssa_lcssa273, void %arrayidx834.case.36, i32 %add105_lcssa_lcssa273, void %arrayidx834.case.35, i32 %add105_lcssa_lcssa273, void %arrayidx834.case.34, i32 %add105_lcssa_lcssa273, void %arrayidx834.case.33, i32 %add105_lcssa_lcssa273, void %arrayidx834.case.32, i32 %add105_lcssa_lcssa273, void %arrayidx834.case.31, i32 %add105_lcssa_lcssa273, void %arrayidx834.case.30, i32 %add105_lcssa_lcssa273, void %arrayidx834.case.29, i32 %add105_lcssa_lcssa273, void %arrayidx834.case.28, i32 %add105_lcssa_lcssa273, void %arrayidx834.case.27, i32 %add105_lcssa_lcssa273, void %arrayidx834.case.26, i32 %add105_lcssa_lcssa273, void %arrayidx834.case.25, i32 %add105_lcssa_lcssa273, void %arrayidx834.case.24, i32 %add105_lcssa_lcssa273, void %arrayidx834.case.23, i32 %add105_lcssa_lcssa273, void %arrayidx834.case.22, i32 %add105_lcssa_lcssa273, void %arrayidx834.case.21, i32 %add105_lcssa_lcssa273, void %arrayidx834.case.20, i32 %add105_lcssa_lcssa273, void %arrayidx834.case.19, i32 %add105_lcssa_lcssa273, void %arrayidx834.case.18, i32 %add105_lcssa_lcssa273, void %arrayidx834.case.17, i32 %add105_lcssa_lcssa273, void %arrayidx834.case.16, i32 %add105_lcssa_lcssa273, void %arrayidx834.case.15, i32 %add105_lcssa_lcssa273, void %arrayidx834.case.14, i32 %add105_lcssa_lcssa273, void %arrayidx834.case.13, i32 %add105_lcssa_lcssa273, void %arrayidx834.case.12, i32 %add105_lcssa_lcssa273, void %arrayidx834.case.11, i32 %add105_lcssa_lcssa273, void %arrayidx834.case.10, i32 %add105_lcssa_lcssa273, void %arrayidx834.case.9, i32 %add105_lcssa_lcssa273, void %arrayidx834.case.8, i32 %add105_lcssa_lcssa273, void %arrayidx834.case.7, i32 %add105_lcssa_lcssa273, void %arrayidx834.case.6, i32 %add105_lcssa_lcssa273, void %arrayidx834.case.5, i32 %add105_lcssa_lcssa273, void %arrayidx834.case.4, i32 %add105_lcssa_lcssa273, void %arrayidx834.case.3, i32 %add105_lcssa_lcssa273, void %arrayidx834.case.2, i32 %add105_lcssa_lcssa273, void %arrayidx834.case.1, i32 %add105_lcssa_lcssa273, void %arrayidx834.case.0, i32 %add105_lcssa_lcssa273, void %arrayidx834.case.54, i32 %add105_lcssa_lcssa273, void %VITIS_LOOP_66_11.split" [conv.cpp:80]   --->   Operation 1055 'phi' 'add105_lcssa_lcssa272' <Predicate = true> <Delay = 0.00>
ST_82 : Operation 1056 [1/1] (0.00ns)   --->   "%add105_lcssa_lcssa270 = phi i32 %add105_lcssa_lcssa271, void %arrayidx834.case.52, i32 %add105_lcssa_lcssa271, void %arrayidx834.case.51, i32 %add105_lcssa_lcssa271, void %arrayidx834.case.50, i32 %add105_lcssa_lcssa271, void %arrayidx834.case.49, i32 %add105_lcssa_lcssa271, void %arrayidx834.case.48, i32 %add105_lcssa_lcssa271, void %arrayidx834.case.47, i32 %add105_lcssa_lcssa271, void %arrayidx834.case.46, i32 %add105_lcssa_lcssa271, void %arrayidx834.case.45, i32 %add105_lcssa_lcssa271, void %arrayidx834.case.44, i32 %add105_lcssa_lcssa271, void %arrayidx834.case.43, i32 %add105_lcssa_lcssa271, void %arrayidx834.case.42, i32 %add105_lcssa_lcssa271, void %arrayidx834.case.41, i32 %add105_lcssa_lcssa271, void %arrayidx834.case.40, i32 %add105_lcssa_lcssa271, void %arrayidx834.case.39, i32 %add105_lcssa_lcssa271, void %arrayidx834.case.38, i32 %add105_lcssa_lcssa271, void %arrayidx834.case.37, i32 %sum_2_loc_load, void %arrayidx834.case.36, i32 %add105_lcssa_lcssa271, void %arrayidx834.case.35, i32 %add105_lcssa_lcssa271, void %arrayidx834.case.34, i32 %add105_lcssa_lcssa271, void %arrayidx834.case.33, i32 %add105_lcssa_lcssa271, void %arrayidx834.case.32, i32 %add105_lcssa_lcssa271, void %arrayidx834.case.31, i32 %add105_lcssa_lcssa271, void %arrayidx834.case.30, i32 %add105_lcssa_lcssa271, void %arrayidx834.case.29, i32 %add105_lcssa_lcssa271, void %arrayidx834.case.28, i32 %add105_lcssa_lcssa271, void %arrayidx834.case.27, i32 %add105_lcssa_lcssa271, void %arrayidx834.case.26, i32 %add105_lcssa_lcssa271, void %arrayidx834.case.25, i32 %add105_lcssa_lcssa271, void %arrayidx834.case.24, i32 %add105_lcssa_lcssa271, void %arrayidx834.case.23, i32 %add105_lcssa_lcssa271, void %arrayidx834.case.22, i32 %add105_lcssa_lcssa271, void %arrayidx834.case.21, i32 %add105_lcssa_lcssa271, void %arrayidx834.case.20, i32 %add105_lcssa_lcssa271, void %arrayidx834.case.19, i32 %add105_lcssa_lcssa271, void %arrayidx834.case.18, i32 %add105_lcssa_lcssa271, void %arrayidx834.case.17, i32 %add105_lcssa_lcssa271, void %arrayidx834.case.16, i32 %add105_lcssa_lcssa271, void %arrayidx834.case.15, i32 %add105_lcssa_lcssa271, void %arrayidx834.case.14, i32 %add105_lcssa_lcssa271, void %arrayidx834.case.13, i32 %add105_lcssa_lcssa271, void %arrayidx834.case.12, i32 %add105_lcssa_lcssa271, void %arrayidx834.case.11, i32 %add105_lcssa_lcssa271, void %arrayidx834.case.10, i32 %add105_lcssa_lcssa271, void %arrayidx834.case.9, i32 %add105_lcssa_lcssa271, void %arrayidx834.case.8, i32 %add105_lcssa_lcssa271, void %arrayidx834.case.7, i32 %add105_lcssa_lcssa271, void %arrayidx834.case.6, i32 %add105_lcssa_lcssa271, void %arrayidx834.case.5, i32 %add105_lcssa_lcssa271, void %arrayidx834.case.4, i32 %add105_lcssa_lcssa271, void %arrayidx834.case.3, i32 %add105_lcssa_lcssa271, void %arrayidx834.case.2, i32 %add105_lcssa_lcssa271, void %arrayidx834.case.1, i32 %add105_lcssa_lcssa271, void %arrayidx834.case.0, i32 %add105_lcssa_lcssa271, void %arrayidx834.case.54, i32 %add105_lcssa_lcssa271, void %VITIS_LOOP_66_11.split" [conv.cpp:80]   --->   Operation 1056 'phi' 'add105_lcssa_lcssa270' <Predicate = true> <Delay = 0.00>
ST_82 : Operation 1057 [1/1] (0.00ns)   --->   "%add105_lcssa_lcssa268 = phi i32 %add105_lcssa_lcssa269, void %arrayidx834.case.52, i32 %add105_lcssa_lcssa269, void %arrayidx834.case.51, i32 %add105_lcssa_lcssa269, void %arrayidx834.case.50, i32 %add105_lcssa_lcssa269, void %arrayidx834.case.49, i32 %add105_lcssa_lcssa269, void %arrayidx834.case.48, i32 %add105_lcssa_lcssa269, void %arrayidx834.case.47, i32 %add105_lcssa_lcssa269, void %arrayidx834.case.46, i32 %add105_lcssa_lcssa269, void %arrayidx834.case.45, i32 %add105_lcssa_lcssa269, void %arrayidx834.case.44, i32 %add105_lcssa_lcssa269, void %arrayidx834.case.43, i32 %add105_lcssa_lcssa269, void %arrayidx834.case.42, i32 %add105_lcssa_lcssa269, void %arrayidx834.case.41, i32 %add105_lcssa_lcssa269, void %arrayidx834.case.40, i32 %add105_lcssa_lcssa269, void %arrayidx834.case.39, i32 %add105_lcssa_lcssa269, void %arrayidx834.case.38, i32 %add105_lcssa_lcssa269, void %arrayidx834.case.37, i32 %add105_lcssa_lcssa269, void %arrayidx834.case.36, i32 %sum_2_loc_load, void %arrayidx834.case.35, i32 %add105_lcssa_lcssa269, void %arrayidx834.case.34, i32 %add105_lcssa_lcssa269, void %arrayidx834.case.33, i32 %add105_lcssa_lcssa269, void %arrayidx834.case.32, i32 %add105_lcssa_lcssa269, void %arrayidx834.case.31, i32 %add105_lcssa_lcssa269, void %arrayidx834.case.30, i32 %add105_lcssa_lcssa269, void %arrayidx834.case.29, i32 %add105_lcssa_lcssa269, void %arrayidx834.case.28, i32 %add105_lcssa_lcssa269, void %arrayidx834.case.27, i32 %add105_lcssa_lcssa269, void %arrayidx834.case.26, i32 %add105_lcssa_lcssa269, void %arrayidx834.case.25, i32 %add105_lcssa_lcssa269, void %arrayidx834.case.24, i32 %add105_lcssa_lcssa269, void %arrayidx834.case.23, i32 %add105_lcssa_lcssa269, void %arrayidx834.case.22, i32 %add105_lcssa_lcssa269, void %arrayidx834.case.21, i32 %add105_lcssa_lcssa269, void %arrayidx834.case.20, i32 %add105_lcssa_lcssa269, void %arrayidx834.case.19, i32 %add105_lcssa_lcssa269, void %arrayidx834.case.18, i32 %add105_lcssa_lcssa269, void %arrayidx834.case.17, i32 %add105_lcssa_lcssa269, void %arrayidx834.case.16, i32 %add105_lcssa_lcssa269, void %arrayidx834.case.15, i32 %add105_lcssa_lcssa269, void %arrayidx834.case.14, i32 %add105_lcssa_lcssa269, void %arrayidx834.case.13, i32 %add105_lcssa_lcssa269, void %arrayidx834.case.12, i32 %add105_lcssa_lcssa269, void %arrayidx834.case.11, i32 %add105_lcssa_lcssa269, void %arrayidx834.case.10, i32 %add105_lcssa_lcssa269, void %arrayidx834.case.9, i32 %add105_lcssa_lcssa269, void %arrayidx834.case.8, i32 %add105_lcssa_lcssa269, void %arrayidx834.case.7, i32 %add105_lcssa_lcssa269, void %arrayidx834.case.6, i32 %add105_lcssa_lcssa269, void %arrayidx834.case.5, i32 %add105_lcssa_lcssa269, void %arrayidx834.case.4, i32 %add105_lcssa_lcssa269, void %arrayidx834.case.3, i32 %add105_lcssa_lcssa269, void %arrayidx834.case.2, i32 %add105_lcssa_lcssa269, void %arrayidx834.case.1, i32 %add105_lcssa_lcssa269, void %arrayidx834.case.0, i32 %add105_lcssa_lcssa269, void %arrayidx834.case.54, i32 %add105_lcssa_lcssa269, void %VITIS_LOOP_66_11.split" [conv.cpp:80]   --->   Operation 1057 'phi' 'add105_lcssa_lcssa268' <Predicate = true> <Delay = 0.00>
ST_82 : Operation 1058 [1/1] (0.00ns)   --->   "%add105_lcssa_lcssa266 = phi i32 %add105_lcssa_lcssa267, void %arrayidx834.case.52, i32 %add105_lcssa_lcssa267, void %arrayidx834.case.51, i32 %add105_lcssa_lcssa267, void %arrayidx834.case.50, i32 %add105_lcssa_lcssa267, void %arrayidx834.case.49, i32 %add105_lcssa_lcssa267, void %arrayidx834.case.48, i32 %add105_lcssa_lcssa267, void %arrayidx834.case.47, i32 %add105_lcssa_lcssa267, void %arrayidx834.case.46, i32 %add105_lcssa_lcssa267, void %arrayidx834.case.45, i32 %add105_lcssa_lcssa267, void %arrayidx834.case.44, i32 %add105_lcssa_lcssa267, void %arrayidx834.case.43, i32 %add105_lcssa_lcssa267, void %arrayidx834.case.42, i32 %add105_lcssa_lcssa267, void %arrayidx834.case.41, i32 %add105_lcssa_lcssa267, void %arrayidx834.case.40, i32 %add105_lcssa_lcssa267, void %arrayidx834.case.39, i32 %add105_lcssa_lcssa267, void %arrayidx834.case.38, i32 %add105_lcssa_lcssa267, void %arrayidx834.case.37, i32 %add105_lcssa_lcssa267, void %arrayidx834.case.36, i32 %add105_lcssa_lcssa267, void %arrayidx834.case.35, i32 %sum_2_loc_load, void %arrayidx834.case.34, i32 %add105_lcssa_lcssa267, void %arrayidx834.case.33, i32 %add105_lcssa_lcssa267, void %arrayidx834.case.32, i32 %add105_lcssa_lcssa267, void %arrayidx834.case.31, i32 %add105_lcssa_lcssa267, void %arrayidx834.case.30, i32 %add105_lcssa_lcssa267, void %arrayidx834.case.29, i32 %add105_lcssa_lcssa267, void %arrayidx834.case.28, i32 %add105_lcssa_lcssa267, void %arrayidx834.case.27, i32 %add105_lcssa_lcssa267, void %arrayidx834.case.26, i32 %add105_lcssa_lcssa267, void %arrayidx834.case.25, i32 %add105_lcssa_lcssa267, void %arrayidx834.case.24, i32 %add105_lcssa_lcssa267, void %arrayidx834.case.23, i32 %add105_lcssa_lcssa267, void %arrayidx834.case.22, i32 %add105_lcssa_lcssa267, void %arrayidx834.case.21, i32 %add105_lcssa_lcssa267, void %arrayidx834.case.20, i32 %add105_lcssa_lcssa267, void %arrayidx834.case.19, i32 %add105_lcssa_lcssa267, void %arrayidx834.case.18, i32 %add105_lcssa_lcssa267, void %arrayidx834.case.17, i32 %add105_lcssa_lcssa267, void %arrayidx834.case.16, i32 %add105_lcssa_lcssa267, void %arrayidx834.case.15, i32 %add105_lcssa_lcssa267, void %arrayidx834.case.14, i32 %add105_lcssa_lcssa267, void %arrayidx834.case.13, i32 %add105_lcssa_lcssa267, void %arrayidx834.case.12, i32 %add105_lcssa_lcssa267, void %arrayidx834.case.11, i32 %add105_lcssa_lcssa267, void %arrayidx834.case.10, i32 %add105_lcssa_lcssa267, void %arrayidx834.case.9, i32 %add105_lcssa_lcssa267, void %arrayidx834.case.8, i32 %add105_lcssa_lcssa267, void %arrayidx834.case.7, i32 %add105_lcssa_lcssa267, void %arrayidx834.case.6, i32 %add105_lcssa_lcssa267, void %arrayidx834.case.5, i32 %add105_lcssa_lcssa267, void %arrayidx834.case.4, i32 %add105_lcssa_lcssa267, void %arrayidx834.case.3, i32 %add105_lcssa_lcssa267, void %arrayidx834.case.2, i32 %add105_lcssa_lcssa267, void %arrayidx834.case.1, i32 %add105_lcssa_lcssa267, void %arrayidx834.case.0, i32 %add105_lcssa_lcssa267, void %arrayidx834.case.54, i32 %add105_lcssa_lcssa267, void %VITIS_LOOP_66_11.split" [conv.cpp:80]   --->   Operation 1058 'phi' 'add105_lcssa_lcssa266' <Predicate = true> <Delay = 0.00>
ST_82 : Operation 1059 [1/1] (0.00ns)   --->   "%add105_lcssa_lcssa264 = phi i32 %add105_lcssa_lcssa265, void %arrayidx834.case.52, i32 %add105_lcssa_lcssa265, void %arrayidx834.case.51, i32 %add105_lcssa_lcssa265, void %arrayidx834.case.50, i32 %add105_lcssa_lcssa265, void %arrayidx834.case.49, i32 %add105_lcssa_lcssa265, void %arrayidx834.case.48, i32 %add105_lcssa_lcssa265, void %arrayidx834.case.47, i32 %add105_lcssa_lcssa265, void %arrayidx834.case.46, i32 %add105_lcssa_lcssa265, void %arrayidx834.case.45, i32 %add105_lcssa_lcssa265, void %arrayidx834.case.44, i32 %add105_lcssa_lcssa265, void %arrayidx834.case.43, i32 %add105_lcssa_lcssa265, void %arrayidx834.case.42, i32 %add105_lcssa_lcssa265, void %arrayidx834.case.41, i32 %add105_lcssa_lcssa265, void %arrayidx834.case.40, i32 %add105_lcssa_lcssa265, void %arrayidx834.case.39, i32 %add105_lcssa_lcssa265, void %arrayidx834.case.38, i32 %add105_lcssa_lcssa265, void %arrayidx834.case.37, i32 %add105_lcssa_lcssa265, void %arrayidx834.case.36, i32 %add105_lcssa_lcssa265, void %arrayidx834.case.35, i32 %add105_lcssa_lcssa265, void %arrayidx834.case.34, i32 %sum_2_loc_load, void %arrayidx834.case.33, i32 %add105_lcssa_lcssa265, void %arrayidx834.case.32, i32 %add105_lcssa_lcssa265, void %arrayidx834.case.31, i32 %add105_lcssa_lcssa265, void %arrayidx834.case.30, i32 %add105_lcssa_lcssa265, void %arrayidx834.case.29, i32 %add105_lcssa_lcssa265, void %arrayidx834.case.28, i32 %add105_lcssa_lcssa265, void %arrayidx834.case.27, i32 %add105_lcssa_lcssa265, void %arrayidx834.case.26, i32 %add105_lcssa_lcssa265, void %arrayidx834.case.25, i32 %add105_lcssa_lcssa265, void %arrayidx834.case.24, i32 %add105_lcssa_lcssa265, void %arrayidx834.case.23, i32 %add105_lcssa_lcssa265, void %arrayidx834.case.22, i32 %add105_lcssa_lcssa265, void %arrayidx834.case.21, i32 %add105_lcssa_lcssa265, void %arrayidx834.case.20, i32 %add105_lcssa_lcssa265, void %arrayidx834.case.19, i32 %add105_lcssa_lcssa265, void %arrayidx834.case.18, i32 %add105_lcssa_lcssa265, void %arrayidx834.case.17, i32 %add105_lcssa_lcssa265, void %arrayidx834.case.16, i32 %add105_lcssa_lcssa265, void %arrayidx834.case.15, i32 %add105_lcssa_lcssa265, void %arrayidx834.case.14, i32 %add105_lcssa_lcssa265, void %arrayidx834.case.13, i32 %add105_lcssa_lcssa265, void %arrayidx834.case.12, i32 %add105_lcssa_lcssa265, void %arrayidx834.case.11, i32 %add105_lcssa_lcssa265, void %arrayidx834.case.10, i32 %add105_lcssa_lcssa265, void %arrayidx834.case.9, i32 %add105_lcssa_lcssa265, void %arrayidx834.case.8, i32 %add105_lcssa_lcssa265, void %arrayidx834.case.7, i32 %add105_lcssa_lcssa265, void %arrayidx834.case.6, i32 %add105_lcssa_lcssa265, void %arrayidx834.case.5, i32 %add105_lcssa_lcssa265, void %arrayidx834.case.4, i32 %add105_lcssa_lcssa265, void %arrayidx834.case.3, i32 %add105_lcssa_lcssa265, void %arrayidx834.case.2, i32 %add105_lcssa_lcssa265, void %arrayidx834.case.1, i32 %add105_lcssa_lcssa265, void %arrayidx834.case.0, i32 %add105_lcssa_lcssa265, void %arrayidx834.case.54, i32 %add105_lcssa_lcssa265, void %VITIS_LOOP_66_11.split" [conv.cpp:80]   --->   Operation 1059 'phi' 'add105_lcssa_lcssa264' <Predicate = true> <Delay = 0.00>
ST_82 : Operation 1060 [1/1] (0.00ns)   --->   "%add105_lcssa_lcssa262 = phi i32 %add105_lcssa_lcssa263, void %arrayidx834.case.52, i32 %add105_lcssa_lcssa263, void %arrayidx834.case.51, i32 %add105_lcssa_lcssa263, void %arrayidx834.case.50, i32 %add105_lcssa_lcssa263, void %arrayidx834.case.49, i32 %add105_lcssa_lcssa263, void %arrayidx834.case.48, i32 %add105_lcssa_lcssa263, void %arrayidx834.case.47, i32 %add105_lcssa_lcssa263, void %arrayidx834.case.46, i32 %add105_lcssa_lcssa263, void %arrayidx834.case.45, i32 %add105_lcssa_lcssa263, void %arrayidx834.case.44, i32 %add105_lcssa_lcssa263, void %arrayidx834.case.43, i32 %add105_lcssa_lcssa263, void %arrayidx834.case.42, i32 %add105_lcssa_lcssa263, void %arrayidx834.case.41, i32 %add105_lcssa_lcssa263, void %arrayidx834.case.40, i32 %add105_lcssa_lcssa263, void %arrayidx834.case.39, i32 %add105_lcssa_lcssa263, void %arrayidx834.case.38, i32 %add105_lcssa_lcssa263, void %arrayidx834.case.37, i32 %add105_lcssa_lcssa263, void %arrayidx834.case.36, i32 %add105_lcssa_lcssa263, void %arrayidx834.case.35, i32 %add105_lcssa_lcssa263, void %arrayidx834.case.34, i32 %add105_lcssa_lcssa263, void %arrayidx834.case.33, i32 %sum_2_loc_load, void %arrayidx834.case.32, i32 %add105_lcssa_lcssa263, void %arrayidx834.case.31, i32 %add105_lcssa_lcssa263, void %arrayidx834.case.30, i32 %add105_lcssa_lcssa263, void %arrayidx834.case.29, i32 %add105_lcssa_lcssa263, void %arrayidx834.case.28, i32 %add105_lcssa_lcssa263, void %arrayidx834.case.27, i32 %add105_lcssa_lcssa263, void %arrayidx834.case.26, i32 %add105_lcssa_lcssa263, void %arrayidx834.case.25, i32 %add105_lcssa_lcssa263, void %arrayidx834.case.24, i32 %add105_lcssa_lcssa263, void %arrayidx834.case.23, i32 %add105_lcssa_lcssa263, void %arrayidx834.case.22, i32 %add105_lcssa_lcssa263, void %arrayidx834.case.21, i32 %add105_lcssa_lcssa263, void %arrayidx834.case.20, i32 %add105_lcssa_lcssa263, void %arrayidx834.case.19, i32 %add105_lcssa_lcssa263, void %arrayidx834.case.18, i32 %add105_lcssa_lcssa263, void %arrayidx834.case.17, i32 %add105_lcssa_lcssa263, void %arrayidx834.case.16, i32 %add105_lcssa_lcssa263, void %arrayidx834.case.15, i32 %add105_lcssa_lcssa263, void %arrayidx834.case.14, i32 %add105_lcssa_lcssa263, void %arrayidx834.case.13, i32 %add105_lcssa_lcssa263, void %arrayidx834.case.12, i32 %add105_lcssa_lcssa263, void %arrayidx834.case.11, i32 %add105_lcssa_lcssa263, void %arrayidx834.case.10, i32 %add105_lcssa_lcssa263, void %arrayidx834.case.9, i32 %add105_lcssa_lcssa263, void %arrayidx834.case.8, i32 %add105_lcssa_lcssa263, void %arrayidx834.case.7, i32 %add105_lcssa_lcssa263, void %arrayidx834.case.6, i32 %add105_lcssa_lcssa263, void %arrayidx834.case.5, i32 %add105_lcssa_lcssa263, void %arrayidx834.case.4, i32 %add105_lcssa_lcssa263, void %arrayidx834.case.3, i32 %add105_lcssa_lcssa263, void %arrayidx834.case.2, i32 %add105_lcssa_lcssa263, void %arrayidx834.case.1, i32 %add105_lcssa_lcssa263, void %arrayidx834.case.0, i32 %add105_lcssa_lcssa263, void %arrayidx834.case.54, i32 %add105_lcssa_lcssa263, void %VITIS_LOOP_66_11.split" [conv.cpp:80]   --->   Operation 1060 'phi' 'add105_lcssa_lcssa262' <Predicate = true> <Delay = 0.00>
ST_82 : Operation 1061 [1/1] (0.00ns)   --->   "%add105_lcssa_lcssa260 = phi i32 %add105_lcssa_lcssa261, void %arrayidx834.case.52, i32 %add105_lcssa_lcssa261, void %arrayidx834.case.51, i32 %add105_lcssa_lcssa261, void %arrayidx834.case.50, i32 %add105_lcssa_lcssa261, void %arrayidx834.case.49, i32 %add105_lcssa_lcssa261, void %arrayidx834.case.48, i32 %add105_lcssa_lcssa261, void %arrayidx834.case.47, i32 %add105_lcssa_lcssa261, void %arrayidx834.case.46, i32 %add105_lcssa_lcssa261, void %arrayidx834.case.45, i32 %add105_lcssa_lcssa261, void %arrayidx834.case.44, i32 %add105_lcssa_lcssa261, void %arrayidx834.case.43, i32 %add105_lcssa_lcssa261, void %arrayidx834.case.42, i32 %add105_lcssa_lcssa261, void %arrayidx834.case.41, i32 %add105_lcssa_lcssa261, void %arrayidx834.case.40, i32 %add105_lcssa_lcssa261, void %arrayidx834.case.39, i32 %add105_lcssa_lcssa261, void %arrayidx834.case.38, i32 %add105_lcssa_lcssa261, void %arrayidx834.case.37, i32 %add105_lcssa_lcssa261, void %arrayidx834.case.36, i32 %add105_lcssa_lcssa261, void %arrayidx834.case.35, i32 %add105_lcssa_lcssa261, void %arrayidx834.case.34, i32 %add105_lcssa_lcssa261, void %arrayidx834.case.33, i32 %add105_lcssa_lcssa261, void %arrayidx834.case.32, i32 %sum_2_loc_load, void %arrayidx834.case.31, i32 %add105_lcssa_lcssa261, void %arrayidx834.case.30, i32 %add105_lcssa_lcssa261, void %arrayidx834.case.29, i32 %add105_lcssa_lcssa261, void %arrayidx834.case.28, i32 %add105_lcssa_lcssa261, void %arrayidx834.case.27, i32 %add105_lcssa_lcssa261, void %arrayidx834.case.26, i32 %add105_lcssa_lcssa261, void %arrayidx834.case.25, i32 %add105_lcssa_lcssa261, void %arrayidx834.case.24, i32 %add105_lcssa_lcssa261, void %arrayidx834.case.23, i32 %add105_lcssa_lcssa261, void %arrayidx834.case.22, i32 %add105_lcssa_lcssa261, void %arrayidx834.case.21, i32 %add105_lcssa_lcssa261, void %arrayidx834.case.20, i32 %add105_lcssa_lcssa261, void %arrayidx834.case.19, i32 %add105_lcssa_lcssa261, void %arrayidx834.case.18, i32 %add105_lcssa_lcssa261, void %arrayidx834.case.17, i32 %add105_lcssa_lcssa261, void %arrayidx834.case.16, i32 %add105_lcssa_lcssa261, void %arrayidx834.case.15, i32 %add105_lcssa_lcssa261, void %arrayidx834.case.14, i32 %add105_lcssa_lcssa261, void %arrayidx834.case.13, i32 %add105_lcssa_lcssa261, void %arrayidx834.case.12, i32 %add105_lcssa_lcssa261, void %arrayidx834.case.11, i32 %add105_lcssa_lcssa261, void %arrayidx834.case.10, i32 %add105_lcssa_lcssa261, void %arrayidx834.case.9, i32 %add105_lcssa_lcssa261, void %arrayidx834.case.8, i32 %add105_lcssa_lcssa261, void %arrayidx834.case.7, i32 %add105_lcssa_lcssa261, void %arrayidx834.case.6, i32 %add105_lcssa_lcssa261, void %arrayidx834.case.5, i32 %add105_lcssa_lcssa261, void %arrayidx834.case.4, i32 %add105_lcssa_lcssa261, void %arrayidx834.case.3, i32 %add105_lcssa_lcssa261, void %arrayidx834.case.2, i32 %add105_lcssa_lcssa261, void %arrayidx834.case.1, i32 %add105_lcssa_lcssa261, void %arrayidx834.case.0, i32 %add105_lcssa_lcssa261, void %arrayidx834.case.54, i32 %add105_lcssa_lcssa261, void %VITIS_LOOP_66_11.split" [conv.cpp:80]   --->   Operation 1061 'phi' 'add105_lcssa_lcssa260' <Predicate = true> <Delay = 0.00>
ST_82 : Operation 1062 [1/1] (0.00ns)   --->   "%add105_lcssa_lcssa258 = phi i32 %add105_lcssa_lcssa259, void %arrayidx834.case.52, i32 %add105_lcssa_lcssa259, void %arrayidx834.case.51, i32 %add105_lcssa_lcssa259, void %arrayidx834.case.50, i32 %add105_lcssa_lcssa259, void %arrayidx834.case.49, i32 %add105_lcssa_lcssa259, void %arrayidx834.case.48, i32 %add105_lcssa_lcssa259, void %arrayidx834.case.47, i32 %add105_lcssa_lcssa259, void %arrayidx834.case.46, i32 %add105_lcssa_lcssa259, void %arrayidx834.case.45, i32 %add105_lcssa_lcssa259, void %arrayidx834.case.44, i32 %add105_lcssa_lcssa259, void %arrayidx834.case.43, i32 %add105_lcssa_lcssa259, void %arrayidx834.case.42, i32 %add105_lcssa_lcssa259, void %arrayidx834.case.41, i32 %add105_lcssa_lcssa259, void %arrayidx834.case.40, i32 %add105_lcssa_lcssa259, void %arrayidx834.case.39, i32 %add105_lcssa_lcssa259, void %arrayidx834.case.38, i32 %add105_lcssa_lcssa259, void %arrayidx834.case.37, i32 %add105_lcssa_lcssa259, void %arrayidx834.case.36, i32 %add105_lcssa_lcssa259, void %arrayidx834.case.35, i32 %add105_lcssa_lcssa259, void %arrayidx834.case.34, i32 %add105_lcssa_lcssa259, void %arrayidx834.case.33, i32 %add105_lcssa_lcssa259, void %arrayidx834.case.32, i32 %add105_lcssa_lcssa259, void %arrayidx834.case.31, i32 %sum_2_loc_load, void %arrayidx834.case.30, i32 %add105_lcssa_lcssa259, void %arrayidx834.case.29, i32 %add105_lcssa_lcssa259, void %arrayidx834.case.28, i32 %add105_lcssa_lcssa259, void %arrayidx834.case.27, i32 %add105_lcssa_lcssa259, void %arrayidx834.case.26, i32 %add105_lcssa_lcssa259, void %arrayidx834.case.25, i32 %add105_lcssa_lcssa259, void %arrayidx834.case.24, i32 %add105_lcssa_lcssa259, void %arrayidx834.case.23, i32 %add105_lcssa_lcssa259, void %arrayidx834.case.22, i32 %add105_lcssa_lcssa259, void %arrayidx834.case.21, i32 %add105_lcssa_lcssa259, void %arrayidx834.case.20, i32 %add105_lcssa_lcssa259, void %arrayidx834.case.19, i32 %add105_lcssa_lcssa259, void %arrayidx834.case.18, i32 %add105_lcssa_lcssa259, void %arrayidx834.case.17, i32 %add105_lcssa_lcssa259, void %arrayidx834.case.16, i32 %add105_lcssa_lcssa259, void %arrayidx834.case.15, i32 %add105_lcssa_lcssa259, void %arrayidx834.case.14, i32 %add105_lcssa_lcssa259, void %arrayidx834.case.13, i32 %add105_lcssa_lcssa259, void %arrayidx834.case.12, i32 %add105_lcssa_lcssa259, void %arrayidx834.case.11, i32 %add105_lcssa_lcssa259, void %arrayidx834.case.10, i32 %add105_lcssa_lcssa259, void %arrayidx834.case.9, i32 %add105_lcssa_lcssa259, void %arrayidx834.case.8, i32 %add105_lcssa_lcssa259, void %arrayidx834.case.7, i32 %add105_lcssa_lcssa259, void %arrayidx834.case.6, i32 %add105_lcssa_lcssa259, void %arrayidx834.case.5, i32 %add105_lcssa_lcssa259, void %arrayidx834.case.4, i32 %add105_lcssa_lcssa259, void %arrayidx834.case.3, i32 %add105_lcssa_lcssa259, void %arrayidx834.case.2, i32 %add105_lcssa_lcssa259, void %arrayidx834.case.1, i32 %add105_lcssa_lcssa259, void %arrayidx834.case.0, i32 %add105_lcssa_lcssa259, void %arrayidx834.case.54, i32 %add105_lcssa_lcssa259, void %VITIS_LOOP_66_11.split" [conv.cpp:80]   --->   Operation 1062 'phi' 'add105_lcssa_lcssa258' <Predicate = true> <Delay = 0.00>
ST_82 : Operation 1063 [1/1] (0.00ns)   --->   "%add105_lcssa_lcssa256 = phi i32 %add105_lcssa_lcssa257, void %arrayidx834.case.52, i32 %add105_lcssa_lcssa257, void %arrayidx834.case.51, i32 %add105_lcssa_lcssa257, void %arrayidx834.case.50, i32 %add105_lcssa_lcssa257, void %arrayidx834.case.49, i32 %add105_lcssa_lcssa257, void %arrayidx834.case.48, i32 %add105_lcssa_lcssa257, void %arrayidx834.case.47, i32 %add105_lcssa_lcssa257, void %arrayidx834.case.46, i32 %add105_lcssa_lcssa257, void %arrayidx834.case.45, i32 %add105_lcssa_lcssa257, void %arrayidx834.case.44, i32 %add105_lcssa_lcssa257, void %arrayidx834.case.43, i32 %add105_lcssa_lcssa257, void %arrayidx834.case.42, i32 %add105_lcssa_lcssa257, void %arrayidx834.case.41, i32 %add105_lcssa_lcssa257, void %arrayidx834.case.40, i32 %add105_lcssa_lcssa257, void %arrayidx834.case.39, i32 %add105_lcssa_lcssa257, void %arrayidx834.case.38, i32 %add105_lcssa_lcssa257, void %arrayidx834.case.37, i32 %add105_lcssa_lcssa257, void %arrayidx834.case.36, i32 %add105_lcssa_lcssa257, void %arrayidx834.case.35, i32 %add105_lcssa_lcssa257, void %arrayidx834.case.34, i32 %add105_lcssa_lcssa257, void %arrayidx834.case.33, i32 %add105_lcssa_lcssa257, void %arrayidx834.case.32, i32 %add105_lcssa_lcssa257, void %arrayidx834.case.31, i32 %add105_lcssa_lcssa257, void %arrayidx834.case.30, i32 %sum_2_loc_load, void %arrayidx834.case.29, i32 %add105_lcssa_lcssa257, void %arrayidx834.case.28, i32 %add105_lcssa_lcssa257, void %arrayidx834.case.27, i32 %add105_lcssa_lcssa257, void %arrayidx834.case.26, i32 %add105_lcssa_lcssa257, void %arrayidx834.case.25, i32 %add105_lcssa_lcssa257, void %arrayidx834.case.24, i32 %add105_lcssa_lcssa257, void %arrayidx834.case.23, i32 %add105_lcssa_lcssa257, void %arrayidx834.case.22, i32 %add105_lcssa_lcssa257, void %arrayidx834.case.21, i32 %add105_lcssa_lcssa257, void %arrayidx834.case.20, i32 %add105_lcssa_lcssa257, void %arrayidx834.case.19, i32 %add105_lcssa_lcssa257, void %arrayidx834.case.18, i32 %add105_lcssa_lcssa257, void %arrayidx834.case.17, i32 %add105_lcssa_lcssa257, void %arrayidx834.case.16, i32 %add105_lcssa_lcssa257, void %arrayidx834.case.15, i32 %add105_lcssa_lcssa257, void %arrayidx834.case.14, i32 %add105_lcssa_lcssa257, void %arrayidx834.case.13, i32 %add105_lcssa_lcssa257, void %arrayidx834.case.12, i32 %add105_lcssa_lcssa257, void %arrayidx834.case.11, i32 %add105_lcssa_lcssa257, void %arrayidx834.case.10, i32 %add105_lcssa_lcssa257, void %arrayidx834.case.9, i32 %add105_lcssa_lcssa257, void %arrayidx834.case.8, i32 %add105_lcssa_lcssa257, void %arrayidx834.case.7, i32 %add105_lcssa_lcssa257, void %arrayidx834.case.6, i32 %add105_lcssa_lcssa257, void %arrayidx834.case.5, i32 %add105_lcssa_lcssa257, void %arrayidx834.case.4, i32 %add105_lcssa_lcssa257, void %arrayidx834.case.3, i32 %add105_lcssa_lcssa257, void %arrayidx834.case.2, i32 %add105_lcssa_lcssa257, void %arrayidx834.case.1, i32 %add105_lcssa_lcssa257, void %arrayidx834.case.0, i32 %add105_lcssa_lcssa257, void %arrayidx834.case.54, i32 %add105_lcssa_lcssa257, void %VITIS_LOOP_66_11.split" [conv.cpp:80]   --->   Operation 1063 'phi' 'add105_lcssa_lcssa256' <Predicate = true> <Delay = 0.00>
ST_82 : Operation 1064 [1/1] (0.00ns)   --->   "%add105_lcssa_lcssa254 = phi i32 %add105_lcssa_lcssa255, void %arrayidx834.case.52, i32 %add105_lcssa_lcssa255, void %arrayidx834.case.51, i32 %add105_lcssa_lcssa255, void %arrayidx834.case.50, i32 %add105_lcssa_lcssa255, void %arrayidx834.case.49, i32 %add105_lcssa_lcssa255, void %arrayidx834.case.48, i32 %add105_lcssa_lcssa255, void %arrayidx834.case.47, i32 %add105_lcssa_lcssa255, void %arrayidx834.case.46, i32 %add105_lcssa_lcssa255, void %arrayidx834.case.45, i32 %add105_lcssa_lcssa255, void %arrayidx834.case.44, i32 %add105_lcssa_lcssa255, void %arrayidx834.case.43, i32 %add105_lcssa_lcssa255, void %arrayidx834.case.42, i32 %add105_lcssa_lcssa255, void %arrayidx834.case.41, i32 %add105_lcssa_lcssa255, void %arrayidx834.case.40, i32 %add105_lcssa_lcssa255, void %arrayidx834.case.39, i32 %add105_lcssa_lcssa255, void %arrayidx834.case.38, i32 %add105_lcssa_lcssa255, void %arrayidx834.case.37, i32 %add105_lcssa_lcssa255, void %arrayidx834.case.36, i32 %add105_lcssa_lcssa255, void %arrayidx834.case.35, i32 %add105_lcssa_lcssa255, void %arrayidx834.case.34, i32 %add105_lcssa_lcssa255, void %arrayidx834.case.33, i32 %add105_lcssa_lcssa255, void %arrayidx834.case.32, i32 %add105_lcssa_lcssa255, void %arrayidx834.case.31, i32 %add105_lcssa_lcssa255, void %arrayidx834.case.30, i32 %add105_lcssa_lcssa255, void %arrayidx834.case.29, i32 %sum_2_loc_load, void %arrayidx834.case.28, i32 %add105_lcssa_lcssa255, void %arrayidx834.case.27, i32 %add105_lcssa_lcssa255, void %arrayidx834.case.26, i32 %add105_lcssa_lcssa255, void %arrayidx834.case.25, i32 %add105_lcssa_lcssa255, void %arrayidx834.case.24, i32 %add105_lcssa_lcssa255, void %arrayidx834.case.23, i32 %add105_lcssa_lcssa255, void %arrayidx834.case.22, i32 %add105_lcssa_lcssa255, void %arrayidx834.case.21, i32 %add105_lcssa_lcssa255, void %arrayidx834.case.20, i32 %add105_lcssa_lcssa255, void %arrayidx834.case.19, i32 %add105_lcssa_lcssa255, void %arrayidx834.case.18, i32 %add105_lcssa_lcssa255, void %arrayidx834.case.17, i32 %add105_lcssa_lcssa255, void %arrayidx834.case.16, i32 %add105_lcssa_lcssa255, void %arrayidx834.case.15, i32 %add105_lcssa_lcssa255, void %arrayidx834.case.14, i32 %add105_lcssa_lcssa255, void %arrayidx834.case.13, i32 %add105_lcssa_lcssa255, void %arrayidx834.case.12, i32 %add105_lcssa_lcssa255, void %arrayidx834.case.11, i32 %add105_lcssa_lcssa255, void %arrayidx834.case.10, i32 %add105_lcssa_lcssa255, void %arrayidx834.case.9, i32 %add105_lcssa_lcssa255, void %arrayidx834.case.8, i32 %add105_lcssa_lcssa255, void %arrayidx834.case.7, i32 %add105_lcssa_lcssa255, void %arrayidx834.case.6, i32 %add105_lcssa_lcssa255, void %arrayidx834.case.5, i32 %add105_lcssa_lcssa255, void %arrayidx834.case.4, i32 %add105_lcssa_lcssa255, void %arrayidx834.case.3, i32 %add105_lcssa_lcssa255, void %arrayidx834.case.2, i32 %add105_lcssa_lcssa255, void %arrayidx834.case.1, i32 %add105_lcssa_lcssa255, void %arrayidx834.case.0, i32 %add105_lcssa_lcssa255, void %arrayidx834.case.54, i32 %add105_lcssa_lcssa255, void %VITIS_LOOP_66_11.split" [conv.cpp:80]   --->   Operation 1064 'phi' 'add105_lcssa_lcssa254' <Predicate = true> <Delay = 0.00>
ST_82 : Operation 1065 [1/1] (0.00ns)   --->   "%add105_lcssa_lcssa252 = phi i32 %add105_lcssa_lcssa253, void %arrayidx834.case.52, i32 %add105_lcssa_lcssa253, void %arrayidx834.case.51, i32 %add105_lcssa_lcssa253, void %arrayidx834.case.50, i32 %add105_lcssa_lcssa253, void %arrayidx834.case.49, i32 %add105_lcssa_lcssa253, void %arrayidx834.case.48, i32 %add105_lcssa_lcssa253, void %arrayidx834.case.47, i32 %add105_lcssa_lcssa253, void %arrayidx834.case.46, i32 %add105_lcssa_lcssa253, void %arrayidx834.case.45, i32 %add105_lcssa_lcssa253, void %arrayidx834.case.44, i32 %add105_lcssa_lcssa253, void %arrayidx834.case.43, i32 %add105_lcssa_lcssa253, void %arrayidx834.case.42, i32 %add105_lcssa_lcssa253, void %arrayidx834.case.41, i32 %add105_lcssa_lcssa253, void %arrayidx834.case.40, i32 %add105_lcssa_lcssa253, void %arrayidx834.case.39, i32 %add105_lcssa_lcssa253, void %arrayidx834.case.38, i32 %add105_lcssa_lcssa253, void %arrayidx834.case.37, i32 %add105_lcssa_lcssa253, void %arrayidx834.case.36, i32 %add105_lcssa_lcssa253, void %arrayidx834.case.35, i32 %add105_lcssa_lcssa253, void %arrayidx834.case.34, i32 %add105_lcssa_lcssa253, void %arrayidx834.case.33, i32 %add105_lcssa_lcssa253, void %arrayidx834.case.32, i32 %add105_lcssa_lcssa253, void %arrayidx834.case.31, i32 %add105_lcssa_lcssa253, void %arrayidx834.case.30, i32 %add105_lcssa_lcssa253, void %arrayidx834.case.29, i32 %add105_lcssa_lcssa253, void %arrayidx834.case.28, i32 %sum_2_loc_load, void %arrayidx834.case.27, i32 %add105_lcssa_lcssa253, void %arrayidx834.case.26, i32 %add105_lcssa_lcssa253, void %arrayidx834.case.25, i32 %add105_lcssa_lcssa253, void %arrayidx834.case.24, i32 %add105_lcssa_lcssa253, void %arrayidx834.case.23, i32 %add105_lcssa_lcssa253, void %arrayidx834.case.22, i32 %add105_lcssa_lcssa253, void %arrayidx834.case.21, i32 %add105_lcssa_lcssa253, void %arrayidx834.case.20, i32 %add105_lcssa_lcssa253, void %arrayidx834.case.19, i32 %add105_lcssa_lcssa253, void %arrayidx834.case.18, i32 %add105_lcssa_lcssa253, void %arrayidx834.case.17, i32 %add105_lcssa_lcssa253, void %arrayidx834.case.16, i32 %add105_lcssa_lcssa253, void %arrayidx834.case.15, i32 %add105_lcssa_lcssa253, void %arrayidx834.case.14, i32 %add105_lcssa_lcssa253, void %arrayidx834.case.13, i32 %add105_lcssa_lcssa253, void %arrayidx834.case.12, i32 %add105_lcssa_lcssa253, void %arrayidx834.case.11, i32 %add105_lcssa_lcssa253, void %arrayidx834.case.10, i32 %add105_lcssa_lcssa253, void %arrayidx834.case.9, i32 %add105_lcssa_lcssa253, void %arrayidx834.case.8, i32 %add105_lcssa_lcssa253, void %arrayidx834.case.7, i32 %add105_lcssa_lcssa253, void %arrayidx834.case.6, i32 %add105_lcssa_lcssa253, void %arrayidx834.case.5, i32 %add105_lcssa_lcssa253, void %arrayidx834.case.4, i32 %add105_lcssa_lcssa253, void %arrayidx834.case.3, i32 %add105_lcssa_lcssa253, void %arrayidx834.case.2, i32 %add105_lcssa_lcssa253, void %arrayidx834.case.1, i32 %add105_lcssa_lcssa253, void %arrayidx834.case.0, i32 %add105_lcssa_lcssa253, void %arrayidx834.case.54, i32 %add105_lcssa_lcssa253, void %VITIS_LOOP_66_11.split" [conv.cpp:80]   --->   Operation 1065 'phi' 'add105_lcssa_lcssa252' <Predicate = true> <Delay = 0.00>
ST_82 : Operation 1066 [1/1] (0.00ns)   --->   "%add105_lcssa_lcssa250 = phi i32 %add105_lcssa_lcssa251, void %arrayidx834.case.52, i32 %add105_lcssa_lcssa251, void %arrayidx834.case.51, i32 %add105_lcssa_lcssa251, void %arrayidx834.case.50, i32 %add105_lcssa_lcssa251, void %arrayidx834.case.49, i32 %add105_lcssa_lcssa251, void %arrayidx834.case.48, i32 %add105_lcssa_lcssa251, void %arrayidx834.case.47, i32 %add105_lcssa_lcssa251, void %arrayidx834.case.46, i32 %add105_lcssa_lcssa251, void %arrayidx834.case.45, i32 %add105_lcssa_lcssa251, void %arrayidx834.case.44, i32 %add105_lcssa_lcssa251, void %arrayidx834.case.43, i32 %add105_lcssa_lcssa251, void %arrayidx834.case.42, i32 %add105_lcssa_lcssa251, void %arrayidx834.case.41, i32 %add105_lcssa_lcssa251, void %arrayidx834.case.40, i32 %add105_lcssa_lcssa251, void %arrayidx834.case.39, i32 %add105_lcssa_lcssa251, void %arrayidx834.case.38, i32 %add105_lcssa_lcssa251, void %arrayidx834.case.37, i32 %add105_lcssa_lcssa251, void %arrayidx834.case.36, i32 %add105_lcssa_lcssa251, void %arrayidx834.case.35, i32 %add105_lcssa_lcssa251, void %arrayidx834.case.34, i32 %add105_lcssa_lcssa251, void %arrayidx834.case.33, i32 %add105_lcssa_lcssa251, void %arrayidx834.case.32, i32 %add105_lcssa_lcssa251, void %arrayidx834.case.31, i32 %add105_lcssa_lcssa251, void %arrayidx834.case.30, i32 %add105_lcssa_lcssa251, void %arrayidx834.case.29, i32 %add105_lcssa_lcssa251, void %arrayidx834.case.28, i32 %add105_lcssa_lcssa251, void %arrayidx834.case.27, i32 %sum_2_loc_load, void %arrayidx834.case.26, i32 %add105_lcssa_lcssa251, void %arrayidx834.case.25, i32 %add105_lcssa_lcssa251, void %arrayidx834.case.24, i32 %add105_lcssa_lcssa251, void %arrayidx834.case.23, i32 %add105_lcssa_lcssa251, void %arrayidx834.case.22, i32 %add105_lcssa_lcssa251, void %arrayidx834.case.21, i32 %add105_lcssa_lcssa251, void %arrayidx834.case.20, i32 %add105_lcssa_lcssa251, void %arrayidx834.case.19, i32 %add105_lcssa_lcssa251, void %arrayidx834.case.18, i32 %add105_lcssa_lcssa251, void %arrayidx834.case.17, i32 %add105_lcssa_lcssa251, void %arrayidx834.case.16, i32 %add105_lcssa_lcssa251, void %arrayidx834.case.15, i32 %add105_lcssa_lcssa251, void %arrayidx834.case.14, i32 %add105_lcssa_lcssa251, void %arrayidx834.case.13, i32 %add105_lcssa_lcssa251, void %arrayidx834.case.12, i32 %add105_lcssa_lcssa251, void %arrayidx834.case.11, i32 %add105_lcssa_lcssa251, void %arrayidx834.case.10, i32 %add105_lcssa_lcssa251, void %arrayidx834.case.9, i32 %add105_lcssa_lcssa251, void %arrayidx834.case.8, i32 %add105_lcssa_lcssa251, void %arrayidx834.case.7, i32 %add105_lcssa_lcssa251, void %arrayidx834.case.6, i32 %add105_lcssa_lcssa251, void %arrayidx834.case.5, i32 %add105_lcssa_lcssa251, void %arrayidx834.case.4, i32 %add105_lcssa_lcssa251, void %arrayidx834.case.3, i32 %add105_lcssa_lcssa251, void %arrayidx834.case.2, i32 %add105_lcssa_lcssa251, void %arrayidx834.case.1, i32 %add105_lcssa_lcssa251, void %arrayidx834.case.0, i32 %add105_lcssa_lcssa251, void %arrayidx834.case.54, i32 %add105_lcssa_lcssa251, void %VITIS_LOOP_66_11.split" [conv.cpp:80]   --->   Operation 1066 'phi' 'add105_lcssa_lcssa250' <Predicate = true> <Delay = 0.00>
ST_82 : Operation 1067 [1/1] (0.00ns)   --->   "%add105_lcssa_lcssa248 = phi i32 %add105_lcssa_lcssa249, void %arrayidx834.case.52, i32 %add105_lcssa_lcssa249, void %arrayidx834.case.51, i32 %add105_lcssa_lcssa249, void %arrayidx834.case.50, i32 %add105_lcssa_lcssa249, void %arrayidx834.case.49, i32 %add105_lcssa_lcssa249, void %arrayidx834.case.48, i32 %add105_lcssa_lcssa249, void %arrayidx834.case.47, i32 %add105_lcssa_lcssa249, void %arrayidx834.case.46, i32 %add105_lcssa_lcssa249, void %arrayidx834.case.45, i32 %add105_lcssa_lcssa249, void %arrayidx834.case.44, i32 %add105_lcssa_lcssa249, void %arrayidx834.case.43, i32 %add105_lcssa_lcssa249, void %arrayidx834.case.42, i32 %add105_lcssa_lcssa249, void %arrayidx834.case.41, i32 %add105_lcssa_lcssa249, void %arrayidx834.case.40, i32 %add105_lcssa_lcssa249, void %arrayidx834.case.39, i32 %add105_lcssa_lcssa249, void %arrayidx834.case.38, i32 %add105_lcssa_lcssa249, void %arrayidx834.case.37, i32 %add105_lcssa_lcssa249, void %arrayidx834.case.36, i32 %add105_lcssa_lcssa249, void %arrayidx834.case.35, i32 %add105_lcssa_lcssa249, void %arrayidx834.case.34, i32 %add105_lcssa_lcssa249, void %arrayidx834.case.33, i32 %add105_lcssa_lcssa249, void %arrayidx834.case.32, i32 %add105_lcssa_lcssa249, void %arrayidx834.case.31, i32 %add105_lcssa_lcssa249, void %arrayidx834.case.30, i32 %add105_lcssa_lcssa249, void %arrayidx834.case.29, i32 %add105_lcssa_lcssa249, void %arrayidx834.case.28, i32 %add105_lcssa_lcssa249, void %arrayidx834.case.27, i32 %add105_lcssa_lcssa249, void %arrayidx834.case.26, i32 %sum_2_loc_load, void %arrayidx834.case.25, i32 %add105_lcssa_lcssa249, void %arrayidx834.case.24, i32 %add105_lcssa_lcssa249, void %arrayidx834.case.23, i32 %add105_lcssa_lcssa249, void %arrayidx834.case.22, i32 %add105_lcssa_lcssa249, void %arrayidx834.case.21, i32 %add105_lcssa_lcssa249, void %arrayidx834.case.20, i32 %add105_lcssa_lcssa249, void %arrayidx834.case.19, i32 %add105_lcssa_lcssa249, void %arrayidx834.case.18, i32 %add105_lcssa_lcssa249, void %arrayidx834.case.17, i32 %add105_lcssa_lcssa249, void %arrayidx834.case.16, i32 %add105_lcssa_lcssa249, void %arrayidx834.case.15, i32 %add105_lcssa_lcssa249, void %arrayidx834.case.14, i32 %add105_lcssa_lcssa249, void %arrayidx834.case.13, i32 %add105_lcssa_lcssa249, void %arrayidx834.case.12, i32 %add105_lcssa_lcssa249, void %arrayidx834.case.11, i32 %add105_lcssa_lcssa249, void %arrayidx834.case.10, i32 %add105_lcssa_lcssa249, void %arrayidx834.case.9, i32 %add105_lcssa_lcssa249, void %arrayidx834.case.8, i32 %add105_lcssa_lcssa249, void %arrayidx834.case.7, i32 %add105_lcssa_lcssa249, void %arrayidx834.case.6, i32 %add105_lcssa_lcssa249, void %arrayidx834.case.5, i32 %add105_lcssa_lcssa249, void %arrayidx834.case.4, i32 %add105_lcssa_lcssa249, void %arrayidx834.case.3, i32 %add105_lcssa_lcssa249, void %arrayidx834.case.2, i32 %add105_lcssa_lcssa249, void %arrayidx834.case.1, i32 %add105_lcssa_lcssa249, void %arrayidx834.case.0, i32 %add105_lcssa_lcssa249, void %arrayidx834.case.54, i32 %add105_lcssa_lcssa249, void %VITIS_LOOP_66_11.split" [conv.cpp:80]   --->   Operation 1067 'phi' 'add105_lcssa_lcssa248' <Predicate = true> <Delay = 0.00>
ST_82 : Operation 1068 [1/1] (0.00ns)   --->   "%add105_lcssa_lcssa246 = phi i32 %add105_lcssa_lcssa247, void %arrayidx834.case.52, i32 %add105_lcssa_lcssa247, void %arrayidx834.case.51, i32 %add105_lcssa_lcssa247, void %arrayidx834.case.50, i32 %add105_lcssa_lcssa247, void %arrayidx834.case.49, i32 %add105_lcssa_lcssa247, void %arrayidx834.case.48, i32 %add105_lcssa_lcssa247, void %arrayidx834.case.47, i32 %add105_lcssa_lcssa247, void %arrayidx834.case.46, i32 %add105_lcssa_lcssa247, void %arrayidx834.case.45, i32 %add105_lcssa_lcssa247, void %arrayidx834.case.44, i32 %add105_lcssa_lcssa247, void %arrayidx834.case.43, i32 %add105_lcssa_lcssa247, void %arrayidx834.case.42, i32 %add105_lcssa_lcssa247, void %arrayidx834.case.41, i32 %add105_lcssa_lcssa247, void %arrayidx834.case.40, i32 %add105_lcssa_lcssa247, void %arrayidx834.case.39, i32 %add105_lcssa_lcssa247, void %arrayidx834.case.38, i32 %add105_lcssa_lcssa247, void %arrayidx834.case.37, i32 %add105_lcssa_lcssa247, void %arrayidx834.case.36, i32 %add105_lcssa_lcssa247, void %arrayidx834.case.35, i32 %add105_lcssa_lcssa247, void %arrayidx834.case.34, i32 %add105_lcssa_lcssa247, void %arrayidx834.case.33, i32 %add105_lcssa_lcssa247, void %arrayidx834.case.32, i32 %add105_lcssa_lcssa247, void %arrayidx834.case.31, i32 %add105_lcssa_lcssa247, void %arrayidx834.case.30, i32 %add105_lcssa_lcssa247, void %arrayidx834.case.29, i32 %add105_lcssa_lcssa247, void %arrayidx834.case.28, i32 %add105_lcssa_lcssa247, void %arrayidx834.case.27, i32 %add105_lcssa_lcssa247, void %arrayidx834.case.26, i32 %add105_lcssa_lcssa247, void %arrayidx834.case.25, i32 %sum_2_loc_load, void %arrayidx834.case.24, i32 %add105_lcssa_lcssa247, void %arrayidx834.case.23, i32 %add105_lcssa_lcssa247, void %arrayidx834.case.22, i32 %add105_lcssa_lcssa247, void %arrayidx834.case.21, i32 %add105_lcssa_lcssa247, void %arrayidx834.case.20, i32 %add105_lcssa_lcssa247, void %arrayidx834.case.19, i32 %add105_lcssa_lcssa247, void %arrayidx834.case.18, i32 %add105_lcssa_lcssa247, void %arrayidx834.case.17, i32 %add105_lcssa_lcssa247, void %arrayidx834.case.16, i32 %add105_lcssa_lcssa247, void %arrayidx834.case.15, i32 %add105_lcssa_lcssa247, void %arrayidx834.case.14, i32 %add105_lcssa_lcssa247, void %arrayidx834.case.13, i32 %add105_lcssa_lcssa247, void %arrayidx834.case.12, i32 %add105_lcssa_lcssa247, void %arrayidx834.case.11, i32 %add105_lcssa_lcssa247, void %arrayidx834.case.10, i32 %add105_lcssa_lcssa247, void %arrayidx834.case.9, i32 %add105_lcssa_lcssa247, void %arrayidx834.case.8, i32 %add105_lcssa_lcssa247, void %arrayidx834.case.7, i32 %add105_lcssa_lcssa247, void %arrayidx834.case.6, i32 %add105_lcssa_lcssa247, void %arrayidx834.case.5, i32 %add105_lcssa_lcssa247, void %arrayidx834.case.4, i32 %add105_lcssa_lcssa247, void %arrayidx834.case.3, i32 %add105_lcssa_lcssa247, void %arrayidx834.case.2, i32 %add105_lcssa_lcssa247, void %arrayidx834.case.1, i32 %add105_lcssa_lcssa247, void %arrayidx834.case.0, i32 %add105_lcssa_lcssa247, void %arrayidx834.case.54, i32 %add105_lcssa_lcssa247, void %VITIS_LOOP_66_11.split" [conv.cpp:80]   --->   Operation 1068 'phi' 'add105_lcssa_lcssa246' <Predicate = true> <Delay = 0.00>
ST_82 : Operation 1069 [1/1] (0.00ns)   --->   "%add105_lcssa_lcssa244 = phi i32 %add105_lcssa_lcssa245, void %arrayidx834.case.52, i32 %add105_lcssa_lcssa245, void %arrayidx834.case.51, i32 %add105_lcssa_lcssa245, void %arrayidx834.case.50, i32 %add105_lcssa_lcssa245, void %arrayidx834.case.49, i32 %add105_lcssa_lcssa245, void %arrayidx834.case.48, i32 %add105_lcssa_lcssa245, void %arrayidx834.case.47, i32 %add105_lcssa_lcssa245, void %arrayidx834.case.46, i32 %add105_lcssa_lcssa245, void %arrayidx834.case.45, i32 %add105_lcssa_lcssa245, void %arrayidx834.case.44, i32 %add105_lcssa_lcssa245, void %arrayidx834.case.43, i32 %add105_lcssa_lcssa245, void %arrayidx834.case.42, i32 %add105_lcssa_lcssa245, void %arrayidx834.case.41, i32 %add105_lcssa_lcssa245, void %arrayidx834.case.40, i32 %add105_lcssa_lcssa245, void %arrayidx834.case.39, i32 %add105_lcssa_lcssa245, void %arrayidx834.case.38, i32 %add105_lcssa_lcssa245, void %arrayidx834.case.37, i32 %add105_lcssa_lcssa245, void %arrayidx834.case.36, i32 %add105_lcssa_lcssa245, void %arrayidx834.case.35, i32 %add105_lcssa_lcssa245, void %arrayidx834.case.34, i32 %add105_lcssa_lcssa245, void %arrayidx834.case.33, i32 %add105_lcssa_lcssa245, void %arrayidx834.case.32, i32 %add105_lcssa_lcssa245, void %arrayidx834.case.31, i32 %add105_lcssa_lcssa245, void %arrayidx834.case.30, i32 %add105_lcssa_lcssa245, void %arrayidx834.case.29, i32 %add105_lcssa_lcssa245, void %arrayidx834.case.28, i32 %add105_lcssa_lcssa245, void %arrayidx834.case.27, i32 %add105_lcssa_lcssa245, void %arrayidx834.case.26, i32 %add105_lcssa_lcssa245, void %arrayidx834.case.25, i32 %add105_lcssa_lcssa245, void %arrayidx834.case.24, i32 %sum_2_loc_load, void %arrayidx834.case.23, i32 %add105_lcssa_lcssa245, void %arrayidx834.case.22, i32 %add105_lcssa_lcssa245, void %arrayidx834.case.21, i32 %add105_lcssa_lcssa245, void %arrayidx834.case.20, i32 %add105_lcssa_lcssa245, void %arrayidx834.case.19, i32 %add105_lcssa_lcssa245, void %arrayidx834.case.18, i32 %add105_lcssa_lcssa245, void %arrayidx834.case.17, i32 %add105_lcssa_lcssa245, void %arrayidx834.case.16, i32 %add105_lcssa_lcssa245, void %arrayidx834.case.15, i32 %add105_lcssa_lcssa245, void %arrayidx834.case.14, i32 %add105_lcssa_lcssa245, void %arrayidx834.case.13, i32 %add105_lcssa_lcssa245, void %arrayidx834.case.12, i32 %add105_lcssa_lcssa245, void %arrayidx834.case.11, i32 %add105_lcssa_lcssa245, void %arrayidx834.case.10, i32 %add105_lcssa_lcssa245, void %arrayidx834.case.9, i32 %add105_lcssa_lcssa245, void %arrayidx834.case.8, i32 %add105_lcssa_lcssa245, void %arrayidx834.case.7, i32 %add105_lcssa_lcssa245, void %arrayidx834.case.6, i32 %add105_lcssa_lcssa245, void %arrayidx834.case.5, i32 %add105_lcssa_lcssa245, void %arrayidx834.case.4, i32 %add105_lcssa_lcssa245, void %arrayidx834.case.3, i32 %add105_lcssa_lcssa245, void %arrayidx834.case.2, i32 %add105_lcssa_lcssa245, void %arrayidx834.case.1, i32 %add105_lcssa_lcssa245, void %arrayidx834.case.0, i32 %add105_lcssa_lcssa245, void %arrayidx834.case.54, i32 %add105_lcssa_lcssa245, void %VITIS_LOOP_66_11.split" [conv.cpp:80]   --->   Operation 1069 'phi' 'add105_lcssa_lcssa244' <Predicate = true> <Delay = 0.00>
ST_82 : Operation 1070 [1/1] (0.00ns)   --->   "%add105_lcssa_lcssa242 = phi i32 %add105_lcssa_lcssa243, void %arrayidx834.case.52, i32 %add105_lcssa_lcssa243, void %arrayidx834.case.51, i32 %add105_lcssa_lcssa243, void %arrayidx834.case.50, i32 %add105_lcssa_lcssa243, void %arrayidx834.case.49, i32 %add105_lcssa_lcssa243, void %arrayidx834.case.48, i32 %add105_lcssa_lcssa243, void %arrayidx834.case.47, i32 %add105_lcssa_lcssa243, void %arrayidx834.case.46, i32 %add105_lcssa_lcssa243, void %arrayidx834.case.45, i32 %add105_lcssa_lcssa243, void %arrayidx834.case.44, i32 %add105_lcssa_lcssa243, void %arrayidx834.case.43, i32 %add105_lcssa_lcssa243, void %arrayidx834.case.42, i32 %add105_lcssa_lcssa243, void %arrayidx834.case.41, i32 %add105_lcssa_lcssa243, void %arrayidx834.case.40, i32 %add105_lcssa_lcssa243, void %arrayidx834.case.39, i32 %add105_lcssa_lcssa243, void %arrayidx834.case.38, i32 %add105_lcssa_lcssa243, void %arrayidx834.case.37, i32 %add105_lcssa_lcssa243, void %arrayidx834.case.36, i32 %add105_lcssa_lcssa243, void %arrayidx834.case.35, i32 %add105_lcssa_lcssa243, void %arrayidx834.case.34, i32 %add105_lcssa_lcssa243, void %arrayidx834.case.33, i32 %add105_lcssa_lcssa243, void %arrayidx834.case.32, i32 %add105_lcssa_lcssa243, void %arrayidx834.case.31, i32 %add105_lcssa_lcssa243, void %arrayidx834.case.30, i32 %add105_lcssa_lcssa243, void %arrayidx834.case.29, i32 %add105_lcssa_lcssa243, void %arrayidx834.case.28, i32 %add105_lcssa_lcssa243, void %arrayidx834.case.27, i32 %add105_lcssa_lcssa243, void %arrayidx834.case.26, i32 %add105_lcssa_lcssa243, void %arrayidx834.case.25, i32 %add105_lcssa_lcssa243, void %arrayidx834.case.24, i32 %add105_lcssa_lcssa243, void %arrayidx834.case.23, i32 %sum_2_loc_load, void %arrayidx834.case.22, i32 %add105_lcssa_lcssa243, void %arrayidx834.case.21, i32 %add105_lcssa_lcssa243, void %arrayidx834.case.20, i32 %add105_lcssa_lcssa243, void %arrayidx834.case.19, i32 %add105_lcssa_lcssa243, void %arrayidx834.case.18, i32 %add105_lcssa_lcssa243, void %arrayidx834.case.17, i32 %add105_lcssa_lcssa243, void %arrayidx834.case.16, i32 %add105_lcssa_lcssa243, void %arrayidx834.case.15, i32 %add105_lcssa_lcssa243, void %arrayidx834.case.14, i32 %add105_lcssa_lcssa243, void %arrayidx834.case.13, i32 %add105_lcssa_lcssa243, void %arrayidx834.case.12, i32 %add105_lcssa_lcssa243, void %arrayidx834.case.11, i32 %add105_lcssa_lcssa243, void %arrayidx834.case.10, i32 %add105_lcssa_lcssa243, void %arrayidx834.case.9, i32 %add105_lcssa_lcssa243, void %arrayidx834.case.8, i32 %add105_lcssa_lcssa243, void %arrayidx834.case.7, i32 %add105_lcssa_lcssa243, void %arrayidx834.case.6, i32 %add105_lcssa_lcssa243, void %arrayidx834.case.5, i32 %add105_lcssa_lcssa243, void %arrayidx834.case.4, i32 %add105_lcssa_lcssa243, void %arrayidx834.case.3, i32 %add105_lcssa_lcssa243, void %arrayidx834.case.2, i32 %add105_lcssa_lcssa243, void %arrayidx834.case.1, i32 %add105_lcssa_lcssa243, void %arrayidx834.case.0, i32 %add105_lcssa_lcssa243, void %arrayidx834.case.54, i32 %add105_lcssa_lcssa243, void %VITIS_LOOP_66_11.split" [conv.cpp:80]   --->   Operation 1070 'phi' 'add105_lcssa_lcssa242' <Predicate = true> <Delay = 0.00>
ST_82 : Operation 1071 [1/1] (0.00ns)   --->   "%add105_lcssa_lcssa240 = phi i32 %add105_lcssa_lcssa241, void %arrayidx834.case.52, i32 %add105_lcssa_lcssa241, void %arrayidx834.case.51, i32 %add105_lcssa_lcssa241, void %arrayidx834.case.50, i32 %add105_lcssa_lcssa241, void %arrayidx834.case.49, i32 %add105_lcssa_lcssa241, void %arrayidx834.case.48, i32 %add105_lcssa_lcssa241, void %arrayidx834.case.47, i32 %add105_lcssa_lcssa241, void %arrayidx834.case.46, i32 %add105_lcssa_lcssa241, void %arrayidx834.case.45, i32 %add105_lcssa_lcssa241, void %arrayidx834.case.44, i32 %add105_lcssa_lcssa241, void %arrayidx834.case.43, i32 %add105_lcssa_lcssa241, void %arrayidx834.case.42, i32 %add105_lcssa_lcssa241, void %arrayidx834.case.41, i32 %add105_lcssa_lcssa241, void %arrayidx834.case.40, i32 %add105_lcssa_lcssa241, void %arrayidx834.case.39, i32 %add105_lcssa_lcssa241, void %arrayidx834.case.38, i32 %add105_lcssa_lcssa241, void %arrayidx834.case.37, i32 %add105_lcssa_lcssa241, void %arrayidx834.case.36, i32 %add105_lcssa_lcssa241, void %arrayidx834.case.35, i32 %add105_lcssa_lcssa241, void %arrayidx834.case.34, i32 %add105_lcssa_lcssa241, void %arrayidx834.case.33, i32 %add105_lcssa_lcssa241, void %arrayidx834.case.32, i32 %add105_lcssa_lcssa241, void %arrayidx834.case.31, i32 %add105_lcssa_lcssa241, void %arrayidx834.case.30, i32 %add105_lcssa_lcssa241, void %arrayidx834.case.29, i32 %add105_lcssa_lcssa241, void %arrayidx834.case.28, i32 %add105_lcssa_lcssa241, void %arrayidx834.case.27, i32 %add105_lcssa_lcssa241, void %arrayidx834.case.26, i32 %add105_lcssa_lcssa241, void %arrayidx834.case.25, i32 %add105_lcssa_lcssa241, void %arrayidx834.case.24, i32 %add105_lcssa_lcssa241, void %arrayidx834.case.23, i32 %add105_lcssa_lcssa241, void %arrayidx834.case.22, i32 %sum_2_loc_load, void %arrayidx834.case.21, i32 %add105_lcssa_lcssa241, void %arrayidx834.case.20, i32 %add105_lcssa_lcssa241, void %arrayidx834.case.19, i32 %add105_lcssa_lcssa241, void %arrayidx834.case.18, i32 %add105_lcssa_lcssa241, void %arrayidx834.case.17, i32 %add105_lcssa_lcssa241, void %arrayidx834.case.16, i32 %add105_lcssa_lcssa241, void %arrayidx834.case.15, i32 %add105_lcssa_lcssa241, void %arrayidx834.case.14, i32 %add105_lcssa_lcssa241, void %arrayidx834.case.13, i32 %add105_lcssa_lcssa241, void %arrayidx834.case.12, i32 %add105_lcssa_lcssa241, void %arrayidx834.case.11, i32 %add105_lcssa_lcssa241, void %arrayidx834.case.10, i32 %add105_lcssa_lcssa241, void %arrayidx834.case.9, i32 %add105_lcssa_lcssa241, void %arrayidx834.case.8, i32 %add105_lcssa_lcssa241, void %arrayidx834.case.7, i32 %add105_lcssa_lcssa241, void %arrayidx834.case.6, i32 %add105_lcssa_lcssa241, void %arrayidx834.case.5, i32 %add105_lcssa_lcssa241, void %arrayidx834.case.4, i32 %add105_lcssa_lcssa241, void %arrayidx834.case.3, i32 %add105_lcssa_lcssa241, void %arrayidx834.case.2, i32 %add105_lcssa_lcssa241, void %arrayidx834.case.1, i32 %add105_lcssa_lcssa241, void %arrayidx834.case.0, i32 %add105_lcssa_lcssa241, void %arrayidx834.case.54, i32 %add105_lcssa_lcssa241, void %VITIS_LOOP_66_11.split" [conv.cpp:80]   --->   Operation 1071 'phi' 'add105_lcssa_lcssa240' <Predicate = true> <Delay = 0.00>
ST_82 : Operation 1072 [1/1] (0.00ns)   --->   "%add105_lcssa_lcssa238 = phi i32 %add105_lcssa_lcssa239, void %arrayidx834.case.52, i32 %add105_lcssa_lcssa239, void %arrayidx834.case.51, i32 %add105_lcssa_lcssa239, void %arrayidx834.case.50, i32 %add105_lcssa_lcssa239, void %arrayidx834.case.49, i32 %add105_lcssa_lcssa239, void %arrayidx834.case.48, i32 %add105_lcssa_lcssa239, void %arrayidx834.case.47, i32 %add105_lcssa_lcssa239, void %arrayidx834.case.46, i32 %add105_lcssa_lcssa239, void %arrayidx834.case.45, i32 %add105_lcssa_lcssa239, void %arrayidx834.case.44, i32 %add105_lcssa_lcssa239, void %arrayidx834.case.43, i32 %add105_lcssa_lcssa239, void %arrayidx834.case.42, i32 %add105_lcssa_lcssa239, void %arrayidx834.case.41, i32 %add105_lcssa_lcssa239, void %arrayidx834.case.40, i32 %add105_lcssa_lcssa239, void %arrayidx834.case.39, i32 %add105_lcssa_lcssa239, void %arrayidx834.case.38, i32 %add105_lcssa_lcssa239, void %arrayidx834.case.37, i32 %add105_lcssa_lcssa239, void %arrayidx834.case.36, i32 %add105_lcssa_lcssa239, void %arrayidx834.case.35, i32 %add105_lcssa_lcssa239, void %arrayidx834.case.34, i32 %add105_lcssa_lcssa239, void %arrayidx834.case.33, i32 %add105_lcssa_lcssa239, void %arrayidx834.case.32, i32 %add105_lcssa_lcssa239, void %arrayidx834.case.31, i32 %add105_lcssa_lcssa239, void %arrayidx834.case.30, i32 %add105_lcssa_lcssa239, void %arrayidx834.case.29, i32 %add105_lcssa_lcssa239, void %arrayidx834.case.28, i32 %add105_lcssa_lcssa239, void %arrayidx834.case.27, i32 %add105_lcssa_lcssa239, void %arrayidx834.case.26, i32 %add105_lcssa_lcssa239, void %arrayidx834.case.25, i32 %add105_lcssa_lcssa239, void %arrayidx834.case.24, i32 %add105_lcssa_lcssa239, void %arrayidx834.case.23, i32 %add105_lcssa_lcssa239, void %arrayidx834.case.22, i32 %add105_lcssa_lcssa239, void %arrayidx834.case.21, i32 %sum_2_loc_load, void %arrayidx834.case.20, i32 %add105_lcssa_lcssa239, void %arrayidx834.case.19, i32 %add105_lcssa_lcssa239, void %arrayidx834.case.18, i32 %add105_lcssa_lcssa239, void %arrayidx834.case.17, i32 %add105_lcssa_lcssa239, void %arrayidx834.case.16, i32 %add105_lcssa_lcssa239, void %arrayidx834.case.15, i32 %add105_lcssa_lcssa239, void %arrayidx834.case.14, i32 %add105_lcssa_lcssa239, void %arrayidx834.case.13, i32 %add105_lcssa_lcssa239, void %arrayidx834.case.12, i32 %add105_lcssa_lcssa239, void %arrayidx834.case.11, i32 %add105_lcssa_lcssa239, void %arrayidx834.case.10, i32 %add105_lcssa_lcssa239, void %arrayidx834.case.9, i32 %add105_lcssa_lcssa239, void %arrayidx834.case.8, i32 %add105_lcssa_lcssa239, void %arrayidx834.case.7, i32 %add105_lcssa_lcssa239, void %arrayidx834.case.6, i32 %add105_lcssa_lcssa239, void %arrayidx834.case.5, i32 %add105_lcssa_lcssa239, void %arrayidx834.case.4, i32 %add105_lcssa_lcssa239, void %arrayidx834.case.3, i32 %add105_lcssa_lcssa239, void %arrayidx834.case.2, i32 %add105_lcssa_lcssa239, void %arrayidx834.case.1, i32 %add105_lcssa_lcssa239, void %arrayidx834.case.0, i32 %add105_lcssa_lcssa239, void %arrayidx834.case.54, i32 %add105_lcssa_lcssa239, void %VITIS_LOOP_66_11.split" [conv.cpp:80]   --->   Operation 1072 'phi' 'add105_lcssa_lcssa238' <Predicate = true> <Delay = 0.00>
ST_82 : Operation 1073 [1/1] (0.00ns)   --->   "%add105_lcssa_lcssa236 = phi i32 %add105_lcssa_lcssa237, void %arrayidx834.case.52, i32 %add105_lcssa_lcssa237, void %arrayidx834.case.51, i32 %add105_lcssa_lcssa237, void %arrayidx834.case.50, i32 %add105_lcssa_lcssa237, void %arrayidx834.case.49, i32 %add105_lcssa_lcssa237, void %arrayidx834.case.48, i32 %add105_lcssa_lcssa237, void %arrayidx834.case.47, i32 %add105_lcssa_lcssa237, void %arrayidx834.case.46, i32 %add105_lcssa_lcssa237, void %arrayidx834.case.45, i32 %add105_lcssa_lcssa237, void %arrayidx834.case.44, i32 %add105_lcssa_lcssa237, void %arrayidx834.case.43, i32 %add105_lcssa_lcssa237, void %arrayidx834.case.42, i32 %add105_lcssa_lcssa237, void %arrayidx834.case.41, i32 %add105_lcssa_lcssa237, void %arrayidx834.case.40, i32 %add105_lcssa_lcssa237, void %arrayidx834.case.39, i32 %add105_lcssa_lcssa237, void %arrayidx834.case.38, i32 %add105_lcssa_lcssa237, void %arrayidx834.case.37, i32 %add105_lcssa_lcssa237, void %arrayidx834.case.36, i32 %add105_lcssa_lcssa237, void %arrayidx834.case.35, i32 %add105_lcssa_lcssa237, void %arrayidx834.case.34, i32 %add105_lcssa_lcssa237, void %arrayidx834.case.33, i32 %add105_lcssa_lcssa237, void %arrayidx834.case.32, i32 %add105_lcssa_lcssa237, void %arrayidx834.case.31, i32 %add105_lcssa_lcssa237, void %arrayidx834.case.30, i32 %add105_lcssa_lcssa237, void %arrayidx834.case.29, i32 %add105_lcssa_lcssa237, void %arrayidx834.case.28, i32 %add105_lcssa_lcssa237, void %arrayidx834.case.27, i32 %add105_lcssa_lcssa237, void %arrayidx834.case.26, i32 %add105_lcssa_lcssa237, void %arrayidx834.case.25, i32 %add105_lcssa_lcssa237, void %arrayidx834.case.24, i32 %add105_lcssa_lcssa237, void %arrayidx834.case.23, i32 %add105_lcssa_lcssa237, void %arrayidx834.case.22, i32 %add105_lcssa_lcssa237, void %arrayidx834.case.21, i32 %add105_lcssa_lcssa237, void %arrayidx834.case.20, i32 %sum_2_loc_load, void %arrayidx834.case.19, i32 %add105_lcssa_lcssa237, void %arrayidx834.case.18, i32 %add105_lcssa_lcssa237, void %arrayidx834.case.17, i32 %add105_lcssa_lcssa237, void %arrayidx834.case.16, i32 %add105_lcssa_lcssa237, void %arrayidx834.case.15, i32 %add105_lcssa_lcssa237, void %arrayidx834.case.14, i32 %add105_lcssa_lcssa237, void %arrayidx834.case.13, i32 %add105_lcssa_lcssa237, void %arrayidx834.case.12, i32 %add105_lcssa_lcssa237, void %arrayidx834.case.11, i32 %add105_lcssa_lcssa237, void %arrayidx834.case.10, i32 %add105_lcssa_lcssa237, void %arrayidx834.case.9, i32 %add105_lcssa_lcssa237, void %arrayidx834.case.8, i32 %add105_lcssa_lcssa237, void %arrayidx834.case.7, i32 %add105_lcssa_lcssa237, void %arrayidx834.case.6, i32 %add105_lcssa_lcssa237, void %arrayidx834.case.5, i32 %add105_lcssa_lcssa237, void %arrayidx834.case.4, i32 %add105_lcssa_lcssa237, void %arrayidx834.case.3, i32 %add105_lcssa_lcssa237, void %arrayidx834.case.2, i32 %add105_lcssa_lcssa237, void %arrayidx834.case.1, i32 %add105_lcssa_lcssa237, void %arrayidx834.case.0, i32 %add105_lcssa_lcssa237, void %arrayidx834.case.54, i32 %add105_lcssa_lcssa237, void %VITIS_LOOP_66_11.split" [conv.cpp:80]   --->   Operation 1073 'phi' 'add105_lcssa_lcssa236' <Predicate = true> <Delay = 0.00>
ST_82 : Operation 1074 [1/1] (0.00ns)   --->   "%add105_lcssa_lcssa234 = phi i32 %add105_lcssa_lcssa235, void %arrayidx834.case.52, i32 %add105_lcssa_lcssa235, void %arrayidx834.case.51, i32 %add105_lcssa_lcssa235, void %arrayidx834.case.50, i32 %add105_lcssa_lcssa235, void %arrayidx834.case.49, i32 %add105_lcssa_lcssa235, void %arrayidx834.case.48, i32 %add105_lcssa_lcssa235, void %arrayidx834.case.47, i32 %add105_lcssa_lcssa235, void %arrayidx834.case.46, i32 %add105_lcssa_lcssa235, void %arrayidx834.case.45, i32 %add105_lcssa_lcssa235, void %arrayidx834.case.44, i32 %add105_lcssa_lcssa235, void %arrayidx834.case.43, i32 %add105_lcssa_lcssa235, void %arrayidx834.case.42, i32 %add105_lcssa_lcssa235, void %arrayidx834.case.41, i32 %add105_lcssa_lcssa235, void %arrayidx834.case.40, i32 %add105_lcssa_lcssa235, void %arrayidx834.case.39, i32 %add105_lcssa_lcssa235, void %arrayidx834.case.38, i32 %add105_lcssa_lcssa235, void %arrayidx834.case.37, i32 %add105_lcssa_lcssa235, void %arrayidx834.case.36, i32 %add105_lcssa_lcssa235, void %arrayidx834.case.35, i32 %add105_lcssa_lcssa235, void %arrayidx834.case.34, i32 %add105_lcssa_lcssa235, void %arrayidx834.case.33, i32 %add105_lcssa_lcssa235, void %arrayidx834.case.32, i32 %add105_lcssa_lcssa235, void %arrayidx834.case.31, i32 %add105_lcssa_lcssa235, void %arrayidx834.case.30, i32 %add105_lcssa_lcssa235, void %arrayidx834.case.29, i32 %add105_lcssa_lcssa235, void %arrayidx834.case.28, i32 %add105_lcssa_lcssa235, void %arrayidx834.case.27, i32 %add105_lcssa_lcssa235, void %arrayidx834.case.26, i32 %add105_lcssa_lcssa235, void %arrayidx834.case.25, i32 %add105_lcssa_lcssa235, void %arrayidx834.case.24, i32 %add105_lcssa_lcssa235, void %arrayidx834.case.23, i32 %add105_lcssa_lcssa235, void %arrayidx834.case.22, i32 %add105_lcssa_lcssa235, void %arrayidx834.case.21, i32 %add105_lcssa_lcssa235, void %arrayidx834.case.20, i32 %add105_lcssa_lcssa235, void %arrayidx834.case.19, i32 %sum_2_loc_load, void %arrayidx834.case.18, i32 %add105_lcssa_lcssa235, void %arrayidx834.case.17, i32 %add105_lcssa_lcssa235, void %arrayidx834.case.16, i32 %add105_lcssa_lcssa235, void %arrayidx834.case.15, i32 %add105_lcssa_lcssa235, void %arrayidx834.case.14, i32 %add105_lcssa_lcssa235, void %arrayidx834.case.13, i32 %add105_lcssa_lcssa235, void %arrayidx834.case.12, i32 %add105_lcssa_lcssa235, void %arrayidx834.case.11, i32 %add105_lcssa_lcssa235, void %arrayidx834.case.10, i32 %add105_lcssa_lcssa235, void %arrayidx834.case.9, i32 %add105_lcssa_lcssa235, void %arrayidx834.case.8, i32 %add105_lcssa_lcssa235, void %arrayidx834.case.7, i32 %add105_lcssa_lcssa235, void %arrayidx834.case.6, i32 %add105_lcssa_lcssa235, void %arrayidx834.case.5, i32 %add105_lcssa_lcssa235, void %arrayidx834.case.4, i32 %add105_lcssa_lcssa235, void %arrayidx834.case.3, i32 %add105_lcssa_lcssa235, void %arrayidx834.case.2, i32 %add105_lcssa_lcssa235, void %arrayidx834.case.1, i32 %add105_lcssa_lcssa235, void %arrayidx834.case.0, i32 %add105_lcssa_lcssa235, void %arrayidx834.case.54, i32 %add105_lcssa_lcssa235, void %VITIS_LOOP_66_11.split" [conv.cpp:80]   --->   Operation 1074 'phi' 'add105_lcssa_lcssa234' <Predicate = true> <Delay = 0.00>
ST_82 : Operation 1075 [1/1] (0.00ns)   --->   "%add105_lcssa_lcssa232 = phi i32 %add105_lcssa_lcssa233, void %arrayidx834.case.52, i32 %add105_lcssa_lcssa233, void %arrayidx834.case.51, i32 %add105_lcssa_lcssa233, void %arrayidx834.case.50, i32 %add105_lcssa_lcssa233, void %arrayidx834.case.49, i32 %add105_lcssa_lcssa233, void %arrayidx834.case.48, i32 %add105_lcssa_lcssa233, void %arrayidx834.case.47, i32 %add105_lcssa_lcssa233, void %arrayidx834.case.46, i32 %add105_lcssa_lcssa233, void %arrayidx834.case.45, i32 %add105_lcssa_lcssa233, void %arrayidx834.case.44, i32 %add105_lcssa_lcssa233, void %arrayidx834.case.43, i32 %add105_lcssa_lcssa233, void %arrayidx834.case.42, i32 %add105_lcssa_lcssa233, void %arrayidx834.case.41, i32 %add105_lcssa_lcssa233, void %arrayidx834.case.40, i32 %add105_lcssa_lcssa233, void %arrayidx834.case.39, i32 %add105_lcssa_lcssa233, void %arrayidx834.case.38, i32 %add105_lcssa_lcssa233, void %arrayidx834.case.37, i32 %add105_lcssa_lcssa233, void %arrayidx834.case.36, i32 %add105_lcssa_lcssa233, void %arrayidx834.case.35, i32 %add105_lcssa_lcssa233, void %arrayidx834.case.34, i32 %add105_lcssa_lcssa233, void %arrayidx834.case.33, i32 %add105_lcssa_lcssa233, void %arrayidx834.case.32, i32 %add105_lcssa_lcssa233, void %arrayidx834.case.31, i32 %add105_lcssa_lcssa233, void %arrayidx834.case.30, i32 %add105_lcssa_lcssa233, void %arrayidx834.case.29, i32 %add105_lcssa_lcssa233, void %arrayidx834.case.28, i32 %add105_lcssa_lcssa233, void %arrayidx834.case.27, i32 %add105_lcssa_lcssa233, void %arrayidx834.case.26, i32 %add105_lcssa_lcssa233, void %arrayidx834.case.25, i32 %add105_lcssa_lcssa233, void %arrayidx834.case.24, i32 %add105_lcssa_lcssa233, void %arrayidx834.case.23, i32 %add105_lcssa_lcssa233, void %arrayidx834.case.22, i32 %add105_lcssa_lcssa233, void %arrayidx834.case.21, i32 %add105_lcssa_lcssa233, void %arrayidx834.case.20, i32 %add105_lcssa_lcssa233, void %arrayidx834.case.19, i32 %add105_lcssa_lcssa233, void %arrayidx834.case.18, i32 %sum_2_loc_load, void %arrayidx834.case.17, i32 %add105_lcssa_lcssa233, void %arrayidx834.case.16, i32 %add105_lcssa_lcssa233, void %arrayidx834.case.15, i32 %add105_lcssa_lcssa233, void %arrayidx834.case.14, i32 %add105_lcssa_lcssa233, void %arrayidx834.case.13, i32 %add105_lcssa_lcssa233, void %arrayidx834.case.12, i32 %add105_lcssa_lcssa233, void %arrayidx834.case.11, i32 %add105_lcssa_lcssa233, void %arrayidx834.case.10, i32 %add105_lcssa_lcssa233, void %arrayidx834.case.9, i32 %add105_lcssa_lcssa233, void %arrayidx834.case.8, i32 %add105_lcssa_lcssa233, void %arrayidx834.case.7, i32 %add105_lcssa_lcssa233, void %arrayidx834.case.6, i32 %add105_lcssa_lcssa233, void %arrayidx834.case.5, i32 %add105_lcssa_lcssa233, void %arrayidx834.case.4, i32 %add105_lcssa_lcssa233, void %arrayidx834.case.3, i32 %add105_lcssa_lcssa233, void %arrayidx834.case.2, i32 %add105_lcssa_lcssa233, void %arrayidx834.case.1, i32 %add105_lcssa_lcssa233, void %arrayidx834.case.0, i32 %add105_lcssa_lcssa233, void %arrayidx834.case.54, i32 %add105_lcssa_lcssa233, void %VITIS_LOOP_66_11.split" [conv.cpp:80]   --->   Operation 1075 'phi' 'add105_lcssa_lcssa232' <Predicate = true> <Delay = 0.00>
ST_82 : Operation 1076 [1/1] (0.00ns)   --->   "%add105_lcssa_lcssa230 = phi i32 %add105_lcssa_lcssa231, void %arrayidx834.case.52, i32 %add105_lcssa_lcssa231, void %arrayidx834.case.51, i32 %add105_lcssa_lcssa231, void %arrayidx834.case.50, i32 %add105_lcssa_lcssa231, void %arrayidx834.case.49, i32 %add105_lcssa_lcssa231, void %arrayidx834.case.48, i32 %add105_lcssa_lcssa231, void %arrayidx834.case.47, i32 %add105_lcssa_lcssa231, void %arrayidx834.case.46, i32 %add105_lcssa_lcssa231, void %arrayidx834.case.45, i32 %add105_lcssa_lcssa231, void %arrayidx834.case.44, i32 %add105_lcssa_lcssa231, void %arrayidx834.case.43, i32 %add105_lcssa_lcssa231, void %arrayidx834.case.42, i32 %add105_lcssa_lcssa231, void %arrayidx834.case.41, i32 %add105_lcssa_lcssa231, void %arrayidx834.case.40, i32 %add105_lcssa_lcssa231, void %arrayidx834.case.39, i32 %add105_lcssa_lcssa231, void %arrayidx834.case.38, i32 %add105_lcssa_lcssa231, void %arrayidx834.case.37, i32 %add105_lcssa_lcssa231, void %arrayidx834.case.36, i32 %add105_lcssa_lcssa231, void %arrayidx834.case.35, i32 %add105_lcssa_lcssa231, void %arrayidx834.case.34, i32 %add105_lcssa_lcssa231, void %arrayidx834.case.33, i32 %add105_lcssa_lcssa231, void %arrayidx834.case.32, i32 %add105_lcssa_lcssa231, void %arrayidx834.case.31, i32 %add105_lcssa_lcssa231, void %arrayidx834.case.30, i32 %add105_lcssa_lcssa231, void %arrayidx834.case.29, i32 %add105_lcssa_lcssa231, void %arrayidx834.case.28, i32 %add105_lcssa_lcssa231, void %arrayidx834.case.27, i32 %add105_lcssa_lcssa231, void %arrayidx834.case.26, i32 %add105_lcssa_lcssa231, void %arrayidx834.case.25, i32 %add105_lcssa_lcssa231, void %arrayidx834.case.24, i32 %add105_lcssa_lcssa231, void %arrayidx834.case.23, i32 %add105_lcssa_lcssa231, void %arrayidx834.case.22, i32 %add105_lcssa_lcssa231, void %arrayidx834.case.21, i32 %add105_lcssa_lcssa231, void %arrayidx834.case.20, i32 %add105_lcssa_lcssa231, void %arrayidx834.case.19, i32 %add105_lcssa_lcssa231, void %arrayidx834.case.18, i32 %add105_lcssa_lcssa231, void %arrayidx834.case.17, i32 %sum_2_loc_load, void %arrayidx834.case.16, i32 %add105_lcssa_lcssa231, void %arrayidx834.case.15, i32 %add105_lcssa_lcssa231, void %arrayidx834.case.14, i32 %add105_lcssa_lcssa231, void %arrayidx834.case.13, i32 %add105_lcssa_lcssa231, void %arrayidx834.case.12, i32 %add105_lcssa_lcssa231, void %arrayidx834.case.11, i32 %add105_lcssa_lcssa231, void %arrayidx834.case.10, i32 %add105_lcssa_lcssa231, void %arrayidx834.case.9, i32 %add105_lcssa_lcssa231, void %arrayidx834.case.8, i32 %add105_lcssa_lcssa231, void %arrayidx834.case.7, i32 %add105_lcssa_lcssa231, void %arrayidx834.case.6, i32 %add105_lcssa_lcssa231, void %arrayidx834.case.5, i32 %add105_lcssa_lcssa231, void %arrayidx834.case.4, i32 %add105_lcssa_lcssa231, void %arrayidx834.case.3, i32 %add105_lcssa_lcssa231, void %arrayidx834.case.2, i32 %add105_lcssa_lcssa231, void %arrayidx834.case.1, i32 %add105_lcssa_lcssa231, void %arrayidx834.case.0, i32 %add105_lcssa_lcssa231, void %arrayidx834.case.54, i32 %add105_lcssa_lcssa231, void %VITIS_LOOP_66_11.split" [conv.cpp:80]   --->   Operation 1076 'phi' 'add105_lcssa_lcssa230' <Predicate = true> <Delay = 0.00>
ST_82 : Operation 1077 [1/1] (0.00ns)   --->   "%add105_lcssa_lcssa228 = phi i32 %add105_lcssa_lcssa229, void %arrayidx834.case.52, i32 %add105_lcssa_lcssa229, void %arrayidx834.case.51, i32 %add105_lcssa_lcssa229, void %arrayidx834.case.50, i32 %add105_lcssa_lcssa229, void %arrayidx834.case.49, i32 %add105_lcssa_lcssa229, void %arrayidx834.case.48, i32 %add105_lcssa_lcssa229, void %arrayidx834.case.47, i32 %add105_lcssa_lcssa229, void %arrayidx834.case.46, i32 %add105_lcssa_lcssa229, void %arrayidx834.case.45, i32 %add105_lcssa_lcssa229, void %arrayidx834.case.44, i32 %add105_lcssa_lcssa229, void %arrayidx834.case.43, i32 %add105_lcssa_lcssa229, void %arrayidx834.case.42, i32 %add105_lcssa_lcssa229, void %arrayidx834.case.41, i32 %add105_lcssa_lcssa229, void %arrayidx834.case.40, i32 %add105_lcssa_lcssa229, void %arrayidx834.case.39, i32 %add105_lcssa_lcssa229, void %arrayidx834.case.38, i32 %add105_lcssa_lcssa229, void %arrayidx834.case.37, i32 %add105_lcssa_lcssa229, void %arrayidx834.case.36, i32 %add105_lcssa_lcssa229, void %arrayidx834.case.35, i32 %add105_lcssa_lcssa229, void %arrayidx834.case.34, i32 %add105_lcssa_lcssa229, void %arrayidx834.case.33, i32 %add105_lcssa_lcssa229, void %arrayidx834.case.32, i32 %add105_lcssa_lcssa229, void %arrayidx834.case.31, i32 %add105_lcssa_lcssa229, void %arrayidx834.case.30, i32 %add105_lcssa_lcssa229, void %arrayidx834.case.29, i32 %add105_lcssa_lcssa229, void %arrayidx834.case.28, i32 %add105_lcssa_lcssa229, void %arrayidx834.case.27, i32 %add105_lcssa_lcssa229, void %arrayidx834.case.26, i32 %add105_lcssa_lcssa229, void %arrayidx834.case.25, i32 %add105_lcssa_lcssa229, void %arrayidx834.case.24, i32 %add105_lcssa_lcssa229, void %arrayidx834.case.23, i32 %add105_lcssa_lcssa229, void %arrayidx834.case.22, i32 %add105_lcssa_lcssa229, void %arrayidx834.case.21, i32 %add105_lcssa_lcssa229, void %arrayidx834.case.20, i32 %add105_lcssa_lcssa229, void %arrayidx834.case.19, i32 %add105_lcssa_lcssa229, void %arrayidx834.case.18, i32 %add105_lcssa_lcssa229, void %arrayidx834.case.17, i32 %add105_lcssa_lcssa229, void %arrayidx834.case.16, i32 %sum_2_loc_load, void %arrayidx834.case.15, i32 %add105_lcssa_lcssa229, void %arrayidx834.case.14, i32 %add105_lcssa_lcssa229, void %arrayidx834.case.13, i32 %add105_lcssa_lcssa229, void %arrayidx834.case.12, i32 %add105_lcssa_lcssa229, void %arrayidx834.case.11, i32 %add105_lcssa_lcssa229, void %arrayidx834.case.10, i32 %add105_lcssa_lcssa229, void %arrayidx834.case.9, i32 %add105_lcssa_lcssa229, void %arrayidx834.case.8, i32 %add105_lcssa_lcssa229, void %arrayidx834.case.7, i32 %add105_lcssa_lcssa229, void %arrayidx834.case.6, i32 %add105_lcssa_lcssa229, void %arrayidx834.case.5, i32 %add105_lcssa_lcssa229, void %arrayidx834.case.4, i32 %add105_lcssa_lcssa229, void %arrayidx834.case.3, i32 %add105_lcssa_lcssa229, void %arrayidx834.case.2, i32 %add105_lcssa_lcssa229, void %arrayidx834.case.1, i32 %add105_lcssa_lcssa229, void %arrayidx834.case.0, i32 %add105_lcssa_lcssa229, void %arrayidx834.case.54, i32 %add105_lcssa_lcssa229, void %VITIS_LOOP_66_11.split" [conv.cpp:80]   --->   Operation 1077 'phi' 'add105_lcssa_lcssa228' <Predicate = true> <Delay = 0.00>
ST_82 : Operation 1078 [1/1] (0.00ns)   --->   "%add105_lcssa_lcssa226 = phi i32 %add105_lcssa_lcssa227, void %arrayidx834.case.52, i32 %add105_lcssa_lcssa227, void %arrayidx834.case.51, i32 %add105_lcssa_lcssa227, void %arrayidx834.case.50, i32 %add105_lcssa_lcssa227, void %arrayidx834.case.49, i32 %add105_lcssa_lcssa227, void %arrayidx834.case.48, i32 %add105_lcssa_lcssa227, void %arrayidx834.case.47, i32 %add105_lcssa_lcssa227, void %arrayidx834.case.46, i32 %add105_lcssa_lcssa227, void %arrayidx834.case.45, i32 %add105_lcssa_lcssa227, void %arrayidx834.case.44, i32 %add105_lcssa_lcssa227, void %arrayidx834.case.43, i32 %add105_lcssa_lcssa227, void %arrayidx834.case.42, i32 %add105_lcssa_lcssa227, void %arrayidx834.case.41, i32 %add105_lcssa_lcssa227, void %arrayidx834.case.40, i32 %add105_lcssa_lcssa227, void %arrayidx834.case.39, i32 %add105_lcssa_lcssa227, void %arrayidx834.case.38, i32 %add105_lcssa_lcssa227, void %arrayidx834.case.37, i32 %add105_lcssa_lcssa227, void %arrayidx834.case.36, i32 %add105_lcssa_lcssa227, void %arrayidx834.case.35, i32 %add105_lcssa_lcssa227, void %arrayidx834.case.34, i32 %add105_lcssa_lcssa227, void %arrayidx834.case.33, i32 %add105_lcssa_lcssa227, void %arrayidx834.case.32, i32 %add105_lcssa_lcssa227, void %arrayidx834.case.31, i32 %add105_lcssa_lcssa227, void %arrayidx834.case.30, i32 %add105_lcssa_lcssa227, void %arrayidx834.case.29, i32 %add105_lcssa_lcssa227, void %arrayidx834.case.28, i32 %add105_lcssa_lcssa227, void %arrayidx834.case.27, i32 %add105_lcssa_lcssa227, void %arrayidx834.case.26, i32 %add105_lcssa_lcssa227, void %arrayidx834.case.25, i32 %add105_lcssa_lcssa227, void %arrayidx834.case.24, i32 %add105_lcssa_lcssa227, void %arrayidx834.case.23, i32 %add105_lcssa_lcssa227, void %arrayidx834.case.22, i32 %add105_lcssa_lcssa227, void %arrayidx834.case.21, i32 %add105_lcssa_lcssa227, void %arrayidx834.case.20, i32 %add105_lcssa_lcssa227, void %arrayidx834.case.19, i32 %add105_lcssa_lcssa227, void %arrayidx834.case.18, i32 %add105_lcssa_lcssa227, void %arrayidx834.case.17, i32 %add105_lcssa_lcssa227, void %arrayidx834.case.16, i32 %add105_lcssa_lcssa227, void %arrayidx834.case.15, i32 %sum_2_loc_load, void %arrayidx834.case.14, i32 %add105_lcssa_lcssa227, void %arrayidx834.case.13, i32 %add105_lcssa_lcssa227, void %arrayidx834.case.12, i32 %add105_lcssa_lcssa227, void %arrayidx834.case.11, i32 %add105_lcssa_lcssa227, void %arrayidx834.case.10, i32 %add105_lcssa_lcssa227, void %arrayidx834.case.9, i32 %add105_lcssa_lcssa227, void %arrayidx834.case.8, i32 %add105_lcssa_lcssa227, void %arrayidx834.case.7, i32 %add105_lcssa_lcssa227, void %arrayidx834.case.6, i32 %add105_lcssa_lcssa227, void %arrayidx834.case.5, i32 %add105_lcssa_lcssa227, void %arrayidx834.case.4, i32 %add105_lcssa_lcssa227, void %arrayidx834.case.3, i32 %add105_lcssa_lcssa227, void %arrayidx834.case.2, i32 %add105_lcssa_lcssa227, void %arrayidx834.case.1, i32 %add105_lcssa_lcssa227, void %arrayidx834.case.0, i32 %add105_lcssa_lcssa227, void %arrayidx834.case.54, i32 %add105_lcssa_lcssa227, void %VITIS_LOOP_66_11.split" [conv.cpp:80]   --->   Operation 1078 'phi' 'add105_lcssa_lcssa226' <Predicate = true> <Delay = 0.00>
ST_82 : Operation 1079 [1/1] (0.00ns)   --->   "%add105_lcssa_lcssa224 = phi i32 %add105_lcssa_lcssa225, void %arrayidx834.case.52, i32 %add105_lcssa_lcssa225, void %arrayidx834.case.51, i32 %add105_lcssa_lcssa225, void %arrayidx834.case.50, i32 %add105_lcssa_lcssa225, void %arrayidx834.case.49, i32 %add105_lcssa_lcssa225, void %arrayidx834.case.48, i32 %add105_lcssa_lcssa225, void %arrayidx834.case.47, i32 %add105_lcssa_lcssa225, void %arrayidx834.case.46, i32 %add105_lcssa_lcssa225, void %arrayidx834.case.45, i32 %add105_lcssa_lcssa225, void %arrayidx834.case.44, i32 %add105_lcssa_lcssa225, void %arrayidx834.case.43, i32 %add105_lcssa_lcssa225, void %arrayidx834.case.42, i32 %add105_lcssa_lcssa225, void %arrayidx834.case.41, i32 %add105_lcssa_lcssa225, void %arrayidx834.case.40, i32 %add105_lcssa_lcssa225, void %arrayidx834.case.39, i32 %add105_lcssa_lcssa225, void %arrayidx834.case.38, i32 %add105_lcssa_lcssa225, void %arrayidx834.case.37, i32 %add105_lcssa_lcssa225, void %arrayidx834.case.36, i32 %add105_lcssa_lcssa225, void %arrayidx834.case.35, i32 %add105_lcssa_lcssa225, void %arrayidx834.case.34, i32 %add105_lcssa_lcssa225, void %arrayidx834.case.33, i32 %add105_lcssa_lcssa225, void %arrayidx834.case.32, i32 %add105_lcssa_lcssa225, void %arrayidx834.case.31, i32 %add105_lcssa_lcssa225, void %arrayidx834.case.30, i32 %add105_lcssa_lcssa225, void %arrayidx834.case.29, i32 %add105_lcssa_lcssa225, void %arrayidx834.case.28, i32 %add105_lcssa_lcssa225, void %arrayidx834.case.27, i32 %add105_lcssa_lcssa225, void %arrayidx834.case.26, i32 %add105_lcssa_lcssa225, void %arrayidx834.case.25, i32 %add105_lcssa_lcssa225, void %arrayidx834.case.24, i32 %add105_lcssa_lcssa225, void %arrayidx834.case.23, i32 %add105_lcssa_lcssa225, void %arrayidx834.case.22, i32 %add105_lcssa_lcssa225, void %arrayidx834.case.21, i32 %add105_lcssa_lcssa225, void %arrayidx834.case.20, i32 %add105_lcssa_lcssa225, void %arrayidx834.case.19, i32 %add105_lcssa_lcssa225, void %arrayidx834.case.18, i32 %add105_lcssa_lcssa225, void %arrayidx834.case.17, i32 %add105_lcssa_lcssa225, void %arrayidx834.case.16, i32 %add105_lcssa_lcssa225, void %arrayidx834.case.15, i32 %add105_lcssa_lcssa225, void %arrayidx834.case.14, i32 %sum_2_loc_load, void %arrayidx834.case.13, i32 %add105_lcssa_lcssa225, void %arrayidx834.case.12, i32 %add105_lcssa_lcssa225, void %arrayidx834.case.11, i32 %add105_lcssa_lcssa225, void %arrayidx834.case.10, i32 %add105_lcssa_lcssa225, void %arrayidx834.case.9, i32 %add105_lcssa_lcssa225, void %arrayidx834.case.8, i32 %add105_lcssa_lcssa225, void %arrayidx834.case.7, i32 %add105_lcssa_lcssa225, void %arrayidx834.case.6, i32 %add105_lcssa_lcssa225, void %arrayidx834.case.5, i32 %add105_lcssa_lcssa225, void %arrayidx834.case.4, i32 %add105_lcssa_lcssa225, void %arrayidx834.case.3, i32 %add105_lcssa_lcssa225, void %arrayidx834.case.2, i32 %add105_lcssa_lcssa225, void %arrayidx834.case.1, i32 %add105_lcssa_lcssa225, void %arrayidx834.case.0, i32 %add105_lcssa_lcssa225, void %arrayidx834.case.54, i32 %add105_lcssa_lcssa225, void %VITIS_LOOP_66_11.split" [conv.cpp:80]   --->   Operation 1079 'phi' 'add105_lcssa_lcssa224' <Predicate = true> <Delay = 0.00>
ST_82 : Operation 1080 [1/1] (0.00ns)   --->   "%add105_lcssa_lcssa222 = phi i32 %add105_lcssa_lcssa223, void %arrayidx834.case.52, i32 %add105_lcssa_lcssa223, void %arrayidx834.case.51, i32 %add105_lcssa_lcssa223, void %arrayidx834.case.50, i32 %add105_lcssa_lcssa223, void %arrayidx834.case.49, i32 %add105_lcssa_lcssa223, void %arrayidx834.case.48, i32 %add105_lcssa_lcssa223, void %arrayidx834.case.47, i32 %add105_lcssa_lcssa223, void %arrayidx834.case.46, i32 %add105_lcssa_lcssa223, void %arrayidx834.case.45, i32 %add105_lcssa_lcssa223, void %arrayidx834.case.44, i32 %add105_lcssa_lcssa223, void %arrayidx834.case.43, i32 %add105_lcssa_lcssa223, void %arrayidx834.case.42, i32 %add105_lcssa_lcssa223, void %arrayidx834.case.41, i32 %add105_lcssa_lcssa223, void %arrayidx834.case.40, i32 %add105_lcssa_lcssa223, void %arrayidx834.case.39, i32 %add105_lcssa_lcssa223, void %arrayidx834.case.38, i32 %add105_lcssa_lcssa223, void %arrayidx834.case.37, i32 %add105_lcssa_lcssa223, void %arrayidx834.case.36, i32 %add105_lcssa_lcssa223, void %arrayidx834.case.35, i32 %add105_lcssa_lcssa223, void %arrayidx834.case.34, i32 %add105_lcssa_lcssa223, void %arrayidx834.case.33, i32 %add105_lcssa_lcssa223, void %arrayidx834.case.32, i32 %add105_lcssa_lcssa223, void %arrayidx834.case.31, i32 %add105_lcssa_lcssa223, void %arrayidx834.case.30, i32 %add105_lcssa_lcssa223, void %arrayidx834.case.29, i32 %add105_lcssa_lcssa223, void %arrayidx834.case.28, i32 %add105_lcssa_lcssa223, void %arrayidx834.case.27, i32 %add105_lcssa_lcssa223, void %arrayidx834.case.26, i32 %add105_lcssa_lcssa223, void %arrayidx834.case.25, i32 %add105_lcssa_lcssa223, void %arrayidx834.case.24, i32 %add105_lcssa_lcssa223, void %arrayidx834.case.23, i32 %add105_lcssa_lcssa223, void %arrayidx834.case.22, i32 %add105_lcssa_lcssa223, void %arrayidx834.case.21, i32 %add105_lcssa_lcssa223, void %arrayidx834.case.20, i32 %add105_lcssa_lcssa223, void %arrayidx834.case.19, i32 %add105_lcssa_lcssa223, void %arrayidx834.case.18, i32 %add105_lcssa_lcssa223, void %arrayidx834.case.17, i32 %add105_lcssa_lcssa223, void %arrayidx834.case.16, i32 %add105_lcssa_lcssa223, void %arrayidx834.case.15, i32 %add105_lcssa_lcssa223, void %arrayidx834.case.14, i32 %add105_lcssa_lcssa223, void %arrayidx834.case.13, i32 %sum_2_loc_load, void %arrayidx834.case.12, i32 %add105_lcssa_lcssa223, void %arrayidx834.case.11, i32 %add105_lcssa_lcssa223, void %arrayidx834.case.10, i32 %add105_lcssa_lcssa223, void %arrayidx834.case.9, i32 %add105_lcssa_lcssa223, void %arrayidx834.case.8, i32 %add105_lcssa_lcssa223, void %arrayidx834.case.7, i32 %add105_lcssa_lcssa223, void %arrayidx834.case.6, i32 %add105_lcssa_lcssa223, void %arrayidx834.case.5, i32 %add105_lcssa_lcssa223, void %arrayidx834.case.4, i32 %add105_lcssa_lcssa223, void %arrayidx834.case.3, i32 %add105_lcssa_lcssa223, void %arrayidx834.case.2, i32 %add105_lcssa_lcssa223, void %arrayidx834.case.1, i32 %add105_lcssa_lcssa223, void %arrayidx834.case.0, i32 %add105_lcssa_lcssa223, void %arrayidx834.case.54, i32 %add105_lcssa_lcssa223, void %VITIS_LOOP_66_11.split" [conv.cpp:80]   --->   Operation 1080 'phi' 'add105_lcssa_lcssa222' <Predicate = true> <Delay = 0.00>
ST_82 : Operation 1081 [1/1] (0.00ns)   --->   "%add105_lcssa_lcssa220 = phi i32 %add105_lcssa_lcssa221, void %arrayidx834.case.52, i32 %add105_lcssa_lcssa221, void %arrayidx834.case.51, i32 %add105_lcssa_lcssa221, void %arrayidx834.case.50, i32 %add105_lcssa_lcssa221, void %arrayidx834.case.49, i32 %add105_lcssa_lcssa221, void %arrayidx834.case.48, i32 %add105_lcssa_lcssa221, void %arrayidx834.case.47, i32 %add105_lcssa_lcssa221, void %arrayidx834.case.46, i32 %add105_lcssa_lcssa221, void %arrayidx834.case.45, i32 %add105_lcssa_lcssa221, void %arrayidx834.case.44, i32 %add105_lcssa_lcssa221, void %arrayidx834.case.43, i32 %add105_lcssa_lcssa221, void %arrayidx834.case.42, i32 %add105_lcssa_lcssa221, void %arrayidx834.case.41, i32 %add105_lcssa_lcssa221, void %arrayidx834.case.40, i32 %add105_lcssa_lcssa221, void %arrayidx834.case.39, i32 %add105_lcssa_lcssa221, void %arrayidx834.case.38, i32 %add105_lcssa_lcssa221, void %arrayidx834.case.37, i32 %add105_lcssa_lcssa221, void %arrayidx834.case.36, i32 %add105_lcssa_lcssa221, void %arrayidx834.case.35, i32 %add105_lcssa_lcssa221, void %arrayidx834.case.34, i32 %add105_lcssa_lcssa221, void %arrayidx834.case.33, i32 %add105_lcssa_lcssa221, void %arrayidx834.case.32, i32 %add105_lcssa_lcssa221, void %arrayidx834.case.31, i32 %add105_lcssa_lcssa221, void %arrayidx834.case.30, i32 %add105_lcssa_lcssa221, void %arrayidx834.case.29, i32 %add105_lcssa_lcssa221, void %arrayidx834.case.28, i32 %add105_lcssa_lcssa221, void %arrayidx834.case.27, i32 %add105_lcssa_lcssa221, void %arrayidx834.case.26, i32 %add105_lcssa_lcssa221, void %arrayidx834.case.25, i32 %add105_lcssa_lcssa221, void %arrayidx834.case.24, i32 %add105_lcssa_lcssa221, void %arrayidx834.case.23, i32 %add105_lcssa_lcssa221, void %arrayidx834.case.22, i32 %add105_lcssa_lcssa221, void %arrayidx834.case.21, i32 %add105_lcssa_lcssa221, void %arrayidx834.case.20, i32 %add105_lcssa_lcssa221, void %arrayidx834.case.19, i32 %add105_lcssa_lcssa221, void %arrayidx834.case.18, i32 %add105_lcssa_lcssa221, void %arrayidx834.case.17, i32 %add105_lcssa_lcssa221, void %arrayidx834.case.16, i32 %add105_lcssa_lcssa221, void %arrayidx834.case.15, i32 %add105_lcssa_lcssa221, void %arrayidx834.case.14, i32 %add105_lcssa_lcssa221, void %arrayidx834.case.13, i32 %add105_lcssa_lcssa221, void %arrayidx834.case.12, i32 %sum_2_loc_load, void %arrayidx834.case.11, i32 %add105_lcssa_lcssa221, void %arrayidx834.case.10, i32 %add105_lcssa_lcssa221, void %arrayidx834.case.9, i32 %add105_lcssa_lcssa221, void %arrayidx834.case.8, i32 %add105_lcssa_lcssa221, void %arrayidx834.case.7, i32 %add105_lcssa_lcssa221, void %arrayidx834.case.6, i32 %add105_lcssa_lcssa221, void %arrayidx834.case.5, i32 %add105_lcssa_lcssa221, void %arrayidx834.case.4, i32 %add105_lcssa_lcssa221, void %arrayidx834.case.3, i32 %add105_lcssa_lcssa221, void %arrayidx834.case.2, i32 %add105_lcssa_lcssa221, void %arrayidx834.case.1, i32 %add105_lcssa_lcssa221, void %arrayidx834.case.0, i32 %add105_lcssa_lcssa221, void %arrayidx834.case.54, i32 %add105_lcssa_lcssa221, void %VITIS_LOOP_66_11.split" [conv.cpp:80]   --->   Operation 1081 'phi' 'add105_lcssa_lcssa220' <Predicate = true> <Delay = 0.00>
ST_82 : Operation 1082 [1/1] (0.00ns)   --->   "%add105_lcssa_lcssa218 = phi i32 %add105_lcssa_lcssa219, void %arrayidx834.case.52, i32 %add105_lcssa_lcssa219, void %arrayidx834.case.51, i32 %add105_lcssa_lcssa219, void %arrayidx834.case.50, i32 %add105_lcssa_lcssa219, void %arrayidx834.case.49, i32 %add105_lcssa_lcssa219, void %arrayidx834.case.48, i32 %add105_lcssa_lcssa219, void %arrayidx834.case.47, i32 %add105_lcssa_lcssa219, void %arrayidx834.case.46, i32 %add105_lcssa_lcssa219, void %arrayidx834.case.45, i32 %add105_lcssa_lcssa219, void %arrayidx834.case.44, i32 %add105_lcssa_lcssa219, void %arrayidx834.case.43, i32 %add105_lcssa_lcssa219, void %arrayidx834.case.42, i32 %add105_lcssa_lcssa219, void %arrayidx834.case.41, i32 %add105_lcssa_lcssa219, void %arrayidx834.case.40, i32 %add105_lcssa_lcssa219, void %arrayidx834.case.39, i32 %add105_lcssa_lcssa219, void %arrayidx834.case.38, i32 %add105_lcssa_lcssa219, void %arrayidx834.case.37, i32 %add105_lcssa_lcssa219, void %arrayidx834.case.36, i32 %add105_lcssa_lcssa219, void %arrayidx834.case.35, i32 %add105_lcssa_lcssa219, void %arrayidx834.case.34, i32 %add105_lcssa_lcssa219, void %arrayidx834.case.33, i32 %add105_lcssa_lcssa219, void %arrayidx834.case.32, i32 %add105_lcssa_lcssa219, void %arrayidx834.case.31, i32 %add105_lcssa_lcssa219, void %arrayidx834.case.30, i32 %add105_lcssa_lcssa219, void %arrayidx834.case.29, i32 %add105_lcssa_lcssa219, void %arrayidx834.case.28, i32 %add105_lcssa_lcssa219, void %arrayidx834.case.27, i32 %add105_lcssa_lcssa219, void %arrayidx834.case.26, i32 %add105_lcssa_lcssa219, void %arrayidx834.case.25, i32 %add105_lcssa_lcssa219, void %arrayidx834.case.24, i32 %add105_lcssa_lcssa219, void %arrayidx834.case.23, i32 %add105_lcssa_lcssa219, void %arrayidx834.case.22, i32 %add105_lcssa_lcssa219, void %arrayidx834.case.21, i32 %add105_lcssa_lcssa219, void %arrayidx834.case.20, i32 %add105_lcssa_lcssa219, void %arrayidx834.case.19, i32 %add105_lcssa_lcssa219, void %arrayidx834.case.18, i32 %add105_lcssa_lcssa219, void %arrayidx834.case.17, i32 %add105_lcssa_lcssa219, void %arrayidx834.case.16, i32 %add105_lcssa_lcssa219, void %arrayidx834.case.15, i32 %add105_lcssa_lcssa219, void %arrayidx834.case.14, i32 %add105_lcssa_lcssa219, void %arrayidx834.case.13, i32 %add105_lcssa_lcssa219, void %arrayidx834.case.12, i32 %add105_lcssa_lcssa219, void %arrayidx834.case.11, i32 %sum_2_loc_load, void %arrayidx834.case.10, i32 %add105_lcssa_lcssa219, void %arrayidx834.case.9, i32 %add105_lcssa_lcssa219, void %arrayidx834.case.8, i32 %add105_lcssa_lcssa219, void %arrayidx834.case.7, i32 %add105_lcssa_lcssa219, void %arrayidx834.case.6, i32 %add105_lcssa_lcssa219, void %arrayidx834.case.5, i32 %add105_lcssa_lcssa219, void %arrayidx834.case.4, i32 %add105_lcssa_lcssa219, void %arrayidx834.case.3, i32 %add105_lcssa_lcssa219, void %arrayidx834.case.2, i32 %add105_lcssa_lcssa219, void %arrayidx834.case.1, i32 %add105_lcssa_lcssa219, void %arrayidx834.case.0, i32 %add105_lcssa_lcssa219, void %arrayidx834.case.54, i32 %add105_lcssa_lcssa219, void %VITIS_LOOP_66_11.split" [conv.cpp:80]   --->   Operation 1082 'phi' 'add105_lcssa_lcssa218' <Predicate = true> <Delay = 0.00>
ST_82 : Operation 1083 [1/1] (0.00ns)   --->   "%add105_lcssa_lcssa216 = phi i32 %add105_lcssa_lcssa217, void %arrayidx834.case.52, i32 %add105_lcssa_lcssa217, void %arrayidx834.case.51, i32 %add105_lcssa_lcssa217, void %arrayidx834.case.50, i32 %add105_lcssa_lcssa217, void %arrayidx834.case.49, i32 %add105_lcssa_lcssa217, void %arrayidx834.case.48, i32 %add105_lcssa_lcssa217, void %arrayidx834.case.47, i32 %add105_lcssa_lcssa217, void %arrayidx834.case.46, i32 %add105_lcssa_lcssa217, void %arrayidx834.case.45, i32 %add105_lcssa_lcssa217, void %arrayidx834.case.44, i32 %add105_lcssa_lcssa217, void %arrayidx834.case.43, i32 %add105_lcssa_lcssa217, void %arrayidx834.case.42, i32 %add105_lcssa_lcssa217, void %arrayidx834.case.41, i32 %add105_lcssa_lcssa217, void %arrayidx834.case.40, i32 %add105_lcssa_lcssa217, void %arrayidx834.case.39, i32 %add105_lcssa_lcssa217, void %arrayidx834.case.38, i32 %add105_lcssa_lcssa217, void %arrayidx834.case.37, i32 %add105_lcssa_lcssa217, void %arrayidx834.case.36, i32 %add105_lcssa_lcssa217, void %arrayidx834.case.35, i32 %add105_lcssa_lcssa217, void %arrayidx834.case.34, i32 %add105_lcssa_lcssa217, void %arrayidx834.case.33, i32 %add105_lcssa_lcssa217, void %arrayidx834.case.32, i32 %add105_lcssa_lcssa217, void %arrayidx834.case.31, i32 %add105_lcssa_lcssa217, void %arrayidx834.case.30, i32 %add105_lcssa_lcssa217, void %arrayidx834.case.29, i32 %add105_lcssa_lcssa217, void %arrayidx834.case.28, i32 %add105_lcssa_lcssa217, void %arrayidx834.case.27, i32 %add105_lcssa_lcssa217, void %arrayidx834.case.26, i32 %add105_lcssa_lcssa217, void %arrayidx834.case.25, i32 %add105_lcssa_lcssa217, void %arrayidx834.case.24, i32 %add105_lcssa_lcssa217, void %arrayidx834.case.23, i32 %add105_lcssa_lcssa217, void %arrayidx834.case.22, i32 %add105_lcssa_lcssa217, void %arrayidx834.case.21, i32 %add105_lcssa_lcssa217, void %arrayidx834.case.20, i32 %add105_lcssa_lcssa217, void %arrayidx834.case.19, i32 %add105_lcssa_lcssa217, void %arrayidx834.case.18, i32 %add105_lcssa_lcssa217, void %arrayidx834.case.17, i32 %add105_lcssa_lcssa217, void %arrayidx834.case.16, i32 %add105_lcssa_lcssa217, void %arrayidx834.case.15, i32 %add105_lcssa_lcssa217, void %arrayidx834.case.14, i32 %add105_lcssa_lcssa217, void %arrayidx834.case.13, i32 %add105_lcssa_lcssa217, void %arrayidx834.case.12, i32 %add105_lcssa_lcssa217, void %arrayidx834.case.11, i32 %add105_lcssa_lcssa217, void %arrayidx834.case.10, i32 %sum_2_loc_load, void %arrayidx834.case.9, i32 %add105_lcssa_lcssa217, void %arrayidx834.case.8, i32 %add105_lcssa_lcssa217, void %arrayidx834.case.7, i32 %add105_lcssa_lcssa217, void %arrayidx834.case.6, i32 %add105_lcssa_lcssa217, void %arrayidx834.case.5, i32 %add105_lcssa_lcssa217, void %arrayidx834.case.4, i32 %add105_lcssa_lcssa217, void %arrayidx834.case.3, i32 %add105_lcssa_lcssa217, void %arrayidx834.case.2, i32 %add105_lcssa_lcssa217, void %arrayidx834.case.1, i32 %add105_lcssa_lcssa217, void %arrayidx834.case.0, i32 %add105_lcssa_lcssa217, void %arrayidx834.case.54, i32 %add105_lcssa_lcssa217, void %VITIS_LOOP_66_11.split" [conv.cpp:80]   --->   Operation 1083 'phi' 'add105_lcssa_lcssa216' <Predicate = true> <Delay = 0.00>
ST_82 : Operation 1084 [1/1] (0.00ns)   --->   "%add105_lcssa_lcssa214 = phi i32 %add105_lcssa_lcssa215, void %arrayidx834.case.52, i32 %add105_lcssa_lcssa215, void %arrayidx834.case.51, i32 %add105_lcssa_lcssa215, void %arrayidx834.case.50, i32 %add105_lcssa_lcssa215, void %arrayidx834.case.49, i32 %add105_lcssa_lcssa215, void %arrayidx834.case.48, i32 %add105_lcssa_lcssa215, void %arrayidx834.case.47, i32 %add105_lcssa_lcssa215, void %arrayidx834.case.46, i32 %add105_lcssa_lcssa215, void %arrayidx834.case.45, i32 %add105_lcssa_lcssa215, void %arrayidx834.case.44, i32 %add105_lcssa_lcssa215, void %arrayidx834.case.43, i32 %add105_lcssa_lcssa215, void %arrayidx834.case.42, i32 %add105_lcssa_lcssa215, void %arrayidx834.case.41, i32 %add105_lcssa_lcssa215, void %arrayidx834.case.40, i32 %add105_lcssa_lcssa215, void %arrayidx834.case.39, i32 %add105_lcssa_lcssa215, void %arrayidx834.case.38, i32 %add105_lcssa_lcssa215, void %arrayidx834.case.37, i32 %add105_lcssa_lcssa215, void %arrayidx834.case.36, i32 %add105_lcssa_lcssa215, void %arrayidx834.case.35, i32 %add105_lcssa_lcssa215, void %arrayidx834.case.34, i32 %add105_lcssa_lcssa215, void %arrayidx834.case.33, i32 %add105_lcssa_lcssa215, void %arrayidx834.case.32, i32 %add105_lcssa_lcssa215, void %arrayidx834.case.31, i32 %add105_lcssa_lcssa215, void %arrayidx834.case.30, i32 %add105_lcssa_lcssa215, void %arrayidx834.case.29, i32 %add105_lcssa_lcssa215, void %arrayidx834.case.28, i32 %add105_lcssa_lcssa215, void %arrayidx834.case.27, i32 %add105_lcssa_lcssa215, void %arrayidx834.case.26, i32 %add105_lcssa_lcssa215, void %arrayidx834.case.25, i32 %add105_lcssa_lcssa215, void %arrayidx834.case.24, i32 %add105_lcssa_lcssa215, void %arrayidx834.case.23, i32 %add105_lcssa_lcssa215, void %arrayidx834.case.22, i32 %add105_lcssa_lcssa215, void %arrayidx834.case.21, i32 %add105_lcssa_lcssa215, void %arrayidx834.case.20, i32 %add105_lcssa_lcssa215, void %arrayidx834.case.19, i32 %add105_lcssa_lcssa215, void %arrayidx834.case.18, i32 %add105_lcssa_lcssa215, void %arrayidx834.case.17, i32 %add105_lcssa_lcssa215, void %arrayidx834.case.16, i32 %add105_lcssa_lcssa215, void %arrayidx834.case.15, i32 %add105_lcssa_lcssa215, void %arrayidx834.case.14, i32 %add105_lcssa_lcssa215, void %arrayidx834.case.13, i32 %add105_lcssa_lcssa215, void %arrayidx834.case.12, i32 %add105_lcssa_lcssa215, void %arrayidx834.case.11, i32 %add105_lcssa_lcssa215, void %arrayidx834.case.10, i32 %add105_lcssa_lcssa215, void %arrayidx834.case.9, i32 %sum_2_loc_load, void %arrayidx834.case.8, i32 %add105_lcssa_lcssa215, void %arrayidx834.case.7, i32 %add105_lcssa_lcssa215, void %arrayidx834.case.6, i32 %add105_lcssa_lcssa215, void %arrayidx834.case.5, i32 %add105_lcssa_lcssa215, void %arrayidx834.case.4, i32 %add105_lcssa_lcssa215, void %arrayidx834.case.3, i32 %add105_lcssa_lcssa215, void %arrayidx834.case.2, i32 %add105_lcssa_lcssa215, void %arrayidx834.case.1, i32 %add105_lcssa_lcssa215, void %arrayidx834.case.0, i32 %add105_lcssa_lcssa215, void %arrayidx834.case.54, i32 %add105_lcssa_lcssa215, void %VITIS_LOOP_66_11.split" [conv.cpp:80]   --->   Operation 1084 'phi' 'add105_lcssa_lcssa214' <Predicate = true> <Delay = 0.00>
ST_82 : Operation 1085 [1/1] (0.00ns)   --->   "%add105_lcssa_lcssa212 = phi i32 %add105_lcssa_lcssa213, void %arrayidx834.case.52, i32 %add105_lcssa_lcssa213, void %arrayidx834.case.51, i32 %add105_lcssa_lcssa213, void %arrayidx834.case.50, i32 %add105_lcssa_lcssa213, void %arrayidx834.case.49, i32 %add105_lcssa_lcssa213, void %arrayidx834.case.48, i32 %add105_lcssa_lcssa213, void %arrayidx834.case.47, i32 %add105_lcssa_lcssa213, void %arrayidx834.case.46, i32 %add105_lcssa_lcssa213, void %arrayidx834.case.45, i32 %add105_lcssa_lcssa213, void %arrayidx834.case.44, i32 %add105_lcssa_lcssa213, void %arrayidx834.case.43, i32 %add105_lcssa_lcssa213, void %arrayidx834.case.42, i32 %add105_lcssa_lcssa213, void %arrayidx834.case.41, i32 %add105_lcssa_lcssa213, void %arrayidx834.case.40, i32 %add105_lcssa_lcssa213, void %arrayidx834.case.39, i32 %add105_lcssa_lcssa213, void %arrayidx834.case.38, i32 %add105_lcssa_lcssa213, void %arrayidx834.case.37, i32 %add105_lcssa_lcssa213, void %arrayidx834.case.36, i32 %add105_lcssa_lcssa213, void %arrayidx834.case.35, i32 %add105_lcssa_lcssa213, void %arrayidx834.case.34, i32 %add105_lcssa_lcssa213, void %arrayidx834.case.33, i32 %add105_lcssa_lcssa213, void %arrayidx834.case.32, i32 %add105_lcssa_lcssa213, void %arrayidx834.case.31, i32 %add105_lcssa_lcssa213, void %arrayidx834.case.30, i32 %add105_lcssa_lcssa213, void %arrayidx834.case.29, i32 %add105_lcssa_lcssa213, void %arrayidx834.case.28, i32 %add105_lcssa_lcssa213, void %arrayidx834.case.27, i32 %add105_lcssa_lcssa213, void %arrayidx834.case.26, i32 %add105_lcssa_lcssa213, void %arrayidx834.case.25, i32 %add105_lcssa_lcssa213, void %arrayidx834.case.24, i32 %add105_lcssa_lcssa213, void %arrayidx834.case.23, i32 %add105_lcssa_lcssa213, void %arrayidx834.case.22, i32 %add105_lcssa_lcssa213, void %arrayidx834.case.21, i32 %add105_lcssa_lcssa213, void %arrayidx834.case.20, i32 %add105_lcssa_lcssa213, void %arrayidx834.case.19, i32 %add105_lcssa_lcssa213, void %arrayidx834.case.18, i32 %add105_lcssa_lcssa213, void %arrayidx834.case.17, i32 %add105_lcssa_lcssa213, void %arrayidx834.case.16, i32 %add105_lcssa_lcssa213, void %arrayidx834.case.15, i32 %add105_lcssa_lcssa213, void %arrayidx834.case.14, i32 %add105_lcssa_lcssa213, void %arrayidx834.case.13, i32 %add105_lcssa_lcssa213, void %arrayidx834.case.12, i32 %add105_lcssa_lcssa213, void %arrayidx834.case.11, i32 %add105_lcssa_lcssa213, void %arrayidx834.case.10, i32 %add105_lcssa_lcssa213, void %arrayidx834.case.9, i32 %add105_lcssa_lcssa213, void %arrayidx834.case.8, i32 %sum_2_loc_load, void %arrayidx834.case.7, i32 %add105_lcssa_lcssa213, void %arrayidx834.case.6, i32 %add105_lcssa_lcssa213, void %arrayidx834.case.5, i32 %add105_lcssa_lcssa213, void %arrayidx834.case.4, i32 %add105_lcssa_lcssa213, void %arrayidx834.case.3, i32 %add105_lcssa_lcssa213, void %arrayidx834.case.2, i32 %add105_lcssa_lcssa213, void %arrayidx834.case.1, i32 %add105_lcssa_lcssa213, void %arrayidx834.case.0, i32 %add105_lcssa_lcssa213, void %arrayidx834.case.54, i32 %add105_lcssa_lcssa213, void %VITIS_LOOP_66_11.split" [conv.cpp:80]   --->   Operation 1085 'phi' 'add105_lcssa_lcssa212' <Predicate = true> <Delay = 0.00>
ST_82 : Operation 1086 [1/1] (0.00ns)   --->   "%add105_lcssa_lcssa210 = phi i32 %add105_lcssa_lcssa211, void %arrayidx834.case.52, i32 %add105_lcssa_lcssa211, void %arrayidx834.case.51, i32 %add105_lcssa_lcssa211, void %arrayidx834.case.50, i32 %add105_lcssa_lcssa211, void %arrayidx834.case.49, i32 %add105_lcssa_lcssa211, void %arrayidx834.case.48, i32 %add105_lcssa_lcssa211, void %arrayidx834.case.47, i32 %add105_lcssa_lcssa211, void %arrayidx834.case.46, i32 %add105_lcssa_lcssa211, void %arrayidx834.case.45, i32 %add105_lcssa_lcssa211, void %arrayidx834.case.44, i32 %add105_lcssa_lcssa211, void %arrayidx834.case.43, i32 %add105_lcssa_lcssa211, void %arrayidx834.case.42, i32 %add105_lcssa_lcssa211, void %arrayidx834.case.41, i32 %add105_lcssa_lcssa211, void %arrayidx834.case.40, i32 %add105_lcssa_lcssa211, void %arrayidx834.case.39, i32 %add105_lcssa_lcssa211, void %arrayidx834.case.38, i32 %add105_lcssa_lcssa211, void %arrayidx834.case.37, i32 %add105_lcssa_lcssa211, void %arrayidx834.case.36, i32 %add105_lcssa_lcssa211, void %arrayidx834.case.35, i32 %add105_lcssa_lcssa211, void %arrayidx834.case.34, i32 %add105_lcssa_lcssa211, void %arrayidx834.case.33, i32 %add105_lcssa_lcssa211, void %arrayidx834.case.32, i32 %add105_lcssa_lcssa211, void %arrayidx834.case.31, i32 %add105_lcssa_lcssa211, void %arrayidx834.case.30, i32 %add105_lcssa_lcssa211, void %arrayidx834.case.29, i32 %add105_lcssa_lcssa211, void %arrayidx834.case.28, i32 %add105_lcssa_lcssa211, void %arrayidx834.case.27, i32 %add105_lcssa_lcssa211, void %arrayidx834.case.26, i32 %add105_lcssa_lcssa211, void %arrayidx834.case.25, i32 %add105_lcssa_lcssa211, void %arrayidx834.case.24, i32 %add105_lcssa_lcssa211, void %arrayidx834.case.23, i32 %add105_lcssa_lcssa211, void %arrayidx834.case.22, i32 %add105_lcssa_lcssa211, void %arrayidx834.case.21, i32 %add105_lcssa_lcssa211, void %arrayidx834.case.20, i32 %add105_lcssa_lcssa211, void %arrayidx834.case.19, i32 %add105_lcssa_lcssa211, void %arrayidx834.case.18, i32 %add105_lcssa_lcssa211, void %arrayidx834.case.17, i32 %add105_lcssa_lcssa211, void %arrayidx834.case.16, i32 %add105_lcssa_lcssa211, void %arrayidx834.case.15, i32 %add105_lcssa_lcssa211, void %arrayidx834.case.14, i32 %add105_lcssa_lcssa211, void %arrayidx834.case.13, i32 %add105_lcssa_lcssa211, void %arrayidx834.case.12, i32 %add105_lcssa_lcssa211, void %arrayidx834.case.11, i32 %add105_lcssa_lcssa211, void %arrayidx834.case.10, i32 %add105_lcssa_lcssa211, void %arrayidx834.case.9, i32 %add105_lcssa_lcssa211, void %arrayidx834.case.8, i32 %add105_lcssa_lcssa211, void %arrayidx834.case.7, i32 %sum_2_loc_load, void %arrayidx834.case.6, i32 %add105_lcssa_lcssa211, void %arrayidx834.case.5, i32 %add105_lcssa_lcssa211, void %arrayidx834.case.4, i32 %add105_lcssa_lcssa211, void %arrayidx834.case.3, i32 %add105_lcssa_lcssa211, void %arrayidx834.case.2, i32 %add105_lcssa_lcssa211, void %arrayidx834.case.1, i32 %add105_lcssa_lcssa211, void %arrayidx834.case.0, i32 %add105_lcssa_lcssa211, void %arrayidx834.case.54, i32 %add105_lcssa_lcssa211, void %VITIS_LOOP_66_11.split" [conv.cpp:80]   --->   Operation 1086 'phi' 'add105_lcssa_lcssa210' <Predicate = true> <Delay = 0.00>
ST_82 : Operation 1087 [1/1] (0.00ns)   --->   "%add105_lcssa_lcssa208 = phi i32 %add105_lcssa_lcssa209, void %arrayidx834.case.52, i32 %add105_lcssa_lcssa209, void %arrayidx834.case.51, i32 %add105_lcssa_lcssa209, void %arrayidx834.case.50, i32 %add105_lcssa_lcssa209, void %arrayidx834.case.49, i32 %add105_lcssa_lcssa209, void %arrayidx834.case.48, i32 %add105_lcssa_lcssa209, void %arrayidx834.case.47, i32 %add105_lcssa_lcssa209, void %arrayidx834.case.46, i32 %add105_lcssa_lcssa209, void %arrayidx834.case.45, i32 %add105_lcssa_lcssa209, void %arrayidx834.case.44, i32 %add105_lcssa_lcssa209, void %arrayidx834.case.43, i32 %add105_lcssa_lcssa209, void %arrayidx834.case.42, i32 %add105_lcssa_lcssa209, void %arrayidx834.case.41, i32 %add105_lcssa_lcssa209, void %arrayidx834.case.40, i32 %add105_lcssa_lcssa209, void %arrayidx834.case.39, i32 %add105_lcssa_lcssa209, void %arrayidx834.case.38, i32 %add105_lcssa_lcssa209, void %arrayidx834.case.37, i32 %add105_lcssa_lcssa209, void %arrayidx834.case.36, i32 %add105_lcssa_lcssa209, void %arrayidx834.case.35, i32 %add105_lcssa_lcssa209, void %arrayidx834.case.34, i32 %add105_lcssa_lcssa209, void %arrayidx834.case.33, i32 %add105_lcssa_lcssa209, void %arrayidx834.case.32, i32 %add105_lcssa_lcssa209, void %arrayidx834.case.31, i32 %add105_lcssa_lcssa209, void %arrayidx834.case.30, i32 %add105_lcssa_lcssa209, void %arrayidx834.case.29, i32 %add105_lcssa_lcssa209, void %arrayidx834.case.28, i32 %add105_lcssa_lcssa209, void %arrayidx834.case.27, i32 %add105_lcssa_lcssa209, void %arrayidx834.case.26, i32 %add105_lcssa_lcssa209, void %arrayidx834.case.25, i32 %add105_lcssa_lcssa209, void %arrayidx834.case.24, i32 %add105_lcssa_lcssa209, void %arrayidx834.case.23, i32 %add105_lcssa_lcssa209, void %arrayidx834.case.22, i32 %add105_lcssa_lcssa209, void %arrayidx834.case.21, i32 %add105_lcssa_lcssa209, void %arrayidx834.case.20, i32 %add105_lcssa_lcssa209, void %arrayidx834.case.19, i32 %add105_lcssa_lcssa209, void %arrayidx834.case.18, i32 %add105_lcssa_lcssa209, void %arrayidx834.case.17, i32 %add105_lcssa_lcssa209, void %arrayidx834.case.16, i32 %add105_lcssa_lcssa209, void %arrayidx834.case.15, i32 %add105_lcssa_lcssa209, void %arrayidx834.case.14, i32 %add105_lcssa_lcssa209, void %arrayidx834.case.13, i32 %add105_lcssa_lcssa209, void %arrayidx834.case.12, i32 %add105_lcssa_lcssa209, void %arrayidx834.case.11, i32 %add105_lcssa_lcssa209, void %arrayidx834.case.10, i32 %add105_lcssa_lcssa209, void %arrayidx834.case.9, i32 %add105_lcssa_lcssa209, void %arrayidx834.case.8, i32 %add105_lcssa_lcssa209, void %arrayidx834.case.7, i32 %add105_lcssa_lcssa209, void %arrayidx834.case.6, i32 %sum_2_loc_load, void %arrayidx834.case.5, i32 %add105_lcssa_lcssa209, void %arrayidx834.case.4, i32 %add105_lcssa_lcssa209, void %arrayidx834.case.3, i32 %add105_lcssa_lcssa209, void %arrayidx834.case.2, i32 %add105_lcssa_lcssa209, void %arrayidx834.case.1, i32 %add105_lcssa_lcssa209, void %arrayidx834.case.0, i32 %add105_lcssa_lcssa209, void %arrayidx834.case.54, i32 %add105_lcssa_lcssa209, void %VITIS_LOOP_66_11.split" [conv.cpp:80]   --->   Operation 1087 'phi' 'add105_lcssa_lcssa208' <Predicate = true> <Delay = 0.00>
ST_82 : Operation 1088 [1/1] (0.00ns)   --->   "%add105_lcssa_lcssa206 = phi i32 %add105_lcssa_lcssa207, void %arrayidx834.case.52, i32 %add105_lcssa_lcssa207, void %arrayidx834.case.51, i32 %add105_lcssa_lcssa207, void %arrayidx834.case.50, i32 %add105_lcssa_lcssa207, void %arrayidx834.case.49, i32 %add105_lcssa_lcssa207, void %arrayidx834.case.48, i32 %add105_lcssa_lcssa207, void %arrayidx834.case.47, i32 %add105_lcssa_lcssa207, void %arrayidx834.case.46, i32 %add105_lcssa_lcssa207, void %arrayidx834.case.45, i32 %add105_lcssa_lcssa207, void %arrayidx834.case.44, i32 %add105_lcssa_lcssa207, void %arrayidx834.case.43, i32 %add105_lcssa_lcssa207, void %arrayidx834.case.42, i32 %add105_lcssa_lcssa207, void %arrayidx834.case.41, i32 %add105_lcssa_lcssa207, void %arrayidx834.case.40, i32 %add105_lcssa_lcssa207, void %arrayidx834.case.39, i32 %add105_lcssa_lcssa207, void %arrayidx834.case.38, i32 %add105_lcssa_lcssa207, void %arrayidx834.case.37, i32 %add105_lcssa_lcssa207, void %arrayidx834.case.36, i32 %add105_lcssa_lcssa207, void %arrayidx834.case.35, i32 %add105_lcssa_lcssa207, void %arrayidx834.case.34, i32 %add105_lcssa_lcssa207, void %arrayidx834.case.33, i32 %add105_lcssa_lcssa207, void %arrayidx834.case.32, i32 %add105_lcssa_lcssa207, void %arrayidx834.case.31, i32 %add105_lcssa_lcssa207, void %arrayidx834.case.30, i32 %add105_lcssa_lcssa207, void %arrayidx834.case.29, i32 %add105_lcssa_lcssa207, void %arrayidx834.case.28, i32 %add105_lcssa_lcssa207, void %arrayidx834.case.27, i32 %add105_lcssa_lcssa207, void %arrayidx834.case.26, i32 %add105_lcssa_lcssa207, void %arrayidx834.case.25, i32 %add105_lcssa_lcssa207, void %arrayidx834.case.24, i32 %add105_lcssa_lcssa207, void %arrayidx834.case.23, i32 %add105_lcssa_lcssa207, void %arrayidx834.case.22, i32 %add105_lcssa_lcssa207, void %arrayidx834.case.21, i32 %add105_lcssa_lcssa207, void %arrayidx834.case.20, i32 %add105_lcssa_lcssa207, void %arrayidx834.case.19, i32 %add105_lcssa_lcssa207, void %arrayidx834.case.18, i32 %add105_lcssa_lcssa207, void %arrayidx834.case.17, i32 %add105_lcssa_lcssa207, void %arrayidx834.case.16, i32 %add105_lcssa_lcssa207, void %arrayidx834.case.15, i32 %add105_lcssa_lcssa207, void %arrayidx834.case.14, i32 %add105_lcssa_lcssa207, void %arrayidx834.case.13, i32 %add105_lcssa_lcssa207, void %arrayidx834.case.12, i32 %add105_lcssa_lcssa207, void %arrayidx834.case.11, i32 %add105_lcssa_lcssa207, void %arrayidx834.case.10, i32 %add105_lcssa_lcssa207, void %arrayidx834.case.9, i32 %add105_lcssa_lcssa207, void %arrayidx834.case.8, i32 %add105_lcssa_lcssa207, void %arrayidx834.case.7, i32 %add105_lcssa_lcssa207, void %arrayidx834.case.6, i32 %add105_lcssa_lcssa207, void %arrayidx834.case.5, i32 %sum_2_loc_load, void %arrayidx834.case.4, i32 %add105_lcssa_lcssa207, void %arrayidx834.case.3, i32 %add105_lcssa_lcssa207, void %arrayidx834.case.2, i32 %add105_lcssa_lcssa207, void %arrayidx834.case.1, i32 %add105_lcssa_lcssa207, void %arrayidx834.case.0, i32 %add105_lcssa_lcssa207, void %arrayidx834.case.54, i32 %add105_lcssa_lcssa207, void %VITIS_LOOP_66_11.split" [conv.cpp:80]   --->   Operation 1088 'phi' 'add105_lcssa_lcssa206' <Predicate = true> <Delay = 0.00>
ST_82 : Operation 1089 [1/1] (0.00ns)   --->   "%add105_lcssa_lcssa204 = phi i32 %add105_lcssa_lcssa205, void %arrayidx834.case.52, i32 %add105_lcssa_lcssa205, void %arrayidx834.case.51, i32 %add105_lcssa_lcssa205, void %arrayidx834.case.50, i32 %add105_lcssa_lcssa205, void %arrayidx834.case.49, i32 %add105_lcssa_lcssa205, void %arrayidx834.case.48, i32 %add105_lcssa_lcssa205, void %arrayidx834.case.47, i32 %add105_lcssa_lcssa205, void %arrayidx834.case.46, i32 %add105_lcssa_lcssa205, void %arrayidx834.case.45, i32 %add105_lcssa_lcssa205, void %arrayidx834.case.44, i32 %add105_lcssa_lcssa205, void %arrayidx834.case.43, i32 %add105_lcssa_lcssa205, void %arrayidx834.case.42, i32 %add105_lcssa_lcssa205, void %arrayidx834.case.41, i32 %add105_lcssa_lcssa205, void %arrayidx834.case.40, i32 %add105_lcssa_lcssa205, void %arrayidx834.case.39, i32 %add105_lcssa_lcssa205, void %arrayidx834.case.38, i32 %add105_lcssa_lcssa205, void %arrayidx834.case.37, i32 %add105_lcssa_lcssa205, void %arrayidx834.case.36, i32 %add105_lcssa_lcssa205, void %arrayidx834.case.35, i32 %add105_lcssa_lcssa205, void %arrayidx834.case.34, i32 %add105_lcssa_lcssa205, void %arrayidx834.case.33, i32 %add105_lcssa_lcssa205, void %arrayidx834.case.32, i32 %add105_lcssa_lcssa205, void %arrayidx834.case.31, i32 %add105_lcssa_lcssa205, void %arrayidx834.case.30, i32 %add105_lcssa_lcssa205, void %arrayidx834.case.29, i32 %add105_lcssa_lcssa205, void %arrayidx834.case.28, i32 %add105_lcssa_lcssa205, void %arrayidx834.case.27, i32 %add105_lcssa_lcssa205, void %arrayidx834.case.26, i32 %add105_lcssa_lcssa205, void %arrayidx834.case.25, i32 %add105_lcssa_lcssa205, void %arrayidx834.case.24, i32 %add105_lcssa_lcssa205, void %arrayidx834.case.23, i32 %add105_lcssa_lcssa205, void %arrayidx834.case.22, i32 %add105_lcssa_lcssa205, void %arrayidx834.case.21, i32 %add105_lcssa_lcssa205, void %arrayidx834.case.20, i32 %add105_lcssa_lcssa205, void %arrayidx834.case.19, i32 %add105_lcssa_lcssa205, void %arrayidx834.case.18, i32 %add105_lcssa_lcssa205, void %arrayidx834.case.17, i32 %add105_lcssa_lcssa205, void %arrayidx834.case.16, i32 %add105_lcssa_lcssa205, void %arrayidx834.case.15, i32 %add105_lcssa_lcssa205, void %arrayidx834.case.14, i32 %add105_lcssa_lcssa205, void %arrayidx834.case.13, i32 %add105_lcssa_lcssa205, void %arrayidx834.case.12, i32 %add105_lcssa_lcssa205, void %arrayidx834.case.11, i32 %add105_lcssa_lcssa205, void %arrayidx834.case.10, i32 %add105_lcssa_lcssa205, void %arrayidx834.case.9, i32 %add105_lcssa_lcssa205, void %arrayidx834.case.8, i32 %add105_lcssa_lcssa205, void %arrayidx834.case.7, i32 %add105_lcssa_lcssa205, void %arrayidx834.case.6, i32 %add105_lcssa_lcssa205, void %arrayidx834.case.5, i32 %add105_lcssa_lcssa205, void %arrayidx834.case.4, i32 %sum_2_loc_load, void %arrayidx834.case.3, i32 %add105_lcssa_lcssa205, void %arrayidx834.case.2, i32 %add105_lcssa_lcssa205, void %arrayidx834.case.1, i32 %add105_lcssa_lcssa205, void %arrayidx834.case.0, i32 %add105_lcssa_lcssa205, void %arrayidx834.case.54, i32 %add105_lcssa_lcssa205, void %VITIS_LOOP_66_11.split" [conv.cpp:80]   --->   Operation 1089 'phi' 'add105_lcssa_lcssa204' <Predicate = true> <Delay = 0.00>
ST_82 : Operation 1090 [1/1] (0.00ns)   --->   "%add105_lcssa_lcssa202 = phi i32 %add105_lcssa_lcssa203, void %arrayidx834.case.52, i32 %add105_lcssa_lcssa203, void %arrayidx834.case.51, i32 %add105_lcssa_lcssa203, void %arrayidx834.case.50, i32 %add105_lcssa_lcssa203, void %arrayidx834.case.49, i32 %add105_lcssa_lcssa203, void %arrayidx834.case.48, i32 %add105_lcssa_lcssa203, void %arrayidx834.case.47, i32 %add105_lcssa_lcssa203, void %arrayidx834.case.46, i32 %add105_lcssa_lcssa203, void %arrayidx834.case.45, i32 %add105_lcssa_lcssa203, void %arrayidx834.case.44, i32 %add105_lcssa_lcssa203, void %arrayidx834.case.43, i32 %add105_lcssa_lcssa203, void %arrayidx834.case.42, i32 %add105_lcssa_lcssa203, void %arrayidx834.case.41, i32 %add105_lcssa_lcssa203, void %arrayidx834.case.40, i32 %add105_lcssa_lcssa203, void %arrayidx834.case.39, i32 %add105_lcssa_lcssa203, void %arrayidx834.case.38, i32 %add105_lcssa_lcssa203, void %arrayidx834.case.37, i32 %add105_lcssa_lcssa203, void %arrayidx834.case.36, i32 %add105_lcssa_lcssa203, void %arrayidx834.case.35, i32 %add105_lcssa_lcssa203, void %arrayidx834.case.34, i32 %add105_lcssa_lcssa203, void %arrayidx834.case.33, i32 %add105_lcssa_lcssa203, void %arrayidx834.case.32, i32 %add105_lcssa_lcssa203, void %arrayidx834.case.31, i32 %add105_lcssa_lcssa203, void %arrayidx834.case.30, i32 %add105_lcssa_lcssa203, void %arrayidx834.case.29, i32 %add105_lcssa_lcssa203, void %arrayidx834.case.28, i32 %add105_lcssa_lcssa203, void %arrayidx834.case.27, i32 %add105_lcssa_lcssa203, void %arrayidx834.case.26, i32 %add105_lcssa_lcssa203, void %arrayidx834.case.25, i32 %add105_lcssa_lcssa203, void %arrayidx834.case.24, i32 %add105_lcssa_lcssa203, void %arrayidx834.case.23, i32 %add105_lcssa_lcssa203, void %arrayidx834.case.22, i32 %add105_lcssa_lcssa203, void %arrayidx834.case.21, i32 %add105_lcssa_lcssa203, void %arrayidx834.case.20, i32 %add105_lcssa_lcssa203, void %arrayidx834.case.19, i32 %add105_lcssa_lcssa203, void %arrayidx834.case.18, i32 %add105_lcssa_lcssa203, void %arrayidx834.case.17, i32 %add105_lcssa_lcssa203, void %arrayidx834.case.16, i32 %add105_lcssa_lcssa203, void %arrayidx834.case.15, i32 %add105_lcssa_lcssa203, void %arrayidx834.case.14, i32 %add105_lcssa_lcssa203, void %arrayidx834.case.13, i32 %add105_lcssa_lcssa203, void %arrayidx834.case.12, i32 %add105_lcssa_lcssa203, void %arrayidx834.case.11, i32 %add105_lcssa_lcssa203, void %arrayidx834.case.10, i32 %add105_lcssa_lcssa203, void %arrayidx834.case.9, i32 %add105_lcssa_lcssa203, void %arrayidx834.case.8, i32 %add105_lcssa_lcssa203, void %arrayidx834.case.7, i32 %add105_lcssa_lcssa203, void %arrayidx834.case.6, i32 %add105_lcssa_lcssa203, void %arrayidx834.case.5, i32 %add105_lcssa_lcssa203, void %arrayidx834.case.4, i32 %add105_lcssa_lcssa203, void %arrayidx834.case.3, i32 %sum_2_loc_load, void %arrayidx834.case.2, i32 %add105_lcssa_lcssa203, void %arrayidx834.case.1, i32 %add105_lcssa_lcssa203, void %arrayidx834.case.0, i32 %add105_lcssa_lcssa203, void %arrayidx834.case.54, i32 %add105_lcssa_lcssa203, void %VITIS_LOOP_66_11.split" [conv.cpp:80]   --->   Operation 1090 'phi' 'add105_lcssa_lcssa202' <Predicate = true> <Delay = 0.00>
ST_82 : Operation 1091 [1/1] (0.00ns)   --->   "%add105_lcssa_lcssa200 = phi i32 %add105_lcssa_lcssa201, void %arrayidx834.case.52, i32 %add105_lcssa_lcssa201, void %arrayidx834.case.51, i32 %add105_lcssa_lcssa201, void %arrayidx834.case.50, i32 %add105_lcssa_lcssa201, void %arrayidx834.case.49, i32 %add105_lcssa_lcssa201, void %arrayidx834.case.48, i32 %add105_lcssa_lcssa201, void %arrayidx834.case.47, i32 %add105_lcssa_lcssa201, void %arrayidx834.case.46, i32 %add105_lcssa_lcssa201, void %arrayidx834.case.45, i32 %add105_lcssa_lcssa201, void %arrayidx834.case.44, i32 %add105_lcssa_lcssa201, void %arrayidx834.case.43, i32 %add105_lcssa_lcssa201, void %arrayidx834.case.42, i32 %add105_lcssa_lcssa201, void %arrayidx834.case.41, i32 %add105_lcssa_lcssa201, void %arrayidx834.case.40, i32 %add105_lcssa_lcssa201, void %arrayidx834.case.39, i32 %add105_lcssa_lcssa201, void %arrayidx834.case.38, i32 %add105_lcssa_lcssa201, void %arrayidx834.case.37, i32 %add105_lcssa_lcssa201, void %arrayidx834.case.36, i32 %add105_lcssa_lcssa201, void %arrayidx834.case.35, i32 %add105_lcssa_lcssa201, void %arrayidx834.case.34, i32 %add105_lcssa_lcssa201, void %arrayidx834.case.33, i32 %add105_lcssa_lcssa201, void %arrayidx834.case.32, i32 %add105_lcssa_lcssa201, void %arrayidx834.case.31, i32 %add105_lcssa_lcssa201, void %arrayidx834.case.30, i32 %add105_lcssa_lcssa201, void %arrayidx834.case.29, i32 %add105_lcssa_lcssa201, void %arrayidx834.case.28, i32 %add105_lcssa_lcssa201, void %arrayidx834.case.27, i32 %add105_lcssa_lcssa201, void %arrayidx834.case.26, i32 %add105_lcssa_lcssa201, void %arrayidx834.case.25, i32 %add105_lcssa_lcssa201, void %arrayidx834.case.24, i32 %add105_lcssa_lcssa201, void %arrayidx834.case.23, i32 %add105_lcssa_lcssa201, void %arrayidx834.case.22, i32 %add105_lcssa_lcssa201, void %arrayidx834.case.21, i32 %add105_lcssa_lcssa201, void %arrayidx834.case.20, i32 %add105_lcssa_lcssa201, void %arrayidx834.case.19, i32 %add105_lcssa_lcssa201, void %arrayidx834.case.18, i32 %add105_lcssa_lcssa201, void %arrayidx834.case.17, i32 %add105_lcssa_lcssa201, void %arrayidx834.case.16, i32 %add105_lcssa_lcssa201, void %arrayidx834.case.15, i32 %add105_lcssa_lcssa201, void %arrayidx834.case.14, i32 %add105_lcssa_lcssa201, void %arrayidx834.case.13, i32 %add105_lcssa_lcssa201, void %arrayidx834.case.12, i32 %add105_lcssa_lcssa201, void %arrayidx834.case.11, i32 %add105_lcssa_lcssa201, void %arrayidx834.case.10, i32 %add105_lcssa_lcssa201, void %arrayidx834.case.9, i32 %add105_lcssa_lcssa201, void %arrayidx834.case.8, i32 %add105_lcssa_lcssa201, void %arrayidx834.case.7, i32 %add105_lcssa_lcssa201, void %arrayidx834.case.6, i32 %add105_lcssa_lcssa201, void %arrayidx834.case.5, i32 %add105_lcssa_lcssa201, void %arrayidx834.case.4, i32 %add105_lcssa_lcssa201, void %arrayidx834.case.3, i32 %add105_lcssa_lcssa201, void %arrayidx834.case.2, i32 %sum_2_loc_load, void %arrayidx834.case.1, i32 %add105_lcssa_lcssa201, void %arrayidx834.case.0, i32 %add105_lcssa_lcssa201, void %arrayidx834.case.54, i32 %add105_lcssa_lcssa201, void %VITIS_LOOP_66_11.split" [conv.cpp:80]   --->   Operation 1091 'phi' 'add105_lcssa_lcssa200' <Predicate = true> <Delay = 0.00>
ST_82 : Operation 1092 [1/1] (0.00ns)   --->   "%add105_lcssa_lcssa198 = phi i32 %add105_lcssa_lcssa199, void %arrayidx834.case.52, i32 %add105_lcssa_lcssa199, void %arrayidx834.case.51, i32 %add105_lcssa_lcssa199, void %arrayidx834.case.50, i32 %add105_lcssa_lcssa199, void %arrayidx834.case.49, i32 %add105_lcssa_lcssa199, void %arrayidx834.case.48, i32 %add105_lcssa_lcssa199, void %arrayidx834.case.47, i32 %add105_lcssa_lcssa199, void %arrayidx834.case.46, i32 %add105_lcssa_lcssa199, void %arrayidx834.case.45, i32 %add105_lcssa_lcssa199, void %arrayidx834.case.44, i32 %add105_lcssa_lcssa199, void %arrayidx834.case.43, i32 %add105_lcssa_lcssa199, void %arrayidx834.case.42, i32 %add105_lcssa_lcssa199, void %arrayidx834.case.41, i32 %add105_lcssa_lcssa199, void %arrayidx834.case.40, i32 %add105_lcssa_lcssa199, void %arrayidx834.case.39, i32 %add105_lcssa_lcssa199, void %arrayidx834.case.38, i32 %add105_lcssa_lcssa199, void %arrayidx834.case.37, i32 %add105_lcssa_lcssa199, void %arrayidx834.case.36, i32 %add105_lcssa_lcssa199, void %arrayidx834.case.35, i32 %add105_lcssa_lcssa199, void %arrayidx834.case.34, i32 %add105_lcssa_lcssa199, void %arrayidx834.case.33, i32 %add105_lcssa_lcssa199, void %arrayidx834.case.32, i32 %add105_lcssa_lcssa199, void %arrayidx834.case.31, i32 %add105_lcssa_lcssa199, void %arrayidx834.case.30, i32 %add105_lcssa_lcssa199, void %arrayidx834.case.29, i32 %add105_lcssa_lcssa199, void %arrayidx834.case.28, i32 %add105_lcssa_lcssa199, void %arrayidx834.case.27, i32 %add105_lcssa_lcssa199, void %arrayidx834.case.26, i32 %add105_lcssa_lcssa199, void %arrayidx834.case.25, i32 %add105_lcssa_lcssa199, void %arrayidx834.case.24, i32 %add105_lcssa_lcssa199, void %arrayidx834.case.23, i32 %add105_lcssa_lcssa199, void %arrayidx834.case.22, i32 %add105_lcssa_lcssa199, void %arrayidx834.case.21, i32 %add105_lcssa_lcssa199, void %arrayidx834.case.20, i32 %add105_lcssa_lcssa199, void %arrayidx834.case.19, i32 %add105_lcssa_lcssa199, void %arrayidx834.case.18, i32 %add105_lcssa_lcssa199, void %arrayidx834.case.17, i32 %add105_lcssa_lcssa199, void %arrayidx834.case.16, i32 %add105_lcssa_lcssa199, void %arrayidx834.case.15, i32 %add105_lcssa_lcssa199, void %arrayidx834.case.14, i32 %add105_lcssa_lcssa199, void %arrayidx834.case.13, i32 %add105_lcssa_lcssa199, void %arrayidx834.case.12, i32 %add105_lcssa_lcssa199, void %arrayidx834.case.11, i32 %add105_lcssa_lcssa199, void %arrayidx834.case.10, i32 %add105_lcssa_lcssa199, void %arrayidx834.case.9, i32 %add105_lcssa_lcssa199, void %arrayidx834.case.8, i32 %add105_lcssa_lcssa199, void %arrayidx834.case.7, i32 %add105_lcssa_lcssa199, void %arrayidx834.case.6, i32 %add105_lcssa_lcssa199, void %arrayidx834.case.5, i32 %add105_lcssa_lcssa199, void %arrayidx834.case.4, i32 %add105_lcssa_lcssa199, void %arrayidx834.case.3, i32 %add105_lcssa_lcssa199, void %arrayidx834.case.2, i32 %add105_lcssa_lcssa199, void %arrayidx834.case.1, i32 %sum_2_loc_load, void %arrayidx834.case.0, i32 %add105_lcssa_lcssa199, void %arrayidx834.case.54, i32 %add105_lcssa_lcssa199, void %VITIS_LOOP_66_11.split" [conv.cpp:80]   --->   Operation 1092 'phi' 'add105_lcssa_lcssa198' <Predicate = true> <Delay = 0.00>
ST_82 : Operation 1093 [1/1] (0.00ns)   --->   "%br_ln62 = br void %VITIS_LOOP_66_11" [conv.cpp:62]   --->   Operation 1093 'br' 'br_ln62' <Predicate = true> <Delay = 0.00>

State 83 <SV = 76> <Delay = 0.00>
ST_83 : Operation 1094 [1/2] (0.00ns)   --->   "%call_ln24 = call void @Loop_VITIS_LOOP_24_1_proc1_Pipeline_VITIS_LOOP_85_13_VITIS_LOOP_87_14, i32 %mem1, i62 %trunc_ln, i32 %local_output, i32 %local_output_1, i32 %local_output_2, i32 %local_output_3, i32 %local_output_4, i32 %local_output_5, i32 %local_output_6, i32 %local_output_7, i32 %local_output_8, i32 %local_output_9, i32 %local_output_10, i32 %local_output_11, i32 %local_output_12, i32 %local_output_13, i32 %local_output_14, i32 %local_output_15, i32 %local_output_16, i32 %local_output_17, i32 %local_output_18, i32 %local_output_19, i32 %local_output_20, i32 %local_output_21, i32 %local_output_22, i32 %local_output_23, i32 %local_output_24, i32 %local_output_25, i32 %local_output_26, i32 %local_output_27, i32 %local_output_28, i32 %local_output_29, i32 %local_output_30, i32 %local_output_31, i32 %local_output_32, i32 %local_output_33, i32 %local_output_34, i32 %local_output_35, i32 %local_output_36, i32 %local_output_37, i32 %local_output_38, i32 %local_output_39, i32 %local_output_40, i32 %local_output_41, i32 %local_output_42, i32 %local_output_43, i32 %local_output_44, i32 %local_output_45, i32 %local_output_46, i32 %local_output_47, i32 %local_output_48, i32 %local_output_49, i32 %local_output_50, i32 %local_output_51, i32 %local_output_52, i32 %local_output_53, i32 %local_output_54" [conv.cpp:24]   --->   Operation 1094 'call' 'call_ln24' <Predicate = true> <Delay = 0.00> <CoreType = "Generic">   --->   Core 0 '' <Latency = 0> <II = 1> <Delay = 1.00> <Generic> <Opcode : >
ST_83 : Operation 1095 [1/1] (0.00ns)   --->   "%br_ln24 = br void %for.cond" [conv.cpp:24]   --->   Operation 1095 'br' 'br_ln24' <Predicate = true> <Delay = 0.00>

State 84 <SV = 2> <Delay = 7.30>
ST_84 : Operation 1096 [68/68] (7.30ns)   --->   "%empty_43 = writeresp i1 @_ssdm_op_WriteResp.m_axi.p1i32, i32 %mem1_addr" [conv.cpp:100]   --->   Operation 1096 'writeresp' 'empty_43' <Predicate = true> <Delay = 7.30> <CoreInst = "m_axi">   --->   Core 113 'm_axi' <Latency = 0> <II = 1> <Delay = 1.00> <Adapter> <Opcode : 'read' 'write' 'readreq' 'writereq' 'writeresp'>

State 85 <SV = 3> <Delay = 7.30>
ST_85 : Operation 1097 [67/68] (7.30ns)   --->   "%empty_43 = writeresp i1 @_ssdm_op_WriteResp.m_axi.p1i32, i32 %mem1_addr" [conv.cpp:100]   --->   Operation 1097 'writeresp' 'empty_43' <Predicate = true> <Delay = 7.30> <CoreInst = "m_axi">   --->   Core 113 'm_axi' <Latency = 0> <II = 1> <Delay = 1.00> <Adapter> <Opcode : 'read' 'write' 'readreq' 'writereq' 'writeresp'>

State 86 <SV = 4> <Delay = 7.30>
ST_86 : Operation 1098 [66/68] (7.30ns)   --->   "%empty_43 = writeresp i1 @_ssdm_op_WriteResp.m_axi.p1i32, i32 %mem1_addr" [conv.cpp:100]   --->   Operation 1098 'writeresp' 'empty_43' <Predicate = true> <Delay = 7.30> <CoreInst = "m_axi">   --->   Core 113 'm_axi' <Latency = 0> <II = 1> <Delay = 1.00> <Adapter> <Opcode : 'read' 'write' 'readreq' 'writereq' 'writeresp'>

State 87 <SV = 5> <Delay = 7.30>
ST_87 : Operation 1099 [65/68] (7.30ns)   --->   "%empty_43 = writeresp i1 @_ssdm_op_WriteResp.m_axi.p1i32, i32 %mem1_addr" [conv.cpp:100]   --->   Operation 1099 'writeresp' 'empty_43' <Predicate = true> <Delay = 7.30> <CoreInst = "m_axi">   --->   Core 113 'm_axi' <Latency = 0> <II = 1> <Delay = 1.00> <Adapter> <Opcode : 'read' 'write' 'readreq' 'writereq' 'writeresp'>

State 88 <SV = 6> <Delay = 7.30>
ST_88 : Operation 1100 [64/68] (7.30ns)   --->   "%empty_43 = writeresp i1 @_ssdm_op_WriteResp.m_axi.p1i32, i32 %mem1_addr" [conv.cpp:100]   --->   Operation 1100 'writeresp' 'empty_43' <Predicate = true> <Delay = 7.30> <CoreInst = "m_axi">   --->   Core 113 'm_axi' <Latency = 0> <II = 1> <Delay = 1.00> <Adapter> <Opcode : 'read' 'write' 'readreq' 'writereq' 'writeresp'>

State 89 <SV = 7> <Delay = 7.30>
ST_89 : Operation 1101 [63/68] (7.30ns)   --->   "%empty_43 = writeresp i1 @_ssdm_op_WriteResp.m_axi.p1i32, i32 %mem1_addr" [conv.cpp:100]   --->   Operation 1101 'writeresp' 'empty_43' <Predicate = true> <Delay = 7.30> <CoreInst = "m_axi">   --->   Core 113 'm_axi' <Latency = 0> <II = 1> <Delay = 1.00> <Adapter> <Opcode : 'read' 'write' 'readreq' 'writereq' 'writeresp'>

State 90 <SV = 8> <Delay = 7.30>
ST_90 : Operation 1102 [62/68] (7.30ns)   --->   "%empty_43 = writeresp i1 @_ssdm_op_WriteResp.m_axi.p1i32, i32 %mem1_addr" [conv.cpp:100]   --->   Operation 1102 'writeresp' 'empty_43' <Predicate = true> <Delay = 7.30> <CoreInst = "m_axi">   --->   Core 113 'm_axi' <Latency = 0> <II = 1> <Delay = 1.00> <Adapter> <Opcode : 'read' 'write' 'readreq' 'writereq' 'writeresp'>

State 91 <SV = 9> <Delay = 7.30>
ST_91 : Operation 1103 [61/68] (7.30ns)   --->   "%empty_43 = writeresp i1 @_ssdm_op_WriteResp.m_axi.p1i32, i32 %mem1_addr" [conv.cpp:100]   --->   Operation 1103 'writeresp' 'empty_43' <Predicate = true> <Delay = 7.30> <CoreInst = "m_axi">   --->   Core 113 'm_axi' <Latency = 0> <II = 1> <Delay = 1.00> <Adapter> <Opcode : 'read' 'write' 'readreq' 'writereq' 'writeresp'>

State 92 <SV = 10> <Delay = 7.30>
ST_92 : Operation 1104 [60/68] (7.30ns)   --->   "%empty_43 = writeresp i1 @_ssdm_op_WriteResp.m_axi.p1i32, i32 %mem1_addr" [conv.cpp:100]   --->   Operation 1104 'writeresp' 'empty_43' <Predicate = true> <Delay = 7.30> <CoreInst = "m_axi">   --->   Core 113 'm_axi' <Latency = 0> <II = 1> <Delay = 1.00> <Adapter> <Opcode : 'read' 'write' 'readreq' 'writereq' 'writeresp'>

State 93 <SV = 11> <Delay = 7.30>
ST_93 : Operation 1105 [59/68] (7.30ns)   --->   "%empty_43 = writeresp i1 @_ssdm_op_WriteResp.m_axi.p1i32, i32 %mem1_addr" [conv.cpp:100]   --->   Operation 1105 'writeresp' 'empty_43' <Predicate = true> <Delay = 7.30> <CoreInst = "m_axi">   --->   Core 113 'm_axi' <Latency = 0> <II = 1> <Delay = 1.00> <Adapter> <Opcode : 'read' 'write' 'readreq' 'writereq' 'writeresp'>

State 94 <SV = 12> <Delay = 7.30>
ST_94 : Operation 1106 [58/68] (7.30ns)   --->   "%empty_43 = writeresp i1 @_ssdm_op_WriteResp.m_axi.p1i32, i32 %mem1_addr" [conv.cpp:100]   --->   Operation 1106 'writeresp' 'empty_43' <Predicate = true> <Delay = 7.30> <CoreInst = "m_axi">   --->   Core 113 'm_axi' <Latency = 0> <II = 1> <Delay = 1.00> <Adapter> <Opcode : 'read' 'write' 'readreq' 'writereq' 'writeresp'>

State 95 <SV = 13> <Delay = 7.30>
ST_95 : Operation 1107 [57/68] (7.30ns)   --->   "%empty_43 = writeresp i1 @_ssdm_op_WriteResp.m_axi.p1i32, i32 %mem1_addr" [conv.cpp:100]   --->   Operation 1107 'writeresp' 'empty_43' <Predicate = true> <Delay = 7.30> <CoreInst = "m_axi">   --->   Core 113 'm_axi' <Latency = 0> <II = 1> <Delay = 1.00> <Adapter> <Opcode : 'read' 'write' 'readreq' 'writereq' 'writeresp'>

State 96 <SV = 14> <Delay = 7.30>
ST_96 : Operation 1108 [56/68] (7.30ns)   --->   "%empty_43 = writeresp i1 @_ssdm_op_WriteResp.m_axi.p1i32, i32 %mem1_addr" [conv.cpp:100]   --->   Operation 1108 'writeresp' 'empty_43' <Predicate = true> <Delay = 7.30> <CoreInst = "m_axi">   --->   Core 113 'm_axi' <Latency = 0> <II = 1> <Delay = 1.00> <Adapter> <Opcode : 'read' 'write' 'readreq' 'writereq' 'writeresp'>

State 97 <SV = 15> <Delay = 7.30>
ST_97 : Operation 1109 [55/68] (7.30ns)   --->   "%empty_43 = writeresp i1 @_ssdm_op_WriteResp.m_axi.p1i32, i32 %mem1_addr" [conv.cpp:100]   --->   Operation 1109 'writeresp' 'empty_43' <Predicate = true> <Delay = 7.30> <CoreInst = "m_axi">   --->   Core 113 'm_axi' <Latency = 0> <II = 1> <Delay = 1.00> <Adapter> <Opcode : 'read' 'write' 'readreq' 'writereq' 'writeresp'>

State 98 <SV = 16> <Delay = 7.30>
ST_98 : Operation 1110 [54/68] (7.30ns)   --->   "%empty_43 = writeresp i1 @_ssdm_op_WriteResp.m_axi.p1i32, i32 %mem1_addr" [conv.cpp:100]   --->   Operation 1110 'writeresp' 'empty_43' <Predicate = true> <Delay = 7.30> <CoreInst = "m_axi">   --->   Core 113 'm_axi' <Latency = 0> <II = 1> <Delay = 1.00> <Adapter> <Opcode : 'read' 'write' 'readreq' 'writereq' 'writeresp'>

State 99 <SV = 17> <Delay = 7.30>
ST_99 : Operation 1111 [53/68] (7.30ns)   --->   "%empty_43 = writeresp i1 @_ssdm_op_WriteResp.m_axi.p1i32, i32 %mem1_addr" [conv.cpp:100]   --->   Operation 1111 'writeresp' 'empty_43' <Predicate = true> <Delay = 7.30> <CoreInst = "m_axi">   --->   Core 113 'm_axi' <Latency = 0> <II = 1> <Delay = 1.00> <Adapter> <Opcode : 'read' 'write' 'readreq' 'writereq' 'writeresp'>

State 100 <SV = 18> <Delay = 7.30>
ST_100 : Operation 1112 [52/68] (7.30ns)   --->   "%empty_43 = writeresp i1 @_ssdm_op_WriteResp.m_axi.p1i32, i32 %mem1_addr" [conv.cpp:100]   --->   Operation 1112 'writeresp' 'empty_43' <Predicate = true> <Delay = 7.30> <CoreInst = "m_axi">   --->   Core 113 'm_axi' <Latency = 0> <II = 1> <Delay = 1.00> <Adapter> <Opcode : 'read' 'write' 'readreq' 'writereq' 'writeresp'>

State 101 <SV = 19> <Delay = 7.30>
ST_101 : Operation 1113 [51/68] (7.30ns)   --->   "%empty_43 = writeresp i1 @_ssdm_op_WriteResp.m_axi.p1i32, i32 %mem1_addr" [conv.cpp:100]   --->   Operation 1113 'writeresp' 'empty_43' <Predicate = true> <Delay = 7.30> <CoreInst = "m_axi">   --->   Core 113 'm_axi' <Latency = 0> <II = 1> <Delay = 1.00> <Adapter> <Opcode : 'read' 'write' 'readreq' 'writereq' 'writeresp'>

State 102 <SV = 20> <Delay = 7.30>
ST_102 : Operation 1114 [50/68] (7.30ns)   --->   "%empty_43 = writeresp i1 @_ssdm_op_WriteResp.m_axi.p1i32, i32 %mem1_addr" [conv.cpp:100]   --->   Operation 1114 'writeresp' 'empty_43' <Predicate = true> <Delay = 7.30> <CoreInst = "m_axi">   --->   Core 113 'm_axi' <Latency = 0> <II = 1> <Delay = 1.00> <Adapter> <Opcode : 'read' 'write' 'readreq' 'writereq' 'writeresp'>

State 103 <SV = 21> <Delay = 7.30>
ST_103 : Operation 1115 [49/68] (7.30ns)   --->   "%empty_43 = writeresp i1 @_ssdm_op_WriteResp.m_axi.p1i32, i32 %mem1_addr" [conv.cpp:100]   --->   Operation 1115 'writeresp' 'empty_43' <Predicate = true> <Delay = 7.30> <CoreInst = "m_axi">   --->   Core 113 'm_axi' <Latency = 0> <II = 1> <Delay = 1.00> <Adapter> <Opcode : 'read' 'write' 'readreq' 'writereq' 'writeresp'>

State 104 <SV = 22> <Delay = 7.30>
ST_104 : Operation 1116 [48/68] (7.30ns)   --->   "%empty_43 = writeresp i1 @_ssdm_op_WriteResp.m_axi.p1i32, i32 %mem1_addr" [conv.cpp:100]   --->   Operation 1116 'writeresp' 'empty_43' <Predicate = true> <Delay = 7.30> <CoreInst = "m_axi">   --->   Core 113 'm_axi' <Latency = 0> <II = 1> <Delay = 1.00> <Adapter> <Opcode : 'read' 'write' 'readreq' 'writereq' 'writeresp'>

State 105 <SV = 23> <Delay = 7.30>
ST_105 : Operation 1117 [47/68] (7.30ns)   --->   "%empty_43 = writeresp i1 @_ssdm_op_WriteResp.m_axi.p1i32, i32 %mem1_addr" [conv.cpp:100]   --->   Operation 1117 'writeresp' 'empty_43' <Predicate = true> <Delay = 7.30> <CoreInst = "m_axi">   --->   Core 113 'm_axi' <Latency = 0> <II = 1> <Delay = 1.00> <Adapter> <Opcode : 'read' 'write' 'readreq' 'writereq' 'writeresp'>

State 106 <SV = 24> <Delay = 7.30>
ST_106 : Operation 1118 [46/68] (7.30ns)   --->   "%empty_43 = writeresp i1 @_ssdm_op_WriteResp.m_axi.p1i32, i32 %mem1_addr" [conv.cpp:100]   --->   Operation 1118 'writeresp' 'empty_43' <Predicate = true> <Delay = 7.30> <CoreInst = "m_axi">   --->   Core 113 'm_axi' <Latency = 0> <II = 1> <Delay = 1.00> <Adapter> <Opcode : 'read' 'write' 'readreq' 'writereq' 'writeresp'>

State 107 <SV = 25> <Delay = 7.30>
ST_107 : Operation 1119 [45/68] (7.30ns)   --->   "%empty_43 = writeresp i1 @_ssdm_op_WriteResp.m_axi.p1i32, i32 %mem1_addr" [conv.cpp:100]   --->   Operation 1119 'writeresp' 'empty_43' <Predicate = true> <Delay = 7.30> <CoreInst = "m_axi">   --->   Core 113 'm_axi' <Latency = 0> <II = 1> <Delay = 1.00> <Adapter> <Opcode : 'read' 'write' 'readreq' 'writereq' 'writeresp'>

State 108 <SV = 26> <Delay = 7.30>
ST_108 : Operation 1120 [44/68] (7.30ns)   --->   "%empty_43 = writeresp i1 @_ssdm_op_WriteResp.m_axi.p1i32, i32 %mem1_addr" [conv.cpp:100]   --->   Operation 1120 'writeresp' 'empty_43' <Predicate = true> <Delay = 7.30> <CoreInst = "m_axi">   --->   Core 113 'm_axi' <Latency = 0> <II = 1> <Delay = 1.00> <Adapter> <Opcode : 'read' 'write' 'readreq' 'writereq' 'writeresp'>

State 109 <SV = 27> <Delay = 7.30>
ST_109 : Operation 1121 [43/68] (7.30ns)   --->   "%empty_43 = writeresp i1 @_ssdm_op_WriteResp.m_axi.p1i32, i32 %mem1_addr" [conv.cpp:100]   --->   Operation 1121 'writeresp' 'empty_43' <Predicate = true> <Delay = 7.30> <CoreInst = "m_axi">   --->   Core 113 'm_axi' <Latency = 0> <II = 1> <Delay = 1.00> <Adapter> <Opcode : 'read' 'write' 'readreq' 'writereq' 'writeresp'>

State 110 <SV = 28> <Delay = 7.30>
ST_110 : Operation 1122 [42/68] (7.30ns)   --->   "%empty_43 = writeresp i1 @_ssdm_op_WriteResp.m_axi.p1i32, i32 %mem1_addr" [conv.cpp:100]   --->   Operation 1122 'writeresp' 'empty_43' <Predicate = true> <Delay = 7.30> <CoreInst = "m_axi">   --->   Core 113 'm_axi' <Latency = 0> <II = 1> <Delay = 1.00> <Adapter> <Opcode : 'read' 'write' 'readreq' 'writereq' 'writeresp'>

State 111 <SV = 29> <Delay = 7.30>
ST_111 : Operation 1123 [41/68] (7.30ns)   --->   "%empty_43 = writeresp i1 @_ssdm_op_WriteResp.m_axi.p1i32, i32 %mem1_addr" [conv.cpp:100]   --->   Operation 1123 'writeresp' 'empty_43' <Predicate = true> <Delay = 7.30> <CoreInst = "m_axi">   --->   Core 113 'm_axi' <Latency = 0> <II = 1> <Delay = 1.00> <Adapter> <Opcode : 'read' 'write' 'readreq' 'writereq' 'writeresp'>

State 112 <SV = 30> <Delay = 7.30>
ST_112 : Operation 1124 [40/68] (7.30ns)   --->   "%empty_43 = writeresp i1 @_ssdm_op_WriteResp.m_axi.p1i32, i32 %mem1_addr" [conv.cpp:100]   --->   Operation 1124 'writeresp' 'empty_43' <Predicate = true> <Delay = 7.30> <CoreInst = "m_axi">   --->   Core 113 'm_axi' <Latency = 0> <II = 1> <Delay = 1.00> <Adapter> <Opcode : 'read' 'write' 'readreq' 'writereq' 'writeresp'>

State 113 <SV = 31> <Delay = 7.30>
ST_113 : Operation 1125 [39/68] (7.30ns)   --->   "%empty_43 = writeresp i1 @_ssdm_op_WriteResp.m_axi.p1i32, i32 %mem1_addr" [conv.cpp:100]   --->   Operation 1125 'writeresp' 'empty_43' <Predicate = true> <Delay = 7.30> <CoreInst = "m_axi">   --->   Core 113 'm_axi' <Latency = 0> <II = 1> <Delay = 1.00> <Adapter> <Opcode : 'read' 'write' 'readreq' 'writereq' 'writeresp'>

State 114 <SV = 32> <Delay = 7.30>
ST_114 : Operation 1126 [38/68] (7.30ns)   --->   "%empty_43 = writeresp i1 @_ssdm_op_WriteResp.m_axi.p1i32, i32 %mem1_addr" [conv.cpp:100]   --->   Operation 1126 'writeresp' 'empty_43' <Predicate = true> <Delay = 7.30> <CoreInst = "m_axi">   --->   Core 113 'm_axi' <Latency = 0> <II = 1> <Delay = 1.00> <Adapter> <Opcode : 'read' 'write' 'readreq' 'writereq' 'writeresp'>

State 115 <SV = 33> <Delay = 7.30>
ST_115 : Operation 1127 [37/68] (7.30ns)   --->   "%empty_43 = writeresp i1 @_ssdm_op_WriteResp.m_axi.p1i32, i32 %mem1_addr" [conv.cpp:100]   --->   Operation 1127 'writeresp' 'empty_43' <Predicate = true> <Delay = 7.30> <CoreInst = "m_axi">   --->   Core 113 'm_axi' <Latency = 0> <II = 1> <Delay = 1.00> <Adapter> <Opcode : 'read' 'write' 'readreq' 'writereq' 'writeresp'>

State 116 <SV = 34> <Delay = 7.30>
ST_116 : Operation 1128 [36/68] (7.30ns)   --->   "%empty_43 = writeresp i1 @_ssdm_op_WriteResp.m_axi.p1i32, i32 %mem1_addr" [conv.cpp:100]   --->   Operation 1128 'writeresp' 'empty_43' <Predicate = true> <Delay = 7.30> <CoreInst = "m_axi">   --->   Core 113 'm_axi' <Latency = 0> <II = 1> <Delay = 1.00> <Adapter> <Opcode : 'read' 'write' 'readreq' 'writereq' 'writeresp'>

State 117 <SV = 35> <Delay = 7.30>
ST_117 : Operation 1129 [35/68] (7.30ns)   --->   "%empty_43 = writeresp i1 @_ssdm_op_WriteResp.m_axi.p1i32, i32 %mem1_addr" [conv.cpp:100]   --->   Operation 1129 'writeresp' 'empty_43' <Predicate = true> <Delay = 7.30> <CoreInst = "m_axi">   --->   Core 113 'm_axi' <Latency = 0> <II = 1> <Delay = 1.00> <Adapter> <Opcode : 'read' 'write' 'readreq' 'writereq' 'writeresp'>

State 118 <SV = 36> <Delay = 7.30>
ST_118 : Operation 1130 [34/68] (7.30ns)   --->   "%empty_43 = writeresp i1 @_ssdm_op_WriteResp.m_axi.p1i32, i32 %mem1_addr" [conv.cpp:100]   --->   Operation 1130 'writeresp' 'empty_43' <Predicate = true> <Delay = 7.30> <CoreInst = "m_axi">   --->   Core 113 'm_axi' <Latency = 0> <II = 1> <Delay = 1.00> <Adapter> <Opcode : 'read' 'write' 'readreq' 'writereq' 'writeresp'>

State 119 <SV = 37> <Delay = 7.30>
ST_119 : Operation 1131 [33/68] (7.30ns)   --->   "%empty_43 = writeresp i1 @_ssdm_op_WriteResp.m_axi.p1i32, i32 %mem1_addr" [conv.cpp:100]   --->   Operation 1131 'writeresp' 'empty_43' <Predicate = true> <Delay = 7.30> <CoreInst = "m_axi">   --->   Core 113 'm_axi' <Latency = 0> <II = 1> <Delay = 1.00> <Adapter> <Opcode : 'read' 'write' 'readreq' 'writereq' 'writeresp'>

State 120 <SV = 38> <Delay = 7.30>
ST_120 : Operation 1132 [32/68] (7.30ns)   --->   "%empty_43 = writeresp i1 @_ssdm_op_WriteResp.m_axi.p1i32, i32 %mem1_addr" [conv.cpp:100]   --->   Operation 1132 'writeresp' 'empty_43' <Predicate = true> <Delay = 7.30> <CoreInst = "m_axi">   --->   Core 113 'm_axi' <Latency = 0> <II = 1> <Delay = 1.00> <Adapter> <Opcode : 'read' 'write' 'readreq' 'writereq' 'writeresp'>

State 121 <SV = 39> <Delay = 7.30>
ST_121 : Operation 1133 [31/68] (7.30ns)   --->   "%empty_43 = writeresp i1 @_ssdm_op_WriteResp.m_axi.p1i32, i32 %mem1_addr" [conv.cpp:100]   --->   Operation 1133 'writeresp' 'empty_43' <Predicate = true> <Delay = 7.30> <CoreInst = "m_axi">   --->   Core 113 'm_axi' <Latency = 0> <II = 1> <Delay = 1.00> <Adapter> <Opcode : 'read' 'write' 'readreq' 'writereq' 'writeresp'>

State 122 <SV = 40> <Delay = 7.30>
ST_122 : Operation 1134 [30/68] (7.30ns)   --->   "%empty_43 = writeresp i1 @_ssdm_op_WriteResp.m_axi.p1i32, i32 %mem1_addr" [conv.cpp:100]   --->   Operation 1134 'writeresp' 'empty_43' <Predicate = true> <Delay = 7.30> <CoreInst = "m_axi">   --->   Core 113 'm_axi' <Latency = 0> <II = 1> <Delay = 1.00> <Adapter> <Opcode : 'read' 'write' 'readreq' 'writereq' 'writeresp'>

State 123 <SV = 41> <Delay = 7.30>
ST_123 : Operation 1135 [29/68] (7.30ns)   --->   "%empty_43 = writeresp i1 @_ssdm_op_WriteResp.m_axi.p1i32, i32 %mem1_addr" [conv.cpp:100]   --->   Operation 1135 'writeresp' 'empty_43' <Predicate = true> <Delay = 7.30> <CoreInst = "m_axi">   --->   Core 113 'm_axi' <Latency = 0> <II = 1> <Delay = 1.00> <Adapter> <Opcode : 'read' 'write' 'readreq' 'writereq' 'writeresp'>

State 124 <SV = 42> <Delay = 7.30>
ST_124 : Operation 1136 [28/68] (7.30ns)   --->   "%empty_43 = writeresp i1 @_ssdm_op_WriteResp.m_axi.p1i32, i32 %mem1_addr" [conv.cpp:100]   --->   Operation 1136 'writeresp' 'empty_43' <Predicate = true> <Delay = 7.30> <CoreInst = "m_axi">   --->   Core 113 'm_axi' <Latency = 0> <II = 1> <Delay = 1.00> <Adapter> <Opcode : 'read' 'write' 'readreq' 'writereq' 'writeresp'>

State 125 <SV = 43> <Delay = 7.30>
ST_125 : Operation 1137 [27/68] (7.30ns)   --->   "%empty_43 = writeresp i1 @_ssdm_op_WriteResp.m_axi.p1i32, i32 %mem1_addr" [conv.cpp:100]   --->   Operation 1137 'writeresp' 'empty_43' <Predicate = true> <Delay = 7.30> <CoreInst = "m_axi">   --->   Core 113 'm_axi' <Latency = 0> <II = 1> <Delay = 1.00> <Adapter> <Opcode : 'read' 'write' 'readreq' 'writereq' 'writeresp'>

State 126 <SV = 44> <Delay = 7.30>
ST_126 : Operation 1138 [26/68] (7.30ns)   --->   "%empty_43 = writeresp i1 @_ssdm_op_WriteResp.m_axi.p1i32, i32 %mem1_addr" [conv.cpp:100]   --->   Operation 1138 'writeresp' 'empty_43' <Predicate = true> <Delay = 7.30> <CoreInst = "m_axi">   --->   Core 113 'm_axi' <Latency = 0> <II = 1> <Delay = 1.00> <Adapter> <Opcode : 'read' 'write' 'readreq' 'writereq' 'writeresp'>

State 127 <SV = 45> <Delay = 7.30>
ST_127 : Operation 1139 [25/68] (7.30ns)   --->   "%empty_43 = writeresp i1 @_ssdm_op_WriteResp.m_axi.p1i32, i32 %mem1_addr" [conv.cpp:100]   --->   Operation 1139 'writeresp' 'empty_43' <Predicate = true> <Delay = 7.30> <CoreInst = "m_axi">   --->   Core 113 'm_axi' <Latency = 0> <II = 1> <Delay = 1.00> <Adapter> <Opcode : 'read' 'write' 'readreq' 'writereq' 'writeresp'>

State 128 <SV = 46> <Delay = 7.30>
ST_128 : Operation 1140 [24/68] (7.30ns)   --->   "%empty_43 = writeresp i1 @_ssdm_op_WriteResp.m_axi.p1i32, i32 %mem1_addr" [conv.cpp:100]   --->   Operation 1140 'writeresp' 'empty_43' <Predicate = true> <Delay = 7.30> <CoreInst = "m_axi">   --->   Core 113 'm_axi' <Latency = 0> <II = 1> <Delay = 1.00> <Adapter> <Opcode : 'read' 'write' 'readreq' 'writereq' 'writeresp'>

State 129 <SV = 47> <Delay = 7.30>
ST_129 : Operation 1141 [23/68] (7.30ns)   --->   "%empty_43 = writeresp i1 @_ssdm_op_WriteResp.m_axi.p1i32, i32 %mem1_addr" [conv.cpp:100]   --->   Operation 1141 'writeresp' 'empty_43' <Predicate = true> <Delay = 7.30> <CoreInst = "m_axi">   --->   Core 113 'm_axi' <Latency = 0> <II = 1> <Delay = 1.00> <Adapter> <Opcode : 'read' 'write' 'readreq' 'writereq' 'writeresp'>

State 130 <SV = 48> <Delay = 7.30>
ST_130 : Operation 1142 [22/68] (7.30ns)   --->   "%empty_43 = writeresp i1 @_ssdm_op_WriteResp.m_axi.p1i32, i32 %mem1_addr" [conv.cpp:100]   --->   Operation 1142 'writeresp' 'empty_43' <Predicate = true> <Delay = 7.30> <CoreInst = "m_axi">   --->   Core 113 'm_axi' <Latency = 0> <II = 1> <Delay = 1.00> <Adapter> <Opcode : 'read' 'write' 'readreq' 'writereq' 'writeresp'>

State 131 <SV = 49> <Delay = 7.30>
ST_131 : Operation 1143 [21/68] (7.30ns)   --->   "%empty_43 = writeresp i1 @_ssdm_op_WriteResp.m_axi.p1i32, i32 %mem1_addr" [conv.cpp:100]   --->   Operation 1143 'writeresp' 'empty_43' <Predicate = true> <Delay = 7.30> <CoreInst = "m_axi">   --->   Core 113 'm_axi' <Latency = 0> <II = 1> <Delay = 1.00> <Adapter> <Opcode : 'read' 'write' 'readreq' 'writereq' 'writeresp'>

State 132 <SV = 50> <Delay = 7.30>
ST_132 : Operation 1144 [20/68] (7.30ns)   --->   "%empty_43 = writeresp i1 @_ssdm_op_WriteResp.m_axi.p1i32, i32 %mem1_addr" [conv.cpp:100]   --->   Operation 1144 'writeresp' 'empty_43' <Predicate = true> <Delay = 7.30> <CoreInst = "m_axi">   --->   Core 113 'm_axi' <Latency = 0> <II = 1> <Delay = 1.00> <Adapter> <Opcode : 'read' 'write' 'readreq' 'writereq' 'writeresp'>

State 133 <SV = 51> <Delay = 7.30>
ST_133 : Operation 1145 [19/68] (7.30ns)   --->   "%empty_43 = writeresp i1 @_ssdm_op_WriteResp.m_axi.p1i32, i32 %mem1_addr" [conv.cpp:100]   --->   Operation 1145 'writeresp' 'empty_43' <Predicate = true> <Delay = 7.30> <CoreInst = "m_axi">   --->   Core 113 'm_axi' <Latency = 0> <II = 1> <Delay = 1.00> <Adapter> <Opcode : 'read' 'write' 'readreq' 'writereq' 'writeresp'>

State 134 <SV = 52> <Delay = 7.30>
ST_134 : Operation 1146 [18/68] (7.30ns)   --->   "%empty_43 = writeresp i1 @_ssdm_op_WriteResp.m_axi.p1i32, i32 %mem1_addr" [conv.cpp:100]   --->   Operation 1146 'writeresp' 'empty_43' <Predicate = true> <Delay = 7.30> <CoreInst = "m_axi">   --->   Core 113 'm_axi' <Latency = 0> <II = 1> <Delay = 1.00> <Adapter> <Opcode : 'read' 'write' 'readreq' 'writereq' 'writeresp'>

State 135 <SV = 53> <Delay = 7.30>
ST_135 : Operation 1147 [17/68] (7.30ns)   --->   "%empty_43 = writeresp i1 @_ssdm_op_WriteResp.m_axi.p1i32, i32 %mem1_addr" [conv.cpp:100]   --->   Operation 1147 'writeresp' 'empty_43' <Predicate = true> <Delay = 7.30> <CoreInst = "m_axi">   --->   Core 113 'm_axi' <Latency = 0> <II = 1> <Delay = 1.00> <Adapter> <Opcode : 'read' 'write' 'readreq' 'writereq' 'writeresp'>

State 136 <SV = 54> <Delay = 7.30>
ST_136 : Operation 1148 [16/68] (7.30ns)   --->   "%empty_43 = writeresp i1 @_ssdm_op_WriteResp.m_axi.p1i32, i32 %mem1_addr" [conv.cpp:100]   --->   Operation 1148 'writeresp' 'empty_43' <Predicate = true> <Delay = 7.30> <CoreInst = "m_axi">   --->   Core 113 'm_axi' <Latency = 0> <II = 1> <Delay = 1.00> <Adapter> <Opcode : 'read' 'write' 'readreq' 'writereq' 'writeresp'>

State 137 <SV = 55> <Delay = 7.30>
ST_137 : Operation 1149 [15/68] (7.30ns)   --->   "%empty_43 = writeresp i1 @_ssdm_op_WriteResp.m_axi.p1i32, i32 %mem1_addr" [conv.cpp:100]   --->   Operation 1149 'writeresp' 'empty_43' <Predicate = true> <Delay = 7.30> <CoreInst = "m_axi">   --->   Core 113 'm_axi' <Latency = 0> <II = 1> <Delay = 1.00> <Adapter> <Opcode : 'read' 'write' 'readreq' 'writereq' 'writeresp'>

State 138 <SV = 56> <Delay = 7.30>
ST_138 : Operation 1150 [14/68] (7.30ns)   --->   "%empty_43 = writeresp i1 @_ssdm_op_WriteResp.m_axi.p1i32, i32 %mem1_addr" [conv.cpp:100]   --->   Operation 1150 'writeresp' 'empty_43' <Predicate = true> <Delay = 7.30> <CoreInst = "m_axi">   --->   Core 113 'm_axi' <Latency = 0> <II = 1> <Delay = 1.00> <Adapter> <Opcode : 'read' 'write' 'readreq' 'writereq' 'writeresp'>

State 139 <SV = 57> <Delay = 7.30>
ST_139 : Operation 1151 [13/68] (7.30ns)   --->   "%empty_43 = writeresp i1 @_ssdm_op_WriteResp.m_axi.p1i32, i32 %mem1_addr" [conv.cpp:100]   --->   Operation 1151 'writeresp' 'empty_43' <Predicate = true> <Delay = 7.30> <CoreInst = "m_axi">   --->   Core 113 'm_axi' <Latency = 0> <II = 1> <Delay = 1.00> <Adapter> <Opcode : 'read' 'write' 'readreq' 'writereq' 'writeresp'>

State 140 <SV = 58> <Delay = 7.30>
ST_140 : Operation 1152 [12/68] (7.30ns)   --->   "%empty_43 = writeresp i1 @_ssdm_op_WriteResp.m_axi.p1i32, i32 %mem1_addr" [conv.cpp:100]   --->   Operation 1152 'writeresp' 'empty_43' <Predicate = true> <Delay = 7.30> <CoreInst = "m_axi">   --->   Core 113 'm_axi' <Latency = 0> <II = 1> <Delay = 1.00> <Adapter> <Opcode : 'read' 'write' 'readreq' 'writereq' 'writeresp'>

State 141 <SV = 59> <Delay = 7.30>
ST_141 : Operation 1153 [11/68] (7.30ns)   --->   "%empty_43 = writeresp i1 @_ssdm_op_WriteResp.m_axi.p1i32, i32 %mem1_addr" [conv.cpp:100]   --->   Operation 1153 'writeresp' 'empty_43' <Predicate = true> <Delay = 7.30> <CoreInst = "m_axi">   --->   Core 113 'm_axi' <Latency = 0> <II = 1> <Delay = 1.00> <Adapter> <Opcode : 'read' 'write' 'readreq' 'writereq' 'writeresp'>

State 142 <SV = 60> <Delay = 7.30>
ST_142 : Operation 1154 [10/68] (7.30ns)   --->   "%empty_43 = writeresp i1 @_ssdm_op_WriteResp.m_axi.p1i32, i32 %mem1_addr" [conv.cpp:100]   --->   Operation 1154 'writeresp' 'empty_43' <Predicate = true> <Delay = 7.30> <CoreInst = "m_axi">   --->   Core 113 'm_axi' <Latency = 0> <II = 1> <Delay = 1.00> <Adapter> <Opcode : 'read' 'write' 'readreq' 'writereq' 'writeresp'>

State 143 <SV = 61> <Delay = 7.30>
ST_143 : Operation 1155 [9/68] (7.30ns)   --->   "%empty_43 = writeresp i1 @_ssdm_op_WriteResp.m_axi.p1i32, i32 %mem1_addr" [conv.cpp:100]   --->   Operation 1155 'writeresp' 'empty_43' <Predicate = true> <Delay = 7.30> <CoreInst = "m_axi">   --->   Core 113 'm_axi' <Latency = 0> <II = 1> <Delay = 1.00> <Adapter> <Opcode : 'read' 'write' 'readreq' 'writereq' 'writeresp'>

State 144 <SV = 62> <Delay = 7.30>
ST_144 : Operation 1156 [8/68] (7.30ns)   --->   "%empty_43 = writeresp i1 @_ssdm_op_WriteResp.m_axi.p1i32, i32 %mem1_addr" [conv.cpp:100]   --->   Operation 1156 'writeresp' 'empty_43' <Predicate = true> <Delay = 7.30> <CoreInst = "m_axi">   --->   Core 113 'm_axi' <Latency = 0> <II = 1> <Delay = 1.00> <Adapter> <Opcode : 'read' 'write' 'readreq' 'writereq' 'writeresp'>

State 145 <SV = 63> <Delay = 7.30>
ST_145 : Operation 1157 [7/68] (7.30ns)   --->   "%empty_43 = writeresp i1 @_ssdm_op_WriteResp.m_axi.p1i32, i32 %mem1_addr" [conv.cpp:100]   --->   Operation 1157 'writeresp' 'empty_43' <Predicate = true> <Delay = 7.30> <CoreInst = "m_axi">   --->   Core 113 'm_axi' <Latency = 0> <II = 1> <Delay = 1.00> <Adapter> <Opcode : 'read' 'write' 'readreq' 'writereq' 'writeresp'>

State 146 <SV = 64> <Delay = 7.30>
ST_146 : Operation 1158 [6/68] (7.30ns)   --->   "%empty_43 = writeresp i1 @_ssdm_op_WriteResp.m_axi.p1i32, i32 %mem1_addr" [conv.cpp:100]   --->   Operation 1158 'writeresp' 'empty_43' <Predicate = true> <Delay = 7.30> <CoreInst = "m_axi">   --->   Core 113 'm_axi' <Latency = 0> <II = 1> <Delay = 1.00> <Adapter> <Opcode : 'read' 'write' 'readreq' 'writereq' 'writeresp'>

State 147 <SV = 65> <Delay = 7.30>
ST_147 : Operation 1159 [5/68] (7.30ns)   --->   "%empty_43 = writeresp i1 @_ssdm_op_WriteResp.m_axi.p1i32, i32 %mem1_addr" [conv.cpp:100]   --->   Operation 1159 'writeresp' 'empty_43' <Predicate = true> <Delay = 7.30> <CoreInst = "m_axi">   --->   Core 113 'm_axi' <Latency = 0> <II = 1> <Delay = 1.00> <Adapter> <Opcode : 'read' 'write' 'readreq' 'writereq' 'writeresp'>

State 148 <SV = 66> <Delay = 7.30>
ST_148 : Operation 1160 [4/68] (7.30ns)   --->   "%empty_43 = writeresp i1 @_ssdm_op_WriteResp.m_axi.p1i32, i32 %mem1_addr" [conv.cpp:100]   --->   Operation 1160 'writeresp' 'empty_43' <Predicate = true> <Delay = 7.30> <CoreInst = "m_axi">   --->   Core 113 'm_axi' <Latency = 0> <II = 1> <Delay = 1.00> <Adapter> <Opcode : 'read' 'write' 'readreq' 'writereq' 'writeresp'>

State 149 <SV = 67> <Delay = 7.30>
ST_149 : Operation 1161 [3/68] (7.30ns)   --->   "%empty_43 = writeresp i1 @_ssdm_op_WriteResp.m_axi.p1i32, i32 %mem1_addr" [conv.cpp:100]   --->   Operation 1161 'writeresp' 'empty_43' <Predicate = true> <Delay = 7.30> <CoreInst = "m_axi">   --->   Core 113 'm_axi' <Latency = 0> <II = 1> <Delay = 1.00> <Adapter> <Opcode : 'read' 'write' 'readreq' 'writereq' 'writeresp'>

State 150 <SV = 68> <Delay = 7.30>
ST_150 : Operation 1162 [2/68] (7.30ns)   --->   "%empty_43 = writeresp i1 @_ssdm_op_WriteResp.m_axi.p1i32, i32 %mem1_addr" [conv.cpp:100]   --->   Operation 1162 'writeresp' 'empty_43' <Predicate = true> <Delay = 7.30> <CoreInst = "m_axi">   --->   Core 113 'm_axi' <Latency = 0> <II = 1> <Delay = 1.00> <Adapter> <Opcode : 'read' 'write' 'readreq' 'writereq' 'writeresp'>

State 151 <SV = 69> <Delay = 7.30>
ST_151 : Operation 1163 [1/68] (7.30ns)   --->   "%empty_43 = writeresp i1 @_ssdm_op_WriteResp.m_axi.p1i32, i32 %mem1_addr" [conv.cpp:100]   --->   Operation 1163 'writeresp' 'empty_43' <Predicate = true> <Delay = 7.30> <CoreInst = "m_axi">   --->   Core 113 'm_axi' <Latency = 0> <II = 1> <Delay = 1.00> <Adapter> <Opcode : 'read' 'write' 'readreq' 'writereq' 'writeresp'>
ST_151 : Operation 1164 [1/1] (0.00ns)   --->   "%ret_ln0 = ret"   --->   Operation 1164 'ret' 'ret_ln0' <Predicate = true> <Delay = 0.00>


============================================================
+ Verbose Summary: Timing violations
============================================================
Target clock period: 10ns, clock uncertainty: 2.7ns.

 <State 1>: 7.3ns
The critical path consists of the following:
	wire read operation ('output_fm') on port 'output_fm' [12]  (0 ns)
	'getelementptr' operation ('mem1_addr', conv.cpp:24) [284]  (0 ns)
	bus request operation ('empty', conv.cpp:24) on port 'mem1' (conv.cpp:24) [288]  (7.3 ns)

 <State 2>: 3.52ns
The critical path consists of the following:
	'load' operation ('phi_mul_load', conv.cpp:24) on local variable 'phi_mul' [293]  (0 ns)
	'add' operation ('add_ln24', conv.cpp:24) [302]  (3.52 ns)

 <State 3>: 7.3ns
The critical path consists of the following:
	bus request operation ('mem2_load_req', conv.cpp:27) on port 'mem2' (conv.cpp:27) [311]  (7.3 ns)

 <State 4>: 7.3ns
The critical path consists of the following:
	bus request operation ('mem2_load_req', conv.cpp:27) on port 'mem2' (conv.cpp:27) [311]  (7.3 ns)

 <State 5>: 7.3ns
The critical path consists of the following:
	bus request operation ('mem2_load_req', conv.cpp:27) on port 'mem2' (conv.cpp:27) [311]  (7.3 ns)

 <State 6>: 7.3ns
The critical path consists of the following:
	bus request operation ('mem2_load_req', conv.cpp:27) on port 'mem2' (conv.cpp:27) [311]  (7.3 ns)

 <State 7>: 7.3ns
The critical path consists of the following:
	bus request operation ('mem2_load_req', conv.cpp:27) on port 'mem2' (conv.cpp:27) [311]  (7.3 ns)

 <State 8>: 7.3ns
The critical path consists of the following:
	bus request operation ('mem2_load_req', conv.cpp:27) on port 'mem2' (conv.cpp:27) [311]  (7.3 ns)

 <State 9>: 7.3ns
The critical path consists of the following:
	bus request operation ('mem2_load_req', conv.cpp:27) on port 'mem2' (conv.cpp:27) [311]  (7.3 ns)

 <State 10>: 7.3ns
The critical path consists of the following:
	bus request operation ('mem2_load_req', conv.cpp:27) on port 'mem2' (conv.cpp:27) [311]  (7.3 ns)

 <State 11>: 7.3ns
The critical path consists of the following:
	bus request operation ('mem2_load_req', conv.cpp:27) on port 'mem2' (conv.cpp:27) [311]  (7.3 ns)

 <State 12>: 7.3ns
The critical path consists of the following:
	bus request operation ('mem2_load_req', conv.cpp:27) on port 'mem2' (conv.cpp:27) [311]  (7.3 ns)

 <State 13>: 7.3ns
The critical path consists of the following:
	bus request operation ('mem2_load_req', conv.cpp:27) on port 'mem2' (conv.cpp:27) [311]  (7.3 ns)

 <State 14>: 7.3ns
The critical path consists of the following:
	bus request operation ('mem2_load_req', conv.cpp:27) on port 'mem2' (conv.cpp:27) [311]  (7.3 ns)

 <State 15>: 7.3ns
The critical path consists of the following:
	bus request operation ('mem2_load_req', conv.cpp:27) on port 'mem2' (conv.cpp:27) [311]  (7.3 ns)

 <State 16>: 7.3ns
The critical path consists of the following:
	bus request operation ('mem2_load_req', conv.cpp:27) on port 'mem2' (conv.cpp:27) [311]  (7.3 ns)

 <State 17>: 7.3ns
The critical path consists of the following:
	bus request operation ('mem2_load_req', conv.cpp:27) on port 'mem2' (conv.cpp:27) [311]  (7.3 ns)

 <State 18>: 7.3ns
The critical path consists of the following:
	bus request operation ('mem2_load_req', conv.cpp:27) on port 'mem2' (conv.cpp:27) [311]  (7.3 ns)

 <State 19>: 7.3ns
The critical path consists of the following:
	bus request operation ('mem2_load_req', conv.cpp:27) on port 'mem2' (conv.cpp:27) [311]  (7.3 ns)

 <State 20>: 7.3ns
The critical path consists of the following:
	bus request operation ('mem2_load_req', conv.cpp:27) on port 'mem2' (conv.cpp:27) [311]  (7.3 ns)

 <State 21>: 7.3ns
The critical path consists of the following:
	bus request operation ('mem2_load_req', conv.cpp:27) on port 'mem2' (conv.cpp:27) [311]  (7.3 ns)

 <State 22>: 7.3ns
The critical path consists of the following:
	bus request operation ('mem2_load_req', conv.cpp:27) on port 'mem2' (conv.cpp:27) [311]  (7.3 ns)

 <State 23>: 7.3ns
The critical path consists of the following:
	bus request operation ('mem2_load_req', conv.cpp:27) on port 'mem2' (conv.cpp:27) [311]  (7.3 ns)

 <State 24>: 7.3ns
The critical path consists of the following:
	bus request operation ('mem2_load_req', conv.cpp:27) on port 'mem2' (conv.cpp:27) [311]  (7.3 ns)

 <State 25>: 7.3ns
The critical path consists of the following:
	bus request operation ('mem2_load_req', conv.cpp:27) on port 'mem2' (conv.cpp:27) [311]  (7.3 ns)

 <State 26>: 7.3ns
The critical path consists of the following:
	bus request operation ('mem2_load_req', conv.cpp:27) on port 'mem2' (conv.cpp:27) [311]  (7.3 ns)

 <State 27>: 7.3ns
The critical path consists of the following:
	bus request operation ('mem2_load_req', conv.cpp:27) on port 'mem2' (conv.cpp:27) [311]  (7.3 ns)

 <State 28>: 7.3ns
The critical path consists of the following:
	bus request operation ('mem2_load_req', conv.cpp:27) on port 'mem2' (conv.cpp:27) [311]  (7.3 ns)

 <State 29>: 7.3ns
The critical path consists of the following:
	bus request operation ('mem2_load_req', conv.cpp:27) on port 'mem2' (conv.cpp:27) [311]  (7.3 ns)

 <State 30>: 7.3ns
The critical path consists of the following:
	bus request operation ('mem2_load_req', conv.cpp:27) on port 'mem2' (conv.cpp:27) [311]  (7.3 ns)

 <State 31>: 7.3ns
The critical path consists of the following:
	bus request operation ('mem2_load_req', conv.cpp:27) on port 'mem2' (conv.cpp:27) [311]  (7.3 ns)

 <State 32>: 7.3ns
The critical path consists of the following:
	bus request operation ('mem2_load_req', conv.cpp:27) on port 'mem2' (conv.cpp:27) [311]  (7.3 ns)

 <State 33>: 7.3ns
The critical path consists of the following:
	bus request operation ('mem2_load_req', conv.cpp:27) on port 'mem2' (conv.cpp:27) [311]  (7.3 ns)

 <State 34>: 7.3ns
The critical path consists of the following:
	bus request operation ('mem2_load_req', conv.cpp:27) on port 'mem2' (conv.cpp:27) [311]  (7.3 ns)

 <State 35>: 7.3ns
The critical path consists of the following:
	bus request operation ('mem2_load_req', conv.cpp:27) on port 'mem2' (conv.cpp:27) [311]  (7.3 ns)

 <State 36>: 7.3ns
The critical path consists of the following:
	bus request operation ('mem2_load_req', conv.cpp:27) on port 'mem2' (conv.cpp:27) [311]  (7.3 ns)

 <State 37>: 7.3ns
The critical path consists of the following:
	bus request operation ('mem2_load_req', conv.cpp:27) on port 'mem2' (conv.cpp:27) [311]  (7.3 ns)

 <State 38>: 7.3ns
The critical path consists of the following:
	bus request operation ('mem2_load_req', conv.cpp:27) on port 'mem2' (conv.cpp:27) [311]  (7.3 ns)

 <State 39>: 7.3ns
The critical path consists of the following:
	bus request operation ('mem2_load_req', conv.cpp:27) on port 'mem2' (conv.cpp:27) [311]  (7.3 ns)

 <State 40>: 7.3ns
The critical path consists of the following:
	bus request operation ('mem2_load_req', conv.cpp:27) on port 'mem2' (conv.cpp:27) [311]  (7.3 ns)

 <State 41>: 7.3ns
The critical path consists of the following:
	bus request operation ('mem2_load_req', conv.cpp:27) on port 'mem2' (conv.cpp:27) [311]  (7.3 ns)

 <State 42>: 7.3ns
The critical path consists of the following:
	bus request operation ('mem2_load_req', conv.cpp:27) on port 'mem2' (conv.cpp:27) [311]  (7.3 ns)

 <State 43>: 7.3ns
The critical path consists of the following:
	bus request operation ('mem2_load_req', conv.cpp:27) on port 'mem2' (conv.cpp:27) [311]  (7.3 ns)

 <State 44>: 7.3ns
The critical path consists of the following:
	bus request operation ('mem2_load_req', conv.cpp:27) on port 'mem2' (conv.cpp:27) [311]  (7.3 ns)

 <State 45>: 7.3ns
The critical path consists of the following:
	bus request operation ('mem2_load_req', conv.cpp:27) on port 'mem2' (conv.cpp:27) [311]  (7.3 ns)

 <State 46>: 7.3ns
The critical path consists of the following:
	bus request operation ('mem2_load_req', conv.cpp:27) on port 'mem2' (conv.cpp:27) [311]  (7.3 ns)

 <State 47>: 7.3ns
The critical path consists of the following:
	bus request operation ('mem2_load_req', conv.cpp:27) on port 'mem2' (conv.cpp:27) [311]  (7.3 ns)

 <State 48>: 7.3ns
The critical path consists of the following:
	bus request operation ('mem2_load_req', conv.cpp:27) on port 'mem2' (conv.cpp:27) [311]  (7.3 ns)

 <State 49>: 7.3ns
The critical path consists of the following:
	bus request operation ('mem2_load_req', conv.cpp:27) on port 'mem2' (conv.cpp:27) [311]  (7.3 ns)

 <State 50>: 7.3ns
The critical path consists of the following:
	bus request operation ('mem2_load_req', conv.cpp:27) on port 'mem2' (conv.cpp:27) [311]  (7.3 ns)

 <State 51>: 7.3ns
The critical path consists of the following:
	bus request operation ('mem2_load_req', conv.cpp:27) on port 'mem2' (conv.cpp:27) [311]  (7.3 ns)

 <State 52>: 7.3ns
The critical path consists of the following:
	bus request operation ('mem2_load_req', conv.cpp:27) on port 'mem2' (conv.cpp:27) [311]  (7.3 ns)

 <State 53>: 7.3ns
The critical path consists of the following:
	bus request operation ('mem2_load_req', conv.cpp:27) on port 'mem2' (conv.cpp:27) [311]  (7.3 ns)

 <State 54>: 7.3ns
The critical path consists of the following:
	bus request operation ('mem2_load_req', conv.cpp:27) on port 'mem2' (conv.cpp:27) [311]  (7.3 ns)

 <State 55>: 7.3ns
The critical path consists of the following:
	bus request operation ('mem2_load_req', conv.cpp:27) on port 'mem2' (conv.cpp:27) [311]  (7.3 ns)

 <State 56>: 7.3ns
The critical path consists of the following:
	bus request operation ('mem2_load_req', conv.cpp:27) on port 'mem2' (conv.cpp:27) [311]  (7.3 ns)

 <State 57>: 7.3ns
The critical path consists of the following:
	bus request operation ('mem2_load_req', conv.cpp:27) on port 'mem2' (conv.cpp:27) [311]  (7.3 ns)

 <State 58>: 7.3ns
The critical path consists of the following:
	bus request operation ('mem2_load_req', conv.cpp:27) on port 'mem2' (conv.cpp:27) [311]  (7.3 ns)

 <State 59>: 7.3ns
The critical path consists of the following:
	bus request operation ('mem2_load_req', conv.cpp:27) on port 'mem2' (conv.cpp:27) [311]  (7.3 ns)

 <State 60>: 7.3ns
The critical path consists of the following:
	bus request operation ('mem2_load_req', conv.cpp:27) on port 'mem2' (conv.cpp:27) [311]  (7.3 ns)

 <State 61>: 7.3ns
The critical path consists of the following:
	bus request operation ('mem2_load_req', conv.cpp:27) on port 'mem2' (conv.cpp:27) [311]  (7.3 ns)

 <State 62>: 7.3ns
The critical path consists of the following:
	bus request operation ('mem2_load_req', conv.cpp:27) on port 'mem2' (conv.cpp:27) [311]  (7.3 ns)

 <State 63>: 7.3ns
The critical path consists of the following:
	bus request operation ('mem2_load_req', conv.cpp:27) on port 'mem2' (conv.cpp:27) [311]  (7.3 ns)

 <State 64>: 7.3ns
The critical path consists of the following:
	bus request operation ('mem2_load_req', conv.cpp:27) on port 'mem2' (conv.cpp:27) [311]  (7.3 ns)

 <State 65>: 7.3ns
The critical path consists of the following:
	bus request operation ('mem2_load_req', conv.cpp:27) on port 'mem2' (conv.cpp:27) [311]  (7.3 ns)

 <State 66>: 7.3ns
The critical path consists of the following:
	bus request operation ('mem2_load_req', conv.cpp:27) on port 'mem2' (conv.cpp:27) [311]  (7.3 ns)

 <State 67>: 7.3ns
The critical path consists of the following:
	bus request operation ('mem2_load_req', conv.cpp:27) on port 'mem2' (conv.cpp:27) [311]  (7.3 ns)

 <State 68>: 7.3ns
The critical path consists of the following:
	bus request operation ('mem2_load_req', conv.cpp:27) on port 'mem2' (conv.cpp:27) [311]  (7.3 ns)

 <State 69>: 7.3ns
The critical path consists of the following:
	bus request operation ('mem2_load_req', conv.cpp:27) on port 'mem2' (conv.cpp:27) [311]  (7.3 ns)

 <State 70>: 7.3ns
The critical path consists of the following:
	bus request operation ('mem2_load_req', conv.cpp:27) on port 'mem2' (conv.cpp:27) [311]  (7.3 ns)

 <State 71>: 7.3ns
The critical path consists of the following:
	bus request operation ('mem2_load_req', conv.cpp:27) on port 'mem2' (conv.cpp:27) [311]  (7.3 ns)

 <State 72>: 7.3ns
The critical path consists of the following:
	bus request operation ('mem2_load_req', conv.cpp:27) on port 'mem2' (conv.cpp:27) [311]  (7.3 ns)

 <State 73>: 7.3ns
The critical path consists of the following:
	bus read operation ('mem2_addr_read', conv.cpp:27) on port 'mem2' (conv.cpp:27) [312]  (7.3 ns)

 <State 74>: 3.25ns
The critical path consists of the following:
	'call' operation ('call_ln27', conv.cpp:27) to 'Loop_VITIS_LOOP_24_1_proc1_Pipeline_VITIS_LOOP_29_2_VITIS_LOOP_31_3' [314]  (3.25 ns)

 <State 75>: 1.59ns
The critical path consists of the following:
	multiplexor before 'phi' operation ('m', conv.cpp:38) with incoming values : ('add_ln38', conv.cpp:38) [322]  (1.59 ns)

 <State 76>: 2.55ns
The critical path consists of the following:
	'store' operation ('store_ln24', conv.cpp:24) of variable 'add_ln24_1', conv.cpp:24 on local variable 'n' [747]  (1.59 ns)
	blocking operation 0.959 ns on control path)

 <State 77>: 1.59ns
The critical path consists of the following:
	multiplexor before 'phi' operation ('out_r', conv.cpp:60) with incoming values : ('add_ln60', conv.cpp:60) [333]  (1.59 ns)

 <State 78>: 3.25ns
The critical path consists of the following:
	'phi' operation ('out_r', conv.cpp:60) with incoming values : ('add_ln60', conv.cpp:60) [333]  (0 ns)
	'getelementptr' operation ('local_output_addr', conv.cpp:60) [342]  (0 ns)
	'load' operation ('local_output_load', conv.cpp:80) on array 'local_output', conv.cpp:19 [397]  (3.25 ns)

 <State 79>: 3.25ns
The critical path consists of the following:
	'load' operation ('local_output_load', conv.cpp:80) on array 'local_output', conv.cpp:19 [397]  (3.25 ns)

 <State 80>: 4.75ns
The critical path consists of the following:
	'phi' operation ('add105_lcssa_lcssa307', conv.cpp:80) with incoming values : ('local_output_54_load', conv.cpp:80) ('sum_2_loc_load') [454]  (0 ns)
	'mux' operation ('sum', conv.cpp:64) [516]  (3.16 ns)
	'call' operation ('call_ln64', conv.cpp:64) to 'Loop_VITIS_LOOP_24_1_proc1_Pipeline_VITIS_LOOP_66_11_VITIS_LOOP_68_12' [518]  (1.59 ns)

 <State 81>: 0ns
The critical path consists of the following:

 <State 82>: 1.59ns
The critical path consists of the following:
	multiplexor before 'phi' operation ('add105_lcssa_lcssa306', conv.cpp:80) with incoming values : ('local_output_54_load', conv.cpp:80) ('sum_2_loc_load') [630]  (1.59 ns)

 <State 83>: 0ns
The critical path consists of the following:

 <State 84>: 7.3ns
The critical path consists of the following:
	bus response operation ('empty_43', conv.cpp:100) on port 'mem1' (conv.cpp:100) [751]  (7.3 ns)

 <State 85>: 7.3ns
The critical path consists of the following:
	bus response operation ('empty_43', conv.cpp:100) on port 'mem1' (conv.cpp:100) [751]  (7.3 ns)

 <State 86>: 7.3ns
The critical path consists of the following:
	bus response operation ('empty_43', conv.cpp:100) on port 'mem1' (conv.cpp:100) [751]  (7.3 ns)

 <State 87>: 7.3ns
The critical path consists of the following:
	bus response operation ('empty_43', conv.cpp:100) on port 'mem1' (conv.cpp:100) [751]  (7.3 ns)

 <State 88>: 7.3ns
The critical path consists of the following:
	bus response operation ('empty_43', conv.cpp:100) on port 'mem1' (conv.cpp:100) [751]  (7.3 ns)

 <State 89>: 7.3ns
The critical path consists of the following:
	bus response operation ('empty_43', conv.cpp:100) on port 'mem1' (conv.cpp:100) [751]  (7.3 ns)

 <State 90>: 7.3ns
The critical path consists of the following:
	bus response operation ('empty_43', conv.cpp:100) on port 'mem1' (conv.cpp:100) [751]  (7.3 ns)

 <State 91>: 7.3ns
The critical path consists of the following:
	bus response operation ('empty_43', conv.cpp:100) on port 'mem1' (conv.cpp:100) [751]  (7.3 ns)

 <State 92>: 7.3ns
The critical path consists of the following:
	bus response operation ('empty_43', conv.cpp:100) on port 'mem1' (conv.cpp:100) [751]  (7.3 ns)

 <State 93>: 7.3ns
The critical path consists of the following:
	bus response operation ('empty_43', conv.cpp:100) on port 'mem1' (conv.cpp:100) [751]  (7.3 ns)

 <State 94>: 7.3ns
The critical path consists of the following:
	bus response operation ('empty_43', conv.cpp:100) on port 'mem1' (conv.cpp:100) [751]  (7.3 ns)

 <State 95>: 7.3ns
The critical path consists of the following:
	bus response operation ('empty_43', conv.cpp:100) on port 'mem1' (conv.cpp:100) [751]  (7.3 ns)

 <State 96>: 7.3ns
The critical path consists of the following:
	bus response operation ('empty_43', conv.cpp:100) on port 'mem1' (conv.cpp:100) [751]  (7.3 ns)

 <State 97>: 7.3ns
The critical path consists of the following:
	bus response operation ('empty_43', conv.cpp:100) on port 'mem1' (conv.cpp:100) [751]  (7.3 ns)

 <State 98>: 7.3ns
The critical path consists of the following:
	bus response operation ('empty_43', conv.cpp:100) on port 'mem1' (conv.cpp:100) [751]  (7.3 ns)

 <State 99>: 7.3ns
The critical path consists of the following:
	bus response operation ('empty_43', conv.cpp:100) on port 'mem1' (conv.cpp:100) [751]  (7.3 ns)

 <State 100>: 7.3ns
The critical path consists of the following:
	bus response operation ('empty_43', conv.cpp:100) on port 'mem1' (conv.cpp:100) [751]  (7.3 ns)

 <State 101>: 7.3ns
The critical path consists of the following:
	bus response operation ('empty_43', conv.cpp:100) on port 'mem1' (conv.cpp:100) [751]  (7.3 ns)

 <State 102>: 7.3ns
The critical path consists of the following:
	bus response operation ('empty_43', conv.cpp:100) on port 'mem1' (conv.cpp:100) [751]  (7.3 ns)

 <State 103>: 7.3ns
The critical path consists of the following:
	bus response operation ('empty_43', conv.cpp:100) on port 'mem1' (conv.cpp:100) [751]  (7.3 ns)

 <State 104>: 7.3ns
The critical path consists of the following:
	bus response operation ('empty_43', conv.cpp:100) on port 'mem1' (conv.cpp:100) [751]  (7.3 ns)

 <State 105>: 7.3ns
The critical path consists of the following:
	bus response operation ('empty_43', conv.cpp:100) on port 'mem1' (conv.cpp:100) [751]  (7.3 ns)

 <State 106>: 7.3ns
The critical path consists of the following:
	bus response operation ('empty_43', conv.cpp:100) on port 'mem1' (conv.cpp:100) [751]  (7.3 ns)

 <State 107>: 7.3ns
The critical path consists of the following:
	bus response operation ('empty_43', conv.cpp:100) on port 'mem1' (conv.cpp:100) [751]  (7.3 ns)

 <State 108>: 7.3ns
The critical path consists of the following:
	bus response operation ('empty_43', conv.cpp:100) on port 'mem1' (conv.cpp:100) [751]  (7.3 ns)

 <State 109>: 7.3ns
The critical path consists of the following:
	bus response operation ('empty_43', conv.cpp:100) on port 'mem1' (conv.cpp:100) [751]  (7.3 ns)

 <State 110>: 7.3ns
The critical path consists of the following:
	bus response operation ('empty_43', conv.cpp:100) on port 'mem1' (conv.cpp:100) [751]  (7.3 ns)

 <State 111>: 7.3ns
The critical path consists of the following:
	bus response operation ('empty_43', conv.cpp:100) on port 'mem1' (conv.cpp:100) [751]  (7.3 ns)

 <State 112>: 7.3ns
The critical path consists of the following:
	bus response operation ('empty_43', conv.cpp:100) on port 'mem1' (conv.cpp:100) [751]  (7.3 ns)

 <State 113>: 7.3ns
The critical path consists of the following:
	bus response operation ('empty_43', conv.cpp:100) on port 'mem1' (conv.cpp:100) [751]  (7.3 ns)

 <State 114>: 7.3ns
The critical path consists of the following:
	bus response operation ('empty_43', conv.cpp:100) on port 'mem1' (conv.cpp:100) [751]  (7.3 ns)

 <State 115>: 7.3ns
The critical path consists of the following:
	bus response operation ('empty_43', conv.cpp:100) on port 'mem1' (conv.cpp:100) [751]  (7.3 ns)

 <State 116>: 7.3ns
The critical path consists of the following:
	bus response operation ('empty_43', conv.cpp:100) on port 'mem1' (conv.cpp:100) [751]  (7.3 ns)

 <State 117>: 7.3ns
The critical path consists of the following:
	bus response operation ('empty_43', conv.cpp:100) on port 'mem1' (conv.cpp:100) [751]  (7.3 ns)

 <State 118>: 7.3ns
The critical path consists of the following:
	bus response operation ('empty_43', conv.cpp:100) on port 'mem1' (conv.cpp:100) [751]  (7.3 ns)

 <State 119>: 7.3ns
The critical path consists of the following:
	bus response operation ('empty_43', conv.cpp:100) on port 'mem1' (conv.cpp:100) [751]  (7.3 ns)

 <State 120>: 7.3ns
The critical path consists of the following:
	bus response operation ('empty_43', conv.cpp:100) on port 'mem1' (conv.cpp:100) [751]  (7.3 ns)

 <State 121>: 7.3ns
The critical path consists of the following:
	bus response operation ('empty_43', conv.cpp:100) on port 'mem1' (conv.cpp:100) [751]  (7.3 ns)

 <State 122>: 7.3ns
The critical path consists of the following:
	bus response operation ('empty_43', conv.cpp:100) on port 'mem1' (conv.cpp:100) [751]  (7.3 ns)

 <State 123>: 7.3ns
The critical path consists of the following:
	bus response operation ('empty_43', conv.cpp:100) on port 'mem1' (conv.cpp:100) [751]  (7.3 ns)

 <State 124>: 7.3ns
The critical path consists of the following:
	bus response operation ('empty_43', conv.cpp:100) on port 'mem1' (conv.cpp:100) [751]  (7.3 ns)

 <State 125>: 7.3ns
The critical path consists of the following:
	bus response operation ('empty_43', conv.cpp:100) on port 'mem1' (conv.cpp:100) [751]  (7.3 ns)

 <State 126>: 7.3ns
The critical path consists of the following:
	bus response operation ('empty_43', conv.cpp:100) on port 'mem1' (conv.cpp:100) [751]  (7.3 ns)

 <State 127>: 7.3ns
The critical path consists of the following:
	bus response operation ('empty_43', conv.cpp:100) on port 'mem1' (conv.cpp:100) [751]  (7.3 ns)

 <State 128>: 7.3ns
The critical path consists of the following:
	bus response operation ('empty_43', conv.cpp:100) on port 'mem1' (conv.cpp:100) [751]  (7.3 ns)

 <State 129>: 7.3ns
The critical path consists of the following:
	bus response operation ('empty_43', conv.cpp:100) on port 'mem1' (conv.cpp:100) [751]  (7.3 ns)

 <State 130>: 7.3ns
The critical path consists of the following:
	bus response operation ('empty_43', conv.cpp:100) on port 'mem1' (conv.cpp:100) [751]  (7.3 ns)

 <State 131>: 7.3ns
The critical path consists of the following:
	bus response operation ('empty_43', conv.cpp:100) on port 'mem1' (conv.cpp:100) [751]  (7.3 ns)

 <State 132>: 7.3ns
The critical path consists of the following:
	bus response operation ('empty_43', conv.cpp:100) on port 'mem1' (conv.cpp:100) [751]  (7.3 ns)

 <State 133>: 7.3ns
The critical path consists of the following:
	bus response operation ('empty_43', conv.cpp:100) on port 'mem1' (conv.cpp:100) [751]  (7.3 ns)

 <State 134>: 7.3ns
The critical path consists of the following:
	bus response operation ('empty_43', conv.cpp:100) on port 'mem1' (conv.cpp:100) [751]  (7.3 ns)

 <State 135>: 7.3ns
The critical path consists of the following:
	bus response operation ('empty_43', conv.cpp:100) on port 'mem1' (conv.cpp:100) [751]  (7.3 ns)

 <State 136>: 7.3ns
The critical path consists of the following:
	bus response operation ('empty_43', conv.cpp:100) on port 'mem1' (conv.cpp:100) [751]  (7.3 ns)

 <State 137>: 7.3ns
The critical path consists of the following:
	bus response operation ('empty_43', conv.cpp:100) on port 'mem1' (conv.cpp:100) [751]  (7.3 ns)

 <State 138>: 7.3ns
The critical path consists of the following:
	bus response operation ('empty_43', conv.cpp:100) on port 'mem1' (conv.cpp:100) [751]  (7.3 ns)

 <State 139>: 7.3ns
The critical path consists of the following:
	bus response operation ('empty_43', conv.cpp:100) on port 'mem1' (conv.cpp:100) [751]  (7.3 ns)

 <State 140>: 7.3ns
The critical path consists of the following:
	bus response operation ('empty_43', conv.cpp:100) on port 'mem1' (conv.cpp:100) [751]  (7.3 ns)

 <State 141>: 7.3ns
The critical path consists of the following:
	bus response operation ('empty_43', conv.cpp:100) on port 'mem1' (conv.cpp:100) [751]  (7.3 ns)

 <State 142>: 7.3ns
The critical path consists of the following:
	bus response operation ('empty_43', conv.cpp:100) on port 'mem1' (conv.cpp:100) [751]  (7.3 ns)

 <State 143>: 7.3ns
The critical path consists of the following:
	bus response operation ('empty_43', conv.cpp:100) on port 'mem1' (conv.cpp:100) [751]  (7.3 ns)

 <State 144>: 7.3ns
The critical path consists of the following:
	bus response operation ('empty_43', conv.cpp:100) on port 'mem1' (conv.cpp:100) [751]  (7.3 ns)

 <State 145>: 7.3ns
The critical path consists of the following:
	bus response operation ('empty_43', conv.cpp:100) on port 'mem1' (conv.cpp:100) [751]  (7.3 ns)

 <State 146>: 7.3ns
The critical path consists of the following:
	bus response operation ('empty_43', conv.cpp:100) on port 'mem1' (conv.cpp:100) [751]  (7.3 ns)

 <State 147>: 7.3ns
The critical path consists of the following:
	bus response operation ('empty_43', conv.cpp:100) on port 'mem1' (conv.cpp:100) [751]  (7.3 ns)

 <State 148>: 7.3ns
The critical path consists of the following:
	bus response operation ('empty_43', conv.cpp:100) on port 'mem1' (conv.cpp:100) [751]  (7.3 ns)

 <State 149>: 7.3ns
The critical path consists of the following:
	bus response operation ('empty_43', conv.cpp:100) on port 'mem1' (conv.cpp:100) [751]  (7.3 ns)

 <State 150>: 7.3ns
The critical path consists of the following:
	bus response operation ('empty_43', conv.cpp:100) on port 'mem1' (conv.cpp:100) [751]  (7.3 ns)

 <State 151>: 7.3ns
The critical path consists of the following:
	bus response operation ('empty_43', conv.cpp:100) on port 'mem1' (conv.cpp:100) [751]  (7.3 ns)


============================================================
+ Verbose Summary: Binding
============================================================
N/A
* FSMD analyzer results:
  - Output states:
 - Input state : 
  - Chain level:
	State 1
	State 2
	State 3
	State 4
	State 5
	State 6
	State 7
	State 8
	State 9
	State 10
	State 11
	State 12
	State 13
	State 14
	State 15
	State 16
	State 17
	State 18
	State 19
	State 20
	State 21
	State 22
	State 23
	State 24
	State 25
	State 26
	State 27
	State 28
	State 29
	State 30
	State 31
	State 32
	State 33
	State 34
	State 35
	State 36
	State 37
	State 38
	State 39
	State 40
	State 41
	State 42
	State 43
	State 44
	State 45
	State 46
	State 47
	State 48
	State 49
	State 50
	State 51
	State 52
	State 53
	State 54
	State 55
	State 56
	State 57
	State 58
	State 59
	State 60
	State 61
	State 62
	State 63
	State 64
	State 65
	State 66
	State 67
	State 68
	State 69
	State 70
	State 71
	State 72
	State 73
	State 74
	State 75
	State 76
	State 77
	State 78
	State 79
	State 80
	State 81
	State 82
	State 83
	State 84
	State 85
	State 86
	State 87
	State 88
	State 89
	State 90
	State 91
	State 92
	State 93
	State 94
	State 95
	State 96
	State 97
	State 98
	State 99
	State 100
	State 101
	State 102
	State 103
	State 104
	State 105
	State 106
	State 107
	State 108
	State 109
	State 110
	State 111
	State 112
	State 113
	State 114
	State 115
	State 116
	State 117
	State 118
	State 119
	State 120
	State 121
	State 122
	State 123
	State 124
	State 125
	State 126
	State 127
	State 128
	State 129
	State 130
	State 131
	State 132
	State 133
	State 134
	State 135
	State 136
	State 137
	State 138
	State 139
	State 140
	State 141
	State 142
	State 143
	State 144
	State 145
	State 146
	State 147
	State 148
	State 149
	State 150
	State 151


============================================================
+ Verbose Summary: Datapath Resource usage 
============================================================
N/A
